20261001	4291318	cmp-a001-02-000000010764328	grp-a001-02-000000069047580	생식	nad-a001-02-000000541753997	bsn-a001-00-000000013604308	17	03	424040	M	1	0	0	1	0
20261001	4291318	cmp-a001-02-000000010764328	grp-a001-02-000000069047580	프로틴	nad-a001-02-000000553654562	bsn-a001-00-000000013604308	23	02	8753	M	1	0	0	2	0
20261001	4291318	cmp-a001-02-000000010764328	grp-a001-02-000000069047580	식물성단백질	nad-a001-02-000000553654562	bsn-a001-00-000000013604308	12	99	529514	M	4	0	0	4	0
20261001	4291318	cmp-a001-02-000000010764328	grp-a001-02-000000069047580	칼로리바	nad-a001-02-000000553654554	bsn-a001-00-000000013604308	12	01	8753	M	1	0	0	1	0
20261001	4291318	cmp-a001-02-000000010764328	grp-a001-02-000000069047580	프로틴	nad-a001-02-000000553654562	bsn-a001-00-000000013604308	12	99	768323	M	8	0	0	8	0
20261001	4291318	cmp-a001-02-000000010764328	grp-a001-02-000000069047580	에너지바	nad-a001-02-000000553654558	bsn-a001-00-000000013604308	12	08	8753	M	1	0	0	4	0
20261001	4291318	cmp-a001-02-000000010764328	grp-a001-02-000000069047580	단백질쉐이크	nad-a001-02-000000553654562	bsn-a001-00-000000013604308	12	04	529514	M	14	0	0	14	0
20261001	4291318	cmp-a001-02-000000010764328	grp-a001-02-000000069047580	식사대용	nad-a001-02-000000553654562	bsn-a001-00-000000013604308	12	02	684927	P	1	0	0	8	0
20261001	4291318	cmp-a001-02-000000010764328	grp-a001-02-000000069047580	프로틴바	nad-a001-02-000000553654559	bsn-a001-00-000000013604308	12	18	529514	M	2	0	0	6	0
20261001	4291318	cmp-a001-02-000000010764328	grp-a001-02-000000069047580	프로틴파우더	nad-a001-02-000000553654562	bsn-a001-00-000000013604308	12	09	8753	M	1	0	0	7	0
20261001	4291318	cmp-a001-02-000000010764328	grp-a001-02-000000069047580	프로틴바	nad-a001-02-000000553654559	bsn-a001-00-000000013604308	12	09	98128	M	2	0	0	10	0
20261001	4291318	cmp-a001-02-000000010764328	grp-a001-02-000000069047580	단백질쉐이크	nad-a001-02-000000553654562	bsn-a001-00-000000013604308	12	01	11068	P	2	0	0	16	0
20261001	4291318	cmp-a001-02-000000010764328	grp-a001-02-000000069047580	추석과자칼로리	nad-a001-02-000000553654558	bsn-a001-00-000000013604308	12	02	27758	P	1	0	0	2	0
20261001	4291318	cmp-a001-02-000000010764328	grp-a001-02-000000069047580	황성주생식	nad-a001-02-000000541754004	bsn-a001-00-000000013604308	12	14	8753	M	2	0	0	4	0
20261001	4291318	cmp-a001-02-000000010764328	grp-a001-02-000000069047580	단백질	nad-a001-02-000000553654562	bsn-a001-00-000000013604308	12	02	8753	M	3	0	0	5	0
20261001	4291318	cmp-a001-02-000000010764328	grp-a001-02-000000069047580	사랑님	nad-a001-02-000000553654558	bsn-a001-00-000000013604308	12	99	529514	M	2	0	0	5	0
20261001	4291318	cmp-a001-02-000000010764328	grp-a001-02-000000069047580	도토리가루판매방법	nad-a001-02-000000541753997	bsn-a001-00-000000013604308	12	02	8753	M	1	0	0	1	0
20261001	4291318	cmp-a001-02-000000010764328	grp-a001-02-000000069047580	생식가루	nad-a001-02-000000541753997	bsn-a001-00-000000013604308	12	02	27758	P	1	0	0	4	0
20261001	4291318	cmp-a001-02-000000010764328	grp-a001-02-000000069047580	다이어트쉐이크	nad-a001-02-000000553654562	bsn-a001-00-000000013604308	12	00	768323	M	1	0	0	4	0
20261001	4291318	cmp-a001-02-000000010764328	grp-a001-02-000000069047580	다이어트쉐이크	nad-a001-02-000000553654562	bsn-a001-00-000000013604308	12	09	529514	M	7	0	0	7	0
20261001	4291318	cmp-a001-02-000000010764328	grp-a001-02-000000069047580	프로틴바단백질	nad-a001-02-000000553654554	bsn-a001-00-000000013604308	12	09	98128	M	2	0	0	2	0
20261001	4291318	cmp-a001-02-000000010764328	grp-a001-02-000000069047580	단백질	nad-a001-02-000000553654562	bsn-a001-00-000000013604308	12	13	529514	M	9	0	0	9	0
20261001	4291318	cmp-a001-02-000000010764328	grp-a001-02-000000069047580	단백질보충제추천	nad-a001-02-000000553654562	bsn-a001-00-000000013604308	12	01	8753	M	1	0	0	4	0
20261001	4291318	cmp-a001-02-000000010764328	grp-a001-02-000000069047580	프로틴	nad-a001-02-000000553654562	bsn-a001-00-000000013604308	12	07	8753	M	1	0	0	5	0
20261001	4291318	cmp-a001-02-000000010764328	grp-a001-02-000000069047580	황성주생식변	nad-a001-02-000000541753997	bsn-a001-00-000000013604308	12	14	8753	M	1	0	0	1	0
20261001	4291318	cmp-a001-02-000000010764328	grp-a001-02-000000069047580	프로틴	nad-a001-02-000000553654562	bsn-a001-00-000000013604308	12	99	137281	M	1	0	0	1	0
20261001	4291318	cmp-a001-02-000000010764328	grp-a001-02-000000069047580	프로틴바	nad-a001-02-000000553654558	bsn-a001-00-000000013604308	12	09	98128	M	2	0	0	4	0
20261001	4291318	cmp-a001-02-000000010764328	grp-a001-02-000000069047580	프로틴	nad-a001-02-000000553654562	bsn-a001-00-000000013604308	12	02	137281	M	20	0	0	20	0
20261001	4291318	cmp-a001-02-000000010764328	grp-a001-02-000000069047580	단백질	nad-a001-02-000000553654562	bsn-a001-00-000000013604308	12	06	684926	M	4	0	0	32	0
20261001	4291318	cmp-a001-02-000000010764328	grp-a001-02-000000069047580	단백질바	nad-a001-02-000000553654558	bsn-a001-00-000000013604308	12	02	33421	M	7	0	0	36	0
20261001	4291318	cmp-a001-02-000000010764328	grp-a001-02-000000069047580	프로틴	nad-a001-02-000000553654562	bsn-a001-00-000000013604308	12	11	8753	M	1	0	0	2	0
20261001	4291318	cmp-a001-02-000000010764328	grp-a001-02-000000069047580	장수촌진편가루	nad-a001-02-000000541753996	bsn-a001-00-000000013604308	12	09	8753	M	1	0	0	5	0
20261001	4291318	cmp-a001-02-000000010764328	grp-a001-02-000000069047580	단백질쉐이크	nad-a001-02-000000553654562	bsn-a001-00-000000013604308	12	99	98128	M	8	0	0	8	0
20261001	4291318	cmp-a001-02-000000010764328	grp-a001-02-000000069047580	영양	nad-a001-02-000000541753965	bsn-a001-00-000000013604308	12	02	609155	M	1	0	0	3	0
20261001	4291318	cmp-a001-02-000000010764328	grp-a001-02-000000069047580	단백질쉐이크	nad-a001-02-000000553654562	bsn-a001-00-000000013604308	12	02	684925	P	2	0	0	2	0
20261001	4291318	cmp-a001-02-000000010764328	grp-a001-02-000000069047580	프로틴바단백질	nad-a001-02-000000553654559	bsn-a001-00-000000013604308	12	09	98128	M	1	0	0	5	0
20261001	4291318	cmp-a001-02-000000010764328	grp-a001-02-000000069047580	에너지바	nad-a001-02-000000553654554	bsn-a001-00-000000013604308	12	08	8753	M	1	0	0	1	0
20261001	4291318	cmp-a001-02-000000010764328	grp-a001-02-000000069047580	프로틴	nad-a001-02-000000553654562	bsn-a001-00-000000013604308	12	99	8753	M	1	0	0	3	0
20261001	4291318	cmp-a001-02-000000010764328	grp-a001-02-000000069047580	사랑이	nad-a001-02-000000553654558	bsn-a001-00-000000013604308	12	02	529514	M	2	0	0	5	0
20261001	4291318	cmp-a001-02-000000010764328	grp-a001-02-000000069047580	프로틴	nad-a001-02-000000553654562	bsn-a001-00-000000013604308	12	02	768323	M	19	0	0	26	0
20261001	4291318	cmp-a001-02-000000010764328	grp-a001-02-000000069047580	단백질바	nad-a001-02-000000553654559	bsn-a001-00-000000013604308	12	09	529514	M	2	0	0	12	0
20261001	4291318	cmp-a001-02-000000010764328	grp-a001-02-000000069047580	황성주생식변	nad-a001-02-000000541753988	bsn-a001-00-000000013604308	12	14	8753	M	1	0	0	5	0
20261001	4291318	cmp-a001-02-000000010764328	grp-a001-02-000000069047580	식품간식	nad-a001-02-000000553654558	bsn-a001-00-000000013604308	12	99	98128	M	1	0	0	2	0
20261001	4291318	cmp-a001-02-000000010764328	grp-a001-02-000000069047580	단백질바	nad-a001-02-000000553654558	bsn-a001-00-000000013604308	12	03	33421	M	1	0	0	2	0
20261001	4291318	cmp-a001-02-000000010764328	grp-a001-02-000000069047580	사탕젤리	nad-a001-02-000000541753985	bsn-a001-00-000000013604308	12	02	87620	M	1	0	0	3	0
20261001	4291318	cmp-a001-02-000000010764328	grp-a001-02-000000069047580	단백질쉐이크	nad-a001-02-000000553654562	bsn-a001-00-000000013604308	12	10	529514	M	4	0	0	4	0
20261001	4291318	cmp-a001-02-000000010764328	grp-a001-02-000000069047580	프로틴추천	nad-a001-02-000000553654562	bsn-a001-00-000000013604308	12	06	27758	P	1	0	0	4	0
20261001	4291318	cmp-a001-02-000000010764328	grp-a001-02-000000069047580	프로틴바	nad-a001-02-000000553654554	bsn-a001-00-000000013604308	12	02	33421	M	1	0	0	4	0
20261001	4291318	cmp-a001-02-000000010764328	grp-a001-02-000000069047580	사랑하라	nad-a001-02-000000553654554	bsn-a001-00-000000013604308	12	00	248824	P	1	0	0	1	0
20261001	4291318	cmp-a001-02-000000010764328	grp-a001-02-000000069047580	프로틴	nad-a001-02-000000553654562	bsn-a001-00-000000013604308	12	03	8753	M	1	0	0	4	0
20261001	4291318	cmp-a001-02-000000010764328	grp-a001-02-000000069047580	씽크신프로틴바	nad-a001-02-000000553654554	bsn-a001-00-000000013604308	12	09	27758	P	1	0	0	3	0
20261001	4291318	cmp-a001-02-000000010764328	grp-a001-02-000000069047580	단백질쉐이크	nad-a001-02-000000553654562	bsn-a001-00-000000013604308	12	09	335738	P	1	0	0	5	0
20261001	4291318	cmp-a001-02-000000010764328	grp-a001-02-000000069047580	프로틴바	nad-a001-02-000000553654558	bsn-a001-00-000000013604308	12	18	529514	M	2	0	0	3	0
20261001	4291318	cmp-a001-02-000000010764328	grp-a001-02-000000069047580	스토어	nad-a001-02-000000541753997	bsn-a001-00-000000013604308	12	08	98128	M	2	0	0	2	0
20261001	4291318	cmp-a001-02-000000010764328	grp-a001-02-000000069047580	사탕젤리	nad-a001-02-000000541753985	bsn-a001-00-000000013604308	12	10	23123	P	1	0	0	1	0
20261001	4291318	cmp-a001-02-000000010764328	grp-a001-02-000000069047580	단백질쉐이크	nad-a001-02-000000553654562	bsn-a001-00-000000013604308	12	03	529514	M	13	0	0	13	0
20261001	4291318	cmp-a001-02-000000010764328	grp-a001-02-000000069047580	단백질쉐이크	nad-a001-02-000000553654562	bsn-a001-00-000000013604308	12	15	684925	P	1	0	0	1	0
20261001	4291318	cmp-a001-02-000000010764328	grp-a001-02-000000069047580	다이어트쉐이크	nad-a001-02-000000553654562	bsn-a001-00-000000013604308	12	99	529514	M	2	0	0	2	0
20261001	4291318	cmp-a001-02-000000010764328	grp-a001-02-000000069047580	칼로리바	nad-a001-02-000000553654554	bsn-a001-00-000000013604308	12	01	684924	M	1	0	0	1	0
20261001	4291318	cmp-a001-02-000000010764328	grp-a001-02-000000069047580	단백질보충제	nad-a001-02-000000553654562	bsn-a001-00-000000013604308	12	03	87620	M	1	0	0	2	0
20261001	4291318	cmp-a001-02-000000010764328	grp-a001-02-000000069047580	에너지바	nad-a001-02-000000553654558	bsn-a001-00-000000013604308	12	02	8753	M	1	0	0	3	0
20261001	4291318	cmp-a001-02-000000010764328	grp-a001-02-000000069047580	단백질바	nad-a001-02-000000553654558	bsn-a001-00-000000013604308	12	15	33421	M	1	0	0	2	0
20261001	4291318	cmp-a001-02-000000010764328	grp-a001-02-000000069047580	프로틴	nad-a001-02-000000553654562	bsn-a001-00-000000013604308	12	11	768323	M	3	0	0	5	0
20261001	4291318	cmp-a001-02-000000010764328	grp-a001-02-000000069047580	단백질바	nad-a001-02-000000553654554	bsn-a001-00-000000013604308	12	08	8753	M	1	0	0	1	0
20261001	4291318	cmp-a001-02-000000010764328	grp-a001-02-000000069047580	젤리	nad-a001-02-000000541753985	bsn-a001-00-000000013604308	12	13	684926	M	2	0	0	24	0
20261001	4291318	cmp-a001-02-000000010764328	grp-a001-02-000000069047580	단백질보충제	nad-a001-02-000000553654562	bsn-a001-00-000000013604308	12	99	529514	M	2	0	0	2	0
20261001	4291318	cmp-a001-02-000000010764328	grp-a001-02-000000069047580	황성주생식	nad-a001-02-000000541754004	bsn-a001-00-000000013604308	12	02	370822	P	1	0	0	1	0
20261001	4291318	cmp-a001-02-000000010764328	grp-a001-02-000000069047580	프로틴	nad-a001-02-000000553654562	bsn-a001-00-000000013604308	12	02	529514	M	12	0	0	16	0
20261001	4291318	cmp-a001-02-000000010764328	grp-a001-02-000000069047580	칼로리바	nad-a001-02-000000553654558	bsn-a001-00-000000013604308	12	01	8753	M	1	0	0	2	0
20261001	4291318	cmp-a001-02-000000010764328	grp-a001-02-000000069047580	프로틴	nad-a001-02-000000553654562	bsn-a001-00-000000013604308	12	11	529514	M	6	0	0	8	0
20261001	4291318	cmp-a001-02-000000010764328	grp-a001-02-000000069047580	단백질간식	nad-a001-02-000000553654554	bsn-a001-00-000000013604308	12	09	8753	M	1	0	0	1	0
20261001	4291318	cmp-a001-02-000000010764328	grp-a001-02-000000069047580	단백질	nad-a001-02-000000553654562	bsn-a001-00-000000013604308	12	02	137281	M	1	0	0	1	0
20261001	4291318	cmp-a001-02-000000010764328	grp-a001-02-000000069047580	젤리	nad-a001-02-000000541753985	bsn-a001-00-000000013604308	12	01	11068	P	1	0	0	2	0
20261001	4291318	cmp-a001-02-000000010764328	grp-a001-02-000000069047580	스토어	nad-a001-02-000000541753997	bsn-a001-00-000000013604308	12	09	98128	M	4	0	0	4	0
20261001	4291318	cmp-a001-02-000000010764328	grp-a001-02-000000069047580	황성주생식	nad-a001-02-000000541754005	bsn-a001-00-000000013604308	12	03	684926	M	2	0	0	12	0
20261001	4291318	cmp-a001-02-000000010764328	grp-a001-02-000000069047580	단백질바	nad-a001-02-000000553654558	bsn-a001-00-000000013604308	12	08	8753	M	1	1	2574	5	0
20261001	4291318	cmp-a001-02-000000010764328	grp-a001-02-000000069047580	다이어트쉐이크	nad-a001-02-000000553654562	bsn-a001-00-000000013604308	12	08	768323	M	3	0	0	8	0
20261001	4291318	cmp-a001-02-000000010764328	grp-a001-02-000000069047580	프로틴	nad-a001-02-000000553654562	bsn-a001-00-000000013604308	12	15	768323	M	2	0	0	2	0
20261001	4291318	cmp-a001-02-000000010764328	grp-a001-02-000000069047580	단백질보충제	nad-a001-02-000000553654562	bsn-a001-00-000000013604308	12	11	529514	M	4	0	0	4	0
20261001	4291318	cmp-a001-02-000000010764328	grp-a001-02-000000069047580	단백질보충제	nad-a001-02-000000553654562	bsn-a001-00-000000013604308	12	08	87620	M	1	0	0	2	0
20261001	4291318	cmp-a001-02-000000010764328	grp-a001-02-000000069047580	프로틴단백질	nad-a001-02-000000553654562	bsn-a001-00-000000013604308	12	11	8753	M	1	0	0	3	0
20261001	4291318	cmp-a001-02-000000010764328	grp-a001-02-000000069047580	단백질쉐이크	nad-a001-02-000000553654562	bsn-a001-00-000000013604308	12	09	529514	M	28	0	0	28	0
20261001	4291318	cmp-a001-02-000000010764328	grp-a001-02-000000069047580	다이어트쉐이크	nad-a001-02-000000553654562	bsn-a001-00-000000013604308	12	15	768323	M	3	0	0	7	0
20261001	4291318	cmp-a001-02-000000010764328	grp-a001-02-000000069047580	황성주생식	nad-a001-02-000000541754004	bsn-a001-00-000000013604308	12	02	27758	P	1	0	0	1	0
20261001	4291318	cmp-a001-02-000000010764328	grp-a001-02-000000069047580	다이어트쉐이크	nad-a001-02-000000553654562	bsn-a001-00-000000013604308	12	11	768323	M	1	0	0	4	0
20261001	4291318	cmp-a001-02-000000010764328	grp-a001-02-000000069047580	단백질보충제	nad-a001-02-000000553654562	bsn-a001-00-000000013604308	12	04	529514	M	5	0	0	5	0
20261001	4291318	cmp-a001-02-000000010764328	grp-a001-02-000000069047580	분말	nad-a001-02-000000541754004	bsn-a001-00-000000013604308	12	15	335738	P	1	0	0	4	0
20261001	4291318	cmp-a001-02-000000010764328	grp-a001-02-000000069047580	황성주생식	nad-a001-02-000000541753997	bsn-a001-00-000000013604308	12	03	684926	M	2	0	0	6	0
20261001	4291318	cmp-a001-02-000000010764328	grp-a001-02-000000069047580	프로틴	nad-a001-02-000000553654562	bsn-a001-00-000000013604308	12	01	137281	M	2	0	0	2	0
20261001	4291318	cmp-a001-02-000000010764328	grp-a001-02-000000069047580	단백질바	nad-a001-02-000000553654554	bsn-a001-00-000000013604308	12	11	33421	M	1	0	0	1	0
20261001	4291318	cmp-a001-02-000000010764328	grp-a001-02-000000069047580	다이어트쉐이크	nad-a001-02-000000553654562	bsn-a001-00-000000013604308	12	09	768323	M	4	0	0	16	0
20261001	4291318	cmp-a001-02-000000010764328	grp-a001-02-000000069047580	프로틴	nad-a001-02-000000553654562	bsn-a001-00-000000013604308	12	04	768323	M	4	0	0	4	0
20261001	4291318	cmp-a001-02-000000010764328	grp-a001-02-000000069047580	프로틴	nad-a001-02-000000553654562	bsn-a001-00-000000013604308	12	02	684927	P	2	0	0	2	0
20261001	4291318	cmp-a001-02-000000010764328	grp-a001-02-000000069047580	프로틴바	nad-a001-02-000000553654558	bsn-a001-00-000000013604308	12	02	33421	M	1	0	0	6	0
20261001	4291318	cmp-a001-02-000000010764328	grp-a001-02-000000069047580	젤리	nad-a001-02-000000541753985	bsn-a001-00-000000013604308	12	02	8753	M	1	0	0	4	0
20261001	4291318	cmp-a001-02-000000010764328	grp-a001-02-000000069047580	단백질쉐이크	nad-a001-02-000000553654562	bsn-a001-00-000000013604308	12	08	8753	M	1	0	0	6	0
20261001	4291318	cmp-a001-02-000000010764328	grp-a001-02-000000069047580	단백질바	nad-a001-02-000000553654558	bsn-a001-00-000000013604308	12	09	529514	M	3	0	0	6	0
20261001	4291318	cmp-a001-02-000000010764328	grp-a001-02-000000069047580	단백질쉐이크	nad-a001-02-000000553654562	bsn-a001-00-000000013604308	12	11	8753	M	1	0	0	1	0
20261001	4291318	cmp-a001-02-000000010764328	grp-a001-02-000000069047580	젤리	nad-a001-02-000000541753985	bsn-a001-00-000000013604308	12	01	27758	P	1	0	0	4	0
20261001	4291318	cmp-a001-02-000000010764328	grp-a001-02-000000069047580	장수촌진편가루	nad-a001-02-000000541754004	bsn-a001-00-000000013604308	12	09	8753	M	1	0	0	2	0
20261001	4291318	cmp-a001-02-000000010764328	grp-a001-02-000000069047580	단백질쉐이크	nad-a001-02-000000553654562	bsn-a001-00-000000013604308	12	01	8753	M	1	0	0	5	0
20261001	4291318	cmp-a001-02-000000010764328	grp-a001-02-000000069047580	제리	nad-a001-02-000000541753985	bsn-a001-00-000000013604308	12	09	8753	M	2	0	0	12	0
20261001	4291318	cmp-a001-02-000000010764328	grp-a001-02-000000069047580	젤리	nad-a001-02-000000541753985	bsn-a001-00-000000013604308	12	99	768323	M	3	0	0	3	0
20261001	4291318	cmp-a001-02-000000010764328	grp-a001-02-000000069047580	사랑님	nad-a001-02-000000553654554	bsn-a001-00-000000013604308	12	99	529514	M	2	0	0	5	0
20261001	4291318	cmp-a001-02-000000010764328	grp-a001-02-000000069047580	다이어트쉐이크	nad-a001-02-000000553654562	bsn-a001-00-000000013604308	12	99	768323	M	5	0	0	20	0
20261001	4291318	cmp-a001-02-000000010764328	grp-a001-02-000000069047580	도토리가루판매방법	nad-a001-02-000000541754004	bsn-a001-00-000000013604308	12	02	8753	M	1	0	0	4	0
20261001	4291318	cmp-a001-02-000000010764328	grp-a001-02-000000069047580	허박사생식	nad-a001-02-000000541753996	bsn-a001-00-000000013604308	12	14	8753	M	1	0	0	4	0
20261001	4291318	cmp-a001-02-000000010764328	grp-a001-02-000000069047580	프로틴추천	nad-a001-02-000000553654562	bsn-a001-00-000000013604308	12	09	684925	P	1	0	0	1	0
20261001	4291318	cmp-a001-02-000000010764328	grp-a001-02-000000069047580	황성주생식변	nad-a001-02-000000541754005	bsn-a001-00-000000013604308	12	14	8753	M	1	0	0	4	0
20261001	4291318	cmp-a001-02-000000010764328	grp-a001-02-000000069047580	다이어트쉐이크	nad-a001-02-000000553654562	bsn-a001-00-000000013604308	12	02	768323	M	8	0	0	28	0
20261001	4291318	cmp-a001-02-000000010764328	grp-a001-02-000000069047580	단백질	nad-a001-02-000000553654562	bsn-a001-00-000000013604308	12	09	529514	M	29	0	0	29	0
20261001	4291318	cmp-a001-02-000000010764328	grp-a001-02-000000069047580	프로틴	nad-a001-02-000000553654562	bsn-a001-00-000000013604308	12	09	8753	M	3	0	0	9	0
20261001	4291318	cmp-a001-02-000000010764328	grp-a001-02-000000069047580	젤리	nad-a001-02-000000541753985	bsn-a001-00-000000013604308	12	16	529514	M	2	0	0	2	0
20261001	4291318	cmp-a001-02-000000010764328	grp-a001-02-000000069047580	프로틴	nad-a001-02-000000553654562	bsn-a001-00-000000013604308	12	08	529514	M	4	0	0	4	0
20261001	4291318	cmp-a001-02-000000010764328	grp-a001-02-000000069047580	분리대두단백질뜻	nad-a001-02-000000553654562	bsn-a001-00-000000013604308	12	09	27758	P	1	0	0	2	0
20261001	4291318	cmp-a001-02-000000010764328	grp-a001-02-000000069047580	단백질바	nad-a001-02-000000553654554	bsn-a001-00-000000013604308	12	09	33421	M	1	0	0	1	0
20261001	4291318	cmp-a001-02-000000010764328	grp-a001-02-000000069047580	프로틴	nad-a001-02-000000553654562	bsn-a001-00-000000013604308	12	09	684927	P	2	0	0	2	0
20261001	4291318	cmp-a001-02-000000010764328	grp-a001-02-000000069047580	다이어트쉐이크	nad-a001-02-000000553654562	bsn-a001-00-000000013604308	12	04	768323	M	1	0	0	2	0
20261001	4291318	cmp-a001-02-000000010764328	grp-a001-02-000000069047580	허박사생식	nad-a001-02-000000541754005	bsn-a001-00-000000013604308	12	14	8753	M	1	0	0	3	0
20261001	4291318	cmp-a001-02-000000010764328	grp-a001-02-000000069047580	과자중량	nad-a001-02-000000553654558	bsn-a001-00-000000013604308	12	18	8753	M	1	0	0	5	0
20261001	4291318	cmp-a001-02-000000010764328	grp-a001-02-000000069047580	황성주생식	nad-a001-02-000000541753996	bsn-a001-00-000000013604308	12	03	684926	M	2	0	0	10	0
20261001	4291318	cmp-a001-02-000000010764328	grp-a001-02-000000069047580	단백질	nad-a001-02-000000553654562	bsn-a001-00-000000013604308	12	18	684927	P	1	0	0	6	0
20261001	4291318	cmp-a001-02-000000010764328	grp-a001-02-000000069047580	단백질쉐이크	nad-a001-02-000000553654562	bsn-a001-00-000000013604308	12	04	11068	P	1	0	0	1	0
20261001	4291318	cmp-a001-02-000000010764328	grp-a001-02-000000069047580	균형영양식	nad-a001-02-000000541753965	bsn-a001-00-000000013604308	12	08	87620	M	1	0	0	2	0
20261001	4291318	cmp-a001-02-000000010764328	grp-a001-02-000000069047580	프로틴	nad-a001-02-000000553654562	bsn-a001-00-000000013604308	12	06	529514	M	1	0	0	1	0
20261001	4291318	cmp-a001-02-000000010764328	grp-a001-02-000000069047580	단백질쉐이크	nad-a001-02-000000553654562	bsn-a001-00-000000013604308	12	02	11068	P	2	0	0	18	0
20261001	4291318	cmp-a001-02-000000010764328	grp-a001-02-000000069047580	보충제	nad-a001-02-000000553654562	bsn-a001-00-000000013604308	12	09	8753	M	1	0	0	4	0
20261001	4291318	cmp-a001-02-000000010764328	grp-a001-02-000000069047580	ISP단백질	nad-a001-02-000000553654562	bsn-a001-00-000000013604308	12	02	684925	P	1	0	0	1	0
20261001	4291318	cmp-a001-02-000000010764328	grp-a001-02-000000069047580	단백질간식	nad-a001-02-000000553654558	bsn-a001-00-000000013604308	12	09	8753	M	1	0	0	5	0
20261001	4291318	cmp-a001-02-000000010764328	grp-a001-02-000000069047580	프로틴	nad-a001-02-000000553654562	bsn-a001-00-000000013604308	12	02	8753	M	2	0	0	10	0
20261001	4291318	cmp-a001-02-000000010764328	grp-a001-02-000000069047580	프로틴	nad-a001-02-000000553654562	bsn-a001-00-000000013604308	12	09	27758	P	1	0	0	1	0
20261001	4291318	cmp-a001-02-000000010764328	grp-a001-02-000000069047580	프로틴바단백질	nad-a001-02-000000553654558	bsn-a001-00-000000013604308	12	09	98128	M	1	0	0	2	0
20261001	4291318	cmp-a001-02-000000010764328	grp-a001-02-000000069047580	황성주생식변	nad-a001-02-000000541753996	bsn-a001-00-000000013604308	12	14	8753	M	1	0	0	3	0
20261001	4291318	cmp-a001-02-000000010764328	grp-a001-02-000000069047580	단백질보충제추천	nad-a001-02-000000553654562	bsn-a001-00-000000013604308	12	11	8753	M	1	0	0	4	0
20261001	4291318	cmp-a001-02-000000010764328	grp-a001-02-000000069047580	칼로리바	nad-a001-02-000000553654559	bsn-a001-00-000000013604308	12	01	8753	M	1	0	0	3	0
20261001	4291318	cmp-a001-02-000000010764328	grp-a001-02-000000069047580	황성주생식	nad-a001-02-000000541754004	bsn-a001-00-000000013604308	12	02	684925	P	2	0	0	2	0
20261001	4291318	cmp-a001-02-000000010764328	grp-a001-02-000000069047580	단백질쉐이크	nad-a001-02-000000553654562	bsn-a001-00-000000013604308	12	04	27758	P	1	0	0	2	0
20261001	4291318	cmp-a001-02-000000010764328	grp-a001-02-000000069047580	단백질에너지바	nad-a001-02-000000553654554	bsn-a001-00-000000013604308	12	08	684925	P	1	0	0	1	0
20261001	4291318	cmp-a001-02-000000010764328	grp-a001-02-000000069047580	허박사생식	nad-a001-02-000000541754004	bsn-a001-00-000000013604308	12	14	8753	M	1	0	0	2	0
20261001	4291318	cmp-a001-02-000000010764328	grp-a001-02-000000069047580	치플레크런치플레	nad-a001-02-000000553654554	bsn-a001-00-000000013604308	12	11	8753	M	1	0	0	4	0
20261001	4291318	cmp-a001-02-000000010764328	grp-a001-02-000000069047580	사랑하라	nad-a001-02-000000553654558	bsn-a001-00-000000013604308	12	00	248824	P	1	0	0	2	0
20261001	4291318	cmp-a001-02-000000010764328	grp-a001-02-000000069047580	단백질바	nad-a001-02-000000553654558	bsn-a001-00-000000013604308	12	11	33421	M	1	0	0	2	0
20261001	4291318	cmp-a001-02-000000010764328	grp-a001-02-000000069047580	프로틴바	nad-a001-02-000000553654554	bsn-a001-00-000000013604308	12	09	8753	M	1	0	0	2	0
20261001	4291318	cmp-a001-02-000000010764328	grp-a001-02-000000069047580	단백질바	nad-a001-02-000000553654554	bsn-a001-00-000000013604308	12	09	27758	P	1	0	0	2	0
20261001	4291318	cmp-a001-02-000000010764328	grp-a001-02-000000069047580	단백질쉐이크	nad-a001-02-000000553654562	bsn-a001-00-000000013604308	12	02	98128	M	15	0	0	22	0
20261001	4291318	cmp-a001-02-000000010764328	grp-a001-02-000000069047580	에너지바	nad-a001-02-000000553654554	bsn-a001-00-000000013604308	12	02	8753	M	1	0	0	1	0
20261001	4291318	cmp-a001-02-000000010764328	grp-a001-02-000000069047580	프로틴단백질	nad-a001-02-000000553654562	bsn-a001-00-000000013604308	12	10	8753	M	1	0	0	3	0
20261001	4291318	cmp-a001-02-000000010764328	grp-a001-02-000000069047580	분말	nad-a001-02-000000541754005	bsn-a001-00-000000013604308	12	15	335738	P	1	0	0	5	0
20261001	4291318	cmp-a001-02-000000010764328	grp-a001-02-000000069047580	단백질쉐이크	nad-a001-02-000000553654562	bsn-a001-00-000000013604308	12	09	8753	M	1	0	0	3	0
20261001	4291318	cmp-a001-02-000000010764328	grp-a001-02-000000069047580	단백질	nad-a001-02-000000553654562	bsn-a001-00-000000013604308	12	02	98128	M	1	0	0	1	0
20261001	4291318	cmp-a001-02-000000010764328	grp-a001-02-000000069047580	황성주생식	nad-a001-02-000000541753988	bsn-a001-00-000000013604308	12	14	8753	M	2	0	0	10	0
20261001	4291318	cmp-a001-02-000000010764328	grp-a001-02-000000069047580	다이어트쉐이크	nad-a001-02-000000553654562	bsn-a001-00-000000013604308	12	06	768323	M	3	0	0	12	0
20261001	4291318	cmp-a001-02-000000010764328	grp-a001-02-000000069047580	장수촌진편가루	nad-a001-02-000000541753997	bsn-a001-00-000000013604308	12	09	8753	M	1	0	0	1	0
20261001	4291318	cmp-a001-02-000000010764328	grp-a001-02-000000069047580	스토어	nad-a001-02-000000541753997	bsn-a001-00-000000013604308	12	02	98128	M	5	0	0	5	0
20261001	4291318	cmp-a001-02-000000010764328	grp-a001-02-000000069047580	단백질보충제	nad-a001-02-000000553654562	bsn-a001-00-000000013604308	12	09	11068	P	1	0	0	12	0
20261001	4291318	cmp-a001-02-000000010764328	grp-a001-02-000000069047580	식사대용	nad-a001-02-000000553654562	bsn-a001-00-000000013604308	12	09	11068	P	6	0	0	53	0
20261001	4291318	cmp-a001-02-000000010764328	grp-a001-02-000000069047580	단백질쉐이크	nad-a001-02-000000553654562	bsn-a001-00-000000013604308	12	99	529514	M	22	0	0	23	0
20261001	4291318	cmp-a001-02-000000010764328	grp-a001-02-000000069047580	프로틴바	nad-a001-02-000000553654558	bsn-a001-00-000000013604308	12	08	8753	M	1	0	0	6	0
20261001	4291318	cmp-a001-02-000000010764328	grp-a001-02-000000069047580	사랑	nad-a001-02-000000553654558	bsn-a001-00-000000013604308	12	09	98128	M	1	0	0	3	0
20261001	4291318	cmp-a001-02-000000010764328	grp-a001-02-000000069047580	젤리	nad-a001-02-000000541753985	bsn-a001-00-000000013604308	12	09	529514	M	7	0	0	7	0
20261001	4291318	cmp-a001-02-000000010764328	grp-a001-02-000000069047580	분말	nad-a001-02-000000541753996	bsn-a001-00-000000013604308	12	15	335738	P	1	0	0	2	0
20261001	4291318	cmp-a001-02-000000010764328	grp-a001-02-000000069047580	사랑	nad-a001-02-000000553654554	bsn-a001-00-000000013604308	12	02	98128	M	4	0	0	8	0
20261001	4291318	cmp-a001-02-000000010764328	grp-a001-02-000000069047580	다이어트브랜드	nad-a001-02-000000553654562	bsn-a001-00-000000013604308	12	18	8753	M	1	0	0	1	0
20261001	4291318	cmp-a001-02-000000010764328	grp-a001-02-000000069047580	젤리	nad-a001-02-000000541753985	bsn-a001-00-000000013604308	12	01	684925	P	1	0	0	1	0
20261001	4291318	cmp-a001-02-000000010764328	grp-a001-02-000000069047580	생식가루	nad-a001-02-000000541754005	bsn-a001-00-000000013604308	12	02	370822	P	1	0	0	1	0
20261001	4291318	cmp-a001-02-000000010764328	grp-a001-02-000000069047580	단백질쉐이크	nad-a001-02-000000553654562	bsn-a001-00-000000013604308	12	13	8753	M	1	0	0	6	0
20261001	4291318	cmp-a001-02-000000010764328	grp-a001-02-000000069047580	단백질쉐이크	nad-a001-02-000000553654562	bsn-a001-00-000000013604308	12	06	33421	M	1	0	0	13	0
20261001	4291318	cmp-a001-02-000000010764328	grp-a001-02-000000069047580	다이어트쉐이크	nad-a001-02-000000553654562	bsn-a001-00-000000013604308	12	10	768323	M	6	0	0	18	0
20261001	4291318	cmp-a001-02-000000010764328	grp-a001-02-000000069047580	쉐이크	nad-a001-02-000000553654562	bsn-a001-00-000000013604308	12	99	529514	M	4	0	0	5	0
20261001	4291318	cmp-a001-02-000000010764328	grp-a001-02-000000069047580	젤리	nad-a001-02-000000541753985	bsn-a001-00-000000013604308	12	02	768323	M	4	0	0	4	0
20261001	4291318	cmp-a001-02-000000010764328	grp-a001-02-000000069047580	곤약젤리	nad-a001-02-000000541753985	bsn-a001-00-000000013604308	12	13	341898	M	1	0	0	2	0
20261001	4291318	cmp-a001-02-000000010764328	grp-a001-02-000000069047580	단백질	nad-a001-02-000000553654562	bsn-a001-00-000000013604308	12	07	8753	M	2	0	0	4	0
20261001	4291318	cmp-a001-02-000000010764328	grp-a001-02-000000069047580	황성주생식	nad-a001-02-000000541754005	bsn-a001-00-000000013604308	12	14	8753	M	2	0	0	8	0
20261001	4291318	cmp-a001-02-000000010764328	grp-a001-02-000000069047580	황성주생식	nad-a001-02-000000541753997	bsn-a001-00-000000013604308	12	14	8753	M	2	0	0	2	0
20261001	4291318	cmp-a001-02-000000010764328	grp-a001-02-000000069047580	식품간식	nad-a001-02-000000553654554	bsn-a001-00-000000013604308	12	99	98128	M	1	0	0	1	0
20261001	4291318	cmp-a001-02-000000010764328	grp-a001-02-000000069047580	젤리	nad-a001-02-000000541753985	bsn-a001-00-000000013604308	12	00	498105	M	1	0	0	1	0
20261001	4291318	cmp-a001-02-000000010764328	grp-a001-02-000000069047580	프로틴	nad-a001-02-000000553654562	bsn-a001-00-000000013604308	12	09	684925	P	1	0	0	1	0
20261001	4291318	cmp-a001-02-000000010764328	grp-a001-02-000000069047580	프로틴바	nad-a001-02-000000553654554	bsn-a001-00-000000013604308	12	08	8753	M	1	0	0	1	0
20261001	4291318	cmp-a001-02-000000010764328	grp-a001-02-000000069047580	프로틴쉐이크	nad-a001-02-000000553654562	bsn-a001-00-000000013604308	12	99	529514	M	2	0	0	2	0
20261001	4291318	cmp-a001-02-000000010764328	grp-a001-02-000000069047580	프로틴	nad-a001-02-000000553654562	bsn-a001-00-000000013604308	12	07	768323	M	1	0	0	1	0
20261001	4291318	cmp-a001-02-000000010764328	grp-a001-02-000000069047580	프로틴	nad-a001-02-000000553654562	bsn-a001-00-000000013604308	12	08	768323	M	4	0	0	7	0
20261001	4291318	cmp-a001-02-000000010764328	grp-a001-02-000000069047580	단백질바	nad-a001-02-000000553654558	bsn-a001-00-000000013604308	12	09	33421	M	1	0	0	2	0
20261001	4291318	cmp-a001-02-000000010764328	grp-a001-02-000000069047580	단백질보충제추천	nad-a001-02-000000553654562	bsn-a001-00-000000013604308	12	99	137281	M	3	0	0	3	0
20261001	4291318	cmp-a001-02-000000010764328	grp-a001-02-000000069047580	새싹앤단백질쉐이크	nad-a001-02-000000553654562	bsn-a001-00-000000013604308	12	09	8753	M	1	0	0	5	0
20261001	4291318	cmp-a001-02-000000010764328	grp-a001-02-000000069047580	단백질쉐이크	nad-a001-02-000000553654562	bsn-a001-00-000000013604308	12	18	33421	M	1	0	0	10	0
20261001	4291318	cmp-a001-02-000000010764328	grp-a001-02-000000069047580	단백질쉐이크팝업	nad-a001-02-000000553654562	bsn-a001-00-000000013604308	12	02	8753	M	1	0	0	3	0
20261001	4291318	cmp-a001-02-000000010764328	grp-a001-02-000000069047580	생식가루	nad-a001-02-000000541754004	bsn-a001-00-000000013604308	12	02	370822	P	1	1	3750	1	0
20261001	4291318	cmp-a001-02-000000010764328	grp-a001-02-000000069047580	단백질보충제	nad-a001-02-000000553654562	bsn-a001-00-000000013604308	12	09	23123	P	1	0	0	2	0
20261001	4291318	cmp-a001-02-000000010764328	grp-a001-02-000000069047580	사랑이	nad-a001-02-000000553654554	bsn-a001-00-000000013604308	12	02	529514	M	2	0	0	5	0
20261001	4291318	cmp-a001-02-000000010764328	grp-a001-02-000000069047580	황성주생식변	nad-a001-02-000000541754004	bsn-a001-00-000000013604308	12	14	8753	M	1	0	0	2	0
20261001	4291318	cmp-a001-02-000000010764328	grp-a001-02-000000069047580	단백질	nad-a001-02-000000553654562	bsn-a001-00-000000013604308	12	09	8753	M	2	0	0	3	0
20261001	4291318	cmp-a001-02-000000010764328	grp-a001-02-000000069047580	단백질보충제	nad-a001-02-000000553654562	bsn-a001-00-000000013604308	12	02	33421	M	1	0	0	7	0
20261001	4291318	cmp-a001-02-000000010764328	grp-a001-02-000000069047580	황성주생식	nad-a001-02-000000541753997	bsn-a001-00-000000013604308	12	02	27758	P	1	0	0	2	0
20261001	4291318	cmp-a001-02-000000010764328	grp-a001-02-000000069047580	프로틴다이어트	nad-a001-02-000000553654562	bsn-a001-00-000000013604308	12	02	98128	M	2	0	0	2	0
20261001	4291318	cmp-a001-02-000000010764328	grp-a001-02-000000069047580	단백질	nad-a001-02-000000553654562	bsn-a001-00-000000013604308	12	08	684926	M	2	0	0	6	0
20261001	4291318	cmp-a001-02-000000010764328	grp-a001-02-000000069047580	단백질바	nad-a001-02-000000553654554	bsn-a001-00-000000013604308	12	16	27758	P	1	0	0	2	0
20261001	4291318	cmp-a001-02-000000010764328	grp-a001-02-000000069047580	단백질쉐이크	nad-a001-02-000000553654562	bsn-a001-00-000000013604308	12	13	529514	M	2	0	0	2	0
20261001	4291318	cmp-a001-02-000000010764328	grp-a001-02-000000069047580	프로틴	nad-a001-02-000000553654562	bsn-a001-00-000000013604308	12	01	8753	M	1	0	0	4	0
20261001	4291318	cmp-a001-02-000000010764328	grp-a001-02-000000069047580	단백질바	nad-a001-02-000000553654554	bsn-a001-00-000000013604308	12	02	33421	M	7	0	0	25	0
20261001	4291318	cmp-a001-02-000000010764328	grp-a001-02-000000069047580	도토리가루판매방법	nad-a001-02-000000541753996	bsn-a001-00-000000013604308	12	02	8753	M	1	0	0	5	0
20261001	4291318	cmp-a001-02-000000010764328	grp-a001-02-000000069047580	젤리	nad-a001-02-000000541753985	bsn-a001-00-000000013604308	12	02	684926	M	2	0	0	20	0
20261001	4291318	cmp-a001-02-000000010764328	grp-a001-02-000000069047580	단백질쉐이크	nad-a001-02-000000553654562	bsn-a001-00-000000013604308	12	01	529514	M	14	0	0	17	0
20261001	4291318	cmp-a001-02-000000010764328	grp-a001-02-000000069047580	HIGH	nad-a001-02-000000553654562	bsn-a001-00-000000013604308	12	02	248824	P	2	0	0	2	0
20261001	4291318	cmp-a001-02-000000010764328	grp-a001-02-000000069047580	사랑	nad-a001-02-000000553654558	bsn-a001-00-000000013604308	12	02	98128	M	4	0	0	12	0
20261001	4291318	cmp-a001-02-000000010764328	grp-a001-02-000000069047580	단백질쉐이크	nad-a001-02-000000553654562	bsn-a001-00-000000013604308	12	08	529514	M	10	0	0	12	0
20261001	4291318	cmp-a001-02-000000010764328	grp-a001-02-000000069047580	프로틴	nad-a001-02-000000553654562	bsn-a001-00-000000013604308	12	03	33421	M	1	0	0	5	0
20261001	4291318	cmp-a001-02-000000010764328	grp-a001-02-000000069047580	분말	nad-a001-02-000000541753997	bsn-a001-00-000000013604308	12	15	335738	P	1	0	0	1	0
20261001	4291318	cmp-a001-02-000000010764328	grp-a001-02-000000069047580	황성주생식	nad-a001-02-000000541753996	bsn-a001-00-000000013604308	12	14	8753	M	2	0	0	6	0
20261001	4291318	cmp-a001-02-000000010764328	grp-a001-02-000000069047580	프로틴	nad-a001-02-000000553654562	bsn-a001-00-000000013604308	12	09	768323	M	13	0	0	18	0
20261001	4291318	cmp-a001-02-000000010764328	grp-a001-02-000000069047580	단백질보충제	nad-a001-02-000000553654562	bsn-a001-00-000000013604308	12	99	33421	M	1	0	0	6	0
20261001	4291318	cmp-a001-02-000000010764328	grp-a001-02-000000069047580	단백질쉐이크오프라인	nad-a001-02-000000553654562	bsn-a001-00-000000013604308	12	02	8753	M	2	0	0	6	0
20261001	4291318	cmp-a001-02-000000010764328	grp-a001-02-000000069047580	허박사생식	nad-a001-02-000000541753997	bsn-a001-00-000000013604308	12	14	8753	M	1	0	0	1	0
20261001	4291318	cmp-a001-02-000000010764328	grp-a001-02-000000069047580	프로틴	nad-a001-02-000000553654562	bsn-a001-00-000000013604308	12	09	529514	M	34	0	0	43	0
20261001	4291318	cmp-a001-02-000000010764328	grp-a001-02-000000069047580	단백질쉐이크	nad-a001-02-000000553654562	bsn-a001-00-000000013604308	12	10	8753	M	1	0	0	4	0
20261001	4291318	cmp-a001-02-000000010764328	grp-a001-02-000000069047580	단백질바	nad-a001-02-000000553654554	bsn-a001-00-000000013604308	12	15	33421	M	1	0	0	1	0
20261001	4291318	cmp-a001-02-000000010764328	grp-a001-02-000000069047580	단백질바	nad-a001-02-000000553654554	bsn-a001-00-000000013604308	12	02	8753	M	2	0	0	6	0
20261001	4291318	cmp-a001-02-000000010764328	grp-a001-02-000000069047580	사랑	nad-a001-02-000000553654554	bsn-a001-00-000000013604308	12	09	98128	M	1	0	0	2	0
20261001	4291318	cmp-a001-02-000000010764328	grp-a001-02-000000069047580	단백질바	nad-a001-02-000000553654554	bsn-a001-00-000000013604308	12	09	529514	M	3	0	0	3	0
20261001	4291318	cmp-a001-02-000000010764328	grp-a001-02-000000069047580	단백질에너지바	nad-a001-02-000000553654554	bsn-a001-00-000000013604308	12	08	27758	P	1	0	0	3	0
20261001	4291318	cmp-a001-02-000000010764328	grp-a001-02-000000069047580	단백질바	nad-a001-02-000000553654554	bsn-a001-00-000000013604308	12	03	33421	M	1	0	0	1	0
20261001	4291318	cmp-a001-02-000000010764328	grp-a001-02-000000069047580	황성주생식	nad-a001-02-000000541754004	bsn-a001-00-000000013604308	12	03	684926	M	2	0	0	8	0
20261001	4291318	cmp-a001-02-000000010764328	grp-a001-02-000000069047580	단백질쉐이크	nad-a001-02-000000553654562	bsn-a001-00-000000013604308	12	02	33421	M	1	0	0	13	0
20261001	4291318	cmp-a001-02-000000010764328	grp-a001-02-000000069047580	프로틴	nad-a001-02-000000553654562	bsn-a001-00-000000013604308	12	99	529514	M	18	0	0	20	0
20261001	4291318	cmp-a001-02-000000010764328	grp-a001-02-000000069047580	추석과자칼로리	nad-a001-02-000000553654554	bsn-a001-00-000000013604308	12	02	27758	P	1	0	0	1	0
20261001	4291318	cmp-a001-02-000000010764328	grp-a001-02-000000069047580	단백질쉐이크	nad-a001-02-000000553654562	bsn-a001-00-000000013604308	12	02	529514	M	4	0	0	6	0
20261001	4291318	cmp-a001-02-000000010764328	grp-a001-02-000000069047580	프로틴	nad-a001-02-000000553654562	bsn-a001-00-000000013604308	12	18	529514	M	2	0	0	4	0
20261001	4291318	cmp-a001-02-000000010764328	grp-a001-02-000000069047580	프로틴바	nad-a001-02-000000553654554	bsn-a001-00-000000013604308	12	18	529514	M	2	0	0	3	0
20261001	4291318	cmp-a001-02-000000010764328	grp-a001-02-000000069047580	사랑	nad-a001-02-000000553654558	bsn-a001-00-000000013604308	12	99	98128	M	1	0	0	3	0
20261001	4291318	cmp-a001-02-000000010764328	grp-a001-02-000000069047580	황성주생식	nad-a001-02-000000541754005	bsn-a001-00-000000013604308	12	02	27758	P	1	0	0	3	0
20261001	4291318	cmp-a001-02-000000010764328	grp-a001-02-000000069047580	스토어	nad-a001-02-000000541753997	bsn-a001-00-000000013604308	12	11	98128	M	2	0	0	2	0
20261001	4291318	cmp-a001-02-000000010764328	grp-a001-02-000000069047580	단백질쉐이크	nad-a001-02-000000553654562	bsn-a001-00-000000013604308	12	04	684925	P	1	0	0	1	0
20261001	4291318	cmp-a001-02-000000010764328	grp-a001-02-000000069047580	단백질쉐이크	nad-a001-02-000000553654562	bsn-a001-00-000000013604308	12	02	8753	M	1	0	0	4	0
20261001	4291318	cmp-a001-02-000000010764328	grp-a001-02-000000069047580	프로틴바	nad-a001-02-000000553654554	bsn-a001-00-000000013604308	12	09	98128	M	3	0	0	5	0
20261001	4291318	cmp-a001-02-000000010764328	grp-a001-02-000000069047580	황성주프로틴쉐이크	nad-a001-02-000000553654562	bsn-a001-00-000000013604308	12	09	8753	M	1	0	0	1	0
20261001	4291318	cmp-a001-02-000000010764328	grp-a001-02-000000069047580	프로틴추천	nad-a001-02-000000553654562	bsn-a001-00-000000013604308	12	06	684925	P	1	0	0	1	0
20261001	4291318	cmp-a001-02-000000010764328	grp-a001-02-000000069047580	프로틴	nad-a001-02-000000553654562	bsn-a001-00-000000013604308	12	04	529514	M	1	0	0	2	0
20261001	4291318	cmp-a001-02-000000010764328	grp-a001-02-000000069047580	단백질	nad-a001-02-000000553654562	bsn-a001-00-000000013604308	12	02	33421	M	1	0	0	6	0
20261001	4291318	cmp-a001-02-000000010764328	grp-a001-02-000000069047580	다이어트쉐이크	nad-a001-02-000000553654562	bsn-a001-00-000000013604308	12	18	768323	M	2	0	0	8	0
20261001	4291318	cmp-a001-02-000000010764328	grp-a001-02-000000069047580	프로틴	nad-a001-02-000000553654562	bsn-a001-00-000000013604308	12	18	768323	M	1	0	0	1	0
20261001	4291318	cmp-a001-02-000000010764328	grp-a001-02-000000069047580	프로틴	nad-a001-02-000000553654562	bsn-a001-00-000000013604308	12	02	684926	M	2	0	0	18	0
20261001	4291318	cmp-a001-02-000000010764328	grp-a001-02-000000069047580	사랑	nad-a001-02-000000553654554	bsn-a001-00-000000013604308	12	99	98128	M	1	0	0	2	0
20261001	4291318	cmp-a001-02-000000010764328	grp-a001-02-000000069047580	사랑이	nad-a001-02-000000553654554	bsn-a001-00-000000013604308	13	02	529514	M	8	0	0	20	0
20261001	4291318	cmp-a001-02-000000010764328	grp-a001-02-000000069047580	황성주생식라이프밀	nad-a001-02-000000541753996	bsn-a001-00-000000013604308	13	02	11068	P	1	0	0	2	0
20261001	4291318	cmp-a001-02-000000010764328	grp-a001-02-000000069047580	프로틴파우더	nad-a001-02-000000553654562	bsn-a001-00-000000013604308	13	02	27758	P	1	0	0	4	0
20261001	4291318	cmp-a001-02-000000010764328	grp-a001-02-000000069047580	식사대용비교	nad-a001-02-000000553654562	bsn-a001-00-000000013604308	13	09	684925	P	1	0	0	1	0
20261001	4291318	cmp-a001-02-000000010764328	grp-a001-02-000000069047580	사랑이	nad-a001-02-000000553654554	bsn-a001-00-000000013604308	13	00	529514	M	1	0	0	3	0
20261001	4291318	cmp-a001-02-000000010764328	grp-a001-02-000000069047580	젤리스토어	nad-a001-02-000000541753985	bsn-a001-00-000000013604308	13	11	8753	M	1	0	0	1	0
20261001	4291318	cmp-a001-02-000000010764328	grp-a001-02-000000069047580	단백질파우더	nad-a001-02-000000553654562	bsn-a001-00-000000013604308	13	08	8753	M	2	0	0	6	0
20261001	4291318	cmp-a001-02-000000010764328	grp-a001-02-000000069047580	프로틴	nad-a001-02-000000553654562	bsn-a001-00-000000013604308	13	01	8753	M	1	0	0	3	0
20261001	4291318	cmp-a001-02-000000010764328	grp-a001-02-000000069047580	젤리	nad-a001-02-000000541753985	bsn-a001-00-000000013604308	13	04	87620	M	1	0	0	2	0
20261001	4291318	cmp-a001-02-000000010764328	grp-a001-02-000000069047580	황성주생식	nad-a001-02-000000541753997	bsn-a001-00-000000013604308	13	02	529514	M	4	0	0	4	0
20261001	4291318	cmp-a001-02-000000010764328	grp-a001-02-000000069047580	사랑님	nad-a001-02-000000553654558	bsn-a001-00-000000013604308	13	99	529514	M	2	0	0	5	0
20261001	4291318	cmp-a001-02-000000010764328	grp-a001-02-000000069047580	단백질보충제	nad-a001-02-000000553654562	bsn-a001-00-000000013604308	13	15	684926	M	2	0	0	22	0
20261001	4291318	cmp-a001-02-000000010764328	grp-a001-02-000000069047580	프로틴바	nad-a001-02-000000553654558	bsn-a001-00-000000013604308	13	09	23123	P	1	0	0	8	0
20261001	4291318	cmp-a001-02-000000010764328	grp-a001-02-000000069047580	푸룬젤리	nad-a001-02-000000541753985	bsn-a001-00-000000013604308	13	11	8753	M	1	0	0	2	0
20261001	4291318	cmp-a001-02-000000010764328	grp-a001-02-000000069047580	칼로리바	nad-a001-02-000000553654554	bsn-a001-00-000000013604308	13	02	529514	M	2	0	0	2	0
20261001	4291318	cmp-a001-02-000000010764328	grp-a001-02-000000069047580	에너지간식	nad-a001-02-000000553654554	bsn-a001-00-000000013604308	13	09	27758	P	1	1	2761	1	0
20261001	4291318	cmp-a001-02-000000010764328	grp-a001-02-000000069047580	프로틴	nad-a001-02-000000553654562	bsn-a001-00-000000013604308	13	04	684925	P	1	0	0	1	0
20261001	4291318	cmp-a001-02-000000010764328	grp-a001-02-000000069047580	식품브랜드마케터	nad-a001-02-000000553654562	bsn-a001-00-000000013604308	13	09	8753	M	2	0	0	10	0
20261001	4291318	cmp-a001-02-000000010764328	grp-a001-02-000000069047580	프로틴다이어트	nad-a001-02-000000553654562	bsn-a001-00-000000013604308	13	09	98128	M	1	0	0	1	0
20261001	4291318	cmp-a001-02-000000010764328	grp-a001-02-000000069047580	연예인황산화가루	nad-a001-02-000000541753997	bsn-a001-00-000000013604308	13	01	8753	M	1	0	0	1	0
20261001	4291318	cmp-a001-02-000000010764328	grp-a001-02-000000069047580	프로틴쉐이크	nad-a001-02-000000553654562	bsn-a001-00-000000013604308	13	18	8753	M	1	0	0	3	0
20261001	4291318	cmp-a001-02-000000010764328	grp-a001-02-000000069047580	다이어트쉐이크	nad-a001-02-000000553654562	bsn-a001-00-000000013604308	13	14	768323	M	3	0	0	7	0
20261001	4291318	cmp-a001-02-000000010764328	grp-a001-02-000000069047580	프로틴단백질	nad-a001-02-000000553654562	bsn-a001-00-000000013604308	13	03	8753	M	1	0	0	5	0
20261001	4291318	cmp-a001-02-000000010764328	grp-a001-02-000000069047580	프로틴	nad-a001-02-000000553654562	bsn-a001-00-000000013604308	13	13	529514	M	12	0	0	13	0
20261001	4291318	cmp-a001-02-000000010764328	grp-a001-02-000000069047580	동의한재산사가루	nad-a001-02-000000541753997	bsn-a001-00-000000013604308	13	13	8753	M	1	0	0	2	0
20261001	4291318	cmp-a001-02-000000010764328	grp-a001-02-000000069047580	프로틴바	nad-a001-02-000000553654559	bsn-a001-00-000000013604308	13	18	529514	M	6	0	0	18	0
20261001	4291318	cmp-a001-02-000000010764328	grp-a001-02-000000069047580	황성주생식	nad-a001-02-000000541753997	bsn-a001-00-000000013604308	13	06	8753	M	1	0	0	1	0
20261001	4291318	cmp-a001-02-000000010764328	grp-a001-02-000000069047580	황성주생식	nad-a001-02-000000541753988	bsn-a001-00-000000013604308	13	02	11068	P	1	0	0	5	0
20261001	4291318	cmp-a001-02-000000010764328	grp-a001-02-000000069047580	프로틴	nad-a001-02-000000553654562	bsn-a001-00-000000013604308	13	18	529514	M	18	0	0	21	0
20261001	4291318	cmp-a001-02-000000010764328	grp-a001-02-000000069047580	백수과피분말가루	nad-a001-02-000000541753997	bsn-a001-00-000000013604308	13	09	8753	M	2	0	0	2	0
20261001	4291318	cmp-a001-02-000000010764328	grp-a001-02-000000069047580	균형영양식	nad-a001-02-000000541753965	bsn-a001-00-000000013604308	13	02	23123	P	2	0	0	10	0
20261001	4291318	cmp-a001-02-000000010764328	grp-a001-02-000000069047580	사랑	nad-a001-02-000000553654554	bsn-a001-00-000000013604308	13	09	98128	M	6	0	0	12	0
20261001	4291318	cmp-a001-02-000000010764328	grp-a001-02-000000069047580	프로틴바	nad-a001-02-000000553654554	bsn-a001-00-000000013604308	13	09	8753	M	2	0	0	2	0
20261001	4291318	cmp-a001-02-000000010764328	grp-a001-02-000000069047580	단백질바	nad-a001-02-000000553654559	bsn-a001-00-000000013604308	13	09	33421	M	1	0	0	13	0
20261001	4291318	cmp-a001-02-000000010764328	grp-a001-02-000000069047580	단백질쉐이크	nad-a001-02-000000553654562	bsn-a001-00-000000013604308	13	02	98128	M	4	1	3458	8	0
20261001	4291318	cmp-a001-02-000000010764328	grp-a001-02-000000069047580	황성주박사생식	nad-a001-02-000000541753996	bsn-a001-00-000000013604308	13	09	8753	M	1	0	0	3	0
20261001	4291318	cmp-a001-02-000000010764328	grp-a001-02-000000069047580	황성주생식	nad-a001-02-000000541753996	bsn-a001-00-000000013604308	13	03	8753	M	2	0	0	6	0
20261001	4291318	cmp-a001-02-000000010764328	grp-a001-02-000000069047580	스토어	nad-a001-02-000000541753997	bsn-a001-00-000000013604308	13	04	98128	M	11	0	0	11	0
20261001	4291318	cmp-a001-02-000000010764328	grp-a001-02-000000069047580	네이버스토어	nad-a001-02-000000541753997	bsn-a001-00-000000013604308	13	11	137281	M	1	0	0	1	0
20261001	4291318	cmp-a001-02-000000010764328	grp-a001-02-000000069047580	다이어트쉐이크	nad-a001-02-000000553654562	bsn-a001-00-000000013604308	13	08	768323	M	4	0	0	9	0
20261001	4291318	cmp-a001-02-000000010764328	grp-a001-02-000000069047580	황성주생식	nad-a001-02-000000541753997	bsn-a001-00-000000013604308	13	02	11068	P	1	0	0	1	0
20261001	4291318	cmp-a001-02-000000010764328	grp-a001-02-000000069047580	단백질보충제	nad-a001-02-000000553654562	bsn-a001-00-000000013604308	13	03	8753	M	3	0	0	12	0
20261001	4291318	cmp-a001-02-000000010764328	grp-a001-02-000000069047580	에너지바	nad-a001-02-000000553654558	bsn-a001-00-000000013604308	13	09	791889	P	6	0	0	15	0
20261001	4291318	cmp-a001-02-000000010764328	grp-a001-02-000000069047580	프로틴	nad-a001-02-000000553654562	bsn-a001-00-000000013604308	13	10	529514	M	9	0	0	9	0
20261001	4291318	cmp-a001-02-000000010764328	grp-a001-02-000000069047580	프로틴바	nad-a001-02-000000553654554	bsn-a001-00-000000013604308	13	09	27758	P	6	0	0	6	0
20261001	4291318	cmp-a001-02-000000010764328	grp-a001-02-000000069047580	젤리	nad-a001-02-000000541753985	bsn-a001-00-000000013604308	13	16	98128	M	2	0	0	2	0
20261001	4291318	cmp-a001-02-000000010764328	grp-a001-02-000000069047580	단백질간식	nad-a001-02-000000553654554	bsn-a001-00-000000013604308	13	15	8753	M	1	0	0	1	0
20261001	4291318	cmp-a001-02-000000010764328	grp-a001-02-000000069047580	단백질파우더단맛어뵤름	nad-a001-02-000000553654562	bsn-a001-00-000000013604308	13	09	8753	M	1	0	0	5	0
20261001	4291318	cmp-a001-02-000000010764328	grp-a001-02-000000069047580	단백질보충제추천	nad-a001-02-000000553654562	bsn-a001-00-000000013604308	13	09	612594	M	1	0	0	2	0
20261001	4291318	cmp-a001-02-000000010764328	grp-a001-02-000000069047580	단백질바	nad-a001-02-000000553654554	bsn-a001-00-000000013604308	13	09	8753	M	6	0	0	11	0
20261001	4291318	cmp-a001-02-000000010764328	grp-a001-02-000000069047580	쉐이크다이어트	nad-a001-02-000000553654562	bsn-a001-00-000000013604308	13	13	335738	P	1	0	0	5	0
20261001	4291318	cmp-a001-02-000000010764328	grp-a001-02-000000069047580	브랜드스토어	nad-a001-02-000000541754005	bsn-a001-00-000000013604308	13	01	684927	P	2	0	0	24	0
20261001	4291318	cmp-a001-02-000000010764328	grp-a001-02-000000069047580	에너지바	nad-a001-02-000000553654554	bsn-a001-00-000000013604308	13	08	8753	M	1	0	0	1	0
20261001	4291318	cmp-a001-02-000000010764328	grp-a001-02-000000069047580	단백질보충제	nad-a001-02-000000553654562	bsn-a001-00-000000013604308	13	09	684925	P	1	0	0	1	0
20261001	4291318	cmp-a001-02-000000010764328	grp-a001-02-000000069047580	프로틴	nad-a001-02-000000553654562	bsn-a001-00-000000013604308	13	02	529514	M	42	0	0	48	0
20261001	4291318	cmp-a001-02-000000010764328	grp-a001-02-000000069047580	프로틴	nad-a001-02-000000553654562	bsn-a001-00-000000013604308	13	09	33421	M	3	0	0	15	0
20261001	4291318	cmp-a001-02-000000010764328	grp-a001-02-000000069047580	식물성단백질식품	nad-a001-02-000000553654562	bsn-a001-00-000000013604308	13	02	8753	M	2	0	0	8	0
20261001	4291318	cmp-a001-02-000000010764328	grp-a001-02-000000069047580	프로틴	nad-a001-02-000000553654562	bsn-a001-00-000000013604308	13	02	27758	P	2	0	0	2	0
20261001	4291318	cmp-a001-02-000000010764328	grp-a001-02-000000069047580	쉐이크	nad-a001-02-000000553654562	bsn-a001-00-000000013604308	13	06	529514	M	3	0	0	3	0
20261001	4291318	cmp-a001-02-000000010764328	grp-a001-02-000000069047580	프로틴	nad-a001-02-000000553654562	bsn-a001-00-000000013604308	13	09	27758	P	1	0	0	2	0
20261001	4291318	cmp-a001-02-000000010764328	grp-a001-02-000000069047580	젤리	nad-a001-02-000000541753985	bsn-a001-00-000000013604308	13	09	98128	M	6	0	0	6	0
20261001	4291318	cmp-a001-02-000000010764328	grp-a001-02-000000069047580	단백질종류	nad-a001-02-000000553654562	bsn-a001-00-000000013604308	13	02	8753	M	1	0	0	5	0
20261001	4291318	cmp-a001-02-000000010764328	grp-a001-02-000000069047580	다이어트쉐이크	nad-a001-02-000000553654562	bsn-a001-00-000000013604308	13	07	768323	M	5	0	0	14	0
20261001	4291318	cmp-a001-02-000000010764328	grp-a001-02-000000069047580	단백질간식	nad-a001-02-000000553654558	bsn-a001-00-000000013604308	13	14	27758	P	1	0	0	4	0
20261001	4291318	cmp-a001-02-000000010764328	grp-a001-02-000000069047580	쉐이크	nad-a001-02-000000553654562	bsn-a001-00-000000013604308	13	08	27758	P	1	0	0	2	0
20261001	4291318	cmp-a001-02-000000010764328	grp-a001-02-000000069047580	프로틴쉐이크	nad-a001-02-000000553654562	bsn-a001-00-000000013604308	13	07	8753	M	1	0	0	4	0
20261001	4291318	cmp-a001-02-000000010764328	grp-a001-02-000000069047580	쉐이크	nad-a001-02-000000553654562	bsn-a001-00-000000013604308	13	09	529514	M	55	0	0	55	0
20261001	4291318	cmp-a001-02-000000010764328	grp-a001-02-000000069047580	황성주생식	nad-a001-02-000000541753996	bsn-a001-00-000000013604308	13	02	529514	M	4	0	0	12	0
20261001	4291318	cmp-a001-02-000000010764328	grp-a001-02-000000069047580	프로틴	nad-a001-02-000000553654562	bsn-a001-00-000000013604308	13	18	33421	M	1	0	0	5	0
20261001	4291318	cmp-a001-02-000000010764328	grp-a001-02-000000069047580	단백질바	nad-a001-02-000000553654558	bsn-a001-00-000000013604308	13	02	529514	M	19	0	0	26	0
20261001	4291318	cmp-a001-02-000000010764328	grp-a001-02-000000069047580	프로틴파우더	nad-a001-02-000000553654562	bsn-a001-00-000000013604308	13	03	529514	M	1	0	0	1	0
20261001	4291318	cmp-a001-02-000000010764328	grp-a001-02-000000069047580	황성주생식	nad-a001-02-000000541754004	bsn-a001-00-000000013604308	13	03	8753	M	2	0	0	4	0
20261001	4291318	cmp-a001-02-000000010764328	grp-a001-02-000000069047580	단백질쉐이크	nad-a001-02-000000553654562	bsn-a001-00-000000013604308	13	06	684927	P	1	0	0	9	0
20261001	4291318	cmp-a001-02-000000010764328	grp-a001-02-000000069047580	분말	nad-a001-02-000000541754004	bsn-a001-00-000000013604308	13	08	8753	M	1	0	0	4	0
20261001	4291318	cmp-a001-02-000000010764328	grp-a001-02-000000069047580	사랑	nad-a001-02-000000553654558	bsn-a001-00-000000013604308	13	04	98128	M	7	0	0	21	0
20261001	4291318	cmp-a001-02-000000010764328	grp-a001-02-000000069047580	황성주박사의생식	nad-a001-02-000000541753997	bsn-a001-00-000000013604308	13	09	8753	M	1	0	0	1	0
20261001	4291318	cmp-a001-02-000000010764328	grp-a001-02-000000069047580	프로틴	nad-a001-02-000000553654562	bsn-a001-00-000000013604308	13	02	684926	M	6	0	0	52	0
20261001	4291318	cmp-a001-02-000000010764328	grp-a001-02-000000069047580	대농식품동결건조	nad-a001-02-000000541754004	bsn-a001-00-000000013604308	13	02	8753	M	1	0	0	2	0
20261001	4291318	cmp-a001-02-000000010764328	grp-a001-02-000000069047580	에너지바	nad-a001-02-000000553654558	bsn-a001-00-000000013604308	13	13	33421	M	1	0	0	2	0
20261001	4291318	cmp-a001-02-000000010764328	grp-a001-02-000000069047580	황성주생식	nad-a001-02-000000541753988	bsn-a001-00-000000013604308	13	04	8753	M	1	0	0	5	0
20261001	4291318	cmp-a001-02-000000010764328	grp-a001-02-000000069047580	젤리	nad-a001-02-000000541753985	bsn-a001-00-000000013604308	13	08	768323	M	5	0	0	5	0
20261001	4291318	cmp-a001-02-000000010764328	grp-a001-02-000000069047580	단백질보충제	nad-a001-02-000000553654562	bsn-a001-00-000000013604308	13	02	684927	P	1	0	0	14	0
20261001	4291318	cmp-a001-02-000000010764328	grp-a001-02-000000069047580	단백질쉐이크	nad-a001-02-000000553654562	bsn-a001-00-000000013604308	13	09	11068	P	3	0	0	24	0
20261001	4291318	cmp-a001-02-000000010764328	grp-a001-02-000000069047580	백수과피분말가루	nad-a001-02-000000541754004	bsn-a001-00-000000013604308	13	09	8753	M	2	0	0	4	0
20261001	4291318	cmp-a001-02-000000010764328	grp-a001-02-000000069047580	식사대용단백질	nad-a001-02-000000553654562	bsn-a001-00-000000013604308	13	02	8753	M	1	0	0	2	0
20261001	4291318	cmp-a001-02-000000010764328	grp-a001-02-000000069047580	에너지바	nad-a001-02-000000553654558	bsn-a001-00-000000013604308	13	07	8753	M	1	0	0	5	0
20261001	4291318	cmp-a001-02-000000010764328	grp-a001-02-000000069047580	단백질쉐이크	nad-a001-02-000000553654562	bsn-a001-00-000000013604308	13	09	684927	P	3	0	0	19	0
20261001	4291318	cmp-a001-02-000000010764328	grp-a001-02-000000069047580	프로틴	nad-a001-02-000000553654562	bsn-a001-00-000000013604308	13	08	33421	M	3	0	0	11	0
20261001	4291318	cmp-a001-02-000000010764328	grp-a001-02-000000069047580	단백질간식	nad-a001-02-000000553654558	bsn-a001-00-000000013604308	13	14	684925	P	1	0	0	1	0
20261001	4291318	cmp-a001-02-000000010764328	grp-a001-02-000000069047580	에너지바	nad-a001-02-000000553654558	bsn-a001-00-000000013604308	13	00	27758	P	2	0	0	4	0
20261001	4291318	cmp-a001-02-000000010764328	grp-a001-02-000000069047580	가루	nad-a001-02-000000541753996	bsn-a001-00-000000013604308	13	02	529514	M	1	0	0	3	0
20261001	4291318	cmp-a001-02-000000010764328	grp-a001-02-000000069047580	단백질쉐이크PX	nad-a001-02-000000553654562	bsn-a001-00-000000013604308	13	02	8753	M	1	0	0	5	0
20261001	4291318	cmp-a001-02-000000010764328	grp-a001-02-000000069047580	대농식품동결건조	nad-a001-02-000000541753997	bsn-a001-00-000000013604308	13	02	8753	M	1	0	0	1	0
20261001	4291318	cmp-a001-02-000000010764328	grp-a001-02-000000069047580	단백질	nad-a001-02-000000553654562	bsn-a001-00-000000013604308	13	03	684926	M	4	0	0	24	0
20261001	4291318	cmp-a001-02-000000010764328	grp-a001-02-000000069047580	단백질	nad-a001-02-000000553654562	bsn-a001-00-000000013604308	13	15	684926	M	2	0	0	8	0
20261001	4291318	cmp-a001-02-000000010764328	grp-a001-02-000000069047580	BC프로틴바	nad-a001-02-000000553654554	bsn-a001-00-000000013604308	13	09	8753	M	1	0	0	1	0
20261001	4291318	cmp-a001-02-000000010764328	grp-a001-02-000000069047580	단백질	nad-a001-02-000000553654562	bsn-a001-00-000000013604308	13	03	27758	P	1	0	0	2	0
20261001	4291318	cmp-a001-02-000000010764328	grp-a001-02-000000069047580	사랑	nad-a001-02-000000553654558	bsn-a001-00-000000013604308	13	07	98128	M	1	0	0	3	0
20261001	4291318	cmp-a001-02-000000010764328	grp-a001-02-000000069047580	황성주생식라이프밀	nad-a001-02-000000541754005	bsn-a001-00-000000013604308	13	02	11068	P	1	0	0	4	0
20261001	4291318	cmp-a001-02-000000010764328	grp-a001-02-000000069047580	프로틴	nad-a001-02-000000553654562	bsn-a001-00-000000013604308	13	07	768323	M	25	0	0	26	0
20261001	4291318	cmp-a001-02-000000010764328	grp-a001-02-000000069047580	단백질쉐이크	nad-a001-02-000000553654562	bsn-a001-00-000000013604308	13	10	11068	P	1	0	0	9	0
20261001	4291318	cmp-a001-02-000000010764328	grp-a001-02-000000069047580	보충제	nad-a001-02-000000553654562	bsn-a001-00-000000013604308	13	02	8753	M	2	0	0	6	0
20261001	4291318	cmp-a001-02-000000010764328	grp-a001-02-000000069047580	쉐이크	nad-a001-02-000000553654562	bsn-a001-00-000000013604308	13	11	27758	P	1	0	0	4	0
20261001	4291318	cmp-a001-02-000000010764328	grp-a001-02-000000069047580	에너지바	nad-a001-02-000000553654554	bsn-a001-00-000000013604308	13	99	529514	M	3	0	0	4	0
20261001	4291318	cmp-a001-02-000000010764328	grp-a001-02-000000069047580	황성주생식	nad-a001-02-000000541754004	bsn-a001-00-000000013604308	13	18	27758	P	1	0	0	1	0
20261001	4291318	cmp-a001-02-000000010764328	grp-a001-02-000000069047580	젤리	nad-a001-02-000000541753985	bsn-a001-00-000000013604308	13	08	8753	M	1	0	0	2	0
20261001	4291318	cmp-a001-02-000000010764328	grp-a001-02-000000069047580	단백질쉐이크	nad-a001-02-000000553654562	bsn-a001-00-000000013604308	13	04	8753	M	1	0	0	11	0
20261001	4291318	cmp-a001-02-000000010764328	grp-a001-02-000000069047580	균형영양식	nad-a001-02-000000541753965	bsn-a001-00-000000013604308	13	09	23123	P	1	0	0	5	0
20261001	4291318	cmp-a001-02-000000010764328	grp-a001-02-000000069047580	다이어트단백질쉐이크추천	nad-a001-02-000000553654562	bsn-a001-00-000000013604308	13	02	8753	M	1	0	0	4	0
20261001	4291318	cmp-a001-02-000000010764328	grp-a001-02-000000069047580	프로틴바	nad-a001-02-000000553654554	bsn-a001-00-000000013604308	13	02	27758	P	3	0	0	3	0
20261001	4291318	cmp-a001-02-000000010764328	grp-a001-02-000000069047580	단백질간식	nad-a001-02-000000553654554	bsn-a001-00-000000013604308	13	14	27758	P	1	0	0	3	0
20261001	4291318	cmp-a001-02-000000010764328	grp-a001-02-000000069047580	단백질	nad-a001-02-000000553654562	bsn-a001-00-000000013604308	13	07	98128	M	1	0	0	1	0
20261001	4291318	cmp-a001-02-000000010764328	grp-a001-02-000000069047580	에너지바	nad-a001-02-000000553654559	bsn-a001-00-000000013604308	13	04	33421	M	1	0	0	4	0
20261001	4291318	cmp-a001-02-000000010764328	grp-a001-02-000000069047580	제로스토어단백질쉐이크	nad-a001-02-000000553654562	bsn-a001-00-000000013604308	13	09	8753	M	1	0	0	1	0
20261001	4291318	cmp-a001-02-000000010764328	grp-a001-02-000000069047580	단백질바	nad-a001-02-000000553654558	bsn-a001-00-000000013604308	13	02	27758	P	1	0	0	4	0
20261001	4291318	cmp-a001-02-000000010764328	grp-a001-02-000000069047580	엄마사랑	nad-a001-02-000000553654559	bsn-a001-00-000000013604308	13	09	33421	M	1	0	0	11	0
20261001	4291318	cmp-a001-02-000000010764328	grp-a001-02-000000069047580	프로틴바	nad-a001-02-000000553654554	bsn-a001-00-000000013604308	13	09	23123	P	1	0	0	3	0
20261001	4291318	cmp-a001-02-000000010764328	grp-a001-02-000000069047580	황성주생식변	nad-a001-02-000000541753996	bsn-a001-00-000000013604308	13	14	8753	M	1	0	0	3	0
20261001	4291318	cmp-a001-02-000000010764328	grp-a001-02-000000069047580	단백질간식	nad-a001-02-000000553654554	bsn-a001-00-000000013604308	13	09	11068	P	1	0	0	1	0
20261001	4291318	cmp-a001-02-000000010764328	grp-a001-02-000000069047580	쉐이크단백질	nad-a001-02-000000553654562	bsn-a001-00-000000013604308	13	09	684925	P	1	0	0	1	0
20261001	4291318	cmp-a001-02-000000010764328	grp-a001-02-000000069047580	황성주생식	nad-a001-02-000000541753996	bsn-a001-00-000000013604308	13	04	8753	M	2	0	0	6	0
20261001	4291318	cmp-a001-02-000000010764328	grp-a001-02-000000069047580	에너지바	nad-a001-02-000000553654554	bsn-a001-00-000000013604308	13	99	791888	M	1	0	0	1	0
20261001	4291318	cmp-a001-02-000000010764328	grp-a001-02-000000069047580	프로틴바	nad-a001-02-000000553654558	bsn-a001-00-000000013604308	13	02	529514	M	14	0	0	21	0
20261001	4291318	cmp-a001-02-000000010764328	grp-a001-02-000000069047580	단백질프로틴	nad-a001-02-000000553654562	bsn-a001-00-000000013604308	13	02	529514	M	2	0	0	2	0
20261001	4291318	cmp-a001-02-000000010764328	grp-a001-02-000000069047580	단백질순위	nad-a001-02-000000553654562	bsn-a001-00-000000013604308	13	99	8753	M	1	0	0	5	0
20261001	4291318	cmp-a001-02-000000010764328	grp-a001-02-000000069047580	황성주생식	nad-a001-02-000000541753988	bsn-a001-00-000000013604308	13	03	8753	M	2	0	0	11	0
20261001	4291318	cmp-a001-02-000000010764328	grp-a001-02-000000069047580	다이어트쉐이크	nad-a001-02-000000553654562	bsn-a001-00-000000013604308	13	03	768323	M	4	0	0	12	0
20261001	4291318	cmp-a001-02-000000010764328	grp-a001-02-000000069047580	단백질바	nad-a001-02-000000553654558	bsn-a001-00-000000013604308	13	15	27758	P	1	0	0	4	0
20261001	4291318	cmp-a001-02-000000010764328	grp-a001-02-000000069047580	단백질프로틴바	nad-a001-02-000000553654554	bsn-a001-00-000000013604308	13	02	98128	M	2	0	0	2	0
20261001	4291318	cmp-a001-02-000000010764328	grp-a001-02-000000069047580	칼로리바효능	nad-a001-02-000000553654554	bsn-a001-00-000000013604308	13	09	27758	P	1	0	0	1	0
20261001	4291318	cmp-a001-02-000000010764328	grp-a001-02-000000069047580	성풍단백질쉐이크	nad-a001-02-000000553654562	bsn-a001-00-000000013604308	13	09	11068	P	2	0	0	10	0
20261001	4291318	cmp-a001-02-000000010764328	grp-a001-02-000000069047580	단백질파우더	nad-a001-02-000000553654562	bsn-a001-00-000000013604308	13	14	8753	M	1	0	0	4	0
20261001	4291318	cmp-a001-02-000000010764328	grp-a001-02-000000069047580	사랑으로	nad-a001-02-000000553654558	bsn-a001-00-000000013604308	13	18	529514	M	2	0	0	5	0
20261001	4291318	cmp-a001-02-000000010764328	grp-a001-02-000000069047580	황성주생식	nad-a001-02-000000541754004	bsn-a001-00-000000013604308	13	02	27758	P	0	1	4533	0	0
20261001	4291318	cmp-a001-02-000000010764328	grp-a001-02-000000069047580	곡물맛프로틴	nad-a001-02-000000553654562	bsn-a001-00-000000013604308	13	02	33421	M	1	0	0	4	0
20261001	4291318	cmp-a001-02-000000010764328	grp-a001-02-000000069047580	젤리	nad-a001-02-000000541753985	bsn-a001-00-000000013604308	13	00	8753	M	1	0	0	2	0
20261001	4291318	cmp-a001-02-000000010764328	grp-a001-02-000000069047580	PROTEIN	nad-a001-02-000000553654562	bsn-a001-00-000000013604308	13	09	612594	M	1	0	0	3	0
20261001	4291318	cmp-a001-02-000000010764328	grp-a001-02-000000069047580	단백질쉐이크	nad-a001-02-000000553654562	bsn-a001-00-000000013604308	13	02	27758	P	5	0	0	9	0
20261001	4291318	cmp-a001-02-000000010764328	grp-a001-02-000000069047580	스토어	nad-a001-02-000000541753997	bsn-a001-00-000000013604308	13	10	98128	M	2	0	0	2	0
20261001	4291318	cmp-a001-02-000000010764328	grp-a001-02-000000069047580	식물성단백질	nad-a001-02-000000553654562	bsn-a001-00-000000013604308	13	09	335738	P	1	0	0	4	0
20261001	4291318	cmp-a001-02-000000010764328	grp-a001-02-000000069047580	단백질바	nad-a001-02-000000553654558	bsn-a001-00-000000013604308	13	09	8753	M	2	0	0	8	0
20261001	4291318	cmp-a001-02-000000010764328	grp-a001-02-000000069047580	황성주생식	nad-a001-02-000000541754005	bsn-a001-00-000000013604308	13	18	27758	P	1	0	0	3	0
20261001	4291318	cmp-a001-02-000000010764328	grp-a001-02-000000069047580	다이어트쉐이크	nad-a001-02-000000553654562	bsn-a001-00-000000013604308	13	09	23123	P	1	0	0	2	0
20261001	4291318	cmp-a001-02-000000010764328	grp-a001-02-000000069047580	젤리	nad-a001-02-000000541753985	bsn-a001-00-000000013604308	13	03	8753	M	2	0	0	5	0
20261001	4291318	cmp-a001-02-000000010764328	grp-a001-02-000000069047580	황성주생식	nad-a001-02-000000541753996	bsn-a001-00-000000013604308	13	09	8753	M	1	0	0	3	0
20261001	4291318	cmp-a001-02-000000010764328	grp-a001-02-000000069047580	다이어트쉐이크	nad-a001-02-000000553654562	bsn-a001-00-000000013604308	13	01	768323	M	6	0	0	17	0
20261001	4291318	cmp-a001-02-000000010764328	grp-a001-02-000000069047580	프로틴바	nad-a001-02-000000553654554	bsn-a001-00-000000013604308	13	99	529514	M	7	0	0	8	0
20261001	4291318	cmp-a001-02-000000010764328	grp-a001-02-000000069047580	단백질보충제	nad-a001-02-000000553654562	bsn-a001-00-000000013604308	13	99	8753	M	2	0	0	8	0
20261001	4291318	cmp-a001-02-000000010764328	grp-a001-02-000000069047580	단백질쉐이크	nad-a001-02-000000553654562	bsn-a001-00-000000013604308	13	10	8753	M	1	0	0	2	0
20261001	4291318	cmp-a001-02-000000010764328	grp-a001-02-000000069047580	단백질식품1위	nad-a001-02-000000553654562	bsn-a001-00-000000013604308	13	11	8753	M	1	0	0	5	0
20261001	4291318	cmp-a001-02-000000010764328	grp-a001-02-000000069047580	단백질쉐이크	nad-a001-02-000000553654562	bsn-a001-00-000000013604308	13	08	27758	P	3	0	0	6	0
20261001	4291318	cmp-a001-02-000000010764328	grp-a001-02-000000069047580	황성주생식	nad-a001-02-000000541754005	bsn-a001-00-000000013604308	13	02	11068	P	1	0	0	4	0
20261001	4291318	cmp-a001-02-000000010764328	grp-a001-02-000000069047580	황성주생식	nad-a001-02-000000541753996	bsn-a001-00-000000013604308	13	10	8753	M	1	0	0	3	0
20261001	4291318	cmp-a001-02-000000010764328	grp-a001-02-000000069047580	스토어	nad-a001-02-000000541753997	bsn-a001-00-000000013604308	13	99	98128	M	9	0	0	9	0
20261001	4291318	cmp-a001-02-000000010764328	grp-a001-02-000000069047580	단백질쉐이크프로틴	nad-a001-02-000000553654562	bsn-a001-00-000000013604308	13	01	8753	M	1	0	0	4	0
20261001	4291318	cmp-a001-02-000000010764328	grp-a001-02-000000069047580	식사대용단백질쉐이크	nad-a001-02-000000553654562	bsn-a001-00-000000013604308	13	02	8753	M	1	0	0	2	0
20261001	4291318	cmp-a001-02-000000010764328	grp-a001-02-000000069047580	곡물단백질파우더	nad-a001-02-000000553654562	bsn-a001-00-000000013604308	13	03	8753	M	2	0	0	6	0
20261001	4291318	cmp-a001-02-000000010764328	grp-a001-02-000000069047580	PROTEIN	nad-a001-02-000000553654562	bsn-a001-00-000000013604308	13	09	8753	M	1	0	0	3	0
20261001	4291318	cmp-a001-02-000000010764328	grp-a001-02-000000069047580	칼로리바	nad-a001-02-000000553654559	bsn-a001-00-000000013604308	13	02	8753	M	3	0	0	9	0
20261001	4291318	cmp-a001-02-000000010764328	grp-a001-02-000000069047580	식물성단백질	nad-a001-02-000000553654562	bsn-a001-00-000000013604308	13	99	529514	M	2	0	0	2	0
20261001	4291318	cmp-a001-02-000000010764328	grp-a001-02-000000069047580	프로틴	nad-a001-02-000000553654562	bsn-a001-00-000000013604308	13	03	8753	M	3	0	0	9	0
20261001	4291318	cmp-a001-02-000000010764328	grp-a001-02-000000069047580	황성주생식	nad-a001-02-000000541753997	bsn-a001-00-000000013604308	13	99	8753	M	1	0	0	1	0
20261001	4291318	cmp-a001-02-000000010764328	grp-a001-02-000000069047580	에너지바	nad-a001-02-000000553654559	bsn-a001-00-000000013604308	13	99	529514	M	3	0	0	10	0
20261001	4291318	cmp-a001-02-000000010764328	grp-a001-02-000000069047580	한끼영양식	nad-a001-02-000000541753965	bsn-a001-00-000000013604308	13	04	11068	P	1	0	0	2	0
20261001	4291318	cmp-a001-02-000000010764328	grp-a001-02-000000069047580	단백질쉐이크	nad-a001-02-000000553654562	bsn-a001-00-000000013604308	13	01	529514	M	50	0	0	54	0
20261001	4291318	cmp-a001-02-000000010764328	grp-a001-02-000000069047580	프로틴	nad-a001-02-000000553654562	bsn-a001-00-000000013604308	13	13	8753	M	1	0	0	3	0
20261001	4291318	cmp-a001-02-000000010764328	grp-a001-02-000000069047580	황성주생식	nad-a001-02-000000541754004	bsn-a001-00-000000013604308	13	04	8753	M	2	0	0	4	0
20261001	4291318	cmp-a001-02-000000010764328	grp-a001-02-000000069047580	젤리	nad-a001-02-000000541753985	bsn-a001-00-000000013604308	13	11	8753	M	2	0	0	19	0
20261001	4291318	cmp-a001-02-000000010764328	grp-a001-02-000000069047580	보충제	nad-a001-02-000000553654562	bsn-a001-00-000000013604308	13	99	529514	M	4	0	0	4	0
20261001	4291318	cmp-a001-02-000000010764328	grp-a001-02-000000069047580	프로틴	nad-a001-02-000000553654562	bsn-a001-00-000000013604308	13	06	529514	M	30	0	0	31	0
20261001	4291318	cmp-a001-02-000000010764328	grp-a001-02-000000069047580	단백질파우더	nad-a001-02-000000553654562	bsn-a001-00-000000013604308	13	09	8753	M	2	0	0	8	0
20261001	4291318	cmp-a001-02-000000010764328	grp-a001-02-000000069047580	황성주생식	nad-a001-02-000000541754005	bsn-a001-00-000000013604308	13	02	529514	M	4	0	0	16	0
20261001	4291318	cmp-a001-02-000000010764328	grp-a001-02-000000069047580	단백질쉐이크	nad-a001-02-000000553654562	bsn-a001-00-000000013604308	13	09	529514	M	169	0	0	181	0
20261001	4291318	cmp-a001-02-000000010764328	grp-a001-02-000000069047580	프로틴바	nad-a001-02-000000553654558	bsn-a001-00-000000013604308	13	11	33421	M	1	0	0	2	0
20261001	4291318	cmp-a001-02-000000010764328	grp-a001-02-000000069047580	단백질쉐이크	nad-a001-02-000000553654562	bsn-a001-00-000000013604308	13	04	684925	P	4	0	0	4	0
20261001	4291318	cmp-a001-02-000000010764328	grp-a001-02-000000069047580	단백질바	nad-a001-02-000000553654559	bsn-a001-00-000000013604308	13	03	33421	M	1	0	0	13	0
20261001	4291318	cmp-a001-02-000000010764328	grp-a001-02-000000069047580	단백질바	nad-a001-02-000000553654554	bsn-a001-00-000000013604308	13	03	23123	P	1	0	0	3	0
20261001	4291318	cmp-a001-02-000000010764328	grp-a001-02-000000069047580	단백질간식	nad-a001-02-000000553654558	bsn-a001-00-000000013604308	13	02	684925	P	2	0	0	2	0
20261001	4291318	cmp-a001-02-000000010764328	grp-a001-02-000000069047580	브랜드스토어	nad-a001-02-000000541753997	bsn-a001-00-000000013604308	13	11	11068	P	1	0	0	3	0
20261001	4291318	cmp-a001-02-000000010764328	grp-a001-02-000000069047580	칼로리바	nad-a001-02-000000553654558	bsn-a001-00-000000013604308	13	09	8753	M	3	0	0	6	0
20261001	4291318	cmp-a001-02-000000010764328	grp-a001-02-000000069047580	단백질쉐이크	nad-a001-02-000000553654562	bsn-a001-00-000000013604308	13	03	684925	P	3	0	0	3	0
20261001	4291318	cmp-a001-02-000000010764328	grp-a001-02-000000069047580	보충제	nad-a001-02-000000553654562	bsn-a001-00-000000013604308	13	08	8753	M	1	0	0	2	0
20261001	4291318	cmp-a001-02-000000010764328	grp-a001-02-000000069047580	네이버스토어	nad-a001-02-000000541753997	bsn-a001-00-000000013604308	13	11	419964	M	1	0	0	1	0
20261001	4291318	cmp-a001-02-000000010764328	grp-a001-02-000000069047580	사랑님	nad-a001-02-000000553654554	bsn-a001-00-000000013604308	13	03	529514	M	4	0	0	10	0
20261001	4291318	cmp-a001-02-000000010764328	grp-a001-02-000000069047580	단백질쉐이크	nad-a001-02-000000553654562	bsn-a001-00-000000013604308	13	02	11068	P	2	0	0	2	0
20261001	4291318	cmp-a001-02-000000010764328	grp-a001-02-000000069047580	단백질바추천	nad-a001-02-000000553654558	bsn-a001-00-000000013604308	13	09	8753	M	1	0	0	6	0
20261001	4291318	cmp-a001-02-000000010764328	grp-a001-02-000000069047580	단백질파우더	nad-a001-02-000000553654562	bsn-a001-00-000000013604308	13	18	8753	M	1	0	0	6	0
20261001	4291318	cmp-a001-02-000000010764328	grp-a001-02-000000069047580	프로틴바	nad-a001-02-000000553654558	bsn-a001-00-000000013604308	13	02	27758	P	3	0	0	6	0
20261001	4291318	cmp-a001-02-000000010764328	grp-a001-02-000000069047580	균형영양식	nad-a001-02-000000541753965	bsn-a001-00-000000013604308	13	99	87620	M	2	0	0	5	0
20261001	4291318	cmp-a001-02-000000010764328	grp-a001-02-000000069047580	에너지바판촉물	nad-a001-02-000000553654554	bsn-a001-00-000000013604308	13	09	27758	P	1	0	0	2	0
20261001	4291318	cmp-a001-02-000000010764328	grp-a001-02-000000069047580	황성주박사의생식	nad-a001-02-000000541753996	bsn-a001-00-000000013604308	13	09	8753	M	1	0	0	3	0
20261001	4291318	cmp-a001-02-000000010764328	grp-a001-02-000000069047580	식물성프로틴	nad-a001-02-000000553654562	bsn-a001-00-000000013604308	13	08	8753	M	1	0	0	3	0
20261001	4291318	cmp-a001-02-000000010764328	grp-a001-02-000000069047580	HIGH	nad-a001-02-000000553654562	bsn-a001-00-000000013604308	13	02	98128	M	5	0	0	5	0
20261001	4291318	cmp-a001-02-000000010764328	grp-a001-02-000000069047580	프로틴바	nad-a001-02-000000553654554	bsn-a001-00-000000013604308	13	09	87620	M	2	0	0	2	0
20261001	4291318	cmp-a001-02-000000010764328	grp-a001-02-000000069047580	단백질보충제추천	nad-a001-02-000000553654562	bsn-a001-00-000000013604308	13	00	612593	P	1	0	0	2	0
20261001	4291318	cmp-a001-02-000000010764328	grp-a001-02-000000069047580	단백질보충제	nad-a001-02-000000553654562	bsn-a001-00-000000013604308	13	06	335738	P	1	0	0	2	0
20261001	4291318	cmp-a001-02-000000010764328	grp-a001-02-000000069047580	단백질쉐이크	nad-a001-02-000000553654562	bsn-a001-00-000000013604308	13	13	529514	M	2	0	0	3	0
20261001	4291318	cmp-a001-02-000000010764328	grp-a001-02-000000069047580	단백질보충제	nad-a001-02-000000553654562	bsn-a001-00-000000013604308	13	03	33421	M	3	0	0	8	0
20261001	4291318	cmp-a001-02-000000010764328	grp-a001-02-000000069047580	젤리	nad-a001-02-000000541753985	bsn-a001-00-000000013604308	13	09	27758	P	2	0	0	7	0
20261001	4291318	cmp-a001-02-000000010764328	grp-a001-02-000000069047580	스토어	nad-a001-02-000000541753997	bsn-a001-00-000000013604308	13	01	98128	M	4	0	0	4	0
20261001	4291318	cmp-a001-02-000000010764328	grp-a001-02-000000069047580	프로틴	nad-a001-02-000000553654562	bsn-a001-00-000000013604308	13	04	529514	M	6	0	0	7	0
20261001	4291318	cmp-a001-02-000000010764328	grp-a001-02-000000069047580	프로틴	nad-a001-02-000000553654562	bsn-a001-00-000000013604308	13	99	8753	M	1	0	0	3	0
20261001	4291318	cmp-a001-02-000000010764328	grp-a001-02-000000069047580	단백질프로틴	nad-a001-02-000000553654562	bsn-a001-00-000000013604308	13	99	529514	M	2	0	0	2	0
20261001	4291318	cmp-a001-02-000000010764328	grp-a001-02-000000069047580	단백질바	nad-a001-02-000000553654558	bsn-a001-00-000000013604308	13	03	8753	M	3	0	0	8	0
20261001	4291318	cmp-a001-02-000000010764328	grp-a001-02-000000069047580	분말가루	nad-a001-02-000000541754004	bsn-a001-00-000000013604308	13	18	8753	M	1	0	0	3	0
20261001	4291318	cmp-a001-02-000000010764328	grp-a001-02-000000069047580	장수촌진편가루	nad-a001-02-000000541754004	bsn-a001-00-000000013604308	13	09	8753	M	1	0	0	2	0
20261001	4291318	cmp-a001-02-000000010764328	grp-a001-02-000000069047580	단백질바칼로리	nad-a001-02-000000553654554	bsn-a001-00-000000013604308	13	02	8753	M	1	0	0	1	0
20261001	4291318	cmp-a001-02-000000010764328	grp-a001-02-000000069047580	칼로리바	nad-a001-02-000000553654558	bsn-a001-00-000000013604308	13	02	529514	M	2	0	0	4	0
20261001	4291318	cmp-a001-02-000000010764328	grp-a001-02-000000069047580	에너지바	nad-a001-02-000000553654559	bsn-a001-00-000000013604308	13	04	684927	P	2	0	0	10	0
20261001	4291318	cmp-a001-02-000000010764328	grp-a001-02-000000069047580	프로틴	nad-a001-02-000000553654562	bsn-a001-00-000000013604308	13	99	768323	M	59	0	0	86	0
20261001	4291318	cmp-a001-02-000000010764328	grp-a001-02-000000069047580	단백질보충제	nad-a001-02-000000553654562	bsn-a001-00-000000013604308	13	08	684925	P	2	0	0	2	0
20261001	4291318	cmp-a001-02-000000010764328	grp-a001-02-000000069047580	에너지바	nad-a001-02-000000553654554	bsn-a001-00-000000013604308	13	99	8753	M	1	0	0	1	0
20261001	4291318	cmp-a001-02-000000010764328	grp-a001-02-000000069047580	프로틴	nad-a001-02-000000553654562	bsn-a001-00-000000013604308	13	11	684926	M	2	0	0	20	0
20261001	4291318	cmp-a001-02-000000010764328	grp-a001-02-000000069047580	에너지바	nad-a001-02-000000553654554	bsn-a001-00-000000013604308	13	03	87620	M	1	0	0	2	0
20261001	4291318	cmp-a001-02-000000010764328	grp-a001-02-000000069047580	단백질	nad-a001-02-000000553654562	bsn-a001-00-000000013604308	13	03	684925	P	1	0	0	1	0
20261001	4291318	cmp-a001-02-000000010764328	grp-a001-02-000000069047580	엄마사랑	nad-a001-02-000000553654554	bsn-a001-00-000000013604308	13	02	529514	M	1	0	0	1	0
20261001	4291318	cmp-a001-02-000000010764328	grp-a001-02-000000069047580	단백질간식	nad-a001-02-000000553654558	bsn-a001-00-000000013604308	13	02	27758	P	2	0	0	7	0
20261001	4291318	cmp-a001-02-000000010764328	grp-a001-02-000000069047580	단백질쉐이크	nad-a001-02-000000553654562	bsn-a001-00-000000013604308	13	09	8753	M	13	1	3542	61	0
20261001	4291318	cmp-a001-02-000000010764328	grp-a001-02-000000069047580	단백질쉐이크	nad-a001-02-000000553654562	bsn-a001-00-000000013604308	13	18	27758	P	2	0	0	4	0
20261001	4291318	cmp-a001-02-000000010764328	grp-a001-02-000000069047580	연예인황산화가루	nad-a001-02-000000541754004	bsn-a001-00-000000013604308	13	01	8753	M	1	0	0	3	0
20261001	4291318	cmp-a001-02-000000010764328	grp-a001-02-000000069047580	단백질바	nad-a001-02-000000553654554	bsn-a001-00-000000013604308	13	02	27758	P	1	0	0	2	0
20261001	4291318	cmp-a001-02-000000010764328	grp-a001-02-000000069047580	단백질쉐이크비교	nad-a001-02-000000553654562	bsn-a001-00-000000013604308	13	09	8753	M	1	0	0	13	0
20261001	4291318	cmp-a001-02-000000010764328	grp-a001-02-000000069047580	스토어	nad-a001-02-000000541753997	bsn-a001-00-000000013604308	13	09	98128	M	24	0	0	24	0
20261001	4291318	cmp-a001-02-000000010764328	grp-a001-02-000000069047580	젤리	nad-a001-02-000000541753985	bsn-a001-00-000000013604308	13	03	768323	M	1	0	0	1	0
20261001	4291318	cmp-a001-02-000000010764328	grp-a001-02-000000069047580	황성주생식	nad-a001-02-000000541753997	bsn-a001-00-000000013604308	13	10	8753	M	1	0	0	1	0
20261001	4291318	cmp-a001-02-000000010764328	grp-a001-02-000000069047580	단백질	nad-a001-02-000000553654562	bsn-a001-00-000000013604308	13	02	529514	M	8	0	0	9	0
20261001	4291318	cmp-a001-02-000000010764328	grp-a001-02-000000069047580	빠바에너지바	nad-a001-02-000000553654554	bsn-a001-00-000000013604308	13	09	8753	M	1	0	0	1	0
20261001	4291318	cmp-a001-02-000000010764328	grp-a001-02-000000069047580	단백질간식	nad-a001-02-000000553654558	bsn-a001-00-000000013604308	13	09	11068	P	1	0	0	2	0
20261001	4291318	cmp-a001-02-000000010764328	grp-a001-02-000000069047580	단백질	nad-a001-02-000000553654562	bsn-a001-00-000000013604308	13	09	27758	P	1	0	0	2	0
20261001	4291318	cmp-a001-02-000000010764328	grp-a001-02-000000069047580	간식스토어	nad-a001-02-000000553654558	bsn-a001-00-000000013604308	13	11	8753	M	1	0	0	3	0
20261001	4291318	cmp-a001-02-000000010764328	grp-a001-02-000000069047580	단백질에너지바추천	nad-a001-02-000000553654554	bsn-a001-00-000000013604308	13	04	8753	M	1	0	0	1	0
20261001	4291318	cmp-a001-02-000000010764328	grp-a001-02-000000069047580	사랑	nad-a001-02-000000553654558	bsn-a001-00-000000013604308	13	09	98128	M	6	0	0	18	0
20261001	4291318	cmp-a001-02-000000010764328	grp-a001-02-000000069047580	황성주생식	nad-a001-02-000000541754005	bsn-a001-00-000000013604308	13	99	11068	P	1	0	0	4	0
20261001	4291318	cmp-a001-02-000000010764328	grp-a001-02-000000069047580	황성주생식	nad-a001-02-000000541754005	bsn-a001-00-000000013604308	13	09	8753	M	1	0	0	4	0
20261001	4291318	cmp-a001-02-000000010764328	grp-a001-02-000000069047580	다이어트단백질추천	nad-a001-02-000000553654562	bsn-a001-00-000000013604308	13	06	8753	M	1	0	0	3	0
20261001	4291318	cmp-a001-02-000000010764328	grp-a001-02-000000069047580	프로틴파우더	nad-a001-02-000000553654562	bsn-a001-00-000000013604308	13	02	684925	P	1	0	0	1	0
20261001	4291318	cmp-a001-02-000000010764328	grp-a001-02-000000069047580	프로틴	nad-a001-02-000000553654562	bsn-a001-00-000000013604308	13	03	33421	M	1	0	0	4	0
20261001	4291318	cmp-a001-02-000000010764328	grp-a001-02-000000069047580	젤리	nad-a001-02-000000541753985	bsn-a001-00-000000013604308	13	07	768323	M	4	0	0	4	0
20261001	4291318	cmp-a001-02-000000010764328	grp-a001-02-000000069047580	젤리	nad-a001-02-000000541753985	bsn-a001-00-000000013604308	13	09	768323	M	5	0	0	5	0
20261001	4291318	cmp-a001-02-000000010764328	grp-a001-02-000000069047580	분말	nad-a001-02-000000541753997	bsn-a001-00-000000013604308	13	08	8753	M	1	0	0	1	0
20261001	4291318	cmp-a001-02-000000010764328	grp-a001-02-000000069047580	다이어트쉐이크	nad-a001-02-000000553654562	bsn-a001-00-000000013604308	13	18	529514	M	15	0	0	15	0
20261001	4291318	cmp-a001-02-000000010764328	grp-a001-02-000000069047580	단백질쉐이크	nad-a001-02-000000553654562	bsn-a001-00-000000013604308	13	99	529514	M	68	0	0	71	0
20261001	4291318	cmp-a001-02-000000010764328	grp-a001-02-000000069047580	쉐이크	nad-a001-02-000000553654562	bsn-a001-00-000000013604308	13	08	684925	P	1	0	0	1	0
20261001	4291318	cmp-a001-02-000000010764328	grp-a001-02-000000069047580	에너지바	nad-a001-02-000000553654558	bsn-a001-00-000000013604308	13	18	33421	M	1	0	0	2	0
20261001	4291318	cmp-a001-02-000000010764328	grp-a001-02-000000069047580	에너지바	nad-a001-02-000000553654554	bsn-a001-00-000000013604308	13	03	8753	M	1	0	0	2	0
20261001	4291318	cmp-a001-02-000000010764328	grp-a001-02-000000069047580	단백질바	nad-a001-02-000000553654554	bsn-a001-00-000000013604308	13	04	33421	M	1	0	0	1	0
20261001	4291318	cmp-a001-02-000000010764328	grp-a001-02-000000069047580	프로틴바	nad-a001-02-000000553654559	bsn-a001-00-000000013604308	13	16	529514	M	2	0	0	6	0
20261001	4291318	cmp-a001-02-000000010764328	grp-a001-02-000000069047580	식품브랜드마케터	nad-a001-02-000000541753997	bsn-a001-00-000000013604308	13	09	8753	M	2	0	0	2	0
20261001	4291318	cmp-a001-02-000000010764328	grp-a001-02-000000069047580	에너지바	nad-a001-02-000000553654554	bsn-a001-00-000000013604308	13	08	27758	P	1	0	0	3	0
20261001	4291318	cmp-a001-02-000000010764328	grp-a001-02-000000069047580	가루	nad-a001-02-000000541754004	bsn-a001-00-000000013604308	13	01	8753	M	1	0	0	3	0
20261001	4291318	cmp-a001-02-000000010764328	grp-a001-02-000000069047580	브랜드스토어	nad-a001-02-000000541753996	bsn-a001-00-000000013604308	13	01	11068	P	5	0	0	18	0
20261001	4291318	cmp-a001-02-000000010764328	grp-a001-02-000000069047580	단백질쉐이크	nad-a001-02-000000553654562	bsn-a001-00-000000013604308	13	06	529514	M	4	0	0	4	0
20261001	4291318	cmp-a001-02-000000010764328	grp-a001-02-000000069047580	단백질간식	nad-a001-02-000000553654559	bsn-a001-00-000000013604308	13	09	11068	P	1	0	0	8	0
20261001	4291318	cmp-a001-02-000000010764328	grp-a001-02-000000069047580	에너지바	nad-a001-02-000000553654554	bsn-a001-00-000000013604308	13	07	8753	M	1	0	0	1	0
20261001	4291318	cmp-a001-02-000000010764328	grp-a001-02-000000069047580	프로틴	nad-a001-02-000000553654562	bsn-a001-00-000000013604308	13	11	684927	P	1	0	0	1	0
20261001	4291318	cmp-a001-02-000000010764328	grp-a001-02-000000069047580	단백질파우더	nad-a001-02-000000553654562	bsn-a001-00-000000013604308	13	03	8753	M	2	0	0	9	0
20261001	4291318	cmp-a001-02-000000010764328	grp-a001-02-000000069047580	프로틴	nad-a001-02-000000553654562	bsn-a001-00-000000013604308	13	01	529514	M	7	0	0	7	0
20261001	4291318	cmp-a001-02-000000010764328	grp-a001-02-000000069047580	단백질바	nad-a001-02-000000553654558	bsn-a001-00-000000013604308	13	09	529514	M	23	0	0	38	0
20261001	4291318	cmp-a001-02-000000010764328	grp-a001-02-000000069047580	다이어트쉐이크	nad-a001-02-000000553654562	bsn-a001-00-000000013604308	13	01	529514	M	2	0	0	2	0
20261001	4291318	cmp-a001-02-000000010764328	grp-a001-02-000000069047580	단백질바	nad-a001-02-000000553654554	bsn-a001-00-000000013604308	13	99	33421	M	1	0	0	1	0
20261001	4291318	cmp-a001-02-000000010764328	grp-a001-02-000000069047580	단백질바	nad-a001-02-000000553654554	bsn-a001-00-000000013604308	13	08	33421	M	1	0	0	1	0
20261001	4291318	cmp-a001-02-000000010764328	grp-a001-02-000000069047580	에너지바	nad-a001-02-000000553654554	bsn-a001-00-000000013604308	13	09	23123	P	2	0	0	4	0
20261001	4291318	cmp-a001-02-000000010764328	grp-a001-02-000000069047580	사탕젤리	nad-a001-02-000000541753985	bsn-a001-00-000000013604308	13	09	23123	P	2	0	0	6	0
20261001	4291318	cmp-a001-02-000000010764328	grp-a001-02-000000069047580	단백질없는식품	nad-a001-02-000000553654562	bsn-a001-00-000000013604308	13	09	8753	M	1	0	0	4	0
20261001	4291318	cmp-a001-02-000000010764328	grp-a001-02-000000069047580	프로틴바	nad-a001-02-000000553654554	bsn-a001-00-000000013604308	13	09	529514	M	27	0	0	36	0
20261001	4291318	cmp-a001-02-000000010764328	grp-a001-02-000000069047580	스토어	nad-a001-02-000000541753997	bsn-a001-00-000000013604308	13	08	98128	M	2	0	0	2	0
20261001	4291318	cmp-a001-02-000000010764328	grp-a001-02-000000069047580	에너지바	nad-a001-02-000000553654554	bsn-a001-00-000000013604308	13	06	529514	M	6	0	0	9	0
20261001	4291318	cmp-a001-02-000000010764328	grp-a001-02-000000069047580	프로틴추천	nad-a001-02-000000553654562	bsn-a001-00-000000013604308	13	02	8753	M	1	0	0	5	0
20261001	4291318	cmp-a001-02-000000010764328	grp-a001-02-000000069047580	단백질쉐이크	nad-a001-02-000000553654562	bsn-a001-00-000000013604308	13	03	27758	P	3	0	0	5	0
20261001	4291318	cmp-a001-02-000000010764328	grp-a001-02-000000069047580	단백질바	nad-a001-02-000000553654554	bsn-a001-00-000000013604308	13	07	8753	M	1	0	0	1	0
20261001	4291318	cmp-a001-02-000000010764328	grp-a001-02-000000069047580	사랑	nad-a001-02-000000553654554	bsn-a001-00-000000013604308	13	17	98128	M	1	0	0	2	0
20261001	4291318	cmp-a001-02-000000010764328	grp-a001-02-000000069047580	에너지바	nad-a001-02-000000553654559	bsn-a001-00-000000013604308	13	08	33421	M	3	0	0	13	0
20261001	4291318	cmp-a001-02-000000010764328	grp-a001-02-000000069047580	다이어트쉐이크	nad-a001-02-000000553654562	bsn-a001-00-000000013604308	13	16	768323	M	2	0	0	4	0
20261001	4291318	cmp-a001-02-000000010764328	grp-a001-02-000000069047580	HIGH	nad-a001-02-000000553654562	bsn-a001-00-000000013604308	13	09	98128	M	2	0	0	2	0
20261001	4291318	cmp-a001-02-000000010764328	grp-a001-02-000000069047580	황성주생식라이프밀	nad-a001-02-000000541754004	bsn-a001-00-000000013604308	13	02	11068	P	1	0	0	3	0
20261001	4291318	cmp-a001-02-000000010764328	grp-a001-02-000000069047580	에너지바	nad-a001-02-000000553654554	bsn-a001-00-000000013604308	13	03	33421	M	2	0	0	2	0
20261001	4291318	cmp-a001-02-000000010764328	grp-a001-02-000000069047580	젤리	nad-a001-02-000000541753985	bsn-a001-00-000000013604308	13	07	684926	M	2	0	0	10	0
20261001	4291318	cmp-a001-02-000000010764328	grp-a001-02-000000069047580	엄마사랑	nad-a001-02-000000553654558	bsn-a001-00-000000013604308	13	02	529514	M	1	0	0	2	0
20261001	4291318	cmp-a001-02-000000010764328	grp-a001-02-000000069047580	다이어트식사대용	nad-a001-02-000000553654562	bsn-a001-00-000000013604308	13	06	8753	M	1	0	0	5	0
20261001	4291318	cmp-a001-02-000000010764328	grp-a001-02-000000069047580	단백질바칼로리	nad-a001-02-000000553654558	bsn-a001-00-000000013604308	13	02	8753	M	1	0	0	2	0
20261001	4291318	cmp-a001-02-000000010764328	grp-a001-02-000000069047580	식물성단백질	nad-a001-02-000000553654562	bsn-a001-00-000000013604308	13	10	8753	M	1	0	0	2	0
20261001	4291318	cmp-a001-02-000000010764328	grp-a001-02-000000069047580	프로틴바	nad-a001-02-000000553654554	bsn-a001-00-000000013604308	13	02	529514	M	14	0	0	21	0
20261001	4291318	cmp-a001-02-000000010764328	grp-a001-02-000000069047580	프로틴	nad-a001-02-000000553654562	bsn-a001-00-000000013604308	13	07	8753	M	3	0	0	9	0
20261001	4291318	cmp-a001-02-000000010764328	grp-a001-02-000000069047580	단백질바칼로리	nad-a001-02-000000553654559	bsn-a001-00-000000013604308	13	02	8753	M	1	0	0	3	0
20261001	4291318	cmp-a001-02-000000010764328	grp-a001-02-000000069047580	단백질	nad-a001-02-000000553654562	bsn-a001-00-000000013604308	13	04	684925	P	1	0	0	1	0
20261001	4291318	cmp-a001-02-000000010764328	grp-a001-02-000000069047580	다이어트쉐이크	nad-a001-02-000000553654562	bsn-a001-00-000000013604308	13	09	529514	M	8	0	0	8	0
20261001	4291318	cmp-a001-02-000000010764328	grp-a001-02-000000069047580	사랑	nad-a001-02-000000553654554	bsn-a001-00-000000013604308	13	07	98128	M	1	0	0	2	0
20261001	4291318	cmp-a001-02-000000010764328	grp-a001-02-000000069047580	삽초싹가루효능	nad-a001-02-000000541754004	bsn-a001-00-000000013604308	13	16	8753	M	1	0	0	5	0
20261001	4291318	cmp-a001-02-000000010764328	grp-a001-02-000000069047580	황성주생식라이프밀	nad-a001-02-000000541754004	bsn-a001-00-000000013604308	13	02	8753	M	1	1	4990	2	0
20261001	4291318	cmp-a001-02-000000010764328	grp-a001-02-000000069047580	단백질바	nad-a001-02-000000553654559	bsn-a001-00-000000013604308	13	08	529514	M	1	0	0	3	0
20261001	4291318	cmp-a001-02-000000010764328	grp-a001-02-000000069047580	스낵데이	nad-a001-02-000000553654554	bsn-a001-00-000000013604308	13	09	8753	M	1	0	0	1	0
20261001	4291318	cmp-a001-02-000000010764328	grp-a001-02-000000069047580	프로틴	nad-a001-02-000000553654562	bsn-a001-00-000000013604308	13	01	768323	M	3	0	0	5	0
20261001	4291318	cmp-a001-02-000000010764328	grp-a001-02-000000069047580	에너지바	nad-a001-02-000000553654558	bsn-a001-00-000000013604308	13	08	791888	M	1	0	0	2	0
20261001	4291318	cmp-a001-02-000000010764328	grp-a001-02-000000069047580	단백질보충제	nad-a001-02-000000553654562	bsn-a001-00-000000013604308	13	09	87620	M	2	0	0	4	0
20261001	4291318	cmp-a001-02-000000010764328	grp-a001-02-000000069047580	단백질보충제	nad-a001-02-000000553654562	bsn-a001-00-000000013604308	13	03	684927	P	2	0	0	24	0
20261001	4291318	cmp-a001-02-000000010764328	grp-a001-02-000000069047580	단백질쉐이크	nad-a001-02-000000553654562	bsn-a001-00-000000013604308	13	18	8753	M	3	0	0	5	0
20261001	4291318	cmp-a001-02-000000010764328	grp-a001-02-000000069047580	황성주생식	nad-a001-02-000000541754004	bsn-a001-00-000000013604308	13	99	8753	M	1	0	0	2	0
20261001	4291318	cmp-a001-02-000000010764328	grp-a001-02-000000069047580	단백질	nad-a001-02-000000553654562	bsn-a001-00-000000013604308	13	09	98128	M	4	0	0	4	0
20261001	4291318	cmp-a001-02-000000010764328	grp-a001-02-000000069047580	단백질쉐이크	nad-a001-02-000000553654562	bsn-a001-00-000000013604308	13	11	529514	M	3	0	0	3	0
20261001	4291318	cmp-a001-02-000000010764328	grp-a001-02-000000069047580	단백질쉐이크	nad-a001-02-000000553654562	bsn-a001-00-000000013604308	13	16	684925	P	1	0	0	1	0
20261001	4291318	cmp-a001-02-000000010764328	grp-a001-02-000000069047580	프로틴	nad-a001-02-000000553654562	bsn-a001-00-000000013604308	13	99	684926	M	5	0	0	33	0
20261001	4291318	cmp-a001-02-000000010764328	grp-a001-02-000000069047580	단백질바	nad-a001-02-000000553654554	bsn-a001-00-000000013604308	13	99	529514	M	12	0	0	15	0
20261001	4291318	cmp-a001-02-000000010764328	grp-a001-02-000000069047580	프로틴	nad-a001-02-000000553654562	bsn-a001-00-000000013604308	13	02	684925	P	2	0	0	2	0
20261001	4291318	cmp-a001-02-000000010764328	grp-a001-02-000000069047580	단백질파우더	nad-a001-02-000000553654562	bsn-a001-00-000000013604308	13	11	8753	M	1	0	0	5	0
20261001	4291318	cmp-a001-02-000000010764328	grp-a001-02-000000069047580	단백질쉐이크	nad-a001-02-000000553654562	bsn-a001-00-000000013604308	13	99	8753	M	1	0	0	3	0
20261001	4291318	cmp-a001-02-000000010764328	grp-a001-02-000000069047580	프로틴	nad-a001-02-000000553654562	bsn-a001-00-000000013604308	13	09	768323	M	104	0	0	131	0
20261001	4291318	cmp-a001-02-000000010764328	grp-a001-02-000000069047580	젤리	nad-a001-02-000000541753985	bsn-a001-00-000000013604308	13	17	8753	M	1	0	0	2	0
20261001	4291318	cmp-a001-02-000000010764328	grp-a001-02-000000069047580	단백질쉐이크	nad-a001-02-000000553654562	bsn-a001-00-000000013604308	13	00	529514	M	1	0	0	1	0
20261001	4291318	cmp-a001-02-000000010764328	grp-a001-02-000000069047580	다이어트쉐이크	nad-a001-02-000000553654562	bsn-a001-00-000000013604308	13	04	768323	M	5	0	0	14	0
20261001	4291318	cmp-a001-02-000000010764328	grp-a001-02-000000069047580	프로틴바	nad-a001-02-000000553654558	bsn-a001-00-000000013604308	13	99	529514	M	7	0	0	13	0
20261001	4291318	cmp-a001-02-000000010764328	grp-a001-02-000000069047580	단백질바추천	nad-a001-02-000000553654554	bsn-a001-00-000000013604308	13	09	27758	P	1	0	0	2	0
20261001	4291318	cmp-a001-02-000000010764328	grp-a001-02-000000069047580	사랑님	nad-a001-02-000000553654554	bsn-a001-00-000000013604308	13	09	529514	M	2	0	0	5	0
20261001	4291318	cmp-a001-02-000000010764328	grp-a001-02-000000069047580	젤리	nad-a001-02-000000541753985	bsn-a001-00-000000013604308	13	99	98128	M	2	0	0	2	0
20261001	4291318	cmp-a001-02-000000010764328	grp-a001-02-000000069047580	쉐이크	nad-a001-02-000000553654562	bsn-a001-00-000000013604308	13	09	11068	P	3	0	0	24	0
20261001	4291318	cmp-a001-02-000000010764328	grp-a001-02-000000069047580	에너지바	nad-a001-02-000000553654559	bsn-a001-00-000000013604308	13	02	33421	M	3	0	0	12	0
20261001	4291318	cmp-a001-02-000000010764328	grp-a001-02-000000069047580	단백질보충제	nad-a001-02-000000553654562	bsn-a001-00-000000013604308	13	08	8753	M	2	0	0	6	0
20261001	4291318	cmp-a001-02-000000010764328	grp-a001-02-000000069047580	SHAKESHAKE	nad-a001-02-000000553654562	bsn-a001-00-000000013604308	13	15	8753	M	1	0	0	3	0
20261001	4291318	cmp-a001-02-000000010764328	grp-a001-02-000000069047580	에너지바	nad-a001-02-000000553654554	bsn-a001-00-000000013604308	13	08	33421	M	3	0	0	3	0
20261001	4291318	cmp-a001-02-000000010764328	grp-a001-02-000000069047580	분말가루	nad-a001-02-000000541753996	bsn-a001-00-000000013604308	13	18	8753	M	1	0	0	4	0
20261001	4291318	cmp-a001-02-000000010764328	grp-a001-02-000000069047580	사랑님	nad-a001-02-000000553654558	bsn-a001-00-000000013604308	13	16	529514	M	2	0	0	5	0
20261001	4291318	cmp-a001-02-000000010764328	grp-a001-02-000000069047580	단백질쉐이크	nad-a001-02-000000553654562	bsn-a001-00-000000013604308	13	15	98128	M	8	1	3458	12	0
20261001	4291318	cmp-a001-02-000000010764328	grp-a001-02-000000069047580	단백질에너지바추천	nad-a001-02-000000553654558	bsn-a001-00-000000013604308	13	04	8753	M	1	0	0	4	0
20261001	4291318	cmp-a001-02-000000010764328	grp-a001-02-000000069047580	단백질보충제	nad-a001-02-000000553654562	bsn-a001-00-000000013604308	13	09	23123	P	6	0	0	12	0
20261001	4291318	cmp-a001-02-000000010764328	grp-a001-02-000000069047580	단백질	nad-a001-02-000000553654562	bsn-a001-00-000000013604308	13	18	684925	P	2	0	0	2	0
20261001	4291318	cmp-a001-02-000000010764328	grp-a001-02-000000069047580	쉐이크가격	nad-a001-02-000000553654562	bsn-a001-00-000000013604308	13	09	8753	M	1	0	0	4	0
20261001	4291318	cmp-a001-02-000000010764328	grp-a001-02-000000069047580	연신내프로틴쉐이크	nad-a001-02-000000553654562	bsn-a001-00-000000013604308	13	02	8753	M	1	0	0	5	0
20261001	4291318	cmp-a001-02-000000010764328	grp-a001-02-000000069047580	초코과자불량식품	nad-a001-02-000000553654554	bsn-a001-00-000000013604308	13	10	27758	P	1	0	0	2	0
20261001	4291318	cmp-a001-02-000000010764328	grp-a001-02-000000069047580	프로틴	nad-a001-02-000000553654562	bsn-a001-00-000000013604308	13	09	137281	M	6	0	0	6	0
20261001	4291318	cmp-a001-02-000000010764328	grp-a001-02-000000069047580	칼로리바	nad-a001-02-000000553654554	bsn-a001-00-000000013604308	13	02	8753	M	3	0	0	3	0
20261001	4291318	cmp-a001-02-000000010764328	grp-a001-02-000000069047580	황성주박사의생식	nad-a001-02-000000541754004	bsn-a001-00-000000013604308	13	09	8753	M	1	0	0	2	0
20261001	4291318	cmp-a001-02-000000010764328	grp-a001-02-000000069047580	단백질보충제	nad-a001-02-000000553654562	bsn-a001-00-000000013604308	13	13	8753	M	3	0	0	14	0
20261001	4291318	cmp-a001-02-000000010764328	grp-a001-02-000000069047580	단백질보충제	nad-a001-02-000000553654562	bsn-a001-00-000000013604308	13	02	684925	P	1	0	0	1	0
20261001	4291318	cmp-a001-02-000000010764328	grp-a001-02-000000069047580	프로틴바	nad-a001-02-000000553654554	bsn-a001-00-000000013604308	13	11	33421	M	1	0	0	1	0
20261001	4291318	cmp-a001-02-000000010764328	grp-a001-02-000000069047580	에너지바	nad-a001-02-000000553654554	bsn-a001-00-000000013604308	13	08	791888	M	1	0	0	1	0
20261001	4291318	cmp-a001-02-000000010764328	grp-a001-02-000000069047580	프로틴	nad-a001-02-000000553654562	bsn-a001-00-000000013604308	13	08	768323	M	14	0	0	19	0
20261001	4291318	cmp-a001-02-000000010764328	grp-a001-02-000000069047580	사랑이	nad-a001-02-000000553654558	bsn-a001-00-000000013604308	13	99	529514	M	3	0	0	7	0
20261001	4291318	cmp-a001-02-000000010764328	grp-a001-02-000000069047580	사랑	nad-a001-02-000000553654554	bsn-a001-00-000000013604308	13	03	98128	M	1	0	0	2	0
20261001	4291318	cmp-a001-02-000000010764328	grp-a001-02-000000069047580	다이어트쉐이크	nad-a001-02-000000553654562	bsn-a001-00-000000013604308	13	13	768323	M	1	0	0	3	0
20261001	4291318	cmp-a001-02-000000010764328	grp-a001-02-000000069047580	다이어트쉐이크	nad-a001-02-000000553654562	bsn-a001-00-000000013604308	13	18	768323	M	4	0	0	12	0
20261001	4291318	cmp-a001-02-000000010764328	grp-a001-02-000000069047580	전주칼로리바가격	nad-a001-02-000000553654558	bsn-a001-00-000000013604308	13	13	8753	M	1	0	0	2	0
20261001	4291318	cmp-a001-02-000000010764328	grp-a001-02-000000069047580	단백질바	nad-a001-02-000000553654558	bsn-a001-00-000000013604308	13	04	33421	M	1	0	0	2	0
20261001	4291318	cmp-a001-02-000000010764328	grp-a001-02-000000069047580	단백질바	nad-a001-02-000000553654559	bsn-a001-00-000000013604308	13	06	33421	M	1	0	0	13	0
20261001	4291318	cmp-a001-02-000000010764328	grp-a001-02-000000069047580	씨알시리얼바	nad-a001-02-000000553654554	bsn-a001-00-000000013604308	13	02	8753	M	1	0	0	1	0
20261001	4291318	cmp-a001-02-000000010764328	grp-a001-02-000000069047580	단백질	nad-a001-02-000000553654562	bsn-a001-00-000000013604308	13	06	27758	P	2	0	0	4	0
20261001	4291318	cmp-a001-02-000000010764328	grp-a001-02-000000069047580	프로틴	nad-a001-02-000000553654562	bsn-a001-00-000000013604308	13	11	612593	P	1	0	0	1	0
20261001	4291318	cmp-a001-02-000000010764328	grp-a001-02-000000069047580	푸룬구미	nad-a001-02-000000541753985	bsn-a001-00-000000013604308	13	02	8753	M	1	0	0	3	0
20261001	4291318	cmp-a001-02-000000010764328	grp-a001-02-000000069047580	식물성단백질	nad-a001-02-000000553654562	bsn-a001-00-000000013604308	13	02	529514	M	7	0	0	7	0
20261001	4291318	cmp-a001-02-000000010764328	grp-a001-02-000000069047580	단백질보충제	nad-a001-02-000000553654562	bsn-a001-00-000000013604308	13	04	8753	M	1	0	0	5	0
20261001	4291318	cmp-a001-02-000000010764328	grp-a001-02-000000069047580	단백질	nad-a001-02-000000553654562	bsn-a001-00-000000013604308	13	02	684926	M	4	0	0	36	0
20261001	4291318	cmp-a001-02-000000010764328	grp-a001-02-000000069047580	단백질파우더	nad-a001-02-000000553654562	bsn-a001-00-000000013604308	13	00	8753	M	2	0	0	8	0
20261001	4291318	cmp-a001-02-000000010764328	grp-a001-02-000000069047580	젤리	nad-a001-02-000000541753985	bsn-a001-00-000000013604308	13	01	529514	M	46	0	0	46	0
20261001	4291318	cmp-a001-02-000000010764328	grp-a001-02-000000069047580	단백질쉐이크추천	nad-a001-02-000000553654562	bsn-a001-00-000000013604308	13	16	11068	P	1	0	0	13	0
20261001	4291318	cmp-a001-02-000000010764328	grp-a001-02-000000069047580	젤리	nad-a001-02-000000541753985	bsn-a001-00-000000013604308	13	15	684926	M	2	0	0	18	0
20261001	4291318	cmp-a001-02-000000010764328	grp-a001-02-000000069047580	단백질보충제	nad-a001-02-000000553654562	bsn-a001-00-000000013604308	13	08	27758	P	2	0	0	6	0
20261001	4291318	cmp-a001-02-000000010764328	grp-a001-02-000000069047580	프로틴	nad-a001-02-000000553654562	bsn-a001-00-000000013604308	13	11	529514	M	5	0	0	5	0
20261001	4291318	cmp-a001-02-000000010764328	grp-a001-02-000000069047580	프로틴	nad-a001-02-000000553654562	bsn-a001-00-000000013604308	13	15	8753	M	2	0	0	5	0
20261001	4291318	cmp-a001-02-000000010764328	grp-a001-02-000000069047580	쑥가루분말200G2개	nad-a001-02-000000541753997	bsn-a001-00-000000013604308	13	09	33421	M	1	0	0	1	0
20261001	4291318	cmp-a001-02-000000010764328	grp-a001-02-000000069047580	프로틴	nad-a001-02-000000553654562	bsn-a001-00-000000013604308	13	13	684925	P	1	0	0	1	0
20261001	4291318	cmp-a001-02-000000010764328	grp-a001-02-000000069047580	식사대용쉐이크	nad-a001-02-000000553654562	bsn-a001-00-000000013604308	13	02	8753	M	1	0	0	6	0
20261001	4291318	cmp-a001-02-000000010764328	grp-a001-02-000000069047580	황성주생식	nad-a001-02-000000541753996	bsn-a001-00-000000013604308	13	99	633013	M	2	0	0	8	0
20261001	4291318	cmp-a001-02-000000010764328	grp-a001-02-000000069047580	다이어트쉐이크	nad-a001-02-000000553654562	bsn-a001-00-000000013604308	13	99	529514	M	3	0	0	3	0
20261001	4291318	cmp-a001-02-000000010764328	grp-a001-02-000000069047580	연예인황산화가루	nad-a001-02-000000541753996	bsn-a001-00-000000013604308	13	01	8753	M	1	0	0	5	0
20261001	4291318	cmp-a001-02-000000010764328	grp-a001-02-000000069047580	장수촌진편가루	nad-a001-02-000000541753997	bsn-a001-00-000000013604308	13	09	8753	M	1	0	0	1	0
20261001	4291318	cmp-a001-02-000000010764328	grp-a001-02-000000069047580	대농식품동결건조	nad-a001-02-000000541754005	bsn-a001-00-000000013604308	13	02	8753	M	1	0	0	5	0
20261001	4291318	cmp-a001-02-000000010764328	grp-a001-02-000000069047580	단백질쉐이크	nad-a001-02-000000553654562	bsn-a001-00-000000013604308	13	11	33421	M	2	0	0	12	0
20261001	4291318	cmp-a001-02-000000010764328	grp-a001-02-000000069047580	프로틴	nad-a001-02-000000553654562	bsn-a001-00-000000013604308	13	18	8753	M	4	0	0	11	0
20261001	4291318	cmp-a001-02-000000010764328	grp-a001-02-000000069047580	단백질바	nad-a001-02-000000553654559	bsn-a001-00-000000013604308	13	99	612594	M	1	0	0	4	0
20261001	4291318	cmp-a001-02-000000010764328	grp-a001-02-000000069047580	프로틴바	nad-a001-02-000000553654558	bsn-a001-00-000000013604308	13	09	33421	M	1	0	0	2	0
20261001	4291318	cmp-a001-02-000000010764328	grp-a001-02-000000069047580	단백질	nad-a001-02-000000553654562	bsn-a001-00-000000013604308	13	11	798056	M	1	0	0	2	0
20261001	4291318	cmp-a001-02-000000010764328	grp-a001-02-000000069047580	젤리	nad-a001-02-000000541753985	bsn-a001-00-000000013604308	13	09	684927	P	2	0	0	17	0
20261001	4291318	cmp-a001-02-000000010764328	grp-a001-02-000000069047580	단백질쉐이크	nad-a001-02-000000553654562	bsn-a001-00-000000013604308	13	99	98128	M	16	0	0	16	0
20261001	4291318	cmp-a001-02-000000010764328	grp-a001-02-000000069047580	젤리	nad-a001-02-000000541753985	bsn-a001-00-000000013604308	13	99	27758	P	1	0	0	3	0
20261001	4291318	cmp-a001-02-000000010764328	grp-a001-02-000000069047580	젤리	nad-a001-02-000000541753985	bsn-a001-00-000000013604308	13	01	768323	M	1	0	0	1	0
20261001	4291318	cmp-a001-02-000000010764328	grp-a001-02-000000069047580	단백질바	nad-a001-02-000000553654558	bsn-a001-00-000000013604308	13	07	8753	M	1	0	0	4	0
20261001	4291318	cmp-a001-02-000000010764328	grp-a001-02-000000069047580	단백질바	nad-a001-02-000000553654558	bsn-a001-00-000000013604308	13	02	33421	M	4	0	0	8	0
20261001	4291318	cmp-a001-02-000000010764328	grp-a001-02-000000069047580	단백질쉐이크핏트	nad-a001-02-000000553654562	bsn-a001-00-000000013604308	13	11	8753	M	1	0	0	5	0
20261001	4291318	cmp-a001-02-000000010764328	grp-a001-02-000000069047580	식물성단백질쉐이크	nad-a001-02-000000553654562	bsn-a001-00-000000013604308	13	07	33421	M	1	0	0	2	0
20261001	4291318	cmp-a001-02-000000010764328	grp-a001-02-000000069047580	에너지바	nad-a001-02-000000553654558	bsn-a001-00-000000013604308	13	09	23123	P	2	0	0	9	0
20261001	4291318	cmp-a001-02-000000010764328	grp-a001-02-000000069047580	사탕젤리	nad-a001-02-000000541753985	bsn-a001-00-000000013604308	13	02	23123	P	1	0	0	5	0
20261001	4291318	cmp-a001-02-000000010764328	grp-a001-02-000000069047580	단백질	nad-a001-02-000000553654562	bsn-a001-00-000000013604308	13	09	529514	M	39	0	0	41	0
20261001	4291318	cmp-a001-02-000000010764328	grp-a001-02-000000069047580	다이어트쉐이크	nad-a001-02-000000553654562	bsn-a001-00-000000013604308	13	10	768323	M	4	0	0	11	0
20261001	4291318	cmp-a001-02-000000010764328	grp-a001-02-000000069047580	브랜드스토어	nad-a001-02-000000541753997	bsn-a001-00-000000013604308	13	01	684927	P	2	0	0	6	0
20261001	4291318	cmp-a001-02-000000010764328	grp-a001-02-000000069047580	단백질바	nad-a001-02-000000553654559	bsn-a001-00-000000013604308	13	02	33421	M	1	0	0	13	0
20261001	4291318	cmp-a001-02-000000010764328	grp-a001-02-000000069047580	가루	nad-a001-02-000000541753996	bsn-a001-00-000000013604308	13	01	8753	M	1	0	0	4	0
20261001	4291318	cmp-a001-02-000000010764328	grp-a001-02-000000069047580	단백질보충제	nad-a001-02-000000553654562	bsn-a001-00-000000013604308	13	11	529514	M	9	0	0	9	0
20261001	4291318	cmp-a001-02-000000010764328	grp-a001-02-000000069047580	브랜드스토어	nad-a001-02-000000541753996	bsn-a001-00-000000013604308	13	01	684927	P	2	0	0	22	0
20261001	4291318	cmp-a001-02-000000010764328	grp-a001-02-000000069047580	식물성단백질쉐이크	nad-a001-02-000000553654562	bsn-a001-00-000000013604308	13	13	8753	M	2	0	0	4	0
20261001	4291318	cmp-a001-02-000000010764328	grp-a001-02-000000069047580	단백질쉐이크	nad-a001-02-000000553654562	bsn-a001-00-000000013604308	13	18	529514	M	32	0	0	33	0
20261001	4291318	cmp-a001-02-000000010764328	grp-a001-02-000000069047580	사랑님	nad-a001-02-000000553654554	bsn-a001-00-000000013604308	13	16	529514	M	2	0	0	5	0
20261001	4291318	cmp-a001-02-000000010764328	grp-a001-02-000000069047580	젤리	nad-a001-02-000000541753985	bsn-a001-00-000000013604308	13	02	33421	M	1	0	0	2	0
20261001	4291318	cmp-a001-02-000000010764328	grp-a001-02-000000069047580	단백질바	nad-a001-02-000000553654558	bsn-a001-00-000000013604308	13	02	8753	M	2	1	2473	8	0
20261001	4291318	cmp-a001-02-000000010764328	grp-a001-02-000000069047580	황성주생식라이프밀	nad-a001-02-000000541753996	bsn-a001-00-000000013604308	13	02	8753	M	1	0	0	3	0
20261001	4291318	cmp-a001-02-000000010764328	grp-a001-02-000000069047580	프로틴바	nad-a001-02-000000553654558	bsn-a001-00-000000013604308	13	02	98128	M	3	0	0	6	0
20261001	4291318	cmp-a001-02-000000010764328	grp-a001-02-000000069047580	프로틴단백질	nad-a001-02-000000553654562	bsn-a001-00-000000013604308	13	09	11068	P	1	0	0	11	0
20261001	4291318	cmp-a001-02-000000010764328	grp-a001-02-000000069047580	쉐이크	nad-a001-02-000000553654562	bsn-a001-00-000000013604308	13	02	8753	M	1	0	0	3	0
20261001	4291318	cmp-a001-02-000000010764328	grp-a001-02-000000069047580	프로틴바	nad-a001-02-000000553654559	bsn-a001-00-000000013604308	13	09	529514	M	25	0	0	99	0
20261001	4291318	cmp-a001-02-000000010764328	grp-a001-02-000000069047580	젤리	nad-a001-02-000000541753985	bsn-a001-00-000000013604308	13	99	768323	M	4	0	0	4	0
20261001	4291318	cmp-a001-02-000000010764328	grp-a001-02-000000069047580	단백질보충제	nad-a001-02-000000553654562	bsn-a001-00-000000013604308	13	02	87620	M	4	0	0	8	0
20261001	4291318	cmp-a001-02-000000010764328	grp-a001-02-000000069047580	단백질간식	nad-a001-02-000000553654558	bsn-a001-00-000000013604308	13	15	8753	M	1	0	0	4	0
20261001	4291318	cmp-a001-02-000000010764328	grp-a001-02-000000069047580	단백질추천	nad-a001-02-000000553654562	bsn-a001-00-000000013604308	13	11	8753	M	4	0	0	12	0
20261001	4291318	cmp-a001-02-000000010764328	grp-a001-02-000000069047580	단백질보충제	nad-a001-02-000000553654562	bsn-a001-00-000000013604308	13	14	8753	M	2	0	0	6	0
20261001	4291318	cmp-a001-02-000000010764328	grp-a001-02-000000069047580	황성주생식	nad-a001-02-000000541753996	bsn-a001-00-000000013604308	13	99	8753	M	1	0	0	3	0
20261001	4291318	cmp-a001-02-000000010764328	grp-a001-02-000000069047580	단백질바추천	nad-a001-02-000000553654554	bsn-a001-00-000000013604308	13	16	8753	M	1	0	0	1	0
20261001	4291318	cmp-a001-02-000000010764328	grp-a001-02-000000069047580	하루단백질섭취량	nad-a001-02-000000553654562	bsn-a001-00-000000013604308	13	99	8753	M	1	0	0	1	0
20261001	4291318	cmp-a001-02-000000010764328	grp-a001-02-000000069047580	에너지바	nad-a001-02-000000553654559	bsn-a001-00-000000013604308	13	16	33421	M	1	0	0	4	0
20261001	4291318	cmp-a001-02-000000010764328	grp-a001-02-000000069047580	단백질보충제	nad-a001-02-000000553654562	bsn-a001-00-000000013604308	13	18	23123	P	1	0	0	2	0
20261001	4291318	cmp-a001-02-000000010764328	grp-a001-02-000000069047580	장수촌진편가루	nad-a001-02-000000541753996	bsn-a001-00-000000013604308	13	09	8753	M	1	0	0	5	0
20261001	4291318	cmp-a001-02-000000010764328	grp-a001-02-000000069047580	프로틴	nad-a001-02-000000553654562	bsn-a001-00-000000013604308	13	15	529514	M	35	0	0	44	0
20261001	4291318	cmp-a001-02-000000010764328	grp-a001-02-000000069047580	단백질쉐이크	nad-a001-02-000000553654562	bsn-a001-00-000000013604308	13	16	27758	P	1	0	0	1	0
20261001	4291318	cmp-a001-02-000000010764328	grp-a001-02-000000069047580	프로틴	nad-a001-02-000000553654562	bsn-a001-00-000000013604308	13	11	8753	M	1	0	0	3	0
20261001	4291318	cmp-a001-02-000000010764328	grp-a001-02-000000069047580	프로틴	nad-a001-02-000000553654562	bsn-a001-00-000000013604308	13	11	768323	M	7	0	0	10	0
20261001	4291318	cmp-a001-02-000000010764328	grp-a001-02-000000069047580	단백질쉐이크	nad-a001-02-000000553654562	bsn-a001-00-000000013604308	13	02	33421	M	3	0	0	16	0
20261001	4291318	cmp-a001-02-000000010764328	grp-a001-02-000000069047580	단백질보충제	nad-a001-02-000000553654562	bsn-a001-00-000000013604308	13	17	33421	M	3	0	0	27	0
20261001	4291318	cmp-a001-02-000000010764328	grp-a001-02-000000069047580	단백질식품1위	nad-a001-02-000000553654562	bsn-a001-00-000000013604308	13	04	612594	M	1	0	0	3	0
20261001	4291318	cmp-a001-02-000000010764328	grp-a001-02-000000069047580	칼로리바	nad-a001-02-000000553654554	bsn-a001-00-000000013604308	13	09	8753	M	3	0	0	3	0
20261001	4291318	cmp-a001-02-000000010764328	grp-a001-02-000000069047580	사탕젤리	nad-a001-02-000000541753985	bsn-a001-00-000000013604308	13	99	87620	M	1	0	0	4	0
20261001	4291318	cmp-a001-02-000000010764328	grp-a001-02-000000069047580	단백질보충제	nad-a001-02-000000553654562	bsn-a001-00-000000013604308	13	06	23123	P	2	0	0	4	0
20261001	4291318	cmp-a001-02-000000010764328	grp-a001-02-000000069047580	젤리	nad-a001-02-000000541753985	bsn-a001-00-000000013604308	13	02	8753	M	2	0	0	5	0
20261001	4291318	cmp-a001-02-000000010764328	grp-a001-02-000000069047580	황성주생식가격	nad-a001-02-000000541753996	bsn-a001-00-000000013604308	13	09	8753	M	1	0	0	3	0
20261001	4291318	cmp-a001-02-000000010764328	grp-a001-02-000000069047580	단백질쉐이크	nad-a001-02-000000553654562	bsn-a001-00-000000013604308	13	04	33421	M	1	0	0	3	0
20261001	4291318	cmp-a001-02-000000010764328	grp-a001-02-000000069047580	프로틴	nad-a001-02-000000553654562	bsn-a001-00-000000013604308	13	02	768323	M	48	0	0	69	0
20261001	4291318	cmp-a001-02-000000010764328	grp-a001-02-000000069047580	프로틴	nad-a001-02-000000553654562	bsn-a001-00-000000013604308	13	11	137281	M	5	0	0	5	0
20261001	4291318	cmp-a001-02-000000010764328	grp-a001-02-000000069047580	사랑으로	nad-a001-02-000000553654554	bsn-a001-00-000000013604308	13	18	529514	M	2	0	0	5	0
20261001	4291318	cmp-a001-02-000000010764328	grp-a001-02-000000069047580	프로틴추천	nad-a001-02-000000553654562	bsn-a001-00-000000013604308	13	09	8753	M	1	0	0	5	0
20261001	4291318	cmp-a001-02-000000010764328	grp-a001-02-000000069047580	프로틴	nad-a001-02-000000553654562	bsn-a001-00-000000013604308	13	03	768323	M	5	0	0	6	0
20261001	4291318	cmp-a001-02-000000010764328	grp-a001-02-000000069047580	단백질바	nad-a001-02-000000553654558	bsn-a001-00-000000013604308	13	08	529514	M	1	0	0	1	0
20261001	4291318	cmp-a001-02-000000010764328	grp-a001-02-000000069047580	프로틴바	nad-a001-02-000000553654554	bsn-a001-00-000000013604308	13	10	27758	P	1	0	0	1	0
20261001	4291318	cmp-a001-02-000000010764328	grp-a001-02-000000069047580	단백질쉐이크	nad-a001-02-000000553654562	bsn-a001-00-000000013604308	13	03	612594	M	1	0	0	1	0
20261001	4291318	cmp-a001-02-000000010764328	grp-a001-02-000000069047580	프로틴	nad-a001-02-000000553654562	bsn-a001-00-000000013604308	13	13	768323	M	6	0	0	10	0
20261001	4291318	cmp-a001-02-000000010764328	grp-a001-02-000000069047580	프로틴	nad-a001-02-000000553654562	bsn-a001-00-000000013604308	13	03	529514	M	51	0	0	62	0
20261001	4291318	cmp-a001-02-000000010764328	grp-a001-02-000000069047580	에너지바	nad-a001-02-000000553654559	bsn-a001-00-000000013604308	13	03	33421	M	2	0	0	8	0
20261001	4291318	cmp-a001-02-000000010764328	grp-a001-02-000000069047580	프로틴	nad-a001-02-000000553654562	bsn-a001-00-000000013604308	13	99	137281	M	2	0	0	2	0
20261001	4291318	cmp-a001-02-000000010764328	grp-a001-02-000000069047580	사랑님	nad-a001-02-000000553654554	bsn-a001-00-000000013604308	13	99	529514	M	2	0	0	5	0
20261001	4291318	cmp-a001-02-000000010764328	grp-a001-02-000000069047580	사랑	nad-a001-02-000000553654554	bsn-a001-00-000000013604308	13	06	98128	M	1	0	0	2	0
20261001	4291318	cmp-a001-02-000000010764328	grp-a001-02-000000069047580	단백질바	nad-a001-02-000000553654558	bsn-a001-00-000000013604308	13	99	33421	M	1	0	0	2	0
20261001	4291318	cmp-a001-02-000000010764328	grp-a001-02-000000069047580	단백질바	nad-a001-02-000000553654558	bsn-a001-00-000000013604308	13	03	33421	M	1	0	0	2	0
20261001	4291318	cmp-a001-02-000000010764328	grp-a001-02-000000069047580	사랑	nad-a001-02-000000553654554	bsn-a001-00-000000013604308	13	99	98128	M	9	0	0	18	0
20261001	4291318	cmp-a001-02-000000010764328	grp-a001-02-000000069047580	프로틴바	nad-a001-02-000000553654559	bsn-a001-00-000000013604308	13	11	33421	M	1	0	0	13	0
20261001	4291318	cmp-a001-02-000000010764328	grp-a001-02-000000069047580	식물성프로틴	nad-a001-02-000000553654562	bsn-a001-00-000000013604308	13	04	8753	M	1	0	0	6	0
20261001	4291318	cmp-a001-02-000000010764328	grp-a001-02-000000069047580	프로틴	nad-a001-02-000000553654562	bsn-a001-00-000000013604308	13	10	768323	M	5	0	0	5	0
20261001	4291318	cmp-a001-02-000000010764328	grp-a001-02-000000069047580	단백질	nad-a001-02-000000553654562	bsn-a001-00-000000013604308	13	99	137281	M	1	0	0	1	0
20261001	4291318	cmp-a001-02-000000010764328	grp-a001-02-000000069047580	프로틴	nad-a001-02-000000553654562	bsn-a001-00-000000013604308	13	15	684925	P	1	0	0	1	0
20261001	4291318	cmp-a001-02-000000010764328	grp-a001-02-000000069047580	락토컷단백질쉐이크	nad-a001-02-000000553654562	bsn-a001-00-000000013604308	13	09	8753	M	1	0	0	5	0
20261001	4291318	cmp-a001-02-000000010764328	grp-a001-02-000000069047580	칼로리바효능	nad-a001-02-000000553654559	bsn-a001-00-000000013604308	13	09	27758	P	1	0	0	3	0
20261001	4291318	cmp-a001-02-000000010764328	grp-a001-02-000000069047580	단백질쉐이크	nad-a001-02-000000553654562	bsn-a001-00-000000013604308	13	18	684925	P	2	0	0	2	0
20261001	4291318	cmp-a001-02-000000010764328	grp-a001-02-000000069047580	단백질쉐이크	nad-a001-02-000000553654562	bsn-a001-00-000000013604308	13	08	529514	M	36	0	0	40	0
20261001	4291318	cmp-a001-02-000000010764328	grp-a001-02-000000069047580	프로틴보충제	nad-a001-02-000000553654562	bsn-a001-00-000000013604308	13	99	791888	M	1	0	0	2	0
20261001	4291318	cmp-a001-02-000000010764328	grp-a001-02-000000069047580	황성주생식	nad-a001-02-000000541753997	bsn-a001-00-000000013604308	13	04	341893	M	1	0	0	1	0
20261001	4291318	cmp-a001-02-000000010764328	grp-a001-02-000000069047580	황성주생식	nad-a001-02-000000541753997	bsn-a001-00-000000013604308	13	99	11068	P	1	0	0	1	0
20261001	4291318	cmp-a001-02-000000010764328	grp-a001-02-000000069047580	황성주생식	nad-a001-02-000000541753988	bsn-a001-00-000000013604308	13	02	8753	M	2	0	0	10	0
20261001	4291318	cmp-a001-02-000000010764328	grp-a001-02-000000069047580	단백질파우더	nad-a001-02-000000553654562	bsn-a001-00-000000013604308	13	09	529514	M	8	0	0	8	0
20261001	4291318	cmp-a001-02-000000010764328	grp-a001-02-000000069047580	황성주생식	nad-a001-02-000000541754004	bsn-a001-00-000000013604308	13	10	8753	M	1	0	0	2	0
20261001	4291318	cmp-a001-02-000000010764328	grp-a001-02-000000069047580	프로틴	nad-a001-02-000000553654562	bsn-a001-00-000000013604308	13	08	8753	M	3	0	0	9	0
20261001	4291318	cmp-a001-02-000000010764328	grp-a001-02-000000069047580	단백질바	nad-a001-02-000000553654554	bsn-a001-00-000000013604308	13	09	529514	M	23	0	0	31	0
20261001	4291318	cmp-a001-02-000000010764328	grp-a001-02-000000069047580	프로틴	nad-a001-02-000000553654562	bsn-a001-00-000000013604308	13	04	768323	M	5	0	0	8	0
20261001	4291318	cmp-a001-02-000000010764328	grp-a001-02-000000069047580	푸룬젤리	nad-a001-02-000000541753985	bsn-a001-00-000000013604308	13	02	684926	M	2	0	0	8	0
20261001	4291318	cmp-a001-02-000000010764328	grp-a001-02-000000069047580	단백질보충제	nad-a001-02-000000553654562	bsn-a001-00-000000013604308	13	11	8753	M	1	0	0	3	0
20261001	4291318	cmp-a001-02-000000010764328	grp-a001-02-000000069047580	프로틴쉐이크	nad-a001-02-000000553654562	bsn-a001-00-000000013604308	13	13	8753	M	1	0	0	6	0
20261001	4291318	cmp-a001-02-000000010764328	grp-a001-02-000000069047580	단백질다이어트	nad-a001-02-000000553654562	bsn-a001-00-000000013604308	13	15	98128	M	2	0	0	2	0
20261001	4291318	cmp-a001-02-000000010764328	grp-a001-02-000000069047580	단백질보충제추천	nad-a001-02-000000553654562	bsn-a001-00-000000013604308	13	03	684925	P	1	0	0	1	0
20261001	4291318	cmp-a001-02-000000010764328	grp-a001-02-000000069047580	다이어트쉐이크	nad-a001-02-000000553654562	bsn-a001-00-000000013604308	13	11	8753	M	1	0	0	6	0
20261001	4291318	cmp-a001-02-000000010764328	grp-a001-02-000000069047580	단백질보충제	nad-a001-02-000000553654562	bsn-a001-00-000000013604308	13	99	684926	M	4	0	0	20	0
20261001	4291318	cmp-a001-02-000000010764328	grp-a001-02-000000069047580	단백질바	nad-a001-02-000000553654559	bsn-a001-00-000000013604308	13	02	529514	M	19	0	0	57	0
20261001	4291318	cmp-a001-02-000000010764328	grp-a001-02-000000069047580	사탕젤리	nad-a001-02-000000541753985	bsn-a001-00-000000013604308	13	09	87620	M	1	0	0	3	0
20261001	4291318	cmp-a001-02-000000010764328	grp-a001-02-000000069047580	에너지바	nad-a001-02-000000553654559	bsn-a001-00-000000013604308	13	03	791888	M	3	0	0	12	0
20261001	4291318	cmp-a001-02-000000010764328	grp-a001-02-000000069047580	에너지바	nad-a001-02-000000553654554	bsn-a001-00-000000013604308	13	06	33421	M	1	0	0	1	0
20261001	4291318	cmp-a001-02-000000010764328	grp-a001-02-000000069047580	보충제	nad-a001-02-000000553654562	bsn-a001-00-000000013604308	13	15	684926	M	2	0	0	18	0
20261001	4291318	cmp-a001-02-000000010764328	grp-a001-02-000000069047580	균형영양식	nad-a001-02-000000541753965	bsn-a001-00-000000013604308	13	09	87620	M	1	0	0	2	0
20261001	4291318	cmp-a001-02-000000010764328	grp-a001-02-000000069047580	젤리	nad-a001-02-000000541753985	bsn-a001-00-000000013604308	13	18	291245	M	1	0	0	1	0
20261001	4291318	cmp-a001-02-000000010764328	grp-a001-02-000000069047580	에너지바	nad-a001-02-000000553654558	bsn-a001-00-000000013604308	13	08	8753	M	1	0	0	4	0
20261001	4291318	cmp-a001-02-000000010764328	grp-a001-02-000000069047580	황성주생식변	nad-a001-02-000000541753988	bsn-a001-00-000000013604308	13	14	8753	M	1	0	0	5	0
20261001	4291318	cmp-a001-02-000000010764328	grp-a001-02-000000069047580	단백질	nad-a001-02-000000553654562	bsn-a001-00-000000013604308	13	06	684925	P	2	0	0	2	0
20261001	4291318	cmp-a001-02-000000010764328	grp-a001-02-000000069047580	단백질바	nad-a001-02-000000553654558	bsn-a001-00-000000013604308	13	06	33421	M	2	0	0	4	0
20261001	4291318	cmp-a001-02-000000010764328	grp-a001-02-000000069047580	황성주생식가격	nad-a001-02-000000541754004	bsn-a001-00-000000013604308	13	09	8753	M	1	0	0	2	0
20261001	4291318	cmp-a001-02-000000010764328	grp-a001-02-000000069047580	단백질보충제	nad-a001-02-000000553654562	bsn-a001-00-000000013604308	13	11	684925	P	1	0	0	1	0
20261001	4291318	cmp-a001-02-000000010764328	grp-a001-02-000000069047580	쉐이크	nad-a001-02-000000553654562	bsn-a001-00-000000013604308	13	09	8753	M	2	0	0	5	0
20261001	4291318	cmp-a001-02-000000010764328	grp-a001-02-000000069047580	쉐이크	nad-a001-02-000000553654562	bsn-a001-00-000000013604308	13	02	98128	M	2	0	0	2	0
20261001	4291318	cmp-a001-02-000000010764328	grp-a001-02-000000069047580	균형영양식	nad-a001-02-000000541753965	bsn-a001-00-000000013604308	13	99	529514	M	3	0	0	6	0
20261001	4291318	cmp-a001-02-000000010764328	grp-a001-02-000000069047580	프로틴	nad-a001-02-000000553654562	bsn-a001-00-000000013604308	13	09	684926	M	7	0	0	71	0
20261001	4291318	cmp-a001-02-000000010764328	grp-a001-02-000000069047580	황성주생식라이프밀	nad-a001-02-000000541754005	bsn-a001-00-000000013604308	13	02	8753	M	1	0	0	4	0
20261001	4291318	cmp-a001-02-000000010764328	grp-a001-02-000000069047580	단백질	nad-a001-02-000000553654562	bsn-a001-00-000000013604308	13	01	8753	M	3	0	0	6	0
20261001	4291318	cmp-a001-02-000000010764328	grp-a001-02-000000069047580	단백질간식	nad-a001-02-000000553654554	bsn-a001-00-000000013604308	13	09	27758	P	1	0	0	2	0
20261001	4291318	cmp-a001-02-000000010764328	grp-a001-02-000000069047580	황성주생식가격	nad-a001-02-000000541753997	bsn-a001-00-000000013604308	13	09	8753	M	1	0	0	1	0
20261001	4291318	cmp-a001-02-000000010764328	grp-a001-02-000000069047580	단백질쉐이크	nad-a001-02-000000553654562	bsn-a001-00-000000013604308	13	16	8753	M	1	0	0	10	0
20261001	4291318	cmp-a001-02-000000010764328	grp-a001-02-000000069047580	프로틴	nad-a001-02-000000553654562	bsn-a001-00-000000013604308	13	09	98128	M	1	0	0	1	0
20261001	4291318	cmp-a001-02-000000010764328	grp-a001-02-000000069047580	단백질간식	nad-a001-02-000000553654558	bsn-a001-00-000000013604308	13	02	11068	P	1	0	0	3	0
20261001	4291318	cmp-a001-02-000000010764328	grp-a001-02-000000069047580	황성주박사의생식	nad-a001-02-000000541753988	bsn-a001-00-000000013604308	13	09	8753	M	1	0	0	5	0
20261001	4291318	cmp-a001-02-000000010764328	grp-a001-02-000000069047580	단백질쉐이크	nad-a001-02-000000553654562	bsn-a001-00-000000013604308	13	03	684926	M	2	0	0	22	0
20261001	4291318	cmp-a001-02-000000010764328	grp-a001-02-000000069047580	사랑하라	nad-a001-02-000000553654558	bsn-a001-00-000000013604308	13	00	248824	P	1	0	0	3	0
20261001	4291318	cmp-a001-02-000000010764328	grp-a001-02-000000069047580	황성주생식라이프밀	nad-a001-02-000000541753997	bsn-a001-00-000000013604308	13	02	11068	P	1	0	0	1	0
20261001	4291318	cmp-a001-02-000000010764328	grp-a001-02-000000069047580	프로틴쉐이크	nad-a001-02-000000553654562	bsn-a001-00-000000013604308	13	02	684925	P	1	0	0	1	0
20261001	4291318	cmp-a001-02-000000010764328	grp-a001-02-000000069047580	엄마사랑	nad-a001-02-000000553654559	bsn-a001-00-000000013604308	13	02	529514	M	1	0	0	3	0
20261001	4291318	cmp-a001-02-000000010764328	grp-a001-02-000000069047580	ISP프로틴	nad-a001-02-000000553654562	bsn-a001-00-000000013604308	13	03	684925	P	1	0	0	1	0
20261001	4291318	cmp-a001-02-000000010764328	grp-a001-02-000000069047580	프로틴파우더유화제성분	nad-a001-02-000000553654562	bsn-a001-00-000000013604308	13	99	8753	M	1	0	0	5	0
20261001	4291318	cmp-a001-02-000000010764328	grp-a001-02-000000069047580	에너지바	nad-a001-02-000000553654554	bsn-a001-00-000000013604308	13	09	33421	M	9	0	0	9	0
20261001	4291318	cmp-a001-02-000000010764328	grp-a001-02-000000069047580	프로틴	nad-a001-02-000000553654562	bsn-a001-00-000000013604308	13	04	27758	P	1	0	0	1	0
20261001	4291318	cmp-a001-02-000000010764328	grp-a001-02-000000069047580	단백질쉐이크	nad-a001-02-000000553654562	bsn-a001-00-000000013604308	13	07	684925	P	1	0	0	1	0
20261001	4291318	cmp-a001-02-000000010764328	grp-a001-02-000000069047580	도또리하말가루	nad-a001-02-000000541753997	bsn-a001-00-000000013604308	13	99	8753	M	1	0	0	2	0
20261001	4291318	cmp-a001-02-000000010764328	grp-a001-02-000000069047580	에너지바	nad-a001-02-000000553654558	bsn-a001-00-000000013604308	13	02	8753	M	2	0	0	13	0
20261001	4291318	cmp-a001-02-000000010764328	grp-a001-02-000000069047580	젤리	nad-a001-02-000000541753985	bsn-a001-00-000000013604308	13	02	27758	P	1	0	0	3	0
20261001	4291318	cmp-a001-02-000000010764328	grp-a001-02-000000069047580	에너지바	nad-a001-02-000000553654554	bsn-a001-00-000000013604308	13	09	791889	P	6	0	0	6	0
20261001	4291318	cmp-a001-02-000000010764328	grp-a001-02-000000069047580	단백질쉐이크	nad-a001-02-000000553654562	bsn-a001-00-000000013604308	13	15	8753	M	3	0	0	6	0
20261001	4291318	cmp-a001-02-000000010764328	grp-a001-02-000000069047580	단백질보충제	nad-a001-02-000000553654562	bsn-a001-00-000000013604308	13	13	23123	P	1	0	0	2	0
20261001	4291318	cmp-a001-02-000000010764328	grp-a001-02-000000069047580	영양식	nad-a001-02-000000541753965	bsn-a001-00-000000013604308	13	16	335738	P	1	0	0	10	0
20261001	4291318	cmp-a001-02-000000010764328	grp-a001-02-000000069047580	단백질쉐이크	nad-a001-02-000000553654562	bsn-a001-00-000000013604308	13	09	27758	P	5	0	0	9	0
20261001	4291318	cmp-a001-02-000000010764328	grp-a001-02-000000069047580	단백질보충제	nad-a001-02-000000553654562	bsn-a001-00-000000013604308	13	02	27758	P	1	0	0	4	0
20261001	4291318	cmp-a001-02-000000010764328	grp-a001-02-000000069047580	단백질쉐이크	nad-a001-02-000000553654562	bsn-a001-00-000000013604308	13	02	8753	M	16	1	3791	59	0
20261001	4291318	cmp-a001-02-000000010764328	grp-a001-02-000000069047580	에너지바	nad-a001-02-000000553654559	bsn-a001-00-000000013604308	13	07	8753	M	1	0	0	18	0
20261001	4291318	cmp-a001-02-000000010764328	grp-a001-02-000000069047580	단백질쉐이크	nad-a001-02-000000553654562	bsn-a001-00-000000013604308	13	03	11068	P	1	0	0	1	0
20261001	4291318	cmp-a001-02-000000010764328	grp-a001-02-000000069047580	단백질쉐이크	nad-a001-02-000000553654562	bsn-a001-00-000000013604308	13	99	33421	M	1	0	0	12	0
20261001	4291318	cmp-a001-02-000000010764328	grp-a001-02-000000069047580	식물성단백질쉐이크	nad-a001-02-000000553654562	bsn-a001-00-000000013604308	13	08	8753	M	1	0	0	3	0
20261001	4291318	cmp-a001-02-000000010764328	grp-a001-02-000000069047580	젤리	nad-a001-02-000000541753985	bsn-a001-00-000000013604308	13	18	8753	M	1	0	0	4	0
20261001	4291318	cmp-a001-02-000000010764328	grp-a001-02-000000069047580	단백질보충제순위	nad-a001-02-000000553654562	bsn-a001-00-000000013604308	13	00	612593	P	1	0	0	1	0
20261001	4291318	cmp-a001-02-000000010764328	grp-a001-02-000000069047580	단백질	nad-a001-02-000000553654562	bsn-a001-00-000000013604308	13	09	8753	M	3	0	0	4	0
20261001	4291318	cmp-a001-02-000000010764328	grp-a001-02-000000069047580	사랑하라	nad-a001-02-000000553654554	bsn-a001-00-000000013604308	13	00	248824	P	1	0	0	1	0
20261001	4291318	cmp-a001-02-000000010764328	grp-a001-02-000000069047580	황성주생식	nad-a001-02-000000541753988	bsn-a001-00-000000013604308	13	06	8753	M	1	0	0	5	0
20261001	4291318	cmp-a001-02-000000010764328	grp-a001-02-000000069047580	에너지바	nad-a001-02-000000553654559	bsn-a001-00-000000013604308	13	13	33421	M	1	0	0	5	0
20261001	4291318	cmp-a001-02-000000010764328	grp-a001-02-000000069047580	단백질쉐이크후기	nad-a001-02-000000553654562	bsn-a001-00-000000013604308	13	09	8753	M	1	0	0	5	0
20261001	4291318	cmp-a001-02-000000010764328	grp-a001-02-000000069047580	단백질쉐이크	nad-a001-02-000000553654562	bsn-a001-00-000000013604308	13	07	529514	M	11	0	0	12	0
20261001	4291318	cmp-a001-02-000000010764328	grp-a001-02-000000069047580	다이어트쉐이크	nad-a001-02-000000553654562	bsn-a001-00-000000013604308	13	09	768323	M	38	0	0	99	0
20261001	4291318	cmp-a001-02-000000010764328	grp-a001-02-000000069047580	SHAKESHAKE	nad-a001-02-000000553654562	bsn-a001-00-000000013604308	13	15	612594	M	1	0	0	3	0
20261001	4291318	cmp-a001-02-000000010764328	grp-a001-02-000000069047580	프로틴파우더	nad-a001-02-000000553654562	bsn-a001-00-000000013604308	13	02	8753	M	1	0	0	4	0
20261001	4291318	cmp-a001-02-000000010764328	grp-a001-02-000000069047580	황성주생식변	nad-a001-02-000000541754005	bsn-a001-00-000000013604308	13	14	8753	M	1	0	0	4	0
20261001	4291318	cmp-a001-02-000000010764328	grp-a001-02-000000069047580	하루단백질섭취량	nad-a001-02-000000553654562	bsn-a001-00-000000013604308	13	02	8753	M	3	0	0	11	0
20261001	4291318	cmp-a001-02-000000010764328	grp-a001-02-000000069047580	황성주생식	nad-a001-02-000000541754004	bsn-a001-00-000000013604308	13	99	633013	M	2	0	0	4	0
20261001	4291318	cmp-a001-02-000000010764328	grp-a001-02-000000069047580	단백질쉐이크	nad-a001-02-000000553654562	bsn-a001-00-000000013604308	13	02	291244	M	1	0	0	2	0
20261001	4291318	cmp-a001-02-000000010764328	grp-a001-02-000000069047580	프로틴바	nad-a001-02-000000553654559	bsn-a001-00-000000013604308	13	09	8753	M	1	0	0	28	0
20261001	4291318	cmp-a001-02-000000010764328	grp-a001-02-000000069047580	에너지바	nad-a001-02-000000553654558	bsn-a001-00-000000013604308	13	02	33421	M	3	0	0	6	0
20261001	4291318	cmp-a001-02-000000010764328	grp-a001-02-000000069047580	프로틴단백질	nad-a001-02-000000553654562	bsn-a001-00-000000013604308	13	01	8753	M	1	0	0	3	0
20261001	4291318	cmp-a001-02-000000010764328	grp-a001-02-000000069047580	에너지바	nad-a001-02-000000553654558	bsn-a001-00-000000013604308	13	99	529514	M	3	0	0	5	0
20261001	4291318	cmp-a001-02-000000010764328	grp-a001-02-000000069047580	황성주박사생식	nad-a001-02-000000541754005	bsn-a001-00-000000013604308	13	09	8753	M	1	0	0	4	0
20261001	4291318	cmp-a001-02-000000010764328	grp-a001-02-000000069047580	프로틴바	nad-a001-02-000000553654558	bsn-a001-00-000000013604308	13	16	529514	M	2	0	0	3	0
20261001	4291318	cmp-a001-02-000000010764328	grp-a001-02-000000069047580	단백질보충제	nad-a001-02-000000553654562	bsn-a001-00-000000013604308	13	99	23123	P	1	0	0	2	0
20261001	4291318	cmp-a001-02-000000010764328	grp-a001-02-000000069047580	단백질보충제	nad-a001-02-000000553654562	bsn-a001-00-000000013604308	13	09	8753	M	5	0	0	18	0
20261001	4291318	cmp-a001-02-000000010764328	grp-a001-02-000000069047580	도또리하말가루	nad-a001-02-000000541754004	bsn-a001-00-000000013604308	13	99	8753	M	1	0	0	5	0
20261001	4291318	cmp-a001-02-000000010764328	grp-a001-02-000000069047580	엄마사랑	nad-a001-02-000000553654554	bsn-a001-00-000000013604308	13	09	33421	M	1	0	0	4	0
20261001	4291318	cmp-a001-02-000000010764328	grp-a001-02-000000069047580	쉐이크	nad-a001-02-000000553654562	bsn-a001-00-000000013604308	13	11	684925	P	2	0	0	2	0
20261001	4291318	cmp-a001-02-000000010764328	grp-a001-02-000000069047580	프로틴바	nad-a001-02-000000553654559	bsn-a001-00-000000013604308	13	99	529514	M	5	0	0	24	0
20261001	4291318	cmp-a001-02-000000010764328	grp-a001-02-000000069047580	사랑이	nad-a001-02-000000553654554	bsn-a001-00-000000013604308	13	99	529514	M	3	0	0	8	0
20261001	4291318	cmp-a001-02-000000010764328	grp-a001-02-000000069047580	프로틴	nad-a001-02-000000553654562	bsn-a001-00-000000013604308	13	04	23123	P	1	0	0	2	0
20261001	4291318	cmp-a001-02-000000010764328	grp-a001-02-000000069047580	ISP단백질	nad-a001-02-000000553654562	bsn-a001-00-000000013604308	13	10	33421	M	1	0	0	9	0
20261001	4291318	cmp-a001-02-000000010764328	grp-a001-02-000000069047580	프로틴바	nad-a001-02-000000553654558	bsn-a001-00-000000013604308	13	09	529514	M	27	0	0	45	0
20261001	4291318	cmp-a001-02-000000010764328	grp-a001-02-000000069047580	황성주생식	nad-a001-02-000000541754005	bsn-a001-00-000000013604308	13	06	8753	M	1	0	0	4	0
20261001	4291318	cmp-a001-02-000000010764328	grp-a001-02-000000069047580	단백질바	nad-a001-02-000000553654558	bsn-a001-00-000000013604308	13	00	27758	P	2	0	0	4	0
20261001	4291318	cmp-a001-02-000000010764328	grp-a001-02-000000069047580	곡물맛프로틴	nad-a001-02-000000553654562	bsn-a001-00-000000013604308	13	02	8753	M	2	0	0	2	0
20261001	4291318	cmp-a001-02-000000010764328	grp-a001-02-000000069047580	프로틴쉐이크	nad-a001-02-000000553654562	bsn-a001-00-000000013604308	13	08	684925	P	1	0	0	1	0
20261001	4291318	cmp-a001-02-000000010764328	grp-a001-02-000000069047580	프로틴	nad-a001-02-000000553654562	bsn-a001-00-000000013604308	13	06	768323	M	8	0	0	12	0
20261001	4291318	cmp-a001-02-000000010764328	grp-a001-02-000000069047580	단백질보충제추천	nad-a001-02-000000553654562	bsn-a001-00-000000013604308	13	03	27758	P	1	0	0	4	0
20261001	4291318	cmp-a001-02-000000010764328	grp-a001-02-000000069047580	에너지바	nad-a001-02-000000553654558	bsn-a001-00-000000013604308	13	03	33421	M	2	0	0	4	0
20261001	4291318	cmp-a001-02-000000010764328	grp-a001-02-000000069047580	JELLY	nad-a001-02-000000541753985	bsn-a001-00-000000013604308	13	02	98128	M	2	0	0	2	0
20261001	4291318	cmp-a001-02-000000010764328	grp-a001-02-000000069047580	단백질파우더단맛없음	nad-a001-02-000000553654562	bsn-a001-00-000000013604308	13	09	8753	M	2	0	0	10	0
20261001	4291318	cmp-a001-02-000000010764328	grp-a001-02-000000069047580	대두단백질보충제	nad-a001-02-000000553654562	bsn-a001-00-000000013604308	13	11	8753	M	1	0	0	2	0
20261001	4291318	cmp-a001-02-000000010764328	grp-a001-02-000000069047580	단백질보충제	nad-a001-02-000000553654562	bsn-a001-00-000000013604308	13	06	791889	P	1	0	0	2	0
20261001	4291318	cmp-a001-02-000000010764328	grp-a001-02-000000069047580	프로틴바	nad-a001-02-000000553654558	bsn-a001-00-000000013604308	13	10	27758	P	1	0	0	2	0
20261001	4291318	cmp-a001-02-000000010764328	grp-a001-02-000000069047580	황성주생식	nad-a001-02-000000541754005	bsn-a001-00-000000013604308	13	03	8753	M	2	0	0	8	0
20261001	4291318	cmp-a001-02-000000010764328	grp-a001-02-000000069047580	에너지바	nad-a001-02-000000553654559	bsn-a001-00-000000013604308	13	09	529514	M	4	0	0	12	0
20261001	4291318	cmp-a001-02-000000010764328	grp-a001-02-000000069047580	에너지간식	nad-a001-02-000000553654558	bsn-a001-00-000000013604308	13	09	27758	P	1	0	0	2	0
20261001	4291318	cmp-a001-02-000000010764328	grp-a001-02-000000069047580	황성주생식변	nad-a001-02-000000541754004	bsn-a001-00-000000013604308	13	14	8753	M	1	0	0	2	0
20261001	4291318	cmp-a001-02-000000010764328	grp-a001-02-000000069047580	에너지바	nad-a001-02-000000553654558	bsn-a001-00-000000013604308	13	09	529514	M	4	0	0	5	0
20261001	4291318	cmp-a001-02-000000010764328	grp-a001-02-000000069047580	다이어트쉐이크	nad-a001-02-000000553654562	bsn-a001-00-000000013604308	13	02	768323	M	19	0	0	54	0
20261001	4291318	cmp-a001-02-000000010764328	grp-a001-02-000000069047580	백수과피분말가루	nad-a001-02-000000541753996	bsn-a001-00-000000013604308	13	09	8753	M	2	0	0	10	0
20261001	4291318	cmp-a001-02-000000010764328	grp-a001-02-000000069047580	스토어	nad-a001-02-000000541753997	bsn-a001-00-000000013604308	13	02	98128	M	22	0	0	22	0
20261001	4291318	cmp-a001-02-000000010764328	grp-a001-02-000000069047580	다이어트쉐이크	nad-a001-02-000000553654562	bsn-a001-00-000000013604308	13	15	768323	M	4	0	0	11	0
20261001	4291318	cmp-a001-02-000000010764328	grp-a001-02-000000069047580	단백질	nad-a001-02-000000553654562	bsn-a001-00-000000013604308	13	00	768323	M	1	0	0	1	0
20261001	4291318	cmp-a001-02-000000010764328	grp-a001-02-000000069047580	분말	nad-a001-02-000000541753996	bsn-a001-00-000000013604308	13	08	8753	M	1	0	0	5	0
20261001	4291318	cmp-a001-02-000000010764328	grp-a001-02-000000069047580	식물성단백질쉐이크	nad-a001-02-000000553654562	bsn-a001-00-000000013604308	13	16	33421	M	1	0	0	5	0
20261001	4291318	cmp-a001-02-000000010764328	grp-a001-02-000000069047580	가루	nad-a001-02-000000541753996	bsn-a001-00-000000013604308	13	15	8753	M	1	0	0	4	0
20261001	4291318	cmp-a001-02-000000010764328	grp-a001-02-000000069047580	단백질바추천	nad-a001-02-000000553654554	bsn-a001-00-000000013604308	13	09	8753	M	1	0	0	2	0
20261001	4291318	cmp-a001-02-000000010764328	grp-a001-02-000000069047580	프로틴쉐이크	nad-a001-02-000000553654562	bsn-a001-00-000000013604308	13	11	529514	M	11	0	0	11	0
20261001	4291318	cmp-a001-02-000000010764328	grp-a001-02-000000069047580	간식스토어	nad-a001-02-000000553654554	bsn-a001-00-000000013604308	13	11	8753	M	1	0	0	1	0
20261001	4291318	cmp-a001-02-000000010764328	grp-a001-02-000000069047580	젤리추천	nad-a001-02-000000541753985	bsn-a001-00-000000013604308	13	02	8753	M	1	0	0	6	0
20261001	4291318	cmp-a001-02-000000010764328	grp-a001-02-000000069047580	단백질쉐이크	nad-a001-02-000000553654562	bsn-a001-00-000000013604308	13	07	27758	P	1	0	0	2	0
20261001	4291318	cmp-a001-02-000000010764328	grp-a001-02-000000069047580	단백질바	nad-a001-02-000000553654558	bsn-a001-00-000000013604308	13	08	33421	M	1	0	0	2	0
20261001	4291318	cmp-a001-02-000000010764328	grp-a001-02-000000069047580	프로틴	nad-a001-02-000000553654562	bsn-a001-00-000000013604308	13	09	529514	M	111	0	0	138	0
20261001	4291318	cmp-a001-02-000000010764328	grp-a001-02-000000069047580	에너지바	nad-a001-02-000000553654554	bsn-a001-00-000000013604308	13	16	33421	M	1	0	0	1	0
20261001	4291318	cmp-a001-02-000000010764328	grp-a001-02-000000069047580	젤리	nad-a001-02-000000541753985	bsn-a001-00-000000013604308	13	13	768323	M	1	0	0	1	0
20261001	4291318	cmp-a001-02-000000010764328	grp-a001-02-000000069047580	식물성단백질	nad-a001-02-000000553654562	bsn-a001-00-000000013604308	13	16	8753	M	1	0	0	2	0
20261001	4291318	cmp-a001-02-000000010764328	grp-a001-02-000000069047580	단백질간식	nad-a001-02-000000553654554	bsn-a001-00-000000013604308	13	02	27758	P	2	1	2761	5	0
20261001	4291318	cmp-a001-02-000000010764328	grp-a001-02-000000069047580	에너지바	nad-a001-02-000000553654554	bsn-a001-00-000000013604308	13	15	27758	P	1	0	0	4	0
20261001	4291318	cmp-a001-02-000000010764328	grp-a001-02-000000069047580	쉐이크	nad-a001-02-000000553654562	bsn-a001-00-000000013604308	13	09	684927	P	2	0	0	12	0
20261001	4291318	cmp-a001-02-000000010764328	grp-a001-02-000000069047580	단백질쉐이크	nad-a001-02-000000553654562	bsn-a001-00-000000013604308	13	06	8753	M	5	0	0	7	0
20261001	4291318	cmp-a001-02-000000010764328	grp-a001-02-000000069047580	단백질파우더	nad-a001-02-000000553654562	bsn-a001-00-000000013604308	13	09	684926	M	1	0	0	15	0
20261001	4291318	cmp-a001-02-000000010764328	grp-a001-02-000000069047580	단백질쉐이크	nad-a001-02-000000553654562	bsn-a001-00-000000013604308	13	03	529514	M	36	0	0	37	0
20261001	4291318	cmp-a001-02-000000010764328	grp-a001-02-000000069047580	씹히는단백질쉐이크	nad-a001-02-000000553654562	bsn-a001-00-000000013604308	13	09	8753	M	1	0	0	14	0
20261001	4291318	cmp-a001-02-000000010764328	grp-a001-02-000000069047580	단백질보충제	nad-a001-02-000000553654562	bsn-a001-00-000000013604308	13	09	27758	P	1	0	0	4	0
20261001	4291318	cmp-a001-02-000000010764328	grp-a001-02-000000069047580	사랑	nad-a001-02-000000553654558	bsn-a001-00-000000013604308	13	15	98128	M	2	0	0	6	0
20261001	4291318	cmp-a001-02-000000010764328	grp-a001-02-000000069047580	셀레늄단백질	nad-a001-02-000000553654562	bsn-a001-00-000000013604308	13	02	8753	M	1	0	0	5	0
20261001	4291318	cmp-a001-02-000000010764328	grp-a001-02-000000069047580	식사대용쉐이크	nad-a001-02-000000553654562	bsn-a001-00-000000013604308	13	16	8753	M	1	0	0	5	0
20261001	4291318	cmp-a001-02-000000010764328	grp-a001-02-000000069047580	원푸드다이어트종류	nad-a001-02-000000553654562	bsn-a001-00-000000013604308	13	08	8753	M	1	0	0	4	0
20261001	4291318	cmp-a001-02-000000010764328	grp-a001-02-000000069047580	ISP단백질	nad-a001-02-000000553654562	bsn-a001-00-000000013604308	13	08	8753	M	1	0	0	3	0
20261001	4291318	cmp-a001-02-000000010764328	grp-a001-02-000000069047580	단백질보충제	nad-a001-02-000000553654562	bsn-a001-00-000000013604308	13	15	529514	M	7	0	0	7	0
20261001	4291318	cmp-a001-02-000000010764328	grp-a001-02-000000069047580	황성주생식	nad-a001-02-000000541753997	bsn-a001-00-000000013604308	13	99	633013	M	2	0	0	2	0
20261001	4291318	cmp-a001-02-000000010764328	grp-a001-02-000000069047580	에너지바	nad-a001-02-000000553654559	bsn-a001-00-000000013604308	13	02	529514	M	1	0	0	3	0
20261001	4291318	cmp-a001-02-000000010764328	grp-a001-02-000000069047580	황성주생식	nad-a001-02-000000541754004	bsn-a001-00-000000013604308	13	02	529514	M	4	0	0	8	0
20261001	4291318	cmp-a001-02-000000010764328	grp-a001-02-000000069047580	단백질	nad-a001-02-000000553654562	bsn-a001-00-000000013604308	13	08	8753	M	1	0	0	1	0
20261001	4291318	cmp-a001-02-000000010764328	grp-a001-02-000000069047580	에너지바	nad-a001-02-000000553654558	bsn-a001-00-000000013604308	13	02	529514	M	1	0	0	1	0
20261001	4291318	cmp-a001-02-000000010764328	grp-a001-02-000000069047580	에너지바	nad-a001-02-000000553654559	bsn-a001-00-000000013604308	13	18	33421	M	1	0	0	4	0
20261001	4291318	cmp-a001-02-000000010764328	grp-a001-02-000000069047580	단백질쉐이크	nad-a001-02-000000553654562	bsn-a001-00-000000013604308	13	13	33421	M	2	0	0	24	0
20261001	4291318	cmp-a001-02-000000010764328	grp-a001-02-000000069047580	단백질프로틴	nad-a001-02-000000553654562	bsn-a001-00-000000013604308	13	09	529514	M	11	0	0	11	0
20261001	4291318	cmp-a001-02-000000010764328	grp-a001-02-000000069047580	황성주생식가격	nad-a001-02-000000541753988	bsn-a001-00-000000013604308	13	09	8753	M	1	0	0	5	0
20261001	4291318	cmp-a001-02-000000010764328	grp-a001-02-000000069047580	단백질바	nad-a001-02-000000553654554	bsn-a001-00-000000013604308	13	04	27758	P	1	0	0	1	0
20261001	4291318	cmp-a001-02-000000010764328	grp-a001-02-000000069047580	식전프로틴ISP	nad-a001-02-000000553654562	bsn-a001-00-000000013604308	13	08	8753	M	1	0	0	1	0
20261001	4291318	cmp-a001-02-000000010764328	grp-a001-02-000000069047580	젤리	nad-a001-02-000000541753985	bsn-a001-00-000000013604308	13	14	11068	P	1	0	0	1	0
20261001	4291318	cmp-a001-02-000000010764328	grp-a001-02-000000069047580	스토어	nad-a001-02-000000541753997	bsn-a001-00-000000013604308	13	99	612594	M	2	0	0	14	0
20261001	4291318	cmp-a001-02-000000010764328	grp-a001-02-000000069047580	단백질바	nad-a001-02-000000553654554	bsn-a001-00-000000013604308	13	03	8753	M	3	0	0	3	0
20261001	4291318	cmp-a001-02-000000010764328	grp-a001-02-000000069047580	대농식품동결건조	nad-a001-02-000000541753996	bsn-a001-00-000000013604308	13	02	8753	M	1	0	0	3	0
20261001	4291318	cmp-a001-02-000000010764328	grp-a001-02-000000069047580	사랑	nad-a001-02-000000553654558	bsn-a001-00-000000013604308	13	17	98128	M	1	0	0	3	0
20261001	4291318	cmp-a001-02-000000010764328	grp-a001-02-000000069047580	식물성프로틴	nad-a001-02-000000553654562	bsn-a001-00-000000013604308	13	18	8753	M	1	0	0	4	0
20261001	4291318	cmp-a001-02-000000010764328	grp-a001-02-000000069047580	오스트리아BC프로틴바	nad-a001-02-000000553654554	bsn-a001-00-000000013604308	13	09	8753	M	1	0	0	1	0
20261001	4291318	cmp-a001-02-000000010764328	grp-a001-02-000000069047580	황성주생식	nad-a001-02-000000541753997	bsn-a001-00-000000013604308	13	18	27758	P	1	0	0	2	0
20261001	4291318	cmp-a001-02-000000010764328	grp-a001-02-000000069047580	황성주생식	nad-a001-02-000000541753988	bsn-a001-00-000000013604308	13	99	11068	P	1	0	0	5	0
20261001	4291318	cmp-a001-02-000000010764328	grp-a001-02-000000069047580	식품브랜드마케터	nad-a001-02-000000541753996	bsn-a001-00-000000013604308	13	09	8753	M	2	0	0	8	0
20261001	4291318	cmp-a001-02-000000010764328	grp-a001-02-000000069047580	프로틴바	nad-a001-02-000000553654559	bsn-a001-00-000000013604308	13	02	98128	M	3	0	0	15	0
20261001	4291318	cmp-a001-02-000000010764328	grp-a001-02-000000069047580	스토어	nad-a001-02-000000541753997	bsn-a001-00-000000013604308	13	11	98128	M	4	0	0	4	0
20261001	4291318	cmp-a001-02-000000010764328	grp-a001-02-000000069047580	황성주생식	nad-a001-02-000000541753988	bsn-a001-00-000000013604308	13	09	8753	M	1	0	0	5	0
20261001	4291318	cmp-a001-02-000000010764328	grp-a001-02-000000069047580	단백질	nad-a001-02-000000553654562	bsn-a001-00-000000013604308	13	09	684927	P	2	0	0	16	0
20261001	4291318	cmp-a001-02-000000010764328	grp-a001-02-000000069047580	다이어트쉐이크	nad-a001-02-000000553654562	bsn-a001-00-000000013604308	13	02	529514	M	2	0	0	2	0
20261001	4291318	cmp-a001-02-000000010764328	grp-a001-02-000000069047580	FITBAR에너지바	nad-a001-02-000000553654554	bsn-a001-00-000000013604308	13	09	8753	M	1	0	0	1	0
20261001	4291318	cmp-a001-02-000000010764328	grp-a001-02-000000069047580	사랑	nad-a001-02-000000553654558	bsn-a001-00-000000013604308	13	06	98128	M	1	0	0	3	0
20261001	4291318	cmp-a001-02-000000010764328	grp-a001-02-000000069047580	젤리	nad-a001-02-000000541753985	bsn-a001-00-000000013604308	13	03	98128	M	4	0	0	4	0
20261001	4291318	cmp-a001-02-000000010764328	grp-a001-02-000000069047580	황성주생식가격	nad-a001-02-000000541754005	bsn-a001-00-000000013604308	13	09	8753	M	1	0	0	4	0
20261001	4291318	cmp-a001-02-000000010764328	grp-a001-02-000000069047580	황성주생식	nad-a001-02-000000541753996	bsn-a001-00-000000013604308	13	02	8753	M	4	0	0	12	0
20261001	4291318	cmp-a001-02-000000010764328	grp-a001-02-000000069047580	브랜드스토어	nad-a001-02-000000541753997	bsn-a001-00-000000013604308	13	01	11068	P	5	0	0	5	0
20261001	4291318	cmp-a001-02-000000010764328	grp-a001-02-000000069047580	곡물쉐이크	nad-a001-02-000000553654562	bsn-a001-00-000000013604308	13	10	684926	M	2	0	0	14	0
20261001	4291318	cmp-a001-02-000000010764328	grp-a001-02-000000069047580	칼로리바효능	nad-a001-02-000000553654558	bsn-a001-00-000000013604308	13	09	27758	P	1	0	0	2	0
20261001	4291318	cmp-a001-02-000000010764328	grp-a001-02-000000069047580	프로틴바	nad-a001-02-000000553654558	bsn-a001-00-000000013604308	13	08	8753	M	1	0	0	4	0
20261001	4291318	cmp-a001-02-000000010764328	grp-a001-02-000000069047580	프로틴	nad-a001-02-000000553654562	bsn-a001-00-000000013604308	13	06	684925	P	2	0	0	2	0
20261001	4291318	cmp-a001-02-000000010764328	grp-a001-02-000000069047580	젤리	nad-a001-02-000000541753985	bsn-a001-00-000000013604308	13	11	768323	M	1	0	0	1	0
20261001	4291318	cmp-a001-02-000000010764328	grp-a001-02-000000069047580	칼로리바	nad-a001-02-000000553654559	bsn-a001-00-000000013604308	13	02	529514	M	2	0	0	6	0
20261001	4291318	cmp-a001-02-000000010764328	grp-a001-02-000000069047580	단백질쉐이크	nad-a001-02-000000553654562	bsn-a001-00-000000013604308	13	04	684927	P	2	0	0	20	0
20261001	4291318	cmp-a001-02-000000010764328	grp-a001-02-000000069047580	프로틴	nad-a001-02-000000553654562	bsn-a001-00-000000013604308	13	02	33421	M	3	0	0	15	0
20261001	4291318	cmp-a001-02-000000010764328	grp-a001-02-000000069047580	단백질쉐이크	nad-a001-02-000000553654562	bsn-a001-00-000000013604308	13	02	529514	M	83	0	0	89	0
20261001	4291318	cmp-a001-02-000000010764328	grp-a001-02-000000069047580	단백질보충제	nad-a001-02-000000553654562	bsn-a001-00-000000013604308	13	99	87620	M	1	0	0	2	0
20261001	4291318	cmp-a001-02-000000010764328	grp-a001-02-000000069047580	단백질쉐이크	nad-a001-02-000000553654562	bsn-a001-00-000000013604308	13	11	8753	M	3	0	0	12	0
20261001	4291318	cmp-a001-02-000000010764328	grp-a001-02-000000069047580	버핏그라운드단백질쉐이크	nad-a001-02-000000553654562	bsn-a001-00-000000013604308	13	09	8753	M	1	0	0	5	0
20261001	4291318	cmp-a001-02-000000010764328	grp-a001-02-000000069047580	젤리	nad-a001-02-000000541753985	bsn-a001-00-000000013604308	13	02	98128	M	3	0	0	3	0
20261001	4291318	cmp-a001-02-000000010764328	grp-a001-02-000000069047580	전주칼로리바가격	nad-a001-02-000000553654559	bsn-a001-00-000000013604308	13	13	8753	M	1	0	0	3	0
20261001	4291318	cmp-a001-02-000000010764328	grp-a001-02-000000069047580	황성주생식	nad-a001-02-000000541754004	bsn-a001-00-000000013604308	13	02	370822	P	1	0	0	1	0
20261001	4291318	cmp-a001-02-000000010764328	grp-a001-02-000000069047580	단백질쉐이크	nad-a001-02-000000553654562	bsn-a001-00-000000013604308	13	09	684926	M	3	0	0	29	0
20261001	4291318	cmp-a001-02-000000010764328	grp-a001-02-000000069047580	황성주생식	nad-a001-02-000000541753988	bsn-a001-00-000000013604308	13	10	8753	M	1	0	0	5	0
20261001	4291318	cmp-a001-02-000000010764328	grp-a001-02-000000069047580	씨알시리얼바	nad-a001-02-000000553654558	bsn-a001-00-000000013604308	13	02	8753	M	1	0	0	3	0
20261001	4291318	cmp-a001-02-000000010764328	grp-a001-02-000000069047580	단백질바	nad-a001-02-000000553654558	bsn-a001-00-000000013604308	13	04	27758	P	1	0	0	3	0
20261001	4291318	cmp-a001-02-000000010764328	grp-a001-02-000000069047580	프로틴	nad-a001-02-000000553654562	bsn-a001-00-000000013604308	13	18	768323	M	7	0	0	11	0
20261001	4291318	cmp-a001-02-000000010764328	grp-a001-02-000000069047580	제리	nad-a001-02-000000541753985	bsn-a001-00-000000013604308	13	09	98128	M	2	0	0	2	0
20261001	4291318	cmp-a001-02-000000010764328	grp-a001-02-000000069047580	단백질	nad-a001-02-000000553654562	bsn-a001-00-000000013604308	13	01	684925	P	1	0	0	1	0
20261001	4291318	cmp-a001-02-000000010764328	grp-a001-02-000000069047580	에너지바	nad-a001-02-000000553654554	bsn-a001-00-000000013604308	13	13	27758	P	1	0	0	3	0
20261001	4291318	cmp-a001-02-000000010764328	grp-a001-02-000000069047580	에너지바	nad-a001-02-000000553654558	bsn-a001-00-000000013604308	13	99	8753	M	1	0	0	4	0
20261001	4291318	cmp-a001-02-000000010764328	grp-a001-02-000000069047580	황성주생식	nad-a001-02-000000541753997	bsn-a001-00-000000013604308	13	03	8753	M	2	1	4705	2	0
20261001	4291318	cmp-a001-02-000000010764328	grp-a001-02-000000069047580	단백질쉐이크	nad-a001-02-000000553654562	bsn-a001-00-000000013604308	13	10	529514	M	12	0	0	15	0
20261001	4291318	cmp-a001-02-000000010764328	grp-a001-02-000000069047580	단백질쉐이크반택	nad-a001-02-000000553654562	bsn-a001-00-000000013604308	13	11	8753	M	2	0	0	10	0
20261001	4291318	cmp-a001-02-000000010764328	grp-a001-02-000000069047580	식사대용	nad-a001-02-000000553654562	bsn-a001-00-000000013604308	13	02	684925	P	1	0	0	1	0
20261001	4291318	cmp-a001-02-000000010764328	grp-a001-02-000000069047580	황성주생식	nad-a001-02-000000541754004	bsn-a001-00-000000013604308	13	99	11068	P	1	0	0	2	0
20261001	4291318	cmp-a001-02-000000010764328	grp-a001-02-000000069047580	에너지바	nad-a001-02-000000553654559	bsn-a001-00-000000013604308	13	99	791888	M	1	0	0	4	0
20261001	4291318	cmp-a001-02-000000010764328	grp-a001-02-000000069047580	단백질보충제	nad-a001-02-000000553654562	bsn-a001-00-000000013604308	13	02	11068	P	5	0	0	44	0
20261001	4291318	cmp-a001-02-000000010764328	grp-a001-02-000000069047580	프로틴쉐이크	nad-a001-02-000000553654562	bsn-a001-00-000000013604308	13	09	529514	M	10	0	0	10	0
20261001	4291318	cmp-a001-02-000000010764328	grp-a001-02-000000069047580	단백질쉐이크	nad-a001-02-000000553654562	bsn-a001-00-000000013604308	13	02	684927	P	4	0	0	12	0
20261001	4291318	cmp-a001-02-000000010764328	grp-a001-02-000000069047580	황성주생식변	nad-a001-02-000000541753997	bsn-a001-00-000000013604308	13	14	8753	M	1	0	0	1	0
20261001	4291318	cmp-a001-02-000000010764328	grp-a001-02-000000069047580	어르신단백질과자	nad-a001-02-000000553654558	bsn-a001-00-000000013604308	13	09	11068	P	1	0	0	5	0
20261001	4291318	cmp-a001-02-000000010764328	grp-a001-02-000000069047580	단백질쉐이크	nad-a001-02-000000553654562	bsn-a001-00-000000013604308	13	11	341898	M	1	0	0	2	0
20261001	4291318	cmp-a001-02-000000010764328	grp-a001-02-000000069047580	단백질	nad-a001-02-000000553654562	bsn-a001-00-000000013604308	13	99	529514	M	3	0	0	4	0
20261001	4291318	cmp-a001-02-000000010764328	grp-a001-02-000000069047580	황성주생식	nad-a001-02-000000541754004	bsn-a001-00-000000013604308	13	18	684925	P	1	0	0	1	0
20261001	4291318	cmp-a001-02-000000010764328	grp-a001-02-000000069047580	황성주생식	nad-a001-02-000000541754004	bsn-a001-00-000000013604308	13	09	684925	P	1	0	0	1	0
20261001	4291318	cmp-a001-02-000000010764328	grp-a001-02-000000069047580	황성주생식	nad-a001-02-000000541753988	bsn-a001-00-000000013604308	13	99	633013	M	2	0	0	14	0
20261001	4291318	cmp-a001-02-000000010764328	grp-a001-02-000000069047580	단백질쉐이크	nad-a001-02-000000553654562	bsn-a001-00-000000013604308	13	99	684926	M	5	0	0	54	0
20261001	4291318	cmp-a001-02-000000010764328	grp-a001-02-000000069047580	프로틴바	nad-a001-02-000000553654558	bsn-a001-00-000000013604308	13	09	8753	M	2	0	0	5	0
20261001	4291318	cmp-a001-02-000000010764328	grp-a001-02-000000069047580	에너지바	nad-a001-02-000000553654558	bsn-a001-00-000000013604308	13	16	8753	M	1	0	0	3	0
20261001	4291318	cmp-a001-02-000000010764328	grp-a001-02-000000069047580	프로틴바	nad-a001-02-000000553654554	bsn-a001-00-000000013604308	13	18	529514	M	6	0	0	9	0
20261001	4291318	cmp-a001-02-000000010764328	grp-a001-02-000000069047580	단백질바	nad-a001-02-000000553654558	bsn-a001-00-000000013604308	13	11	33421	M	3	0	0	6	0
20261001	4291318	cmp-a001-02-000000010764328	grp-a001-02-000000069047580	프로틴쉐이크	nad-a001-02-000000553654562	bsn-a001-00-000000013604308	13	04	8753	M	1	0	0	4	0
20261001	4291318	cmp-a001-02-000000010764328	grp-a001-02-000000069047580	단백질	nad-a001-02-000000553654562	bsn-a001-00-000000013604308	13	09	684925	P	2	0	0	2	0
20261001	4291318	cmp-a001-02-000000010764328	grp-a001-02-000000069047580	단백질쉐이크	nad-a001-02-000000553654562	bsn-a001-00-000000013604308	13	08	33421	M	1	0	0	5	0
20261001	4291318	cmp-a001-02-000000010764328	grp-a001-02-000000069047580	단백질바	nad-a001-02-000000553654554	bsn-a001-00-000000013604308	13	02	33421	M	4	0	0	4	0
20261001	4291318	cmp-a001-02-000000010764328	grp-a001-02-000000069047580	보충제	nad-a001-02-000000553654562	bsn-a001-00-000000013604308	13	02	33421	M	1	0	0	2	0
20261001	4291318	cmp-a001-02-000000010764328	grp-a001-02-000000069047580	네이버스토어	nad-a001-02-000000541753997	bsn-a001-00-000000013604308	13	13	419964	M	1	0	0	1	0
20261001	4291318	cmp-a001-02-000000010764328	grp-a001-02-000000069047580	식물성단백질	nad-a001-02-000000553654562	bsn-a001-00-000000013604308	13	09	529514	M	2	0	0	2	0
20261001	4291318	cmp-a001-02-000000010764328	grp-a001-02-000000069047580	사랑	nad-a001-02-000000553654554	bsn-a001-00-000000013604308	13	02	98128	M	3	0	0	6	0
20261001	4291318	cmp-a001-02-000000010764328	grp-a001-02-000000069047580	단백질	nad-a001-02-000000553654562	bsn-a001-00-000000013604308	13	99	8753	M	3	0	0	10	0
20261001	4291318	cmp-a001-02-000000010764328	grp-a001-02-000000069047580	에너지바	nad-a001-02-000000553654558	bsn-a001-00-000000013604308	13	08	33421	M	3	0	0	6	0
20261001	4291318	cmp-a001-02-000000010764328	grp-a001-02-000000069047580	단백질바	nad-a001-02-000000553654559	bsn-a001-00-000000013604308	13	18	684926	M	1	0	0	17	0
20261001	4291318	cmp-a001-02-000000010764328	grp-a001-02-000000069047580	단백질보충제	nad-a001-02-000000553654562	bsn-a001-00-000000013604308	13	08	11068	P	1	0	0	2	0
20261001	4291318	cmp-a001-02-000000010764328	grp-a001-02-000000069047580	프로틴쉐이크	nad-a001-02-000000553654562	bsn-a001-00-000000013604308	13	02	529514	M	14	0	0	14	0
20261001	4291318	cmp-a001-02-000000010764328	grp-a001-02-000000069047580	사랑이	nad-a001-02-000000553654558	bsn-a001-00-000000013604308	13	02	529514	M	8	0	0	20	0
20261001	4291318	cmp-a001-02-000000010764328	grp-a001-02-000000069047580	단백질프로틴	nad-a001-02-000000553654562	bsn-a001-00-000000013604308	13	15	529514	M	2	0	0	2	0
20261001	4291318	cmp-a001-02-000000010764328	grp-a001-02-000000069047580	사랑	nad-a001-02-000000553654558	bsn-a001-00-000000013604308	13	03	98128	M	1	0	0	3	0
20261001	4291318	cmp-a001-02-000000010764328	grp-a001-02-000000069047580	단백질보충제	nad-a001-02-000000553654562	bsn-a001-00-000000013604308	13	15	23123	P	1	0	0	2	0
20261001	4291318	cmp-a001-02-000000010764328	grp-a001-02-000000069047580	프로틴	nad-a001-02-000000553654562	bsn-a001-00-000000013604308	13	99	529514	M	100	0	0	111	0
20261001	4291318	cmp-a001-02-000000010764328	grp-a001-02-000000069047580	황성주다이어트식품	nad-a001-02-000000553654562	bsn-a001-00-000000013604308	13	10	8753	M	1	0	0	1	0
20261001	4291318	cmp-a001-02-000000010764328	grp-a001-02-000000069047580	단백질보충제	nad-a001-02-000000553654562	bsn-a001-00-000000013604308	13	18	87620	M	4	0	0	8	0
20261001	4291318	cmp-a001-02-000000010764328	grp-a001-02-000000069047580	프로틴쉐이크	nad-a001-02-000000553654562	bsn-a001-00-000000013604308	13	15	529514	M	2	0	0	2	0
20261001	4291318	cmp-a001-02-000000010764328	grp-a001-02-000000069047580	젤리	nad-a001-02-000000541753985	bsn-a001-00-000000013604308	13	13	8753	M	2	0	0	4	0
20261001	4291318	cmp-a001-02-000000010764328	grp-a001-02-000000069047580	단백질파우더	nad-a001-02-000000553654562	bsn-a001-00-000000013604308	13	02	8753	M	3	0	0	13	0
20261001	4291318	cmp-a001-02-000000010764328	grp-a001-02-000000069047580	푸룬젤리	nad-a001-02-000000541753985	bsn-a001-00-000000013604308	13	09	27758	P	2	0	0	5	0
20261001	4291318	cmp-a001-02-000000010764328	grp-a001-02-000000069047580	동결건조분말	nad-a001-02-000000541753997	bsn-a001-00-000000013604308	13	03	684926	M	2	0	0	8	0
20261001	4291318	cmp-a001-02-000000010764328	grp-a001-02-000000069047580	단백질보충제추천	nad-a001-02-000000553654562	bsn-a001-00-000000013604308	13	07	11068	P	1	0	0	9	0
20261001	4291318	cmp-a001-02-000000010764328	grp-a001-02-000000069047580	삽초싹가루효능	nad-a001-02-000000541753997	bsn-a001-00-000000013604308	13	16	8753	M	1	0	0	2	0
20261001	4291318	cmp-a001-02-000000010764328	grp-a001-02-000000069047580	단백질바	nad-a001-02-000000553654554	bsn-a001-00-000000013604308	13	11	33421	M	3	0	0	3	0
20261001	4291318	cmp-a001-02-000000010764328	grp-a001-02-000000069047580	젤리	nad-a001-02-000000541753985	bsn-a001-00-000000013604308	13	18	768323	M	3	0	0	3	0
20261001	4291318	cmp-a001-02-000000010764328	grp-a001-02-000000069047580	프로틴바	nad-a001-02-000000553654558	bsn-a001-00-000000013604308	13	18	529514	M	6	0	0	9	0
20261001	4291318	cmp-a001-02-000000010764328	grp-a001-02-000000069047580	단백질바	nad-a001-02-000000553654554	bsn-a001-00-000000013604308	13	09	33421	M	4	0	0	4	0
20261001	4291318	cmp-a001-02-000000010764328	grp-a001-02-000000069047580	탄수화물바	nad-a001-02-000000553654558	bsn-a001-00-000000013604308	13	03	8753	M	2	1	2575	8	0
20261001	4291318	cmp-a001-02-000000010764328	grp-a001-02-000000069047580	프로틴바	nad-a001-02-000000553654558	bsn-a001-00-000000013604308	13	09	27758	P	5	0	0	10	0
20261001	4291318	cmp-a001-02-000000010764328	grp-a001-02-000000069047580	사랑	nad-a001-02-000000553654558	bsn-a001-00-000000013604308	13	02	98128	M	3	0	0	9	0
20261001	4291318	cmp-a001-02-000000010764328	grp-a001-02-000000069047580	빠바에너지바	nad-a001-02-000000553654558	bsn-a001-00-000000013604308	13	09	8753	M	1	0	0	5	0
20261001	4291318	cmp-a001-02-000000010764328	grp-a001-02-000000069047580	단백질바	nad-a001-02-000000553654554	bsn-a001-00-000000013604308	13	06	33421	M	2	0	0	2	0
20261001	4291318	cmp-a001-02-000000010764328	grp-a001-02-000000069047580	단백질쉐이크	nad-a001-02-000000553654562	bsn-a001-00-000000013604308	13	18	11068	P	3	0	0	31	0
20261001	4291318	cmp-a001-02-000000010764328	grp-a001-02-000000069047580	ISP단백질	nad-a001-02-000000553654562	bsn-a001-00-000000013604308	13	99	684926	M	2	0	0	14	0
20261001	4291318	cmp-a001-02-000000010764328	grp-a001-02-000000069047580	곡물쉐이크	nad-a001-02-000000553654562	bsn-a001-00-000000013604308	13	02	8753	M	1	0	0	3	0
20261001	4291318	cmp-a001-02-000000010764328	grp-a001-02-000000069047580	단백질보충제	nad-a001-02-000000553654562	bsn-a001-00-000000013604308	13	04	11068	P	1	0	0	5	0
20261001	4291318	cmp-a001-02-000000010764328	grp-a001-02-000000069047580	에너지바	nad-a001-02-000000553654559	bsn-a001-00-000000013604308	13	09	33421	M	9	0	0	40	0
20261001	4291318	cmp-a001-02-000000010764328	grp-a001-02-000000069047580	황성주생식	nad-a001-02-000000541754005	bsn-a001-00-000000013604308	13	99	633013	M	2	0	0	6	0
20261001	4291318	cmp-a001-02-000000010764328	grp-a001-02-000000069047580	HIGH	nad-a001-02-000000553654562	bsn-a001-00-000000013604308	13	08	98128	M	2	0	0	2	0
20261001	4291318	cmp-a001-02-000000010764328	grp-a001-02-000000069047580	젤리	nad-a001-02-000000541753985	bsn-a001-00-000000013604308	13	08	27758	P	1	0	0	3	0
20261001	4291318	cmp-a001-02-000000010764328	grp-a001-02-000000069047580	젤리	nad-a001-02-000000541753985	bsn-a001-00-000000013604308	13	99	137281	M	1	0	0	1	0
20261001	4291318	cmp-a001-02-000000010764328	grp-a001-02-000000069047580	단백질바	nad-a001-02-000000553654559	bsn-a001-00-000000013604308	13	11	684927	P	1	0	0	13	0
20261001	4291318	cmp-a001-02-000000010764328	grp-a001-02-000000069047580	에너지바	nad-a001-02-000000553654554	bsn-a001-00-000000013604308	13	03	791888	M	3	0	0	3	0
20261001	4291318	cmp-a001-02-000000010764328	grp-a001-02-000000069047580	단백질간식	nad-a001-02-000000553654558	bsn-a001-00-000000013604308	13	02	684926	M	2	0	0	4	0
20261001	4291318	cmp-a001-02-000000010764328	grp-a001-02-000000069047580	프로틴	nad-a001-02-000000553654562	bsn-a001-00-000000013604308	13	99	791888	M	1	0	0	2	0
20261001	4291318	cmp-a001-02-000000010764328	grp-a001-02-000000069047580	가루	nad-a001-02-000000541754005	bsn-a001-00-000000013604308	13	02	529514	M	1	0	0	4	0
20261001	4291318	cmp-a001-02-000000010764328	grp-a001-02-000000069047580	다이어트쉐이크	nad-a001-02-000000553654562	bsn-a001-00-000000013604308	13	02	684926	M	2	0	0	24	0
20261001	4291318	cmp-a001-02-000000010764328	grp-a001-02-000000069047580	프로틴	nad-a001-02-000000553654562	bsn-a001-00-000000013604308	13	04	8753	M	1	0	0	4	0
20261001	4291318	cmp-a001-02-000000010764328	grp-a001-02-000000069047580	프로틴쉐이크	nad-a001-02-000000553654562	bsn-a001-00-000000013604308	13	18	33421	M	1	0	0	3	0
20261001	4291318	cmp-a001-02-000000010764328	grp-a001-02-000000069047580	프로틴	nad-a001-02-000000553654562	bsn-a001-00-000000013604308	13	16	768323	M	4	0	0	6	0
20261001	4291318	cmp-a001-02-000000010764328	grp-a001-02-000000069047580	단백질식품순위	nad-a001-02-000000553654562	bsn-a001-00-000000013604308	13	11	8753	M	1	0	0	4	0
20261001	4291318	cmp-a001-02-000000010764328	grp-a001-02-000000069047580	쉐이크	nad-a001-02-000000553654562	bsn-a001-00-000000013604308	13	99	98128	M	1	0	0	2	0
20261001	4291318	cmp-a001-02-000000010764328	grp-a001-02-000000069047580	에너지바	nad-a001-02-000000553654554	bsn-a001-00-000000013604308	13	99	87620	M	1	0	0	2	0
20261001	4291318	cmp-a001-02-000000010764328	grp-a001-02-000000069047580	단백질식품	nad-a001-02-000000553654562	bsn-a001-00-000000013604308	13	09	8753	M	1	0	0	4	0
20261001	4291318	cmp-a001-02-000000010764328	grp-a001-02-000000069047580	프로틴단백질	nad-a001-02-000000553654562	bsn-a001-00-000000013604308	13	09	684925	P	1	0	0	1	0
20261001	4291318	cmp-a001-02-000000010764328	grp-a001-02-000000069047580	단백질보충제	nad-a001-02-000000553654562	bsn-a001-00-000000013604308	13	02	8753	M	6	0	0	25	0
20261001	4291318	cmp-a001-02-000000010764328	grp-a001-02-000000069047580	엄마사랑	nad-a001-02-000000553654558	bsn-a001-00-000000013604308	13	09	33421	M	1	0	0	7	0
20261001	4291318	cmp-a001-02-000000010764328	grp-a001-02-000000069047580	프로틴	nad-a001-02-000000553654562	bsn-a001-00-000000013604308	13	08	529514	M	23	0	0	27	0
20261001	4291318	cmp-a001-02-000000010764328	grp-a001-02-000000069047580	가루	nad-a001-02-000000541753997	bsn-a001-00-000000013604308	13	15	8753	M	1	0	0	1	0
20261001	4291318	cmp-a001-02-000000010764328	grp-a001-02-000000069047580	프로틴쉐이크	nad-a001-02-000000553654562	bsn-a001-00-000000013604308	13	11	8753	M	1	0	0	3	0
20261001	4291318	cmp-a001-02-000000010764328	grp-a001-02-000000069047580	쉐이크	nad-a001-02-000000553654562	bsn-a001-00-000000013604308	13	02	529514	M	4	0	0	4	0
20261001	4291318	cmp-a001-02-000000010764328	grp-a001-02-000000069047580	에너지바	nad-a001-02-000000553654558	bsn-a001-00-000000013604308	13	16	33421	M	1	0	0	2	0
20261001	4291318	cmp-a001-02-000000010764328	grp-a001-02-000000069047580	단백질바	nad-a001-02-000000553654558	bsn-a001-00-000000013604308	13	09	33421	M	4	0	0	8	0
20261001	4291318	cmp-a001-02-000000010764328	grp-a001-02-000000069047580	단백질바	nad-a001-02-000000553654554	bsn-a001-00-000000013604308	13	00	27758	P	2	0	0	2	0
20261001	4291318	cmp-a001-02-000000010764328	grp-a001-02-000000069047580	단백질보충제	nad-a001-02-000000553654562	bsn-a001-00-000000013604308	13	02	23123	P	2	0	0	4	0
20261001	4291318	cmp-a001-02-000000010764328	grp-a001-02-000000069047580	임산부푸룬젤리	nad-a001-02-000000541753985	bsn-a001-00-000000013604308	13	11	8753	M	1	0	0	4	0
20261001	4291318	cmp-a001-02-000000010764328	grp-a001-02-000000069047580	단백질쉐이크하루2번	nad-a001-02-000000553654562	bsn-a001-00-000000013604308	13	09	8753	M	1	0	0	3	0
20261001	4291318	cmp-a001-02-000000010764328	grp-a001-02-000000069047580	프로틴	nad-a001-02-000000553654562	bsn-a001-00-000000013604308	13	09	8753	M	14	0	0	37	0
20261001	4291318	cmp-a001-02-000000010764328	grp-a001-02-000000069047580	사랑	nad-a001-02-000000553654554	bsn-a001-00-000000013604308	13	10	98128	M	1	0	0	2	0
20261001	4291318	cmp-a001-02-000000010764328	grp-a001-02-000000069047580	황성주생식	nad-a001-02-000000541753996	bsn-a001-00-000000013604308	13	06	8753	M	1	0	0	3	0
20261001	4291318	cmp-a001-02-000000010764328	grp-a001-02-000000069047580	ISP프로틴	nad-a001-02-000000553654562	bsn-a001-00-000000013604308	13	09	529514	M	1	0	0	1	0
20261001	4291318	cmp-a001-02-000000010764328	grp-a001-02-000000069047580	간식스토어	nad-a001-02-000000553654554	bsn-a001-00-000000013604308	13	11	684924	M	1	0	0	1	0
20261001	4291318	cmp-a001-02-000000010764328	grp-a001-02-000000069047580	프로틴쉐이크	nad-a001-02-000000553654562	bsn-a001-00-000000013604308	13	99	529514	M	6	0	0	6	0
20261001	4291318	cmp-a001-02-000000010764328	grp-a001-02-000000069047580	단백질간식	nad-a001-02-000000553654559	bsn-a001-00-000000013604308	13	02	11068	P	1	0	0	9	0
20261001	4291318	cmp-a001-02-000000010764328	grp-a001-02-000000069047580	젤리	nad-a001-02-000000541753985	bsn-a001-00-000000013604308	13	09	529514	M	2	0	0	2	0
20261001	4291318	cmp-a001-02-000000010764328	grp-a001-02-000000069047580	식사대용	nad-a001-02-000000553654562	bsn-a001-00-000000013604308	13	09	8753	M	2	0	0	5	0
20261001	4291318	cmp-a001-02-000000010764328	grp-a001-02-000000069047580	황성주생식	nad-a001-02-000000541754005	bsn-a001-00-000000013604308	13	10	8753	M	1	0	0	4	0
20261001	4291318	cmp-a001-02-000000010764328	grp-a001-02-000000069047580	프로틴단백질	nad-a001-02-000000553654562	bsn-a001-00-000000013604308	13	09	529514	M	2	0	0	2	0
20261001	4291318	cmp-a001-02-000000010764328	grp-a001-02-000000069047580	단백질쉐이크	nad-a001-02-000000553654562	bsn-a001-00-000000013604308	13	03	8753	M	3	0	0	7	0
20261001	4291318	cmp-a001-02-000000010764328	grp-a001-02-000000069047580	단백질보충제	nad-a001-02-000000553654562	bsn-a001-00-000000013604308	13	04	23123	P	1	0	0	2	0
20261001	4291318	cmp-a001-02-000000010764328	grp-a001-02-000000069047580	푸룬젤리	nad-a001-02-000000541753985	bsn-a001-00-000000013604308	13	09	684925	P	2	0	0	2	0
20261001	4291318	cmp-a001-02-000000010764328	grp-a001-02-000000069047580	단백질보충제	nad-a001-02-000000553654562	bsn-a001-00-000000013604308	13	06	684927	P	1	0	0	4	0
20261001	4291318	cmp-a001-02-000000010764328	grp-a001-02-000000069047580	단백질	nad-a001-02-000000553654562	bsn-a001-00-000000013604308	13	99	768323	M	1	0	0	1	0
20261001	4291318	cmp-a001-02-000000010764328	grp-a001-02-000000069047580	사랑	nad-a001-02-000000553654554	bsn-a001-00-000000013604308	13	18	98128	M	1	0	0	2	0
20261001	4291318	cmp-a001-02-000000010764328	grp-a001-02-000000069047580	에너지바	nad-a001-02-000000553654558	bsn-a001-00-000000013604308	13	03	791888	M	3	0	0	6	0
20261001	4291318	cmp-a001-02-000000010764328	grp-a001-02-000000069047580	단백질	nad-a001-02-000000553654562	bsn-a001-00-000000013604308	13	01	27758	P	1	0	0	3	0
20261001	4291318	cmp-a001-02-000000010764328	grp-a001-02-000000069047580	황성주프로틴쉐이크	nad-a001-02-000000553654562	bsn-a001-00-000000013604308	13	09	11068	P	1	0	0	1	0
20261001	4291318	cmp-a001-02-000000010764328	grp-a001-02-000000069047580	단백질바	nad-a001-02-000000553654554	bsn-a001-00-000000013604308	13	03	33421	M	1	0	0	1	0
20261001	4291318	cmp-a001-02-000000010764328	grp-a001-02-000000069047580	젤리	nad-a001-02-000000541753985	bsn-a001-00-000000013604308	13	09	684925	P	1	0	0	1	0
20261001	4291318	cmp-a001-02-000000010764328	grp-a001-02-000000069047580	에너지바	nad-a001-02-000000553654558	bsn-a001-00-000000013604308	13	09	33421	M	9	0	0	18	0
20261001	4291318	cmp-a001-02-000000010764328	grp-a001-02-000000069047580	젤리	nad-a001-02-000000541753985	bsn-a001-00-000000013604308	13	08	529514	M	2	0	0	2	0
20261001	4291318	cmp-a001-02-000000010764328	grp-a001-02-000000069047580	어르신단백질과자	nad-a001-02-000000553654554	bsn-a001-00-000000013604308	13	09	11068	P	1	0	0	1	0
20261001	4291318	cmp-a001-02-000000010764328	grp-a001-02-000000069047580	단백질쉐이크	nad-a001-02-000000553654562	bsn-a001-00-000000013604308	13	08	684925	P	3	0	0	3	0
20261001	4291318	cmp-a001-02-000000010764328	grp-a001-02-000000069047580	단백질보충제	nad-a001-02-000000553654562	bsn-a001-00-000000013604308	13	13	684927	P	2	0	0	20	0
20261001	4291318	cmp-a001-02-000000010764328	grp-a001-02-000000069047580	프로틴추천	nad-a001-02-000000553654562	bsn-a001-00-000000013604308	13	99	684925	P	1	0	0	1	0
20261001	4291318	cmp-a001-02-000000010764328	grp-a001-02-000000069047580	황성주생식	nad-a001-02-000000541754005	bsn-a001-00-000000013604308	13	02	8753	M	4	0	0	16	0
20261001	4291318	cmp-a001-02-000000010764328	grp-a001-02-000000069047580	하루단백질섭취량	nad-a001-02-000000553654562	bsn-a001-00-000000013604308	13	09	8753	M	1	0	0	4	0
20261001	4291318	cmp-a001-02-000000010764328	grp-a001-02-000000069047580	단백질쉐이크	nad-a001-02-000000553654562	bsn-a001-00-000000013604308	13	09	33421	M	1	0	0	11	0
20261001	4291318	cmp-a001-02-000000010764328	grp-a001-02-000000069047580	사랑	nad-a001-02-000000553654558	bsn-a001-00-000000013604308	13	08	98128	M	1	0	0	3	0
20261001	4291318	cmp-a001-02-000000010764328	grp-a001-02-000000069047580	프로틴바	nad-a001-02-000000553654554	bsn-a001-00-000000013604308	13	02	98128	M	5	0	0	5	0
20261001	4291318	cmp-a001-02-000000010764328	grp-a001-02-000000069047580	칼로리바	nad-a001-02-000000553654558	bsn-a001-00-000000013604308	13	02	8753	M	3	0	0	6	0
20261001	4291318	cmp-a001-02-000000010764328	grp-a001-02-000000069047580	단백질	nad-a001-02-000000553654562	bsn-a001-00-000000013604308	13	02	791888	M	2	0	0	4	0
20261001	4291318	cmp-a001-02-000000010764328	grp-a001-02-000000069047580	에너지바	nad-a001-02-000000553654559	bsn-a001-00-000000013604308	13	06	33421	M	1	0	0	4	0
20261001	4291318	cmp-a001-02-000000010764328	grp-a001-02-000000069047580	코줄식사파우더	nad-a001-02-000000553654562	bsn-a001-00-000000013604308	13	08	8753	M	1	0	0	1	0
20261001	4291318	cmp-a001-02-000000010764328	grp-a001-02-000000069047580	사랑	nad-a001-02-000000553654558	bsn-a001-00-000000013604308	13	10	98128	M	1	0	0	3	0
20261001	4291318	cmp-a001-02-000000010764328	grp-a001-02-000000069047580	에너지바	nad-a001-02-000000553654558	bsn-a001-00-000000013604308	13	06	33421	M	1	0	0	2	0
20261001	4291318	cmp-a001-02-000000010764328	grp-a001-02-000000069047580	에너지바	nad-a001-02-000000553654554	bsn-a001-00-000000013604308	13	18	8753	M	1	0	0	1	0
20261001	4291318	cmp-a001-02-000000010764328	grp-a001-02-000000069047580	사랑님	nad-a001-02-000000553654558	bsn-a001-00-000000013604308	13	09	529514	M	2	0	0	5	0
20261001	4291318	cmp-a001-02-000000010764328	grp-a001-02-000000069047580	에너지바	nad-a001-02-000000553654554	bsn-a001-00-000000013604308	13	02	33421	M	3	0	0	3	0
20261001	4291318	cmp-a001-02-000000010764328	grp-a001-02-000000069047580	단백질보충제	nad-a001-02-000000553654562	bsn-a001-00-000000013604308	13	06	33421	M	2	0	0	6	0
20261001	4291318	cmp-a001-02-000000010764328	grp-a001-02-000000069047580	사랑	nad-a001-02-000000553654558	bsn-a001-00-000000013604308	13	99	98128	M	9	0	0	27	0
20261001	4291318	cmp-a001-02-000000010764328	grp-a001-02-000000069047580	단백질간식	nad-a001-02-000000553654559	bsn-a001-00-000000013604308	13	02	684926	M	2	0	0	16	0
20261001	4291318	cmp-a001-02-000000010764328	grp-a001-02-000000069047580	에너지바	nad-a001-02-000000553654558	bsn-a001-00-000000013604308	13	18	8753	M	1	0	0	4	0
20261001	4291318	cmp-a001-02-000000010764328	grp-a001-02-000000069047580	단백질보충제	nad-a001-02-000000553654562	bsn-a001-00-000000013604308	13	06	8753	M	1	0	0	3	0
20261001	4291318	cmp-a001-02-000000010764328	grp-a001-02-000000069047580	프로틴쉐이크	nad-a001-02-000000553654562	bsn-a001-00-000000013604308	13	02	11068	P	1	0	0	1	0
20261001	4291318	cmp-a001-02-000000010764328	grp-a001-02-000000069047580	식품브랜드마케터	nad-a001-02-000000541754004	bsn-a001-00-000000013604308	13	09	8753	M	2	0	0	4	0
20261001	4291318	cmp-a001-02-000000010764328	grp-a001-02-000000069047580	다이어트쉐이크	nad-a001-02-000000553654562	bsn-a001-00-000000013604308	13	06	768323	M	5	0	0	12	0
20261001	4291318	cmp-a001-02-000000010764328	grp-a001-02-000000069047580	탄수화물바	nad-a001-02-000000553654554	bsn-a001-00-000000013604308	13	03	8753	M	2	0	0	3	0
20261001	4291318	cmp-a001-02-000000010764328	grp-a001-02-000000069047580	에너지바	nad-a001-02-000000553654558	bsn-a001-00-000000013604308	13	99	87620	M	1	0	0	4	0
20261001	4291318	cmp-a001-02-000000010764328	grp-a001-02-000000069047580	에너지바	nad-a001-02-000000553654558	bsn-a001-00-000000013604308	13	99	791888	M	1	0	0	2	0
20261001	4291318	cmp-a001-02-000000010764328	grp-a001-02-000000069047580	에너지바	nad-a001-02-000000553654554	bsn-a001-00-000000013604308	13	04	33421	M	1	0	0	1	0
20261001	4291318	cmp-a001-02-000000010764328	grp-a001-02-000000069047580	황성주생식	nad-a001-02-000000541754005	bsn-a001-00-000000013604308	13	04	8753	M	2	1	1922	8	0
20261001	4291318	cmp-a001-02-000000010764328	grp-a001-02-000000069047580	스낵데이	nad-a001-02-000000553654558	bsn-a001-00-000000013604308	13	09	8753	M	1	0	0	2	0
20261001	4291318	cmp-a001-02-000000010764328	grp-a001-02-000000069047580	단백질쉐이크	nad-a001-02-000000553654562	bsn-a001-00-000000013604308	13	09	684925	P	2	0	0	2	0
20261001	4291318	cmp-a001-02-000000010764328	grp-a001-02-000000069047580	프로틴	nad-a001-02-000000553654562	bsn-a001-00-000000013604308	13	15	768323	M	6	0	0	7	0
20261001	4291318	cmp-a001-02-000000010764328	grp-a001-02-000000069047580	다이어트쉐이크	nad-a001-02-000000553654562	bsn-a001-00-000000013604308	13	99	768323	M	20	0	0	52	0
20261001	4291318	cmp-a001-02-000000010764328	grp-a001-02-000000069047580	사랑	nad-a001-02-000000553654554	bsn-a001-00-000000013604308	13	15	98128	M	2	0	0	4	0
20261001	4291318	cmp-a001-02-000000010764328	grp-a001-02-000000069047580	곡물쉐이크	nad-a001-02-000000553654562	bsn-a001-00-000000013604308	13	09	8753	M	1	0	0	5	0
20261001	4291318	cmp-a001-02-000000010764328	grp-a001-02-000000069047580	사랑님	nad-a001-02-000000553654558	bsn-a001-00-000000013604308	13	03	529514	M	4	0	0	10	0
20261001	4291318	cmp-a001-02-000000010764328	grp-a001-02-000000069047580	프로틴바	nad-a001-02-000000553654554	bsn-a001-00-000000013604308	13	16	529514	M	2	0	0	3	0
20261001	4291318	cmp-a001-02-000000010764328	grp-a001-02-000000069047580	젤리	nad-a001-02-000000541753985	bsn-a001-00-000000013604308	13	02	684926	M	4	0	0	16	0
20261001	4291318	cmp-a001-02-000000010764328	grp-a001-02-000000069047580	에너지바	nad-a001-02-000000553654559	bsn-a001-00-000000013604308	13	02	8753	M	1	1	1074	21	0
20261001	4291318	cmp-a001-02-000000010764328	grp-a001-02-000000069047580	단백질쉐이크	nad-a001-02-000000553654562	bsn-a001-00-000000013604308	13	07	8753	M	5	0	0	15	0
20261001	4291318	cmp-a001-02-000000010764328	grp-a001-02-000000069047580	단백질	nad-a001-02-000000553654562	bsn-a001-00-000000013604308	13	18	27758	P	1	0	0	2	0
20261001	4291318	cmp-a001-02-000000010764328	grp-a001-02-000000069047580	젤리	nad-a001-02-000000541753985	bsn-a001-00-000000013604308	13	09	8753	M	3	0	0	8	0
20261001	4291318	cmp-a001-02-000000010764328	grp-a001-02-000000069047580	프로틴바	nad-a001-02-000000553654554	bsn-a001-00-000000013604308	13	09	33421	M	1	0	0	1	0
20261001	4291318	cmp-a001-02-000000010764328	grp-a001-02-000000069047580	쉐이크	nad-a001-02-000000553654562	bsn-a001-00-000000013604308	13	18	529514	M	1	0	0	1	0
20261001	4291318	cmp-a001-02-000000010764328	grp-a001-02-000000069047580	스토어	nad-a001-02-000000541753997	bsn-a001-00-000000013604308	13	07	98128	M	2	0	0	2	0
20261001	4291318	cmp-a001-02-000000010764328	grp-a001-02-000000069047580	에너지바	nad-a001-02-000000553654554	bsn-a001-00-000000013604308	13	11	23123	P	2	0	0	4	0
20261001	4291318	cmp-a001-02-000000010764328	grp-a001-02-000000069047580	식사대용	nad-a001-02-000000553654562	bsn-a001-00-000000013604308	13	02	27758	P	1	0	0	3	0
20261001	4291318	cmp-a001-02-000000010764328	grp-a001-02-000000069047580	황성주생식	nad-a001-02-000000541753988	bsn-a001-00-000000013604308	13	02	529514	M	4	0	0	28	0
20261001	4291318	cmp-a001-02-000000010764328	grp-a001-02-000000069047580	칼로리바	nad-a001-02-000000553654559	bsn-a001-00-000000013604308	13	09	8753	M	3	0	0	9	0
20261001	4291318	cmp-a001-02-000000010764328	grp-a001-02-000000069047580	ISP단백질	nad-a001-02-000000553654562	bsn-a001-00-000000013604308	13	10	8753	M	1	0	0	3	0
20261001	4291318	cmp-a001-02-000000010764328	grp-a001-02-000000069047580	에너지바	nad-a001-02-000000553654558	bsn-a001-00-000000013604308	13	04	33421	M	1	0	0	2	0
20261001	4291318	cmp-a001-02-000000010764328	grp-a001-02-000000069047580	식사대용단백질쉐이크	nad-a001-02-000000553654562	bsn-a001-00-000000013604308	13	02	33421	M	1	0	0	4	0
20261001	4291318	cmp-a001-02-000000010764328	grp-a001-02-000000069047580	단백질쉐이크	nad-a001-02-000000553654562	bsn-a001-00-000000013604308	13	10	684925	P	1	0	0	1	0
20261001	4291318	cmp-a001-02-000000010764328	grp-a001-02-000000069047580	에너지바	nad-a001-02-000000553654554	bsn-a001-00-000000013604308	13	02	8753	M	2	1	2815	4	0
20261001	4291318	cmp-a001-02-000000010764328	grp-a001-02-000000069047580	단백질보충제	nad-a001-02-000000553654562	bsn-a001-00-000000013604308	13	07	23123	P	1	0	0	2	0
20261001	4291318	cmp-a001-02-000000010764328	grp-a001-02-000000069047580	에너지바	nad-a001-02-000000553654554	bsn-a001-00-000000013604308	13	02	529514	M	1	0	0	2	0
20261001	4291318	cmp-a001-02-000000010764328	grp-a001-02-000000069047580	단백질바	nad-a001-02-000000553654554	bsn-a001-00-000000013604308	13	99	612594	M	1	0	0	1	0
20261001	4291318	cmp-a001-02-000000010764328	grp-a001-02-000000069047580	단백질	nad-a001-02-000000553654562	bsn-a001-00-000000013604308	13	11	8753	M	1	0	0	3	0
20261001	4291318	cmp-a001-02-000000010764328	grp-a001-02-000000069047580	가루	nad-a001-02-000000541753997	bsn-a001-00-000000013604308	13	02	529514	M	1	0	0	1	0
20261001	4291318	cmp-a001-02-000000010764328	grp-a001-02-000000069047580	에너지바	nad-a001-02-000000553654558	bsn-a001-00-000000013604308	13	11	23123	P	2	0	0	8	0
20261001	4291318	cmp-a001-02-000000010764328	grp-a001-02-000000069047580	에너지바	nad-a001-02-000000553654554	bsn-a001-00-000000013604308	13	11	8753	M	1	0	0	5	0
20261001	4291318	cmp-a001-02-000000010764328	grp-a001-02-000000069047580	프로틴추천	nad-a001-02-000000553654562	bsn-a001-00-000000013604308	13	08	8753	M	1	0	0	4	0
20261001	4291318	cmp-a001-02-000000010764328	grp-a001-02-000000069047580	에너지바	nad-a001-02-000000553654554	bsn-a001-00-000000013604308	13	18	33421	M	1	0	0	1	0
20261001	4291318	cmp-a001-02-000000010764328	grp-a001-02-000000069047580	가루	nad-a001-02-000000541753997	bsn-a001-00-000000013604308	13	01	8753	M	1	0	0	1	0
20261001	4291318	cmp-a001-02-000000010764328	grp-a001-02-000000069047580	단백질섭취량	nad-a001-02-000000553654562	bsn-a001-00-000000013604308	13	09	8753	M	1	0	0	3	0
20261001	4291318	cmp-a001-02-000000010764328	grp-a001-02-000000069047580	황성주생식	nad-a001-02-000000541754004	bsn-a001-00-000000013604308	13	02	8753	M	4	0	0	8	0
20261001	4291318	cmp-a001-02-000000010764328	grp-a001-02-000000069047580	단백질쉐이크	nad-a001-02-000000553654562	bsn-a001-00-000000013604308	13	06	33421	M	1	0	0	2	0
20261001	4291318	cmp-a001-02-000000010764328	grp-a001-02-000000069047580	다이어트쉐이크	nad-a001-02-000000553654562	bsn-a001-00-000000013604308	13	11	768323	M	15	0	0	38	0
20261001	4291318	cmp-a001-02-000000010764328	grp-a001-02-000000069047580	식물성단백질	nad-a001-02-000000553654562	bsn-a001-00-000000013604308	13	02	8753	M	1	0	0	3	0
20261001	4291318	cmp-a001-02-000000010764328	grp-a001-02-000000069047580	에너지바	nad-a001-02-000000553654559	bsn-a001-00-000000013604308	13	07	684927	P	1	0	0	8	0
20261001	4291318	cmp-a001-02-000000010764328	grp-a001-02-000000069047580	황성주생식	nad-a001-02-000000541754004	bsn-a001-00-000000013604308	13	09	8753	M	1	0	0	2	0
20261001	4291318	cmp-a001-02-000000010764328	grp-a001-02-000000069047580	단백질바	nad-a001-02-000000553654559	bsn-a001-00-000000013604308	13	99	529514	M	9	0	0	43	0
20261001	4291318	cmp-a001-02-000000010764328	grp-a001-02-000000069047580	단백질파우더	nad-a001-02-000000553654562	bsn-a001-00-000000013604308	13	09	33421	M	1	0	0	4	0
20261001	4291318	cmp-a001-02-000000010764328	grp-a001-02-000000069047580	에너지바	nad-a001-02-000000553654554	bsn-a001-00-000000013604308	13	00	27758	P	2	0	0	2	0
20261001	4291318	cmp-a001-02-000000010764328	grp-a001-02-000000069047580	프로틴바	nad-a001-02-000000553654554	bsn-a001-00-000000013604308	13	08	8753	M	1	0	0	1	0
20261001	4291318	cmp-a001-02-000000010764328	grp-a001-02-000000069047580	스토어	nad-a001-02-000000541753997	bsn-a001-00-000000013604308	13	09	248824	P	1	0	0	1	0
20261001	4291318	cmp-a001-02-000000010764328	grp-a001-02-000000069047580	쉐이크	nad-a001-02-000000553654562	bsn-a001-00-000000013604308	13	10	8753	M	1	0	0	2	0
20261001	4291318	cmp-a001-02-000000010764328	grp-a001-02-000000069047580	젤리	nad-a001-02-000000541753985	bsn-a001-00-000000013604308	13	02	23123	P	1	0	0	1	0
20261001	4291318	cmp-a001-02-000000010764328	grp-a001-02-000000069047580	스토어	nad-a001-02-000000541753997	bsn-a001-00-000000013604308	13	03	98128	M	2	0	0	2	0
20261001	4291318	cmp-a001-02-000000010764328	grp-a001-02-000000069047580	단백질	nad-a001-02-000000553654562	bsn-a001-00-000000013604308	13	01	684927	P	2	0	0	4	0
20261001	4291318	cmp-a001-02-000000010764328	grp-a001-02-000000069047580	프로틴	nad-a001-02-000000553654562	bsn-a001-00-000000013604308	13	02	8753	M	12	0	0	51	0
20261001	4291318	cmp-a001-02-000000010764328	grp-a001-02-000000069047580	황성주생식	nad-a001-02-000000541754004	bsn-a001-00-000000013604308	13	06	8753	M	1	0	0	2	0
20261001	4291318	cmp-a001-02-000000010764328	grp-a001-02-000000069047580	에너지바추천	nad-a001-02-000000553654554	bsn-a001-00-000000013604308	13	02	27758	P	1	0	0	2	0
20261001	4291318	cmp-a001-02-000000010764328	grp-a001-02-000000069047580	사랑이	nad-a001-02-000000553654558	bsn-a001-00-000000013604308	13	00	529514	M	1	0	0	2	0
20261001	4291318	cmp-a001-02-000000010764328	grp-a001-02-000000069047580	에너지바	nad-a001-02-000000553654554	bsn-a001-00-000000013604308	13	13	33421	M	1	0	0	1	0
20261001	4291318	cmp-a001-02-000000010764328	grp-a001-02-000000069047580	에너지간식	nad-a001-02-000000553654554	bsn-a001-00-000000013604308	13	09	684925	P	1	0	0	1	0
20261001	4291318	cmp-a001-02-000000010764328	grp-a001-02-000000069047580	단백질쉐이크	nad-a001-02-000000553654562	bsn-a001-00-000000013604308	13	04	529514	M	12	0	0	12	0
20261001	4291318	cmp-a001-02-000000010764328	grp-a001-02-000000069047580	균형영양식	nad-a001-02-000000541753965	bsn-a001-00-000000013604308	13	02	529514	M	3	0	0	6	0
20261001	4291318	cmp-a001-02-000000010764328	grp-a001-02-000000069047580	단백질파우더	nad-a001-02-000000553654562	bsn-a001-00-000000013604308	13	04	529514	M	10	0	0	10	0
20261001	4291318	cmp-a001-02-000000010764328	grp-a001-02-000000069047580	황성주생식라이프밀	nad-a001-02-000000541753997	bsn-a001-00-000000013604308	13	02	8753	M	1	0	0	1	0
20261001	4291318	cmp-a001-02-000000010764328	grp-a001-02-000000069047580	단백질	nad-a001-02-000000553654562	bsn-a001-00-000000013604308	13	09	137281	M	1	0	0	1	0
20261001	4291318	cmp-a001-02-000000010764328	grp-a001-02-000000069047580	단백질쉐이크	nad-a001-02-000000553654562	bsn-a001-00-000000013604308	13	02	684925	P	6	0	0	6	0
20261001	4291318	cmp-a001-02-000000010764328	grp-a001-02-000000069047580	분말가루	nad-a001-02-000000541753997	bsn-a001-00-000000013604308	13	18	8753	M	1	0	0	1	0
20261001	4291318	cmp-a001-02-000000010764328	grp-a001-02-000000069047580	단백질쉐이크	nad-a001-02-000000553654562	bsn-a001-00-000000013604308	13	08	8753	M	3	0	0	20	0
20261001	4291318	cmp-a001-02-000000010764328	grp-a001-02-000000069047580	단백질바	nad-a001-02-000000553654558	bsn-a001-00-000000013604308	13	99	612594	M	1	0	0	2	0
20261001	4291318	cmp-a001-02-000000010764328	grp-a001-02-000000069047580	프로틴	nad-a001-02-000000553654562	bsn-a001-00-000000013604308	13	07	529514	M	6	0	0	6	0
20261001	4291318	cmp-a001-02-000000010764328	grp-a001-02-000000069047580	단백질바	nad-a001-02-000000553654554	bsn-a001-00-000000013604308	13	08	529514	M	1	0	0	2	0
20261001	4291318	cmp-a001-02-000000010764328	grp-a001-02-000000069047580	단백질간식	nad-a001-02-000000553654554	bsn-a001-00-000000013604308	13	02	11068	P	1	0	0	1	0
20261001	4291318	cmp-a001-02-000000010764328	grp-a001-02-000000069047580	프로틴	nad-a001-02-000000553654562	bsn-a001-00-000000013604308	13	09	684927	P	7	0	0	13	0
20261001	4291318	cmp-a001-02-000000010764328	grp-a001-02-000000069047580	젤리	nad-a001-02-000000541753985	bsn-a001-00-000000013604308	13	09	684926	M	6	0	0	40	0
20261001	4291318	cmp-a001-02-000000010764328	grp-a001-02-000000069047580	다이어트단백질쉐이크	nad-a001-02-000000553654562	bsn-a001-00-000000013604308	13	04	33421	M	1	0	0	7	0
20261001	4291318	cmp-a001-02-000000010764328	grp-a001-02-000000069047580	단백질	nad-a001-02-000000553654562	bsn-a001-00-000000013604308	13	08	684925	P	1	0	0	1	0
20261001	4291318	cmp-a001-02-000000010764328	grp-a001-02-000000069047580	단백질보충제	nad-a001-02-000000553654562	bsn-a001-00-000000013604308	13	09	529514	M	15	0	0	17	0
20261001	4291318	cmp-a001-02-000000010764328	grp-a001-02-000000069047580	단백질프로틴	nad-a001-02-000000553654562	bsn-a001-00-000000013604308	13	99	791888	M	1	0	0	2	0
20261001	4291318	cmp-a001-02-000000010764328	grp-a001-02-000000069047580	황성주생식라이프밀	nad-a001-02-000000541753988	bsn-a001-00-000000013604308	13	02	11068	P	1	0	0	5	0
20261001	4291318	cmp-a001-02-000000010764328	grp-a001-02-000000069047580	황성주생식	nad-a001-02-000000541753997	bsn-a001-00-000000013604308	13	02	8753	M	4	1	4265	4	0
20261001	4291318	cmp-a001-02-000000010764328	grp-a001-02-000000069047580	ISP프로틴	nad-a001-02-000000553654562	bsn-a001-00-000000013604308	13	10	33421	M	1	0	0	10	0
20261001	4291318	cmp-a001-02-000000010764328	grp-a001-02-000000069047580	식물성단백질	nad-a001-02-000000553654562	bsn-a001-00-000000013604308	13	03	684925	P	1	0	0	1	0
20261001	4291318	cmp-a001-02-000000010764328	grp-a001-02-000000069047580	황성주생식	nad-a001-02-000000541754004	bsn-a001-00-000000013604308	13	02	11068	P	1	0	0	3	0
20261001	4291318	cmp-a001-02-000000010764328	grp-a001-02-000000069047580	에너지바	nad-a001-02-000000553654554	bsn-a001-00-000000013604308	13	16	8753	M	1	0	0	1	0
20261001	4291318	cmp-a001-02-000000010764328	grp-a001-02-000000069047580	사랑	nad-a001-02-000000553654554	bsn-a001-00-000000013604308	13	04	98128	M	7	0	0	14	0
20261001	4291318	cmp-a001-02-000000010764328	grp-a001-02-000000069047580	단백질쉐이크	nad-a001-02-000000553654562	bsn-a001-00-000000013604308	13	04	27758	P	3	0	0	8	0
20261001	4291318	cmp-a001-02-000000010764328	grp-a001-02-000000069047580	SP단백질쉐이크	nad-a001-02-000000553654562	bsn-a001-00-000000013604308	13	09	11068	P	2	0	0	10	0
20261001	4291318	cmp-a001-02-000000010764328	grp-a001-02-000000069047580	가루	nad-a001-02-000000541754004	bsn-a001-00-000000013604308	13	15	8753	M	1	0	0	2	0
20261001	4291318	cmp-a001-02-000000010764328	grp-a001-02-000000069047580	단백질파우더	nad-a001-02-000000553654562	bsn-a001-00-000000013604308	13	03	529514	M	2	0	0	2	0
20261001	4291318	cmp-a001-02-000000010764328	grp-a001-02-000000069047580	프로틴	nad-a001-02-000000553654562	bsn-a001-00-000000013604308	13	14	768323	M	9	0	0	14	0
20261001	4291318	cmp-a001-02-000000010764328	grp-a001-02-000000069047580	황성주박사의생식	nad-a001-02-000000541754005	bsn-a001-00-000000013604308	13	09	8753	M	1	0	0	4	0
20261001	4291318	cmp-a001-02-000000010764328	grp-a001-02-000000069047580	단백질보충제	nad-a001-02-000000553654562	bsn-a001-00-000000013604308	13	09	33421	M	2	0	0	16	0
20261001	4291318	cmp-a001-02-000000010764328	grp-a001-02-000000069047580	동의한재산사가루	nad-a001-02-000000541754004	bsn-a001-00-000000013604308	13	13	8753	M	1	0	0	5	0
20261001	4291318	cmp-a001-02-000000010764328	grp-a001-02-000000069047580	젤리	nad-a001-02-000000541753985	bsn-a001-00-000000013604308	13	15	768323	M	1	0	0	1	0
20261001	4291318	cmp-a001-02-000000010764328	grp-a001-02-000000069047580	젤리	nad-a001-02-000000541753985	bsn-a001-00-000000013604308	13	02	768323	M	2	0	0	2	0
20261001	4291318	cmp-a001-02-000000010764328	grp-a001-02-000000069047580	단백질파우더	nad-a001-02-000000553654562	bsn-a001-00-000000013604308	13	99	8753	M	1	0	0	5	0
20261001	4291318	cmp-a001-02-000000010764328	grp-a001-02-000000069047580	젤리	nad-a001-02-000000541753985	bsn-a001-00-000000013604308	13	15	8753	M	1	0	0	5	0
20261001	4291318	cmp-a001-02-000000010764328	grp-a001-02-000000069047580	하루단백질섭취량	nad-a001-02-000000553654562	bsn-a001-00-000000013604308	13	15	8753	M	1	0	0	2	0
20261001	4291318	cmp-a001-02-000000010764328	grp-a001-02-000000069047580	단백질바	nad-a001-02-000000553654554	bsn-a001-00-000000013604308	13	02	529514	M	19	0	0	31	0
20261001	4291318	cmp-a001-02-000000010764328	grp-a001-02-000000069047580	에너지바	nad-a001-02-000000553654554	bsn-a001-00-000000013604308	13	09	529514	M	4	0	0	7	0
20261001	4291318	cmp-a001-02-000000010764328	grp-a001-02-000000069047580	에너지바	nad-a001-02-000000553654559	bsn-a001-00-000000013604308	13	09	791889	P	6	0	0	33	0
20261001	4291318	cmp-a001-02-000000010764328	grp-a001-02-000000069047580	황성주박사생식	nad-a001-02-000000541754004	bsn-a001-00-000000013604308	13	09	8753	M	1	0	0	2	0
20261001	4291318	cmp-a001-02-000000010764328	grp-a001-02-000000069047580	브랜드스토어	nad-a001-02-000000541754004	bsn-a001-00-000000013604308	13	01	11068	P	5	0	0	31	0
20261001	4291318	cmp-a001-02-000000010764328	grp-a001-02-000000069047580	단백질바	nad-a001-02-000000553654558	bsn-a001-00-000000013604308	13	99	529514	M	12	0	0	21	0
20261001	4291318	cmp-a001-02-000000010764328	grp-a001-02-000000069047580	단백질쉐이크	nad-a001-02-000000553654562	bsn-a001-00-000000013604308	13	09	98128	M	6	0	0	9	0
20261001	4291318	cmp-a001-02-000000010764328	grp-a001-02-000000069047580	FITBAR에너지바	nad-a001-02-000000553654558	bsn-a001-00-000000013604308	13	09	8753	M	1	0	0	4	0
20261001	4291318	cmp-a001-02-000000010764328	grp-a001-02-000000069047580	단백질간식	nad-a001-02-000000553654559	bsn-a001-00-000000013604308	13	15	8753	M	1	0	0	9	0
20261001	4291318	cmp-a001-02-000000010764328	grp-a001-02-000000069047580	황성주생식	nad-a001-02-000000541753996	bsn-a001-00-000000013604308	13	02	11068	P	1	0	0	2	0
20261001	4291318	cmp-a001-02-000000010764328	grp-a001-02-000000069047580	균형영양식	nad-a001-02-000000541753965	bsn-a001-00-000000013604308	13	09	529514	M	5	0	0	10	0
20261001	4291318	cmp-a001-02-000000010764328	grp-a001-02-000000069047580	제리	nad-a001-02-000000541753985	bsn-a001-00-000000013604308	13	02	8753	M	1	0	0	6	0
20261001	4291318	cmp-a001-02-000000010764328	grp-a001-02-000000069047580	식물성단백질쉐이크	nad-a001-02-000000553654562	bsn-a001-00-000000013604308	13	16	8753	M	1	0	0	2	0
20261001	4291318	cmp-a001-02-000000010764328	grp-a001-02-000000069047580	단백질쉐이크	nad-a001-02-000000553654562	bsn-a001-00-000000013604308	13	07	684926	M	1	0	0	7	0
20261001	4291318	cmp-a001-02-000000010764328	grp-a001-02-000000069047580	에너지바	nad-a001-02-000000553654558	bsn-a001-00-000000013604308	13	03	87620	M	1	0	0	4	0
20261001	4291318	cmp-a001-02-000000010764328	grp-a001-02-000000069047580	황성주박사생식	nad-a001-02-000000541753997	bsn-a001-00-000000013604308	13	09	8753	M	1	1	3398	1	0
20261001	4291318	cmp-a001-02-000000010764328	grp-a001-02-000000069047580	프로틴바	nad-a001-02-000000553654559	bsn-a001-00-000000013604308	13	02	529514	M	14	0	0	42	0
20261001	4291318	cmp-a001-02-000000010764328	grp-a001-02-000000069047580	가루	nad-a001-02-000000541754004	bsn-a001-00-000000013604308	13	02	529514	M	1	0	0	2	0
20261001	4291318	cmp-a001-02-000000010764328	grp-a001-02-000000069047580	프로틴단백질	nad-a001-02-000000553654562	bsn-a001-00-000000013604308	13	06	684925	P	2	0	0	2	0
20261001	4291318	cmp-a001-02-000000010764328	grp-a001-02-000000069047580	단백질간식	nad-a001-02-000000553654558	bsn-a001-00-000000013604308	13	09	27758	P	1	0	0	3	0
20261001	4291318	cmp-a001-02-000000010764328	grp-a001-02-000000069047580	프로틴추천	nad-a001-02-000000553654562	bsn-a001-00-000000013604308	13	16	8753	M	1	0	0	6	0
20261001	4291318	cmp-a001-02-000000010764328	grp-a001-02-000000069047580	프로틴	nad-a001-02-000000553654562	bsn-a001-00-000000013604308	13	18	684927	P	2	0	0	2	0
20261001	4291318	cmp-a001-02-000000010764328	grp-a001-02-000000069047580	황성주생식	nad-a001-02-000000541753997	bsn-a001-00-000000013604308	13	04	8753	M	2	1	4664	2	0
20261001	4291318	cmp-a001-02-000000010764328	grp-a001-02-000000069047580	단백질보충제추천	nad-a001-02-000000553654562	bsn-a001-00-000000013604308	13	01	8753	M	1	0	0	4	0
20261001	4291318	cmp-a001-02-000000010764328	grp-a001-02-000000069047580	프로틴	nad-a001-02-000000553654562	bsn-a001-00-000000013604308	13	09	11068	P	1	0	0	5	0
20261001	4291318	cmp-a001-02-000000010764328	grp-a001-02-000000069047580	단백질쉐이크	nad-a001-02-000000553654562	bsn-a001-00-000000013604308	13	07	33421	M	2	0	0	6	0
20261001	4291318	cmp-a001-02-000000010764328	grp-a001-02-000000069047580	비스코프프로틴바	nad-a001-02-000000553654554	bsn-a001-00-000000013604308	13	18	8753	M	1	1	2802	1	0
20261001	4291318	cmp-a001-02-000000010764328	grp-a001-02-000000069047580	에너지바	nad-a001-02-000000553654559	bsn-a001-00-000000013604308	13	08	791888	M	1	0	0	4	0
20261001	4291318	cmp-a001-02-000000010764328	grp-a001-02-000000069047580	황성주생식	nad-a001-02-000000541753996	bsn-a001-00-000000013604308	13	99	11068	P	1	0	0	3	0
20261001	4291318	cmp-a001-02-000000010764328	grp-a001-02-000000069047580	단백질	nad-a001-02-000000553654562	bsn-a001-00-000000013604308	13	11	529514	M	8	0	0	8	0
20261001	4291318	cmp-a001-02-000000010764328	grp-a001-02-000000069047580	단백질프로틴바	nad-a001-02-000000553654559	bsn-a001-00-000000013604308	13	02	98128	M	1	0	0	5	0
20261001	4291318	cmp-a001-02-000000010764328	grp-a001-02-000000069047580	단백질프로틴바	nad-a001-02-000000553654558	bsn-a001-00-000000013604308	13	02	98128	M	1	0	0	2	0
20261001	4291318	cmp-a001-02-000000010764328	grp-a001-02-000000069047580	단백질바추천	nad-a001-02-000000553654558	bsn-a001-00-000000013604308	13	16	8753	M	1	0	0	4	0
20261001	4291318	cmp-a001-02-000000010764328	grp-a001-02-000000069047580	단백질	nad-a001-02-000000553654562	bsn-a001-00-000000013604308	13	07	529514	M	1	0	0	1	0
20261001	4291318	cmp-a001-02-000000010764328	grp-a001-02-000000069047580	에너지바	nad-a001-02-000000553654559	bsn-a001-00-000000013604308	13	06	529514	M	6	0	0	18	0
20261001	4291318	cmp-a001-02-000000010764328	grp-a001-02-000000069047580	식물성단백질	nad-a001-02-000000553654562	bsn-a001-00-000000013604308	13	03	27758	P	1	0	0	4	0
20261001	4291318	cmp-a001-02-000000010764328	grp-a001-02-000000069047580	디이소단백질쉐이크	nad-a001-02-000000553654562	bsn-a001-00-000000013604308	13	15	8753	M	1	0	0	5	0
20261001	4291318	cmp-a001-02-000000010764328	grp-a001-02-000000069047580	리뷰좋은곡물맛단백질	nad-a001-02-000000553654562	bsn-a001-00-000000013604308	13	02	8753	M	1	0	0	1	0
20261001	4291318	cmp-a001-02-000000010764328	grp-a001-02-000000069047580	사랑	nad-a001-02-000000553654558	bsn-a001-00-000000013604308	13	18	98128	M	1	0	0	3	0
20261001	4291318	cmp-a001-02-000000010764328	grp-a001-02-000000069047580	단백질바	nad-a001-02-000000553654554	bsn-a001-00-000000013604308	13	15	27758	P	2	0	0	5	0
20261001	4291318	cmp-a001-02-000000010764328	grp-a001-02-000000069047580	단백질바	nad-a001-02-000000553654554	bsn-a001-00-000000013604308	13	02	8753	M	2	0	0	2	0
20261001	4291318	cmp-a001-02-000000010764328	grp-a001-02-000000069047580	황성주생식	nad-a001-02-000000541753997	bsn-a001-00-000000013604308	13	09	8753	M	2	1	4829	2	0
20261001	4291318	cmp-a001-02-000000010764328	grp-a001-02-000000069047580	쉐이크	nad-a001-02-000000553654562	bsn-a001-00-000000013604308	13	99	529514	M	24	0	0	25	0
20261001	4291318	cmp-a001-02-000000010764328	grp-a001-02-000000069047580	단백질가격	nad-a001-02-000000553654562	bsn-a001-00-000000013604308	13	08	684925	P	1	0	0	1	0
20261001	4291318	cmp-a001-02-000000010764328	grp-a001-02-000000069047580	프로틴	nad-a001-02-000000553654562	bsn-a001-00-000000013604308	13	09	684925	P	3	0	0	3	0
20261001	4291318	cmp-a001-02-000000010764328	grp-a001-02-000000069047580	단백질	nad-a001-02-000000553654562	bsn-a001-00-000000013604308	13	02	612593	P	1	0	0	1	0
20261001	4291318	cmp-a001-02-000000010764328	grp-a001-02-000000069047580	ISP단백질	nad-a001-02-000000553654562	bsn-a001-00-000000013604308	13	99	8753	M	1	0	0	4	0
20261001	4291318	cmp-a001-02-000000010764328	grp-a001-02-000000069047580	브랜드스토어	nad-a001-02-000000541754005	bsn-a001-00-000000013604308	13	01	11068	P	1	0	0	16	0
20261001	4291318	cmp-a001-02-000000010764328	grp-a001-02-000000069047580	사랑	nad-a001-02-000000553654554	bsn-a001-00-000000013604308	13	08	98128	M	1	0	0	2	0
20261001	4291318	cmp-a001-02-000000010764328	grp-a001-02-000000069047580	단백질	nad-a001-02-000000553654562	bsn-a001-00-000000013604308	13	02	98128	M	12	0	0	12	0
20261001	4291318	cmp-a001-02-000000010764328	grp-a001-02-000000069047580	젤리	nad-a001-02-000000541753985	bsn-a001-00-000000013604308	13	08	23123	P	2	0	0	2	0
20261001	4291318	cmp-a001-02-000000010764328	grp-a001-02-000000069047580	황성주생식	nad-a001-02-000000541754005	bsn-a001-00-000000013604308	13	99	8753	M	1	0	0	4	0
20261001	4291318	cmp-a001-02-000000010764328	grp-a001-02-000000069047580	에너지바	nad-a001-02-000000553654558	bsn-a001-00-000000013604308	13	06	529514	M	6	0	0	9	0
20261001	4291318	cmp-a001-02-000000010764328	grp-a001-02-000000069047580	단백질바	nad-a001-02-000000553654558	bsn-a001-00-000000013604308	13	03	23123	P	1	0	0	8	0
20261001	4291318	cmp-a001-02-000000010764328	grp-a001-02-000000069047580	전주칼로리바가격	nad-a001-02-000000553654554	bsn-a001-00-000000013604308	13	13	8753	M	1	0	0	1	0
20261001	4291318	cmp-a001-02-000000010764328	grp-a001-02-000000069047580	에너지바	nad-a001-02-000000553654554	bsn-a001-00-000000013604308	13	07	27758	P	1	0	0	3	0
20261001	4291318	cmp-a001-02-000000010764328	grp-a001-02-000000069047580	단백질프로틴	nad-a001-02-000000553654562	bsn-a001-00-000000013604308	13	13	874301	P	3	0	0	6	0
20261001	4291318	cmp-a001-02-000000010764328	grp-a001-02-000000069047580	사탕젤리	nad-a001-02-000000541753985	bsn-a001-00-000000013604308	13	11	23123	P	1	0	0	5	0
20261001	4291318	cmp-a001-02-000000010764328	grp-a001-02-000000069047580	단백질보충제	nad-a001-02-000000553654562	bsn-a001-00-000000013604308	13	09	612594	M	1	0	0	2	0
20261001	4291318	cmp-a001-02-000000010764328	grp-a001-02-000000069047580	단백질	nad-a001-02-000000553654562	bsn-a001-00-000000013604308	13	02	8753	M	2	0	0	4	0
20261001	4291318	cmp-a001-02-000000010764328	grp-a001-02-000000069047580	단백질쉐이크	nad-a001-02-000000553654562	bsn-a001-00-000000013604308	13	16	684926	M	1	0	0	17	0
20261001	4291318	cmp-a001-02-000000010764328	grp-a001-02-000000069047580	단백질쉐이크	nad-a001-02-000000553654562	bsn-a001-00-000000013604308	13	15	529514	M	13	0	0	13	0
20261001	4291318	cmp-a001-02-000000010764328	grp-a001-02-000000069047580	단백질바	nad-a001-02-000000553654559	bsn-a001-00-000000013604308	13	09	529514	M	23	0	0	100	0
20261001	4291318	cmp-a001-02-000000010764328	grp-a001-02-000000069047580	브랜드스토어	nad-a001-02-000000541754004	bsn-a001-00-000000013604308	13	01	684927	P	2	0	0	14	0
20261001	4291318	cmp-a001-02-000000010764328	grp-a001-02-000000069047580	에너지바	nad-a001-02-000000553654554	bsn-a001-00-000000013604308	21	04	33421	M	1	0	0	1	0
20261001	4291318	cmp-a001-02-000000010764328	grp-a001-02-000000069047580	식품간식	nad-a001-02-000000553654554	bsn-a001-00-000000013604308	21	15	98128	M	1	0	0	1	0
20261001	4291318	cmp-a001-02-000000010764328	grp-a001-02-000000069047580	식사대용추천	nad-a001-02-000000553654562	bsn-a001-00-000000013604308	21	09	684925	P	1	0	0	1	0
20261001	4291318	cmp-a001-02-000000010764328	grp-a001-02-000000069047580	프로틴	nad-a001-02-000000553654562	bsn-a001-00-000000013604308	21	16	529514	M	16	0	0	16	0
20261001	4291318	cmp-a001-02-000000010764328	grp-a001-02-000000069047580	젤리	nad-a001-02-000000541753985	bsn-a001-00-000000013604308	21	06	529514	M	2	0	0	2	0
20261001	4291318	cmp-a001-02-000000010764328	grp-a001-02-000000069047580	프로틴	nad-a001-02-000000553654562	bsn-a001-00-000000013604308	21	13	98128	M	2	0	0	2	0
20261001	4291318	cmp-a001-02-000000010764328	grp-a001-02-000000069047580	에너지바	nad-a001-02-000000553654554	bsn-a001-00-000000013604308	21	08	33421	M	1	0	0	1	0
20261001	4291318	cmp-a001-02-000000010764328	grp-a001-02-000000069047580	제리	nad-a001-02-000000541753985	bsn-a001-00-000000013604308	21	11	27758	P	1	0	0	3	0
20261001	4291318	cmp-a001-02-000000010764328	grp-a001-02-000000069047580	단백질간식	nad-a001-02-000000553654558	bsn-a001-00-000000013604308	21	18	8753	M	1	0	0	3	0
20261001	4291318	cmp-a001-02-000000010764328	grp-a001-02-000000069047580	단백질바	nad-a001-02-000000553654558	bsn-a001-00-000000013604308	21	16	33421	M	3	0	0	14	0
20261001	4291318	cmp-a001-02-000000010764328	grp-a001-02-000000069047580	단백질바	nad-a001-02-000000553654558	bsn-a001-00-000000013604308	21	15	33421	M	1	0	0	2	0
20261001	4291318	cmp-a001-02-000000010764328	grp-a001-02-000000069047580	사탕젤리	nad-a001-02-000000541753985	bsn-a001-00-000000013604308	21	10	87620	M	1	0	0	5	0
20261001	4291318	cmp-a001-02-000000010764328	grp-a001-02-000000069047580	황성주생식	nad-a001-02-000000541754005	bsn-a001-00-000000013604308	21	16	633013	M	1	0	0	4	0
20261001	4291318	cmp-a001-02-000000010764328	grp-a001-02-000000069047580	곡물프로틴쉐이크	nad-a001-02-000000553654562	bsn-a001-00-000000013604308	21	09	791888	M	1	0	0	1	0
20261001	4291318	cmp-a001-02-000000010764328	grp-a001-02-000000069047580	동그란큰통에있는과자	nad-a001-02-000000553654554	bsn-a001-00-000000013604308	21	02	8753	M	1	0	0	4	0
20261001	4291318	cmp-a001-02-000000010764328	grp-a001-02-000000069047580	프로틴바	nad-a001-02-000000553654559	bsn-a001-00-000000013604308	21	02	98128	M	4	0	0	13	0
20261001	4291318	cmp-a001-02-000000010764328	grp-a001-02-000000069047580	프로틴파는곳	nad-a001-02-000000553654562	bsn-a001-00-000000013604308	21	09	8753	M	1	0	0	3	0
20261001	4291318	cmp-a001-02-000000010764328	grp-a001-02-000000069047580	프로틴단백질바	nad-a001-02-000000553654558	bsn-a001-00-000000013604308	21	99	684926	M	1	0	0	8	0
20261001	4291318	cmp-a001-02-000000010764328	grp-a001-02-000000069047580	돼지감자분말보관방법	nad-a001-02-000000541753996	bsn-a001-00-000000013604308	21	14	8753	M	1	0	0	5	0
20261001	4291318	cmp-a001-02-000000010764328	grp-a001-02-000000069047580	프로틴	nad-a001-02-000000553654562	bsn-a001-00-000000013604308	21	11	27758	P	1	0	0	2	0
20261001	4291318	cmp-a001-02-000000010764328	grp-a001-02-000000069047580	GR프로틴바	nad-a001-02-000000553654554	bsn-a001-00-000000013604308	21	08	8753	M	2	1	2335	2	0
20261001	4291318	cmp-a001-02-000000010764328	grp-a001-02-000000069047580	단백질	nad-a001-02-000000553654562	bsn-a001-00-000000013604308	21	09	33421	M	5	0	0	18	0
20261001	4291318	cmp-a001-02-000000010764328	grp-a001-02-000000069047580	단백질쉐이크랩티노	nad-a001-02-000000553654562	bsn-a001-00-000000013604308	21	06	8753	M	1	0	0	2	0
20261001	4291318	cmp-a001-02-000000010764328	grp-a001-02-000000069047580	단백질바	nad-a001-02-000000553654558	bsn-a001-00-000000013604308	21	00	612593	P	1	0	0	2	0
20261001	4291318	cmp-a001-02-000000010764328	grp-a001-02-000000069047580	프로틴바	nad-a001-02-000000553654558	bsn-a001-00-000000013604308	21	07	529514	M	11	0	0	16	0
20261001	4291318	cmp-a001-02-000000010764328	grp-a001-02-000000069047580	영양식	nad-a001-02-000000541753965	bsn-a001-00-000000013604308	21	07	8753	M	1	0	0	5	0
20261001	4291318	cmp-a001-02-000000010764328	grp-a001-02-000000069047580	다이어트보충제	nad-a001-02-000000553654562	bsn-a001-00-000000013604308	21	07	8753	M	1	0	0	3	0
20261001	4291318	cmp-a001-02-000000010764328	grp-a001-02-000000069047580	황성주생식	nad-a001-02-000000541754005	bsn-a001-00-000000013604308	21	09	612594	M	1	1	2886	4	0
20261001	4291318	cmp-a001-02-000000010764328	grp-a001-02-000000069047580	젤리	nad-a001-02-000000541753985	bsn-a001-00-000000013604308	21	99	98128	M	33	0	0	33	0
20261001	4291318	cmp-a001-02-000000010764328	grp-a001-02-000000069047580	에너지바	nad-a001-02-000000553654558	bsn-a001-00-000000013604308	21	10	8753	M	1	0	0	3	0
20261001	4291318	cmp-a001-02-000000010764328	grp-a001-02-000000069047580	프로틴바추천	nad-a001-02-000000553654554	bsn-a001-00-000000013604308	21	08	8753	M	1	0	0	1	0
20261001	4291318	cmp-a001-02-000000010764328	grp-a001-02-000000069047580	단백질쉐이크살찌나	nad-a001-02-000000553654562	bsn-a001-00-000000013604308	21	08	8753	M	1	0	0	5	0
20261001	4291318	cmp-a001-02-000000010764328	grp-a001-02-000000069047580	프로틴	nad-a001-02-000000553654562	bsn-a001-00-000000013604308	21	18	8753	M	2	0	0	7	0
20261001	4291318	cmp-a001-02-000000010764328	grp-a001-02-000000069047580	단백질바	nad-a001-02-000000553654554	bsn-a001-00-000000013604308	21	06	529514	M	2	0	0	3	0
20261001	4291318	cmp-a001-02-000000010764328	grp-a001-02-000000069047580	스토어	nad-a001-02-000000541753997	bsn-a001-00-000000013604308	21	04	98128	M	12	0	0	12	0
20261001	4291318	cmp-a001-02-000000010764328	grp-a001-02-000000069047580	에너지바	nad-a001-02-000000553654559	bsn-a001-00-000000013604308	21	11	23123	P	14	0	0	72	0
20261001	4291318	cmp-a001-02-000000010764328	grp-a001-02-000000069047580	단백질보충제	nad-a001-02-000000553654562	bsn-a001-00-000000013604308	21	02	8753	M	18	0	0	72	0
20261001	4291318	cmp-a001-02-000000010764328	grp-a001-02-000000069047580	단백질	nad-a001-02-000000553654562	bsn-a001-00-000000013604308	21	17	8753	M	1	0	0	1	0
20261001	4291318	cmp-a001-02-000000010764328	grp-a001-02-000000069047580	JELLY	nad-a001-02-000000541753985	bsn-a001-00-000000013604308	21	11	98128	M	4	0	0	4	0
20261001	4291318	cmp-a001-02-000000010764328	grp-a001-02-000000069047580	사탕젤리	nad-a001-02-000000541753985	bsn-a001-00-000000013604308	21	09	87620	M	2	0	0	9	0
20261001	4291318	cmp-a001-02-000000010764328	grp-a001-02-000000069047580	에너지바	nad-a001-02-000000553654554	bsn-a001-00-000000013604308	21	02	33421	M	18	0	0	19	0
20261001	4291318	cmp-a001-02-000000010764328	grp-a001-02-000000069047580	단백질	nad-a001-02-000000553654562	bsn-a001-00-000000013604308	21	03	23123	P	1	0	0	3	0
20261001	4291318	cmp-a001-02-000000010764328	grp-a001-02-000000069047580	단백질바	nad-a001-02-000000553654558	bsn-a001-00-000000013604308	21	04	8753	M	1	0	0	4	0
20261001	4291318	cmp-a001-02-000000010764328	grp-a001-02-000000069047580	식물성단백질	nad-a001-02-000000553654562	bsn-a001-00-000000013604308	21	02	8753	M	1	0	0	3	0
20261001	4291318	cmp-a001-02-000000010764328	grp-a001-02-000000069047580	다이어트식사대용	nad-a001-02-000000553654562	bsn-a001-00-000000013604308	21	02	8753	M	2	0	0	5	0
20261001	4291318	cmp-a001-02-000000010764328	grp-a001-02-000000069047580	프로틴	nad-a001-02-000000553654562	bsn-a001-00-000000013604308	21	09	33421	M	2	0	0	8	0
20261001	4291318	cmp-a001-02-000000010764328	grp-a001-02-000000069047580	단백질	nad-a001-02-000000553654562	bsn-a001-00-000000013604308	21	14	529514	M	21	0	0	21	0
20261001	4291318	cmp-a001-02-000000010764328	grp-a001-02-000000069047580	사랑이	nad-a001-02-000000553654554	bsn-a001-00-000000013604308	21	06	529514	M	2	0	0	5	0
20261001	4291318	cmp-a001-02-000000010764328	grp-a001-02-000000069047580	젤리	nad-a001-02-000000541753985	bsn-a001-00-000000013604308	21	17	768323	M	1	0	0	1	0
20261001	4291318	cmp-a001-02-000000010764328	grp-a001-02-000000069047580	프로틴바	nad-a001-02-000000553654558	bsn-a001-00-000000013604308	21	04	529514	M	2	0	0	3	0
20261001	4291318	cmp-a001-02-000000010764328	grp-a001-02-000000069047580	황성주생식	nad-a001-02-000000541753997	bsn-a001-00-000000013604308	21	15	8753	M	1	0	0	2	0
20261001	4291318	cmp-a001-02-000000010764328	grp-a001-02-000000069047580	단백질	nad-a001-02-000000553654562	bsn-a001-00-000000013604308	21	11	529514	M	4	0	0	4	0
20261001	4291318	cmp-a001-02-000000010764328	grp-a001-02-000000069047580	HIGH	nad-a001-02-000000553654562	bsn-a001-00-000000013604308	21	18	98128	M	3	0	0	3	0
20261001	4291318	cmp-a001-02-000000010764328	grp-a001-02-000000069047580	에너지바	nad-a001-02-000000553654559	bsn-a001-00-000000013604308	21	02	33421	M	15	0	0	137	0
20261001	4291318	cmp-a001-02-000000010764328	grp-a001-02-000000069047580	프로틴	nad-a001-02-000000553654562	bsn-a001-00-000000013604308	21	16	8753	M	1	0	0	3	0
20261001	4291318	cmp-a001-02-000000010764328	grp-a001-02-000000069047580	스토어	nad-a001-02-000000541753997	bsn-a001-00-000000013604308	21	07	98128	M	4	0	0	4	0
20261001	4291318	cmp-a001-02-000000010764328	grp-a001-02-000000069047580	프로틴단백질	nad-a001-02-000000553654562	bsn-a001-00-000000013604308	21	08	612594	M	1	0	0	1	0
20261001	4291318	cmp-a001-02-000000010764328	grp-a001-02-000000069047580	단백질파우더	nad-a001-02-000000553654562	bsn-a001-00-000000013604308	21	16	8753	M	3	0	0	11	0
20261001	4291318	cmp-a001-02-000000010764328	grp-a001-02-000000069047580	대두없는쉐이크	nad-a001-02-000000553654562	bsn-a001-00-000000013604308	21	03	8753	M	1	0	0	2	0
20261001	4291318	cmp-a001-02-000000010764328	grp-a001-02-000000069047580	젤리	nad-a001-02-000000541753985	bsn-a001-00-000000013604308	21	09	8753	M	9	0	0	21	0
20261001	4291318	cmp-a001-02-000000010764328	grp-a001-02-000000069047580	다이어트저녁단백질쉐이크	nad-a001-02-000000553654562	bsn-a001-00-000000013604308	21	09	8753	M	2	0	0	4	0
20261001	4291318	cmp-a001-02-000000010764328	grp-a001-02-000000069047580	사랑	nad-a001-02-000000553654554	bsn-a001-00-000000013604308	21	11	98128	M	4	0	0	8	0
20261001	4291318	cmp-a001-02-000000010764328	grp-a001-02-000000069047580	프로틴	nad-a001-02-000000553654562	bsn-a001-00-000000013604308	21	02	684926	M	14	0	0	92	0
20261001	4291318	cmp-a001-02-000000010764328	grp-a001-02-000000069047580	DANB단백질바	nad-a001-02-000000553654558	bsn-a001-00-000000013604308	21	09	8753	M	1	0	0	4	0
20261001	4291318	cmp-a001-02-000000010764328	grp-a001-02-000000069047580	에너지바	nad-a001-02-000000553654558	bsn-a001-00-000000013604308	21	14	529514	M	6	0	0	9	0
20261001	4291318	cmp-a001-02-000000010764328	grp-a001-02-000000069047580	동충화초분말식약처인증	nad-a001-02-000000541753996	bsn-a001-00-000000013604308	21	10	8753	M	1	0	0	4	0
20261001	4291318	cmp-a001-02-000000010764328	grp-a001-02-000000069047580	프로틴쉐이크단백질쉐이크	nad-a001-02-000000553654562	bsn-a001-00-000000013604308	21	09	8753	M	1	0	0	3	0
20261001	4291318	cmp-a001-02-000000010764328	grp-a001-02-000000069047580	쉐이크	nad-a001-02-000000553654562	bsn-a001-00-000000013604308	21	15	529514	M	14	0	0	14	0
20261001	4291318	cmp-a001-02-000000010764328	grp-a001-02-000000069047580	단백질쉐이크	nad-a001-02-000000553654562	bsn-a001-00-000000013604308	21	10	529514	M	6	0	0	6	0
20261001	4291318	cmp-a001-02-000000010764328	grp-a001-02-000000069047580	로또1등도출근합니다옥자연단백질바	nad-a001-02-000000553654558	bsn-a001-00-000000013604308	21	15	8753	M	1	0	0	3	0
20261001	4291318	cmp-a001-02-000000010764328	grp-a001-02-000000069047580	GR프로틴바	nad-a001-02-000000553654558	bsn-a001-00-000000013604308	21	02	8753	M	2	0	0	7	0
20261001	4291318	cmp-a001-02-000000010764328	grp-a001-02-000000069047580	단백질쉐이크	nad-a001-02-000000553654562	bsn-a001-00-000000013604308	21	09	98128	M	27	0	0	29	0
20261001	4291318	cmp-a001-02-000000010764328	grp-a001-02-000000069047580	스토어	nad-a001-02-000000541753996	bsn-a001-00-000000013604308	21	00	98128	M	4	0	0	16	0
20261001	4291318	cmp-a001-02-000000010764328	grp-a001-02-000000069047580	단백질파우더	nad-a001-02-000000553654562	bsn-a001-00-000000013604308	21	03	8753	M	2	1	3801	6	0
20261001	4291318	cmp-a001-02-000000010764328	grp-a001-02-000000069047580	프로틴바	nad-a001-02-000000553654558	bsn-a001-00-000000013604308	21	06	529514	M	10	0	0	15	0
20261001	4291318	cmp-a001-02-000000010764328	grp-a001-02-000000069047580	에너지바	nad-a001-02-000000553654558	bsn-a001-00-000000013604308	21	08	33421	M	1	0	0	2	0
20261001	4291318	cmp-a001-02-000000010764328	grp-a001-02-000000069047580	단백질보충제	nad-a001-02-000000553654562	bsn-a001-00-000000013604308	21	10	8753	M	1	0	0	3	0
20261001	4291318	cmp-a001-02-000000010764328	grp-a001-02-000000069047580	단백질	nad-a001-02-000000553654562	bsn-a001-00-000000013604308	21	01	98128	M	1	0	0	1	0
20261001	4291318	cmp-a001-02-000000010764328	grp-a001-02-000000069047580	황성주생식	nad-a001-02-000000541753997	bsn-a001-00-000000013604308	21	09	612594	M	1	0	0	1	0
20261001	4291318	cmp-a001-02-000000010764328	grp-a001-02-000000069047580	단백질간식	nad-a001-02-000000553654554	bsn-a001-00-000000013604308	21	18	8753	M	1	0	0	1	0
20261001	4291318	cmp-a001-02-000000010764328	grp-a001-02-000000069047580	에너지바	nad-a001-02-000000553654554	bsn-a001-00-000000013604308	21	04	8753	M	1	0	0	1	0
20261001	4291318	cmp-a001-02-000000010764328	grp-a001-02-000000069047580	다이어트쉐이크	nad-a001-02-000000553654562	bsn-a001-00-000000013604308	21	99	768323	M	3	0	0	4	0
20261001	4291318	cmp-a001-02-000000010764328	grp-a001-02-000000069047580	다이어트단백질쉐이크	nad-a001-02-000000553654562	bsn-a001-00-000000013604308	21	07	8753	M	1	0	0	2	0
20261001	4291318	cmp-a001-02-000000010764328	grp-a001-02-000000069047580	균형영양식	nad-a001-02-000000541753965	bsn-a001-00-000000013604308	21	99	529514	M	2	0	0	4	0
20261001	4291318	cmp-a001-02-000000010764328	grp-a001-02-000000069047580	다이어트쉐이크	nad-a001-02-000000553654562	bsn-a001-00-000000013604308	21	11	529514	M	2	0	0	2	0
20261001	4291318	cmp-a001-02-000000010764328	grp-a001-02-000000069047580	균형영양식	nad-a001-02-000000541753965	bsn-a001-00-000000013604308	21	02	529514	M	4	0	0	8	0
20261001	4291318	cmp-a001-02-000000010764328	grp-a001-02-000000069047580	식품간식	nad-a001-02-000000553654558	bsn-a001-00-000000013604308	21	07	98128	M	1	0	0	2	0
20261001	4291318	cmp-a001-02-000000010764328	grp-a001-02-000000069047580	스토어	nad-a001-02-000000541753997	bsn-a001-00-000000013604308	21	13	98128	M	4	0	0	4	0
20261001	4291318	cmp-a001-02-000000010764328	grp-a001-02-000000069047580	식사대용	nad-a001-02-000000553654562	bsn-a001-00-000000013604308	21	02	529514	M	2	0	0	6	0
20261001	4291318	cmp-a001-02-000000010764328	grp-a001-02-000000069047580	에너지바	nad-a001-02-000000553654559	bsn-a001-00-000000013604308	21	08	33421	M	1	0	0	7	0
20261001	4291318	cmp-a001-02-000000010764328	grp-a001-02-000000069047580	CR에너지바	nad-a001-02-000000553654558	bsn-a001-00-000000013604308	21	02	27758	P	1	0	0	3	0
20261001	4291318	cmp-a001-02-000000010764328	grp-a001-02-000000069047580	에너지바	nad-a001-02-000000553654559	bsn-a001-00-000000013604308	21	09	529514	M	10	0	0	30	0
20261001	4291318	cmp-a001-02-000000010764328	grp-a001-02-000000069047580	단백질쉐이크	nad-a001-02-000000553654562	bsn-a001-00-000000013604308	21	09	8753	M	28	0	0	137	0
20261001	4291318	cmp-a001-02-000000010764328	grp-a001-02-000000069047580	단백질프로틴	nad-a001-02-000000553654562	bsn-a001-00-000000013604308	21	18	529514	M	2	0	0	2	0
20261001	4291318	cmp-a001-02-000000010764328	grp-a001-02-000000069047580	에너지바	nad-a001-02-000000553654554	bsn-a001-00-000000013604308	21	02	87620	M	1	0	0	1	0
20261001	4291318	cmp-a001-02-000000010764328	grp-a001-02-000000069047580	스토어	nad-a001-02-000000541753997	bsn-a001-00-000000013604308	21	06	98128	M	10	0	0	10	0
20261001	4291318	cmp-a001-02-000000010764328	grp-a001-02-000000069047580	제리	nad-a001-02-000000541753985	bsn-a001-00-000000013604308	21	02	98128	M	2	0	0	2	0
20261001	4291318	cmp-a001-02-000000010764328	grp-a001-02-000000069047580	젤리	nad-a001-02-000000541753985	bsn-a001-00-000000013604308	21	02	137281	M	12	0	0	12	0
20261001	4291318	cmp-a001-02-000000010764328	grp-a001-02-000000069047580	제리	nad-a001-02-000000541753985	bsn-a001-00-000000013604308	21	02	8753	M	3	0	0	14	0
20261001	4291318	cmp-a001-02-000000010764328	grp-a001-02-000000069047580	프로틴바	nad-a001-02-000000553654559	bsn-a001-00-000000013604308	21	11	529514	M	2	0	0	6	0
20261001	4291318	cmp-a001-02-000000010764328	grp-a001-02-000000069047580	프로틴	nad-a001-02-000000553654562	bsn-a001-00-000000013604308	21	11	684925	P	1	0	0	1	0
20261001	4291318	cmp-a001-02-000000010764328	grp-a001-02-000000069047580	단백질추천	nad-a001-02-000000553654562	bsn-a001-00-000000013604308	21	08	8753	M	1	0	0	4	0
20261001	4291318	cmp-a001-02-000000010764328	grp-a001-02-000000069047580	프로틴	nad-a001-02-000000553654562	bsn-a001-00-000000013604308	21	02	684927	P	4	0	0	4	0
20261001	4291318	cmp-a001-02-000000010764328	grp-a001-02-000000069047580	과자먹고실온보관했는데괜찮나요	nad-a001-02-000000553654554	bsn-a001-00-000000013604308	21	01	8753	M	1	0	0	5	0
20261001	4291318	cmp-a001-02-000000010764328	grp-a001-02-000000069047580	프로틴바	nad-a001-02-000000553654558	bsn-a001-00-000000013604308	21	11	529514	M	2	0	0	3	0
20261001	4291318	cmp-a001-02-000000010764328	grp-a001-02-000000069047580	1일단백질섭취량	nad-a001-02-000000553654562	bsn-a001-00-000000013604308	21	13	8753	M	1	0	0	1	0
20261001	4291318	cmp-a001-02-000000010764328	grp-a001-02-000000069047580	로또1등도출근합니다단백질바	nad-a001-02-000000553654554	bsn-a001-00-000000013604308	21	04	33421	M	1	0	0	2	0
20261001	4291318	cmp-a001-02-000000010764328	grp-a001-02-000000069047580	식사대용쉐이크	nad-a001-02-000000553654562	bsn-a001-00-000000013604308	21	06	8753	M	1	0	0	5	0
20261001	4291318	cmp-a001-02-000000010764328	grp-a001-02-000000069047580	황성주생식	nad-a001-02-000000541753997	bsn-a001-00-000000013604308	21	06	8753	M	1	0	0	2	0
20261001	4291318	cmp-a001-02-000000010764328	grp-a001-02-000000069047580	보충제	nad-a001-02-000000553654562	bsn-a001-00-000000013604308	21	02	529514	M	17	0	0	17	0
20261001	4291318	cmp-a001-02-000000010764328	grp-a001-02-000000069047580	젤리	nad-a001-02-000000541753985	bsn-a001-00-000000013604308	21	07	609155	M	1	0	0	1	0
20261001	4291318	cmp-a001-02-000000010764328	grp-a001-02-000000069047580	영화관간식칼로리	nad-a001-02-000000553654558	bsn-a001-00-000000013604308	21	04	8753	M	1	0	0	2	0
20261001	4291318	cmp-a001-02-000000010764328	grp-a001-02-000000069047580	칼로리바	nad-a001-02-000000553654554	bsn-a001-00-000000013604308	21	09	529514	M	1	0	0	1	0
20261001	4291318	cmp-a001-02-000000010764328	grp-a001-02-000000069047580	사탕젤리	nad-a001-02-000000541753985	bsn-a001-00-000000013604308	21	08	23123	P	1	0	0	1	0
20261001	4291318	cmp-a001-02-000000010764328	grp-a001-02-000000069047580	식이섬유쉐이크	nad-a001-02-000000553654562	bsn-a001-00-000000013604308	21	09	8753	M	1	0	0	2	0
20261001	4291318	cmp-a001-02-000000010764328	grp-a001-02-000000069047580	젤리	nad-a001-02-000000541753985	bsn-a001-00-000000013604308	21	11	768323	M	2	0	0	2	0
20261001	4291318	cmp-a001-02-000000010764328	grp-a001-02-000000069047580	식사대용단백질쉐이크	nad-a001-02-000000553654562	bsn-a001-00-000000013604308	21	18	8753	M	1	0	0	2	0
20261001	4291318	cmp-a001-02-000000010764328	grp-a001-02-000000069047580	에너지바	nad-a001-02-000000553654559	bsn-a001-00-000000013604308	21	04	33421	M	1	0	0	7	0
20261001	4291318	cmp-a001-02-000000010764328	grp-a001-02-000000069047580	황성주생식	nad-a001-02-000000541754004	bsn-a001-00-000000013604308	21	08	529514	M	3	0	0	6	0
20261001	4291318	cmp-a001-02-000000010764328	grp-a001-02-000000069047580	단백질바	nad-a001-02-000000553654558	bsn-a001-00-000000013604308	21	09	529514	M	35	0	0	60	0
20261001	4291318	cmp-a001-02-000000010764328	grp-a001-02-000000069047580	네이버스토어	nad-a001-02-000000541753997	bsn-a001-00-000000013604308	21	15	612594	M	1	0	0	5	0
20261001	4291318	cmp-a001-02-000000010764328	grp-a001-02-000000069047580	프로틴	nad-a001-02-000000553654562	bsn-a001-00-000000013604308	21	13	768323	M	4	0	0	7	0
20261001	4291318	cmp-a001-02-000000010764328	grp-a001-02-000000069047580	프로틴쉐이크	nad-a001-02-000000553654562	bsn-a001-00-000000013604308	21	11	27758	P	1	0	0	3	0
20261001	4291318	cmp-a001-02-000000010764328	grp-a001-02-000000069047580	프로틴쉐이크	nad-a001-02-000000553654562	bsn-a001-00-000000013604308	21	15	529514	M	2	0	0	2	0
20261001	4291318	cmp-a001-02-000000010764328	grp-a001-02-000000069047580	사랑	nad-a001-02-000000553654558	bsn-a001-00-000000013604308	21	16	98128	M	1	0	0	3	0
20261001	4291318	cmp-a001-02-000000010764328	grp-a001-02-000000069047580	프로틴바	nad-a001-02-000000553654554	bsn-a001-00-000000013604308	21	08	529514	M	2	0	0	3	0
20261001	4291318	cmp-a001-02-000000010764328	grp-a001-02-000000069047580	사랑	nad-a001-02-000000553654554	bsn-a001-00-000000013604308	21	99	98128	M	4	0	0	8	0
20261001	4291318	cmp-a001-02-000000010764328	grp-a001-02-000000069047580	다이어트쉐이크	nad-a001-02-000000553654562	bsn-a001-00-000000013604308	21	10	529514	M	2	0	0	2	0
20261001	4291318	cmp-a001-02-000000010764328	grp-a001-02-000000069047580	사탕젤리	nad-a001-02-000000541753985	bsn-a001-00-000000013604308	21	01	529514	M	9	0	0	17	0
20261001	4291318	cmp-a001-02-000000010764328	grp-a001-02-000000069047580	에너지바세트	nad-a001-02-000000553654559	bsn-a001-00-000000013604308	21	03	11068	P	1	0	0	15	0
20261001	4291318	cmp-a001-02-000000010764328	grp-a001-02-000000069047580	프로틴바	nad-a001-02-000000553654559	bsn-a001-00-000000013604308	21	13	98128	M	1	0	0	3	0
20261001	4291318	cmp-a001-02-000000010764328	grp-a001-02-000000069047580	단백질바추천	nad-a001-02-000000553654554	bsn-a001-00-000000013604308	21	09	8753	M	1	0	0	1	0
20261001	4291318	cmp-a001-02-000000010764328	grp-a001-02-000000069047580	사랑님	nad-a001-02-000000553654554	bsn-a001-00-000000013604308	21	08	529514	M	3	0	0	8	0
20261001	4291318	cmp-a001-02-000000010764328	grp-a001-02-000000069047580	쉐이크추천	nad-a001-02-000000553654562	bsn-a001-00-000000013604308	21	18	612594	M	1	0	0	2	0
20261001	4291318	cmp-a001-02-000000010764328	grp-a001-02-000000069047580	단백질바	nad-a001-02-000000553654558	bsn-a001-00-000000013604308	21	09	8753	M	2	0	0	7	0
20261001	4291318	cmp-a001-02-000000010764328	grp-a001-02-000000069047580	에너지바신상	nad-a001-02-000000553654554	bsn-a001-00-000000013604308	21	02	8753	M	1	0	0	1	0
20261001	4291318	cmp-a001-02-000000010764328	grp-a001-02-000000069047580	보충제	nad-a001-02-000000553654562	bsn-a001-00-000000013604308	21	01	684926	M	2	0	0	8	0
20261001	4291318	cmp-a001-02-000000010764328	grp-a001-02-000000069047580	젤리	nad-a001-02-000000541753985	bsn-a001-00-000000013604308	21	02	529514	M	135	0	0	135	0
20261001	4291318	cmp-a001-02-000000010764328	grp-a001-02-000000069047580	단백질보충제	nad-a001-02-000000553654562	bsn-a001-00-000000013604308	21	00	23123	P	1	0	0	1	0
20261001	4291318	cmp-a001-02-000000010764328	grp-a001-02-000000069047580	프로틴	nad-a001-02-000000553654562	bsn-a001-00-000000013604308	21	10	27758	P	1	0	0	2	0
20261001	4291318	cmp-a001-02-000000010764328	grp-a001-02-000000069047580	PROTEIN	nad-a001-02-000000553654562	bsn-a001-00-000000013604308	21	09	8753	M	1	0	0	5	0
20261001	4291318	cmp-a001-02-000000010764328	grp-a001-02-000000069047580	단백질	nad-a001-02-000000553654562	bsn-a001-00-000000013604308	21	06	8753	M	1	0	0	1	0
20261001	4291318	cmp-a001-02-000000010764328	grp-a001-02-000000069047580	프로틴	nad-a001-02-000000553654562	bsn-a001-00-000000013604308	21	13	529514	M	32	0	0	32	0
20261001	4291318	cmp-a001-02-000000010764328	grp-a001-02-000000069047580	젤리	nad-a001-02-000000541753985	bsn-a001-00-000000013604308	21	18	98128	M	4	0	0	4	0
20261001	4291318	cmp-a001-02-000000010764328	grp-a001-02-000000069047580	식물성쉐이크	nad-a001-02-000000553654562	bsn-a001-00-000000013604308	21	09	684927	P	1	0	0	15	0
20261001	4291318	cmp-a001-02-000000010764328	grp-a001-02-000000069047580	삼성라이온즈단백질쉐이크	nad-a001-02-000000553654562	bsn-a001-00-000000013604308	21	06	8753	M	1	0	0	3	0
20261001	4291318	cmp-a001-02-000000010764328	grp-a001-02-000000069047580	곡물단백질쉐이크	nad-a001-02-000000553654562	bsn-a001-00-000000013604308	21	15	8753	M	1	0	0	3	0
20261001	4291318	cmp-a001-02-000000010764328	grp-a001-02-000000069047580	단백질바추천	nad-a001-02-000000553654554	bsn-a001-00-000000013604308	21	18	8753	M	1	0	0	1	0
20261001	4291318	cmp-a001-02-000000010764328	grp-a001-02-000000069047580	프로틴원쉐이크물	nad-a001-02-000000553654562	bsn-a001-00-000000013604308	21	09	8753	M	1	0	0	5	0
20261001	4291318	cmp-a001-02-000000010764328	grp-a001-02-000000069047580	단백질간식	nad-a001-02-000000553654559	bsn-a001-00-000000013604308	21	02	684926	M	2	0	0	12	0
20261001	4291318	cmp-a001-02-000000010764328	grp-a001-02-000000069047580	단백질쉐이크	nad-a001-02-000000553654562	bsn-a001-00-000000013604308	21	16	98128	M	1	0	0	3	0
20261001	4291318	cmp-a001-02-000000010764328	grp-a001-02-000000069047580	단백질바	nad-a001-02-000000553654554	bsn-a001-00-000000013604308	21	09	529514	M	35	0	0	45	0
20261001	4291318	cmp-a001-02-000000010764328	grp-a001-02-000000069047580	에너지바	nad-a001-02-000000553654554	bsn-a001-00-000000013604308	21	11	8753	M	1	0	0	1	0
20261001	4291318	cmp-a001-02-000000010764328	grp-a001-02-000000069047580	쉐이크다이어트3일	nad-a001-02-000000553654562	bsn-a001-00-000000013604308	21	02	8753	M	1	0	0	4	0
20261001	4291318	cmp-a001-02-000000010764328	grp-a001-02-000000069047580	프로틴바	nad-a001-02-000000553654559	bsn-a001-00-000000013604308	21	18	529514	M	11	0	0	44	0
20261001	4291318	cmp-a001-02-000000010764328	grp-a001-02-000000069047580	도윤픽단백질바	nad-a001-02-000000553654558	bsn-a001-00-000000013604308	21	15	8753	M	1	0	0	4	0
20261001	4291318	cmp-a001-02-000000010764328	grp-a001-02-000000069047580	사랑	nad-a001-02-000000553654554	bsn-a001-00-000000013604308	21	08	98128	M	5	0	0	10	0
20261001	4291318	cmp-a001-02-000000010764328	grp-a001-02-000000069047580	분말	nad-a001-02-000000541753997	bsn-a001-00-000000013604308	21	02	529514	M	8	0	0	8	0
20261001	4291318	cmp-a001-02-000000010764328	grp-a001-02-000000069047580	단백질보충제	nad-a001-02-000000553654562	bsn-a001-00-000000013604308	21	15	8753	M	2	0	0	9	0
20261001	4291318	cmp-a001-02-000000010764328	grp-a001-02-000000069047580	식사대용단백질쉐이크	nad-a001-02-000000553654562	bsn-a001-00-000000013604308	21	07	8753	M	1	0	0	3	0
20261001	4291318	cmp-a001-02-000000010764328	grp-a001-02-000000069047580	단백질다이어트	nad-a001-02-000000553654562	bsn-a001-00-000000013604308	21	16	8753	M	1	0	0	3	0
20261001	4291318	cmp-a001-02-000000010764328	grp-a001-02-000000069047580	다이어트쉐이크	nad-a001-02-000000553654562	bsn-a001-00-000000013604308	21	06	768323	M	1	0	0	1	0
20261001	4291318	cmp-a001-02-000000010764328	grp-a001-02-000000069047580	프로틴바	nad-a001-02-000000553654559	bsn-a001-00-000000013604308	21	09	98128	M	3	0	0	8	0
20261001	4291318	cmp-a001-02-000000010764328	grp-a001-02-000000069047580	스토어	nad-a001-02-000000541753997	bsn-a001-00-000000013604308	21	02	248824	P	1	0	0	1	0
20261001	4291318	cmp-a001-02-000000010764328	grp-a001-02-000000069047580	프로틴	nad-a001-02-000000553654562	bsn-a001-00-000000013604308	21	03	768323	M	17	0	0	30	0
20261001	4291318	cmp-a001-02-000000010764328	grp-a001-02-000000069047580	프로틴식사	nad-a001-02-000000553654562	bsn-a001-00-000000013604308	21	02	684926	M	1	0	0	14	0
20261001	4291318	cmp-a001-02-000000010764328	grp-a001-02-000000069047580	에너지바세트	nad-a001-02-000000553654554	bsn-a001-00-000000013604308	21	03	11068	P	2	0	0	4	0
20261001	4291318	cmp-a001-02-000000010764328	grp-a001-02-000000069047580	단백질쉐이크	nad-a001-02-000000553654562	bsn-a001-00-000000013604308	21	02	684927	P	2	0	0	24	0
20261001	4291318	cmp-a001-02-000000010764328	grp-a001-02-000000069047580	돼지감자분말보관방법	nad-a001-02-000000541753997	bsn-a001-00-000000013604308	21	14	8753	M	1	0	0	1	0
20261001	4291318	cmp-a001-02-000000010764328	grp-a001-02-000000069047580	식사대용단백질쉐이크	nad-a001-02-000000553654562	bsn-a001-00-000000013604308	21	14	8753	M	1	0	0	5	0
20261001	4291318	cmp-a001-02-000000010764328	grp-a001-02-000000069047580	황성주생식	nad-a001-02-000000541753988	bsn-a001-00-000000013604308	21	13	791888	M	1	0	0	7	0
20261001	4291318	cmp-a001-02-000000010764328	grp-a001-02-000000069047580	에너지바	nad-a001-02-000000553654558	bsn-a001-00-000000013604308	21	09	33421	M	3	0	0	12	0
20261001	4291318	cmp-a001-02-000000010764328	grp-a001-02-000000069047580	스토어	nad-a001-02-000000541753997	bsn-a001-00-000000013604308	21	17	98128	M	1	0	0	1	0
20261001	4291318	cmp-a001-02-000000010764328	grp-a001-02-000000069047580	단백질쉐이크	nad-a001-02-000000553654562	bsn-a001-00-000000013604308	21	16	529514	M	14	0	0	20	0
20261001	4291318	cmp-a001-02-000000010764328	grp-a001-02-000000069047580	HIGH	nad-a001-02-000000553654562	bsn-a001-00-000000013604308	21	10	612594	M	1	1	1175	1	0
20261001	4291318	cmp-a001-02-000000010764328	grp-a001-02-000000069047580	에너지바	nad-a001-02-000000553654559	bsn-a001-00-000000013604308	21	06	87620	M	1	0	0	5	0
20261001	4291318	cmp-a001-02-000000010764328	grp-a001-02-000000069047580	식사대용	nad-a001-02-000000553654562	bsn-a001-00-000000013604308	21	06	529514	M	2	0	0	6	0
20261001	4291318	cmp-a001-02-000000010764328	grp-a001-02-000000069047580	황성주생식	nad-a001-02-000000541753996	bsn-a001-00-000000013604308	21	06	633013	M	1	0	0	3	0
20261001	4291318	cmp-a001-02-000000010764328	grp-a001-02-000000069047580	사랑님	nad-a001-02-000000553654558	bsn-a001-00-000000013604308	21	04	529514	M	13	0	0	32	0
20261001	4291318	cmp-a001-02-000000010764328	grp-a001-02-000000069047580	단백질바	nad-a001-02-000000553654558	bsn-a001-00-000000013604308	21	02	33421	M	6	0	0	22	0
20261001	4291318	cmp-a001-02-000000010764328	grp-a001-02-000000069047580	프로틴단백질	nad-a001-02-000000553654562	bsn-a001-00-000000013604308	21	08	798056	M	1	0	0	1	0
20261001	4291318	cmp-a001-02-000000010764328	grp-a001-02-000000069047580	핏트단백질쉐이크식물성다이어트체중조설	nad-a001-02-000000553654562	bsn-a001-00-000000013604308	21	10	33421	M	1	0	0	3	0
20261001	4291318	cmp-a001-02-000000010764328	grp-a001-02-000000069047580	단백질파우더	nad-a001-02-000000553654562	bsn-a001-00-000000013604308	21	02	33421	M	2	0	0	6	0
20261001	4291318	cmp-a001-02-000000010764328	grp-a001-02-000000069047580	단백질쉐이크	nad-a001-02-000000553654562	bsn-a001-00-000000013604308	21	18	684927	P	1	0	0	14	0
20261001	4291318	cmp-a001-02-000000010764328	grp-a001-02-000000069047580	칼로리바	nad-a001-02-000000553654554	bsn-a001-00-000000013604308	21	02	8753	M	1	0	0	1	0
20261001	4291318	cmp-a001-02-000000010764328	grp-a001-02-000000069047580	도토리가루보관하는방법	nad-a001-02-000000541754004	bsn-a001-00-000000013604308	21	02	8753	M	2	0	0	4	0
20261001	4291318	cmp-a001-02-000000010764328	grp-a001-02-000000069047580	황성주생식	nad-a001-02-000000541754004	bsn-a001-00-000000013604308	21	01	633013	M	4	0	0	8	0
20261001	4291318	cmp-a001-02-000000010764328	grp-a001-02-000000069047580	단백질쉐이크성분첨가물비교	nad-a001-02-000000553654562	bsn-a001-00-000000013604308	21	08	8753	M	1	0	0	4	0
20261001	4291318	cmp-a001-02-000000010764328	grp-a001-02-000000069047580	에너지바	nad-a001-02-000000553654558	bsn-a001-00-000000013604308	21	99	529514	M	2	0	0	3	0
20261001	4291318	cmp-a001-02-000000010764328	grp-a001-02-000000069047580	젤리	nad-a001-02-000000541753985	bsn-a001-00-000000013604308	21	16	8753	M	2	0	0	5	0
20261001	4291318	cmp-a001-02-000000010764328	grp-a001-02-000000069047580	에너지바	nad-a001-02-000000553654554	bsn-a001-00-000000013604308	21	11	27758	P	1	0	0	1	0
20261001	4291318	cmp-a001-02-000000010764328	grp-a001-02-000000069047580	황성주생식	nad-a001-02-000000541753997	bsn-a001-00-000000013604308	21	09	8753	M	3	0	0	10	0
20261001	4291318	cmp-a001-02-000000010764328	grp-a001-02-000000069047580	황성주생식	nad-a001-02-000000541753997	bsn-a001-00-000000013604308	21	13	791888	M	1	0	0	2	0
20261001	4291318	cmp-a001-02-000000010764328	grp-a001-02-000000069047580	단백질	nad-a001-02-000000553654562	bsn-a001-00-000000013604308	21	09	98128	M	6	0	0	6	0
20261001	4291318	cmp-a001-02-000000010764328	grp-a001-02-000000069047580	다이어트쉐이크	nad-a001-02-000000553654562	bsn-a001-00-000000013604308	21	02	768323	M	9	0	0	14	0
20261001	4291318	cmp-a001-02-000000010764328	grp-a001-02-000000069047580	도윤픽단백질바	nad-a001-02-000000553654554	bsn-a001-00-000000013604308	21	15	8753	M	1	0	0	1	0
20261001	4291318	cmp-a001-02-000000010764328	grp-a001-02-000000069047580	젤리	nad-a001-02-000000541753985	bsn-a001-00-000000013604308	21	08	684926	M	4	0	0	10	0
20261001	4291318	cmp-a001-02-000000010764328	grp-a001-02-000000069047580	황성주생식	nad-a001-02-000000541753997	bsn-a001-00-000000013604308	21	16	8753	M	1	0	0	1	0
20261001	4291318	cmp-a001-02-000000010764328	grp-a001-02-000000069047580	단백질바칼로리	nad-a001-02-000000553654554	bsn-a001-00-000000013604308	21	09	684925	P	1	0	0	1	0
20261001	4291318	cmp-a001-02-000000010764328	grp-a001-02-000000069047580	단백질바	nad-a001-02-000000553654558	bsn-a001-00-000000013604308	21	01	8753	M	1	0	0	6	0
20261001	4291318	cmp-a001-02-000000010764328	grp-a001-02-000000069047580	단백질	nad-a001-02-000000553654562	bsn-a001-00-000000013604308	21	02	684925	P	2	0	0	2	0
20261001	4291318	cmp-a001-02-000000010764328	grp-a001-02-000000069047580	대보선식	nad-a001-02-000000541753996	bsn-a001-00-000000013604308	21	08	341898	M	1	0	0	1	0
20261001	4291318	cmp-a001-02-000000010764328	grp-a001-02-000000069047580	식사대용쉐이크	nad-a001-02-000000553654562	bsn-a001-00-000000013604308	21	08	8753	M	1	0	0	3	0
20261001	4291318	cmp-a001-02-000000010764328	grp-a001-02-000000069047580	스토어	nad-a001-02-000000541753997	bsn-a001-00-000000013604308	21	14	98128	M	2	0	0	2	0
20261001	4291318	cmp-a001-02-000000010764328	grp-a001-02-000000069047580	칼로리바	nad-a001-02-000000553654559	bsn-a001-00-000000013604308	21	09	529514	M	1	0	0	3	0
20261001	4291318	cmp-a001-02-000000010764328	grp-a001-02-000000069047580	다이어트쉐이크	nad-a001-02-000000553654562	bsn-a001-00-000000013604308	21	04	768323	M	3	0	0	4	0
20261001	4291318	cmp-a001-02-000000010764328	grp-a001-02-000000069047580	이마트트레이더스에너지바	nad-a001-02-000000553654554	bsn-a001-00-000000013604308	21	11	8753	M	1	0	0	1	0
20261001	4291318	cmp-a001-02-000000010764328	grp-a001-02-000000069047580	프로틴바	nad-a001-02-000000553654558	bsn-a001-00-000000013604308	21	09	529514	M	64	0	0	110	0
20261001	4291318	cmp-a001-02-000000010764328	grp-a001-02-000000069047580	단백질바	nad-a001-02-000000553654554	bsn-a001-00-000000013604308	21	11	529514	M	6	0	0	6	0
20261001	4291318	cmp-a001-02-000000010764328	grp-a001-02-000000069047580	황성주생식	nad-a001-02-000000541753996	bsn-a001-00-000000013604308	21	08	529514	M	3	0	0	11	0
20261001	4291318	cmp-a001-02-000000010764328	grp-a001-02-000000069047580	도토리가루보관하는방법	nad-a001-02-000000541753996	bsn-a001-00-000000013604308	21	02	8753	M	1	0	0	3	0
20261001	4291318	cmp-a001-02-000000010764328	grp-a001-02-000000069047580	단백질간식	nad-a001-02-000000553654554	bsn-a001-00-000000013604308	21	11	8753	M	1	0	0	1	0
20261001	4291318	cmp-a001-02-000000010764328	grp-a001-02-000000069047580	쉐이크	nad-a001-02-000000553654562	bsn-a001-00-000000013604308	21	09	27758	P	1	0	0	3	0
20261001	4291318	cmp-a001-02-000000010764328	grp-a001-02-000000069047580	단백질바	nad-a001-02-000000553654554	bsn-a001-00-000000013604308	21	15	529514	M	4	0	0	6	0
20261001	4291318	cmp-a001-02-000000010764328	grp-a001-02-000000069047580	사랑	nad-a001-02-000000553654558	bsn-a001-00-000000013604308	21	09	98128	M	19	0	0	57	0
20261001	4291318	cmp-a001-02-000000010764328	grp-a001-02-000000069047580	쉐이크	nad-a001-02-000000553654562	bsn-a001-00-000000013604308	21	09	98128	M	8	0	0	8	0
20261001	4291318	cmp-a001-02-000000010764328	grp-a001-02-000000069047580	에너지바신상	nad-a001-02-000000553654558	bsn-a001-00-000000013604308	21	02	8753	M	1	0	0	3	0
20261001	4291318	cmp-a001-02-000000010764328	grp-a001-02-000000069047580	프로틴	nad-a001-02-000000553654562	bsn-a001-00-000000013604308	21	01	529514	M	6	0	0	6	0
20261001	4291318	cmp-a001-02-000000010764328	grp-a001-02-000000069047580	프로틴쉐이크	nad-a001-02-000000553654562	bsn-a001-00-000000013604308	21	03	529514	M	1	0	0	1	0
20261001	4291318	cmp-a001-02-000000010764328	grp-a001-02-000000069047580	사랑님	nad-a001-02-000000553654554	bsn-a001-00-000000013604308	21	18	529514	M	8	0	0	22	0
20261001	4291318	cmp-a001-02-000000010764328	grp-a001-02-000000069047580	에너지바	nad-a001-02-000000553654559	bsn-a001-00-000000013604308	21	02	684927	P	2	0	0	14	0
20261001	4291318	cmp-a001-02-000000010764328	grp-a001-02-000000069047580	칼로리바	nad-a001-02-000000553654554	bsn-a001-00-000000013604308	21	08	8753	M	1	0	0	1	0
20261001	4291318	cmp-a001-02-000000010764328	grp-a001-02-000000069047580	자이언츠크런치바	nad-a001-02-000000553654558	bsn-a001-00-000000013604308	21	02	8753	M	1	0	0	2	0
20261001	4291318	cmp-a001-02-000000010764328	grp-a001-02-000000069047580	프로틴간식	nad-a001-02-000000553654559	bsn-a001-00-000000013604308	21	02	684926	M	4	0	0	44	0
20261001	4291318	cmp-a001-02-000000010764328	grp-a001-02-000000069047580	프로틴	nad-a001-02-000000553654562	bsn-a001-00-000000013604308	21	13	684925	P	1	0	0	1	0
20261001	4291318	cmp-a001-02-000000010764328	grp-a001-02-000000069047580	단백질바	nad-a001-02-000000553654554	bsn-a001-00-000000013604308	21	07	8753	M	1	0	0	1	0
20261001	4291318	cmp-a001-02-000000010764328	grp-a001-02-000000069047580	식사대용	nad-a001-02-000000553654562	bsn-a001-00-000000013604308	21	99	33421	M	1	0	0	7	0
20261001	4291318	cmp-a001-02-000000010764328	grp-a001-02-000000069047580	프로틴간식	nad-a001-02-000000553654559	bsn-a001-00-000000013604308	21	99	529514	M	8	0	0	48	0
20261001	4291318	cmp-a001-02-000000010764328	grp-a001-02-000000069047580	황성주생식	nad-a001-02-000000541753997	bsn-a001-00-000000013604308	21	13	33421	M	1	0	0	1	0
20261001	4291318	cmp-a001-02-000000010764328	grp-a001-02-000000069047580	식사대용브랜드	nad-a001-02-000000553654562	bsn-a001-00-000000013604308	21	02	684925	P	1	0	0	1	0
20261001	4291318	cmp-a001-02-000000010764328	grp-a001-02-000000069047580	사랑하라	nad-a001-02-000000553654558	bsn-a001-00-000000013604308	21	00	248824	P	12	0	0	36	0
20261001	4291318	cmp-a001-02-000000010764328	grp-a001-02-000000069047580	미숫가루맛보충제	nad-a001-02-000000553654562	bsn-a001-00-000000013604308	21	08	8753	M	1	0	0	3	0
20261001	4291318	cmp-a001-02-000000010764328	grp-a001-02-000000069047580	홍화철단백질쉐이크	nad-a001-02-000000553654562	bsn-a001-00-000000013604308	21	18	8753	M	1	0	0	3	0
20261001	4291318	cmp-a001-02-000000010764328	grp-a001-02-000000069047580	칼로리바	nad-a001-02-000000553654559	bsn-a001-00-000000013604308	21	08	8753	M	1	0	0	3	0
20261001	4291318	cmp-a001-02-000000010764328	grp-a001-02-000000069047580	식사대용	nad-a001-02-000000553654562	bsn-a001-00-000000013604308	21	02	27758	P	1	0	0	3	0
20261001	4291318	cmp-a001-02-000000010764328	grp-a001-02-000000069047580	단백질보충제	nad-a001-02-000000553654562	bsn-a001-00-000000013604308	21	03	791888	M	1	0	0	4	0
20261001	4291318	cmp-a001-02-000000010764328	grp-a001-02-000000069047580	프로틴바단백질	nad-a001-02-000000553654554	bsn-a001-00-000000013604308	21	02	98128	M	2	0	0	2	0
20261001	4291318	cmp-a001-02-000000010764328	grp-a001-02-000000069047580	단백질쉐이크	nad-a001-02-000000553654562	bsn-a001-00-000000013604308	21	10	8753	M	2	0	0	10	0
20261001	4291318	cmp-a001-02-000000010764328	grp-a001-02-000000069047580	단백질쉐이크	nad-a001-02-000000553654562	bsn-a001-00-000000013604308	21	13	8753	M	2	0	0	10	0
20261001	4291318	cmp-a001-02-000000010764328	grp-a001-02-000000069047580	젤리	nad-a001-02-000000541753985	bsn-a001-00-000000013604308	21	09	684925	P	3	0	0	3	0
20261001	4291318	cmp-a001-02-000000010764328	grp-a001-02-000000069047580	단백질바GR	nad-a001-02-000000553654554	bsn-a001-00-000000013604308	21	06	8753	M	1	0	0	1	0
20261001	4291318	cmp-a001-02-000000010764328	grp-a001-02-000000069047580	단백질바	nad-a001-02-000000553654558	bsn-a001-00-000000013604308	21	14	33421	M	1	0	0	2	0
20261001	4291318	cmp-a001-02-000000010764328	grp-a001-02-000000069047580	단백질바추천	nad-a001-02-000000553654558	bsn-a001-00-000000013604308	21	09	8753	M	1	0	0	5	0
20261001	4291318	cmp-a001-02-000000010764328	grp-a001-02-000000069047580	단백보충제	nad-a001-02-000000553654562	bsn-a001-00-000000013604308	21	02	33421	M	1	0	0	12	0
20261001	4291318	cmp-a001-02-000000010764328	grp-a001-02-000000069047580	동충화초분말식약처인증	nad-a001-02-000000541754004	bsn-a001-00-000000013604308	21	10	8753	M	1	0	0	2	0
20261001	4291318	cmp-a001-02-000000010764328	grp-a001-02-000000069047580	사랑	nad-a001-02-000000553654554	bsn-a001-00-000000013604308	21	16	137281	M	1	0	0	2	0
20261001	4291318	cmp-a001-02-000000010764328	grp-a001-02-000000069047580	프로틴	nad-a001-02-000000553654562	bsn-a001-00-000000013604308	21	08	768323	M	21	0	0	41	0
20261001	4291318	cmp-a001-02-000000010764328	grp-a001-02-000000069047580	젤리	nad-a001-02-000000541753985	bsn-a001-00-000000013604308	21	09	791889	P	2	0	0	2	0
20261001	4291318	cmp-a001-02-000000010764328	grp-a001-02-000000069047580	쉐이크	nad-a001-02-000000553654562	bsn-a001-00-000000013604308	21	13	98128	M	2	0	0	2	0
20261001	4291318	cmp-a001-02-000000010764328	grp-a001-02-000000069047580	단백질	nad-a001-02-000000553654562	bsn-a001-00-000000013604308	21	02	684927	P	1	0	0	5	0
20261001	4291318	cmp-a001-02-000000010764328	grp-a001-02-000000069047580	단백질보충제	nad-a001-02-000000553654562	bsn-a001-00-000000013604308	21	08	11068	P	1	0	0	5	0
20261001	4291318	cmp-a001-02-000000010764328	grp-a001-02-000000069047580	단백질쉐이크	nad-a001-02-000000553654562	bsn-a001-00-000000013604308	21	18	529514	M	26	0	0	56	0
20261001	4291318	cmp-a001-02-000000010764328	grp-a001-02-000000069047580	황성주생식	nad-a001-02-000000541753997	bsn-a001-00-000000013604308	21	07	8753	M	1	0	0	2	0
20261001	4291318	cmp-a001-02-000000010764328	grp-a001-02-000000069047580	프로틴쉐이크	nad-a001-02-000000553654562	bsn-a001-00-000000013604308	21	02	8753	M	5	0	0	9	0
20261001	4291318	cmp-a001-02-000000010764328	grp-a001-02-000000069047580	젤리	nad-a001-02-000000541753985	bsn-a001-00-000000013604308	21	17	98128	M	2	0	0	2	0
20261001	4291318	cmp-a001-02-000000010764328	grp-a001-02-000000069047580	SHAKE	nad-a001-02-000000553654562	bsn-a001-00-000000013604308	21	02	8753	M	2	0	0	5	0
20261001	4291318	cmp-a001-02-000000010764328	grp-a001-02-000000069047580	식사대용단백질쉐이크다이어트	nad-a001-02-000000553654562	bsn-a001-00-000000013604308	21	07	8753	M	1	0	0	2	0
20261001	4291318	cmp-a001-02-000000010764328	grp-a001-02-000000069047580	단백질간식	nad-a001-02-000000553654559	bsn-a001-00-000000013604308	21	11	8753	M	1	0	0	8	0
20261001	4291318	cmp-a001-02-000000010764328	grp-a001-02-000000069047580	젤리	nad-a001-02-000000541753985	bsn-a001-00-000000013604308	21	07	684925	P	1	0	0	1	0
20261001	4291318	cmp-a001-02-000000010764328	grp-a001-02-000000069047580	환찬영신부가루	nad-a001-02-000000541753997	bsn-a001-00-000000013604308	21	02	8753	M	1	0	0	3	0
20261001	4291318	cmp-a001-02-000000010764328	grp-a001-02-000000069047580	단백질쉐이크만들어판매하고싶은데	nad-a001-02-000000553654562	bsn-a001-00-000000013604308	21	06	8753	M	1	0	0	3	0
20261001	4291318	cmp-a001-02-000000010764328	grp-a001-02-000000069047580	사랑이	nad-a001-02-000000553654558	bsn-a001-00-000000013604308	21	02	529514	M	8	0	0	19	0
20261001	4291318	cmp-a001-02-000000010764328	grp-a001-02-000000069047580	네이버스토어	nad-a001-02-000000541753997	bsn-a001-00-000000013604308	21	06	419964	M	1	0	0	1	0
20261001	4291318	cmp-a001-02-000000010764328	grp-a001-02-000000069047580	SHAKE	nad-a001-02-000000553654562	bsn-a001-00-000000013604308	21	01	684925	P	1	0	0	1	0
20261001	4291318	cmp-a001-02-000000010764328	grp-a001-02-000000069047580	도윤픽단백질바	nad-a001-02-000000553654558	bsn-a001-00-000000013604308	21	09	8753	M	1	0	0	4	0
20261001	4291318	cmp-a001-02-000000010764328	grp-a001-02-000000069047580	단백질파우더	nad-a001-02-000000553654562	bsn-a001-00-000000013604308	21	00	33421	M	1	0	0	2	0
20261001	4291318	cmp-a001-02-000000010764328	grp-a001-02-000000069047580	프로틴단백질바	nad-a001-02-000000553654554	bsn-a001-00-000000013604308	21	99	684926	M	1	0	0	4	0
20261001	4291318	cmp-a001-02-000000010764328	grp-a001-02-000000069047580	프로틴단백질바	nad-a001-02-000000553654558	bsn-a001-00-000000013604308	21	15	8753	M	1	0	0	4	0
20261001	4291318	cmp-a001-02-000000010764328	grp-a001-02-000000069047580	스토어	nad-a001-02-000000541753997	bsn-a001-00-000000013604308	21	18	98128	M	22	0	0	22	0
20261001	4291318	cmp-a001-02-000000010764328	grp-a001-02-000000069047580	프로틴바	nad-a001-02-000000553654558	bsn-a001-00-000000013604308	21	08	529514	M	2	0	0	3	0
20261001	4291318	cmp-a001-02-000000010764328	grp-a001-02-000000069047580	프로틴	nad-a001-02-000000553654562	bsn-a001-00-000000013604308	21	11	529514	M	31	0	0	31	0
20261001	4291318	cmp-a001-02-000000010764328	grp-a001-02-000000069047580	사랑	nad-a001-02-000000553654554	bsn-a001-00-000000013604308	21	09	98128	M	19	0	0	38	0
20261001	4291318	cmp-a001-02-000000010764328	grp-a001-02-000000069047580	단백질보충제하루섭취량	nad-a001-02-000000553654562	bsn-a001-00-000000013604308	21	11	8753	M	2	0	0	6	0
20261001	4291318	cmp-a001-02-000000010764328	grp-a001-02-000000069047580	단백질	nad-a001-02-000000553654562	bsn-a001-00-000000013604308	21	99	529514	M	1	0	0	1	0
20261001	4291318	cmp-a001-02-000000010764328	grp-a001-02-000000069047580	프로틴	nad-a001-02-000000553654562	bsn-a001-00-000000013604308	21	09	768323	M	109	0	0	207	0
20261001	4291318	cmp-a001-02-000000010764328	grp-a001-02-000000069047580	SHAKE	nad-a001-02-000000553654562	bsn-a001-00-000000013604308	21	11	8753	M	1	0	0	2	0
20261001	4291318	cmp-a001-02-000000010764328	grp-a001-02-000000069047580	5001262050013360	nad-a001-02-000000541753997	bsn-a001-00-000000013604308	21	09	33421	M	3	0	0	3	0
20261001	4291318	cmp-a001-02-000000010764328	grp-a001-02-000000069047580	칼로리바	nad-a001-02-000000553654559	bsn-a001-00-000000013604308	21	18	8753	M	2	0	0	6	0
20261001	4291318	cmp-a001-02-000000010764328	grp-a001-02-000000069047580	단백질바	nad-a001-02-000000553654559	bsn-a001-00-000000013604308	21	13	529514	M	11	0	0	69	0
20261001	4291318	cmp-a001-02-000000010764328	grp-a001-02-000000069047580	가루	nad-a001-02-000000541753988	bsn-a001-00-000000013604308	21	09	529514	M	1	0	0	14	0
20261001	4291318	cmp-a001-02-000000010764328	grp-a001-02-000000069047580	젤리	nad-a001-02-000000541753985	bsn-a001-00-000000013604308	21	02	8753	M	15	0	0	41	0
20261001	4291318	cmp-a001-02-000000010764328	grp-a001-02-000000069047580	프로틴	nad-a001-02-000000553654562	bsn-a001-00-000000013604308	21	99	8753	M	2	0	0	5	0
20261001	4291318	cmp-a001-02-000000010764328	grp-a001-02-000000069047580	젤리	nad-a001-02-000000541753985	bsn-a001-00-000000013604308	21	03	8753	M	1	0	0	2	0
20261001	4291318	cmp-a001-02-000000010764328	grp-a001-02-000000069047580	프로틴바	nad-a001-02-000000553654558	bsn-a001-00-000000013604308	21	02	8753	M	1	0	0	7	0
20261001	4291318	cmp-a001-02-000000010764328	grp-a001-02-000000069047580	칼로리바	nad-a001-02-000000553654558	bsn-a001-00-000000013604308	21	18	8753	M	2	0	0	4	0
20261001	4291318	cmp-a001-02-000000010764328	grp-a001-02-000000069047580	프로틴바	nad-a001-02-000000553654554	bsn-a001-00-000000013604308	21	13	98128	M	1	0	0	1	0
20261001	4291318	cmp-a001-02-000000010764328	grp-a001-02-000000069047580	프로틴바	nad-a001-02-000000553654559	bsn-a001-00-000000013604308	21	99	529514	M	16	0	0	71	0
20261001	4291318	cmp-a001-02-000000010764328	grp-a001-02-000000069047580	단백질보충제3일에한번먹으면	nad-a001-02-000000553654562	bsn-a001-00-000000013604308	21	11	8753	M	1	0	0	4	0
20261001	4291318	cmp-a001-02-000000010764328	grp-a001-02-000000069047580	프로틴단백질	nad-a001-02-000000553654562	bsn-a001-00-000000013604308	21	09	8753	M	1	0	0	4	0
20261001	4291318	cmp-a001-02-000000010764328	grp-a001-02-000000069047580	쉐이크추천	nad-a001-02-000000553654562	bsn-a001-00-000000013604308	21	02	8753	M	1	0	0	2	0
20261001	4291318	cmp-a001-02-000000010764328	grp-a001-02-000000069047580	단백질프로틴	nad-a001-02-000000553654562	bsn-a001-00-000000013604308	21	99	529514	M	1	0	0	1	0
20261001	4291318	cmp-a001-02-000000010764328	grp-a001-02-000000069047580	식사대용	nad-a001-02-000000553654562	bsn-a001-00-000000013604308	21	03	684926	M	2	0	0	18	0
20261001	4291318	cmp-a001-02-000000010764328	grp-a001-02-000000069047580	황성주생식	nad-a001-02-000000541753997	bsn-a001-00-000000013604308	21	08	529514	M	3	0	0	3	0
20261001	4291318	cmp-a001-02-000000010764328	grp-a001-02-000000069047580	프로틴단백질	nad-a001-02-000000553654562	bsn-a001-00-000000013604308	21	01	529514	M	2	0	0	2	0
20261001	4291318	cmp-a001-02-000000010764328	grp-a001-02-000000069047580	단백질보충제	nad-a001-02-000000553654562	bsn-a001-00-000000013604308	21	13	529514	M	7	0	0	7	0
20261001	4291318	cmp-a001-02-000000010764328	grp-a001-02-000000069047580	에너지바세트	nad-a001-02-000000553654554	bsn-a001-00-000000013604308	21	03	27758	P	1	0	0	1	0
20261001	4291318	cmp-a001-02-000000010764328	grp-a001-02-000000069047580	단백질	nad-a001-02-000000553654562	bsn-a001-00-000000013604308	21	02	11068	P	1	0	0	2	0
20261001	4291318	cmp-a001-02-000000010764328	grp-a001-02-000000069047580	젤리	nad-a001-02-000000541753985	bsn-a001-00-000000013604308	21	15	684926	M	2	0	0	18	0
20261001	4291318	cmp-a001-02-000000010764328	grp-a001-02-000000069047580	프로틴바GR	nad-a001-02-000000553654558	bsn-a001-00-000000013604308	21	09	8753	M	1	0	0	3	0
20261001	4291318	cmp-a001-02-000000010764328	grp-a001-02-000000069047580	프로틴	nad-a001-02-000000553654562	bsn-a001-00-000000013604308	21	04	529514	M	13	0	0	13	0
20261001	4291318	cmp-a001-02-000000010764328	grp-a001-02-000000069047580	초코에너지바	nad-a001-02-000000553654554	bsn-a001-00-000000013604308	21	09	8753	M	1	0	0	1	0
20261001	4291318	cmp-a001-02-000000010764328	grp-a001-02-000000069047580	도토리가루보관하는방법	nad-a001-02-000000541753997	bsn-a001-00-000000013604308	21	02	8753	M	2	0	0	2	0
20261001	4291318	cmp-a001-02-000000010764328	grp-a001-02-000000069047580	단백질바	nad-a001-02-000000553654558	bsn-a001-00-000000013604308	21	08	8753	M	2	0	0	9	0
20261001	4291318	cmp-a001-02-000000010764328	grp-a001-02-000000069047580	에너지바	nad-a001-02-000000553654554	bsn-a001-00-000000013604308	21	09	27758	P	1	0	0	1	0
20261001	4291318	cmp-a001-02-000000010764328	grp-a001-02-000000069047580	단백질파우더	nad-a001-02-000000553654562	bsn-a001-00-000000013604308	21	13	529514	M	2	0	0	2	0
20261001	4291318	cmp-a001-02-000000010764328	grp-a001-02-000000069047580	다이어트프로틴	nad-a001-02-000000553654562	bsn-a001-00-000000013604308	21	15	8753	M	2	0	0	7	0
20261001	4291318	cmp-a001-02-000000010764328	grp-a001-02-000000069047580	프로틴하루섭취량	nad-a001-02-000000553654562	bsn-a001-00-000000013604308	21	02	8753	M	1	0	0	1	0
20261001	4291318	cmp-a001-02-000000010764328	grp-a001-02-000000069047580	칼로리바	nad-a001-02-000000553654559	bsn-a001-00-000000013604308	21	15	8753	M	1	0	0	3	0
20261001	4291318	cmp-a001-02-000000010764328	grp-a001-02-000000069047580	프로틴바	nad-a001-02-000000553654554	bsn-a001-00-000000013604308	21	13	529514	M	2	0	0	3	0
20261001	4291318	cmp-a001-02-000000010764328	grp-a001-02-000000069047580	CR에너지바	nad-a001-02-000000553654554	bsn-a001-00-000000013604308	21	02	27758	P	1	0	0	1	0
20261001	4291318	cmp-a001-02-000000010764328	grp-a001-02-000000069047580	식사대용	nad-a001-02-000000553654562	bsn-a001-00-000000013604308	21	99	529514	M	5	0	0	12	0
20261001	4291318	cmp-a001-02-000000010764328	grp-a001-02-000000069047580	사탕젤리	nad-a001-02-000000541753985	bsn-a001-00-000000013604308	21	11	87620	M	1	0	0	5	0
20261001	4291318	cmp-a001-02-000000010764328	grp-a001-02-000000069047580	단백질바	nad-a001-02-000000553654554	bsn-a001-00-000000013604308	21	16	33421	M	3	0	0	5	0
20261001	4291318	cmp-a001-02-000000010764328	grp-a001-02-000000069047580	프로틴바	nad-a001-02-000000553654559	bsn-a001-00-000000013604308	21	02	768323	M	1	0	0	3	0
20261001	4291318	cmp-a001-02-000000010764328	grp-a001-02-000000069047580	단백질바	nad-a001-02-000000553654559	bsn-a001-00-000000013604308	21	15	529514	M	4	0	0	12	0
20261001	4291318	cmp-a001-02-000000010764328	grp-a001-02-000000069047580	프로틴	nad-a001-02-000000553654562	bsn-a001-00-000000013604308	21	02	8753	M	16	0	0	66	0
20261001	4291318	cmp-a001-02-000000010764328	grp-a001-02-000000069047580	단백질	nad-a001-02-000000553654562	bsn-a001-00-000000013604308	21	03	684926	M	4	0	0	32	0
20261001	4291318	cmp-a001-02-000000010764328	grp-a001-02-000000069047580	황성주생식	nad-a001-02-000000541753996	bsn-a001-00-000000013604308	21	13	791888	M	1	0	0	3	0
20261001	4291318	cmp-a001-02-000000010764328	grp-a001-02-000000069047580	사랑이	nad-a001-02-000000553654554	bsn-a001-00-000000013604308	21	99	529514	M	4	0	0	10	0
20261001	4291318	cmp-a001-02-000000010764328	grp-a001-02-000000069047580	생식가루	nad-a001-02-000000541753996	bsn-a001-00-000000013604308	21	10	8753	M	1	0	0	3	0
20261001	4291318	cmp-a001-02-000000010764328	grp-a001-02-000000069047580	단백질쉐이크추천	nad-a001-02-000000553654562	bsn-a001-00-000000013604308	21	18	8753	M	1	0	0	5	0
20261001	4291318	cmp-a001-02-000000010764328	grp-a001-02-000000069047580	프로틴	nad-a001-02-000000553654562	bsn-a001-00-000000013604308	21	08	8753	M	2	0	0	6	0
20261001	4291318	cmp-a001-02-000000010764328	grp-a001-02-000000069047580	에너지바	nad-a001-02-000000553654558	bsn-a001-00-000000013604308	21	13	33421	M	1	0	0	2	0
20261001	4291318	cmp-a001-02-000000010764328	grp-a001-02-000000069047580	프로틴추천	nad-a001-02-000000553654562	bsn-a001-00-000000013604308	21	07	8753	M	1	0	0	3	0
20261001	4291318	cmp-a001-02-000000010764328	grp-a001-02-000000069047580	가루	nad-a001-02-000000541754004	bsn-a001-00-000000013604308	21	02	8753	M	1	0	0	2	0
20261001	4291318	cmp-a001-02-000000010764328	grp-a001-02-000000069047580	프로틴바	nad-a001-02-000000553654554	bsn-a001-00-000000013604308	21	15	529514	M	3	0	0	5	0
20261001	4291318	cmp-a001-02-000000010764328	grp-a001-02-000000069047580	단백질바유통기한	nad-a001-02-000000553654554	bsn-a001-00-000000013604308	21	02	8753	M	1	0	0	1	0
20261001	4291318	cmp-a001-02-000000010764328	grp-a001-02-000000069047580	사랑10	nad-a001-02-000000553654554	bsn-a001-00-000000013604308	21	08	248824	P	1	0	0	1	0
20261001	4291318	cmp-a001-02-000000010764328	grp-a001-02-000000069047580	프로틴바	nad-a001-02-000000553654554	bsn-a001-00-000000013604308	21	99	529514	M	16	0	0	20	0
20261001	4291318	cmp-a001-02-000000010764328	grp-a001-02-000000069047580	단백질바	nad-a001-02-000000553654558	bsn-a001-00-000000013604308	21	18	23123	P	1	0	0	4	0
20261001	4291318	cmp-a001-02-000000010764328	grp-a001-02-000000069047580	단백질쉐이크	nad-a001-02-000000553654562	bsn-a001-00-000000013604308	21	01	98128	M	1	0	0	1	0
20261001	4291318	cmp-a001-02-000000010764328	grp-a001-02-000000069047580	단백질보충제	nad-a001-02-000000553654562	bsn-a001-00-000000013604308	21	13	684926	M	2	0	0	18	0
20261001	4291318	cmp-a001-02-000000010764328	grp-a001-02-000000069047580	에너지바	nad-a001-02-000000553654554	bsn-a001-00-000000013604308	21	09	11068	P	1	0	0	1	0
20261001	4291318	cmp-a001-02-000000010764328	grp-a001-02-000000069047580	로또1등도출근합니다단백질바	nad-a001-02-000000553654558	bsn-a001-00-000000013604308	21	04	33421	M	1	0	0	7	0
20261001	4291318	cmp-a001-02-000000010764328	grp-a001-02-000000069047580	단백질프로틴	nad-a001-02-000000553654562	bsn-a001-00-000000013604308	21	09	529514	M	14	0	0	14	0
20261001	4291318	cmp-a001-02-000000010764328	grp-a001-02-000000069047580	단백질쉐이크섭취시간	nad-a001-02-000000553654562	bsn-a001-00-000000013604308	21	09	8753	M	1	0	0	3	0
20261001	4291318	cmp-a001-02-000000010764328	grp-a001-02-000000069047580	단백질쉐이크	nad-a001-02-000000553654562	bsn-a001-00-000000013604308	21	04	33421	M	1	0	0	6	0
20261001	4291318	cmp-a001-02-000000010764328	grp-a001-02-000000069047580	식물성단백질보충제	nad-a001-02-000000553654562	bsn-a001-00-000000013604308	21	13	684926	M	2	0	0	24	0
20261001	4291318	cmp-a001-02-000000010764328	grp-a001-02-000000069047580	프로틴	nad-a001-02-000000553654562	bsn-a001-00-000000013604308	21	07	8753	M	2	0	0	7	0
20261001	4291318	cmp-a001-02-000000010764328	grp-a001-02-000000069047580	식사대용	nad-a001-02-000000553654562	bsn-a001-00-000000013604308	21	02	684926	M	2	0	0	22	0
20261001	4291318	cmp-a001-02-000000010764328	grp-a001-02-000000069047580	프로틴	nad-a001-02-000000553654562	bsn-a001-00-000000013604308	21	02	768323	M	64	0	0	124	0
20261001	4291318	cmp-a001-02-000000010764328	grp-a001-02-000000069047580	황성주생식	nad-a001-02-000000541753988	bsn-a001-00-000000013604308	21	01	633013	M	4	0	0	20	0
20261001	4291318	cmp-a001-02-000000010764328	grp-a001-02-000000069047580	단백질바추천	nad-a001-02-000000553654558	bsn-a001-00-000000013604308	21	02	8753	M	1	0	0	4	0
20261001	4291318	cmp-a001-02-000000010764328	grp-a001-02-000000069047580	영화관간식칼로리	nad-a001-02-000000553654559	bsn-a001-00-000000013604308	21	04	8753	M	1	0	0	3	0
20261001	4291318	cmp-a001-02-000000010764328	grp-a001-02-000000069047580	식품브랜드마케터	nad-a001-02-000000541754005	bsn-a001-00-000000013604308	21	11	8753	M	1	0	0	4	0
20261001	4291318	cmp-a001-02-000000010764328	grp-a001-02-000000069047580	사랑님	nad-a001-02-000000553654558	bsn-a001-00-000000013604308	21	08	529514	M	3	0	0	7	0
20261001	4291318	cmp-a001-02-000000010764328	grp-a001-02-000000069047580	사랑	nad-a001-02-000000553654558	bsn-a001-00-000000013604308	21	02	612593	P	3	0	0	15	0
20261001	4291318	cmp-a001-02-000000010764328	grp-a001-02-000000069047580	프로틴쉐이크	nad-a001-02-000000553654562	bsn-a001-00-000000013604308	21	16	529514	M	2	0	0	2	0
20261001	4291318	cmp-a001-02-000000010764328	grp-a001-02-000000069047580	프로틴	nad-a001-02-000000553654562	bsn-a001-00-000000013604308	21	03	529514	M	58	0	0	58	0
20261001	4291318	cmp-a001-02-000000010764328	grp-a001-02-000000069047580	프로틴	nad-a001-02-000000553654562	bsn-a001-00-000000013604308	21	04	684925	P	1	0	0	1	0
20261001	4291318	cmp-a001-02-000000010764328	grp-a001-02-000000069047580	에너지바종류추천	nad-a001-02-000000553654558	bsn-a001-00-000000013604308	21	03	8753	M	4	0	0	20	0
20261001	4291318	cmp-a001-02-000000010764328	grp-a001-02-000000069047580	틴틴단백질쉐이크	nad-a001-02-000000553654562	bsn-a001-00-000000013604308	21	04	8753	M	1	0	0	4	0
20261001	4291318	cmp-a001-02-000000010764328	grp-a001-02-000000069047580	GR프로틴바	nad-a001-02-000000553654554	bsn-a001-00-000000013604308	21	15	8753	M	1	0	0	1	0
20261001	4291318	cmp-a001-02-000000010764328	grp-a001-02-000000069047580	젤리	nad-a001-02-000000541753985	bsn-a001-00-000000013604308	21	08	137281	M	1	0	0	1	0
20261001	4291318	cmp-a001-02-000000010764328	grp-a001-02-000000069047580	단백질파우더	nad-a001-02-000000553654562	bsn-a001-00-000000013604308	21	13	8753	M	2	0	0	7	0
20261001	4291318	cmp-a001-02-000000010764328	grp-a001-02-000000069047580	다이어트한포쉐이크	nad-a001-02-000000553654562	bsn-a001-00-000000013604308	21	08	8753	M	1	0	0	4	0
20261001	4291318	cmp-a001-02-000000010764328	grp-a001-02-000000069047580	노블푸드생식	nad-a001-02-000000541753997	bsn-a001-00-000000013604308	21	02	8753	M	2	0	0	2	0
20261001	4291318	cmp-a001-02-000000010764328	grp-a001-02-000000069047580	식사대용	nad-a001-02-000000553654562	bsn-a001-00-000000013604308	21	09	529514	M	3	0	0	7	0
20261001	4291318	cmp-a001-02-000000010764328	grp-a001-02-000000069047580	에너지바	nad-a001-02-000000553654554	bsn-a001-00-000000013604308	21	09	791889	P	3	0	0	3	0
20261001	4291318	cmp-a001-02-000000010764328	grp-a001-02-000000069047580	젤리	nad-a001-02-000000541753985	bsn-a001-00-000000013604308	21	02	33421	M	2	0	0	9	0
20261001	4291318	cmp-a001-02-000000010764328	grp-a001-02-000000069047580	초코단백질바	nad-a001-02-000000553654554	bsn-a001-00-000000013604308	21	02	8753	M	1	0	0	1	0
20261001	4291318	cmp-a001-02-000000010764328	grp-a001-02-000000069047580	프로틴쉐이크	nad-a001-02-000000553654562	bsn-a001-00-000000013604308	21	06	529514	M	2	0	0	2	0
20261001	4291318	cmp-a001-02-000000010764328	grp-a001-02-000000069047580	단백질식사대용	nad-a001-02-000000553654562	bsn-a001-00-000000013604308	21	09	27758	P	1	0	0	4	0
20261001	4291318	cmp-a001-02-000000010764328	grp-a001-02-000000069047580	에너지바	nad-a001-02-000000553654554	bsn-a001-00-000000013604308	21	99	529514	M	2	0	0	3	0
20261001	4291318	cmp-a001-02-000000010764328	grp-a001-02-000000069047580	프로틴바	nad-a001-02-000000553654554	bsn-a001-00-000000013604308	21	02	529514	M	22	0	0	29	0
20261001	4291318	cmp-a001-02-000000010764328	grp-a001-02-000000069047580	단백질쉐이크	nad-a001-02-000000553654562	bsn-a001-00-000000013604308	21	09	27758	P	2	0	0	8	0
20261001	4291318	cmp-a001-02-000000010764328	grp-a001-02-000000069047580	사랑하라	nad-a001-02-000000553654554	bsn-a001-00-000000013604308	21	03	98128	M	1	0	0	2	0
20261001	4291318	cmp-a001-02-000000010764328	grp-a001-02-000000069047580	단백질보충제좋은것	nad-a001-02-000000553654562	bsn-a001-00-000000013604308	21	11	8753	M	1	0	0	5	0
20261001	4291318	cmp-a001-02-000000010764328	grp-a001-02-000000069047580	프로틴추천	nad-a001-02-000000553654562	bsn-a001-00-000000013604308	21	09	8753	M	2	0	0	6	0
20261001	4291318	cmp-a001-02-000000010764328	grp-a001-02-000000069047580	사랑이	nad-a001-02-000000553654554	bsn-a001-00-000000013604308	21	09	529514	M	3	0	0	8	0
20261001	4291318	cmp-a001-02-000000010764328	grp-a001-02-000000069047580	단백질부족증상	nad-a001-02-000000553654562	bsn-a001-00-000000013604308	21	04	8753	M	1	0	0	5	0
20261001	4291318	cmp-a001-02-000000010764328	grp-a001-02-000000069047580	다이어트프로틴	nad-a001-02-000000553654562	bsn-a001-00-000000013604308	21	07	8753	M	1	0	0	4	0
20261001	4291318	cmp-a001-02-000000010764328	grp-a001-02-000000069047580	에너지바	nad-a001-02-000000553654554	bsn-a001-00-000000013604308	21	03	8753	M	1	0	0	1	0
20261001	4291318	cmp-a001-02-000000010764328	grp-a001-02-000000069047580	당뇨인먹을수있는에너지바	nad-a001-02-000000553654554	bsn-a001-00-000000013604308	21	02	8753	M	2	0	0	2	0
20261001	4291318	cmp-a001-02-000000010764328	grp-a001-02-000000069047580	에너지바	nad-a001-02-000000553654558	bsn-a001-00-000000013604308	21	09	11068	P	1	0	0	4	0
20261001	4291318	cmp-a001-02-000000010764328	grp-a001-02-000000069047580	에너지바	nad-a001-02-000000553654554	bsn-a001-00-000000013604308	21	10	8753	M	1	0	0	1	0
20261001	4291318	cmp-a001-02-000000010764328	grp-a001-02-000000069047580	GR프로틴바	nad-a001-02-000000553654558	bsn-a001-00-000000013604308	21	11	8753	M	1	0	0	3	0
20261001	4291318	cmp-a001-02-000000010764328	grp-a001-02-000000069047580	단백질	nad-a001-02-000000553654562	bsn-a001-00-000000013604308	21	09	529514	M	26	0	0	26	0
20261001	4291318	cmp-a001-02-000000010764328	grp-a001-02-000000069047580	단백질프로틴	nad-a001-02-000000553654562	bsn-a001-00-000000013604308	21	04	8753	M	1	0	0	2	0
20261001	4291318	cmp-a001-02-000000010764328	grp-a001-02-000000069047580	성인단백질하루섭취량	nad-a001-02-000000553654562	bsn-a001-00-000000013604308	21	16	612594	M	1	0	0	2	0
20261001	4291318	cmp-a001-02-000000010764328	grp-a001-02-000000069047580	보충제	nad-a001-02-000000553654562	bsn-a001-00-000000013604308	21	11	8753	M	1	0	0	2	0
20261001	4291318	cmp-a001-02-000000010764328	grp-a001-02-000000069047580	단백질쉐이크	nad-a001-02-000000553654562	bsn-a001-00-000000013604308	21	09	529514	M	330	0	0	572	0
20261001	4291318	cmp-a001-02-000000010764328	grp-a001-02-000000069047580	에너지바	nad-a001-02-000000553654554	bsn-a001-00-000000013604308	21	09	768323	M	1	0	0	1	0
20261001	4291318	cmp-a001-02-000000010764328	grp-a001-02-000000069047580	프로틴	nad-a001-02-000000553654562	bsn-a001-00-000000013604308	21	99	684926	M	15	0	0	94	0
20261001	4291318	cmp-a001-02-000000010764328	grp-a001-02-000000069047580	단백질쉐이크	nad-a001-02-000000553654562	bsn-a001-00-000000013604308	21	15	33421	M	1	0	0	9	0
20261001	4291318	cmp-a001-02-000000010764328	grp-a001-02-000000069047580	하루단백질섭취량	nad-a001-02-000000553654562	bsn-a001-00-000000013604308	21	03	8753	M	1	0	0	3	0
20261001	4291318	cmp-a001-02-000000010764328	grp-a001-02-000000069047580	단백질쉐이크	nad-a001-02-000000553654562	bsn-a001-00-000000013604308	21	02	33421	M	5	0	0	30	0
20261001	4291318	cmp-a001-02-000000010764328	grp-a001-02-000000069047580	단백질보충제	nad-a001-02-000000553654562	bsn-a001-00-000000013604308	21	16	8753	M	5	0	0	19	0
20261001	4291318	cmp-a001-02-000000010764328	grp-a001-02-000000069047580	젤리	nad-a001-02-000000541753985	bsn-a001-00-000000013604308	21	09	335738	P	2	0	0	6	0
20261001	4291318	cmp-a001-02-000000010764328	grp-a001-02-000000069047580	옥자연단백질바	nad-a001-02-000000553654558	bsn-a001-00-000000013604308	21	04	8753	M	1	0	0	4	0
20261001	4291318	cmp-a001-02-000000010764328	grp-a001-02-000000069047580	사랑	nad-a001-02-000000553654558	bsn-a001-00-000000013604308	21	11	98128	M	4	0	0	12	0
20261001	4291318	cmp-a001-02-000000010764328	grp-a001-02-000000069047580	에너지바종류추천	nad-a001-02-000000553654554	bsn-a001-00-000000013604308	21	03	8753	M	4	0	0	4	0
20261001	4291318	cmp-a001-02-000000010764328	grp-a001-02-000000069047580	초코에너지바추천	nad-a001-02-000000553654554	bsn-a001-00-000000013604308	21	02	8753	M	1	0	0	1	0
20261001	4291318	cmp-a001-02-000000010764328	grp-a001-02-000000069047580	프로틴바	nad-a001-02-000000553654559	bsn-a001-00-000000013604308	21	07	529514	M	11	0	0	33	0
20261001	4291318	cmp-a001-02-000000010764328	grp-a001-02-000000069047580	식물성단백질	nad-a001-02-000000553654562	bsn-a001-00-000000013604308	21	09	8753	M	2	0	0	4	0
20261001	4291318	cmp-a001-02-000000010764328	grp-a001-02-000000069047580	단백질바칼로리	nad-a001-02-000000553654554	bsn-a001-00-000000013604308	21	09	27758	P	1	0	0	2	0
20261001	4291318	cmp-a001-02-000000010764328	grp-a001-02-000000069047580	분리대두단백질	nad-a001-02-000000553654562	bsn-a001-00-000000013604308	21	99	8753	M	1	0	0	3	0
20261001	4291318	cmp-a001-02-000000010764328	grp-a001-02-000000069047580	단백질바	nad-a001-02-000000553654554	bsn-a001-00-000000013604308	21	06	33421	M	1	0	0	1	0
20261001	4291318	cmp-a001-02-000000010764328	grp-a001-02-000000069047580	5001262050013360	nad-a001-02-000000541754004	bsn-a001-00-000000013604308	21	09	33421	M	3	0	0	18	0
20261001	4291318	cmp-a001-02-000000010764328	grp-a001-02-000000069047580	에너지바	nad-a001-02-000000553654558	bsn-a001-00-000000013604308	21	13	529514	M	2	0	0	3	0
20261001	4291318	cmp-a001-02-000000010764328	grp-a001-02-000000069047580	90년대초코과자바	nad-a001-02-000000553654554	bsn-a001-00-000000013604308	21	09	8753	M	1	0	0	1	0
20261001	4291318	cmp-a001-02-000000010764328	grp-a001-02-000000069047580	단백질쉐이크1통기간	nad-a001-02-000000553654562	bsn-a001-00-000000013604308	21	16	8753	M	2	0	0	6	0
20261001	4291318	cmp-a001-02-000000010764328	grp-a001-02-000000069047580	에너지바	nad-a001-02-000000553654558	bsn-a001-00-000000013604308	21	03	8753	M	1	0	0	4	0
20261001	4291318	cmp-a001-02-000000010764328	grp-a001-02-000000069047580	에너지바	nad-a001-02-000000553654559	bsn-a001-00-000000013604308	21	14	33421	M	1	0	0	7	0
20261001	4291318	cmp-a001-02-000000010764328	grp-a001-02-000000069047580	HIGH	nad-a001-02-000000553654562	bsn-a001-00-000000013604308	21	09	98128	M	11	0	0	11	0
20261001	4291318	cmp-a001-02-000000010764328	grp-a001-02-000000069047580	단백질쉐이크	nad-a001-02-000000553654562	bsn-a001-00-000000013604308	21	13	33421	M	1	0	0	7	0
20261001	4291318	cmp-a001-02-000000010764328	grp-a001-02-000000069047580	단백질쉐이크	nad-a001-02-000000553654562	bsn-a001-00-000000013604308	21	16	33421	M	1	0	0	7	0
20261001	4291318	cmp-a001-02-000000010764328	grp-a001-02-000000069047580	황성주생식	nad-a001-02-000000541753997	bsn-a001-00-000000013604308	21	01	633013	M	4	0	0	4	0
20261001	4291318	cmp-a001-02-000000010764328	grp-a001-02-000000069047580	단백질보충제	nad-a001-02-000000553654562	bsn-a001-00-000000013604308	21	07	8753	M	2	0	0	5	0
20261001	4291318	cmp-a001-02-000000010764328	grp-a001-02-000000069047580	도토리가루보관방법	nad-a001-02-000000541754004	bsn-a001-00-000000013604308	21	99	8753	M	1	0	0	2	0
20261001	4291318	cmp-a001-02-000000010764328	grp-a001-02-000000069047580	스토어	nad-a001-02-000000541753997	bsn-a001-00-000000013604308	21	10	98128	M	3	0	0	3	0
20261001	4291318	cmp-a001-02-000000010764328	grp-a001-02-000000069047580	프로틴바	nad-a001-02-000000553654558	bsn-a001-00-000000013604308	21	18	8753	M	2	0	0	10	0
20261001	4291318	cmp-a001-02-000000010764328	grp-a001-02-000000069047580	5001262050013360	nad-a001-02-000000541754005	bsn-a001-00-000000013604308	21	09	33421	M	3	0	0	45	0
20261001	4291318	cmp-a001-02-000000010764328	grp-a001-02-000000069047580	환자식	nad-a001-02-000000541753965	bsn-a001-00-000000013604308	21	02	529514	M	5	0	0	29	0
20261001	4291318	cmp-a001-02-000000010764328	grp-a001-02-000000069047580	프로틴쉐이크	nad-a001-02-000000553654562	bsn-a001-00-000000013604308	21	08	529514	M	16	0	0	16	0
20261001	4291318	cmp-a001-02-000000010764328	grp-a001-02-000000069047580	단백질간식	nad-a001-02-000000553654554	bsn-a001-00-000000013604308	21	03	8753	M	1	0	0	1	0
20261001	4291318	cmp-a001-02-000000010764328	grp-a001-02-000000069047580	하루단백질보충량	nad-a001-02-000000553654562	bsn-a001-00-000000013604308	21	02	8753	M	1	0	0	4	0
20261001	4291318	cmp-a001-02-000000010764328	grp-a001-02-000000069047580	당뇨인에너지바	nad-a001-02-000000553654554	bsn-a001-00-000000013604308	21	02	8753	M	1	0	0	1	0
20261001	4291318	cmp-a001-02-000000010764328	grp-a001-02-000000069047580	에너지바	nad-a001-02-000000553654554	bsn-a001-00-000000013604308	21	09	529514	M	10	0	0	15	0
20261001	4291318	cmp-a001-02-000000010764328	grp-a001-02-000000069047580	에너지바	nad-a001-02-000000553654558	bsn-a001-00-000000013604308	21	06	87620	M	2	0	0	6	0
20261001	4291318	cmp-a001-02-000000010764328	grp-a001-02-000000069047580	프로틴	nad-a001-02-000000553654562	bsn-a001-00-000000013604308	21	15	768323	M	6	0	0	15	0
20261001	4291318	cmp-a001-02-000000010764328	grp-a001-02-000000069047580	제리	nad-a001-02-000000541753985	bsn-a001-00-000000013604308	21	04	8753	M	1	0	0	2	0
20261001	4291318	cmp-a001-02-000000010764328	grp-a001-02-000000069047580	로또1등도출근합니다옥자연단백질바	nad-a001-02-000000553654554	bsn-a001-00-000000013604308	21	15	8753	M	1	0	0	1	0
20261001	4291318	cmp-a001-02-000000010764328	grp-a001-02-000000069047580	황성주생식	nad-a001-02-000000541753988	bsn-a001-00-000000013604308	21	09	612594	M	1	1	683	7	0
20261001	4291318	cmp-a001-02-000000010764328	grp-a001-02-000000069047580	단백질보충제	nad-a001-02-000000553654562	bsn-a001-00-000000013604308	21	02	684926	M	8	0	0	64	0
20261001	4291318	cmp-a001-02-000000010764328	grp-a001-02-000000069047580	단백질바	nad-a001-02-000000553654554	bsn-a001-00-000000013604308	21	01	8753	M	1	0	0	1	0
20261001	4291318	cmp-a001-02-000000010764328	grp-a001-02-000000069047580	단백질식사대용	nad-a001-02-000000553654562	bsn-a001-00-000000013604308	21	09	684925	P	1	0	0	1	0
20261001	4291318	cmp-a001-02-000000010764328	grp-a001-02-000000069047580	최연준단백질쉐이크	nad-a001-02-000000553654562	bsn-a001-00-000000013604308	21	10	8753	M	1	0	0	1	0
20261001	4291318	cmp-a001-02-000000010764328	grp-a001-02-000000069047580	단백질파우더	nad-a001-02-000000553654562	bsn-a001-00-000000013604308	21	02	684926	M	3	0	0	29	0
20261001	4291318	cmp-a001-02-000000010764328	grp-a001-02-000000069047580	젤리	nad-a001-02-000000541753985	bsn-a001-00-000000013604308	21	03	768323	M	2	0	0	2	0
20261001	4291318	cmp-a001-02-000000010764328	grp-a001-02-000000069047580	에너지바	nad-a001-02-000000553654554	bsn-a001-00-000000013604308	21	02	8753	M	5	0	0	5	0
20261001	4291318	cmp-a001-02-000000010764328	grp-a001-02-000000069047580	단백질간식	nad-a001-02-000000553654554	bsn-a001-00-000000013604308	21	02	8753	M	2	0	0	2	0
20261001	4291318	cmp-a001-02-000000010764328	grp-a001-02-000000069047580	사랑님	nad-a001-02-000000553654554	bsn-a001-00-000000013604308	21	02	529514	M	31	0	0	79	0
20261001	4291318	cmp-a001-02-000000010764328	grp-a001-02-000000069047580	쿠스카씽콩과자	nad-a001-02-000000553654554	bsn-a001-00-000000013604308	21	02	8753	M	1	0	0	4	0
20261001	4291318	cmp-a001-02-000000010764328	grp-a001-02-000000069047580	균형영양식	nad-a001-02-000000541753965	bsn-a001-00-000000013604308	21	13	529514	M	4	0	0	8	0
20261001	4291318	cmp-a001-02-000000010764328	grp-a001-02-000000069047580	에너지바	nad-a001-02-000000553654559	bsn-a001-00-000000013604308	21	08	684926	M	4	0	0	32	0
20261001	4291318	cmp-a001-02-000000010764328	grp-a001-02-000000069047580	프로틴바	nad-a001-02-000000553654554	bsn-a001-00-000000013604308	21	16	8753	M	1	0	0	1	0
20261001	4291318	cmp-a001-02-000000010764328	grp-a001-02-000000069047580	젤리	nad-a001-02-000000541753985	bsn-a001-00-000000013604308	21	06	8753	M	1	0	0	2	0
20261001	4291318	cmp-a001-02-000000010764328	grp-a001-02-000000069047580	단백질쉐이크	nad-a001-02-000000553654562	bsn-a001-00-000000013604308	21	99	684926	M	2	0	0	14	0
20261001	4291318	cmp-a001-02-000000010764328	grp-a001-02-000000069047580	단백질쉐이크복통	nad-a001-02-000000553654562	bsn-a001-00-000000013604308	21	11	8753	M	1	0	0	3	0
20261001	4291318	cmp-a001-02-000000010764328	grp-a001-02-000000069047580	젤리	nad-a001-02-000000541753985	bsn-a001-00-000000013604308	21	18	27758	P	1	0	0	4	0
20261001	4291318	cmp-a001-02-000000010764328	grp-a001-02-000000069047580	단백질	nad-a001-02-000000553654562	bsn-a001-00-000000013604308	21	10	8753	M	2	0	0	3	0
20261001	4291318	cmp-a001-02-000000010764328	grp-a001-02-000000069047580	로또1등도출근합니다8화단백질바	nad-a001-02-000000553654554	bsn-a001-00-000000013604308	21	03	8753	M	1	0	0	1	0
20261001	4291318	cmp-a001-02-000000010764328	grp-a001-02-000000069047580	프로틴바추천	nad-a001-02-000000553654559	bsn-a001-00-000000013604308	21	08	8753	M	1	0	0	24	0
20261001	4291318	cmp-a001-02-000000010764328	grp-a001-02-000000069047580	단백질바	nad-a001-02-000000553654558	bsn-a001-00-000000013604308	21	13	8753	M	3	0	0	13	0
20261001	4291318	cmp-a001-02-000000010764328	grp-a001-02-000000069047580	사랑	nad-a001-02-000000553654554	bsn-a001-00-000000013604308	21	16	98128	M	1	0	0	2	0
20261001	4291318	cmp-a001-02-000000010764328	grp-a001-02-000000069047580	프로틴바	nad-a001-02-000000553654554	bsn-a001-00-000000013604308	21	02	8753	M	3	0	0	3	0
20261001	4291318	cmp-a001-02-000000010764328	grp-a001-02-000000069047580	동물성단백질에너지바	nad-a001-02-000000553654554	bsn-a001-00-000000013604308	21	02	8753	M	1	0	0	1	0
20261001	4291318	cmp-a001-02-000000010764328	grp-a001-02-000000069047580	황성주생식	nad-a001-02-000000541754004	bsn-a001-00-000000013604308	21	16	633013	M	1	0	0	2	0
20261001	4291318	cmp-a001-02-000000010764328	grp-a001-02-000000069047580	사랑이	nad-a001-02-000000553654558	bsn-a001-00-000000013604308	21	06	529514	M	2	0	0	5	0
20261001	4291318	cmp-a001-02-000000010764328	grp-a001-02-000000069047580	스토어	nad-a001-02-000000541753997	bsn-a001-00-000000013604308	21	09	248824	P	1	0	0	1	0
20261001	4291318	cmp-a001-02-000000010764328	grp-a001-02-000000069047580	쑤니맘단백질바	nad-a001-02-000000553654558	bsn-a001-00-000000013604308	21	02	8753	M	1	0	0	3	0
20261001	4291318	cmp-a001-02-000000010764328	grp-a001-02-000000069047580	HIGH	nad-a001-02-000000553654562	bsn-a001-00-000000013604308	21	02	98128	M	2	0	0	2	0
20261001	4291318	cmp-a001-02-000000010764328	grp-a001-02-000000069047580	제주크런치스토어	nad-a001-02-000000553654554	bsn-a001-00-000000013604308	21	99	8753	M	1	0	0	1	0
20261001	4291318	cmp-a001-02-000000010764328	grp-a001-02-000000069047580	단백질바	nad-a001-02-000000553654558	bsn-a001-00-000000013604308	21	02	8753	M	6	1	2640	26	0
20261001	4291318	cmp-a001-02-000000010764328	grp-a001-02-000000069047580	식품브랜드마케터	nad-a001-02-000000541753997	bsn-a001-00-000000013604308	21	02	8753	M	1	0	0	1	0
20261001	4291318	cmp-a001-02-000000010764328	grp-a001-02-000000069047580	GR프로틴바	nad-a001-02-000000553654558	bsn-a001-00-000000013604308	21	08	8753	M	2	0	0	9	0
20261001	4291318	cmp-a001-02-000000010764328	grp-a001-02-000000069047580	단백질보충제	nad-a001-02-000000553654562	bsn-a001-00-000000013604308	21	09	791889	P	1	0	0	1	0
20261001	4291318	cmp-a001-02-000000010764328	grp-a001-02-000000069047580	단백질쉐이크성분	nad-a001-02-000000553654562	bsn-a001-00-000000013604308	21	02	8753	M	1	0	0	3	0
20261001	4291318	cmp-a001-02-000000010764328	grp-a001-02-000000069047580	프로틴바단백질	nad-a001-02-000000553654559	bsn-a001-00-000000013604308	21	02	98128	M	1	0	0	3	0
20261001	4291318	cmp-a001-02-000000010764328	grp-a001-02-000000069047580	프로틴	nad-a001-02-000000553654562	bsn-a001-00-000000013604308	21	11	612594	M	1	0	0	1	0
20261001	4291318	cmp-a001-02-000000010764328	grp-a001-02-000000069047580	다이어트쉐이크	nad-a001-02-000000553654562	bsn-a001-00-000000013604308	21	03	768323	M	1	0	0	1	0
20261001	4291318	cmp-a001-02-000000010764328	grp-a001-02-000000069047580	프로틴단백질쉐이크	nad-a001-02-000000553654562	bsn-a001-00-000000013604308	21	11	529514	M	4	0	0	9	0
20261001	4291318	cmp-a001-02-000000010764328	grp-a001-02-000000069047580	대보선식	nad-a001-02-000000541754005	bsn-a001-00-000000013604308	21	08	341898	M	1	0	0	1	0
20261001	4291318	cmp-a001-02-000000010764328	grp-a001-02-000000069047580	단백질쉐이크	nad-a001-02-000000553654562	bsn-a001-00-000000013604308	21	13	529514	M	17	0	0	17	0
20261001	4291318	cmp-a001-02-000000010764328	grp-a001-02-000000069047580	단백질	nad-a001-02-000000553654562	bsn-a001-00-000000013604308	21	16	529514	M	8	0	0	8	0
20261001	4291318	cmp-a001-02-000000010764328	grp-a001-02-000000069047580	단백질쉐이크	nad-a001-02-000000553654562	bsn-a001-00-000000013604308	21	10	98128	M	2	0	0	2	0
20261001	4291318	cmp-a001-02-000000010764328	grp-a001-02-000000069047580	두부밀단백질쉐이크	nad-a001-02-000000553654562	bsn-a001-00-000000013604308	21	09	8753	M	1	0	0	4	0
20261001	4291318	cmp-a001-02-000000010764328	grp-a001-02-000000069047580	식품브랜드마케터	nad-a001-02-000000541753997	bsn-a001-00-000000013604308	21	13	8753	M	1	0	0	1	0
20261001	4291318	cmp-a001-02-000000010764328	grp-a001-02-000000069047580	당뇨인에너지바	nad-a001-02-000000553654558	bsn-a001-00-000000013604308	21	02	8753	M	1	0	0	5	0
20261001	4291318	cmp-a001-02-000000010764328	grp-a001-02-000000069047580	단백질쉐이크핏트	nad-a001-02-000000553654562	bsn-a001-00-000000013604308	21	11	8753	M	1	0	0	1	0
20261001	4291318	cmp-a001-02-000000010764328	grp-a001-02-000000069047580	프로틴바	nad-a001-02-000000553654558	bsn-a001-00-000000013604308	21	16	8753	M	1	0	0	3	0
20261001	4291318	cmp-a001-02-000000010764328	grp-a001-02-000000069047580	다이어트프로틴	nad-a001-02-000000553654562	bsn-a001-00-000000013604308	21	04	8753	M	1	0	0	5	0
20261001	4291318	cmp-a001-02-000000010764328	grp-a001-02-000000069047580	프로틴바	nad-a001-02-000000553654559	bsn-a001-00-000000013604308	21	09	791889	P	1	0	0	3	0
20261001	4291318	cmp-a001-02-000000010764328	grp-a001-02-000000069047580	프로틴바	nad-a001-02-000000553654554	bsn-a001-00-000000013604308	21	07	529514	M	11	0	0	17	0
20261001	4291318	cmp-a001-02-000000010764328	grp-a001-02-000000069047580	에너지바	nad-a001-02-000000553654558	bsn-a001-00-000000013604308	21	14	33421	M	1	0	0	2	0
20261001	4291318	cmp-a001-02-000000010764328	grp-a001-02-000000069047580	GR프로틴바	nad-a001-02-000000553654558	bsn-a001-00-000000013604308	21	06	8753	M	1	0	0	3	0
20261001	4291318	cmp-a001-02-000000010764328	grp-a001-02-000000069047580	단백질보충제	nad-a001-02-000000553654562	bsn-a001-00-000000013604308	21	02	87620	M	1	0	0	2	0
20261001	4291318	cmp-a001-02-000000010764328	grp-a001-02-000000069047580	단백질파우더	nad-a001-02-000000553654562	bsn-a001-00-000000013604308	21	09	529514	M	18	0	0	18	0
20261001	4291318	cmp-a001-02-000000010764328	grp-a001-02-000000069047580	사랑	nad-a001-02-000000553654558	bsn-a001-00-000000013604308	21	07	98128	M	1	0	0	3	0
20261001	4291318	cmp-a001-02-000000010764328	grp-a001-02-000000069047580	칼로리바	nad-a001-02-000000553654554	bsn-a001-00-000000013604308	21	15	684924	M	1	0	0	1	0
20261001	4291318	cmp-a001-02-000000010764328	grp-a001-02-000000069047580	에너지바	nad-a001-02-000000553654559	bsn-a001-00-000000013604308	21	15	684926	M	2	0	0	16	0
20261001	4291318	cmp-a001-02-000000010764328	grp-a001-02-000000069047580	프로틴	nad-a001-02-000000553654562	bsn-a001-00-000000013604308	21	18	529514	M	40	0	0	40	0
20261001	4291318	cmp-a001-02-000000010764328	grp-a001-02-000000069047580	다이어트쉐이크	nad-a001-02-000000553654562	bsn-a001-00-000000013604308	21	02	684926	M	2	0	0	4	0
20261001	4291318	cmp-a001-02-000000010764328	grp-a001-02-000000069047580	에너지바	nad-a001-02-000000553654558	bsn-a001-00-000000013604308	21	04	33421	M	1	0	0	2	0
20261001	4291318	cmp-a001-02-000000010764328	grp-a001-02-000000069047580	에너지바	nad-a001-02-000000553654559	bsn-a001-00-000000013604308	21	09	768323	M	1	0	0	6	0
20261001	4291318	cmp-a001-02-000000010764328	grp-a001-02-000000069047580	프로틴바	nad-a001-02-000000553654558	bsn-a001-00-000000013604308	21	02	27758	P	7	0	0	16	0
20261001	4291318	cmp-a001-02-000000010764328	grp-a001-02-000000069047580	칼로리바	nad-a001-02-000000553654558	bsn-a001-00-000000013604308	21	06	8753	M	1	0	0	2	0
20261001	4291318	cmp-a001-02-000000010764328	grp-a001-02-000000069047580	로또1등도출근합니다단백질바	nad-a001-02-000000553654558	bsn-a001-00-000000013604308	21	02	8753	M	3	0	0	12	0
20261001	4291318	cmp-a001-02-000000010764328	grp-a001-02-000000069047580	단백질보충제	nad-a001-02-000000553654562	bsn-a001-00-000000013604308	21	09	33421	M	2	0	0	12	0
20261001	4291318	cmp-a001-02-000000010764328	grp-a001-02-000000069047580	쉐이크	nad-a001-02-000000553654562	bsn-a001-00-000000013604308	21	02	529514	M	49	0	0	49	0
20261001	4291318	cmp-a001-02-000000010764328	grp-a001-02-000000069047580	프로틴쉐이크	nad-a001-02-000000553654562	bsn-a001-00-000000013604308	21	11	529514	M	12	0	0	12	0
20261001	4291318	cmp-a001-02-000000010764328	grp-a001-02-000000069047580	제리	nad-a001-02-000000541753985	bsn-a001-00-000000013604308	21	09	8753	M	2	0	0	4	0
20261001	4291318	cmp-a001-02-000000010764328	grp-a001-02-000000069047580	쉐이크	nad-a001-02-000000553654562	bsn-a001-00-000000013604308	21	99	98128	M	10	0	0	10	0
20261001	4291318	cmp-a001-02-000000010764328	grp-a001-02-000000069047580	프로틴바	nad-a001-02-000000553654558	bsn-a001-00-000000013604308	21	02	529514	M	22	0	0	37	0
20261001	4291318	cmp-a001-02-000000010764328	grp-a001-02-000000069047580	식물성프로틴	nad-a001-02-000000553654562	bsn-a001-00-000000013604308	21	99	8753	M	1	0	0	2	0
20261001	4291318	cmp-a001-02-000000010764328	grp-a001-02-000000069047580	단백질쉐이크	nad-a001-02-000000553654562	bsn-a001-00-000000013604308	21	09	33421	M	7	0	0	44	0
20261001	4291318	cmp-a001-02-000000010764328	grp-a001-02-000000069047580	식품브랜드마케터	nad-a001-02-000000541753996	bsn-a001-00-000000013604308	21	11	8753	M	1	0	0	3	0
20261001	4291318	cmp-a001-02-000000010764328	grp-a001-02-000000069047580	황성주생식라이프밀	nad-a001-02-000000541753997	bsn-a001-00-000000013604308	21	01	684926	M	2	0	0	4	0
20261001	4291318	cmp-a001-02-000000010764328	grp-a001-02-000000069047580	단백질파우더	nad-a001-02-000000553654562	bsn-a001-00-000000013604308	21	99	529514	M	2	0	0	2	0
20261001	4291318	cmp-a001-02-000000010764328	grp-a001-02-000000069047580	올영초코간식	nad-a001-02-000000553654554	bsn-a001-00-000000013604308	21	08	8753	M	1	0	0	3	0
20261001	4291318	cmp-a001-02-000000010764328	grp-a001-02-000000069047580	단백질쉐이크다이어트방법	nad-a001-02-000000553654562	bsn-a001-00-000000013604308	21	03	8753	M	3	0	0	6	0
20261001	4291318	cmp-a001-02-000000010764328	grp-a001-02-000000069047580	네이버스토어	nad-a001-02-000000541753997	bsn-a001-00-000000013604308	21	04	335738	P	1	0	0	4	0
20261001	4291318	cmp-a001-02-000000010764328	grp-a001-02-000000069047580	프로틴바	nad-a001-02-000000553654558	bsn-a001-00-000000013604308	21	18	248824	P	4	0	0	10	0
20261001	4291318	cmp-a001-02-000000010764328	grp-a001-02-000000069047580	단백질쉐이크	nad-a001-02-000000553654562	bsn-a001-00-000000013604308	21	06	529514	M	21	0	0	21	0
20261001	4291318	cmp-a001-02-000000010764328	grp-a001-02-000000069047580	단백질보충제양	nad-a001-02-000000553654562	bsn-a001-00-000000013604308	21	02	8753	M	1	0	0	3	0
20261001	4291318	cmp-a001-02-000000010764328	grp-a001-02-000000069047580	황성주생식	nad-a001-02-000000541753996	bsn-a001-00-000000013604308	21	16	633013	M	1	0	0	3	0
20261001	4291318	cmp-a001-02-000000010764328	grp-a001-02-000000069047580	에너지바	nad-a001-02-000000553654559	bsn-a001-00-000000013604308	21	02	8753	M	1	0	0	9	0
20261001	4291318	cmp-a001-02-000000010764328	grp-a001-02-000000069047580	프로틴바	nad-a001-02-000000553654559	bsn-a001-00-000000013604308	21	18	248824	P	4	0	0	11	0
20261001	4291318	cmp-a001-02-000000010764328	grp-a001-02-000000069047580	단백질식품1위	nad-a001-02-000000553654562	bsn-a001-00-000000013604308	21	18	612594	M	1	0	0	2	0
20261001	4291318	cmp-a001-02-000000010764328	grp-a001-02-000000069047580	단백질보충제순위	nad-a001-02-000000553654562	bsn-a001-00-000000013604308	21	08	8753	M	2	0	0	6	0
20261001	4291318	cmp-a001-02-000000010764328	grp-a001-02-000000069047580	단백질간식	nad-a001-02-000000553654554	bsn-a001-00-000000013604308	21	09	8753	M	4	0	0	4	0
20261001	4291318	cmp-a001-02-000000010764328	grp-a001-02-000000069047580	프로틴바	nad-a001-02-000000553654558	bsn-a001-00-000000013604308	21	09	791889	P	1	0	0	2	0
20261001	4291318	cmp-a001-02-000000010764328	grp-a001-02-000000069047580	식사대용	nad-a001-02-000000553654562	bsn-a001-00-000000013604308	21	15	684926	M	2	0	0	12	0
20261001	4291318	cmp-a001-02-000000010764328	grp-a001-02-000000069047580	프로틴바	nad-a001-02-000000553654554	bsn-a001-00-000000013604308	21	16	33421	M	3	0	0	7	0
20261001	4291318	cmp-a001-02-000000010764328	grp-a001-02-000000069047580	단백질파우더하루섭취량	nad-a001-02-000000553654562	bsn-a001-00-000000013604308	21	06	8753	M	1	0	0	1	0
20261001	4291318	cmp-a001-02-000000010764328	grp-a001-02-000000069047580	프로틴바	nad-a001-02-000000553654554	bsn-a001-00-000000013604308	21	09	98128	M	4	0	0	4	0
20261001	4291318	cmp-a001-02-000000010764328	grp-a001-02-000000069047580	단백질쉐이크	nad-a001-02-000000553654562	bsn-a001-00-000000013604308	21	03	11068	P	1	0	0	9	0
20261001	4291318	cmp-a001-02-000000010764328	grp-a001-02-000000069047580	프로틴	nad-a001-02-000000553654562	bsn-a001-00-000000013604308	21	07	529514	M	24	0	0	24	0
20261001	4291318	cmp-a001-02-000000010764328	grp-a001-02-000000069047580	젤리	nad-a001-02-000000541753985	bsn-a001-00-000000013604308	21	09	768323	M	14	0	0	14	0
20261001	4291318	cmp-a001-02-000000010764328	grp-a001-02-000000069047580	하루단백질섭취량벌크업	nad-a001-02-000000553654562	bsn-a001-00-000000013604308	21	08	8753	M	1	0	0	2	0
20261001	4291318	cmp-a001-02-000000010764328	grp-a001-02-000000069047580	영양식추천	nad-a001-02-000000541753965	bsn-a001-00-000000013604308	21	99	609155	M	1	0	0	2	0
20261001	4291318	cmp-a001-02-000000010764328	grp-a001-02-000000069047580	단백질바	nad-a001-02-000000553654558	bsn-a001-00-000000013604308	21	03	8753	M	4	0	0	19	0
20261001	4291318	cmp-a001-02-000000010764328	grp-a001-02-000000069047580	프로틴바	nad-a001-02-000000553654558	bsn-a001-00-000000013604308	21	02	98128	M	4	0	0	11	0
20261001	4291318	cmp-a001-02-000000010764328	grp-a001-02-000000069047580	프로루틴단백질바	nad-a001-02-000000553654558	bsn-a001-00-000000013604308	21	02	8753	M	1	0	0	3	0
20261001	4291318	cmp-a001-02-000000010764328	grp-a001-02-000000069047580	단백질보충제	nad-a001-02-000000553654562	bsn-a001-00-000000013604308	21	03	8753	M	4	0	0	10	0
20261001	4291318	cmp-a001-02-000000010764328	grp-a001-02-000000069047580	다이어트쉐이크	nad-a001-02-000000553654562	bsn-a001-00-000000013604308	21	15	529514	M	2	0	0	2	0
20261001	4291318	cmp-a001-02-000000010764328	grp-a001-02-000000069047580	단백질바	nad-a001-02-000000553654554	bsn-a001-00-000000013604308	21	09	8753	M	3	0	0	3	0
20261001	4291318	cmp-a001-02-000000010764328	grp-a001-02-000000069047580	단백질쉐이크	nad-a001-02-000000553654562	bsn-a001-00-000000013604308	21	09	791889	P	2	0	0	6	0
20261001	4291318	cmp-a001-02-000000010764328	grp-a001-02-000000069047580	단백질쉐이크	nad-a001-02-000000553654562	bsn-a001-00-000000013604308	21	08	529514	M	35	0	0	71	0
20261001	4291318	cmp-a001-02-000000010764328	grp-a001-02-000000069047580	에너지바	nad-a001-02-000000553654559	bsn-a001-00-000000013604308	21	99	791888	M	1	0	0	3	0
20261001	4291318	cmp-a001-02-000000010764328	grp-a001-02-000000069047580	가루	nad-a001-02-000000541753997	bsn-a001-00-000000013604308	21	09	529514	M	1	0	0	1	0
20261001	4291318	cmp-a001-02-000000010764328	grp-a001-02-000000069047580	프로틴바	nad-a001-02-000000553654559	bsn-a001-00-000000013604308	21	10	529514	M	2	0	0	6	0
20261001	4291318	cmp-a001-02-000000010764328	grp-a001-02-000000069047580	다이어트프로틴	nad-a001-02-000000553654562	bsn-a001-00-000000013604308	21	02	8753	M	1	0	0	3	0
20261001	4291318	cmp-a001-02-000000010764328	grp-a001-02-000000069047580	식물성단백질	nad-a001-02-000000553654562	bsn-a001-00-000000013604308	21	02	529514	M	2	0	0	2	0
20261001	4291318	cmp-a001-02-000000010764328	grp-a001-02-000000069047580	프로틴바	nad-a001-02-000000553654559	bsn-a001-00-000000013604308	21	08	529514	M	2	0	0	6	0
20261001	4291318	cmp-a001-02-000000010764328	grp-a001-02-000000069047580	GR프로틴바	nad-a001-02-000000553654554	bsn-a001-00-000000013604308	21	18	33421	M	1	0	0	2	0
20261001	4291318	cmp-a001-02-000000010764328	grp-a001-02-000000069047580	단백질보충제	nad-a001-02-000000553654562	bsn-a001-00-000000013604308	21	11	8753	M	3	0	0	11	0
20261001	4291318	cmp-a001-02-000000010764328	grp-a001-02-000000069047580	균형영양식	nad-a001-02-000000541753965	bsn-a001-00-000000013604308	21	18	529514	M	2	0	0	4	0
20261001	4291318	cmp-a001-02-000000010764328	grp-a001-02-000000069047580	프로틴바추천	nad-a001-02-000000553654558	bsn-a001-00-000000013604308	21	08	8753	M	1	0	0	3	0
20261001	4291318	cmp-a001-02-000000010764328	grp-a001-02-000000069047580	젤리	nad-a001-02-000000541753985	bsn-a001-00-000000013604308	21	06	768323	M	4	0	0	4	0
20261001	4291318	cmp-a001-02-000000010764328	grp-a001-02-000000069047580	분말	nad-a001-02-000000541754005	bsn-a001-00-000000013604308	21	02	529514	M	8	0	0	32	0
20261001	4291318	cmp-a001-02-000000010764328	grp-a001-02-000000069047580	프로틴간식	nad-a001-02-000000553654558	bsn-a001-00-000000013604308	21	99	529514	M	8	0	0	24	0
20261001	4291318	cmp-a001-02-000000010764328	grp-a001-02-000000069047580	프로틴바	nad-a001-02-000000553654554	bsn-a001-00-000000013604308	21	09	529514	M	64	0	0	82	0
20261001	4291318	cmp-a001-02-000000010764328	grp-a001-02-000000069047580	프로틴바	nad-a001-02-000000553654558	bsn-a001-00-000000013604308	21	15	529514	M	3	0	0	4	0
20261001	4291318	cmp-a001-02-000000010764328	grp-a001-02-000000069047580	단백질바	nad-a001-02-000000553654559	bsn-a001-00-000000013604308	21	11	529514	M	6	0	0	42	0
20261001	4291318	cmp-a001-02-000000010764328	grp-a001-02-000000069047580	단백질바	nad-a001-02-000000553654554	bsn-a001-00-000000013604308	21	04	8753	M	1	0	0	1	0
20261001	4291318	cmp-a001-02-000000010764328	grp-a001-02-000000069047580	황성주생식	nad-a001-02-000000541753997	bsn-a001-00-000000013604308	21	02	8753	M	7	0	0	17	0
20261001	4291318	cmp-a001-02-000000010764328	grp-a001-02-000000069047580	단백질간식	nad-a001-02-000000553654554	bsn-a001-00-000000013604308	21	06	8753	M	1	0	0	1	0
20261001	4291318	cmp-a001-02-000000010764328	grp-a001-02-000000069047580	단백질바	nad-a001-02-000000553654558	bsn-a001-00-000000013604308	21	09	791889	P	1	0	0	2	0
20261001	4291318	cmp-a001-02-000000010764328	grp-a001-02-000000069047580	단백질바GR	nad-a001-02-000000553654554	bsn-a001-00-000000013604308	21	18	8753	M	1	0	0	1	0
20261001	4291318	cmp-a001-02-000000010764328	grp-a001-02-000000069047580	사랑	nad-a001-02-000000553654558	bsn-a001-00-000000013604308	21	02	98128	M	8	0	0	24	0
20261001	4291318	cmp-a001-02-000000010764328	grp-a001-02-000000069047580	황성주생식	nad-a001-02-000000541753997	bsn-a001-00-000000013604308	21	13	8753	M	1	0	0	3	0
20261001	4291318	cmp-a001-02-000000010764328	grp-a001-02-000000069047580	물타먹는단백질쉐이크	nad-a001-02-000000553654562	bsn-a001-00-000000013604308	21	09	8753	M	1	0	0	4	0
20261001	4291318	cmp-a001-02-000000010764328	grp-a001-02-000000069047580	프로틴쉐이크	nad-a001-02-000000553654562	bsn-a001-00-000000013604308	21	02	684926	M	2	0	0	6	0
20261001	4291318	cmp-a001-02-000000010764328	grp-a001-02-000000069047580	사탕젤리	nad-a001-02-000000541753985	bsn-a001-00-000000013604308	21	11	23123	P	1	0	0	1	0
20261001	4291318	cmp-a001-02-000000010764328	grp-a001-02-000000069047580	단백질바	nad-a001-02-000000553654554	bsn-a001-00-000000013604308	21	11	33421	M	1	0	0	1	0
20261001	4291318	cmp-a001-02-000000010764328	grp-a001-02-000000069047580	RECKA에너지바	nad-a001-02-000000553654554	bsn-a001-00-000000013604308	21	02	8753	M	1	0	0	1	0
20261001	4291318	cmp-a001-02-000000010764328	grp-a001-02-000000069047580	쉐이크	nad-a001-02-000000553654562	bsn-a001-00-000000013604308	21	15	8753	M	3	0	0	10	0
20261001	4291318	cmp-a001-02-000000010764328	grp-a001-02-000000069047580	단백질보충제	nad-a001-02-000000553654562	bsn-a001-00-000000013604308	21	00	8753	M	1	0	0	3	0
20261001	4291318	cmp-a001-02-000000010764328	grp-a001-02-000000069047580	프로틴바	nad-a001-02-000000553654559	bsn-a001-00-000000013604308	21	15	529514	M	3	0	0	9	0
20261001	4291318	cmp-a001-02-000000010764328	grp-a001-02-000000069047580	프로틴바	nad-a001-02-000000553654558	bsn-a001-00-000000013604308	21	03	27758	P	3	0	0	8	0
20261001	4291318	cmp-a001-02-000000010764328	grp-a001-02-000000069047580	젤리	nad-a001-02-000000541753985	bsn-a001-00-000000013604308	21	07	23123	P	3	0	0	3	0
20261001	4291318	cmp-a001-02-000000010764328	grp-a001-02-000000069047580	젤리	nad-a001-02-000000541753985	bsn-a001-00-000000013604308	21	08	8753	M	2	0	0	4	0
20261001	4291318	cmp-a001-02-000000010764328	grp-a001-02-000000069047580	단백질프로틴	nad-a001-02-000000553654562	bsn-a001-00-000000013604308	21	02	529514	M	27	0	0	27	0
20261001	4291318	cmp-a001-02-000000010764328	grp-a001-02-000000069047580	도토리가루보관방법	nad-a001-02-000000541753997	bsn-a001-00-000000013604308	21	99	8753	M	1	0	0	1	0
20261001	4291318	cmp-a001-02-000000010764328	grp-a001-02-000000069047580	제주크런치스토어	nad-a001-02-000000553654558	bsn-a001-00-000000013604308	21	99	8753	M	1	0	0	3	0
20261001	4291318	cmp-a001-02-000000010764328	grp-a001-02-000000069047580	에너지바	nad-a001-02-000000553654559	bsn-a001-00-000000013604308	21	13	529514	M	2	0	0	6	0
20261001	4291318	cmp-a001-02-000000010764328	grp-a001-02-000000069047580	쉐이크	nad-a001-02-000000553654562	bsn-a001-00-000000013604308	21	09	33421	M	1	0	0	4	0
20261001	4291318	cmp-a001-02-000000010764328	grp-a001-02-000000069047580	제리	nad-a001-02-000000541753985	bsn-a001-00-000000013604308	21	11	98128	M	1	0	0	1	0
20261001	4291318	cmp-a001-02-000000010764328	grp-a001-02-000000069047580	프로틴	nad-a001-02-000000553654562	bsn-a001-00-000000013604308	21	99	98128	M	2	0	0	2	0
20261001	4291318	cmp-a001-02-000000010764328	grp-a001-02-000000069047580	황성주생식	nad-a001-02-000000541753996	bsn-a001-00-000000013604308	21	16	8753	M	1	0	0	5	0
20261001	4291318	cmp-a001-02-000000010764328	grp-a001-02-000000069047580	가성비쉐이크추천	nad-a001-02-000000553654562	bsn-a001-00-000000013604308	21	10	8753	M	1	0	0	5	0
20261001	4291318	cmp-a001-02-000000010764328	grp-a001-02-000000069047580	쉐이크	nad-a001-02-000000553654562	bsn-a001-00-000000013604308	21	02	8753	M	1	0	0	5	0
20261001	4291318	cmp-a001-02-000000010764328	grp-a001-02-000000069047580	단백질바	nad-a001-02-000000553654554	bsn-a001-00-000000013604308	21	09	33421	M	3	0	0	5	0
20261001	4291318	cmp-a001-02-000000010764328	grp-a001-02-000000069047580	단백질바	nad-a001-02-000000553654554	bsn-a001-00-000000013604308	21	15	33421	M	1	0	0	1	0
20261001	4291318	cmp-a001-02-000000010764328	grp-a001-02-000000069047580	사랑하라	nad-a001-02-000000553654554	bsn-a001-00-000000013604308	21	00	248824	P	15	0	0	15	0
20261001	4291318	cmp-a001-02-000000010764328	grp-a001-02-000000069047580	프로틴바	nad-a001-02-000000553654558	bsn-a001-00-000000013604308	21	13	98128	M	1	0	0	2	0
20261001	4291318	cmp-a001-02-000000010764328	grp-a001-02-000000069047580	에너지바	nad-a001-02-000000553654554	bsn-a001-00-000000013604308	21	01	8753	M	1	1	1943	1	0
20261001	4291318	cmp-a001-02-000000010764328	grp-a001-02-000000069047580	단백질보충제	nad-a001-02-000000553654562	bsn-a001-00-000000013604308	21	08	8753	M	7	0	0	34	0
20261001	4291318	cmp-a001-02-000000010764328	grp-a001-02-000000069047580	단백질바	nad-a001-02-000000553654554	bsn-a001-00-000000013604308	21	03	8753	M	4	0	0	4	0
20261001	4291318	cmp-a001-02-000000010764328	grp-a001-02-000000069047580	젤리	nad-a001-02-000000541753985	bsn-a001-00-000000013604308	21	13	8753	M	2	0	0	4	0
20261001	4291318	cmp-a001-02-000000010764328	grp-a001-02-000000069047580	스토어	nad-a001-02-000000541753997	bsn-a001-00-000000013604308	21	16	98128	M	14	0	0	14	0
20261001	4291318	cmp-a001-02-000000010764328	grp-a001-02-000000069047580	단백질바	nad-a001-02-000000553654554	bsn-a001-00-000000013604308	21	02	8753	M	13	2	5660	15	0
20261001	4291318	cmp-a001-02-000000010764328	grp-a001-02-000000069047580	사랑님	nad-a001-02-000000553654554	bsn-a001-00-000000013604308	21	09	529514	M	7	0	0	18	0
20261001	4291318	cmp-a001-02-000000010764328	grp-a001-02-000000069047580	프로틴단백질추천	nad-a001-02-000000553654562	bsn-a001-00-000000013604308	21	09	612594	M	1	0	0	2	0
20261001	4291318	cmp-a001-02-000000010764328	grp-a001-02-000000069047580	단백질보충제	nad-a001-02-000000553654562	bsn-a001-00-000000013604308	21	03	33421	M	3	0	0	6	0
20261001	4291318	cmp-a001-02-000000010764328	grp-a001-02-000000069047580	제리	nad-a001-02-000000541753985	bsn-a001-00-000000013604308	21	09	529514	M	1	0	0	1	0
20261001	4291318	cmp-a001-02-000000010764328	grp-a001-02-000000069047580	프로틴간식	nad-a001-02-000000553654554	bsn-a001-00-000000013604308	21	99	529514	M	8	0	0	10	0
20261001	4291318	cmp-a001-02-000000010764328	grp-a001-02-000000069047580	식물성단백질보충제	nad-a001-02-000000553654562	bsn-a001-00-000000013604308	21	99	23123	P	1	0	0	1	0
20261001	4291318	cmp-a001-02-000000010764328	grp-a001-02-000000069047580	단백질바추천	nad-a001-02-000000553654558	bsn-a001-00-000000013604308	21	01	8753	M	1	0	0	5	0
20261001	4291318	cmp-a001-02-000000010764328	grp-a001-02-000000069047580	프로틴순위	nad-a001-02-000000553654562	bsn-a001-00-000000013604308	21	09	8753	M	2	0	0	5	0
20261001	4291318	cmp-a001-02-000000010764328	grp-a001-02-000000069047580	사랑	nad-a001-02-000000553654558	bsn-a001-00-000000013604308	21	01	98128	M	3	0	0	9	0
20261001	4291318	cmp-a001-02-000000010764328	grp-a001-02-000000069047580	노블푸드생식	nad-a001-02-000000541753996	bsn-a001-00-000000013604308	21	02	8753	M	2	0	0	6	0
20261001	4291318	cmp-a001-02-000000010764328	grp-a001-02-000000069047580	분말	nad-a001-02-000000541753996	bsn-a001-00-000000013604308	21	02	529514	M	8	0	0	24	0
20261001	4291318	cmp-a001-02-000000010764328	grp-a001-02-000000069047580	다이어트단백질쉐이크	nad-a001-02-000000553654562	bsn-a001-00-000000013604308	21	02	33421	M	1	0	0	4	0
20261001	4291318	cmp-a001-02-000000010764328	grp-a001-02-000000069047580	단백질쉐이크	nad-a001-02-000000553654562	bsn-a001-00-000000013604308	21	14	8753	M	1	0	0	3	0
20261001	4291318	cmp-a001-02-000000010764328	grp-a001-02-000000069047580	프로틴	nad-a001-02-000000553654562	bsn-a001-00-000000013604308	21	04	8753	M	5	0	0	16	0
20261001	4291318	cmp-a001-02-000000010764328	grp-a001-02-000000069047580	다이어트단백질쉐이크효과	nad-a001-02-000000553654562	bsn-a001-00-000000013604308	21	09	8753	M	1	0	0	5	0
20261001	4291318	cmp-a001-02-000000010764328	grp-a001-02-000000069047580	프로틴	nad-a001-02-000000553654562	bsn-a001-00-000000013604308	21	16	98128	M	2	0	0	2	0
20261001	4291318	cmp-a001-02-000000010764328	grp-a001-02-000000069047580	단백질쉐이크	nad-a001-02-000000553654562	bsn-a001-00-000000013604308	21	01	8753	M	4	0	0	12	0
20261001	4291318	cmp-a001-02-000000010764328	grp-a001-02-000000069047580	단백질	nad-a001-02-000000553654562	bsn-a001-00-000000013604308	21	10	529514	M	45	0	0	45	0
20261001	4291318	cmp-a001-02-000000010764328	grp-a001-02-000000069047580	보충제	nad-a001-02-000000553654562	bsn-a001-00-000000013604308	21	11	529514	M	14	0	0	14	0
20261001	4291318	cmp-a001-02-000000010764328	grp-a001-02-000000069047580	사랑님	nad-a001-02-000000553654554	bsn-a001-00-000000013604308	21	13	529514	M	2	0	0	5	0
20261001	4291318	cmp-a001-02-000000010764328	grp-a001-02-000000069047580	프로틴바	nad-a001-02-000000553654554	bsn-a001-00-000000013604308	21	04	529514	M	2	0	0	3	0
20261001	4291318	cmp-a001-02-000000010764328	grp-a001-02-000000069047580	HIGH	nad-a001-02-000000553654562	bsn-a001-00-000000013604308	21	99	98128	M	6	0	0	6	0
20261001	4291318	cmp-a001-02-000000010764328	grp-a001-02-000000069047580	식사대용	nad-a001-02-000000553654562	bsn-a001-00-000000013604308	21	16	529514	M	11	0	0	27	0
20261001	4291318	cmp-a001-02-000000010764328	grp-a001-02-000000069047580	에너지바	nad-a001-02-000000553654558	bsn-a001-00-000000013604308	21	07	8753	M	2	0	0	4	0
20261001	4291318	cmp-a001-02-000000010764328	grp-a001-02-000000069047580	사랑이	nad-a001-02-000000553654554	bsn-a001-00-000000013604308	21	15	529514	M	1	0	0	3	0
20261001	4291318	cmp-a001-02-000000010764328	grp-a001-02-000000069047580	가루	nad-a001-02-000000541754004	bsn-a001-00-000000013604308	21	99	98128	M	5	0	0	5	0
20261001	4291318	cmp-a001-02-000000010764328	grp-a001-02-000000069047580	프로틴파우더	nad-a001-02-000000553654562	bsn-a001-00-000000013604308	21	02	529514	M	10	0	0	10	0
20261001	4291318	cmp-a001-02-000000010764328	grp-a001-02-000000069047580	단백질파우더	nad-a001-02-000000553654562	bsn-a001-00-000000013604308	21	09	33421	M	1	0	0	3	0
20261001	4291318	cmp-a001-02-000000010764328	grp-a001-02-000000069047580	프로틴바	nad-a001-02-000000553654554	bsn-a001-00-000000013604308	21	18	248824	P	4	0	0	4	0
20261001	4291318	cmp-a001-02-000000010764328	grp-a001-02-000000069047580	젤리	nad-a001-02-000000541753985	bsn-a001-00-000000013604308	21	02	23123	P	2	0	0	2	0
20261001	4291318	cmp-a001-02-000000010764328	grp-a001-02-000000069047580	단백질간식추천	nad-a001-02-000000553654558	bsn-a001-00-000000013604308	21	02	8753	M	1	0	0	4	0
20261001	4291318	cmp-a001-02-000000010764328	grp-a001-02-000000069047580	프로틴하루섭취량	nad-a001-02-000000553654562	bsn-a001-00-000000013604308	21	16	8753	M	1	0	0	2	0
20261001	4291318	cmp-a001-02-000000010764328	grp-a001-02-000000069047580	프로틴바	nad-a001-02-000000553654558	bsn-a001-00-000000013604308	21	99	529514	M	16	0	0	28	0
20261001	4291318	cmp-a001-02-000000010764328	grp-a001-02-000000069047580	프로틴바	nad-a001-02-000000553654554	bsn-a001-00-000000013604308	21	09	27758	P	7	0	0	7	0
20261001	4291318	cmp-a001-02-000000010764328	grp-a001-02-000000069047580	젤리	nad-a001-02-000000541753985	bsn-a001-00-000000013604308	21	11	684926	M	4	0	0	12	0
20261001	4291318	cmp-a001-02-000000010764328	grp-a001-02-000000069047580	프로틴추천	nad-a001-02-000000553654562	bsn-a001-00-000000013604308	21	02	8753	M	1	0	0	5	0
20261001	4291318	cmp-a001-02-000000010764328	grp-a001-02-000000069047580	황성주생식	nad-a001-02-000000541754005	bsn-a001-00-000000013604308	21	01	633013	M	4	0	0	16	0
20261001	4291318	cmp-a001-02-000000010764328	grp-a001-02-000000069047580	단백질간식	nad-a001-02-000000553654558	bsn-a001-00-000000013604308	21	06	8753	M	1	0	0	3	0
20261001	4291318	cmp-a001-02-000000010764328	grp-a001-02-000000069047580	에너지바	nad-a001-02-000000553654558	bsn-a001-00-000000013604308	21	10	33421	M	2	0	0	4	0
20261001	4291318	cmp-a001-02-000000010764328	grp-a001-02-000000069047580	단백질바	nad-a001-02-000000553654559	bsn-a001-00-000000013604308	21	02	529514	M	18	0	0	77	0
20261001	4291318	cmp-a001-02-000000010764328	grp-a001-02-000000069047580	황성주생식라이프밀	nad-a001-02-000000541753997	bsn-a001-00-000000013604308	21	11	8753	M	1	1	6089	1	0
20261001	4291318	cmp-a001-02-000000010764328	grp-a001-02-000000069047580	젤리	nad-a001-02-000000541753985	bsn-a001-00-000000013604308	21	99	8753	M	1	0	0	2	0
20261001	4291318	cmp-a001-02-000000010764328	grp-a001-02-000000069047580	곡물파우더섭취방법	nad-a001-02-000000553654562	bsn-a001-00-000000013604308	21	13	8753	M	1	0	0	1	0
20261001	4291318	cmp-a001-02-000000010764328	grp-a001-02-000000069047580	단백질쉐이크다이어트방법	nad-a001-02-000000553654562	bsn-a001-00-000000013604308	21	00	8753	M	1	0	0	5	0
20261001	4291318	cmp-a001-02-000000010764328	grp-a001-02-000000069047580	초강력단백질쉐이크	nad-a001-02-000000553654562	bsn-a001-00-000000013604308	21	09	8753	M	1	0	0	3	0
20261001	4291318	cmp-a001-02-000000010764328	grp-a001-02-000000069047580	젤리	nad-a001-02-000000541753985	bsn-a001-00-000000013604308	21	02	684926	M	6	0	0	48	0
20261001	4291318	cmp-a001-02-000000010764328	grp-a001-02-000000069047580	황성주생식	nad-a001-02-000000541753988	bsn-a001-00-000000013604308	21	16	633013	M	1	0	0	5	0
20261001	4291318	cmp-a001-02-000000010764328	grp-a001-02-000000069047580	에너지바PPL	nad-a001-02-000000553654554	bsn-a001-00-000000013604308	21	10	8753	M	1	0	0	1	0
20261001	4291318	cmp-a001-02-000000010764328	grp-a001-02-000000069047580	단백질쉐이크	nad-a001-02-000000553654562	bsn-a001-00-000000013604308	21	08	684926	M	2	0	0	24	0
20261001	4291318	cmp-a001-02-000000010764328	grp-a001-02-000000069047580	단백질쉐이크	nad-a001-02-000000553654562	bsn-a001-00-000000013604308	21	02	684926	M	9	0	0	42	0
20261001	4291318	cmp-a001-02-000000010764328	grp-a001-02-000000069047580	젤리	nad-a001-02-000000541753985	bsn-a001-00-000000013604308	21	07	11068	P	1	0	0	2	0
20261001	4291318	cmp-a001-02-000000010764328	grp-a001-02-000000069047580	사랑	nad-a001-02-000000553654554	bsn-a001-00-000000013604308	21	09	137281	M	3	0	0	6	0
20261001	4291318	cmp-a001-02-000000010764328	grp-a001-02-000000069047580	에너지바	nad-a001-02-000000553654554	bsn-a001-00-000000013604308	21	99	791888	M	1	0	0	1	0
20261001	4291318	cmp-a001-02-000000010764328	grp-a001-02-000000069047580	단백질쉐이크	nad-a001-02-000000553654562	bsn-a001-00-000000013604308	21	16	684927	P	2	0	0	14	0
20261001	4291318	cmp-a001-02-000000010764328	grp-a001-02-000000069047580	프로틴	nad-a001-02-000000553654562	bsn-a001-00-000000013604308	21	18	684926	M	2	0	0	18	0
20261001	4291318	cmp-a001-02-000000010764328	grp-a001-02-000000069047580	젤리	nad-a001-02-000000541753985	bsn-a001-00-000000013604308	21	10	768323	M	1	0	0	1	0
20261001	4291318	cmp-a001-02-000000010764328	grp-a001-02-000000069047580	단백질쉐이크	nad-a001-02-000000553654562	bsn-a001-00-000000013604308	21	07	8753	M	5	0	0	21	0
20261001	4291318	cmp-a001-02-000000010764328	grp-a001-02-000000069047580	사랑	nad-a001-02-000000553654558	bsn-a001-00-000000013604308	21	10	98128	M	1	0	0	3	0
20261001	4291318	cmp-a001-02-000000010764328	grp-a001-02-000000069047580	젤리	nad-a001-02-000000541753985	bsn-a001-00-000000013604308	21	07	768323	M	1	0	0	1	0
20261001	4291318	cmp-a001-02-000000010764328	grp-a001-02-000000069047580	프로틴바추천	nad-a001-02-000000553654554	bsn-a001-00-000000013604308	21	08	341893	M	1	0	0	1	0
20261001	4291318	cmp-a001-02-000000010764328	grp-a001-02-000000069047580	단백질보충제	nad-a001-02-000000553654562	bsn-a001-00-000000013604308	21	08	791889	P	1	0	0	1	0
20261001	4291318	cmp-a001-02-000000010764328	grp-a001-02-000000069047580	단백질섭취량	nad-a001-02-000000553654562	bsn-a001-00-000000013604308	21	99	8753	M	1	0	0	2	0
20261001	4291318	cmp-a001-02-000000010764328	grp-a001-02-000000069047580	사랑	nad-a001-02-000000553654554	bsn-a001-00-000000013604308	21	02	98128	M	8	0	0	16	0
20261001	4291318	cmp-a001-02-000000010764328	grp-a001-02-000000069047580	쉐이크	nad-a001-02-000000553654562	bsn-a001-00-000000013604308	21	10	529514	M	4	0	0	4	0
20261001	4291318	cmp-a001-02-000000010764328	grp-a001-02-000000069047580	단백질간식	nad-a001-02-000000553654558	bsn-a001-00-000000013604308	21	02	684926	M	2	0	0	4	0
20261001	4291318	cmp-a001-02-000000010764328	grp-a001-02-000000069047580	당뇨인먹을수있는에너지바	nad-a001-02-000000553654558	bsn-a001-00-000000013604308	21	02	8753	M	2	0	0	8	0
20261001	4291318	cmp-a001-02-000000010764328	grp-a001-02-000000069047580	단백질바	nad-a001-02-000000553654558	bsn-a001-00-000000013604308	21	13	529514	M	11	0	0	22	0
20261001	4291318	cmp-a001-02-000000010764328	grp-a001-02-000000069047580	사랑	nad-a001-02-000000553654554	bsn-a001-00-000000013604308	21	10	98128	M	1	0	0	2	0
20261001	4291318	cmp-a001-02-000000010764328	grp-a001-02-000000069047580	단백질	nad-a001-02-000000553654562	bsn-a001-00-000000013604308	21	99	8753	M	1	0	0	3	0
20261001	4291318	cmp-a001-02-000000010764328	grp-a001-02-000000069047580	프로틴	nad-a001-02-000000553654562	bsn-a001-00-000000013604308	21	14	8753	M	3	0	0	12	0
20261001	4291318	cmp-a001-02-000000010764328	grp-a001-02-000000069047580	식사대용	nad-a001-02-000000553654562	bsn-a001-00-000000013604308	21	11	8753	M	2	0	0	8	0
20261001	4291318	cmp-a001-02-000000010764328	grp-a001-02-000000069047580	단백질쉐이크	nad-a001-02-000000553654562	bsn-a001-00-000000013604308	21	01	529514	M	18	0	0	62	0
20261001	4291318	cmp-a001-02-000000010764328	grp-a001-02-000000069047580	단백질쉐이크	nad-a001-02-000000553654562	bsn-a001-00-000000013604308	21	06	8753	M	6	0	0	30	0
20261001	4291318	cmp-a001-02-000000010764328	grp-a001-02-000000069047580	8개	nad-a001-02-000000553654554	bsn-a001-00-000000013604308	21	02	335738	P	1	0	0	9	0
20261001	4291318	cmp-a001-02-000000010764328	grp-a001-02-000000069047580	단백질쉐이크	nad-a001-02-000000553654562	bsn-a001-00-000000013604308	21	04	529514	M	22	0	0	22	0
20261001	4291318	cmp-a001-02-000000010764328	grp-a001-02-000000069047580	식물성단백질종류	nad-a001-02-000000553654562	bsn-a001-00-000000013604308	21	09	8753	M	1	0	0	1	0
20261001	4291318	cmp-a001-02-000000010764328	grp-a001-02-000000069047580	REKIND단백질바	nad-a001-02-000000553654558	bsn-a001-00-000000013604308	21	02	8753	M	1	0	0	4	0
20261001	4291318	cmp-a001-02-000000010764328	grp-a001-02-000000069047580	단백질	nad-a001-02-000000553654562	bsn-a001-00-000000013604308	21	02	529514	M	18	0	0	18	0
20261001	4291318	cmp-a001-02-000000010764328	grp-a001-02-000000069047580	칼로리바	nad-a001-02-000000553654558	bsn-a001-00-000000013604308	21	08	8753	M	1	0	0	2	0
20261001	4291318	cmp-a001-02-000000010764328	grp-a001-02-000000069047580	로또1등도출근공은태가먹는에너지바	nad-a001-02-000000553654558	bsn-a001-00-000000013604308	21	09	8753	M	1	0	0	4	0
20261001	4291318	cmp-a001-02-000000010764328	grp-a001-02-000000069047580	에너지바	nad-a001-02-000000553654554	bsn-a001-00-000000013604308	21	09	8753	M	1	0	0	3	0
20261001	4291318	cmp-a001-02-000000010764328	grp-a001-02-000000069047580	단백질	nad-a001-02-000000553654562	bsn-a001-00-000000013604308	21	03	529514	M	8	0	0	8	0
20261001	4291318	cmp-a001-02-000000010764328	grp-a001-02-000000069047580	생식가루	nad-a001-02-000000541753997	bsn-a001-00-000000013604308	21	09	8753	M	1	0	0	1	0
20261001	4291318	cmp-a001-02-000000010764328	grp-a001-02-000000069047580	젤리	nad-a001-02-000000541753985	bsn-a001-00-000000013604308	21	99	768323	M	5	0	0	5	0
20261001	4291318	cmp-a001-02-000000010764328	grp-a001-02-000000069047580	젤리	nad-a001-02-000000541753985	bsn-a001-00-000000013604308	21	18	768323	M	1	0	0	1	0
20261001	4291318	cmp-a001-02-000000010764328	grp-a001-02-000000069047580	식사대용으로먹을민한거?	nad-a001-02-000000541753996	bsn-a001-00-000000013604308	21	09	8753	M	1	0	0	5	0
20261001	4291318	cmp-a001-02-000000010764328	grp-a001-02-000000069047580	프로틴	nad-a001-02-000000553654562	bsn-a001-00-000000013604308	21	09	8753	M	8	0	0	28	0
20261001	4291318	cmp-a001-02-000000010764328	grp-a001-02-000000069047580	초코에너지바	nad-a001-02-000000553654559	bsn-a001-00-000000013604308	21	09	8753	M	1	0	0	3	0
20261001	4291318	cmp-a001-02-000000010764328	grp-a001-02-000000069047580	식사대용비교	nad-a001-02-000000553654562	bsn-a001-00-000000013604308	21	15	8753	M	1	0	0	1	0
20261001	4291318	cmp-a001-02-000000010764328	grp-a001-02-000000069047580	하루단백질섭취량	nad-a001-02-000000553654562	bsn-a001-00-000000013604308	21	06	8753	M	1	0	0	2	0
20261001	4291318	cmp-a001-02-000000010764328	grp-a001-02-000000069047580	단백질파우더	nad-a001-02-000000553654562	bsn-a001-00-000000013604308	21	03	11068	P	1	0	0	10	0
20261001	4291318	cmp-a001-02-000000010764328	grp-a001-02-000000069047580	프로틴쉐이크	nad-a001-02-000000553654562	bsn-a001-00-000000013604308	21	99	8753	M	1	0	0	2	0
20261001	4291318	cmp-a001-02-000000010764328	grp-a001-02-000000069047580	에너지바	nad-a001-02-000000553654558	bsn-a001-00-000000013604308	21	02	8753	M	5	0	0	16	0
20261001	4291318	cmp-a001-02-000000010764328	grp-a001-02-000000069047580	프로틴	nad-a001-02-000000553654562	bsn-a001-00-000000013604308	21	18	768323	M	14	0	0	28	0
20261001	4291318	cmp-a001-02-000000010764328	grp-a001-02-000000069047580	곡물쉐이크	nad-a001-02-000000553654562	bsn-a001-00-000000013604308	21	09	8753	M	1	0	0	1	0
20261001	4291318	cmp-a001-02-000000010764328	grp-a001-02-000000069047580	황성주생식	nad-a001-02-000000541753996	bsn-a001-00-000000013604308	21	02	8753	M	1	0	0	6	0
20261001	4291318	cmp-a001-02-000000010764328	grp-a001-02-000000069047580	젤리	nad-a001-02-000000541753985	bsn-a001-00-000000013604308	21	08	33421	M	2	0	0	2	0
20261001	4291318	cmp-a001-02-000000010764328	grp-a001-02-000000069047580	프로틴	nad-a001-02-000000553654562	bsn-a001-00-000000013604308	21	99	529514	M	142	0	0	142	0
20261001	4291318	cmp-a001-02-000000010764328	grp-a001-02-000000069047580	1등도출근에너지바	nad-a001-02-000000553654554	bsn-a001-00-000000013604308	21	02	27758	P	1	0	0	2	0
20261001	4291318	cmp-a001-02-000000010764328	grp-a001-02-000000069047580	단백질보충제	nad-a001-02-000000553654562	bsn-a001-00-000000013604308	21	02	23123	P	1	0	0	1	0
20261001	4291318	cmp-a001-02-000000010764328	grp-a001-02-000000069047580	젤리	nad-a001-02-000000541753985	bsn-a001-00-000000013604308	21	04	98128	M	28	0	0	28	0
20261001	4291318	cmp-a001-02-000000010764328	grp-a001-02-000000069047580	NATURVALLY푸로틴바	nad-a001-02-000000553654558	bsn-a001-00-000000013604308	21	99	8753	M	1	0	0	5	0
20261001	4291318	cmp-a001-02-000000010764328	grp-a001-02-000000069047580	식품간식	nad-a001-02-000000553654554	bsn-a001-00-000000013604308	21	18	98128	M	2	0	0	2	0
20261001	4291318	cmp-a001-02-000000010764328	grp-a001-02-000000069047580	사랑이	nad-a001-02-000000553654558	bsn-a001-00-000000013604308	21	18	529514	M	3	0	0	7	0
20261001	4291318	cmp-a001-02-000000010764328	grp-a001-02-000000069047580	단백질바	nad-a001-02-000000553654554	bsn-a001-00-000000013604308	21	11	8753	M	1	0	0	1	0
20261001	4291318	cmp-a001-02-000000010764328	grp-a001-02-000000069047580	단백질	nad-a001-02-000000553654562	bsn-a001-00-000000013604308	21	15	684925	P	1	0	0	1	0
20261001	4291318	cmp-a001-02-000000010764328	grp-a001-02-000000069047580	사랑	nad-a001-02-000000553654558	bsn-a001-00-000000013604308	21	08	98128	M	5	0	0	15	0
20261001	4291318	cmp-a001-02-000000010764328	grp-a001-02-000000069047580	단백질쉐이크	nad-a001-02-000000553654562	bsn-a001-00-000000013604308	21	06	33421	M	5	0	0	44	0
20261001	4291318	cmp-a001-02-000000010764328	grp-a001-02-000000069047580	단백질	nad-a001-02-000000553654562	bsn-a001-00-000000013604308	21	02	27758	P	2	0	0	4	0
20261001	4291318	cmp-a001-02-000000010764328	grp-a001-02-000000069047580	젤리	nad-a001-02-000000541753985	bsn-a001-00-000000013604308	21	13	33421	M	1	0	0	3	0
20261001	4291318	cmp-a001-02-000000010764328	grp-a001-02-000000069047580	단백질바GR	nad-a001-02-000000553654558	bsn-a001-00-000000013604308	21	03	8753	M	1	0	0	2	0
20261001	4291318	cmp-a001-02-000000010764328	grp-a001-02-000000069047580	돼지감자분말보관방법	nad-a001-02-000000541754004	bsn-a001-00-000000013604308	21	14	8753	M	1	0	0	2	0
20261001	4291318	cmp-a001-02-000000010764328	grp-a001-02-000000069047580	단백질바	nad-a001-02-000000553654559	bsn-a001-00-000000013604308	21	09	791889	P	1	0	0	3	0
20261001	4291318	cmp-a001-02-000000010764328	grp-a001-02-000000069047580	다이어트프로틴	nad-a001-02-000000553654562	bsn-a001-00-000000013604308	21	10	8753	M	1	0	0	3	0
20261001	4291318	cmp-a001-02-000000010764328	grp-a001-02-000000069047580	단백질쉐이크	nad-a001-02-000000553654562	bsn-a001-00-000000013604308	21	13	98128	M	2	0	0	2	0
20261001	4291318	cmp-a001-02-000000010764328	grp-a001-02-000000069047580	SHAKE	nad-a001-02-000000553654562	bsn-a001-00-000000013604308	21	15	8753	M	1	0	0	4	0
20261001	4291318	cmp-a001-02-000000010764328	grp-a001-02-000000069047580	젤리	nad-a001-02-000000541753985	bsn-a001-00-000000013604308	21	18	529514	M	10	0	0	10	0
20261001	4291318	cmp-a001-02-000000010764328	grp-a001-02-000000069047580	사랑은	nad-a001-02-000000553654558	bsn-a001-00-000000013604308	21	09	98128	M	1	0	0	5	0
20261001	4291318	cmp-a001-02-000000010764328	grp-a001-02-000000069047580	칼로리바	nad-a001-02-000000553654559	bsn-a001-00-000000013604308	21	09	8753	M	2	0	0	6	0
20261001	4291318	cmp-a001-02-000000010764328	grp-a001-02-000000069047580	프로틴	nad-a001-02-000000553654562	bsn-a001-00-000000013604308	21	15	8753	M	5	0	0	17	0
20261001	4291318	cmp-a001-02-000000010764328	grp-a001-02-000000069047580	프로틴	nad-a001-02-000000553654562	bsn-a001-00-000000013604308	21	09	98128	M	8	0	0	8	0
20261001	4291318	cmp-a001-02-000000010764328	grp-a001-02-000000069047580	식품브랜드마케터	nad-a001-02-000000541754004	bsn-a001-00-000000013604308	21	18	8753	M	1	0	0	2	0
20261001	4291318	cmp-a001-02-000000010764328	grp-a001-02-000000069047580	젤리	nad-a001-02-000000541753985	bsn-a001-00-000000013604308	21	18	684925	P	1	0	0	1	0
20261001	4291318	cmp-a001-02-000000010764328	grp-a001-02-000000069047580	식물성단백질	nad-a001-02-000000553654562	bsn-a001-00-000000013604308	21	09	529514	M	2	0	0	2	0
20261001	4291318	cmp-a001-02-000000010764328	grp-a001-02-000000069047580	사랑님	nad-a001-02-000000553654558	bsn-a001-00-000000013604308	21	02	529514	M	31	0	0	76	0
20261001	4291318	cmp-a001-02-000000010764328	grp-a001-02-000000069047580	단백질보충제	nad-a001-02-000000553654562	bsn-a001-00-000000013604308	21	99	684926	M	4	0	0	24	0
20261001	4291318	cmp-a001-02-000000010764328	grp-a001-02-000000069047580	단백질보충제	nad-a001-02-000000553654562	bsn-a001-00-000000013604308	21	04	27758	P	1	0	0	2	0
20261001	4291318	cmp-a001-02-000000010764328	grp-a001-02-000000069047580	에너지바	nad-a001-02-000000553654558	bsn-a001-00-000000013604308	21	99	791888	M	1	0	0	2	0
20261001	4291318	cmp-a001-02-000000010764328	grp-a001-02-000000069047580	단백질쉐이크	nad-a001-02-000000553654562	bsn-a001-00-000000013604308	21	07	529514	M	14	0	0	28	0
20261001	4291318	cmp-a001-02-000000010764328	grp-a001-02-000000069047580	에너지바	nad-a001-02-000000553654559	bsn-a001-00-000000013604308	21	09	791888	M	2	0	0	6	0
20261001	4291318	cmp-a001-02-000000010764328	grp-a001-02-000000069047580	칼로리바	nad-a001-02-000000553654558	bsn-a001-00-000000013604308	21	02	8753	M	1	0	0	2	0
20261001	4291318	cmp-a001-02-000000010764328	grp-a001-02-000000069047580	물타먹는단백질쉐이크	nad-a001-02-000000553654562	bsn-a001-00-000000013604308	21	02	8753	M	1	0	0	1	0
20261001	4291318	cmp-a001-02-000000010764328	grp-a001-02-000000069047580	프로틴	nad-a001-02-000000553654562	bsn-a001-00-000000013604308	21	10	768323	M	4	0	0	7	0
20261001	4291318	cmp-a001-02-000000010764328	grp-a001-02-000000069047580	단백질바	nad-a001-02-000000553654558	bsn-a001-00-000000013604308	21	07	8753	M	1	0	0	4	0
20261001	4291318	cmp-a001-02-000000010764328	grp-a001-02-000000069047580	단백질바	nad-a001-02-000000553654554	bsn-a001-00-000000013604308	21	09	791889	P	1	0	0	1	0
20261001	4291318	cmp-a001-02-000000010764328	grp-a001-02-000000069047580	프로틴	nad-a001-02-000000553654562	bsn-a001-00-000000013604308	21	13	8753	M	2	0	0	8	0
20261001	4291318	cmp-a001-02-000000010764328	grp-a001-02-000000069047580	로또1등도출근합니다8화단백질바	nad-a001-02-000000553654558	bsn-a001-00-000000013604308	21	03	8753	M	1	0	0	4	0
20261001	4291318	cmp-a001-02-000000010764328	grp-a001-02-000000069047580	제리	nad-a001-02-000000541753985	bsn-a001-00-000000013604308	21	15	8753	M	1	0	0	2	0
20261001	4291318	cmp-a001-02-000000010764328	grp-a001-02-000000069047580	오리오과자긴거	nad-a001-02-000000553654554	bsn-a001-00-000000013604308	21	11	8753	M	1	0	0	4	0
20261001	4291318	cmp-a001-02-000000010764328	grp-a001-02-000000069047580	젤리	nad-a001-02-000000541753985	bsn-a001-00-000000013604308	21	04	768323	M	3	0	0	3	0
20261001	4291318	cmp-a001-02-000000010764328	grp-a001-02-000000069047580	단백질쉐이크	nad-a001-02-000000553654562	bsn-a001-00-000000013604308	21	09	23123	P	1	0	0	1	0
20261001	4291318	cmp-a001-02-000000010764328	grp-a001-02-000000069047580	제리	nad-a001-02-000000541753985	bsn-a001-00-000000013604308	21	18	8753	M	2	0	0	7	0
20261001	4291318	cmp-a001-02-000000010764328	grp-a001-02-000000069047580	단백질바	nad-a001-02-000000553654554	bsn-a001-00-000000013604308	21	13	8753	M	3	0	0	3	0
20261001	4291318	cmp-a001-02-000000010764328	grp-a001-02-000000069047580	제리	nad-a001-02-000000541753985	bsn-a001-00-000000013604308	21	09	98128	M	3	0	0	3	0
20261001	4291318	cmp-a001-02-000000010764328	grp-a001-02-000000069047580	에너지바	nad-a001-02-000000553654558	bsn-a001-00-000000013604308	21	00	27758	P	1	0	0	2	0
20261001	4291318	cmp-a001-02-000000010764328	grp-a001-02-000000069047580	프로틴바	nad-a001-02-000000553654554	bsn-a001-00-000000013604308	21	08	8753	M	2	0	0	3	0
20261001	4291318	cmp-a001-02-000000010764328	grp-a001-02-000000069047580	프로틴바	nad-a001-02-000000553654558	bsn-a001-00-000000013604308	21	09	33421	M	1	0	0	4	0
20261001	4291318	cmp-a001-02-000000010764328	grp-a001-02-000000069047580	프로틴추천	nad-a001-02-000000553654562	bsn-a001-00-000000013604308	21	99	27758	P	1	0	0	3	0
20261001	4291318	cmp-a001-02-000000010764328	grp-a001-02-000000069047580	프로틴쉐이크	nad-a001-02-000000553654562	bsn-a001-00-000000013604308	21	18	529514	M	16	0	0	16	0
20261001	4291318	cmp-a001-02-000000010764328	grp-a001-02-000000069047580	프로틴바	nad-a001-02-000000553654558	bsn-a001-00-000000013604308	21	09	98128	M	3	0	0	7	0
20261001	4291318	cmp-a001-02-000000010764328	grp-a001-02-000000069047580	칼로리바	nad-a001-02-000000553654558	bsn-a001-00-000000013604308	21	09	529514	M	1	0	0	2	0
20261001	4291318	cmp-a001-02-000000010764328	grp-a001-02-000000069047580	프로틴	nad-a001-02-000000553654562	bsn-a001-00-000000013604308	21	09	684926	M	7	0	0	51	0
20261001	4291318	cmp-a001-02-000000010764328	grp-a001-02-000000069047580	쉐이크다이어트	nad-a001-02-000000553654562	bsn-a001-00-000000013604308	21	02	8753	M	1	0	0	5	0
20261001	4291318	cmp-a001-02-000000010764328	grp-a001-02-000000069047580	에너지바	nad-a001-02-000000553654558	bsn-a001-00-000000013604308	21	02	87620	M	1	0	0	3	0
20261001	4291318	cmp-a001-02-000000010764328	grp-a001-02-000000069047580	식물성단백질쉐이크	nad-a001-02-000000553654562	bsn-a001-00-000000013604308	21	03	684926	M	2	0	0	18	0
20261001	4291318	cmp-a001-02-000000010764328	grp-a001-02-000000069047580	ISP단백질	nad-a001-02-000000553654562	bsn-a001-00-000000013604308	21	02	8753	M	1	0	0	4	0
20261001	4291318	cmp-a001-02-000000010764328	grp-a001-02-000000069047580	단백질바	nad-a001-02-000000553654559	bsn-a001-00-000000013604308	21	00	612593	P	1	0	0	3	0
20261001	4291318	cmp-a001-02-000000010764328	grp-a001-02-000000069047580	사랑	nad-a001-02-000000553654554	bsn-a001-00-000000013604308	21	01	98128	M	3	0	0	6	0
20261001	4291318	cmp-a001-02-000000010764328	grp-a001-02-000000069047580	단백질쉐이크	nad-a001-02-000000553654562	bsn-a001-00-000000013604308	21	11	11068	P	2	0	0	20	0
20261001	4291318	cmp-a001-02-000000010764328	grp-a001-02-000000069047580	제리	nad-a001-02-000000541753985	bsn-a001-00-000000013604308	21	06	8753	M	1	0	0	4	0
20261001	4291318	cmp-a001-02-000000010764328	grp-a001-02-000000069047580	에너지바	nad-a001-02-000000553654554	bsn-a001-00-000000013604308	21	13	33421	M	1	0	0	1	0
20261001	4291318	cmp-a001-02-000000010764328	grp-a001-02-000000069047580	식품브랜드마케터	nad-a001-02-000000541753996	bsn-a001-00-000000013604308	21	13	8753	M	1	0	0	3	0
20261001	4291318	cmp-a001-02-000000010764328	grp-a001-02-000000069047580	가루	nad-a001-02-000000541753996	bsn-a001-00-000000013604308	21	02	8753	M	1	0	0	6	0
20261001	4291318	cmp-a001-02-000000010764328	grp-a001-02-000000069047580	에너지바	nad-a001-02-000000553654558	bsn-a001-00-000000013604308	21	14	791888	M	1	0	0	2	0
20261001	4291318	cmp-a001-02-000000010764328	grp-a001-02-000000069047580	단백질쉐이크	nad-a001-02-000000553654562	bsn-a001-00-000000013604308	21	15	529514	M	23	0	0	34	0
20261001	4291318	cmp-a001-02-000000010764328	grp-a001-02-000000069047580	단백질	nad-a001-02-000000553654562	bsn-a001-00-000000013604308	21	02	684926	M	2	0	0	22	0
20261001	4291318	cmp-a001-02-000000010764328	grp-a001-02-000000069047580	생식가루	nad-a001-02-000000541754004	bsn-a001-00-000000013604308	21	10	8753	M	1	0	0	2	0
20261001	4291318	cmp-a001-02-000000010764328	grp-a001-02-000000069047580	프로틴추천	nad-a001-02-000000553654562	bsn-a001-00-000000013604308	21	03	8753	M	1	0	0	2	0
20261001	4291318	cmp-a001-02-000000010764328	grp-a001-02-000000069047580	칼로리바	nad-a001-02-000000553654554	bsn-a001-00-000000013604308	21	08	684924	M	1	0	0	1	0
20261001	4291318	cmp-a001-02-000000010764328	grp-a001-02-000000069047580	에너지바	nad-a001-02-000000553654559	bsn-a001-00-000000013604308	21	13	33421	M	1	0	0	7	0
20261001	4291318	cmp-a001-02-000000010764328	grp-a001-02-000000069047580	스토어	nad-a001-02-000000541753997	bsn-a001-00-000000013604308	21	09	98128	M	42	0	0	42	0
20261001	4291318	cmp-a001-02-000000010764328	grp-a001-02-000000069047580	스토어	nad-a001-02-000000541753997	bsn-a001-00-000000013604308	21	99	98128	M	31	0	0	31	0
20261001	4291318	cmp-a001-02-000000010764328	grp-a001-02-000000069047580	프로틴바GR	nad-a001-02-000000553654554	bsn-a001-00-000000013604308	21	09	8753	M	1	0	0	1	0
20261001	4291318	cmp-a001-02-000000010764328	grp-a001-02-000000069047580	사랑이	nad-a001-02-000000553654554	bsn-a001-00-000000013604308	21	02	529514	M	8	0	0	21	0
20261001	4291318	cmp-a001-02-000000010764328	grp-a001-02-000000069047580	에너지바	nad-a001-02-000000553654554	bsn-a001-00-000000013604308	21	14	791888	M	1	0	0	1	0
20261001	4291318	cmp-a001-02-000000010764328	grp-a001-02-000000069047580	프로틴바	nad-a001-02-000000553654554	bsn-a001-00-000000013604308	21	18	529514	M	11	0	0	15	0
20261001	4291318	cmp-a001-02-000000010764328	grp-a001-02-000000069047580	단백질보충제	nad-a001-02-000000553654562	bsn-a001-00-000000013604308	21	10	87620	M	2	0	0	2	0
20261001	4291318	cmp-a001-02-000000010764328	grp-a001-02-000000069047580	에너지바	nad-a001-02-000000553654559	bsn-a001-00-000000013604308	21	09	33421	M	2	0	0	14	0
20261001	4291318	cmp-a001-02-000000010764328	grp-a001-02-000000069047580	황성주생식	nad-a001-02-000000541754004	bsn-a001-00-000000013604308	21	09	612594	M	1	0	0	2	0
20261001	4291318	cmp-a001-02-000000010764328	grp-a001-02-000000069047580	사랑	nad-a001-02-000000553654558	bsn-a001-00-000000013604308	21	18	98128	M	1	0	0	3	0
20261001	4291318	cmp-a001-02-000000010764328	grp-a001-02-000000069047580	에너지바	nad-a001-02-000000553654558	bsn-a001-00-000000013604308	21	02	791888	M	4	0	0	8	0
20261001	4291318	cmp-a001-02-000000010764328	grp-a001-02-000000069047580	다이어트단백질보충제	nad-a001-02-000000553654562	bsn-a001-00-000000013604308	21	11	8753	M	1	0	0	3	0
20261001	4291318	cmp-a001-02-000000010764328	grp-a001-02-000000069047580	젤리	nad-a001-02-000000541753985	bsn-a001-00-000000013604308	21	01	8753	M	3	0	0	6	0
20261001	4291318	cmp-a001-02-000000010764328	grp-a001-02-000000069047580	프로틴파우더	nad-a001-02-000000553654562	bsn-a001-00-000000013604308	21	09	529514	M	14	0	0	14	0
20261001	4291318	cmp-a001-02-000000010764328	grp-a001-02-000000069047580	단백질보충제	nad-a001-02-000000553654562	bsn-a001-00-000000013604308	21	03	612594	M	2	0	0	2	0
20261001	4291318	cmp-a001-02-000000010764328	grp-a001-02-000000069047580	프로틴	nad-a001-02-000000553654562	bsn-a001-00-000000013604308	21	15	529514	M	48	0	0	48	0
20261001	4291318	cmp-a001-02-000000010764328	grp-a001-02-000000069047580	단백질바	nad-a001-02-000000553654559	bsn-a001-00-000000013604308	21	08	529514	M	18	0	0	90	0
20261001	4291318	cmp-a001-02-000000010764328	grp-a001-02-000000069047580	단백질쉐이크쿠로미	nad-a001-02-000000553654562	bsn-a001-00-000000013604308	21	06	8753	M	1	0	0	3	0
20261001	4291318	cmp-a001-02-000000010764328	grp-a001-02-000000069047580	사랑	nad-a001-02-000000553654554	bsn-a001-00-000000013604308	21	03	98128	M	13	0	0	26	0
20261001	4291318	cmp-a001-02-000000010764328	grp-a001-02-000000069047580	프로틴쉐이크식물성	nad-a001-02-000000553654562	bsn-a001-00-000000013604308	21	16	8753	M	1	0	0	1	0
20261001	4291318	cmp-a001-02-000000010764328	grp-a001-02-000000069047580	에너지바	nad-a001-02-000000553654558	bsn-a001-00-000000013604308	21	01	8753	M	1	0	0	3	0
20261001	4291318	cmp-a001-02-000000010764328	grp-a001-02-000000069047580	단백질보충제	nad-a001-02-000000553654562	bsn-a001-00-000000013604308	21	02	529514	M	17	0	0	17	0
20261001	4291318	cmp-a001-02-000000010764328	grp-a001-02-000000069047580	식품간식	nad-a001-02-000000553654554	bsn-a001-00-000000013604308	21	07	98128	M	1	0	0	1	0
20261001	4291318	cmp-a001-02-000000010764328	grp-a001-02-000000069047580	단백질쉐이크	nad-a001-02-000000553654562	bsn-a001-00-000000013604308	21	04	8753	M	13	0	0	60	0
20261001	4291318	cmp-a001-02-000000010764328	grp-a001-02-000000069047580	사랑은	nad-a001-02-000000553654558	bsn-a001-00-000000013604308	21	02	98128	M	1	0	0	4	0
20261001	4291318	cmp-a001-02-000000010764328	grp-a001-02-000000069047580	제리	nad-a001-02-000000541753985	bsn-a001-00-000000013604308	21	07	98128	M	2	0	0	2	0
20261001	4291318	cmp-a001-02-000000010764328	grp-a001-02-000000069047580	프로틴바	nad-a001-02-000000553654554	bsn-a001-00-000000013604308	21	06	529514	M	10	0	0	15	0
20261001	4291318	cmp-a001-02-000000010764328	grp-a001-02-000000069047580	프로틴바	nad-a001-02-000000553654559	bsn-a001-00-000000013604308	21	99	684926	M	2	0	0	52	0
20261001	4291318	cmp-a001-02-000000010764328	grp-a001-02-000000069047580	쉐이크	nad-a001-02-000000553654562	bsn-a001-00-000000013604308	21	02	98128	M	8	0	0	8	0
20261001	4291318	cmp-a001-02-000000010764328	grp-a001-02-000000069047580	HIGH	nad-a001-02-000000553654562	bsn-a001-00-000000013604308	21	02	248824	P	1	0	0	1	0
20261001	4291318	cmp-a001-02-000000010764328	grp-a001-02-000000069047580	프로틴바	nad-a001-02-000000553654554	bsn-a001-00-000000013604308	21	11	529514	M	2	0	0	3	0
20261001	4291318	cmp-a001-02-000000010764328	grp-a001-02-000000069047580	단백질보충제	nad-a001-02-000000553654562	bsn-a001-00-000000013604308	21	18	8753	M	3	0	0	11	0
20261001	4291318	cmp-a001-02-000000010764328	grp-a001-02-000000069047580	가루	nad-a001-02-000000541753996	bsn-a001-00-000000013604308	21	09	98128	M	1	0	0	4	0
20261001	4291318	cmp-a001-02-000000010764328	grp-a001-02-000000069047580	단백질보충제	nad-a001-02-000000553654562	bsn-a001-00-000000013604308	21	09	798056	M	4	0	0	4	0
20261001	4291318	cmp-a001-02-000000010764328	grp-a001-02-000000069047580	사탕젤리	nad-a001-02-000000541753985	bsn-a001-00-000000013604308	21	08	529514	M	2	0	0	4	0
20261001	4291318	cmp-a001-02-000000010764328	grp-a001-02-000000069047580	황성주생식	nad-a001-02-000000541753988	bsn-a001-00-000000013604308	21	02	341893	M	1	0	0	1	0
20261001	4291318	cmp-a001-02-000000010764328	grp-a001-02-000000069047580	PROTEIN	nad-a001-02-000000553654562	bsn-a001-00-000000013604308	21	02	529514	M	13	0	0	13	0
20261001	4291318	cmp-a001-02-000000010764328	grp-a001-02-000000069047580	단백질종류	nad-a001-02-000000553654562	bsn-a001-00-000000013604308	21	02	8753	M	1	0	0	4	0
20261001	4291318	cmp-a001-02-000000010764328	grp-a001-02-000000069047580	단백질바	nad-a001-02-000000553654554	bsn-a001-00-000000013604308	21	00	8753	M	1	0	0	1	0
20261001	4291318	cmp-a001-02-000000010764328	grp-a001-02-000000069047580	프로틴	nad-a001-02-000000553654562	bsn-a001-00-000000013604308	21	15	33421	M	1	0	0	4	0
20261001	4291318	cmp-a001-02-000000010764328	grp-a001-02-000000069047580	말차맛쉐이크	nad-a001-02-000000553654562	bsn-a001-00-000000013604308	21	99	8753	M	1	0	0	3	0
20261001	4291318	cmp-a001-02-000000010764328	grp-a001-02-000000069047580	생식가루	nad-a001-02-000000541753997	bsn-a001-00-000000013604308	21	15	8753	M	1	0	0	2	0
20261001	4291318	cmp-a001-02-000000010764328	grp-a001-02-000000069047580	가루	nad-a001-02-000000541754004	bsn-a001-00-000000013604308	21	09	98128	M	1	0	0	1	0
20261001	4291318	cmp-a001-02-000000010764328	grp-a001-02-000000069047580	단백질쉐이크분리수거	nad-a001-02-000000553654562	bsn-a001-00-000000013604308	21	02	8753	M	1	0	0	3	0
20261001	4291318	cmp-a001-02-000000010764328	grp-a001-02-000000069047580	단백질바추천	nad-a001-02-000000553654554	bsn-a001-00-000000013604308	21	01	8753	M	1	0	0	1	0
20261001	4291318	cmp-a001-02-000000010764328	grp-a001-02-000000069047580	사랑이라	nad-a001-02-000000553654554	bsn-a001-00-000000013604308	21	09	98128	M	1	0	0	2	0
20261001	4291318	cmp-a001-02-000000010764328	grp-a001-02-000000069047580	프로틴	nad-a001-02-000000553654562	bsn-a001-00-000000013604308	21	02	529514	M	225	0	0	225	0
20261001	4291318	cmp-a001-02-000000010764328	grp-a001-02-000000069047580	보충제	nad-a001-02-000000553654562	bsn-a001-00-000000013604308	21	99	137281	M	1	0	0	1	0
20261001	4291318	cmp-a001-02-000000010764328	grp-a001-02-000000069047580	단백질바추천	nad-a001-02-000000553654554	bsn-a001-00-000000013604308	21	02	8753	M	2	0	0	4	0
20261001	4291318	cmp-a001-02-000000010764328	grp-a001-02-000000069047580	에너지바	nad-a001-02-000000553654559	bsn-a001-00-000000013604308	21	99	529514	M	2	0	0	6	0
20261001	4291318	cmp-a001-02-000000010764328	grp-a001-02-000000069047580	단백질	nad-a001-02-000000553654562	bsn-a001-00-000000013604308	21	09	137281	M	1	0	0	1	0
20261001	4291318	cmp-a001-02-000000010764328	grp-a001-02-000000069047580	젤리	nad-a001-02-000000541753985	bsn-a001-00-000000013604308	21	16	609155	M	1	1	1344	1	0
20261001	4291318	cmp-a001-02-000000010764328	grp-a001-02-000000069047580	젤리	nad-a001-02-000000541753985	bsn-a001-00-000000013604308	21	15	768323	M	3	0	0	3	0
20261001	4291318	cmp-a001-02-000000010764328	grp-a001-02-000000069047580	단백질쉐이크추천	nad-a001-02-000000553654562	bsn-a001-00-000000013604308	21	02	684925	P	2	0	0	2	0
20261001	4291318	cmp-a001-02-000000010764328	grp-a001-02-000000069047580	제리	nad-a001-02-000000541753985	bsn-a001-00-000000013604308	21	99	98128	M	2	0	0	2	0
20261001	4291318	cmp-a001-02-000000010764328	grp-a001-02-000000069047580	쉐이크	nad-a001-02-000000553654562	bsn-a001-00-000000013604308	21	09	8753	M	2	0	0	9	0
20261001	4291318	cmp-a001-02-000000010764328	grp-a001-02-000000069047580	칼로리바	nad-a001-02-000000553654559	bsn-a001-00-000000013604308	21	02	8753	M	1	0	0	3	0
20261001	4291318	cmp-a001-02-000000010764328	grp-a001-02-000000069047580	프로틴파우더	nad-a001-02-000000553654562	bsn-a001-00-000000013604308	21	15	11068	P	1	0	0	5	0
20261001	4291318	cmp-a001-02-000000010764328	grp-a001-02-000000069047580	단백질파우더	nad-a001-02-000000553654562	bsn-a001-00-000000013604308	21	08	8753	M	2	0	0	6	0
20261001	4291318	cmp-a001-02-000000010764328	grp-a001-02-000000069047580	단백질바	nad-a001-02-000000553654558	bsn-a001-00-000000013604308	21	02	529514	M	18	0	0	30	0
20261001	4291318	cmp-a001-02-000000010764328	grp-a001-02-000000069047580	단백질	nad-a001-02-000000553654562	bsn-a001-00-000000013604308	21	01	684926	M	2	0	0	6	0
20261001	4291318	cmp-a001-02-000000010764328	grp-a001-02-000000069047580	칼로리바	nad-a001-02-000000553654554	bsn-a001-00-000000013604308	21	18	8753	M	2	0	0	2	0
20261001	4291318	cmp-a001-02-000000010764328	grp-a001-02-000000069047580	분말	nad-a001-02-000000541753988	bsn-a001-00-000000013604308	21	02	529514	M	8	0	0	68	0
20261001	4291318	cmp-a001-02-000000010764328	grp-a001-02-000000069047580	단백질바GR	nad-a001-02-000000553654554	bsn-a001-00-000000013604308	21	02	8753	M	2	1	2336	2	0
20261001	4291318	cmp-a001-02-000000010764328	grp-a001-02-000000069047580	프로틴바	nad-a001-02-000000553654559	bsn-a001-00-000000013604308	21	04	529514	M	2	0	0	6	0
20261001	4291318	cmp-a001-02-000000010764328	grp-a001-02-000000069047580	가루	nad-a001-02-000000541754005	bsn-a001-00-000000013604308	21	09	98128	M	1	0	0	2	0
20261001	4291318	cmp-a001-02-000000010764328	grp-a001-02-000000069047580	단백질	nad-a001-02-000000553654562	bsn-a001-00-000000013604308	21	08	137281	M	6	0	0	6	0
20261001	4291318	cmp-a001-02-000000010764328	grp-a001-02-000000069047580	사랑이라	nad-a001-02-000000553654558	bsn-a001-00-000000013604308	21	09	98128	M	1	0	0	4	0
20261001	4291318	cmp-a001-02-000000010764328	grp-a001-02-000000069047580	에너지바	nad-a001-02-000000553654558	bsn-a001-00-000000013604308	21	09	768323	M	1	0	0	2	0
20261001	4291318	cmp-a001-02-000000010764328	grp-a001-02-000000069047580	프로틴	nad-a001-02-000000553654562	bsn-a001-00-000000013604308	21	03	33421	M	1	0	0	5	0
20261001	4291318	cmp-a001-02-000000010764328	grp-a001-02-000000069047580	단백질프로틴	nad-a001-02-000000553654562	bsn-a001-00-000000013604308	21	02	684926	M	2	0	0	12	0
20261001	4291318	cmp-a001-02-000000010764328	grp-a001-02-000000069047580	영양식	nad-a001-02-000000541753965	bsn-a001-00-000000013604308	21	06	529514	M	1	0	0	2	0
20261001	4291318	cmp-a001-02-000000010764328	grp-a001-02-000000069047580	단백질쉐이크얼리기	nad-a001-02-000000553654562	bsn-a001-00-000000013604308	21	09	8753	M	1	0	0	3	0
20261001	4291318	cmp-a001-02-000000010764328	grp-a001-02-000000069047580	에너지바	nad-a001-02-000000553654554	bsn-a001-00-000000013604308	21	13	529514	M	2	0	0	3	0
20261001	4291318	cmp-a001-02-000000010764328	grp-a001-02-000000069047580	단백질쉐이크	nad-a001-02-000000553654562	bsn-a001-00-000000013604308	21	03	529514	M	50	0	0	119	0
20261001	4291318	cmp-a001-02-000000010764328	grp-a001-02-000000069047580	젤리	nad-a001-02-000000541753985	bsn-a001-00-000000013604308	21	07	98128	M	3	0	0	6	0
20261001	4291318	cmp-a001-02-000000010764328	grp-a001-02-000000069047580	쉐이크	nad-a001-02-000000553654562	bsn-a001-00-000000013604308	21	02	609155	M	1	0	0	1	0
20261001	4291318	cmp-a001-02-000000010764328	grp-a001-02-000000069047580	단백질바칼로리	nad-a001-02-000000553654558	bsn-a001-00-000000013604308	21	09	27758	P	1	0	0	3	0
20261001	4291318	cmp-a001-02-000000010764328	grp-a001-02-000000069047580	단백질바	nad-a001-02-000000553654554	bsn-a001-00-000000013604308	21	00	612593	P	1	0	0	1	0
20261001	4291318	cmp-a001-02-000000010764328	grp-a001-02-000000069047580	젤리	nad-a001-02-000000541753985	bsn-a001-00-000000013604308	21	04	8753	M	1	0	0	2	0
20261001	4291318	cmp-a001-02-000000010764328	grp-a001-02-000000069047580	프로틴바	nad-a001-02-000000553654554	bsn-a001-00-000000013604308	21	09	33421	M	1	0	0	2	0
20261001	4291318	cmp-a001-02-000000010764328	grp-a001-02-000000069047580	GR프로틴바	nad-a001-02-000000553654558	bsn-a001-00-000000013604308	21	15	8753	M	1	0	0	5	0
20261001	4291318	cmp-a001-02-000000010764328	grp-a001-02-000000069047580	프로틴바	nad-a001-02-000000553654559	bsn-a001-00-000000013604308	21	13	529514	M	2	0	0	6	0
20261001	4291318	cmp-a001-02-000000010764328	grp-a001-02-000000069047580	단백질보충제	nad-a001-02-000000553654562	bsn-a001-00-000000013604308	21	09	11068	P	2	0	0	13	0
20261001	4291318	cmp-a001-02-000000010764328	grp-a001-02-000000069047580	젤리	nad-a001-02-000000541753985	bsn-a001-00-000000013604308	21	02	768323	M	11	0	0	11	0
20261001	4291318	cmp-a001-02-000000010764328	grp-a001-02-000000069047580	단백질	nad-a001-02-000000553654562	bsn-a001-00-000000013604308	21	01	8753	M	1	0	0	1	0
20261001	4291318	cmp-a001-02-000000010764328	grp-a001-02-000000069047580	단백질간식	nad-a001-02-000000553654559	bsn-a001-00-000000013604308	21	06	8753	M	1	0	0	7	0
20261001	4291318	cmp-a001-02-000000010764328	grp-a001-02-000000069047580	황성주생식	nad-a001-02-000000541753997	bsn-a001-00-000000013604308	21	06	633013	M	1	0	0	1	0
20261001	4291318	cmp-a001-02-000000010764328	grp-a001-02-000000069047580	에너지바	nad-a001-02-000000553654558	bsn-a001-00-000000013604308	21	11	8753	M	1	0	0	3	0
20261001	4291318	cmp-a001-02-000000010764328	grp-a001-02-000000069047580	사랑10	nad-a001-02-000000553654558	bsn-a001-00-000000013604308	21	08	248824	P	1	0	0	2	0
20261001	4291318	cmp-a001-02-000000010764328	grp-a001-02-000000069047580	가루	nad-a001-02-000000541753996	bsn-a001-00-000000013604308	21	09	529514	M	1	0	0	3	0
20261001	4291318	cmp-a001-02-000000010764328	grp-a001-02-000000069047580	사랑	nad-a001-02-000000553654554	bsn-a001-00-000000013604308	21	02	612593	P	3	0	0	8	0
20261001	4291318	cmp-a001-02-000000010764328	grp-a001-02-000000069047580	쉐이크쉐이크	nad-a001-02-000000553654562	bsn-a001-00-000000013604308	21	13	98128	M	2	0	0	2	0
20261001	4291318	cmp-a001-02-000000010764328	grp-a001-02-000000069047580	식사대용	nad-a001-02-000000553654562	bsn-a001-00-000000013604308	21	02	684925	P	1	0	0	1	0
20261001	4291318	cmp-a001-02-000000010764328	grp-a001-02-000000069047580	에너지바	nad-a001-02-000000553654554	bsn-a001-00-000000013604308	21	00	27758	P	1	0	0	1	0
20261001	4291318	cmp-a001-02-000000010764328	grp-a001-02-000000069047580	프로틴	nad-a001-02-000000553654562	bsn-a001-00-000000013604308	21	17	768323	M	8	0	0	17	0
20261001	4291318	cmp-a001-02-000000010764328	grp-a001-02-000000069047580	에너지바	nad-a001-02-000000553654559	bsn-a001-00-000000013604308	21	15	33421	M	1	0	0	18	0
20261001	4291318	cmp-a001-02-000000010764328	grp-a001-02-000000069047580	단백질바	nad-a001-02-000000553654558	bsn-a001-00-000000013604308	21	15	529514	M	4	0	0	6	0
20261001	4291318	cmp-a001-02-000000010764328	grp-a001-02-000000069047580	하루에먹어야하는단백질	nad-a001-02-000000553654562	bsn-a001-00-000000013604308	21	09	8753	M	1	0	0	4	0
20261001	4291318	cmp-a001-02-000000010764328	grp-a001-02-000000069047580	다이어트쉐이크	nad-a001-02-000000553654562	bsn-a001-00-000000013604308	21	02	529514	M	4	0	0	4	0
20261001	4291318	cmp-a001-02-000000010764328	grp-a001-02-000000069047580	프로틴	nad-a001-02-000000553654562	bsn-a001-00-000000013604308	21	02	33421	M	2	0	0	8	0
20261001	4291318	cmp-a001-02-000000010764328	grp-a001-02-000000069047580	사랑이	nad-a001-02-000000553654554	bsn-a001-00-000000013604308	21	18	529514	M	3	0	0	8	0
20261001	4291318	cmp-a001-02-000000010764328	grp-a001-02-000000069047580	제리	nad-a001-02-000000541753985	bsn-a001-00-000000013604308	21	01	8753	M	1	0	0	4	0
20261001	4291318	cmp-a001-02-000000010764328	grp-a001-02-000000069047580	프로틴단백질바	nad-a001-02-000000553654554	bsn-a001-00-000000013604308	21	15	8753	M	1	0	0	1	0
20261001	4291318	cmp-a001-02-000000010764328	grp-a001-02-000000069047580	젤리	nad-a001-02-000000541753985	bsn-a001-00-000000013604308	21	02	609155	M	1	0	0	1	0
20261001	4291318	cmp-a001-02-000000010764328	grp-a001-02-000000069047580	식품간식	nad-a001-02-000000553654558	bsn-a001-00-000000013604308	21	15	98128	M	1	0	0	2	0
20261001	4291318	cmp-a001-02-000000010764328	grp-a001-02-000000069047580	단백질보충제	nad-a001-02-000000553654562	bsn-a001-00-000000013604308	21	06	8753	M	2	0	0	5	0
20261001	4291318	cmp-a001-02-000000010764328	grp-a001-02-000000069047580	보충제	nad-a001-02-000000553654562	bsn-a001-00-000000013604308	21	13	137281	M	10	0	0	10	0
20261001	4291318	cmp-a001-02-000000010764328	grp-a001-02-000000069047580	프로틴	nad-a001-02-000000553654562	bsn-a001-00-000000013604308	21	13	27758	P	1	0	0	4	0
20261001	4291318	cmp-a001-02-000000010764328	grp-a001-02-000000069047580	프로틴	nad-a001-02-000000553654562	bsn-a001-00-000000013604308	21	14	768323	M	8	0	0	17	0
20261001	4291318	cmp-a001-02-000000010764328	grp-a001-02-000000069047580	단백질쉐이크식사대용	nad-a001-02-000000553654562	bsn-a001-00-000000013604308	21	09	8753	M	1	0	0	3	0
20261001	4291318	cmp-a001-02-000000010764328	grp-a001-02-000000069047580	단백질	nad-a001-02-000000553654562	bsn-a001-00-000000013604308	21	08	684926	M	3	0	0	18	0
20261001	4291318	cmp-a001-02-000000010764328	grp-a001-02-000000069047580	초코불량식품과자	nad-a001-02-000000553654554	bsn-a001-00-000000013604308	21	04	8753	M	1	0	0	1	0
20261001	4291318	cmp-a001-02-000000010764328	grp-a001-02-000000069047580	식이섬유단백질쉐이크	nad-a001-02-000000553654562	bsn-a001-00-000000013604308	21	09	8753	M	2	0	0	4	0
20261001	4291318	cmp-a001-02-000000010764328	grp-a001-02-000000069047580	단백질	nad-a001-02-000000553654562	bsn-a001-00-000000013604308	21	99	768323	M	1	0	0	1	0
20261001	4291318	cmp-a001-02-000000010764328	grp-a001-02-000000069047580	사탕젤리	nad-a001-02-000000541753985	bsn-a001-00-000000013604308	21	04	23123	P	1	0	0	1	0
20261001	4291318	cmp-a001-02-000000010764328	grp-a001-02-000000069047580	로또1등도출근합니다단백질바	nad-a001-02-000000553654554	bsn-a001-00-000000013604308	21	04	8753	M	1	0	0	1	0
20261001	4291318	cmp-a001-02-000000010764328	grp-a001-02-000000069047580	식품브랜드마케터	nad-a001-02-000000541754004	bsn-a001-00-000000013604308	21	02	8753	M	1	0	0	2	0
20261001	4291318	cmp-a001-02-000000010764328	grp-a001-02-000000069047580	가루	nad-a001-02-000000541754005	bsn-a001-00-000000013604308	21	09	529514	M	1	0	0	4	0
20261001	4291318	cmp-a001-02-000000010764328	grp-a001-02-000000069047580	단백질쉐이크	nad-a001-02-000000553654562	bsn-a001-00-000000013604308	21	02	98128	M	21	0	0	21	0
20261001	4291318	cmp-a001-02-000000010764328	grp-a001-02-000000069047580	단백질쉐이크	nad-a001-02-000000553654562	bsn-a001-00-000000013604308	21	03	33421	M	1	0	0	9	0
20261001	4291318	cmp-a001-02-000000010764328	grp-a001-02-000000069047580	프로틴	nad-a001-02-000000553654562	bsn-a001-00-000000013604308	21	09	684927	P	2	0	0	2	0
20261001	4291318	cmp-a001-02-000000010764328	grp-a001-02-000000069047580	스토어	nad-a001-02-000000541754004	bsn-a001-00-000000013604308	21	00	98128	M	4	0	0	8	0
20261001	4291318	cmp-a001-02-000000010764328	grp-a001-02-000000069047580	에너지바	nad-a001-02-000000553654559	bsn-a001-00-000000013604308	21	10	33421	M	2	0	0	19	0
20261001	4291318	cmp-a001-02-000000010764328	grp-a001-02-000000069047580	에너지바	nad-a001-02-000000553654558	bsn-a001-00-000000013604308	21	09	27758	P	1	0	0	3	0
20261001	4291318	cmp-a001-02-000000010764328	grp-a001-02-000000069047580	프로틴파우더	nad-a001-02-000000553654562	bsn-a001-00-000000013604308	21	09	791889	P	1	0	0	3	0
20261001	4291318	cmp-a001-02-000000010764328	grp-a001-02-000000069047580	단백질보충제	nad-a001-02-000000553654562	bsn-a001-00-000000013604308	21	09	8753	M	8	0	0	29	0
20261001	4291318	cmp-a001-02-000000010764328	grp-a001-02-000000069047580	프로틴	nad-a001-02-000000553654562	bsn-a001-00-000000013604308	21	16	768323	M	6	0	0	12	0
20261001	4291318	cmp-a001-02-000000010764328	grp-a001-02-000000069047580	단백질섭취량	nad-a001-02-000000553654562	bsn-a001-00-000000013604308	21	11	8753	M	1	0	0	4	0
20261001	4291318	cmp-a001-02-000000010764328	grp-a001-02-000000069047580	단백질바	nad-a001-02-000000553654558	bsn-a001-00-000000013604308	21	18	33421	M	1	0	0	2	0
20261001	4291318	cmp-a001-02-000000010764328	grp-a001-02-000000069047580	단백질쉐이크	nad-a001-02-000000553654562	bsn-a001-00-000000013604308	21	18	612594	M	1	0	0	1	0
20261001	4291318	cmp-a001-02-000000010764328	grp-a001-02-000000069047580	황성주생식	nad-a001-02-000000541754005	bsn-a001-00-000000013604308	21	08	529514	M	3	0	0	10	0
20261001	4291318	cmp-a001-02-000000010764328	grp-a001-02-000000069047580	단백질간식추천	nad-a001-02-000000553654554	bsn-a001-00-000000013604308	21	02	8753	M	1	0	0	1	0
20261001	4291318	cmp-a001-02-000000010764328	grp-a001-02-000000069047580	젤리	nad-a001-02-000000541753985	bsn-a001-00-000000013604308	21	14	768323	M	1	0	0	1	0
20261001	4291318	cmp-a001-02-000000010764328	grp-a001-02-000000069047580	다이어트쉐이크	nad-a001-02-000000553654562	bsn-a001-00-000000013604308	21	18	768323	M	1	0	0	1	0
20261001	4291318	cmp-a001-02-000000010764328	grp-a001-02-000000069047580	프로틴바	nad-a001-02-000000553654554	bsn-a001-00-000000013604308	21	09	791889	P	1	0	0	1	0
20261001	4291318	cmp-a001-02-000000010764328	grp-a001-02-000000069047580	황성주생식	nad-a001-02-000000541754004	bsn-a001-00-000000013604308	21	06	633013	M	1	0	0	2	0
20261001	4291318	cmp-a001-02-000000010764328	grp-a001-02-000000069047580	가루	nad-a001-02-000000541753997	bsn-a001-00-000000013604308	21	02	8753	M	1	0	0	1	0
20261001	4291318	cmp-a001-02-000000010764328	grp-a001-02-000000069047580	프로틴바	nad-a001-02-000000553654554	bsn-a001-00-000000013604308	21	02	768323	M	1	0	0	1	0
20261001	4291318	cmp-a001-02-000000010764328	grp-a001-02-000000069047580	프로틴쉐이크	nad-a001-02-000000553654562	bsn-a001-00-000000013604308	21	08	8753	M	1	0	0	2	0
20261001	4291318	cmp-a001-02-000000010764328	grp-a001-02-000000069047580	식사대용	nad-a001-02-000000553654562	bsn-a001-00-000000013604308	21	09	8753	M	2	0	0	7	0
20261001	4291318	cmp-a001-02-000000010764328	grp-a001-02-000000069047580	단백질쉐이크	nad-a001-02-000000553654562	bsn-a001-00-000000013604308	21	02	529514	M	188	0	0	292	0
20261001	4291318	cmp-a001-02-000000010764328	grp-a001-02-000000069047580	에너지바	nad-a001-02-000000553654554	bsn-a001-00-000000013604308	21	09	33421	M	3	0	0	7	0
20261001	4291318	cmp-a001-02-000000010764328	grp-a001-02-000000069047580	프로루틴단백질바	nad-a001-02-000000553654554	bsn-a001-00-000000013604308	21	02	8753	M	1	0	0	1	0
20261001	4291318	cmp-a001-02-000000010764328	grp-a001-02-000000069047580	사랑	nad-a001-02-000000553654558	bsn-a001-00-000000013604308	21	09	529514	M	1	0	0	3	0
20261001	4291318	cmp-a001-02-000000010764328	grp-a001-02-000000069047580	단백질파우더	nad-a001-02-000000553654562	bsn-a001-00-000000013604308	21	11	33421	M	1	0	0	4	0
20261001	4291318	cmp-a001-02-000000010764328	grp-a001-02-000000069047580	균형영양식	nad-a001-02-000000541753965	bsn-a001-00-000000013604308	21	17	87620	M	4	0	0	8	0
20261001	4291318	cmp-a001-02-000000010764328	grp-a001-02-000000069047580	프로틴	nad-a001-02-000000553654562	bsn-a001-00-000000013604308	21	99	768323	M	41	0	0	64	0
20261001	4291318	cmp-a001-02-000000010764328	grp-a001-02-000000069047580	단백질보충제	nad-a001-02-000000553654562	bsn-a001-00-000000013604308	21	16	33421	M	2	0	0	8	0
20261001	4291318	cmp-a001-02-000000010764328	grp-a001-02-000000069047580	프로틴	nad-a001-02-000000553654562	bsn-a001-00-000000013604308	21	01	8753	M	2	0	0	8	0
20261001	4291318	cmp-a001-02-000000010764328	grp-a001-02-000000069047580	단백질바	nad-a001-02-000000553654554	bsn-a001-00-000000013604308	21	18	23123	P	1	0	0	1	0
20261001	4291318	cmp-a001-02-000000010764328	grp-a001-02-000000069047580	단백질넣고물	nad-a001-02-000000553654562	bsn-a001-00-000000013604308	21	09	8753	M	1	0	0	5	0
20261001	4291318	cmp-a001-02-000000010764328	grp-a001-02-000000069047580	사랑이	nad-a001-02-000000553654558	bsn-a001-00-000000013604308	21	15	529514	M	1	0	0	2	0
20261001	4291318	cmp-a001-02-000000010764328	grp-a001-02-000000069047580	젤리	nad-a001-02-000000541753985	bsn-a001-00-000000013604308	21	02	684925	P	1	0	0	1	0
20261001	4291318	cmp-a001-02-000000010764328	grp-a001-02-000000069047580	젤리	nad-a001-02-000000541753985	bsn-a001-00-000000013604308	21	09	27758	P	5	0	0	20	0
20261001	4291318	cmp-a001-02-000000010764328	grp-a001-02-000000069047580	사랑님	nad-a001-02-000000553654558	bsn-a001-00-000000013604308	21	18	529514	M	8	0	0	18	0
20261001	4291318	cmp-a001-02-000000010764328	grp-a001-02-000000069047580	에너지바	nad-a001-02-000000553654554	bsn-a001-00-000000013604308	21	14	529514	M	6	0	0	9	0
20261001	4291318	cmp-a001-02-000000010764328	grp-a001-02-000000069047580	PROTEIN	nad-a001-02-000000553654562	bsn-a001-00-000000013604308	21	04	8753	M	1	0	0	4	0
20261001	4291318	cmp-a001-02-000000010764328	grp-a001-02-000000069047580	PROTEIN	nad-a001-02-000000553654562	bsn-a001-00-000000013604308	21	03	8753	M	1	0	0	4	0
20261001	4291318	cmp-a001-02-000000010764328	grp-a001-02-000000069047580	가루	nad-a001-02-000000541753988	bsn-a001-00-000000013604308	21	09	98128	M	1	0	0	9	0
20261001	4291318	cmp-a001-02-000000010764328	grp-a001-02-000000069047580	단백질보충제	nad-a001-02-000000553654562	bsn-a001-00-000000013604308	21	15	684926	M	2	0	0	14	0
20261001	4291318	cmp-a001-02-000000010764328	grp-a001-02-000000069047580	쉐이크	nad-a001-02-000000553654562	bsn-a001-00-000000013604308	21	11	684926	M	2	0	0	18	0
20261001	4291318	cmp-a001-02-000000010764328	grp-a001-02-000000069047580	프로틴파우더	nad-a001-02-000000553654562	bsn-a001-00-000000013604308	21	16	529514	M	2	0	0	2	0
20261001	4291318	cmp-a001-02-000000010764328	grp-a001-02-000000069047580	식물성쉐이크	nad-a001-02-000000553654562	bsn-a001-00-000000013604308	21	02	33421	M	3	0	0	23	0
20261001	4291318	cmp-a001-02-000000010764328	grp-a001-02-000000069047580	에너지바	nad-a001-02-000000553654558	bsn-a001-00-000000013604308	21	04	8753	M	1	0	0	3	0
20261001	4291318	cmp-a001-02-000000010764328	grp-a001-02-000000069047580	프로틴	nad-a001-02-000000553654562	bsn-a001-00-000000013604308	21	09	529514	M	241	0	0	241	0
20261001	4291318	cmp-a001-02-000000010764328	grp-a001-02-000000069047580	쉐이크	nad-a001-02-000000553654562	bsn-a001-00-000000013604308	21	99	529514	M	27	0	0	27	0
20261001	4291318	cmp-a001-02-000000010764328	grp-a001-02-000000069047580	단백질쉐이크	nad-a001-02-000000553654562	bsn-a001-00-000000013604308	21	99	98128	M	16	0	0	16	0
20261001	4291318	cmp-a001-02-000000010764328	grp-a001-02-000000069047580	ISP단백질	nad-a001-02-000000553654562	bsn-a001-00-000000013604308	21	04	8753	M	1	0	0	3	0
20261001	4291318	cmp-a001-02-000000010764328	grp-a001-02-000000069047580	프로틴쉐이크	nad-a001-02-000000553654562	bsn-a001-00-000000013604308	21	01	529514	M	1	0	0	1	0
20261001	4291318	cmp-a001-02-000000010764328	grp-a001-02-000000069047580	사탕젤리	nad-a001-02-000000541753985	bsn-a001-00-000000013604308	21	02	23123	P	1	0	0	2	0
20261001	4291318	cmp-a001-02-000000010764328	grp-a001-02-000000069047580	단백질간식	nad-a001-02-000000553654558	bsn-a001-00-000000013604308	21	06	684924	M	1	0	0	2	0
20261001	4291318	cmp-a001-02-000000010764328	grp-a001-02-000000069047580	쉐이크	nad-a001-02-000000553654562	bsn-a001-00-000000013604308	21	02	684926	M	2	0	0	8	0
20261001	4291318	cmp-a001-02-000000010764328	grp-a001-02-000000069047580	프로틴쉐이크	nad-a001-02-000000553654562	bsn-a001-00-000000013604308	21	09	8753	M	2	0	0	7	0
20261001	4291318	cmp-a001-02-000000010764328	grp-a001-02-000000069047580	단백질보충제	nad-a001-02-000000553654562	bsn-a001-00-000000013604308	21	08	87620	M	1	0	0	1	0
20261001	4291318	cmp-a001-02-000000010764328	grp-a001-02-000000069047580	단백이식품1일섭취량	nad-a001-02-000000553654562	bsn-a001-00-000000013604308	21	10	8753	M	1	0	0	3	0
20261001	4291318	cmp-a001-02-000000010764328	grp-a001-02-000000069047580	사랑하고	nad-a001-02-000000553654554	bsn-a001-00-000000013604308	21	03	98128	M	1	0	0	2	0
20261001	4291318	cmp-a001-02-000000010764328	grp-a001-02-000000069047580	에너지바	nad-a001-02-000000553654558	bsn-a001-00-000000013604308	21	02	33421	M	18	0	0	40	0
20261001	4291318	cmp-a001-02-000000010764328	grp-a001-02-000000069047580	다이어트식사대용	nad-a001-02-000000553654562	bsn-a001-00-000000013604308	21	02	33421	M	1	0	0	5	0
20261001	4291318	cmp-a001-02-000000010764328	grp-a001-02-000000069047580	단백질	nad-a001-02-000000553654562	bsn-a001-00-000000013604308	21	02	98128	M	9	0	0	9	0
20261001	4291318	cmp-a001-02-000000010764328	grp-a001-02-000000069047580	단백질쉐이크성분	nad-a001-02-000000553654562	bsn-a001-00-000000013604308	21	08	8753	M	1	0	0	2	0
20261001	4291318	cmp-a001-02-000000010764328	grp-a001-02-000000069047580	사랑은	nad-a001-02-000000553654554	bsn-a001-00-000000013604308	21	02	98128	M	1	0	0	2	0
20261001	4291318	cmp-a001-02-000000010764328	grp-a001-02-000000069047580	단백질쉐이크	nad-a001-02-000000553654562	bsn-a001-00-000000013604308	21	99	529514	M	76	0	0	154	0
20261001	4291318	cmp-a001-02-000000010764328	grp-a001-02-000000069047580	프로틴바	nad-a001-02-000000553654558	bsn-a001-00-000000013604308	21	08	8753	M	2	0	0	11	0
20261001	4291318	cmp-a001-02-000000010764328	grp-a001-02-000000069047580	단백질쉐이크	nad-a001-02-000000553654562	bsn-a001-00-000000013604308	21	09	11068	P	1	0	0	4	0
20261001	4291318	cmp-a001-02-000000010764328	grp-a001-02-000000069047580	GR프로틴바	nad-a001-02-000000553654558	bsn-a001-00-000000013604308	21	09	8753	M	2	0	0	7	0
20261001	4291318	cmp-a001-02-000000010764328	grp-a001-02-000000069047580	에너지바	nad-a001-02-000000553654559	bsn-a001-00-000000013604308	21	09	11068	P	1	0	0	11	0
20261001	4291318	cmp-a001-02-000000010764328	grp-a001-02-000000069047580	단백질쉐이크다이어트	nad-a001-02-000000553654562	bsn-a001-00-000000013604308	21	02	8753	M	4	0	0	13	0
20261001	4291318	cmp-a001-02-000000010764328	grp-a001-02-000000069047580	식물성프로틴쉐이크	nad-a001-02-000000553654562	bsn-a001-00-000000013604308	21	09	8753	M	1	0	0	3	0
20261001	4291318	cmp-a001-02-000000010764328	grp-a001-02-000000069047580	단백질쉐이크다이어트	nad-a001-02-000000553654562	bsn-a001-00-000000013604308	21	09	33421	M	1	0	0	6	0
20261001	4291318	cmp-a001-02-000000010764328	grp-a001-02-000000069047580	젤리	nad-a001-02-000000541753985	bsn-a001-00-000000013604308	21	11	8753	M	2	0	0	4	0
20261001	4291318	cmp-a001-02-000000010764328	grp-a001-02-000000069047580	프로틴단백질추천	nad-a001-02-000000553654562	bsn-a001-00-000000013604308	21	08	612594	M	1	0	0	2	0
20261001	4291318	cmp-a001-02-000000010764328	grp-a001-02-000000069047580	프로틴	nad-a001-02-000000553654562	bsn-a001-00-000000013604308	21	06	8753	M	3	0	0	12	0
20261001	4291318	cmp-a001-02-000000010764328	grp-a001-02-000000069047580	사랑님	nad-a001-02-000000553654554	bsn-a001-00-000000013604308	21	11	529514	M	1	0	0	3	0
20261001	4291318	cmp-a001-02-000000010764328	grp-a001-02-000000069047580	에너지바	nad-a001-02-000000553654554	bsn-a001-00-000000013604308	21	09	791888	M	2	0	0	2	0
20261001	4291318	cmp-a001-02-000000010764328	grp-a001-02-000000069047580	단백질간식	nad-a001-02-000000553654558	bsn-a001-00-000000013604308	21	11	8753	M	1	0	0	3	0
20261001	4291318	cmp-a001-02-000000010764328	grp-a001-02-000000069047580	단백질쉐이크	nad-a001-02-000000553654562	bsn-a001-00-000000013604308	21	11	33421	M	10	0	0	66	0
20261001	4291318	cmp-a001-02-000000010764328	grp-a001-02-000000069047580	스토어	nad-a001-02-000000541753997	bsn-a001-00-000000013604308	21	00	98128	M	4	0	0	12	0
20261001	4291318	cmp-a001-02-000000010764328	grp-a001-02-000000069047580	스토어	nad-a001-02-000000541753997	bsn-a001-00-000000013604308	21	01	98128	M	6	0	0	6	0
20261001	4291318	cmp-a001-02-000000010764328	grp-a001-02-000000069047580	단백질보충제추천	nad-a001-02-000000553654562	bsn-a001-00-000000013604308	21	09	8753	M	2	0	0	9	0
20261001	4291318	cmp-a001-02-000000010764328	grp-a001-02-000000069047580	단백질보충제	nad-a001-02-000000553654562	bsn-a001-00-000000013604308	21	02	33421	M	4	0	0	24	0
20261001	4291318	cmp-a001-02-000000010764328	grp-a001-02-000000069047580	단백질쉐이크	nad-a001-02-000000553654562	bsn-a001-00-000000013604308	21	11	529514	M	123	0	0	257	0
20261001	4291318	cmp-a001-02-000000010764328	grp-a001-02-000000069047580	황성주생식	nad-a001-02-000000541753996	bsn-a001-00-000000013604308	21	09	612594	M	1	0	0	3	0
20261001	4291318	cmp-a001-02-000000010764328	grp-a001-02-000000069047580	쉐이크	nad-a001-02-000000553654562	bsn-a001-00-000000013604308	21	18	8753	M	1	0	0	6	0
20261001	4291318	cmp-a001-02-000000010764328	grp-a001-02-000000069047580	칼로리바	nad-a001-02-000000553654554	bsn-a001-00-000000013604308	21	06	8753	M	1	0	0	1	0
20261001	4291318	cmp-a001-02-000000010764328	grp-a001-02-000000069047580	도토리가루보관방법	nad-a001-02-000000541753996	bsn-a001-00-000000013604308	21	99	8753	M	1	0	0	4	0
20261001	4291318	cmp-a001-02-000000010764328	grp-a001-02-000000069047580	에너지바PPL	nad-a001-02-000000553654558	bsn-a001-00-000000013604308	21	10	8753	M	1	0	0	5	0
20261001	4291318	cmp-a001-02-000000010764328	grp-a001-02-000000069047580	황성주생식	nad-a001-02-000000541754005	bsn-a001-00-000000013604308	21	16	8753	M	1	0	0	6	0
20261001	4291318	cmp-a001-02-000000010764328	grp-a001-02-000000069047580	사랑님	nad-a001-02-000000553654558	bsn-a001-00-000000013604308	21	09	529514	M	7	0	0	17	0
20261001	4291318	cmp-a001-02-000000010764328	grp-a001-02-000000069047580	단백질바	nad-a001-02-000000553654558	bsn-a001-00-000000013604308	21	11	529514	M	6	0	0	12	0
20261001	4291318	cmp-a001-02-000000010764328	grp-a001-02-000000069047580	REKIND단백질바	nad-a001-02-000000553654554	bsn-a001-00-000000013604308	21	02	8753	M	1	0	0	1	0
20261001	4291318	cmp-a001-02-000000010764328	grp-a001-02-000000069047580	단백질	nad-a001-02-000000553654562	bsn-a001-00-000000013604308	21	03	791888	M	3	0	0	7	0
20261001	4291318	cmp-a001-02-000000010764328	grp-a001-02-000000069047580	단백질쉐이크추천	nad-a001-02-000000553654562	bsn-a001-00-000000013604308	21	07	8753	M	1	0	0	5	0
20261001	4291318	cmp-a001-02-000000010764328	grp-a001-02-000000069047580	단백질	nad-a001-02-000000553654562	bsn-a001-00-000000013604308	21	02	87620	M	6	0	0	6	0
20261001	4291318	cmp-a001-02-000000010764328	grp-a001-02-000000069047580	프로틴단백질	nad-a001-02-000000553654562	bsn-a001-00-000000013604308	21	02	8753	M	2	0	0	7	0
20261001	4291318	cmp-a001-02-000000010764328	grp-a001-02-000000069047580	단백질바	nad-a001-02-000000553654554	bsn-a001-00-000000013604308	21	18	33421	M	1	0	0	1	0
20261001	4291318	cmp-a001-02-000000010764328	grp-a001-02-000000069047580	프로틴	nad-a001-02-000000553654562	bsn-a001-00-000000013604308	21	03	8753	M	4	0	0	14	0
20261001	4291318	cmp-a001-02-000000010764328	grp-a001-02-000000069047580	식사대용으로먹을민한거?	nad-a001-02-000000541754004	bsn-a001-00-000000013604308	21	09	8753	M	1	0	0	2	0
20261001	4291318	cmp-a001-02-000000010764328	grp-a001-02-000000069047580	단백질바	nad-a001-02-000000553654554	bsn-a001-00-000000013604308	21	08	529514	M	18	0	0	22	0
20261001	4291318	cmp-a001-02-000000010764328	grp-a001-02-000000069047580	오고당프로틴바	nad-a001-02-000000553654554	bsn-a001-00-000000013604308	21	02	8753	M	1	0	0	1	0
20261001	4291318	cmp-a001-02-000000010764328	grp-a001-02-000000069047580	칼로리바	nad-a001-02-000000553654554	bsn-a001-00-000000013604308	21	09	684924	M	1	0	0	1	0
20261001	4291318	cmp-a001-02-000000010764328	grp-a001-02-000000069047580	칼로리바	nad-a001-02-000000553654554	bsn-a001-00-000000013604308	21	15	8753	M	1	0	0	1	0
20261001	4291318	cmp-a001-02-000000010764328	grp-a001-02-000000069047580	젤리	nad-a001-02-000000541753985	bsn-a001-00-000000013604308	21	06	98128	M	3	0	0	7	0
20261001	4291318	cmp-a001-02-000000010764328	grp-a001-02-000000069047580	식품브랜드마케터	nad-a001-02-000000541754004	bsn-a001-00-000000013604308	21	13	8753	M	1	0	0	2	0
20261001	4291318	cmp-a001-02-000000010764328	grp-a001-02-000000069047580	쉐이크	nad-a001-02-000000553654562	bsn-a001-00-000000013604308	21	02	27758	P	1	0	0	3	0
20261001	4291318	cmp-a001-02-000000010764328	grp-a001-02-000000069047580	단백질섭취량	nad-a001-02-000000553654562	bsn-a001-00-000000013604308	21	02	8753	M	5	0	0	11	0
20261001	4291318	cmp-a001-02-000000010764328	grp-a001-02-000000069047580	단백질쉐이크맛	nad-a001-02-000000553654562	bsn-a001-00-000000013604308	21	08	8753	M	1	0	0	2	0
20261001	4291318	cmp-a001-02-000000010764328	grp-a001-02-000000069047580	약국푸룬젤리섭취	nad-a001-02-000000541753985	bsn-a001-00-000000013604308	21	02	8753	M	2	0	0	3	0
20261001	4291318	cmp-a001-02-000000010764328	grp-a001-02-000000069047580	GR시리얼바	nad-a001-02-000000553654558	bsn-a001-00-000000013604308	21	02	8753	M	3	0	0	14	0
20261001	4291318	cmp-a001-02-000000010764328	grp-a001-02-000000069047580	단백질간식	nad-a001-02-000000553654558	bsn-a001-00-000000013604308	21	03	8753	M	1	0	0	3	0
20261001	4291318	cmp-a001-02-000000010764328	grp-a001-02-000000069047580	프로틴쉐이크추천	nad-a001-02-000000553654562	bsn-a001-00-000000013604308	21	02	8753	M	1	0	0	1	0
20261001	4291318	cmp-a001-02-000000010764328	grp-a001-02-000000069047580	단백질바	nad-a001-02-000000553654558	bsn-a001-00-000000013604308	21	09	33421	M	3	0	0	12	0
20261001	4291318	cmp-a001-02-000000010764328	grp-a001-02-000000069047580	식사대용	nad-a001-02-000000553654562	bsn-a001-00-000000013604308	21	09	684925	P	1	0	0	1	0
20261001	4291318	cmp-a001-02-000000010764328	grp-a001-02-000000069047580	GR프로틴바	nad-a001-02-000000553654558	bsn-a001-00-000000013604308	21	18	8753	M	1	0	0	3	0
20261001	4291318	cmp-a001-02-000000010764328	grp-a001-02-000000069047580	단백질바	nad-a001-02-000000553654558	bsn-a001-00-000000013604308	21	11	33421	M	1	0	0	2	0
20261001	4291318	cmp-a001-02-000000010764328	grp-a001-02-000000069047580	에너지바	nad-a001-02-000000553654554	bsn-a001-00-000000013604308	21	07	8753	M	2	0	0	2	0
20261001	4291318	cmp-a001-02-000000010764328	grp-a001-02-000000069047580	단백질쉐이크추천	nad-a001-02-000000553654562	bsn-a001-00-000000013604308	21	14	8753	M	1	0	0	4	0
20261001	4291318	cmp-a001-02-000000010764328	grp-a001-02-000000069047580	식물성프로틴	nad-a001-02-000000553654562	bsn-a001-00-000000013604308	21	99	33421	M	1	0	0	4	0
20261001	4291318	cmp-a001-02-000000010764328	grp-a001-02-000000069047580	5001262050013360	nad-a001-02-000000541753996	bsn-a001-00-000000013604308	21	09	33421	M	3	0	0	42	0
20261001	4291318	cmp-a001-02-000000010764328	grp-a001-02-000000069047580	쿠팡할부침가루	nad-a001-02-000000541753997	bsn-a001-00-000000013604308	21	16	8753	M	1	0	0	3	0
20261001	4291318	cmp-a001-02-000000010764328	grp-a001-02-000000069047580	초코에너지바추천	nad-a001-02-000000553654554	bsn-a001-00-000000013604308	21	02	684924	M	1	0	0	1	0
20261001	4291318	cmp-a001-02-000000010764328	grp-a001-02-000000069047580	노블푸드생식	nad-a001-02-000000541754005	bsn-a001-00-000000013604308	21	02	8753	M	2	0	0	10	0
20261001	4291318	cmp-a001-02-000000010764328	grp-a001-02-000000069047580	프로틴단백질	nad-a001-02-000000553654562	bsn-a001-00-000000013604308	21	09	98128	M	2	0	0	2	0
20261001	4291318	cmp-a001-02-000000010764328	grp-a001-02-000000069047580	단백질쉐이크	nad-a001-02-000000553654562	bsn-a001-00-000000013604308	21	10	33421	M	2	0	0	15	0
20261001	4291318	cmp-a001-02-000000010764328	grp-a001-02-000000069047580	프로틴	nad-a001-02-000000553654562	bsn-a001-00-000000013604308	21	99	137281	M	4	0	0	4	0
20261001	4291318	cmp-a001-02-000000010764328	grp-a001-02-000000069047580	젤리	nad-a001-02-000000541753985	bsn-a001-00-000000013604308	21	07	87620	M	1	0	0	4	0
20261001	4291318	cmp-a001-02-000000010764328	grp-a001-02-000000069047580	단백질	nad-a001-02-000000553654562	bsn-a001-00-000000013604308	21	11	8753	M	4	0	0	7	0
20261001	4291318	cmp-a001-02-000000010764328	grp-a001-02-000000069047580	GR프로틴바	nad-a001-02-000000553654554	bsn-a001-00-000000013604308	21	02	8753	M	2	0	0	2	0
20261001	4291318	cmp-a001-02-000000010764328	grp-a001-02-000000069047580	단백질쉐이크식물성	nad-a001-02-000000553654562	bsn-a001-00-000000013604308	21	09	8753	M	1	0	0	1	0
20261001	4291318	cmp-a001-02-000000010764328	grp-a001-02-000000069047580	단백질	nad-a001-02-000000553654562	bsn-a001-00-000000013604308	21	07	529514	M	8	0	0	8	0
20261001	4291318	cmp-a001-02-000000010764328	grp-a001-02-000000069047580	단백질보충제추천	nad-a001-02-000000553654562	bsn-a001-00-000000013604308	21	02	8753	M	1	0	0	4	0
20261001	4291318	cmp-a001-02-000000010764328	grp-a001-02-000000069047580	프로틴	nad-a001-02-000000553654562	bsn-a001-00-000000013604308	21	11	768323	M	26	0	0	45	0
20261001	4291318	cmp-a001-02-000000010764328	grp-a001-02-000000069047580	하루단백질섭취량	nad-a001-02-000000553654562	bsn-a001-00-000000013604308	21	08	8753	M	1	0	0	3	0
20261001	4291318	cmp-a001-02-000000010764328	grp-a001-02-000000069047580	프로틴	nad-a001-02-000000553654562	bsn-a001-00-000000013604308	21	06	529514	M	15	0	0	15	0
20261001	4291318	cmp-a001-02-000000010764328	grp-a001-02-000000069047580	단백질쉐이크	nad-a001-02-000000553654562	bsn-a001-00-000000013604308	21	11	8753	M	11	0	0	54	0
20261001	4291318	cmp-a001-02-000000010764328	grp-a001-02-000000069047580	GR프로틴바	nad-a001-02-000000553654554	bsn-a001-00-000000013604308	21	09	8753	M	2	0	0	2	0
20261001	4291318	cmp-a001-02-000000010764328	grp-a001-02-000000069047580	프로틴추천	nad-a001-02-000000553654562	bsn-a001-00-000000013604308	21	18	8753	M	1	0	0	3	0
20261001	4291318	cmp-a001-02-000000010764328	grp-a001-02-000000069047580	사랑	nad-a001-02-000000553654558	bsn-a001-00-000000013604308	21	99	98128	M	4	0	0	12	0
20261001	4291318	cmp-a001-02-000000010764328	grp-a001-02-000000069047580	쉐이크	nad-a001-02-000000553654562	bsn-a001-00-000000013604308	21	11	98128	M	2	0	0	2	0
20261001	4291318	cmp-a001-02-000000010764328	grp-a001-02-000000069047580	칼로리바	nad-a001-02-000000553654558	bsn-a001-00-000000013604308	21	15	8753	M	1	0	0	2	0
20261001	4291318	cmp-a001-02-000000010764328	grp-a001-02-000000069047580	프로틴파우더	nad-a001-02-000000553654562	bsn-a001-00-000000013604308	21	07	529514	M	2	0	0	2	0
20261001	4291318	cmp-a001-02-000000010764328	grp-a001-02-000000069047580	PROTEIN	nad-a001-02-000000553654562	bsn-a001-00-000000013604308	21	09	529514	M	9	0	0	9	0
20261001	4291318	cmp-a001-02-000000010764328	grp-a001-02-000000069047580	단백질쉐이크추천	nad-a001-02-000000553654562	bsn-a001-00-000000013604308	21	11	8753	M	1	0	0	4	0
20261001	4291318	cmp-a001-02-000000010764328	grp-a001-02-000000069047580	가루	nad-a001-02-000000541753997	bsn-a001-00-000000013604308	21	09	98128	M	1	0	0	3	0
20261001	4291318	cmp-a001-02-000000010764328	grp-a001-02-000000069047580	프로틴바	nad-a001-02-000000553654558	bsn-a001-00-000000013604308	21	18	529514	M	11	0	0	18	0
20261001	4291318	cmp-a001-02-000000010764328	grp-a001-02-000000069047580	프로틴	nad-a001-02-000000553654562	bsn-a001-00-000000013604308	21	10	8753	M	2	0	0	5	0
20261001	4291318	cmp-a001-02-000000010764328	grp-a001-02-000000069047580	단백질	nad-a001-02-000000553654562	bsn-a001-00-000000013604308	21	09	8753	M	7	0	0	12	0
20261001	4291318	cmp-a001-02-000000010764328	grp-a001-02-000000069047580	단백질바	nad-a001-02-000000553654554	bsn-a001-00-000000013604308	21	99	33421	M	1	0	0	1	0
20261001	4291318	cmp-a001-02-000000010764328	grp-a001-02-000000069047580	보충제	nad-a001-02-000000553654562	bsn-a001-00-000000013604308	21	11	137281	M	1	0	0	1	0
20261001	4291318	cmp-a001-02-000000010764328	grp-a001-02-000000069047580	사랑	nad-a001-02-000000553654554	bsn-a001-00-000000013604308	21	18	98128	M	1	0	0	2	0
20261001	4291318	cmp-a001-02-000000010764328	grp-a001-02-000000069047580	GR시리얼바	nad-a001-02-000000553654554	bsn-a001-00-000000013604308	21	02	8753	M	3	0	0	3	0
20261001	4291318	cmp-a001-02-000000010764328	grp-a001-02-000000069047580	프로틴바	nad-a001-02-000000553654559	bsn-a001-00-000000013604308	21	99	87620	M	1	0	0	5	0
20261001	4291318	cmp-a001-02-000000010764328	grp-a001-02-000000069047580	연준단백질쉐이크	nad-a001-02-000000553654562	bsn-a001-00-000000013604308	21	10	8753	M	1	0	0	1	0
20261001	4291318	cmp-a001-02-000000010764328	grp-a001-02-000000069047580	쉐이크	nad-a001-02-000000553654562	bsn-a001-00-000000013604308	21	09	684925	P	1	0	0	1	0
20261001	4291318	cmp-a001-02-000000010764328	grp-a001-02-000000069047580	식물성단백질쉐이크	nad-a001-02-000000553654562	bsn-a001-00-000000013604308	21	11	8753	M	2	0	0	4	0
20261001	4291318	cmp-a001-02-000000010764328	grp-a001-02-000000069047580	젤리	nad-a001-02-000000541753985	bsn-a001-00-000000013604308	21	08	98128	M	1	0	0	1	0
20261001	4291318	cmp-a001-02-000000010764328	grp-a001-02-000000069047580	사랑	nad-a001-02-000000553654554	bsn-a001-00-000000013604308	21	07	98128	M	1	0	0	2	0
20261001	4291318	cmp-a001-02-000000010764328	grp-a001-02-000000069047580	단백질보충제	nad-a001-02-000000553654562	bsn-a001-00-000000013604308	21	06	684926	M	2	0	0	16	0
20261001	4291318	cmp-a001-02-000000010764328	grp-a001-02-000000069047580	단백질바	nad-a001-02-000000553654558	bsn-a001-00-000000013604308	21	99	33421	M	1	0	0	2	0
20261001	4291318	cmp-a001-02-000000010764328	grp-a001-02-000000069047580	프로틴	nad-a001-02-000000553654562	bsn-a001-00-000000013604308	21	10	684925	P	1	0	0	1	0
20261001	4291318	cmp-a001-02-000000010764328	grp-a001-02-000000069047580	프로틴쉐이크	nad-a001-02-000000553654562	bsn-a001-00-000000013604308	21	09	98128	M	4	0	0	4	0
20261001	4291318	cmp-a001-02-000000010764328	grp-a001-02-000000069047580	에너지바	nad-a001-02-000000553654554	bsn-a001-00-000000013604308	21	15	33421	M	1	0	0	1	0
20261001	4291318	cmp-a001-02-000000010764328	grp-a001-02-000000069047580	황성주생식	nad-a001-02-000000541753988	bsn-a001-00-000000013604308	21	08	529514	M	3	0	0	21	0
20261001	4291318	cmp-a001-02-000000010764328	grp-a001-02-000000069047580	단백질쉐이크	nad-a001-02-000000553654562	bsn-a001-00-000000013604308	21	02	8753	M	18	0	0	85	0
20261001	4291318	cmp-a001-02-000000010764328	grp-a001-02-000000069047580	강경민단백질쉐이크	nad-a001-02-000000553654562	bsn-a001-00-000000013604308	21	02	8753	M	1	0	0	2	0
20261001	4291318	cmp-a001-02-000000010764328	grp-a001-02-000000069047580	식물성단백질	nad-a001-02-000000553654562	bsn-a001-00-000000013604308	21	04	8753	M	1	0	0	3	0
20261001	4291318	cmp-a001-02-000000010764328	grp-a001-02-000000069047580	프로틴단백질	nad-a001-02-000000553654562	bsn-a001-00-000000013604308	21	01	8753	M	1	0	0	4	0
20261001	4291318	cmp-a001-02-000000010764328	grp-a001-02-000000069047580	쉐이크	nad-a001-02-000000553654562	bsn-a001-00-000000013604308	21	00	98128	M	1	0	0	1	0
20261001	4291318	cmp-a001-02-000000010764328	grp-a001-02-000000069047580	프로틴	nad-a001-02-000000553654562	bsn-a001-00-000000013604308	21	14	33421	M	5	0	0	34	0
20261001	4291318	cmp-a001-02-000000010764328	grp-a001-02-000000069047580	단백질	nad-a001-02-000000553654562	bsn-a001-00-000000013604308	21	16	8753	M	1	0	0	2	0
20261001	4291318	cmp-a001-02-000000010764328	grp-a001-02-000000069047580	단백질보충제뇨단백	nad-a001-02-000000553654562	bsn-a001-00-000000013604308	21	02	8753	M	1	0	0	3	0
20261001	4291318	cmp-a001-02-000000010764328	grp-a001-02-000000069047580	단백질바	nad-a001-02-000000553654554	bsn-a001-00-000000013604308	21	14	33421	M	1	0	0	1	0
20261001	4291318	cmp-a001-02-000000010764328	grp-a001-02-000000069047580	젤리	nad-a001-02-000000541753985	bsn-a001-00-000000013604308	21	14	98128	M	2	0	0	2	0
20261001	4291318	cmp-a001-02-000000010764328	grp-a001-02-000000069047580	프로틴바	nad-a001-02-000000553654559	bsn-a001-00-000000013604308	21	02	529514	M	22	0	0	81	0
20261001	4291318	cmp-a001-02-000000010764328	grp-a001-02-000000069047580	동물성단백질에너지바	nad-a001-02-000000553654558	bsn-a001-00-000000013604308	21	02	8753	M	1	0	0	4	0
20261001	4291318	cmp-a001-02-000000010764328	grp-a001-02-000000069047580	균형영양식	nad-a001-02-000000541753965	bsn-a001-00-000000013604308	21	04	87620	M	1	0	0	2	0
20261001	4291318	cmp-a001-02-000000010764328	grp-a001-02-000000069047580	식품브랜드마케터	nad-a001-02-000000541753996	bsn-a001-00-000000013604308	21	18	8753	M	1	0	0	3	0
20261001	4291318	cmp-a001-02-000000010764328	grp-a001-02-000000069047580	단백질바	nad-a001-02-000000553654554	bsn-a001-00-000000013604308	21	06	8753	M	2	1	2257	2	0
20261001	4291318	cmp-a001-02-000000010764328	grp-a001-02-000000069047580	젤리	nad-a001-02-000000541753985	bsn-a001-00-000000013604308	21	11	98128	M	4	0	0	4	0
20261001	4291318	cmp-a001-02-000000010764328	grp-a001-02-000000069047580	젤리	nad-a001-02-000000541753985	bsn-a001-00-000000013604308	21	08	609155	M	1	0	0	1	0
20261001	4291318	cmp-a001-02-000000010764328	grp-a001-02-000000069047580	분말	nad-a001-02-000000541754004	bsn-a001-00-000000013604308	21	02	529514	M	8	0	0	16	0
20261001	4291318	cmp-a001-02-000000010764328	grp-a001-02-000000069047580	단백질바GR	nad-a001-02-000000553654558	bsn-a001-00-000000013604308	21	18	8753	M	1	0	0	3	0
20261001	4291318	cmp-a001-02-000000010764328	grp-a001-02-000000069047580	GR프로틴바	nad-a001-02-000000553654558	bsn-a001-00-000000013604308	21	18	33421	M	1	0	0	5	0
20261001	4291318	cmp-a001-02-000000010764328	grp-a001-02-000000069047580	식물성단백질	nad-a001-02-000000553654562	bsn-a001-00-000000013604308	21	09	11068	P	1	0	0	7	0
20261001	4291318	cmp-a001-02-000000010764328	grp-a001-02-000000069047580	프로틴바	nad-a001-02-000000553654554	bsn-a001-00-000000013604308	21	02	27758	P	7	0	0	7	0
20261001	4291318	cmp-a001-02-000000010764328	grp-a001-02-000000069047580	오고당프로틴바	nad-a001-02-000000553654558	bsn-a001-00-000000013604308	21	02	8753	M	1	0	0	3	0
20261001	4291318	cmp-a001-02-000000010764328	grp-a001-02-000000069047580	가루	nad-a001-02-000000541753997	bsn-a001-00-000000013604308	21	09	609155	M	2	0	0	2	0
20261001	4291318	cmp-a001-02-000000010764328	grp-a001-02-000000069047580	에너지바	nad-a001-02-000000553654554	bsn-a001-00-000000013604308	21	14	33421	M	1	0	0	1	0
20261001	4291318	cmp-a001-02-000000010764328	grp-a001-02-000000069047580	로또1등도출근합니다프로틴바	nad-a001-02-000000553654554	bsn-a001-00-000000013604308	21	08	8753	M	1	0	0	1	0
20261001	4291318	cmp-a001-02-000000010764328	grp-a001-02-000000069047580	식사대용쉐이크	nad-a001-02-000000553654562	bsn-a001-00-000000013604308	21	15	684926	M	2	0	0	22	0
20261001	4291318	cmp-a001-02-000000010764328	grp-a001-02-000000069047580	단백질보충제	nad-a001-02-000000553654562	bsn-a001-00-000000013604308	21	99	8753	M	2	0	0	5	0
20261001	4291318	cmp-a001-02-000000010764328	grp-a001-02-000000069047580	칼로리바	nad-a001-02-000000553654559	bsn-a001-00-000000013604308	21	06	8753	M	1	0	0	3	0
20261001	4291318	cmp-a001-02-000000010764328	grp-a001-02-000000069047580	스토어	nad-a001-02-000000541753997	bsn-a001-00-000000013604308	21	11	98128	M	34	0	0	34	0
20261001	4291318	cmp-a001-02-000000010764328	grp-a001-02-000000069047580	단백질보충제	nad-a001-02-000000553654562	bsn-a001-00-000000013604308	21	13	8753	M	1	0	0	4	0
20261001	4291318	cmp-a001-02-000000010764328	grp-a001-02-000000069047580	에너지바	nad-a001-02-000000553654559	bsn-a001-00-000000013604308	21	00	27758	P	1	0	0	4	0
20261001	4291318	cmp-a001-02-000000010764328	grp-a001-02-000000069047580	사랑이	nad-a001-02-000000553654558	bsn-a001-00-000000013604308	21	99	529514	M	4	0	0	10	0
20261001	4291318	cmp-a001-02-000000010764328	grp-a001-02-000000069047580	단백질	nad-a001-02-000000553654562	bsn-a001-00-000000013604308	21	06	529514	M	2	0	0	2	0
20261001	4291318	cmp-a001-02-000000010764328	grp-a001-02-000000069047580	사랑님	nad-a001-02-000000553654558	bsn-a001-00-000000013604308	21	99	529514	M	8	0	0	20	0
20261001	4291318	cmp-a001-02-000000010764328	grp-a001-02-000000069047580	사랑님	nad-a001-02-000000553654558	bsn-a001-00-000000013604308	21	13	529514	M	2	0	0	5	0
20261001	4291318	cmp-a001-02-000000010764328	grp-a001-02-000000069047580	프로틴쉐이크	nad-a001-02-000000553654562	bsn-a001-00-000000013604308	21	99	529514	M	6	0	0	6	0
20261001	4291318	cmp-a001-02-000000010764328	grp-a001-02-000000069047580	옥자연단백질바	nad-a001-02-000000553654554	bsn-a001-00-000000013604308	21	04	8753	M	1	0	0	1	0
20261001	4291318	cmp-a001-02-000000010764328	grp-a001-02-000000069047580	영화관프로틴간식	nad-a001-02-000000553654554	bsn-a001-00-000000013604308	21	11	8753	M	2	0	0	4	0
20261001	4291318	cmp-a001-02-000000010764328	grp-a001-02-000000069047580	단백질바	nad-a001-02-000000553654558	bsn-a001-00-000000013604308	21	07	529514	M	1	0	0	2	0
20261001	4291318	cmp-a001-02-000000010764328	grp-a001-02-000000069047580	에너지바	nad-a001-02-000000553654558	bsn-a001-00-000000013604308	21	09	529514	M	10	0	0	15	0
20261001	4291318	cmp-a001-02-000000010764328	grp-a001-02-000000069047580	단백질쉐이크	nad-a001-02-000000553654562	bsn-a001-00-000000013604308	21	03	8753	M	6	0	0	36	0
20261001	4291318	cmp-a001-02-000000010764328	grp-a001-02-000000069047580	자이언츠크런치바	nad-a001-02-000000553654554	bsn-a001-00-000000013604308	21	02	8753	M	1	0	0	1	0
20261001	4291318	cmp-a001-02-000000010764328	grp-a001-02-000000069047580	젤리	nad-a001-02-000000541753985	bsn-a001-00-000000013604308	21	09	98128	M	5	0	0	5	0
20261001	4291318	cmp-a001-02-000000010764328	grp-a001-02-000000069047580	젤리	nad-a001-02-000000541753985	bsn-a001-00-000000013604308	21	06	87620	M	1	0	0	4	0
20261001	4291318	cmp-a001-02-000000010764328	grp-a001-02-000000069047580	프로틴바	nad-a001-02-000000553654554	bsn-a001-00-000000013604308	21	02	98128	M	4	0	0	4	0
20261001	4291318	cmp-a001-02-000000010764328	grp-a001-02-000000069047580	칼로리바	nad-a001-02-000000553654554	bsn-a001-00-000000013604308	21	02	684924	M	1	0	0	1	0
20261001	4291318	cmp-a001-02-000000010764328	grp-a001-02-000000069047580	스토어	nad-a001-02-000000541753997	bsn-a001-00-000000013604308	21	03	98128	M	4	0	0	4	0
20261001	4291318	cmp-a001-02-000000010764328	grp-a001-02-000000069047580	황성주생식	nad-a001-02-000000541754005	bsn-a001-00-000000013604308	21	13	791888	M	1	0	0	4	0
20261001	4291318	cmp-a001-02-000000010764328	grp-a001-02-000000069047580	프로틴	nad-a001-02-000000553654562	bsn-a001-00-000000013604308	21	14	529514	M	3	0	0	3	0
20261001	4291318	cmp-a001-02-000000010764328	grp-a001-02-000000069047580	프로틴쉐이크	nad-a001-02-000000553654562	bsn-a001-00-000000013604308	21	07	529514	M	1	0	0	1	0
20261001	4291318	cmp-a001-02-000000010764328	grp-a001-02-000000069047580	프로틴쉐이크	nad-a001-02-000000553654562	bsn-a001-00-000000013604308	21	04	8753	M	1	0	0	3	0
20261001	4291318	cmp-a001-02-000000010764328	grp-a001-02-000000069047580	보충제	nad-a001-02-000000553654562	bsn-a001-00-000000013604308	21	02	27758	P	1	0	0	2	0
20261001	4291318	cmp-a001-02-000000010764328	grp-a001-02-000000069047580	프로틴	nad-a001-02-000000553654562	bsn-a001-00-000000013604308	21	02	137281	M	8	0	0	8	0
20261001	4291318	cmp-a001-02-000000010764328	grp-a001-02-000000069047580	단백질	nad-a001-02-000000553654562	bsn-a001-00-000000013604308	21	02	137281	M	12	0	0	12	0
20261001	4291318	cmp-a001-02-000000010764328	grp-a001-02-000000069047580	에너지바	nad-a001-02-000000553654554	bsn-a001-00-000000013604308	21	10	33421	M	2	0	0	2	0
20261001	4291318	cmp-a001-02-000000010764328	grp-a001-02-000000069047580	초코에너지바추천	nad-a001-02-000000553654559	bsn-a001-00-000000013604308	21	02	8753	M	1	0	0	3	0
20261001	4291318	cmp-a001-02-000000010764328	grp-a001-02-000000069047580	에너지바	nad-a001-02-000000553654559	bsn-a001-00-000000013604308	21	14	529514	M	6	0	0	18	0
20261001	4291318	cmp-a001-02-000000010764328	grp-a001-02-000000069047580	PROTEIN	nad-a001-02-000000553654562	bsn-a001-00-000000013604308	21	18	612594	M	1	0	0	2	0
20261001	4291318	cmp-a001-02-000000010764328	grp-a001-02-000000069047580	에너지바	nad-a001-02-000000553654554	bsn-a001-00-000000013604308	21	02	791888	M	4	0	0	4	0
20261001	4291318	cmp-a001-02-000000010764328	grp-a001-02-000000069047580	식품브랜드마케터	nad-a001-02-000000541753997	bsn-a001-00-000000013604308	21	18	8753	M	1	0	0	1	0
20261001	4291318	cmp-a001-02-000000010764328	grp-a001-02-000000069047580	DANB단백질바	nad-a001-02-000000553654554	bsn-a001-00-000000013604308	21	09	8753	M	1	0	0	1	0
20261001	4291318	cmp-a001-02-000000010764328	grp-a001-02-000000069047580	다이어트쉐이크	nad-a001-02-000000553654562	bsn-a001-00-000000013604308	21	09	791889	P	1	0	0	6	0
20261001	4291318	cmp-a001-02-000000010764328	grp-a001-02-000000069047580	프로틴	nad-a001-02-000000553654562	bsn-a001-00-000000013604308	21	08	529514	M	44	0	0	44	0
20261001	4291318	cmp-a001-02-000000010764328	grp-a001-02-000000069047580	프로틴바단백질	nad-a001-02-000000553654558	bsn-a001-00-000000013604308	21	02	98128	M	1	0	0	2	0
20261001	4291318	cmp-a001-02-000000010764328	grp-a001-02-000000069047580	RECKA에너지바	nad-a001-02-000000553654558	bsn-a001-00-000000013604308	21	02	8753	M	1	0	0	5	0
20261001	4291318	cmp-a001-02-000000010764328	grp-a001-02-000000069047580	로또1등도출근공은태가먹는에너지바	nad-a001-02-000000553654554	bsn-a001-00-000000013604308	21	09	8753	M	1	0	0	1	0
20261001	4291318	cmp-a001-02-000000010764328	grp-a001-02-000000069047580	단백질	nad-a001-02-000000553654562	bsn-a001-00-000000013604308	21	09	684926	M	1	0	0	2	0
20261001	4291318	cmp-a001-02-000000010764328	grp-a001-02-000000069047580	에너지바	nad-a001-02-000000553654554	bsn-a001-00-000000013604308	21	11	23123	P	20	0	0	25	0
20261001	4291318	cmp-a001-02-000000010764328	grp-a001-02-000000069047580	단백질간식	nad-a001-02-000000553654559	bsn-a001-00-000000013604308	21	02	33421	M	1	0	0	8	0
20261001	4291318	cmp-a001-02-000000010764328	grp-a001-02-000000069047580	로또1등도출근합니다프로틴바	nad-a001-02-000000553654558	bsn-a001-00-000000013604308	21	08	8753	M	1	0	0	3	0
20261001	4291318	cmp-a001-02-000000010764328	grp-a001-02-000000069047580	에너지바	nad-a001-02-000000553654559	bsn-a001-00-000000013604308	21	09	791889	P	3	0	0	9	0
20261001	4291318	cmp-a001-02-000000010764328	grp-a001-02-000000069047580	황성주생식	nad-a001-02-000000541753988	bsn-a001-00-000000013604308	21	06	633013	M	1	0	0	5	0
20261001	4291318	cmp-a001-02-000000010764328	grp-a001-02-000000069047580	곡물쉐이크	nad-a001-02-000000553654562	bsn-a001-00-000000013604308	21	13	33421	M	1	0	0	7	0
20261001	4291318	cmp-a001-02-000000010764328	grp-a001-02-000000069047580	에너지바세트	nad-a001-02-000000553654558	bsn-a001-00-000000013604308	21	03	11068	P	2	0	0	8	0
20261001	4291318	cmp-a001-02-000000010764328	grp-a001-02-000000069047580	프로틴바	nad-a001-02-000000553654554	bsn-a001-00-000000013604308	21	10	529514	M	2	0	0	3	0
20261001	4291318	cmp-a001-02-000000010764328	grp-a001-02-000000069047580	단백질쉐이크	nad-a001-02-000000553654562	bsn-a001-00-000000013604308	21	00	98128	M	1	0	0	1	0
20261001	4291318	cmp-a001-02-000000010764328	grp-a001-02-000000069047580	프로틴바	nad-a001-02-000000553654554	bsn-a001-00-000000013604308	21	99	87620	M	1	0	0	1	0
20261001	4291318	cmp-a001-02-000000010764328	grp-a001-02-000000069047580	식물성프로틴	nad-a001-02-000000553654562	bsn-a001-00-000000013604308	21	02	8753	M	1	0	0	2	0
20261001	4291318	cmp-a001-02-000000010764328	grp-a001-02-000000069047580	프로틴	nad-a001-02-000000553654562	bsn-a001-00-000000013604308	21	01	768323	M	2	0	0	6	0
20261001	4291318	cmp-a001-02-000000010764328	grp-a001-02-000000069047580	젤리	nad-a001-02-000000541753985	bsn-a001-00-000000013604308	21	16	98128	M	3	0	0	3	0
20261001	4291318	cmp-a001-02-000000010764328	grp-a001-02-000000069047580	사랑님	nad-a001-02-000000553654554	bsn-a001-00-000000013604308	21	99	529514	M	8	0	0	20	0
20261001	4291318	cmp-a001-02-000000010764328	grp-a001-02-000000069047580	다이어트쉐이크	nad-a001-02-000000553654562	bsn-a001-00-000000013604308	21	09	768323	M	5	0	0	9	0
20261001	4291318	cmp-a001-02-000000010764328	grp-a001-02-000000069047580	단백질바	nad-a001-02-000000553654559	bsn-a001-00-000000013604308	21	06	529514	M	2	0	0	6	0
20261001	4291318	cmp-a001-02-000000010764328	grp-a001-02-000000069047580	에너지바	nad-a001-02-000000553654558	bsn-a001-00-000000013604308	21	15	33421	M	1	0	0	2	0
20261001	4291318	cmp-a001-02-000000010764328	grp-a001-02-000000069047580	하루단백질섭취량	nad-a001-02-000000553654562	bsn-a001-00-000000013604308	21	02	8753	M	3	0	0	8	0
20261001	4291318	cmp-a001-02-000000010764328	grp-a001-02-000000069047580	사탕젤리	nad-a001-02-000000541753985	bsn-a001-00-000000013604308	21	03	529514	M	2	0	0	4	0
20261001	4291318	cmp-a001-02-000000010764328	grp-a001-02-000000069047580	단백질간식	nad-a001-02-000000553654559	bsn-a001-00-000000013604308	21	02	8753	M	1	0	0	6	0
20261001	4291318	cmp-a001-02-000000010764328	grp-a001-02-000000069047580	프로틴	nad-a001-02-000000553654562	bsn-a001-00-000000013604308	21	06	768323	M	17	0	0	33	0
20261001	4291318	cmp-a001-02-000000010764328	grp-a001-02-000000069047580	프로틴	nad-a001-02-000000553654562	bsn-a001-00-000000013604308	21	04	768323	M	5	0	0	9	0
20261001	4291318	cmp-a001-02-000000010764328	grp-a001-02-000000069047580	단백질브랜드	nad-a001-02-000000553654562	bsn-a001-00-000000013604308	21	09	684925	P	1	0	0	1	0
20261001	4291318	cmp-a001-02-000000010764328	grp-a001-02-000000069047580	사탕젤리	nad-a001-02-000000541753985	bsn-a001-00-000000013604308	21	02	87620	M	2	0	0	10	0
20261001	4291318	cmp-a001-02-000000010764328	grp-a001-02-000000069047580	사랑하고	nad-a001-02-000000553654558	bsn-a001-00-000000013604308	21	03	98128	M	1	0	0	4	0
20261001	4291318	cmp-a001-02-000000010764328	grp-a001-02-000000069047580	일년에하루식사	nad-a001-02-000000553654562	bsn-a001-00-000000013604308	21	02	8753	M	2	0	0	2	0
20261001	4291318	cmp-a001-02-000000010764328	grp-a001-02-000000069047580	젤리	nad-a001-02-000000541753985	bsn-a001-00-000000013604308	21	99	87620	M	1	0	0	3	0
20261001	4291318	cmp-a001-02-000000010764328	grp-a001-02-000000069047580	영화관프로틴간식	nad-a001-02-000000553654558	bsn-a001-00-000000013604308	21	11	8753	M	2	0	0	10	0
20261001	4291318	cmp-a001-02-000000010764328	grp-a001-02-000000069047580	보충제	nad-a001-02-000000553654562	bsn-a001-00-000000013604308	21	02	684925	P	6	0	0	6	0
20261001	4291318	cmp-a001-02-000000010764328	grp-a001-02-000000069047580	단백질바GR	nad-a001-02-000000553654554	bsn-a001-00-000000013604308	21	03	8753	M	1	0	0	1	0
20261001	4291318	cmp-a001-02-000000010764328	grp-a001-02-000000069047580	단백질바	nad-a001-02-000000553654554	bsn-a001-00-000000013604308	21	08	8753	M	2	0	0	2	0
20261001	4291318	cmp-a001-02-000000010764328	grp-a001-02-000000069047580	단백질간식	nad-a001-02-000000553654558	bsn-a001-00-000000013604308	21	02	33421	M	1	0	0	3	0
20261001	4291318	cmp-a001-02-000000010764328	grp-a001-02-000000069047580	생식가루	nad-a001-02-000000541753997	bsn-a001-00-000000013604308	21	10	8753	M	1	0	0	1	0
20261001	4291318	cmp-a001-02-000000010764328	grp-a001-02-000000069047580	단백질쉐이크	nad-a001-02-000000553654562	bsn-a001-00-000000013604308	21	18	684926	M	1	0	0	17	0
20261001	4291318	cmp-a001-02-000000010764328	grp-a001-02-000000069047580	균형영양식	nad-a001-02-000000541753965	bsn-a001-00-000000013604308	21	11	529514	M	4	0	0	8	0
20261001	4291318	cmp-a001-02-000000010764328	grp-a001-02-000000069047580	칼로리바	nad-a001-02-000000553654554	bsn-a001-00-000000013604308	21	18	684924	M	2	0	0	2	0
20261001	4291318	cmp-a001-02-000000010764328	grp-a001-02-000000069047580	이마트트레이더스에너지바	nad-a001-02-000000553654558	bsn-a001-00-000000013604308	21	11	8753	M	1	0	0	5	0
20261001	4291318	cmp-a001-02-000000010764328	grp-a001-02-000000069047580	프로틴쉐이크	nad-a001-02-000000553654562	bsn-a001-00-000000013604308	21	16	8753	M	1	0	0	3	0
20261001	4291318	cmp-a001-02-000000010764328	grp-a001-02-000000069047580	프로틴바	nad-a001-02-000000553654554	bsn-a001-00-000000013604308	21	18	8753	M	2	0	0	2	0
20261001	4291318	cmp-a001-02-000000010764328	grp-a001-02-000000069047580	GR프로틴바	nad-a001-02-000000553654554	bsn-a001-00-000000013604308	21	18	8753	M	1	0	0	1	0
20261001	4291318	cmp-a001-02-000000010764328	grp-a001-02-000000069047580	스토어	nad-a001-02-000000541753997	bsn-a001-00-000000013604308	21	08	98128	M	11	0	0	11	0
20261001	4291318	cmp-a001-02-000000010764328	grp-a001-02-000000069047580	보충제	nad-a001-02-000000553654562	bsn-a001-00-000000013604308	21	02	8753	M	2	0	0	3	0
20261001	4291318	cmp-a001-02-000000010764328	grp-a001-02-000000069047580	식사대용	nad-a001-02-000000553654562	bsn-a001-00-000000013604308	21	17	529514	M	2	0	0	6	0
20261001	4291318	cmp-a001-02-000000010764328	grp-a001-02-000000069047580	식물성단백질	nad-a001-02-000000553654562	bsn-a001-00-000000013604308	21	02	33421	M	1	0	0	3	0
20261001	4291318	cmp-a001-02-000000010764328	grp-a001-02-000000069047580	단백질간식	nad-a001-02-000000553654558	bsn-a001-00-000000013604308	21	02	8753	M	2	0	0	6	0
20261001	4291318	cmp-a001-02-000000010764328	grp-a001-02-000000069047580	프로틴바	nad-a001-02-000000553654558	bsn-a001-00-000000013604308	21	09	27758	P	7	0	0	16	0
20261001	4291318	cmp-a001-02-000000010764328	grp-a001-02-000000069047580	젤리	nad-a001-02-000000541753985	bsn-a001-00-000000013604308	21	18	33421	M	1	0	0	1	0
20261001	4291318	cmp-a001-02-000000010764328	grp-a001-02-000000069047580	젤리	nad-a001-02-000000541753985	bsn-a001-00-000000013604308	21	13	768323	M	3	0	0	3	0
20261001	4291318	cmp-a001-02-000000010764328	grp-a001-02-000000069047580	단백질바	nad-a001-02-000000553654554	bsn-a001-00-000000013604308	21	13	529514	M	11	0	0	11	0
20261001	4291318	cmp-a001-02-000000010764328	grp-a001-02-000000069047580	단백질바	nad-a001-02-000000553654559	bsn-a001-00-000000013604308	21	09	529514	M	35	0	0	183	0
20261001	4291318	cmp-a001-02-000000010764328	grp-a001-02-000000069047580	프로틴쉐이크추천	nad-a001-02-000000553654562	bsn-a001-00-000000013604308	21	11	684925	P	1	0	0	1	0
20261001	4291318	cmp-a001-02-000000010764328	grp-a001-02-000000069047580	식사대용으로먹을민한거?	nad-a001-02-000000541753997	bsn-a001-00-000000013604308	21	09	8753	M	1	0	0	1	0
20261001	4291318	cmp-a001-02-000000010764328	grp-a001-02-000000069047580	노블푸드생식	nad-a001-02-000000541754004	bsn-a001-00-000000013604308	21	02	8753	M	2	0	0	4	0
20261001	4291318	cmp-a001-02-000000010764328	grp-a001-02-000000069047580	쑤니맘단백질바	nad-a001-02-000000553654554	bsn-a001-00-000000013604308	21	02	8753	M	1	0	0	1	0
20261001	4291318	cmp-a001-02-000000010764328	grp-a001-02-000000069047580	에너지바	nad-a001-02-000000553654558	bsn-a001-00-000000013604308	21	09	791889	P	3	0	0	6	0
20261001	4291318	cmp-a001-02-000000010764328	grp-a001-02-000000069047580	에너지바	nad-a001-02-000000553654558	bsn-a001-00-000000013604308	21	11	27758	P	1	0	0	3	0
20261001	4291318	cmp-a001-02-000000010764328	grp-a001-02-000000069047580	에너지바	nad-a001-02-000000553654559	bsn-a001-00-000000013604308	21	02	684926	M	2	0	0	14	0
20261001	4291318	cmp-a001-02-000000010764328	grp-a001-02-000000069047580	동충화초분말식약처인증	nad-a001-02-000000541753997	bsn-a001-00-000000013604308	21	10	8753	M	1	0	0	1	0
20261001	4291318	cmp-a001-02-000000010764328	grp-a001-02-000000069047580	하루단백질섭취량	nad-a001-02-000000553654562	bsn-a001-00-000000013604308	21	07	8753	M	1	0	0	5	0
20261001	4291318	cmp-a001-02-000000010764328	grp-a001-02-000000069047580	프로틴쉐이크	nad-a001-02-000000553654562	bsn-a001-00-000000013604308	21	02	529514	M	43	0	0	43	0
20261001	4291318	cmp-a001-02-000000010764328	grp-a001-02-000000069047580	단백질보충제	nad-a001-02-000000553654562	bsn-a001-00-000000013604308	21	01	87620	M	3	0	0	3	0
20261001	4291318	cmp-a001-02-000000010764328	grp-a001-02-000000069047580	도윤픽단백질바	nad-a001-02-000000553654554	bsn-a001-00-000000013604308	21	09	8753	M	1	0	0	1	0
20261001	4291318	cmp-a001-02-000000010764328	grp-a001-02-000000069047580	에너지바	nad-a001-02-000000553654559	bsn-a001-00-000000013604308	21	01	8753	M	1	0	0	12	0
20261001	4291318	cmp-a001-02-000000010764328	grp-a001-02-000000069047580	단백질프로틴추천	nad-a001-02-000000553654562	bsn-a001-00-000000013604308	21	09	8753	M	2	1	3904	6	0
20261001	4291318	cmp-a001-02-000000010764328	grp-a001-02-000000069047580	다이어트하루권장단백질	nad-a001-02-000000553654562	bsn-a001-00-000000013604308	21	06	8753	M	1	0	0	4	0
20261001	4291318	cmp-a001-02-000000010764328	grp-a001-02-000000069047580	식품브랜드마케터	nad-a001-02-000000541753997	bsn-a001-00-000000013604308	21	11	8753	M	1	0	0	1	0
20261001	4291318	cmp-a001-02-000000010764328	grp-a001-02-000000069047580	사랑	nad-a001-02-000000553654554	bsn-a001-00-000000013604308	21	09	529514	M	1	0	0	2	0
20261001	4291318	cmp-a001-02-000000010764328	grp-a001-02-000000069047580	크런치슈	nad-a001-02-000000553654554	bsn-a001-00-000000013604308	21	03	8753	M	1	0	0	3	0
20261001	4291318	cmp-a001-02-000000010764328	grp-a001-02-000000069047580	젤리	nad-a001-02-000000541753985	bsn-a001-00-000000013604308	21	10	8753	M	1	0	0	2	0
20261001	4291318	cmp-a001-02-000000010764328	grp-a001-02-000000069047580	다이어트쉐이크	nad-a001-02-000000553654562	bsn-a001-00-000000013604308	21	08	768323	M	1	0	0	2	0
20261001	4291318	cmp-a001-02-000000010764328	grp-a001-02-000000069047580	단백질보충제	nad-a001-02-000000553654562	bsn-a001-00-000000013604308	21	99	529514	M	1	0	0	1	0
20261001	4291318	cmp-a001-02-000000010764328	grp-a001-02-000000069047580	쉐이크단백질	nad-a001-02-000000553654562	bsn-a001-00-000000013604308	21	09	684925	P	1	0	0	1	0
20261001	4291318	cmp-a001-02-000000010764328	grp-a001-02-000000069047580	사랑님	nad-a001-02-000000553654554	bsn-a001-00-000000013604308	21	04	529514	M	13	0	0	33	0
20261001	4291318	cmp-a001-02-000000010764328	grp-a001-02-000000069047580	단백질바	nad-a001-02-000000553654558	bsn-a001-00-000000013604308	21	06	33421	M	1	0	0	2	0
20261001	4291318	cmp-a001-02-000000010764328	grp-a001-02-000000069047580	단백질보충제	nad-a001-02-000000553654562	bsn-a001-00-000000013604308	21	09	98128	M	1	0	0	2	0
20261001	4291318	cmp-a001-02-000000010764328	grp-a001-02-000000069047580	프로틴바	nad-a001-02-000000553654554	bsn-a001-00-000000013604308	21	03	27758	P	3	0	0	3	0
20261001	4291318	cmp-a001-02-000000010764328	grp-a001-02-000000069047580	단백질쉐이크추천	nad-a001-02-000000553654562	bsn-a001-00-000000013604308	21	18	798056	M	1	0	0	1	0
20261001	4291318	cmp-a001-02-000000010764328	grp-a001-02-000000069047580	단백질보충제추천	nad-a001-02-000000553654562	bsn-a001-00-000000013604308	21	07	8753	M	1	0	0	5	0
20261001	4291318	cmp-a001-02-000000010764328	grp-a001-02-000000069047580	단백질	nad-a001-02-000000553654562	bsn-a001-00-000000013604308	21	18	684927	P	2	0	0	4	0
20261001	4291318	cmp-a001-02-000000010764328	grp-a001-02-000000069047580	식품브랜드마케터	nad-a001-02-000000541753996	bsn-a001-00-000000013604308	21	02	8753	M	1	0	0	3	0
20261001	4291318	cmp-a001-02-000000010764328	grp-a001-02-000000069047580	단백질파우더	nad-a001-02-000000553654562	bsn-a001-00-000000013604308	21	02	529514	M	4	0	0	4	0
20261001	4291318	cmp-a001-02-000000010764328	grp-a001-02-000000069047580	단백질보충제	nad-a001-02-000000553654562	bsn-a001-00-000000013604308	21	10	612594	M	1	0	0	1	0
20261001	4291318	cmp-a001-02-000000010764328	grp-a001-02-000000069047580	로또1등도출근단백질바	nad-a001-02-000000553654554	bsn-a001-00-000000013604308	21	02	8753	M	2	0	0	2	0
20261001	4291318	cmp-a001-02-000000010764328	grp-a001-02-000000069047580	칼로리바	nad-a001-02-000000553654554	bsn-a001-00-000000013604308	21	09	8753	M	2	0	0	2	0
20261001	4291318	cmp-a001-02-000000010764328	grp-a001-02-000000069047580	공판장인부간단한간식	nad-a001-02-000000553654554	bsn-a001-00-000000013604308	21	06	8753	M	1	0	0	1	0
20261001	4291318	cmp-a001-02-000000010764328	grp-a001-02-000000069047580	단백질쉐이크	nad-a001-02-000000553654562	bsn-a001-00-000000013604308	21	16	8753	M	6	0	0	38	0
20261001	4291318	cmp-a001-02-000000010764328	grp-a001-02-000000069047580	프로틴	nad-a001-02-000000553654562	bsn-a001-00-000000013604308	21	07	768323	M	17	0	0	27	0
20261001	4291318	cmp-a001-02-000000010764328	grp-a001-02-000000069047580	식사대용	nad-a001-02-000000553654562	bsn-a001-00-000000013604308	21	15	8753	M	1	0	0	2	0
20261001	4291318	cmp-a001-02-000000010764328	grp-a001-02-000000069047580	에너지바세트	nad-a001-02-000000553654558	bsn-a001-00-000000013604308	21	03	27758	P	1	0	0	2	0
20261001	4291318	cmp-a001-02-000000010764328	grp-a001-02-000000069047580	단백질파우더	nad-a001-02-000000553654562	bsn-a001-00-000000013604308	21	16	33421	M	1	0	0	4	0
20261001	4291318	cmp-a001-02-000000010764328	grp-a001-02-000000069047580	젤리	nad-a001-02-000000541753985	bsn-a001-00-000000013604308	21	08	768323	M	9	0	0	9	0
20261001	4291318	cmp-a001-02-000000010764328	grp-a001-02-000000069047580	하루단백질섭취량	nad-a001-02-000000553654562	bsn-a001-00-000000013604308	21	11	8753	M	2	0	0	8	0
20261001	4291318	cmp-a001-02-000000010764328	grp-a001-02-000000069047580	HIGH	nad-a001-02-000000553654562	bsn-a001-00-000000013604308	21	13	248824	P	1	0	0	1	0
20261001	4291318	cmp-a001-02-000000010764328	grp-a001-02-000000069047580	가루	nad-a001-02-000000541754004	bsn-a001-00-000000013604308	21	09	529514	M	1	0	0	2	0
20261001	4291318	cmp-a001-02-000000010764328	grp-a001-02-000000069047580	단백질	nad-a001-02-000000553654562	bsn-a001-00-000000013604308	21	17	529514	M	6	0	0	6	0
20261001	4291318	cmp-a001-02-000000010764328	grp-a001-02-000000069047580	젤리	nad-a001-02-000000541753985	bsn-a001-00-000000013604308	21	07	8753	M	2	0	0	8	0
20261001	4291318	cmp-a001-02-000000010764328	grp-a001-02-000000069047580	프로틴쉐이크	nad-a001-02-000000553654562	bsn-a001-00-000000013604308	21	09	529514	M	23	0	0	23	0
20261001	4291318	cmp-a001-02-000000010764328	grp-a001-02-000000069047580	단백질식사대용	nad-a001-02-000000553654562	bsn-a001-00-000000013604308	21	01	684926	M	1	0	0	15	0
20261001	4291318	cmp-a001-02-000000010764328	grp-a001-02-000000069047580	단백질	nad-a001-02-000000553654562	bsn-a001-00-000000013604308	21	08	8753	M	1	0	0	2	0
20261001	4291318	cmp-a001-02-000000010764328	grp-a001-02-000000069047580	프로틴	nad-a001-02-000000553654562	bsn-a001-00-000000013604308	21	10	529514	M	33	0	0	33	0
20261001	4291318	cmp-a001-02-000000010764328	grp-a001-02-000000069047580	네이버스토어	nad-a001-02-000000541753997	bsn-a001-00-000000013604308	21	02	335738	P	1	0	0	4	0
20261001	4291318	cmp-a001-02-000000010764328	grp-a001-02-000000069047580	SHAKE	nad-a001-02-000000553654562	bsn-a001-00-000000013604308	21	07	8753	M	1	0	0	3	0
20261001	4291318	cmp-a001-02-000000010764328	grp-a001-02-000000069047580	식사대용가격	nad-a001-02-000000553654562	bsn-a001-00-000000013604308	21	02	8753	M	1	0	0	1	0
20261001	4291318	cmp-a001-02-000000010764328	grp-a001-02-000000069047580	프로틴바	nad-a001-02-000000553654559	bsn-a001-00-000000013604308	21	06	529514	M	10	0	0	30	0
20261001	4291318	cmp-a001-02-000000010764328	grp-a001-02-000000069047580	단백질바	nad-a001-02-000000553654559	bsn-a001-00-000000013604308	21	07	529514	M	1	0	0	5	0
20261001	4291318	cmp-a001-02-000000010764328	grp-a001-02-000000069047580	단백질바	nad-a001-02-000000553654558	bsn-a001-00-000000013604308	21	06	529514	M	2	0	0	3	0
20261001	4291318	cmp-a001-02-000000010764328	grp-a001-02-000000069047580	프로틴쉐이크	nad-a001-02-000000553654562	bsn-a001-00-000000013604308	21	11	11068	P	1	0	0	1	0
20261001	4291318	cmp-a001-02-000000010764328	grp-a001-02-000000069047580	사랑하라	nad-a001-02-000000553654558	bsn-a001-00-000000013604308	21	03	98128	M	1	0	0	3	0
20261001	4291318	cmp-a001-02-000000010764328	grp-a001-02-000000069047580	단백질	nad-a001-02-000000553654562	bsn-a001-00-000000013604308	21	99	98128	M	8	0	0	8	0
20261001	4291318	cmp-a001-02-000000010764328	grp-a001-02-000000069047580	에너지바	nad-a001-02-000000553654558	bsn-a001-00-000000013604308	21	11	23123	P	20	0	0	66	0
20261001	4291318	cmp-a001-02-000000010764328	grp-a001-02-000000069047580	식사대용식품	nad-a001-02-000000553654562	bsn-a001-00-000000013604308	21	07	612594	M	1	0	0	2	0
20261001	4291318	cmp-a001-02-000000010764328	grp-a001-02-000000069047580	에너지바	nad-a001-02-000000553654559	bsn-a001-00-000000013604308	21	99	684926	M	2	0	0	16	0
20261001	4291318	cmp-a001-02-000000010764328	grp-a001-02-000000069047580	단백질식사대용	nad-a001-02-000000553654562	bsn-a001-00-000000013604308	21	09	8753	M	1	0	0	1	0
20261001	4291318	cmp-a001-02-000000010764328	grp-a001-02-000000069047580	단백질바추천	nad-a001-02-000000553654558	bsn-a001-00-000000013604308	21	18	8753	M	1	0	0	4	0
20261001	4291318	cmp-a001-02-000000010764328	grp-a001-02-000000069047580	단백질바	nad-a001-02-000000553654554	bsn-a001-00-000000013604308	21	02	33421	M	6	0	0	10	0
20261001	4291318	cmp-a001-02-000000010764328	grp-a001-02-000000069047580	단백질쉐이크다이어트	nad-a001-02-000000553654562	bsn-a001-00-000000013604308	21	03	8753	M	1	0	0	3	0
20261001	4291318	cmp-a001-02-000000010764328	grp-a001-02-000000069047580	다이어트한포셰이크	nad-a001-02-000000553654562	bsn-a001-00-000000013604308	21	08	8753	M	1	0	0	4	0
20261001	4291318	cmp-a001-02-000000010764328	grp-a001-02-000000069047580	단백질쉐이크	nad-a001-02-000000553654562	bsn-a001-00-000000013604308	21	18	8753	M	4	0	0	17	0
20261001	4291318	cmp-a001-02-000000010764328	grp-a001-02-000000069047580	단백질바	nad-a001-02-000000553654558	bsn-a001-00-000000013604308	21	00	8753	M	1	0	0	3	0
20261001	4291318	cmp-a001-02-000000010764328	grp-a001-02-000000069047580	다이어트파우더	nad-a001-02-000000553654562	bsn-a001-00-000000013604308	21	02	8753	M	1	0	0	2	0
20261001	4291318	cmp-a001-02-000000010764328	grp-a001-02-000000069047580	단백질다이어트	nad-a001-02-000000553654562	bsn-a001-00-000000013604308	21	09	98128	M	2	0	0	2	0
20261001	4291318	cmp-a001-02-000000010764328	grp-a001-02-000000069047580	단백질바GR	nad-a001-02-000000553654558	bsn-a001-00-000000013604308	21	06	8753	M	1	0	0	3	0
20261001	4291318	cmp-a001-02-000000010764328	grp-a001-02-000000069047580	프로틴바	nad-a001-02-000000553654558	bsn-a001-00-000000013604308	21	16	33421	M	2	0	0	8	0
20261001	4291318	cmp-a001-02-000000010764328	grp-a001-02-000000069047580	에너지바	nad-a001-02-000000553654559	bsn-a001-00-000000013604308	21	04	684926	M	2	0	0	18	0
20261001	4291318	cmp-a001-02-000000010764328	grp-a001-02-000000069047580	동그란큰통에있는과자	nad-a001-02-000000553654554	bsn-a001-00-000000013604308	21	02	33421	M	1	0	0	15	0
20261001	4291318	cmp-a001-02-000000010764328	grp-a001-02-000000069047580	황성주생식라이프밀	nad-a001-02-000000541753997	bsn-a001-00-000000013604308	21	02	8753	M	1	0	0	2	0
20261001	4291318	cmp-a001-02-000000010764328	grp-a001-02-000000069047580	사랑이	nad-a001-02-000000553654558	bsn-a001-00-000000013604308	21	09	529514	M	3	0	0	7	0
20261001	4291318	cmp-a001-02-000000010764328	grp-a001-02-000000069047580	스토어	nad-a001-02-000000541753997	bsn-a001-00-000000013604308	21	15	98128	M	10	0	0	10	0
20261001	4291318	cmp-a001-02-000000010764328	grp-a001-02-000000069047580	생식가루	nad-a001-02-000000541754005	bsn-a001-00-000000013604308	21	10	8753	M	1	0	0	5	0
20261001	4291318	cmp-a001-02-000000010764328	grp-a001-02-000000069047580	단백질파우더	nad-a001-02-000000553654562	bsn-a001-00-000000013604308	21	02	8753	M	2	0	0	8	0
20261001	4291318	cmp-a001-02-000000010764328	grp-a001-02-000000069047580	프로틴바	nad-a001-02-000000553654558	bsn-a001-00-000000013604308	21	99	87620	M	1	0	0	3	0
20261001	4291318	cmp-a001-02-000000010764328	grp-a001-02-000000069047580	다이어트쉐이크	nad-a001-02-000000553654562	bsn-a001-00-000000013604308	21	08	8753	M	1	0	0	4	0
20261001	4291318	cmp-a001-02-000000010764328	grp-a001-02-000000069047580	단백질보충제	nad-a001-02-000000553654562	bsn-a001-00-000000013604308	21	11	33421	M	3	0	0	12	0
20261001	4291318	cmp-a001-02-000000010764328	grp-a001-02-000000069047580	단백질	nad-a001-02-000000553654562	bsn-a001-00-000000013604308	21	08	529514	M	14	0	0	14	0
20261001	4291318	cmp-a001-02-000000010764328	grp-a001-02-000000069047580	프로틴바	nad-a001-02-000000553654558	bsn-a001-00-000000013604308	21	02	768323	M	1	0	0	2	0
20261001	4291318	cmp-a001-02-000000010764328	grp-a001-02-000000069047580	황성주생식	nad-a001-02-000000541753996	bsn-a001-00-000000013604308	21	01	633013	M	4	0	0	12	0
20261001	4291318	cmp-a001-02-000000010764328	grp-a001-02-000000069047580	황성주생식	nad-a001-02-000000541754005	bsn-a001-00-000000013604308	21	13	341898	M	2	0	0	2	0
20261001	4291318	cmp-a001-02-000000010764328	grp-a001-02-000000069047580	단백질쉐이크	nad-a001-02-000000553654562	bsn-a001-00-000000013604308	21	09	684926	M	5	0	0	71	0
20261001	4291318	cmp-a001-02-000000010764328	grp-a001-02-000000069047580	GR프로틴바	nad-a001-02-000000553654554	bsn-a001-00-000000013604308	21	06	8753	M	1	1	2319	1	0
20261001	4291318	cmp-a001-02-000000010764328	grp-a001-02-000000069047580	단백질파우더	nad-a001-02-000000553654562	bsn-a001-00-000000013604308	21	09	8753	M	1	0	0	3	0
20261001	4291318	cmp-a001-02-000000010764328	grp-a001-02-000000069047580	단백질	nad-a001-02-000000553654562	bsn-a001-00-000000013604308	21	03	8753	M	2	0	0	2	0
20261001	4291318	cmp-a001-02-000000010764328	grp-a001-02-000000069047580	황성주생식라이프밀	nad-a001-02-000000541753996	bsn-a001-00-000000013604308	21	01	684926	M	2	0	0	12	0
20261001	4291318	cmp-a001-02-000000010764328	grp-a001-02-000000069047580	식사대용	nad-a001-02-000000553654562	bsn-a001-00-000000013604308	21	09	27758	P	1	0	0	3	0
20261001	4291318	cmp-a001-02-000000010764328	grp-a001-02-000000069047580	유당없는단백질쉐이크	nad-a001-02-000000553654562	bsn-a001-00-000000013604308	21	02	8753	M	1	0	0	2	0
20261001	4291318	cmp-a001-02-000000010764328	grp-a001-02-000000069047580	단백질바	nad-a001-02-000000553654554	bsn-a001-00-000000013604308	21	07	529514	M	1	0	0	1	0
20261001	4291318	cmp-a001-02-000000010764328	grp-a001-02-000000069047580	젤리	nad-a001-02-000000541753985	bsn-a001-00-000000013604308	21	02	98128	M	11	0	0	23	0
20261001	4291318	cmp-a001-02-000000010764328	grp-a001-02-000000069047580	단백질쉐이크얼마나	nad-a001-02-000000553654562	bsn-a001-00-000000013604308	21	16	8753	M	1	0	0	2	0
20261001	4291318	cmp-a001-02-000000010764328	grp-a001-02-000000069047580	젤리	nad-a001-02-000000541753985	bsn-a001-00-000000013604308	21	02	27758	P	1	0	0	4	0
20261001	4291318	cmp-a001-02-000000010764328	grp-a001-02-000000069047580	쉐이크	nad-a001-02-000000553654562	bsn-a001-00-000000013604308	21	02	684925	P	1	0	0	1	0
20261001	4291318	cmp-a001-02-000000010764328	grp-a001-02-000000069047580	로또1등도출근합니다단백질바	nad-a001-02-000000553654558	bsn-a001-00-000000013604308	21	04	8753	M	1	0	0	4	0
20261001	4291318	cmp-a001-02-000000010764328	grp-a001-02-000000069047580	단백질추천	nad-a001-02-000000553654562	bsn-a001-00-000000013604308	21	09	8753	M	1	0	0	4	0
20261001	4291318	cmp-a001-02-000000010764328	grp-a001-02-000000069047580	단백질간식	nad-a001-02-000000553654554	bsn-a001-00-000000013604308	21	02	33421	M	1	0	0	2	0
20261001	4291318	cmp-a001-02-000000010764328	grp-a001-02-000000069047580	프로틴바	nad-a001-02-000000553654559	bsn-a001-00-000000013604308	21	09	529514	M	64	0	0	285	0
20261001	4291318	cmp-a001-02-000000010764328	grp-a001-02-000000069047580	단백질보충제	nad-a001-02-000000553654562	bsn-a001-00-000000013604308	21	03	529514	M	6	0	0	6	0
20261001	4291318	cmp-a001-02-000000010764328	grp-a001-02-000000069047580	단백질간식	nad-a001-02-000000553654558	bsn-a001-00-000000013604308	21	09	8753	M	4	0	0	14	0
20261001	4291318	cmp-a001-02-000000010764328	grp-a001-02-000000069047580	일본코코넛젤리	nad-a001-02-000000541753985	bsn-a001-00-000000013604308	21	99	341898	M	1	0	0	1	0
20261001	4291318	cmp-a001-02-000000010764328	grp-a001-02-000000069047580	젤리	nad-a001-02-000000541753985	bsn-a001-00-000000013604308	21	18	8753	M	9	0	0	16	0
20261001	4291318	cmp-a001-02-000000010764328	grp-a001-02-000000069047580	프로틴쉐이크	nad-a001-02-000000553654562	bsn-a001-00-000000013604308	21	10	529514	M	5	0	0	5	0
20261001	4291318	cmp-a001-02-000000010764328	grp-a001-02-000000069047580	식품간식	nad-a001-02-000000553654558	bsn-a001-00-000000013604308	21	18	98128	M	2	0	0	4	0
20261001	4291318	cmp-a001-02-000000010764328	grp-a001-02-000000069047580	단백질쉐이크	nad-a001-02-000000553654562	bsn-a001-00-000000013604308	21	15	8753	M	3	0	0	17	0
20261001	4291318	cmp-a001-02-000000010764328	grp-a001-02-000000069047580	단백질바유통기한	nad-a001-02-000000553654558	bsn-a001-00-000000013604308	21	02	8753	M	1	0	0	4	0
20261001	4291318	cmp-a001-02-000000010764328	grp-a001-02-000000069047580	단백질	nad-a001-02-000000553654562	bsn-a001-00-000000013604308	21	07	8753	M	1	0	0	2	0
20261001	4291318	cmp-a001-02-000000010764328	grp-a001-02-000000069047580	단백질쉐이크	nad-a001-02-000000553654562	bsn-a001-00-000000013604308	21	18	33421	M	2	0	0	16	0
20261001	4291318	cmp-a001-02-000000010764328	grp-a001-02-000000069047580	네이버스토어	nad-a001-02-000000541753997	bsn-a001-00-000000013604308	21	03	612593	P	1	0	0	6	0
20261001	4291318	cmp-a001-02-000000010764328	grp-a001-02-000000069047580	황성주생식	nad-a001-02-000000541754005	bsn-a001-00-000000013604308	21	06	633013	M	1	0	0	4	0
20261001	4291318	cmp-a001-02-000000010764328	grp-a001-02-000000069047580	동그란큰통에있는과자	nad-a001-02-000000553654558	bsn-a001-00-000000013604308	21	02	8753	M	1	0	0	19	0
20261001	4291318	cmp-a001-02-000000010764328	grp-a001-02-000000069047580	단백질바	nad-a001-02-000000553654558	bsn-a001-00-000000013604308	21	08	529514	M	18	0	0	32	0
20261001	4291318	cmp-a001-02-000000010764328	grp-a001-02-000000069047580	프로틴파우더	nad-a001-02-000000553654562	bsn-a001-00-000000013604308	21	18	529514	M	4	0	0	4	0
20261001	4291318	cmp-a001-02-000000010764328	grp-a001-02-000000069047580	황성주생식	nad-a001-02-000000541753997	bsn-a001-00-000000013604308	21	16	633013	M	1	0	0	1	0
20261001	4291318	cmp-a001-02-000000010764328	grp-a001-02-000000069047580	영화관간식칼로리	nad-a001-02-000000553654554	bsn-a001-00-000000013604308	21	04	8753	M	1	0	0	1	0
20261001	4291318	cmp-a001-02-000000010764328	grp-a001-02-000000069047580	고혈압단백질파우더	nad-a001-02-000000553654562	bsn-a001-00-000000013604308	21	18	8753	M	1	0	0	3	0
20261001	4291318	cmp-a001-02-000000010764328	grp-a001-02-000000069047580	에너지바	nad-a001-02-000000553654558	bsn-a001-00-000000013604308	21	09	791888	M	2	0	0	4	0
20261001	4291318	cmp-a001-02-000000010764328	grp-a001-02-000000069047580	단백질보충제	nad-a001-02-000000553654562	bsn-a001-00-000000013604308	21	11	684926	M	2	0	0	12	0
20261001	4291318	cmp-a001-02-000000010764328	grp-a001-02-000000069047580	단백질바GR	nad-a001-02-000000553654558	bsn-a001-00-000000013604308	21	02	8753	M	2	0	0	8	0
20261001	4291318	cmp-a001-02-000000010764328	grp-a001-02-000000069047580	로또1등도출근합니다단백질바	nad-a001-02-000000553654554	bsn-a001-00-000000013604308	21	02	8753	M	3	1	2355	3	0
20261001	4291318	cmp-a001-02-000000010764328	grp-a001-02-000000069047580	단백질쉐이크	nad-a001-02-000000553654562	bsn-a001-00-000000013604308	21	08	8753	M	12	0	0	59	0
20261001	4291318	cmp-a001-02-000000010764328	grp-a001-02-000000069047580	단백질바	nad-a001-02-000000553654558	bsn-a001-00-000000013604308	21	06	8753	M	1	0	0	4	0
20261001	4291318	cmp-a001-02-000000010764328	grp-a001-02-000000069047580	NATURVALLY푸로틴바	nad-a001-02-000000553654554	bsn-a001-00-000000013604308	21	99	8753	M	1	0	0	1	0
20261001	4291318	cmp-a001-02-000000010764328	grp-a001-02-000000069047580	프로틴간식	nad-a001-02-000000553654558	bsn-a001-00-000000013604308	21	02	684926	M	4	0	0	12	0
20261001	4291318	cmp-a001-02-000000010764328	grp-a001-02-000000069047580	ISP단백질	nad-a001-02-000000553654562	bsn-a001-00-000000013604308	21	02	612593	P	1	0	0	1	0
20261001	4291318	cmp-a001-02-000000010764328	grp-a001-02-000000069047580	단백질쉐이크	nad-a001-02-000000553654562	bsn-a001-00-000000013604308	21	17	529514	M	1	0	0	3	0
20261001	4291318	cmp-a001-02-000000010764328	grp-a001-02-000000069047580	사랑님	nad-a001-02-000000553654558	bsn-a001-00-000000013604308	21	11	529514	M	1	0	0	2	0
20261001	4291318	cmp-a001-02-000000010764328	grp-a001-02-000000069047580	사랑	nad-a001-02-000000553654558	bsn-a001-00-000000013604308	21	03	98128	M	13	0	0	39	0
20261001	4291318	cmp-a001-02-000000010764328	grp-a001-02-000000069047580	식품브랜드마케터	nad-a001-02-000000541754004	bsn-a001-00-000000013604308	21	11	8753	M	1	0	0	2	0
20261001	4291318	cmp-a001-02-000000010764328	grp-a001-02-000000069047580	단백질	nad-a001-02-000000553654562	bsn-a001-00-000000013604308	21	02	8753	M	9	0	0	19	0
20261001	4291318	cmp-a001-02-000000010764328	grp-a001-02-000000069047580	스토어	nad-a001-02-000000541753997	bsn-a001-00-000000013604308	21	02	98128	M	59	0	0	59	0
20261001	4291318	cmp-a001-02-000000010764328	grp-a001-02-000000069047580	하루단백질섭취량	nad-a001-02-000000553654562	bsn-a001-00-000000013604308	21	09	8753	M	2	0	0	9	0
20261001	4291318	cmp-a001-02-000000010764328	grp-a001-02-000000069047580	다이어트쉐이크	nad-a001-02-000000553654562	bsn-a001-00-000000013604308	21	01	768323	M	1	0	0	1	0
20261001	4291318	cmp-a001-02-000000010764328	grp-a001-02-000000069047580	GR프로틴바	nad-a001-02-000000553654554	bsn-a001-00-000000013604308	21	11	8753	M	1	0	0	1	0
20261001	4291318	cmp-a001-02-000000010764328	grp-a001-02-000000069047580	하루단백질섭취량	nad-a001-02-000000553654562	bsn-a001-00-000000013604308	21	18	8753	M	2	0	0	7	0
20261001	4291318	cmp-a001-02-000000010764328	grp-a001-02-000000069047580	프로틴쉐이크	nad-a001-02-000000553654562	bsn-a001-00-000000013604308	21	13	529514	M	2	0	0	2	0
20261001	4291318	cmp-a001-02-000000010764328	grp-a001-02-000000069047580	프로틴바	nad-a001-02-000000553654558	bsn-a001-00-000000013604308	21	10	529514	M	2	0	0	3	0
20261001	4291318	cmp-a001-02-000000010764328	grp-a001-02-000000069047580	단백질쉐이크다이어트	nad-a001-02-000000553654562	bsn-a001-00-000000013604308	21	09	8753	M	3	0	0	11	0
20261001	4291318	cmp-a001-02-000000010764328	grp-a001-02-000000069047580	에너지바	nad-a001-02-000000553654559	bsn-a001-00-000000013604308	21	02	791888	M	2	0	0	6	0
20261001	4291318	cmp-a001-02-000000010764328	grp-a001-02-000000069047580	로또1등도출근단백질바	nad-a001-02-000000553654558	bsn-a001-00-000000013604308	21	02	8753	M	2	0	0	7	0
20261001	4291318	cmp-a001-02-000000010764328	grp-a001-02-000000069047580	젤리	nad-a001-02-000000541753985	bsn-a001-00-000000013604308	21	07	27758	P	1	0	0	4	0
20261001	4291318	cmp-a001-02-000000010764328	grp-a001-02-000000069047580	옵솔단백질보충제	nad-a001-02-000000553654562	bsn-a001-00-000000013604308	21	09	8753	M	1	0	0	4	0
20261001	4291318	cmp-a001-02-000000010764328	grp-a001-02-000000069047580	칼로리바	nad-a001-02-000000553654558	bsn-a001-00-000000013604308	21	09	8753	M	2	0	0	4	0
20261001	4291318	cmp-a001-02-000000010764328	grp-a001-02-000000069047580	프로틴	nad-a001-02-000000553654562	bsn-a001-00-000000013604308	21	00	768323	M	2	0	0	3	0
20261001	4291318	cmp-a001-02-000000010764328	grp-a001-02-000000069047580	단백질섭취량	nad-a001-02-000000553654562	bsn-a001-00-000000013604308	21	03	8753	M	4	0	0	13	0
20261001	4291318	cmp-a001-02-000000010764328	grp-a001-02-000000069047580	단백질바	nad-a001-02-000000553654554	bsn-a001-00-000000013604308	21	02	529514	M	18	0	0	24	0
20261001	4291318	cmp-a001-02-000000010764328	grp-a001-02-000000069047580	에너지바	nad-a001-02-000000553654554	bsn-a001-00-000000013604308	21	06	87620	M	2	0	0	2	0
20261001	4291318	cmp-a001-02-000000010764328	grp-a001-02-000000069047580	단백질보충제	nad-a001-02-000000553654562	bsn-a001-00-000000013604308	21	09	612594	M	2	0	0	2	0
20261001	4291318	cmp-a001-02-000000010764328	grp-a001-02-000000069047580	사랑은	nad-a001-02-000000553654554	bsn-a001-00-000000013604308	21	09	98128	M	1	0	0	2	0
20261001	4291318	cmp-a001-02-000000010764328	grp-a001-02-000000069047580	프로틴	nad-a001-02-000000553654562	bsn-a001-00-000000013604308	21	09	137281	M	3	0	0	3	0
20261001	4291318	cmp-a001-02-000000010764328	grp-a001-02-000000069047580	프로틴바	nad-a001-02-000000553654558	bsn-a001-00-000000013604308	21	13	529514	M	2	0	0	3	0
20261001	4291318	cmp-a001-02-000000010764328	grp-a001-02-000000069047580	프로틴	nad-a001-02-000000553654562	bsn-a001-00-000000013604308	21	01	33421	M	1	0	0	5	0
20261001	4291318	cmp-a001-02-000000010764328	grp-a001-02-000000069047580	스토어	nad-a001-02-000000541753997	bsn-a001-00-000000013604308	21	09	612594	M	2	0	0	16	0
20261001	4291318	cmp-a001-02-000000010764328	grp-a001-02-000000069047580	프로틴쉐이크	nad-a001-02-000000553654562	bsn-a001-00-000000013604308	20	06	529514	M	2	0	0	2	0
20261001	4291318	cmp-a001-02-000000010764328	grp-a001-02-000000069047580	HIGH	nad-a001-02-000000553654562	bsn-a001-00-000000013604308	20	09	98128	M	4	0	0	4	0
20261001	4291318	cmp-a001-02-000000010764328	grp-a001-02-000000069047580	제리	nad-a001-02-000000541753985	bsn-a001-00-000000013604308	20	02	98128	M	2	0	0	2	0
20261001	4291318	cmp-a001-02-000000010764328	grp-a001-02-000000069047580	프로틴	nad-a001-02-000000553654562	bsn-a001-00-000000013604308	20	99	529514	M	33	0	0	33	0
20261001	4291318	cmp-a001-02-000000010764328	grp-a001-02-000000069047580	단백질	nad-a001-02-000000553654562	bsn-a001-00-000000013604308	20	03	8753	M	1	0	0	3	0
20261001	4291318	cmp-a001-02-000000010764328	grp-a001-02-000000069047580	단백질쉐이크	nad-a001-02-000000553654562	bsn-a001-00-000000013604308	20	15	529514	M	17	0	0	23	0
20261001	4291318	cmp-a001-02-000000010764328	grp-a001-02-000000069047580	제리	nad-a001-02-000000541753985	bsn-a001-00-000000013604308	20	09	8753	M	1	0	0	3	0
20261001	4291318	cmp-a001-02-000000010764328	grp-a001-02-000000069047580	단백질쉐이크	nad-a001-02-000000553654562	bsn-a001-00-000000013604308	20	08	33421	M	2	0	0	16	0
20261001	4291318	cmp-a001-02-000000010764328	grp-a001-02-000000069047580	단백질보충제	nad-a001-02-000000553654562	bsn-a001-00-000000013604308	20	07	8753	M	1	0	0	6	0
20261001	4291318	cmp-a001-02-000000010764328	grp-a001-02-000000069047580	단백질간식	nad-a001-02-000000553654558	bsn-a001-00-000000013604308	20	15	11068	P	1	0	0	4	0
20261001	4291318	cmp-a001-02-000000010764328	grp-a001-02-000000069047580	저녁식사대용쉐이크	nad-a001-02-000000553654562	bsn-a001-00-000000013604308	20	15	8753	M	1	0	0	5	0
20261001	4291318	cmp-a001-02-000000010764328	grp-a001-02-000000069047580	단백질쉐이크핏트	nad-a001-02-000000553654562	bsn-a001-00-000000013604308	20	99	8753	M	1	0	0	1	0
20261001	4291318	cmp-a001-02-000000010764328	grp-a001-02-000000069047580	단백질쉐이크	nad-a001-02-000000553654562	bsn-a001-00-000000013604308	20	99	33421	M	1	0	0	4	0
20261001	4291318	cmp-a001-02-000000010764328	grp-a001-02-000000069047580	단백질쉐이크	nad-a001-02-000000553654562	bsn-a001-00-000000013604308	20	10	33421	M	1	0	0	9	0
20261001	4291318	cmp-a001-02-000000010764328	grp-a001-02-000000069047580	송이송이단백질쉐이크	nad-a001-02-000000553654562	bsn-a001-00-000000013604308	20	07	8753	M	1	0	0	5	0
20261001	4291318	cmp-a001-02-000000010764328	grp-a001-02-000000069047580	단백질바	nad-a001-02-000000553654559	bsn-a001-00-000000013604308	20	02	529514	M	9	0	0	50	0
20261001	4291318	cmp-a001-02-000000010764328	grp-a001-02-000000069047580	단백질간식	nad-a001-02-000000553654554	bsn-a001-00-000000013604308	20	08	8753	M	2	0	0	2	0
20261001	4291318	cmp-a001-02-000000010764328	grp-a001-02-000000069047580	균형영양식	nad-a001-02-000000541753965	bsn-a001-00-000000013604308	20	02	529514	M	4	0	0	8	0
20261001	4291318	cmp-a001-02-000000010764328	grp-a001-02-000000069047580	황성주생식	nad-a001-02-000000541753996	bsn-a001-00-000000013604308	20	02	8753	M	1	0	0	5	0
20261001	4291318	cmp-a001-02-000000010764328	grp-a001-02-000000069047580	젤리	nad-a001-02-000000541753985	bsn-a001-00-000000013604308	20	02	609155	M	1	0	0	1	0
20261001	4291318	cmp-a001-02-000000010764328	grp-a001-02-000000069047580	칼로리폭탄간식	nad-a001-02-000000553654558	bsn-a001-00-000000013604308	20	09	8753	M	1	0	0	2	0
20261001	4291318	cmp-a001-02-000000010764328	grp-a001-02-000000069047580	황성주생식목회자	nad-a001-02-000000541753997	bsn-a001-00-000000013604308	20	02	8753	M	1	0	0	1	0
20261001	4291318	cmp-a001-02-000000010764328	grp-a001-02-000000069047580	두바이단백질바	nad-a001-02-000000553654558	bsn-a001-00-000000013604308	20	18	8753	M	1	0	0	4	0
20261001	4291318	cmp-a001-02-000000010764328	grp-a001-02-000000069047580	엄마사랑해	nad-a001-02-000000553654554	bsn-a001-00-000000013604308	20	18	8753	M	1	0	0	2	0
20261001	4291318	cmp-a001-02-000000010764328	grp-a001-02-000000069047580	황성주생식	nad-a001-02-000000541753988	bsn-a001-00-000000013604308	20	13	33421	M	1	0	0	7	0
20261001	4291318	cmp-a001-02-000000010764328	grp-a001-02-000000069047580	스토어	nad-a001-02-000000541753997	bsn-a001-00-000000013604308	20	11	98128	M	13	0	0	13	0
20261001	4291318	cmp-a001-02-000000010764328	grp-a001-02-000000069047580	젤리	nad-a001-02-000000541753985	bsn-a001-00-000000013604308	20	17	768323	M	1	0	0	1	0
20261001	4291318	cmp-a001-02-000000010764328	grp-a001-02-000000069047580	단백질간식	nad-a001-02-000000553654558	bsn-a001-00-000000013604308	20	16	684925	P	1	0	0	1	0
20261001	4291318	cmp-a001-02-000000010764328	grp-a001-02-000000069047580	단백질쉐이크	nad-a001-02-000000553654562	bsn-a001-00-000000013604308	20	06	8753	M	1	0	0	3	0
20261001	4291318	cmp-a001-02-000000010764328	grp-a001-02-000000069047580	단백질쉐이크	nad-a001-02-000000553654562	bsn-a001-00-000000013604308	20	18	529514	M	5	0	0	7	0
20261001	4291318	cmp-a001-02-000000010764328	grp-a001-02-000000069047580	황성주생식목회자	nad-a001-02-000000541753996	bsn-a001-00-000000013604308	20	02	8753	M	1	0	0	4	0
20261001	4291318	cmp-a001-02-000000010764328	grp-a001-02-000000069047580	프로틴쉐이크	nad-a001-02-000000553654562	bsn-a001-00-000000013604308	20	02	8753	M	1	0	0	2	0
20261001	4291318	cmp-a001-02-000000010764328	grp-a001-02-000000069047580	프로틴ISP뜻	nad-a001-02-000000553654562	bsn-a001-00-000000013604308	20	99	8753	M	1	0	0	1	0
20261001	4291318	cmp-a001-02-000000010764328	grp-a001-02-000000069047580	칼로리바후기	nad-a001-02-000000553654558	bsn-a001-00-000000013604308	20	08	8753	M	1	0	0	2	0
20261001	4291318	cmp-a001-02-000000010764328	grp-a001-02-000000069047580	황성주생식목회자	nad-a001-02-000000541754004	bsn-a001-00-000000013604308	20	02	8753	M	1	0	0	2	0
20261001	4291318	cmp-a001-02-000000010764328	grp-a001-02-000000069047580	에너지바	nad-a001-02-000000553654554	bsn-a001-00-000000013604308	20	02	87620	M	1	0	0	1	0
20261001	4291318	cmp-a001-02-000000010764328	grp-a001-02-000000069047580	황성주생식	nad-a001-02-000000541753997	bsn-a001-00-000000013604308	20	11	8753	M	1	0	0	2	0
20261001	4291318	cmp-a001-02-000000010764328	grp-a001-02-000000069047580	단백질쉐이크	nad-a001-02-000000553654562	bsn-a001-00-000000013604308	20	16	529514	M	2	0	0	2	0
20261001	4291318	cmp-a001-02-000000010764328	grp-a001-02-000000069047580	에너지바	nad-a001-02-000000553654554	bsn-a001-00-000000013604308	20	02	8753	M	1	0	0	1	0
20261001	4291318	cmp-a001-02-000000010764328	grp-a001-02-000000069047580	식사대용	nad-a001-02-000000553654562	bsn-a001-00-000000013604308	20	03	8753	M	1	0	0	2	0
20261001	4291318	cmp-a001-02-000000010764328	grp-a001-02-000000069047580	사랑하라	nad-a001-02-000000553654558	bsn-a001-00-000000013604308	20	08	98128	M	3	0	0	9	0
20261001	4291318	cmp-a001-02-000000010764328	grp-a001-02-000000069047580	푸룬젤리효과	nad-a001-02-000000541753985	bsn-a001-00-000000013604308	20	02	8753	M	1	0	0	3	0
20261001	4291318	cmp-a001-02-000000010764328	grp-a001-02-000000069047580	단백질간식	nad-a001-02-000000553654554	bsn-a001-00-000000013604308	20	16	27758	P	1	0	0	3	0
20261001	4291318	cmp-a001-02-000000010764328	grp-a001-02-000000069047580	다이어트저녁단백질쉐이크	nad-a001-02-000000553654562	bsn-a001-00-000000013604308	20	09	8753	M	1	0	0	2	0
20261001	4291318	cmp-a001-02-000000010764328	grp-a001-02-000000069047580	황성주생식	nad-a001-02-000000541754005	bsn-a001-00-000000013604308	20	13	341898	M	1	0	0	1	0
20261001	4291318	cmp-a001-02-000000010764328	grp-a001-02-000000069047580	프로틴	nad-a001-02-000000553654562	bsn-a001-00-000000013604308	20	09	8753	M	2	0	0	8	0
20261001	4291318	cmp-a001-02-000000010764328	grp-a001-02-000000069047580	프로틴쉐이크	nad-a001-02-000000553654562	bsn-a001-00-000000013604308	20	16	529514	M	7	0	0	7	0
20261001	4291318	cmp-a001-02-000000010764328	grp-a001-02-000000069047580	단백질쉐이크	nad-a001-02-000000553654562	bsn-a001-00-000000013604308	20	08	529514	M	7	0	0	19	0
20261001	4291318	cmp-a001-02-000000010764328	grp-a001-02-000000069047580	에너지바	nad-a001-02-000000553654559	bsn-a001-00-000000013604308	20	02	87620	M	1	0	0	5	0
20261001	4291318	cmp-a001-02-000000010764328	grp-a001-02-000000069047580	프로틴바	nad-a001-02-000000553654554	bsn-a001-00-000000013604308	20	02	529514	M	7	0	0	9	0
20261001	4291318	cmp-a001-02-000000010764328	grp-a001-02-000000069047580	프로틴	nad-a001-02-000000553654562	bsn-a001-00-000000013604308	20	16	8753	M	1	0	0	3	0
20261001	4291318	cmp-a001-02-000000010764328	grp-a001-02-000000069047580	SHAKE	nad-a001-02-000000553654562	bsn-a001-00-000000013604308	20	08	8753	M	1	0	0	3	0
20261001	4291318	cmp-a001-02-000000010764328	grp-a001-02-000000069047580	단백질	nad-a001-02-000000553654562	bsn-a001-00-000000013604308	20	06	11068	P	1	0	0	3	0
20261001	4291318	cmp-a001-02-000000010764328	grp-a001-02-000000069047580	단백질쉐이크	nad-a001-02-000000553654562	bsn-a001-00-000000013604308	20	09	529514	M	50	0	0	104	0
20261001	4291318	cmp-a001-02-000000010764328	grp-a001-02-000000069047580	사랑이	nad-a001-02-000000553654558	bsn-a001-00-000000013604308	20	08	529514	M	4	0	0	10	0
20261001	4291318	cmp-a001-02-000000010764328	grp-a001-02-000000069047580	스토어	nad-a001-02-000000541753997	bsn-a001-00-000000013604308	20	01	612594	M	1	0	0	8	0
20261001	4291318	cmp-a001-02-000000010764328	grp-a001-02-000000069047580	단백질간식	nad-a001-02-000000553654554	bsn-a001-00-000000013604308	20	15	27758	P	1	0	0	2	0
20261001	4291318	cmp-a001-02-000000010764328	grp-a001-02-000000069047580	사랑이	nad-a001-02-000000553654558	bsn-a001-00-000000013604308	20	02	529514	M	2	0	0	5	0
20261001	4291318	cmp-a001-02-000000010764328	grp-a001-02-000000069047580	단백질	nad-a001-02-000000553654562	bsn-a001-00-000000013604308	20	02	684926	M	2	0	0	10	0
20261001	4291318	cmp-a001-02-000000010764328	grp-a001-02-000000069047580	황성주생식	nad-a001-02-000000541753997	bsn-a001-00-000000013604308	20	07	612593	P	1	0	0	1	0
20261001	4291318	cmp-a001-02-000000010764328	grp-a001-02-000000069047580	에너지바	nad-a001-02-000000553654559	bsn-a001-00-000000013604308	20	09	529514	M	2	0	0	6	0
20261001	4291318	cmp-a001-02-000000010764328	grp-a001-02-000000069047580	칼로리바후기	nad-a001-02-000000553654559	bsn-a001-00-000000013604308	20	08	8753	M	1	0	0	3	0
20261001	4291318	cmp-a001-02-000000010764328	grp-a001-02-000000069047580	도토리가루보관하는방법	nad-a001-02-000000541753997	bsn-a001-00-000000013604308	20	02	8753	M	1	0	0	1	0
20261001	4291318	cmp-a001-02-000000010764328	grp-a001-02-000000069047580	단백질	nad-a001-02-000000553654562	bsn-a001-00-000000013604308	20	08	137281	M	4	0	0	4	0
20261001	4291318	cmp-a001-02-000000010764328	grp-a001-02-000000069047580	에너지바	nad-a001-02-000000553654554	bsn-a001-00-000000013604308	20	02	791888	M	1	0	0	1	0
20261001	4291318	cmp-a001-02-000000010764328	grp-a001-02-000000069047580	프로틴	nad-a001-02-000000553654562	bsn-a001-00-000000013604308	20	06	768323	M	9	0	0	14	0
20261001	4291318	cmp-a001-02-000000010764328	grp-a001-02-000000069047580	단백질파우더뜨거운물	nad-a001-02-000000553654562	bsn-a001-00-000000013604308	20	09	8753	M	1	0	0	4	0
20261001	4291318	cmp-a001-02-000000010764328	grp-a001-02-000000069047580	사랑님	nad-a001-02-000000553654558	bsn-a001-00-000000013604308	20	13	529514	M	2	0	0	5	0
20261001	4291318	cmp-a001-02-000000010764328	grp-a001-02-000000069047580	단백질바	nad-a001-02-000000553654558	bsn-a001-00-000000013604308	20	15	8753	M	1	0	0	4	0
20261001	4291318	cmp-a001-02-000000010764328	grp-a001-02-000000069047580	사랑하라	nad-a001-02-000000553654554	bsn-a001-00-000000013604308	20	08	98128	M	3	0	0	6	0
20261001	4291318	cmp-a001-02-000000010764328	grp-a001-02-000000069047580	젤리	nad-a001-02-000000541753985	bsn-a001-00-000000013604308	20	04	8753	M	1	0	0	2	0
20261001	4291318	cmp-a001-02-000000010764328	grp-a001-02-000000069047580	가루	nad-a001-02-000000541753988	bsn-a001-00-000000013604308	20	03	98128	M	1	0	0	9	0
20261001	4291318	cmp-a001-02-000000010764328	grp-a001-02-000000069047580	쉐이크	nad-a001-02-000000553654562	bsn-a001-00-000000013604308	20	08	529514	M	12	0	0	12	0
20261001	4291318	cmp-a001-02-000000010764328	grp-a001-02-000000069047580	단백질보충제	nad-a001-02-000000553654562	bsn-a001-00-000000013604308	20	09	684926	M	4	0	0	20	0
20261001	4291318	cmp-a001-02-000000010764328	grp-a001-02-000000069047580	프로틴	nad-a001-02-000000553654562	bsn-a001-00-000000013604308	20	16	529514	M	1	0	0	1	0
20261001	4291318	cmp-a001-02-000000010764328	grp-a001-02-000000069047580	단백질보충제	nad-a001-02-000000553654562	bsn-a001-00-000000013604308	20	04	684926	M	2	0	0	14	0
20261001	4291318	cmp-a001-02-000000010764328	grp-a001-02-000000069047580	식사대용	nad-a001-02-000000553654562	bsn-a001-00-000000013604308	20	02	609155	M	1	0	0	1	0
20261001	4291318	cmp-a001-02-000000010764328	grp-a001-02-000000069047580	단백질바	nad-a001-02-000000553654558	bsn-a001-00-000000013604308	20	11	8753	M	1	0	0	5	0
20261001	4291318	cmp-a001-02-000000010764328	grp-a001-02-000000069047580	프로틴	nad-a001-02-000000553654562	bsn-a001-00-000000013604308	20	15	768323	M	6	0	0	6	0
20261001	4291318	cmp-a001-02-000000010764328	grp-a001-02-000000069047580	프로틴바	nad-a001-02-000000553654559	bsn-a001-00-000000013604308	20	09	98128	M	2	0	0	6	0
20261001	4291318	cmp-a001-02-000000010764328	grp-a001-02-000000069047580	에너지바	nad-a001-02-000000553654559	bsn-a001-00-000000013604308	20	09	87620	M	1	0	0	5	0
20261001	4291318	cmp-a001-02-000000010764328	grp-a001-02-000000069047580	젤리	nad-a001-02-000000541753985	bsn-a001-00-000000013604308	20	18	8753	M	1	0	0	4	0
20261001	4291318	cmp-a001-02-000000010764328	grp-a001-02-000000069047580	황성주생식라이프밀	nad-a001-02-000000541753997	bsn-a001-00-000000013604308	20	99	8753	M	1	0	0	3	0
20261001	4291318	cmp-a001-02-000000010764328	grp-a001-02-000000069047580	황성주생식	nad-a001-02-000000541753997	bsn-a001-00-000000013604308	20	04	8753	M	1	0	0	2	0
20261001	4291318	cmp-a001-02-000000010764328	grp-a001-02-000000069047580	황성주생식	nad-a001-02-000000541753996	bsn-a001-00-000000013604308	20	07	612593	P	1	0	0	4	0
20261001	4291318	cmp-a001-02-000000010764328	grp-a001-02-000000069047580	단백질바	nad-a001-02-000000553654554	bsn-a001-00-000000013604308	20	09	8753	M	2	0	0	2	0
20261001	4291318	cmp-a001-02-000000010764328	grp-a001-02-000000069047580	단백질	nad-a001-02-000000553654562	bsn-a001-00-000000013604308	20	04	8753	M	1	0	0	1	0
20261001	4291318	cmp-a001-02-000000010764328	grp-a001-02-000000069047580	단백질	nad-a001-02-000000553654562	bsn-a001-00-000000013604308	20	10	8753	M	2	0	0	4	0
20261001	4291318	cmp-a001-02-000000010764328	grp-a001-02-000000069047580	단백질쉐이크	nad-a001-02-000000553654562	bsn-a001-00-000000013604308	20	02	684926	M	4	0	0	28	0
20261001	4291318	cmp-a001-02-000000010764328	grp-a001-02-000000069047580	젤리추천	nad-a001-02-000000541753985	bsn-a001-00-000000013604308	20	09	8753	M	1	0	0	8	0
20261001	4291318	cmp-a001-02-000000010764328	grp-a001-02-000000069047580	사랑이	nad-a001-02-000000553654554	bsn-a001-00-000000013604308	20	02	529514	M	2	0	0	5	0
20261001	4291318	cmp-a001-02-000000010764328	grp-a001-02-000000069047580	가루	nad-a001-02-000000541754005	bsn-a001-00-000000013604308	20	03	98128	M	1	0	0	2	0
20261001	4291318	cmp-a001-02-000000010764328	grp-a001-02-000000069047580	밤버터과자	nad-a001-02-000000553654554	bsn-a001-00-000000013604308	20	02	8753	M	1	0	0	3	0
20261001	4291318	cmp-a001-02-000000010764328	grp-a001-02-000000069047580	프로틴	nad-a001-02-000000553654562	bsn-a001-00-000000013604308	20	11	768323	M	6	0	0	11	0
20261001	4291318	cmp-a001-02-000000010764328	grp-a001-02-000000069047580	프로틴	nad-a001-02-000000553654562	bsn-a001-00-000000013604308	20	06	529514	M	16	0	0	16	0
20261001	4291318	cmp-a001-02-000000010764328	grp-a001-02-000000069047580	프로틴	nad-a001-02-000000553654562	bsn-a001-00-000000013604308	20	08	768323	M	1	0	0	3	0
20261001	4291318	cmp-a001-02-000000010764328	grp-a001-02-000000069047580	단백질간식	nad-a001-02-000000553654558	bsn-a001-00-000000013604308	20	04	8753	M	1	0	0	3	0
20261001	4291318	cmp-a001-02-000000010764328	grp-a001-02-000000069047580	분말셀룰로스가들어간피자치스	nad-a001-02-000000541753996	bsn-a001-00-000000013604308	20	18	8753	M	1	0	0	4	0
20261001	4291318	cmp-a001-02-000000010764328	grp-a001-02-000000069047580	단백질	nad-a001-02-000000553654562	bsn-a001-00-000000013604308	20	02	529514	M	14	0	0	14	0
20261001	4291318	cmp-a001-02-000000010764328	grp-a001-02-000000069047580	에너지바	nad-a001-02-000000553654558	bsn-a001-00-000000013604308	20	15	8753	M	1	0	0	4	0
20261001	4291318	cmp-a001-02-000000010764328	grp-a001-02-000000069047580	단백질쉐이크	nad-a001-02-000000553654562	bsn-a001-00-000000013604308	20	03	33421	M	1	0	0	5	0
20261001	4291318	cmp-a001-02-000000010764328	grp-a001-02-000000069047580	단백질보충제순위	nad-a001-02-000000553654562	bsn-a001-00-000000013604308	20	02	684925	P	1	0	0	1	0
20261001	4291318	cmp-a001-02-000000010764328	grp-a001-02-000000069047580	프로틴	nad-a001-02-000000553654562	bsn-a001-00-000000013604308	20	02	8753	M	2	0	0	11	0
20261001	4291318	cmp-a001-02-000000010764328	grp-a001-02-000000069047580	젤리	nad-a001-02-000000541753985	bsn-a001-00-000000013604308	20	09	98128	M	1	0	0	5	0
20261001	4291318	cmp-a001-02-000000010764328	grp-a001-02-000000069047580	황성주생식	nad-a001-02-000000541753996	bsn-a001-00-000000013604308	20	13	8753	M	1	0	0	5	0
20261001	4291318	cmp-a001-02-000000010764328	grp-a001-02-000000069047580	단백질바	nad-a001-02-000000553654554	bsn-a001-00-000000013604308	20	02	529514	M	9	0	0	10	0
20261001	4291318	cmp-a001-02-000000010764328	grp-a001-02-000000069047580	프로틴바	nad-a001-02-000000553654554	bsn-a001-00-000000013604308	20	02	27758	P	1	0	0	1	0
20261001	4291318	cmp-a001-02-000000010764328	grp-a001-02-000000069047580	사랑	nad-a001-02-000000553654558	bsn-a001-00-000000013604308	20	14	98128	M	1	0	0	3	0
20261001	4291318	cmp-a001-02-000000010764328	grp-a001-02-000000069047580	단백질보충제	nad-a001-02-000000553654562	bsn-a001-00-000000013604308	20	09	612594	M	1	0	0	1	0
20261001	4291318	cmp-a001-02-000000010764328	grp-a001-02-000000069047580	가루	nad-a001-02-000000541753997	bsn-a001-00-000000013604308	20	03	98128	M	1	0	0	3	0
20261001	4291318	cmp-a001-02-000000010764328	grp-a001-02-000000069047580	단백질간식	nad-a001-02-000000553654559	bsn-a001-00-000000013604308	20	04	8753	M	1	0	0	9	0
20261001	4291318	cmp-a001-02-000000010764328	grp-a001-02-000000069047580	프로틴단백질	nad-a001-02-000000553654562	bsn-a001-00-000000013604308	20	13	8753	M	1	0	0	3	0
20261001	4291318	cmp-a001-02-000000010764328	grp-a001-02-000000069047580	쉐이크인기	nad-a001-02-000000553654562	bsn-a001-00-000000013604308	20	02	8753	M	1	0	0	1	0
20261001	4291318	cmp-a001-02-000000010764328	grp-a001-02-000000069047580	단백질간식	nad-a001-02-000000553654558	bsn-a001-00-000000013604308	20	99	8753	M	1	0	0	3	0
20261001	4291318	cmp-a001-02-000000010764328	grp-a001-02-000000069047580	에너지바	nad-a001-02-000000553654558	bsn-a001-00-000000013604308	20	02	791888	M	1	0	0	2	0
20261001	4291318	cmp-a001-02-000000010764328	grp-a001-02-000000069047580	사랑이	nad-a001-02-000000553654554	bsn-a001-00-000000013604308	20	09	529514	M	2	0	0	5	0
20261001	4291318	cmp-a001-02-000000010764328	grp-a001-02-000000069047580	로또출근합니다GR식사대용	nad-a001-02-000000553654562	bsn-a001-00-000000013604308	20	09	8753	M	1	0	0	5	0
20261001	4291318	cmp-a001-02-000000010764328	grp-a001-02-000000069047580	단백질쉐이크추천	nad-a001-02-000000553654562	bsn-a001-00-000000013604308	20	18	612594	M	1	0	0	1	0
20261001	4291318	cmp-a001-02-000000010764328	grp-a001-02-000000069047580	프로틴	nad-a001-02-000000553654562	bsn-a001-00-000000013604308	20	99	98128	M	2	0	0	3	0
20261001	4291318	cmp-a001-02-000000010764328	grp-a001-02-000000069047580	단백질보충제	nad-a001-02-000000553654562	bsn-a001-00-000000013604308	20	04	87620	M	1	0	0	2	0
20261001	4291318	cmp-a001-02-000000010764328	grp-a001-02-000000069047580	다이어트쉐이크	nad-a001-02-000000553654562	bsn-a001-00-000000013604308	20	11	768323	M	2	0	0	3	0
20261001	4291318	cmp-a001-02-000000010764328	grp-a001-02-000000069047580	프로틴	nad-a001-02-000000553654562	bsn-a001-00-000000013604308	20	02	529514	M	24	0	0	24	0
20261001	4291318	cmp-a001-02-000000010764328	grp-a001-02-000000069047580	프로틴	nad-a001-02-000000553654562	bsn-a001-00-000000013604308	20	02	768323	M	14	0	0	23	0
20261001	4291318	cmp-a001-02-000000010764328	grp-a001-02-000000069047580	두바이단백질바	nad-a001-02-000000553654554	bsn-a001-00-000000013604308	20	18	8753	M	1	0	0	1	0
20261001	4291318	cmp-a001-02-000000010764328	grp-a001-02-000000069047580	중국단백질쉐이크	nad-a001-02-000000553654562	bsn-a001-00-000000013604308	20	02	8753	M	1	0	0	3	0
20261001	4291318	cmp-a001-02-000000010764328	grp-a001-02-000000069047580	다이어트쉐이크	nad-a001-02-000000553654562	bsn-a001-00-000000013604308	20	99	768323	M	2	0	0	2	0
20261001	4291318	cmp-a001-02-000000010764328	grp-a001-02-000000069047580	에너지바	nad-a001-02-000000553654554	bsn-a001-00-000000013604308	20	01	33421	M	1	0	0	1	0
20261001	4291318	cmp-a001-02-000000010764328	grp-a001-02-000000069047580	식물성단백질쉐이크	nad-a001-02-000000553654562	bsn-a001-00-000000013604308	20	11	8753	M	1	0	0	3	0
20261001	4291318	cmp-a001-02-000000010764328	grp-a001-02-000000069047580	단백질쉐이크	nad-a001-02-000000553654562	bsn-a001-00-000000013604308	20	13	529514	M	1	0	0	3	0
20261001	4291318	cmp-a001-02-000000010764328	grp-a001-02-000000069047580	프로틴	nad-a001-02-000000553654562	bsn-a001-00-000000013604308	20	04	768323	M	2	0	0	3	0
20261001	4291318	cmp-a001-02-000000010764328	grp-a001-02-000000069047580	프로틴뜨거운물	nad-a001-02-000000553654562	bsn-a001-00-000000013604308	20	15	8753	M	1	0	0	4	0
20261001	4291318	cmp-a001-02-000000010764328	grp-a001-02-000000069047580	단백질바	nad-a001-02-000000553654558	bsn-a001-00-000000013604308	20	16	27758	P	1	0	0	3	0
20261001	4291318	cmp-a001-02-000000010764328	grp-a001-02-000000069047580	에너지단백질바	nad-a001-02-000000553654554	bsn-a001-00-000000013604308	20	99	8753	M	1	0	0	1	0
20261001	4291318	cmp-a001-02-000000010764328	grp-a001-02-000000069047580	단백질파우더	nad-a001-02-000000553654562	bsn-a001-00-000000013604308	20	00	33421	M	2	0	0	4	0
20261001	4291318	cmp-a001-02-000000010764328	grp-a001-02-000000069047580	단백질바	nad-a001-02-000000553654554	bsn-a001-00-000000013604308	20	02	8753	M	1	0	0	1	0
20261001	4291318	cmp-a001-02-000000010764328	grp-a001-02-000000069047580	단백질쉐이크	nad-a001-02-000000553654562	bsn-a001-00-000000013604308	20	17	529514	M	1	0	0	2	0
20261001	4291318	cmp-a001-02-000000010764328	grp-a001-02-000000069047580	로또출근합니다GR식사대용	nad-a001-02-000000541753997	bsn-a001-00-000000013604308	20	09	8753	M	1	0	0	1	0
20261001	4291318	cmp-a001-02-000000010764328	grp-a001-02-000000069047580	단백질파우더	nad-a001-02-000000553654562	bsn-a001-00-000000013604308	20	02	8753	M	1	0	0	3	0
20261001	4291318	cmp-a001-02-000000010764328	grp-a001-02-000000069047580	다이어트식사대용쉐이크	nad-a001-02-000000553654562	bsn-a001-00-000000013604308	20	09	8753	M	1	0	0	3	0
20261001	4291318	cmp-a001-02-000000010764328	grp-a001-02-000000069047580	핏트보충제다이어트	nad-a001-02-000000553654562	bsn-a001-00-000000013604308	20	10	33421	M	1	0	0	8	0
20261001	4291318	cmp-a001-02-000000010764328	grp-a001-02-000000069047580	젤리	nad-a001-02-000000541753985	bsn-a001-00-000000013604308	20	03	684927	P	2	0	0	14	0
20261001	4291318	cmp-a001-02-000000010764328	grp-a001-02-000000069047580	단백질쉐이크	nad-a001-02-000000553654562	bsn-a001-00-000000013604308	20	14	8753	M	1	0	0	6	0
20261001	4291318	cmp-a001-02-000000010764328	grp-a001-02-000000069047580	사랑님	nad-a001-02-000000553654554	bsn-a001-00-000000013604308	20	13	529514	M	2	0	0	5	0
20261001	4291318	cmp-a001-02-000000010764328	grp-a001-02-000000069047580	프로틴바	nad-a001-02-000000553654554	bsn-a001-00-000000013604308	20	08	8753	M	1	0	0	2	0
20261001	4291318	cmp-a001-02-000000010764328	grp-a001-02-000000069047580	쉐이크	nad-a001-02-000000553654562	bsn-a001-00-000000013604308	20	03	684926	M	2	0	0	10	0
20261001	4291318	cmp-a001-02-000000010764328	grp-a001-02-000000069047580	단백질바	nad-a001-02-000000553654559	bsn-a001-00-000000013604308	20	11	98128	M	2	0	0	10	0
20261001	4291318	cmp-a001-02-000000010764328	grp-a001-02-000000069047580	단백질파우더	nad-a001-02-000000553654562	bsn-a001-00-000000013604308	20	02	33421	M	1	0	0	4	0
20261001	4291318	cmp-a001-02-000000010764328	grp-a001-02-000000069047580	젤리	nad-a001-02-000000541753985	bsn-a001-00-000000013604308	20	02	98128	M	2	0	0	2	0
20261001	4291318	cmp-a001-02-000000010764328	grp-a001-02-000000069047580	다이어트곡물	nad-a001-02-000000553654562	bsn-a001-00-000000013604308	20	08	8753	M	1	0	0	1	0
20261001	4291318	cmp-a001-02-000000010764328	grp-a001-02-000000069047580	에너지과자	nad-a001-02-000000553654558	bsn-a001-00-000000013604308	20	99	8753	M	3	0	0	9	0
20261001	4291318	cmp-a001-02-000000010764328	grp-a001-02-000000069047580	프로틴	nad-a001-02-000000553654562	bsn-a001-00-000000013604308	20	02	27758	P	1	0	0	3	0
20261001	4291318	cmp-a001-02-000000010764328	grp-a001-02-000000069047580	프로틴파우더	nad-a001-02-000000553654562	bsn-a001-00-000000013604308	20	99	529514	M	2	0	0	2	0
20261001	4291318	cmp-a001-02-000000010764328	grp-a001-02-000000069047580	지에스단백질프로틴	nad-a001-02-000000553654562	bsn-a001-00-000000013604308	20	02	8753	M	1	0	0	3	0
20261001	4291318	cmp-a001-02-000000010764328	grp-a001-02-000000069047580	젤리	nad-a001-02-000000541753985	bsn-a001-00-000000013604308	20	11	684926	M	2	0	0	8	0
20261001	4291318	cmp-a001-02-000000010764328	grp-a001-02-000000069047580	제리	nad-a001-02-000000541753985	bsn-a001-00-000000013604308	20	02	8753	M	1	0	0	3	0
20261001	4291318	cmp-a001-02-000000010764328	grp-a001-02-000000069047580	단백질쉐이크	nad-a001-02-000000553654562	bsn-a001-00-000000013604308	20	03	684926	M	2	0	0	22	0
20261001	4291318	cmp-a001-02-000000010764328	grp-a001-02-000000069047580	식물성단백질	nad-a001-02-000000553654562	bsn-a001-00-000000013604308	20	02	529514	M	1	0	0	1	0
20261001	4291318	cmp-a001-02-000000010764328	grp-a001-02-000000069047580	프로틴바	nad-a001-02-000000553654559	bsn-a001-00-000000013604308	20	02	529514	M	7	0	0	35	0
20261001	4291318	cmp-a001-02-000000010764328	grp-a001-02-000000069047580	하루단백질섭취량	nad-a001-02-000000553654562	bsn-a001-00-000000013604308	20	04	8753	M	1	0	0	5	0
20261001	4291318	cmp-a001-02-000000010764328	grp-a001-02-000000069047580	프로틴	nad-a001-02-000000553654562	bsn-a001-00-000000013604308	20	02	684927	P	4	0	0	4	0
20261001	4291318	cmp-a001-02-000000010764328	grp-a001-02-000000069047580	단백질보충제	nad-a001-02-000000553654562	bsn-a001-00-000000013604308	20	13	684926	M	1	0	0	8	0
20261001	4291318	cmp-a001-02-000000010764328	grp-a001-02-000000069047580	에너지바	nad-a001-02-000000553654558	bsn-a001-00-000000013604308	20	09	87620	M	1	0	0	2	0
20261001	4291318	cmp-a001-02-000000010764328	grp-a001-02-000000069047580	단백질	nad-a001-02-000000553654562	bsn-a001-00-000000013604308	20	03	33421	M	1	0	0	4	0
20261001	4291318	cmp-a001-02-000000010764328	grp-a001-02-000000069047580	단백질쉐이크	nad-a001-02-000000553654562	bsn-a001-00-000000013604308	20	01	684925	P	1	0	0	1	0
20261001	4291318	cmp-a001-02-000000010764328	grp-a001-02-000000069047580	에너지바	nad-a001-02-000000553654558	bsn-a001-00-000000013604308	20	09	27758	P	1	0	0	3	0
20261001	4291318	cmp-a001-02-000000010764328	grp-a001-02-000000069047580	젤리	nad-a001-02-000000541753985	bsn-a001-00-000000013604308	20	99	98128	M	2	0	0	10	0
20261001	4291318	cmp-a001-02-000000010764328	grp-a001-02-000000069047580	단백질보충제	nad-a001-02-000000553654562	bsn-a001-00-000000013604308	20	02	8753	M	2	0	0	10	0
20261001	4291318	cmp-a001-02-000000010764328	grp-a001-02-000000069047580	식사대용쉐이크	nad-a001-02-000000553654562	bsn-a001-00-000000013604308	20	03	8753	M	1	0	0	5	0
20261001	4291318	cmp-a001-02-000000010764328	grp-a001-02-000000069047580	엄마사랑해	nad-a001-02-000000553654558	bsn-a001-00-000000013604308	20	18	8753	M	1	0	0	4	0
20261001	4291318	cmp-a001-02-000000010764328	grp-a001-02-000000069047580	단백질파우더	nad-a001-02-000000553654562	bsn-a001-00-000000013604308	20	01	684926	M	2	0	0	24	0
20261001	4291318	cmp-a001-02-000000010764328	grp-a001-02-000000069047580	다이어트쉐이크	nad-a001-02-000000553654562	bsn-a001-00-000000013604308	20	09	768323	M	1	0	0	2	0
20261001	4291318	cmp-a001-02-000000010764328	grp-a001-02-000000069047580	에너지바	nad-a001-02-000000553654558	bsn-a001-00-000000013604308	20	09	529514	M	2	0	0	3	0
20261001	4291318	cmp-a001-02-000000010764328	grp-a001-02-000000069047580	프로틴바	nad-a001-02-000000553654558	bsn-a001-00-000000013604308	20	09	98128	M	2	0	0	4	0
20261001	4291318	cmp-a001-02-000000010764328	grp-a001-02-000000069047580	청국장가루	nad-a001-02-000000541754005	bsn-a001-00-000000013604308	20	16	341898	M	1	0	0	1	0
20261001	4291318	cmp-a001-02-000000010764328	grp-a001-02-000000069047580	다이어트단백질쉐이크	nad-a001-02-000000553654562	bsn-a001-00-000000013604308	20	08	8753	M	1	0	0	2	0
20261001	4291318	cmp-a001-02-000000010764328	grp-a001-02-000000069047580	영양식	nad-a001-02-000000541753965	bsn-a001-00-000000013604308	20	09	529514	M	4	0	0	14	0
20261001	4291318	cmp-a001-02-000000010764328	grp-a001-02-000000069047580	젤리	nad-a001-02-000000541753985	bsn-a001-00-000000013604308	20	02	27758	P	1	0	0	4	0
20261001	4291318	cmp-a001-02-000000010764328	grp-a001-02-000000069047580	프로틴바	nad-a001-02-000000553654554	bsn-a001-00-000000013604308	20	09	98128	M	4	0	0	4	0
20261001	4291318	cmp-a001-02-000000010764328	grp-a001-02-000000069047580	프로틴	nad-a001-02-000000553654562	bsn-a001-00-000000013604308	20	03	529514	M	2	0	0	2	0
20261001	4291318	cmp-a001-02-000000010764328	grp-a001-02-000000069047580	사랑	nad-a001-02-000000553654554	bsn-a001-00-000000013604308	20	10	98128	M	1	0	0	2	0
20261001	4291318	cmp-a001-02-000000010764328	grp-a001-02-000000069047580	단백질종류	nad-a001-02-000000553654562	bsn-a001-00-000000013604308	20	09	8753	M	1	0	0	1	0
20261001	4291318	cmp-a001-02-000000010764328	grp-a001-02-000000069047580	에너지단백질바	nad-a001-02-000000553654558	bsn-a001-00-000000013604308	20	99	8753	M	1	0	0	3	0
20261001	4291318	cmp-a001-02-000000010764328	grp-a001-02-000000069047580	단백질	nad-a001-02-000000553654562	bsn-a001-00-000000013604308	20	00	8753	M	1	0	0	1	0
20261001	4291318	cmp-a001-02-000000010764328	grp-a001-02-000000069047580	프로틴	nad-a001-02-000000553654562	bsn-a001-00-000000013604308	20	11	529514	M	1	0	0	1	0
20261001	4291318	cmp-a001-02-000000010764328	grp-a001-02-000000069047580	영양식	nad-a001-02-000000541753965	bsn-a001-00-000000013604308	20	04	529514	M	6	0	0	12	0
20261001	4291318	cmp-a001-02-000000010764328	grp-a001-02-000000069047580	스토어	nad-a001-02-000000541753997	bsn-a001-00-000000013604308	20	99	98128	M	5	0	0	5	0
20261001	4291318	cmp-a001-02-000000010764328	grp-a001-02-000000069047580	프로틴파우더	nad-a001-02-000000553654562	bsn-a001-00-000000013604308	20	09	529514	M	4	0	0	4	0
20261001	4291318	cmp-a001-02-000000010764328	grp-a001-02-000000069047580	제주크런치스토어	nad-a001-02-000000553654558	bsn-a001-00-000000013604308	20	99	8753	M	1	0	0	3	0
20261001	4291318	cmp-a001-02-000000010764328	grp-a001-02-000000069047580	쉐이크	nad-a001-02-000000553654562	bsn-a001-00-000000013604308	20	03	8753	M	1	0	0	5	0
20261001	4291318	cmp-a001-02-000000010764328	grp-a001-02-000000069047580	단백질쉐이크	nad-a001-02-000000553654562	bsn-a001-00-000000013604308	20	10	8753	M	3	0	0	20	0
20261001	4291318	cmp-a001-02-000000010764328	grp-a001-02-000000069047580	프로틴	nad-a001-02-000000553654562	bsn-a001-00-000000013604308	20	99	768323	M	6	0	0	10	0
20261001	4291318	cmp-a001-02-000000010764328	grp-a001-02-000000069047580	에너지바	nad-a001-02-000000553654554	bsn-a001-00-000000013604308	20	16	33421	M	1	0	0	1	0
20261001	4291318	cmp-a001-02-000000010764328	grp-a001-02-000000069047580	단백질	nad-a001-02-000000553654562	bsn-a001-00-000000013604308	20	09	137281	M	2	0	0	2	0
20261001	4291318	cmp-a001-02-000000010764328	grp-a001-02-000000069047580	프로틴쉐이크	nad-a001-02-000000553654562	bsn-a001-00-000000013604308	20	09	529514	M	16	0	0	16	0
20261001	4291318	cmp-a001-02-000000010764328	grp-a001-02-000000069047580	단백질보충제	nad-a001-02-000000553654562	bsn-a001-00-000000013604308	20	03	8753	M	1	0	0	5	0
20261001	4291318	cmp-a001-02-000000010764328	grp-a001-02-000000069047580	단백질간식	nad-a001-02-000000553654558	bsn-a001-00-000000013604308	20	16	27758	P	1	0	0	4	0
20261001	4291318	cmp-a001-02-000000010764328	grp-a001-02-000000069047580	단백질쉐이크	nad-a001-02-000000553654562	bsn-a001-00-000000013604308	20	07	529514	M	4	0	0	8	0
20261001	4291318	cmp-a001-02-000000010764328	grp-a001-02-000000069047580	도토리가루보관하는방법	nad-a001-02-000000541754004	bsn-a001-00-000000013604308	20	02	8753	M	1	0	0	2	0
20261001	4291318	cmp-a001-02-000000010764328	grp-a001-02-000000069047580	PROTEIN	nad-a001-02-000000553654562	bsn-a001-00-000000013604308	20	01	684925	P	1	0	0	1	0
20261001	4291318	cmp-a001-02-000000010764328	grp-a001-02-000000069047580	1일단백질섭취량	nad-a001-02-000000553654562	bsn-a001-00-000000013604308	20	03	8753	M	1	0	0	2	0
20261001	4291318	cmp-a001-02-000000010764328	grp-a001-02-000000069047580	단백질쉐이크	nad-a001-02-000000553654562	bsn-a001-00-000000013604308	20	01	529514	M	11	0	0	30	0
20261001	4291318	cmp-a001-02-000000010764328	grp-a001-02-000000069047580	단백질종류	nad-a001-02-000000553654562	bsn-a001-00-000000013604308	20	04	8753	M	1	0	0	2	0
20261001	4291318	cmp-a001-02-000000010764328	grp-a001-02-000000069047580	프로틴	nad-a001-02-000000553654562	bsn-a001-00-000000013604308	20	18	529514	M	12	0	0	12	0
20261001	4291318	cmp-a001-02-000000010764328	grp-a001-02-000000069047580	프로틴	nad-a001-02-000000553654562	bsn-a001-00-000000013604308	20	17	291244	M	2	0	0	4	0
20261001	4291318	cmp-a001-02-000000010764328	grp-a001-02-000000069047580	단백질바초코	nad-a001-02-000000553654554	bsn-a001-00-000000013604308	20	09	33421	M	1	0	0	1	0
20261001	4291318	cmp-a001-02-000000010764328	grp-a001-02-000000069047580	새싹앤단백질쉐이크	nad-a001-02-000000553654562	bsn-a001-00-000000013604308	20	02	8753	M	1	0	0	5	0
20261001	4291318	cmp-a001-02-000000010764328	grp-a001-02-000000069047580	사랑	nad-a001-02-000000553654558	bsn-a001-00-000000013604308	20	10	98128	M	1	0	0	3	0
20261001	4291318	cmp-a001-02-000000010764328	grp-a001-02-000000069047580	쉐이크식사대용	nad-a001-02-000000553654562	bsn-a001-00-000000013604308	20	02	8753	M	1	0	0	2	0
20261001	4291318	cmp-a001-02-000000010764328	grp-a001-02-000000069047580	에너지바	nad-a001-02-000000553654554	bsn-a001-00-000000013604308	20	15	33421	M	1	0	0	1	0
20261001	4291318	cmp-a001-02-000000010764328	grp-a001-02-000000069047580	에너지바	nad-a001-02-000000553654558	bsn-a001-00-000000013604308	20	02	87620	M	1	0	0	2	0
20261001	4291318	cmp-a001-02-000000010764328	grp-a001-02-000000069047580	PROTEIN	nad-a001-02-000000553654562	bsn-a001-00-000000013604308	20	02	529514	M	4	0	0	4	0
20261001	4291318	cmp-a001-02-000000010764328	grp-a001-02-000000069047580	젤리	nad-a001-02-000000541753985	bsn-a001-00-000000013604308	20	02	8753	M	3	0	0	8	0
20261001	4291318	cmp-a001-02-000000010764328	grp-a001-02-000000069047580	황성주생식	nad-a001-02-000000541753997	bsn-a001-00-000000013604308	20	02	8753	M	1	0	0	1	0
20261001	4291318	cmp-a001-02-000000010764328	grp-a001-02-000000069047580	중국프로틴쉐이크	nad-a001-02-000000553654562	bsn-a001-00-000000013604308	20	02	8753	M	1	0	0	2	0
20261001	4291318	cmp-a001-02-000000010764328	grp-a001-02-000000069047580	스토어	nad-a001-02-000000541753997	bsn-a001-00-000000013604308	20	15	98128	M	3	0	0	3	0
20261001	4291318	cmp-a001-02-000000010764328	grp-a001-02-000000069047580	프로틴	nad-a001-02-000000553654562	bsn-a001-00-000000013604308	20	10	768323	M	3	0	0	6	0
20261001	4291318	cmp-a001-02-000000010764328	grp-a001-02-000000069047580	프로틴바	nad-a001-02-000000553654554	bsn-a001-00-000000013604308	20	09	529514	M	14	0	0	20	0
20261001	4291318	cmp-a001-02-000000010764328	grp-a001-02-000000069047580	스토어	nad-a001-02-000000541753997	bsn-a001-00-000000013604308	20	18	98128	M	2	0	0	2	0
20261001	4291318	cmp-a001-02-000000010764328	grp-a001-02-000000069047580	단백질파우더	nad-a001-02-000000553654562	bsn-a001-00-000000013604308	20	02	768323	M	2	0	0	2	0
20261001	4291318	cmp-a001-02-000000010764328	grp-a001-02-000000069047580	단백질	nad-a001-02-000000553654562	bsn-a001-00-000000013604308	20	02	8753	M	6	0	0	10	0
20261001	4291318	cmp-a001-02-000000010764328	grp-a001-02-000000069047580	단백질쉐이크	nad-a001-02-000000553654562	bsn-a001-00-000000013604308	20	03	8753	M	3	0	0	17	0
20261001	4291318	cmp-a001-02-000000010764328	grp-a001-02-000000069047580	도토리가루보관하는방법	nad-a001-02-000000541753996	bsn-a001-00-000000013604308	20	02	8753	M	1	0	0	3	0
20261001	4291318	cmp-a001-02-000000010764328	grp-a001-02-000000069047580	담백질쉐이크추천	nad-a001-02-000000553654562	bsn-a001-00-000000013604308	20	99	8753	M	1	0	0	5	0
20261001	4291318	cmp-a001-02-000000010764328	grp-a001-02-000000069047580	ANSWER600	nad-a001-02-000000541753996	bsn-a001-00-000000013604308	20	18	370822	P	1	0	0	1	0
20261001	4291318	cmp-a001-02-000000010764328	grp-a001-02-000000069047580	가루	nad-a001-02-000000541753996	bsn-a001-00-000000013604308	20	03	98128	M	1	0	0	4	0
20261001	4291318	cmp-a001-02-000000010764328	grp-a001-02-000000069047580	쉐이크	nad-a001-02-000000553654562	bsn-a001-00-000000013604308	20	04	8753	M	1	0	0	3	0
20261001	4291318	cmp-a001-02-000000010764328	grp-a001-02-000000069047580	사랑	nad-a001-02-000000553654558	bsn-a001-00-000000013604308	20	11	98128	M	10	0	0	30	0
20261001	4291318	cmp-a001-02-000000010764328	grp-a001-02-000000069047580	초코과자불량식품	nad-a001-02-000000553654554	bsn-a001-00-000000013604308	20	13	8753	M	2	0	0	3	0
20261001	4291318	cmp-a001-02-000000010764328	grp-a001-02-000000069047580	단백질	nad-a001-02-000000553654562	bsn-a001-00-000000013604308	20	09	8753	M	1	0	0	1	0
20261001	4291318	cmp-a001-02-000000010764328	grp-a001-02-000000069047580	단백질쉐이크	nad-a001-02-000000553654562	bsn-a001-00-000000013604308	20	99	529514	M	31	0	0	53	0
20261001	4291318	cmp-a001-02-000000010764328	grp-a001-02-000000069047580	칼로리폭탄간식	nad-a001-02-000000553654554	bsn-a001-00-000000013604308	20	09	8753	M	1	0	0	1	0
20261001	4291318	cmp-a001-02-000000010764328	grp-a001-02-000000069047580	단백질바	nad-a001-02-000000553654554	bsn-a001-00-000000013604308	20	11	8753	M	1	0	0	1	0
20261001	4291318	cmp-a001-02-000000010764328	grp-a001-02-000000069047580	단백질바	nad-a001-02-000000553654558	bsn-a001-00-000000013604308	20	09	791889	P	1	0	0	2	0
20261001	4291318	cmp-a001-02-000000010764328	grp-a001-02-000000069047580	단백질바	nad-a001-02-000000553654559	bsn-a001-00-000000013604308	20	09	791889	P	1	0	0	4	0
20261001	4291318	cmp-a001-02-000000010764328	grp-a001-02-000000069047580	단백질	nad-a001-02-000000553654562	bsn-a001-00-000000013604308	20	17	529514	M	6	0	0	6	0
20261001	4291318	cmp-a001-02-000000010764328	grp-a001-02-000000069047580	단백질바	nad-a001-02-000000553654558	bsn-a001-00-000000013604308	20	02	33421	M	1	0	0	2	0
20261001	4291318	cmp-a001-02-000000010764328	grp-a001-02-000000069047580	프로틴	nad-a001-02-000000553654562	bsn-a001-00-000000013604308	20	03	684926	M	2	0	0	14	0
20261001	4291318	cmp-a001-02-000000010764328	grp-a001-02-000000069047580	젤리	nad-a001-02-000000541753985	bsn-a001-00-000000013604308	20	09	768323	M	7	0	0	7	0
20261001	4291318	cmp-a001-02-000000010764328	grp-a001-02-000000069047580	젤리	nad-a001-02-000000541753985	bsn-a001-00-000000013604308	20	02	768323	M	4	0	0	4	0
20261001	4291318	cmp-a001-02-000000010764328	grp-a001-02-000000069047580	PROTEIN	nad-a001-02-000000553654562	bsn-a001-00-000000013604308	20	00	27758	P	1	0	0	4	0
20261001	4291318	cmp-a001-02-000000010764328	grp-a001-02-000000069047580	에너지바	nad-a001-02-000000553654554	bsn-a001-00-000000013604308	20	04	8753	M	1	0	0	1	0
20261001	4291318	cmp-a001-02-000000010764328	grp-a001-02-000000069047580	프로틴파우더	nad-a001-02-000000553654562	bsn-a001-00-000000013604308	20	16	11068	P	1	0	0	7	0
20261001	4291318	cmp-a001-02-000000010764328	grp-a001-02-000000069047580	프로틴	nad-a001-02-000000553654562	bsn-a001-00-000000013604308	20	07	768323	M	2	0	0	4	0
20261001	4291318	cmp-a001-02-000000010764328	grp-a001-02-000000069047580	젤리	nad-a001-02-000000541753985	bsn-a001-00-000000013604308	20	08	768323	M	1	0	0	1	0
20261001	4291318	cmp-a001-02-000000010764328	grp-a001-02-000000069047580	제리	nad-a001-02-000000541753985	bsn-a001-00-000000013604308	20	16	98128	M	2	0	0	2	0
20261001	4291318	cmp-a001-02-000000010764328	grp-a001-02-000000069047580	에너지바	nad-a001-02-000000553654554	bsn-a001-00-000000013604308	20	09	529514	M	2	0	0	3	0
20261001	4291318	cmp-a001-02-000000010764328	grp-a001-02-000000069047580	단백질	nad-a001-02-000000553654562	bsn-a001-00-000000013604308	20	16	684925	P	1	0	0	1	0
20261001	4291318	cmp-a001-02-000000010764328	grp-a001-02-000000069047580	프로틴	nad-a001-02-000000553654562	bsn-a001-00-000000013604308	20	01	768323	M	1	0	0	2	0
20261001	4291318	cmp-a001-02-000000010764328	grp-a001-02-000000069047580	식물성단백질	nad-a001-02-000000553654562	bsn-a001-00-000000013604308	20	02	8753	M	1	0	0	3	0
20261001	4291318	cmp-a001-02-000000010764328	grp-a001-02-000000069047580	단백질쉐이크	nad-a001-02-000000553654562	bsn-a001-00-000000013604308	20	04	529514	M	2	0	0	2	0
20261001	4291318	cmp-a001-02-000000010764328	grp-a001-02-000000069047580	프로틴바	nad-a001-02-000000553654558	bsn-a001-00-000000013604308	20	08	8753	M	1	0	0	5	0
20261001	4291318	cmp-a001-02-000000010764328	grp-a001-02-000000069047580	가루	nad-a001-02-000000541753997	bsn-a001-00-000000013604308	20	02	33421	M	1	0	0	1	0
20261001	4291318	cmp-a001-02-000000010764328	grp-a001-02-000000069047580	젤리	nad-a001-02-000000541753985	bsn-a001-00-000000013604308	20	08	529514	M	2	0	0	2	0
20261001	4291318	cmp-a001-02-000000010764328	grp-a001-02-000000069047580	카례가루통으로파는곳	nad-a001-02-000000541753996	bsn-a001-00-000000013604308	20	01	8753	M	1	0	0	4	0
20261001	4291318	cmp-a001-02-000000010764328	grp-a001-02-000000069047580	단백질바초코	nad-a001-02-000000553654559	bsn-a001-00-000000013604308	20	09	33421	M	1	0	0	6	0
20261001	4291318	cmp-a001-02-000000010764328	grp-a001-02-000000069047580	젤리	nad-a001-02-000000541753985	bsn-a001-00-000000013604308	20	08	137281	M	1	0	0	1	0
20261001	4291318	cmp-a001-02-000000010764328	grp-a001-02-000000069047580	프로틴	nad-a001-02-000000553654562	bsn-a001-00-000000013604308	20	17	529514	M	8	0	0	8	0
20261001	4291318	cmp-a001-02-000000010764328	grp-a001-02-000000069047580	단백질바	nad-a001-02-000000553654554	bsn-a001-00-000000013604308	20	09	33421	M	2	0	0	2	0
20261001	4291318	cmp-a001-02-000000010764328	grp-a001-02-000000069047580	단백질종류식품	nad-a001-02-000000553654562	bsn-a001-00-000000013604308	20	09	8753	M	1	0	0	1	0
20261001	4291318	cmp-a001-02-000000010764328	grp-a001-02-000000069047580	카례가루통으로파는곳	nad-a001-02-000000541753997	bsn-a001-00-000000013604308	20	01	8753	M	1	0	0	1	0
20261001	4291318	cmp-a001-02-000000010764328	grp-a001-02-000000069047580	프로틴바	nad-a001-02-000000553654559	bsn-a001-00-000000013604308	20	99	529514	M	6	0	0	18	0
20261001	4291318	cmp-a001-02-000000010764328	grp-a001-02-000000069047580	균형영양식	nad-a001-02-000000541753965	bsn-a001-00-000000013604308	20	09	529514	M	2	0	0	4	0
20261001	4291318	cmp-a001-02-000000010764328	grp-a001-02-000000069047580	JELLY	nad-a001-02-000000541753985	bsn-a001-00-000000013604308	20	11	98128	M	2	0	0	2	0
20261001	4291318	cmp-a001-02-000000010764328	grp-a001-02-000000069047580	프로틴바	nad-a001-02-000000553654558	bsn-a001-00-000000013604308	20	99	529514	M	6	0	0	9	0
20261001	4291318	cmp-a001-02-000000010764328	grp-a001-02-000000069047580	제주크런치스토어	nad-a001-02-000000553654554	bsn-a001-00-000000013604308	20	99	8753	M	1	0	0	1	0
20261001	4291318	cmp-a001-02-000000010764328	grp-a001-02-000000069047580	단백질쉐이크	nad-a001-02-000000553654562	bsn-a001-00-000000013604308	20	02	529514	M	16	0	0	28	0
20261001	4291318	cmp-a001-02-000000010764328	grp-a001-02-000000069047580	단백질바	nad-a001-02-000000553654558	bsn-a001-00-000000013604308	20	09	33421	M	2	0	0	6	0
20261001	4291318	cmp-a001-02-000000010764328	grp-a001-02-000000069047580	사랑님	nad-a001-02-000000553654558	bsn-a001-00-000000013604308	20	03	529514	M	4	0	0	10	0
20261001	4291318	cmp-a001-02-000000010764328	grp-a001-02-000000069047580	단백질바	nad-a001-02-000000553654554	bsn-a001-00-000000013604308	20	09	791889	P	1	0	0	1	0
20261001	4291318	cmp-a001-02-000000010764328	grp-a001-02-000000069047580	단백질바	nad-a001-02-000000553654554	bsn-a001-00-000000013604308	20	02	33421	M	1	0	0	1	0
20261001	4291318	cmp-a001-02-000000010764328	grp-a001-02-000000069047580	식물성단백질쉐이크	nad-a001-02-000000553654562	bsn-a001-00-000000013604308	20	02	33421	M	1	0	0	7	0
20261001	4291318	cmp-a001-02-000000010764328	grp-a001-02-000000069047580	프로틴쉐이크	nad-a001-02-000000553654562	bsn-a001-00-000000013604308	20	18	529514	M	2	0	0	2	0
20261001	4291318	cmp-a001-02-000000010764328	grp-a001-02-000000069047580	PROTEIN	nad-a001-02-000000553654562	bsn-a001-00-000000013604308	20	09	8753	M	2	0	0	3	0
20261001	4291318	cmp-a001-02-000000010764328	grp-a001-02-000000069047580	영양식	nad-a001-02-000000541753965	bsn-a001-00-000000013604308	20	11	529514	M	2	0	0	4	0
20261001	4291318	cmp-a001-02-000000010764328	grp-a001-02-000000069047580	단백질쉐이크	nad-a001-02-000000553654562	bsn-a001-00-000000013604308	20	04	8753	M	2	0	0	11	0
20261001	4291318	cmp-a001-02-000000010764328	grp-a001-02-000000069047580	단백질쉐이크	nad-a001-02-000000553654562	bsn-a001-00-000000013604308	20	16	8753	M	1	0	0	2	0
20261001	4291318	cmp-a001-02-000000010764328	grp-a001-02-000000069047580	GS동결건조두쫀쿠	nad-a001-02-000000541753997	bsn-a001-00-000000013604308	20	02	27758	P	1	0	0	2	0
20261001	4291318	cmp-a001-02-000000010764328	grp-a001-02-000000069047580	여에스터식물성단백질	nad-a001-02-000000553654562	bsn-a001-00-000000013604308	20	99	8753	M	1	0	0	3	0
20261001	4291318	cmp-a001-02-000000010764328	grp-a001-02-000000069047580	가루	nad-a001-02-000000541754004	bsn-a001-00-000000013604308	20	02	33421	M	1	0	0	2	0
20261001	4291318	cmp-a001-02-000000010764328	grp-a001-02-000000069047580	로또출근합니다GR식사대용	nad-a001-02-000000541754004	bsn-a001-00-000000013604308	20	09	8753	M	1	0	0	2	0
20261001	4291318	cmp-a001-02-000000010764328	grp-a001-02-000000069047580	에너지바	nad-a001-02-000000553654558	bsn-a001-00-000000013604308	20	04	8753	M	1	0	0	3	0
20261001	4291318	cmp-a001-02-000000010764328	grp-a001-02-000000069047580	에너지바	nad-a001-02-000000553654554	bsn-a001-00-000000013604308	20	09	8753	M	1	0	0	1	0
20261001	4291318	cmp-a001-02-000000010764328	grp-a001-02-000000069047580	쉐이크	nad-a001-02-000000553654562	bsn-a001-00-000000013604308	20	15	529514	M	9	0	0	9	0
20261001	4291318	cmp-a001-02-000000010764328	grp-a001-02-000000069047580	프로틴	nad-a001-02-000000553654562	bsn-a001-00-000000013604308	20	09	684926	M	4	0	0	24	0
20261001	4291318	cmp-a001-02-000000010764328	grp-a001-02-000000069047580	단백질파우더	nad-a001-02-000000553654562	bsn-a001-00-000000013604308	20	09	11068	P	1	0	0	4	0
20261001	4291318	cmp-a001-02-000000010764328	grp-a001-02-000000069047580	단백질파우더	nad-a001-02-000000553654562	bsn-a001-00-000000013604308	20	00	8753	M	1	0	0	2	0
20261001	4291318	cmp-a001-02-000000010764328	grp-a001-02-000000069047580	황성주생식	nad-a001-02-000000541754005	bsn-a001-00-000000013604308	20	07	612593	P	1	0	0	3	0
20261001	4291318	cmp-a001-02-000000010764328	grp-a001-02-000000069047580	단백질보충제	nad-a001-02-000000553654562	bsn-a001-00-000000013604308	20	09	8753	M	2	0	0	6	0
20261001	4291318	cmp-a001-02-000000010764328	grp-a001-02-000000069047580	단백질바	nad-a001-02-000000553654559	bsn-a001-00-000000013604308	20	02	8753	M	1	0	0	25	0
20261001	4291318	cmp-a001-02-000000010764328	grp-a001-02-000000069047580	제리	nad-a001-02-000000541753985	bsn-a001-00-000000013604308	20	09	98128	M	1	0	0	1	0
20261001	4291318	cmp-a001-02-000000010764328	grp-a001-02-000000069047580	스토어	nad-a001-02-000000541753997	bsn-a001-00-000000013604308	20	02	98128	M	10	0	0	10	0
20261001	4291318	cmp-a001-02-000000010764328	grp-a001-02-000000069047580	단백질간식	nad-a001-02-000000553654554	bsn-a001-00-000000013604308	20	04	8753	M	1	0	0	1	0
20261001	4291318	cmp-a001-02-000000010764328	grp-a001-02-000000069047580	단백질쉐이크	nad-a001-02-000000553654562	bsn-a001-00-000000013604308	20	02	8753	M	3	0	0	12	0
20261001	4291318	cmp-a001-02-000000010764328	grp-a001-02-000000069047580	단백질	nad-a001-02-000000553654562	bsn-a001-00-000000013604308	20	11	8753	M	1	0	0	1	0
20261001	4291318	cmp-a001-02-000000010764328	grp-a001-02-000000069047580	젤리	nad-a001-02-000000541753985	bsn-a001-00-000000013604308	20	03	768323	M	3	0	0	3	0
20261001	4291318	cmp-a001-02-000000010764328	grp-a001-02-000000069047580	사랑하라	nad-a001-02-000000553654558	bsn-a001-00-000000013604308	20	00	248824	P	2	0	0	6	0
20261001	4291318	cmp-a001-02-000000010764328	grp-a001-02-000000069047580	단백질간식	nad-a001-02-000000553654554	bsn-a001-00-000000013604308	20	15	11068	P	1	0	0	2	0
20261001	4291318	cmp-a001-02-000000010764328	grp-a001-02-000000069047580	사랑	nad-a001-02-000000553654558	bsn-a001-00-000000013604308	20	03	98128	M	3	0	0	9	0
20261001	4291318	cmp-a001-02-000000010764328	grp-a001-02-000000069047580	젤리	nad-a001-02-000000541753985	bsn-a001-00-000000013604308	20	02	684926	M	2	0	0	16	0
20261001	4291318	cmp-a001-02-000000010764328	grp-a001-02-000000069047580	프로틴	nad-a001-02-000000553654562	bsn-a001-00-000000013604308	20	00	8753	M	5	0	0	30	0
20261001	4291318	cmp-a001-02-000000010764328	grp-a001-02-000000069047580	프로틴ISP	nad-a001-02-000000553654562	bsn-a001-00-000000013604308	20	99	8753	M	1	0	0	1	0
20261001	4291318	cmp-a001-02-000000010764328	grp-a001-02-000000069047580	프로틴	nad-a001-02-000000553654562	bsn-a001-00-000000013604308	20	10	529514	M	7	0	0	7	0
20261001	4291318	cmp-a001-02-000000010764328	grp-a001-02-000000069047580	단백질바	nad-a001-02-000000553654554	bsn-a001-00-000000013604308	20	15	8753	M	1	0	0	1	0
20261001	4291318	cmp-a001-02-000000010764328	grp-a001-02-000000069047580	황성주생식	nad-a001-02-000000541753996	bsn-a001-00-000000013604308	20	13	33421	M	1	0	0	4	0
20261001	4291318	cmp-a001-02-000000010764328	grp-a001-02-000000069047580	단백질섭취량	nad-a001-02-000000553654562	bsn-a001-00-000000013604308	20	10	8753	M	2	0	0	6	0
20261001	4291318	cmp-a001-02-000000010764328	grp-a001-02-000000069047580	단백질쉐이크	nad-a001-02-000000553654562	bsn-a001-00-000000013604308	20	09	684926	M	3	0	0	31	0
20261001	4291318	cmp-a001-02-000000010764328	grp-a001-02-000000069047580	젤리	nad-a001-02-000000541753985	bsn-a001-00-000000013604308	20	06	8753	M	1	0	0	3	0
20261001	4291318	cmp-a001-02-000000010764328	grp-a001-02-000000069047580	젤리	nad-a001-02-000000541753985	bsn-a001-00-000000013604308	20	09	8753	M	2	0	0	5	0
20261001	4291318	cmp-a001-02-000000010764328	grp-a001-02-000000069047580	옛날센비과자뭐가들어가나	nad-a001-02-000000553654554	bsn-a001-00-000000013604308	20	18	8753	M	1	0	0	5	0
20261001	4291318	cmp-a001-02-000000010764328	grp-a001-02-000000069047580	단백질쉐이크	nad-a001-02-000000553654562	bsn-a001-00-000000013604308	20	99	684926	M	2	0	0	14	0
20261001	4291318	cmp-a001-02-000000010764328	grp-a001-02-000000069047580	다이어트쉐이크	nad-a001-02-000000553654562	bsn-a001-00-000000013604308	20	02	768323	M	2	0	0	4	0
20261001	4291318	cmp-a001-02-000000010764328	grp-a001-02-000000069047580	에너지바	nad-a001-02-000000553654558	bsn-a001-00-000000013604308	20	16	33421	M	1	0	0	2	0
20261001	4291318	cmp-a001-02-000000010764328	grp-a001-02-000000069047580	프로틴파우더	nad-a001-02-000000553654562	bsn-a001-00-000000013604308	20	15	8753	M	1	0	0	5	0
20261001	4291318	cmp-a001-02-000000010764328	grp-a001-02-000000069047580	사랑님	nad-a001-02-000000553654554	bsn-a001-00-000000013604308	20	04	529514	M	8	0	0	20	0
20261001	4291318	cmp-a001-02-000000010764328	grp-a001-02-000000069047580	단백질쉐이크	nad-a001-02-000000553654562	bsn-a001-00-000000013604308	20	09	8753	M	2	0	0	6	0
20261001	4291318	cmp-a001-02-000000010764328	grp-a001-02-000000069047580	프로틴바	nad-a001-02-000000553654559	bsn-a001-00-000000013604308	20	09	684927	P	1	0	0	12	0
20261001	4291318	cmp-a001-02-000000010764328	grp-a001-02-000000069047580	PROTEIN	nad-a001-02-000000553654562	bsn-a001-00-000000013604308	20	00	684925	P	1	0	0	1	0
20261001	4291318	cmp-a001-02-000000010764328	grp-a001-02-000000069047580	단백질간식	nad-a001-02-000000553654558	bsn-a001-00-000000013604308	20	08	8753	M	2	0	0	6	0
20261001	4291318	cmp-a001-02-000000010764328	grp-a001-02-000000069047580	가루	nad-a001-02-000000541754004	bsn-a001-00-000000013604308	20	03	98128	M	2	0	0	2	0
20261001	4291318	cmp-a001-02-000000010764328	grp-a001-02-000000069047580	HIGH	nad-a001-02-000000553654562	bsn-a001-00-000000013604308	20	18	98128	M	3	0	0	3	0
20261001	4291318	cmp-a001-02-000000010764328	grp-a001-02-000000069047580	HIGH	nad-a001-02-000000553654562	bsn-a001-00-000000013604308	20	14	98128	M	2	0	0	2	0
20261001	4291318	cmp-a001-02-000000010764328	grp-a001-02-000000069047580	프로틴바	nad-a001-02-000000553654558	bsn-a001-00-000000013604308	20	10	27758	P	1	0	0	3	0
20261001	4291318	cmp-a001-02-000000010764328	grp-a001-02-000000069047580	젤리	nad-a001-02-000000541753985	bsn-a001-00-000000013604308	20	01	33421	M	3	0	0	18	0
20261001	4291318	cmp-a001-02-000000010764328	grp-a001-02-000000069047580	프로틴쉐이크	nad-a001-02-000000553654562	bsn-a001-00-000000013604308	20	03	529514	M	1	0	0	1	0
20261001	4291318	cmp-a001-02-000000010764328	grp-a001-02-000000069047580	프로틴쉐이크	nad-a001-02-000000553654562	bsn-a001-00-000000013604308	20	02	529514	M	10	0	0	10	0
20261001	4291318	cmp-a001-02-000000010764328	grp-a001-02-000000069047580	식사대용	nad-a001-02-000000553654562	bsn-a001-00-000000013604308	20	07	529514	M	2	0	0	5	0
20261001	4291318	cmp-a001-02-000000010764328	grp-a001-02-000000069047580	항암단백질파우더	nad-a001-02-000000553654562	bsn-a001-00-000000013604308	20	13	8753	M	1	0	0	3	0
20261001	4291318	cmp-a001-02-000000010764328	grp-a001-02-000000069047580	식사대용	nad-a001-02-000000553654562	bsn-a001-00-000000013604308	20	09	684926	M	1	0	0	5	0
20261001	4291318	cmp-a001-02-000000010764328	grp-a001-02-000000069047580	사랑님	nad-a001-02-000000553654558	bsn-a001-00-000000013604308	20	04	529514	M	8	0	0	20	0
20261001	4291318	cmp-a001-02-000000010764328	grp-a001-02-000000069047580	단백질	nad-a001-02-000000553654562	bsn-a001-00-000000013604308	20	18	8753	M	2	1	3172	4	0
20261001	4291318	cmp-a001-02-000000010764328	grp-a001-02-000000069047580	프로틴바	nad-a001-02-000000553654554	bsn-a001-00-000000013604308	20	10	27758	P	1	0	0	1	0
20261001	4291318	cmp-a001-02-000000010764328	grp-a001-02-000000069047580	단백질쉐이크	nad-a001-02-000000553654562	bsn-a001-00-000000013604308	20	08	8753	M	3	0	0	10	0
20261001	4291318	cmp-a001-02-000000010764328	grp-a001-02-000000069047580	분말셀룰로스가들어간피자치스	nad-a001-02-000000541754004	bsn-a001-00-000000013604308	20	18	8753	M	1	0	0	2	0
20261001	4291318	cmp-a001-02-000000010764328	grp-a001-02-000000069047580	단백질간식	nad-a001-02-000000553654559	bsn-a001-00-000000013604308	20	15	11068	P	1	0	0	11	0
20261001	4291318	cmp-a001-02-000000010764328	grp-a001-02-000000069047580	단백질파우더	nad-a001-02-000000553654562	bsn-a001-00-000000013604308	20	09	529514	M	1	0	0	1	0
20261001	4291318	cmp-a001-02-000000010764328	grp-a001-02-000000069047580	프로틴	nad-a001-02-000000553654562	bsn-a001-00-000000013604308	20	09	137281	M	1	0	0	1	0
20261001	4291318	cmp-a001-02-000000010764328	grp-a001-02-000000069047580	단백질쉐이크	nad-a001-02-000000553654562	bsn-a001-00-000000013604308	20	00	33421	M	2	0	0	10	0
20261001	4291318	cmp-a001-02-000000010764328	grp-a001-02-000000069047580	황성주생식목회자	nad-a001-02-000000541754005	bsn-a001-00-000000013604308	20	02	8753	M	1	0	0	5	0
20261001	4291318	cmp-a001-02-000000010764328	grp-a001-02-000000069047580	식물성단백질쉐이크	nad-a001-02-000000553654562	bsn-a001-00-000000013604308	20	02	8753	M	1	1	3706	6	0
20261001	4291318	cmp-a001-02-000000010764328	grp-a001-02-000000069047580	프로틴	nad-a001-02-000000553654562	bsn-a001-00-000000013604308	20	09	768323	M	28	0	0	46	0
20261001	4291318	cmp-a001-02-000000010764328	grp-a001-02-000000069047580	사랑하라	nad-a001-02-000000553654554	bsn-a001-00-000000013604308	20	00	248824	P	2	0	0	2	0
20261001	4291318	cmp-a001-02-000000010764328	grp-a001-02-000000069047580	사랑	nad-a001-02-000000553654558	bsn-a001-00-000000013604308	20	09	98128	M	1	0	0	3	0
20261001	4291318	cmp-a001-02-000000010764328	grp-a001-02-000000069047580	단백질	nad-a001-02-000000553654562	bsn-a001-00-000000013604308	20	02	87620	M	1	0	0	1	0
20261001	4291318	cmp-a001-02-000000010764328	grp-a001-02-000000069047580	다이어트쉐이크	nad-a001-02-000000553654562	bsn-a001-00-000000013604308	20	10	768323	M	3	0	0	5	0
20261001	4291318	cmp-a001-02-000000010764328	grp-a001-02-000000069047580	프로틴바	nad-a001-02-000000553654558	bsn-a001-00-000000013604308	20	09	529514	M	14	0	0	22	0
20261001	4291318	cmp-a001-02-000000010764328	grp-a001-02-000000069047580	타먹는단백질	nad-a001-02-000000553654562	bsn-a001-00-000000013604308	20	02	8753	M	1	0	0	3	0
20261001	4291318	cmp-a001-02-000000010764328	grp-a001-02-000000069047580	사랑	nad-a001-02-000000553654554	bsn-a001-00-000000013604308	20	03	98128	M	3	0	0	6	0
20261001	4291318	cmp-a001-02-000000010764328	grp-a001-02-000000069047580	에너지바	nad-a001-02-000000553654559	bsn-a001-00-000000013604308	20	16	33421	M	1	0	0	7	0
20261001	4291318	cmp-a001-02-000000010764328	grp-a001-02-000000069047580	황성주생식	nad-a001-02-000000541753988	bsn-a001-00-000000013604308	20	07	612593	P	1	0	0	7	0
20261001	4291318	cmp-a001-02-000000010764328	grp-a001-02-000000069047580	단백질바	nad-a001-02-000000553654558	bsn-a001-00-000000013604308	20	02	8753	M	1	0	0	5	0
20261001	4291318	cmp-a001-02-000000010764328	grp-a001-02-000000069047580	단백질보충제	nad-a001-02-000000553654562	bsn-a001-00-000000013604308	20	04	8753	M	3	0	0	8	0
20261001	4291318	cmp-a001-02-000000010764328	grp-a001-02-000000069047580	하루단백질섭취량	nad-a001-02-000000553654562	bsn-a001-00-000000013604308	20	06	8753	M	1	0	0	2	0
20261001	4291318	cmp-a001-02-000000010764328	grp-a001-02-000000069047580	단백질식품	nad-a001-02-000000553654562	bsn-a001-00-000000013604308	20	06	529514	M	1	0	0	2	0
20261001	4291318	cmp-a001-02-000000010764328	grp-a001-02-000000069047580	사랑	nad-a001-02-000000553654554	bsn-a001-00-000000013604308	20	14	98128	M	1	0	0	2	0
20261001	4291318	cmp-a001-02-000000010764328	grp-a001-02-000000069047580	사랑	nad-a001-02-000000553654554	bsn-a001-00-000000013604308	20	02	98128	M	9	0	0	18	0
20261001	4291318	cmp-a001-02-000000010764328	grp-a001-02-000000069047580	스토어	nad-a001-02-000000541753997	bsn-a001-00-000000013604308	20	07	98128	M	2	0	0	2	0
20261001	4291318	cmp-a001-02-000000010764328	grp-a001-02-000000069047580	프로틴바	nad-a001-02-000000553654558	bsn-a001-00-000000013604308	20	02	27758	P	1	0	0	3	0
20261001	4291318	cmp-a001-02-000000010764328	grp-a001-02-000000069047580	사랑	nad-a001-02-000000553654554	bsn-a001-00-000000013604308	20	09	98128	M	1	0	0	2	0
20261001	4291318	cmp-a001-02-000000010764328	grp-a001-02-000000069047580	단백질쉐이크	nad-a001-02-000000553654562	bsn-a001-00-000000013604308	20	06	529514	M	7	0	0	7	0
20261001	4291318	cmp-a001-02-000000010764328	grp-a001-02-000000069047580	젤리	nad-a001-02-000000541753985	bsn-a001-00-000000013604308	20	09	137281	M	1	0	0	1	0
20261001	4291318	cmp-a001-02-000000010764328	grp-a001-02-000000069047580	사랑	nad-a001-02-000000553654554	bsn-a001-00-000000013604308	20	11	98128	M	10	0	0	20	0
20261001	4291318	cmp-a001-02-000000010764328	grp-a001-02-000000069047580	칼로리폭탄간식	nad-a001-02-000000553654559	bsn-a001-00-000000013604308	20	09	8753	M	1	0	0	3	0
20261001	4291318	cmp-a001-02-000000010764328	grp-a001-02-000000069047580	사랑이	nad-a001-02-000000553654558	bsn-a001-00-000000013604308	20	09	529514	M	2	0	0	5	0
20261001	4291318	cmp-a001-02-000000010764328	grp-a001-02-000000069047580	식사대용쉐이크	nad-a001-02-000000553654562	bsn-a001-00-000000013604308	20	01	8753	M	1	0	0	5	0
20261001	4291318	cmp-a001-02-000000010764328	grp-a001-02-000000069047580	단백질바	nad-a001-02-000000553654554	bsn-a001-00-000000013604308	20	16	27758	P	1	0	0	2	0
20261001	4291318	cmp-a001-02-000000010764328	grp-a001-02-000000069047580	식사대용쉐이크	nad-a001-02-000000553654562	bsn-a001-00-000000013604308	20	99	8753	M	1	0	0	5	0
20261001	4291318	cmp-a001-02-000000010764328	grp-a001-02-000000069047580	젤리	nad-a001-02-000000541753985	bsn-a001-00-000000013604308	20	11	768323	M	1	0	0	1	0
20261001	4291318	cmp-a001-02-000000010764328	grp-a001-02-000000069047580	에너지바	nad-a001-02-000000553654554	bsn-a001-00-000000013604308	20	15	8753	M	1	0	0	1	0
20261001	4291318	cmp-a001-02-000000010764328	grp-a001-02-000000069047580	식사대용	nad-a001-02-000000553654562	bsn-a001-00-000000013604308	20	02	8753	M	1	0	0	2	0
20261001	4291318	cmp-a001-02-000000010764328	grp-a001-02-000000069047580	프로틴바	nad-a001-02-000000553654558	bsn-a001-00-000000013604308	20	02	529514	M	7	0	0	12	0
20261001	4291318	cmp-a001-02-000000010764328	grp-a001-02-000000069047580	제리	nad-a001-02-000000541753985	bsn-a001-00-000000013604308	20	10	8753	M	1	0	0	4	0
20261001	4291318	cmp-a001-02-000000010764328	grp-a001-02-000000069047580	프로틴바	nad-a001-02-000000553654554	bsn-a001-00-000000013604308	20	99	529514	M	6	0	0	9	0
20261001	4291318	cmp-a001-02-000000010764328	grp-a001-02-000000069047580	단백질보충제	nad-a001-02-000000553654562	bsn-a001-00-000000013604308	20	09	11068	P	1	0	0	6	0
20261001	4291318	cmp-a001-02-000000010764328	grp-a001-02-000000069047580	쉐이크	nad-a001-02-000000553654562	bsn-a001-00-000000013604308	20	09	8753	M	1	0	0	1	0
20261001	4291318	cmp-a001-02-000000010764328	grp-a001-02-000000069047580	에너지바	nad-a001-02-000000553654559	bsn-a001-00-000000013604308	20	15	33421	M	1	0	0	9	0
20261001	4291318	cmp-a001-02-000000010764328	grp-a001-02-000000069047580	GS동결건조두쫀쿠	nad-a001-02-000000541754004	bsn-a001-00-000000013604308	20	02	27758	P	1	0	0	1	0
20261001	4291318	cmp-a001-02-000000010764328	grp-a001-02-000000069047580	단백질바	nad-a001-02-000000553654554	bsn-a001-00-000000013604308	20	11	98128	M	2	0	0	2	0
20261001	4291318	cmp-a001-02-000000010764328	grp-a001-02-000000069047580	다이어트쉐이크	nad-a001-02-000000553654562	bsn-a001-00-000000013604308	20	02	8753	M	1	0	0	5	0
20261001	4291318	cmp-a001-02-000000010764328	grp-a001-02-000000069047580	사랑	nad-a001-02-000000553654558	bsn-a001-00-000000013604308	20	02	98128	M	9	0	0	27	0
20261001	4291318	cmp-a001-02-000000010764328	grp-a001-02-000000069047580	칼로리바후기	nad-a001-02-000000553654554	bsn-a001-00-000000013604308	20	08	8753	M	1	0	0	1	0
20261001	4291318	cmp-a001-02-000000010764328	grp-a001-02-000000069047580	단백질쉐이크복통	nad-a001-02-000000553654562	bsn-a001-00-000000013604308	20	09	8753	M	1	0	0	5	0
20261001	4291318	cmp-a001-02-000000010764328	grp-a001-02-000000069047580	단백질프로틴	nad-a001-02-000000553654562	bsn-a001-00-000000013604308	20	09	529514	M	4	0	0	4	0
20261001	4291318	cmp-a001-02-000000010764328	grp-a001-02-000000069047580	프로틴	nad-a001-02-000000553654562	bsn-a001-00-000000013604308	20	13	768323	M	2	0	0	3	0
20261001	4291318	cmp-a001-02-000000010764328	grp-a001-02-000000069047580	프로틴바	nad-a001-02-000000553654559	bsn-a001-00-000000013604308	20	09	529514	M	14	0	0	49	0
20261001	4291318	cmp-a001-02-000000010764328	grp-a001-02-000000069047580	사랑이	nad-a001-02-000000553654554	bsn-a001-00-000000013604308	20	08	529514	M	4	0	0	10	0
20261001	4291318	cmp-a001-02-000000010764328	grp-a001-02-000000069047580	단백질바	nad-a001-02-000000553654558	bsn-a001-00-000000013604308	20	11	98128	M	2	0	0	9	0
20261001	4291318	cmp-a001-02-000000010764328	grp-a001-02-000000069047580	젤리	nad-a001-02-000000541753985	bsn-a001-00-000000013604308	20	01	8753	M	5	0	0	17	0
20261001	4291318	cmp-a001-02-000000010764328	grp-a001-02-000000069047580	에너지바	nad-a001-02-000000553654558	bsn-a001-00-000000013604308	20	01	33421	M	1	0	0	2	0
20261001	4291318	cmp-a001-02-000000010764328	grp-a001-02-000000069047580	젤리	nad-a001-02-000000541753985	bsn-a001-00-000000013604308	20	99	768323	M	2	0	0	2	0
20261001	4291318	cmp-a001-02-000000010764328	grp-a001-02-000000069047580	에너지바	nad-a001-02-000000553654558	bsn-a001-00-000000013604308	20	09	11068	P	1	0	0	5	0
20261001	4291318	cmp-a001-02-000000010764328	grp-a001-02-000000069047580	에너지과자	nad-a001-02-000000553654554	bsn-a001-00-000000013604308	20	99	8753	M	3	0	0	3	0
20261001	4291318	cmp-a001-02-000000010764328	grp-a001-02-000000069047580	70대단백질쉐이크	nad-a001-02-000000553654562	bsn-a001-00-000000013604308	20	18	8753	M	1	0	0	5	0
20261001	4291318	cmp-a001-02-000000010764328	grp-a001-02-000000069047580	단백질바	nad-a001-02-000000553654554	bsn-a001-00-000000013604308	20	08	8753	M	1	0	0	2	0
20261001	4291318	cmp-a001-02-000000010764328	grp-a001-02-000000069047580	카례가루통으로파는곳	nad-a001-02-000000541754004	bsn-a001-00-000000013604308	20	01	8753	M	1	0	0	2	0
20261001	4291318	cmp-a001-02-000000010764328	grp-a001-02-000000069047580	단백질쉐이크	nad-a001-02-000000553654562	bsn-a001-00-000000013604308	20	13	8753	M	1	0	0	3	0
20261001	4291318	cmp-a001-02-000000010764328	grp-a001-02-000000069047580	에너지바	nad-a001-02-000000553654554	bsn-a001-00-000000013604308	20	09	87620	M	1	0	0	1	0
20261001	4291318	cmp-a001-02-000000010764328	grp-a001-02-000000069047580	단백질쉐이크	nad-a001-02-000000553654562	bsn-a001-00-000000013604308	20	18	8753	M	3	0	0	17	0
20261001	4291318	cmp-a001-02-000000010764328	grp-a001-02-000000069047580	단백질쉐이크	nad-a001-02-000000553654562	bsn-a001-00-000000013604308	20	02	33421	M	1	0	0	7	0
20261001	4291318	cmp-a001-02-000000010764328	grp-a001-02-000000069047580	식물성단백질쉐이크	nad-a001-02-000000553654562	bsn-a001-00-000000013604308	20	07	33421	M	1	0	0	6	0
20261001	4291318	cmp-a001-02-000000010764328	grp-a001-02-000000069047580	황성주생식	nad-a001-02-000000541754005	bsn-a001-00-000000013604308	20	13	33421	M	1	0	0	6	0
20261001	4291318	cmp-a001-02-000000010764328	grp-a001-02-000000069047580	스토어	nad-a001-02-000000541753997	bsn-a001-00-000000013604308	20	09	98128	M	11	0	0	11	0
20261001	4291318	cmp-a001-02-000000010764328	grp-a001-02-000000069047580	에너지바	nad-a001-02-000000553654558	bsn-a001-00-000000013604308	20	02	8753	M	1	0	0	3	0
20261001	4291318	cmp-a001-02-000000010764328	grp-a001-02-000000069047580	에너지바	nad-a001-02-000000553654558	bsn-a001-00-000000013604308	20	15	33421	M	1	0	0	2	0
20261001	4291318	cmp-a001-02-000000010764328	grp-a001-02-000000069047580	단백질쉐이크	nad-a001-02-000000553654562	bsn-a001-00-000000013604308	20	11	529514	M	29	0	0	79	0
20261001	4291318	cmp-a001-02-000000010764328	grp-a001-02-000000069047580	프로틴파우더가격	nad-a001-02-000000553654562	bsn-a001-00-000000013604308	20	09	8753	M	1	0	0	4	0
20261001	4291318	cmp-a001-02-000000010764328	grp-a001-02-000000069047580	프로틴	nad-a001-02-000000553654562	bsn-a001-00-000000013604308	20	06	291244	M	12	0	0	23	0
20261001	4291318	cmp-a001-02-000000010764328	grp-a001-02-000000069047580	단백질섭취량	nad-a001-02-000000553654562	bsn-a001-00-000000013604308	20	01	8753	M	1	0	0	4	0
20261001	4291318	cmp-a001-02-000000010764328	grp-a001-02-000000069047580	분말셀룰로스가들어간피자치스	nad-a001-02-000000541753997	bsn-a001-00-000000013604308	20	18	8753	M	1	0	0	1	0
20261001	4291318	cmp-a001-02-000000010764328	grp-a001-02-000000069047580	단백질바	nad-a001-02-000000553654554	bsn-a001-00-000000013604308	20	99	8753	M	1	0	0	1	0
20261001	4291318	cmp-a001-02-000000010764328	grp-a001-02-000000069047580	단백질쉐이크	nad-a001-02-000000553654562	bsn-a001-00-000000013604308	20	09	33421	M	3	0	0	27	0
20261001	4291318	cmp-a001-02-000000010764328	grp-a001-02-000000069047580	프로틴	nad-a001-02-000000553654562	bsn-a001-00-000000013604308	20	00	33421	M	1	0	0	7	0
20261001	4291318	cmp-a001-02-000000010764328	grp-a001-02-000000069047580	프로틴	nad-a001-02-000000553654562	bsn-a001-00-000000013604308	20	18	8753	M	2	0	0	8	0
20261001	4291318	cmp-a001-02-000000010764328	grp-a001-02-000000069047580	프로틴	nad-a001-02-000000553654562	bsn-a001-00-000000013604308	20	09	529514	M	74	0	0	74	0
20261001	4291318	cmp-a001-02-000000010764328	grp-a001-02-000000069047580	프로틴	nad-a001-02-000000553654562	bsn-a001-00-000000013604308	20	04	529514	M	10	0	0	10	0
20261001	4291318	cmp-a001-02-000000010764328	grp-a001-02-000000069047580	단백질파우더	nad-a001-02-000000553654562	bsn-a001-00-000000013604308	20	04	8753	M	1	0	0	2	0
20261001	4291318	cmp-a001-02-000000010764328	grp-a001-02-000000069047580	황성주생식	nad-a001-02-000000541753997	bsn-a001-00-000000013604308	20	13	33421	M	1	0	0	1	0
20261001	4291318	cmp-a001-02-000000010764328	grp-a001-02-000000069047580	단백질	nad-a001-02-000000553654562	bsn-a001-00-000000013604308	20	06	684925	P	1	0	0	1	0
20261001	4291318	cmp-a001-02-000000010764328	grp-a001-02-000000069047580	단백질쉐이크	nad-a001-02-000000553654562	bsn-a001-00-000000013604308	20	99	8753	M	6	0	0	20	0
20261001	4291318	cmp-a001-02-000000010764328	grp-a001-02-000000069047580	연세백세생식	nad-a001-02-000000541754005	bsn-a001-00-000000013604308	20	09	341898	M	1	0	0	1	0
20261001	4291318	cmp-a001-02-000000010764328	grp-a001-02-000000069047580	하루프로틴	nad-a001-02-000000553654562	bsn-a001-00-000000013604308	20	09	137281	M	9	0	0	9	0
20261001	4291318	cmp-a001-02-000000010764328	grp-a001-02-000000069047580	젤리	nad-a001-02-000000541753985	bsn-a001-00-000000013604308	20	02	11068	P	1	0	0	2	0
20261001	4291318	cmp-a001-02-000000010764328	grp-a001-02-000000069047580	단백질추천	nad-a001-02-000000553654562	bsn-a001-00-000000013604308	20	09	684925	P	1	0	0	1	0
20261001	4291318	cmp-a001-02-000000010764328	grp-a001-02-000000069047580	단백질쉐이크	nad-a001-02-000000553654562	bsn-a001-00-000000013604308	20	03	529514	M	14	0	0	28	0
20261001	4291318	cmp-a001-02-000000010764328	grp-a001-02-000000069047580	프로틴	nad-a001-02-000000553654562	bsn-a001-00-000000013604308	20	07	529514	M	3	0	0	3	0
20261001	4291318	cmp-a001-02-000000010764328	grp-a001-02-000000069047580	단백질쉐이크	nad-a001-02-000000553654562	bsn-a001-00-000000013604308	20	17	98128	M	2	0	0	2	0
20261001	4291318	cmp-a001-02-000000010764328	grp-a001-02-000000069047580	단백질쉐이크다이어트	nad-a001-02-000000553654562	bsn-a001-00-000000013604308	20	02	8753	M	1	0	0	2	0
20261001	4291318	cmp-a001-02-000000010764328	grp-a001-02-000000069047580	젤리	nad-a001-02-000000541753985	bsn-a001-00-000000013604308	20	14	768323	M	1	0	0	1	0
20261001	4291318	cmp-a001-02-000000010764328	grp-a001-02-000000069047580	단백질바	nad-a001-02-000000553654558	bsn-a001-00-000000013604308	20	08	8753	M	1	0	0	4	0
20261001	4291318	cmp-a001-02-000000010764328	grp-a001-02-000000069047580	단백질간식	nad-a001-02-000000553654558	bsn-a001-00-000000013604308	20	02	8753	M	1	0	0	5	0
20261001	4291318	cmp-a001-02-000000010764328	grp-a001-02-000000069047580	제리	nad-a001-02-000000541753985	bsn-a001-00-000000013604308	20	02	609155	M	1	0	0	1	0
20261001	4291318	cmp-a001-02-000000010764328	grp-a001-02-000000069047580	프로틴	nad-a001-02-000000553654562	bsn-a001-00-000000013604308	20	08	529514	M	12	0	0	12	0
20261001	4291318	cmp-a001-02-000000010764328	grp-a001-02-000000069047580	단백질보충제	nad-a001-02-000000553654562	bsn-a001-00-000000013604308	20	18	8753	M	1	0	0	4	0
20261001	4291318	cmp-a001-02-000000010764328	grp-a001-02-000000069047580	로또출근합니다GR식사대용	nad-a001-02-000000541753996	bsn-a001-00-000000013604308	20	09	8753	M	1	0	0	4	0
20261001	4291318	cmp-a001-02-000000010764328	grp-a001-02-000000069047580	다이어트쉐이크	nad-a001-02-000000553654562	bsn-a001-00-000000013604308	20	06	529514	M	2	0	0	2	0
20261001	4291318	cmp-a001-02-000000010764328	grp-a001-02-000000069047580	단백질간식	nad-a001-02-000000553654554	bsn-a001-00-000000013604308	20	02	8753	M	1	0	0	1	0
20261001	4291318	cmp-a001-02-000000010764328	grp-a001-02-000000069047580	사랑님	nad-a001-02-000000553654554	bsn-a001-00-000000013604308	20	03	529514	M	4	0	0	10	0
20261001	4291318	cmp-a001-02-000000010764328	grp-a001-02-000000069047580	단백질바	nad-a001-02-000000553654558	bsn-a001-00-000000013604308	20	02	529514	M	9	0	0	17	0
20261001	4291318	cmp-a001-02-000000010764328	grp-a001-02-000000069047580	에너지바	nad-a001-02-000000553654558	bsn-a001-00-000000013604308	20	09	8753	M	1	0	0	3	0
20261001	4291318	cmp-a001-02-000000010764328	grp-a001-02-000000069047580	단백질간식	nad-a001-02-000000553654554	bsn-a001-00-000000013604308	20	99	8753	M	1	0	0	1	0
20261001	4291318	cmp-a001-02-000000010764328	grp-a001-02-000000069047580	사랑님	nad-a001-02-000000553654558	bsn-a001-00-000000013604308	20	02	529514	M	2	0	0	4	0
20261001	4291318	cmp-a001-02-000000010764328	grp-a001-02-000000069047580	프로틴	nad-a001-02-000000553654562	bsn-a001-00-000000013604308	20	03	768323	M	4	0	0	9	0
20261001	4291318	cmp-a001-02-000000010764328	grp-a001-02-000000069047580	식물성단백질쉐이크	nad-a001-02-000000553654562	bsn-a001-00-000000013604308	20	09	791889	P	2	0	0	8	0
20261001	4291318	cmp-a001-02-000000010764328	grp-a001-02-000000069047580	단백질쉐이크	nad-a001-02-000000553654562	bsn-a001-00-000000013604308	20	06	684926	M	2	0	0	22	0
20261001	4291318	cmp-a001-02-000000010764328	grp-a001-02-000000069047580	단백질쉐이크포장퍄우치	nad-a001-02-000000553654562	bsn-a001-00-000000013604308	20	09	8753	M	1	0	0	4	0
20261001	4291318	cmp-a001-02-000000010764328	grp-a001-02-000000069047580	황성주생식	nad-a001-02-000000541753997	bsn-a001-00-000000013604308	20	13	8753	M	1	0	0	1	0
20261001	4291318	cmp-a001-02-000000010764328	grp-a001-02-000000069047580	프로틴	nad-a001-02-000000553654562	bsn-a001-00-000000013604308	20	15	529514	M	3	0	0	3	0
20261001	4291318	cmp-a001-02-000000010764328	grp-a001-02-000000069047580	단백질쉐이크	nad-a001-02-000000553654562	bsn-a001-00-000000013604308	20	03	98128	M	2	0	0	2	0
20261001	4291318	cmp-a001-02-000000010764328	grp-a001-02-000000069047580	프로틴	nad-a001-02-000000553654562	bsn-a001-00-000000013604308	20	02	684925	P	1	0	0	1	0
20261001	4291318	cmp-a001-02-000000010764328	grp-a001-02-000000069047580	프로틴쉐이크	nad-a001-02-000000553654562	bsn-a001-00-000000013604308	20	11	529514	M	6	0	0	6	0
20261001	4291318	cmp-a001-02-000000010764328	grp-a001-02-000000069047580	단백질보충제	nad-a001-02-000000553654562	bsn-a001-00-000000013604308	20	08	8753	M	3	0	0	12	0
20261001	4291318	cmp-a001-02-000000010764328	grp-a001-02-000000069047580	단백질바	nad-a001-02-000000553654558	bsn-a001-00-000000013604308	20	09	8753	M	2	0	0	7	0
20261001	4291318	cmp-a001-02-000000010764328	grp-a001-02-000000069047580	프로틴쉐이크	nad-a001-02-000000553654562	bsn-a001-00-000000013604308	20	09	791889	P	1	0	0	1	0
20261001	4291318	cmp-a001-02-000000010764328	grp-a001-02-000000069047580	단백질쉐이크순위	nad-a001-02-000000553654562	bsn-a001-00-000000013604308	20	02	8753	M	1	0	0	4	0
20261001	4291318	cmp-a001-02-000000010764328	grp-a001-02-000000069047580	쉐이크	nad-a001-02-000000553654562	bsn-a001-00-000000013604308	20	09	529514	M	7	0	0	7	0
20261001	4291318	cmp-a001-02-000000010764328	grp-a001-02-000000069047580	춈미지민이시리얼	nad-a001-02-000000553654554	bsn-a001-00-000000013604308	20	16	8753	M	1	0	0	1	0
20261001	4291318	cmp-a001-02-000000010764328	grp-a001-02-000000069047580	황성주생식	nad-a001-02-000000541753997	bsn-a001-00-000000013604308	19	18	424040	M	1	0	0	1	0
20261001	4291318	cmp-a001-02-000000010764328	grp-a001-02-000000069047580	생식	nad-a001-02-000000541753997	bsn-a001-00-000000013604308	07	07	424040	M	1	0	0	1	0
20261001	4291318	cmp-a001-02-000000010764328	grp-a001-02-000000069047580	황성주생식	nad-a001-02-000000541753997	bsn-a001-00-000000013604308	07	02	8753	M	1	0	0	1	0
20261001	4291318	cmp-a001-02-000000010764328	grp-a001-02-000000069047580	황성주생식	nad-a001-02-000000541754005	bsn-a001-00-000000013604308	15	04	8753	M	2	0	0	8	0
20261001	4291318	cmp-a001-02-000000010764328	grp-a001-02-000000069047580	황성주생식	nad-a001-02-000000541753997	bsn-a001-00-000000013604308	15	04	8753	M	2	0	0	2	0
20261001	4291318	cmp-a001-02-000000010764328	grp-a001-02-000000069047580	황성주생식	nad-a001-02-000000541754004	bsn-a001-00-000000013604308	15	04	8753	M	2	0	0	4	0
20261001	4291318	cmp-a001-02-000000010764328	grp-a001-02-000000069047580	황성주생식	nad-a001-02-000000541753996	bsn-a001-00-000000013604308	15	04	8753	M	2	0	0	6	0
20261001	4291318	cmp-a001-02-000000010764328	grp-a001-02-000000069047580	쉐이크	nad-a001-02-000000553654562	bsn-a001-00-000000013604308	14	02	98128	M	4	0	0	4	0
20261001	4291318	cmp-a001-02-000000010764328	grp-a001-02-000000069047580	단백질바	nad-a001-02-000000553654558	bsn-a001-00-000000013604308	14	18	33421	M	1	0	0	2	0
20261001	4291318	cmp-a001-02-000000010764328	grp-a001-02-000000069047580	프로틴바	nad-a001-02-000000553654558	bsn-a001-00-000000013604308	14	02	27758	P	1	0	0	2	0
20261001	4291318	cmp-a001-02-000000010764328	grp-a001-02-000000069047580	에너지바	nad-a001-02-000000553654554	bsn-a001-00-000000013604308	14	14	33421	M	1	0	0	1	0
20261001	4291318	cmp-a001-02-000000010764328	grp-a001-02-000000069047580	황성주박사라이프밀	nad-a001-02-000000541753996	bsn-a001-00-000000013604308	14	08	684927	P	2	0	0	4	0
20261001	4291318	cmp-a001-02-000000010764328	grp-a001-02-000000069047580	칼로리바	nad-a001-02-000000553654559	bsn-a001-00-000000013604308	14	09	8753	M	2	0	0	6	0
20261001	4291318	cmp-a001-02-000000010764328	grp-a001-02-000000069047580	스토어	nad-a001-02-000000541753997	bsn-a001-00-000000013604308	14	04	98128	M	1	0	0	1	0
20261001	4291318	cmp-a001-02-000000010764328	grp-a001-02-000000069047580	단백질보충제	nad-a001-02-000000553654562	bsn-a001-00-000000013604308	14	09	8753	M	2	0	0	9	0
20261001	4291318	cmp-a001-02-000000010764328	grp-a001-02-000000069047580	칼로리바기기	nad-a001-02-000000553654558	bsn-a001-00-000000013604308	14	09	11068	P	1	0	0	2	0
20261001	4291318	cmp-a001-02-000000010764328	grp-a001-02-000000069047580	에너지바	nad-a001-02-000000553654558	bsn-a001-00-000000013604308	14	04	33421	M	1	0	0	2	0
20261001	4291318	cmp-a001-02-000000010764328	grp-a001-02-000000069047580	단백질바	nad-a001-02-000000553654558	bsn-a001-00-000000013604308	14	09	27758	P	1	0	0	4	0
20261001	4291318	cmp-a001-02-000000010764328	grp-a001-02-000000069047580	에너지바	nad-a001-02-000000553654554	bsn-a001-00-000000013604308	14	09	529514	M	4	0	0	6	0
20261001	4291318	cmp-a001-02-000000010764328	grp-a001-02-000000069047580	에너지바	nad-a001-02-000000553654559	bsn-a001-00-000000013604308	14	09	33421	M	1	0	0	5	0
20261001	4291318	cmp-a001-02-000000010764328	grp-a001-02-000000069047580	스낵데이	nad-a001-02-000000553654558	bsn-a001-00-000000013604308	14	09	27758	P	1	0	0	2	0
20261001	4291318	cmp-a001-02-000000010764328	grp-a001-02-000000069047580	단백질쉐이크	nad-a001-02-000000553654562	bsn-a001-00-000000013604308	14	15	684925	P	2	0	0	2	0
20261001	4291318	cmp-a001-02-000000010764328	grp-a001-02-000000069047580	단백질쉐이크	nad-a001-02-000000553654562	bsn-a001-00-000000013604308	14	09	684925	P	4	0	0	4	0
20261001	4291318	cmp-a001-02-000000010764328	grp-a001-02-000000069047580	제리	nad-a001-02-000000541753985	bsn-a001-00-000000013604308	14	06	137281	M	1	0	0	1	0
20261001	4291318	cmp-a001-02-000000010764328	grp-a001-02-000000069047580	사랑	nad-a001-02-000000553654554	bsn-a001-00-000000013604308	14	04	98128	M	1	0	0	2	0
20261001	4291318	cmp-a001-02-000000010764328	grp-a001-02-000000069047580	균형영양식	nad-a001-02-000000541753965	bsn-a001-00-000000013604308	14	11	529514	M	1	0	0	2	0
20261001	4291318	cmp-a001-02-000000010764328	grp-a001-02-000000069047580	황성주생식	nad-a001-02-000000541753996	bsn-a001-00-000000013604308	14	04	8753	M	1	0	0	3	0
20261001	4291318	cmp-a001-02-000000010764328	grp-a001-02-000000069047580	단백질바	nad-a001-02-000000553654558	bsn-a001-00-000000013604308	14	07	8753	M	1	0	0	4	0
20261001	4291318	cmp-a001-02-000000010764328	grp-a001-02-000000069047580	단백질보충제	nad-a001-02-000000553654562	bsn-a001-00-000000013604308	14	06	8753	M	2	0	0	4	0
20261001	4291318	cmp-a001-02-000000010764328	grp-a001-02-000000069047580	스토어	nad-a001-02-000000541753997	bsn-a001-00-000000013604308	14	13	98128	M	1	0	0	2	0
20261001	4291318	cmp-a001-02-000000010764328	grp-a001-02-000000069047580	단백질쉐이크	nad-a001-02-000000553654562	bsn-a001-00-000000013604308	14	02	684926	M	2	0	0	12	0
20261001	4291318	cmp-a001-02-000000010764328	grp-a001-02-000000069047580	단백질쉐이크	nad-a001-02-000000553654562	bsn-a001-00-000000013604308	14	08	8753	M	1	0	0	2	0
20261001	4291318	cmp-a001-02-000000010764328	grp-a001-02-000000069047580	프로틴쉐이크	nad-a001-02-000000553654562	bsn-a001-00-000000013604308	14	09	33421	M	1	0	0	6	0
20261001	4291318	cmp-a001-02-000000010764328	grp-a001-02-000000069047580	칼로리바	nad-a001-02-000000553654554	bsn-a001-00-000000013604308	14	09	8753	M	2	0	0	2	0
20261001	4291318	cmp-a001-02-000000010764328	grp-a001-02-000000069047580	단백질쉐이크	nad-a001-02-000000553654562	bsn-a001-00-000000013604308	14	04	529514	M	2	0	0	2	0
20261001	4291318	cmp-a001-02-000000010764328	grp-a001-02-000000069047580	젤리	nad-a001-02-000000541753985	bsn-a001-00-000000013604308	14	06	33421	M	1	0	0	1	0
20261001	4291318	cmp-a001-02-000000010764328	grp-a001-02-000000069047580	스토어	nad-a001-02-000000541753997	bsn-a001-00-000000013604308	14	03	98128	M	1	0	0	1	0
20261001	4291318	cmp-a001-02-000000010764328	grp-a001-02-000000069047580	프로틴바	nad-a001-02-000000553654559	bsn-a001-00-000000013604308	14	09	529514	M	2	0	0	6	0
20261001	4291318	cmp-a001-02-000000010764328	grp-a001-02-000000069047580	쉐이크	nad-a001-02-000000553654562	bsn-a001-00-000000013604308	14	11	98128	M	2	0	0	2	0
20261001	4291318	cmp-a001-02-000000010764328	grp-a001-02-000000069047580	보충제ISP	nad-a001-02-000000553654562	bsn-a001-00-000000013604308	14	02	27758	P	1	0	0	2	0
20261001	4291318	cmp-a001-02-000000010764328	grp-a001-02-000000069047580	단백질바	nad-a001-02-000000553654554	bsn-a001-00-000000013604308	14	09	33421	M	2	0	0	2	0
20261001	4291318	cmp-a001-02-000000010764328	grp-a001-02-000000069047580	엄마사랑	nad-a001-02-000000553654554	bsn-a001-00-000000013604308	14	09	33421	M	1	0	0	5	0
20261001	4291318	cmp-a001-02-000000010764328	grp-a001-02-000000069047580	프로틴	nad-a001-02-000000553654562	bsn-a001-00-000000013604308	14	09	684925	P	1	0	0	1	0
20261001	4291318	cmp-a001-02-000000010764328	grp-a001-02-000000069047580	사탕젤리	nad-a001-02-000000541753985	bsn-a001-00-000000013604308	14	01	87620	M	1	0	0	4	0
20261001	4291318	cmp-a001-02-000000010764328	grp-a001-02-000000069047580	프로틴	nad-a001-02-000000553654562	bsn-a001-00-000000013604308	14	13	768323	M	1	0	0	1	0
20261001	4291318	cmp-a001-02-000000010764328	grp-a001-02-000000069047580	ISP단백질	nad-a001-02-000000553654562	bsn-a001-00-000000013604308	14	03	8753	M	1	0	0	3	0
20261001	4291318	cmp-a001-02-000000010764328	grp-a001-02-000000069047580	엄마사랑	nad-a001-02-000000553654559	bsn-a001-00-000000013604308	14	09	33421	M	1	0	0	13	0
20261001	4291318	cmp-a001-02-000000010764328	grp-a001-02-000000069047580	단백질쉐이크	nad-a001-02-000000553654562	bsn-a001-00-000000013604308	14	99	684925	P	1	0	0	1	0
20261001	4291318	cmp-a001-02-000000010764328	grp-a001-02-000000069047580	사랑이	nad-a001-02-000000553654558	bsn-a001-00-000000013604308	14	17	529514	M	2	0	0	5	0
20261001	4291318	cmp-a001-02-000000010764328	grp-a001-02-000000069047580	젤리	nad-a001-02-000000541753985	bsn-a001-00-000000013604308	14	06	8753	M	1	0	0	4	0
20261001	4291318	cmp-a001-02-000000010764328	grp-a001-02-000000069047580	황성주박사라이프밀	nad-a001-02-000000541753997	bsn-a001-00-000000013604308	14	08	684927	P	2	0	0	2	0
20261001	4291318	cmp-a001-02-000000010764328	grp-a001-02-000000069047580	식사대용	nad-a001-02-000000553654562	bsn-a001-00-000000013604308	14	11	8753	M	2	0	0	8	0
20261001	4291318	cmp-a001-02-000000010764328	grp-a001-02-000000069047580	에너지바	nad-a001-02-000000553654559	bsn-a001-00-000000013604308	14	03	33421	M	2	0	0	10	0
20261001	4291318	cmp-a001-02-000000010764328	grp-a001-02-000000069047580	단백질한포	nad-a001-02-000000553654562	bsn-a001-00-000000013604308	14	09	8753	M	1	0	0	3	0
20261001	4291318	cmp-a001-02-000000010764328	grp-a001-02-000000069047580	프로틴단백질	nad-a001-02-000000553654562	bsn-a001-00-000000013604308	14	09	8753	M	1	0	0	3	0
20261001	4291318	cmp-a001-02-000000010764328	grp-a001-02-000000069047580	단백질간식	nad-a001-02-000000553654554	bsn-a001-00-000000013604308	14	16	27758	P	1	0	0	2	0
20261001	4291318	cmp-a001-02-000000010764328	grp-a001-02-000000069047580	단백질보충제	nad-a001-02-000000553654562	bsn-a001-00-000000013604308	14	02	23123	P	1	0	0	2	0
20261001	4291318	cmp-a001-02-000000010764328	grp-a001-02-000000069047580	사랑이	nad-a001-02-000000553654554	bsn-a001-00-000000013604308	14	02	529514	M	6	0	0	15	0
20261001	4291318	cmp-a001-02-000000010764328	grp-a001-02-000000069047580	에너지바	nad-a001-02-000000553654558	bsn-a001-00-000000013604308	14	07	8753	M	1	0	0	5	0
20261001	4291318	cmp-a001-02-000000010764328	grp-a001-02-000000069047580	단백질바추천	nad-a001-02-000000553654558	bsn-a001-00-000000013604308	14	09	27758	P	1	0	0	4	0
20261001	4291318	cmp-a001-02-000000010764328	grp-a001-02-000000069047580	SHAKE	nad-a001-02-000000553654562	bsn-a001-00-000000013604308	14	03	8753	M	1	0	0	5	0
20261001	4291318	cmp-a001-02-000000010764328	grp-a001-02-000000069047580	프로틴	nad-a001-02-000000553654562	bsn-a001-00-000000013604308	14	06	768323	M	1	0	0	1	0
20261001	4291318	cmp-a001-02-000000010764328	grp-a001-02-000000069047580	프로틴바	nad-a001-02-000000553654559	bsn-a001-00-000000013604308	14	02	529514	M	2	0	0	6	0
20261001	4291318	cmp-a001-02-000000010764328	grp-a001-02-000000069047580	쉐이크	nad-a001-02-000000553654562	bsn-a001-00-000000013604308	14	02	33421	M	1	0	0	2	0
20261001	4291318	cmp-a001-02-000000010764328	grp-a001-02-000000069047580	단백질다이어트	nad-a001-02-000000553654562	bsn-a001-00-000000013604308	14	02	98128	M	2	0	0	2	0
20261001	4291318	cmp-a001-02-000000010764328	grp-a001-02-000000069047580	단백질쉐이크	nad-a001-02-000000553654562	bsn-a001-00-000000013604308	14	02	529514	M	5	0	0	5	0
20261001	4291318	cmp-a001-02-000000010764328	grp-a001-02-000000069047580	단백질보충제	nad-a001-02-000000553654562	bsn-a001-00-000000013604308	14	02	11068	P	1	0	0	3	0
20261001	4291318	cmp-a001-02-000000010764328	grp-a001-02-000000069047580	쉐이크	nad-a001-02-000000553654562	bsn-a001-00-000000013604308	14	02	8753	M	2	0	0	5	0
20261001	4291318	cmp-a001-02-000000010764328	grp-a001-02-000000069047580	단백질쉐이크순위	nad-a001-02-000000553654562	bsn-a001-00-000000013604308	14	09	8753	M	1	0	0	5	0
20261001	4291318	cmp-a001-02-000000010764328	grp-a001-02-000000069047580	프로틴	nad-a001-02-000000553654562	bsn-a001-00-000000013604308	14	15	768323	M	4	0	0	6	0
20261001	4291318	cmp-a001-02-000000010764328	grp-a001-02-000000069047580	찍어먹는스틱젤리	nad-a001-02-000000541753985	bsn-a001-00-000000013604308	14	10	33421	M	1	0	0	10	0
20261001	4291318	cmp-a001-02-000000010764328	grp-a001-02-000000069047580	프로틴바	nad-a001-02-000000553654558	bsn-a001-00-000000013604308	14	10	27758	P	1	0	0	2	0
20261001	4291318	cmp-a001-02-000000010764328	grp-a001-02-000000069047580	사랑	nad-a001-02-000000553654558	bsn-a001-00-000000013604308	14	04	98128	M	1	0	0	3	0
20261001	4291318	cmp-a001-02-000000010764328	grp-a001-02-000000069047580	내사랑프로틴시리얼	nad-a001-02-000000553654554	bsn-a001-00-000000013604308	14	03	27758	P	1	0	0	2	0
20261001	4291318	cmp-a001-02-000000010764328	grp-a001-02-000000069047580	에너지바	nad-a001-02-000000553654558	bsn-a001-00-000000013604308	14	00	27758	P	1	0	0	2	0
20261001	4291318	cmp-a001-02-000000010764328	grp-a001-02-000000069047580	단백질바	nad-a001-02-000000553654554	bsn-a001-00-000000013604308	14	18	33421	M	1	0	0	1	0
20261001	4291318	cmp-a001-02-000000010764328	grp-a001-02-000000069047580	단백질파우더	nad-a001-02-000000553654562	bsn-a001-00-000000013604308	14	99	529514	M	3	0	0	3	0
20261001	4291318	cmp-a001-02-000000010764328	grp-a001-02-000000069047580	스토어	nad-a001-02-000000541753997	bsn-a001-00-000000013604308	14	99	98128	M	1	0	0	1	0
20261001	4291318	cmp-a001-02-000000010764328	grp-a001-02-000000069047580	에너지바	nad-a001-02-000000553654554	bsn-a001-00-000000013604308	14	02	529514	M	10	0	0	12	0
20261001	4291318	cmp-a001-02-000000010764328	grp-a001-02-000000069047580	식물성단백질	nad-a001-02-000000553654562	bsn-a001-00-000000013604308	14	02	529514	M	2	0	0	2	0
20261001	4291318	cmp-a001-02-000000010764328	grp-a001-02-000000069047580	프로틴	nad-a001-02-000000553654562	bsn-a001-00-000000013604308	14	99	529514	M	2	0	0	3	0
20261001	4291318	cmp-a001-02-000000010764328	grp-a001-02-000000069047580	단백질파우더	nad-a001-02-000000553654562	bsn-a001-00-000000013604308	14	09	33421	M	1	1	3259	2	0
20261001	4291318	cmp-a001-02-000000010764328	grp-a001-02-000000069047580	스토어	nad-a001-02-000000541753997	bsn-a001-00-000000013604308	14	18	98128	M	1	0	0	1	0
20261001	4291318	cmp-a001-02-000000010764328	grp-a001-02-000000069047580	프로틴	nad-a001-02-000000553654562	bsn-a001-00-000000013604308	14	14	768323	M	1	0	0	2	0
20261001	4291318	cmp-a001-02-000000010764328	grp-a001-02-000000069047580	단백질보충제	nad-a001-02-000000553654562	bsn-a001-00-000000013604308	14	11	87620	M	3	0	0	6	0
20261001	4291318	cmp-a001-02-000000010764328	grp-a001-02-000000069047580	프로틴쉐이크	nad-a001-02-000000553654562	bsn-a001-00-000000013604308	14	07	8753	M	2	0	0	8	0
20261001	4291318	cmp-a001-02-000000010764328	grp-a001-02-000000069047580	단백질쉐이크	nad-a001-02-000000553654562	bsn-a001-00-000000013604308	14	02	684925	P	1	0	0	1	0
20261001	4291318	cmp-a001-02-000000010764328	grp-a001-02-000000069047580	프로틴단백질	nad-a001-02-000000553654562	bsn-a001-00-000000013604308	14	16	8753	M	1	0	0	3	0
20261001	4291318	cmp-a001-02-000000010764328	grp-a001-02-000000069047580	에너지바	nad-a001-02-000000553654554	bsn-a001-00-000000013604308	14	00	27758	P	1	0	0	1	0
20261001	4291318	cmp-a001-02-000000010764328	grp-a001-02-000000069047580	단백질	nad-a001-02-000000553654562	bsn-a001-00-000000013604308	14	06	8753	M	1	0	0	1	0
20261001	4291318	cmp-a001-02-000000010764328	grp-a001-02-000000069047580	다이어트쉐이크	nad-a001-02-000000553654562	bsn-a001-00-000000013604308	14	09	768323	M	3	0	0	8	0
20261001	4291318	cmp-a001-02-000000010764328	grp-a001-02-000000069047580	단백질쉐이크	nad-a001-02-000000553654562	bsn-a001-00-000000013604308	14	02	98128	M	2	0	0	2	0
20261001	4291318	cmp-a001-02-000000010764328	grp-a001-02-000000069047580	프로틴	nad-a001-02-000000553654562	bsn-a001-00-000000013604308	14	09	529514	M	24	0	0	32	0
20261001	4291318	cmp-a001-02-000000010764328	grp-a001-02-000000069047580	단백질바추천성분좋은	nad-a001-02-000000553654554	bsn-a001-00-000000013604308	14	09	27758	P	1	0	0	1	0
20261001	4291318	cmp-a001-02-000000010764328	grp-a001-02-000000069047580	다이어트쉐이크	nad-a001-02-000000553654562	bsn-a001-00-000000013604308	14	99	768323	M	3	0	0	8	0
20261001	4291318	cmp-a001-02-000000010764328	grp-a001-02-000000069047580	프로틴	nad-a001-02-000000553654562	bsn-a001-00-000000013604308	14	07	768323	M	4	0	0	5	0
20261001	4291318	cmp-a001-02-000000010764328	grp-a001-02-000000069047580	황성주박사라이프밀	nad-a001-02-000000541754005	bsn-a001-00-000000013604308	14	08	684927	P	2	1	4242	6	0
20261001	4291318	cmp-a001-02-000000010764328	grp-a001-02-000000069047580	단백질쉐이크	nad-a001-02-000000553654562	bsn-a001-00-000000013604308	14	09	529514	M	12	0	0	14	0
20261001	4291318	cmp-a001-02-000000010764328	grp-a001-02-000000069047580	단백질바	nad-a001-02-000000553654554	bsn-a001-00-000000013604308	14	07	8753	M	1	0	0	1	0
20261001	4291318	cmp-a001-02-000000010764328	grp-a001-02-000000069047580	칼로리바	nad-a001-02-000000553654554	bsn-a001-00-000000013604308	14	09	684925	P	1	0	0	1	0
20261001	4291318	cmp-a001-02-000000010764328	grp-a001-02-000000069047580	칼로리바기기	nad-a001-02-000000553654554	bsn-a001-00-000000013604308	14	09	11068	P	1	0	0	1	0
20261001	4291318	cmp-a001-02-000000010764328	grp-a001-02-000000069047580	식사대용	nad-a001-02-000000553654562	bsn-a001-00-000000013604308	14	09	11068	P	1	0	0	9	0
20261001	4291318	cmp-a001-02-000000010764328	grp-a001-02-000000069047580	다이어트쉐이크	nad-a001-02-000000553654562	bsn-a001-00-000000013604308	14	18	768323	M	2	0	0	6	0
20261001	4291318	cmp-a001-02-000000010764328	grp-a001-02-000000069047580	프로틴바	nad-a001-02-000000553654554	bsn-a001-00-000000013604308	14	02	27758	P	1	0	0	1	0
20261001	4291318	cmp-a001-02-000000010764328	grp-a001-02-000000069047580	대두분리단백질	nad-a001-02-000000553654562	bsn-a001-00-000000013604308	14	11	8753	M	1	0	0	1	0
20261001	4291318	cmp-a001-02-000000010764328	grp-a001-02-000000069047580	프로틴	nad-a001-02-000000553654562	bsn-a001-00-000000013604308	14	01	768323	M	2	0	0	3	0
20261001	4291318	cmp-a001-02-000000010764328	grp-a001-02-000000069047580	ISP단백질	nad-a001-02-000000553654562	bsn-a001-00-000000013604308	14	09	8753	M	1	0	0	1	0
20261001	4291318	cmp-a001-02-000000010764328	grp-a001-02-000000069047580	젤리	nad-a001-02-000000541753985	bsn-a001-00-000000013604308	14	09	684927	P	2	0	0	4	0
20261001	4291318	cmp-a001-02-000000010764328	grp-a001-02-000000069047580	식사대용	nad-a001-02-000000553654562	bsn-a001-00-000000013604308	14	02	684925	P	1	0	0	1	0
20261001	4291318	cmp-a001-02-000000010764328	grp-a001-02-000000069047580	단백질	nad-a001-02-000000553654562	bsn-a001-00-000000013604308	14	09	684926	M	2	0	0	18	0
20261001	4291318	cmp-a001-02-000000010764328	grp-a001-02-000000069047580	단백질바	nad-a001-02-000000553654558	bsn-a001-00-000000013604308	14	09	33421	M	2	0	0	4	0
20261001	4291318	cmp-a001-02-000000010764328	grp-a001-02-000000069047580	프로틴쉐이크	nad-a001-02-000000553654562	bsn-a001-00-000000013604308	14	06	8753	M	1	0	0	2	0
20261001	4291318	cmp-a001-02-000000010764328	grp-a001-02-000000069047580	ISP단백질	nad-a001-02-000000553654562	bsn-a001-00-000000013604308	14	02	8753	M	1	0	0	3	0
20261001	4291318	cmp-a001-02-000000010764328	grp-a001-02-000000069047580	프로틴	nad-a001-02-000000553654562	bsn-a001-00-000000013604308	14	09	23123	P	1	0	0	3	0
20261001	4291318	cmp-a001-02-000000010764328	grp-a001-02-000000069047580	프로틴	nad-a001-02-000000553654562	bsn-a001-00-000000013604308	14	08	529514	M	11	0	0	13	0
20261001	4291318	cmp-a001-02-000000010764328	grp-a001-02-000000069047580	HIGH	nad-a001-02-000000553654562	bsn-a001-00-000000013604308	14	09	98128	M	2	0	0	2	0
20261001	4291318	cmp-a001-02-000000010764328	grp-a001-02-000000069047580	단백질보충제	nad-a001-02-000000553654562	bsn-a001-00-000000013604308	14	09	23123	P	5	0	0	10	0
20261001	4291318	cmp-a001-02-000000010764328	grp-a001-02-000000069047580	프로틴바	nad-a001-02-000000553654554	bsn-a001-00-000000013604308	14	06	27758	P	1	0	0	1	0
20261001	4291318	cmp-a001-02-000000010764328	grp-a001-02-000000069047580	에너지바	nad-a001-02-000000553654554	bsn-a001-00-000000013604308	14	02	33421	M	1	0	0	1	0
20261001	4291318	cmp-a001-02-000000010764328	grp-a001-02-000000069047580	프로틴	nad-a001-02-000000553654562	bsn-a001-00-000000013604308	14	02	768323	M	4	0	0	7	0
20261001	4291318	cmp-a001-02-000000010764328	grp-a001-02-000000069047580	에너지바	nad-a001-02-000000553654558	bsn-a001-00-000000013604308	14	14	33421	M	1	0	0	2	0
20261001	4291318	cmp-a001-02-000000010764328	grp-a001-02-000000069047580	프로틴바	nad-a001-02-000000553654554	bsn-a001-00-000000013604308	14	09	27758	P	1	0	0	1	0
20261001	4291318	cmp-a001-02-000000010764328	grp-a001-02-000000069047580	단백질보충제	nad-a001-02-000000553654562	bsn-a001-00-000000013604308	14	03	8753	M	1	0	0	4	0
20261001	4291318	cmp-a001-02-000000010764328	grp-a001-02-000000069047580	에너지바	nad-a001-02-000000553654554	bsn-a001-00-000000013604308	14	07	8753	M	1	0	0	2	0
20261001	4291318	cmp-a001-02-000000010764328	grp-a001-02-000000069047580	사랑	nad-a001-02-000000553654558	bsn-a001-00-000000013604308	14	03	98128	M	2	0	0	6	0
20261001	4291318	cmp-a001-02-000000010764328	grp-a001-02-000000069047580	단백질	nad-a001-02-000000553654562	bsn-a001-00-000000013604308	14	02	11068	P	2	0	0	14	0
20261001	4291318	cmp-a001-02-000000010764328	grp-a001-02-000000069047580	단백질보충제	nad-a001-02-000000553654562	bsn-a001-00-000000013604308	14	03	33421	M	1	0	0	3	0
20261001	4291318	cmp-a001-02-000000010764328	grp-a001-02-000000069047580	스토어	nad-a001-02-000000541753997	bsn-a001-00-000000013604308	14	09	98128	M	5	0	0	6	0
20261001	4291318	cmp-a001-02-000000010764328	grp-a001-02-000000069047580	사랑	nad-a001-02-000000553654554	bsn-a001-00-000000013604308	14	03	98128	M	2	0	0	4	0
20261001	4291318	cmp-a001-02-000000010764328	grp-a001-02-000000069047580	사랑이	nad-a001-02-000000553654554	bsn-a001-00-000000013604308	14	17	529514	M	2	0	0	5	0
20261001	4291318	cmp-a001-02-000000010764328	grp-a001-02-000000069047580	프로틴	nad-a001-02-000000553654562	bsn-a001-00-000000013604308	14	08	768323	M	3	0	0	5	0
20261001	4291318	cmp-a001-02-000000010764328	grp-a001-02-000000069047580	단백질쉐이크	nad-a001-02-000000553654562	bsn-a001-00-000000013604308	14	01	8753	M	2	0	0	10	0
20261001	4291318	cmp-a001-02-000000010764328	grp-a001-02-000000069047580	단백질	nad-a001-02-000000553654562	bsn-a001-00-000000013604308	14	10	529514	M	7	0	0	7	0
20261001	4291318	cmp-a001-02-000000010764328	grp-a001-02-000000069047580	젤리	nad-a001-02-000000541753985	bsn-a001-00-000000013604308	14	09	768323	M	1	0	0	1	0
20261001	4291318	cmp-a001-02-000000010764328	grp-a001-02-000000069047580	단백질쉐이크	nad-a001-02-000000553654562	bsn-a001-00-000000013604308	14	02	27758	P	1	0	0	3	0
20261001	4291318	cmp-a001-02-000000010764328	grp-a001-02-000000069047580	단백질쉐이크	nad-a001-02-000000553654562	bsn-a001-00-000000013604308	14	15	27758	P	2	0	0	2	0
20261001	4291318	cmp-a001-02-000000010764328	grp-a001-02-000000069047580	황성주생식	nad-a001-02-000000541753997	bsn-a001-00-000000013604308	14	04	8753	M	1	1	4830	1	0
20261001	4291318	cmp-a001-02-000000010764328	grp-a001-02-000000069047580	프로틴바	nad-a001-02-000000553654558	bsn-a001-00-000000013604308	14	06	27758	P	1	0	0	2	0
20261001	4291318	cmp-a001-02-000000010764328	grp-a001-02-000000069047580	단백질쉐이크	nad-a001-02-000000553654562	bsn-a001-00-000000013604308	14	06	98128	M	2	0	0	2	0
20261001	4291318	cmp-a001-02-000000010764328	grp-a001-02-000000069047580	프로틴바	nad-a001-02-000000553654554	bsn-a001-00-000000013604308	14	14	529514	M	2	0	0	3	0
20261001	4291318	cmp-a001-02-000000010764328	grp-a001-02-000000069047580	내츄럴프로틴바	nad-a001-02-000000553654554	bsn-a001-00-000000013604308	14	04	11068	P	3	0	0	3	0
20261001	4291318	cmp-a001-02-000000010764328	grp-a001-02-000000069047580	프로틴	nad-a001-02-000000553654562	bsn-a001-00-000000013604308	14	18	768323	M	3	0	0	4	0
20261001	4291318	cmp-a001-02-000000010764328	grp-a001-02-000000069047580	프로틴바	nad-a001-02-000000553654559	bsn-a001-00-000000013604308	14	14	529514	M	2	0	0	6	0
20261001	4291318	cmp-a001-02-000000010764328	grp-a001-02-000000069047580	단백질프로틴	nad-a001-02-000000553654562	bsn-a001-00-000000013604308	14	09	529514	M	4	0	0	4	0
20261001	4291318	cmp-a001-02-000000010764328	grp-a001-02-000000069047580	프로틴	nad-a001-02-000000553654562	bsn-a001-00-000000013604308	14	06	8753	M	1	0	0	4	0
20261001	4291318	cmp-a001-02-000000010764328	grp-a001-02-000000069047580	박사추천단백질	nad-a001-02-000000553654562	bsn-a001-00-000000013604308	14	01	8753	M	1	0	0	3	0
20261001	4291318	cmp-a001-02-000000010764328	grp-a001-02-000000069047580	프로틴쉐이크	nad-a001-02-000000553654562	bsn-a001-00-000000013604308	14	01	529514	M	2	0	0	2	0
20261001	4291318	cmp-a001-02-000000010764328	grp-a001-02-000000069047580	단백질	nad-a001-02-000000553654562	bsn-a001-00-000000013604308	14	11	529514	M	7	0	0	7	0
20261001	4291318	cmp-a001-02-000000010764328	grp-a001-02-000000069047580	프로틴단백질	nad-a001-02-000000553654562	bsn-a001-00-000000013604308	14	14	612594	M	1	0	0	2	0
20261001	4291318	cmp-a001-02-000000010764328	grp-a001-02-000000069047580	프로틴	nad-a001-02-000000553654562	bsn-a001-00-000000013604308	14	01	529514	M	5	0	0	9	0
20261001	4291318	cmp-a001-02-000000010764328	grp-a001-02-000000069047580	다이어트쉐이크	nad-a001-02-000000553654562	bsn-a001-00-000000013604308	14	11	768323	M	1	0	0	3	0
20261001	4291318	cmp-a001-02-000000010764328	grp-a001-02-000000069047580	다이어트쉐이크	nad-a001-02-000000553654562	bsn-a001-00-000000013604308	14	18	529514	M	4	0	0	4	0
20261001	4291318	cmp-a001-02-000000010764328	grp-a001-02-000000069047580	사랑이	nad-a001-02-000000553654558	bsn-a001-00-000000013604308	14	02	529514	M	6	0	0	15	0
20261001	4291318	cmp-a001-02-000000010764328	grp-a001-02-000000069047580	에너지바	nad-a001-02-000000553654554	bsn-a001-00-000000013604308	14	09	33421	M	1	0	0	1	0
20261001	4291318	cmp-a001-02-000000010764328	grp-a001-02-000000069047580	단백질간식	nad-a001-02-000000553654558	bsn-a001-00-000000013604308	14	16	684925	P	1	0	0	1	0
20261001	4291318	cmp-a001-02-000000010764328	grp-a001-02-000000069047580	프로틴바	nad-a001-02-000000553654558	bsn-a001-00-000000013604308	14	09	529514	M	2	0	0	3	0
20261001	4291318	cmp-a001-02-000000010764328	grp-a001-02-000000069047580	에너지바	nad-a001-02-000000553654554	bsn-a001-00-000000013604308	14	09	791888	M	1	0	0	1	0
20261001	4291318	cmp-a001-02-000000010764328	grp-a001-02-000000069047580	단백질보충제	nad-a001-02-000000553654562	bsn-a001-00-000000013604308	14	11	23123	P	1	0	0	2	0
20261001	4291318	cmp-a001-02-000000010764328	grp-a001-02-000000069047580	단백질바추천	nad-a001-02-000000553654554	bsn-a001-00-000000013604308	14	09	27758	P	1	0	0	1	0
20261001	4291318	cmp-a001-02-000000010764328	grp-a001-02-000000069047580	스낵데이	nad-a001-02-000000553654554	bsn-a001-00-000000013604308	14	09	27758	P	1	0	0	1	0
20261001	4291318	cmp-a001-02-000000010764328	grp-a001-02-000000069047580	스낵데이	nad-a001-02-000000553654554	bsn-a001-00-000000013604308	14	09	684925	P	1	0	0	1	0
20261001	4291318	cmp-a001-02-000000010764328	grp-a001-02-000000069047580	프로틴바	nad-a001-02-000000553654554	bsn-a001-00-000000013604308	14	09	529514	M	2	0	0	3	0
20261001	4291318	cmp-a001-02-000000010764328	grp-a001-02-000000069047580	단백질쉐이크다이어트	nad-a001-02-000000553654562	bsn-a001-00-000000013604308	14	13	8753	M	1	0	0	4	0
20261001	4291318	cmp-a001-02-000000010764328	grp-a001-02-000000069047580	에너지바	nad-a001-02-000000553654559	bsn-a001-00-000000013604308	14	14	33421	M	1	0	0	5	0
20261001	4291318	cmp-a001-02-000000010764328	grp-a001-02-000000069047580	사랑님	nad-a001-02-000000553654558	bsn-a001-00-000000013604308	14	15	529514	M	1	0	0	2	0
20261001	4291318	cmp-a001-02-000000010764328	grp-a001-02-000000069047580	단백질쉐이크	nad-a001-02-000000553654562	bsn-a001-00-000000013604308	14	03	529514	M	8	0	0	9	0
20261001	4291318	cmp-a001-02-000000010764328	grp-a001-02-000000069047580	단백질보충제	nad-a001-02-000000553654562	bsn-a001-00-000000013604308	14	09	529514	M	10	0	0	11	0
20261001	4291318	cmp-a001-02-000000010764328	grp-a001-02-000000069047580	에너지바	nad-a001-02-000000553654554	bsn-a001-00-000000013604308	14	03	33421	M	2	0	0	2	0
20261001	4291318	cmp-a001-02-000000010764328	grp-a001-02-000000069047580	프로틴	nad-a001-02-000000553654562	bsn-a001-00-000000013604308	14	09	27758	P	1	0	0	1	0
20261001	4291318	cmp-a001-02-000000010764328	grp-a001-02-000000069047580	단백질쉐이크	nad-a001-02-000000553654562	bsn-a001-00-000000013604308	14	07	529514	M	2	0	0	2	0
20261001	4291318	cmp-a001-02-000000010764328	grp-a001-02-000000069047580	단백질보충제	nad-a001-02-000000553654562	bsn-a001-00-000000013604308	14	09	791888	M	1	0	0	2	0
20261001	4291318	cmp-a001-02-000000010764328	grp-a001-02-000000069047580	다이어트쉐이크	nad-a001-02-000000553654562	bsn-a001-00-000000013604308	14	02	768323	M	3	0	0	9	0
20261001	4291318	cmp-a001-02-000000010764328	grp-a001-02-000000069047580	프로틴바	nad-a001-02-000000553654558	bsn-a001-00-000000013604308	14	02	529514	M	2	0	0	3	0
20261001	4291318	cmp-a001-02-000000010764328	grp-a001-02-000000069047580	단백질쉐이크추천	nad-a001-02-000000553654562	bsn-a001-00-000000013604308	14	02	335738	P	1	0	0	4	0
20261001	4291318	cmp-a001-02-000000010764328	grp-a001-02-000000069047580	프로틴단백질바	nad-a001-02-000000553654554	bsn-a001-00-000000013604308	14	09	8753	M	1	0	0	1	0
20261001	4291318	cmp-a001-02-000000010764328	grp-a001-02-000000069047580	단백질쉐이크	nad-a001-02-000000553654562	bsn-a001-00-000000013604308	14	02	33421	M	1	0	0	10	0
20261001	4291318	cmp-a001-02-000000010764328	grp-a001-02-000000069047580	다이어트종류	nad-a001-02-000000553654562	bsn-a001-00-000000013604308	14	02	8753	M	1	0	0	4	0
20261001	4291318	cmp-a001-02-000000010764328	grp-a001-02-000000069047580	단백질보충제	nad-a001-02-000000553654562	bsn-a001-00-000000013604308	14	16	684925	P	1	0	0	1	0
20261001	4291318	cmp-a001-02-000000010764328	grp-a001-02-000000069047580	프로틴쉐이크	nad-a001-02-000000553654562	bsn-a001-00-000000013604308	14	11	529514	M	2	0	0	2	0
20261001	4291318	cmp-a001-02-000000010764328	grp-a001-02-000000069047580	황성주박사라이프밀	nad-a001-02-000000541753988	bsn-a001-00-000000013604308	14	08	684927	P	2	0	0	16	0
20261001	4291318	cmp-a001-02-000000010764328	grp-a001-02-000000069047580	단백질바	nad-a001-02-000000553654554	bsn-a001-00-000000013604308	14	09	27758	P	1	0	0	2	0
20261001	4291318	cmp-a001-02-000000010764328	grp-a001-02-000000069047580	JELLY	nad-a001-02-000000541753985	bsn-a001-00-000000013604308	14	04	98128	M	4	0	0	4	0
20261001	4291318	cmp-a001-02-000000010764328	grp-a001-02-000000069047580	에너지바	nad-a001-02-000000553654554	bsn-a001-00-000000013604308	14	04	33421	M	1	0	0	1	0
20261001	4291318	cmp-a001-02-000000010764328	grp-a001-02-000000069047580	스토어	nad-a001-02-000000541753997	bsn-a001-00-000000013604308	14	02	98128	M	3	0	0	6	0
20261001	4291318	cmp-a001-02-000000010764328	grp-a001-02-000000069047580	HIGH	nad-a001-02-000000553654562	bsn-a001-00-000000013604308	14	02	98128	M	4	0	0	4	0
20261001	4291318	cmp-a001-02-000000010764328	grp-a001-02-000000069047580	단백질보충제	nad-a001-02-000000553654562	bsn-a001-00-000000013604308	14	01	8753	M	1	0	0	3	0
20261001	4291318	cmp-a001-02-000000010764328	grp-a001-02-000000069047580	단백질쉐이크	nad-a001-02-000000553654562	bsn-a001-00-000000013604308	14	13	684927	P	1	0	0	2	0
20261001	4291318	cmp-a001-02-000000010764328	grp-a001-02-000000069047580	프로틴	nad-a001-02-000000553654562	bsn-a001-00-000000013604308	14	09	8753	M	2	0	0	7	0
20261001	4291318	cmp-a001-02-000000010764328	grp-a001-02-000000069047580	단백질쉐이크	nad-a001-02-000000553654562	bsn-a001-00-000000013604308	14	99	529514	M	2	0	0	2	0
20261001	4291318	cmp-a001-02-000000010764328	grp-a001-02-000000069047580	사랑님	nad-a001-02-000000553654554	bsn-a001-00-000000013604308	14	99	529514	M	2	0	0	5	0
20261001	4291318	cmp-a001-02-000000010764328	grp-a001-02-000000069047580	운동별단백질쉐이크	nad-a001-02-000000553654562	bsn-a001-00-000000013604308	14	09	8753	M	1	0	0	4	0
20261001	4291318	cmp-a001-02-000000010764328	grp-a001-02-000000069047580	식사대용	nad-a001-02-000000553654562	bsn-a001-00-000000013604308	14	02	27758	P	1	0	0	3	0
20261001	4291318	cmp-a001-02-000000010764328	grp-a001-02-000000069047580	프로틴	nad-a001-02-000000553654562	bsn-a001-00-000000013604308	14	07	529514	M	6	0	0	7	0
20261001	4291318	cmp-a001-02-000000010764328	grp-a001-02-000000069047580	프로틴	nad-a001-02-000000553654562	bsn-a001-00-000000013604308	14	09	291244	M	1	0	0	2	0
20261001	4291318	cmp-a001-02-000000010764328	grp-a001-02-000000069047580	사랑님	nad-a001-02-000000553654558	bsn-a001-00-000000013604308	14	99	529514	M	2	0	0	5	0
20261001	4291318	cmp-a001-02-000000010764328	grp-a001-02-000000069047580	단백질쉐이크	nad-a001-02-000000553654562	bsn-a001-00-000000013604308	14	99	33421	M	3	0	0	22	0
20261001	4291318	cmp-a001-02-000000010764328	grp-a001-02-000000069047580	프로틴	nad-a001-02-000000553654562	bsn-a001-00-000000013604308	14	10	529514	M	9	0	0	9	0
20261001	4291318	cmp-a001-02-000000010764328	grp-a001-02-000000069047580	사랑님	nad-a001-02-000000553654554	bsn-a001-00-000000013604308	14	15	529514	M	1	0	0	3	0
20261001	4291318	cmp-a001-02-000000010764328	grp-a001-02-000000069047580	단백질바	nad-a001-02-000000553654558	bsn-a001-00-000000013604308	14	08	33421	M	1	0	0	2	0
20261001	4291318	cmp-a001-02-000000010764328	grp-a001-02-000000069047580	식물성단백질쉐이크	nad-a001-02-000000553654562	bsn-a001-00-000000013604308	14	99	33421	M	1	0	0	4	0
20261001	4291318	cmp-a001-02-000000010764328	grp-a001-02-000000069047580	내츄럴프로틴바	nad-a001-02-000000553654558	bsn-a001-00-000000013604308	14	04	11068	P	3	0	0	15	0
20261001	4291318	cmp-a001-02-000000010764328	grp-a001-02-000000069047580	XS프로틴바	nad-a001-02-000000553654554	bsn-a001-00-000000013604308	14	06	8753	M	1	0	0	1	0
20261001	4291318	cmp-a001-02-000000010764328	grp-a001-02-000000069047580	황성주생식	nad-a001-02-000000541754004	bsn-a001-00-000000013604308	14	04	8753	M	1	0	0	2	0
20261001	4291318	cmp-a001-02-000000010764328	grp-a001-02-000000069047580	칼로리바	nad-a001-02-000000553654554	bsn-a001-00-000000013604308	14	02	8753	M	1	0	0	1	0
20261001	4291318	cmp-a001-02-000000010764328	grp-a001-02-000000069047580	단백질보충제	nad-a001-02-000000553654562	bsn-a001-00-000000013604308	14	08	8753	M	1	0	0	4	0
20261001	4291318	cmp-a001-02-000000010764328	grp-a001-02-000000069047580	칼로리바기기	nad-a001-02-000000553654559	bsn-a001-00-000000013604308	14	09	11068	P	1	0	0	3	0
20261001	4291318	cmp-a001-02-000000010764328	grp-a001-02-000000069047580	에너지바	nad-a001-02-000000553654558	bsn-a001-00-000000013604308	14	09	791888	M	1	0	0	2	0
20261001	4291318	cmp-a001-02-000000010764328	grp-a001-02-000000069047580	단백질파우더	nad-a001-02-000000553654562	bsn-a001-00-000000013604308	14	02	8753	M	1	0	0	5	0
20261001	4291318	cmp-a001-02-000000010764328	grp-a001-02-000000069047580	단백질간식	nad-a001-02-000000553654558	bsn-a001-00-000000013604308	14	16	27758	P	1	0	0	3	0
20261001	4291318	cmp-a001-02-000000010764328	grp-a001-02-000000069047580	프로틴쉐이크	nad-a001-02-000000553654562	bsn-a001-00-000000013604308	14	09	8753	M	1	0	0	4	0
20261001	4291318	cmp-a001-02-000000010764328	grp-a001-02-000000069047580	단백질바	nad-a001-02-000000553654554	bsn-a001-00-000000013604308	14	08	33421	M	1	0	0	1	0
20261001	4291318	cmp-a001-02-000000010764328	grp-a001-02-000000069047580	다이어트단백질쉐이크	nad-a001-02-000000553654562	bsn-a001-00-000000013604308	14	08	8753	M	1	0	0	3	0
20261001	4291318	cmp-a001-02-000000010764328	grp-a001-02-000000069047580	단백질쉐이크	nad-a001-02-000000553654562	bsn-a001-00-000000013604308	14	18	529514	M	1	0	0	1	0
20261001	4291318	cmp-a001-02-000000010764328	grp-a001-02-000000069047580	제리	nad-a001-02-000000541753985	bsn-a001-00-000000013604308	14	11	8753	M	1	0	0	6	0
20261001	4291318	cmp-a001-02-000000010764328	grp-a001-02-000000069047580	프로틴바	nad-a001-02-000000553654558	bsn-a001-00-000000013604308	14	09	27758	P	1	0	0	4	0
20261001	4291318	cmp-a001-02-000000010764328	grp-a001-02-000000069047580	젤리	nad-a001-02-000000541753985	bsn-a001-00-000000013604308	14	16	8753	M	1	0	0	8	0
20261001	4291318	cmp-a001-02-000000010764328	grp-a001-02-000000069047580	프로틴	nad-a001-02-000000553654562	bsn-a001-00-000000013604308	14	09	684926	M	4	0	0	42	0
20261001	4291318	cmp-a001-02-000000010764328	grp-a001-02-000000069047580	식물성단백질	nad-a001-02-000000553654562	bsn-a001-00-000000013604308	14	09	529514	M	2	0	0	2	0
20261001	4291318	cmp-a001-02-000000010764328	grp-a001-02-000000069047580	황성주생식	nad-a001-02-000000541754005	bsn-a001-00-000000013604308	14	04	8753	M	1	0	0	4	0
20261001	4291318	cmp-a001-02-000000010764328	grp-a001-02-000000069047580	단백질쉐이크	nad-a001-02-000000553654562	bsn-a001-00-000000013604308	14	15	529514	M	1	0	0	1	0
20261001	4291318	cmp-a001-02-000000010764328	grp-a001-02-000000069047580	에너지바	nad-a001-02-000000553654559	bsn-a001-00-000000013604308	14	02	33421	M	1	0	0	5	0
20261001	4291318	cmp-a001-02-000000010764328	grp-a001-02-000000069047580	에너지바	nad-a001-02-000000553654558	bsn-a001-00-000000013604308	14	09	529514	M	4	0	0	6	0
20261001	4291318	cmp-a001-02-000000010764328	grp-a001-02-000000069047580	스토어	nad-a001-02-000000541753997	bsn-a001-00-000000013604308	14	11	98128	M	1	0	0	1	0
20261001	4291318	cmp-a001-02-000000010764328	grp-a001-02-000000069047580	프로틴	nad-a001-02-000000553654562	bsn-a001-00-000000013604308	14	04	768323	M	3	0	0	3	0
20261001	4291318	cmp-a001-02-000000010764328	grp-a001-02-000000069047580	다이어트단백질쉐이크	nad-a001-02-000000553654562	bsn-a001-00-000000013604308	14	99	33421	M	1	0	0	6	0
20261001	4291318	cmp-a001-02-000000010764328	grp-a001-02-000000069047580	에너지바	nad-a001-02-000000553654559	bsn-a001-00-000000013604308	14	09	791888	M	1	0	0	4	0
20261001	4291318	cmp-a001-02-000000010764328	grp-a001-02-000000069047580	단백질쉐이크	nad-a001-02-000000553654562	bsn-a001-00-000000013604308	14	11	529514	M	2	0	0	2	0
20261001	4291318	cmp-a001-02-000000010764328	grp-a001-02-000000069047580	프로틴	nad-a001-02-000000553654562	bsn-a001-00-000000013604308	14	99	768323	M	8	0	0	11	0
20261001	4291318	cmp-a001-02-000000010764328	grp-a001-02-000000069047580	단백질쉐이크	nad-a001-02-000000553654562	bsn-a001-00-000000013604308	14	09	27758	P	2	0	0	5	0
20261001	4291318	cmp-a001-02-000000010764328	grp-a001-02-000000069047580	젤리	nad-a001-02-000000541753985	bsn-a001-00-000000013604308	14	09	8753	M	1	0	0	5	0
20261001	4291318	cmp-a001-02-000000010764328	grp-a001-02-000000069047580	에너지바	nad-a001-02-000000553654558	bsn-a001-00-000000013604308	14	02	529514	M	10	0	0	18	0
20261001	4291318	cmp-a001-02-000000010764328	grp-a001-02-000000069047580	단백질쉐이크	nad-a001-02-000000553654562	bsn-a001-00-000000013604308	14	06	529514	M	2	0	0	2	0
20261001	4291318	cmp-a001-02-000000010764328	grp-a001-02-000000069047580	다이어트쉐이크	nad-a001-02-000000553654562	bsn-a001-00-000000013604308	14	03	768323	M	1	0	0	3	0
20261001	4291318	cmp-a001-02-000000010764328	grp-a001-02-000000069047580	프로틴파우더	nad-a001-02-000000553654562	bsn-a001-00-000000013604308	14	07	11068	P	1	0	0	9	0
20261001	4291318	cmp-a001-02-000000010764328	grp-a001-02-000000069047580	에너지바	nad-a001-02-000000553654558	bsn-a001-00-000000013604308	14	09	33421	M	1	0	0	2	0
20261001	4291318	cmp-a001-02-000000010764328	grp-a001-02-000000069047580	단백질쉐이크	nad-a001-02-000000553654562	bsn-a001-00-000000013604308	14	99	8753	M	2	0	0	10	0
20261001	4291318	cmp-a001-02-000000010764328	grp-a001-02-000000069047580	단백질보충제ISP	nad-a001-02-000000553654562	bsn-a001-00-000000013604308	14	06	684927	P	1	0	0	7	0
20261001	4291318	cmp-a001-02-000000010764328	grp-a001-02-000000069047580	칼로리바	nad-a001-02-000000553654559	bsn-a001-00-000000013604308	14	02	8753	M	1	0	0	3	0
20261001	4291318	cmp-a001-02-000000010764328	grp-a001-02-000000069047580	프로틴바	nad-a001-02-000000553654558	bsn-a001-00-000000013604308	14	16	23123	P	1	0	0	4	0
20261001	4291318	cmp-a001-02-000000010764328	grp-a001-02-000000069047580	하루단백질섭취량	nad-a001-02-000000553654562	bsn-a001-00-000000013604308	14	99	8753	M	1	0	0	1	0
20261001	4291318	cmp-a001-02-000000010764328	grp-a001-02-000000069047580	프로틴바	nad-a001-02-000000553654558	bsn-a001-00-000000013604308	14	14	529514	M	2	0	0	3	0
20261001	4291318	cmp-a001-02-000000010764328	grp-a001-02-000000069047580	내츄럴프로틴바	nad-a001-02-000000553654559	bsn-a001-00-000000013604308	14	04	11068	P	1	0	0	25	0
20261001	4291318	cmp-a001-02-000000010764328	grp-a001-02-000000069047580	단백질파우더	nad-a001-02-000000553654562	bsn-a001-00-000000013604308	14	09	8753	M	1	0	0	2	0
20261001	4291318	cmp-a001-02-000000010764328	grp-a001-02-000000069047580	프로틴	nad-a001-02-000000553654562	bsn-a001-00-000000013604308	14	09	768323	M	14	0	0	17	0
20261001	4291318	cmp-a001-02-000000010764328	grp-a001-02-000000069047580	엄마사랑	nad-a001-02-000000553654558	bsn-a001-00-000000013604308	14	09	33421	M	1	0	0	9	0
20261001	4291318	cmp-a001-02-000000010764328	grp-a001-02-000000069047580	프로틴바	nad-a001-02-000000553654554	bsn-a001-00-000000013604308	14	16	23123	P	1	0	0	1	0
20261001	4291318	cmp-a001-02-000000010764328	grp-a001-02-000000069047580	에너지바	nad-a001-02-000000553654558	bsn-a001-00-000000013604308	14	02	33421	M	1	0	0	2	0
20261001	4291318	cmp-a001-02-000000010764328	grp-a001-02-000000069047580	프로틴	nad-a001-02-000000553654562	bsn-a001-00-000000013604308	14	08	684926	M	4	0	0	24	0
20261001	4291318	cmp-a001-02-000000010764328	grp-a001-02-000000069047580	프로틴	nad-a001-02-000000553654562	bsn-a001-00-000000013604308	14	06	529514	M	1	0	0	1	0
20261001	4291318	cmp-a001-02-000000010764328	grp-a001-02-000000069047580	에너지바	nad-a001-02-000000553654559	bsn-a001-00-000000013604308	14	09	529514	M	4	0	0	12	0
20261001	4291318	cmp-a001-02-000000010764328	grp-a001-02-000000069047580	프로틴	nad-a001-02-000000553654562	bsn-a001-00-000000013604308	14	09	137281	M	5	0	0	5	0
20261001	4291318	cmp-a001-02-000000010764328	grp-a001-02-000000069047580	프로틴	nad-a001-02-000000553654562	bsn-a001-00-000000013604308	14	02	529514	M	19	0	0	30	0
20261001	4291318	cmp-a001-02-000000010764328	grp-a001-02-000000069047580	칼로리바	nad-a001-02-000000553654558	bsn-a001-00-000000013604308	14	02	8753	M	1	0	0	2	0
20261001	4291318	cmp-a001-02-000000010764328	grp-a001-02-000000069047580	프로틴바	nad-a001-02-000000553654559	bsn-a001-00-000000013604308	14	16	23123	P	1	0	0	9	0
20261001	4291318	cmp-a001-02-000000010764328	grp-a001-02-000000069047580	단백질보충제	nad-a001-02-000000553654562	bsn-a001-00-000000013604308	14	99	8753	M	1	0	0	6	0
20261001	4291318	cmp-a001-02-000000010764328	grp-a001-02-000000069047580	단백질바추천성분좋은	nad-a001-02-000000553654558	bsn-a001-00-000000013604308	14	09	27758	P	1	0	0	2	0
20261001	4291318	cmp-a001-02-000000010764328	grp-a001-02-000000069047580	칼로리바	nad-a001-02-000000553654558	bsn-a001-00-000000013604308	14	09	8753	M	2	0	0	4	0
20261001	4291318	cmp-a001-02-000000010764328	grp-a001-02-000000069047580	단백질	nad-a001-02-000000553654562	bsn-a001-00-000000013604308	14	09	684927	P	2	0	0	4	0
20261001	4291318	cmp-a001-02-000000010764328	grp-a001-02-000000069047580	에너지바	nad-a001-02-000000553654558	bsn-a001-00-000000013604308	14	03	33421	M	2	0	0	4	0
20261001	4291318	cmp-a001-02-000000010764328	grp-a001-02-000000069047580	단백질쉐이크	nad-a001-02-000000553654562	bsn-a001-00-000000013604308	14	99	27758	P	1	0	0	2	0
20261001	4291318	cmp-a001-02-000000010764328	grp-a001-02-000000069047580	에너지바	nad-a001-02-000000553654559	bsn-a001-00-000000013604308	14	04	33421	M	1	0	0	5	0
20261001	4291318	cmp-a001-02-000000010764328	grp-a001-02-000000069047580	젤리	nad-a001-02-000000541753985	bsn-a001-00-000000013604308	14	02	8753	M	2	0	0	5	0
20261001	4291318	cmp-a001-02-000000010764328	grp-a001-02-000000069047580	프로틴바	nad-a001-02-000000553654554	bsn-a001-00-000000013604308	14	10	27758	P	1	0	0	1	0
20261001	4291318	cmp-a001-02-000000010764328	grp-a001-02-000000069047580	에너지바	nad-a001-02-000000553654559	bsn-a001-00-000000013604308	14	02	529514	M	10	0	0	47	0
20261001	4291318	cmp-a001-02-000000010764328	grp-a001-02-000000069047580	프로틴바	nad-a001-02-000000553654554	bsn-a001-00-000000013604308	14	02	529514	M	2	0	0	3	0
20261001	4291318	cmp-a001-02-000000010764328	grp-a001-02-000000069047580	보충제	nad-a001-02-000000553654562	bsn-a001-00-000000013604308	14	10	529514	M	9	0	0	9	0
20261001	4291318	cmp-a001-02-000000010764328	grp-a001-02-000000069047580	생식	nad-a001-02-000000541753997	bsn-a001-00-000000013604308	18	09	424040	M	1	0	0	1	0
20261001	4291318	cmp-a001-02-000000010764328	grp-a001-02-000000069047580	단백질쉐이크	nad-a001-02-000000553654562	bsn-a001-00-000000013604308	22	02	529514	M	3	0	0	6	0
20261001	4291318	cmp-a001-02-000000010764328	grp-a001-02-000000069047580	에너지바	nad-a001-02-000000553654558	bsn-a001-00-000000013604308	22	14	8753	M	2	0	0	6	0
20261001	4291318	cmp-a001-02-000000010764328	grp-a001-02-000000069047580	단백질보충제	nad-a001-02-000000553654562	bsn-a001-00-000000013604308	22	13	8753	M	1	0	0	2	0
20261001	4291318	cmp-a001-02-000000010764328	grp-a001-02-000000069047580	단백질간식	nad-a001-02-000000553654554	bsn-a001-00-000000013604308	22	02	33421	M	1	0	0	1	0
20261001	4291318	cmp-a001-02-000000010764328	grp-a001-02-000000069047580	단백질	nad-a001-02-000000553654562	bsn-a001-00-000000013604308	22	08	8753	M	2	0	0	4	0
20261001	4291318	cmp-a001-02-000000010764328	grp-a001-02-000000069047580	프로틴바	nad-a001-02-000000553654554	bsn-a001-00-000000013604308	22	02	529514	M	8	0	0	8	0
20261001	4291318	cmp-a001-02-000000010764328	grp-a001-02-000000069047580	단백질파우더	nad-a001-02-000000553654562	bsn-a001-00-000000013604308	22	04	8753	M	1	0	0	3	0
20261001	4291318	cmp-a001-02-000000010764328	grp-a001-02-000000069047580	사랑하라	nad-a001-02-000000553654554	bsn-a001-00-000000013604308	22	00	248824	P	1	0	0	1	0
20261001	4291318	cmp-a001-02-000000010764328	grp-a001-02-000000069047580	황성주생식라이프밀	nad-a001-02-000000541753997	bsn-a001-00-000000013604308	22	02	8753	M	1	0	0	2	0
20261001	4291318	cmp-a001-02-000000010764328	grp-a001-02-000000069047580	프로틴	nad-a001-02-000000553654562	bsn-a001-00-000000013604308	22	09	529514	M	15	0	0	15	0
20261001	4291318	cmp-a001-02-000000010764328	grp-a001-02-000000069047580	도윤픽단백질바	nad-a001-02-000000553654558	bsn-a001-00-000000013604308	22	15	8753	M	1	0	0	4	0
20261001	4291318	cmp-a001-02-000000010764328	grp-a001-02-000000069047580	사랑님	nad-a001-02-000000553654558	bsn-a001-00-000000013604308	22	02	529514	M	3	0	0	7	0
20261001	4291318	cmp-a001-02-000000010764328	grp-a001-02-000000069047580	에너지바	nad-a001-02-000000553654559	bsn-a001-00-000000013604308	22	14	8753	M	1	0	0	14	0
20261001	4291318	cmp-a001-02-000000010764328	grp-a001-02-000000069047580	에너지바	nad-a001-02-000000553654554	bsn-a001-00-000000013604308	22	09	87620	M	1	0	0	2	0
20261001	4291318	cmp-a001-02-000000010764328	grp-a001-02-000000069047580	도윤픽단백질바	nad-a001-02-000000553654554	bsn-a001-00-000000013604308	22	15	8753	M	1	0	0	1	0
20261001	4291318	cmp-a001-02-000000010764328	grp-a001-02-000000069047580	에너지바신상	nad-a001-02-000000553654558	bsn-a001-00-000000013604308	22	02	8753	M	0	1	2645	0	0
20261001	4291318	cmp-a001-02-000000010764328	grp-a001-02-000000069047580	스토어	nad-a001-02-000000541753997	bsn-a001-00-000000013604308	22	17	98128	M	2	0	0	2	0
20261001	4291318	cmp-a001-02-000000010764328	grp-a001-02-000000069047580	단백질쉐이크	nad-a001-02-000000553654562	bsn-a001-00-000000013604308	22	99	529514	M	1	0	0	1	0
20261001	4291318	cmp-a001-02-000000010764328	grp-a001-02-000000069047580	스토어	nad-a001-02-000000541753997	bsn-a001-00-000000013604308	22	15	98128	M	1	0	0	1	0
20261001	4291318	cmp-a001-02-000000010764328	grp-a001-02-000000069047580	단백질간식	nad-a001-02-000000553654559	bsn-a001-00-000000013604308	22	02	33421	M	1	0	0	10	0
20261001	4291318	cmp-a001-02-000000010764328	grp-a001-02-000000069047580	프로틴단백질추천	nad-a001-02-000000553654562	bsn-a001-00-000000013604308	22	08	798056	M	1	0	0	1	0
20261001	4291318	cmp-a001-02-000000010764328	grp-a001-02-000000069047580	단백질쉐이크	nad-a001-02-000000553654562	bsn-a001-00-000000013604308	22	02	98128	M	2	0	0	4	0
20261001	4291318	cmp-a001-02-000000010764328	grp-a001-02-000000069047580	젤리	nad-a001-02-000000541753985	bsn-a001-00-000000013604308	22	02	529514	M	2	0	0	2	0
20261001	4291318	cmp-a001-02-000000010764328	grp-a001-02-000000069047580	황성주생식	nad-a001-02-000000541753997	bsn-a001-00-000000013604308	22	11	8753	M	1	0	0	2	0
20261001	4291318	cmp-a001-02-000000010764328	grp-a001-02-000000069047580	젤리	nad-a001-02-000000541753985	bsn-a001-00-000000013604308	22	02	98128	M	2	0	0	2	0
20261001	4291318	cmp-a001-02-000000010764328	grp-a001-02-000000069047580	스토어	nad-a001-02-000000541753997	bsn-a001-00-000000013604308	22	99	98128	M	4	0	0	4	0
20261001	4291318	cmp-a001-02-000000010764328	grp-a001-02-000000069047580	스토어	nad-a001-02-000000541753997	bsn-a001-00-000000013604308	22	08	98128	M	4	0	0	4	0
20261001	4291318	cmp-a001-02-000000010764328	grp-a001-02-000000069047580	단백질바	nad-a001-02-000000553654554	bsn-a001-00-000000013604308	22	11	8753	M	1	0	0	1	0
20261001	4291318	cmp-a001-02-000000010764328	grp-a001-02-000000069047580	단백질간식	nad-a001-02-000000553654558	bsn-a001-00-000000013604308	22	02	33421	M	1	0	0	3	0
20261001	4291318	cmp-a001-02-000000010764328	grp-a001-02-000000069047580	단백질쉐이크	nad-a001-02-000000553654562	bsn-a001-00-000000013604308	22	01	529514	M	3	0	0	12	0
20261001	4291318	cmp-a001-02-000000010764328	grp-a001-02-000000069047580	단백질쉐이크	nad-a001-02-000000553654562	bsn-a001-00-000000013604308	22	08	529514	M	1	0	0	4	0
20261001	4291318	cmp-a001-02-000000010764328	grp-a001-02-000000069047580	스토어	nad-a001-02-000000541753997	bsn-a001-00-000000013604308	22	11	98128	M	6	0	0	6	0
20261001	4291318	cmp-a001-02-000000010764328	grp-a001-02-000000069047580	단백질쉐이크	nad-a001-02-000000553654562	bsn-a001-00-000000013604308	22	99	98128	M	5	0	0	5	0
20261001	4291318	cmp-a001-02-000000010764328	grp-a001-02-000000069047580	네이버스토어	nad-a001-02-000000541753997	bsn-a001-00-000000013604308	22	02	612594	M	1	0	0	5	0
20261001	4291318	cmp-a001-02-000000010764328	grp-a001-02-000000069047580	프로틴	nad-a001-02-000000553654562	bsn-a001-00-000000013604308	22	99	137281	M	2	0	0	2	0
20261001	4291318	cmp-a001-02-000000010764328	grp-a001-02-000000069047580	프로틴바	nad-a001-02-000000553654559	bsn-a001-00-000000013604308	22	07	529514	M	2	0	0	6	0
20261001	4291318	cmp-a001-02-000000010764328	grp-a001-02-000000069047580	사랑하라	nad-a001-02-000000553654558	bsn-a001-00-000000013604308	22	00	248824	P	1	0	0	3	0
20261001	4291318	cmp-a001-02-000000010764328	grp-a001-02-000000069047580	하루단백질섭취량	nad-a001-02-000000553654562	bsn-a001-00-000000013604308	22	11	8753	M	1	0	0	4	0
20261001	4291318	cmp-a001-02-000000010764328	grp-a001-02-000000069047580	프로틴바	nad-a001-02-000000553654558	bsn-a001-00-000000013604308	22	07	529514	M	2	0	0	3	0
20261001	4291318	cmp-a001-02-000000010764328	grp-a001-02-000000069047580	프로틴	nad-a001-02-000000553654562	bsn-a001-00-000000013604308	22	03	768323	M	2	0	0	5	0
20261001	4291318	cmp-a001-02-000000010764328	grp-a001-02-000000069047580	젤리	nad-a001-02-000000541753985	bsn-a001-00-000000013604308	22	09	684926	M	2	0	0	4	0
20261001	4291318	cmp-a001-02-000000010764328	grp-a001-02-000000069047580	단백질쉐이크	nad-a001-02-000000553654562	bsn-a001-00-000000013604308	22	09	33421	M	1	0	0	6	0
20261001	4291318	cmp-a001-02-000000010764328	grp-a001-02-000000069047580	젤리	nad-a001-02-000000541753985	bsn-a001-00-000000013604308	22	02	768323	M	4	0	0	4	0
20261001	4291318	cmp-a001-02-000000010764328	grp-a001-02-000000069047580	단백질간식	nad-a001-02-000000553654554	bsn-a001-00-000000013604308	22	02	8753	M	2	0	0	2	0
20261001	4291318	cmp-a001-02-000000010764328	grp-a001-02-000000069047580	쉐이크	nad-a001-02-000000553654562	bsn-a001-00-000000013604308	22	99	529514	M	3	0	0	3	0
20261001	4291318	cmp-a001-02-000000010764328	grp-a001-02-000000069047580	젤리	nad-a001-02-000000541753985	bsn-a001-00-000000013604308	22	99	768323	M	1	0	0	1	0
20261001	4291318	cmp-a001-02-000000010764328	grp-a001-02-000000069047580	사랑이	nad-a001-02-000000553654558	bsn-a001-00-000000013604308	22	02	529514	M	4	0	0	10	0
20261001	4291318	cmp-a001-02-000000010764328	grp-a001-02-000000069047580	프로틴	nad-a001-02-000000553654562	bsn-a001-00-000000013604308	22	03	529514	M	1	0	0	1	0
20261001	4291318	cmp-a001-02-000000010764328	grp-a001-02-000000069047580	식이섬유쉐이크	nad-a001-02-000000553654562	bsn-a001-00-000000013604308	22	09	8753	M	4	0	0	8	0
20261001	4291318	cmp-a001-02-000000010764328	grp-a001-02-000000069047580	젤리	nad-a001-02-000000541753985	bsn-a001-00-000000013604308	22	07	8753	M	1	0	0	2	0
20261001	4291318	cmp-a001-02-000000010764328	grp-a001-02-000000069047580	프로틴단백질추천	nad-a001-02-000000553654562	bsn-a001-00-000000013604308	22	08	612594	M	0	1	2991	0	0
20261001	4291318	cmp-a001-02-000000010764328	grp-a001-02-000000069047580	단백질	nad-a001-02-000000553654562	bsn-a001-00-000000013604308	22	02	87620	M	1	0	0	1	0
20261001	4291318	cmp-a001-02-000000010764328	grp-a001-02-000000069047580	프로틴	nad-a001-02-000000553654562	bsn-a001-00-000000013604308	22	15	11068	P	1	0	0	5	0
20261001	4291318	cmp-a001-02-000000010764328	grp-a001-02-000000069047580	젤리	nad-a001-02-000000541753985	bsn-a001-00-000000013604308	22	18	8753	M	1	0	0	2	0
20261001	4291318	cmp-a001-02-000000010764328	grp-a001-02-000000069047580	단백질쉐이크	nad-a001-02-000000553654562	bsn-a001-00-000000013604308	22	06	8753	M	1	0	0	4	0
20261001	4291318	cmp-a001-02-000000010764328	grp-a001-02-000000069047580	단백질보충제	nad-a001-02-000000553654562	bsn-a001-00-000000013604308	22	16	529514	M	2	0	0	2	0
20261001	4291318	cmp-a001-02-000000010764328	grp-a001-02-000000069047580	프로틴	nad-a001-02-000000553654562	bsn-a001-00-000000013604308	22	18	768323	M	2	0	0	3	0
20261001	4291318	cmp-a001-02-000000010764328	grp-a001-02-000000069047580	단백질바	nad-a001-02-000000553654558	bsn-a001-00-000000013604308	22	14	33421	M	1	0	0	2	0
20261001	4291318	cmp-a001-02-000000010764328	grp-a001-02-000000069047580	프로틴쉐이크	nad-a001-02-000000553654562	bsn-a001-00-000000013604308	22	06	529514	M	2	0	0	2	0
20261001	4291318	cmp-a001-02-000000010764328	grp-a001-02-000000069047580	SHAKE	nad-a001-02-000000553654562	bsn-a001-00-000000013604308	22	02	8753	M	1	0	0	4	0
20261001	4291318	cmp-a001-02-000000010764328	grp-a001-02-000000069047580	프로틴	nad-a001-02-000000553654562	bsn-a001-00-000000013604308	22	02	768323	M	1	0	0	3	0
20261001	4291318	cmp-a001-02-000000010764328	grp-a001-02-000000069047580	보충제	nad-a001-02-000000553654562	bsn-a001-00-000000013604308	22	06	33421	M	1	0	0	2	0
20261001	4291318	cmp-a001-02-000000010764328	grp-a001-02-000000069047580	단백질보충제	nad-a001-02-000000553654562	bsn-a001-00-000000013604308	22	10	33421	M	1	0	0	5	0
20261001	4291318	cmp-a001-02-000000010764328	grp-a001-02-000000069047580	단백질쉐이크추천	nad-a001-02-000000553654562	bsn-a001-00-000000013604308	22	08	8753	M	1	0	0	6	0
20261001	4291318	cmp-a001-02-000000010764328	grp-a001-02-000000069047580	단백질바	nad-a001-02-000000553654559	bsn-a001-00-000000013604308	22	02	8753	M	1	0	0	22	0
20261001	4291318	cmp-a001-02-000000010764328	grp-a001-02-000000069047580	황성주생식	nad-a001-02-000000541754005	bsn-a001-00-000000013604308	22	16	8753	M	1	0	0	6	0
20261001	4291318	cmp-a001-02-000000010764328	grp-a001-02-000000069047580	스토어	nad-a001-02-000000541753997	bsn-a001-00-000000013604308	22	09	98128	M	3	0	0	3	0
20261001	4291318	cmp-a001-02-000000010764328	grp-a001-02-000000069047580	식사대용	nad-a001-02-000000553654562	bsn-a001-00-000000013604308	22	09	8753	M	1	0	0	2	0
20261001	4291318	cmp-a001-02-000000010764328	grp-a001-02-000000069047580	프로틴	nad-a001-02-000000553654562	bsn-a001-00-000000013604308	22	07	684925	P	1	0	0	1	0
20261001	4291318	cmp-a001-02-000000010764328	grp-a001-02-000000069047580	프로틴	nad-a001-02-000000553654562	bsn-a001-00-000000013604308	22	08	768323	M	1	0	0	2	0
20261001	4291318	cmp-a001-02-000000010764328	grp-a001-02-000000069047580	단백질쉐이크	nad-a001-02-000000553654562	bsn-a001-00-000000013604308	22	99	8753	M	1	0	0	8	0
20261001	4291318	cmp-a001-02-000000010764328	grp-a001-02-000000069047580	당뇨인먹을수있는에너지바	nad-a001-02-000000553654554	bsn-a001-00-000000013604308	22	02	8753	M	1	0	0	1	0
20261001	4291318	cmp-a001-02-000000010764328	grp-a001-02-000000069047580	프로틴쉐이크	nad-a001-02-000000553654562	bsn-a001-00-000000013604308	22	09	8753	M	1	0	0	2	0
20261001	4291318	cmp-a001-02-000000010764328	grp-a001-02-000000069047580	단백질바	nad-a001-02-000000553654558	bsn-a001-00-000000013604308	22	09	529514	M	2	0	0	3	0
20261001	4291318	cmp-a001-02-000000010764328	grp-a001-02-000000069047580	프로틴바	nad-a001-02-000000553654558	bsn-a001-00-000000013604308	22	02	529514	M	8	0	0	16	0
20261001	4291318	cmp-a001-02-000000010764328	grp-a001-02-000000069047580	단백질보충제	nad-a001-02-000000553654562	bsn-a001-00-000000013604308	22	99	684926	M	2	0	0	10	0
20261001	4291318	cmp-a001-02-000000010764328	grp-a001-02-000000069047580	스토어	nad-a001-02-000000541753997	bsn-a001-00-000000013604308	22	02	98128	M	1	0	0	1	0
20261001	4291318	cmp-a001-02-000000010764328	grp-a001-02-000000069047580	보충제	nad-a001-02-000000553654562	bsn-a001-00-000000013604308	22	02	8753	M	1	0	0	2	0
20261001	4291318	cmp-a001-02-000000010764328	grp-a001-02-000000069047580	프로틴	nad-a001-02-000000553654562	bsn-a001-00-000000013604308	22	99	529514	M	2	0	0	2	0
20261001	4291318	cmp-a001-02-000000010764328	grp-a001-02-000000069047580	프로틴쉐이크	nad-a001-02-000000553654562	bsn-a001-00-000000013604308	22	10	529514	M	2	0	0	2	0
20261001	4291318	cmp-a001-02-000000010764328	grp-a001-02-000000069047580	프로틴바	nad-a001-02-000000553654554	bsn-a001-00-000000013604308	22	18	11068	P	1	0	0	5	0
20261001	4291318	cmp-a001-02-000000010764328	grp-a001-02-000000069047580	프로틴	nad-a001-02-000000553654562	bsn-a001-00-000000013604308	22	99	768323	M	2	0	0	2	0
20261001	4291318	cmp-a001-02-000000010764328	grp-a001-02-000000069047580	프로틴	nad-a001-02-000000553654562	bsn-a001-00-000000013604308	22	15	684925	P	1	0	0	1	0
20261001	4291318	cmp-a001-02-000000010764328	grp-a001-02-000000069047580	프로틴	nad-a001-02-000000553654562	bsn-a001-00-000000013604308	22	06	768323	M	1	0	0	1	0
20261001	4291318	cmp-a001-02-000000010764328	grp-a001-02-000000069047580	단백질바	nad-a001-02-000000553654554	bsn-a001-00-000000013604308	22	14	33421	M	1	0	0	1	0
20261001	4291318	cmp-a001-02-000000010764328	grp-a001-02-000000069047580	쑤니맘프로틴바	nad-a001-02-000000553654554	bsn-a001-00-000000013604308	22	09	8753	M	1	0	0	1	0
20261001	4291318	cmp-a001-02-000000010764328	grp-a001-02-000000069047580	단백질바	nad-a001-02-000000553654558	bsn-a001-00-000000013604308	22	02	33421	M	1	0	0	7	0
20261001	4291318	cmp-a001-02-000000010764328	grp-a001-02-000000069047580	단백질바	nad-a001-02-000000553654559	bsn-a001-00-000000013604308	22	09	529514	M	2	0	0	6	0
20261001	4291318	cmp-a001-02-000000010764328	grp-a001-02-000000069047580	프로틴바	nad-a001-02-000000553654559	bsn-a001-00-000000013604308	22	02	529514	M	8	0	0	35	0
20261001	4291318	cmp-a001-02-000000010764328	grp-a001-02-000000069047580	사랑님	nad-a001-02-000000553654558	bsn-a001-00-000000013604308	22	18	529514	M	2	0	0	5	0
20261001	4291318	cmp-a001-02-000000010764328	grp-a001-02-000000069047580	당뇨인먹을수있는에너지바	nad-a001-02-000000553654558	bsn-a001-00-000000013604308	22	02	8753	M	1	0	0	4	0
20261001	4291318	cmp-a001-02-000000010764328	grp-a001-02-000000069047580	프로틴	nad-a001-02-000000553654562	bsn-a001-00-000000013604308	22	09	768323	M	3	0	0	7	0
20261001	4291318	cmp-a001-02-000000010764328	grp-a001-02-000000069047580	단백질쉐이크	nad-a001-02-000000553654562	bsn-a001-00-000000013604308	22	08	8753	M	1	0	0	4	0
20261001	4291318	cmp-a001-02-000000010764328	grp-a001-02-000000069047580	단백질쉐이크추천	nad-a001-02-000000553654562	bsn-a001-00-000000013604308	22	11	8753	M	1	0	0	5	0
20261001	4291318	cmp-a001-02-000000010764328	grp-a001-02-000000069047580	사랑님	nad-a001-02-000000553654554	bsn-a001-00-000000013604308	22	02	529514	M	3	0	0	8	0
20261001	4291318	cmp-a001-02-000000010764328	grp-a001-02-000000069047580	프로틴	nad-a001-02-000000553654562	bsn-a001-00-000000013604308	22	15	684927	P	1	0	0	5	0
20261001	4291318	cmp-a001-02-000000010764328	grp-a001-02-000000069047580	황성주생식	nad-a001-02-000000541753996	bsn-a001-00-000000013604308	22	16	8753	M	1	0	0	5	0
20261001	4291318	cmp-a001-02-000000010764328	grp-a001-02-000000069047580	쉐이크	nad-a001-02-000000553654562	bsn-a001-00-000000013604308	22	03	529514	M	7	0	0	7	0
20261001	4291318	cmp-a001-02-000000010764328	grp-a001-02-000000069047580	에너지바	nad-a001-02-000000553654558	bsn-a001-00-000000013604308	22	09	87620	M	1	0	0	3	0
20261001	4291318	cmp-a001-02-000000010764328	grp-a001-02-000000069047580	단백질쉐이크	nad-a001-02-000000553654562	bsn-a001-00-000000013604308	22	09	529514	M	25	0	0	34	0
20261001	4291318	cmp-a001-02-000000010764328	grp-a001-02-000000069047580	단백질보충제	nad-a001-02-000000553654562	bsn-a001-00-000000013604308	22	11	8753	M	1	0	0	3	0
20261001	4291318	cmp-a001-02-000000010764328	grp-a001-02-000000069047580	다이어트쉐이크	nad-a001-02-000000553654562	bsn-a001-00-000000013604308	22	11	768323	M	1	0	0	2	0
20261001	4291318	cmp-a001-02-000000010764328	grp-a001-02-000000069047580	에너지바	nad-a001-02-000000553654554	bsn-a001-00-000000013604308	22	14	8753	M	2	0	0	2	0
20261001	4291318	cmp-a001-02-000000010764328	grp-a001-02-000000069047580	사랑님	nad-a001-02-000000553654554	bsn-a001-00-000000013604308	22	04	529514	M	1	0	0	3	0
20261001	4291318	cmp-a001-02-000000010764328	grp-a001-02-000000069047580	단백질쉐이크	nad-a001-02-000000553654562	bsn-a001-00-000000013604308	22	13	8753	M	1	0	0	3	0
20261001	4291318	cmp-a001-02-000000010764328	grp-a001-02-000000069047580	에너지바	nad-a001-02-000000553654558	bsn-a001-00-000000013604308	22	18	8753	M	1	0	0	3	0
20261001	4291318	cmp-a001-02-000000010764328	grp-a001-02-000000069047580	프로틴	nad-a001-02-000000553654562	bsn-a001-00-000000013604308	22	99	8753	M	1	0	0	3	0
20261001	4291318	cmp-a001-02-000000010764328	grp-a001-02-000000069047580	사랑님	nad-a001-02-000000553654554	bsn-a001-00-000000013604308	22	18	529514	M	2	0	0	5	0
20261001	4291318	cmp-a001-02-000000010764328	grp-a001-02-000000069047580	프로틴	nad-a001-02-000000553654562	bsn-a001-00-000000013604308	22	15	529514	M	2	0	0	2	0
20261001	4291318	cmp-a001-02-000000010764328	grp-a001-02-000000069047580	단백질바	nad-a001-02-000000553654554	bsn-a001-00-000000013604308	22	02	33421	M	1	0	0	4	0
20261001	4291318	cmp-a001-02-000000010764328	grp-a001-02-000000069047580	프로틴	nad-a001-02-000000553654562	bsn-a001-00-000000013604308	22	13	684926	M	2	0	0	12	0
20261001	4291318	cmp-a001-02-000000010764328	grp-a001-02-000000069047580	단백질쉐이크	nad-a001-02-000000553654562	bsn-a001-00-000000013604308	22	09	11068	P	1	0	0	2	0
20261001	4291318	cmp-a001-02-000000010764328	grp-a001-02-000000069047580	다이어트쉐이크	nad-a001-02-000000553654562	bsn-a001-00-000000013604308	22	18	529514	M	2	0	0	2	0
20261001	4291318	cmp-a001-02-000000010764328	grp-a001-02-000000069047580	로똑1등도출근합니다에너지바	nad-a001-02-000000553654554	bsn-a001-00-000000013604308	22	02	8753	M	1	0	0	1	0
20261001	4291318	cmp-a001-02-000000010764328	grp-a001-02-000000069047580	젤리	nad-a001-02-000000541753985	bsn-a001-00-000000013604308	22	04	98128	M	4	0	0	4	0
20261001	4291318	cmp-a001-02-000000010764328	grp-a001-02-000000069047580	단백질쉐이크	nad-a001-02-000000553654562	bsn-a001-00-000000013604308	22	09	8753	M	1	0	0	3	0
20261001	4291318	cmp-a001-02-000000010764328	grp-a001-02-000000069047580	프로틴단백질	nad-a001-02-000000553654562	bsn-a001-00-000000013604308	22	18	529514	M	2	0	0	2	0
20261001	4291318	cmp-a001-02-000000010764328	grp-a001-02-000000069047580	사랑님	nad-a001-02-000000553654558	bsn-a001-00-000000013604308	22	04	529514	M	1	0	0	2	0
20261001	4291318	cmp-a001-02-000000010764328	grp-a001-02-000000069047580	황성주생식	nad-a001-02-000000541753997	bsn-a001-00-000000013604308	22	16	8753	M	1	0	0	1	0
20261001	4291318	cmp-a001-02-000000010764328	grp-a001-02-000000069047580	단백질쉐이크	nad-a001-02-000000553654562	bsn-a001-00-000000013604308	22	15	8753	M	1	0	0	5	0
20261001	4291318	cmp-a001-02-000000010764328	grp-a001-02-000000069047580	프로틴	nad-a001-02-000000553654562	bsn-a001-00-000000013604308	22	18	529514	M	4	0	0	4	0
20261001	4291318	cmp-a001-02-000000010764328	grp-a001-02-000000069047580	단백질간식	nad-a001-02-000000553654558	bsn-a001-00-000000013604308	22	02	8753	M	2	0	0	8	0
20261001	4291318	cmp-a001-02-000000010764328	grp-a001-02-000000069047580	플라이트단백질쉐이크	nad-a001-02-000000553654562	bsn-a001-00-000000013604308	22	08	8753	M	1	0	0	4	0
20261001	4291318	cmp-a001-02-000000010764328	grp-a001-02-000000069047580	도토리가루보관하는방법	nad-a001-02-000000541753996	bsn-a001-00-000000013604308	22	02	8753	M	1	0	0	4	0
20261001	4291318	cmp-a001-02-000000010764328	grp-a001-02-000000069047580	프로틴	nad-a001-02-000000553654562	bsn-a001-00-000000013604308	22	01	529514	M	1	0	0	1	0
20261001	4291318	cmp-a001-02-000000010764328	grp-a001-02-000000069047580	단백질쉐이크	nad-a001-02-000000553654562	bsn-a001-00-000000013604308	22	03	8753	M	2	0	0	12	0
20261001	4291318	cmp-a001-02-000000010764328	grp-a001-02-000000069047580	에너지바	nad-a001-02-000000553654554	bsn-a001-00-000000013604308	22	18	8753	M	1	0	0	1	0
20261001	4291318	cmp-a001-02-000000010764328	grp-a001-02-000000069047580	단백질섭취량	nad-a001-02-000000553654562	bsn-a001-00-000000013604308	22	09	8753	M	1	0	0	4	0
20261001	4291318	cmp-a001-02-000000010764328	grp-a001-02-000000069047580	쑤니맘프로틴바	nad-a001-02-000000553654558	bsn-a001-00-000000013604308	22	09	8753	M	1	0	0	2	0
20261001	4291318	cmp-a001-02-000000010764328	grp-a001-02-000000069047580	단백질바	nad-a001-02-000000553654554	bsn-a001-00-000000013604308	22	09	529514	M	2	0	0	3	0
20261001	4291318	cmp-a001-02-000000010764328	grp-a001-02-000000069047580	에너지바	nad-a001-02-000000553654559	bsn-a001-00-000000013604308	22	09	87620	M	1	0	0	4	0
20261001	4291318	cmp-a001-02-000000010764328	grp-a001-02-000000069047580	도토리가루보관하는방법	nad-a001-02-000000541753997	bsn-a001-00-000000013604308	22	02	8753	M	1	0	0	1	0
20261001	4291318	cmp-a001-02-000000010764328	grp-a001-02-000000069047580	프로틴바	nad-a001-02-000000553654558	bsn-a001-00-000000013604308	22	18	11068	P	1	0	0	7	0
20261001	4291318	cmp-a001-02-000000010764328	grp-a001-02-000000069047580	사랑이	nad-a001-02-000000553654554	bsn-a001-00-000000013604308	22	02	529514	M	4	0	0	10	0
20261001	4291318	cmp-a001-02-000000010764328	grp-a001-02-000000069047580	도토리가루보관하는방법	nad-a001-02-000000541754004	bsn-a001-00-000000013604308	22	02	8753	M	1	0	0	2	0
20261001	4291318	cmp-a001-02-000000010764328	grp-a001-02-000000069047580	프로틴바	nad-a001-02-000000553654554	bsn-a001-00-000000013604308	22	07	529514	M	2	0	0	3	0
20261001	4291318	cmp-a001-02-000000010764328	grp-a001-02-000000069047580	단백질보충제	nad-a001-02-000000553654562	bsn-a001-00-000000013604308	22	03	8753	M	1	0	0	3	0
