20260917	4291318	cmp-a001-02-000000010764328	grp-a001-02-000000072573876	추석선물세트	nad-a001-02-000000573683834	bsn-a001-00-000000013604308	17	11	791889	P	1	0	0	7	0
20260917	4291318	cmp-a001-02-000000010764328	grp-a001-02-000000069047580	젤리	nad-a001-02-000000541753985	bsn-a001-00-000000013604308	17	02	529514	M	2	0	0	2	0
20260917	4291318	cmp-a001-02-000000010764328	grp-a001-02-000000069047580	프로틴바	nad-a001-02-000000553654559	bsn-a001-00-000000013604308	17	15	98128	M	1	0	0	4	0
20260917	4291318	cmp-a001-02-000000010764328	grp-a001-02-000000069047580	단백질쉐이크브랜드	nad-a001-02-000000553654562	bsn-a001-00-000000013604308	17	99	8753	M	1	0	0	1	0
20260917	4291318	cmp-a001-02-000000010764328	grp-a001-02-000000069047580	황성주생식라이프밀	nad-a001-02-000000541753997	bsn-a001-00-000000013604308	17	08	8753	M	1	0	0	1	0
20260917	4291318	cmp-a001-02-000000010764328	grp-a001-02-000000069047580	단백질바	nad-a001-02-000000553654554	bsn-a001-00-000000013604308	17	09	529514	M	14	0	0	14	0
20260917	4291318	cmp-a001-02-000000010764328	grp-a001-02-000000072573876	추석선물세트	nad-a001-02-000000573683834	bsn-a001-00-000000013604308	17	06	11068	P	1	0	0	7	0
20260917	4291318	cmp-a001-02-000000010764328	grp-a001-02-000000069047580	프로틴	nad-a001-02-000000553654562	bsn-a001-00-000000013604308	17	01	768323	M	1	0	0	2	0
20260917	4291318	cmp-a001-02-000000010764328	grp-a001-02-000000069047580	생식30저당	nad-a001-02-000000541753988	bsn-a001-00-000000013604308	17	02	8753	M	1	0	0	5	0
20260917	4291318	cmp-a001-02-000000010764328	grp-a001-02-000000069047580	프로틴	nad-a001-02-000000553654562	bsn-a001-00-000000013604308	17	09	27758	P	1	0	0	3	0
20260917	4291318	cmp-a001-02-000000010764328	grp-a001-02-000000069047580	단백질	nad-a001-02-000000553654562	bsn-a001-00-000000013604308	17	01	98128	M	1	0	0	1	0
20260917	4291318	cmp-a001-02-000000010764328	grp-a001-02-000000069047580	단백질바	nad-a001-02-000000553654559	bsn-a001-00-000000013604308	17	08	529514	M	2	0	0	6	0
20260917	4291318	cmp-a001-02-000000010764328	grp-a001-02-000000069047580	단백질바	nad-a001-02-000000553654554	bsn-a001-00-000000013604308	17	09	27758	P	1	0	0	3	0
20260917	4291318	cmp-a001-02-000000010764328	grp-a001-02-000000069047580	분말	nad-a001-02-000000541753996	bsn-a001-00-000000013604308	17	11	8753	M	1	0	0	2	0
20260917	4291318	cmp-a001-02-000000010764328	grp-a001-02-000000072573876	추석선물세트	nad-a001-02-000000573683834	bsn-a001-00-000000013604308	17	16	11068	P	1	0	0	4	0
20260917	4291318	cmp-a001-02-000000010764328	grp-a001-02-000000069047580	분말	nad-a001-02-000000541753997	bsn-a001-00-000000013604308	17	99	98128	M	1	0	0	1	0
20260917	4291318	cmp-a001-02-000000010764328	grp-a001-02-000000069047580	황성주생식	nad-a001-02-000000541753996	bsn-a001-00-000000013604308	17	08	633013	M	1	0	0	2	0
20260917	4291318	cmp-a001-02-000000010764328	grp-a001-02-000000069047580	황성주생식	nad-a001-02-000000541753996	bsn-a001-00-000000013604308	17	02	8753	M	3	0	0	8	0
20260917	4291318	cmp-a001-02-000000010764328	grp-a001-02-000000069047580	단백질보충제	nad-a001-02-000000553654562	bsn-a001-00-000000013604308	17	18	529514	M	1	0	0	1	0
20260917	4291318	cmp-a001-02-000000010764328	grp-a001-02-000000069047580	도토리가루보관하는방법	nad-a001-02-000000541753996	bsn-a001-00-000000013604308	17	09	8753	M	1	0	0	4	0
20260917	4291318	cmp-a001-02-000000010764328	grp-a001-02-000000069047580	단백질쉐이크	nad-a001-02-000000553654562	bsn-a001-00-000000013604308	17	09	612594	M	1	0	0	2	0
20260917	4291318	cmp-a001-02-000000010764328	grp-a001-02-000000069047580	에너지바	nad-a001-02-000000553654554	bsn-a001-00-000000013604308	17	09	23123	P	4	0	0	4	0
20260917	4291318	cmp-a001-02-000000010764328	grp-a001-02-000000069047580	제리	nad-a001-02-000000541753985	bsn-a001-00-000000013604308	17	15	248824	P	2	0	0	4	0
20260917	4291318	cmp-a001-02-000000010764328	grp-a001-02-000000069047580	JELLY	nad-a001-02-000000541753985	bsn-a001-00-000000013604308	17	02	335738	P	1	0	0	5	0
20260917	4291318	cmp-a001-02-000000010764328	grp-a001-02-000000069047580	단백질바	nad-a001-02-000000553654554	bsn-a001-00-000000013604308	17	02	8753	M	3	0	0	13	0
20260917	4291318	cmp-a001-02-000000010764328	grp-a001-02-000000069047580	프로틴바	nad-a001-02-000000553654554	bsn-a001-00-000000013604308	17	10	529514	M	2	0	0	2	0
20260917	4291318	cmp-a001-02-000000010764328	grp-a001-02-000000069047580	젤리	nad-a001-02-000000541753985	bsn-a001-00-000000013604308	17	09	768323	M	9	0	0	9	0
20260917	4291318	cmp-a001-02-000000010764328	grp-a001-02-000000069047580	가루	nad-a001-02-000000541754004	bsn-a001-00-000000013604308	17	08	8753	M	2	0	0	6	0
20260917	4291318	cmp-a001-02-000000010764328	grp-a001-02-000000069047580	과자대두	nad-a001-02-000000553654554	bsn-a001-00-000000013604308	17	11	8753	M	1	0	0	5	0
20260917	4291318	cmp-a001-02-000000010764328	grp-a001-02-000000069047580	단백질바두쫀쿠	nad-a001-02-000000553654554	bsn-a001-00-000000013604308	17	09	8753	M	1	0	0	4	0
20260917	4291318	cmp-a001-02-000000010764328	grp-a001-02-000000069047580	식물성단백질	nad-a001-02-000000553654562	bsn-a001-00-000000013604308	17	07	8753	M	1	0	0	2	0
20260917	4291318	cmp-a001-02-000000010764328	grp-a001-02-000000069047580	단백질간식	nad-a001-02-000000553654559	bsn-a001-00-000000013604308	17	00	609155	M	1	0	0	3	0
20260917	4291318	cmp-a001-02-000000010764328	grp-a001-02-000000069047580	프로틴쉐이크	nad-a001-02-000000553654562	bsn-a001-00-000000013604308	17	99	529514	M	5	0	0	5	0
20260917	4291318	cmp-a001-02-000000010764328	grp-a001-02-000000069047580	도토리가루보관하는방법	nad-a001-02-000000541754004	bsn-a001-00-000000013604308	17	11	8753	M	1	0	0	2	0
20260917	4291318	cmp-a001-02-000000010764328	grp-a001-02-000000069047580	황성주생식	nad-a001-02-000000541753997	bsn-a001-00-000000013604308	17	02	33421	M	1	0	0	1	0
20260917	4291318	cmp-a001-02-000000010764328	grp-a001-02-000000069047580	프로틴바	nad-a001-02-000000553654554	bsn-a001-00-000000013604308	17	09	27758	P	2	0	0	3	0
20260917	4291318	cmp-a001-02-000000010764328	grp-a001-02-000000072573876	추석선물세트추천	nad-a001-02-000000573683834	bsn-a001-00-000000013604308	17	04	8753	M	1	0	0	24	0
20260917	4291318	cmp-a001-02-000000010764328	grp-a001-02-000000069047580	칼로리바	nad-a001-02-000000553654554	bsn-a001-00-000000013604308	17	02	8753	M	1	0	0	1	0
20260917	4291318	cmp-a001-02-000000010764328	grp-a001-02-000000069047580	단백질바	nad-a001-02-000000553654559	bsn-a001-00-000000013604308	17	02	529514	M	10	0	0	42	0
20260917	4291318	cmp-a001-02-000000010764328	grp-a001-02-000000069047580	황성주생식라이프밀	nad-a001-02-000000541754005	bsn-a001-00-000000013604308	17	02	8753	M	1	0	0	4	0
20260917	4291318	cmp-a001-02-000000010764328	grp-a001-02-000000069047580	도토리가루보관하는방법	nad-a001-02-000000541753996	bsn-a001-00-000000013604308	17	11	8753	M	1	0	0	3	0
20260917	4291318	cmp-a001-02-000000010764328	grp-a001-02-000000069047580	다이어트쉐이크	nad-a001-02-000000553654562	bsn-a001-00-000000013604308	17	02	768323	M	1	0	0	9	0
20260917	4291318	cmp-a001-02-000000010764328	grp-a001-02-000000069047580	황성주생식라이프밀	nad-a001-02-000000541754004	bsn-a001-00-000000013604308	17	02	8753	M	1	0	0	2	0
20260917	4291318	cmp-a001-02-000000010764328	grp-a001-02-000000069047580	프로틴	nad-a001-02-000000553654562	bsn-a001-00-000000013604308	17	18	529514	M	1	0	0	1	0
20260917	4291318	cmp-a001-02-000000010764328	grp-a001-02-000000069047580	프로틴	nad-a001-02-000000553654562	bsn-a001-00-000000013604308	17	09	137281	M	3	0	0	3	0
20260917	4291318	cmp-a001-02-000000010764328	grp-a001-02-000000072573876	추석선물세트추천	nad-a001-02-000000573683834	bsn-a001-00-000000013604308	17	10	27758	P	1	0	0	1	0
20260917	4291318	cmp-a001-02-000000010764328	grp-a001-02-000000072573876	추석선물세트	nad-a001-02-000000573683834	bsn-a001-00-000000013604308	17	16	529514	M	14	0	0	49	0
20260917	4291318	cmp-a001-02-000000010764328	grp-a001-02-000000069047580	단백질보충제	nad-a001-02-000000553654562	bsn-a001-00-000000013604308	17	18	8753	M	1	0	0	6	0
20260917	4291318	cmp-a001-02-000000010764328	grp-a001-02-000000072573876	추석선물세트	nad-a001-02-000000573683834	bsn-a001-00-000000013604308	17	07	8753	M	1	0	0	2	0
20260917	4291318	cmp-a001-02-000000010764328	grp-a001-02-000000069047580	단백질바	nad-a001-02-000000553654554	bsn-a001-00-000000013604308	17	01	529514	M	2	0	0	2	0
20260917	4291318	cmp-a001-02-000000010764328	grp-a001-02-000000072573876	추석선물세트추천	nad-a001-02-000000573683834	bsn-a001-00-000000013604308	17	07	27758	P	1	0	0	3	0
20260917	4291318	cmp-a001-02-000000010764328	grp-a001-02-000000069047580	가루	nad-a001-02-000000541753996	bsn-a001-00-000000013604308	17	01	8753	M	1	0	0	3	0
20260917	4291318	cmp-a001-02-000000010764328	grp-a001-02-000000069047580	분말	nad-a001-02-000000541754004	bsn-a001-00-000000013604308	17	09	27758	P	1	0	0	3	0
20260917	4291318	cmp-a001-02-000000010764328	grp-a001-02-000000069047580	ISP단백질여드름	nad-a001-02-000000553654562	bsn-a001-00-000000013604308	17	03	8753	M	1	0	0	2	0
20260917	4291318	cmp-a001-02-000000010764328	grp-a001-02-000000069047580	황성주생식	nad-a001-02-000000541754004	bsn-a001-00-000000013604308	17	04	633013	M	2	0	0	6	0
20260917	4291318	cmp-a001-02-000000010764328	grp-a001-02-000000069047580	에너지바	nad-a001-02-000000553654554	bsn-a001-00-000000013604308	17	18	529514	M	4	0	0	4	0
20260917	4291318	cmp-a001-02-000000010764328	grp-a001-02-000000072573876	추석선물세트	nad-a001-02-000000573683834	bsn-a001-00-000000013604308	17	06	33421	M	1	0	0	1	0
20260917	4291318	cmp-a001-02-000000010764328	grp-a001-02-000000069047580	에너지바	nad-a001-02-000000553654554	bsn-a001-00-000000013604308	17	09	529514	M	1	0	0	1	0
20260917	4291318	cmp-a001-02-000000010764328	grp-a001-02-000000069047580	프로틴간식	nad-a001-02-000000553654558	bsn-a001-00-000000013604308	17	02	11068	P	1	0	0	5	0
20260917	4291318	cmp-a001-02-000000010764328	grp-a001-02-000000069047580	단백질파우더	nad-a001-02-000000553654562	bsn-a001-00-000000013604308	17	02	11068	P	1	0	0	6	0
20260917	4291318	cmp-a001-02-000000010764328	grp-a001-02-000000069047580	단백질프로틴	nad-a001-02-000000553654562	bsn-a001-00-000000013604308	17	99	529514	M	3	0	0	6	0
20260917	4291318	cmp-a001-02-000000010764328	grp-a001-02-000000072573876	추석선물세트추천	nad-a001-02-000000573683834	bsn-a001-00-000000013604308	17	08	8753	M	1	0	0	1	0
20260917	4291318	cmp-a001-02-000000010764328	grp-a001-02-000000069047580	황성주생식	nad-a001-02-000000541753996	bsn-a001-00-000000013604308	17	09	633013	M	11	0	0	22	0
20260917	4291318	cmp-a001-02-000000010764328	grp-a001-02-000000069047580	프로틴먹는양	nad-a001-02-000000553654562	bsn-a001-00-000000013604308	17	16	8753	M	1	0	0	5	0
20260917	4291318	cmp-a001-02-000000010764328	grp-a001-02-000000069047580	프로틴바	nad-a001-02-000000553654558	bsn-a001-00-000000013604308	17	10	768323	M	1	0	0	2	0
20260917	4291318	cmp-a001-02-000000010764328	grp-a001-02-000000069047580	프로틴간식	nad-a001-02-000000553654554	bsn-a001-00-000000013604308	17	02	27758	P	1	0	0	2	0
20260917	4291318	cmp-a001-02-000000010764328	grp-a001-02-000000069047580	황성주생식	nad-a001-02-000000541753997	bsn-a001-00-000000013604308	17	15	8753	M	1	0	0	1	0
20260917	4291318	cmp-a001-02-000000010764328	grp-a001-02-000000069047580	단백질바	nad-a001-02-000000553654558	bsn-a001-00-000000013604308	17	16	529514	M	1	0	0	2	0
20260917	4291318	cmp-a001-02-000000010764328	grp-a001-02-000000069047580	프로틴	nad-a001-02-000000553654562	bsn-a001-00-000000013604308	17	07	529514	M	9	0	0	9	0
20260917	4291318	cmp-a001-02-000000010764328	grp-a001-02-000000072573876	추석선물세트추천	nad-a001-02-000000573683834	bsn-a001-00-000000013604308	17	09	33421	M	4	0	0	11	0
20260917	4291318	cmp-a001-02-000000010764328	grp-a001-02-000000069047580	두쫀쿠맛프로틴바	nad-a001-02-000000553654554	bsn-a001-00-000000013604308	17	02	27758	P	1	0	0	1	0
20260917	4291318	cmp-a001-02-000000010764328	grp-a001-02-000000072573876	스토어	nad-a001-02-000000573683834	bsn-a001-00-000000013604308	17	03	98128	M	4	0	0	8	0
20260917	4291318	cmp-a001-02-000000010764328	grp-a001-02-000000069047580	황성주생식	nad-a001-02-000000541754004	bsn-a001-00-000000013604308	17	02	33421	M	1	0	0	3	0
20260917	4291318	cmp-a001-02-000000010764328	grp-a001-02-000000069047580	프로틴	nad-a001-02-000000553654562	bsn-a001-00-000000013604308	17	99	684926	M	2	0	0	12	0
20260917	4291318	cmp-a001-02-000000010764328	grp-a001-02-000000069047580	황성주생식	nad-a001-02-000000541754005	bsn-a001-00-000000013604308	17	01	633013	M	1	0	0	4	0
20260917	4291318	cmp-a001-02-000000010764328	grp-a001-02-000000069047580	단백질간식	nad-a001-02-000000553654558	bsn-a001-00-000000013604308	17	13	27758	P	1	0	0	3	0
20260917	4291318	cmp-a001-02-000000010764328	grp-a001-02-000000069047580	엄마사랑에너지바	nad-a001-02-000000553654554	bsn-a001-00-000000013604308	17	06	11068	P	1	0	0	2	0
20260917	4291318	cmp-a001-02-000000010764328	grp-a001-02-000000069047580	단백질	nad-a001-02-000000553654562	bsn-a001-00-000000013604308	17	17	8753	M	1	0	0	6	0
20260917	4291318	cmp-a001-02-000000010764328	grp-a001-02-000000069047580	단백질파우더	nad-a001-02-000000553654562	bsn-a001-00-000000013604308	17	03	8753	M	1	0	0	5	0
20260917	4291318	cmp-a001-02-000000010764328	grp-a001-02-000000069047580	에너지바	nad-a001-02-000000553654558	bsn-a001-00-000000013604308	17	99	87620	M	1	0	0	2	0
20260917	4291318	cmp-a001-02-000000010764328	grp-a001-02-000000069047580	단백질종류	nad-a001-02-000000553654562	bsn-a001-00-000000013604308	17	15	8753	M	1	0	0	10	0
20260917	4291318	cmp-a001-02-000000010764328	grp-a001-02-000000069047580	에너지바	nad-a001-02-000000553654558	bsn-a001-00-000000013604308	17	08	8753	M	1	0	0	3	0
20260917	4291318	cmp-a001-02-000000010764328	grp-a001-02-000000069047580	황성주생식	nad-a001-02-000000541753988	bsn-a001-00-000000013604308	17	09	633013	M	11	0	0	55	0
20260917	4291318	cmp-a001-02-000000010764328	grp-a001-02-000000069047580	제리	nad-a001-02-000000541753985	bsn-a001-00-000000013604308	17	09	98128	M	2	0	0	2	0
20260917	4291318	cmp-a001-02-000000010764328	grp-a001-02-000000069047580	황성주생식	nad-a001-02-000000541753996	bsn-a001-00-000000013604308	17	15	8753	M	1	0	0	4	0
20260917	4291318	cmp-a001-02-000000010764328	grp-a001-02-000000069047580	단백질	nad-a001-02-000000553654562	bsn-a001-00-000000013604308	17	99	137281	M	4	0	0	4	0
20260917	4291318	cmp-a001-02-000000010764328	grp-a001-02-000000072573876	추석선물세트	nad-a001-02-000000573683834	bsn-a001-00-000000013604308	17	99	11068	P	1	0	0	7	0
20260917	4291318	cmp-a001-02-000000010764328	grp-a001-02-000000072573876	추석선물세트	nad-a001-02-000000573683834	bsn-a001-00-000000013604308	17	07	33421	M	1	0	0	2	0
20260917	4291318	cmp-a001-02-000000010764328	grp-a001-02-000000069047580	에너지바	nad-a001-02-000000553654558	bsn-a001-00-000000013604308	17	02	27758	P	2	0	0	6	0
20260917	4291318	cmp-a001-02-000000010764328	grp-a001-02-000000069047580	트레이더스단백질간식	nad-a001-02-000000553654554	bsn-a001-00-000000013604308	17	11	8753	M	1	0	0	1	0
20260917	4291318	cmp-a001-02-000000010764328	grp-a001-02-000000069047580	도토리가루보관하는방법	nad-a001-02-000000541754005	bsn-a001-00-000000013604308	17	09	8753	M	1	0	0	3	0
20260917	4291318	cmp-a001-02-000000010764328	grp-a001-02-000000069047580	단백질바	nad-a001-02-000000553654558	bsn-a001-00-000000013604308	17	10	529514	M	2	0	0	4	0
20260917	4291318	cmp-a001-02-000000010764328	grp-a001-02-000000072573876	추석선물세트	nad-a001-02-000000573683834	bsn-a001-00-000000013604308	17	09	529514	M	273	0	0	956	0
20260917	4291318	cmp-a001-02-000000010764328	grp-a001-02-000000069047580	사탕젤리	nad-a001-02-000000541753985	bsn-a001-00-000000013604308	17	02	87620	M	1	0	0	4	0
20260917	4291318	cmp-a001-02-000000010764328	grp-a001-02-000000072573876	추석선물세트추천	nad-a001-02-000000573683834	bsn-a001-00-000000013604308	17	18	33421	M	1	0	0	1	0
20260917	4291318	cmp-a001-02-000000010764328	grp-a001-02-000000069047580	프로틴바	nad-a001-02-000000553654559	bsn-a001-00-000000013604308	17	06	529514	M	2	0	0	6	0
20260917	4291318	cmp-a001-02-000000010764328	grp-a001-02-000000069047580	단백질	nad-a001-02-000000553654562	bsn-a001-00-000000013604308	17	08	27758	P	1	0	0	4	0
20260917	4291318	cmp-a001-02-000000010764328	grp-a001-02-000000072573876	추석선물세트추천	nad-a001-02-000000573683834	bsn-a001-00-000000013604308	17	15	8753	M	1	0	0	2	0
20260917	4291318	cmp-a001-02-000000010764328	grp-a001-02-000000069047580	황성주생식	nad-a001-02-000000541753988	bsn-a001-00-000000013604308	17	13	633013	M	1	0	0	5	0
20260917	4291318	cmp-a001-02-000000010764328	grp-a001-02-000000069047580	단백질바	nad-a001-02-000000553654559	bsn-a001-00-000000013604308	17	13	529514	M	2	0	0	6	0
20260917	4291318	cmp-a001-02-000000010764328	grp-a001-02-000000069047580	단백질쉐이크	nad-a001-02-000000553654562	bsn-a001-00-000000013604308	17	18	8753	M	1	0	0	18	0
20260917	4291318	cmp-a001-02-000000010764328	grp-a001-02-000000069047580	식물성단백질	nad-a001-02-000000553654562	bsn-a001-00-000000013604308	17	09	529514	M	2	0	0	2	0
20260917	4291318	cmp-a001-02-000000010764328	grp-a001-02-000000069047580	가루	nad-a001-02-000000541753988	bsn-a001-00-000000013604308	17	02	609155	M	2	0	0	12	0
20260917	4291318	cmp-a001-02-000000010764328	grp-a001-02-000000069047580	엄마사랑	nad-a001-02-000000553654558	bsn-a001-00-000000013604308	17	06	11068	P	1	0	0	5	0
20260917	4291318	cmp-a001-02-000000010764328	grp-a001-02-000000069047580	황성주생식	nad-a001-02-000000541754005	bsn-a001-00-000000013604308	17	16	8753	M	1	0	0	4	0
20260917	4291318	cmp-a001-02-000000010764328	grp-a001-02-000000069047580	단백질바	nad-a001-02-000000553654558	bsn-a001-00-000000013604308	17	13	529514	M	2	0	0	4	0
20260917	4291318	cmp-a001-02-000000010764328	grp-a001-02-000000069047580	단백질쉐이크	nad-a001-02-000000553654562	bsn-a001-00-000000013604308	17	04	8753	M	1	0	0	21	0
20260917	4291318	cmp-a001-02-000000010764328	grp-a001-02-000000069047580	단백질바	nad-a001-02-000000553654554	bsn-a001-00-000000013604308	17	07	8753	M	1	0	0	1	0
20260917	4291318	cmp-a001-02-000000010764328	grp-a001-02-000000069047580	황성주생식	nad-a001-02-000000541753988	bsn-a001-00-000000013604308	17	14	633013	M	1	0	0	5	0
20260917	4291318	cmp-a001-02-000000010764328	grp-a001-02-000000069047580	프로틴바	nad-a001-02-000000553654558	bsn-a001-00-000000013604308	17	09	529514	M	11	0	0	22	0
20260917	4291318	cmp-a001-02-000000010764328	grp-a001-02-000000069047580	프로틴바	nad-a001-02-000000553654554	bsn-a001-00-000000013604308	17	13	8753	M	1	0	0	5	0
20260917	4291318	cmp-a001-02-000000010764328	grp-a001-02-000000069047580	단백질보충제	nad-a001-02-000000553654562	bsn-a001-00-000000013604308	17	09	805760	M	1	0	0	3	0
20260917	4291318	cmp-a001-02-000000010764328	grp-a001-02-000000069047580	황성주생식	nad-a001-02-000000541753988	bsn-a001-00-000000013604308	17	99	633013	M	2	0	0	10	0
20260917	4291318	cmp-a001-02-000000010764328	grp-a001-02-000000069047580	황성주생식	nad-a001-02-000000541753988	bsn-a001-00-000000013604308	17	08	633013	M	1	0	0	5	0
20260917	4291318	cmp-a001-02-000000010764328	grp-a001-02-000000069047580	다이어트쉐이크	nad-a001-02-000000553654562	bsn-a001-00-000000013604308	17	09	768323	M	3	0	0	29	0
20260917	4291318	cmp-a001-02-000000010764328	grp-a001-02-000000069047580	에너지바	nad-a001-02-000000553654559	bsn-a001-00-000000013604308	17	99	529514	M	4	0	0	12	0
20260917	4291318	cmp-a001-02-000000010764328	grp-a001-02-000000069047580	김강민단백질쉐이크	nad-a001-02-000000553654562	bsn-a001-00-000000013604308	17	09	33421	M	1	0	0	6	0
20260917	4291318	cmp-a001-02-000000010764328	grp-a001-02-000000069047580	분말	nad-a001-02-000000541753997	bsn-a001-00-000000013604308	17	11	8753	M	1	0	0	1	0
20260917	4291318	cmp-a001-02-000000010764328	grp-a001-02-000000072573876	추석선물세트	nad-a001-02-000000573683834	bsn-a001-00-000000013604308	17	00	529514	M	3	0	0	8	0
20260917	4291318	cmp-a001-02-000000010764328	grp-a001-02-000000072573876	스토어	nad-a001-02-000000573683834	bsn-a001-00-000000013604308	17	06	98128	M	2	0	0	4	0
20260917	4291318	cmp-a001-02-000000010764328	grp-a001-02-000000069047580	프로틴	nad-a001-02-000000553654562	bsn-a001-00-000000013604308	17	09	684925	P	1	0	0	1	0
20260917	4291318	cmp-a001-02-000000010764328	grp-a001-02-000000069047580	황성주생식	nad-a001-02-000000541753988	bsn-a001-00-000000013604308	17	02	33421	M	1	0	0	5	0
20260917	4291318	cmp-a001-02-000000010764328	grp-a001-02-000000069047580	단백질바	nad-a001-02-000000553654554	bsn-a001-00-000000013604308	17	16	529514	M	1	0	0	1	0
20260917	4291318	cmp-a001-02-000000010764328	grp-a001-02-000000069047580	프로틴	nad-a001-02-000000553654562	bsn-a001-00-000000013604308	17	99	137281	M	1	0	0	1	0
20260917	4291318	cmp-a001-02-000000010764328	grp-a001-02-000000072573876	추석선물세트	nad-a001-02-000000573683834	bsn-a001-00-000000013604308	17	03	27758	P	1	0	0	2	0
20260917	4291318	cmp-a001-02-000000010764328	grp-a001-02-000000072573876	추석선물세트	nad-a001-02-000000573683834	bsn-a001-00-000000013604308	17	02	27758	P	8	1	5855	17	0
20260917	4291318	cmp-a001-02-000000010764328	grp-a001-02-000000069047580	단백질바	nad-a001-02-000000553654554	bsn-a001-00-000000013604308	17	15	33421	M	1	0	0	13	0
20260917	4291318	cmp-a001-02-000000010764328	grp-a001-02-000000069047580	단백질쉐이크다이어트	nad-a001-02-000000553654562	bsn-a001-00-000000013604308	17	99	8753	M	1	0	0	2	0
20260917	4291318	cmp-a001-02-000000010764328	grp-a001-02-000000069047580	황성주생식	nad-a001-02-000000541753988	bsn-a001-00-000000013604308	17	02	8753	M	3	0	0	15	0
20260917	4291318	cmp-a001-02-000000010764328	grp-a001-02-000000069047580	도토리가루보관하는방법	nad-a001-02-000000541753997	bsn-a001-00-000000013604308	17	09	8753	M	1	0	0	1	0
20260917	4291318	cmp-a001-02-000000010764328	grp-a001-02-000000069047580	가루	nad-a001-02-000000541753997	bsn-a001-00-000000013604308	17	01	8753	M	1	0	0	1	0
20260917	4291318	cmp-a001-02-000000010764328	grp-a001-02-000000069047580	단백질바	nad-a001-02-000000553654554	bsn-a001-00-000000013604308	17	13	8753	M	1	0	0	5	0
20260917	4291318	cmp-a001-02-000000010764328	grp-a001-02-000000069047580	제로스토어젤리	nad-a001-02-000000541753985	bsn-a001-00-000000013604308	17	06	8753	M	2	0	0	10	0
20260917	4291318	cmp-a001-02-000000010764328	grp-a001-02-000000069047580	단백질쉐이크	nad-a001-02-000000553654562	bsn-a001-00-000000013604308	17	06	768323	M	1	0	0	1	0
20260917	4291318	cmp-a001-02-000000010764328	grp-a001-02-000000069047580	프로틴바	nad-a001-02-000000553654558	bsn-a001-00-000000013604308	17	09	98128	M	1	0	0	2	0
20260917	4291318	cmp-a001-02-000000010764328	grp-a001-02-000000069047580	단백질	nad-a001-02-000000553654562	bsn-a001-00-000000013604308	17	02	98128	M	1	0	0	1	0
20260917	4291318	cmp-a001-02-000000010764328	grp-a001-02-000000069047580	식물성단백질섭취	nad-a001-02-000000553654562	bsn-a001-00-000000013604308	17	08	8753	M	1	0	0	1	0
20260917	4291318	cmp-a001-02-000000010764328	grp-a001-02-000000069047580	단백질쉐이크	nad-a001-02-000000553654562	bsn-a001-00-000000013604308	17	09	529514	M	53	0	0	53	0
20260917	4291318	cmp-a001-02-000000010764328	grp-a001-02-000000069047580	쉐이크	nad-a001-02-000000553654562	bsn-a001-00-000000013604308	17	17	8753	M	1	0	0	6	0
20260917	4291318	cmp-a001-02-000000010764328	grp-a001-02-000000069047580	황성주생식	nad-a001-02-000000541754005	bsn-a001-00-000000013604308	17	04	633013	M	2	0	0	8	0
20260917	4291318	cmp-a001-02-000000010764328	grp-a001-02-000000069047580	식이섬유쉐이크	nad-a001-02-000000553654562	bsn-a001-00-000000013604308	17	99	8753	M	1	0	0	3	0
20260917	4291318	cmp-a001-02-000000010764328	grp-a001-02-000000072573876	추석선물세트추천	nad-a001-02-000000573683834	bsn-a001-00-000000013604308	17	04	33421	M	1	0	0	1	0
20260917	4291318	cmp-a001-02-000000010764328	grp-a001-02-000000069047580	프로틴	nad-a001-02-000000553654562	bsn-a001-00-000000013604308	17	18	768323	M	4	0	0	7	0
20260917	4291318	cmp-a001-02-000000010764328	grp-a001-02-000000069047580	단백질쉐이크	nad-a001-02-000000553654562	bsn-a001-00-000000013604308	17	02	11068	P	2	0	0	12	0
20260917	4291318	cmp-a001-02-000000010764328	grp-a001-02-000000069047580	황성주생식	nad-a001-02-000000541753988	bsn-a001-00-000000013604308	17	16	8753	M	1	0	0	5	0
20260917	4291318	cmp-a001-02-000000010764328	grp-a001-02-000000069047580	프로틴	nad-a001-02-000000553654562	bsn-a001-00-000000013604308	17	16	768323	M	5	0	0	8	0
20260917	4291318	cmp-a001-02-000000010764328	grp-a001-02-000000072573876	스토어	nad-a001-02-000000573683834	bsn-a001-00-000000013604308	17	18	98128	M	2	0	0	4	0
20260917	4291318	cmp-a001-02-000000010764328	grp-a001-02-000000069047580	에너지바	nad-a001-02-000000553654559	bsn-a001-00-000000013604308	17	11	684926	M	2	0	0	10	0
20260917	4291318	cmp-a001-02-000000010764328	grp-a001-02-000000069047580	프로틴간식	nad-a001-02-000000553654559	bsn-a001-00-000000013604308	17	02	11068	P	1	0	0	12	0
20260917	4291318	cmp-a001-02-000000010764328	grp-a001-02-000000072573876	추석선물세트	nad-a001-02-000000573683834	bsn-a001-00-000000013604308	17	15	8753	M	3	0	0	18	0
20260917	4291318	cmp-a001-02-000000010764328	grp-a001-02-000000069047580	프로틴쉐이크	nad-a001-02-000000553654562	bsn-a001-00-000000013604308	17	09	529514	M	8	0	0	8	0
20260917	4291318	cmp-a001-02-000000010764328	grp-a001-02-000000069047580	단백질바추천	nad-a001-02-000000553654554	bsn-a001-00-000000013604308	17	09	27758	P	1	0	0	3	0
20260917	4291318	cmp-a001-02-000000010764328	grp-a001-02-000000069047580	프로틴쉐이크	nad-a001-02-000000553654562	bsn-a001-00-000000013604308	17	10	684927	P	1	0	0	9	0
20260917	4291318	cmp-a001-02-000000010764328	grp-a001-02-000000072573876	추석선물세트	nad-a001-02-000000573683834	bsn-a001-00-000000013604308	17	03	529514	M	38	0	0	136	0
20260917	4291318	cmp-a001-02-000000010764328	grp-a001-02-000000069047580	프로틴바	nad-a001-02-000000553654558	bsn-a001-00-000000013604308	17	99	529514	M	2	0	0	4	0
20260917	4291318	cmp-a001-02-000000010764328	grp-a001-02-000000069047580	프로틴바	nad-a001-02-000000553654559	bsn-a001-00-000000013604308	17	11	768323	M	1	0	0	4	0
20260917	4291318	cmp-a001-02-000000010764328	grp-a001-02-000000069047580	단백질바	nad-a001-02-000000553654558	bsn-a001-00-000000013604308	17	01	8753	M	1	0	0	6	0
20260917	4291318	cmp-a001-02-000000010764328	grp-a001-02-000000072573876	추석선물세트추천	nad-a001-02-000000573683834	bsn-a001-00-000000013604308	17	11	8753	M	2	0	0	2	0
20260917	4291318	cmp-a001-02-000000010764328	grp-a001-02-000000069047580	가루	nad-a001-02-000000541754005	bsn-a001-00-000000013604308	17	02	609155	M	2	0	0	8	0
20260917	4291318	cmp-a001-02-000000010764328	grp-a001-02-000000069047580	황성주생식	nad-a001-02-000000541753996	bsn-a001-00-000000013604308	17	02	27758	P	2	0	0	6	0
20260917	4291318	cmp-a001-02-000000010764328	grp-a001-02-000000069047580	단백질바	nad-a001-02-000000553654558	bsn-a001-00-000000013604308	17	16	8753	M	1	0	0	4	0
20260917	4291318	cmp-a001-02-000000010764328	grp-a001-02-000000069047580	오트깡스낵2개300G	nad-a001-02-000000553654559	bsn-a001-00-000000013604308	17	00	27758	P	1	0	0	1	0
20260917	4291318	cmp-a001-02-000000010764328	grp-a001-02-000000069047580	프로틴바	nad-a001-02-000000553654558	bsn-a001-00-000000013604308	17	01	98128	M	1	0	0	2	0
20260917	4291318	cmp-a001-02-000000010764328	grp-a001-02-000000069047580	프로틴바	nad-a001-02-000000553654559	bsn-a001-00-000000013604308	17	09	529514	M	11	0	0	55	0
20260917	4291318	cmp-a001-02-000000010764328	grp-a001-02-000000069047580	제리	nad-a001-02-000000541753985	bsn-a001-00-000000013604308	17	02	98128	M	5	0	0	5	0
20260917	4291318	cmp-a001-02-000000010764328	grp-a001-02-000000069047580	황성주생식	nad-a001-02-000000541753997	bsn-a001-00-000000013604308	17	09	633013	M	11	0	0	11	0
20260917	4291318	cmp-a001-02-000000010764328	grp-a001-02-000000069047580	단백질보충제	nad-a001-02-000000553654562	bsn-a001-00-000000013604308	17	08	684926	M	1	0	0	2	0
20260917	4291318	cmp-a001-02-000000010764328	grp-a001-02-000000069047580	단백질쉐이크	nad-a001-02-000000553654562	bsn-a001-00-000000013604308	17	15	529514	M	38	0	0	38	0
20260917	4291318	cmp-a001-02-000000010764328	grp-a001-02-000000069047580	젤리	nad-a001-02-000000541753985	bsn-a001-00-000000013604308	17	09	98128	M	1	0	0	1	0
20260917	4291318	cmp-a001-02-000000010764328	grp-a001-02-000000072573876	추석선물세트	nad-a001-02-000000573683834	bsn-a001-00-000000013604308	17	09	33421	M	11	0	0	13	0
20260917	4291318	cmp-a001-02-000000010764328	grp-a001-02-000000072573876	추석선물세트	nad-a001-02-000000573683834	bsn-a001-00-000000013604308	17	08	529514	M	22	0	0	73	0
20260917	4291318	cmp-a001-02-000000010764328	grp-a001-02-000000069047580	단백질쉐이크	nad-a001-02-000000553654562	bsn-a001-00-000000013604308	17	10	529514	M	1	0	0	1	0
20260917	4291318	cmp-a001-02-000000010764328	grp-a001-02-000000069047580	단백질종류브랜드	nad-a001-02-000000553654562	bsn-a001-00-000000013604308	17	09	684924	M	1	0	0	1	0
20260917	4291318	cmp-a001-02-000000010764328	grp-a001-02-000000069047580	분말	nad-a001-02-000000541754004	bsn-a001-00-000000013604308	17	99	98128	M	1	0	0	4	0
20260917	4291318	cmp-a001-02-000000010764328	grp-a001-02-000000069047580	황성주생식	nad-a001-02-000000541753997	bsn-a001-00-000000013604308	17	14	633013	M	1	0	0	1	0
20260917	4291318	cmp-a001-02-000000010764328	grp-a001-02-000000069047580	배라맛단백질쉐이크	nad-a001-02-000000553654562	bsn-a001-00-000000013604308	17	10	8753	M	1	0	0	4	0
20260917	4291318	cmp-a001-02-000000010764328	grp-a001-02-000000069047580	칼로리바	nad-a001-02-000000553654558	bsn-a001-00-000000013604308	17	02	8753	M	1	0	0	2	0
20260917	4291318	cmp-a001-02-000000010764328	grp-a001-02-000000069047580	단백질간식	nad-a001-02-000000553654558	bsn-a001-00-000000013604308	17	02	684926	M	1	0	0	2	0
20260917	4291318	cmp-a001-02-000000010764328	grp-a001-02-000000069047580	제리	nad-a001-02-000000541753985	bsn-a001-00-000000013604308	17	09	335738	P	1	0	0	4	0
20260917	4291318	cmp-a001-02-000000010764328	grp-a001-02-000000069047580	에너지바	nad-a001-02-000000553654559	bsn-a001-00-000000013604308	17	02	529514	M	5	0	0	20	0
20260917	4291318	cmp-a001-02-000000010764328	grp-a001-02-000000069047580	단백질바추천	nad-a001-02-000000553654558	bsn-a001-00-000000013604308	17	02	612594	M	1	0	0	3	0
20260917	4291318	cmp-a001-02-000000010764328	grp-a001-02-000000072573876	명절선물한정선	nad-a001-02-000000573683834	bsn-a001-00-000000013604308	17	06	8753	M	1	0	0	5	0
20260917	4291318	cmp-a001-02-000000010764328	grp-a001-02-000000072573876	스토어	nad-a001-02-000000573683834	bsn-a001-00-000000013604308	17	09	98128	M	12	0	0	24	0
20260917	4291318	cmp-a001-02-000000010764328	grp-a001-02-000000069047580	단백질간식	nad-a001-02-000000553654554	bsn-a001-00-000000013604308	17	09	27758	P	1	0	0	2	0
20260917	4291318	cmp-a001-02-000000010764328	grp-a001-02-000000069047580	가루	nad-a001-02-000000541754004	bsn-a001-00-000000013604308	17	02	609155	M	2	0	0	4	0
20260917	4291318	cmp-a001-02-000000010764328	grp-a001-02-000000069047580	동결건조생식	nad-a001-02-000000541754004	bsn-a001-00-000000013604308	17	03	8753	M	1	0	0	2	0
20260917	4291318	cmp-a001-02-000000010764328	grp-a001-02-000000069047580	프로틴	nad-a001-02-000000553654562	bsn-a001-00-000000013604308	17	10	529514	M	3	0	0	3	0
20260917	4291318	cmp-a001-02-000000010764328	grp-a001-02-000000069047580	단백질바	nad-a001-02-000000553654558	bsn-a001-00-000000013604308	17	09	529514	M	14	0	0	28	0
20260917	4291318	cmp-a001-02-000000010764328	grp-a001-02-000000069047580	프로틴	nad-a001-02-000000553654562	bsn-a001-00-000000013604308	17	01	529514	M	2	0	0	2	0
20260917	4291318	cmp-a001-02-000000010764328	grp-a001-02-000000069047580	가루	nad-a001-02-000000541754005	bsn-a001-00-000000013604308	17	01	8753	M	1	0	0	4	0
20260917	4291318	cmp-a001-02-000000010764328	grp-a001-02-000000069047580	프로틴바	nad-a001-02-000000553654554	bsn-a001-00-000000013604308	17	06	529514	M	2	0	0	2	0
20260917	4291318	cmp-a001-02-000000010764328	grp-a001-02-000000069047580	황성주생식	nad-a001-02-000000541753996	bsn-a001-00-000000013604308	17	14	633013	M	1	0	0	2	0
20260917	4291318	cmp-a001-02-000000010764328	grp-a001-02-000000069047580	단백질쉐이크	nad-a001-02-000000553654562	bsn-a001-00-000000013604308	17	08	529514	M	17	0	0	17	0
20260917	4291318	cmp-a001-02-000000010764328	grp-a001-02-000000069047580	단백질파우더	nad-a001-02-000000553654562	bsn-a001-00-000000013604308	17	06	529514	M	3	0	0	3	0
20260917	4291318	cmp-a001-02-000000010764328	grp-a001-02-000000069047580	사탕젤리	nad-a001-02-000000541753985	bsn-a001-00-000000013604308	17	11	23123	P	1	0	0	2	0
20260917	4291318	cmp-a001-02-000000010764328	grp-a001-02-000000069047580	프로틴	nad-a001-02-000000553654562	bsn-a001-00-000000013604308	17	17	291244	M	1	0	0	1	0
20260917	4291318	cmp-a001-02-000000010764328	grp-a001-02-000000069047580	식사대용	nad-a001-02-000000553654562	bsn-a001-00-000000013604308	17	09	529514	M	1	0	0	1	0
20260917	4291318	cmp-a001-02-000000010764328	grp-a001-02-000000069047580	분말	nad-a001-02-000000541754005	bsn-a001-00-000000013604308	17	99	98128	M	1	0	0	3	0
20260917	4291318	cmp-a001-02-000000010764328	grp-a001-02-000000069047580	가루	nad-a001-02-000000541754005	bsn-a001-00-000000013604308	17	08	8753	M	2	0	0	8	0
20260917	4291318	cmp-a001-02-000000010764328	grp-a001-02-000000069047580	젤리선물	nad-a001-02-000000541753985	bsn-a001-00-000000013604308	17	03	684926	M	2	0	0	20	0
20260917	4291318	cmp-a001-02-000000010764328	grp-a001-02-000000069047580	추석선물세트	nad-a001-02-000000541754005	bsn-a001-00-000000013604308	17	09	370822	P	1	0	0	1	0
20260917	4291318	cmp-a001-02-000000010764328	grp-a001-02-000000069047580	프로틴바	nad-a001-02-000000553654554	bsn-a001-00-000000013604308	17	18	27758	P	1	0	0	1	0
20260917	4291318	cmp-a001-02-000000010764328	grp-a001-02-000000069047580	단백질간식	nad-a001-02-000000553654554	bsn-a001-00-000000013604308	17	00	609155	M	1	0	0	1	0
20260917	4291318	cmp-a001-02-000000010764328	grp-a001-02-000000069047580	황성주생식라이프밀	nad-a001-02-000000541754004	bsn-a001-00-000000013604308	17	08	8753	M	1	0	0	2	0
20260917	4291318	cmp-a001-02-000000010764328	grp-a001-02-000000069047580	단백질바두쫀쿠	nad-a001-02-000000553654558	bsn-a001-00-000000013604308	17	09	8753	M	1	0	0	7	0
20260917	4291318	cmp-a001-02-000000010764328	grp-a001-02-000000069047580	단백질파우더	nad-a001-02-000000553654562	bsn-a001-00-000000013604308	17	02	27758	P	1	0	0	4	0
20260917	4291318	cmp-a001-02-000000010764328	grp-a001-02-000000069047580	프로틴바	nad-a001-02-000000553654554	bsn-a001-00-000000013604308	17	02	8753	M	1	0	0	3	0
20260917	4291318	cmp-a001-02-000000010764328	grp-a001-02-000000069047580	단백질보충제	nad-a001-02-000000553654562	bsn-a001-00-000000013604308	17	15	8753	M	2	0	0	11	0
20260917	4291318	cmp-a001-02-000000010764328	grp-a001-02-000000069047580	다이어트쉐이크	nad-a001-02-000000553654562	bsn-a001-00-000000013604308	17	03	529514	M	2	0	0	2	0
20260917	4291318	cmp-a001-02-000000010764328	grp-a001-02-000000069047580	에너지바	nad-a001-02-000000553654554	bsn-a001-00-000000013604308	17	15	8753	M	1	0	0	1	0
20260917	4291318	cmp-a001-02-000000010764328	grp-a001-02-000000069047580	프로틴바	nad-a001-02-000000553654554	bsn-a001-00-000000013604308	17	02	98128	M	12	0	0	12	0
20260917	4291318	cmp-a001-02-000000010764328	grp-a001-02-000000072573876	추석선물세트	nad-a001-02-000000573683834	bsn-a001-00-000000013604308	17	03	33421	M	2	0	0	4	0
20260917	4291318	cmp-a001-02-000000010764328	grp-a001-02-000000069047580	명절선물	nad-a001-02-000000541754005	bsn-a001-00-000000013604308	17	13	341898	M	1	0	0	1	0
20260917	4291318	cmp-a001-02-000000010764328	grp-a001-02-000000069047580	프로틴	nad-a001-02-000000553654562	bsn-a001-00-000000013604308	17	04	529514	M	8	0	0	8	0
20260917	4291318	cmp-a001-02-000000010764328	grp-a001-02-000000069047580	프로틴바	nad-a001-02-000000553654559	bsn-a001-00-000000013604308	17	09	98128	M	1	0	0	4	0
20260917	4291318	cmp-a001-02-000000010764328	grp-a001-02-000000069047580	황성주생식	nad-a001-02-000000541753997	bsn-a001-00-000000013604308	17	99	633013	M	2	0	0	2	0
20260917	4291318	cmp-a001-02-000000010764328	grp-a001-02-000000072573876	추석선물세트	nad-a001-02-000000573683834	bsn-a001-00-000000013604308	17	13	8753	M	4	0	0	12	0
20260917	4291318	cmp-a001-02-000000010764328	grp-a001-02-000000069047580	두쫀쿠단백질바	nad-a001-02-000000553654554	bsn-a001-00-000000013604308	17	09	8753	M	1	0	0	4	0
20260917	4291318	cmp-a001-02-000000010764328	grp-a001-02-000000069047580	프로틴바	nad-a001-02-000000553654558	bsn-a001-00-000000013604308	17	02	8753	M	1	0	0	5	0
20260917	4291318	cmp-a001-02-000000010764328	grp-a001-02-000000069047580	다이어트쉐이크	nad-a001-02-000000553654562	bsn-a001-00-000000013604308	17	02	529514	M	4	0	0	4	0
20260917	4291318	cmp-a001-02-000000010764328	grp-a001-02-000000069047580	분말	nad-a001-02-000000541753996	bsn-a001-00-000000013604308	17	09	27758	P	1	0	0	2	0
20260917	4291318	cmp-a001-02-000000010764328	grp-a001-02-000000069047580	이데아프로틴쉐이크	nad-a001-02-000000553654562	bsn-a001-00-000000013604308	17	18	8753	M	1	0	0	8	0
20260917	4291318	cmp-a001-02-000000010764328	grp-a001-02-000000069047580	다이어트쉐이크	nad-a001-02-000000553654562	bsn-a001-00-000000013604308	17	06	529514	M	1	0	0	1	0
20260917	4291318	cmp-a001-02-000000010764328	grp-a001-02-000000072573876	추석선물세트	nad-a001-02-000000573683834	bsn-a001-00-000000013604308	17	02	33421	M	2	0	0	5	0
20260917	4291318	cmp-a001-02-000000010764328	grp-a001-02-000000069047580	에너지바	nad-a001-02-000000553654554	bsn-a001-00-000000013604308	17	01	529514	M	1	0	0	1	0
20260917	4291318	cmp-a001-02-000000010764328	grp-a001-02-000000069047580	프로틴바	nad-a001-02-000000553654554	bsn-a001-00-000000013604308	17	02	27758	P	4	0	0	6	0
20260917	4291318	cmp-a001-02-000000010764328	grp-a001-02-000000069047580	분말	nad-a001-02-000000541753996	bsn-a001-00-000000013604308	17	99	98128	M	1	0	0	2	0
20260917	4291318	cmp-a001-02-000000010764328	grp-a001-02-000000072573876	추석선물세트	nad-a001-02-000000573683834	bsn-a001-00-000000013604308	17	08	27758	P	1	0	0	1	0
20260917	4291318	cmp-a001-02-000000010764328	grp-a001-02-000000072573876	스토어	nad-a001-02-000000573683834	bsn-a001-00-000000013604308	17	09	248824	P	3	0	0	6	0
20260917	4291318	cmp-a001-02-000000010764328	grp-a001-02-000000069047580	간식과자등식전식후	nad-a001-02-000000553654554	bsn-a001-00-000000013604308	17	03	8753	M	2	0	0	4	0
20260917	4291318	cmp-a001-02-000000010764328	grp-a001-02-000000069047580	에너지바	nad-a001-02-000000553654558	bsn-a001-00-000000013604308	17	99	529514	M	4	0	0	8	0
20260917	4291318	cmp-a001-02-000000010764328	grp-a001-02-000000069047580	프로틴바	nad-a001-02-000000553654558	bsn-a001-00-000000013604308	17	10	529514	M	2	0	0	4	0
20260917	4291318	cmp-a001-02-000000010764328	grp-a001-02-000000069047580	곡물프로틴	nad-a001-02-000000553654562	bsn-a001-00-000000013604308	17	99	8753	M	1	0	0	3	0
20260917	4291318	cmp-a001-02-000000010764328	grp-a001-02-000000069047580	황성주생식	nad-a001-02-000000541753996	bsn-a001-00-000000013604308	17	99	633013	M	2	0	0	4	0
20260917	4291318	cmp-a001-02-000000010764328	grp-a001-02-000000069047580	단백질바	nad-a001-02-000000553654554	bsn-a001-00-000000013604308	17	02	27758	P	3	0	0	5	0
20260917	4291318	cmp-a001-02-000000010764328	grp-a001-02-000000069047580	황성주생식	nad-a001-02-000000541753997	bsn-a001-00-000000013604308	17	13	633013	M	1	0	0	1	0
20260917	4291318	cmp-a001-02-000000010764328	grp-a001-02-000000069047580	프로틴	nad-a001-02-000000553654562	bsn-a001-00-000000013604308	17	13	768323	M	2	0	0	2	0
20260917	4291318	cmp-a001-02-000000010764328	grp-a001-02-000000069047580	단백질보충제	nad-a001-02-000000553654562	bsn-a001-00-000000013604308	17	09	529514	M	2	0	0	2	0
20260917	4291318	cmp-a001-02-000000010764328	grp-a001-02-000000069047580	단백질보충제	nad-a001-02-000000553654562	bsn-a001-00-000000013604308	17	02	33421	M	1	0	0	6	0
20260917	4291318	cmp-a001-02-000000010764328	grp-a001-02-000000072573876	추석선물세트추천	nad-a001-02-000000573683834	bsn-a001-00-000000013604308	17	01	8753	M	2	1	10534	5	0
20260917	4291318	cmp-a001-02-000000010764328	grp-a001-02-000000069047580	프로틴	nad-a001-02-000000553654562	bsn-a001-00-000000013604308	17	09	684927	P	1	0	0	7	0
20260917	4291318	cmp-a001-02-000000010764328	grp-a001-02-000000069047580	프로틴보충제	nad-a001-02-000000553654562	bsn-a001-00-000000013604308	17	99	529514	M	1	0	0	2	0
20260917	4291318	cmp-a001-02-000000010764328	grp-a001-02-000000069047580	PROTEIN	nad-a001-02-000000553654562	bsn-a001-00-000000013604308	17	09	8753	M	1	0	0	3	0
20260917	4291318	cmp-a001-02-000000010764328	grp-a001-02-000000069047580	젤리	nad-a001-02-000000541753985	bsn-a001-00-000000013604308	17	02	768323	M	3	0	0	3	0
20260917	4291318	cmp-a001-02-000000010764328	grp-a001-02-000000069047580	황성주생식	nad-a001-02-000000541754004	bsn-a001-00-000000013604308	17	13	633013	M	1	0	0	3	0
20260917	4291318	cmp-a001-02-000000010764328	grp-a001-02-000000069047580	칼로리바	nad-a001-02-000000553654559	bsn-a001-00-000000013604308	17	02	8753	M	1	0	0	3	0
20260917	4291318	cmp-a001-02-000000010764328	grp-a001-02-000000069047580	단백질바	nad-a001-02-000000553654554	bsn-a001-00-000000013604308	17	02	529514	M	10	0	0	10	0
20260917	4291318	cmp-a001-02-000000010764328	grp-a001-02-000000069047580	단백질쉐이크	nad-a001-02-000000553654562	bsn-a001-00-000000013604308	17	11	529514	M	8	0	0	8	0
20260917	4291318	cmp-a001-02-000000010764328	grp-a001-02-000000069047580	단백질간식	nad-a001-02-000000553654554	bsn-a001-00-000000013604308	17	07	27758	P	1	0	0	1	0
20260917	4291318	cmp-a001-02-000000010764328	grp-a001-02-000000069047580	황성주생식	nad-a001-02-000000541753988	bsn-a001-00-000000013604308	17	08	8753	M	1	0	0	5	0
20260917	4291318	cmp-a001-02-000000010764328	grp-a001-02-000000069047580	단백질간식	nad-a001-02-000000553654558	bsn-a001-00-000000013604308	17	13	684925	P	1	0	0	1	0
20260917	4291318	cmp-a001-02-000000010764328	grp-a001-02-000000069047580	황성주생식	nad-a001-02-000000541754005	bsn-a001-00-000000013604308	17	09	633013	M	11	0	0	44	0
20260917	4291318	cmp-a001-02-000000010764328	grp-a001-02-000000069047580	제리	nad-a001-02-000000541753985	bsn-a001-00-000000013604308	17	11	529514	M	1	0	0	1	0
20260917	4291318	cmp-a001-02-000000010764328	grp-a001-02-000000069047580	분리대두단백질쉐이크	nad-a001-02-000000553654562	bsn-a001-00-000000013604308	17	15	8753	M	1	0	0	1	0
20260917	4291318	cmp-a001-02-000000010764328	grp-a001-02-000000069047580	에너지바	nad-a001-02-000000553654554	bsn-a001-00-000000013604308	17	01	8753	M	1	0	0	1	0
20260917	4291318	cmp-a001-02-000000010764328	grp-a001-02-000000069047580	단백질바	nad-a001-02-000000553654558	bsn-a001-00-000000013604308	17	02	529514	M	10	0	0	20	0
20260917	4291318	cmp-a001-02-000000010764328	grp-a001-02-000000069047580	단백질쉐이크	nad-a001-02-000000553654562	bsn-a001-00-000000013604308	17	14	33421	M	2	0	0	16	0
20260917	4291318	cmp-a001-02-000000010764328	grp-a001-02-000000069047580	프로틴바	nad-a001-02-000000553654558	bsn-a001-00-000000013604308	17	02	98128	M	6	0	0	12	0
20260917	4291318	cmp-a001-02-000000010764328	grp-a001-02-000000069047580	단백질바	nad-a001-02-000000553654558	bsn-a001-00-000000013604308	17	01	529514	M	2	0	0	4	0
20260917	4291318	cmp-a001-02-000000010764328	grp-a001-02-000000072573876	추석선물세트	nad-a001-02-000000573683834	bsn-a001-00-000000013604308	17	06	529514	M	20	0	0	70	0
20260917	4291318	cmp-a001-02-000000010764328	grp-a001-02-000000072573876	추석선물세트	nad-a001-02-000000573683834	bsn-a001-00-000000013604308	17	07	529514	M	20	0	0	68	0
20260917	4291318	cmp-a001-02-000000010764328	grp-a001-02-000000069047580	황성주생식	nad-a001-02-000000541753988	bsn-a001-00-000000013604308	17	02	633013	M	3	0	0	15	0
20260917	4291318	cmp-a001-02-000000010764328	grp-a001-02-000000069047580	젤리	nad-a001-02-000000541753985	bsn-a001-00-000000013604308	17	08	8753	M	1	0	0	7	0
20260917	4291318	cmp-a001-02-000000010764328	grp-a001-02-000000069047580	프로틴바	nad-a001-02-000000553654558	bsn-a001-00-000000013604308	17	09	27758	P	1	0	0	4	0
20260917	4291318	cmp-a001-02-000000010764328	grp-a001-02-000000072573876	추석선물	nad-a001-02-000000573683834	bsn-a001-00-000000013604308	17	02	8753	M	1	0	0	1	0
20260917	4291318	cmp-a001-02-000000010764328	grp-a001-02-000000069047580	단백질간식추천	nad-a001-02-000000553654558	bsn-a001-00-000000013604308	17	02	8753	M	1	0	0	2	0
20260917	4291318	cmp-a001-02-000000010764328	grp-a001-02-000000069047580	다이어트쉐이크	nad-a001-02-000000553654562	bsn-a001-00-000000013604308	17	99	768323	M	3	0	0	29	0
20260917	4291318	cmp-a001-02-000000010764328	grp-a001-02-000000069047580	젤리	nad-a001-02-000000541753985	bsn-a001-00-000000013604308	17	99	768323	M	8	0	0	8	0
20260917	4291318	cmp-a001-02-000000010764328	grp-a001-02-000000069047580	에너지바	nad-a001-02-000000553654559	bsn-a001-00-000000013604308	17	09	87620	M	1	0	0	4	0
20260917	4291318	cmp-a001-02-000000010764328	grp-a001-02-000000069047580	엄마사랑에너지바	nad-a001-02-000000553654554	bsn-a001-00-000000013604308	17	06	684925	P	1	0	0	1	0
20260917	4291318	cmp-a001-02-000000010764328	grp-a001-02-000000069047580	황성주생식	nad-a001-02-000000541754005	bsn-a001-00-000000013604308	17	15	8753	M	1	0	0	3	0
20260917	4291318	cmp-a001-02-000000010764328	grp-a001-02-000000069047580	곡물단백질쉐이크	nad-a001-02-000000553654562	bsn-a001-00-000000013604308	17	99	8753	M	1	0	0	6	0
20260917	4291318	cmp-a001-02-000000010764328	grp-a001-02-000000069047580	에너지바	nad-a001-02-000000553654559	bsn-a001-00-000000013604308	17	09	529514	M	1	0	0	3	0
20260917	4291318	cmp-a001-02-000000010764328	grp-a001-02-000000072573876	추석선물세트	nad-a001-02-000000573683834	bsn-a001-00-000000013604308	17	15	27758	P	1	0	0	1	0
20260917	4291318	cmp-a001-02-000000010764328	grp-a001-02-000000069047580	단백질바	nad-a001-02-000000553654554	bsn-a001-00-000000013604308	17	99	529514	M	6	0	0	6	0
20260917	4291318	cmp-a001-02-000000010764328	grp-a001-02-000000069047580	단백질식품	nad-a001-02-000000553654562	bsn-a001-00-000000013604308	17	18	8753	M	1	0	0	4	0
20260917	4291318	cmp-a001-02-000000010764328	grp-a001-02-000000072573876	추석선물세트	nad-a001-02-000000573683834	bsn-a001-00-000000013604308	17	02	8753	M	11	0	0	34	0
20260917	4291318	cmp-a001-02-000000010764328	grp-a001-02-000000072573876	스토어	nad-a001-02-000000573683834	bsn-a001-00-000000013604308	17	15	98128	M	1	0	0	2	0
20260917	4291318	cmp-a001-02-000000010764328	grp-a001-02-000000069047580	단백질간식	nad-a001-02-000000553654558	bsn-a001-00-000000013604308	17	00	609155	M	1	0	0	2	0
20260917	4291318	cmp-a001-02-000000010764328	grp-a001-02-000000069047580	에너지바	nad-a001-02-000000553654558	bsn-a001-00-000000013604308	17	09	87620	M	1	0	0	2	0
20260917	4291318	cmp-a001-02-000000010764328	grp-a001-02-000000072573876	스토어	nad-a001-02-000000573683834	bsn-a001-00-000000013604308	17	02	98128	M	9	0	0	18	0
20260917	4291318	cmp-a001-02-000000010764328	grp-a001-02-000000069047580	프로틴	nad-a001-02-000000553654562	bsn-a001-00-000000013604308	17	06	768323	M	11	0	0	14	0
20260917	4291318	cmp-a001-02-000000010764328	grp-a001-02-000000072573876	추석선물셋트	nad-a001-02-000000573683834	bsn-a001-00-000000013604308	17	99	529514	M	5	0	0	16	0
20260917	4291318	cmp-a001-02-000000010764328	grp-a001-02-000000069047580	젤리	nad-a001-02-000000541753985	bsn-a001-00-000000013604308	17	03	98128	M	30	0	0	44	0
20260917	4291318	cmp-a001-02-000000010764328	grp-a001-02-000000072573876	추석선물세트	nad-a001-02-000000573683834	bsn-a001-00-000000013604308	17	09	8753	M	17	0	0	90	0
20260917	4291318	cmp-a001-02-000000010764328	grp-a001-02-000000069047580	에너지바	nad-a001-02-000000553654558	bsn-a001-00-000000013604308	17	09	529514	M	1	0	0	2	0
20260917	4291318	cmp-a001-02-000000010764328	grp-a001-02-000000069047580	젤리	nad-a001-02-000000541753985	bsn-a001-00-000000013604308	17	03	768323	M	1	0	0	1	0
20260917	4291318	cmp-a001-02-000000010764328	grp-a001-02-000000069047580	단백질쉐이크	nad-a001-02-000000553654562	bsn-a001-00-000000013604308	17	06	8753	M	1	0	0	2	0
20260917	4291318	cmp-a001-02-000000010764328	grp-a001-02-000000069047580	단백질쉐이크	nad-a001-02-000000553654562	bsn-a001-00-000000013604308	17	03	8753	M	2	0	0	14	0
20260917	4291318	cmp-a001-02-000000010764328	grp-a001-02-000000069047580	단백질	nad-a001-02-000000553654562	bsn-a001-00-000000013604308	17	09	529514	M	3	0	0	3	0
20260917	4291318	cmp-a001-02-000000010764328	grp-a001-02-000000069047580	단백질보충간식	nad-a001-02-000000553654558	bsn-a001-00-000000013604308	17	02	8753	M	1	0	0	3	0
20260917	4291318	cmp-a001-02-000000010764328	grp-a001-02-000000069047580	황성주생식라이프밀	nad-a001-02-000000541754004	bsn-a001-00-000000013604308	17	02	684926	M	2	0	0	6	0
20260917	4291318	cmp-a001-02-000000010764328	grp-a001-02-000000072573876	추석선물세트	nad-a001-02-000000573683834	bsn-a001-00-000000013604308	17	13	529514	M	38	0	0	135	0
20260917	4291318	cmp-a001-02-000000010764328	grp-a001-02-000000069047580	가루	nad-a001-02-000000541753996	bsn-a001-00-000000013604308	17	08	8753	M	2	0	0	4	0
20260917	4291318	cmp-a001-02-000000010764328	grp-a001-02-000000069047580	도토리가루보관하는방법	nad-a001-02-000000541754004	bsn-a001-00-000000013604308	17	09	8753	M	1	0	0	2	0
20260917	4291318	cmp-a001-02-000000010764328	grp-a001-02-000000069047580	프로틴쉐이크	nad-a001-02-000000553654562	bsn-a001-00-000000013604308	17	08	529514	M	8	0	0	8	0
20260917	4291318	cmp-a001-02-000000010764328	grp-a001-02-000000069047580	가루	nad-a001-02-000000541753997	bsn-a001-00-000000013604308	17	08	8753	M	2	0	0	2	0
20260917	4291318	cmp-a001-02-000000010764328	grp-a001-02-000000069047580	쉐이크	nad-a001-02-000000553654562	bsn-a001-00-000000013604308	17	08	529514	M	1	0	0	1	0
20260917	4291318	cmp-a001-02-000000010764328	grp-a001-02-000000069047580	단백질	nad-a001-02-000000553654562	bsn-a001-00-000000013604308	17	02	684926	M	1	0	0	3	0
20260917	4291318	cmp-a001-02-000000010764328	grp-a001-02-000000072573876	추석선물세트	nad-a001-02-000000573683834	bsn-a001-00-000000013604308	17	09	27758	P	8	2	13439	18	0
20260917	4291318	cmp-a001-02-000000010764328	grp-a001-02-000000069047580	프로틴바	nad-a001-02-000000553654558	bsn-a001-00-000000013604308	17	06	529514	M	2	0	0	4	0
20260917	4291318	cmp-a001-02-000000010764328	grp-a001-02-000000069047580	황성주생식	nad-a001-02-000000541753997	bsn-a001-00-000000013604308	17	01	633013	M	1	0	0	1	0
20260917	4291318	cmp-a001-02-000000010764328	grp-a001-02-000000069047580	황성주생식라이프밀	nad-a001-02-000000541754005	bsn-a001-00-000000013604308	17	08	8753	M	1	0	0	4	0
20260917	4291318	cmp-a001-02-000000010764328	grp-a001-02-000000069047580	단백질보충제	nad-a001-02-000000553654562	bsn-a001-00-000000013604308	17	99	529514	M	7	0	0	7	0
20260917	4291318	cmp-a001-02-000000010764328	grp-a001-02-000000072573876	추석선물세트	nad-a001-02-000000573683834	bsn-a001-00-000000013604308	17	15	11068	P	1	0	0	5	0
20260917	4291318	cmp-a001-02-000000010764328	grp-a001-02-000000069047580	곡물21650G	nad-a001-02-000000553654562	bsn-a001-00-000000013604308	17	18	8753	M	2	0	0	2	0
20260917	4291318	cmp-a001-02-000000010764328	grp-a001-02-000000069047580	프로틴바	nad-a001-02-000000553654558	bsn-a001-00-000000013604308	17	02	27758	P	4	0	0	16	0
20260917	4291318	cmp-a001-02-000000010764328	grp-a001-02-000000069047580	단백질쉐이크	nad-a001-02-000000553654562	bsn-a001-00-000000013604308	17	08	33421	M	2	0	0	8	0
20260917	4291318	cmp-a001-02-000000010764328	grp-a001-02-000000069047580	황성주생식	nad-a001-02-000000541754004	bsn-a001-00-000000013604308	17	02	27758	P	2	0	0	4	0
20260917	4291318	cmp-a001-02-000000010764328	grp-a001-02-000000069047580	엄마사랑단백질바	nad-a001-02-000000553654559	bsn-a001-00-000000013604308	17	06	11068	P	1	0	0	3	0
20260917	4291318	cmp-a001-02-000000010764328	grp-a001-02-000000069047580	에너지바	nad-a001-02-000000553654558	bsn-a001-00-000000013604308	17	09	23123	P	4	0	0	8	0
20260917	4291318	cmp-a001-02-000000010764328	grp-a001-02-000000069047580	젤리	nad-a001-02-000000541753985	bsn-a001-00-000000013604308	17	99	87620	M	1	0	0	2	0
20260917	4291318	cmp-a001-02-000000010764328	grp-a001-02-000000069047580	단백질파우더	nad-a001-02-000000553654562	bsn-a001-00-000000013604308	17	02	33421	M	1	0	0	3	0
20260917	4291318	cmp-a001-02-000000010764328	grp-a001-02-000000069047580	단백질쉐이크	nad-a001-02-000000553654562	bsn-a001-00-000000013604308	17	09	11068	P	3	0	0	18	0
20260917	4291318	cmp-a001-02-000000010764328	grp-a001-02-000000069047580	황성주생식	nad-a001-02-000000541754004	bsn-a001-00-000000013604308	17	08	27758	P	1	0	0	3	0
20260917	4291318	cmp-a001-02-000000010764328	grp-a001-02-000000072573876	추석선물세트	nad-a001-02-000000573683834	bsn-a001-00-000000013604308	17	06	8753	M	2	0	0	3	0
20260917	4291318	cmp-a001-02-000000010764328	grp-a001-02-000000069047580	황성주생식	nad-a001-02-000000541753997	bsn-a001-00-000000013604308	17	04	633013	M	2	0	0	2	0
20260917	4291318	cmp-a001-02-000000010764328	grp-a001-02-000000069047580	단백질쉐이크	nad-a001-02-000000553654562	bsn-a001-00-000000013604308	17	10	27758	P	1	0	0	2	0
20260917	4291318	cmp-a001-02-000000010764328	grp-a001-02-000000072573876	스토어	nad-a001-02-000000573683834	bsn-a001-00-000000013604308	17	01	98128	M	1	0	0	2	0
20260917	4291318	cmp-a001-02-000000010764328	grp-a001-02-000000069047580	엄마사랑에너지바	nad-a001-02-000000553654558	bsn-a001-00-000000013604308	17	06	27758	P	1	0	0	3	0
20260917	4291318	cmp-a001-02-000000010764328	grp-a001-02-000000069047580	단백질쉐이크변비유발	nad-a001-02-000000553654562	bsn-a001-00-000000013604308	17	01	8753	M	1	0	0	4	0
20260917	4291318	cmp-a001-02-000000010764328	grp-a001-02-000000069047580	젤리	nad-a001-02-000000541753985	bsn-a001-00-000000013604308	17	06	529514	M	1	0	0	1	0
20260917	4291318	cmp-a001-02-000000010764328	grp-a001-02-000000069047580	황성주생식	nad-a001-02-000000541753996	bsn-a001-00-000000013604308	17	13	633013	M	1	0	0	2	0
20260917	4291318	cmp-a001-02-000000010764328	grp-a001-02-000000069047580	황성주생식	nad-a001-02-000000541754005	bsn-a001-00-000000013604308	17	02	633013	M	3	0	0	12	0
20260917	4291318	cmp-a001-02-000000010764328	grp-a001-02-000000069047580	단백질종류브랜드	nad-a001-02-000000553654562	bsn-a001-00-000000013604308	17	09	8753	M	1	0	0	1	0
20260917	4291318	cmp-a001-02-000000010764328	grp-a001-02-000000069047580	에너지바	nad-a001-02-000000553654558	bsn-a001-00-000000013604308	17	01	529514	M	1	0	0	2	0
20260917	4291318	cmp-a001-02-000000010764328	grp-a001-02-000000069047580	단백질바	nad-a001-02-000000553654554	bsn-a001-00-000000013604308	17	08	529514	M	2	0	0	2	0
20260917	4291318	cmp-a001-02-000000010764328	grp-a001-02-000000069047580	단백질쉐이크	nad-a001-02-000000553654562	bsn-a001-00-000000013604308	17	18	529514	M	7	0	0	7	0
20260917	4291318	cmp-a001-02-000000010764328	grp-a001-02-000000072573876	스토어	nad-a001-02-000000573683834	bsn-a001-00-000000013604308	17	10	98128	M	1	0	0	2	0
20260917	4291318	cmp-a001-02-000000010764328	grp-a001-02-000000072573876	추석선물세트	nad-a001-02-000000573683834	bsn-a001-00-000000013604308	17	11	27758	P	1	0	0	1	0
20260917	4291318	cmp-a001-02-000000010764328	grp-a001-02-000000069047580	젤리	nad-a001-02-000000541753985	bsn-a001-00-000000013604308	17	11	768323	M	1	0	0	1	0
20260917	4291318	cmp-a001-02-000000010764328	grp-a001-02-000000069047580	젤리	nad-a001-02-000000541753985	bsn-a001-00-000000013604308	17	07	529514	M	1	0	0	1	0
20260917	4291318	cmp-a001-02-000000010764328	grp-a001-02-000000069047580	동결건조생식	nad-a001-02-000000541753997	bsn-a001-00-000000013604308	17	03	8753	M	1	0	0	1	0
20260917	4291318	cmp-a001-02-000000010764328	grp-a001-02-000000072573876	추석선물세트	nad-a001-02-000000573683834	bsn-a001-00-000000013604308	17	14	529514	M	9	0	0	32	0
20260917	4291318	cmp-a001-02-000000010764328	grp-a001-02-000000072573876	추석선물세트	nad-a001-02-000000573683834	bsn-a001-00-000000013604308	17	04	8753	M	1	0	0	3	0
20260917	4291318	cmp-a001-02-000000010764328	grp-a001-02-000000069047580	프로틴	nad-a001-02-000000553654562	bsn-a001-00-000000013604308	17	18	8753	M	1	0	0	2	0
20260917	4291318	cmp-a001-02-000000010764328	grp-a001-02-000000069047580	프로틴	nad-a001-02-000000553654562	bsn-a001-00-000000013604308	17	08	529514	M	22	0	0	22	0
20260917	4291318	cmp-a001-02-000000010764328	grp-a001-02-000000072573876	명절선물	nad-a001-02-000000573683834	bsn-a001-00-000000013604308	17	03	8753	M	1	0	0	4	0
20260917	4291318	cmp-a001-02-000000010764328	grp-a001-02-000000069047580	프로틴	nad-a001-02-000000553654562	bsn-a001-00-000000013604308	17	02	137281	M	1	0	0	1	0
20260917	4291318	cmp-a001-02-000000010764328	grp-a001-02-000000072573876	추석선물셋트	nad-a001-02-000000573683834	bsn-a001-00-000000013604308	17	06	529514	M	3	0	0	10	0
20260917	4291318	cmp-a001-02-000000010764328	grp-a001-02-000000072573876	추석선물세트	nad-a001-02-000000573683834	bsn-a001-00-000000013604308	17	09	11068	P	3	0	0	18	0
20260917	4291318	cmp-a001-02-000000010764328	grp-a001-02-000000069047580	프로틴	nad-a001-02-000000553654562	bsn-a001-00-000000013604308	17	99	529514	M	93	0	0	93	0
20260917	4291318	cmp-a001-02-000000010764328	grp-a001-02-000000069047580	황성주생식라이프밀	nad-a001-02-000000541753988	bsn-a001-00-000000013604308	17	02	684926	M	2	0	0	14	0
20260917	4291318	cmp-a001-02-000000010764328	grp-a001-02-000000069047580	프로틴	nad-a001-02-000000553654562	bsn-a001-00-000000013604308	17	11	768323	M	10	0	0	13	0
20260917	4291318	cmp-a001-02-000000010764328	grp-a001-02-000000069047580	분말	nad-a001-02-000000541753988	bsn-a001-00-000000013604308	17	99	98128	M	1	0	0	5	0
20260917	4291318	cmp-a001-02-000000010764328	grp-a001-02-000000069047580	단백질바	nad-a001-02-000000553654554	bsn-a001-00-000000013604308	17	01	8753	M	2	0	0	10	0
20260917	4291318	cmp-a001-02-000000010764328	grp-a001-02-000000069047580	프로틴	nad-a001-02-000000553654562	bsn-a001-00-000000013604308	17	15	529514	M	21	0	0	21	0
20260917	4291318	cmp-a001-02-000000010764328	grp-a001-02-000000069047580	프로틴바	nad-a001-02-000000553654558	bsn-a001-00-000000013604308	17	99	8753	M	1	0	0	5	0
20260917	4291318	cmp-a001-02-000000010764328	grp-a001-02-000000069047580	프로틴쉐이크	nad-a001-02-000000553654562	bsn-a001-00-000000013604308	17	02	529514	M	6	0	0	6	0
20260917	4291318	cmp-a001-02-000000010764328	grp-a001-02-000000069047580	단백질보충제	nad-a001-02-000000553654562	bsn-a001-00-000000013604308	17	11	87620	M	1	0	0	1	0
20260917	4291318	cmp-a001-02-000000010764328	grp-a001-02-000000069047580	단백질쉐이크	nad-a001-02-000000553654562	bsn-a001-00-000000013604308	17	09	33421	M	2	0	0	9	0
20260917	4291318	cmp-a001-02-000000010764328	grp-a001-02-000000069047580	단백질바	nad-a001-02-000000553654558	bsn-a001-00-000000013604308	17	08	529514	M	2	0	0	4	0
20260917	4291318	cmp-a001-02-000000010764328	grp-a001-02-000000069047580	푸룬젤리	nad-a001-02-000000541753985	bsn-a001-00-000000013604308	17	09	8753	M	1	0	0	5	0
20260917	4291318	cmp-a001-02-000000010764328	grp-a001-02-000000069047580	황성주생식라이프밀	nad-a001-02-000000541753988	bsn-a001-00-000000013604308	17	08	8753	M	1	0	0	5	0
20260917	4291318	cmp-a001-02-000000010764328	grp-a001-02-000000069047580	황성주생식라이프밀	nad-a001-02-000000541753996	bsn-a001-00-000000013604308	17	02	8753	M	1	0	0	3	0
20260917	4291318	cmp-a001-02-000000010764328	grp-a001-02-000000069047580	단백질쉐이크	nad-a001-02-000000553654562	bsn-a001-00-000000013604308	17	06	11068	P	2	0	0	26	0
20260917	4291318	cmp-a001-02-000000010764328	grp-a001-02-000000069047580	에너지바	nad-a001-02-000000553654554	bsn-a001-00-000000013604308	17	99	87620	M	1	0	0	1	0
20260917	4291318	cmp-a001-02-000000010764328	grp-a001-02-000000069047580	단백질	nad-a001-02-000000553654562	bsn-a001-00-000000013604308	17	09	33421	M	1	0	0	1	0
20260917	4291318	cmp-a001-02-000000010764328	grp-a001-02-000000069047580	쉐이크	nad-a001-02-000000553654562	bsn-a001-00-000000013604308	17	02	8753	M	1	0	0	6	0
20260917	4291318	cmp-a001-02-000000010764328	grp-a001-02-000000069047580	99칼로리단백질바	nad-a001-02-000000553654558	bsn-a001-00-000000013604308	17	09	8753	M	1	0	0	2	0
20260917	4291318	cmp-a001-02-000000010764328	grp-a001-02-000000072573876	추석선물셋트	nad-a001-02-000000573683834	bsn-a001-00-000000013604308	17	09	529514	M	1	0	0	3	0
20260917	4291318	cmp-a001-02-000000010764328	grp-a001-02-000000069047580	도토리가루보관하는방법	nad-a001-02-000000541753997	bsn-a001-00-000000013604308	17	11	8753	M	1	0	0	1	0
20260917	4291318	cmp-a001-02-000000010764328	grp-a001-02-000000069047580	쉐이크프로틴	nad-a001-02-000000553654562	bsn-a001-00-000000013604308	17	09	98128	M	2	0	0	2	0
20260917	4291318	cmp-a001-02-000000010764328	grp-a001-02-000000069047580	프로틴	nad-a001-02-000000553654562	bsn-a001-00-000000013604308	17	02	11068	P	1	0	0	9	0
20260917	4291318	cmp-a001-02-000000010764328	grp-a001-02-000000069047580	단백질쉐이크	nad-a001-02-000000553654562	bsn-a001-00-000000013604308	17	04	529514	M	3	0	0	3	0
20260917	4291318	cmp-a001-02-000000010764328	grp-a001-02-000000072573876	추석선물세트	nad-a001-02-000000573683834	bsn-a001-00-000000013604308	17	00	27758	P	1	0	0	2	0
20260917	4291318	cmp-a001-02-000000010764328	grp-a001-02-000000072573876	추석선물세트추천	nad-a001-02-000000573683834	bsn-a001-00-000000013604308	17	18	8753	M	3	0	0	6	0
20260917	4291318	cmp-a001-02-000000010764328	grp-a001-02-000000072573876	추석선물세트	nad-a001-02-000000573683834	bsn-a001-00-000000013604308	17	06	27758	P	1	0	0	3	0
20260917	4291318	cmp-a001-02-000000010764328	grp-a001-02-000000069047580	젤리	nad-a001-02-000000541753985	bsn-a001-00-000000013604308	17	09	87620	M	2	0	0	2	0
20260917	4291318	cmp-a001-02-000000010764328	grp-a001-02-000000069047580	엄마사랑	nad-a001-02-000000553654554	bsn-a001-00-000000013604308	17	06	11068	P	1	0	0	2	0
20260917	4291318	cmp-a001-02-000000010764328	grp-a001-02-000000072573876	스토어	nad-a001-02-000000573683834	bsn-a001-00-000000013604308	17	11	98128	M	3	0	0	6	0
20260917	4291318	cmp-a001-02-000000010764328	grp-a001-02-000000069047580	분말	nad-a001-02-000000541754004	bsn-a001-00-000000013604308	17	11	8753	M	1	0	0	3	0
20260917	4291318	cmp-a001-02-000000010764328	grp-a001-02-000000069047580	황성주생식	nad-a001-02-000000541754005	bsn-a001-00-000000013604308	17	13	633013	M	1	0	0	4	0
20260917	4291318	cmp-a001-02-000000010764328	grp-a001-02-000000072573876	추석선물세트추천	nad-a001-02-000000573683834	bsn-a001-00-000000013604308	17	06	33421	M	1	0	0	1	0
20260917	4291318	cmp-a001-02-000000010764328	grp-a001-02-000000069047580	단백질간식	nad-a001-02-000000553654554	bsn-a001-00-000000013604308	17	02	8753	M	1	0	0	1	0
20260917	4291318	cmp-a001-02-000000010764328	grp-a001-02-000000069047580	단백질쉐이크종류	nad-a001-02-000000553654562	bsn-a001-00-000000013604308	17	02	8753	M	2	0	0	8	0
20260917	4291318	cmp-a001-02-000000010764328	grp-a001-02-000000069047580	다이어트쉐이크	nad-a001-02-000000553654562	bsn-a001-00-000000013604308	17	18	768323	M	1	0	0	10	0
20260917	4291318	cmp-a001-02-000000010764328	grp-a001-02-000000069047580	프로틴	nad-a001-02-000000553654562	bsn-a001-00-000000013604308	17	13	8753	M	1	0	0	6	0
20260917	4291318	cmp-a001-02-000000010764328	grp-a001-02-000000072573876	추석선물세트	nad-a001-02-000000573683834	bsn-a001-00-000000013604308	17	11	33421	M	1	0	0	1	0
20260917	4291318	cmp-a001-02-000000010764328	grp-a001-02-000000072573876	추석선물세트	nad-a001-02-000000573683834	bsn-a001-00-000000013604308	17	13	33421	M	2	0	0	2	0
20260917	4291318	cmp-a001-02-000000010764328	grp-a001-02-000000069047580	프로틴	nad-a001-02-000000553654562	bsn-a001-00-000000013604308	17	99	768323	M	34	0	0	47	0
20260917	4291318	cmp-a001-02-000000010764328	grp-a001-02-000000072573876	제골조추석선물세트	nad-a001-02-000000573683834	bsn-a001-00-000000013604308	17	08	27758	P	1	0	0	2	0
20260917	4291318	cmp-a001-02-000000010764328	grp-a001-02-000000069047580	황성주생식	nad-a001-02-000000541753996	bsn-a001-00-000000013604308	17	08	8753	M	1	0	0	3	0
20260917	4291318	cmp-a001-02-000000010764328	grp-a001-02-000000069047580	엄마사랑에너지바	nad-a001-02-000000553654559	bsn-a001-00-000000013604308	17	06	11068	P	1	0	0	4	0
20260917	4291318	cmp-a001-02-000000010764328	grp-a001-02-000000069047580	황성주생식	nad-a001-02-000000541753997	bsn-a001-00-000000013604308	17	08	633013	M	1	0	0	1	0
20260917	4291318	cmp-a001-02-000000010764328	grp-a001-02-000000069047580	프로틴파우치	nad-a001-02-000000553654562	bsn-a001-00-000000013604308	17	09	370822	P	1	0	0	2	0
20260917	4291318	cmp-a001-02-000000010764328	grp-a001-02-000000069047580	프로틴간식	nad-a001-02-000000553654558	bsn-a001-00-000000013604308	17	02	27758	P	1	0	0	4	0
20260917	4291318	cmp-a001-02-000000010764328	grp-a001-02-000000069047580	단백질바	nad-a001-02-000000553654559	bsn-a001-00-000000013604308	17	16	529514	M	1	0	0	3	0
20260917	4291318	cmp-a001-02-000000010764328	grp-a001-02-000000069047580	황성주생식	nad-a001-02-000000541754004	bsn-a001-00-000000013604308	17	08	8753	M	1	0	0	2	0
20260917	4291318	cmp-a001-02-000000010764328	grp-a001-02-000000069047580	프로틴바	nad-a001-02-000000553654554	bsn-a001-00-000000013604308	17	11	768323	M	1	0	0	1	0
20260917	4291318	cmp-a001-02-000000010764328	grp-a001-02-000000069047580	단백질바	nad-a001-02-000000553654558	bsn-a001-00-000000013604308	17	07	8753	M	1	0	0	4	0
20260917	4291318	cmp-a001-02-000000010764328	grp-a001-02-000000069047580	에너지바	nad-a001-02-000000553654558	bsn-a001-00-000000013604308	17	01	8753	M	1	0	0	3	0
20260917	4291318	cmp-a001-02-000000010764328	grp-a001-02-000000069047580	프로틴	nad-a001-02-000000553654562	bsn-a001-00-000000013604308	17	15	768323	M	1	0	0	1	0
20260917	4291318	cmp-a001-02-000000010764328	grp-a001-02-000000069047580	단백질보충간식	nad-a001-02-000000553654554	bsn-a001-00-000000013604308	17	02	8753	M	1	0	0	2	0
20260917	4291318	cmp-a001-02-000000010764328	grp-a001-02-000000069047580	단백질보충제	nad-a001-02-000000553654562	bsn-a001-00-000000013604308	17	99	8753	M	2	0	0	8	0
20260917	4291318	cmp-a001-02-000000010764328	grp-a001-02-000000069047580	단백질파우더	nad-a001-02-000000553654562	bsn-a001-00-000000013604308	17	02	768323	M	1	0	0	7	0
20260917	4291318	cmp-a001-02-000000010764328	grp-a001-02-000000069047580	단백질쉐이크줄임말	nad-a001-02-000000553654562	bsn-a001-00-000000013604308	17	09	8753	M	1	0	0	4	0
20260917	4291318	cmp-a001-02-000000010764328	grp-a001-02-000000069047580	프로틴바	nad-a001-02-000000553654554	bsn-a001-00-000000013604308	17	15	98128	M	2	0	0	2	0
20260917	4291318	cmp-a001-02-000000010764328	grp-a001-02-000000069047580	황성주생식	nad-a001-02-000000541753988	bsn-a001-00-000000013604308	17	15	8753	M	1	0	0	5	0
20260917	4291318	cmp-a001-02-000000010764328	grp-a001-02-000000069047580	단백질	nad-a001-02-000000553654562	bsn-a001-00-000000013604308	17	03	8753	M	1	0	0	2	0
20260917	4291318	cmp-a001-02-000000010764328	grp-a001-02-000000072573876	추석선물셋트	nad-a001-02-000000573683834	bsn-a001-00-000000013604308	17	02	529514	M	2	0	0	8	0
20260917	4291318	cmp-a001-02-000000010764328	grp-a001-02-000000069047580	에너지바	nad-a001-02-000000553654554	bsn-a001-00-000000013604308	17	02	529514	M	5	0	0	5	0
20260917	4291318	cmp-a001-02-000000010764328	grp-a001-02-000000069047580	프로틴	nad-a001-02-000000553654562	bsn-a001-00-000000013604308	17	04	768323	M	3	0	0	3	0
20260917	4291318	cmp-a001-02-000000010764328	grp-a001-02-000000069047580	에너지바	nad-a001-02-000000553654559	bsn-a001-00-000000013604308	17	99	87620	M	1	0	0	4	0
20260917	4291318	cmp-a001-02-000000010764328	grp-a001-02-000000069047580	단백질바	nad-a001-02-000000553654559	bsn-a001-00-000000013604308	17	10	529514	M	2	0	0	6	0
20260917	4291318	cmp-a001-02-000000010764328	grp-a001-02-000000069047580	단백질	nad-a001-02-000000553654562	bsn-a001-00-000000013604308	17	11	27758	P	1	0	0	4	0
20260917	4291318	cmp-a001-02-000000010764328	grp-a001-02-000000069047580	단백질바	nad-a001-02-000000553654559	bsn-a001-00-000000013604308	17	01	529514	M	2	0	0	6	0
20260917	4291318	cmp-a001-02-000000010764328	grp-a001-02-000000069047580	안동참마가루	nad-a001-02-000000541753996	bsn-a001-00-000000013604308	17	99	341898	M	1	0	0	1	0
20260917	4291318	cmp-a001-02-000000010764328	grp-a001-02-000000069047580	프로틴바	nad-a001-02-000000553654554	bsn-a001-00-000000013604308	17	99	529514	M	2	0	0	2	0
20260917	4291318	cmp-a001-02-000000010764328	grp-a001-02-000000069047580	브랜드스토어	nad-a001-02-000000541753997	bsn-a001-00-000000013604308	17	02	8753	M	1	0	0	1	0
20260917	4291318	cmp-a001-02-000000010764328	grp-a001-02-000000069047580	프로틴	nad-a001-02-000000553654562	bsn-a001-00-000000013604308	17	09	529514	M	120	0	0	120	0
20260917	4291318	cmp-a001-02-000000010764328	grp-a001-02-000000069047580	엄마사랑	nad-a001-02-000000553654559	bsn-a001-00-000000013604308	17	06	11068	P	1	0	0	8	0
20260917	4291318	cmp-a001-02-000000010764328	grp-a001-02-000000072573876	스토어	nad-a001-02-000000573683834	bsn-a001-00-000000013604308	17	08	98128	M	5	0	0	10	0
20260917	4291318	cmp-a001-02-000000010764328	grp-a001-02-000000069047580	단백질간식	nad-a001-02-000000553654559	bsn-a001-00-000000013604308	17	02	684926	M	1	0	0	5	0
20260917	4291318	cmp-a001-02-000000010764328	grp-a001-02-000000069047580	프로틴바	nad-a001-02-000000553654554	bsn-a001-00-000000013604308	17	99	8753	M	1	0	0	1	0
20260917	4291318	cmp-a001-02-000000010764328	grp-a001-02-000000069047580	프로틴바	nad-a001-02-000000553654558	bsn-a001-00-000000013604308	17	10	8753	M	1	0	0	8	0
20260917	4291318	cmp-a001-02-000000010764328	grp-a001-02-000000069047580	프로틴바	nad-a001-02-000000553654559	bsn-a001-00-000000013604308	17	99	529514	M	2	0	0	6	0
20260917	4291318	cmp-a001-02-000000010764328	grp-a001-02-000000069047580	황성주생식	nad-a001-02-000000541753996	bsn-a001-00-000000013604308	17	16	8753	M	1	0	0	3	0
20260917	4291318	cmp-a001-02-000000010764328	grp-a001-02-000000072573876	추석선물세트	nad-a001-02-000000573683834	bsn-a001-00-000000013604308	17	02	11068	P	2	0	0	21	0
20260917	4291318	cmp-a001-02-000000010764328	grp-a001-02-000000069047580	프로틴	nad-a001-02-000000553654562	bsn-a001-00-000000013604308	17	17	768323	M	1	0	0	1	0
20260917	4291318	cmp-a001-02-000000010764328	grp-a001-02-000000069047580	가루	nad-a001-02-000000541753997	bsn-a001-00-000000013604308	17	02	609155	M	2	0	0	2	0
20260917	4291318	cmp-a001-02-000000010764328	grp-a001-02-000000069047580	단백질파우더	nad-a001-02-000000553654562	bsn-a001-00-000000013604308	17	03	33421	M	2	0	0	6	0
20260917	4291318	cmp-a001-02-000000010764328	grp-a001-02-000000069047580	단백질파우더	nad-a001-02-000000553654562	bsn-a001-00-000000013604308	17	99	8753	M	1	0	0	8	0
20260917	4291318	cmp-a001-02-000000010764328	grp-a001-02-000000069047580	단백질쉐이크	nad-a001-02-000000553654562	bsn-a001-00-000000013604308	17	01	529514	M	1	0	0	1	0
20260917	4291318	cmp-a001-02-000000010764328	grp-a001-02-000000069047580	엄마사랑단백질바	nad-a001-02-000000553654554	bsn-a001-00-000000013604308	17	06	11068	P	1	0	0	1	0
20260917	4291318	cmp-a001-02-000000010764328	grp-a001-02-000000069047580	에너지바	nad-a001-02-000000553654559	bsn-a001-00-000000013604308	17	01	529514	M	1	0	0	3	0
20260917	4291318	cmp-a001-02-000000010764328	grp-a001-02-000000069047580	황성주생식	nad-a001-02-000000541754005	bsn-a001-00-000000013604308	17	14	633013	M	1	0	0	4	0
20260917	4291318	cmp-a001-02-000000010764328	grp-a001-02-000000069047580	황성주생식	nad-a001-02-000000541754004	bsn-a001-00-000000013604308	17	01	633013	M	1	0	0	3	0
20260917	4291318	cmp-a001-02-000000010764328	grp-a001-02-000000069047580	단백질쉐이크	nad-a001-02-000000553654562	bsn-a001-00-000000013604308	17	03	529514	M	4	0	0	4	0
20260917	4291318	cmp-a001-02-000000010764328	grp-a001-02-000000069047580	에너지바	nad-a001-02-000000553654559	bsn-a001-00-000000013604308	17	18	529514	M	4	0	0	12	0
20260917	4291318	cmp-a001-02-000000010764328	grp-a001-02-000000072573876	추석선물세트	nad-a001-02-000000573683834	bsn-a001-00-000000013604308	17	11	8753	M	2	0	0	21	0
20260917	4291318	cmp-a001-02-000000010764328	grp-a001-02-000000069047580	황성주생식라이프밀	nad-a001-02-000000541753997	bsn-a001-00-000000013604308	17	02	684926	M	2	1	5991	2	0
20260917	4291318	cmp-a001-02-000000010764328	grp-a001-02-000000069047580	쉐이크	nad-a001-02-000000553654562	bsn-a001-00-000000013604308	17	11	98128	M	2	0	0	2	0
20260917	4291318	cmp-a001-02-000000010764328	grp-a001-02-000000069047580	단백질바추천	nad-a001-02-000000553654554	bsn-a001-00-000000013604308	17	02	612594	M	1	1	2310	2	0
20260917	4291318	cmp-a001-02-000000010764328	grp-a001-02-000000069047580	젤리	nad-a001-02-000000541753985	bsn-a001-00-000000013604308	17	01	8753	M	1	0	0	6	0
20260917	4291318	cmp-a001-02-000000010764328	grp-a001-02-000000069047580	단백질종류브랜드	nad-a001-02-000000553654562	bsn-a001-00-000000013604308	17	09	33421	M	1	0	0	1	0
20260917	4291318	cmp-a001-02-000000010764328	grp-a001-02-000000069047580	식물성단백질섭취시간때	nad-a001-02-000000553654562	bsn-a001-00-000000013604308	17	08	8753	M	1	0	0	3	0
20260917	4291318	cmp-a001-02-000000010764328	grp-a001-02-000000069047580	단백질간식	nad-a001-02-000000553654554	bsn-a001-00-000000013604308	17	13	27758	P	1	0	0	1	0
20260917	4291318	cmp-a001-02-000000010764328	grp-a001-02-000000069047580	99칼로리단백질바	nad-a001-02-000000553654554	bsn-a001-00-000000013604308	17	09	8753	M	1	0	0	1	0
20260917	4291318	cmp-a001-02-000000010764328	grp-a001-02-000000069047580	단백질바	nad-a001-02-000000553654554	bsn-a001-00-000000013604308	17	13	529514	M	2	0	0	2	0
20260917	4291318	cmp-a001-02-000000010764328	grp-a001-02-000000072573876	추석선물세트	nad-a001-02-000000573683834	bsn-a001-00-000000013604308	17	17	529514	M	10	0	0	37	0
20260917	4291318	cmp-a001-02-000000010764328	grp-a001-02-000000069047580	단백질쉐이크	nad-a001-02-000000553654562	bsn-a001-00-000000013604308	17	02	33421	M	1	0	0	7	0
20260917	4291318	cmp-a001-02-000000010764328	grp-a001-02-000000072573876	추석선물세트	nad-a001-02-000000573683834	bsn-a001-00-000000013604308	17	18	8753	M	1	0	0	2	0
20260917	4291318	cmp-a001-02-000000010764328	grp-a001-02-000000069047580	분말	nad-a001-02-000000541753997	bsn-a001-00-000000013604308	17	09	27758	P	1	0	0	1	0
20260917	4291318	cmp-a001-02-000000010764328	grp-a001-02-000000069047580	프로틴	nad-a001-02-000000553654562	bsn-a001-00-000000013604308	17	11	529514	M	3	0	0	3	0
20260917	4291318	cmp-a001-02-000000010764328	grp-a001-02-000000069047580	황성주생식	nad-a001-02-000000541754005	bsn-a001-00-000000013604308	17	99	633013	M	2	0	0	8	0
20260917	4291318	cmp-a001-02-000000010764328	grp-a001-02-000000069047580	단백질보충제	nad-a001-02-000000553654562	bsn-a001-00-000000013604308	17	09	8753	M	2	0	0	18	0
20260917	4291318	cmp-a001-02-000000010764328	grp-a001-02-000000069047580	프로틴	nad-a001-02-000000553654562	bsn-a001-00-000000013604308	17	03	768323	M	8	0	0	10	0
20260917	4291318	cmp-a001-02-000000010764328	grp-a001-02-000000069047580	PROTEIN	nad-a001-02-000000553654562	bsn-a001-00-000000013604308	17	09	335738	P	1	0	0	3	0
20260917	4291318	cmp-a001-02-000000010764328	grp-a001-02-000000069047580	황성주생식	nad-a001-02-000000541754004	bsn-a001-00-000000013604308	17	99	633013	M	2	0	0	6	0
20260917	4291318	cmp-a001-02-000000010764328	grp-a001-02-000000072573876	스토어	nad-a001-02-000000573683834	bsn-a001-00-000000013604308	17	02	248824	P	1	0	0	4	0
20260917	4291318	cmp-a001-02-000000010764328	grp-a001-02-000000072573876	추석선물세트	nad-a001-02-000000573683834	bsn-a001-00-000000013604308	17	16	8753	M	1	0	0	3	0
20260917	4291318	cmp-a001-02-000000010764328	grp-a001-02-000000069047580	젤리	nad-a001-02-000000541753985	bsn-a001-00-000000013604308	17	11	8753	M	1	0	0	3	0
20260917	4291318	cmp-a001-02-000000010764328	grp-a001-02-000000069047580	황성주생식	nad-a001-02-000000541753997	bsn-a001-00-000000013604308	17	02	27758	P	2	0	0	2	0
20260917	4291318	cmp-a001-02-000000010764328	grp-a001-02-000000069047580	가루	nad-a001-02-000000541754004	bsn-a001-00-000000013604308	17	01	8753	M	1	0	0	2	0
20260917	4291318	cmp-a001-02-000000010764328	grp-a001-02-000000069047580	단백질바	nad-a001-02-000000553654559	bsn-a001-00-000000013604308	17	09	529514	M	14	0	0	58	0
20260917	4291318	cmp-a001-02-000000010764328	grp-a001-02-000000069047580	단백질바	nad-a001-02-000000553654554	bsn-a001-00-000000013604308	17	00	27758	P	1	0	0	2	0
20260917	4291318	cmp-a001-02-000000010764328	grp-a001-02-000000069047580	단백질보충제	nad-a001-02-000000553654562	bsn-a001-00-000000013604308	17	02	8753	M	2	0	0	14	0
20260917	4291318	cmp-a001-02-000000010764328	grp-a001-02-000000069047580	황성주생식	nad-a001-02-000000541754004	bsn-a001-00-000000013604308	17	09	633013	M	11	0	0	33	0
20260917	4291318	cmp-a001-02-000000010764328	grp-a001-02-000000069047580	에너지바	nad-a001-02-000000553654554	bsn-a001-00-000000013604308	17	09	87620	M	1	0	0	1	0
20260917	4291318	cmp-a001-02-000000010764328	grp-a001-02-000000069047580	황성주생식	nad-a001-02-000000541753988	bsn-a001-00-000000013604308	17	01	633013	M	1	0	0	5	0
20260917	4291318	cmp-a001-02-000000010764328	grp-a001-02-000000069047580	젤리	nad-a001-02-000000541753985	bsn-a001-00-000000013604308	17	01	33421	M	1	0	0	2	0
20260917	4291318	cmp-a001-02-000000010764328	grp-a001-02-000000069047580	젤리	nad-a001-02-000000541753985	bsn-a001-00-000000013604308	17	99	8753	M	2	0	0	10	0
20260917	4291318	cmp-a001-02-000000010764328	grp-a001-02-000000069047580	단백질바	nad-a001-02-000000553654558	bsn-a001-00-000000013604308	17	07	529514	M	2	0	0	4	0
20260917	4291318	cmp-a001-02-000000010764328	grp-a001-02-000000069047580	프로틴바	nad-a001-02-000000553654559	bsn-a001-00-000000013604308	17	10	768323	M	1	0	0	4	0
20260917	4291318	cmp-a001-02-000000010764328	grp-a001-02-000000069047580	트레이더스단백질간식	nad-a001-02-000000553654558	bsn-a001-00-000000013604308	17	11	8753	M	1	0	0	4	0
20260917	4291318	cmp-a001-02-000000010764328	grp-a001-02-000000069047580	엄마사랑에너지바	nad-a001-02-000000553654554	bsn-a001-00-000000013604308	17	06	27758	P	1	0	0	1	0
20260917	4291318	cmp-a001-02-000000010764328	grp-a001-02-000000072573876	추석선물세트	nad-a001-02-000000573683834	bsn-a001-00-000000013604308	17	11	529514	M	18	0	0	60	0
20260917	4291318	cmp-a001-02-000000010764328	grp-a001-02-000000072573876	추석선물세트	nad-a001-02-000000573683834	bsn-a001-00-000000013604308	17	16	27758	P	1	0	0	2	0
20260917	4291318	cmp-a001-02-000000010764328	grp-a001-02-000000069047580	단백질쉐이크	nad-a001-02-000000553654562	bsn-a001-00-000000013604308	17	02	529514	M	71	0	0	71	0
20260917	4291318	cmp-a001-02-000000010764328	grp-a001-02-000000069047580	다이어트단백질쉐이크	nad-a001-02-000000553654562	bsn-a001-00-000000013604308	17	09	33421	M	2	0	0	6	0
20260917	4291318	cmp-a001-02-000000010764328	grp-a001-02-000000069047580	단백질쉐이크	nad-a001-02-000000553654562	bsn-a001-00-000000013604308	17	09	8753	M	1	0	0	5	0
20260917	4291318	cmp-a001-02-000000010764328	grp-a001-02-000000072573876	네이버스토어선물하기란	nad-a001-02-000000573683834	bsn-a001-00-000000013604308	17	02	27758	P	1	0	0	1	0
20260917	4291318	cmp-a001-02-000000010764328	grp-a001-02-000000069047580	단백질바	nad-a001-02-000000553654558	bsn-a001-00-000000013604308	17	02	8753	M	2	0	0	11	0
20260917	4291318	cmp-a001-02-000000010764328	grp-a001-02-000000069047580	황성주생식	nad-a001-02-000000541754004	bsn-a001-00-000000013604308	17	15	8753	M	1	0	0	2	0
20260917	4291318	cmp-a001-02-000000010764328	grp-a001-02-000000069047580	에너지바	nad-a001-02-000000553654559	bsn-a001-00-000000013604308	17	09	23123	P	4	0	0	17	0
20260917	4291318	cmp-a001-02-000000010764328	grp-a001-02-000000069047580	단백질간식	nad-a001-02-000000553654558	bsn-a001-00-000000013604308	17	07	27758	P	1	0	0	2	0
20260917	4291318	cmp-a001-02-000000010764328	grp-a001-02-000000069047580	단백질파우더	nad-a001-02-000000553654562	bsn-a001-00-000000013604308	17	09	8753	M	1	0	0	7	0
20260917	4291318	cmp-a001-02-000000010764328	grp-a001-02-000000069047580	식사대용단백질쉐이크	nad-a001-02-000000553654562	bsn-a001-00-000000013604308	17	02	11068	P	1	0	0	2	0
20260917	4291318	cmp-a001-02-000000010764328	grp-a001-02-000000069047580	프로틴파우더	nad-a001-02-000000553654562	bsn-a001-00-000000013604308	17	02	529514	M	2	0	0	2	0
20260917	4291318	cmp-a001-02-000000010764328	grp-a001-02-000000069047580	에너지바	nad-a001-02-000000553654558	bsn-a001-00-000000013604308	17	18	529514	M	4	0	0	8	0
20260917	4291318	cmp-a001-02-000000010764328	grp-a001-02-000000069047580	프로틴	nad-a001-02-000000553654562	bsn-a001-00-000000013604308	17	07	768323	M	3	0	0	5	0
20260917	4291318	cmp-a001-02-000000010764328	grp-a001-02-000000072573876	추석선물세트추천	nad-a001-02-000000573683834	bsn-a001-00-000000013604308	17	99	33421	M	1	0	0	3	0
20260917	4291318	cmp-a001-02-000000010764328	grp-a001-02-000000069047580	프로틴	nad-a001-02-000000553654562	bsn-a001-00-000000013604308	17	13	529514	M	5	0	0	5	0
20260917	4291318	cmp-a001-02-000000010764328	grp-a001-02-000000069047580	단백질보충제	nad-a001-02-000000553654562	bsn-a001-00-000000013604308	17	09	87620	M	2	0	0	2	0
20260917	4291318	cmp-a001-02-000000010764328	grp-a001-02-000000069047580	프로틴바	nad-a001-02-000000553654559	bsn-a001-00-000000013604308	17	02	98128	M	6	0	0	24	0
20260917	4291318	cmp-a001-02-000000010764328	grp-a001-02-000000069047580	보세브랜드초콜릿	nad-a001-02-000000541753985	bsn-a001-00-000000013604308	17	09	8753	M	1	0	0	1	0
20260917	4291318	cmp-a001-02-000000010764328	grp-a001-02-000000069047580	황성주생식	nad-a001-02-000000541754004	bsn-a001-00-000000013604308	17	02	633013	M	3	0	0	9	0
20260917	4291318	cmp-a001-02-000000010764328	grp-a001-02-000000069047580	에너지바	nad-a001-02-000000553654554	bsn-a001-00-000000013604308	17	02	27758	P	2	0	0	3	0
20260917	4291318	cmp-a001-02-000000010764328	grp-a001-02-000000069047580	99칼로리단백질바	nad-a001-02-000000553654559	bsn-a001-00-000000013604308	17	09	8753	M	1	0	0	3	0
20260917	4291318	cmp-a001-02-000000010764328	grp-a001-02-000000069047580	단백질쉐이크	nad-a001-02-000000553654562	bsn-a001-00-000000013604308	17	09	98128	M	1	0	0	1	0
20260917	4291318	cmp-a001-02-000000010764328	grp-a001-02-000000069047580	엄마사랑에너지바	nad-a001-02-000000553654558	bsn-a001-00-000000013604308	17	06	11068	P	1	0	0	3	0
20260917	4291318	cmp-a001-02-000000010764328	grp-a001-02-000000072573876	추석선물세트	nad-a001-02-000000573683834	bsn-a001-00-000000013604308	17	99	529514	M	188	0	0	657	0
20260917	4291318	cmp-a001-02-000000010764328	grp-a001-02-000000069047580	단백질간식	nad-a001-02-000000553654558	bsn-a001-00-000000013604308	17	02	8753	M	1	0	0	3	0
20260917	4291318	cmp-a001-02-000000010764328	grp-a001-02-000000069047580	단백질보충제	nad-a001-02-000000553654562	bsn-a001-00-000000013604308	17	06	33421	M	1	0	0	2	0
20260917	4291318	cmp-a001-02-000000010764328	grp-a001-02-000000069047580	도토리가루보관하는방법	nad-a001-02-000000541754005	bsn-a001-00-000000013604308	17	11	8753	M	1	0	0	4	0
20260917	4291318	cmp-a001-02-000000010764328	grp-a001-02-000000072573876	추석선물세트추천	nad-a001-02-000000573683834	bsn-a001-00-000000013604308	17	02	8753	M	1	0	0	1	0
20260917	4291318	cmp-a001-02-000000010764328	grp-a001-02-000000069047580	에너지바	nad-a001-02-000000553654559	bsn-a001-00-000000013604308	17	09	684926	M	2	0	0	18	0
20260917	4291318	cmp-a001-02-000000010764328	grp-a001-02-000000072573876	추석선물셋트	nad-a001-02-000000573683834	bsn-a001-00-000000013604308	17	04	529514	M	8	0	0	29	0
20260917	4291318	cmp-a001-02-000000010764328	grp-a001-02-000000069047580	황성주생식	nad-a001-02-000000541753996	bsn-a001-00-000000013604308	17	04	633013	M	2	0	0	4	0
20260917	4291318	cmp-a001-02-000000010764328	grp-a001-02-000000069047580	황성주생식	nad-a001-02-000000541753996	bsn-a001-00-000000013604308	17	02	633013	M	3	0	0	6	0
20260917	4291318	cmp-a001-02-000000010764328	grp-a001-02-000000069047580	황성주생식라이프밀	nad-a001-02-000000541753996	bsn-a001-00-000000013604308	17	08	8753	M	1	0	0	3	0
20260917	4291318	cmp-a001-02-000000010764328	grp-a001-02-000000069047580	단백질쉐이크	nad-a001-02-000000553654562	bsn-a001-00-000000013604308	17	04	33421	M	1	0	0	8	0
20260917	4291318	cmp-a001-02-000000010764328	grp-a001-02-000000069047580	황성주생식	nad-a001-02-000000541754004	bsn-a001-00-000000013604308	17	16	8753	M	1	1	5180	2	0
20260917	4291318	cmp-a001-02-000000010764328	grp-a001-02-000000072573876	추석선물세트	nad-a001-02-000000573683834	bsn-a001-00-000000013604308	17	09	798055	P	1	0	0	9	0
20260917	4291318	cmp-a001-02-000000010764328	grp-a001-02-000000069047580	단백질쉐이크	nad-a001-02-000000553654562	bsn-a001-00-000000013604308	17	01	98128	M	3	0	0	3	0
20260917	4291318	cmp-a001-02-000000010764328	grp-a001-02-000000069047580	분말	nad-a001-02-000000541753997	bsn-a001-00-000000013604308	17	09	684925	P	1	0	0	1	0
20260917	4291318	cmp-a001-02-000000010764328	grp-a001-02-000000069047580	단백질	nad-a001-02-000000553654562	bsn-a001-00-000000013604308	17	06	8753	M	1	0	0	6	0
20260917	4291318	cmp-a001-02-000000010764328	grp-a001-02-000000069047580	에너지바	nad-a001-02-000000553654554	bsn-a001-00-000000013604308	17	09	27758	P	1	0	0	3	0
20260917	4291318	cmp-a001-02-000000010764328	grp-a001-02-000000069047580	황성주생식	nad-a001-02-000000541753996	bsn-a001-00-000000013604308	17	02	33421	M	1	0	0	2	0
20260917	4291318	cmp-a001-02-000000010764328	grp-a001-02-000000069047580	단백질바	nad-a001-02-000000553654554	bsn-a001-00-000000013604308	17	10	529514	M	2	0	0	2	0
20260917	4291318	cmp-a001-02-000000010764328	grp-a001-02-000000069047580	두쫀쿠맛프로틴바	nad-a001-02-000000553654558	bsn-a001-00-000000013604308	17	02	27758	P	1	0	0	2	0
20260917	4291318	cmp-a001-02-000000010764328	grp-a001-02-000000069047580	마이차녹말고젤리	nad-a001-02-000000541753985	bsn-a001-00-000000013604308	17	15	8753	M	1	0	0	9	0
20260917	4291318	cmp-a001-02-000000010764328	grp-a001-02-000000069047580	단백질쉐이크	nad-a001-02-000000553654562	bsn-a001-00-000000013604308	17	99	529514	M	37	0	0	37	0
20260917	4291318	cmp-a001-02-000000010764328	grp-a001-02-000000069047580	프로틴바	nad-a001-02-000000553654554	bsn-a001-00-000000013604308	17	09	98128	M	2	0	0	2	0
20260917	4291318	cmp-a001-02-000000010764328	grp-a001-02-000000069047580	단백질바	nad-a001-02-000000553654559	bsn-a001-00-000000013604308	17	99	529514	M	6	0	0	18	0
20260917	4291318	cmp-a001-02-000000010764328	grp-a001-02-000000069047580	황성주생식	nad-a001-02-000000541754005	bsn-a001-00-000000013604308	17	02	33421	M	1	0	0	4	0
20260917	4291318	cmp-a001-02-000000010764328	grp-a001-02-000000069047580	단백질바	nad-a001-02-000000553654554	bsn-a001-00-000000013604308	17	07	529514	M	2	0	0	2	0
20260917	4291318	cmp-a001-02-000000010764328	grp-a001-02-000000069047580	식물성단백질	nad-a001-02-000000553654562	bsn-a001-00-000000013604308	17	03	529514	M	2	0	0	2	0
20260917	4291318	cmp-a001-02-000000010764328	grp-a001-02-000000069047580	단백질바	nad-a001-02-000000553654558	bsn-a001-00-000000013604308	17	99	529514	M	6	0	0	12	0
20260917	4291318	cmp-a001-02-000000010764328	grp-a001-02-000000069047580	황성주생식	nad-a001-02-000000541753997	bsn-a001-00-000000013604308	17	08	27758	P	1	0	0	1	0
20260917	4291318	cmp-a001-02-000000010764328	grp-a001-02-000000069047580	황성주생식	nad-a001-02-000000541754005	bsn-a001-00-000000013604308	17	08	633013	M	1	0	0	4	0
20260917	4291318	cmp-a001-02-000000010764328	grp-a001-02-000000072573876	추석선물세트추천	nad-a001-02-000000573683834	bsn-a001-00-000000013604308	17	06	8753	M	1	0	0	1	0
20260917	4291318	cmp-a001-02-000000010764328	grp-a001-02-000000069047580	프로틴	nad-a001-02-000000553654562	bsn-a001-00-000000013604308	17	08	768323	M	13	0	0	23	0
20260917	4291318	cmp-a001-02-000000010764328	grp-a001-02-000000069047580	소분단백질파우더	nad-a001-02-000000553654562	bsn-a001-00-000000013604308	17	11	8753	M	1	0	0	4	0
20260917	4291318	cmp-a001-02-000000010764328	grp-a001-02-000000069047580	프로틴	nad-a001-02-000000553654562	bsn-a001-00-000000013604308	17	09	768323	M	91	0	0	129	0
20260917	4291318	cmp-a001-02-000000010764328	grp-a001-02-000000069047580	황성주생식	nad-a001-02-000000541754004	bsn-a001-00-000000013604308	17	14	633013	M	1	0	0	3	0
20260917	4291318	cmp-a001-02-000000010764328	grp-a001-02-000000069047580	젤리	nad-a001-02-000000541753985	bsn-a001-00-000000013604308	17	99	529514	M	5	0	0	5	0
20260917	4291318	cmp-a001-02-000000010764328	grp-a001-02-000000069047580	프로틴	nad-a001-02-000000553654562	bsn-a001-00-000000013604308	17	02	529514	M	126	0	0	126	0
20260917	4291318	cmp-a001-02-000000010764328	grp-a001-02-000000069047580	황성주생식	nad-a001-02-000000541754005	bsn-a001-00-000000013604308	17	02	8753	M	3	0	0	12	0
20260917	4291318	cmp-a001-02-000000010764328	grp-a001-02-000000069047580	단백질간식	nad-a001-02-000000553654558	bsn-a001-00-000000013604308	17	09	27758	P	1	0	0	4	0
20260917	4291318	cmp-a001-02-000000010764328	grp-a001-02-000000069047580	프로틴	nad-a001-02-000000553654562	bsn-a001-00-000000013604308	17	00	768323	M	1	0	0	1	0
20260917	4291318	cmp-a001-02-000000010764328	grp-a001-02-000000069047580	단백질	nad-a001-02-000000553654562	bsn-a001-00-000000013604308	17	02	8753	M	2	0	0	9	0
20260917	4291318	cmp-a001-02-000000010764328	grp-a001-02-000000069047580	단백질쉐이크	nad-a001-02-000000553654562	bsn-a001-00-000000013604308	17	03	33421	M	1	0	0	4	0
20260917	4291318	cmp-a001-02-000000010764328	grp-a001-02-000000069047580	프로틴쉐이크	nad-a001-02-000000553654562	bsn-a001-00-000000013604308	17	10	98128	M	2	0	0	2	0
20260917	4291318	cmp-a001-02-000000010764328	grp-a001-02-000000069047580	젤리	nad-a001-02-000000541753985	bsn-a001-00-000000013604308	17	06	768323	M	1	0	0	1	0
20260917	4291318	cmp-a001-02-000000010764328	grp-a001-02-000000072573876	추석선물세트	nad-a001-02-000000573683834	bsn-a001-00-000000013604308	17	01	33421	M	2	0	0	2	0
20260917	4291318	cmp-a001-02-000000010764328	grp-a001-02-000000069047580	황성주생식	nad-a001-02-000000541753996	bsn-a001-00-000000013604308	17	01	633013	M	1	0	0	2	0
20260917	4291318	cmp-a001-02-000000010764328	grp-a001-02-000000069047580	프로틴바	nad-a001-02-000000553654559	bsn-a001-00-000000013604308	17	01	98128	M	1	0	0	4	0
20260917	4291318	cmp-a001-02-000000010764328	grp-a001-02-000000069047580	단백질파우더	nad-a001-02-000000553654562	bsn-a001-00-000000013604308	17	11	11068	P	1	0	0	11	0
20260917	4291318	cmp-a001-02-000000010764328	grp-a001-02-000000069047580	황성주생식	nad-a001-02-000000541753988	bsn-a001-00-000000013604308	17	04	633013	M	2	0	0	10	0
20260917	4291318	cmp-a001-02-000000010764328	grp-a001-02-000000072573876	추석선물세트	nad-a001-02-000000573683834	bsn-a001-00-000000013604308	17	01	529514	M	3	0	0	10	0
20260917	4291318	cmp-a001-02-000000010764328	grp-a001-02-000000069047580	황성주생식	nad-a001-02-000000541753996	bsn-a001-00-000000013604308	17	08	27758	P	1	0	0	2	0
20260917	4291318	cmp-a001-02-000000010764328	grp-a001-02-000000072573876	스토어	nad-a001-02-000000573683834	bsn-a001-00-000000013604308	17	16	98128	M	2	0	0	4	0
20260917	4291318	cmp-a001-02-000000010764328	grp-a001-02-000000069047580	젤리	nad-a001-02-000000541753985	bsn-a001-00-000000013604308	17	09	8753	M	1	0	0	6	0
20260917	4291318	cmp-a001-02-000000010764328	grp-a001-02-000000069047580	프로틴	nad-a001-02-000000553654562	bsn-a001-00-000000013604308	17	02	768323	M	31	0	0	38	0
20260917	4291318	cmp-a001-02-000000010764328	grp-a001-02-000000069047580	황성주생식	nad-a001-02-000000541753997	bsn-a001-00-000000013604308	17	16	8753	M	1	0	0	1	0
20260917	4291318	cmp-a001-02-000000010764328	grp-a001-02-000000069047580	다이어트쉐이크	nad-a001-02-000000553654562	bsn-a001-00-000000013604308	17	06	768323	M	2	0	0	18	0
20260917	4291318	cmp-a001-02-000000010764328	grp-a001-02-000000069047580	단백질간식	nad-a001-02-000000553654558	bsn-a001-00-000000013604308	17	07	684925	P	1	0	0	1	0
20260917	4291318	cmp-a001-02-000000010764328	grp-a001-02-000000072573876	추석선물세트	nad-a001-02-000000573683834	bsn-a001-00-000000013604308	17	08	8753	M	2	0	0	2	0
20260917	4291318	cmp-a001-02-000000010764328	grp-a001-02-000000069047580	젤리	nad-a001-02-000000541753985	bsn-a001-00-000000013604308	17	18	33421	M	1	0	0	2	0
20260917	4291318	cmp-a001-02-000000010764328	grp-a001-02-000000072573876	추석선물세트	nad-a001-02-000000573683834	bsn-a001-00-000000013604308	17	18	27758	P	2	0	0	2	0
20260917	4291318	cmp-a001-02-000000010764328	grp-a001-02-000000069047580	동결건조생식	nad-a001-02-000000541754005	bsn-a001-00-000000013604308	17	03	8753	M	1	0	0	4	0
20260917	4291318	cmp-a001-02-000000010764328	grp-a001-02-000000069047580	황성주생식	nad-a001-02-000000541753997	bsn-a001-00-000000013604308	17	02	633013	M	3	0	0	3	0
20260917	4291318	cmp-a001-02-000000010764328	grp-a001-02-000000069047580	황성주생식	nad-a001-02-000000541754004	bsn-a001-00-000000013604308	17	02	8753	M	3	2	10713	7	0
20260917	4291318	cmp-a001-02-000000010764328	grp-a001-02-000000069047580	단백질쉐이크	nad-a001-02-000000553654562	bsn-a001-00-000000013604308	17	02	27758	P	1	0	0	1	0
20260917	4291318	cmp-a001-02-000000010764328	grp-a001-02-000000069047580	프로틴바	nad-a001-02-000000553654554	bsn-a001-00-000000013604308	17	10	8753	M	1	0	0	4	0
20260917	4291318	cmp-a001-02-000000010764328	grp-a001-02-000000069047580	단백질바	nad-a001-02-000000553654554	bsn-a001-00-000000013604308	17	16	8753	M	1	0	0	1	0
20260917	4291318	cmp-a001-02-000000010764328	grp-a001-02-000000069047580	단백질쉐이크	nad-a001-02-000000553654562	bsn-a001-00-000000013604308	17	08	8753	M	1	0	0	3	0
20260917	4291318	cmp-a001-02-000000010764328	grp-a001-02-000000069047580	가루	nad-a001-02-000000541753996	bsn-a001-00-000000013604308	17	02	609155	M	2	0	0	6	0
20260917	4291318	cmp-a001-02-000000010764328	grp-a001-02-000000072573876	명절선물	nad-a001-02-000000573683834	bsn-a001-00-000000013604308	17	13	33421	M	1	1	5843	1	0
20260917	4291318	cmp-a001-02-000000010764328	grp-a001-02-000000072573876	추석선물세트	nad-a001-02-000000573683834	bsn-a001-00-000000013604308	17	03	8753	M	4	0	0	8	0
20260917	4291318	cmp-a001-02-000000010764328	grp-a001-02-000000069047580	프로틴	nad-a001-02-000000553654562	bsn-a001-00-000000013604308	17	18	684926	M	1	0	0	11	0
20260917	4291318	cmp-a001-02-000000010764328	grp-a001-02-000000069047580	프로틴	nad-a001-02-000000553654562	bsn-a001-00-000000013604308	17	14	529514	M	1	0	0	1	0
20260917	4291318	cmp-a001-02-000000010764328	grp-a001-02-000000069047580	단백질쉐이크	nad-a001-02-000000553654562	bsn-a001-00-000000013604308	17	06	33421	M	1	0	0	1	0
20260917	4291318	cmp-a001-02-000000010764328	grp-a001-02-000000069047580	프로틴	nad-a001-02-000000553654562	bsn-a001-00-000000013604308	17	14	768323	M	1	0	0	2	0
20260917	4291318	cmp-a001-02-000000010764328	grp-a001-02-000000072573876	추석선물세트	nad-a001-02-000000573683834	bsn-a001-00-000000013604308	17	15	529514	M	50	0	0	176	0
20260917	4291318	cmp-a001-02-000000010764328	grp-a001-02-000000069047580	프로틴간식	nad-a001-02-000000553654554	bsn-a001-00-000000013604308	17	02	11068	P	1	0	0	2	0
20260917	4291318	cmp-a001-02-000000010764328	grp-a001-02-000000069047580	샐러드젤리	nad-a001-02-000000541753985	bsn-a001-00-000000013604308	17	11	341898	M	1	0	0	3	0
20260917	4291318	cmp-a001-02-000000010764328	grp-a001-02-000000069047580	단백질쉐이크	nad-a001-02-000000553654562	bsn-a001-00-000000013604308	17	02	98128	M	4	0	0	4	0
20260917	4291318	cmp-a001-02-000000010764328	grp-a001-02-000000069047580	엄마사랑단백질바	nad-a001-02-000000553654558	bsn-a001-00-000000013604308	17	06	11068	P	1	0	0	2	0
20260917	4291318	cmp-a001-02-000000010764328	grp-a001-02-000000072573876	스토어	nad-a001-02-000000573683834	bsn-a001-00-000000013604308	17	99	98128	M	9	0	0	18	0
20260917	4291318	cmp-a001-02-000000010764328	grp-a001-02-000000069047580	프로틴바	nad-a001-02-000000553654558	bsn-a001-00-000000013604308	17	18	27758	P	1	0	0	3	0
20260917	4291318	cmp-a001-02-000000010764328	grp-a001-02-000000072573876	추석선물세트	nad-a001-02-000000573683834	bsn-a001-00-000000013604308	17	04	529514	M	20	0	0	70	0
20260917	4291318	cmp-a001-02-000000010764328	grp-a001-02-000000069047580	황성주생식라이프밀	nad-a001-02-000000541753996	bsn-a001-00-000000013604308	17	02	684926	M	2	1	5266	4	0
20260917	4291318	cmp-a001-02-000000010764328	grp-a001-02-000000069047580	황성주생식라이프밀	nad-a001-02-000000541753997	bsn-a001-00-000000013604308	17	02	8753	M	1	0	0	1	0
20260917	4291318	cmp-a001-02-000000010764328	grp-a001-02-000000069047580	황성주생식라이프밀	nad-a001-02-000000541754005	bsn-a001-00-000000013604308	17	02	684926	M	2	0	0	8	0
20260917	4291318	cmp-a001-02-000000010764328	grp-a001-02-000000069047580	에너지바	nad-a001-02-000000553654558	bsn-a001-00-000000013604308	17	02	529514	M	5	0	0	10	0
20260917	4291318	cmp-a001-02-000000010764328	grp-a001-02-000000069047580	단백질간식추천	nad-a001-02-000000553654554	bsn-a001-00-000000013604308	17	02	8753	M	1	0	0	1	0
20260917	4291318	cmp-a001-02-000000010764328	grp-a001-02-000000069047580	황성주생식	nad-a001-02-000000541753997	bsn-a001-00-000000013604308	17	02	8753	M	3	0	0	3	0
20260917	4291318	cmp-a001-02-000000010764328	grp-a001-02-000000069047580	단백질쉐이크	nad-a001-02-000000553654562	bsn-a001-00-000000013604308	17	06	529514	M	22	0	0	22	0
20260917	4291318	cmp-a001-02-000000010764328	grp-a001-02-000000072573876	추석선물세트	nad-a001-02-000000573683834	bsn-a001-00-000000013604308	17	08	11068	P	1	0	0	12	0
20260917	4291318	cmp-a001-02-000000010764328	grp-a001-02-000000069047580	황성주생식	nad-a001-02-000000541754005	bsn-a001-00-000000013604308	17	08	8753	M	1	0	0	4	0
20260917	4291318	cmp-a001-02-000000010764328	grp-a001-02-000000072573876	추석선물세트	nad-a001-02-000000573683834	bsn-a001-00-000000013604308	17	18	529514	M	29	0	0	100	0
20260917	4291318	cmp-a001-02-000000010764328	grp-a001-02-000000069047580	프로틴바	nad-a001-02-000000553654558	bsn-a001-00-000000013604308	17	15	98128	M	1	0	0	2	0
20260917	4291318	cmp-a001-02-000000010764328	grp-a001-02-000000069047580	단백질바	nad-a001-02-000000553654559	bsn-a001-00-000000013604308	17	07	529514	M	2	0	0	6	0
20260917	4291318	cmp-a001-02-000000010764328	grp-a001-02-000000069047580	프로틴	nad-a001-02-000000553654562	bsn-a001-00-000000013604308	17	00	529514	M	6	0	0	6	0
20260917	4291318	cmp-a001-02-000000010764328	grp-a001-02-000000069047580	단백질보충제	nad-a001-02-000000553654562	bsn-a001-00-000000013604308	17	04	8753	M	2	0	0	20	0
20260917	4291318	cmp-a001-02-000000010764328	grp-a001-02-000000069047580	에너지바	nad-a001-02-000000553654554	bsn-a001-00-000000013604308	17	08	8753	M	1	0	0	1	0
20260917	4291318	cmp-a001-02-000000010764328	grp-a001-02-000000069047580	프로틴바	nad-a001-02-000000553654554	bsn-a001-00-000000013604308	17	09	529514	M	11	0	0	11	0
20260917	4291318	cmp-a001-02-000000010764328	grp-a001-02-000000072573876	추석선물세트	nad-a001-02-000000573683834	bsn-a001-00-000000013604308	17	01	8753	M	5	0	0	8	0
20260917	4291318	cmp-a001-02-000000010764328	grp-a001-02-000000069047580	프로틴바	nad-a001-02-000000553654559	bsn-a001-00-000000013604308	17	10	529514	M	2	0	0	6	0
20260917	4291318	cmp-a001-02-000000010764328	grp-a001-02-000000072573876	추석선물세트	nad-a001-02-000000573683834	bsn-a001-00-000000013604308	17	10	529514	M	12	0	0	43	0
20260917	4291318	cmp-a001-02-000000010764328	grp-a001-02-000000069047580	분말	nad-a001-02-000000541754005	bsn-a001-00-000000013604308	17	09	27758	P	1	0	0	4	0
20260917	4291318	cmp-a001-02-000000010764328	grp-a001-02-000000069047580	다이어트쉐이크	nad-a001-02-000000553654562	bsn-a001-00-000000013604308	17	09	529514	M	4	0	0	4	0
20260917	4291318	cmp-a001-02-000000010764328	grp-a001-02-000000069047580	단백질쉐이크하루2개	nad-a001-02-000000553654562	bsn-a001-00-000000013604308	17	03	27758	P	1	0	0	3	0
20260917	4291318	cmp-a001-02-000000010764328	grp-a001-02-000000069047580	탄수화물바	nad-a001-02-000000553654554	bsn-a001-00-000000013604308	17	09	27758	P	1	0	0	2	0
20260917	4291318	cmp-a001-02-000000010764328	grp-a001-02-000000069047580	프로틴	nad-a001-02-000000553654562	bsn-a001-00-000000013604308	17	02	8753	M	3	0	0	13	0
20260917	4291318	cmp-a001-02-000000010764328	grp-a001-02-000000069047580	단백질쉐이크	nad-a001-02-000000553654562	bsn-a001-00-000000013604308	17	11	8753	M	2	0	0	10	0
20260917	4291318	cmp-a001-02-000000010764328	grp-a001-02-000000069047580	식물단백질	nad-a001-02-000000553654562	bsn-a001-00-000000013604308	17	02	8753	M	1	0	0	2	0
20260917	4291318	cmp-a001-02-000000010764328	grp-a001-02-000000069047580	프로틴	nad-a001-02-000000553654562	bsn-a001-00-000000013604308	17	09	8753	M	3	0	0	17	0
20260917	4291318	cmp-a001-02-000000010764328	grp-a001-02-000000069047580	프로틴바	nad-a001-02-000000553654554	bsn-a001-00-000000013604308	17	01	98128	M	2	0	0	2	0
20260917	4291318	cmp-a001-02-000000010764328	grp-a001-02-000000072573876	추석선물세트	nad-a001-02-000000573683834	bsn-a001-00-000000013604308	17	01	27758	P	1	0	0	2	0
20260917	4291318	cmp-a001-02-000000010764328	grp-a001-02-000000069047580	프로틴바	nad-a001-02-000000553654554	bsn-a001-00-000000013604308	17	10	768323	M	1	0	0	1	0
20260917	4291318	cmp-a001-02-000000010764328	grp-a001-02-000000072573876	추석선물셋트	nad-a001-02-000000573683834	bsn-a001-00-000000013604308	17	02	633013	M	1	0	0	5	0
20260917	4291318	cmp-a001-02-000000010764328	grp-a001-02-000000069047580	단백질쉐이크	nad-a001-02-000000553654562	bsn-a001-00-000000013604308	17	13	684925	P	1	0	0	1	0
20260917	4291318	cmp-a001-02-000000010764328	grp-a001-02-000000069047580	프로틴	nad-a001-02-000000553654562	bsn-a001-00-000000013604308	17	03	529514	M	2	0	0	2	0
20260917	4291318	cmp-a001-02-000000010764328	grp-a001-02-000000069047580	프로틴	nad-a001-02-000000553654562	bsn-a001-00-000000013604308	17	16	684926	M	2	0	0	12	0
20260917	4291318	cmp-a001-02-000000010764328	grp-a001-02-000000069047580	에너지바	nad-a001-02-000000553654554	bsn-a001-00-000000013604308	17	99	529514	M	4	0	0	4	0
20260917	4291318	cmp-a001-02-000000010764328	grp-a001-02-000000069047580	단백질쉐이크	nad-a001-02-000000553654562	bsn-a001-00-000000013604308	17	13	529514	M	6	0	0	6	0
20260917	4291318	cmp-a001-02-000000010764328	grp-a001-02-000000072573876	추석선물세트	nad-a001-02-000000573683834	bsn-a001-00-000000013604308	17	18	33421	M	1	0	0	1	0
20260917	4291318	cmp-a001-02-000000010764328	grp-a001-02-000000072573876	추석선물세트	nad-a001-02-000000573683834	bsn-a001-00-000000013604308	17	02	529514	M	210	0	0	741	0
20260917	4291318	cmp-a001-02-000000010764328	grp-a001-02-000000069047580	황성주생식	nad-a001-02-000000541754004	bsn-a001-00-000000013604308	17	08	633013	M	1	0	0	3	0
20260917	4291318	cmp-a001-02-000000010764328	grp-a001-02-000000069047580	에너지바	nad-a001-02-000000553654558	bsn-a001-00-000000013604308	17	15	8753	M	1	0	0	2	0
20260917	4291318	cmp-a001-02-000000010764328	grp-a001-02-000000069047580	단백질	nad-a001-02-000000553654562	bsn-a001-00-000000013604308	17	02	529514	M	13	0	0	13	0
20260917	4291318	cmp-a001-02-000000010764328	grp-a001-02-000000069047580	사탕젤리	nad-a001-02-000000541753985	bsn-a001-00-000000013604308	17	08	23123	P	1	0	0	1	0
20260917	4291318	cmp-a001-02-000000010764328	grp-a001-02-000000069047580	프로틴바	nad-a001-02-000000553654558	bsn-a001-00-000000013604308	17	11	768323	M	1	0	0	2	0
20260917	4291318	cmp-a001-02-000000010764328	grp-a001-02-000000069047580	단백질쉐이크	nad-a001-02-000000553654562	bsn-a001-00-000000013604308	17	07	529514	M	1	0	0	1	0
20260917	4291318	cmp-a001-02-000000010764328	grp-a001-02-000000069047580	단백질보충제	nad-a001-02-000000553654562	bsn-a001-00-000000013604308	17	00	87620	M	1	0	0	2	0
20260917	4291318	cmp-a001-02-000000010764328	grp-a001-02-000000069047580	단백질보충제	nad-a001-02-000000553654562	bsn-a001-00-000000013604308	17	02	529514	M	4	0	0	4	0
20260917	4291318	cmp-a001-02-000000010764328	grp-a001-02-000000069047580	뮈시어단백질바종류별	nad-a001-02-000000553654554	bsn-a001-00-000000013604308	17	99	8753	M	1	0	0	4	0
20260917	4291318	cmp-a001-02-000000010764328	grp-a001-02-000000069047580	황성주생식	nad-a001-02-000000541753997	bsn-a001-00-000000013604308	17	08	8753	M	1	0	0	1	0
20260917	4291318	cmp-a001-02-000000010764328	grp-a001-02-000000069047580	단백질보충제	nad-a001-02-000000553654562	bsn-a001-00-000000013604308	17	13	8753	M	1	0	0	5	0
20260917	4291318	cmp-a001-02-000000010764328	grp-a001-02-000000069047580	분말	nad-a001-02-000000541754005	bsn-a001-00-000000013604308	17	11	8753	M	1	0	0	4	0
20260917	4291318	cmp-a001-02-000000010764328	grp-a001-02-000000069047580	단백질보충제	nad-a001-02-000000553654562	bsn-a001-00-000000013604308	17	06	8753	M	2	0	0	12	0
20260917	4291318	cmp-a001-02-000000010764328	grp-a001-02-000000069047580	프로틴	nad-a001-02-000000553654562	bsn-a001-00-000000013604308	17	03	8753	M	1	0	0	4	0
20260917	4291318	cmp-a001-02-000000010764328	grp-a001-02-000000069047580	프로틴	nad-a001-02-000000553654562	bsn-a001-00-000000013604308	17	10	8753	M	1	0	0	4	0
20260917	4291318	cmp-a001-02-000000010764328	grp-a001-02-000000069047580	황성주생식	nad-a001-02-000000541753997	bsn-a001-00-000000013604308	12	09	424040	M	1	0	0	1	0
20260917	4291318	cmp-a001-02-000000010764328	grp-a001-02-000000069047580	단백질바	nad-a001-02-000000553654558	bsn-a001-00-000000013604308	18	17	8753	M	1	0	0	5	0
20260917	4291318	cmp-a001-02-000000010764328	grp-a001-02-000000069047580	식이섬유쉐이크	nad-a001-02-000000553654562	bsn-a001-00-000000013604308	18	02	8753	M	1	0	0	3	0
20260917	4291318	cmp-a001-02-000000010764328	grp-a001-02-000000072573876	추석선물세트	nad-a001-02-000000573683834	bsn-a001-00-000000013604308	18	17	874301	P	2	0	0	16	0
20260917	4291318	cmp-a001-02-000000010764328	grp-a001-02-000000069047580	황성주생식	nad-a001-02-000000541754005	bsn-a001-00-000000013604308	18	03	8753	M	1	0	0	4	0
20260917	4291318	cmp-a001-02-000000010764328	grp-a001-02-000000069047580	황성주생식	nad-a001-02-000000541754005	bsn-a001-00-000000013604308	18	15	8753	M	2	0	0	8	0
20260917	4291318	cmp-a001-02-000000010764328	grp-a001-02-000000069047580	황성주생식	nad-a001-02-000000541754004	bsn-a001-00-000000013604308	18	02	633013	M	4	0	0	12	0
20260917	4291318	cmp-a001-02-000000010764328	grp-a001-02-000000069047580	엄마사랑단백질바	nad-a001-02-000000553654559	bsn-a001-00-000000013604308	18	03	33421	M	1	0	0	6	0
20260917	4291318	cmp-a001-02-000000010764328	grp-a001-02-000000069047580	황성주생식	nad-a001-02-000000541754004	bsn-a001-00-000000013604308	18	03	8753	M	1	1	5106	2	0
20260917	4291318	cmp-a001-02-000000010764328	grp-a001-02-000000069047580	단백질	nad-a001-02-000000553654562	bsn-a001-00-000000013604308	18	07	529514	M	3	0	0	3	0
20260917	4291318	cmp-a001-02-000000010764328	grp-a001-02-000000072573876	추석선물세트추천	nad-a001-02-000000573683834	bsn-a001-00-000000013604308	18	10	8753	M	1	0	0	13	0
20260917	4291318	cmp-a001-02-000000010764328	grp-a001-02-000000069047580	HIGHHIGH	nad-a001-02-000000553654562	bsn-a001-00-000000013604308	18	09	137281	M	2	0	0	2	0
20260917	4291318	cmp-a001-02-000000010764328	grp-a001-02-000000069047580	단백질쉐이크	nad-a001-02-000000553654562	bsn-a001-00-000000013604308	18	07	529514	M	3	0	0	3	0
20260917	4291318	cmp-a001-02-000000010764328	grp-a001-02-000000072573876	추석선물세트	nad-a001-02-000000573683834	bsn-a001-00-000000013604308	18	04	33421	M	1	0	0	1	0
20260917	4291318	cmp-a001-02-000000010764328	grp-a001-02-000000069047580	황성주생식	nad-a001-02-000000541753996	bsn-a001-00-000000013604308	18	99	8753	M	3	0	0	9	0
20260917	4291318	cmp-a001-02-000000010764328	grp-a001-02-000000072573876	추석선물세트	nad-a001-02-000000573683834	bsn-a001-00-000000013604308	18	07	8753	M	3	0	0	4	0
20260917	4291318	cmp-a001-02-000000010764328	grp-a001-02-000000069047580	황성주생식	nad-a001-02-000000541753988	bsn-a001-00-000000013604308	18	16	8753	M	1	0	0	5	0
20260917	4291318	cmp-a001-02-000000010764328	grp-a001-02-000000069047580	프로틴	nad-a001-02-000000553654562	bsn-a001-00-000000013604308	18	02	529514	M	4	0	0	4	0
20260917	4291318	cmp-a001-02-000000010764328	grp-a001-02-000000069047580	프로틴	nad-a001-02-000000553654562	bsn-a001-00-000000013604308	18	09	684926	M	1	0	0	6	0
20260917	4291318	cmp-a001-02-000000010764328	grp-a001-02-000000069047580	프로틴바	nad-a001-02-000000553654558	bsn-a001-00-000000013604308	18	99	529514	M	4	0	0	8	0
20260917	4291318	cmp-a001-02-000000010764328	grp-a001-02-000000069047580	황성주생식	nad-a001-02-000000541753988	bsn-a001-00-000000013604308	18	03	8753	M	1	0	0	5	0
20260917	4291318	cmp-a001-02-000000010764328	grp-a001-02-000000069047580	단백질바	nad-a001-02-000000553654554	bsn-a001-00-000000013604308	18	17	8753	M	1	0	0	2	0
20260917	4291318	cmp-a001-02-000000010764328	grp-a001-02-000000069047580	젤리	nad-a001-02-000000541753985	bsn-a001-00-000000013604308	18	08	8753	M	1	0	0	4	0
20260917	4291318	cmp-a001-02-000000010764328	grp-a001-02-000000069047580	가루	nad-a001-02-000000541754004	bsn-a001-00-000000013604308	18	02	27758	P	1	0	0	3	0
20260917	4291318	cmp-a001-02-000000010764328	grp-a001-02-000000072573876	추석선물세트추천	nad-a001-02-000000573683834	bsn-a001-00-000000013604308	18	02	33421	M	4	0	0	21	0
20260917	4291318	cmp-a001-02-000000010764328	grp-a001-02-000000069047580	브랜드스토어	nad-a001-02-000000541753997	bsn-a001-00-000000013604308	18	01	8753	M	1	0	0	1	0
20260917	4291318	cmp-a001-02-000000010764328	grp-a001-02-000000069047580	단백질간식	nad-a001-02-000000553654558	bsn-a001-00-000000013604308	18	03	684926	M	1	0	0	2	0
20260917	4291318	cmp-a001-02-000000010764328	grp-a001-02-000000069047580	PROTEIN	nad-a001-02-000000553654562	bsn-a001-00-000000013604308	18	07	33421	M	1	0	0	12	0
20260917	4291318	cmp-a001-02-000000010764328	grp-a001-02-000000069047580	단백질바	nad-a001-02-000000553654558	bsn-a001-00-000000013604308	18	99	8753	M	1	0	0	5	0
20260917	4291318	cmp-a001-02-000000010764328	grp-a001-02-000000069047580	단백질바	nad-a001-02-000000553654559	bsn-a001-00-000000013604308	18	04	529514	M	2	0	0	6	0
20260917	4291318	cmp-a001-02-000000010764328	grp-a001-02-000000069047580	단백질바	nad-a001-02-000000553654558	bsn-a001-00-000000013604308	18	04	529514	M	2	0	0	4	0
20260917	4291318	cmp-a001-02-000000010764328	grp-a001-02-000000072573876	추석선물세트	nad-a001-02-000000573683834	bsn-a001-00-000000013604308	18	06	8753	M	1	0	0	2	0
20260917	4291318	cmp-a001-02-000000010764328	grp-a001-02-000000069047580	단백질보충제	nad-a001-02-000000553654562	bsn-a001-00-000000013604308	18	02	8753	M	2	0	0	17	0
20260917	4291318	cmp-a001-02-000000010764328	grp-a001-02-000000069047580	프로틴단백질	nad-a001-02-000000553654562	bsn-a001-00-000000013604308	18	09	529514	M	2	0	0	2	0
20260917	4291318	cmp-a001-02-000000010764328	grp-a001-02-000000069047580	젤리	nad-a001-02-000000541753985	bsn-a001-00-000000013604308	18	08	87620	M	1	0	0	1	0
20260917	4291318	cmp-a001-02-000000010764328	grp-a001-02-000000072573876	가루	nad-a001-02-000000573683834	bsn-a001-00-000000013604308	18	11	23123	P	1	0	0	10	0
20260917	4291318	cmp-a001-02-000000010764328	grp-a001-02-000000069047580	에너지바	nad-a001-02-000000553654559	bsn-a001-00-000000013604308	18	09	87620	M	1	0	0	3	0
20260917	4291318	cmp-a001-02-000000010764328	grp-a001-02-000000069047580	프로틴	nad-a001-02-000000553654562	bsn-a001-00-000000013604308	18	14	768323	M	2	0	0	2	0
20260917	4291318	cmp-a001-02-000000010764328	grp-a001-02-000000069047580	단백질바	nad-a001-02-000000553654554	bsn-a001-00-000000013604308	18	09	8753	M	2	0	0	10	0
20260917	4291318	cmp-a001-02-000000010764328	grp-a001-02-000000069047580	황성주생식	nad-a001-02-000000541753997	bsn-a001-00-000000013604308	18	18	633013	M	2	0	0	2	0
20260917	4291318	cmp-a001-02-000000010764328	grp-a001-02-000000069047580	엄마사랑단백질바	nad-a001-02-000000553654554	bsn-a001-00-000000013604308	18	03	33421	M	1	0	0	1	0
20260917	4291318	cmp-a001-02-000000010764328	grp-a001-02-000000069047580	프로틴	nad-a001-02-000000553654562	bsn-a001-00-000000013604308	18	15	529514	M	2	0	0	2	0
20260917	4291318	cmp-a001-02-000000010764328	grp-a001-02-000000069047580	황성주생식	nad-a001-02-000000541754005	bsn-a001-00-000000013604308	18	13	633013	M	2	0	0	8	0
20260917	4291318	cmp-a001-02-000000010764328	grp-a001-02-000000069047580	단백질바	nad-a001-02-000000553654559	bsn-a001-00-000000013604308	18	99	529514	M	8	0	0	24	0
20260917	4291318	cmp-a001-02-000000010764328	grp-a001-02-000000069047580	황성주생식	nad-a001-02-000000541753988	bsn-a001-00-000000013604308	18	01	633013	M	2	0	0	10	0
20260917	4291318	cmp-a001-02-000000010764328	grp-a001-02-000000069047580	황성주생식	nad-a001-02-000000541753996	bsn-a001-00-000000013604308	18	03	8753	M	1	0	0	3	0
20260917	4291318	cmp-a001-02-000000010764328	grp-a001-02-000000072573876	추석선물셋트	nad-a001-02-000000573683834	bsn-a001-00-000000013604308	18	09	529514	M	13	0	0	25	0
20260917	4291318	cmp-a001-02-000000010764328	grp-a001-02-000000069047580	프로틴	nad-a001-02-000000553654562	bsn-a001-00-000000013604308	18	01	529514	M	5	0	0	5	0
20260917	4291318	cmp-a001-02-000000010764328	grp-a001-02-000000069047580	단백질바	nad-a001-02-000000553654559	bsn-a001-00-000000013604308	18	02	529514	M	6	0	0	24	0
20260917	4291318	cmp-a001-02-000000010764328	grp-a001-02-000000069047580	단백질보충제효능	nad-a001-02-000000553654562	bsn-a001-00-000000013604308	18	09	8753	M	1	0	0	5	0
20260917	4291318	cmp-a001-02-000000010764328	grp-a001-02-000000069047580	단백질바	nad-a001-02-000000553654559	bsn-a001-00-000000013604308	18	09	529514	M	26	0	0	99	0
20260917	4291318	cmp-a001-02-000000010764328	grp-a001-02-000000069047580	단백질	nad-a001-02-000000553654562	bsn-a001-00-000000013604308	18	10	8753	M	1	0	0	6	0
20260917	4291318	cmp-a001-02-000000010764328	grp-a001-02-000000069047580	황성주생식	nad-a001-02-000000541753996	bsn-a001-00-000000013604308	18	03	633013	M	1	0	0	2	0
20260917	4291318	cmp-a001-02-000000010764328	grp-a001-02-000000069047580	황성주생식	nad-a001-02-000000541753997	bsn-a001-00-000000013604308	18	11	8753	M	2	1	4352	2	0
20260917	4291318	cmp-a001-02-000000010764328	grp-a001-02-000000069047580	단백질	nad-a001-02-000000553654562	bsn-a001-00-000000013604308	18	99	137281	M	1	0	0	1	0
20260917	4291318	cmp-a001-02-000000010764328	grp-a001-02-000000069047580	황성주생식라이프밀	nad-a001-02-000000541754005	bsn-a001-00-000000013604308	18	02	8753	M	2	0	0	8	0
20260917	4291318	cmp-a001-02-000000010764328	grp-a001-02-000000069047580	황성주생식	nad-a001-02-000000541754004	bsn-a001-00-000000013604308	18	04	8753	M	1	1	4763	2	0
20260917	4291318	cmp-a001-02-000000010764328	grp-a001-02-000000069047580	다이어트프로틴쉐이크	nad-a001-02-000000553654562	bsn-a001-00-000000013604308	18	09	11068	P	1	0	0	14	0
20260917	4291318	cmp-a001-02-000000010764328	grp-a001-02-000000069047580	단백질보충제	nad-a001-02-000000553654562	bsn-a001-00-000000013604308	18	09	23123	P	1	0	0	1	0
20260917	4291318	cmp-a001-02-000000010764328	grp-a001-02-000000069047580	어르신단백질간식	nad-a001-02-000000553654554	bsn-a001-00-000000013604308	18	09	27758	P	1	0	0	1	0
20260917	4291318	cmp-a001-02-000000010764328	grp-a001-02-000000072573876	스토어	nad-a001-02-000000573683834	bsn-a001-00-000000013604308	18	09	248824	P	1	0	0	2	0
20260917	4291318	cmp-a001-02-000000010764328	grp-a001-02-000000069047580	프로틴순위	nad-a001-02-000000553654562	bsn-a001-00-000000013604308	18	04	8753	M	1	0	0	1	0
20260917	4291318	cmp-a001-02-000000010764328	grp-a001-02-000000069047580	단백질보충제	nad-a001-02-000000553654562	bsn-a001-00-000000013604308	18	14	529514	M	5	0	0	5	0
20260917	4291318	cmp-a001-02-000000010764328	grp-a001-02-000000069047580	프로틴바	nad-a001-02-000000553654554	bsn-a001-00-000000013604308	18	16	529514	M	1	0	0	1	0
20260917	4291318	cmp-a001-02-000000010764328	grp-a001-02-000000069047580	젤리	nad-a001-02-000000541753985	bsn-a001-00-000000013604308	18	08	768323	M	3	0	0	3	0
20260917	4291318	cmp-a001-02-000000010764328	grp-a001-02-000000069047580	엄마사랑단백질바	nad-a001-02-000000553654554	bsn-a001-00-000000013604308	18	03	8753	M	1	0	0	1	0
20260917	4291318	cmp-a001-02-000000010764328	grp-a001-02-000000069047580	프로틴쉐이크	nad-a001-02-000000553654562	bsn-a001-00-000000013604308	18	08	11068	P	1	0	0	2	0
20260917	4291318	cmp-a001-02-000000010764328	grp-a001-02-000000069047580	프로틴바	nad-a001-02-000000553654559	bsn-a001-00-000000013604308	18	04	768323	M	2	0	0	16	0
20260917	4291318	cmp-a001-02-000000010764328	grp-a001-02-000000069047580	프로틴	nad-a001-02-000000553654562	bsn-a001-00-000000013604308	18	08	529514	M	7	0	0	7	0
20260917	4291318	cmp-a001-02-000000010764328	grp-a001-02-000000072573876	추석선물세트추천	nad-a001-02-000000573683834	bsn-a001-00-000000013604308	18	04	33421	M	1	0	0	1	0
20260917	4291318	cmp-a001-02-000000010764328	grp-a001-02-000000069047580	가루	nad-a001-02-000000541754005	bsn-a001-00-000000013604308	18	03	8753	M	1	0	0	4	0
20260917	4291318	cmp-a001-02-000000010764328	grp-a001-02-000000069047580	황성주생식	nad-a001-02-000000541753997	bsn-a001-00-000000013604308	18	13	633013	M	2	0	0	2	0
20260917	4291318	cmp-a001-02-000000010764328	grp-a001-02-000000072573876	추석선물세트	nad-a001-02-000000573683834	bsn-a001-00-000000013604308	18	08	874301	P	1	0	0	8	0
20260917	4291318	cmp-a001-02-000000010764328	grp-a001-02-000000069047580	황성주생식라이프밀	nad-a001-02-000000541753988	bsn-a001-00-000000013604308	18	09	8753	M	1	1	627	5	0
20260917	4291318	cmp-a001-02-000000010764328	grp-a001-02-000000069047580	단백질프로틴추천	nad-a001-02-000000553654562	bsn-a001-00-000000013604308	18	09	8753	M	2	0	0	2	0
20260917	4291318	cmp-a001-02-000000010764328	grp-a001-02-000000069047580	푸룬스틱젤리	nad-a001-02-000000541753985	bsn-a001-00-000000013604308	18	09	8753	M	1	0	0	1	0
20260917	4291318	cmp-a001-02-000000010764328	grp-a001-02-000000069047580	브랜드스토어	nad-a001-02-000000541753996	bsn-a001-00-000000013604308	18	01	8753	M	1	0	0	5	0
20260917	4291318	cmp-a001-02-000000010764328	grp-a001-02-000000072573876	추석선물세트	nad-a001-02-000000573683834	bsn-a001-00-000000013604308	18	09	98128	M	1	0	0	3	0
20260917	4291318	cmp-a001-02-000000010764328	grp-a001-02-000000072573876	포항더가든파티추석선물세트	nad-a001-02-000000573683834	bsn-a001-00-000000013604308	18	99	8753	M	1	0	0	1	0
20260917	4291318	cmp-a001-02-000000010764328	grp-a001-02-000000072573876	추석선물세트	nad-a001-02-000000573683834	bsn-a001-00-000000013604308	18	03	8753	M	4	0	0	4	0
20260917	4291318	cmp-a001-02-000000010764328	grp-a001-02-000000069047580	황성주생식	nad-a001-02-000000541753997	bsn-a001-00-000000013604308	18	09	633013	M	3	0	0	3	0
20260917	4291318	cmp-a001-02-000000010764328	grp-a001-02-000000072573876	추석선물세트	nad-a001-02-000000573683834	bsn-a001-00-000000013604308	18	02	11068	P	3	0	0	7	0
20260917	4291318	cmp-a001-02-000000010764328	grp-a001-02-000000072573876	추석선물세트추천	nad-a001-02-000000573683834	bsn-a001-00-000000013604308	18	03	33421	M	3	0	0	3	0
20260917	4291318	cmp-a001-02-000000010764328	grp-a001-02-000000069047580	단백질쉐이크	nad-a001-02-000000553654562	bsn-a001-00-000000013604308	18	18	529514	M	3	0	0	3	0
20260917	4291318	cmp-a001-02-000000010764328	grp-a001-02-000000069047580	황성주생식	nad-a001-02-000000541754005	bsn-a001-00-000000013604308	18	03	633013	M	1	0	0	4	0
20260917	4291318	cmp-a001-02-000000010764328	grp-a001-02-000000072573876	추석선물세트추천	nad-a001-02-000000573683834	bsn-a001-00-000000013604308	18	08	8753	M	1	0	0	19	0
20260917	4291318	cmp-a001-02-000000010764328	grp-a001-02-000000069047580	물+다이어트+방법	nad-a001-02-000000553654562	bsn-a001-00-000000013604308	18	00	805759	P	1	0	0	12	0
20260917	4291318	cmp-a001-02-000000010764328	grp-a001-02-000000072573876	추석선물세트추천	nad-a001-02-000000573683834	bsn-a001-00-000000013604308	18	08	33421	M	1	0	0	1	0
20260917	4291318	cmp-a001-02-000000010764328	grp-a001-02-000000069047580	대용이란	nad-a001-02-000000541754004	bsn-a001-00-000000013604308	18	10	612594	M	2	0	0	4	0
20260917	4291318	cmp-a001-02-000000010764328	grp-a001-02-000000069047580	프로틴	nad-a001-02-000000553654562	bsn-a001-00-000000013604308	18	17	768323	M	1	0	0	2	0
20260917	4291318	cmp-a001-02-000000010764328	grp-a001-02-000000069047580	쉐이크	nad-a001-02-000000553654562	bsn-a001-00-000000013604308	18	09	98128	M	14	0	0	14	0
20260917	4291318	cmp-a001-02-000000010764328	grp-a001-02-000000069047580	황성주생식	nad-a001-02-000000541753997	bsn-a001-00-000000013604308	18	02	8753	M	2	0	0	2	0
20260917	4291318	cmp-a001-02-000000010764328	grp-a001-02-000000069047580	젤리	nad-a001-02-000000541753985	bsn-a001-00-000000013604308	18	09	98128	M	1	0	0	1	0
20260917	4291318	cmp-a001-02-000000010764328	grp-a001-02-000000069047580	프로틴할인	nad-a001-02-000000553654562	bsn-a001-00-000000013604308	18	02	8753	M	1	0	0	4	0
20260917	4291318	cmp-a001-02-000000010764328	grp-a001-02-000000069047580	황성주생식	nad-a001-02-000000541753988	bsn-a001-00-000000013604308	18	15	8753	M	2	0	0	10	0
20260917	4291318	cmp-a001-02-000000010764328	grp-a001-02-000000072573876	추석선물	nad-a001-02-000000573683834	bsn-a001-00-000000013604308	18	11	33421	M	1	0	0	1	0
20260917	4291318	cmp-a001-02-000000010764328	grp-a001-02-000000069047580	프로틴바	nad-a001-02-000000553654559	bsn-a001-00-000000013604308	18	00	529514	M	1	0	0	6	0
20260917	4291318	cmp-a001-02-000000010764328	grp-a001-02-000000069047580	다이어트쉐이크	nad-a001-02-000000553654562	bsn-a001-00-000000013604308	18	99	768323	M	2	0	0	20	0
20260917	4291318	cmp-a001-02-000000010764328	grp-a001-02-000000069047580	젤리	nad-a001-02-000000541753985	bsn-a001-00-000000013604308	18	02	98128	M	1	0	0	1	0
20260917	4291318	cmp-a001-02-000000010764328	grp-a001-02-000000069047580	단백질	nad-a001-02-000000553654562	bsn-a001-00-000000013604308	18	99	98128	M	2	0	0	2	0
20260917	4291318	cmp-a001-02-000000010764328	grp-a001-02-000000069047580	단백질보충제	nad-a001-02-000000553654562	bsn-a001-00-000000013604308	18	06	529514	M	3	0	0	3	0
20260917	4291318	cmp-a001-02-000000010764328	grp-a001-02-000000072573876	추석선물셋트	nad-a001-02-000000573683834	bsn-a001-00-000000013604308	18	11	529514	M	6	0	0	21	0
20260917	4291318	cmp-a001-02-000000010764328	grp-a001-02-000000069047580	프로틴	nad-a001-02-000000553654562	bsn-a001-00-000000013604308	18	06	8753	M	1	0	0	6	0
20260917	4291318	cmp-a001-02-000000010764328	grp-a001-02-000000069047580	프로틴바	nad-a001-02-000000553654558	bsn-a001-00-000000013604308	18	02	27758	P	2	0	0	8	0
20260917	4291318	cmp-a001-02-000000010764328	grp-a001-02-000000069047580	쉐이크	nad-a001-02-000000553654562	bsn-a001-00-000000013604308	18	08	529514	M	7	0	0	8	0
20260917	4291318	cmp-a001-02-000000010764328	grp-a001-02-000000069047580	단백질쉐이크	nad-a001-02-000000553654562	bsn-a001-00-000000013604308	18	99	529514	M	18	0	0	18	0
20260917	4291318	cmp-a001-02-000000010764328	grp-a001-02-000000069047580	프로틴	nad-a001-02-000000553654562	bsn-a001-00-000000013604308	18	04	529514	M	1	0	0	1	0
20260917	4291318	cmp-a001-02-000000010764328	grp-a001-02-000000072573876	추석선물세트	nad-a001-02-000000573683834	bsn-a001-00-000000013604308	18	09	11068	P	4	0	0	22	0
20260917	4291318	cmp-a001-02-000000010764328	grp-a001-02-000000072573876	추석선물세트	nad-a001-02-000000573683834	bsn-a001-00-000000013604308	18	08	8753	M	1	0	0	1	0
20260917	4291318	cmp-a001-02-000000010764328	grp-a001-02-000000069047580	황성주생식	nad-a001-02-000000541753997	bsn-a001-00-000000013604308	18	16	8753	M	1	0	0	1	0
20260917	4291318	cmp-a001-02-000000010764328	grp-a001-02-000000069047580	에너지바	nad-a001-02-000000553654558	bsn-a001-00-000000013604308	18	03	529514	M	1	0	0	2	0
20260917	4291318	cmp-a001-02-000000010764328	grp-a001-02-000000072573876	스토어	nad-a001-02-000000573683834	bsn-a001-00-000000013604308	18	16	98128	M	2	0	0	4	0
20260917	4291318	cmp-a001-02-000000010764328	grp-a001-02-000000069047580	황성주생식	nad-a001-02-000000541753997	bsn-a001-00-000000013604308	18	02	684924	M	1	0	0	1	0
20260917	4291318	cmp-a001-02-000000010764328	grp-a001-02-000000072573876	추석선물세트	nad-a001-02-000000573683834	bsn-a001-00-000000013604308	18	01	8753	M	1	0	0	4	0
20260917	4291318	cmp-a001-02-000000010764328	grp-a001-02-000000069047580	단백질쉐이크	nad-a001-02-000000553654562	bsn-a001-00-000000013604308	18	15	529514	M	5	0	0	5	0
20260917	4291318	cmp-a001-02-000000010764328	grp-a001-02-000000069047580	에너지바	nad-a001-02-000000553654554	bsn-a001-00-000000013604308	18	18	791888	M	1	0	0	1	0
20260917	4291318	cmp-a001-02-000000010764328	grp-a001-02-000000069047580	점심대용단백질	nad-a001-02-000000553654562	bsn-a001-00-000000013604308	18	10	8753	M	1	0	0	5	0
20260917	4291318	cmp-a001-02-000000010764328	grp-a001-02-000000069047580	황성주생식라이프밀	nad-a001-02-000000541754004	bsn-a001-00-000000013604308	18	02	8753	M	2	0	0	4	0
20260917	4291318	cmp-a001-02-000000010764328	grp-a001-02-000000069047580	가루	nad-a001-02-000000541754005	bsn-a001-00-000000013604308	18	03	98128	M	1	0	0	3	0
20260917	4291318	cmp-a001-02-000000010764328	grp-a001-02-000000072573876	추석선물세트추천	nad-a001-02-000000573683834	bsn-a001-00-000000013604308	18	09	8753	M	6	0	0	11	0
20260917	4291318	cmp-a001-02-000000010764328	grp-a001-02-000000069047580	황성주생식	nad-a001-02-000000541753996	bsn-a001-00-000000013604308	18	13	633013	M	2	0	0	4	0
20260917	4291318	cmp-a001-02-000000010764328	grp-a001-02-000000069047580	프로틴	nad-a001-02-000000553654562	bsn-a001-00-000000013604308	18	11	768323	M	2	0	0	3	0
20260917	4291318	cmp-a001-02-000000010764328	grp-a001-02-000000069047580	단백질바	nad-a001-02-000000553654554	bsn-a001-00-000000013604308	18	99	529514	M	8	0	0	8	0
20260917	4291318	cmp-a001-02-000000010764328	grp-a001-02-000000069047580	황성주생식	nad-a001-02-000000541753997	bsn-a001-00-000000013604308	18	01	8753	M	1	0	0	1	0
20260917	4291318	cmp-a001-02-000000010764328	grp-a001-02-000000069047580	가루	nad-a001-02-000000541753997	bsn-a001-00-000000013604308	18	03	98128	M	1	0	0	1	0
20260917	4291318	cmp-a001-02-000000010764328	grp-a001-02-000000069047580	쉐이크쉐이크	nad-a001-02-000000553654562	bsn-a001-00-000000013604308	18	99	98128	M	2	0	0	2	0
20260917	4291318	cmp-a001-02-000000010764328	grp-a001-02-000000069047580	가루	nad-a001-02-000000541754004	bsn-a001-00-000000013604308	18	03	98128	M	1	0	0	4	0
20260917	4291318	cmp-a001-02-000000010764328	grp-a001-02-000000069047580	프로틴바	nad-a001-02-000000553654554	bsn-a001-00-000000013604308	18	15	98128	M	8	0	0	8	0
20260917	4291318	cmp-a001-02-000000010764328	grp-a001-02-000000069047580	단백질스낵	nad-a001-02-000000553654558	bsn-a001-00-000000013604308	18	09	684926	M	2	0	0	8	0
20260917	4291318	cmp-a001-02-000000010764328	grp-a001-02-000000072573876	추석선물세트	nad-a001-02-000000573683834	bsn-a001-00-000000013604308	18	00	27758	P	2	0	0	4	0
20260917	4291318	cmp-a001-02-000000010764328	grp-a001-02-000000069047580	단백질쉐이크	nad-a001-02-000000553654562	bsn-a001-00-000000013604308	18	09	8753	M	3	0	0	20	0
20260917	4291318	cmp-a001-02-000000010764328	grp-a001-02-000000069047580	황성주생식	nad-a001-02-000000541754004	bsn-a001-00-000000013604308	18	99	8753	M	3	1	5032	6	0
20260917	4291318	cmp-a001-02-000000010764328	grp-a001-02-000000069047580	단백질	nad-a001-02-000000553654562	bsn-a001-00-000000013604308	18	02	684926	M	4	0	0	19	0
20260917	4291318	cmp-a001-02-000000010764328	grp-a001-02-000000069047580	프로틴바	nad-a001-02-000000553654558	bsn-a001-00-000000013604308	18	09	529514	M	8	0	0	16	0
20260917	4291318	cmp-a001-02-000000010764328	grp-a001-02-000000069047580	곡물단백질쉐이크	nad-a001-02-000000553654562	bsn-a001-00-000000013604308	18	99	8753	M	1	0	0	6	0
20260917	4291318	cmp-a001-02-000000010764328	grp-a001-02-000000072573876	추석선물세트	nad-a001-02-000000573683834	bsn-a001-00-000000013604308	18	02	791888	M	2	0	0	8	0
20260917	4291318	cmp-a001-02-000000010764328	grp-a001-02-000000069047580	프로틴쉐이크	nad-a001-02-000000553654562	bsn-a001-00-000000013604308	18	11	529514	M	2	0	0	2	0
20260917	4291318	cmp-a001-02-000000010764328	grp-a001-02-000000069047580	식사대용단백질	nad-a001-02-000000553654562	bsn-a001-00-000000013604308	18	02	8753	M	1	0	0	4	0
20260917	4291318	cmp-a001-02-000000010764328	grp-a001-02-000000069047580	단백질	nad-a001-02-000000553654562	bsn-a001-00-000000013604308	18	04	529514	M	1	0	0	1	0
20260917	4291318	cmp-a001-02-000000010764328	grp-a001-02-000000069047580	프로틴바	nad-a001-02-000000553654558	bsn-a001-00-000000013604308	18	04	768323	M	2	0	0	4	0
20260917	4291318	cmp-a001-02-000000010764328	grp-a001-02-000000069047580	황성주생식라이프밀	nad-a001-02-000000541753997	bsn-a001-00-000000013604308	18	09	8753	M	1	0	0	1	0
20260917	4291318	cmp-a001-02-000000010764328	grp-a001-02-000000069047580	단백질쉐이크	nad-a001-02-000000553654562	bsn-a001-00-000000013604308	18	09	684927	P	1	0	0	20	0
20260917	4291318	cmp-a001-02-000000010764328	grp-a001-02-000000069047580	황성주생식	nad-a001-02-000000541753988	bsn-a001-00-000000013604308	18	99	8753	M	3	1	908	15	0
20260917	4291318	cmp-a001-02-000000010764328	grp-a001-02-000000069047580	프로틴	nad-a001-02-000000553654562	bsn-a001-00-000000013604308	18	18	768323	M	3	0	0	4	0
20260917	4291318	cmp-a001-02-000000010764328	grp-a001-02-000000069047580	단백질종류	nad-a001-02-000000553654562	bsn-a001-00-000000013604308	18	15	8753	M	1	0	0	2	0
20260917	4291318	cmp-a001-02-000000010764328	grp-a001-02-000000069047580	단백질파우더	nad-a001-02-000000553654562	bsn-a001-00-000000013604308	18	09	8753	M	2	0	0	6	0
20260917	4291318	cmp-a001-02-000000010764328	grp-a001-02-000000069047580	프로틴바	nad-a001-02-000000553654554	bsn-a001-00-000000013604308	18	04	768323	M	2	0	0	2	0
20260917	4291318	cmp-a001-02-000000010764328	grp-a001-02-000000069047580	에너지바	nad-a001-02-000000553654558	bsn-a001-00-000000013604308	18	18	791888	M	1	0	0	2	0
20260917	4291318	cmp-a001-02-000000010764328	grp-a001-02-000000069047580	브랜드스토어	nad-a001-02-000000541754004	bsn-a001-00-000000013604308	18	01	33421	M	2	0	0	5	0
20260917	4291318	cmp-a001-02-000000010764328	grp-a001-02-000000072573876	추석선물세트	nad-a001-02-000000573683834	bsn-a001-00-000000013604308	18	15	8753	M	3	0	0	3	0
20260917	4291318	cmp-a001-02-000000010764328	grp-a001-02-000000069047580	젤리	nad-a001-02-000000541753985	bsn-a001-00-000000013604308	18	11	33421	M	1	0	0	3	0
20260917	4291318	cmp-a001-02-000000010764328	grp-a001-02-000000072573876	스토어	nad-a001-02-000000573683834	bsn-a001-00-000000013604308	18	09	98128	M	33	0	0	66	0
20260917	4291318	cmp-a001-02-000000010764328	grp-a001-02-000000069047580	단백질바	nad-a001-02-000000553654554	bsn-a001-00-000000013604308	18	11	27758	P	1	0	0	2	0
20260917	4291318	cmp-a001-02-000000010764328	grp-a001-02-000000069047580	황성주생식	nad-a001-02-000000541753997	bsn-a001-00-000000013604308	18	99	633013	M	1	0	0	1	0
20260917	4291318	cmp-a001-02-000000010764328	grp-a001-02-000000072573876	추석선물세트	nad-a001-02-000000573683834	bsn-a001-00-000000013604308	18	01	529514	M	14	0	0	33	0
20260917	4291318	cmp-a001-02-000000010764328	grp-a001-02-000000069047580	단백질쉐이크	nad-a001-02-000000553654562	bsn-a001-00-000000013604308	18	03	8753	M	1	0	0	6	0
20260917	4291318	cmp-a001-02-000000010764328	grp-a001-02-000000069047580	단백질보충제	nad-a001-02-000000553654562	bsn-a001-00-000000013604308	18	06	33421	M	1	0	0	1	0
20260917	4291318	cmp-a001-02-000000010764328	grp-a001-02-000000069047580	젤리	nad-a001-02-000000541753985	bsn-a001-00-000000013604308	18	02	768323	M	4	0	0	4	0
20260917	4291318	cmp-a001-02-000000010764328	grp-a001-02-000000069047580	에너지바	nad-a001-02-000000553654558	bsn-a001-00-000000013604308	18	09	33421	M	3	0	0	9	0
20260917	4291318	cmp-a001-02-000000010764328	grp-a001-02-000000072573876	추석선물세트	nad-a001-02-000000573683834	bsn-a001-00-000000013604308	18	01	33421	M	2	0	0	3	0
20260917	4291318	cmp-a001-02-000000010764328	grp-a001-02-000000069047580	프로틴바	nad-a001-02-000000553654559	bsn-a001-00-000000013604308	18	99	529514	M	4	0	0	12	0
20260917	4291318	cmp-a001-02-000000010764328	grp-a001-02-000000069047580	추석선물세트	nad-a001-02-000000541754005	bsn-a001-00-000000013604308	18	11	341898	M	1	0	0	1	0
20260917	4291318	cmp-a001-02-000000010764328	grp-a001-02-000000069047580	단백질쉐이크	nad-a001-02-000000553654562	bsn-a001-00-000000013604308	18	02	529514	M	29	0	0	29	0
20260917	4291318	cmp-a001-02-000000010764328	grp-a001-02-000000069047580	단백질바	nad-a001-02-000000553654559	bsn-a001-00-000000013604308	18	02	8753	M	1	0	0	18	0
20260917	4291318	cmp-a001-02-000000010764328	grp-a001-02-000000069047580	황성주생식	nad-a001-02-000000541753988	bsn-a001-00-000000013604308	18	11	8753	M	2	0	0	10	0
20260917	4291318	cmp-a001-02-000000010764328	grp-a001-02-000000072573876	명절선물	nad-a001-02-000000573683834	bsn-a001-00-000000013604308	18	06	33421	M	1	0	0	1	0
20260917	4291318	cmp-a001-02-000000010764328	grp-a001-02-000000069047580	단백질보충제	nad-a001-02-000000553654562	bsn-a001-00-000000013604308	18	09	684926	M	2	0	0	22	0
20260917	4291318	cmp-a001-02-000000010764328	grp-a001-02-000000069047580	대용이란	nad-a001-02-000000541753996	bsn-a001-00-000000013604308	18	10	612594	M	2	0	0	6	0
20260917	4291318	cmp-a001-02-000000010764328	grp-a001-02-000000069047580	프로틴쉐이크	nad-a001-02-000000553654562	bsn-a001-00-000000013604308	18	16	8753	M	1	0	0	5	0
20260917	4291318	cmp-a001-02-000000010764328	grp-a001-02-000000069047580	황성주생식	nad-a001-02-000000541754004	bsn-a001-00-000000013604308	18	03	633013	M	1	0	0	3	0
20260917	4291318	cmp-a001-02-000000010764328	grp-a001-02-000000069047580	단백질보충제	nad-a001-02-000000553654562	bsn-a001-00-000000013604308	18	09	8753	M	2	0	0	14	0
20260917	4291318	cmp-a001-02-000000010764328	grp-a001-02-000000069047580	에너지바	nad-a001-02-000000553654554	bsn-a001-00-000000013604308	18	03	529514	M	1	0	0	1	0
20260917	4291318	cmp-a001-02-000000010764328	grp-a001-02-000000069047580	가루	nad-a001-02-000000541753997	bsn-a001-00-000000013604308	18	03	8753	M	1	0	0	1	0
20260917	4291318	cmp-a001-02-000000010764328	grp-a001-02-000000069047580	프로틴	nad-a001-02-000000553654562	bsn-a001-00-000000013604308	18	02	33421	M	1	0	0	5	0
20260917	4291318	cmp-a001-02-000000010764328	grp-a001-02-000000069047580	단백질보충제	nad-a001-02-000000553654562	bsn-a001-00-000000013604308	18	06	87620	M	1	0	0	1	0
20260917	4291318	cmp-a001-02-000000010764328	grp-a001-02-000000072573876	직장인간단한추석선물	nad-a001-02-000000573683834	bsn-a001-00-000000013604308	18	15	33421	M	1	0	0	1	0
20260917	4291318	cmp-a001-02-000000010764328	grp-a001-02-000000069047580	황성주생식	nad-a001-02-000000541753997	bsn-a001-00-000000013604308	18	03	8753	M	1	0	0	1	0
20260917	4291318	cmp-a001-02-000000010764328	grp-a001-02-000000072573876	추석선물셋트	nad-a001-02-000000573683834	bsn-a001-00-000000013604308	18	04	529514	M	7	0	0	14	0
20260917	4291318	cmp-a001-02-000000010764328	grp-a001-02-000000069047580	대용이란	nad-a001-02-000000541754005	bsn-a001-00-000000013604308	18	10	612594	M	2	0	0	8	0
20260917	4291318	cmp-a001-02-000000010764328	grp-a001-02-000000069047580	에너지바	nad-a001-02-000000553654559	bsn-a001-00-000000013604308	18	09	33421	M	3	0	0	33	0
20260917	4291318	cmp-a001-02-000000010764328	grp-a001-02-000000069047580	프로틴	nad-a001-02-000000553654562	bsn-a001-00-000000013604308	18	02	768323	M	7	0	0	11	0
20260917	4291318	cmp-a001-02-000000010764328	grp-a001-02-000000069047580	대용이란	nad-a001-02-000000541753997	bsn-a001-00-000000013604308	18	10	612594	M	2	0	0	2	0
20260917	4291318	cmp-a001-02-000000010764328	grp-a001-02-000000069047580	황성주생식	nad-a001-02-000000541753988	bsn-a001-00-000000013604308	18	02	633013	M	4	0	0	20	0
20260917	4291318	cmp-a001-02-000000010764328	grp-a001-02-000000069047580	단백질프로틴	nad-a001-02-000000553654562	bsn-a001-00-000000013604308	18	99	529514	M	1	0	0	1	0
20260917	4291318	cmp-a001-02-000000010764328	grp-a001-02-000000069047580	황성주생식	nad-a001-02-000000541754004	bsn-a001-00-000000013604308	18	09	633013	M	3	0	0	9	0
20260917	4291318	cmp-a001-02-000000010764328	grp-a001-02-000000069047580	단백질쉐이크	nad-a001-02-000000553654562	bsn-a001-00-000000013604308	18	09	529514	M	60	0	0	60	0
20260917	4291318	cmp-a001-02-000000010764328	grp-a001-02-000000072573876	추석선물세트	nad-a001-02-000000573683834	bsn-a001-00-000000013604308	18	07	33421	M	2	0	0	2	0
20260917	4291318	cmp-a001-02-000000010764328	grp-a001-02-000000069047580	단백질	nad-a001-02-000000553654562	bsn-a001-00-000000013604308	18	09	529514	M	11	0	0	11	0
20260917	4291318	cmp-a001-02-000000010764328	grp-a001-02-000000069047580	가루	nad-a001-02-000000541753996	bsn-a001-00-000000013604308	18	02	27758	P	1	0	0	2	0
20260917	4291318	cmp-a001-02-000000010764328	grp-a001-02-000000072573876	추석선물세트	nad-a001-02-000000573683834	bsn-a001-00-000000013604308	18	09	33421	M	6	0	0	42	0
20260917	4291318	cmp-a001-02-000000010764328	grp-a001-02-000000072573876	스토어	nad-a001-02-000000573683834	bsn-a001-00-000000013604308	18	15	98128	M	4	0	0	8	0
20260917	4291318	cmp-a001-02-000000010764328	grp-a001-02-000000069047580	젤리	nad-a001-02-000000541753985	bsn-a001-00-000000013604308	18	02	8753	M	2	0	0	9	0
20260917	4291318	cmp-a001-02-000000010764328	grp-a001-02-000000072573876	스토어	nad-a001-02-000000573683834	bsn-a001-00-000000013604308	18	17	98128	M	1	0	0	2	0
20260917	4291318	cmp-a001-02-000000010764328	grp-a001-02-000000072573876	추석선물세트	nad-a001-02-000000573683834	bsn-a001-00-000000013604308	18	00	8753	M	1	0	0	1	0
20260917	4291318	cmp-a001-02-000000010764328	grp-a001-02-000000069047580	프로틴바	nad-a001-02-000000553654558	bsn-a001-00-000000013604308	18	16	529514	M	1	0	0	2	0
20260917	4291318	cmp-a001-02-000000010764328	grp-a001-02-000000072573876	추석선물세트추천	nad-a001-02-000000573683834	bsn-a001-00-000000013604308	18	01	8753	M	1	0	0	2	0
20260917	4291318	cmp-a001-02-000000010764328	grp-a001-02-000000072573876	스토어	nad-a001-02-000000573683834	bsn-a001-00-000000013604308	18	01	98128	M	2	0	0	4	0
20260917	4291318	cmp-a001-02-000000010764328	grp-a001-02-000000069047580	단백질보충제	nad-a001-02-000000553654562	bsn-a001-00-000000013604308	18	03	529514	M	1	0	0	1	0
20260917	4291318	cmp-a001-02-000000010764328	grp-a001-02-000000069047580	황성주생식라이프밀	nad-a001-02-000000541754005	bsn-a001-00-000000013604308	18	09	8753	M	1	0	0	3	0
20260917	4291318	cmp-a001-02-000000010764328	grp-a001-02-000000069047580	황성주생식라이프밀	nad-a001-02-000000541753988	bsn-a001-00-000000013604308	18	02	8753	M	2	0	0	10	0
20260917	4291318	cmp-a001-02-000000010764328	grp-a001-02-000000072573876	추석선물세트	nad-a001-02-000000573683834	bsn-a001-00-000000013604308	18	15	33421	M	3	0	0	3	0
20260917	4291318	cmp-a001-02-000000010764328	grp-a001-02-000000069047580	에너지바	nad-a001-02-000000553654558	bsn-a001-00-000000013604308	18	09	27758	P	1	0	0	2	0
20260917	4291318	cmp-a001-02-000000010764328	grp-a001-02-000000069047580	황성주생식	nad-a001-02-000000541754004	bsn-a001-00-000000013604308	18	99	633013	M	1	0	0	3	0
20260917	4291318	cmp-a001-02-000000010764328	grp-a001-02-000000069047580	젤리	nad-a001-02-000000541753985	bsn-a001-00-000000013604308	18	04	768323	M	3	0	0	3	0
20260917	4291318	cmp-a001-02-000000010764328	grp-a001-02-000000069047580	황성주생식	nad-a001-02-000000541754005	bsn-a001-00-000000013604308	18	11	633013	M	1	0	0	4	0
20260917	4291318	cmp-a001-02-000000010764328	grp-a001-02-000000069047580	어르신단백질간식	nad-a001-02-000000553654558	bsn-a001-00-000000013604308	18	09	11068	P	1	0	0	2	0
20260917	4291318	cmp-a001-02-000000010764328	grp-a001-02-000000069047580	프로틴	nad-a001-02-000000553654562	bsn-a001-00-000000013604308	18	09	529514	M	84	0	0	84	0
20260917	4291318	cmp-a001-02-000000010764328	grp-a001-02-000000072573876	추석선물세트추천	nad-a001-02-000000573683834	bsn-a001-00-000000013604308	18	15	8753	M	3	0	0	7	0
20260917	4291318	cmp-a001-02-000000010764328	grp-a001-02-000000069047580	황성주생식	nad-a001-02-000000541753997	bsn-a001-00-000000013604308	18	01	633013	M	2	0	0	2	0
20260917	4291318	cmp-a001-02-000000010764328	grp-a001-02-000000069047580	에너지바	nad-a001-02-000000553654554	bsn-a001-00-000000013604308	18	02	27758	P	1	0	0	1	0
20260917	4291318	cmp-a001-02-000000010764328	grp-a001-02-000000072573876	추석선물세트추천	nad-a001-02-000000573683834	bsn-a001-00-000000013604308	18	02	27758	P	4	0	0	5	0
20260917	4291318	cmp-a001-02-000000010764328	grp-a001-02-000000069047580	황성주생식	nad-a001-02-000000541754004	bsn-a001-00-000000013604308	18	08	633013	M	1	0	0	3	0
20260917	4291318	cmp-a001-02-000000010764328	grp-a001-02-000000069047580	젤리	nad-a001-02-000000541753985	bsn-a001-00-000000013604308	18	11	768323	M	2	0	0	2	0
20260917	4291318	cmp-a001-02-000000010764328	grp-a001-02-000000069047580	프로틴단백질	nad-a001-02-000000553654562	bsn-a001-00-000000013604308	18	99	98128	M	2	0	0	2	0
20260917	4291318	cmp-a001-02-000000010764328	grp-a001-02-000000072573876	추석선물세트추천	nad-a001-02-000000573683834	bsn-a001-00-000000013604308	18	18	33421	M	1	0	0	1	0
20260917	4291318	cmp-a001-02-000000010764328	grp-a001-02-000000069047580	젤리	nad-a001-02-000000541753985	bsn-a001-00-000000013604308	18	09	612594	M	1	0	0	4	0
20260917	4291318	cmp-a001-02-000000010764328	grp-a001-02-000000069047580	단백질바	nad-a001-02-000000553654558	bsn-a001-00-000000013604308	18	10	529514	M	7	0	0	14	0
20260917	4291318	cmp-a001-02-000000010764328	grp-a001-02-000000072573876	스토어	nad-a001-02-000000573683834	bsn-a001-00-000000013604308	18	03	98128	M	9	0	0	18	0
20260917	4291318	cmp-a001-02-000000010764328	grp-a001-02-000000069047580	프로틴쉐이크	nad-a001-02-000000553654562	bsn-a001-00-000000013604308	18	09	529514	M	4	0	0	4	0
20260917	4291318	cmp-a001-02-000000010764328	grp-a001-02-000000069047580	황성주생식	nad-a001-02-000000541754005	bsn-a001-00-000000013604308	18	99	633013	M	1	0	0	4	0
20260917	4291318	cmp-a001-02-000000010764328	grp-a001-02-000000072573876	추석선물세트	nad-a001-02-000000573683834	bsn-a001-00-000000013604308	18	03	33421	M	4	1	6176	7	0
20260917	4291318	cmp-a001-02-000000010764328	grp-a001-02-000000069047580	사탕젤리	nad-a001-02-000000541753985	bsn-a001-00-000000013604308	18	09	23123	P	1	0	0	1	0
20260917	4291318	cmp-a001-02-000000010764328	grp-a001-02-000000069047580	황성주생식	nad-a001-02-000000541753996	bsn-a001-00-000000013604308	18	02	8753	M	2	0	0	6	0
20260917	4291318	cmp-a001-02-000000010764328	grp-a001-02-000000069047580	황성주생식	nad-a001-02-000000541753997	bsn-a001-00-000000013604308	18	15	8753	M	2	2	8437	2	0
20260917	4291318	cmp-a001-02-000000010764328	grp-a001-02-000000069047580	ISP프로틴	nad-a001-02-000000553654562	bsn-a001-00-000000013604308	18	18	8753	M	1	0	0	1	0
20260917	4291318	cmp-a001-02-000000010764328	grp-a001-02-000000072573876	명절선물	nad-a001-02-000000573683834	bsn-a001-00-000000013604308	18	13	33421	M	1	0	0	1	0
20260917	4291318	cmp-a001-02-000000010764328	grp-a001-02-000000069047580	단백질바	nad-a001-02-000000553654554	bsn-a001-00-000000013604308	18	11	11068	P	1	0	0	8	0
20260917	4291318	cmp-a001-02-000000010764328	grp-a001-02-000000072573876	추석선물세트추천	nad-a001-02-000000573683834	bsn-a001-00-000000013604308	18	02	11068	P	2	0	0	6	0
20260917	4291318	cmp-a001-02-000000010764328	grp-a001-02-000000069047580	황성주생식라이프밀	nad-a001-02-000000541754004	bsn-a001-00-000000013604308	18	08	684924	M	1	0	0	1	0
20260917	4291318	cmp-a001-02-000000010764328	grp-a001-02-000000069047580	황성주생식라이프밀	nad-a001-02-000000541753996	bsn-a001-00-000000013604308	18	08	8753	M	1	0	0	3	0
20260917	4291318	cmp-a001-02-000000010764328	grp-a001-02-000000072573876	추석선물세트	nad-a001-02-000000573683834	bsn-a001-00-000000013604308	18	07	529514	M	93	0	0	193	0
20260917	4291318	cmp-a001-02-000000010764328	grp-a001-02-000000069047580	황성주생식	nad-a001-02-000000541754004	bsn-a001-00-000000013604308	18	18	633013	M	2	0	0	6	0
20260917	4291318	cmp-a001-02-000000010764328	grp-a001-02-000000069047580	프로틴쉐이크	nad-a001-02-000000553654562	bsn-a001-00-000000013604308	18	02	529514	M	2	0	0	2	0
20260917	4291318	cmp-a001-02-000000010764328	grp-a001-02-000000069047580	황성주생식	nad-a001-02-000000541753996	bsn-a001-00-000000013604308	18	04	8753	M	1	1	4973	3	0
20260917	4291318	cmp-a001-02-000000010764328	grp-a001-02-000000069047580	황성주생식	nad-a001-02-000000541753988	bsn-a001-00-000000013604308	18	03	633013	M	1	0	0	5	0
20260917	4291318	cmp-a001-02-000000010764328	grp-a001-02-000000069047580	황성주생식	nad-a001-02-000000541753996	bsn-a001-00-000000013604308	18	18	633013	M	2	0	0	4	0
20260917	4291318	cmp-a001-02-000000010764328	grp-a001-02-000000069047580	프로틴	nad-a001-02-000000553654562	bsn-a001-00-000000013604308	18	07	529514	M	1	0	0	1	0
20260917	4291318	cmp-a001-02-000000010764328	grp-a001-02-000000069047580	프로틴	nad-a001-02-000000553654562	bsn-a001-00-000000013604308	18	99	8753	M	1	0	0	2	0
20260917	4291318	cmp-a001-02-000000010764328	grp-a001-02-000000069047580	황성주생식	nad-a001-02-000000541754005	bsn-a001-00-000000013604308	18	15	633013	M	1	0	0	4	0
20260917	4291318	cmp-a001-02-000000010764328	grp-a001-02-000000072573876	스토어	nad-a001-02-000000573683834	bsn-a001-00-000000013604308	18	07	98128	M	1	0	0	2	0
20260917	4291318	cmp-a001-02-000000010764328	grp-a001-02-000000069047580	젤리	nad-a001-02-000000541753985	bsn-a001-00-000000013604308	18	99	768323	M	2	0	0	2	0
20260917	4291318	cmp-a001-02-000000010764328	grp-a001-02-000000069047580	황성주생식	nad-a001-02-000000541753988	bsn-a001-00-000000013604308	18	15	633013	M	1	0	0	5	0
20260917	4291318	cmp-a001-02-000000010764328	grp-a001-02-000000069047580	황성주생식	nad-a001-02-000000541754005	bsn-a001-00-000000013604308	18	18	633013	M	2	0	0	8	0
20260917	4291318	cmp-a001-02-000000010764328	grp-a001-02-000000069047580	식사대용	nad-a001-02-000000553654562	bsn-a001-00-000000013604308	18	09	684926	M	1	0	0	12	0
20260917	4291318	cmp-a001-02-000000010764328	grp-a001-02-000000069047580	황성주생식라이프밀	nad-a001-02-000000541753996	bsn-a001-00-000000013604308	18	02	8753	M	2	0	0	6	0
20260917	4291318	cmp-a001-02-000000010764328	grp-a001-02-000000069047580	황성주생식	nad-a001-02-000000541754005	bsn-a001-00-000000013604308	18	01	8753	M	1	0	0	4	0
20260917	4291318	cmp-a001-02-000000010764328	grp-a001-02-000000069047580	강릉중앙시장동결건조	nad-a001-02-000000541754004	bsn-a001-00-000000013604308	18	01	8753	M	1	0	0	3	0
20260917	4291318	cmp-a001-02-000000010764328	grp-a001-02-000000069047580	단백질보충제	nad-a001-02-000000553654562	bsn-a001-00-000000013604308	18	09	87620	M	2	0	0	2	0
20260917	4291318	cmp-a001-02-000000010764328	grp-a001-02-000000069047580	젤리	nad-a001-02-000000541753985	bsn-a001-00-000000013604308	18	99	8753	M	1	0	0	5	0
20260917	4291318	cmp-a001-02-000000010764328	grp-a001-02-000000072573876	스토어	nad-a001-02-000000573683834	bsn-a001-00-000000013604308	18	11	98128	M	18	0	0	36	0
20260917	4291318	cmp-a001-02-000000010764328	grp-a001-02-000000072573876	추석선물세트	nad-a001-02-000000573683834	bsn-a001-00-000000013604308	18	18	529514	M	40	0	0	101	0
20260917	4291318	cmp-a001-02-000000010764328	grp-a001-02-000000069047580	가루	nad-a001-02-000000541753997	bsn-a001-00-000000013604308	18	02	684925	P	1	0	0	1	0
20260917	4291318	cmp-a001-02-000000010764328	grp-a001-02-000000069047580	단백질쉐이크	nad-a001-02-000000553654562	bsn-a001-00-000000013604308	18	06	529514	M	5	0	0	5	0
20260917	4291318	cmp-a001-02-000000010764328	grp-a001-02-000000069047580	프로틴바	nad-a001-02-000000553654559	bsn-a001-00-000000013604308	18	15	98128	M	4	0	0	16	0
20260917	4291318	cmp-a001-02-000000010764328	grp-a001-02-000000069047580	프로틴바	nad-a001-02-000000553654558	bsn-a001-00-000000013604308	18	15	98128	M	4	0	0	8	0
20260917	4291318	cmp-a001-02-000000010764328	grp-a001-02-000000069047580	단백질바	nad-a001-02-000000553654558	bsn-a001-00-000000013604308	18	99	529514	M	8	0	0	16	0
20260917	4291318	cmp-a001-02-000000010764328	grp-a001-02-000000069047580	프로틴	nad-a001-02-000000553654562	bsn-a001-00-000000013604308	18	04	8753	M	1	0	0	6	0
20260917	4291318	cmp-a001-02-000000010764328	grp-a001-02-000000069047580	황성주생식라이프밀	nad-a001-02-000000541754004	bsn-a001-00-000000013604308	18	09	8753	M	1	0	0	2	0
20260917	4291318	cmp-a001-02-000000010764328	grp-a001-02-000000069047580	황성주생식	nad-a001-02-000000541753988	bsn-a001-00-000000013604308	18	02	8753	M	2	0	0	10	0
20260917	4291318	cmp-a001-02-000000010764328	grp-a001-02-000000069047580	황성주생식	nad-a001-02-000000541753997	bsn-a001-00-000000013604308	18	04	8753	M	1	0	0	1	0
20260917	4291318	cmp-a001-02-000000010764328	grp-a001-02-000000069047580	단백질쉐이크	nad-a001-02-000000553654562	bsn-a001-00-000000013604308	18	08	8753	M	1	0	0	9	0
20260917	4291318	cmp-a001-02-000000010764328	grp-a001-02-000000069047580	에너지바	nad-a001-02-000000553654554	bsn-a001-00-000000013604308	18	09	8753	M	2	0	0	3	0
20260917	4291318	cmp-a001-02-000000010764328	grp-a001-02-000000072573876	추석선물세트추천	nad-a001-02-000000573683834	bsn-a001-00-000000013604308	18	04	8753	M	1	0	0	4	0
20260917	4291318	cmp-a001-02-000000010764328	grp-a001-02-000000072573876	추석선물세트추천	nad-a001-02-000000573683834	bsn-a001-00-000000013604308	18	16	33421	M	1	0	0	8	0
20260917	4291318	cmp-a001-02-000000010764328	grp-a001-02-000000069047580	황성주생식라이프밀	nad-a001-02-000000541753997	bsn-a001-00-000000013604308	18	08	8753	M	1	0	0	1	0
20260917	4291318	cmp-a001-02-000000010764328	grp-a001-02-000000072573876	추석선물세트	nad-a001-02-000000573683834	bsn-a001-00-000000013604308	18	06	11068	P	1	0	0	2	0
20260917	4291318	cmp-a001-02-000000010764328	grp-a001-02-000000069047580	프로틴쉐이크	nad-a001-02-000000553654562	bsn-a001-00-000000013604308	18	99	529514	M	6	0	0	6	0
20260917	4291318	cmp-a001-02-000000010764328	grp-a001-02-000000072573876	추석선물세트	nad-a001-02-000000573683834	bsn-a001-00-000000013604308	18	08	27758	P	1	0	0	1	0
20260917	4291318	cmp-a001-02-000000010764328	grp-a001-02-000000069047580	프로틴바	nad-a001-02-000000553654558	bsn-a001-00-000000013604308	18	02	98128	M	5	0	0	10	0
20260917	4291318	cmp-a001-02-000000010764328	grp-a001-02-000000069047580	황성주생식	nad-a001-02-000000541754005	bsn-a001-00-000000013604308	18	09	633013	M	3	0	0	12	0
20260917	4291318	cmp-a001-02-000000010764328	grp-a001-02-000000069047580	에너지바	nad-a001-02-000000553654558	bsn-a001-00-000000013604308	18	02	27758	P	1	0	0	2	0
20260917	4291318	cmp-a001-02-000000010764328	grp-a001-02-000000069047580	프로틴바	nad-a001-02-000000553654559	bsn-a001-00-000000013604308	18	09	529514	M	8	0	0	33	0
20260917	4291318	cmp-a001-02-000000010764328	grp-a001-02-000000072573876	추석선물세트	nad-a001-02-000000573683834	bsn-a001-00-000000013604308	18	00	33421	M	2	0	0	2	0
20260917	4291318	cmp-a001-02-000000010764328	grp-a001-02-000000072573876	추석선물세트	nad-a001-02-000000573683834	bsn-a001-00-000000013604308	18	15	529514	M	125	0	0	276	0
20260917	4291318	cmp-a001-02-000000010764328	grp-a001-02-000000072573876	추석선물세트추천	nad-a001-02-000000573683834	bsn-a001-00-000000013604308	18	15	33421	M	2	0	0	2	0
20260917	4291318	cmp-a001-02-000000010764328	grp-a001-02-000000072573876	추석선물세트	nad-a001-02-000000573683834	bsn-a001-00-000000013604308	18	06	529514	M	77	0	0	162	0
20260917	4291318	cmp-a001-02-000000010764328	grp-a001-02-000000069047580	프로틴순위	nad-a001-02-000000553654562	bsn-a001-00-000000013604308	18	02	8753	M	1	0	0	5	0
20260917	4291318	cmp-a001-02-000000010764328	grp-a001-02-000000069047580	프로틴바	nad-a001-02-000000553654554	bsn-a001-00-000000013604308	18	00	529514	M	1	0	0	1	0
20260917	4291318	cmp-a001-02-000000010764328	grp-a001-02-000000072573876	추석선물세트	nad-a001-02-000000573683834	bsn-a001-00-000000013604308	18	11	529514	M	142	0	0	307	0
20260917	4291318	cmp-a001-02-000000010764328	grp-a001-02-000000069047580	황성주생식	nad-a001-02-000000541754004	bsn-a001-00-000000013604308	18	02	8753	M	2	0	0	4	0
20260917	4291318	cmp-a001-02-000000010764328	grp-a001-02-000000072573876	추석선물세트	nad-a001-02-000000573683834	bsn-a001-00-000000013604308	18	18	33421	M	3	0	0	18	0
20260917	4291318	cmp-a001-02-000000010764328	grp-a001-02-000000072573876	추석선물세트	nad-a001-02-000000573683834	bsn-a001-00-000000013604308	18	09	8753	M	11	0	0	66	0
20260917	4291318	cmp-a001-02-000000010764328	grp-a001-02-000000069047580	단백질간식	nad-a001-02-000000553654558	bsn-a001-00-000000013604308	18	09	684926	M	1	0	0	2	0
20260917	4291318	cmp-a001-02-000000010764328	grp-a001-02-000000069047580	황성주생식	nad-a001-02-000000541753996	bsn-a001-00-000000013604308	18	08	633013	M	1	0	0	2	0
20260917	4291318	cmp-a001-02-000000010764328	grp-a001-02-000000069047580	에너지바	nad-a001-02-000000553654559	bsn-a001-00-000000013604308	18	18	791888	M	1	0	0	3	0
20260917	4291318	cmp-a001-02-000000010764328	grp-a001-02-000000069047580	프로틴	nad-a001-02-000000553654562	bsn-a001-00-000000013604308	18	14	529514	M	5	0	0	5	0
20260917	4291318	cmp-a001-02-000000010764328	grp-a001-02-000000069047580	다이어트쉐이크	nad-a001-02-000000553654562	bsn-a001-00-000000013604308	18	15	529514	M	3	0	0	3	0
20260917	4291318	cmp-a001-02-000000010764328	grp-a001-02-000000069047580	단백질보충제	nad-a001-02-000000553654562	bsn-a001-00-000000013604308	18	99	684926	M	2	0	0	22	0
20260917	4291318	cmp-a001-02-000000010764328	grp-a001-02-000000069047580	단백질보충제	nad-a001-02-000000553654562	bsn-a001-00-000000013604308	18	08	529514	M	3	0	0	3	0
20260917	4291318	cmp-a001-02-000000010764328	grp-a001-02-000000069047580	다이어트쉐이크	nad-a001-02-000000553654562	bsn-a001-00-000000013604308	18	07	768323	M	1	0	0	10	0
20260917	4291318	cmp-a001-02-000000010764328	grp-a001-02-000000069047580	단백질바	nad-a001-02-000000553654554	bsn-a001-00-000000013604308	18	00	27758	P	1	0	0	1	0
20260917	4291318	cmp-a001-02-000000010764328	grp-a001-02-000000069047580	단백질보충제	nad-a001-02-000000553654562	bsn-a001-00-000000013604308	18	09	529514	M	1	0	0	1	0
20260917	4291318	cmp-a001-02-000000010764328	grp-a001-02-000000069047580	단백질종류브랜드	nad-a001-02-000000553654562	bsn-a001-00-000000013604308	18	09	33421	M	1	0	0	1	0
20260917	4291318	cmp-a001-02-000000010764328	grp-a001-02-000000069047580	단백질	nad-a001-02-000000553654562	bsn-a001-00-000000013604308	18	02	8753	M	1	0	0	6	0
20260917	4291318	cmp-a001-02-000000010764328	grp-a001-02-000000069047580	단백질쉐이크	nad-a001-02-000000553654562	bsn-a001-00-000000013604308	18	03	529514	M	18	0	0	18	0
20260917	4291318	cmp-a001-02-000000010764328	grp-a001-02-000000069047580	프로틴쉐이크말차맛	nad-a001-02-000000553654562	bsn-a001-00-000000013604308	18	09	8753	M	1	0	0	3	0
20260917	4291318	cmp-a001-02-000000010764328	grp-a001-02-000000069047580	프로틴	nad-a001-02-000000553654562	bsn-a001-00-000000013604308	18	10	768323	M	1	0	0	2	0
20260917	4291318	cmp-a001-02-000000010764328	grp-a001-02-000000072573876	추석선물세트추천	nad-a001-02-000000573683834	bsn-a001-00-000000013604308	18	07	8753	M	1	0	0	7	0
20260917	4291318	cmp-a001-02-000000010764328	grp-a001-02-000000069047580	황성주생식	nad-a001-02-000000541754005	bsn-a001-00-000000013604308	18	16	8753	M	1	0	0	4	0
20260917	4291318	cmp-a001-02-000000010764328	grp-a001-02-000000072573876	추석선물	nad-a001-02-000000573683834	bsn-a001-00-000000013604308	18	02	529514	M	1	0	0	8	0
20260917	4291318	cmp-a001-02-000000010764328	grp-a001-02-000000069047580	황성주생식라이프밀	nad-a001-02-000000541753996	bsn-a001-00-000000013604308	18	09	8753	M	1	0	0	4	0
20260917	4291318	cmp-a001-02-000000010764328	grp-a001-02-000000069047580	단백질바	nad-a001-02-000000553654559	bsn-a001-00-000000013604308	18	10	529514	M	7	0	0	21	0
20260917	4291318	cmp-a001-02-000000010764328	grp-a001-02-000000069047580	단백질바	nad-a001-02-000000553654554	bsn-a001-00-000000013604308	18	06	8753	M	1	0	0	6	0
20260917	4291318	cmp-a001-02-000000010764328	grp-a001-02-000000069047580	젤리	nad-a001-02-000000541753985	bsn-a001-00-000000013604308	18	03	768323	M	1	0	0	1	0
20260917	4291318	cmp-a001-02-000000010764328	grp-a001-02-000000072573876	추석선물셋트	nad-a001-02-000000573683834	bsn-a001-00-000000013604308	18	02	529514	M	19	0	0	28	0
20260917	4291318	cmp-a001-02-000000010764328	grp-a001-02-000000069047580	단백질	nad-a001-02-000000553654562	bsn-a001-00-000000013604308	18	03	8753	M	1	0	0	3	0
20260917	4291318	cmp-a001-02-000000010764328	grp-a001-02-000000072573876	추석선물세트	nad-a001-02-000000573683834	bsn-a001-00-000000013604308	18	02	798056	M	1	0	0	3	0
20260917	4291318	cmp-a001-02-000000010764328	grp-a001-02-000000069047580	에너지바	nad-a001-02-000000553654554	bsn-a001-00-000000013604308	18	02	529514	M	2	0	0	2	0
20260917	4291318	cmp-a001-02-000000010764328	grp-a001-02-000000072573876	추석선물세트	nad-a001-02-000000573683834	bsn-a001-00-000000013604308	18	09	27758	P	5	1	7193	11	0
20260917	4291318	cmp-a001-02-000000010764328	grp-a001-02-000000069047580	단백질	nad-a001-02-000000553654562	bsn-a001-00-000000013604308	18	18	684926	M	1	0	0	4	0
20260917	4291318	cmp-a001-02-000000010764328	grp-a001-02-000000069047580	단백질쉐이크	nad-a001-02-000000553654562	bsn-a001-00-000000013604308	18	11	529514	M	5	0	0	5	0
20260917	4291318	cmp-a001-02-000000010764328	grp-a001-02-000000069047580	프로틴	nad-a001-02-000000553654562	bsn-a001-00-000000013604308	18	06	529514	M	5	0	0	5	0
20260917	4291318	cmp-a001-02-000000010764328	grp-a001-02-000000072573876	추석선물세트	nad-a001-02-000000573683834	bsn-a001-00-000000013604308	18	11	8753	M	7	0	0	32	0
20260917	4291318	cmp-a001-02-000000010764328	grp-a001-02-000000072573876	분말	nad-a001-02-000000573683834	bsn-a001-00-000000013604308	18	11	23123	P	1	0	0	6	0
20260917	4291318	cmp-a001-02-000000010764328	grp-a001-02-000000069047580	가루	nad-a001-02-000000541753996	bsn-a001-00-000000013604308	18	03	8753	M	1	0	0	3	0
20260917	4291318	cmp-a001-02-000000010764328	grp-a001-02-000000069047580	프로틴	nad-a001-02-000000553654562	bsn-a001-00-000000013604308	18	01	768323	M	3	0	0	4	0
20260917	4291318	cmp-a001-02-000000010764328	grp-a001-02-000000069047580	브랜드스토어	nad-a001-02-000000541754004	bsn-a001-00-000000013604308	18	01	8753	M	1	0	0	4	0
20260917	4291318	cmp-a001-02-000000010764328	grp-a001-02-000000072573876	추석선물세트	nad-a001-02-000000573683834	bsn-a001-00-000000013604308	18	11	27758	P	3	0	0	6	0
20260917	4291318	cmp-a001-02-000000010764328	grp-a001-02-000000069047580	젤리	nad-a001-02-000000541753985	bsn-a001-00-000000013604308	18	02	529514	M	16	0	0	16	0
20260917	4291318	cmp-a001-02-000000010764328	grp-a001-02-000000069047580	엄마사랑단백질바	nad-a001-02-000000553654559	bsn-a001-00-000000013604308	18	03	8753	M	1	0	0	7	0
20260917	4291318	cmp-a001-02-000000010764328	grp-a001-02-000000069047580	프로틴	nad-a001-02-000000553654562	bsn-a001-00-000000013604308	18	13	529514	M	3	0	0	3	0
20260917	4291318	cmp-a001-02-000000010764328	grp-a001-02-000000072573876	추석선물세트	nad-a001-02-000000573683834	bsn-a001-00-000000013604308	18	01	633013	M	2	0	0	8	0
20260917	4291318	cmp-a001-02-000000010764328	grp-a001-02-000000069047580	젤리	nad-a001-02-000000541753985	bsn-a001-00-000000013604308	18	09	684927	P	1	0	0	5	0
20260917	4291318	cmp-a001-02-000000010764328	grp-a001-02-000000069047580	단백질	nad-a001-02-000000553654562	bsn-a001-00-000000013604308	18	02	33421	M	2	0	0	2	0
20260917	4291318	cmp-a001-02-000000010764328	grp-a001-02-000000069047580	프로틴쉐이크	nad-a001-02-000000553654562	bsn-a001-00-000000013604308	18	08	529514	M	3	0	0	3	0
20260917	4291318	cmp-a001-02-000000010764328	grp-a001-02-000000072573876	추석선물세트	nad-a001-02-000000573683834	bsn-a001-00-000000013604308	18	99	8753	M	3	0	0	8	0
20260917	4291318	cmp-a001-02-000000010764328	grp-a001-02-000000069047580	프로틴바	nad-a001-02-000000553654554	bsn-a001-00-000000013604308	18	02	98128	M	10	0	0	10	0
20260917	4291318	cmp-a001-02-000000010764328	grp-a001-02-000000069047580	젤리	nad-a001-02-000000541753985	bsn-a001-00-000000013604308	18	02	684926	M	2	0	0	8	0
20260917	4291318	cmp-a001-02-000000010764328	grp-a001-02-000000069047580	프로틴쉐이크	nad-a001-02-000000553654562	bsn-a001-00-000000013604308	18	06	529514	M	1	0	0	1	0
20260917	4291318	cmp-a001-02-000000010764328	grp-a001-02-000000069047580	트레이더스단백질간식	nad-a001-02-000000553654554	bsn-a001-00-000000013604308	18	11	27758	P	1	0	0	1	0
20260917	4291318	cmp-a001-02-000000010764328	grp-a001-02-000000069047580	황성주생식	nad-a001-02-000000541754005	bsn-a001-00-000000013604308	18	04	8753	M	1	0	0	4	0
20260917	4291318	cmp-a001-02-000000010764328	grp-a001-02-000000069047580	황성주생식	nad-a001-02-000000541753996	bsn-a001-00-000000013604308	18	01	8753	M	1	1	5500	2	0
20260917	4291318	cmp-a001-02-000000010764328	grp-a001-02-000000069047580	프로틴	nad-a001-02-000000553654562	bsn-a001-00-000000013604308	18	09	768323	M	32	0	0	48	0
20260917	4291318	cmp-a001-02-000000010764328	grp-a001-02-000000069047580	단백질바	nad-a001-02-000000553654554	bsn-a001-00-000000013604308	18	02	33421	M	1	0	0	3	0
20260917	4291318	cmp-a001-02-000000010764328	grp-a001-02-000000069047580	황성주생식	nad-a001-02-000000541753988	bsn-a001-00-000000013604308	18	08	633013	M	1	0	0	5	0
20260917	4291318	cmp-a001-02-000000010764328	grp-a001-02-000000069047580	젤리	nad-a001-02-000000541753985	bsn-a001-00-000000013604308	18	09	768323	M	3	0	0	3	0
20260917	4291318	cmp-a001-02-000000010764328	grp-a001-02-000000072573876	추석선물셋트	nad-a001-02-000000573683834	bsn-a001-00-000000013604308	18	08	529514	M	1	0	0	4	0
20260917	4291318	cmp-a001-02-000000010764328	grp-a001-02-000000072573876	추석선물세트	nad-a001-02-000000573683834	bsn-a001-00-000000013604308	18	02	33421	M	13	0	0	31	0
20260917	4291318	cmp-a001-02-000000010764328	grp-a001-02-000000069047580	단백질바	nad-a001-02-000000553654558	bsn-a001-00-000000013604308	18	02	8753	M	3	0	0	14	0
20260917	4291318	cmp-a001-02-000000010764328	grp-a001-02-000000072573876	추석선물세트	nad-a001-02-000000573683834	bsn-a001-00-000000013604308	18	00	87620	M	1	0	0	4	0
20260917	4291318	cmp-a001-02-000000010764328	grp-a001-02-000000069047580	프로틴	nad-a001-02-000000553654562	bsn-a001-00-000000013604308	18	99	768323	M	22	0	0	33	0
20260917	4291318	cmp-a001-02-000000010764328	grp-a001-02-000000069047580	프로틴	nad-a001-02-000000553654562	bsn-a001-00-000000013604308	18	03	529514	M	5	0	0	5	0
20260917	4291318	cmp-a001-02-000000010764328	grp-a001-02-000000069047580	강릉중앙시장동결건조	nad-a001-02-000000541753997	bsn-a001-00-000000013604308	18	01	8753	M	1	0	0	1	0
20260917	4291318	cmp-a001-02-000000010764328	grp-a001-02-000000069047580	프로틴	nad-a001-02-000000553654562	bsn-a001-00-000000013604308	18	09	33421	M	1	0	0	4	0
20260917	4291318	cmp-a001-02-000000010764328	grp-a001-02-000000072573876	명절선물	nad-a001-02-000000573683834	bsn-a001-00-000000013604308	18	13	8753	M	1	1	5533	15	0
20260917	4291318	cmp-a001-02-000000010764328	grp-a001-02-000000069047580	황성주생식	nad-a001-02-000000541754004	bsn-a001-00-000000013604308	18	15	8753	M	2	0	0	4	0
20260917	4291318	cmp-a001-02-000000010764328	grp-a001-02-000000069047580	에너지바	nad-a001-02-000000553654559	bsn-a001-00-000000013604308	18	03	529514	M	1	0	0	3	0
20260917	4291318	cmp-a001-02-000000010764328	grp-a001-02-000000069047580	에너지바	nad-a001-02-000000553654554	bsn-a001-00-000000013604308	18	09	27758	P	1	0	0	1	0
20260917	4291318	cmp-a001-02-000000010764328	grp-a001-02-000000069047580	다이어트식사대용	nad-a001-02-000000553654562	bsn-a001-00-000000013604308	18	15	529514	M	4	0	0	10	0
20260917	4291318	cmp-a001-02-000000010764328	grp-a001-02-000000069047580	엄마사랑단백질바	nad-a001-02-000000553654558	bsn-a001-00-000000013604308	18	03	8753	M	1	0	0	5	0
20260917	4291318	cmp-a001-02-000000010764328	grp-a001-02-000000069047580	단백질	nad-a001-02-000000553654562	bsn-a001-00-000000013604308	18	02	609155	M	1	0	0	1	0
20260917	4291318	cmp-a001-02-000000010764328	grp-a001-02-000000069047580	황성주생식	nad-a001-02-000000541753996	bsn-a001-00-000000013604308	18	15	633013	M	1	0	0	2	0
20260917	4291318	cmp-a001-02-000000010764328	grp-a001-02-000000072573876	스토어	nad-a001-02-000000573683834	bsn-a001-00-000000013604308	18	18	98128	M	2	0	0	4	0
20260917	4291318	cmp-a001-02-000000010764328	grp-a001-02-000000069047580	쿠엔크에너지바	nad-a001-02-000000553654554	bsn-a001-00-000000013604308	18	17	8753	M	1	0	0	1	0
20260917	4291318	cmp-a001-02-000000010764328	grp-a001-02-000000069047580	프로틴	nad-a001-02-000000553654562	bsn-a001-00-000000013604308	18	09	684927	P	4	0	0	16	0
20260917	4291318	cmp-a001-02-000000010764328	grp-a001-02-000000069047580	대용이란	nad-a001-02-000000553654562	bsn-a001-00-000000013604308	18	10	612594	M	2	0	0	14	0
20260917	4291318	cmp-a001-02-000000010764328	grp-a001-02-000000072573876	추석선물세트	nad-a001-02-000000573683834	bsn-a001-00-000000013604308	18	04	11068	P	2	0	0	15	0
20260917	4291318	cmp-a001-02-000000010764328	grp-a001-02-000000069047580	황성주생식	nad-a001-02-000000541753988	bsn-a001-00-000000013604308	18	11	633013	M	1	0	0	5	0
20260917	4291318	cmp-a001-02-000000010764328	grp-a001-02-000000069047580	다이어트쉐이크	nad-a001-02-000000553654562	bsn-a001-00-000000013604308	18	09	529514	M	1	0	0	1	0
20260917	4291318	cmp-a001-02-000000010764328	grp-a001-02-000000069047580	SHAKE	nad-a001-02-000000553654562	bsn-a001-00-000000013604308	18	10	8753	M	1	0	0	1	0
20260917	4291318	cmp-a001-02-000000010764328	grp-a001-02-000000069047580	김강민단백질쉐이크	nad-a001-02-000000553654562	bsn-a001-00-000000013604308	18	09	33421	M	1	0	0	5	0
20260917	4291318	cmp-a001-02-000000010764328	grp-a001-02-000000069047580	어르신단백질간식	nad-a001-02-000000553654558	bsn-a001-00-000000013604308	18	09	27758	P	1	0	0	3	0
20260917	4291318	cmp-a001-02-000000010764328	grp-a001-02-000000069047580	가루	nad-a001-02-000000541753996	bsn-a001-00-000000013604308	18	03	98128	M	1	0	0	2	0
20260917	4291318	cmp-a001-02-000000010764328	grp-a001-02-000000069047580	어르신단백질간식	nad-a001-02-000000553654559	bsn-a001-00-000000013604308	18	09	11068	P	1	0	0	11	0
20260917	4291318	cmp-a001-02-000000010764328	grp-a001-02-000000069047580	단백질쉐이크	nad-a001-02-000000553654562	bsn-a001-00-000000013604308	18	07	8753	M	2	0	0	10	0
20260917	4291318	cmp-a001-02-000000010764328	grp-a001-02-000000069047580	쉐이크쉐이크	nad-a001-02-000000553654562	bsn-a001-00-000000013604308	18	03	98128	M	2	0	0	2	0
20260917	4291318	cmp-a001-02-000000010764328	grp-a001-02-000000072573876	추석선물세트	nad-a001-02-000000573683834	bsn-a001-00-000000013604308	18	14	8753	M	1	0	0	5	0
20260917	4291318	cmp-a001-02-000000010764328	grp-a001-02-000000069047580	단백질간식	nad-a001-02-000000553654559	bsn-a001-00-000000013604308	18	03	684926	M	1	0	0	5	0
20260917	4291318	cmp-a001-02-000000010764328	grp-a001-02-000000069047580	프로틴	nad-a001-02-000000553654562	bsn-a001-00-000000013604308	18	99	529514	M	48	0	0	48	0
20260917	4291318	cmp-a001-02-000000010764328	grp-a001-02-000000069047580	프로틴	nad-a001-02-000000553654562	bsn-a001-00-000000013604308	18	09	98128	M	1	0	0	1	0
20260917	4291318	cmp-a001-02-000000010764328	grp-a001-02-000000072573876	PODOCHEONG추석선물	nad-a001-02-000000573683834	bsn-a001-00-000000013604308	18	13	8753	M	1	0	0	1	0
20260917	4291318	cmp-a001-02-000000010764328	grp-a001-02-000000069047580	프로틴	nad-a001-02-000000553654562	bsn-a001-00-000000013604308	18	16	529514	M	3	0	0	3	0
20260917	4291318	cmp-a001-02-000000010764328	grp-a001-02-000000069047580	황성주생식라이프밀	nad-a001-02-000000541753988	bsn-a001-00-000000013604308	18	08	8753	M	1	0	0	5	0
20260917	4291318	cmp-a001-02-000000010764328	grp-a001-02-000000069047580	단백질바	nad-a001-02-000000553654554	bsn-a001-00-000000013604308	18	10	529514	M	7	0	0	7	0
20260917	4291318	cmp-a001-02-000000010764328	grp-a001-02-000000069047580	단백질바	nad-a001-02-000000553654554	bsn-a001-00-000000013604308	18	02	8753	M	4	0	0	8	0
20260917	4291318	cmp-a001-02-000000010764328	grp-a001-02-000000069047580	황성주생식	nad-a001-02-000000541754004	bsn-a001-00-000000013604308	18	01	633013	M	2	0	0	6	0
20260917	4291318	cmp-a001-02-000000010764328	grp-a001-02-000000072573876	직장인간단한추석선물	nad-a001-02-000000573683834	bsn-a001-00-000000013604308	18	15	8753	M	1	0	0	4	0
20260917	4291318	cmp-a001-02-000000010764328	grp-a001-02-000000069047580	PROTEIN	nad-a001-02-000000553654562	bsn-a001-00-000000013604308	18	18	529514	M	8	0	0	9	0
20260917	4291318	cmp-a001-02-000000010764328	grp-a001-02-000000069047580	단백질바	nad-a001-02-000000553654558	bsn-a001-00-000000013604308	18	09	529514	M	26	0	0	52	0
20260917	4291318	cmp-a001-02-000000010764328	grp-a001-02-000000072573876	추석선물세트추천	nad-a001-02-000000573683834	bsn-a001-00-000000013604308	18	18	8753	M	4	0	0	34	0
20260917	4291318	cmp-a001-02-000000010764328	grp-a001-02-000000069047580	프로틴바	nad-a001-02-000000553654554	bsn-a001-00-000000013604308	18	99	529514	M	4	0	0	4	0
20260917	4291318	cmp-a001-02-000000010764328	grp-a001-02-000000069047580	젤리	nad-a001-02-000000541753985	bsn-a001-00-000000013604308	18	04	8753	M	1	0	0	6	0
20260917	4291318	cmp-a001-02-000000010764328	grp-a001-02-000000069047580	단백질바	nad-a001-02-000000553654558	bsn-a001-00-000000013604308	18	02	33421	M	1	0	0	6	0
20260917	4291318	cmp-a001-02-000000010764328	grp-a001-02-000000069047580	단백질	nad-a001-02-000000553654562	bsn-a001-00-000000013604308	18	09	27758	P	1	0	0	2	0
20260917	4291318	cmp-a001-02-000000010764328	grp-a001-02-000000069047580	프로틴쉐이크	nad-a001-02-000000553654562	bsn-a001-00-000000013604308	18	08	27758	P	1	0	0	4	0
20260917	4291318	cmp-a001-02-000000010764328	grp-a001-02-000000072573876	추석선물세트	nad-a001-02-000000573683834	bsn-a001-00-000000013604308	18	04	529514	M	30	0	0	57	0
20260917	4291318	cmp-a001-02-000000010764328	grp-a001-02-000000069047580	젤리	nad-a001-02-000000541753985	bsn-a001-00-000000013604308	18	02	87620	M	1	0	0	2	0
20260917	4291318	cmp-a001-02-000000010764328	grp-a001-02-000000072573876	추석선물세트	nad-a001-02-000000573683834	bsn-a001-00-000000013604308	18	99	529514	M	412	0	0	914	0
20260917	4291318	cmp-a001-02-000000010764328	grp-a001-02-000000069047580	황성주생식	nad-a001-02-000000541753996	bsn-a001-00-000000013604308	18	01	633013	M	2	0	0	4	0
20260917	4291318	cmp-a001-02-000000010764328	grp-a001-02-000000072573876	추석선물세트	nad-a001-02-000000573683834	bsn-a001-00-000000013604308	18	11	11068	P	1	0	0	1	0
20260917	4291318	cmp-a001-02-000000010764328	grp-a001-02-000000069047580	보세브랜드초콜릿	nad-a001-02-000000541753985	bsn-a001-00-000000013604308	18	09	8753	M	1	0	0	1	0
20260917	4291318	cmp-a001-02-000000010764328	grp-a001-02-000000069047580	브랜드스토어	nad-a001-02-000000541753996	bsn-a001-00-000000013604308	18	01	33421	M	1	0	0	6	0
20260917	4291318	cmp-a001-02-000000010764328	grp-a001-02-000000072573876	추석선물세트추천	nad-a001-02-000000573683834	bsn-a001-00-000000013604308	18	02	8753	M	4	1	7309	16	0
20260917	4291318	cmp-a001-02-000000010764328	grp-a001-02-000000072573876	추석선물세트	nad-a001-02-000000573683834	bsn-a001-00-000000013604308	18	16	8753	M	2	0	0	3	0
20260917	4291318	cmp-a001-02-000000010764328	grp-a001-02-000000069047580	단백질쉐이크	nad-a001-02-000000553654562	bsn-a001-00-000000013604308	18	04	529514	M	32	0	0	32	0
20260917	4291318	cmp-a001-02-000000010764328	grp-a001-02-000000069047580	다이어트쉐이크	nad-a001-02-000000553654562	bsn-a001-00-000000013604308	18	02	529514	M	5	0	0	5	0
20260917	4291318	cmp-a001-02-000000010764328	grp-a001-02-000000072573876	추석선물세트	nad-a001-02-000000573683834	bsn-a001-00-000000013604308	18	09	633013	M	3	0	0	11	0
20260917	4291318	cmp-a001-02-000000010764328	grp-a001-02-000000069047580	프로틴	nad-a001-02-000000553654562	bsn-a001-00-000000013604308	18	08	768323	M	7	0	0	10	0
20260917	4291318	cmp-a001-02-000000010764328	grp-a001-02-000000072573876	추석선물	nad-a001-02-000000573683834	bsn-a001-00-000000013604308	18	01	768323	M	1	0	0	13	0
20260917	4291318	cmp-a001-02-000000010764328	grp-a001-02-000000069047580	젤리추천	nad-a001-02-000000541753985	bsn-a001-00-000000013604308	18	99	8753	M	1	0	0	7	0
20260917	4291318	cmp-a001-02-000000010764328	grp-a001-02-000000069047580	프로틴보충제	nad-a001-02-000000553654562	bsn-a001-00-000000013604308	18	02	529514	M	4	0	0	6	0
20260917	4291318	cmp-a001-02-000000010764328	grp-a001-02-000000072573876	추석선물세트	nad-a001-02-000000573683834	bsn-a001-00-000000013604308	18	04	8753	M	8	0	0	22	0
20260917	4291318	cmp-a001-02-000000010764328	grp-a001-02-000000072573876	추석선물세트추천	nad-a001-02-000000573683834	bsn-a001-00-000000013604308	18	16	8753	M	2	0	0	2	0
20260917	4291318	cmp-a001-02-000000010764328	grp-a001-02-000000069047580	단백질쉐이크	nad-a001-02-000000553654562	bsn-a001-00-000000013604308	18	13	8753	M	1	0	0	6	0
20260917	4291318	cmp-a001-02-000000010764328	grp-a001-02-000000069047580	단백질쉐이크	nad-a001-02-000000553654562	bsn-a001-00-000000013604308	18	09	11068	P	1	0	0	5	0
20260917	4291318	cmp-a001-02-000000010764328	grp-a001-02-000000069047580	대두단백질	nad-a001-02-000000553654562	bsn-a001-00-000000013604308	18	16	8753	M	1	0	0	3	0
20260917	4291318	cmp-a001-02-000000010764328	grp-a001-02-000000069047580	황성주생식	nad-a001-02-000000541753996	bsn-a001-00-000000013604308	18	99	633013	M	1	0	0	2	0
20260917	4291318	cmp-a001-02-000000010764328	grp-a001-02-000000069047580	식물성단백질	nad-a001-02-000000553654562	bsn-a001-00-000000013604308	18	99	529514	M	2	0	0	2	0
20260917	4291318	cmp-a001-02-000000010764328	grp-a001-02-000000069047580	하루단백질섭취량	nad-a001-02-000000553654562	bsn-a001-00-000000013604308	18	09	8753	M	2	0	0	2	0
20260917	4291318	cmp-a001-02-000000010764328	grp-a001-02-000000069047580	단백질프로틴	nad-a001-02-000000553654562	bsn-a001-00-000000013604308	18	02	529514	M	2	0	0	2	0
20260917	4291318	cmp-a001-02-000000010764328	grp-a001-02-000000069047580	단백질파우더	nad-a001-02-000000553654562	bsn-a001-00-000000013604308	18	06	529514	M	1	0	0	1	0
20260917	4291318	cmp-a001-02-000000010764328	grp-a001-02-000000072573876	추석선물세트추천	nad-a001-02-000000573683834	bsn-a001-00-000000013604308	18	03	8753	M	2	0	0	2	0
20260917	4291318	cmp-a001-02-000000010764328	grp-a001-02-000000069047580	젤리	nad-a001-02-000000541753985	bsn-a001-00-000000013604308	18	16	8753	M	1	0	0	6	0
20260917	4291318	cmp-a001-02-000000010764328	grp-a001-02-000000069047580	단백질쉐이크	nad-a001-02-000000553654562	bsn-a001-00-000000013604308	18	00	8753	M	1	0	0	16	0
20260917	4291318	cmp-a001-02-000000010764328	grp-a001-02-000000069047580	황성주생식	nad-a001-02-000000541754004	bsn-a001-00-000000013604308	18	11	633013	M	1	0	0	3	0
20260917	4291318	cmp-a001-02-000000010764328	grp-a001-02-000000069047580	에너지바	nad-a001-02-000000553654558	bsn-a001-00-000000013604308	18	02	529514	M	2	0	0	4	0
20260917	4291318	cmp-a001-02-000000010764328	grp-a001-02-000000069047580	프로틴	nad-a001-02-000000553654562	bsn-a001-00-000000013604308	18	16	768323	M	4	0	0	8	0
20260917	4291318	cmp-a001-02-000000010764328	grp-a001-02-000000069047580	브랜드스토어	nad-a001-02-000000541754005	bsn-a001-00-000000013604308	18	01	33421	M	1	0	0	7	0
20260917	4291318	cmp-a001-02-000000010764328	grp-a001-02-000000069047580	황성주생식	nad-a001-02-000000541753988	bsn-a001-00-000000013604308	18	01	8753	M	1	0	0	5	0
20260917	4291318	cmp-a001-02-000000010764328	grp-a001-02-000000069047580	단백질쉐이크다이어트	nad-a001-02-000000553654562	bsn-a001-00-000000013604308	18	02	8753	M	1	0	0	1	0
20260917	4291318	cmp-a001-02-000000010764328	grp-a001-02-000000069047580	황성주생식	nad-a001-02-000000541753997	bsn-a001-00-000000013604308	18	99	8753	M	3	0	0	3	0
20260917	4291318	cmp-a001-02-000000010764328	grp-a001-02-000000069047580	단백질보충제	nad-a001-02-000000553654562	bsn-a001-00-000000013604308	18	18	8753	M	1	0	0	6	0
20260917	4291318	cmp-a001-02-000000010764328	grp-a001-02-000000069047580	황성주생식	nad-a001-02-000000541754004	bsn-a001-00-000000013604308	18	99	684924	M	1	0	0	1	0
20260917	4291318	cmp-a001-02-000000010764328	grp-a001-02-000000069047580	프로틴바	nad-a001-02-000000553654554	bsn-a001-00-000000013604308	18	02	27758	P	2	0	0	2	0
20260917	4291318	cmp-a001-02-000000010764328	grp-a001-02-000000069047580	프로틴	nad-a001-02-000000553654562	bsn-a001-00-000000013604308	18	99	98128	M	2	0	0	2	0
20260917	4291318	cmp-a001-02-000000010764328	grp-a001-02-000000069047580	단백질바	nad-a001-02-000000553654554	bsn-a001-00-000000013604308	18	99	8753	M	1	0	0	3	0
20260917	4291318	cmp-a001-02-000000010764328	grp-a001-02-000000069047580	단백질쉐이크	nad-a001-02-000000553654562	bsn-a001-00-000000013604308	18	07	684926	M	1	0	0	5	0
20260917	4291318	cmp-a001-02-000000010764328	grp-a001-02-000000069047580	황성주생식	nad-a001-02-000000541753996	bsn-a001-00-000000013604308	18	02	633013	M	4	0	0	8	0
20260917	4291318	cmp-a001-02-000000010764328	grp-a001-02-000000069047580	황성주생식	nad-a001-02-000000541754005	bsn-a001-00-000000013604308	18	08	633013	M	1	0	0	4	0
20260917	4291318	cmp-a001-02-000000010764328	grp-a001-02-000000069047580	가루	nad-a001-02-000000541753997	bsn-a001-00-000000013604308	18	02	27758	P	1	0	0	1	0
20260917	4291318	cmp-a001-02-000000010764328	grp-a001-02-000000069047580	단백질쉐이크틴	nad-a001-02-000000553654562	bsn-a001-00-000000013604308	18	09	33421	M	1	0	0	12	0
20260917	4291318	cmp-a001-02-000000010764328	grp-a001-02-000000069047580	다이어트쉐이크	nad-a001-02-000000553654562	bsn-a001-00-000000013604308	18	06	768323	M	1	0	0	10	0
20260917	4291318	cmp-a001-02-000000010764328	grp-a001-02-000000069047580	가루	nad-a001-02-000000541753988	bsn-a001-00-000000013604308	18	03	98128	M	1	0	0	5	0
20260917	4291318	cmp-a001-02-000000010764328	grp-a001-02-000000069047580	황성주생식	nad-a001-02-000000541753997	bsn-a001-00-000000013604308	18	11	633013	M	1	0	0	1	0
20260917	4291318	cmp-a001-02-000000010764328	grp-a001-02-000000069047580	황성주생식	nad-a001-02-000000541753997	bsn-a001-00-000000013604308	18	03	633013	M	1	0	0	1	0
20260917	4291318	cmp-a001-02-000000010764328	grp-a001-02-000000069047580	에너지바	nad-a001-02-000000553654559	bsn-a001-00-000000013604308	18	09	684927	P	1	0	0	5	0
20260917	4291318	cmp-a001-02-000000010764328	grp-a001-02-000000069047580	황성주생식	nad-a001-02-000000541754005	bsn-a001-00-000000013604308	18	02	633013	M	4	0	0	16	0
20260917	4291318	cmp-a001-02-000000010764328	grp-a001-02-000000069047580	단백질쉐이크	nad-a001-02-000000553654562	bsn-a001-00-000000013604308	18	08	529514	M	1	0	0	1	0
20260917	4291318	cmp-a001-02-000000010764328	grp-a001-02-000000072573876	추석선물세트	nad-a001-02-000000573683834	bsn-a001-00-000000013604308	18	00	11068	P	1	0	0	1	0
20260917	4291318	cmp-a001-02-000000010764328	grp-a001-02-000000069047580	사탕젤리	nad-a001-02-000000541753985	bsn-a001-00-000000013604308	18	11	87620	M	1	0	0	1	0
20260917	4291318	cmp-a001-02-000000010764328	grp-a001-02-000000069047580	황성주생식	nad-a001-02-000000541754004	bsn-a001-00-000000013604308	18	13	633013	M	2	0	0	6	0
20260917	4291318	cmp-a001-02-000000010764328	grp-a001-02-000000069047580	황성주생식	nad-a001-02-000000541753988	bsn-a001-00-000000013604308	18	04	8753	M	1	0	0	5	0
20260917	4291318	cmp-a001-02-000000010764328	grp-a001-02-000000069047580	황성주생식	nad-a001-02-000000541754004	bsn-a001-00-000000013604308	18	16	8753	M	1	0	0	2	0
20260917	4291318	cmp-a001-02-000000010764328	grp-a001-02-000000069047580	프로틴바	nad-a001-02-000000553654558	bsn-a001-00-000000013604308	18	00	529514	M	1	0	0	2	0
20260917	4291318	cmp-a001-02-000000010764328	grp-a001-02-000000069047580	젤리	nad-a001-02-000000541753985	bsn-a001-00-000000013604308	18	03	87620	M	1	0	0	2	0
20260917	4291318	cmp-a001-02-000000010764328	grp-a001-02-000000069047580	단백질보충제	nad-a001-02-000000553654562	bsn-a001-00-000000013604308	18	03	33421	M	1	0	0	7	0
20260917	4291318	cmp-a001-02-000000010764328	grp-a001-02-000000072573876	추석선물세트	nad-a001-02-000000573683834	bsn-a001-00-000000013604308	18	02	529514	M	581	0	0	1326	0
20260917	4291318	cmp-a001-02-000000010764328	grp-a001-02-000000069047580	단백질바	nad-a001-02-000000553654554	bsn-a001-00-000000013604308	18	04	529514	M	2	0	0	2	0
20260917	4291318	cmp-a001-02-000000010764328	grp-a001-02-000000069047580	황성주생식	nad-a001-02-000000541754004	bsn-a001-00-000000013604308	18	01	8753	M	1	1	4958	3	0
20260917	4291318	cmp-a001-02-000000010764328	grp-a001-02-000000069047580	SHAKE	nad-a001-02-000000553654562	bsn-a001-00-000000013604308	18	09	8753	M	1	0	0	2	0
20260917	4291318	cmp-a001-02-000000010764328	grp-a001-02-000000069047580	황성주생식	nad-a001-02-000000541753996	bsn-a001-00-000000013604308	18	16	8753	M	1	0	0	3	0
20260917	4291318	cmp-a001-02-000000010764328	grp-a001-02-000000069047580	단백질쉐이크	nad-a001-02-000000553654562	bsn-a001-00-000000013604308	18	09	684925	P	1	0	0	1	0
20260917	4291318	cmp-a001-02-000000010764328	grp-a001-02-000000072573876	스토어	nad-a001-02-000000573683834	bsn-a001-00-000000013604308	18	02	98128	M	25	0	0	50	0
20260917	4291318	cmp-a001-02-000000010764328	grp-a001-02-000000069047580	젤리	nad-a001-02-000000541753985	bsn-a001-00-000000013604308	18	13	98128	M	4	0	0	4	0
20260917	4291318	cmp-a001-02-000000010764328	grp-a001-02-000000069047580	단백질바	nad-a001-02-000000553654558	bsn-a001-00-000000013604308	18	15	8753	M	1	0	0	3	0
20260917	4291318	cmp-a001-02-000000010764328	grp-a001-02-000000069047580	황성주생식	nad-a001-02-000000541754004	bsn-a001-00-000000013604308	18	11	8753	M	2	0	0	4	0
20260917	4291318	cmp-a001-02-000000010764328	grp-a001-02-000000069047580	단백질스낵	nad-a001-02-000000553654554	bsn-a001-00-000000013604308	18	09	684926	M	2	0	0	4	0
20260917	4291318	cmp-a001-02-000000010764328	grp-a001-02-000000069047580	프로틴바	nad-a001-02-000000553654559	bsn-a001-00-000000013604308	18	16	529514	M	1	0	0	6	0
20260917	4291318	cmp-a001-02-000000010764328	grp-a001-02-000000072573876	추석선물세트	nad-a001-02-000000573683834	bsn-a001-00-000000013604308	18	16	529514	M	37	0	0	82	0
20260917	4291318	cmp-a001-02-000000010764328	grp-a001-02-000000069047580	단백질보충제	nad-a001-02-000000553654562	bsn-a001-00-000000013604308	18	02	684926	M	2	0	0	22	0
20260917	4291318	cmp-a001-02-000000010764328	grp-a001-02-000000072573876	추석선물세트	nad-a001-02-000000573683834	bsn-a001-00-000000013604308	18	10	8753	M	1	0	0	2	0
20260917	4291318	cmp-a001-02-000000010764328	grp-a001-02-000000069047580	프로틴	nad-a001-02-000000553654562	bsn-a001-00-000000013604308	18	01	8753	M	1	0	0	5	0
20260917	4291318	cmp-a001-02-000000010764328	grp-a001-02-000000069047580	프로틴바	nad-a001-02-000000553654554	bsn-a001-00-000000013604308	18	09	27758	P	1	0	0	1	0
20260917	4291318	cmp-a001-02-000000010764328	grp-a001-02-000000072573876	가루	nad-a001-02-000000573683834	bsn-a001-00-000000013604308	18	02	8753	M	1	0	0	1	0
20260917	4291318	cmp-a001-02-000000010764328	grp-a001-02-000000069047580	프로틴	nad-a001-02-000000553654562	bsn-a001-00-000000013604308	18	99	137281	M	1	0	0	1	0
20260917	4291318	cmp-a001-02-000000010764328	grp-a001-02-000000069047580	황성주생식	nad-a001-02-000000541754005	bsn-a001-00-000000013604308	18	11	8753	M	2	1	1726	8	0
20260917	4291318	cmp-a001-02-000000010764328	grp-a001-02-000000069047580	단백질보충제	nad-a001-02-000000553654562	bsn-a001-00-000000013604308	18	06	8753	M	1	0	0	3	0
20260917	4291318	cmp-a001-02-000000010764328	grp-a001-02-000000069047580	트레이더스단백질간식	nad-a001-02-000000553654558	bsn-a001-00-000000013604308	18	11	27758	P	1	0	0	3	0
20260917	4291318	cmp-a001-02-000000010764328	grp-a001-02-000000072573876	추석선물세트	nad-a001-02-000000573683834	bsn-a001-00-000000013604308	18	18	27758	P	2	0	0	3	0
20260917	4291318	cmp-a001-02-000000010764328	grp-a001-02-000000072573876	스토어	nad-a001-02-000000573683834	bsn-a001-00-000000013604308	18	99	98128	M	18	0	0	36	0
20260917	4291318	cmp-a001-02-000000010764328	grp-a001-02-000000069047580	단백질파우더	nad-a001-02-000000553654562	bsn-a001-00-000000013604308	18	02	8753	M	1	0	0	2	0
20260917	4291318	cmp-a001-02-000000010764328	grp-a001-02-000000072573876	추석선물세트	nad-a001-02-000000573683834	bsn-a001-00-000000013604308	18	17	529514	M	29	0	0	64	0
20260917	4291318	cmp-a001-02-000000010764328	grp-a001-02-000000072573876	스토어	nad-a001-02-000000573683834	bsn-a001-00-000000013604308	18	06	98128	M	1	0	0	2	0
20260917	4291318	cmp-a001-02-000000010764328	grp-a001-02-000000069047580	황성주생식라이프밀	nad-a001-02-000000541754005	bsn-a001-00-000000013604308	18	08	8753	M	1	0	0	4	0
20260917	4291318	cmp-a001-02-000000010764328	grp-a001-02-000000069047580	브랜드스토어	nad-a001-02-000000541753997	bsn-a001-00-000000013604308	18	01	33421	M	2	0	0	5	0
20260917	4291318	cmp-a001-02-000000010764328	grp-a001-02-000000069047580	어르신단백질간식	nad-a001-02-000000553654554	bsn-a001-00-000000013604308	18	09	11068	P	1	0	0	1	0
20260917	4291318	cmp-a001-02-000000010764328	grp-a001-02-000000072573876	추석선물세트	nad-a001-02-000000573683834	bsn-a001-00-000000013604308	18	18	8753	M	5	0	0	19	0
20260917	4291318	cmp-a001-02-000000010764328	grp-a001-02-000000069047580	에너지바	nad-a001-02-000000553654554	bsn-a001-00-000000013604308	18	09	33421	M	3	0	0	3	0
20260917	4291318	cmp-a001-02-000000010764328	grp-a001-02-000000069047580	프로틴바	nad-a001-02-000000553654554	bsn-a001-00-000000013604308	18	09	529514	M	8	0	0	8	0
20260917	4291318	cmp-a001-02-000000010764328	grp-a001-02-000000069047580	프로틴	nad-a001-02-000000553654562	bsn-a001-00-000000013604308	18	07	11068	P	1	0	0	3	0
20260917	4291318	cmp-a001-02-000000010764328	grp-a001-02-000000069047580	가루	nad-a001-02-000000541754004	bsn-a001-00-000000013604308	18	03	8753	M	1	0	0	2	0
20260917	4291318	cmp-a001-02-000000010764328	grp-a001-02-000000069047580	프로틴	nad-a001-02-000000553654562	bsn-a001-00-000000013604308	18	06	768323	M	1	0	0	1	0
20260917	4291318	cmp-a001-02-000000010764328	grp-a001-02-000000069047580	단백질쉐이크줄임말	nad-a001-02-000000553654562	bsn-a001-00-000000013604308	18	09	8753	M	1	0	0	4	0
20260917	4291318	cmp-a001-02-000000010764328	grp-a001-02-000000069047580	단백질쉐이크	nad-a001-02-000000553654562	bsn-a001-00-000000013604308	18	15	33421	M	1	0	0	5	0
20260917	4291318	cmp-a001-02-000000010764328	grp-a001-02-000000069047580	에너지바	nad-a001-02-000000553654559	bsn-a001-00-000000013604308	18	17	684926	M	2	0	0	8	0
20260917	4291318	cmp-a001-02-000000010764328	grp-a001-02-000000072573876	추석선물세트	nad-a001-02-000000573683834	bsn-a001-00-000000013604308	18	11	33421	M	3	1	5775	4	0
20260917	4291318	cmp-a001-02-000000010764328	grp-a001-02-000000069047580	황성주생식	nad-a001-02-000000541753996	bsn-a001-00-000000013604308	18	11	633013	M	1	0	0	2	0
20260917	4291318	cmp-a001-02-000000010764328	grp-a001-02-000000072573876	추석선물세트	nad-a001-02-000000573683834	bsn-a001-00-000000013604308	18	99	33421	M	1	0	0	1	0
20260917	4291318	cmp-a001-02-000000010764328	grp-a001-02-000000069047580	프로틴	nad-a001-02-000000553654562	bsn-a001-00-000000013604308	18	13	768323	M	2	0	0	4	0
20260917	4291318	cmp-a001-02-000000010764328	grp-a001-02-000000069047580	에너지바	nad-a001-02-000000553654558	bsn-a001-00-000000013604308	18	09	87620	M	1	0	0	2	0
20260917	4291318	cmp-a001-02-000000010764328	grp-a001-02-000000069047580	황성주생식	nad-a001-02-000000541753988	bsn-a001-00-000000013604308	18	09	633013	M	3	0	0	15	0
20260917	4291318	cmp-a001-02-000000010764328	grp-a001-02-000000069047580	황성주생식	nad-a001-02-000000541753997	bsn-a001-00-000000013604308	18	08	633013	M	1	0	0	1	0
20260917	4291318	cmp-a001-02-000000010764328	grp-a001-02-000000072573876	추석선물세트	nad-a001-02-000000573683834	bsn-a001-00-000000013604308	18	09	529514	M	735	0	0	1675	0
20260917	4291318	cmp-a001-02-000000010764328	grp-a001-02-000000069047580	프로틴바	nad-a001-02-000000553654559	bsn-a001-00-000000013604308	18	02	98128	M	5	0	0	20	0
20260917	4291318	cmp-a001-02-000000010764328	grp-a001-02-000000069047580	프로틴	nad-a001-02-000000553654562	bsn-a001-00-000000013604308	18	16	33421	M	1	0	0	2	0
20260917	4291318	cmp-a001-02-000000010764328	grp-a001-02-000000072573876	추석선물셋트	nad-a001-02-000000573683834	bsn-a001-00-000000013604308	18	03	529514	M	1	0	0	4	0
20260917	4291318	cmp-a001-02-000000010764328	grp-a001-02-000000069047580	쿠엔크에너지바	nad-a001-02-000000553654558	bsn-a001-00-000000013604308	18	17	8753	M	1	0	0	4	0
20260917	4291318	cmp-a001-02-000000010764328	grp-a001-02-000000072573876	스토어	nad-a001-02-000000573683834	bsn-a001-00-000000013604308	18	04	98128	M	2	0	0	4	0
20260917	4291318	cmp-a001-02-000000010764328	grp-a001-02-000000069047580	엄마사랑단백질바	nad-a001-02-000000553654558	bsn-a001-00-000000013604308	18	03	33421	M	1	0	0	3	0
20260917	4291318	cmp-a001-02-000000010764328	grp-a001-02-000000069047580	프로틴바	nad-a001-02-000000553654558	bsn-a001-00-000000013604308	18	09	27758	P	1	0	0	4	0
20260917	4291318	cmp-a001-02-000000010764328	grp-a001-02-000000069047580	에너지바	nad-a001-02-000000553654558	bsn-a001-00-000000013604308	18	09	8753	M	2	0	0	5	0
20260917	4291318	cmp-a001-02-000000010764328	grp-a001-02-000000069047580	황성주생식	nad-a001-02-000000541753996	bsn-a001-00-000000013604308	18	15	8753	M	2	0	0	6	0
20260917	4291318	cmp-a001-02-000000010764328	grp-a001-02-000000069047580	황성주생식	nad-a001-02-000000541754005	bsn-a001-00-000000013604308	18	02	8753	M	2	0	0	8	0
20260917	4291318	cmp-a001-02-000000010764328	grp-a001-02-000000069047580	다이어트쉐이크	nad-a001-02-000000553654562	bsn-a001-00-000000013604308	18	02	768323	M	2	0	0	20	0
20260917	4291318	cmp-a001-02-000000010764328	grp-a001-02-000000069047580	황성주생식	nad-a001-02-000000541753996	bsn-a001-00-000000013604308	18	09	633013	M	3	0	0	6	0
20260917	4291318	cmp-a001-02-000000010764328	grp-a001-02-000000069047580	단백질쉐이크	nad-a001-02-000000553654562	bsn-a001-00-000000013604308	18	17	529514	M	1	0	0	1	0
20260917	4291318	cmp-a001-02-000000010764328	grp-a001-02-000000069047580	강릉중앙시장동결건조	nad-a001-02-000000541753996	bsn-a001-00-000000013604308	18	01	8753	M	1	0	0	4	0
20260917	4291318	cmp-a001-02-000000010764328	grp-a001-02-000000069047580	단백질보충제	nad-a001-02-000000553654562	bsn-a001-00-000000013604308	18	14	8753	M	1	0	0	8	0
20260917	4291318	cmp-a001-02-000000010764328	grp-a001-02-000000072573876	추석선물세트	nad-a001-02-000000573683834	bsn-a001-00-000000013604308	18	02	8753	M	21	1	6615	70	0
20260917	4291318	cmp-a001-02-000000010764328	grp-a001-02-000000072573876	추석선물세트	nad-a001-02-000000573683834	bsn-a001-00-000000013604308	18	02	791889	P	1	0	0	5	0
20260917	4291318	cmp-a001-02-000000010764328	grp-a001-02-000000072573876	추석선물세트	nad-a001-02-000000573683834	bsn-a001-00-000000013604308	18	14	529514	M	22	0	0	48	0
20260917	4291318	cmp-a001-02-000000010764328	grp-a001-02-000000072573876	추석선물세트	nad-a001-02-000000573683834	bsn-a001-00-000000013604308	18	18	11068	P	1	0	0	1	0
20260917	4291318	cmp-a001-02-000000010764328	grp-a001-02-000000072573876	추석선물세트	nad-a001-02-000000573683834	bsn-a001-00-000000013604308	18	13	529514	M	125	0	0	293	0
20260917	4291318	cmp-a001-02-000000010764328	grp-a001-02-000000069047580	황성주생식라이프밀	nad-a001-02-000000541754004	bsn-a001-00-000000013604308	18	08	8753	M	1	0	0	2	0
20260917	4291318	cmp-a001-02-000000010764328	grp-a001-02-000000069047580	황성주생식	nad-a001-02-000000541754004	bsn-a001-00-000000013604308	18	15	633013	M	1	0	0	3	0
20260917	4291318	cmp-a001-02-000000010764328	grp-a001-02-000000069047580	에너지바	nad-a001-02-000000553654554	bsn-a001-00-000000013604308	18	09	87620	M	1	0	0	1	0
20260917	4291318	cmp-a001-02-000000010764328	grp-a001-02-000000069047580	황성주생식라이프밀	nad-a001-02-000000541753997	bsn-a001-00-000000013604308	18	02	8753	M	2	0	0	2	0
20260917	4291318	cmp-a001-02-000000010764328	grp-a001-02-000000069047580	단백질쉐이크	nad-a001-02-000000553654562	bsn-a001-00-000000013604308	18	16	529514	M	2	0	0	2	0
20260917	4291318	cmp-a001-02-000000010764328	grp-a001-02-000000072573876	추석선물셋트	nad-a001-02-000000573683834	bsn-a001-00-000000013604308	18	99	529514	M	4	0	0	10	0
20260917	4291318	cmp-a001-02-000000010764328	grp-a001-02-000000069047580	황성주생식	nad-a001-02-000000541754005	bsn-a001-00-000000013604308	18	01	633013	M	2	0	0	8	0
20260917	4291318	cmp-a001-02-000000010764328	grp-a001-02-000000072573876	추석선물세트	nad-a001-02-000000573683834	bsn-a001-00-000000013604308	18	06	27758	P	1	0	0	3	0
20260917	4291318	cmp-a001-02-000000010764328	grp-a001-02-000000069047580	단백질바	nad-a001-02-000000553654554	bsn-a001-00-000000013604308	18	02	529514	M	6	0	0	6	0
20260917	4291318	cmp-a001-02-000000010764328	grp-a001-02-000000069047580	단백질바	nad-a001-02-000000553654554	bsn-a001-00-000000013604308	18	15	33421	M	1	0	0	14	0
20260917	4291318	cmp-a001-02-000000010764328	grp-a001-02-000000072573876	추석선물세트	nad-a001-02-000000573683834	bsn-a001-00-000000013604308	18	08	529514	M	118	0	0	268	0
20260917	4291318	cmp-a001-02-000000010764328	grp-a001-02-000000069047580	단백질	nad-a001-02-000000553654562	bsn-a001-00-000000013604308	18	06	529514	M	1	0	0	1	0
20260917	4291318	cmp-a001-02-000000010764328	grp-a001-02-000000069047580	황성주생식	nad-a001-02-000000541753997	bsn-a001-00-000000013604308	18	02	633013	M	4	0	0	4	0
20260917	4291318	cmp-a001-02-000000010764328	grp-a001-02-000000072573876	추석선물세트	nad-a001-02-000000573683834	bsn-a001-00-000000013604308	18	01	27758	P	3	0	0	3	0
20260917	4291318	cmp-a001-02-000000010764328	grp-a001-02-000000069047580	쉐이크	nad-a001-02-000000553654562	bsn-a001-00-000000013604308	18	09	529514	M	10	0	0	12	0
20260917	4291318	cmp-a001-02-000000010764328	grp-a001-02-000000069047580	황성주생식	nad-a001-02-000000541753988	bsn-a001-00-000000013604308	18	18	633013	M	2	0	0	10	0
20260917	4291318	cmp-a001-02-000000010764328	grp-a001-02-000000069047580	프로틴	nad-a001-02-000000553654562	bsn-a001-00-000000013604308	18	02	8753	M	4	0	0	16	0
20260917	4291318	cmp-a001-02-000000010764328	grp-a001-02-000000069047580	단백질쉐이크	nad-a001-02-000000553654562	bsn-a001-00-000000013604308	18	99	98128	M	4	0	0	4	0
20260917	4291318	cmp-a001-02-000000010764328	grp-a001-02-000000069047580	단백질파우더변비	nad-a001-02-000000553654562	bsn-a001-00-000000013604308	18	08	8753	M	1	0	0	3	0
20260917	4291318	cmp-a001-02-000000010764328	grp-a001-02-000000069047580	단백질바	nad-a001-02-000000553654554	bsn-a001-00-000000013604308	18	15	8753	M	1	0	0	1	0
20260917	4291318	cmp-a001-02-000000010764328	grp-a001-02-000000069047580	황성주생식	nad-a001-02-000000541753988	bsn-a001-00-000000013604308	18	99	633013	M	1	0	0	5	0
20260917	4291318	cmp-a001-02-000000010764328	grp-a001-02-000000072573876	스토어	nad-a001-02-000000573683834	bsn-a001-00-000000013604308	18	08	98128	M	19	0	0	38	0
20260917	4291318	cmp-a001-02-000000010764328	grp-a001-02-000000069047580	황성주생식	nad-a001-02-000000541753996	bsn-a001-00-000000013604308	18	11	8753	M	2	0	0	6	0
20260917	4291318	cmp-a001-02-000000010764328	grp-a001-02-000000069047580	단백질바	nad-a001-02-000000553654554	bsn-a001-00-000000013604308	18	03	8753	M	1	0	0	4	0
20260917	4291318	cmp-a001-02-000000010764328	grp-a001-02-000000069047580	쉐이크	nad-a001-02-000000553654562	bsn-a001-00-000000013604308	18	02	98128	M	2	0	0	2	0
20260917	4291318	cmp-a001-02-000000010764328	grp-a001-02-000000069047580	단백질바	nad-a001-02-000000553654558	bsn-a001-00-000000013604308	18	02	529514	M	6	0	0	12	0
20260917	4291318	cmp-a001-02-000000010764328	grp-a001-02-000000072573876	추석선물세트	nad-a001-02-000000573683834	bsn-a001-00-000000013604308	18	03	529514	M	84	0	0	183	0
20260917	4291318	cmp-a001-02-000000010764328	grp-a001-02-000000069047580	황성주생식	nad-a001-02-000000541754005	bsn-a001-00-000000013604308	18	99	8753	M	3	0	0	12	0
20260917	4291318	cmp-a001-02-000000010764328	grp-a001-02-000000072573876	추석선물세트	nad-a001-02-000000573683834	bsn-a001-00-000000013604308	18	10	529514	M	51	0	0	127	0
20260917	4291318	cmp-a001-02-000000010764328	grp-a001-02-000000069047580	단백질	nad-a001-02-000000553654562	bsn-a001-00-000000013604308	18	09	11068	P	1	0	0	3	0
20260917	4291318	cmp-a001-02-000000010764328	grp-a001-02-000000069047580	황성주생식	nad-a001-02-000000541753997	bsn-a001-00-000000013604308	18	15	633013	M	1	0	0	1	0
20260917	4291318	cmp-a001-02-000000010764328	grp-a001-02-000000069047580	프로틴	nad-a001-02-000000553654562	bsn-a001-00-000000013604308	18	09	8753	M	7	0	0	28	0
20260917	4291318	cmp-a001-02-000000010764328	grp-a001-02-000000069047580	황성주생식	nad-a001-02-000000541753988	bsn-a001-00-000000013604308	18	13	633013	M	2	0	0	10	0
20260917	4291318	cmp-a001-02-000000010764328	grp-a001-02-000000069047580	프로틴	nad-a001-02-000000553654562	bsn-a001-00-000000013604308	18	16	8753	M	1	0	0	2	0
20260917	4291318	cmp-a001-02-000000010764328	grp-a001-02-000000069047580	에너지바	nad-a001-02-000000553654559	bsn-a001-00-000000013604308	18	02	529514	M	2	0	0	6	0
20260917	4291318	cmp-a001-02-000000010764328	grp-a001-02-000000069047580	단백질바	nad-a001-02-000000553654554	bsn-a001-00-000000013604308	18	09	529514	M	26	0	0	26	0
20260917	4291318	cmp-a001-02-000000010764328	grp-a001-02-000000069047580	다이어트단백질쉐이크	nad-a001-02-000000553654562	bsn-a001-00-000000013604308	18	02	529514	M	3	0	0	6	0
20260917	4291318	cmp-a001-02-000000010764328	grp-a001-02-000000069047580	단백질간식	nad-a001-02-000000553654559	bsn-a001-00-000000013604308	18	09	684926	M	1	0	0	5	0
20260917	4291318	cmp-a001-02-000000010764328	grp-a001-02-000000072573876	추석선물세트	nad-a001-02-000000573683834	bsn-a001-00-000000013604308	18	02	27758	P	12	0	0	20	0
20260917	4291318	cmp-a001-02-000000010764328	grp-a001-02-000000069047580	황성주생식	nad-a001-02-000000541753997	bsn-a001-00-000000013604308	15	03	424040	M	1	0	0	1	0
20260917	4291318	cmp-a001-02-000000010764328	grp-a001-02-000000069047580	황성주생식	nad-a001-02-000000541753997	bsn-a001-00-000000013604308	15	02	8753	M	1	0	0	1	0
20260917	4291318	cmp-a001-02-000000010764328	grp-a001-02-000000069047580	프로틴	nad-a001-02-000000553654562	bsn-a001-00-000000013604308	19	10	8753	M	1	0	0	4	0
20260917	4291318	cmp-a001-02-000000010764328	grp-a001-02-000000072573876	추석선물세트추천	nad-a001-02-000000573683834	bsn-a001-00-000000013604308	19	02	8753	M	1	0	0	1	0
20260917	4291318	cmp-a001-02-000000010764328	grp-a001-02-000000072573876	추석선물세트	nad-a001-02-000000573683834	bsn-a001-00-000000013604308	19	11	8753	M	1	0	0	7	0
