20260908	4291318	cmp-a001-02-000000010764328	grp-a001-02-000000069047580	생식	nad-a001-02-000000541753997	bsn-a001-00-000000013604308	14	04	424040	M	1	0	0	1	0
20260908	4291318	cmp-a001-02-000000010764328	grp-a001-02-000000069047580	황성주생식	nad-a001-02-000000541754005	bsn-a001-00-000000013604308	10	18	612594	M	0	1	3705	0	0
20260908	4291318	cmp-a001-02-000000010764328	grp-a001-02-000000069047580	황성주생식	nad-a001-02-000000541753997	bsn-a001-00-000000013604308	10	18	612594	M	0	1	5634	0	0
20260908	4291318	cmp-a001-02-000000010764328	grp-a001-02-000000069047580	황성주생식	nad-a001-02-000000541753997	bsn-a001-00-000000013604308	02	06	424040	M	1	0	0	1	0
20260908	4291318	cmp-a001-02-000000010764328	grp-a001-02-000000069047580	하루견과	nad-a001-02-000000541753959	bsn-a001-00-000000013604308	22	07	684926	M	1	0	0	3	0
20260908	4291318	cmp-a001-02-000000010764328	grp-a001-02-000000069047580	프로틴바	nad-a001-02-000000553654558	bsn-a001-00-000000013604308	22	13	529514	M	4	0	0	4	0
20260908	4291318	cmp-a001-02-000000010764328	grp-a001-02-000000069047580	프로틴	nad-a001-02-000000553654562	bsn-a001-00-000000013604308	22	08	529514	M	40	0	0	40	0
20260908	4291318	cmp-a001-02-000000010764328	grp-a001-02-000000069047580	하루	nad-a001-02-000000541753999	bsn-a001-00-000000013604308	22	08	98128	M	1	0	0	1	0
20260908	4291318	cmp-a001-02-000000010764328	grp-a001-02-000000069047580	에너지바	nad-a001-02-000000553654558	bsn-a001-00-000000013604308	22	09	23123	P	1	0	0	2	0
20260908	4291318	cmp-a001-02-000000010764328	grp-a001-02-000000069047580	다이어트쉐이크	nad-a001-02-000000553654562	bsn-a001-00-000000013604308	22	06	768323	M	3	0	0	4	0
20260908	4291318	cmp-a001-02-000000010764328	grp-a001-02-000000069047580	황성주생식	nad-a001-02-000000541754004	bsn-a001-00-000000013604308	22	02	8753	M	2	0	0	4	0
20260908	4291318	cmp-a001-02-000000010764328	grp-a001-02-000000069047580	프로틴바	nad-a001-02-000000553654558	bsn-a001-00-000000013604308	22	02	529514	M	4	0	0	8	0
20260908	4291318	cmp-a001-02-000000010764328	grp-a001-02-000000069047580	프로틴	nad-a001-02-000000553654562	bsn-a001-00-000000013604308	22	07	529514	M	11	0	0	11	0
20260908	4291318	cmp-a001-02-000000010764328	grp-a001-02-000000069047580	견과류세트	nad-a001-02-000000541753999	bsn-a001-00-000000013604308	22	02	8753	M	2	0	0	2	0
20260908	4291318	cmp-a001-02-000000010764328	grp-a001-02-000000069047580	견과류	nad-a001-02-000000541753960	bsn-a001-00-000000013604308	22	01	8753	M	2	1	2423	8	0
20260908	4291318	cmp-a001-02-000000010764328	grp-a001-02-000000069047580	하루견과	nad-a001-02-000000541753960	bsn-a001-00-000000013604308	22	03	33421	M	3	0	0	7	0
20260908	4291318	cmp-a001-02-000000010764328	grp-a001-02-000000069047580	황성주생식	nad-a001-02-000000541753997	bsn-a001-00-000000013604308	22	13	684924	M	1	0	0	1	0
20260908	4291318	cmp-a001-02-000000010764328	grp-a001-02-000000069047580	미니견과	nad-a001-02-000000541753999	bsn-a001-00-000000013604308	22	99	8753	M	1	0	0	1	0
20260908	4291318	cmp-a001-02-000000010764328	grp-a001-02-000000069047580	견과류	nad-a001-02-000000541753999	bsn-a001-00-000000013604308	22	99	8753	M	2	0	0	3	0
20260908	4291318	cmp-a001-02-000000010764328	grp-a001-02-000000072573876	추석선물세트	nad-a001-02-000000573683835	bsn-a001-00-000000013604308	22	16	8753	M	1	0	0	2	0
20260908	4291318	cmp-a001-02-000000010764328	grp-a001-02-000000072573876	명절선물	nad-a001-02-000000573683834	bsn-a001-00-000000013604308	22	08	529514	M	1	0	0	12	0
20260908	4291318	cmp-a001-02-000000010764328	grp-a001-02-000000069047580	프로틴파우더	nad-a001-02-000000553654562	bsn-a001-00-000000013604308	22	18	529514	M	2	0	0	2	0
20260908	4291318	cmp-a001-02-000000010764328	grp-a001-02-000000069047580	사랑	nad-a001-02-000000553654558	bsn-a001-00-000000013604308	22	04	98128	M	1	0	0	3	0
20260908	4291318	cmp-a001-02-000000010764328	grp-a001-02-000000069047580	견과	nad-a001-02-000000541753999	bsn-a001-00-000000013604308	22	09	529514	M	3	0	0	3	0
20260908	4291318	cmp-a001-02-000000010764328	grp-a001-02-000000069047580	갓	nad-a001-02-000000541753999	bsn-a001-00-000000013604308	22	04	27758	P	1	0	0	1	0
20260908	4291318	cmp-a001-02-000000010764328	grp-a001-02-000000069047580	견과세트	nad-a001-02-000000541753999	bsn-a001-00-000000013604308	22	15	529514	M	2	0	0	5	0
20260908	4291318	cmp-a001-02-000000010764328	grp-a001-02-000000069047580	하루견과	nad-a001-02-000000541753999	bsn-a001-00-000000013604308	22	02	8753	M	5	0	0	5	0
20260908	4291318	cmp-a001-02-000000010764328	grp-a001-02-000000069047580	견과류	nad-a001-02-000000541753959	bsn-a001-00-000000013604308	22	08	684926	M	1	0	0	3	0
20260908	4291318	cmp-a001-02-000000010764328	grp-a001-02-000000069047580	단백질바	nad-a001-02-000000553654554	bsn-a001-00-000000013604308	22	08	529514	M	11	0	0	12	0
20260908	4291318	cmp-a001-02-000000010764328	grp-a001-02-000000069047580	황성주생식	nad-a001-02-000000541754005	bsn-a001-00-000000013604308	22	09	798056	M	1	0	0	4	0
20260908	4291318	cmp-a001-02-000000010764328	grp-a001-02-000000069047580	견과세트	nad-a001-02-000000541753960	bsn-a001-00-000000013604308	22	03	768323	M	1	0	0	3	0
20260908	4291318	cmp-a001-02-000000010764328	grp-a001-02-000000072573876	추석선물	nad-a001-02-000000573683835	bsn-a001-00-000000013604308	22	02	33421	M	1	0	0	11	0
20260908	4291318	cmp-a001-02-000000010764328	grp-a001-02-000000069047580	단백질	nad-a001-02-000000553654562	bsn-a001-00-000000013604308	22	18	874301	P	1	0	0	1	0
20260908	4291318	cmp-a001-02-000000010764328	grp-a001-02-000000072573876	추석선물세트추천	nad-a001-02-000000573683834	bsn-a001-00-000000013604308	22	09	33421	M	1	0	0	5	0
20260908	4291318	cmp-a001-02-000000010764328	grp-a001-02-000000069047580	견과류선물세트	nad-a001-02-000000541753960	bsn-a001-00-000000013604308	22	16	370822	P	1	0	0	1	0
20260908	4291318	cmp-a001-02-000000010764328	grp-a001-02-000000069047580	다이어트쉐이크	nad-a001-02-000000553654562	bsn-a001-00-000000013604308	22	99	529514	M	4	0	0	4	0
20260908	4291318	cmp-a001-02-000000010764328	grp-a001-02-000000069047580	견과세트	nad-a001-02-000000541753999	bsn-a001-00-000000013604308	22	14	768323	M	1	0	0	1	0
20260908	4291318	cmp-a001-02-000000010764328	grp-a001-02-000000069047580	프로틴	nad-a001-02-000000553654562	bsn-a001-00-000000013604308	22	18	684925	P	1	0	0	1	0
20260908	4291318	cmp-a001-02-000000010764328	grp-a001-02-000000069047580	견과류	nad-a001-02-000000541753999	bsn-a001-00-000000013604308	22	01	684926	M	2	1	1806	4	0
20260908	4291318	cmp-a001-02-000000010764328	grp-a001-02-000000069047580	단백질	nad-a001-02-000000553654562	bsn-a001-00-000000013604308	22	11	98128	M	2	0	0	2	0
20260908	4291318	cmp-a001-02-000000010764328	grp-a001-02-000000069047580	무맛프로틴WPI2KG	nad-a001-02-000000553654562	bsn-a001-00-000000013604308	22	09	370822	P	1	0	0	1	0
20260908	4291318	cmp-a001-02-000000010764328	grp-a001-02-000000072573876	추석선물세트	nad-a001-02-000000573683834	bsn-a001-00-000000013604308	22	03	27758	P	2	1	7927	2	0
20260908	4291318	cmp-a001-02-000000010764328	grp-a001-02-000000069047580	황성주생식	nad-a001-02-000000541754004	bsn-a001-00-000000013604308	22	13	8753	M	2	0	0	4	0
20260908	4291318	cmp-a001-02-000000010764328	grp-a001-02-000000069047580	단백질바	nad-a001-02-000000553654559	bsn-a001-00-000000013604308	22	02	684927	P	1	1	1100	14	0
20260908	4291318	cmp-a001-02-000000010764328	grp-a001-02-000000069047580	시니어단백질추천	nad-a001-02-000000553654562	bsn-a001-00-000000013604308	22	02	341898	M	1	0	0	1	0
20260908	4291318	cmp-a001-02-000000010764328	grp-a001-02-000000069047580	황성주생식	nad-a001-02-000000541753996	bsn-a001-00-000000013604308	22	08	8753	M	1	0	0	3	0
20260908	4291318	cmp-a001-02-000000010764328	grp-a001-02-000000069047580	원이	nad-a001-02-000000541753999	bsn-a001-00-000000013604308	22	09	248824	P	1	0	0	1	0
20260908	4291318	cmp-a001-02-000000010764328	grp-a001-02-000000072573876	추석선물	nad-a001-02-000000573683835	bsn-a001-00-000000013604308	22	18	529514	M	3	0	0	45	0
20260908	4291318	cmp-a001-02-000000010764328	grp-a001-02-000000069047580	사랑	nad-a001-02-000000553654554	bsn-a001-00-000000013604308	22	02	98128	M	1	0	0	3	0
20260908	4291318	cmp-a001-02-000000010764328	grp-a001-02-000000069047580	하루견과	nad-a001-02-000000541753999	bsn-a001-00-000000013604308	22	03	33421	M	3	0	0	3	0
20260908	4291318	cmp-a001-02-000000010764328	grp-a001-02-000000069047580	젤리	nad-a001-02-000000541753985	bsn-a001-00-000000013604308	22	02	529514	M	2	0	0	2	0
20260908	4291318	cmp-a001-02-000000010764328	grp-a001-02-000000069047580	견과	nad-a001-02-000000541753960	bsn-a001-00-000000013604308	22	99	8753	M	1	0	0	2	0
20260908	4291318	cmp-a001-02-000000010764328	grp-a001-02-000000069047580	사랑이네	nad-a001-02-000000553654554	bsn-a001-00-000000013604308	22	99	529514	M	2	0	0	3	0
20260908	4291318	cmp-a001-02-000000010764328	grp-a001-02-000000069047580	견과류일일섭취량	nad-a001-02-000000541753960	bsn-a001-00-000000013604308	22	16	8753	M	1	0	0	2	0
20260908	4291318	cmp-a001-02-000000010764328	grp-a001-02-000000069047580	단백질쉐이크	nad-a001-02-000000553654562	bsn-a001-00-000000013604308	22	06	33421	M	1	0	0	25	0
20260908	4291318	cmp-a001-02-000000010764328	grp-a001-02-000000069047580	사랑	nad-a001-02-000000553654554	bsn-a001-00-000000013604308	22	01	98128	M	2	0	0	6	0
20260908	4291318	cmp-a001-02-000000010764328	grp-a001-02-000000069047580	경북건조분말	nad-a001-02-000000541753996	bsn-a001-00-000000013604308	22	04	8753	M	2	0	0	2	0
20260908	4291318	cmp-a001-02-000000010764328	grp-a001-02-000000069047580	식품브랜드	nad-a001-02-000000541753960	bsn-a001-00-000000013604308	22	09	529514	M	6	0	0	17	0
20260908	4291318	cmp-a001-02-000000010764328	grp-a001-02-000000069047580	황성주생식	nad-a001-02-000000541753996	bsn-a001-00-000000013604308	22	09	612594	M	1	0	0	3	0
20260908	4291318	cmp-a001-02-000000010764328	grp-a001-02-000000072573876	추석선물세트	nad-a001-02-000000573683834	bsn-a001-00-000000013604308	22	13	529514	M	4	0	0	9	0
20260908	4291318	cmp-a001-02-000000010764328	grp-a001-02-000000072573876	추석선물	nad-a001-02-000000573683834	bsn-a001-00-000000013604308	22	16	33421	M	1	0	0	1	0
20260908	4291318	cmp-a001-02-000000010764328	grp-a001-02-000000072573876	추석선물	nad-a001-02-000000573683834	bsn-a001-00-000000013604308	22	99	684927	P	1	0	0	2	0
20260908	4291318	cmp-a001-02-000000010764328	grp-a001-02-000000069047580	견과류	nad-a001-02-000000541753959	bsn-a001-00-000000013604308	22	08	529514	M	24	0	0	49	0
20260908	4291318	cmp-a001-02-000000010764328	grp-a001-02-000000069047580	경과류	nad-a001-02-000000541753999	bsn-a001-00-000000013604308	22	02	8753	M	1	0	0	1	0
20260908	4291318	cmp-a001-02-000000010764328	grp-a001-02-000000069047580	단백질프로틴바	nad-a001-02-000000553654554	bsn-a001-00-000000013604308	22	02	98128	M	2	0	0	2	0
20260908	4291318	cmp-a001-02-000000010764328	grp-a001-02-000000069047580	프로틴쉐이크	nad-a001-02-000000553654562	bsn-a001-00-000000013604308	22	03	33421	M	1	0	0	3	0
20260908	4291318	cmp-a001-02-000000010764328	grp-a001-02-000000069047580	에너지바	nad-a001-02-000000553654559	bsn-a001-00-000000013604308	22	02	684926	M	2	0	0	12	0
20260908	4291318	cmp-a001-02-000000010764328	grp-a001-02-000000069047580	프로틴바	nad-a001-02-000000553654554	bsn-a001-00-000000013604308	22	02	8753	M	1	0	0	4	0
20260908	4291318	cmp-a001-02-000000010764328	grp-a001-02-000000069047580	황성주생식라이프밀	nad-a001-02-000000541754005	bsn-a001-00-000000013604308	22	06	684926	M	1	1	1341	4	0
20260908	4291318	cmp-a001-02-000000010764328	grp-a001-02-000000069047580	견과류	nad-a001-02-000000541753960	bsn-a001-00-000000013604308	22	06	529514	M	31	0	0	79	0
20260908	4291318	cmp-a001-02-000000010764328	grp-a001-02-000000069047580	견과류	nad-a001-02-000000541753999	bsn-a001-00-000000013604308	22	04	529514	M	25	0	0	28	0
20260908	4291318	cmp-a001-02-000000010764328	grp-a001-02-000000069047580	하루견과	nad-a001-02-000000541753999	bsn-a001-00-000000013604308	22	02	87620	M	5	0	0	5	0
20260908	4291318	cmp-a001-02-000000010764328	grp-a001-02-000000069047580	하루견과	nad-a001-02-000000541753999	bsn-a001-00-000000013604308	22	04	33421	M	3	0	0	3	0
20260908	4291318	cmp-a001-02-000000010764328	grp-a001-02-000000069047580	프로틴	nad-a001-02-000000553654562	bsn-a001-00-000000013604308	22	11	98128	M	3	0	0	3	0
20260908	4291318	cmp-a001-02-000000010764328	grp-a001-02-000000069047580	식사대용	nad-a001-02-000000553654562	bsn-a001-00-000000013604308	22	11	529514	M	4	0	0	4	0
20260908	4291318	cmp-a001-02-000000010764328	grp-a001-02-000000069047580	황성주생식라이프밀	nad-a001-02-000000541753997	bsn-a001-00-000000013604308	22	15	8753	M	1	0	0	1	0
20260908	4291318	cmp-a001-02-000000010764328	grp-a001-02-000000069047580	하루	nad-a001-02-000000541753959	bsn-a001-00-000000013604308	22	02	98128	M	2	0	0	2	0
20260908	4291318	cmp-a001-02-000000010764328	grp-a001-02-000000069047580	단백질바	nad-a001-02-000000553654559	bsn-a001-00-000000013604308	22	11	529514	M	2	0	0	6	0
20260908	4291318	cmp-a001-02-000000010764328	grp-a001-02-000000069047580	단백질간식	nad-a001-02-000000553654558	bsn-a001-00-000000013604308	22	09	8753	M	1	0	0	2	0
20260908	4291318	cmp-a001-02-000000010764328	grp-a001-02-000000069047580	사랑	nad-a001-02-000000553654558	bsn-a001-00-000000013604308	22	07	98128	M	1	0	0	3	0
20260908	4291318	cmp-a001-02-000000010764328	grp-a001-02-000000069047580	쉐이크	nad-a001-02-000000553654562	bsn-a001-00-000000013604308	22	06	98128	M	1	0	0	1	0
20260908	4291318	cmp-a001-02-000000010764328	grp-a001-02-000000069047580	하루견과	nad-a001-02-000000541753959	bsn-a001-00-000000013604308	22	02	8753	M	3	0	0	12	0
20260908	4291318	cmp-a001-02-000000010764328	grp-a001-02-000000069047580	단백질보충제	nad-a001-02-000000553654562	bsn-a001-00-000000013604308	22	11	87620	M	1	0	0	1	0
20260908	4291318	cmp-a001-02-000000010764328	grp-a001-02-000000069047580	추석선물세트	nad-a001-02-000000541753960	bsn-a001-00-000000013604308	22	03	341898	M	1	0	0	1	0
20260908	4291318	cmp-a001-02-000000010764328	grp-a001-02-000000069047580	프로틴바	nad-a001-02-000000553654559	bsn-a001-00-000000013604308	22	02	768323	M	1	0	0	3	0
20260908	4291318	cmp-a001-02-000000010764328	grp-a001-02-000000069047580	단백질쉐이크	nad-a001-02-000000553654562	bsn-a001-00-000000013604308	22	11	529514	M	28	0	0	48	0
20260908	4291318	cmp-a001-02-000000010764328	grp-a001-02-000000069047580	견과류	nad-a001-02-000000541753960	bsn-a001-00-000000013604308	22	00	8753	M	1	0	0	2	0
20260908	4291318	cmp-a001-02-000000010764328	grp-a001-02-000000069047580	프로틴바	nad-a001-02-000000553654554	bsn-a001-00-000000013604308	22	10	529514	M	2	0	0	2	0
20260908	4291318	cmp-a001-02-000000010764328	grp-a001-02-000000069047580	견과류	nad-a001-02-000000541753999	bsn-a001-00-000000013604308	22	09	529514	M	226	0	0	237	0
20260908	4291318	cmp-a001-02-000000010764328	grp-a001-02-000000069047580	견과류	nad-a001-02-000000541753959	bsn-a001-00-000000013604308	22	03	768323	M	1	0	0	1	0
20260908	4291318	cmp-a001-02-000000010764328	grp-a001-02-000000069047580	견과류	nad-a001-02-000000541753959	bsn-a001-00-000000013604308	22	02	529514	M	97	0	0	192	0
20260908	4291318	cmp-a001-02-000000010764328	grp-a001-02-000000072573876	추석선물세트	nad-a001-02-000000573683835	bsn-a001-00-000000013604308	22	99	529514	M	19	0	0	46	0
20260908	4291318	cmp-a001-02-000000010764328	grp-a001-02-000000069047580	하루견과	nad-a001-02-000000541753999	bsn-a001-00-000000013604308	22	09	8753	M	9	0	0	9	0
20260908	4291318	cmp-a001-02-000000010764328	grp-a001-02-000000069047580	젤리	nad-a001-02-000000541753985	bsn-a001-00-000000013604308	22	03	529514	M	3	0	0	12	0
20260908	4291318	cmp-a001-02-000000010764328	grp-a001-02-000000069047580	단백질쉐이크	nad-a001-02-000000553654562	bsn-a001-00-000000013604308	22	01	529514	M	4	0	0	8	0
20260908	4291318	cmp-a001-02-000000010764328	grp-a001-02-000000069047580	황성주생식	nad-a001-02-000000541754004	bsn-a001-00-000000013604308	22	09	27758	P	1	0	0	2	0
20260908	4291318	cmp-a001-02-000000010764328	grp-a001-02-000000069047580	황성주생식	nad-a001-02-000000541753997	bsn-a001-00-000000013604308	22	04	8753	M	1	0	0	1	0
20260908	4291318	cmp-a001-02-000000010764328	grp-a001-02-000000069047580	단백질바	nad-a001-02-000000553654558	bsn-a001-00-000000013604308	22	02	33421	M	1	0	0	6	0
20260908	4291318	cmp-a001-02-000000010764328	grp-a001-02-000000069047580	견과류	nad-a001-02-000000541753960	bsn-a001-00-000000013604308	22	11	529514	M	26	0	0	68	0
20260908	4291318	cmp-a001-02-000000010764328	grp-a001-02-000000069047580	에너지바	nad-a001-02-000000553654554	bsn-a001-00-000000013604308	22	02	8753	M	1	0	0	1	0
20260908	4291318	cmp-a001-02-000000010764328	grp-a001-02-000000069047580	하루견과	nad-a001-02-000000541753960	bsn-a001-00-000000013604308	22	03	8753	M	3	0	0	8	0
20260908	4291318	cmp-a001-02-000000010764328	grp-a001-02-000000069047580	견과류영양성분	nad-a001-02-000000541753959	bsn-a001-00-000000013604308	22	04	8753	M	1	0	0	4	0
20260908	4291318	cmp-a001-02-000000010764328	grp-a001-02-000000069047580	단백질간식	nad-a001-02-000000553654554	bsn-a001-00-000000013604308	22	16	27758	P	1	0	0	1	0
20260908	4291318	cmp-a001-02-000000010764328	grp-a001-02-000000069047580	프로틴바	nad-a001-02-000000553654554	bsn-a001-00-000000013604308	22	02	87620	M	1	0	0	1	0
20260908	4291318	cmp-a001-02-000000010764328	grp-a001-02-000000069047580	견과류	nad-a001-02-000000541753959	bsn-a001-00-000000013604308	22	08	8753	M	1	0	0	3	0
20260908	4291318	cmp-a001-02-000000010764328	grp-a001-02-000000069047580	견과류	nad-a001-02-000000541753959	bsn-a001-00-000000013604308	22	09	11068	P	1	0	0	5	0
20260908	4291318	cmp-a001-02-000000010764328	grp-a001-02-000000072573876	추석선물	nad-a001-02-000000573683835	bsn-a001-00-000000013604308	22	11	529514	M	11	0	0	148	0
20260908	4291318	cmp-a001-02-000000010764328	grp-a001-02-000000069047580	식사대용	nad-a001-02-000000553654562	bsn-a001-00-000000013604308	22	09	768323	M	3	0	0	3	0
20260908	4291318	cmp-a001-02-000000010764328	grp-a001-02-000000072573876	추석선물세트	nad-a001-02-000000573683835	bsn-a001-00-000000013604308	22	10	529514	M	3	0	0	8	0
20260908	4291318	cmp-a001-02-000000010764328	grp-a001-02-000000069047580	하루만	nad-a001-02-000000541753959	bsn-a001-00-000000013604308	22	99	529514	M	2	0	0	3	0
20260908	4291318	cmp-a001-02-000000010764328	grp-a001-02-000000069047580	견과류	nad-a001-02-000000541753959	bsn-a001-00-000000013604308	22	09	684927	P	1	0	0	5	0
20260908	4291318	cmp-a001-02-000000010764328	grp-a001-02-000000069047580	단백질간식	nad-a001-02-000000553654559	bsn-a001-00-000000013604308	22	03	8753	M	1	0	0	9	0
20260908	4291318	cmp-a001-02-000000010764328	grp-a001-02-000000069047580	단백질쉐이크	nad-a001-02-000000553654562	bsn-a001-00-000000013604308	22	14	529514	M	25	0	0	43	0
20260908	4291318	cmp-a001-02-000000010764328	grp-a001-02-000000069047580	견과류	nad-a001-02-000000541753999	bsn-a001-00-000000013604308	22	09	27758	P	2	0	0	3	0
20260908	4291318	cmp-a001-02-000000010764328	grp-a001-02-000000069047580	생식가루	nad-a001-02-000000541753997	bsn-a001-00-000000013604308	22	06	684926	M	1	0	0	2	0
20260908	4291318	cmp-a001-02-000000010764328	grp-a001-02-000000069047580	단백질쉐이크	nad-a001-02-000000553654562	bsn-a001-00-000000013604308	22	08	529514	M	13	0	0	25	0
20260908	4291318	cmp-a001-02-000000010764328	grp-a001-02-000000069047580	사랑	nad-a001-02-000000553654554	bsn-a001-00-000000013604308	22	08	98128	M	4	0	0	12	0
20260908	4291318	cmp-a001-02-000000010764328	grp-a001-02-000000069047580	견과세트	nad-a001-02-000000541753999	bsn-a001-00-000000013604308	22	02	768323	M	18	0	0	27	0
20260908	4291318	cmp-a001-02-000000010764328	grp-a001-02-000000069047580	에너지바	nad-a001-02-000000553654554	bsn-a001-00-000000013604308	22	08	87620	M	1	0	0	1	0
20260908	4291318	cmp-a001-02-000000010764328	grp-a001-02-000000069047580	단백질간식	nad-a001-02-000000553654554	bsn-a001-00-000000013604308	22	18	8753	M	2	0	0	4	0
20260908	4291318	cmp-a001-02-000000010764328	grp-a001-02-000000069047580	견과류	nad-a001-02-000000541753960	bsn-a001-00-000000013604308	22	09	798056	M	1	0	0	2	0
20260908	4291318	cmp-a001-02-000000010764328	grp-a001-02-000000069047580	저탄수화물간식	nad-a001-02-000000541753999	bsn-a001-00-000000013604308	22	11	11068	P	1	0	0	4	0
20260908	4291318	cmp-a001-02-000000010764328	grp-a001-02-000000072573876	추석선물	nad-a001-02-000000573683834	bsn-a001-00-000000013604308	22	11	684926	M	1	0	0	71	0
20260908	4291318	cmp-a001-02-000000010764328	grp-a001-02-000000069047580	프로틴쉐이크	nad-a001-02-000000553654562	bsn-a001-00-000000013604308	22	07	684926	M	1	0	0	9	0
20260908	4291318	cmp-a001-02-000000010764328	grp-a001-02-000000069047580	견과류	nad-a001-02-000000541753999	bsn-a001-00-000000013604308	22	11	529514	M	26	0	0	26	0
20260908	4291318	cmp-a001-02-000000010764328	grp-a001-02-000000069047580	하루견과	nad-a001-02-000000541753960	bsn-a001-00-000000013604308	22	15	529514	M	6	0	0	18	0
20260908	4291318	cmp-a001-02-000000010764328	grp-a001-02-000000069047580	견과세트	nad-a001-02-000000541753960	bsn-a001-00-000000013604308	22	15	529514	M	2	0	0	8	0
20260908	4291318	cmp-a001-02-000000010764328	grp-a001-02-000000069047580	하루	nad-a001-02-000000541753959	bsn-a001-00-000000013604308	22	02	248824	P	1	0	0	1	0
20260908	4291318	cmp-a001-02-000000010764328	grp-a001-02-000000069047580	다이어트쉐이크	nad-a001-02-000000553654562	bsn-a001-00-000000013604308	22	08	768323	M	2	0	0	3	0
20260908	4291318	cmp-a001-02-000000010764328	grp-a001-02-000000069047580	에너지바	nad-a001-02-000000553654559	bsn-a001-00-000000013604308	22	08	87620	M	1	0	0	3	0
20260908	4291318	cmp-a001-02-000000010764328	grp-a001-02-000000069047580	보충제	nad-a001-02-000000553654562	bsn-a001-00-000000013604308	22	02	529514	M	12	0	0	12	0
20260908	4291318	cmp-a001-02-000000010764328	grp-a001-02-000000069047580	단백질바	nad-a001-02-000000553654558	bsn-a001-00-000000013604308	22	13	8753	M	1	0	0	6	0
20260908	4291318	cmp-a001-02-000000010764328	grp-a001-02-000000069047580	견과	nad-a001-02-000000541753960	bsn-a001-00-000000013604308	22	09	529514	M	3	0	0	6	0
20260908	4291318	cmp-a001-02-000000010764328	grp-a001-02-000000072573876	추석선물	nad-a001-02-000000573683835	bsn-a001-00-000000013604308	22	03	8753	M	1	0	0	9	0
20260908	4291318	cmp-a001-02-000000010764328	grp-a001-02-000000069047580	프로틴파우더	nad-a001-02-000000553654562	bsn-a001-00-000000013604308	22	02	529514	M	2	0	0	2	0
20260908	4291318	cmp-a001-02-000000010764328	grp-a001-02-000000069047580	단백질단백질보충제	nad-a001-02-000000553654562	bsn-a001-00-000000013604308	22	16	11068	P	1	0	0	5	0
20260908	4291318	cmp-a001-02-000000010764328	grp-a001-02-000000069047580	견과류	nad-a001-02-000000541753999	bsn-a001-00-000000013604308	22	15	684927	P	2	0	0	2	0
20260908	4291318	cmp-a001-02-000000010764328	grp-a001-02-000000069047580	견과세트	nad-a001-02-000000541753960	bsn-a001-00-000000013604308	22	15	768323	M	3	0	0	7	0
20260908	4291318	cmp-a001-02-000000010764328	grp-a001-02-000000069047580	단백질바	nad-a001-02-000000553654558	bsn-a001-00-000000013604308	22	99	8753	M	1	0	0	6	0
20260908	4291318	cmp-a001-02-000000010764328	grp-a001-02-000000069047580	두리안젤리	nad-a001-02-000000541753985	bsn-a001-00-000000013604308	22	02	341898	M	1	0	0	3	0
20260908	4291318	cmp-a001-02-000000010764328	grp-a001-02-000000072573876	분말가루세트	nad-a001-02-000000573683835	bsn-a001-00-000000013604308	22	01	684926	M	1	0	0	6	0
20260908	4291318	cmp-a001-02-000000010764328	grp-a001-02-000000069047580	하루견과	nad-a001-02-000000541753959	bsn-a001-00-000000013604308	22	03	33421	M	2	0	0	6	0
20260908	4291318	cmp-a001-02-000000010764328	grp-a001-02-000000069047580	단백질바	nad-a001-02-000000553654554	bsn-a001-00-000000013604308	22	02	8753	M	1	0	0	3	0
20260908	4291318	cmp-a001-02-000000010764328	grp-a001-02-000000069047580	견과류	nad-a001-02-000000541753960	bsn-a001-00-000000013604308	22	15	529514	M	41	0	0	107	0
20260908	4291318	cmp-a001-02-000000010764328	grp-a001-02-000000072573876	추석선물	nad-a001-02-000000573683835	bsn-a001-00-000000013604308	22	99	684927	P	1	0	0	4	0
20260908	4291318	cmp-a001-02-000000010764328	grp-a001-02-000000069047580	견과류	nad-a001-02-000000541753959	bsn-a001-00-000000013604308	22	09	27758	P	1	0	0	3	0
20260908	4291318	cmp-a001-02-000000010764328	grp-a001-02-000000072573876	추석선물	nad-a001-02-000000573683835	bsn-a001-00-000000013604308	22	08	529514	M	13	0	0	195	0
20260908	4291318	cmp-a001-02-000000010764328	grp-a001-02-000000069047580	단백질쉐이크	nad-a001-02-000000553654562	bsn-a001-00-000000013604308	22	07	529514	M	17	0	0	30	0
20260908	4291318	cmp-a001-02-000000010764328	grp-a001-02-000000069047580	견과세트	nad-a001-02-000000541753999	bsn-a001-00-000000013604308	22	02	529514	M	2	0	0	4	0
20260908	4291318	cmp-a001-02-000000010764328	grp-a001-02-000000069047580	프로틴단백질	nad-a001-02-000000553654562	bsn-a001-00-000000013604308	22	10	98128	M	1	0	0	1	0
20260908	4291318	cmp-a001-02-000000010764328	grp-a001-02-000000069047580	견과류	nad-a001-02-000000541753999	bsn-a001-00-000000013604308	22	13	529514	M	28	0	0	28	0
20260908	4291318	cmp-a001-02-000000010764328	grp-a001-02-000000069047580	견과류	nad-a001-02-000000541753959	bsn-a001-00-000000013604308	22	10	529514	M	8	0	0	16	0
20260908	4291318	cmp-a001-02-000000010764328	grp-a001-02-000000069047580	견과류	nad-a001-02-000000541753960	bsn-a001-00-000000013604308	22	06	33421	M	1	0	0	3	0
20260908	4291318	cmp-a001-02-000000010764328	grp-a001-02-000000069047580	비애스앤프로틴바성분	nad-a001-02-000000553654558	bsn-a001-00-000000013604308	22	09	8753	M	1	0	0	5	0
20260908	4291318	cmp-a001-02-000000010764328	grp-a001-02-000000069047580	갓	nad-a001-02-000000541753960	bsn-a001-00-000000013604308	22	00	612594	M	1	0	0	2	0
20260908	4291318	cmp-a001-02-000000010764328	grp-a001-02-000000069047580	견과	nad-a001-02-000000541753999	bsn-a001-00-000000013604308	22	10	684926	M	1	0	0	1	0
20260908	4291318	cmp-a001-02-000000010764328	grp-a001-02-000000069047580	황성주생식	nad-a001-02-000000541753988	bsn-a001-00-000000013604308	22	09	529514	M	3	0	0	15	0
20260908	4291318	cmp-a001-02-000000010764328	grp-a001-02-000000069047580	하루견과	nad-a001-02-000000541753960	bsn-a001-00-000000013604308	22	17	8753	M	1	0	0	3	0
20260908	4291318	cmp-a001-02-000000010764328	grp-a001-02-000000069047580	사랑	nad-a001-02-000000553654554	bsn-a001-00-000000013604308	22	09	98128	M	1	0	0	3	0
20260908	4291318	cmp-a001-02-000000010764328	grp-a001-02-000000069047580	황성주생식	nad-a001-02-000000541753997	bsn-a001-00-000000013604308	22	09	798056	M	1	0	0	1	0
20260908	4291318	cmp-a001-02-000000010764328	grp-a001-02-000000072573876	추석선물세트추천	nad-a001-02-000000573683834	bsn-a001-00-000000013604308	22	02	8753	M	1	0	0	2	0
20260908	4291318	cmp-a001-02-000000010764328	grp-a001-02-000000069047580	한끼견과류	nad-a001-02-000000541753960	bsn-a001-00-000000013604308	22	04	33421	M	1	0	0	2	0
20260908	4291318	cmp-a001-02-000000010764328	grp-a001-02-000000072573876	추석선물세트추천	nad-a001-02-000000573683835	bsn-a001-00-000000013604308	22	11	33421	M	1	0	0	9	0
20260908	4291318	cmp-a001-02-000000010764328	grp-a001-02-000000069047580	하루견과	nad-a001-02-000000541753959	bsn-a001-00-000000013604308	22	99	529514	M	2	0	0	4	0
20260908	4291318	cmp-a001-02-000000010764328	grp-a001-02-000000069047580	가루야G	nad-a001-02-000000541753996	bsn-a001-00-000000013604308	22	08	8753	M	1	0	0	3	0
20260908	4291318	cmp-a001-02-000000010764328	grp-a001-02-000000072573876	추석선물세트	nad-a001-02-000000573683834	bsn-a001-00-000000013604308	22	08	529514	M	7	0	0	14	0
20260908	4291318	cmp-a001-02-000000010764328	grp-a001-02-000000069047580	갓	nad-a001-02-000000541753960	bsn-a001-00-000000013604308	22	03	8753	M	1	0	0	4	0
20260908	4291318	cmp-a001-02-000000010764328	grp-a001-02-000000069047580	프로틴바	nad-a001-02-000000553654559	bsn-a001-00-000000013604308	22	07	768323	M	1	0	0	3	0
20260908	4291318	cmp-a001-02-000000010764328	grp-a001-02-000000069047580	하루견과	nad-a001-02-000000541753960	bsn-a001-00-000000013604308	22	02	633013	M	4	0	0	7	0
20260908	4291318	cmp-a001-02-000000010764328	grp-a001-02-000000069047580	하루만	nad-a001-02-000000541753999	bsn-a001-00-000000013604308	22	09	529514	M	2	0	0	2	0
20260908	4291318	cmp-a001-02-000000010764328	grp-a001-02-000000069047580	한끼견과류	nad-a001-02-000000541753959	bsn-a001-00-000000013604308	22	04	33421	M	1	0	0	4	0
20260908	4291318	cmp-a001-02-000000010764328	grp-a001-02-000000069047580	프로틴바	nad-a001-02-000000553654558	bsn-a001-00-000000013604308	22	02	98128	M	1	0	0	2	0
20260908	4291318	cmp-a001-02-000000010764328	grp-a001-02-000000069047580	스토어	nad-a001-02-000000541753996	bsn-a001-00-000000013604308	22	00	248824	P	1	0	0	2	0
20260908	4291318	cmp-a001-02-000000010764328	grp-a001-02-000000069047580	견과류2살먹어도	nad-a001-02-000000541753960	bsn-a001-00-000000013604308	22	09	8753	M	1	0	0	3	0
20260908	4291318	cmp-a001-02-000000010764328	grp-a001-02-000000069047580	프로틴바	nad-a001-02-000000553654559	bsn-a001-00-000000013604308	22	11	529514	M	9	0	0	49	0
20260908	4291318	cmp-a001-02-000000010764328	grp-a001-02-000000072573876	추석선물세트추천	nad-a001-02-000000573683834	bsn-a001-00-000000013604308	22	09	8753	M	2	0	0	7	0
20260908	4291318	cmp-a001-02-000000010764328	grp-a001-02-000000069047580	프로틴바	nad-a001-02-000000553654559	bsn-a001-00-000000013604308	22	02	98128	M	1	0	0	5	0
20260908	4291318	cmp-a001-02-000000010764328	grp-a001-02-000000069047580	단백질쉐이크	nad-a001-02-000000553654562	bsn-a001-00-000000013604308	22	08	98128	M	8	0	0	8	0
20260908	4291318	cmp-a001-02-000000010764328	grp-a001-02-000000069047580	보충제	nad-a001-02-000000553654562	bsn-a001-00-000000013604308	22	09	529514	M	2	0	0	2	0
20260908	4291318	cmp-a001-02-000000010764328	grp-a001-02-000000069047580	단백질파우더	nad-a001-02-000000553654562	bsn-a001-00-000000013604308	22	06	529514	M	2	0	0	3	0
20260908	4291318	cmp-a001-02-000000010764328	grp-a001-02-000000072573876	명절선물	nad-a001-02-000000573683835	bsn-a001-00-000000013604308	22	15	529514	M	1	0	0	11	0
20260908	4291318	cmp-a001-02-000000010764328	grp-a001-02-000000069047580	그레인브랜드	nad-a001-02-000000553654558	bsn-a001-00-000000013604308	22	02	98128	M	5	0	0	5	0
20260908	4291318	cmp-a001-02-000000010764328	grp-a001-02-000000069047580	견과류	nad-a001-02-000000541753960	bsn-a001-00-000000013604308	22	09	11068	P	1	0	0	3	0
20260908	4291318	cmp-a001-02-000000010764328	grp-a001-02-000000069047580	하루견과	nad-a001-02-000000541753999	bsn-a001-00-000000013604308	22	13	529514	M	2	0	0	2	0
20260908	4291318	cmp-a001-02-000000010764328	grp-a001-02-000000069047580	견과류신선하게보관하는방법	nad-a001-02-000000541753959	bsn-a001-00-000000013604308	22	02	8753	M	1	0	0	3	0
20260908	4291318	cmp-a001-02-000000010764328	grp-a001-02-000000072573876	경죽추석세트	nad-a001-02-000000573683835	bsn-a001-00-000000013604308	22	04	8753	M	1	0	0	3	0
20260908	4291318	cmp-a001-02-000000010764328	grp-a001-02-000000069047580	견과류	nad-a001-02-000000541753960	bsn-a001-00-000000013604308	22	99	529514	M	74	0	0	190	0
20260908	4291318	cmp-a001-02-000000010764328	grp-a001-02-000000069047580	단백질쉐이크	nad-a001-02-000000553654562	bsn-a001-00-000000013604308	22	02	98128	M	4	0	0	4	0
20260908	4291318	cmp-a001-02-000000010764328	grp-a001-02-000000069047580	견과류믹스	nad-a001-02-000000541753960	bsn-a001-00-000000013604308	22	18	341898	M	1	0	0	1	0
20260908	4291318	cmp-a001-02-000000010764328	grp-a001-02-000000069047580	견과류	nad-a001-02-000000541753960	bsn-a001-00-000000013604308	22	17	529514	M	5	0	0	13	0
20260908	4291318	cmp-a001-02-000000010764328	grp-a001-02-000000069047580	하루견과	nad-a001-02-000000541753959	bsn-a001-00-000000013604308	22	11	8753	M	1	0	0	4	0
20260908	4291318	cmp-a001-02-000000010764328	grp-a001-02-000000069047580	식물성단백질	nad-a001-02-000000553654562	bsn-a001-00-000000013604308	22	09	529514	M	2	0	0	2	0
20260908	4291318	cmp-a001-02-000000010764328	grp-a001-02-000000069047580	프로틴바	nad-a001-02-000000553654558	bsn-a001-00-000000013604308	22	03	768323	M	2	0	0	4	0
20260908	4291318	cmp-a001-02-000000010764328	grp-a001-02-000000069047580	사랑이	nad-a001-02-000000553654558	bsn-a001-00-000000013604308	22	09	529514	M	2	0	0	4	0
20260908	4291318	cmp-a001-02-000000010764328	grp-a001-02-000000069047580	황성주생식	nad-a001-02-000000541754005	bsn-a001-00-000000013604308	22	07	8753	M	1	0	0	4	0
20260908	4291318	cmp-a001-02-000000010764328	grp-a001-02-000000069047580	하루견과	nad-a001-02-000000541753960	bsn-a001-00-000000013604308	22	18	33421	M	1	0	0	2	0
20260908	4291318	cmp-a001-02-000000010764328	grp-a001-02-000000072573876	명절선물	nad-a001-02-000000573683835	bsn-a001-00-000000013604308	22	15	8753	M	1	0	0	14	0
20260908	4291318	cmp-a001-02-000000010764328	grp-a001-02-000000069047580	프로틴	nad-a001-02-000000553654562	bsn-a001-00-000000013604308	22	18	768323	M	7	0	0	7	0
20260908	4291318	cmp-a001-02-000000010764328	grp-a001-02-000000072573876	추석선물	nad-a001-02-000000573683834	bsn-a001-00-000000013604308	22	11	684927	P	1	0	0	1	0
20260908	4291318	cmp-a001-02-000000010764328	grp-a001-02-000000069047580	견과세트	nad-a001-02-000000541753960	bsn-a001-00-000000013604308	22	06	768323	M	2	0	0	5	0
20260908	4291318	cmp-a001-02-000000010764328	grp-a001-02-000000072573876	추석선물세트	nad-a001-02-000000573683835	bsn-a001-00-000000013604308	22	02	33421	M	2	0	0	11	0
20260908	4291318	cmp-a001-02-000000010764328	grp-a001-02-000000069047580	하루만	nad-a001-02-000000541753999	bsn-a001-00-000000013604308	22	03	529514	M	4	0	0	6	0
20260908	4291318	cmp-a001-02-000000010764328	grp-a001-02-000000069047580	단백질바	nad-a001-02-000000553654554	bsn-a001-00-000000013604308	22	16	8753	M	1	0	0	5	0
20260908	4291318	cmp-a001-02-000000010764328	grp-a001-02-000000072573876	추석선물세트추천	nad-a001-02-000000573683834	bsn-a001-00-000000013604308	22	11	8753	M	1	0	0	2	0
20260908	4291318	cmp-a001-02-000000010764328	grp-a001-02-000000069047580	황성주생식	nad-a001-02-000000541753996	bsn-a001-00-000000013604308	22	04	791888	M	1	0	0	3	0
20260908	4291318	cmp-a001-02-000000010764328	grp-a001-02-000000069047580	단백질바	nad-a001-02-000000553654554	bsn-a001-00-000000013604308	22	02	529514	M	4	0	0	4	0
20260908	4291318	cmp-a001-02-000000010764328	grp-a001-02-000000069047580	프로틴	nad-a001-02-000000553654562	bsn-a001-00-000000013604308	22	07	768323	M	6	0	0	10	0
20260908	4291318	cmp-a001-02-000000010764328	grp-a001-02-000000069047580	사랑하니까	nad-a001-02-000000553654554	bsn-a001-00-000000013604308	22	06	612594	M	1	0	0	3	0
20260908	4291318	cmp-a001-02-000000010764328	grp-a001-02-000000069047580	11곡물단백질쉐이크	nad-a001-02-000000553654562	bsn-a001-00-000000013604308	22	11	8753	M	1	0	0	4	0
20260908	4291318	cmp-a001-02-000000010764328	grp-a001-02-000000069047580	견과류	nad-a001-02-000000541753960	bsn-a001-00-000000013604308	22	02	8753	M	12	0	0	45	0
20260908	4291318	cmp-a001-02-000000010764328	grp-a001-02-000000069047580	하루견과	nad-a001-02-000000541753999	bsn-a001-00-000000013604308	22	06	8753	M	1	0	0	1	0
20260908	4291318	cmp-a001-02-000000010764328	grp-a001-02-000000069047580	하루만	nad-a001-02-000000541753960	bsn-a001-00-000000013604308	22	09	529514	M	2	0	0	4	0
20260908	4291318	cmp-a001-02-000000010764328	grp-a001-02-000000069047580	단백질보충제	nad-a001-02-000000553654562	bsn-a001-00-000000013604308	22	08	529514	M	2	0	0	4	0
20260908	4291318	cmp-a001-02-000000010764328	grp-a001-02-000000069047580	쉐이크	nad-a001-02-000000553654562	bsn-a001-00-000000013604308	22	99	98128	M	12	0	0	12	0
20260908	4291318	cmp-a001-02-000000010764328	grp-a001-02-000000069047580	하루견과	nad-a001-02-000000541753959	bsn-a001-00-000000013604308	22	18	8753	M	2	0	0	8	0
20260908	4291318	cmp-a001-02-000000010764328	grp-a001-02-000000072573876	추석선물세트	nad-a001-02-000000573683835	bsn-a001-00-000000013604308	22	10	8753	M	1	0	0	4	0
20260908	4291318	cmp-a001-02-000000010764328	grp-a001-02-000000069047580	견과류	nad-a001-02-000000541753999	bsn-a001-00-000000013604308	22	01	11068	P	1	0	0	2	0
20260908	4291318	cmp-a001-02-000000010764328	grp-a001-02-000000069047580	하루견과100봉	nad-a001-02-000000541753960	bsn-a001-00-000000013604308	22	18	341898	M	1	0	0	1	0
20260908	4291318	cmp-a001-02-000000010764328	grp-a001-02-000000069047580	단백질쉐이크	nad-a001-02-000000553654562	bsn-a001-00-000000013604308	22	02	529514	M	163	0	0	281	0
20260908	4291318	cmp-a001-02-000000010764328	grp-a001-02-000000069047580	젤리	nad-a001-02-000000541753985	bsn-a001-00-000000013604308	22	13	98128	M	5	0	0	5	0
20260908	4291318	cmp-a001-02-000000010764328	grp-a001-02-000000072573876	추석선물세트	nad-a001-02-000000573683834	bsn-a001-00-000000013604308	22	11	529514	M	25	0	0	57	0
20260908	4291318	cmp-a001-02-000000010764328	grp-a001-02-000000072573876	추석선물세트	nad-a001-02-000000573683834	bsn-a001-00-000000013604308	22	08	33421	M	1	0	0	2	0
20260908	4291318	cmp-a001-02-000000010764328	grp-a001-02-000000069047580	단백질쉐이크	nad-a001-02-000000553654562	bsn-a001-00-000000013604308	22	13	529514	M	18	0	0	30	0
20260908	4291318	cmp-a001-02-000000010764328	grp-a001-02-000000069047580	사랑이네	nad-a001-02-000000553654558	bsn-a001-00-000000013604308	22	08	529514	M	2	0	0	5	0
20260908	4291318	cmp-a001-02-000000010764328	grp-a001-02-000000069047580	프로틴바	nad-a001-02-000000553654558	bsn-a001-00-000000013604308	22	07	768323	M	1	0	0	2	0
20260908	4291318	cmp-a001-02-000000010764328	grp-a001-02-000000072573876	추석선물세트	nad-a001-02-000000573683835	bsn-a001-00-000000013604308	22	04	529514	M	6	0	0	16	0
20260908	4291318	cmp-a001-02-000000010764328	grp-a001-02-000000069047580	견과류세트	nad-a001-02-000000541753960	bsn-a001-00-000000013604308	22	01	8753	M	1	0	0	4	0
20260908	4291318	cmp-a001-02-000000010764328	grp-a001-02-000000069047580	황성주생식	nad-a001-02-000000541753997	bsn-a001-00-000000013604308	22	07	8753	M	1	0	0	1	0
20260908	4291318	cmp-a001-02-000000010764328	grp-a001-02-000000069047580	에너지바	nad-a001-02-000000553654554	bsn-a001-00-000000013604308	22	99	27758	P	1	0	0	1	0
20260908	4291318	cmp-a001-02-000000010764328	grp-a001-02-000000069047580	단백질파우더	nad-a001-02-000000553654562	bsn-a001-00-000000013604308	22	11	768323	M	2	0	0	4	0
20260908	4291318	cmp-a001-02-000000010764328	grp-a001-02-000000069047580	견과세트	nad-a001-02-000000541753960	bsn-a001-00-000000013604308	22	99	768323	M	2	0	0	5	0
20260908	4291318	cmp-a001-02-000000010764328	grp-a001-02-000000069047580	견과류	nad-a001-02-000000541753999	bsn-a001-00-000000013604308	22	99	529514	M	74	0	0	75	0
20260908	4291318	cmp-a001-02-000000010764328	grp-a001-02-000000069047580	단백질쉐이크	nad-a001-02-000000553654562	bsn-a001-00-000000013604308	22	09	529514	M	173	0	0	292	0
20260908	4291318	cmp-a001-02-000000010764328	grp-a001-02-000000069047580	견과류세트	nad-a001-02-000000541753999	bsn-a001-00-000000013604308	22	01	8753	M	1	0	0	1	0
20260908	4291318	cmp-a001-02-000000010764328	grp-a001-02-000000069047580	황성주생식라이프밀	nad-a001-02-000000541753996	bsn-a001-00-000000013604308	22	02	8753	M	2	0	0	6	0
20260908	4291318	cmp-a001-02-000000010764328	grp-a001-02-000000069047580	갓	nad-a001-02-000000541753960	bsn-a001-00-000000013604308	22	06	8753	M	1	0	0	3	0
20260908	4291318	cmp-a001-02-000000010764328	grp-a001-02-000000069047580	프로틴바	nad-a001-02-000000553654558	bsn-a001-00-000000013604308	22	01	768323	M	1	0	0	1	0
20260908	4291318	cmp-a001-02-000000010764328	grp-a001-02-000000069047580	하루견과	nad-a001-02-000000541753960	bsn-a001-00-000000013604308	22	08	8753	M	3	0	0	9	0
20260908	4291318	cmp-a001-02-000000010764328	grp-a001-02-000000072573876	추석선물세트	nad-a001-02-000000573683834	bsn-a001-00-000000013604308	22	01	798056	M	1	0	0	5	0
20260908	4291318	cmp-a001-02-000000010764328	grp-a001-02-000000069047580	하루	nad-a001-02-000000541753960	bsn-a001-00-000000013604308	22	02	98128	M	1	0	0	3	0
20260908	4291318	cmp-a001-02-000000010764328	grp-a001-02-000000069047580	하루견과	nad-a001-02-000000541753999	bsn-a001-00-000000013604308	22	07	684926	M	1	0	0	1	0
20260908	4291318	cmp-a001-02-000000010764328	grp-a001-02-000000069047580	견과세트	nad-a001-02-000000541753960	bsn-a001-00-000000013604308	22	02	768323	M	18	0	0	45	0
20260908	4291318	cmp-a001-02-000000010764328	grp-a001-02-000000069047580	견과류	nad-a001-02-000000541753960	bsn-a001-00-000000013604308	22	13	8753	M	4	0	0	14	0
20260908	4291318	cmp-a001-02-000000010764328	grp-a001-02-000000069047580	황성주생식	nad-a001-02-000000541753996	bsn-a001-00-000000013604308	22	04	8753	M	1	1	5496	2	0
20260908	4291318	cmp-a001-02-000000010764328	grp-a001-02-000000072573876	추석선물세트	nad-a001-02-000000573683834	bsn-a001-00-000000013604308	22	14	529514	M	1	0	0	2	0
20260908	4291318	cmp-a001-02-000000010764328	grp-a001-02-000000072573876	추석선물	nad-a001-02-000000573683835	bsn-a001-00-000000013604308	22	08	684927	P	1	0	0	5	0
20260908	4291318	cmp-a001-02-000000010764328	grp-a001-02-000000069047580	견과세트	nad-a001-02-000000541753999	bsn-a001-00-000000013604308	22	99	768323	M	2	0	0	3	0
20260908	4291318	cmp-a001-02-000000010764328	grp-a001-02-000000069047580	견과류	nad-a001-02-000000541753999	bsn-a001-00-000000013604308	22	09	684925	P	2	0	0	2	0
20260908	4291318	cmp-a001-02-000000010764328	grp-a001-02-000000069047580	견과류	nad-a001-02-000000541753960	bsn-a001-00-000000013604308	22	04	8753	M	3	0	0	9	0
20260908	4291318	cmp-a001-02-000000010764328	grp-a001-02-000000072573876	추석선물	nad-a001-02-000000573683835	bsn-a001-00-000000013604308	22	09	8753	M	3	0	0	23	0
20260908	4291318	cmp-a001-02-000000010764328	grp-a001-02-000000069047580	프로틴	nad-a001-02-000000553654562	bsn-a001-00-000000013604308	22	01	137281	M	1	0	0	1	0
20260908	4291318	cmp-a001-02-000000010764328	grp-a001-02-000000069047580	하루견과	nad-a001-02-000000541753999	bsn-a001-00-000000013604308	22	15	684926	M	2	0	0	2	0
20260908	4291318	cmp-a001-02-000000010764328	grp-a001-02-000000072573876	추석선물세트	nad-a001-02-000000573683835	bsn-a001-00-000000013604308	22	11	529514	M	21	0	0	45	0
20260908	4291318	cmp-a001-02-000000010764328	grp-a001-02-000000072573876	추석선물	nad-a001-02-000000573683835	bsn-a001-00-000000013604308	22	06	529514	M	2	0	0	30	0
20260908	4291318	cmp-a001-02-000000010764328	grp-a001-02-000000069047580	견과류세트	nad-a001-02-000000541753960	bsn-a001-00-000000013604308	22	04	8753	M	1	0	0	2	0
20260908	4291318	cmp-a001-02-000000010764328	grp-a001-02-000000072573876	추석선물세트	nad-a001-02-000000573683835	bsn-a001-00-000000013604308	22	15	529514	M	4	0	0	10	0
20260908	4291318	cmp-a001-02-000000010764328	grp-a001-02-000000069047580	하루견과	nad-a001-02-000000541753960	bsn-a001-00-000000013604308	22	15	633013	M	1	0	0	2	0
20260908	4291318	cmp-a001-02-000000010764328	grp-a001-02-000000069047580	견과류	nad-a001-02-000000541753999	bsn-a001-00-000000013604308	22	14	8753	M	1	0	0	2	0
20260908	4291318	cmp-a001-02-000000010764328	grp-a001-02-000000069047580	견과류	nad-a001-02-000000541753960	bsn-a001-00-000000013604308	22	01	11068	P	1	0	0	3	0
20260908	4291318	cmp-a001-02-000000010764328	grp-a001-02-000000069047580	젤리	nad-a001-02-000000541753985	bsn-a001-00-000000013604308	22	13	768323	M	1	0	0	3	0
20260908	4291318	cmp-a001-02-000000010764328	grp-a001-02-000000069047580	견과류세트	nad-a001-02-000000541753959	bsn-a001-00-000000013604308	22	04	8753	M	1	0	0	3	0
20260908	4291318	cmp-a001-02-000000010764328	grp-a001-02-000000072573876	추석선물추천	nad-a001-02-000000573683834	bsn-a001-00-000000013604308	22	04	33421	M	2	0	0	4	0
20260908	4291318	cmp-a001-02-000000010764328	grp-a001-02-000000069047580	프로틴	nad-a001-02-000000553654562	bsn-a001-00-000000013604308	22	02	291244	M	1	0	0	1	0
20260908	4291318	cmp-a001-02-000000010764328	grp-a001-02-000000069047580	성풍ISP	nad-a001-02-000000553654562	bsn-a001-00-000000013604308	22	06	370822	P	1	0	0	1	0
20260908	4291318	cmp-a001-02-000000010764328	grp-a001-02-000000069047580	견과류순위	nad-a001-02-000000541753960	bsn-a001-00-000000013604308	22	08	8753	M	1	0	0	5	0
20260908	4291318	cmp-a001-02-000000010764328	grp-a001-02-000000069047580	프로틴	nad-a001-02-000000553654562	bsn-a001-00-000000013604308	22	04	768323	M	7	0	0	11	0
20260908	4291318	cmp-a001-02-000000010764328	grp-a001-02-000000069047580	아이허브에너지바	nad-a001-02-000000553654558	bsn-a001-00-000000013604308	22	09	8753	M	1	0	0	3	0
20260908	4291318	cmp-a001-02-000000010764328	grp-a001-02-000000069047580	하루	nad-a001-02-000000541753960	bsn-a001-00-000000013604308	22	09	98128	M	2	0	0	4	0
20260908	4291318	cmp-a001-02-000000010764328	grp-a001-02-000000069047580	단백질프로틴바	nad-a001-02-000000553654558	bsn-a001-00-000000013604308	22	14	98128	M	2	0	0	2	0
20260908	4291318	cmp-a001-02-000000010764328	grp-a001-02-000000069047580	원더풀견과세트	nad-a001-02-000000541753999	bsn-a001-00-000000013604308	22	16	8753	M	1	0	0	2	0
20260908	4291318	cmp-a001-02-000000010764328	grp-a001-02-000000069047580	견과세트	nad-a001-02-000000541753959	bsn-a001-00-000000013604308	22	15	768323	M	1	0	0	1	0
20260908	4291318	cmp-a001-02-000000010764328	grp-a001-02-000000069047580	하루견과	nad-a001-02-000000541753960	bsn-a001-00-000000013604308	22	09	8753	M	9	0	0	28	0
20260908	4291318	cmp-a001-02-000000010764328	grp-a001-02-000000069047580	견과류	nad-a001-02-000000541753999	bsn-a001-00-000000013604308	22	11	8753	M	1	0	0	2	0
20260908	4291318	cmp-a001-02-000000010764328	grp-a001-02-000000069047580	단백질보충제	nad-a001-02-000000553654562	bsn-a001-00-000000013604308	22	15	87620	M	1	0	0	1	0
20260908	4291318	cmp-a001-02-000000010764328	grp-a001-02-000000069047580	견과류	nad-a001-02-000000541753959	bsn-a001-00-000000013604308	22	01	11068	P	1	0	0	4	0
20260908	4291318	cmp-a001-02-000000010764328	grp-a001-02-000000069047580	황성주생식	nad-a001-02-000000541754005	bsn-a001-00-000000013604308	22	02	8753	M	2	0	0	8	0
20260908	4291318	cmp-a001-02-000000010764328	grp-a001-02-000000069047580	단백질프로틴바	nad-a001-02-000000553654558	bsn-a001-00-000000013604308	22	02	98128	M	1	0	0	2	0
20260908	4291318	cmp-a001-02-000000010764328	grp-a001-02-000000069047580	하루견과	nad-a001-02-000000541753959	bsn-a001-00-000000013604308	22	04	33421	M	2	0	0	8	0
20260908	4291318	cmp-a001-02-000000010764328	grp-a001-02-000000069047580	쉐이크	nad-a001-02-000000553654562	bsn-a001-00-000000013604308	22	09	768323	M	1	0	0	1	0
20260908	4291318	cmp-a001-02-000000010764328	grp-a001-02-000000069047580	견과류	nad-a001-02-000000541753960	bsn-a001-00-000000013604308	22	02	248824	P	1	0	0	3	0
20260908	4291318	cmp-a001-02-000000010764328	grp-a001-02-000000069047580	단백질	nad-a001-02-000000553654562	bsn-a001-00-000000013604308	22	09	98128	M	1	0	0	1	0
20260908	4291318	cmp-a001-02-000000010764328	grp-a001-02-000000069047580	하루	nad-a001-02-000000541753959	bsn-a001-00-000000013604308	22	99	137281	M	2	0	0	4	0
20260908	4291318	cmp-a001-02-000000010764328	grp-a001-02-000000069047580	하루견과	nad-a001-02-000000541753959	bsn-a001-00-000000013604308	22	11	529514	M	2	0	0	4	0
20260908	4291318	cmp-a001-02-000000010764328	grp-a001-02-000000069047580	프로틴바	nad-a001-02-000000553654559	bsn-a001-00-000000013604308	22	09	768323	M	4	0	0	18	0
20260908	4291318	cmp-a001-02-000000010764328	grp-a001-02-000000069047580	단백질바	nad-a001-02-000000553654558	bsn-a001-00-000000013604308	22	09	529514	M	10	0	0	16	0
20260908	4291318	cmp-a001-02-000000010764328	grp-a001-02-000000069047580	견과류영양성분	nad-a001-02-000000541753999	bsn-a001-00-000000013604308	22	04	8753	M	1	0	0	2	0
20260908	4291318	cmp-a001-02-000000010764328	grp-a001-02-000000069047580	하루견과	nad-a001-02-000000541753960	bsn-a001-00-000000013604308	22	13	529514	M	2	0	0	4	0
20260908	4291318	cmp-a001-02-000000010764328	grp-a001-02-000000069047580	하루견과	nad-a001-02-000000541753999	bsn-a001-00-000000013604308	22	18	8753	M	3	0	0	3	0
20260908	4291318	cmp-a001-02-000000010764328	grp-a001-02-000000069047580	황성주생식	nad-a001-02-000000541753996	bsn-a001-00-000000013604308	22	16	529514	M	4	0	0	8	0
20260908	4291318	cmp-a001-02-000000010764328	grp-a001-02-000000069047580	황성주생식라이프밀	nad-a001-02-000000541754005	bsn-a001-00-000000013604308	22	02	8753	M	2	0	0	8	0
20260908	4291318	cmp-a001-02-000000010764328	grp-a001-02-000000069047580	프로틴	nad-a001-02-000000553654562	bsn-a001-00-000000013604308	22	99	529514	M	60	0	0	60	0
20260908	4291318	cmp-a001-02-000000010764328	grp-a001-02-000000069047580	견과류	nad-a001-02-000000541753960	bsn-a001-00-000000013604308	22	03	33421	M	2	0	0	6	0
20260908	4291318	cmp-a001-02-000000010764328	grp-a001-02-000000072573876	추석선물세트	nad-a001-02-000000573683834	bsn-a001-00-000000013604308	22	03	791888	M	1	0	0	4	0
20260908	4291318	cmp-a001-02-000000010764328	grp-a001-02-000000069047580	하루견과	nad-a001-02-000000541753959	bsn-a001-00-000000013604308	22	99	8753	M	1	0	0	3	0
20260908	4291318	cmp-a001-02-000000010764328	grp-a001-02-000000069047580	갓	nad-a001-02-000000541753999	bsn-a001-00-000000013604308	22	18	684924	M	1	0	0	1	0
20260908	4291318	cmp-a001-02-000000010764328	grp-a001-02-000000069047580	에너지바	nad-a001-02-000000553654558	bsn-a001-00-000000013604308	22	15	529514	M	2	0	0	4	0
20260908	4291318	cmp-a001-02-000000010764328	grp-a001-02-000000069047580	프로틴바	nad-a001-02-000000553654558	bsn-a001-00-000000013604308	22	11	529514	M	9	0	0	14	0
20260908	4291318	cmp-a001-02-000000010764328	grp-a001-02-000000069047580	에너지바	nad-a001-02-000000553654554	bsn-a001-00-000000013604308	22	09	8753	M	1	0	0	1	0
20260908	4291318	cmp-a001-02-000000010764328	grp-a001-02-000000069047580	단백질간식	nad-a001-02-000000553654558	bsn-a001-00-000000013604308	22	13	27758	P	1	0	0	2	0
20260908	4291318	cmp-a001-02-000000010764328	grp-a001-02-000000069047580	하루견과	nad-a001-02-000000541753999	bsn-a001-00-000000013604308	22	18	33421	M	1	0	0	1	0
20260908	4291318	cmp-a001-02-000000010764328	grp-a001-02-000000069047580	견과류	nad-a001-02-000000541753959	bsn-a001-00-000000013604308	22	03	529514	M	56	0	0	112	0
20260908	4291318	cmp-a001-02-000000010764328	grp-a001-02-000000069047580	견과류	nad-a001-02-000000541753960	bsn-a001-00-000000013604308	22	09	529514	M	226	0	0	553	0
20260908	4291318	cmp-a001-02-000000010764328	grp-a001-02-000000069047580	하루견과	nad-a001-02-000000541753959	bsn-a001-00-000000013604308	22	09	529514	M	8	0	0	16	0
20260908	4291318	cmp-a001-02-000000010764328	grp-a001-02-000000069047580	견과류	nad-a001-02-000000541753960	bsn-a001-00-000000013604308	22	09	612593	P	1	0	0	3	0
20260908	4291318	cmp-a001-02-000000010764328	grp-a001-02-000000069047580	젤리	nad-a001-02-000000541753985	bsn-a001-00-000000013604308	22	11	529514	M	1	0	0	4	0
20260908	4291318	cmp-a001-02-000000010764328	grp-a001-02-000000069047580	하루견과	nad-a001-02-000000541753999	bsn-a001-00-000000013604308	22	02	529514	M	26	0	0	26	0
20260908	4291318	cmp-a001-02-000000010764328	grp-a001-02-000000069047580	하루견과	nad-a001-02-000000541753960	bsn-a001-00-000000013604308	22	01	529514	M	4	0	0	10	0
20260908	4291318	cmp-a001-02-000000010764328	grp-a001-02-000000069047580	하루견과	nad-a001-02-000000541753960	bsn-a001-00-000000013604308	22	02	8753	M	5	0	0	15	0
20260908	4291318	cmp-a001-02-000000010764328	grp-a001-02-000000072573876	추석선물세트	nad-a001-02-000000573683835	bsn-a001-00-000000013604308	22	17	684926	M	1	0	0	3	0
20260908	4291318	cmp-a001-02-000000010764328	grp-a001-02-000000069047580	견과류추천	nad-a001-02-000000541753999	bsn-a001-00-000000013604308	22	08	8753	M	1	0	0	1	0
20260908	4291318	cmp-a001-02-000000010764328	grp-a001-02-000000069047580	단백질	nad-a001-02-000000553654562	bsn-a001-00-000000013604308	22	99	98128	M	12	0	0	12	0
20260908	4291318	cmp-a001-02-000000010764328	grp-a001-02-000000069047580	프로틴	nad-a001-02-000000553654562	bsn-a001-00-000000013604308	22	03	8753	M	2	0	0	8	0
20260908	4291318	cmp-a001-02-000000010764328	grp-a001-02-000000069047580	단백질보충제	nad-a001-02-000000553654562	bsn-a001-00-000000013604308	22	02	23123	P	1	0	0	1	0
20260908	4291318	cmp-a001-02-000000010764328	grp-a001-02-000000069047580	식물성단백질	nad-a001-02-000000553654562	bsn-a001-00-000000013604308	22	02	529514	M	2	0	0	2	0
20260908	4291318	cmp-a001-02-000000010764328	grp-a001-02-000000069047580	견과류	nad-a001-02-000000541753959	bsn-a001-00-000000013604308	22	02	684926	M	2	0	0	6	0
20260908	4291318	cmp-a001-02-000000010764328	grp-a001-02-000000069047580	사랑	nad-a001-02-000000553654558	bsn-a001-00-000000013604308	22	09	98128	M	10	0	0	31	0
20260908	4291318	cmp-a001-02-000000010764328	grp-a001-02-000000069047580	황성주생식	nad-a001-02-000000541753996	bsn-a001-00-000000013604308	22	13	8753	M	2	0	0	6	0
20260908	4291318	cmp-a001-02-000000010764328	grp-a001-02-000000069047580	황성주라이프밀데일리	nad-a001-02-000000541753988	bsn-a001-00-000000013604308	22	11	27758	P	1	0	0	1	0
20260908	4291318	cmp-a001-02-000000010764328	grp-a001-02-000000069047580	하루견과	nad-a001-02-000000541753999	bsn-a001-00-000000013604308	22	02	633013	M	4	0	0	8	0
20260908	4291318	cmp-a001-02-000000010764328	grp-a001-02-000000069047580	단백질바	nad-a001-02-000000553654558	bsn-a001-00-000000013604308	22	09	33421	M	1	0	0	9	0
20260908	4291318	cmp-a001-02-000000010764328	grp-a001-02-000000069047580	쉐이크	nad-a001-02-000000553654562	bsn-a001-00-000000013604308	22	09	98128	M	3	0	0	3	0
20260908	4291318	cmp-a001-02-000000010764328	grp-a001-02-000000069047580	견과류	nad-a001-02-000000541753999	bsn-a001-00-000000013604308	22	02	8753	M	12	0	0	24	0
20260908	4291318	cmp-a001-02-000000010764328	grp-a001-02-000000069047580	단백질바	nad-a001-02-000000553654558	bsn-a001-00-000000013604308	22	02	8753	M	5	0	0	28	0
20260908	4291318	cmp-a001-02-000000010764328	grp-a001-02-000000069047580	하루견과시그니처	nad-a001-02-000000541753960	bsn-a001-00-000000013604308	22	18	341898	M	1	0	0	1	0
20260908	4291318	cmp-a001-02-000000010764328	grp-a001-02-000000069047580	프로틴	nad-a001-02-000000553654562	bsn-a001-00-000000013604308	22	03	137281	M	8	0	0	8	0
20260908	4291318	cmp-a001-02-000000010764328	grp-a001-02-000000069047580	젤리	nad-a001-02-000000541753985	bsn-a001-00-000000013604308	22	09	87620	M	1	0	0	4	0
20260908	4291318	cmp-a001-02-000000010764328	grp-a001-02-000000069047580	골든하루견과시그니처100	nad-a001-02-000000541753960	bsn-a001-00-000000013604308	22	07	341898	M	1	0	0	1	0
20260908	4291318	cmp-a001-02-000000010764328	grp-a001-02-000000069047580	견과세트	nad-a001-02-000000541753960	bsn-a001-00-000000013604308	22	02	529514	M	2	0	0	6	0
20260908	4291318	cmp-a001-02-000000010764328	grp-a001-02-000000069047580	황성주생식	nad-a001-02-000000541753996	bsn-a001-00-000000013604308	22	09	529514	M	3	0	0	9	0
20260908	4291318	cmp-a001-02-000000010764328	grp-a001-02-000000069047580	프로틴	nad-a001-02-000000553654562	bsn-a001-00-000000013604308	22	15	768323	M	7	0	0	9	0
20260908	4291318	cmp-a001-02-000000010764328	grp-a001-02-000000069047580	사랑	nad-a001-02-000000553654554	bsn-a001-00-000000013604308	22	02	612593	P	1	0	0	2	0
20260908	4291318	cmp-a001-02-000000010764328	grp-a001-02-000000069047580	견과류	nad-a001-02-000000541753999	bsn-a001-00-000000013604308	22	15	529514	M	41	0	0	59	0
20260908	4291318	cmp-a001-02-000000010764328	grp-a001-02-000000069047580	쉐이크브랜드	nad-a001-02-000000553654562	bsn-a001-00-000000013604308	22	02	684924	M	1	0	0	1	0
20260908	4291318	cmp-a001-02-000000010764328	grp-a001-02-000000069047580	스토어	nad-a001-02-000000541753997	bsn-a001-00-000000013604308	22	08	98128	M	1	0	0	2	0
20260908	4291318	cmp-a001-02-000000010764328	grp-a001-02-000000069047580	단백질바	nad-a001-02-000000553654554	bsn-a001-00-000000013604308	22	03	768323	M	1	0	0	1	0
20260908	4291318	cmp-a001-02-000000010764328	grp-a001-02-000000069047580	견과류	nad-a001-02-000000541753959	bsn-a001-00-000000013604308	22	09	684926	M	4	0	0	16	0
20260908	4291318	cmp-a001-02-000000010764328	grp-a001-02-000000069047580	하루견과	nad-a001-02-000000541753959	bsn-a001-00-000000013604308	22	15	684926	M	2	0	0	6	0
20260908	4291318	cmp-a001-02-000000010764328	grp-a001-02-000000069047580	하루견과아몬드	nad-a001-02-000000541753999	bsn-a001-00-000000013604308	22	03	8753	M	1	1	1629	1	0
20260908	4291318	cmp-a001-02-000000010764328	grp-a001-02-000000072573876	추석선물세트추천	nad-a001-02-000000573683835	bsn-a001-00-000000013604308	22	18	8753	M	1	0	0	3	0
20260908	4291318	cmp-a001-02-000000010764328	grp-a001-02-000000069047580	단백질바	nad-a001-02-000000553654559	bsn-a001-00-000000013604308	22	08	529514	M	11	0	0	37	0
20260908	4291318	cmp-a001-02-000000010764328	grp-a001-02-000000069047580	견과류	nad-a001-02-000000541753999	bsn-a001-00-000000013604308	22	01	529514	M	16	0	0	17	0
20260908	4291318	cmp-a001-02-000000010764328	grp-a001-02-000000069047580	하루견과	nad-a001-02-000000541753999	bsn-a001-00-000000013604308	22	02	684925	P	2	0	0	2	0
20260908	4291318	cmp-a001-02-000000010764328	grp-a001-02-000000072573876	추석선물세트	nad-a001-02-000000573683834	bsn-a001-00-000000013604308	22	99	529514	M	17	0	0	36	0
20260908	4291318	cmp-a001-02-000000010764328	grp-a001-02-000000069047580	단백질간식	nad-a001-02-000000553654558	bsn-a001-00-000000013604308	22	03	8753	M	1	0	0	2	0
20260908	4291318	cmp-a001-02-000000010764328	grp-a001-02-000000069047580	가루	nad-a001-02-000000541753996	bsn-a001-00-000000013604308	22	01	8753	M	1	0	0	3	0
20260908	4291318	cmp-a001-02-000000010764328	grp-a001-02-000000069047580	단백질바	nad-a001-02-000000553654554	bsn-a001-00-000000013604308	22	04	8753	M	1	0	0	4	0
20260908	4291318	cmp-a001-02-000000010764328	grp-a001-02-000000069047580	프로틴	nad-a001-02-000000553654562	bsn-a001-00-000000013604308	22	09	529514	M	151	0	0	151	0
20260908	4291318	cmp-a001-02-000000010764328	grp-a001-02-000000069047580	단백질쉐이크	nad-a001-02-000000553654562	bsn-a001-00-000000013604308	22	04	529514	M	24	0	0	46	0
20260908	4291318	cmp-a001-02-000000010764328	grp-a001-02-000000069047580	하루견과	nad-a001-02-000000541753999	bsn-a001-00-000000013604308	22	99	8753	M	1	0	0	1	0
20260908	4291318	cmp-a001-02-000000010764328	grp-a001-02-000000069047580	수제시리얼바	nad-a001-02-000000553654558	bsn-a001-00-000000013604308	22	02	8753	M	1	0	0	4	0
20260908	4291318	cmp-a001-02-000000010764328	grp-a001-02-000000072573876	추석선물	nad-a001-02-000000573683835	bsn-a001-00-000000013604308	22	01	529514	M	6	0	0	90	0
20260908	4291318	cmp-a001-02-000000010764328	grp-a001-02-000000069047580	견과류세트	nad-a001-02-000000541753959	bsn-a001-00-000000013604308	22	02	33421	M	1	0	0	6	0
20260908	4291318	cmp-a001-02-000000010764328	grp-a001-02-000000069047580	견과류	nad-a001-02-000000541753999	bsn-a001-00-000000013604308	22	04	684926	M	1	0	0	2	0
20260908	4291318	cmp-a001-02-000000010764328	grp-a001-02-000000069047580	견과류	nad-a001-02-000000541753959	bsn-a001-00-000000013604308	22	01	8753	M	2	0	0	6	0
20260908	4291318	cmp-a001-02-000000010764328	grp-a001-02-000000072573876	추석선물세트	nad-a001-02-000000573683835	bsn-a001-00-000000013604308	22	15	33421	M	1	0	0	2	0
20260908	4291318	cmp-a001-02-000000010764328	grp-a001-02-000000069047580	젤리	nad-a001-02-000000541753985	bsn-a001-00-000000013604308	22	02	684926	M	1	0	0	5	0
20260908	4291318	cmp-a001-02-000000010764328	grp-a001-02-000000069047580	견과류추천	nad-a001-02-000000541753959	bsn-a001-00-000000013604308	22	08	8753	M	1	0	0	4	0
20260908	4291318	cmp-a001-02-000000010764328	grp-a001-02-000000072573876	추석선물세트	nad-a001-02-000000573683835	bsn-a001-00-000000013604308	22	13	8753	M	2	0	0	6	0
20260908	4291318	cmp-a001-02-000000010764328	grp-a001-02-000000069047580	사랑	nad-a001-02-000000553654559	bsn-a001-00-000000013604308	22	01	98128	M	2	0	0	12	0
20260908	4291318	cmp-a001-02-000000010764328	grp-a001-02-000000069047580	견과류세트	nad-a001-02-000000541753960	bsn-a001-00-000000013604308	22	01	529514	M	2	0	0	6	0
20260908	4291318	cmp-a001-02-000000010764328	grp-a001-02-000000069047580	프로틴식물성	nad-a001-02-000000553654562	bsn-a001-00-000000013604308	22	03	8753	M	1	0	0	14	0
20260908	4291318	cmp-a001-02-000000010764328	grp-a001-02-000000069047580	단백질보충제	nad-a001-02-000000553654562	bsn-a001-00-000000013604308	22	13	8753	M	1	0	0	6	0
20260908	4291318	cmp-a001-02-000000010764328	grp-a001-02-000000069047580	프로틴	nad-a001-02-000000553654562	bsn-a001-00-000000013604308	22	14	768323	M	2	0	0	3	0
20260908	4291318	cmp-a001-02-000000010764328	grp-a001-02-000000069047580	세척견과류	nad-a001-02-000000541753999	bsn-a001-00-000000013604308	22	11	341898	M	1	0	0	1	0
20260908	4291318	cmp-a001-02-000000010764328	grp-a001-02-000000069047580	견과류세트	nad-a001-02-000000541753999	bsn-a001-00-000000013604308	22	03	33421	M	1	0	0	1	0
20260908	4291318	cmp-a001-02-000000010764328	grp-a001-02-000000069047580	하루견과	nad-a001-02-000000541753960	bsn-a001-00-000000013604308	22	10	8753	M	1	1	2076	2	0
20260908	4291318	cmp-a001-02-000000010764328	grp-a001-02-000000069047580	프로틴바	nad-a001-02-000000553654559	bsn-a001-00-000000013604308	22	03	768323	M	2	0	0	6	0
20260908	4291318	cmp-a001-02-000000010764328	grp-a001-02-000000069047580	견과류	nad-a001-02-000000541753960	bsn-a001-00-000000013604308	22	06	8753	M	4	0	0	13	0
20260908	4291318	cmp-a001-02-000000010764328	grp-a001-02-000000069047580	견과류	nad-a001-02-000000541753959	bsn-a001-00-000000013604308	22	01	684926	M	2	0	0	6	0
20260908	4291318	cmp-a001-02-000000010764328	grp-a001-02-000000069047580	견과류	nad-a001-02-000000541753999	bsn-a001-00-000000013604308	22	03	529514	M	109	0	0	110	0
20260908	4291318	cmp-a001-02-000000010764328	grp-a001-02-000000069047580	황성주생식	nad-a001-02-000000541753996	bsn-a001-00-000000013604308	22	09	798056	M	1	0	0	3	0
20260908	4291318	cmp-a001-02-000000010764328	grp-a001-02-000000069047580	하루견과	nad-a001-02-000000541753960	bsn-a001-00-000000013604308	22	99	529514	M	4	0	0	10	0
20260908	4291318	cmp-a001-02-000000010764328	grp-a001-02-000000069047580	갓	nad-a001-02-000000541753999	bsn-a001-00-000000013604308	22	00	612594	M	1	0	0	1	0
20260908	4291318	cmp-a001-02-000000010764328	grp-a001-02-000000069047580	프로틴간식	nad-a001-02-000000553654558	bsn-a001-00-000000013604308	22	02	8753	M	1	0	0	1	0
20260908	4291318	cmp-a001-02-000000010764328	grp-a001-02-000000069047580	견과류추천	nad-a001-02-000000541753999	bsn-a001-00-000000013604308	22	07	8753	M	1	0	0	1	0
20260908	4291318	cmp-a001-02-000000010764328	grp-a001-02-000000069047580	프로틴	nad-a001-02-000000553654562	bsn-a001-00-000000013604308	22	06	137281	M	6	0	0	6	0
20260908	4291318	cmp-a001-02-000000010764328	grp-a001-02-000000069047580	단백질보충제	nad-a001-02-000000553654562	bsn-a001-00-000000013604308	22	11	684926	M	2	0	0	20	0
20260908	4291318	cmp-a001-02-000000010764328	grp-a001-02-000000069047580	다이어트쉐이크	nad-a001-02-000000553654562	bsn-a001-00-000000013604308	22	02	768323	M	1	0	0	1	0
20260908	4291318	cmp-a001-02-000000010764328	grp-a001-02-000000069047580	프로틴바	nad-a001-02-000000553654558	bsn-a001-00-000000013604308	22	16	768323	M	2	0	0	4	0
20260908	4291318	cmp-a001-02-000000010764328	grp-a001-02-000000069047580	하루견과	nad-a001-02-000000541753960	bsn-a001-00-000000013604308	22	11	529514	M	2	0	0	6	0
20260908	4291318	cmp-a001-02-000000010764328	grp-a001-02-000000069047580	하루견과	nad-a001-02-000000541753999	bsn-a001-00-000000013604308	22	09	529514	M	20	0	0	20	0
20260908	4291318	cmp-a001-02-000000010764328	grp-a001-02-000000069047580	하루견과	nad-a001-02-000000541753959	bsn-a001-00-000000013604308	22	02	633013	M	2	0	0	3	0
20260908	4291318	cmp-a001-02-000000010764328	grp-a001-02-000000069047580	단백질바	nad-a001-02-000000553654554	bsn-a001-00-000000013604308	22	03	529514	M	2	0	0	2	0
20260908	4291318	cmp-a001-02-000000010764328	grp-a001-02-000000069047580	프로틴쉐이크	nad-a001-02-000000553654562	bsn-a001-00-000000013604308	22	09	529514	M	28	0	0	28	0
20260908	4291318	cmp-a001-02-000000010764328	grp-a001-02-000000069047580	황성주생식	nad-a001-02-000000541754004	bsn-a001-00-000000013604308	22	09	8753	M	3	1	5193	5	0
20260908	4291318	cmp-a001-02-000000010764328	grp-a001-02-000000069047580	견과류	nad-a001-02-000000541753959	bsn-a001-00-000000013604308	22	02	684927	P	1	0	0	5	0
20260908	4291318	cmp-a001-02-000000010764328	grp-a001-02-000000069047580	스토어	nad-a001-02-000000541753996	bsn-a001-00-000000013604308	22	00	98128	M	1	0	0	2	0
20260908	4291318	cmp-a001-02-000000010764328	grp-a001-02-000000072573876	추석선물세트	nad-a001-02-000000573683834	bsn-a001-00-000000013604308	22	02	33421	M	2	0	0	7	0
20260908	4291318	cmp-a001-02-000000010764328	grp-a001-02-000000069047580	단백질보충제	nad-a001-02-000000553654562	bsn-a001-00-000000013604308	22	09	684926	M	1	0	0	11	0
20260908	4291318	cmp-a001-02-000000010764328	grp-a001-02-000000069047580	황성주생식	nad-a001-02-000000541753988	bsn-a001-00-000000013604308	22	09	612594	M	1	0	0	5	0
20260908	4291318	cmp-a001-02-000000010764328	grp-a001-02-000000069047580	사랑님	nad-a001-02-000000553654554	bsn-a001-00-000000013604308	22	02	529514	M	2	0	0	3	0
20260908	4291318	cmp-a001-02-000000010764328	grp-a001-02-000000069047580	황성주생식	nad-a001-02-000000541753988	bsn-a001-00-000000013604308	22	02	8753	M	2	0	0	10	0
20260908	4291318	cmp-a001-02-000000010764328	grp-a001-02-000000069047580	견과류세트	nad-a001-02-000000541753959	bsn-a001-00-000000013604308	22	03	684926	M	2	0	0	8	0
20260908	4291318	cmp-a001-02-000000010764328	grp-a001-02-000000069047580	생식분말	nad-a001-02-000000541753997	bsn-a001-00-000000013604308	22	08	684926	M	1	0	0	2	0
20260908	4291318	cmp-a001-02-000000010764328	grp-a001-02-000000069047580	젤리	nad-a001-02-000000541753985	bsn-a001-00-000000013604308	22	03	768323	M	1	0	0	1	0
20260908	4291318	cmp-a001-02-000000010764328	grp-a001-02-000000069047580	단백질쉐이크	nad-a001-02-000000553654562	bsn-a001-00-000000013604308	22	16	529514	M	42	0	0	64	0
20260908	4291318	cmp-a001-02-000000010764328	grp-a001-02-000000069047580	단백질프로틴	nad-a001-02-000000553654562	bsn-a001-00-000000013604308	22	09	529514	M	4	0	0	4	0
20260908	4291318	cmp-a001-02-000000010764328	grp-a001-02-000000069047580	에너지바	nad-a001-02-000000553654558	bsn-a001-00-000000013604308	22	06	8753	M	1	0	0	3	0
20260908	4291318	cmp-a001-02-000000010764328	grp-a001-02-000000069047580	하루견과	nad-a001-02-000000541753960	bsn-a001-00-000000013604308	22	02	370822	P	1	0	0	1	0
20260908	4291318	cmp-a001-02-000000010764328	grp-a001-02-000000069047580	쉐이크	nad-a001-02-000000553654562	bsn-a001-00-000000013604308	22	18	529514	M	15	0	0	27	0
20260908	4291318	cmp-a001-02-000000010764328	grp-a001-02-000000069047580	견과선물세트	nad-a001-02-000000541753999	bsn-a001-00-000000013604308	22	11	684924	M	1	0	0	1	0
20260908	4291318	cmp-a001-02-000000010764328	grp-a001-02-000000069047580	황성주생식	nad-a001-02-000000541754004	bsn-a001-00-000000013604308	22	09	529514	M	3	0	0	6	0
20260908	4291318	cmp-a001-02-000000010764328	grp-a001-02-000000072573876	추석선물세트	nad-a001-02-000000573683834	bsn-a001-00-000000013604308	22	02	684927	P	1	0	0	55	0
20260908	4291318	cmp-a001-02-000000010764328	grp-a001-02-000000069047580	견과류	nad-a001-02-000000541753959	bsn-a001-00-000000013604308	22	17	8753	M	3	0	0	10	0
20260908	4291318	cmp-a001-02-000000010764328	grp-a001-02-000000069047580	프로틴	nad-a001-02-000000553654562	bsn-a001-00-000000013604308	22	01	768323	M	2	0	0	4	0
20260908	4291318	cmp-a001-02-000000010764328	grp-a001-02-000000069047580	견과류	nad-a001-02-000000541753999	bsn-a001-00-000000013604308	22	00	8753	M	1	0	0	1	0
20260908	4291318	cmp-a001-02-000000010764328	grp-a001-02-000000069047580	단백질바추천	nad-a001-02-000000553654558	bsn-a001-00-000000013604308	22	13	8753	M	1	0	0	5	0
20260908	4291318	cmp-a001-02-000000010764328	grp-a001-02-000000069047580	견과류	nad-a001-02-000000541753999	bsn-a001-00-000000013604308	22	02	529514	M	176	0	0	187	0
20260908	4291318	cmp-a001-02-000000010764328	grp-a001-02-000000069047580	견과류2살먹어도	nad-a001-02-000000541753999	bsn-a001-00-000000013604308	22	09	8753	M	1	0	0	2	0
20260908	4291318	cmp-a001-02-000000010764328	grp-a001-02-000000069047580	견과류	nad-a001-02-000000541753960	bsn-a001-00-000000013604308	22	10	33421	M	2	0	0	6	0
20260908	4291318	cmp-a001-02-000000010764328	grp-a001-02-000000069047580	사랑	nad-a001-02-000000553654559	bsn-a001-00-000000013604308	22	02	98128	M	1	0	0	6	0
20260908	4291318	cmp-a001-02-000000010764328	grp-a001-02-000000069047580	갓	nad-a001-02-000000541753960	bsn-a001-00-000000013604308	22	02	529514	M	18	0	0	55	0
20260908	4291318	cmp-a001-02-000000010764328	grp-a001-02-000000069047580	원이	nad-a001-02-000000541753999	bsn-a001-00-000000013604308	22	02	98128	M	3	0	0	3	0
20260908	4291318	cmp-a001-02-000000010764328	grp-a001-02-000000069047580	하루	nad-a001-02-000000541753960	bsn-a001-00-000000013604308	22	03	137281	M	1	0	0	1	0
20260908	4291318	cmp-a001-02-000000010764328	grp-a001-02-000000069047580	황성주생식라이프밀	nad-a001-02-000000541754004	bsn-a001-00-000000013604308	22	06	684926	M	1	0	0	1	0
20260908	4291318	cmp-a001-02-000000010764328	grp-a001-02-000000069047580	갓	nad-a001-02-000000541753960	bsn-a001-00-000000013604308	22	18	33421	M	1	0	0	2	0
20260908	4291318	cmp-a001-02-000000010764328	grp-a001-02-000000069047580	하루견과	nad-a001-02-000000541753999	bsn-a001-00-000000013604308	22	07	87620	M	1	0	0	1	0
20260908	4291318	cmp-a001-02-000000010764328	grp-a001-02-000000072573876	추석선물	nad-a001-02-000000573683834	bsn-a001-00-000000013604308	22	09	33421	M	1	0	0	8	0
20260908	4291318	cmp-a001-02-000000010764328	grp-a001-02-000000069047580	프로틴쉐이크	nad-a001-02-000000553654562	bsn-a001-00-000000013604308	22	11	529514	M	1	0	0	1	0
20260908	4291318	cmp-a001-02-000000010764328	grp-a001-02-000000069047580	프로틴바	nad-a001-02-000000553654554	bsn-a001-00-000000013604308	22	02	768323	M	1	0	0	1	0
20260908	4291318	cmp-a001-02-000000010764328	grp-a001-02-000000069047580	견과세트	nad-a001-02-000000541753959	bsn-a001-00-000000013604308	22	99	768323	M	1	0	0	1	0
20260908	4291318	cmp-a001-02-000000010764328	grp-a001-02-000000069047580	단백질보충제	nad-a001-02-000000553654562	bsn-a001-00-000000013604308	22	06	529514	M	11	0	0	13	0
20260908	4291318	cmp-a001-02-000000010764328	grp-a001-02-000000069047580	프로틴바	nad-a001-02-000000553654559	bsn-a001-00-000000013604308	22	10	529514	M	2	0	0	6	0
20260908	4291318	cmp-a001-02-000000010764328	grp-a001-02-000000069047580	식사대용	nad-a001-02-000000553654562	bsn-a001-00-000000013604308	22	09	529514	M	2	0	0	2	0
20260908	4291318	cmp-a001-02-000000010764328	grp-a001-02-000000069047580	원이	nad-a001-02-000000541753999	bsn-a001-00-000000013604308	22	03	98128	M	1	0	0	1	0
20260908	4291318	cmp-a001-02-000000010764328	grp-a001-02-000000069047580	단백질보충제	nad-a001-02-000000553654562	bsn-a001-00-000000013604308	22	09	529514	M	33	0	0	45	0
20260908	4291318	cmp-a001-02-000000010764328	grp-a001-02-000000069047580	에너지바	nad-a001-02-000000553654558	bsn-a001-00-000000013604308	22	09	8753	M	1	0	0	2	0
20260908	4291318	cmp-a001-02-000000010764328	grp-a001-02-000000069047580	견과류	nad-a001-02-000000541753960	bsn-a001-00-000000013604308	22	09	8753	M	8	0	0	30	0
20260908	4291318	cmp-a001-02-000000010764328	grp-a001-02-000000069047580	견과류	nad-a001-02-000000541753960	bsn-a001-00-000000013604308	22	13	529514	M	27	0	0	76	0
20260908	4291318	cmp-a001-02-000000010764328	grp-a001-02-000000069047580	단백질바	nad-a001-02-000000553654558	bsn-a001-00-000000013604308	22	02	529514	M	6	0	0	10	0
20260908	4291318	cmp-a001-02-000000010764328	grp-a001-02-000000069047580	단백질바	nad-a001-02-000000553654559	bsn-a001-00-000000013604308	22	02	529514	M	4	0	0	12	0
20260908	4291318	cmp-a001-02-000000010764328	grp-a001-02-000000069047580	갓	nad-a001-02-000000541753960	bsn-a001-00-000000013604308	22	18	8753	M	1	0	0	4	0
20260908	4291318	cmp-a001-02-000000010764328	grp-a001-02-000000069047580	단백질간식	nad-a001-02-000000553654554	bsn-a001-00-000000013604308	22	13	27758	P	1	0	0	1	0
20260908	4291318	cmp-a001-02-000000010764328	grp-a001-02-000000069047580	사탕젤리	nad-a001-02-000000541753985	bsn-a001-00-000000013604308	22	09	87620	M	4	0	0	20	0
20260908	4291318	cmp-a001-02-000000010764328	grp-a001-02-000000072573876	추석선물세트	nad-a001-02-000000573683834	bsn-a001-00-000000013604308	22	04	8753	M	1	0	0	2	0
20260908	4291318	cmp-a001-02-000000010764328	grp-a001-02-000000069047580	쉐이크	nad-a001-02-000000553654562	bsn-a001-00-000000013604308	22	04	98128	M	13	0	0	13	0
20260908	4291318	cmp-a001-02-000000010764328	grp-a001-02-000000069047580	견과류세트	nad-a001-02-000000541753999	bsn-a001-00-000000013604308	22	18	8753	M	1	0	0	1	0
20260908	4291318	cmp-a001-02-000000010764328	grp-a001-02-000000069047580	프로틴바	nad-a001-02-000000553654554	bsn-a001-00-000000013604308	22	16	768323	M	2	0	0	2	0
20260908	4291318	cmp-a001-02-000000010764328	grp-a001-02-000000069047580	단백질바	nad-a001-02-000000553654558	bsn-a001-00-000000013604308	22	13	529514	M	4	0	0	4	0
20260908	4291318	cmp-a001-02-000000010764328	grp-a001-02-000000069047580	프로틴	nad-a001-02-000000553654562	bsn-a001-00-000000013604308	22	09	8753	M	1	0	0	19	0
20260908	4291318	cmp-a001-02-000000010764328	grp-a001-02-000000069047580	견과세트	nad-a001-02-000000541753999	bsn-a001-00-000000013604308	22	08	8753	M	1	0	0	1	0
20260908	4291318	cmp-a001-02-000000010764328	grp-a001-02-000000069047580	단백질보충제	nad-a001-02-000000553654562	bsn-a001-00-000000013604308	22	00	612593	P	1	0	0	1	0
20260908	4291318	cmp-a001-02-000000010764328	grp-a001-02-000000069047580	경북건조분말	nad-a001-02-000000541754004	bsn-a001-00-000000013604308	22	04	8753	M	2	0	0	4	0
20260908	4291318	cmp-a001-02-000000010764328	grp-a001-02-000000069047580	단백질	nad-a001-02-000000553654562	bsn-a001-00-000000013604308	22	03	529514	M	20	0	0	33	0
20260908	4291318	cmp-a001-02-000000010764328	grp-a001-02-000000069047580	하루	nad-a001-02-000000541753959	bsn-a001-00-000000013604308	22	03	137281	M	1	0	0	2	0
20260908	4291318	cmp-a001-02-000000010764328	grp-a001-02-000000072573876	추석선물세트	nad-a001-02-000000573683835	bsn-a001-00-000000013604308	22	06	529514	M	5	0	0	12	0
20260908	4291318	cmp-a001-02-000000010764328	grp-a001-02-000000069047580	황성주생식	nad-a001-02-000000541753988	bsn-a001-00-000000013604308	22	16	529514	M	4	0	0	12	0
20260908	4291318	cmp-a001-02-000000010764328	grp-a001-02-000000069047580	황성주생식	nad-a001-02-000000541753997	bsn-a001-00-000000013604308	22	02	8753	M	2	1	5089	2	0
20260908	4291318	cmp-a001-02-000000010764328	grp-a001-02-000000069047580	하루	nad-a001-02-000000541753959	bsn-a001-00-000000013604308	22	03	98128	M	2	0	0	2	0
20260908	4291318	cmp-a001-02-000000010764328	grp-a001-02-000000069047580	프로틴바	nad-a001-02-000000553654554	bsn-a001-00-000000013604308	22	09	529514	M	6	0	0	6	0
20260908	4291318	cmp-a001-02-000000010764328	grp-a001-02-000000069047580	견과	nad-a001-02-000000541753960	bsn-a001-00-000000013604308	22	03	137281	M	2	0	0	2	0
20260908	4291318	cmp-a001-02-000000010764328	grp-a001-02-000000069047580	갓구운	nad-a001-02-000000541753999	bsn-a001-00-000000013604308	22	11	27758	P	1	0	0	1	0
20260908	4291318	cmp-a001-02-000000010764328	grp-a001-02-000000069047580	사랑	nad-a001-02-000000553654554	bsn-a001-00-000000013604308	22	99	98128	M	3	0	0	9	0
20260908	4291318	cmp-a001-02-000000010764328	grp-a001-02-000000069047580	견과류	nad-a001-02-000000541753999	bsn-a001-00-000000013604308	22	10	8753	M	1	0	0	2	0
20260908	4291318	cmp-a001-02-000000010764328	grp-a001-02-000000069047580	견과류	nad-a001-02-000000541753999	bsn-a001-00-000000013604308	22	17	529514	M	5	0	0	5	0
20260908	4291318	cmp-a001-02-000000010764328	grp-a001-02-000000072573876	추석선물세트	nad-a001-02-000000573683835	bsn-a001-00-000000013604308	22	07	529514	M	4	0	0	12	0
20260908	4291318	cmp-a001-02-000000010764328	grp-a001-02-000000069047580	프로틴바	nad-a001-02-000000553654559	bsn-a001-00-000000013604308	22	16	768323	M	2	0	0	6	0
20260908	4291318	cmp-a001-02-000000010764328	grp-a001-02-000000069047580	스토어	nad-a001-02-000000541753997	bsn-a001-00-000000013604308	22	15	98128	M	1	0	0	2	0
20260908	4291318	cmp-a001-02-000000010764328	grp-a001-02-000000069047580	고메넛츠선물	nad-a001-02-000000541753960	bsn-a001-00-000000013604308	22	02	341898	M	1	0	0	1	0
20260908	4291318	cmp-a001-02-000000010764328	grp-a001-02-000000069047580	원더풀견과세트	nad-a001-02-000000541753960	bsn-a001-00-000000013604308	22	16	8753	M	1	0	0	3	0
20260908	4291318	cmp-a001-02-000000010764328	grp-a001-02-000000069047580	식사대용쉐이크곡물	nad-a001-02-000000553654562	bsn-a001-00-000000013604308	22	13	8753	M	1	0	0	11	0
20260908	4291318	cmp-a001-02-000000010764328	grp-a001-02-000000069047580	견과세트	nad-a001-02-000000541753959	bsn-a001-00-000000013604308	22	15	529514	M	2	0	0	4	0
20260908	4291318	cmp-a001-02-000000010764328	grp-a001-02-000000069047580	단백질바	nad-a001-02-000000553654558	bsn-a001-00-000000013604308	22	99	768323	M	1	0	0	4	0
20260908	4291318	cmp-a001-02-000000010764328	grp-a001-02-000000069047580	견과류	nad-a001-02-000000541753959	bsn-a001-00-000000013604308	22	04	529514	M	12	0	0	26	0
20260908	4291318	cmp-a001-02-000000010764328	grp-a001-02-000000069047580	황성주생식	nad-a001-02-000000541754005	bsn-a001-00-000000013604308	22	04	791888	M	1	0	0	4	0
20260908	4291318	cmp-a001-02-000000010764328	grp-a001-02-000000069047580	황성주생식	nad-a001-02-000000541753997	bsn-a001-00-000000013604308	22	09	27758	P	1	0	0	3	0
20260908	4291318	cmp-a001-02-000000010764328	grp-a001-02-000000072573876	추석선물세트	nad-a001-02-000000573683835	bsn-a001-00-000000013604308	22	01	798056	M	1	0	0	4	0
20260908	4291318	cmp-a001-02-000000010764328	grp-a001-02-000000072573876	추석선물세트	nad-a001-02-000000573683835	bsn-a001-00-000000013604308	22	03	529514	M	16	0	0	41	0
20260908	4291318	cmp-a001-02-000000010764328	grp-a001-02-000000069047580	단백질바	nad-a001-02-000000553654558	bsn-a001-00-000000013604308	22	99	529514	M	10	0	0	18	0
20260908	4291318	cmp-a001-02-000000010764328	grp-a001-02-000000072573876	추석선물세트	nad-a001-02-000000573683835	bsn-a001-00-000000013604308	22	13	529514	M	2	0	0	5	0
20260908	4291318	cmp-a001-02-000000010764328	grp-a001-02-000000069047580	하루견과	nad-a001-02-000000541753999	bsn-a001-00-000000013604308	22	10	8753	M	1	0	0	1	0
20260908	4291318	cmp-a001-02-000000010764328	grp-a001-02-000000072573876	추석선물세트	nad-a001-02-000000573683835	bsn-a001-00-000000013604308	22	07	8753	M	1	0	0	3	0
20260908	4291318	cmp-a001-02-000000010764328	grp-a001-02-000000072573876	추석선물세트	nad-a001-02-000000573683835	bsn-a001-00-000000013604308	22	02	529514	M	47	0	0	113	0
20260908	4291318	cmp-a001-02-000000010764328	grp-a001-02-000000069047580	견과류도	nad-a001-02-000000541753960	bsn-a001-00-000000013604308	22	03	8753	M	1	0	0	3	0
20260908	4291318	cmp-a001-02-000000010764328	grp-a001-02-000000069047580	프로틴바	nad-a001-02-000000553654554	bsn-a001-00-000000013604308	22	08	529514	M	2	0	0	2	0
20260908	4291318	cmp-a001-02-000000010764328	grp-a001-02-000000069047580	황성주생식	nad-a001-02-000000541754004	bsn-a001-00-000000013604308	22	09	612594	M	1	0	0	2	0
20260908	4291318	cmp-a001-02-000000010764328	grp-a001-02-000000069047580	단백질바추천	nad-a001-02-000000553654554	bsn-a001-00-000000013604308	22	13	8753	M	1	0	0	2	0
20260908	4291318	cmp-a001-02-000000010764328	grp-a001-02-000000069047580	프로틴바	nad-a001-02-000000553654558	bsn-a001-00-000000013604308	22	02	27758	P	2	0	0	6	0
20260908	4291318	cmp-a001-02-000000010764328	grp-a001-02-000000069047580	결혼식답례품	nad-a001-02-000000541753959	bsn-a001-00-000000013604308	22	09	341898	M	1	0	0	1	0
20260908	4291318	cmp-a001-02-000000010764328	grp-a001-02-000000069047580	단백질	nad-a001-02-000000553654562	bsn-a001-00-000000013604308	22	11	529514	M	5	0	0	9	0
20260908	4291318	cmp-a001-02-000000010764328	grp-a001-02-000000072573876	추석선물세트추천	nad-a001-02-000000573683835	bsn-a001-00-000000013604308	22	09	33421	M	1	0	0	7	0
20260908	4291318	cmp-a001-02-000000010764328	grp-a001-02-000000072573876	추석선물	nad-a001-02-000000573683835	bsn-a001-00-000000013604308	22	18	684926	M	1	0	0	2	0
20260908	4291318	cmp-a001-02-000000010764328	grp-a001-02-000000069047580	하루견과	nad-a001-02-000000541753999	bsn-a001-00-000000013604308	22	11	529514	M	2	0	0	2	0
20260908	4291318	cmp-a001-02-000000010764328	grp-a001-02-000000069047580	견과류세트	nad-a001-02-000000541753960	bsn-a001-00-000000013604308	22	03	341898	M	1	0	0	1	0
20260908	4291318	cmp-a001-02-000000010764328	grp-a001-02-000000069047580	견과세트	nad-a001-02-000000541753959	bsn-a001-00-000000013604308	22	18	768323	M	1	0	0	1	0
20260908	4291318	cmp-a001-02-000000010764328	grp-a001-02-000000069047580	견과류	nad-a001-02-000000541753959	bsn-a001-00-000000013604308	22	18	8753	M	2	0	0	6	0
20260908	4291318	cmp-a001-02-000000010764328	grp-a001-02-000000069047580	견과세트	nad-a001-02-000000541753999	bsn-a001-00-000000013604308	22	09	768323	M	8	0	0	14	0
20260908	4291318	cmp-a001-02-000000010764328	grp-a001-02-000000069047580	견과류추천	nad-a001-02-000000541753960	bsn-a001-00-000000013604308	22	09	8753	M	3	0	0	12	0
20260908	4291318	cmp-a001-02-000000010764328	grp-a001-02-000000069047580	견과류	nad-a001-02-000000541753999	bsn-a001-00-000000013604308	22	06	8753	M	4	0	0	8	0
20260908	4291318	cmp-a001-02-000000010764328	grp-a001-02-000000072573876	추석선물세트	nad-a001-02-000000573683834	bsn-a001-00-000000013604308	22	10	529514	M	4	0	0	8	0
20260908	4291318	cmp-a001-02-000000010764328	grp-a001-02-000000072573876	추석선물세트	nad-a001-02-000000573683835	bsn-a001-00-000000013604308	22	99	684926	M	1	0	0	4	0
20260908	4291318	cmp-a001-02-000000010764328	grp-a001-02-000000069047580	견과류추천	nad-a001-02-000000541753960	bsn-a001-00-000000013604308	22	07	33421	M	3	0	0	6	0
20260908	4291318	cmp-a001-02-000000010764328	grp-a001-02-000000069047580	다이어트에좋은곡물	nad-a001-02-000000553654562	bsn-a001-00-000000013604308	22	08	8753	M	1	0	0	4	0
20260908	4291318	cmp-a001-02-000000010764328	grp-a001-02-000000069047580	견과류선물세트	nad-a001-02-000000541753999	bsn-a001-00-000000013604308	22	02	684926	M	1	0	0	1	0
20260908	4291318	cmp-a001-02-000000010764328	grp-a001-02-000000069047580	견과류선물세트	nad-a001-02-000000541753960	bsn-a001-00-000000013604308	22	02	341898	M	2	0	0	2	0
20260908	4291318	cmp-a001-02-000000010764328	grp-a001-02-000000069047580	프로틴바	nad-a001-02-000000553654554	bsn-a001-00-000000013604308	22	02	529514	M	4	0	0	4	0
20260908	4291318	cmp-a001-02-000000010764328	grp-a001-02-000000069047580	하루견과	nad-a001-02-000000541753999	bsn-a001-00-000000013604308	22	15	633013	M	1	0	0	1	0
20260908	4291318	cmp-a001-02-000000010764328	grp-a001-02-000000069047580	하루견과	nad-a001-02-000000541753959	bsn-a001-00-000000013604308	22	03	8753	M	1	0	0	3	0
20260908	4291318	cmp-a001-02-000000010764328	grp-a001-02-000000069047580	사랑	nad-a001-02-000000553654554	bsn-a001-00-000000013604308	22	11	98128	M	1	0	0	3	0
20260908	4291318	cmp-a001-02-000000010764328	grp-a001-02-000000069047580	견과류세트	nad-a001-02-000000541753960	bsn-a001-00-000000013604308	22	03	8753	M	3	0	0	10	0
20260908	4291318	cmp-a001-02-000000010764328	grp-a001-02-000000069047580	견과세트	nad-a001-02-000000541753959	bsn-a001-00-000000013604308	22	07	768323	M	1	0	0	1	0
20260908	4291318	cmp-a001-02-000000010764328	grp-a001-02-000000069047580	다이어트쉐이크	nad-a001-02-000000553654562	bsn-a001-00-000000013604308	22	09	768323	M	2	0	0	2	0
20260908	4291318	cmp-a001-02-000000010764328	grp-a001-02-000000069047580	에너지바	nad-a001-02-000000553654554	bsn-a001-00-000000013604308	22	15	529514	M	2	0	0	2	0
20260908	4291318	cmp-a001-02-000000010764328	grp-a001-02-000000069047580	단백질바	nad-a001-02-000000553654559	bsn-a001-00-000000013604308	22	09	529514	M	6	0	0	18	0
20260908	4291318	cmp-a001-02-000000010764328	grp-a001-02-000000069047580	견과류	nad-a001-02-000000541753959	bsn-a001-00-000000013604308	22	13	684924	M	1	0	0	1	0
20260908	4291318	cmp-a001-02-000000010764328	grp-a001-02-000000069047580	젤리	nad-a001-02-000000541753985	bsn-a001-00-000000013604308	22	16	8753	M	1	0	0	6	0
20260908	4291318	cmp-a001-02-000000010764328	grp-a001-02-000000069047580	에너지바	nad-a001-02-000000553654558	bsn-a001-00-000000013604308	22	00	27758	P	1	0	0	2	0
20260908	4291318	cmp-a001-02-000000010764328	grp-a001-02-000000069047580	견과선물세트	nad-a001-02-000000541753960	bsn-a001-00-000000013604308	22	18	341898	M	1	0	0	1	0
20260908	4291318	cmp-a001-02-000000010764328	grp-a001-02-000000069047580	프로틴	nad-a001-02-000000553654562	bsn-a001-00-000000013604308	22	03	529514	M	18	0	0	18	0
20260908	4291318	cmp-a001-02-000000010764328	grp-a001-02-000000069047580	프로틴	nad-a001-02-000000553654562	bsn-a001-00-000000013604308	22	02	529514	M	116	0	0	116	0
20260908	4291318	cmp-a001-02-000000010764328	grp-a001-02-000000069047580	통곡물선식	nad-a001-02-000000541754005	bsn-a001-00-000000013604308	22	02	341898	M	1	0	0	1	0
20260908	4291318	cmp-a001-02-000000010764328	grp-a001-02-000000069047580	단백질바	nad-a001-02-000000553654558	bsn-a001-00-000000013604308	22	16	33421	M	1	0	0	7	0
20260908	4291318	cmp-a001-02-000000010764328	grp-a001-02-000000069047580	단백질바	nad-a001-02-000000553654559	bsn-a001-00-000000013604308	22	02	8753	M	1	0	0	28	0
20260908	4291318	cmp-a001-02-000000010764328	grp-a001-02-000000069047580	원더풀견과세트	nad-a001-02-000000541753959	bsn-a001-00-000000013604308	22	16	8753	M	1	0	0	4	0
20260908	4291318	cmp-a001-02-000000010764328	grp-a001-02-000000069047580	황성주생식라이프밀	nad-a001-02-000000541753997	bsn-a001-00-000000013604308	22	02	8753	M	2	0	0	2	0
20260908	4291318	cmp-a001-02-000000010764328	grp-a001-02-000000069047580	프로틴바	nad-a001-02-000000553654554	bsn-a001-00-000000013604308	22	09	23123	P	2	0	0	2	0
20260908	4291318	cmp-a001-02-000000010764328	grp-a001-02-000000069047580	황성주생식	nad-a001-02-000000541754004	bsn-a001-00-000000013604308	22	16	529514	M	4	0	0	4	0
20260908	4291318	cmp-a001-02-000000010764328	grp-a001-02-000000069047580	견과류	nad-a001-02-000000541753960	bsn-a001-00-000000013604308	22	16	529514	M	25	0	0	63	0
20260908	4291318	cmp-a001-02-000000010764328	grp-a001-02-000000069047580	에너지바	nad-a001-02-000000553654558	bsn-a001-00-000000013604308	22	02	8753	M	2	0	0	7	0
20260908	4291318	cmp-a001-02-000000010764328	grp-a001-02-000000072573876	추석선물	nad-a001-02-000000573683834	bsn-a001-00-000000013604308	22	16	8753	M	1	0	0	8	0
20260908	4291318	cmp-a001-02-000000010764328	grp-a001-02-000000069047580	에브리데이견노블너츠	nad-a001-02-000000541753960	bsn-a001-00-000000013604308	22	01	341898	M	1	0	0	1	0
20260908	4291318	cmp-a001-02-000000010764328	grp-a001-02-000000069047580	에너지바	nad-a001-02-000000553654558	bsn-a001-00-000000013604308	22	18	529514	M	4	0	0	4	0
20260908	4291318	cmp-a001-02-000000010764328	grp-a001-02-000000069047580	하루견과	nad-a001-02-000000541753999	bsn-a001-00-000000013604308	22	11	8753	M	2	0	0	2	0
20260908	4291318	cmp-a001-02-000000010764328	grp-a001-02-000000069047580	견과류	nad-a001-02-000000541753960	bsn-a001-00-000000013604308	22	14	529514	M	6	0	0	14	0
20260908	4291318	cmp-a001-02-000000010764328	grp-a001-02-000000069047580	견과류	nad-a001-02-000000541753960	bsn-a001-00-000000013604308	22	10	529514	M	9	0	0	26	0
20260908	4291318	cmp-a001-02-000000010764328	grp-a001-02-000000069047580	스토어	nad-a001-02-000000541753997	bsn-a001-00-000000013604308	22	02	248824	P	1	0	0	1	0
20260908	4291318	cmp-a001-02-000000010764328	grp-a001-02-000000069047580	다이어트쉐이크	nad-a001-02-000000553654562	bsn-a001-00-000000013604308	22	04	529514	M	2	0	0	2	0
20260908	4291318	cmp-a001-02-000000010764328	grp-a001-02-000000069047580	하루	nad-a001-02-000000541753999	bsn-a001-00-000000013604308	22	02	248824	P	1	0	0	2	0
20260908	4291318	cmp-a001-02-000000010764328	grp-a001-02-000000069047580	사랑	nad-a001-02-000000553654559	bsn-a001-00-000000013604308	22	09	98128	M	1	0	0	6	0
20260908	4291318	cmp-a001-02-000000010764328	grp-a001-02-000000069047580	젤리	nad-a001-02-000000541753985	bsn-a001-00-000000013604308	22	99	529514	M	1	0	0	1	0
20260908	4291318	cmp-a001-02-000000010764328	grp-a001-02-000000069047580	식사대용	nad-a001-02-000000553654562	bsn-a001-00-000000013604308	22	99	529514	M	6	0	0	6	0
20260908	4291318	cmp-a001-02-000000010764328	grp-a001-02-000000069047580	프로틴바	nad-a001-02-000000553654554	bsn-a001-00-000000013604308	22	18	87620	M	1	0	0	1	0
20260908	4291318	cmp-a001-02-000000010764328	grp-a001-02-000000069047580	프로틴	nad-a001-02-000000553654562	bsn-a001-00-000000013604308	22	03	684926	M	1	0	0	15	0
20260908	4291318	cmp-a001-02-000000010764328	grp-a001-02-000000069047580	황성주생식	nad-a001-02-000000541754005	bsn-a001-00-000000013604308	22	13	8753	M	2	0	0	8	0
20260908	4291318	cmp-a001-02-000000010764328	grp-a001-02-000000069047580	하루견과	nad-a001-02-000000541753959	bsn-a001-00-000000013604308	22	06	684926	M	3	0	0	6	0
20260908	4291318	cmp-a001-02-000000010764328	grp-a001-02-000000069047580	하루견과	nad-a001-02-000000541753960	bsn-a001-00-000000013604308	22	11	8753	M	2	0	0	6	0
20260908	4291318	cmp-a001-02-000000010764328	grp-a001-02-000000069047580	하루	nad-a001-02-000000541753999	bsn-a001-00-000000013604308	22	03	98128	M	5	0	0	6	0
20260908	4291318	cmp-a001-02-000000010764328	grp-a001-02-000000069047580	견과류	nad-a001-02-000000541753959	bsn-a001-00-000000013604308	22	11	529514	M	16	0	0	32	0
20260908	4291318	cmp-a001-02-000000010764328	grp-a001-02-000000072573876	추석선물	nad-a001-02-000000573683835	bsn-a001-00-000000013604308	22	11	684926	M	1	0	0	62	0
20260908	4291318	cmp-a001-02-000000010764328	grp-a001-02-000000069047580	프로틴바	nad-a001-02-000000553654558	bsn-a001-00-000000013604308	22	10	529514	M	2	0	0	4	0
20260908	4291318	cmp-a001-02-000000010764328	grp-a001-02-000000069047580	견과류도	nad-a001-02-000000541753999	bsn-a001-00-000000013604308	22	03	8753	M	1	0	0	1	0
20260908	4291318	cmp-a001-02-000000010764328	grp-a001-02-000000069047580	견과	nad-a001-02-000000541753959	bsn-a001-00-000000013604308	22	03	291244	M	3	0	0	6	0
20260908	4291318	cmp-a001-02-000000010764328	grp-a001-02-000000069047580	견과류	nad-a001-02-000000541753960	bsn-a001-00-000000013604308	22	03	8753	M	10	0	0	34	0
20260908	4291318	cmp-a001-02-000000010764328	grp-a001-02-000000069047580	프로틴쉐이크	nad-a001-02-000000553654562	bsn-a001-00-000000013604308	22	09	98128	M	2	0	0	2	0
20260908	4291318	cmp-a001-02-000000010764328	grp-a001-02-000000069047580	쉐이크	nad-a001-02-000000553654562	bsn-a001-00-000000013604308	22	02	529514	M	3	0	0	5	0
20260908	4291318	cmp-a001-02-000000010764328	grp-a001-02-000000069047580	견과류	nad-a001-02-000000541753999	bsn-a001-00-000000013604308	22	09	798056	M	1	0	0	1	0
20260908	4291318	cmp-a001-02-000000010764328	grp-a001-02-000000069047580	가루	nad-a001-02-000000541754005	bsn-a001-00-000000013604308	22	07	8753	M	1	0	0	4	0
20260908	4291318	cmp-a001-02-000000010764328	grp-a001-02-000000069047580	견과세트	nad-a001-02-000000541753960	bsn-a001-00-000000013604308	22	08	8753	M	1	0	0	3	0
20260908	4291318	cmp-a001-02-000000010764328	grp-a001-02-000000069047580	단백질쉐이크	nad-a001-02-000000553654562	bsn-a001-00-000000013604308	22	18	529514	M	29	0	0	55	0
20260908	4291318	cmp-a001-02-000000010764328	grp-a001-02-000000069047580	견과류	nad-a001-02-000000541753999	bsn-a001-00-000000013604308	22	09	684926	M	4	0	0	9	0
20260908	4291318	cmp-a001-02-000000010764328	grp-a001-02-000000069047580	견과류	nad-a001-02-000000541753960	bsn-a001-00-000000013604308	22	08	8753	M	3	0	0	9	0
20260908	4291318	cmp-a001-02-000000010764328	grp-a001-02-000000069047580	갓	nad-a001-02-000000541753999	bsn-a001-00-000000013604308	22	18	8753	M	1	0	0	1	0
20260908	4291318	cmp-a001-02-000000010764328	grp-a001-02-000000069047580	단백질보충제	nad-a001-02-000000553654562	bsn-a001-00-000000013604308	22	02	529514	M	17	0	0	31	0
20260908	4291318	cmp-a001-02-000000010764328	grp-a001-02-000000069047580	견과	nad-a001-02-000000541753960	bsn-a001-00-000000013604308	22	02	768323	M	1	0	0	3	0
20260908	4291318	cmp-a001-02-000000010764328	grp-a001-02-000000069047580	견과세트	nad-a001-02-000000541753959	bsn-a001-00-000000013604308	22	09	768323	M	6	0	0	6	0
20260908	4291318	cmp-a001-02-000000010764328	grp-a001-02-000000069047580	하루견과	nad-a001-02-000000541753999	bsn-a001-00-000000013604308	22	15	529514	M	6	0	0	6	0
20260908	4291318	cmp-a001-02-000000010764328	grp-a001-02-000000069047580	단백질	nad-a001-02-000000553654562	bsn-a001-00-000000013604308	22	02	98128	M	2	0	0	2	0
20260908	4291318	cmp-a001-02-000000010764328	grp-a001-02-000000069047580	견과	nad-a001-02-000000541753959	bsn-a001-00-000000013604308	22	02	11068	P	2	0	0	8	0
20260908	4291318	cmp-a001-02-000000010764328	grp-a001-02-000000069047580	사랑	nad-a001-02-000000553654558	bsn-a001-00-000000013604308	22	03	98128	M	2	0	0	6	0
20260908	4291318	cmp-a001-02-000000010764328	grp-a001-02-000000069047580	가루	nad-a001-02-000000541753997	bsn-a001-00-000000013604308	22	01	8753	M	1	0	0	1	0
20260908	4291318	cmp-a001-02-000000010764328	grp-a001-02-000000069047580	견과류	nad-a001-02-000000541753999	bsn-a001-00-000000013604308	22	02	33421	M	2	0	0	3	0
20260908	4291318	cmp-a001-02-000000010764328	grp-a001-02-000000069047580	하루견과	nad-a001-02-000000541753960	bsn-a001-00-000000013604308	22	07	87620	M	1	0	0	2	0
20260908	4291318	cmp-a001-02-000000010764328	grp-a001-02-000000069047580	사랑	nad-a001-02-000000553654554	bsn-a001-00-000000013604308	22	09	612594	M	2	0	0	6	0
20260908	4291318	cmp-a001-02-000000010764328	grp-a001-02-000000069047580	견과	nad-a001-02-000000541753959	bsn-a001-00-000000013604308	22	10	684926	M	1	0	0	3	0
20260908	4291318	cmp-a001-02-000000010764328	grp-a001-02-000000069047580	젤리	nad-a001-02-000000541753985	bsn-a001-00-000000013604308	22	16	684926	M	2	0	0	8	0
20260908	4291318	cmp-a001-02-000000010764328	grp-a001-02-000000069047580	단백질간식	nad-a001-02-000000553654554	bsn-a001-00-000000013604308	22	03	8753	M	1	0	0	1	0
20260908	4291318	cmp-a001-02-000000010764328	grp-a001-02-000000069047580	가루야G	nad-a001-02-000000541753997	bsn-a001-00-000000013604308	22	08	8753	M	1	0	0	1	0
20260908	4291318	cmp-a001-02-000000010764328	grp-a001-02-000000069047580	견과류	nad-a001-02-000000541753960	bsn-a001-00-000000013604308	22	03	529514	M	109	0	0	273	0
20260908	4291318	cmp-a001-02-000000010764328	grp-a001-02-000000069047580	하루견과	nad-a001-02-000000541753959	bsn-a001-00-000000013604308	22	02	87620	M	1	0	0	3	0
20260908	4291318	cmp-a001-02-000000010764328	grp-a001-02-000000072573876	추석선물세트	nad-a001-02-000000573683834	bsn-a001-00-000000013604308	22	04	529514	M	6	0	0	12	0
20260908	4291318	cmp-a001-02-000000010764328	grp-a001-02-000000072573876	추석선물	nad-a001-02-000000573683835	bsn-a001-00-000000013604308	22	11	33421	M	1	0	0	7	0
20260908	4291318	cmp-a001-02-000000010764328	grp-a001-02-000000069047580	단백질	nad-a001-02-000000553654562	bsn-a001-00-000000013604308	22	04	768323	M	1	0	0	1	0
20260908	4291318	cmp-a001-02-000000010764328	grp-a001-02-000000069047580	다이어트쉐이크	nad-a001-02-000000553654562	bsn-a001-00-000000013604308	22	02	529514	M	26	0	0	26	0
20260908	4291318	cmp-a001-02-000000010764328	grp-a001-02-000000069047580	황성주생식	nad-a001-02-000000541754005	bsn-a001-00-000000013604308	22	08	8753	M	1	0	0	4	0
20260908	4291318	cmp-a001-02-000000010764328	grp-a001-02-000000069047580	견과류	nad-a001-02-000000541753999	bsn-a001-00-000000013604308	22	15	27758	P	1	0	0	1	0
20260908	4291318	cmp-a001-02-000000010764328	grp-a001-02-000000069047580	견과세트	nad-a001-02-000000541753960	bsn-a001-00-000000013604308	22	07	768323	M	1	0	0	3	0
20260908	4291318	cmp-a001-02-000000010764328	grp-a001-02-000000069047580	견과세트	nad-a001-02-000000541753960	bsn-a001-00-000000013604308	22	09	768323	M	8	0	0	22	0
20260908	4291318	cmp-a001-02-000000010764328	grp-a001-02-000000069047580	에너지바	nad-a001-02-000000553654559	bsn-a001-00-000000013604308	22	06	684927	P	2	0	0	12	0
20260908	4291318	cmp-a001-02-000000010764328	grp-a001-02-000000069047580	에너지바	nad-a001-02-000000553654559	bsn-a001-00-000000013604308	22	09	684926	M	1	0	0	7	0
20260908	4291318	cmp-a001-02-000000010764328	grp-a001-02-000000069047580	보충제	nad-a001-02-000000553654562	bsn-a001-00-000000013604308	22	06	529514	M	3	0	0	3	0
20260908	4291318	cmp-a001-02-000000010764328	grp-a001-02-000000069047580	단백질바	nad-a001-02-000000553654554	bsn-a001-00-000000013604308	22	09	27758	P	1	0	0	3	0
20260908	4291318	cmp-a001-02-000000010764328	grp-a001-02-000000069047580	하루견과	nad-a001-02-000000541753960	bsn-a001-00-000000013604308	22	06	8753	M	1	0	0	3	0
20260908	4291318	cmp-a001-02-000000010764328	grp-a001-02-000000069047580	프로틴바20개입	nad-a001-02-000000553654554	bsn-a001-00-000000013604308	22	11	8753	M	1	0	0	1	0
20260908	4291318	cmp-a001-02-000000010764328	grp-a001-02-000000069047580	인기견과류	nad-a001-02-000000541753999	bsn-a001-00-000000013604308	22	04	684926	M	1	0	0	1	0
20260908	4291318	cmp-a001-02-000000010764328	grp-a001-02-000000069047580	다이어트쉐이크	nad-a001-02-000000553654562	bsn-a001-00-000000013604308	22	09	529514	M	2	0	0	2	0
20260908	4291318	cmp-a001-02-000000010764328	grp-a001-02-000000069047580	쉐이크	nad-a001-02-000000553654562	bsn-a001-00-000000013604308	22	08	98128	M	4	0	0	4	0
20260908	4291318	cmp-a001-02-000000010764328	grp-a001-02-000000069047580	황성주생식	nad-a001-02-000000541754005	bsn-a001-00-000000013604308	22	04	8753	M	1	0	0	4	0
20260908	4291318	cmp-a001-02-000000010764328	grp-a001-02-000000069047580	견과류세트	nad-a001-02-000000541753999	bsn-a001-00-000000013604308	22	09	8753	M	3	0	0	3	0
20260908	4291318	cmp-a001-02-000000010764328	grp-a001-02-000000069047580	하루견과	nad-a001-02-000000541753999	bsn-a001-00-000000013604308	22	10	27758	P	1	0	0	1	0
20260908	4291318	cmp-a001-02-000000010764328	grp-a001-02-000000069047580	프로틴바	nad-a001-02-000000553654558	bsn-a001-00-000000013604308	22	02	768323	M	1	0	0	2	0
20260908	4291318	cmp-a001-02-000000010764328	grp-a001-02-000000069047580	한끼견과류	nad-a001-02-000000541753999	bsn-a001-00-000000013604308	22	04	33421	M	1	0	0	1	0
20260908	4291318	cmp-a001-02-000000010764328	grp-a001-02-000000069047580	견과류세트	nad-a001-02-000000541753959	bsn-a001-00-000000013604308	22	09	8753	M	2	0	0	8	0
20260908	4291318	cmp-a001-02-000000010764328	grp-a001-02-000000069047580	황성주생식	nad-a001-02-000000541754005	bsn-a001-00-000000013604308	22	09	8753	M	2	0	0	8	0
20260908	4291318	cmp-a001-02-000000010764328	grp-a001-02-000000069047580	젤리	nad-a001-02-000000541753985	bsn-a001-00-000000013604308	22	04	529514	M	2	0	0	2	0
20260908	4291318	cmp-a001-02-000000010764328	grp-a001-02-000000069047580	하루만	nad-a001-02-000000541753959	bsn-a001-00-000000013604308	22	03	529514	M	4	0	0	6	0
20260908	4291318	cmp-a001-02-000000010764328	grp-a001-02-000000069047580	견과류	nad-a001-02-000000541753959	bsn-a001-00-000000013604308	22	10	33421	M	1	0	0	4	0
20260908	4291318	cmp-a001-02-000000010764328	grp-a001-02-000000069047580	단백질파우더	nad-a001-02-000000553654562	bsn-a001-00-000000013604308	22	02	768323	M	2	0	0	4	0
20260908	4291318	cmp-a001-02-000000010764328	grp-a001-02-000000072573876	추석선물추천	nad-a001-02-000000573683835	bsn-a001-00-000000013604308	22	04	33421	M	2	0	0	8	0
20260908	4291318	cmp-a001-02-000000010764328	grp-a001-02-000000069047580	황성주생식	nad-a001-02-000000541753988	bsn-a001-00-000000013604308	22	09	8753	M	3	1	883	13	0
20260908	4291318	cmp-a001-02-000000010764328	grp-a001-02-000000069047580	의외로견과류가아닌것	nad-a001-02-000000541753999	bsn-a001-00-000000013604308	22	09	8753	M	1	0	0	1	0
20260908	4291318	cmp-a001-02-000000010764328	grp-a001-02-000000069047580	프로틴	nad-a001-02-000000553654562	bsn-a001-00-000000013604308	22	09	768323	M	69	0	0	99	0
20260908	4291318	cmp-a001-02-000000010764328	grp-a001-02-000000069047580	가루	nad-a001-02-000000541754004	bsn-a001-00-000000013604308	22	01	8753	M	1	0	0	2	0
20260908	4291318	cmp-a001-02-000000010764328	grp-a001-02-000000069047580	단백질쉐이크	nad-a001-02-000000553654562	bsn-a001-00-000000013604308	22	10	529514	M	10	0	0	15	0
20260908	4291318	cmp-a001-02-000000010764328	grp-a001-02-000000069047580	단백질	nad-a001-02-000000553654562	bsn-a001-00-000000013604308	22	08	98128	M	11	0	0	11	0
20260908	4291318	cmp-a001-02-000000010764328	grp-a001-02-000000069047580	견과류일일섭취량	nad-a001-02-000000541753999	bsn-a001-00-000000013604308	22	16	8753	M	1	0	0	1	0
20260908	4291318	cmp-a001-02-000000010764328	grp-a001-02-000000069047580	젤리	nad-a001-02-000000541753985	bsn-a001-00-000000013604308	22	09	529514	M	10	0	0	16	0
20260908	4291318	cmp-a001-02-000000010764328	grp-a001-02-000000072573876	추석선물	nad-a001-02-000000573683834	bsn-a001-00-000000013604308	22	08	684927	P	1	0	0	44	0
20260908	4291318	cmp-a001-02-000000010764328	grp-a001-02-000000072573876	추석선물	nad-a001-02-000000573683835	bsn-a001-00-000000013604308	22	02	684926	M	2	0	0	6	0
20260908	4291318	cmp-a001-02-000000010764328	grp-a001-02-000000069047580	에너지바	nad-a001-02-000000553654554	bsn-a001-00-000000013604308	22	18	8753	M	1	0	0	2	0
20260908	4291318	cmp-a001-02-000000010764328	grp-a001-02-000000069047580	황성주생식	nad-a001-02-000000541753997	bsn-a001-00-000000013604308	22	09	684924	M	2	0	0	2	0
20260908	4291318	cmp-a001-02-000000010764328	grp-a001-02-000000069047580	단백질보충제	nad-a001-02-000000553654562	bsn-a001-00-000000013604308	22	99	529514	M	24	0	0	36	0
20260908	4291318	cmp-a001-02-000000010764328	grp-a001-02-000000069047580	원이	nad-a001-02-000000541753999	bsn-a001-00-000000013604308	22	11	248824	P	2	0	0	2	0
20260908	4291318	cmp-a001-02-000000010764328	grp-a001-02-000000069047580	갓	nad-a001-02-000000541753999	bsn-a001-00-000000013604308	22	09	529514	M	4	0	0	4	0
20260908	4291318	cmp-a001-02-000000010764328	grp-a001-02-000000072573876	추석선물세트	nad-a001-02-000000573683834	bsn-a001-00-000000013604308	22	02	529514	M	45	0	0	92	0
20260908	4291318	cmp-a001-02-000000010764328	grp-a001-02-000000069047580	원이	nad-a001-02-000000541753999	bsn-a001-00-000000013604308	22	06	612594	M	2	0	0	8	0
20260908	4291318	cmp-a001-02-000000010764328	grp-a001-02-000000069047580	프로틴바	nad-a001-02-000000553654554	bsn-a001-00-000000013604308	22	03	768323	M	2	0	0	2	0
20260908	4291318	cmp-a001-02-000000010764328	grp-a001-02-000000069047580	단백질보충제	nad-a001-02-000000553654562	bsn-a001-00-000000013604308	22	99	87620	M	1	0	0	1	0
20260908	4291318	cmp-a001-02-000000010764328	grp-a001-02-000000069047580	프로틴쉐이크	nad-a001-02-000000553654562	bsn-a001-00-000000013604308	22	15	529514	M	7	0	0	7	0
20260908	4291318	cmp-a001-02-000000010764328	grp-a001-02-000000069047580	견과류	nad-a001-02-000000541753959	bsn-a001-00-000000013604308	22	04	8753	M	3	0	0	12	0
20260908	4291318	cmp-a001-02-000000010764328	grp-a001-02-000000069047580	에너지바	nad-a001-02-000000553654559	bsn-a001-00-000000013604308	22	09	23123	P	1	0	0	4	0
20260908	4291318	cmp-a001-02-000000010764328	grp-a001-02-000000069047580	단백질쉐이크	nad-a001-02-000000553654562	bsn-a001-00-000000013604308	22	02	137281	M	10	0	0	20	0
20260908	4291318	cmp-a001-02-000000010764328	grp-a001-02-000000069047580	하루견과	nad-a001-02-000000541753999	bsn-a001-00-000000013604308	22	99	684926	M	2	0	0	2	0
20260908	4291318	cmp-a001-02-000000010764328	grp-a001-02-000000069047580	프로틴바	nad-a001-02-000000553654558	bsn-a001-00-000000013604308	22	02	87620	M	1	0	0	2	0
20260908	4291318	cmp-a001-02-000000010764328	grp-a001-02-000000069047580	프로틴바	nad-a001-02-000000553654559	bsn-a001-00-000000013604308	22	02	87620	M	1	0	0	6	0
20260908	4291318	cmp-a001-02-000000010764328	grp-a001-02-000000069047580	프로틴	nad-a001-02-000000553654562	bsn-a001-00-000000013604308	22	11	137281	M	3	0	0	3	0
20260908	4291318	cmp-a001-02-000000010764328	grp-a001-02-000000069047580	견과류실온보관	nad-a001-02-000000541753999	bsn-a001-00-000000013604308	22	08	27758	P	1	0	0	1	0
20260908	4291318	cmp-a001-02-000000010764328	grp-a001-02-000000069047580	쉐이크브랜드	nad-a001-02-000000553654562	bsn-a001-00-000000013604308	22	02	8753	M	1	0	0	1	0
20260908	4291318	cmp-a001-02-000000010764328	grp-a001-02-000000072573876	추석선물	nad-a001-02-000000573683835	bsn-a001-00-000000013604308	22	06	684926	M	1	0	0	3	0
20260908	4291318	cmp-a001-02-000000010764328	grp-a001-02-000000069047580	황성주생식	nad-a001-02-000000541753988	bsn-a001-00-000000013604308	22	07	8753	M	1	0	0	5	0
20260908	4291318	cmp-a001-02-000000010764328	grp-a001-02-000000069047580	견과류답례품	nad-a001-02-000000541753999	bsn-a001-00-000000013604308	22	02	341898	M	1	0	0	1	0
20260908	4291318	cmp-a001-02-000000010764328	grp-a001-02-000000069047580	하루견과	nad-a001-02-000000541753960	bsn-a001-00-000000013604308	22	99	633013	M	2	0	0	2	0
20260908	4291318	cmp-a001-02-000000010764328	grp-a001-02-000000069047580	단백질바	nad-a001-02-000000553654554	bsn-a001-00-000000013604308	22	09	529514	M	6	0	0	6	0
20260908	4291318	cmp-a001-02-000000010764328	grp-a001-02-000000072573876	추석선물세트추천	nad-a001-02-000000573683834	bsn-a001-00-000000013604308	22	17	8753	M	1	0	0	3	0
20260908	4291318	cmp-a001-02-000000010764328	grp-a001-02-000000069047580	프로틴바	nad-a001-02-000000553654558	bsn-a001-00-000000013604308	22	09	529514	M	15	0	0	21	0
20260908	4291318	cmp-a001-02-000000010764328	grp-a001-02-000000069047580	견과세트	nad-a001-02-000000541753960	bsn-a001-00-000000013604308	22	02	684925	P	1	0	0	1	0
20260908	4291318	cmp-a001-02-000000010764328	grp-a001-02-000000069047580	견과류	nad-a001-02-000000541753960	bsn-a001-00-000000013604308	22	16	8753	M	4	0	0	11	0
20260908	4291318	cmp-a001-02-000000010764328	grp-a001-02-000000069047580	견과세트	nad-a001-02-000000541753960	bsn-a001-00-000000013604308	22	02	27758	P	1	0	0	3	0
20260908	4291318	cmp-a001-02-000000010764328	grp-a001-02-000000069047580	젤리	nad-a001-02-000000541753985	bsn-a001-00-000000013604308	22	02	98128	M	3	0	0	3	0
20260908	4291318	cmp-a001-02-000000010764328	grp-a001-02-000000069047580	견과류	nad-a001-02-000000541753959	bsn-a001-00-000000013604308	22	18	529514	M	25	0	0	50	0
20260908	4291318	cmp-a001-02-000000010764328	grp-a001-02-000000072573876	추석선물	nad-a001-02-000000573683835	bsn-a001-00-000000013604308	22	16	8753	M	1	0	0	2	0
20260908	4291318	cmp-a001-02-000000010764328	grp-a001-02-000000069047580	견과류추천	nad-a001-02-000000541753999	bsn-a001-00-000000013604308	22	02	8753	M	2	0	0	2	0
20260908	4291318	cmp-a001-02-000000010764328	grp-a001-02-000000072573876	추석선물세트	nad-a001-02-000000573683835	bsn-a001-00-000000013604308	22	04	8753	M	2	0	0	7	0
20260908	4291318	cmp-a001-02-000000010764328	grp-a001-02-000000069047580	견과류	nad-a001-02-000000541753960	bsn-a001-00-000000013604308	22	09	27758	P	1	0	0	3	0
20260908	4291318	cmp-a001-02-000000010764328	grp-a001-02-000000069047580	하루견과	nad-a001-02-000000541753960	bsn-a001-00-000000013604308	22	08	33421	M	2	0	0	5	0
20260908	4291318	cmp-a001-02-000000010764328	grp-a001-02-000000069047580	견과류	nad-a001-02-000000541753959	bsn-a001-00-000000013604308	22	03	33421	M	1	0	0	4	0
20260908	4291318	cmp-a001-02-000000010764328	grp-a001-02-000000069047580	견과류세트	nad-a001-02-000000541753999	bsn-a001-00-000000013604308	22	01	529514	M	2	0	0	4	0
20260908	4291318	cmp-a001-02-000000010764328	grp-a001-02-000000069047580	미니견과	nad-a001-02-000000541753960	bsn-a001-00-000000013604308	22	99	8753	M	1	0	0	2	0
20260908	4291318	cmp-a001-02-000000010764328	grp-a001-02-000000072573876	추석선물	nad-a001-02-000000573683835	bsn-a001-00-000000013604308	22	09	529514	M	22	0	0	313	0
20260908	4291318	cmp-a001-02-000000010764328	grp-a001-02-000000069047580	견과류	nad-a001-02-000000541753999	bsn-a001-00-000000013604308	22	09	11068	P	1	0	0	2	0
20260908	4291318	cmp-a001-02-000000010764328	grp-a001-02-000000072573876	추석선물세트	nad-a001-02-000000573683835	bsn-a001-00-000000013604308	22	06	8753	M	2	0	0	6	0
20260908	4291318	cmp-a001-02-000000010764328	grp-a001-02-000000069047580	황성주생식	nad-a001-02-000000541754004	bsn-a001-00-000000013604308	22	09	684925	P	1	0	0	1	0
20260908	4291318	cmp-a001-02-000000010764328	grp-a001-02-000000069047580	사랑이	nad-a001-02-000000553654558	bsn-a001-00-000000013604308	22	16	529514	M	1	0	0	2	0
20260908	4291318	cmp-a001-02-000000010764328	grp-a001-02-000000069047580	단백질보충제	nad-a001-02-000000553654562	bsn-a001-00-000000013604308	22	08	684926	M	2	0	0	18	0
20260908	4291318	cmp-a001-02-000000010764328	grp-a001-02-000000069047580	견과류	nad-a001-02-000000541753960	bsn-a001-00-000000013604308	22	00	529514	M	1	0	0	2	0
20260908	4291318	cmp-a001-02-000000010764328	grp-a001-02-000000069047580	견과류신선하게보관하는방법	nad-a001-02-000000541753960	bsn-a001-00-000000013604308	22	02	8753	M	1	0	0	2	0
20260908	4291318	cmp-a001-02-000000010764328	grp-a001-02-000000069047580	단백질간식	nad-a001-02-000000553654558	bsn-a001-00-000000013604308	22	18	8753	M	4	0	0	10	0
20260908	4291318	cmp-a001-02-000000010764328	grp-a001-02-000000069047580	프로틴	nad-a001-02-000000553654562	bsn-a001-00-000000013604308	22	02	768323	M	66	0	0	97	0
20260908	4291318	cmp-a001-02-000000010764328	grp-a001-02-000000069047580	가루	nad-a001-02-000000541753996	bsn-a001-00-000000013604308	22	07	8753	M	1	0	0	3	0
20260908	4291318	cmp-a001-02-000000010764328	grp-a001-02-000000069047580	생식가루	nad-a001-02-000000541753988	bsn-a001-00-000000013604308	22	06	684926	M	1	0	0	7	0
20260908	4291318	cmp-a001-02-000000010764328	grp-a001-02-000000069047580	한끼견과류	nad-a001-02-000000541753959	bsn-a001-00-000000013604308	22	04	8753	M	1	0	0	3	0
20260908	4291318	cmp-a001-02-000000010764328	grp-a001-02-000000069047580	황성주생식	nad-a001-02-000000541754004	bsn-a001-00-000000013604308	22	04	791888	M	1	0	0	2	0
20260908	4291318	cmp-a001-02-000000010764328	grp-a001-02-000000069047580	프로틴	nad-a001-02-000000553654562	bsn-a001-00-000000013604308	22	06	768323	M	7	0	0	10	0
20260908	4291318	cmp-a001-02-000000010764328	grp-a001-02-000000069047580	하루	nad-a001-02-000000541753999	bsn-a001-00-000000013604308	22	09	98128	M	3	0	0	3	0
20260908	4291318	cmp-a001-02-000000010764328	grp-a001-02-000000069047580	견과세트	nad-a001-02-000000541753999	bsn-a001-00-000000013604308	22	07	768323	M	1	0	0	2	0
20260908	4291318	cmp-a001-02-000000010764328	grp-a001-02-000000069047580	단백질	nad-a001-02-000000553654562	bsn-a001-00-000000013604308	22	02	87620	M	1	0	0	2	0
20260908	4291318	cmp-a001-02-000000010764328	grp-a001-02-000000069047580	황성주생식	nad-a001-02-000000541753997	bsn-a001-00-000000013604308	22	09	612594	M	1	1	5619	1	0
20260908	4291318	cmp-a001-02-000000010764328	grp-a001-02-000000069047580	프로틴바	nad-a001-02-000000553654559	bsn-a001-00-000000013604308	22	02	529514	M	4	0	0	12	0
20260908	4291318	cmp-a001-02-000000010764328	grp-a001-02-000000069047580	하루견과	nad-a001-02-000000541753999	bsn-a001-00-000000013604308	22	06	684926	M	3	0	0	3	0
20260908	4291318	cmp-a001-02-000000010764328	grp-a001-02-000000069047580	견과류	nad-a001-02-000000541753999	bsn-a001-00-000000013604308	22	02	684927	P	1	0	0	1	0
20260908	4291318	cmp-a001-02-000000010764328	grp-a001-02-000000069047580	하루견과	nad-a001-02-000000541753959	bsn-a001-00-000000013604308	22	02	684926	M	5	0	0	15	0
20260908	4291318	cmp-a001-02-000000010764328	grp-a001-02-000000072573876	추석선물세트	nad-a001-02-000000573683835	bsn-a001-00-000000013604308	22	03	791888	M	1	0	0	3	0
20260908	4291318	cmp-a001-02-000000010764328	grp-a001-02-000000069047580	젤리	nad-a001-02-000000541753985	bsn-a001-00-000000013604308	22	02	768323	M	3	0	0	11	0
20260908	4291318	cmp-a001-02-000000010764328	grp-a001-02-000000069047580	젤리	nad-a001-02-000000541753985	bsn-a001-00-000000013604308	22	13	529514	M	2	0	0	2	0
20260908	4291318	cmp-a001-02-000000010764328	grp-a001-02-000000069047580	JELLY	nad-a001-02-000000541753985	bsn-a001-00-000000013604308	22	09	98128	M	2	0	0	2	0
20260908	4291318	cmp-a001-02-000000010764328	grp-a001-02-000000072573876	명절선물	nad-a001-02-000000573683834	bsn-a001-00-000000013604308	22	15	529514	M	1	0	0	12	0
20260908	4291318	cmp-a001-02-000000010764328	grp-a001-02-000000069047580	견과류	nad-a001-02-000000541753999	bsn-a001-00-000000013604308	22	18	8753	M	3	2	3415	6	0
20260908	4291318	cmp-a001-02-000000010764328	grp-a001-02-000000069047580	단백질	nad-a001-02-000000553654562	bsn-a001-00-000000013604308	22	04	98128	M	13	0	0	13	0
20260908	4291318	cmp-a001-02-000000010764328	grp-a001-02-000000069047580	견과류	nad-a001-02-000000541753999	bsn-a001-00-000000013604308	22	06	529514	M	31	0	0	32	0
20260908	4291318	cmp-a001-02-000000010764328	grp-a001-02-000000069047580	사랑	nad-a001-02-000000553654558	bsn-a001-00-000000013604308	22	11	98128	M	3	0	0	10	0
20260908	4291318	cmp-a001-02-000000010764328	grp-a001-02-000000069047580	견과류영양성분	nad-a001-02-000000541753960	bsn-a001-00-000000013604308	22	04	8753	M	1	0	0	3	0
20260908	4291318	cmp-a001-02-000000010764328	grp-a001-02-000000069047580	황성주생식라이프밀	nad-a001-02-000000541753997	bsn-a001-00-000000013604308	22	06	684926	M	1	0	0	3	0
20260908	4291318	cmp-a001-02-000000010764328	grp-a001-02-000000069047580	황성주생식	nad-a001-02-000000541753997	bsn-a001-00-000000013604308	22	09	529514	M	3	0	0	3	0
20260908	4291318	cmp-a001-02-000000010764328	grp-a001-02-000000069047580	사탕젤리	nad-a001-02-000000541753985	bsn-a001-00-000000013604308	22	03	87620	M	1	0	0	5	0
20260908	4291318	cmp-a001-02-000000010764328	grp-a001-02-000000069047580	저탄수화물간식	nad-a001-02-000000553654554	bsn-a001-00-000000013604308	22	11	11068	P	1	0	0	22	0
20260908	4291318	cmp-a001-02-000000010764328	grp-a001-02-000000069047580	견과	nad-a001-02-000000541753999	bsn-a001-00-000000013604308	22	02	8753	M	1	0	0	2	0
20260908	4291318	cmp-a001-02-000000010764328	grp-a001-02-000000069047580	견과류	nad-a001-02-000000541753959	bsn-a001-00-000000013604308	22	17	529514	M	3	0	0	6	0
20260908	4291318	cmp-a001-02-000000010764328	grp-a001-02-000000069047580	경과류	nad-a001-02-000000541753960	bsn-a001-00-000000013604308	22	02	8753	M	1	0	0	3	0
20260908	4291318	cmp-a001-02-000000010764328	grp-a001-02-000000069047580	단백질바	nad-a001-02-000000553654558	bsn-a001-00-000000013604308	22	09	8753	M	2	0	0	8	0
20260908	4291318	cmp-a001-02-000000010764328	grp-a001-02-000000069047580	단백질바	nad-a001-02-000000553654558	bsn-a001-00-000000013604308	22	03	529514	M	6	0	0	8	0
20260908	4291318	cmp-a001-02-000000010764328	grp-a001-02-000000069047580	단백질바	nad-a001-02-000000553654554	bsn-a001-00-000000013604308	22	09	8753	M	4	0	0	15	0
20260908	4291318	cmp-a001-02-000000010764328	grp-a001-02-000000069047580	황성주생식라이프밀	nad-a001-02-000000541754005	bsn-a001-00-000000013604308	22	15	8753	M	1	0	0	4	0
20260908	4291318	cmp-a001-02-000000010764328	grp-a001-02-000000069047580	갓	nad-a001-02-000000541753960	bsn-a001-00-000000013604308	22	09	529514	M	4	0	0	9	0
20260908	4291318	cmp-a001-02-000000010764328	grp-a001-02-000000069047580	하루견과100봉	nad-a001-02-000000541753960	bsn-a001-00-000000013604308	22	02	341898	M	2	0	0	2	0
20260908	4291318	cmp-a001-02-000000010764328	grp-a001-02-000000069047580	프로틴바	nad-a001-02-000000553654559	bsn-a001-00-000000013604308	22	09	23123	P	2	0	0	13	0
20260908	4291318	cmp-a001-02-000000010764328	grp-a001-02-000000069047580	단백질파우더	nad-a001-02-000000553654562	bsn-a001-00-000000013604308	22	03	768323	M	1	0	0	2	0
20260908	4291318	cmp-a001-02-000000010764328	grp-a001-02-000000069047580	프로틴	nad-a001-02-000000553654562	bsn-a001-00-000000013604308	22	06	529514	M	33	0	0	33	0
20260908	4291318	cmp-a001-02-000000010764328	grp-a001-02-000000069047580	하루견과아몬드	nad-a001-02-000000541753960	bsn-a001-00-000000013604308	22	03	8753	M	1	0	0	2	0
20260908	4291318	cmp-a001-02-000000010764328	grp-a001-02-000000069047580	젤리	nad-a001-02-000000541753985	bsn-a001-00-000000013604308	22	09	768323	M	3	0	0	5	0
20260908	4291318	cmp-a001-02-000000010764328	grp-a001-02-000000072573876	추석선물	nad-a001-02-000000573683834	bsn-a001-00-000000013604308	22	02	684926	M	3	1	4576	4	0
20260908	4291318	cmp-a001-02-000000010764328	grp-a001-02-000000069047580	견과류선물세트	nad-a001-02-000000541753999	bsn-a001-00-000000013604308	22	03	684926	M	1	0	0	1	0
20260908	4291318	cmp-a001-02-000000010764328	grp-a001-02-000000069047580	단백질보충제	nad-a001-02-000000553654562	bsn-a001-00-000000013604308	22	15	684926	M	4	0	0	37	0
20260908	4291318	cmp-a001-02-000000010764328	grp-a001-02-000000069047580	견과류	nad-a001-02-000000541753999	bsn-a001-00-000000013604308	22	06	33421	M	1	0	0	2	0
20260908	4291318	cmp-a001-02-000000010764328	grp-a001-02-000000069047580	가루야G	nad-a001-02-000000541754005	bsn-a001-00-000000013604308	22	08	8753	M	1	0	0	4	0
20260908	4291318	cmp-a001-02-000000010764328	grp-a001-02-000000069047580	단백질높은시리얼	nad-a001-02-000000553654558	bsn-a001-00-000000013604308	22	04	8753	M	1	0	0	5	0
20260908	4291318	cmp-a001-02-000000010764328	grp-a001-02-000000069047580	견과류	nad-a001-02-000000541753960	bsn-a001-00-000000013604308	22	02	33421	M	1	0	0	3	0
20260908	4291318	cmp-a001-02-000000010764328	grp-a001-02-000000069047580	다이어트쉐이크	nad-a001-02-000000553654562	bsn-a001-00-000000013604308	22	11	768323	M	4	0	0	5	0
20260908	4291318	cmp-a001-02-000000010764328	grp-a001-02-000000069047580	하루견과	nad-a001-02-000000541753959	bsn-a001-00-000000013604308	22	15	529514	M	6	0	0	12	0
20260908	4291318	cmp-a001-02-000000010764328	grp-a001-02-000000072573876	추석선물세트	nad-a001-02-000000573683834	bsn-a001-00-000000013604308	22	02	633013	M	2	0	0	8	0
20260908	4291318	cmp-a001-02-000000010764328	grp-a001-02-000000069047580	견과류	nad-a001-02-000000541753999	bsn-a001-00-000000013604308	22	08	684926	M	1	0	0	1	0
20260908	4291318	cmp-a001-02-000000010764328	grp-a001-02-000000069047580	프로틴	nad-a001-02-000000553654562	bsn-a001-00-000000013604308	22	02	137281	M	11	0	0	11	0
20260908	4291318	cmp-a001-02-000000010764328	grp-a001-02-000000069047580	견과	nad-a001-02-000000541753960	bsn-a001-00-000000013604308	22	02	11068	P	2	0	0	6	0
20260908	4291318	cmp-a001-02-000000010764328	grp-a001-02-000000069047580	사랑	nad-a001-02-000000553654558	bsn-a001-00-000000013604308	22	02	612593	P	1	0	0	7	0
20260908	4291318	cmp-a001-02-000000010764328	grp-a001-02-000000072573876	추석선물세트	nad-a001-02-000000573683835	bsn-a001-00-000000013604308	22	09	529514	M	30	0	0	74	0
20260908	4291318	cmp-a001-02-000000010764328	grp-a001-02-000000069047580	메이플견과류	nad-a001-02-000000541753960	bsn-a001-00-000000013604308	22	09	370822	P	1	0	0	1	0
20260908	4291318	cmp-a001-02-000000010764328	grp-a001-02-000000069047580	프로틴	nad-a001-02-000000553654562	bsn-a001-00-000000013604308	22	11	529514	M	17	0	0	17	0
20260908	4291318	cmp-a001-02-000000010764328	grp-a001-02-000000069047580	사랑이네	nad-a001-02-000000553654558	bsn-a001-00-000000013604308	22	99	529514	M	2	0	0	7	0
20260908	4291318	cmp-a001-02-000000010764328	grp-a001-02-000000069047580	쉐이크	nad-a001-02-000000553654562	bsn-a001-00-000000013604308	22	09	529514	M	8	0	0	14	0
20260908	4291318	cmp-a001-02-000000010764328	grp-a001-02-000000069047580	견과류	nad-a001-02-000000541753959	bsn-a001-00-000000013604308	22	16	684926	M	1	0	0	3	0
20260908	4291318	cmp-a001-02-000000010764328	grp-a001-02-000000069047580	견과	nad-a001-02-000000541753999	bsn-a001-00-000000013604308	22	02	11068	P	2	0	0	2	0
20260908	4291318	cmp-a001-02-000000010764328	grp-a001-02-000000069047580	견과류	nad-a001-02-000000541753960	bsn-a001-00-000000013604308	22	07	529514	M	19	0	0	47	0
20260908	4291318	cmp-a001-02-000000010764328	grp-a001-02-000000072573876	추석선물	nad-a001-02-000000573683835	bsn-a001-00-000000013604308	22	99	529514	M	4	0	0	60	0
20260908	4291318	cmp-a001-02-000000010764328	grp-a001-02-000000069047580	갓구운	nad-a001-02-000000541753960	bsn-a001-00-000000013604308	22	11	27758	P	1	0	0	2	0
20260908	4291318	cmp-a001-02-000000010764328	grp-a001-02-000000069047580	황성주생식	nad-a001-02-000000541753988	bsn-a001-00-000000013604308	22	09	798056	M	1	0	0	5	0
20260908	4291318	cmp-a001-02-000000010764328	grp-a001-02-000000069047580	치플레크런치플레	nad-a001-02-000000553654558	bsn-a001-00-000000013604308	22	15	8753	M	1	0	0	5	0
20260908	4291318	cmp-a001-02-000000010764328	grp-a001-02-000000069047580	식사대용단백질쉐이크	nad-a001-02-000000553654562	bsn-a001-00-000000013604308	22	00	612593	P	1	0	0	1	0
20260908	4291318	cmp-a001-02-000000010764328	grp-a001-02-000000069047580	견과	nad-a001-02-000000541753960	bsn-a001-00-000000013604308	22	02	8753	M	1	0	0	4	0
20260908	4291318	cmp-a001-02-000000010764328	grp-a001-02-000000069047580	프로틴	nad-a001-02-000000553654562	bsn-a001-00-000000013604308	22	08	137281	M	11	0	0	11	0
20260908	4291318	cmp-a001-02-000000010764328	grp-a001-02-000000072573876	추석선물세트	nad-a001-02-000000573683834	bsn-a001-00-000000013604308	22	03	8753	M	1	0	0	3	0
20260908	4291318	cmp-a001-02-000000010764328	grp-a001-02-000000069047580	견과류	nad-a001-02-000000541753959	bsn-a001-00-000000013604308	22	02	33421	M	2	0	0	7	0
20260908	4291318	cmp-a001-02-000000010764328	grp-a001-02-000000069047580	크로쿼캐널시리얼	nad-a001-02-000000553654554	bsn-a001-00-000000013604308	22	04	8753	M	1	0	0	4	0
20260908	4291318	cmp-a001-02-000000010764328	grp-a001-02-000000069047580	황성주생식	nad-a001-02-000000541753988	bsn-a001-00-000000013604308	22	04	791888	M	1	0	0	5	0
20260908	4291318	cmp-a001-02-000000010764328	grp-a001-02-000000069047580	단백질쉐이크	nad-a001-02-000000553654562	bsn-a001-00-000000013604308	22	15	529514	M	14	0	0	22	0
20260908	4291318	cmp-a001-02-000000010764328	grp-a001-02-000000072573876	추석선물세트	nad-a001-02-000000573683834	bsn-a001-00-000000013604308	22	02	8753	M	6	0	0	37	0
20260908	4291318	cmp-a001-02-000000010764328	grp-a001-02-000000069047580	견과류	nad-a001-02-000000541753960	bsn-a001-00-000000013604308	22	99	8753	M	2	0	0	5	0
20260908	4291318	cmp-a001-02-000000010764328	grp-a001-02-000000069047580	단백질바	nad-a001-02-000000553654558	bsn-a001-00-000000013604308	22	17	8753	M	1	0	0	4	0
20260908	4291318	cmp-a001-02-000000010764328	grp-a001-02-000000069047580	단백질보충제	nad-a001-02-000000553654562	bsn-a001-00-000000013604308	22	04	87620	M	2	0	0	2	0
20260908	4291318	cmp-a001-02-000000010764328	grp-a001-02-000000072573876	추석선물	nad-a001-02-000000573683835	bsn-a001-00-000000013604308	22	15	8753	M	1	0	0	9	0
20260908	4291318	cmp-a001-02-000000010764328	grp-a001-02-000000069047580	견과류	nad-a001-02-000000541753999	bsn-a001-00-000000013604308	22	15	684925	P	1	0	0	1	0
20260908	4291318	cmp-a001-02-000000010764328	grp-a001-02-000000072573876	추석선물세트	nad-a001-02-000000573683834	bsn-a001-00-000000013604308	22	99	684926	M	1	0	0	1	0
20260908	4291318	cmp-a001-02-000000010764328	grp-a001-02-000000069047580	견과류	nad-a001-02-000000541753999	bsn-a001-00-000000013604308	22	00	529514	M	1	0	0	1	0
20260908	4291318	cmp-a001-02-000000010764328	grp-a001-02-000000069047580	쉐이크	nad-a001-02-000000553654562	bsn-a001-00-000000013604308	22	02	98128	M	6	0	0	6	0
20260908	4291318	cmp-a001-02-000000010764328	grp-a001-02-000000069047580	견과류	nad-a001-02-000000541753999	bsn-a001-00-000000013604308	22	02	684926	M	2	1	1652	4	0
20260908	4291318	cmp-a001-02-000000010764328	grp-a001-02-000000069047580	견과류	nad-a001-02-000000541753959	bsn-a001-00-000000013604308	22	16	529514	M	15	0	0	31	0
20260908	4291318	cmp-a001-02-000000010764328	grp-a001-02-000000069047580	비에스앤프로틴바성분	nad-a001-02-000000553654558	bsn-a001-00-000000013604308	22	09	8753	M	3	0	0	12	0
20260908	4291318	cmp-a001-02-000000010764328	grp-a001-02-000000069047580	하루견과	nad-a001-02-000000541753999	bsn-a001-00-000000013604308	22	09	684926	M	4	0	0	4	0
20260908	4291318	cmp-a001-02-000000010764328	grp-a001-02-000000069047580	사랑님	nad-a001-02-000000553654559	bsn-a001-00-000000013604308	22	02	529514	M	2	0	0	12	0
20260908	4291318	cmp-a001-02-000000010764328	grp-a001-02-000000072573876	추석선물	nad-a001-02-000000573683835	bsn-a001-00-000000013604308	22	10	529514	M	4	0	0	60	0
20260908	4291318	cmp-a001-02-000000010764328	grp-a001-02-000000069047580	하루견과	nad-a001-02-000000541753959	bsn-a001-00-000000013604308	22	09	684926	M	4	0	0	12	0
20260908	4291318	cmp-a001-02-000000010764328	grp-a001-02-000000069047580	견과류	nad-a001-02-000000541753999	bsn-a001-00-000000013604308	22	16	529514	M	25	0	0	26	0
20260908	4291318	cmp-a001-02-000000010764328	grp-a001-02-000000069047580	견과류세트	nad-a001-02-000000541753999	bsn-a001-00-000000013604308	22	04	8753	M	1	0	0	1	0
20260908	4291318	cmp-a001-02-000000010764328	grp-a001-02-000000069047580	프로틴	nad-a001-02-000000553654562	bsn-a001-00-000000013604308	22	99	98128	M	2	0	0	2	0
20260908	4291318	cmp-a001-02-000000010764328	grp-a001-02-000000069047580	사랑님	nad-a001-02-000000553654558	bsn-a001-00-000000013604308	22	02	529514	M	2	0	0	6	0
20260908	4291318	cmp-a001-02-000000010764328	grp-a001-02-000000069047580	사랑	nad-a001-02-000000553654559	bsn-a001-00-000000013604308	22	99	98128	M	3	0	0	18	0
20260908	4291318	cmp-a001-02-000000010764328	grp-a001-02-000000069047580	프로틴바	nad-a001-02-000000553654558	bsn-a001-00-000000013604308	22	03	98128	M	1	0	0	1	0
20260908	4291318	cmp-a001-02-000000010764328	grp-a001-02-000000069047580	사랑	nad-a001-02-000000553654558	bsn-a001-00-000000013604308	22	99	98128	M	3	0	0	12	0
20260908	4291318	cmp-a001-02-000000010764328	grp-a001-02-000000069047580	단백질쉐이크	nad-a001-02-000000553654562	bsn-a001-00-000000013604308	22	99	529514	M	38	0	0	65	0
20260908	4291318	cmp-a001-02-000000010764328	grp-a001-02-000000072573876	추석선물세트	nad-a001-02-000000573683834	bsn-a001-00-000000013604308	22	09	529514	M	44	0	0	89	0
20260908	4291318	cmp-a001-02-000000010764328	grp-a001-02-000000069047580	견과류세트	nad-a001-02-000000541753960	bsn-a001-00-000000013604308	22	09	8753	M	3	0	0	7	0
20260908	4291318	cmp-a001-02-000000010764328	grp-a001-02-000000072573876	추석선물세트	nad-a001-02-000000573683835	bsn-a001-00-000000013604308	22	03	8753	M	3	0	0	11	0
20260908	4291318	cmp-a001-02-000000010764328	grp-a001-02-000000069047580	프로틴	nad-a001-02-000000553654562	bsn-a001-00-000000013604308	22	13	768323	M	6	0	0	11	0
20260908	4291318	cmp-a001-02-000000010764328	grp-a001-02-000000069047580	견과류	nad-a001-02-000000541753959	bsn-a001-00-000000013604308	22	02	248824	P	1	0	0	1	0
20260908	4291318	cmp-a001-02-000000010764328	grp-a001-02-000000069047580	프로틴	nad-a001-02-000000553654562	bsn-a001-00-000000013604308	22	01	529514	M	2	0	0	2	0
20260908	4291318	cmp-a001-02-000000010764328	grp-a001-02-000000069047580	프로틴바	nad-a001-02-000000553654558	bsn-a001-00-000000013604308	22	09	768323	M	5	0	0	9	0
20260908	4291318	cmp-a001-02-000000010764328	grp-a001-02-000000069047580	쉐이크	nad-a001-02-000000553654562	bsn-a001-00-000000013604308	22	06	529514	M	4	0	0	6	0
20260908	4291318	cmp-a001-02-000000010764328	grp-a001-02-000000069047580	견과류	nad-a001-02-000000541753959	bsn-a001-00-000000013604308	22	09	529514	M	113	0	0	227	0
20260908	4291318	cmp-a001-02-000000010764328	grp-a001-02-000000069047580	황성주생식라이프밀	nad-a001-02-000000541753988	bsn-a001-00-000000013604308	22	02	8753	M	2	0	0	10	0
20260908	4291318	cmp-a001-02-000000010764328	grp-a001-02-000000069047580	견과세트	nad-a001-02-000000541753960	bsn-a001-00-000000013604308	22	11	768323	M	1	0	0	3	0
20260908	4291318	cmp-a001-02-000000010764328	grp-a001-02-000000069047580	단백질바	nad-a001-02-000000553654554	bsn-a001-00-000000013604308	22	09	33421	M	1	0	0	2	0
20260908	4291318	cmp-a001-02-000000010764328	grp-a001-02-000000069047580	견과류	nad-a001-02-000000541753999	bsn-a001-00-000000013604308	22	15	8753	M	4	0	0	8	0
20260908	4291318	cmp-a001-02-000000010764328	grp-a001-02-000000069047580	황성주생식라이프밀	nad-a001-02-000000541754004	bsn-a001-00-000000013604308	22	15	8753	M	1	0	0	2	0
20260908	4291318	cmp-a001-02-000000010764328	grp-a001-02-000000069047580	황성주생식	nad-a001-02-000000541753996	bsn-a001-00-000000013604308	22	09	8753	M	3	1	1698	8	0
20260908	4291318	cmp-a001-02-000000010764328	grp-a001-02-000000069047580	칼로리바	nad-a001-02-000000553654558	bsn-a001-00-000000013604308	22	02	8753	M	2	0	0	2	0
20260908	4291318	cmp-a001-02-000000010764328	grp-a001-02-000000069047580	하루견과	nad-a001-02-000000541753960	bsn-a001-00-000000013604308	22	11	87620	M	1	0	0	2	0
20260908	4291318	cmp-a001-02-000000010764328	grp-a001-02-000000072573876	분말가루세트	nad-a001-02-000000573683834	bsn-a001-00-000000013604308	22	01	684926	M	1	0	0	12	0
20260908	4291318	cmp-a001-02-000000010764328	grp-a001-02-000000069047580	하루견과	nad-a001-02-000000541753960	bsn-a001-00-000000013604308	22	99	8753	M	1	0	0	2	0
20260908	4291318	cmp-a001-02-000000010764328	grp-a001-02-000000069047580	쉐이크	nad-a001-02-000000553654562	bsn-a001-00-000000013604308	22	11	98128	M	4	0	0	4	0
20260908	4291318	cmp-a001-02-000000010764328	grp-a001-02-000000069047580	하루만	nad-a001-02-000000541753960	bsn-a001-00-000000013604308	22	99	529514	M	2	0	0	6	0
20260908	4291318	cmp-a001-02-000000010764328	grp-a001-02-000000069047580	믹스넛모듬믹스	nad-a001-02-000000541753960	bsn-a001-00-000000013604308	22	09	341898	M	1	0	0	1	0
20260908	4291318	cmp-a001-02-000000010764328	grp-a001-02-000000069047580	황성주생식	nad-a001-02-000000541754005	bsn-a001-00-000000013604308	22	09	27758	P	1	0	0	1	0
20260908	4291318	cmp-a001-02-000000010764328	grp-a001-02-000000069047580	견과류추천	nad-a001-02-000000541753959	bsn-a001-00-000000013604308	22	09	8753	M	2	0	0	9	0
20260908	4291318	cmp-a001-02-000000010764328	grp-a001-02-000000069047580	견과세트	nad-a001-02-000000541753999	bsn-a001-00-000000013604308	22	03	768323	M	1	0	0	2	0
20260908	4291318	cmp-a001-02-000000010764328	grp-a001-02-000000072573876	추석선물세트	nad-a001-02-000000573683835	bsn-a001-00-000000013604308	22	04	33421	M	1	0	0	3	0
20260908	4291318	cmp-a001-02-000000010764328	grp-a001-02-000000069047580	갓	nad-a001-02-000000541753960	bsn-a001-00-000000013604308	22	04	27758	P	1	0	0	2	0
20260908	4291318	cmp-a001-02-000000010764328	grp-a001-02-000000069047580	프로틴바	nad-a001-02-000000553654558	bsn-a001-00-000000013604308	22	18	87620	M	1	0	0	2	0
20260908	4291318	cmp-a001-02-000000010764328	grp-a001-02-000000069047580	견과류	nad-a001-02-000000541753960	bsn-a001-00-000000013604308	22	11	8753	M	1	0	0	3	0
20260908	4291318	cmp-a001-02-000000010764328	grp-a001-02-000000072573876	추석선물세트	nad-a001-02-000000573683834	bsn-a001-00-000000013604308	22	06	529514	M	3	0	0	6	0
20260908	4291318	cmp-a001-02-000000010764328	grp-a001-02-000000069047580	견과세트	nad-a001-02-000000541753959	bsn-a001-00-000000013604308	22	06	768323	M	1	0	0	1	0
20260908	4291318	cmp-a001-02-000000010764328	grp-a001-02-000000072573876	추석선물세트	nad-a001-02-000000573683834	bsn-a001-00-000000013604308	22	18	529514	M	12	0	0	24	0
20260908	4291318	cmp-a001-02-000000010764328	grp-a001-02-000000069047580	견과류	nad-a001-02-000000541753960	bsn-a001-00-000000013604308	22	03	768323	M	1	0	0	3	0
20260908	4291318	cmp-a001-02-000000010764328	grp-a001-02-000000069047580	프로틴바	nad-a001-02-000000553654554	bsn-a001-00-000000013604308	22	99	529514	M	23	0	0	36	0
20260908	4291318	cmp-a001-02-000000010764328	grp-a001-02-000000069047580	프로틴바	nad-a001-02-000000553654558	bsn-a001-00-000000013604308	22	09	8753	M	2	0	0	10	0
20260908	4291318	cmp-a001-02-000000010764328	grp-a001-02-000000069047580	사랑	nad-a001-02-000000553654558	bsn-a001-00-000000013604308	22	02	98128	M	6	0	0	19	0
20260908	4291318	cmp-a001-02-000000010764328	grp-a001-02-000000069047580	견과류	nad-a001-02-000000541753959	bsn-a001-00-000000013604308	22	13	529514	M	22	0	0	44	0
20260908	4291318	cmp-a001-02-000000010764328	grp-a001-02-000000069047580	가루	nad-a001-02-000000541753997	bsn-a001-00-000000013604308	22	07	8753	M	1	0	0	1	0
20260908	4291318	cmp-a001-02-000000010764328	grp-a001-02-000000069047580	단백질간식	nad-a001-02-000000553654558	bsn-a001-00-000000013604308	22	16	27758	P	1	0	0	2	0
20260908	4291318	cmp-a001-02-000000010764328	grp-a001-02-000000069047580	하루견과	nad-a001-02-000000541753960	bsn-a001-00-000000013604308	22	03	529514	M	2	0	0	4	0
20260908	4291318	cmp-a001-02-000000010764328	grp-a001-02-000000069047580	황성주생식	nad-a001-02-000000541753997	bsn-a001-00-000000013604308	22	04	791888	M	1	0	0	1	0
20260908	4291318	cmp-a001-02-000000010764328	grp-a001-02-000000072573876	추석선물세트	nad-a001-02-000000573683834	bsn-a001-00-000000013604308	22	03	529514	M	14	0	0	28	0
20260908	4291318	cmp-a001-02-000000010764328	grp-a001-02-000000069047580	쉐이크	nad-a001-02-000000553654562	bsn-a001-00-000000013604308	22	10	529514	M	2	0	0	4	0
20260908	4291318	cmp-a001-02-000000010764328	grp-a001-02-000000069047580	젤리	nad-a001-02-000000541753985	bsn-a001-00-000000013604308	22	09	684926	M	1	0	0	10	0
20260908	4291318	cmp-a001-02-000000010764328	grp-a001-02-000000072573876	추석선물세트	nad-a001-02-000000573683835	bsn-a001-00-000000013604308	22	08	529514	M	5	0	0	12	0
20260908	4291318	cmp-a001-02-000000010764328	grp-a001-02-000000072573876	추석선물	nad-a001-02-000000573683835	bsn-a001-00-000000013604308	22	04	8753	M	1	0	0	4	0
20260908	4291318	cmp-a001-02-000000010764328	grp-a001-02-000000069047580	단백질바	nad-a001-02-000000553654558	bsn-a001-00-000000013604308	22	03	768323	M	1	0	0	2	0
20260908	4291318	cmp-a001-02-000000010764328	grp-a001-02-000000069047580	스토어	nad-a001-02-000000541753997	bsn-a001-00-000000013604308	22	02	98128	M	10	0	0	20	0
20260908	4291318	cmp-a001-02-000000010764328	grp-a001-02-000000069047580	견과	nad-a001-02-000000541753959	bsn-a001-00-000000013604308	22	03	137281	M	2	0	0	4	0
20260908	4291318	cmp-a001-02-000000010764328	grp-a001-02-000000069047580	황성주생식	nad-a001-02-000000541753988	bsn-a001-00-000000013604308	22	13	8753	M	2	1	848	10	0
20260908	4291318	cmp-a001-02-000000010764328	grp-a001-02-000000069047580	다이어트단백질	nad-a001-02-000000553654562	bsn-a001-00-000000013604308	22	08	98128	M	1	0	0	2	0
20260908	4291318	cmp-a001-02-000000010764328	grp-a001-02-000000072573876	추석선물	nad-a001-02-000000573683835	bsn-a001-00-000000013604308	22	02	529514	M	23	0	0	337	0
20260908	4291318	cmp-a001-02-000000010764328	grp-a001-02-000000069047580	먼투썬하루견과	nad-a001-02-000000541753999	bsn-a001-00-000000013604308	22	01	341898	M	1	0	0	1	0
20260908	4291318	cmp-a001-02-000000010764328	grp-a001-02-000000069047580	하루견과	nad-a001-02-000000541753999	bsn-a001-00-000000013604308	22	03	529514	M	2	0	0	2	0
20260908	4291318	cmp-a001-02-000000010764328	grp-a001-02-000000069047580	황성주생식	nad-a001-02-000000541753996	bsn-a001-00-000000013604308	22	02	8753	M	2	0	0	6	0
20260908	4291318	cmp-a001-02-000000010764328	grp-a001-02-000000069047580	하루견과	nad-a001-02-000000541753999	bsn-a001-00-000000013604308	22	02	27758	P	2	1	2111	2	0
20260908	4291318	cmp-a001-02-000000010764328	grp-a001-02-000000069047580	프로틴	nad-a001-02-000000553654562	bsn-a001-00-000000013604308	22	08	684927	P	2	0	0	8	0
20260908	4291318	cmp-a001-02-000000010764328	grp-a001-02-000000069047580	황성주생식	nad-a001-02-000000541754004	bsn-a001-00-000000013604308	22	08	8753	M	1	0	0	2	0
20260908	4291318	cmp-a001-02-000000010764328	grp-a001-02-000000069047580	견과류	nad-a001-02-000000541753999	bsn-a001-00-000000013604308	22	16	684926	M	1	0	0	1	0
20260908	4291318	cmp-a001-02-000000010764328	grp-a001-02-000000069047580	한끼견과류	nad-a001-02-000000541753960	bsn-a001-00-000000013604308	22	04	8753	M	1	0	0	2	0
20260908	4291318	cmp-a001-02-000000010764328	grp-a001-02-000000069047580	젤리	nad-a001-02-000000541753985	bsn-a001-00-000000013604308	22	15	684926	M	1	0	0	7	0
20260908	4291318	cmp-a001-02-000000010764328	grp-a001-02-000000072573876	추석선물	nad-a001-02-000000573683835	bsn-a001-00-000000013604308	22	15	529514	M	6	0	0	90	0
20260908	4291318	cmp-a001-02-000000010764328	grp-a001-02-000000069047580	추석선물세트	nad-a001-02-000000541753960	bsn-a001-00-000000013604308	22	07	341898	M	1	0	0	1	0
20260908	4291318	cmp-a001-02-000000010764328	grp-a001-02-000000072573876	추석선물	nad-a001-02-000000573683834	bsn-a001-00-000000013604308	22	04	684926	M	1	0	0	68	0
20260908	4291318	cmp-a001-02-000000010764328	grp-a001-02-000000069047580	식물성단백질보충제	nad-a001-02-000000553654562	bsn-a001-00-000000013604308	22	00	23123	P	1	0	0	1	0
20260908	4291318	cmp-a001-02-000000010764328	grp-a001-02-000000069047580	프로틴쉐이크	nad-a001-02-000000553654562	bsn-a001-00-000000013604308	22	03	529514	M	3	0	0	3	0
20260908	4291318	cmp-a001-02-000000010764328	grp-a001-02-000000069047580	견과세트	nad-a001-02-000000541753960	bsn-a001-00-000000013604308	22	18	768323	M	1	0	0	3	0
20260908	4291318	cmp-a001-02-000000010764328	grp-a001-02-000000069047580	에너지바	nad-a001-02-000000553654559	bsn-a001-00-000000013604308	22	15	529514	M	2	0	0	6	0
20260908	4291318	cmp-a001-02-000000010764328	grp-a001-02-000000069047580	견과	nad-a001-02-000000541753960	bsn-a001-00-000000013604308	22	03	291244	M	3	0	0	12	0
20260908	4291318	cmp-a001-02-000000010764328	grp-a001-02-000000069047580	단백질바	nad-a001-02-000000553654554	bsn-a001-00-000000013604308	22	99	529514	M	8	0	0	8	0
20260908	4291318	cmp-a001-02-000000010764328	grp-a001-02-000000069047580	하루견과	nad-a001-02-000000541753959	bsn-a001-00-000000013604308	22	11	684926	M	1	0	0	4	0
20260908	4291318	cmp-a001-02-000000010764328	grp-a001-02-000000069047580	단백질파우더	nad-a001-02-000000553654562	bsn-a001-00-000000013604308	22	02	529514	M	31	0	0	50	0
20260908	4291318	cmp-a001-02-000000010764328	grp-a001-02-000000069047580	다이어트쉐이크	nad-a001-02-000000553654562	bsn-a001-00-000000013604308	22	15	529514	M	2	0	0	2	0
20260908	4291318	cmp-a001-02-000000010764328	grp-a001-02-000000069047580	견과류	nad-a001-02-000000541753960	bsn-a001-00-000000013604308	22	14	8753	M	1	0	0	3	0
20260908	4291318	cmp-a001-02-000000010764328	grp-a001-02-000000069047580	프로틴바	nad-a001-02-000000553654559	bsn-a001-00-000000013604308	22	04	768323	M	2	0	0	11	0
20260908	4291318	cmp-a001-02-000000010764328	grp-a001-02-000000069047580	프로틴바	nad-a001-02-000000553654558	bsn-a001-00-000000013604308	22	04	768323	M	2	0	0	4	0
20260908	4291318	cmp-a001-02-000000010764328	grp-a001-02-000000069047580	견과류	nad-a001-02-000000541753959	bsn-a001-00-000000013604308	22	02	8753	M	9	0	0	28	0
20260908	4291318	cmp-a001-02-000000010764328	grp-a001-02-000000069047580	견과류세트	nad-a001-02-000000541753999	bsn-a001-00-000000013604308	22	02	33421	M	1	0	0	1	0
20260908	4291318	cmp-a001-02-000000010764328	grp-a001-02-000000069047580	하루견과	nad-a001-02-000000541753960	bsn-a001-00-000000013604308	22	04	33421	M	3	0	0	6	0
20260908	4291318	cmp-a001-02-000000010764328	grp-a001-02-000000069047580	프로틴	nad-a001-02-000000553654562	bsn-a001-00-000000013604308	22	09	98128	M	1	0	0	1	0
20260908	4291318	cmp-a001-02-000000010764328	grp-a001-02-000000069047580	다이어트쉐이크	nad-a001-02-000000553654562	bsn-a001-00-000000013604308	22	13	529514	M	2	0	0	2	0
20260908	4291318	cmp-a001-02-000000010764328	grp-a001-02-000000069047580	하루견과	nad-a001-02-000000541753959	bsn-a001-00-000000013604308	22	99	684926	M	2	0	0	4	0
20260908	4291318	cmp-a001-02-000000010764328	grp-a001-02-000000069047580	하루견과	nad-a001-02-000000541753959	bsn-a001-00-000000013604308	22	02	529514	M	14	0	0	28	0
20260908	4291318	cmp-a001-02-000000010764328	grp-a001-02-000000069047580	견과류	nad-a001-02-000000541753959	bsn-a001-00-000000013604308	22	06	8753	M	2	0	0	7	0
20260908	4291318	cmp-a001-02-000000010764328	grp-a001-02-000000069047580	젤리	nad-a001-02-000000541753985	bsn-a001-00-000000013604308	22	16	33421	M	1	0	0	3	0
20260908	4291318	cmp-a001-02-000000010764328	grp-a001-02-000000069047580	프로틴쉐이크	nad-a001-02-000000553654562	bsn-a001-00-000000013604308	22	16	529514	M	1	0	0	1	0
20260908	4291318	cmp-a001-02-000000010764328	grp-a001-02-000000069047580	하루견과	nad-a001-02-000000541753999	bsn-a001-00-000000013604308	22	04	529514	M	2	0	0	2	0
20260908	4291318	cmp-a001-02-000000010764328	grp-a001-02-000000069047580	황성주생식	nad-a001-02-000000541753997	bsn-a001-00-000000013604308	22	13	8753	M	2	1	5675	2	0
20260908	4291318	cmp-a001-02-000000010764328	grp-a001-02-000000069047580	프로틴쉐이크	nad-a001-02-000000553654562	bsn-a001-00-000000013604308	22	11	98128	M	2	0	0	2	0
20260908	4291318	cmp-a001-02-000000010764328	grp-a001-02-000000069047580	견과류	nad-a001-02-000000541753959	bsn-a001-00-000000013604308	22	09	8753	M	5	0	0	15	0
20260908	4291318	cmp-a001-02-000000010764328	grp-a001-02-000000069047580	프로틴바	nad-a001-02-000000553654554	bsn-a001-00-000000013604308	22	07	768323	M	1	0	0	1	0
20260908	4291318	cmp-a001-02-000000010764328	grp-a001-02-000000069047580	프로틴	nad-a001-02-000000553654562	bsn-a001-00-000000013604308	22	04	529514	M	11	0	0	11	0
20260908	4291318	cmp-a001-02-000000010764328	grp-a001-02-000000069047580	견과류	nad-a001-02-000000541753999	bsn-a001-00-000000013604308	22	08	33421	M	1	0	0	2	0
20260908	4291318	cmp-a001-02-000000010764328	grp-a001-02-000000072573876	추석선물세트추천	nad-a001-02-000000573683835	bsn-a001-00-000000013604308	22	03	8753	M	2	0	0	6	0
20260908	4291318	cmp-a001-02-000000010764328	grp-a001-02-000000069047580	프로틴	nad-a001-02-000000553654562	bsn-a001-00-000000013604308	22	16	137281	M	1	0	0	1	0
20260908	4291318	cmp-a001-02-000000010764328	grp-a001-02-000000069047580	단백질바	nad-a001-02-000000553654559	bsn-a001-00-000000013604308	22	03	768323	M	1	0	0	7	0
20260908	4291318	cmp-a001-02-000000010764328	grp-a001-02-000000069047580	생식가루	nad-a001-02-000000541754005	bsn-a001-00-000000013604308	22	06	684926	M	1	0	0	4	0
20260908	4291318	cmp-a001-02-000000010764328	grp-a001-02-000000069047580	갓	nad-a001-02-000000541753999	bsn-a001-00-000000013604308	22	03	8753	M	1	0	0	2	0
20260908	4291318	cmp-a001-02-000000010764328	grp-a001-02-000000069047580	프로틴바	nad-a001-02-000000553654554	bsn-a001-00-000000013604308	22	09	768323	M	4	0	0	4	0
20260908	4291318	cmp-a001-02-000000010764328	grp-a001-02-000000072573876	명절선물	nad-a001-02-000000573683835	bsn-a001-00-000000013604308	22	03	529514	M	1	0	0	11	0
20260908	4291318	cmp-a001-02-000000010764328	grp-a001-02-000000069047580	하루견과	nad-a001-02-000000541753999	bsn-a001-00-000000013604308	22	11	87620	M	1	0	0	1	0
20260908	4291318	cmp-a001-02-000000010764328	grp-a001-02-000000069047580	다이어트쉐이크	nad-a001-02-000000553654562	bsn-a001-00-000000013604308	22	09	341898	M	1	0	0	6	0
20260908	4291318	cmp-a001-02-000000010764328	grp-a001-02-000000069047580	생식분말	nad-a001-02-000000541753996	bsn-a001-00-000000013604308	22	08	684926	M	1	0	0	4	0
20260908	4291318	cmp-a001-02-000000010764328	grp-a001-02-000000069047580	생식분말	nad-a001-02-000000541754004	bsn-a001-00-000000013604308	22	08	684926	M	1	0	0	1	0
20260908	4291318	cmp-a001-02-000000010764328	grp-a001-02-000000069047580	하루견과	nad-a001-02-000000541753999	bsn-a001-00-000000013604308	22	01	529514	M	4	0	0	4	0
20260908	4291318	cmp-a001-02-000000010764328	grp-a001-02-000000069047580	하루견과	nad-a001-02-000000541753999	bsn-a001-00-000000013604308	22	03	8753	M	3	0	0	3	0
20260908	4291318	cmp-a001-02-000000010764328	grp-a001-02-000000069047580	하루견과	nad-a001-02-000000541753959	bsn-a001-00-000000013604308	22	08	33421	M	2	0	0	7	0
20260908	4291318	cmp-a001-02-000000010764328	grp-a001-02-000000069047580	견과류	nad-a001-02-000000541753999	bsn-a001-00-000000013604308	22	04	8753	M	3	1	1793	6	0
20260908	4291318	cmp-a001-02-000000010764328	grp-a001-02-000000069047580	황성주생식	nad-a001-02-000000541753997	bsn-a001-00-000000013604308	22	09	8753	M	2	0	0	2	0
20260908	4291318	cmp-a001-02-000000010764328	grp-a001-02-000000069047580	에너지바	nad-a001-02-000000553654558	bsn-a001-00-000000013604308	22	00	8753	M	1	0	0	2	0
20260908	4291318	cmp-a001-02-000000010764328	grp-a001-02-000000069047580	단백질쉐이크	nad-a001-02-000000553654562	bsn-a001-00-000000013604308	22	04	98128	M	28	0	0	28	0
20260908	4291318	cmp-a001-02-000000010764328	grp-a001-02-000000069047580	하루견과	nad-a001-02-000000541753999	bsn-a001-00-000000013604308	22	08	33421	M	2	0	0	2	0
20260908	4291318	cmp-a001-02-000000010764328	grp-a001-02-000000072573876	추석선물세트추천	nad-a001-02-000000573683835	bsn-a001-00-000000013604308	22	09	8753	M	3	0	0	15	0
20260908	4291318	cmp-a001-02-000000010764328	grp-a001-02-000000069047580	가루	nad-a001-02-000000541754004	bsn-a001-00-000000013604308	22	07	8753	M	1	0	0	2	0
20260908	4291318	cmp-a001-02-000000010764328	grp-a001-02-000000069047580	견과류세트	nad-a001-02-000000541753960	bsn-a001-00-000000013604308	22	02	8753	M	2	0	0	7	0
20260908	4291318	cmp-a001-02-000000010764328	grp-a001-02-000000072573876	추석선물세트	nad-a001-02-000000573683834	bsn-a001-00-000000013604308	22	16	529514	M	8	0	0	17	0
20260908	4291318	cmp-a001-02-000000010764328	grp-a001-02-000000072573876	추석선물세트	nad-a001-02-000000573683834	bsn-a001-00-000000013604308	22	01	529514	M	6	0	0	12	0
20260908	4291318	cmp-a001-02-000000010764328	grp-a001-02-000000069047580	견과	nad-a001-02-000000541753999	bsn-a001-00-000000013604308	22	02	768323	M	1	0	0	1	0
20260908	4291318	cmp-a001-02-000000010764328	grp-a001-02-000000072573876	명절선물	nad-a001-02-000000573683835	bsn-a001-00-000000013604308	22	08	529514	M	3	0	0	33	0
20260908	4291318	cmp-a001-02-000000010764328	grp-a001-02-000000069047580	견과류추천	nad-a001-02-000000541753959	bsn-a001-00-000000013604308	22	07	684924	M	1	0	0	3	0
20260908	4291318	cmp-a001-02-000000010764328	grp-a001-02-000000069047580	하루견과	nad-a001-02-000000541753959	bsn-a001-00-000000013604308	22	01	529514	M	2	0	0	4	0
20260908	4291318	cmp-a001-02-000000010764328	grp-a001-02-000000069047580	에너지바	nad-a001-02-000000553654558	bsn-a001-00-000000013604308	22	08	87620	M	1	0	0	2	0
20260908	4291318	cmp-a001-02-000000010764328	grp-a001-02-000000069047580	프로틴	nad-a001-02-000000553654562	bsn-a001-00-000000013604308	22	03	768323	M	13	0	0	22	0
20260908	4291318	cmp-a001-02-000000010764328	grp-a001-02-000000069047580	단백질	nad-a001-02-000000553654562	bsn-a001-00-000000013604308	22	09	529514	M	16	0	0	30	0
20260908	4291318	cmp-a001-02-000000010764328	grp-a001-02-000000069047580	황성주생식	nad-a001-02-000000541754004	bsn-a001-00-000000013604308	22	04	8753	M	1	0	0	3	0
20260908	4291318	cmp-a001-02-000000010764328	grp-a001-02-000000069047580	견과류	nad-a001-02-000000541753960	bsn-a001-00-000000013604308	22	17	8753	M	3	0	0	11	0
20260908	4291318	cmp-a001-02-000000010764328	grp-a001-02-000000069047580	하루견과	nad-a001-02-000000541753959	bsn-a001-00-000000013604308	22	03	684924	M	1	0	0	1	0
20260908	4291318	cmp-a001-02-000000010764328	grp-a001-02-000000069047580	프로틴	nad-a001-02-000000553654562	bsn-a001-00-000000013604308	22	16	529514	M	50	0	0	50	0
20260908	4291318	cmp-a001-02-000000010764328	grp-a001-02-000000072573876	추석선물세트	nad-a001-02-000000573683835	bsn-a001-00-000000013604308	22	02	8753	M	13	0	0	38	0
20260908	4291318	cmp-a001-02-000000010764328	grp-a001-02-000000069047580	견과류	nad-a001-02-000000541753999	bsn-a001-00-000000013604308	22	16	8753	M	4	0	0	6	0
20260908	4291318	cmp-a001-02-000000010764328	grp-a001-02-000000069047580	견과세트	nad-a001-02-000000541753959	bsn-a001-00-000000013604308	22	11	768323	M	1	0	0	1	0
20260908	4291318	cmp-a001-02-000000010764328	grp-a001-02-000000069047580	견과류	nad-a001-02-000000541753999	bsn-a001-00-000000013604308	22	99	684926	M	3	0	0	3	0
20260908	4291318	cmp-a001-02-000000010764328	grp-a001-02-000000069047580	저칼로리단백질간식	nad-a001-02-000000553654554	bsn-a001-00-000000013604308	22	02	8753	M	1	0	0	1	0
20260908	4291318	cmp-a001-02-000000010764328	grp-a001-02-000000069047580	견과류	nad-a001-02-000000541753999	bsn-a001-00-000000013604308	22	03	8753	M	10	0	0	20	0
20260908	4291318	cmp-a001-02-000000010764328	grp-a001-02-000000069047580	견과류	nad-a001-02-000000541753960	bsn-a001-00-000000013604308	22	01	529514	M	16	0	0	45	0
20260908	4291318	cmp-a001-02-000000010764328	grp-a001-02-000000069047580	하루만	nad-a001-02-000000541753960	bsn-a001-00-000000013604308	22	03	529514	M	4	0	0	12	0
20260908	4291318	cmp-a001-02-000000010764328	grp-a001-02-000000069047580	프로틴	nad-a001-02-000000553654562	bsn-a001-00-000000013604308	22	09	137281	M	24	0	0	24	0
20260908	4291318	cmp-a001-02-000000010764328	grp-a001-02-000000069047580	견과류	nad-a001-02-000000541753999	bsn-a001-00-000000013604308	22	02	248824	P	1	0	0	2	0
20260908	4291318	cmp-a001-02-000000010764328	grp-a001-02-000000069047580	사탕젤리	nad-a001-02-000000541753985	bsn-a001-00-000000013604308	22	02	529514	M	2	0	0	4	0
20260908	4291318	cmp-a001-02-000000010764328	grp-a001-02-000000069047580	견과류	nad-a001-02-000000541753959	bsn-a001-00-000000013604308	22	06	529514	M	19	0	0	39	0
20260908	4291318	cmp-a001-02-000000010764328	grp-a001-02-000000069047580	견과류	nad-a001-02-000000541753999	bsn-a001-00-000000013604308	22	09	8753	M	8	0	0	16	0
20260908	4291318	cmp-a001-02-000000010764328	grp-a001-02-000000069047580	견과세트	nad-a001-02-000000541753999	bsn-a001-00-000000013604308	22	11	768323	M	1	0	0	2	0
20260908	4291318	cmp-a001-02-000000010764328	grp-a001-02-000000069047580	견과류	nad-a001-02-000000541753959	bsn-a001-00-000000013604308	22	15	529514	M	27	0	0	38	0
20260908	4291318	cmp-a001-02-000000010764328	grp-a001-02-000000069047580	사랑	nad-a001-02-000000553654558	bsn-a001-00-000000013604308	22	09	612594	M	2	0	0	16	0
20260908	4291318	cmp-a001-02-000000010764328	grp-a001-02-000000069047580	견과류	nad-a001-02-000000541753960	bsn-a001-00-000000013604308	22	09	798055	P	4	0	0	8	0
20260908	4291318	cmp-a001-02-000000010764328	grp-a001-02-000000072573876	추석선물세트	nad-a001-02-000000573683835	bsn-a001-00-000000013604308	22	08	33421	M	1	0	0	4	0
20260908	4291318	cmp-a001-02-000000010764328	grp-a001-02-000000069047580	하루	nad-a001-02-000000541753999	bsn-a001-00-000000013604308	22	02	98128	M	1	0	0	2	0
20260908	4291318	cmp-a001-02-000000010764328	grp-a001-02-000000069047580	견과류	nad-a001-02-000000541753960	bsn-a001-00-000000013604308	22	02	529514	M	176	0	0	440	0
20260908	4291318	cmp-a001-02-000000010764328	grp-a001-02-000000069047580	견과류세트	nad-a001-02-000000541753999	bsn-a001-00-000000013604308	22	03	684926	M	2	0	0	2	0
20260908	4291318	cmp-a001-02-000000010764328	grp-a001-02-000000069047580	단백질바	nad-a001-02-000000553654559	bsn-a001-00-000000013604308	22	99	529514	M	8	0	0	24	0
20260908	4291318	cmp-a001-02-000000010764328	grp-a001-02-000000069047580	프로틴쉐이크	nad-a001-02-000000553654562	bsn-a001-00-000000013604308	22	06	529514	M	10	0	0	10	0
20260908	4291318	cmp-a001-02-000000010764328	grp-a001-02-000000069047580	견과류	nad-a001-02-000000541753999	bsn-a001-00-000000013604308	22	07	684926	M	2	0	0	4	0
20260908	4291318	cmp-a001-02-000000010764328	grp-a001-02-000000069047580	프로틴바	nad-a001-02-000000553654559	bsn-a001-00-000000013604308	22	99	529514	M	23	0	0	89	0
20260908	4291318	cmp-a001-02-000000010764328	grp-a001-02-000000069047580	보충제	nad-a001-02-000000553654562	bsn-a001-00-000000013604308	22	09	137281	M	28	0	0	28	0
20260908	4291318	cmp-a001-02-000000010764328	grp-a001-02-000000069047580	프로틴바	nad-a001-02-000000553654554	bsn-a001-00-000000013604308	22	11	8753	M	1	0	0	4	0
20260908	4291318	cmp-a001-02-000000010764328	grp-a001-02-000000069047580	견과류순위	nad-a001-02-000000541753999	bsn-a001-00-000000013604308	22	08	8753	M	1	0	0	2	0
20260908	4291318	cmp-a001-02-000000010764328	grp-a001-02-000000069047580	견과류	nad-a001-02-000000541753999	bsn-a001-00-000000013604308	22	08	8753	M	3	0	0	5	0
20260908	4291318	cmp-a001-02-000000010764328	grp-a001-02-000000072573876	추석선물	nad-a001-02-000000573683835	bsn-a001-00-000000013604308	22	11	684927	P	2	0	0	18	0
20260908	4291318	cmp-a001-02-000000010764328	grp-a001-02-000000069047580	사랑이	nad-a001-02-000000553654554	bsn-a001-00-000000013604308	22	02	529514	M	2	0	0	3	0
20260908	4291318	cmp-a001-02-000000010764328	grp-a001-02-000000069047580	의외로견과류가아닌것	nad-a001-02-000000541753960	bsn-a001-00-000000013604308	22	09	8753	M	1	0	0	2	0
20260908	4291318	cmp-a001-02-000000010764328	grp-a001-02-000000069047580	견과	nad-a001-02-000000541753959	bsn-a001-00-000000013604308	22	02	684924	M	1	0	0	1	0
20260908	4291318	cmp-a001-02-000000010764328	grp-a001-02-000000069047580	견과류	nad-a001-02-000000541753999	bsn-a001-00-000000013604308	22	03	33421	M	2	0	0	3	0
20260908	4291318	cmp-a001-02-000000010764328	grp-a001-02-000000069047580	황성주생식라이프밀	nad-a001-02-000000541754004	bsn-a001-00-000000013604308	22	02	8753	M	2	0	0	4	0
20260908	4291318	cmp-a001-02-000000010764328	grp-a001-02-000000069047580	프로틴바	nad-a001-02-000000553654558	bsn-a001-00-000000013604308	22	99	529514	M	30	0	0	40	0
20260908	4291318	cmp-a001-02-000000010764328	grp-a001-02-000000069047580	황성주생식	nad-a001-02-000000541754005	bsn-a001-00-000000013604308	22	09	612594	M	1	0	0	4	0
20260908	4291318	cmp-a001-02-000000010764328	grp-a001-02-000000069047580	스토어	nad-a001-02-000000541753997	bsn-a001-00-000000013604308	22	09	98128	M	4	0	0	8	0
20260908	4291318	cmp-a001-02-000000010764328	grp-a001-02-000000069047580	단백질바	nad-a001-02-000000553654558	bsn-a001-00-000000013604308	22	03	8753	M	1	0	0	6	0
20260908	4291318	cmp-a001-02-000000010764328	grp-a001-02-000000069047580	견과세트	nad-a001-02-000000541753999	bsn-a001-00-000000013604308	22	02	27758	P	1	0	0	1	0
20260908	4291318	cmp-a001-02-000000010764328	grp-a001-02-000000069047580	한끼견과류	nad-a001-02-000000541753999	bsn-a001-00-000000013604308	22	04	8753	M	1	0	0	1	0
20260908	4291318	cmp-a001-02-000000010764328	grp-a001-02-000000069047580	젤리	nad-a001-02-000000541753985	bsn-a001-00-000000013604308	22	15	529514	M	1	0	0	1	0
20260908	4291318	cmp-a001-02-000000010764328	grp-a001-02-000000069047580	견과류추천	nad-a001-02-000000541753960	bsn-a001-00-000000013604308	22	08	8753	M	1	0	0	5	0
20260908	4291318	cmp-a001-02-000000010764328	grp-a001-02-000000069047580	프로틴	nad-a001-02-000000553654562	bsn-a001-00-000000013604308	22	10	529514	M	3	0	0	3	0
20260908	4291318	cmp-a001-02-000000010764328	grp-a001-02-000000069047580	견과류	nad-a001-02-000000541753960	bsn-a001-00-000000013604308	22	04	529514	M	25	0	0	57	0
20260908	4291318	cmp-a001-02-000000010764328	grp-a001-02-000000069047580	견과류믹스헤이즐넛	nad-a001-02-000000541753960	bsn-a001-00-000000013604308	22	02	341898	M	1	0	0	1	0
20260908	4291318	cmp-a001-02-000000010764328	grp-a001-02-000000069047580	견과류세트	nad-a001-02-000000541753959	bsn-a001-00-000000013604308	22	02	8753	M	1	0	0	5	0
20260908	4291318	cmp-a001-02-000000010764328	grp-a001-02-000000069047580	황성주생식	nad-a001-02-000000541754005	bsn-a001-00-000000013604308	22	09	529514	M	3	0	0	12	0
20260908	4291318	cmp-a001-02-000000010764328	grp-a001-02-000000069047580	미니견과	nad-a001-02-000000541753959	bsn-a001-00-000000013604308	22	99	8753	M	1	0	0	3	0
20260908	4291318	cmp-a001-02-000000010764328	grp-a001-02-000000069047580	쉐이크	nad-a001-02-000000553654562	bsn-a001-00-000000013604308	22	00	529514	M	7	0	0	13	0
20260908	4291318	cmp-a001-02-000000010764328	grp-a001-02-000000069047580	견과류2살먹어도	nad-a001-02-000000541753959	bsn-a001-00-000000013604308	22	09	8753	M	1	0	0	4	0
20260908	4291318	cmp-a001-02-000000010764328	grp-a001-02-000000069047580	단백질	nad-a001-02-000000553654562	bsn-a001-00-000000013604308	22	18	529514	M	4	0	0	6	0
20260908	4291318	cmp-a001-02-000000010764328	grp-a001-02-000000069047580	추석선물세트추천	nad-a001-02-000000541753960	bsn-a001-00-000000013604308	22	07	341898	M	1	0	0	1	0
20260908	4291318	cmp-a001-02-000000010764328	grp-a001-02-000000069047580	견과류신선하게보관하는방법	nad-a001-02-000000541753999	bsn-a001-00-000000013604308	22	02	8753	M	1	0	0	1	0
20260908	4291318	cmp-a001-02-000000010764328	grp-a001-02-000000069047580	생식가루	nad-a001-02-000000541753996	bsn-a001-00-000000013604308	22	06	684926	M	1	0	0	3	0
20260908	4291318	cmp-a001-02-000000010764328	grp-a001-02-000000069047580	프로틴	nad-a001-02-000000553654562	bsn-a001-00-000000013604308	22	13	529514	M	2	0	0	2	0
20260908	4291318	cmp-a001-02-000000010764328	grp-a001-02-000000069047580	견과류세트	nad-a001-02-000000541753959	bsn-a001-00-000000013604308	22	03	8753	M	1	0	0	6	0
20260908	4291318	cmp-a001-02-000000010764328	grp-a001-02-000000069047580	KASHI에너지바	nad-a001-02-000000553654558	bsn-a001-00-000000013604308	22	09	8753	M	1	0	0	2	0
20260908	4291318	cmp-a001-02-000000010764328	grp-a001-02-000000069047580	프로틴바	nad-a001-02-000000553654558	bsn-a001-00-000000013604308	22	09	23123	P	2	0	0	4	0
20260908	4291318	cmp-a001-02-000000010764328	grp-a001-02-000000069047580	황성주생식	nad-a001-02-000000541753997	bsn-a001-00-000000013604308	22	08	8753	M	1	0	0	1	0
20260908	4291318	cmp-a001-02-000000010764328	grp-a001-02-000000069047580	생식가루	nad-a001-02-000000541754004	bsn-a001-00-000000013604308	22	06	684926	M	1	1	5056	1	0
20260908	4291318	cmp-a001-02-000000010764328	grp-a001-02-000000069047580	단백질식이섬유파우더	nad-a001-02-000000553654562	bsn-a001-00-000000013604308	22	02	8753	M	1	0	0	12	0
20260908	4291318	cmp-a001-02-000000010764328	grp-a001-02-000000069047580	하루견과	nad-a001-02-000000541753999	bsn-a001-00-000000013604308	22	14	633013	M	2	0	0	2	0
20260908	4291318	cmp-a001-02-000000010764328	grp-a001-02-000000069047580	견과류	nad-a001-02-000000541753999	bsn-a001-00-000000013604308	22	03	768323	M	1	0	0	2	0
20260908	4291318	cmp-a001-02-000000010764328	grp-a001-02-000000069047580	코코볼시리얼바	nad-a001-02-000000553654558	bsn-a001-00-000000013604308	22	15	8753	M	1	0	0	3	0
20260908	4291318	cmp-a001-02-000000010764328	grp-a001-02-000000069047580	견과류세트	nad-a001-02-000000541753960	bsn-a001-00-000000013604308	22	18	8753	M	1	0	0	2	0
20260908	4291318	cmp-a001-02-000000010764328	grp-a001-02-000000069047580	프로틴바20개입	nad-a001-02-000000553654558	bsn-a001-00-000000013604308	22	11	8753	M	1	0	0	3	0
20260908	4291318	cmp-a001-02-000000010764328	grp-a001-02-000000069047580	단백질바	nad-a001-02-000000553654558	bsn-a001-00-000000013604308	22	11	8753	M	1	0	0	6	0
20260908	4291318	cmp-a001-02-000000010764328	grp-a001-02-000000069047580	견과	nad-a001-02-000000541753999	bsn-a001-00-000000013604308	22	99	8753	M	1	0	0	1	0
20260908	4291318	cmp-a001-02-000000010764328	grp-a001-02-000000072573876	추석선물세트	nad-a001-02-000000573683834	bsn-a001-00-000000013604308	22	04	33421	M	1	0	0	1	0
20260908	4291318	cmp-a001-02-000000010764328	grp-a001-02-000000069047580	프로틴바	nad-a001-02-000000553654554	bsn-a001-00-000000013604308	22	02	27758	P	2	0	0	4	0
20260908	4291318	cmp-a001-02-000000010764328	grp-a001-02-000000069047580	황성주생식라이프밀	nad-a001-02-000000541754004	bsn-a001-00-000000013604308	22	15	684924	M	1	0	0	1	0
20260908	4291318	cmp-a001-02-000000010764328	grp-a001-02-000000069047580	견과류	nad-a001-02-000000541753999	bsn-a001-00-000000013604308	22	09	798055	P	4	0	0	4	0
20260908	4291318	cmp-a001-02-000000010764328	grp-a001-02-000000069047580	프로틴바	nad-a001-02-000000553654554	bsn-a001-00-000000013604308	22	04	768323	M	2	0	0	2	0
20260908	4291318	cmp-a001-02-000000010764328	grp-a001-02-000000069047580	에너지바	nad-a001-02-000000553654558	bsn-a001-00-000000013604308	22	02	23123	P	1	0	0	2	0
20260908	4291318	cmp-a001-02-000000010764328	grp-a001-02-000000069047580	단백질	nad-a001-02-000000553654562	bsn-a001-00-000000013604308	22	06	137281	M	1	0	0	2	0
20260908	4291318	cmp-a001-02-000000010764328	grp-a001-02-000000069047580	제리	nad-a001-02-000000541753985	bsn-a001-00-000000013604308	22	09	98128	M	2	0	0	2	0
20260908	4291318	cmp-a001-02-000000010764328	grp-a001-02-000000069047580	프로틴	nad-a001-02-000000553654562	bsn-a001-00-000000013604308	22	02	684926	M	1	0	0	12	0
20260908	4291318	cmp-a001-02-000000010764328	grp-a001-02-000000069047580	에너지바	nad-a001-02-000000553654559	bsn-a001-00-000000013604308	22	10	684926	M	2	0	0	4	0
20260908	4291318	cmp-a001-02-000000010764328	grp-a001-02-000000069047580	하루견과	nad-a001-02-000000541753960	bsn-a001-00-000000013604308	22	18	8753	M	3	0	0	9	0
20260908	4291318	cmp-a001-02-000000010764328	grp-a001-02-000000069047580	프로틴바	nad-a001-02-000000553654554	bsn-a001-00-000000013604308	22	02	98128	M	1	0	0	1	0
20260908	4291318	cmp-a001-02-000000010764328	grp-a001-02-000000069047580	견과류	nad-a001-02-000000541753959	bsn-a001-00-000000013604308	22	07	529514	M	10	0	0	20	0
20260908	4291318	cmp-a001-02-000000010764328	grp-a001-02-000000069047580	사탕젤리	nad-a001-02-000000541753985	bsn-a001-00-000000013604308	22	15	23123	P	2	0	0	10	0
20260908	4291318	cmp-a001-02-000000010764328	grp-a001-02-000000069047580	식품브랜드	nad-a001-02-000000541753959	bsn-a001-00-000000013604308	22	09	529514	M	6	0	0	8	0
20260908	4291318	cmp-a001-02-000000010764328	grp-a001-02-000000069047580	견과	nad-a001-02-000000541753959	bsn-a001-00-000000013604308	22	02	8753	M	1	0	0	3	0
20260908	4291318	cmp-a001-02-000000010764328	grp-a001-02-000000069047580	단백질바성분가성비	nad-a001-02-000000553654558	bsn-a001-00-000000013604308	22	02	8753	M	1	0	0	5	0
20260908	4291318	cmp-a001-02-000000010764328	grp-a001-02-000000069047580	스토어	nad-a001-02-000000541753997	bsn-a001-00-000000013604308	22	11	98128	M	1	0	0	2	0
20260908	4291318	cmp-a001-02-000000010764328	grp-a001-02-000000069047580	견과류	nad-a001-02-000000541753999	bsn-a001-00-000000013604308	22	09	612593	P	1	0	0	2	0
20260908	4291318	cmp-a001-02-000000010764328	grp-a001-02-000000069047580	프로틴	nad-a001-02-000000553654562	bsn-a001-00-000000013604308	22	14	529514	M	8	0	0	8	0
20260908	4291318	cmp-a001-02-000000010764328	grp-a001-02-000000069047580	견과류	nad-a001-02-000000541753999	bsn-a001-00-000000013604308	22	17	8753	M	3	0	0	6	0
20260908	4291318	cmp-a001-02-000000010764328	grp-a001-02-000000069047580	하루견과	nad-a001-02-000000541753960	bsn-a001-00-000000013604308	22	08	341898	M	1	0	0	1	0
20260908	4291318	cmp-a001-02-000000010764328	grp-a001-02-000000069047580	견과류세트	nad-a001-02-000000541753999	bsn-a001-00-000000013604308	22	03	8753	M	3	0	0	3	0
20260908	4291318	cmp-a001-02-000000010764328	grp-a001-02-000000072573876	추석선물	nad-a001-02-000000573683835	bsn-a001-00-000000013604308	22	04	529514	M	3	0	0	45	0
20260908	4291318	cmp-a001-02-000000010764328	grp-a001-02-000000069047580	베스트넛츠프리미엄안성	nad-a001-02-000000541753959	bsn-a001-00-000000013604308	22	02	341898	M	1	0	0	1	0
20260908	4291318	cmp-a001-02-000000010764328	grp-a001-02-000000069047580	단백질프로틴바	nad-a001-02-000000553654559	bsn-a001-00-000000013604308	22	02	98128	M	1	0	0	5	0
20260908	4291318	cmp-a001-02-000000010764328	grp-a001-02-000000069047580	다이어트쉐이크	nad-a001-02-000000553654562	bsn-a001-00-000000013604308	22	18	529514	M	2	0	0	2	0
20260908	4291318	cmp-a001-02-000000010764328	grp-a001-02-000000072573876	추석선물세트	nad-a001-02-000000573683835	bsn-a001-00-000000013604308	22	09	33421	M	1	0	0	5	0
20260908	4291318	cmp-a001-02-000000010764328	grp-a001-02-000000069047580	스토어	nad-a001-02-000000541753997	bsn-a001-00-000000013604308	22	18	98128	M	2	0	0	4	0
20260908	4291318	cmp-a001-02-000000010764328	grp-a001-02-000000069047580	사랑이	nad-a001-02-000000553654558	bsn-a001-00-000000013604308	22	02	529514	M	2	0	0	6	0
20260908	4291318	cmp-a001-02-000000010764328	grp-a001-02-000000069047580	견과류	nad-a001-02-000000541753959	bsn-a001-00-000000013604308	22	99	529514	M	43	0	0	86	0
20260908	4291318	cmp-a001-02-000000010764328	grp-a001-02-000000072573876	추석선물세트	nad-a001-02-000000573683835	bsn-a001-00-000000013604308	22	01	529514	M	4	0	0	10	0
20260908	4291318	cmp-a001-02-000000010764328	grp-a001-02-000000069047580	프로틴	nad-a001-02-000000553654562	bsn-a001-00-000000013604308	22	10	768323	M	11	0	0	19	0
20260908	4291318	cmp-a001-02-000000010764328	grp-a001-02-000000072573876	추석선물세트	nad-a001-02-000000573683835	bsn-a001-00-000000013604308	22	16	529514	M	6	0	0	14	0
20260908	4291318	cmp-a001-02-000000010764328	grp-a001-02-000000069047580	프로틴쉐이크	nad-a001-02-000000553654562	bsn-a001-00-000000013604308	22	07	529514	M	2	0	0	2	0
20260908	4291318	cmp-a001-02-000000010764328	grp-a001-02-000000072573876	추석선물	nad-a001-02-000000573683835	bsn-a001-00-000000013604308	22	07	529514	M	3	0	0	45	0
20260908	4291318	cmp-a001-02-000000010764328	grp-a001-02-000000069047580	프로틴	nad-a001-02-000000553654562	bsn-a001-00-000000013604308	22	16	768323	M	3	0	0	5	0
20260908	4291318	cmp-a001-02-000000010764328	grp-a001-02-000000069047580	견과류	nad-a001-02-000000541753999	bsn-a001-00-000000013604308	22	10	33421	M	2	0	0	4	0
20260908	4291318	cmp-a001-02-000000010764328	grp-a001-02-000000069047580	하루견과	nad-a001-02-000000541753960	bsn-a001-00-000000013604308	22	02	87620	M	5	0	0	10	0
20260908	4291318	cmp-a001-02-000000010764328	grp-a001-02-000000072573876	추석선물세트	nad-a001-02-000000573683834	bsn-a001-00-000000013604308	22	06	8753	M	1	0	0	6	0
20260908	4291318	cmp-a001-02-000000010764328	grp-a001-02-000000069047580	식품브랜드	nad-a001-02-000000541753999	bsn-a001-00-000000013604308	22	09	529514	M	6	0	0	11	0
20260908	4291318	cmp-a001-02-000000010764328	grp-a001-02-000000069047580	견과세트	nad-a001-02-000000541753999	bsn-a001-00-000000013604308	22	15	768323	M	3	0	0	4	0
20260908	4291318	cmp-a001-02-000000010764328	grp-a001-02-000000069047580	황성주생식	nad-a001-02-000000541753996	bsn-a001-00-000000013604308	22	07	8753	M	1	0	0	3	0
20260908	4291318	cmp-a001-02-000000010764328	grp-a001-02-000000069047580	단백질쉐이크	nad-a001-02-000000553654562	bsn-a001-00-000000013604308	22	09	98128	M	5	0	0	5	0
20260908	4291318	cmp-a001-02-000000010764328	grp-a001-02-000000069047580	하루견과	nad-a001-02-000000541753960	bsn-a001-00-000000013604308	22	02	529514	M	26	0	0	66	0
20260908	4291318	cmp-a001-02-000000010764328	grp-a001-02-000000069047580	하루	nad-a001-02-000000541753960	bsn-a001-00-000000013604308	22	99	137281	M	2	0	0	2	0
20260908	4291318	cmp-a001-02-000000010764328	grp-a001-02-000000069047580	견과류세트	nad-a001-02-000000541753960	bsn-a001-00-000000013604308	22	03	684926	M	2	0	0	4	0
20260908	4291318	cmp-a001-02-000000010764328	grp-a001-02-000000069047580	견과류	nad-a001-02-000000541753960	bsn-a001-00-000000013604308	22	15	27758	P	1	0	0	3	0
20260908	4291318	cmp-a001-02-000000010764328	grp-a001-02-000000069047580	아이허브에너지바	nad-a001-02-000000553654554	bsn-a001-00-000000013604308	22	09	8753	M	1	0	0	2	0
20260908	4291318	cmp-a001-02-000000010764328	grp-a001-02-000000069047580	젤리	nad-a001-02-000000541753985	bsn-a001-00-000000013604308	22	11	8753	M	1	0	0	6	0
20260908	4291318	cmp-a001-02-000000010764328	grp-a001-02-000000069047580	견과류	nad-a001-02-000000541753999	bsn-a001-00-000000013604308	22	14	529514	M	6	0	0	6	0
20260908	4291318	cmp-a001-02-000000010764328	grp-a001-02-000000069047580	견과류추천	nad-a001-02-000000541753999	bsn-a001-00-000000013604308	22	07	33421	M	3	0	0	3	0
20260908	4291318	cmp-a001-02-000000010764328	grp-a001-02-000000069047580	견과류	nad-a001-02-000000541753960	bsn-a001-00-000000013604308	22	08	33421	M	1	0	0	3	0
20260908	4291318	cmp-a001-02-000000010764328	grp-a001-02-000000069047580	견과류	nad-a001-02-000000541753960	bsn-a001-00-000000013604308	22	08	529514	M	36	0	0	94	0
20260908	4291318	cmp-a001-02-000000010764328	grp-a001-02-000000069047580	임산부견과류	nad-a001-02-000000541753960	bsn-a001-00-000000013604308	22	11	341898	M	1	0	0	1	0
20260908	4291318	cmp-a001-02-000000010764328	grp-a001-02-000000069047580	단백질보충제	nad-a001-02-000000553654562	bsn-a001-00-000000013604308	22	09	87620	M	1	0	0	1	0
20260908	4291318	cmp-a001-02-000000010764328	grp-a001-02-000000069047580	다이어트쉐이크	nad-a001-02-000000553654562	bsn-a001-00-000000013604308	22	08	529514	M	4	0	0	4	0
20260908	4291318	cmp-a001-02-000000010764328	grp-a001-02-000000069047580	하루견과	nad-a001-02-000000541753960	bsn-a001-00-000000013604308	22	14	633013	M	2	0	0	4	0
20260908	4291318	cmp-a001-02-000000010764328	grp-a001-02-000000069047580	황성주생식	nad-a001-02-000000541754004	bsn-a001-00-000000013604308	22	07	8753	M	1	0	0	2	0
20260908	4291318	cmp-a001-02-000000010764328	grp-a001-02-000000069047580	견과류	nad-a001-02-000000541753999	bsn-a001-00-000000013604308	22	08	529514	M	36	0	0	37	0
20260908	4291318	cmp-a001-02-000000010764328	grp-a001-02-000000069047580	하루견과	nad-a001-02-000000541753999	bsn-a001-00-000000013604308	22	99	633013	M	2	0	0	4	0
20260908	4291318	cmp-a001-02-000000010764328	grp-a001-02-000000069047580	다이어트쉐이크	nad-a001-02-000000553654562	bsn-a001-00-000000013604308	22	11	529514	M	8	0	0	8	0
20260908	4291318	cmp-a001-02-000000010764328	grp-a001-02-000000069047580	프로틴	nad-a001-02-000000553654562	bsn-a001-00-000000013604308	22	99	137281	M	3	0	0	3	0
20260908	4291318	cmp-a001-02-000000010764328	grp-a001-02-000000069047580	단백질바	nad-a001-02-000000553654558	bsn-a001-00-000000013604308	22	08	529514	M	13	0	0	23	0
20260908	4291318	cmp-a001-02-000000010764328	grp-a001-02-000000069047580	에너지바	nad-a001-02-000000553654554	bsn-a001-00-000000013604308	22	09	23123	P	1	0	0	1	0
20260908	4291318	cmp-a001-02-000000010764328	grp-a001-02-000000069047580	단백질바	nad-a001-02-000000553654558	bsn-a001-00-000000013604308	22	04	8753	M	1	0	0	6	0
20260908	4291318	cmp-a001-02-000000010764328	grp-a001-02-000000069047580	에너지바	nad-a001-02-000000553654554	bsn-a001-00-000000013604308	22	00	27758	P	1	0	0	1	0
20260908	4291318	cmp-a001-02-000000010764328	grp-a001-02-000000069047580	견과	nad-a001-02-000000541753959	bsn-a001-00-000000013604308	22	02	768323	M	1	0	0	2	0
20260908	4291318	cmp-a001-02-000000010764328	grp-a001-02-000000072573876	추석선물세트	nad-a001-02-000000573683834	bsn-a001-00-000000013604308	22	08	8753	M	2	0	0	19	0
20260908	4291318	cmp-a001-02-000000010764328	grp-a001-02-000000069047580	단백질바	nad-a001-02-000000553654558	bsn-a001-00-000000013604308	22	11	33421	M	1	0	0	9	0
20260908	4291318	cmp-a001-02-000000010764328	grp-a001-02-000000069047580	에너지바효능	nad-a001-02-000000553654558	bsn-a001-00-000000013604308	22	02	8753	M	1	0	0	2	0
20260908	4291318	cmp-a001-02-000000010764328	grp-a001-02-000000069047580	단백질보충제	nad-a001-02-000000553654562	bsn-a001-00-000000013604308	22	13	529514	M	2	0	0	4	0
20260908	4291318	cmp-a001-02-000000010764328	grp-a001-02-000000069047580	견과류	nad-a001-02-000000541753999	bsn-a001-00-000000013604308	22	18	529514	M	39	0	0	43	0
20260908	4291318	cmp-a001-02-000000010764328	grp-a001-02-000000069047580	사랑	nad-a001-02-000000553654558	bsn-a001-00-000000013604308	22	01	98128	M	2	0	0	8	0
20260908	4291318	cmp-a001-02-000000010764328	grp-a001-02-000000069047580	단백질바	nad-a001-02-000000553654558	bsn-a001-00-000000013604308	22	06	8753	M	1	0	0	4	0
20260908	4291318	cmp-a001-02-000000010764328	grp-a001-02-000000069047580	단백질바	nad-a001-02-000000553654554	bsn-a001-00-000000013604308	22	11	529514	M	2	0	0	2	0
20260908	4291318	cmp-a001-02-000000010764328	grp-a001-02-000000069047580	프로틴	nad-a001-02-000000553654562	bsn-a001-00-000000013604308	22	11	768323	M	8	0	0	13	0
20260908	4291318	cmp-a001-02-000000010764328	grp-a001-02-000000069047580	견과류	nad-a001-02-000000541753959	bsn-a001-00-000000013604308	22	01	529514	M	13	0	0	25	0
20260908	4291318	cmp-a001-02-000000010764328	grp-a001-02-000000069047580	에너지바	nad-a001-02-000000553654558	bsn-a001-00-000000013604308	22	18	8753	M	1	0	0	4	0
20260908	4291318	cmp-a001-02-000000010764328	grp-a001-02-000000069047580	견과류	nad-a001-02-000000541753959	bsn-a001-00-000000013604308	22	15	8753	M	2	0	0	8	0
20260908	4291318	cmp-a001-02-000000010764328	grp-a001-02-000000069047580	견과류	nad-a001-02-000000541753960	bsn-a001-00-000000013604308	22	15	8753	M	4	0	0	12	0
20260908	4291318	cmp-a001-02-000000010764328	grp-a001-02-000000069047580	프로틴바	nad-a001-02-000000553654558	bsn-a001-00-000000013604308	22	16	529514	M	2	0	0	2	0
20260908	4291318	cmp-a001-02-000000010764328	grp-a001-02-000000072573876	추석선물세트	nad-a001-02-000000573683835	bsn-a001-00-000000013604308	22	08	8753	M	2	0	0	5	0
20260908	4291318	cmp-a001-02-000000010764328	grp-a001-02-000000069047580	프로틴	nad-a001-02-000000553654562	bsn-a001-00-000000013604308	22	17	768323	M	1	0	0	2	0
20260908	4291318	cmp-a001-02-000000010764328	grp-a001-02-000000069047580	견과류추천	nad-a001-02-000000541753999	bsn-a001-00-000000013604308	22	03	8753	M	1	0	0	1	0
20260908	4291318	cmp-a001-02-000000010764328	grp-a001-02-000000069047580	견과류	nad-a001-02-000000541753960	bsn-a001-00-000000013604308	22	02	633013	M	1	0	0	1	0
20260908	4291318	cmp-a001-02-000000010764328	grp-a001-02-000000069047580	사랑	nad-a001-02-000000553654558	bsn-a001-00-000000013604308	22	08	98128	M	4	0	0	16	0
20260908	4291318	cmp-a001-02-000000010764328	grp-a001-02-000000069047580	스토어	nad-a001-02-000000541753997	bsn-a001-00-000000013604308	22	03	98128	M	2	0	0	4	0
20260908	4291318	cmp-a001-02-000000010764328	grp-a001-02-000000069047580	쉐이크	nad-a001-02-000000553654562	bsn-a001-00-000000013604308	22	13	529514	M	8	0	0	13	0
20260908	4291318	cmp-a001-02-000000010764328	grp-a001-02-000000069047580	에너지바	nad-a001-02-000000553654554	bsn-a001-00-000000013604308	22	00	8753	M	1	0	0	1	0
20260908	4291318	cmp-a001-02-000000010764328	grp-a001-02-000000069047580	단백질	nad-a001-02-000000553654562	bsn-a001-00-000000013604308	22	02	768323	M	1	0	0	1	0
20260908	4291318	cmp-a001-02-000000010764328	grp-a001-02-000000069047580	견과류	nad-a001-02-000000541753999	bsn-a001-00-000000013604308	22	10	529514	M	9	0	0	9	0
20260908	4291318	cmp-a001-02-000000010764328	grp-a001-02-000000069047580	견과류	nad-a001-02-000000541753999	bsn-a001-00-000000013604308	22	13	8753	M	4	0	0	8	0
20260908	4291318	cmp-a001-02-000000010764328	grp-a001-02-000000072573876	추석선물	nad-a001-02-000000573683835	bsn-a001-00-000000013604308	22	03	529514	M	25	0	0	358	0
20260908	4291318	cmp-a001-02-000000010764328	grp-a001-02-000000069047580	견과류	nad-a001-02-000000541753959	bsn-a001-00-000000013604308	22	04	684926	M	1	0	0	3	0
20260908	4291318	cmp-a001-02-000000010764328	grp-a001-02-000000072573876	추석선물세트	nad-a001-02-000000573683835	bsn-a001-00-000000013604308	22	09	8753	M	5	0	0	18	0
20260908	4291318	cmp-a001-02-000000010764328	grp-a001-02-000000069047580	보충제	nad-a001-02-000000553654562	bsn-a001-00-000000013604308	22	02	335738	P	1	0	0	5	0
20260908	4291318	cmp-a001-02-000000010764328	grp-a001-02-000000069047580	하루견과	nad-a001-02-000000541753999	bsn-a001-00-000000013604308	22	10	684925	P	1	0	0	1	0
20260908	4291318	cmp-a001-02-000000010764328	grp-a001-02-000000069047580	갓	nad-a001-02-000000541753999	bsn-a001-00-000000013604308	22	04	684925	P	1	0	0	1	0
20260908	4291318	cmp-a001-02-000000010764328	grp-a001-02-000000069047580	견과세트	nad-a001-02-000000541753959	bsn-a001-00-000000013604308	22	02	768323	M	9	0	0	9	0
20260908	4291318	cmp-a001-02-000000010764328	grp-a001-02-000000069047580	견과세트	nad-a001-02-000000541753999	bsn-a001-00-000000013604308	22	18	768323	M	1	0	0	2	0
20260908	4291318	cmp-a001-02-000000010764328	grp-a001-02-000000069047580	프로틴쉐이크	nad-a001-02-000000553654562	bsn-a001-00-000000013604308	22	02	529514	M	49	0	0	49	0
20260908	4291318	cmp-a001-02-000000010764328	grp-a001-02-000000069047580	하루견과	nad-a001-02-000000541753999	bsn-a001-00-000000013604308	22	17	8753	M	1	0	0	1	0
20260908	4291318	cmp-a001-02-000000010764328	grp-a001-02-000000069047580	견과류추천	nad-a001-02-000000541753959	bsn-a001-00-000000013604308	22	02	8753	M	1	0	0	4	0
20260908	4291318	cmp-a001-02-000000010764328	grp-a001-02-000000069047580	단백질	nad-a001-02-000000553654562	bsn-a001-00-000000013604308	22	07	633013	M	2	0	0	2	0
20260908	4291318	cmp-a001-02-000000010764328	grp-a001-02-000000069047580	저칼로리단백질간식	nad-a001-02-000000553654558	bsn-a001-00-000000013604308	22	02	8753	M	1	0	0	2	0
20260908	4291318	cmp-a001-02-000000010764328	grp-a001-02-000000069047580	프로틴	nad-a001-02-000000553654562	bsn-a001-00-000000013604308	22	08	768323	M	11	0	0	12	0
20260908	4291318	cmp-a001-02-000000010764328	grp-a001-02-000000069047580	견과류	nad-a001-02-000000541753999	bsn-a001-00-000000013604308	22	09	684927	P	1	0	0	1	0
20260908	4291318	cmp-a001-02-000000010764328	grp-a001-02-000000069047580	하루견과	nad-a001-02-000000541753960	bsn-a001-00-000000013604308	22	04	8753	M	4	0	0	11	0
20260908	4291318	cmp-a001-02-000000010764328	grp-a001-02-000000069047580	하루견과	nad-a001-02-000000541753959	bsn-a001-00-000000013604308	22	02	27758	P	2	0	0	6	0
20260908	4291318	cmp-a001-02-000000010764328	grp-a001-02-000000069047580	인기견과류	nad-a001-02-000000541753959	bsn-a001-00-000000013604308	22	04	684926	M	1	0	0	4	0
20260908	4291318	cmp-a001-02-000000010764328	grp-a001-02-000000069047580	견과류	nad-a001-02-000000541753960	bsn-a001-00-000000013604308	22	18	529514	M	36	0	0	93	0
20260908	4291318	cmp-a001-02-000000010764328	grp-a001-02-000000069047580	견과류	nad-a001-02-000000541753999	bsn-a001-00-000000013604308	22	07	529514	M	19	0	0	20	0
20260908	4291318	cmp-a001-02-000000010764328	grp-a001-02-000000069047580	단백질보충제	nad-a001-02-000000553654562	bsn-a001-00-000000013604308	22	00	23123	P	1	0	0	1	0
20260908	4291318	cmp-a001-02-000000010764328	grp-a001-02-000000069047580	하루견과	nad-a001-02-000000541753999	bsn-a001-00-000000013604308	22	02	684926	M	5	0	0	5	0
20260908	4291318	cmp-a001-02-000000010764328	grp-a001-02-000000069047580	프로틴바	nad-a001-02-000000553654558	bsn-a001-00-000000013604308	22	08	529514	M	2	0	0	4	0
20260908	4291318	cmp-a001-02-000000010764328	grp-a001-02-000000069047580	하루견과	nad-a001-02-000000541753999	bsn-a001-00-000000013604308	22	09	633013	M	1	0	0	1	0
20260908	4291318	cmp-a001-02-000000010764328	grp-a001-02-000000069047580	쉐이크	nad-a001-02-000000553654562	bsn-a001-00-000000013604308	22	08	529514	M	27	0	0	50	0
20260908	4291318	cmp-a001-02-000000010764328	grp-a001-02-000000069047580	하루견과선물세트	nad-a001-02-000000541753999	bsn-a001-00-000000013604308	22	02	684926	M	1	0	0	1	0
20260908	4291318	cmp-a001-02-000000010764328	grp-a001-02-000000069047580	쉐이크	nad-a001-02-000000553654562	bsn-a001-00-000000013604308	22	03	529514	M	9	0	0	14	0
20260908	4291318	cmp-a001-02-000000010764328	grp-a001-02-000000069047580	하루	nad-a001-02-000000541753960	bsn-a001-00-000000013604308	22	03	98128	M	3	0	0	7	0
20260908	4291318	cmp-a001-02-000000010764328	grp-a001-02-000000069047580	가루	nad-a001-02-000000541754005	bsn-a001-00-000000013604308	22	01	8753	M	1	0	0	4	0
20260908	4291318	cmp-a001-02-000000010764328	grp-a001-02-000000069047580	하루견과	nad-a001-02-000000541753960	bsn-a001-00-000000013604308	22	18	341898	M	2	0	0	2	0
20260908	4291318	cmp-a001-02-000000010764328	grp-a001-02-000000072573876	추석선물세트추천	nad-a001-02-000000573683835	bsn-a001-00-000000013604308	22	17	8753	M	1	0	0	6	0
20260908	4291318	cmp-a001-02-000000010764328	grp-a001-02-000000069047580	하루견과	nad-a001-02-000000541753960	bsn-a001-00-000000013604308	22	09	529514	M	20	0	0	48	0
20260908	4291318	cmp-a001-02-000000010764328	grp-a001-02-000000069047580	추석선물세트	nad-a001-02-000000541753960	bsn-a001-00-000000013604308	22	02	341898	M	3	0	0	3	0
20260908	4291318	cmp-a001-02-000000010764328	grp-a001-02-000000069047580	단백질쉐이크	nad-a001-02-000000553654562	bsn-a001-00-000000013604308	22	11	98128	M	4	0	0	4	0
20260908	4291318	cmp-a001-02-000000010764328	grp-a001-02-000000069047580	사랑	nad-a001-02-000000553654559	bsn-a001-00-000000013604308	22	02	612593	P	1	0	0	22	0
20260908	4291318	cmp-a001-02-000000010764328	grp-a001-02-000000069047580	하루견과	nad-a001-02-000000541753999	bsn-a001-00-000000013604308	22	11	684926	M	1	0	0	1	0
20260908	4291318	cmp-a001-02-000000010764328	grp-a001-02-000000069047580	견과류	nad-a001-02-000000541753959	bsn-a001-00-000000013604308	22	16	8753	M	1	0	0	3	0
20260908	4291318	cmp-a001-02-000000010764328	grp-a001-02-000000069047580	단백질	nad-a001-02-000000553654562	bsn-a001-00-000000013604308	22	09	137281	M	6	0	0	12	0
20260908	4291318	cmp-a001-02-000000010764328	grp-a001-02-000000069047580	견과선물	nad-a001-02-000000541753999	bsn-a001-00-000000013604308	22	02	684926	M	1	0	0	1	0
20260908	4291318	cmp-a001-02-000000010764328	grp-a001-02-000000069047580	프로틴바	nad-a001-02-000000553654559	bsn-a001-00-000000013604308	22	18	87620	M	1	0	0	5	0
20260908	4291318	cmp-a001-02-000000010764328	grp-a001-02-000000072573876	추석선물	nad-a001-02-000000573683835	bsn-a001-00-000000013604308	22	04	684926	M	1	0	0	6	0
20260908	4291318	cmp-a001-02-000000010764328	grp-a001-02-000000069047580	하루	nad-a001-02-000000541753960	bsn-a001-00-000000013604308	22	02	248824	P	1	0	0	3	0
20260908	4291318	cmp-a001-02-000000010764328	grp-a001-02-000000069047580	갓	nad-a001-02-000000541753999	bsn-a001-00-000000013604308	22	06	8753	M	1	0	0	1	0
20260908	4291318	cmp-a001-02-000000010764328	grp-a001-02-000000069047580	황성주생식라이프밀	nad-a001-02-000000541753996	bsn-a001-00-000000013604308	22	06	684926	M	1	0	0	2	0
20260908	4291318	cmp-a001-02-000000010764328	grp-a001-02-000000069047580	하루견과	nad-a001-02-000000541753959	bsn-a001-00-000000013604308	22	11	87620	M	1	0	0	3	0
20260908	4291318	cmp-a001-02-000000010764328	grp-a001-02-000000069047580	프로틴바	nad-a001-02-000000553654554	bsn-a001-00-000000013604308	22	11	529514	M	9	0	0	13	0
20260908	4291318	cmp-a001-02-000000010764328	grp-a001-02-000000069047580	갓	nad-a001-02-000000541753959	bsn-a001-00-000000013604308	22	02	529514	M	18	0	0	26	0
20260908	4291318	cmp-a001-02-000000010764328	grp-a001-02-000000069047580	가루야G	nad-a001-02-000000541754004	bsn-a001-00-000000013604308	22	08	8753	M	1	0	0	2	0
20260908	4291318	cmp-a001-02-000000010764328	grp-a001-02-000000069047580	단백질쉐이크	nad-a001-02-000000553654562	bsn-a001-00-000000013604308	22	06	529514	M	8	0	0	13	0
20260908	4291318	cmp-a001-02-000000010764328	grp-a001-02-000000072573876	추석선물세트	nad-a001-02-000000573683834	bsn-a001-00-000000013604308	22	07	529514	M	7	0	0	14	0
20260908	4291318	cmp-a001-02-000000010764328	grp-a001-02-000000069047580	견과류	nad-a001-02-000000541753959	bsn-a001-00-000000013604308	22	15	684927	P	2	0	0	6	0
20260908	4291318	cmp-a001-02-000000010764328	grp-a001-02-000000069047580	에너지바	nad-a001-02-000000553654558	bsn-a001-00-000000013604308	22	99	27758	P	1	0	0	2	0
20260908	4291318	cmp-a001-02-000000010764328	grp-a001-02-000000072573876	추석선물세트	nad-a001-02-000000573683834	bsn-a001-00-000000013604308	22	09	8753	M	4	0	0	19	0
20260908	4291318	cmp-a001-02-000000010764328	grp-a001-02-000000072573876	추석선물세트추천	nad-a001-02-000000573683835	bsn-a001-00-000000013604308	22	06	8753	M	2	0	0	8	0
20260908	4291318	cmp-a001-02-000000010764328	grp-a001-02-000000069047580	프로틴바	nad-a001-02-000000553654559	bsn-a001-00-000000013604308	22	08	529514	M	2	0	0	6	0
20260908	4291318	cmp-a001-02-000000010764328	grp-a001-02-000000069047580	하루견과	nad-a001-02-000000541753999	bsn-a001-00-000000013604308	22	04	8753	M	4	0	0	4	0
20260908	4291318	cmp-a001-02-000000010764328	grp-a001-02-000000069047580	단백질바	nad-a001-02-000000553654554	bsn-a001-00-000000013604308	22	16	33421	M	1	0	0	3	0
20260908	4291318	cmp-a001-02-000000010764328	grp-a001-02-000000069047580	단백질바	nad-a001-02-000000553654559	bsn-a001-00-000000013604308	22	03	529514	M	2	0	0	6	0
20260908	4291318	cmp-a001-02-000000010764328	grp-a001-02-000000072573876	추석선물세트	nad-a001-02-000000573683835	bsn-a001-00-000000013604308	22	15	8753	M	4	0	0	12	0
20260908	4291318	cmp-a001-02-000000010764328	grp-a001-02-000000069047580	포항초건조분말	nad-a001-02-000000541754004	bsn-a001-00-000000013604308	22	04	8753	M	1	0	0	2	0
20260908	4291318	cmp-a001-02-000000010764328	grp-a001-02-000000072573876	추석선물	nad-a001-02-000000573683835	bsn-a001-00-000000013604308	22	13	529514	M	1	0	0	15	0
20260908	4291318	cmp-a001-02-000000010764328	grp-a001-02-000000069047580	하루견과	nad-a001-02-000000541753959	bsn-a001-00-000000013604308	22	08	8753	M	1	0	0	4	0
20260908	4291318	cmp-a001-02-000000010764328	grp-a001-02-000000069047580	하루견과	nad-a001-02-000000541753999	bsn-a001-00-000000013604308	22	08	8753	M	3	0	0	3	0
20260908	4291318	cmp-a001-02-000000010764328	grp-a001-02-000000069047580	갓	nad-a001-02-000000541753999	bsn-a001-00-000000013604308	22	18	33421	M	2	0	0	6	0
20260908	4291318	cmp-a001-02-000000010764328	grp-a001-02-000000069047580	포항초건조분말	nad-a001-02-000000541753996	bsn-a001-00-000000013604308	22	04	8753	M	1	0	0	1	0
20260908	4291318	cmp-a001-02-000000010764328	grp-a001-02-000000072573876	추석선물	nad-a001-02-000000573683835	bsn-a001-00-000000013604308	22	16	33421	M	1	0	0	10	0
20260908	4291318	cmp-a001-02-000000010764328	grp-a001-02-000000069047580	하루	nad-a001-02-000000541753960	bsn-a001-00-000000013604308	22	08	98128	M	1	0	0	2	0
20260908	4291318	cmp-a001-02-000000010764328	grp-a001-02-000000072573876	추석선물세트	nad-a001-02-000000573683835	bsn-a001-00-000000013604308	22	02	633013	M	2	0	0	6	0
20260908	4291318	cmp-a001-02-000000010764328	grp-a001-02-000000069047580	단백질쉐이크	nad-a001-02-000000553654562	bsn-a001-00-000000013604308	22	08	768323	M	1	0	0	1	0
20260908	4291318	cmp-a001-02-000000010764328	grp-a001-02-000000069047580	견과류세트	nad-a001-02-000000541753999	bsn-a001-00-000000013604308	22	09	684926	M	1	0	0	1	0
20260908	4291318	cmp-a001-02-000000010764328	grp-a001-02-000000069047580	사랑이	nad-a001-02-000000553654559	bsn-a001-00-000000013604308	22	02	529514	M	2	0	0	13	0
20260908	4291318	cmp-a001-02-000000010764328	grp-a001-02-000000069047580	하루견과	nad-a001-02-000000541753960	bsn-a001-00-000000013604308	22	04	341898	M	2	0	0	2	0
20260908	4291318	cmp-a001-02-000000010764328	grp-a001-02-000000069047580	견과류추천	nad-a001-02-000000541753960	bsn-a001-00-000000013604308	22	07	8753	M	1	0	0	2	0
20260908	4291318	cmp-a001-02-000000010764328	grp-a001-02-000000069047580	단백질쉐이크	nad-a001-02-000000553654562	bsn-a001-00-000000013604308	22	03	291244	M	2	0	0	2	0
20260908	4291318	cmp-a001-02-000000010764328	grp-a001-02-000000069047580	트레이더스단백질간식	nad-a001-02-000000553654558	bsn-a001-00-000000013604308	22	06	8753	M	2	0	0	4	0
20260908	4291318	cmp-a001-02-000000010764328	grp-a001-02-000000069047580	프로틴	nad-a001-02-000000553654562	bsn-a001-00-000000013604308	22	99	768323	M	25	0	0	35	0
20260908	4291318	cmp-a001-02-000000010764328	grp-a001-02-000000069047580	다이어트쉐이크	nad-a001-02-000000553654562	bsn-a001-00-000000013604308	22	09	87620	M	1	0	0	2	0
20260908	4291318	cmp-a001-02-000000010764328	grp-a001-02-000000072573876	추석선물세트	nad-a001-02-000000573683834	bsn-a001-00-000000013604308	22	09	33421	M	1	0	0	2	0
20260908	4291318	cmp-a001-02-000000010764328	grp-a001-02-000000069047580	사랑이네	nad-a001-02-000000553654559	bsn-a001-00-000000013604308	22	99	529514	M	2	0	0	13	0
20260908	4291318	cmp-a001-02-000000010764328	grp-a001-02-000000069047580	생식분말	nad-a001-02-000000541754005	bsn-a001-00-000000013604308	22	08	684926	M	1	0	0	6	0
20260908	4291318	cmp-a001-02-000000010764328	grp-a001-02-000000069047580	견과류세트	nad-a001-02-000000541753960	bsn-a001-00-000000013604308	22	02	33421	M	1	0	0	2	0
20260908	4291318	cmp-a001-02-000000010764328	grp-a001-02-000000069047580	단백질쉐이크	nad-a001-02-000000553654562	bsn-a001-00-000000013604308	22	99	98128	M	24	0	0	24	0
20260908	4291318	cmp-a001-02-000000010764328	grp-a001-02-000000069047580	견과	nad-a001-02-000000541753999	bsn-a001-00-000000013604308	22	03	291244	M	3	0	0	9	0
20260908	4291318	cmp-a001-02-000000010764328	grp-a001-02-000000069047580	견과류추천	nad-a001-02-000000541753999	bsn-a001-00-000000013604308	22	09	8753	M	3	0	0	4	0
20260908	4291318	cmp-a001-02-000000010764328	grp-a001-02-000000072573876	추석선물세트추천	nad-a001-02-000000573683835	bsn-a001-00-000000013604308	22	02	8753	M	3	0	0	10	0
20260908	4291318	cmp-a001-02-000000010764328	grp-a001-02-000000069047580	프로틴쉐이크	nad-a001-02-000000553654562	bsn-a001-00-000000013604308	22	99	529514	M	11	0	0	11	0
20260908	4291318	cmp-a001-02-000000010764328	grp-a001-02-000000069047580	견과세트	nad-a001-02-000000541753959	bsn-a001-00-000000013604308	22	03	768323	M	1	0	0	1	0
20260908	4291318	cmp-a001-02-000000010764328	grp-a001-02-000000069047580	하루견과	nad-a001-02-000000541753999	bsn-a001-00-000000013604308	22	99	529514	M	4	0	0	4	0
20260908	4291318	cmp-a001-02-000000010764328	grp-a001-02-000000072573876	추석선물세트추천	nad-a001-02-000000573683834	bsn-a001-00-000000013604308	22	11	33421	M	1	0	0	1	0
20260908	4291318	cmp-a001-02-000000010764328	grp-a001-02-000000069047580	견과류	nad-a001-02-000000541753960	bsn-a001-00-000000013604308	22	18	8753	M	2	0	0	8	0
20260908	4291318	cmp-a001-02-000000010764328	grp-a001-02-000000069047580	단백질바	nad-a001-02-000000553654558	bsn-a001-00-000000013604308	22	11	529514	M	2	0	0	4	0
20260908	4291318	cmp-a001-02-000000010764328	grp-a001-02-000000069047580	쉐이크	nad-a001-02-000000553654562	bsn-a001-00-000000013604308	22	16	529514	M	44	0	0	84	0
20260908	4291318	cmp-a001-02-000000010764328	grp-a001-02-000000069047580	하루견과	nad-a001-02-000000541753959	bsn-a001-00-000000013604308	22	04	8753	M	3	0	0	12	0
20260908	4291318	cmp-a001-02-000000010764328	grp-a001-02-000000069047580	견과류	nad-a001-02-000000541753959	bsn-a001-00-000000013604308	22	07	684926	M	2	0	0	6	0
20260908	4291318	cmp-a001-02-000000010764328	grp-a001-02-000000069047580	견과류세트	nad-a001-02-000000541753959	bsn-a001-00-000000013604308	22	01	8753	M	1	0	0	5	0
20260908	4291318	cmp-a001-02-000000010764328	grp-a001-02-000000069047580	프로틴	nad-a001-02-000000553654562	bsn-a001-00-000000013604308	22	18	529514	M	8	0	0	8	0
20260908	4291318	cmp-a001-02-000000010764328	grp-a001-02-000000069047580	황성주생식라이프밀	nad-a001-02-000000541753988	bsn-a001-00-000000013604308	22	06	684926	M	1	0	0	5	0
20260908	4291318	cmp-a001-02-000000010764328	grp-a001-02-000000069047580	젤리	nad-a001-02-000000541753985	bsn-a001-00-000000013604308	22	09	98128	M	1	0	0	1	0
20260908	4291318	cmp-a001-02-000000010764328	grp-a001-02-000000069047580	견과류추천	nad-a001-02-000000541753960	bsn-a001-00-000000013604308	22	02	8753	M	2	0	0	8	0
20260908	4291318	cmp-a001-02-000000010764328	grp-a001-02-000000069047580	지방이적은단백질바	nad-a001-02-000000553654554	bsn-a001-00-000000013604308	22	99	8753	M	1	0	0	3	0
20260908	4291318	cmp-a001-02-000000010764328	grp-a001-02-000000069047580	견과류추천	nad-a001-02-000000541753960	bsn-a001-00-000000013604308	22	03	8753	M	1	0	0	3	0
20260908	4291318	cmp-a001-02-000000010764328	grp-a001-02-000000072573876	추석선물세트	nad-a001-02-000000573683835	bsn-a001-00-000000013604308	22	08	684927	P	1	0	0	1	0
20260908	4291318	cmp-a001-02-000000010764328	grp-a001-02-000000069047580	에너지바	nad-a001-02-000000553654559	bsn-a001-00-000000013604308	22	02	23123	P	1	0	0	4	0
20260908	4291318	cmp-a001-02-000000010764328	grp-a001-02-000000069047580	황성주생식라이프밀	nad-a001-02-000000541753996	bsn-a001-00-000000013604308	22	15	8753	M	1	0	0	3	0
20260908	4291318	cmp-a001-02-000000010764328	grp-a001-02-000000069047580	견과세트	nad-a001-02-000000541753999	bsn-a001-00-000000013604308	22	06	768323	M	2	0	0	3	0
20260908	4291318	cmp-a001-02-000000010764328	grp-a001-02-000000072573876	추석선물세트	nad-a001-02-000000573683835	bsn-a001-00-000000013604308	22	18	529514	M	5	0	0	12	0
20260908	4291318	cmp-a001-02-000000010764328	grp-a001-02-000000069047580	젤리	nad-a001-02-000000541753985	bsn-a001-00-000000013604308	22	06	768323	M	2	0	0	4	0
20260908	4291318	cmp-a001-02-000000010764328	grp-a001-02-000000069047580	단백질보충제	nad-a001-02-000000553654562	bsn-a001-00-000000013604308	22	11	529514	M	26	0	0	50	0
20260908	4291318	cmp-a001-02-000000010764328	grp-a001-02-000000069047580	사랑	nad-a001-02-000000553654559	bsn-a001-00-000000013604308	22	08	98128	M	4	0	0	24	0
20260908	4291318	cmp-a001-02-000000010764328	grp-a001-02-000000069047580	견과류세트	nad-a001-02-000000541753959	bsn-a001-00-000000013604308	22	09	684926	M	1	0	0	4	0
20260908	4291318	cmp-a001-02-000000010764328	grp-a001-02-000000069047580	견과류세트	nad-a001-02-000000541753960	bsn-a001-00-000000013604308	22	03	33421	M	1	0	0	2	0
20260908	4291318	cmp-a001-02-000000010764328	grp-a001-02-000000069047580	단백질15G	nad-a001-02-000000553654562	bsn-a001-00-000000013604308	22	02	8753	M	1	0	0	3	0
20260908	4291318	cmp-a001-02-000000010764328	grp-a001-02-000000072573876	명절선물	nad-a001-02-000000573683835	bsn-a001-00-000000013604308	22	01	529514	M	2	0	0	22	0
20260908	4291318	cmp-a001-02-000000010764328	grp-a001-02-000000069047580	갓	nad-a001-02-000000541753999	bsn-a001-00-000000013604308	22	02	529514	M	18	0	0	29	0
20260908	4291318	cmp-a001-02-000000010764328	grp-a001-02-000000072573876	추석선물세트	nad-a001-02-000000573683834	bsn-a001-00-000000013604308	22	15	529514	M	3	0	0	6	0
20260908	4291318	cmp-a001-02-000000010764328	grp-a001-02-000000069047580	견과류	nad-a001-02-000000541753959	bsn-a001-00-000000013604308	22	14	529514	M	2	0	0	4	0
20260908	4291318	cmp-a001-02-000000010764328	grp-a001-02-000000069047580	단백질	nad-a001-02-000000553654562	bsn-a001-00-000000013604308	22	02	529514	M	27	0	0	48	0
20260908	4291318	cmp-a001-02-000000010764328	grp-a001-02-000000069047580	하루견과	nad-a001-02-000000541753960	bsn-a001-00-000000013604308	22	09	633013	M	1	0	0	2	0
20260908	4291318	cmp-a001-02-000000010764328	grp-a001-02-000000069047580	프로틴바	nad-a001-02-000000553654558	bsn-a001-00-000000013604308	22	14	98128	M	1	0	0	1	0
20260908	4291318	cmp-a001-02-000000010764328	grp-a001-02-000000069047580	에너지바	nad-a001-02-000000553654554	bsn-a001-00-000000013604308	22	02	23123	P	1	0	0	1	0
20260908	4291318	cmp-a001-02-000000010764328	grp-a001-02-000000069047580	하루만	nad-a001-02-000000541753999	bsn-a001-00-000000013604308	22	99	529514	M	2	0	0	3	0
20260908	4291318	cmp-a001-02-000000010764328	grp-a001-02-000000069047580	하루견과	nad-a001-02-000000541753960	bsn-a001-00-000000013604308	22	04	529514	M	2	0	0	4	0
20260908	4291318	cmp-a001-02-000000010764328	grp-a001-02-000000069047580	스토어	nad-a001-02-000000541753997	bsn-a001-00-000000013604308	22	13	248824	P	5	0	0	5	0
20260908	4291318	cmp-a001-02-000000010764328	grp-a001-02-000000069047580	단백질보충제	nad-a001-02-000000553654562	bsn-a001-00-000000013604308	22	02	684926	M	1	0	0	5	0
20260908	4291318	cmp-a001-02-000000010764328	grp-a001-02-000000069047580	견과류	nad-a001-02-000000541753960	bsn-a001-00-000000013604308	22	10	8753	M	1	0	0	3	0
20260908	4291318	cmp-a001-02-000000010764328	grp-a001-02-000000069047580	하루견과	nad-a001-02-000000541753959	bsn-a001-00-000000013604308	22	17	8753	M	1	0	0	4	0
20260908	4291318	cmp-a001-02-000000010764328	grp-a001-02-000000069047580	프로틴	nad-a001-02-000000553654562	bsn-a001-00-000000013604308	22	15	529514	M	5	0	0	5	0
20260908	4291318	cmp-a001-02-000000010764328	grp-a001-02-000000069047580	프로틴바	nad-a001-02-000000553654559	bsn-a001-00-000000013604308	22	09	529514	M	6	0	0	18	0
20260908	4291318	cmp-a001-02-000000010764328	grp-a001-02-000000069047580	프로틴	nad-a001-02-000000553654562	bsn-a001-00-000000013604308	22	03	98128	M	2	0	0	2	0
20260908	4291318	cmp-a001-02-000000010764328	grp-a001-02-000000069047580	단백질쉐이크	nad-a001-02-000000553654562	bsn-a001-00-000000013604308	22	03	529514	M	72	0	0	132	0
20260908	4291318	cmp-a001-02-000000010764328	grp-a001-02-000000072573876	추석선물	nad-a001-02-000000573683835	bsn-a001-00-000000013604308	22	16	529514	M	8	0	0	120	0
20260908	4291318	cmp-a001-02-000000010764328	grp-a001-02-000000069047580	견과세트	nad-a001-02-000000541753960	bsn-a001-00-000000013604308	22	14	768323	M	1	0	0	2	0
20260908	4291318	cmp-a001-02-000000010764328	grp-a001-02-000000069047580	견과류	nad-a001-02-000000541753959	bsn-a001-00-000000013604308	22	99	684926	M	2	0	0	4	0
20260908	4291318	cmp-a001-02-000000010764328	grp-a001-02-000000069047580	견과류	nad-a001-02-000000541753999	bsn-a001-00-000000013604308	22	02	633013	M	1	0	0	2	0
20260908	4291318	cmp-a001-02-000000010764328	grp-a001-02-000000069047580	젤리	nad-a001-02-000000541753985	bsn-a001-00-000000013604308	22	99	768323	M	2	0	0	6	0
20260908	4291318	cmp-a001-02-000000010764328	grp-a001-02-000000069047580	견과류세트	nad-a001-02-000000541753960	bsn-a001-00-000000013604308	22	09	684926	M	1	0	0	2	0
20260908	4291318	cmp-a001-02-000000010764328	grp-a001-02-000000072573876	추석선물	nad-a001-02-000000573683835	bsn-a001-00-000000013604308	22	02	8753	M	5	0	0	33	0
20260908	4291318	cmp-a001-02-000000010764328	grp-a001-02-000000069047580	하루견과	nad-a001-02-000000541753959	bsn-a001-00-000000013604308	22	09	8753	M	3	0	0	13	0
20260908	4291318	cmp-a001-02-000000010764328	grp-a001-02-000000072573876	추석선물세트추천	nad-a001-02-000000573683835	bsn-a001-00-000000013604308	22	10	8753	M	1	0	0	5	0
20260908	4291318	cmp-a001-02-000000010764328	grp-a001-02-000000069047580	견과류	nad-a001-02-000000541753999	bsn-a001-00-000000013604308	22	01	8753	M	2	0	0	4	0
20260908	4291318	cmp-a001-02-000000010764328	grp-a001-02-000000069047580	견과류	nad-a001-02-000000541753959	bsn-a001-00-000000013604308	22	03	8753	M	8	0	0	28	0
20260908	4291318	cmp-a001-02-000000010764328	grp-a001-02-000000069047580	사랑	nad-a001-02-000000553654559	bsn-a001-00-000000013604308	22	11	98128	M	1	0	0	6	0
20260908	4291318	cmp-a001-02-000000010764328	grp-a001-02-000000072573876	추석선물	nad-a001-02-000000573683835	bsn-a001-00-000000013604308	22	09	33421	M	1	0	0	10	0
20260908	4291318	cmp-a001-02-000000010764328	grp-a001-02-000000069047580	황성주생식라이프밀	nad-a001-02-000000541753988	bsn-a001-00-000000013604308	22	15	8753	M	1	0	0	5	0
20260908	4291318	cmp-a001-02-000000010764328	grp-a001-02-000000069047580	젤리	nad-a001-02-000000541753985	bsn-a001-00-000000013604308	22	13	33421	M	1	0	0	7	0
20260908	4291318	cmp-a001-02-000000010764328	grp-a001-02-000000069047580	프로틴	nad-a001-02-000000553654562	bsn-a001-00-000000013604308	22	17	529514	M	1	0	0	1	0
20260908	4291318	cmp-a001-02-000000010764328	grp-a001-02-000000069047580	황성주생식	nad-a001-02-000000541754004	bsn-a001-00-000000013604308	22	09	798056	M	1	0	0	2	0
20260908	4291318	cmp-a001-02-000000010764328	grp-a001-02-000000069047580	생식	nad-a001-02-000000541753997	bsn-a001-00-000000013604308	19	08	424040	M	1	0	0	1	0
20260908	4291318	cmp-a001-02-000000010764328	grp-a001-02-000000069047580	황성주생식	nad-a001-02-000000541753997	bsn-a001-00-000000013604308	09	18	8753	M	1	0	0	6	0
20260908	4291318	cmp-a001-02-000000010764328	grp-a001-02-000000069047580	생식	nad-a001-02-000000541753997	bsn-a001-00-000000013604308	18	02	424040	M	1	0	0	1	0
20260908	4291318	cmp-a001-02-000000010764328	grp-a001-02-000000069047580	하루	nad-a001-02-000000541753959	bsn-a001-00-000000013604308	23	09	137281	M	1	0	0	2	0
20260908	4291318	cmp-a001-02-000000010764328	grp-a001-02-000000072573876	추석선물세트	nad-a001-02-000000573683834	bsn-a001-00-000000013604308	23	18	529514	M	4	0	0	8	0
20260908	4291318	cmp-a001-02-000000010764328	grp-a001-02-000000069047580	단백질	nad-a001-02-000000553654562	bsn-a001-00-000000013604308	23	10	529514	M	4	0	0	6	0
20260908	4291318	cmp-a001-02-000000010764328	grp-a001-02-000000069047580	프로틴바	nad-a001-02-000000553654558	bsn-a001-00-000000013604308	23	02	529514	M	2	0	0	4	0
20260908	4291318	cmp-a001-02-000000010764328	grp-a001-02-000000069047580	갓	nad-a001-02-000000541753999	bsn-a001-00-000000013604308	23	10	8753	M	1	0	0	1	0
20260908	4291318	cmp-a001-02-000000010764328	grp-a001-02-000000072573876	추석선물세트	nad-a001-02-000000573683835	bsn-a001-00-000000013604308	23	04	529514	M	6	0	0	16	0
20260908	4291318	cmp-a001-02-000000010764328	grp-a001-02-000000069047580	견과류	nad-a001-02-000000541753960	bsn-a001-00-000000013604308	23	15	8753	M	2	0	0	6	0
20260908	4291318	cmp-a001-02-000000010764328	grp-a001-02-000000069047580	다이어트쉐이크	nad-a001-02-000000553654562	bsn-a001-00-000000013604308	23	03	529514	M	1	0	0	1	0
20260908	4291318	cmp-a001-02-000000010764328	grp-a001-02-000000072573876	추석선물세트	nad-a001-02-000000573683835	bsn-a001-00-000000013604308	23	17	529514	M	2	0	0	4	0
20260908	4291318	cmp-a001-02-000000010764328	grp-a001-02-000000069047580	견과류추천	nad-a001-02-000000541753999	bsn-a001-00-000000013604308	23	03	8753	M	2	0	0	2	0
20260908	4291318	cmp-a001-02-000000010764328	grp-a001-02-000000072573876	추석선물세트	nad-a001-02-000000573683834	bsn-a001-00-000000013604308	23	11	8753	M	1	0	0	6	0
20260908	4291318	cmp-a001-02-000000010764328	grp-a001-02-000000072573876	추석선물세트	nad-a001-02-000000573683835	bsn-a001-00-000000013604308	23	08	529514	M	4	0	0	11	0
20260908	4291318	cmp-a001-02-000000010764328	grp-a001-02-000000069047580	하루	nad-a001-02-000000541753960	bsn-a001-00-000000013604308	23	09	137281	M	1	0	0	1	0
20260908	4291318	cmp-a001-02-000000010764328	grp-a001-02-000000069047580	하루견과	nad-a001-02-000000541753999	bsn-a001-00-000000013604308	23	00	633013	M	1	0	0	1	0
20260908	4291318	cmp-a001-02-000000010764328	grp-a001-02-000000069047580	프로틴쉐이크	nad-a001-02-000000553654562	bsn-a001-00-000000013604308	23	07	529514	M	2	0	0	2	0
20260908	4291318	cmp-a001-02-000000010764328	grp-a001-02-000000069047580	견과류선물세트	nad-a001-02-000000541753999	bsn-a001-00-000000013604308	23	08	684925	P	1	0	0	1	0
20260908	4291318	cmp-a001-02-000000010764328	grp-a001-02-000000069047580	단백질	nad-a001-02-000000553654562	bsn-a001-00-000000013604308	23	14	529514	M	3	0	0	5	0
20260908	4291318	cmp-a001-02-000000010764328	grp-a001-02-000000069047580	견과세트	nad-a001-02-000000541753960	bsn-a001-00-000000013604308	23	07	768323	M	1	0	0	3	0
20260908	4291318	cmp-a001-02-000000010764328	grp-a001-02-000000069047580	하루견과	nad-a001-02-000000541753999	bsn-a001-00-000000013604308	23	02	529514	M	30	0	0	30	0
20260908	4291318	cmp-a001-02-000000010764328	grp-a001-02-000000069047580	가루	nad-a001-02-000000541754005	bsn-a001-00-000000013604308	23	07	98128	M	1	0	0	3	0
20260908	4291318	cmp-a001-02-000000010764328	grp-a001-02-000000069047580	견과류	nad-a001-02-000000541753960	bsn-a001-00-000000013604308	23	99	529514	M	26	0	0	78	0
20260908	4291318	cmp-a001-02-000000010764328	grp-a001-02-000000069047580	하루견과	nad-a001-02-000000541753999	bsn-a001-00-000000013604308	23	99	684926	M	1	0	0	1	0
20260908	4291318	cmp-a001-02-000000010764328	grp-a001-02-000000069047580	견과세트	nad-a001-02-000000541753960	bsn-a001-00-000000013604308	23	08	768323	M	2	0	0	6	0
20260908	4291318	cmp-a001-02-000000010764328	grp-a001-02-000000069047580	올영프로틴바추천	nad-a001-02-000000553654554	bsn-a001-00-000000013604308	23	03	8753	M	1	0	0	2	0
20260908	4291318	cmp-a001-02-000000010764328	grp-a001-02-000000069047580	견과세트	nad-a001-02-000000541753959	bsn-a001-00-000000013604308	23	15	768323	M	2	0	0	2	0
20260908	4291318	cmp-a001-02-000000010764328	grp-a001-02-000000069047580	견과류	nad-a001-02-000000541753959	bsn-a001-00-000000013604308	23	07	529514	M	4	0	0	7	0
20260908	4291318	cmp-a001-02-000000010764328	grp-a001-02-000000069047580	프로틴쉐이크	nad-a001-02-000000553654562	bsn-a001-00-000000013604308	23	09	529514	M	6	0	0	6	0
20260908	4291318	cmp-a001-02-000000010764328	grp-a001-02-000000069047580	프로틴	nad-a001-02-000000553654562	bsn-a001-00-000000013604308	23	14	529514	M	9	0	0	9	0
20260908	4291318	cmp-a001-02-000000010764328	grp-a001-02-000000069047580	하루견과	nad-a001-02-000000541753959	bsn-a001-00-000000013604308	23	09	529514	M	20	0	0	40	0
20260908	4291318	cmp-a001-02-000000010764328	grp-a001-02-000000069047580	견과류추천	nad-a001-02-000000541753959	bsn-a001-00-000000013604308	23	09	8753	M	2	0	0	9	0
20260908	4291318	cmp-a001-02-000000010764328	grp-a001-02-000000069047580	하루견과	nad-a001-02-000000541753959	bsn-a001-00-000000013604308	23	13	8753	M	1	0	0	5	0
20260908	4291318	cmp-a001-02-000000010764328	grp-a001-02-000000069047580	견과류	nad-a001-02-000000541753999	bsn-a001-00-000000013604308	23	04	529514	M	7	0	0	7	0
20260908	4291318	cmp-a001-02-000000010764328	grp-a001-02-000000072573876	추석선물세트	nad-a001-02-000000573683834	bsn-a001-00-000000013604308	23	18	33421	M	1	0	0	2	0
20260908	4291318	cmp-a001-02-000000010764328	grp-a001-02-000000072573876	추석선물세트	nad-a001-02-000000573683835	bsn-a001-00-000000013604308	23	13	529514	M	4	0	0	10	0
20260908	4291318	cmp-a001-02-000000010764328	grp-a001-02-000000069047580	견과류선물세트	nad-a001-02-000000541753999	bsn-a001-00-000000013604308	23	02	684926	M	1	0	0	1	0
20260908	4291318	cmp-a001-02-000000010764328	grp-a001-02-000000072573876	추석선물	nad-a001-02-000000573683834	bsn-a001-00-000000013604308	23	01	33421	M	1	0	0	1	0
20260908	4291318	cmp-a001-02-000000010764328	grp-a001-02-000000072573876	추석선물	nad-a001-02-000000573683835	bsn-a001-00-000000013604308	23	16	529514	M	6	0	0	90	0
20260908	4291318	cmp-a001-02-000000010764328	grp-a001-02-000000069047580	견과세트	nad-a001-02-000000541753999	bsn-a001-00-000000013604308	23	09	768323	M	1	0	0	2	0
20260908	4291318	cmp-a001-02-000000010764328	grp-a001-02-000000069047580	쉐이크	nad-a001-02-000000553654562	bsn-a001-00-000000013604308	23	08	529514	M	1	0	0	1	0
20260908	4291318	cmp-a001-02-000000010764328	grp-a001-02-000000069047580	젤리	nad-a001-02-000000541753985	bsn-a001-00-000000013604308	23	11	768323	M	1	0	0	3	0
20260908	4291318	cmp-a001-02-000000010764328	grp-a001-02-000000069047580	단백질바	nad-a001-02-000000553654558	bsn-a001-00-000000013604308	23	09	529514	M	8	0	0	16	0
20260908	4291318	cmp-a001-02-000000010764328	grp-a001-02-000000069047580	견과세트	nad-a001-02-000000541753959	bsn-a001-00-000000013604308	23	16	27758	P	1	0	0	3	0
20260908	4291318	cmp-a001-02-000000010764328	grp-a001-02-000000069047580	단백질바	nad-a001-02-000000553654554	bsn-a001-00-000000013604308	23	15	529514	M	2	0	0	2	0
20260908	4291318	cmp-a001-02-000000010764328	grp-a001-02-000000069047580	황성주생식	nad-a001-02-000000541753997	bsn-a001-00-000000013604308	23	09	633013	M	1	0	0	1	0
20260908	4291318	cmp-a001-02-000000010764328	grp-a001-02-000000069047580	스토어	nad-a001-02-000000541753996	bsn-a001-00-000000013604308	23	00	98128	M	1	0	0	1	0
20260908	4291318	cmp-a001-02-000000010764328	grp-a001-02-000000069047580	견과세트	nad-a001-02-000000541753999	bsn-a001-00-000000013604308	23	02	768323	M	7	0	0	14	0
20260908	4291318	cmp-a001-02-000000010764328	grp-a001-02-000000069047580	하루견과	nad-a001-02-000000541753959	bsn-a001-00-000000013604308	23	02	633013	M	2	0	0	2	0
20260908	4291318	cmp-a001-02-000000010764328	grp-a001-02-000000069047580	단백질바	nad-a001-02-000000553654559	bsn-a001-00-000000013604308	23	99	529514	M	6	0	0	18	0
20260908	4291318	cmp-a001-02-000000010764328	grp-a001-02-000000069047580	단백질바	nad-a001-02-000000553654554	bsn-a001-00-000000013604308	23	02	529514	M	2	0	0	2	0
20260908	4291318	cmp-a001-02-000000010764328	grp-a001-02-000000069047580	견과류	nad-a001-02-000000541753999	bsn-a001-00-000000013604308	23	06	8753	M	1	0	0	2	0
20260908	4291318	cmp-a001-02-000000010764328	grp-a001-02-000000069047580	견과류	nad-a001-02-000000541753960	bsn-a001-00-000000013604308	23	18	529514	M	9	0	0	23	0
20260908	4291318	cmp-a001-02-000000010764328	grp-a001-02-000000069047580	하루견과	nad-a001-02-000000541753959	bsn-a001-00-000000013604308	23	04	8753	M	3	0	0	12	0
20260908	4291318	cmp-a001-02-000000010764328	grp-a001-02-000000069047580	사랑이	nad-a001-02-000000553654554	bsn-a001-00-000000013604308	23	99	529514	M	2	0	0	3	0
20260908	4291318	cmp-a001-02-000000010764328	grp-a001-02-000000069047580	하루견과	nad-a001-02-000000541753960	bsn-a001-00-000000013604308	23	09	8753	M	1	0	0	4	0
20260908	4291318	cmp-a001-02-000000010764328	grp-a001-02-000000069047580	견과류	nad-a001-02-000000541753960	bsn-a001-00-000000013604308	23	13	8753	M	1	0	0	3	0
20260908	4291318	cmp-a001-02-000000010764328	grp-a001-02-000000069047580	견과세트	nad-a001-02-000000541753959	bsn-a001-00-000000013604308	23	06	768323	M	1	0	0	1	0
20260908	4291318	cmp-a001-02-000000010764328	grp-a001-02-000000072573876	추석선물추천	nad-a001-02-000000573683835	bsn-a001-00-000000013604308	23	17	8753	M	1	0	0	7	0
20260908	4291318	cmp-a001-02-000000010764328	grp-a001-02-000000072573876	추석선물세트	nad-a001-02-000000573683835	bsn-a001-00-000000013604308	23	02	8753	M	7	0	0	27	0
20260908	4291318	cmp-a001-02-000000010764328	grp-a001-02-000000069047580	견과류추천	nad-a001-02-000000541753959	bsn-a001-00-000000013604308	23	03	8753	M	2	0	0	8	0
20260908	4291318	cmp-a001-02-000000010764328	grp-a001-02-000000069047580	프로틴	nad-a001-02-000000553654562	bsn-a001-00-000000013604308	23	11	529514	M	1	0	0	1	0
20260908	4291318	cmp-a001-02-000000010764328	grp-a001-02-000000072573876	추석선물세트	nad-a001-02-000000573683835	bsn-a001-00-000000013604308	23	15	529514	M	4	0	0	10	0
20260908	4291318	cmp-a001-02-000000010764328	grp-a001-02-000000069047580	단백질보충제	nad-a001-02-000000553654562	bsn-a001-00-000000013604308	23	99	529514	M	2	0	0	3	0
20260908	4291318	cmp-a001-02-000000010764328	grp-a001-02-000000072573876	추석선물	nad-a001-02-000000573683834	bsn-a001-00-000000013604308	23	02	684926	M	1	0	0	1	0
20260908	4291318	cmp-a001-02-000000010764328	grp-a001-02-000000069047580	견과세트	nad-a001-02-000000541753999	bsn-a001-00-000000013604308	23	06	768323	M	1	0	0	2	0
20260908	4291318	cmp-a001-02-000000010764328	grp-a001-02-000000069047580	견과세트	nad-a001-02-000000541753960	bsn-a001-00-000000013604308	23	13	768323	M	2	0	0	6	0
20260908	4291318	cmp-a001-02-000000010764328	grp-a001-02-000000072573876	추석선물	nad-a001-02-000000573683835	bsn-a001-00-000000013604308	23	16	684926	M	1	0	0	1	0
20260908	4291318	cmp-a001-02-000000010764328	grp-a001-02-000000069047580	견과류	nad-a001-02-000000541753999	bsn-a001-00-000000013604308	23	03	529514	M	10	0	0	11	0
20260908	4291318	cmp-a001-02-000000010764328	grp-a001-02-000000072573876	추석선물	nad-a001-02-000000573683835	bsn-a001-00-000000013604308	23	10	529514	M	5	0	0	75	0
20260908	4291318	cmp-a001-02-000000010764328	grp-a001-02-000000069047580	견과류	nad-a001-02-000000541753960	bsn-a001-00-000000013604308	23	11	529514	M	6	0	0	18	0
20260908	4291318	cmp-a001-02-000000010764328	grp-a001-02-000000072573876	추석선물세트	nad-a001-02-000000573683835	bsn-a001-00-000000013604308	23	15	33421	M	2	0	0	10	0
20260908	4291318	cmp-a001-02-000000010764328	grp-a001-02-000000069047580	가루	nad-a001-02-000000541753997	bsn-a001-00-000000013604308	23	01	8753	M	1	0	0	1	0
20260908	4291318	cmp-a001-02-000000010764328	grp-a001-02-000000072573876	추석선물세트	nad-a001-02-000000573683834	bsn-a001-00-000000013604308	23	08	8753	M	2	0	0	5	0
20260908	4291318	cmp-a001-02-000000010764328	grp-a001-02-000000069047580	단백질바	nad-a001-02-000000553654559	bsn-a001-00-000000013604308	23	01	529514	M	2	0	0	6	0
20260908	4291318	cmp-a001-02-000000010764328	grp-a001-02-000000069047580	견과세트	nad-a001-02-000000541753960	bsn-a001-00-000000013604308	23	15	768323	M	2	0	0	6	0
20260908	4291318	cmp-a001-02-000000010764328	grp-a001-02-000000069047580	단백질바	nad-a001-02-000000553654559	bsn-a001-00-000000013604308	23	07	529514	M	7	0	0	30	0
20260908	4291318	cmp-a001-02-000000010764328	grp-a001-02-000000069047580	가루	nad-a001-02-000000541754004	bsn-a001-00-000000013604308	23	01	8753	M	1	0	0	3	0
20260908	4291318	cmp-a001-02-000000010764328	grp-a001-02-000000072573876	추석선물세트	nad-a001-02-000000573683835	bsn-a001-00-000000013604308	23	08	33421	M	2	0	0	8	0
20260908	4291318	cmp-a001-02-000000010764328	grp-a001-02-000000069047580	견과류	nad-a001-02-000000541753959	bsn-a001-00-000000013604308	23	13	8753	M	1	0	0	4	0
20260908	4291318	cmp-a001-02-000000010764328	grp-a001-02-000000069047580	견과류	nad-a001-02-000000541753960	bsn-a001-00-000000013604308	23	08	33421	M	1	0	0	3	0
20260908	4291318	cmp-a001-02-000000010764328	grp-a001-02-000000069047580	견과세트	nad-a001-02-000000541753959	bsn-a001-00-000000013604308	23	02	768323	M	7	0	0	7	0
20260908	4291318	cmp-a001-02-000000010764328	grp-a001-02-000000069047580	단백질	nad-a001-02-000000553654562	bsn-a001-00-000000013604308	23	11	137281	M	2	0	0	4	0
20260908	4291318	cmp-a001-02-000000010764328	grp-a001-02-000000069047580	단백질바	nad-a001-02-000000553654558	bsn-a001-00-000000013604308	23	01	8753	M	1	0	0	6	0
20260908	4291318	cmp-a001-02-000000010764328	grp-a001-02-000000069047580	갓	nad-a001-02-000000541753999	bsn-a001-00-000000013604308	23	02	529514	M	18	0	0	30	0
20260908	4291318	cmp-a001-02-000000010764328	grp-a001-02-000000069047580	하루견과	nad-a001-02-000000541753960	bsn-a001-00-000000013604308	23	13	8753	M	1	0	0	3	0
20260908	4291318	cmp-a001-02-000000010764328	grp-a001-02-000000069047580	가루	nad-a001-02-000000541754005	bsn-a001-00-000000013604308	23	01	8753	M	1	0	0	4	0
20260908	4291318	cmp-a001-02-000000010764328	grp-a001-02-000000069047580	견과류	nad-a001-02-000000541753960	bsn-a001-00-000000013604308	23	16	8753	M	1	0	0	3	0
20260908	4291318	cmp-a001-02-000000010764328	grp-a001-02-000000069047580	단백질쉐이크	nad-a001-02-000000553654562	bsn-a001-00-000000013604308	23	07	529514	M	3	0	0	6	0
20260908	4291318	cmp-a001-02-000000010764328	grp-a001-02-000000069047580	단백질	nad-a001-02-000000553654562	bsn-a001-00-000000013604308	23	02	684926	M	1	0	0	11	0
20260908	4291318	cmp-a001-02-000000010764328	grp-a001-02-000000069047580	견과류	nad-a001-02-000000541753960	bsn-a001-00-000000013604308	23	04	529514	M	7	0	0	21	0
20260908	4291318	cmp-a001-02-000000010764328	grp-a001-02-000000069047580	하루만	nad-a001-02-000000541753959	bsn-a001-00-000000013604308	23	09	98128	M	1	0	0	1	0
20260908	4291318	cmp-a001-02-000000010764328	grp-a001-02-000000069047580	단백질바	nad-a001-02-000000553654559	bsn-a001-00-000000013604308	23	08	684927	P	2	0	0	18	0
20260908	4291318	cmp-a001-02-000000010764328	grp-a001-02-000000069047580	혼합견과류	nad-a001-02-000000541753960	bsn-a001-00-000000013604308	23	03	768323	M	1	0	0	3	0
20260908	4291318	cmp-a001-02-000000010764328	grp-a001-02-000000069047580	단백질바	nad-a001-02-000000553654554	bsn-a001-00-000000013604308	23	03	529514	M	2	0	0	2	0
20260908	4291318	cmp-a001-02-000000010764328	grp-a001-02-000000069047580	황성주생식	nad-a001-02-000000541754005	bsn-a001-00-000000013604308	23	09	798056	M	8	0	0	32	0
20260908	4291318	cmp-a001-02-000000010764328	grp-a001-02-000000069047580	황성주생식	nad-a001-02-000000541753997	bsn-a001-00-000000013604308	23	06	8753	M	1	1	5484	1	0
20260908	4291318	cmp-a001-02-000000010764328	grp-a001-02-000000069047580	견과류	nad-a001-02-000000541753999	bsn-a001-00-000000013604308	23	10	8753	M	1	0	0	2	0
20260908	4291318	cmp-a001-02-000000010764328	grp-a001-02-000000069047580	하루견과	nad-a001-02-000000541753959	bsn-a001-00-000000013604308	23	17	8753	M	1	0	0	4	0
20260908	4291318	cmp-a001-02-000000010764328	grp-a001-02-000000069047580	프로틴	nad-a001-02-000000553654562	bsn-a001-00-000000013604308	23	14	768323	M	1	0	0	2	0
20260908	4291318	cmp-a001-02-000000010764328	grp-a001-02-000000069047580	스토어	nad-a001-02-000000541753997	bsn-a001-00-000000013604308	23	10	98128	M	1	0	0	2	0
20260908	4291318	cmp-a001-02-000000010764328	grp-a001-02-000000069047580	단백질간식	nad-a001-02-000000553654554	bsn-a001-00-000000013604308	23	02	8753	M	3	0	0	3	0
20260908	4291318	cmp-a001-02-000000010764328	grp-a001-02-000000069047580	하루견과	nad-a001-02-000000541753959	bsn-a001-00-000000013604308	23	10	684926	M	2	0	0	6	0
20260908	4291318	cmp-a001-02-000000010764328	grp-a001-02-000000069047580	단백질바	nad-a001-02-000000553654558	bsn-a001-00-000000013604308	23	01	529514	M	2	0	0	4	0
20260908	4291318	cmp-a001-02-000000010764328	grp-a001-02-000000069047580	갓	nad-a001-02-000000541753999	bsn-a001-00-000000013604308	23	11	27758	P	1	0	0	1	0
20260908	4291318	cmp-a001-02-000000010764328	grp-a001-02-000000069047580	단백질쉐이크	nad-a001-02-000000553654562	bsn-a001-00-000000013604308	23	03	529514	M	19	0	0	31	0
20260908	4291318	cmp-a001-02-000000010764328	grp-a001-02-000000069047580	프로틴	nad-a001-02-000000553654562	bsn-a001-00-000000013604308	23	10	768323	M	1	0	0	2	0
20260908	4291318	cmp-a001-02-000000010764328	grp-a001-02-000000069047580	견과류	nad-a001-02-000000541753959	bsn-a001-00-000000013604308	23	11	684926	M	2	1	2004	6	0
20260908	4291318	cmp-a001-02-000000010764328	grp-a001-02-000000069047580	견과류	nad-a001-02-000000541753959	bsn-a001-00-000000013604308	23	09	8753	M	4	0	0	14	0
20260908	4291318	cmp-a001-02-000000010764328	grp-a001-02-000000069047580	단백질바	nad-a001-02-000000553654554	bsn-a001-00-000000013604308	23	01	529514	M	2	0	0	2	0
20260908	4291318	cmp-a001-02-000000010764328	grp-a001-02-000000072573876	추석선물세트추천	nad-a001-02-000000573683835	bsn-a001-00-000000013604308	23	02	8753	M	1	0	0	4	0
20260908	4291318	cmp-a001-02-000000010764328	grp-a001-02-000000072573876	추석선물	nad-a001-02-000000573683834	bsn-a001-00-000000013604308	23	09	684926	M	1	0	0	5	0
20260908	4291318	cmp-a001-02-000000010764328	grp-a001-02-000000069047580	스틱젤리	nad-a001-02-000000541753985	bsn-a001-00-000000013604308	23	02	8753	M	1	0	0	12	0
20260908	4291318	cmp-a001-02-000000010764328	grp-a001-02-000000069047580	황성주생식	nad-a001-02-000000541753988	bsn-a001-00-000000013604308	23	09	798056	M	8	0	0	40	0
20260908	4291318	cmp-a001-02-000000010764328	grp-a001-02-000000069047580	맑은농산하루견과아몬드	nad-a001-02-000000541753959	bsn-a001-00-000000013604308	23	09	8753	M	1	0	0	3	0
20260908	4291318	cmp-a001-02-000000010764328	grp-a001-02-000000069047580	단백질간식	nad-a001-02-000000553654554	bsn-a001-00-000000013604308	23	02	33421	M	1	0	0	1	0
20260908	4291318	cmp-a001-02-000000010764328	grp-a001-02-000000069047580	황성주생식	nad-a001-02-000000541754004	bsn-a001-00-000000013604308	23	06	8753	M	1	0	0	2	0
20260908	4291318	cmp-a001-02-000000010764328	grp-a001-02-000000069047580	단백질바	nad-a001-02-000000553654558	bsn-a001-00-000000013604308	23	02	8753	M	1	0	0	4	0
20260908	4291318	cmp-a001-02-000000010764328	grp-a001-02-000000069047580	다이어트쉐이크	nad-a001-02-000000553654562	bsn-a001-00-000000013604308	23	03	768323	M	3	0	0	4	0
20260908	4291318	cmp-a001-02-000000010764328	grp-a001-02-000000069047580	하루견과	nad-a001-02-000000541753960	bsn-a001-00-000000013604308	23	03	612593	P	1	0	0	3	0
20260908	4291318	cmp-a001-02-000000010764328	grp-a001-02-000000072573876	추석선물	nad-a001-02-000000573683835	bsn-a001-00-000000013604308	23	15	33421	M	1	0	0	4	0
20260908	4291318	cmp-a001-02-000000010764328	grp-a001-02-000000069047580	사랑이	nad-a001-02-000000553654559	bsn-a001-00-000000013604308	23	99	529514	M	2	0	0	13	0
20260908	4291318	cmp-a001-02-000000010764328	grp-a001-02-000000069047580	하루견과	nad-a001-02-000000541753999	bsn-a001-00-000000013604308	23	02	684926	M	1	0	0	1	0
20260908	4291318	cmp-a001-02-000000010764328	grp-a001-02-000000069047580	견과류	nad-a001-02-000000541753999	bsn-a001-00-000000013604308	23	08	8753	M	1	0	0	2	0
20260908	4291318	cmp-a001-02-000000010764328	grp-a001-02-000000069047580	하루견과	nad-a001-02-000000541753999	bsn-a001-00-000000013604308	23	03	798055	P	1	0	0	1	0
20260908	4291318	cmp-a001-02-000000010764328	grp-a001-02-000000069047580	해밀리황성주생식	nad-a001-02-000000541753988	bsn-a001-00-000000013604308	23	13	8753	M	1	0	0	5	0
20260908	4291318	cmp-a001-02-000000010764328	grp-a001-02-000000069047580	프로틴	nad-a001-02-000000553654562	bsn-a001-00-000000013604308	23	01	684927	P	2	0	0	8	0
20260908	4291318	cmp-a001-02-000000010764328	grp-a001-02-000000069047580	단백질	nad-a001-02-000000553654562	bsn-a001-00-000000013604308	23	99	529514	M	15	0	0	26	0
20260908	4291318	cmp-a001-02-000000010764328	grp-a001-02-000000069047580	갓	nad-a001-02-000000541753959	bsn-a001-00-000000013604308	23	11	27758	P	1	0	0	2	0
20260908	4291318	cmp-a001-02-000000010764328	grp-a001-02-000000069047580	하루견과	nad-a001-02-000000541753960	bsn-a001-00-000000013604308	23	18	8753	M	1	0	0	3	0
20260908	4291318	cmp-a001-02-000000010764328	grp-a001-02-000000069047580	하루견과	nad-a001-02-000000541753999	bsn-a001-00-000000013604308	23	10	684926	M	2	0	0	2	0
20260908	4291318	cmp-a001-02-000000010764328	grp-a001-02-000000069047580	감미료없는프로틴바	nad-a001-02-000000553654558	bsn-a001-00-000000013604308	23	09	8753	M	1	0	0	6	0
20260908	4291318	cmp-a001-02-000000010764328	grp-a001-02-000000069047580	견과세트	nad-a001-02-000000541753959	bsn-a001-00-000000013604308	23	16	768323	M	1	0	0	1	0
20260908	4291318	cmp-a001-02-000000010764328	grp-a001-02-000000069047580	견과류	nad-a001-02-000000541753999	bsn-a001-00-000000013604308	23	01	529514	M	5	0	0	6	0
20260908	4291318	cmp-a001-02-000000010764328	grp-a001-02-000000069047580	에너지바	nad-a001-02-000000553654558	bsn-a001-00-000000013604308	23	02	529514	M	2	0	0	4	0
20260908	4291318	cmp-a001-02-000000010764328	grp-a001-02-000000069047580	젤리	nad-a001-02-000000541753985	bsn-a001-00-000000013604308	23	03	8753	M	1	0	0	6	0
20260908	4291318	cmp-a001-02-000000010764328	grp-a001-02-000000072573876	추석선물세트	nad-a001-02-000000573683834	bsn-a001-00-000000013604308	23	16	8753	M	2	1	7537	6	0
20260908	4291318	cmp-a001-02-000000010764328	grp-a001-02-000000072573876	추석선물세트	nad-a001-02-000000573683835	bsn-a001-00-000000013604308	23	18	33421	M	1	0	0	5	0
20260908	4291318	cmp-a001-02-000000010764328	grp-a001-02-000000069047580	프로틴쉐이크	nad-a001-02-000000553654562	bsn-a001-00-000000013604308	23	08	529514	M	2	0	0	2	0
20260908	4291318	cmp-a001-02-000000010764328	grp-a001-02-000000069047580	프로틴	nad-a001-02-000000553654562	bsn-a001-00-000000013604308	23	13	768323	M	2	0	0	3	0
20260908	4291318	cmp-a001-02-000000010764328	grp-a001-02-000000069047580	견과류	nad-a001-02-000000541753999	bsn-a001-00-000000013604308	23	04	8753	M	1	0	0	2	0
20260908	4291318	cmp-a001-02-000000010764328	grp-a001-02-000000069047580	하루견과	nad-a001-02-000000541753960	bsn-a001-00-000000013604308	23	99	529514	M	4	0	0	12	0
20260908	4291318	cmp-a001-02-000000010764328	grp-a001-02-000000072573876	추석선물세트	nad-a001-02-000000573683835	bsn-a001-00-000000013604308	23	06	8753	M	1	0	0	3	0
20260908	4291318	cmp-a001-02-000000010764328	grp-a001-02-000000069047580	견과세트	nad-a001-02-000000541753959	bsn-a001-00-000000013604308	23	08	768323	M	2	0	0	2	0
20260908	4291318	cmp-a001-02-000000010764328	grp-a001-02-000000072573876	추석선물	nad-a001-02-000000573683835	bsn-a001-00-000000013604308	23	07	8753	M	3	0	0	12	0
20260908	4291318	cmp-a001-02-000000010764328	grp-a001-02-000000072573876	추석선물세트	nad-a001-02-000000573683835	bsn-a001-00-000000013604308	23	16	33421	M	2	0	0	9	0
20260908	4291318	cmp-a001-02-000000010764328	grp-a001-02-000000069047580	단백질보충제	nad-a001-02-000000553654562	bsn-a001-00-000000013604308	23	03	529514	M	2	0	0	4	0
20260908	4291318	cmp-a001-02-000000010764328	grp-a001-02-000000072573876	명절선물	nad-a001-02-000000573683835	bsn-a001-00-000000013604308	23	02	98128	M	2	0	0	14	0
20260908	4291318	cmp-a001-02-000000010764328	grp-a001-02-000000069047580	단백질간식	nad-a001-02-000000553654559	bsn-a001-00-000000013604308	23	02	33421	M	1	0	0	9	0
20260908	4291318	cmp-a001-02-000000010764328	grp-a001-02-000000069047580	견과류추천	nad-a001-02-000000541753999	bsn-a001-00-000000013604308	23	11	684925	P	1	0	0	1	0
20260908	4291318	cmp-a001-02-000000010764328	grp-a001-02-000000069047580	견과류	nad-a001-02-000000541753999	bsn-a001-00-000000013604308	23	14	529514	M	2	0	0	2	0
20260908	4291318	cmp-a001-02-000000010764328	grp-a001-02-000000069047580	견과세트	nad-a001-02-000000541753999	bsn-a001-00-000000013604308	23	16	27758	P	1	0	0	1	0
20260908	4291318	cmp-a001-02-000000010764328	grp-a001-02-000000069047580	사랑	nad-a001-02-000000553654554	bsn-a001-00-000000013604308	23	11	98128	M	2	0	0	6	0
20260908	4291318	cmp-a001-02-000000010764328	grp-a001-02-000000069047580	견과류	nad-a001-02-000000541753960	bsn-a001-00-000000013604308	23	01	529514	M	5	0	0	13	0
20260908	4291318	cmp-a001-02-000000010764328	grp-a001-02-000000072573876	추석선물세트	nad-a001-02-000000573683834	bsn-a001-00-000000013604308	23	01	8753	M	1	0	0	4	0
20260908	4291318	cmp-a001-02-000000010764328	grp-a001-02-000000069047580	단백질바	nad-a001-02-000000553654558	bsn-a001-00-000000013604308	23	02	529514	M	2	0	0	4	0
20260908	4291318	cmp-a001-02-000000010764328	grp-a001-02-000000069047580	단백질바	nad-a001-02-000000553654559	bsn-a001-00-000000013604308	23	02	529514	M	2	0	0	6	0
20260908	4291318	cmp-a001-02-000000010764328	grp-a001-02-000000072573876	추석선물세트	nad-a001-02-000000573683834	bsn-a001-00-000000013604308	23	06	529514	M	7	0	0	14	0
20260908	4291318	cmp-a001-02-000000010764328	grp-a001-02-000000069047580	견과류	nad-a001-02-000000541753959	bsn-a001-00-000000013604308	23	11	529514	M	6	0	0	12	0
20260908	4291318	cmp-a001-02-000000010764328	grp-a001-02-000000069047580	쉐이크	nad-a001-02-000000553654562	bsn-a001-00-000000013604308	23	18	529514	M	2	0	0	4	0
20260908	4291318	cmp-a001-02-000000010764328	grp-a001-02-000000069047580	견과류	nad-a001-02-000000541753960	bsn-a001-00-000000013604308	23	09	529514	M	61	0	0	177	0
20260908	4291318	cmp-a001-02-000000010764328	grp-a001-02-000000069047580	하루견과	nad-a001-02-000000541753999	bsn-a001-00-000000013604308	23	02	633013	M	2	0	0	6	0
20260908	4291318	cmp-a001-02-000000010764328	grp-a001-02-000000069047580	황성주생식	nad-a001-02-000000541754004	bsn-a001-00-000000013604308	23	09	633013	M	1	0	0	2	0
20260908	4291318	cmp-a001-02-000000010764328	grp-a001-02-000000069047580	황성주생식	nad-a001-02-000000541754004	bsn-a001-00-000000013604308	23	09	798056	M	8	0	0	16	0
20260908	4291318	cmp-a001-02-000000010764328	grp-a001-02-000000072573876	추석선물세트	nad-a001-02-000000573683835	bsn-a001-00-000000013604308	23	11	8753	M	1	0	0	3	0
20260908	4291318	cmp-a001-02-000000010764328	grp-a001-02-000000069047580	견과류	nad-a001-02-000000541753959	bsn-a001-00-000000013604308	23	10	529514	M	1	0	0	2	0
20260908	4291318	cmp-a001-02-000000010764328	grp-a001-02-000000069047580	젤리	nad-a001-02-000000541753985	bsn-a001-00-000000013604308	23	04	529514	M	2	0	0	2	0
20260908	4291318	cmp-a001-02-000000010764328	grp-a001-02-000000069047580	견과세트	nad-a001-02-000000541753960	bsn-a001-00-000000013604308	23	16	768323	M	1	0	0	3	0
20260908	4291318	cmp-a001-02-000000010764328	grp-a001-02-000000069047580	단백질쉐이크	nad-a001-02-000000553654562	bsn-a001-00-000000013604308	23	09	684926	M	1	0	0	23	0
20260908	4291318	cmp-a001-02-000000010764328	grp-a001-02-000000069047580	스토어	nad-a001-02-000000541753997	bsn-a001-00-000000013604308	23	01	98128	M	1	0	0	2	0
20260908	4291318	cmp-a001-02-000000010764328	grp-a001-02-000000069047580	견과류	nad-a001-02-000000541753959	bsn-a001-00-000000013604308	23	04	8753	M	1	0	0	3	0
20260908	4291318	cmp-a001-02-000000010764328	grp-a001-02-000000069047580	프로틴	nad-a001-02-000000553654562	bsn-a001-00-000000013604308	23	08	768323	M	7	0	0	10	0
20260908	4291318	cmp-a001-02-000000010764328	grp-a001-02-000000072573876	추석선물	nad-a001-02-000000573683835	bsn-a001-00-000000013604308	23	09	98128	M	2	0	0	7	0
20260908	4291318	cmp-a001-02-000000010764328	grp-a001-02-000000069047580	단백질바	nad-a001-02-000000553654559	bsn-a001-00-000000013604308	23	03	529514	M	2	0	0	6	0
20260908	4291318	cmp-a001-02-000000010764328	grp-a001-02-000000069047580	단백질쉐이크	nad-a001-02-000000553654562	bsn-a001-00-000000013604308	23	04	529514	M	2	0	0	3	0
20260908	4291318	cmp-a001-02-000000010764328	grp-a001-02-000000072573876	추석선물	nad-a001-02-000000573683835	bsn-a001-00-000000013604308	23	15	8753	M	1	0	0	4	0
20260908	4291318	cmp-a001-02-000000010764328	grp-a001-02-000000069047580	견과류선물세트	nad-a001-02-000000541753960	bsn-a001-00-000000013604308	23	08	370822	P	1	0	0	1	0
20260908	4291318	cmp-a001-02-000000010764328	grp-a001-02-000000069047580	사랑	nad-a001-02-000000553654558	bsn-a001-00-000000013604308	23	11	98128	M	2	0	0	8	0
20260908	4291318	cmp-a001-02-000000010764328	grp-a001-02-000000069047580	단백질바	nad-a001-02-000000553654558	bsn-a001-00-000000013604308	23	09	8753	M	1	0	0	4	0
20260908	4291318	cmp-a001-02-000000010764328	grp-a001-02-000000069047580	단백질쉐이크	nad-a001-02-000000553654562	bsn-a001-00-000000013604308	23	16	33421	M	1	0	0	7	0
20260908	4291318	cmp-a001-02-000000010764328	grp-a001-02-000000069047580	견과류	nad-a001-02-000000541753960	bsn-a001-00-000000013604308	23	03	529514	M	10	0	0	28	0
20260908	4291318	cmp-a001-02-000000010764328	grp-a001-02-000000069047580	하루만	nad-a001-02-000000541753960	bsn-a001-00-000000013604308	23	09	98128	M	1	0	0	2	0
20260908	4291318	cmp-a001-02-000000010764328	grp-a001-02-000000069047580	젤리	nad-a001-02-000000541753985	bsn-a001-00-000000013604308	23	99	768323	M	1	0	0	3	0
20260908	4291318	cmp-a001-02-000000010764328	grp-a001-02-000000069047580	프로틴쉐이크	nad-a001-02-000000553654562	bsn-a001-00-000000013604308	23	02	529514	M	12	0	0	12	0
20260908	4291318	cmp-a001-02-000000010764328	grp-a001-02-000000069047580	단백질보충제	nad-a001-02-000000553654562	bsn-a001-00-000000013604308	23	02	529514	M	6	0	0	11	0
20260908	4291318	cmp-a001-02-000000010764328	grp-a001-02-000000069047580	견과류	nad-a001-02-000000541753960	bsn-a001-00-000000013604308	23	15	529514	M	12	0	0	36	0
20260908	4291318	cmp-a001-02-000000010764328	grp-a001-02-000000069047580	견과류	nad-a001-02-000000541753999	bsn-a001-00-000000013604308	23	06	529514	M	8	0	0	8	0
20260908	4291318	cmp-a001-02-000000010764328	grp-a001-02-000000072573876	추석선물세트	nad-a001-02-000000573683835	bsn-a001-00-000000013604308	23	10	8753	M	1	0	0	2	0
20260908	4291318	cmp-a001-02-000000010764328	grp-a001-02-000000072573876	추석선물	nad-a001-02-000000573683835	bsn-a001-00-000000013604308	23	08	529514	M	4	0	0	60	0
20260908	4291318	cmp-a001-02-000000010764328	grp-a001-02-000000069047580	하루견과	nad-a001-02-000000541753960	bsn-a001-00-000000013604308	23	02	633013	M	2	0	0	4	0
20260908	4291318	cmp-a001-02-000000010764328	grp-a001-02-000000069047580	단백질바	nad-a001-02-000000553654558	bsn-a001-00-000000013604308	23	99	529514	M	6	0	0	12	0
20260908	4291318	cmp-a001-02-000000010764328	grp-a001-02-000000069047580	단백질보충제	nad-a001-02-000000553654562	bsn-a001-00-000000013604308	23	13	684927	P	2	0	0	18	0
20260908	4291318	cmp-a001-02-000000010764328	grp-a001-02-000000069047580	견과류	nad-a001-02-000000541753999	bsn-a001-00-000000013604308	23	08	529514	M	11	0	0	11	0
20260908	4291318	cmp-a001-02-000000010764328	grp-a001-02-000000069047580	견과류	nad-a001-02-000000541753960	bsn-a001-00-000000013604308	23	03	8753	M	1	0	0	4	0
20260908	4291318	cmp-a001-02-000000010764328	grp-a001-02-000000069047580	프로틴	nad-a001-02-000000553654562	bsn-a001-00-000000013604308	23	06	684926	M	1	0	0	12	0
20260908	4291318	cmp-a001-02-000000010764328	grp-a001-02-000000069047580	견과류	nad-a001-02-000000541753959	bsn-a001-00-000000013604308	23	15	529514	M	12	0	0	14	0
20260908	4291318	cmp-a001-02-000000010764328	grp-a001-02-000000069047580	단백질바	nad-a001-02-000000553654559	bsn-a001-00-000000013604308	23	15	529514	M	2	0	0	6	0
20260908	4291318	cmp-a001-02-000000010764328	grp-a001-02-000000069047580	견과류	nad-a001-02-000000541753959	bsn-a001-00-000000013604308	23	08	8753	M	1	0	0	4	0
20260908	4291318	cmp-a001-02-000000010764328	grp-a001-02-000000069047580	견과류	nad-a001-02-000000541753959	bsn-a001-00-000000013604308	23	10	8753	M	1	0	0	3	0
20260908	4291318	cmp-a001-02-000000010764328	grp-a001-02-000000069047580	추석선물세트	nad-a001-02-000000541754005	bsn-a001-00-000000013604308	23	03	370822	P	1	1	3587	2	0
20260908	4291318	cmp-a001-02-000000010764328	grp-a001-02-000000069047580	젤리	nad-a001-02-000000541753985	bsn-a001-00-000000013604308	23	09	529514	M	2	0	0	2	0
20260908	4291318	cmp-a001-02-000000010764328	grp-a001-02-000000069047580	식사대용	nad-a001-02-000000553654562	bsn-a001-00-000000013604308	23	99	684926	M	1	0	0	20	0
20260908	4291318	cmp-a001-02-000000010764328	grp-a001-02-000000069047580	하루견과	nad-a001-02-000000541753960	bsn-a001-00-000000013604308	23	09	529514	M	20	0	0	60	0
20260908	4291318	cmp-a001-02-000000010764328	grp-a001-02-000000069047580	젤리	nad-a001-02-000000541753985	bsn-a001-00-000000013604308	23	11	529514	M	9	0	0	27	0
20260908	4291318	cmp-a001-02-000000010764328	grp-a001-02-000000069047580	프로틴바	nad-a001-02-000000553654558	bsn-a001-00-000000013604308	23	09	529514	M	4	0	0	8	0
20260908	4291318	cmp-a001-02-000000010764328	grp-a001-02-000000069047580	프로틴바	nad-a001-02-000000553654559	bsn-a001-00-000000013604308	23	03	768323	M	1	0	0	3	0
20260908	4291318	cmp-a001-02-000000010764328	grp-a001-02-000000069047580	단백질24프로틴바	nad-a001-02-000000553654558	bsn-a001-00-000000013604308	23	18	8753	M	1	0	0	4	0
20260908	4291318	cmp-a001-02-000000010764328	grp-a001-02-000000069047580	프로틴바	nad-a001-02-000000553654559	bsn-a001-00-000000013604308	23	02	768323	M	2	0	0	8	0
20260908	4291318	cmp-a001-02-000000010764328	grp-a001-02-000000069047580	견과류	nad-a001-02-000000541753959	bsn-a001-00-000000013604308	23	08	529514	M	11	0	0	22	0
20260908	4291318	cmp-a001-02-000000010764328	grp-a001-02-000000072573876	추석선물세트추천	nad-a001-02-000000573683835	bsn-a001-00-000000013604308	23	15	8753	M	1	0	0	11	0
20260908	4291318	cmp-a001-02-000000010764328	grp-a001-02-000000069047580	견과세트	nad-a001-02-000000541753959	bsn-a001-00-000000013604308	23	09	27758	P	1	0	0	3	0
20260908	4291318	cmp-a001-02-000000010764328	grp-a001-02-000000069047580	다이어트쉐이크	nad-a001-02-000000553654562	bsn-a001-00-000000013604308	23	02	768323	M	1	0	0	2	0
20260908	4291318	cmp-a001-02-000000010764328	grp-a001-02-000000069047580	견과류	nad-a001-02-000000541753960	bsn-a001-00-000000013604308	23	13	529514	M	3	0	0	9	0
20260908	4291318	cmp-a001-02-000000010764328	grp-a001-02-000000072573876	추석선물	nad-a001-02-000000573683835	bsn-a001-00-000000013604308	23	09	529514	M	10	0	0	146	0
20260908	4291318	cmp-a001-02-000000010764328	grp-a001-02-000000069047580	황성주생식	nad-a001-02-000000541754004	bsn-a001-00-000000013604308	23	04	8753	M	1	0	0	3	0
20260908	4291318	cmp-a001-02-000000010764328	grp-a001-02-000000069047580	하루견과	nad-a001-02-000000541753999	bsn-a001-00-000000013604308	23	02	8753	M	3	0	0	3	0
20260908	4291318	cmp-a001-02-000000010764328	grp-a001-02-000000069047580	단백질바	nad-a001-02-000000553654554	bsn-a001-00-000000013604308	23	09	8753	M	1	0	0	3	0
20260908	4291318	cmp-a001-02-000000010764328	grp-a001-02-000000069047580	해밀리황성주생식	nad-a001-02-000000541753997	bsn-a001-00-000000013604308	23	13	8753	M	1	0	0	1	0
20260908	4291318	cmp-a001-02-000000010764328	grp-a001-02-000000069047580	단백질바쿠키앤크림	nad-a001-02-000000553654554	bsn-a001-00-000000013604308	23	02	8753	M	1	0	0	1	0
20260908	4291318	cmp-a001-02-000000010764328	grp-a001-02-000000069047580	하루견과	nad-a001-02-000000541753960	bsn-a001-00-000000013604308	23	16	529514	M	2	0	0	6	0
20260908	4291318	cmp-a001-02-000000010764328	grp-a001-02-000000069047580	하루견과	nad-a001-02-000000541753999	bsn-a001-00-000000013604308	23	04	8753	M	3	0	0	3	0
20260908	4291318	cmp-a001-02-000000010764328	grp-a001-02-000000069047580	단백질24프로틴바	nad-a001-02-000000553654554	bsn-a001-00-000000013604308	23	18	8753	M	1	0	0	1	0
20260908	4291318	cmp-a001-02-000000010764328	grp-a001-02-000000069047580	견과류	nad-a001-02-000000541753959	bsn-a001-00-000000013604308	23	06	529514	M	8	0	0	16	0
20260908	4291318	cmp-a001-02-000000010764328	grp-a001-02-000000072573876	추석선물세트	nad-a001-02-000000573683834	bsn-a001-00-000000013604308	23	15	529514	M	5	0	0	10	0
20260908	4291318	cmp-a001-02-000000010764328	grp-a001-02-000000069047580	견과류추천	nad-a001-02-000000541753960	bsn-a001-00-000000013604308	23	03	8753	M	2	0	0	10	0
20260908	4291318	cmp-a001-02-000000010764328	grp-a001-02-000000069047580	견과류세트	nad-a001-02-000000541753999	bsn-a001-00-000000013604308	23	18	8753	M	1	0	0	1	0
20260908	4291318	cmp-a001-02-000000010764328	grp-a001-02-000000072573876	추석선물세트	nad-a001-02-000000573683834	bsn-a001-00-000000013604308	23	99	529514	M	6	0	0	12	0
20260908	4291318	cmp-a001-02-000000010764328	grp-a001-02-000000072573876	추석선물	nad-a001-02-000000573683835	bsn-a001-00-000000013604308	23	02	529514	M	5	0	0	75	0
20260908	4291318	cmp-a001-02-000000010764328	grp-a001-02-000000069047580	견과세트	nad-a001-02-000000541753959	bsn-a001-00-000000013604308	23	10	768323	M	1	0	0	1	0
20260908	4291318	cmp-a001-02-000000010764328	grp-a001-02-000000069047580	단백질바	nad-a001-02-000000553654558	bsn-a001-00-000000013604308	23	07	529514	M	7	0	0	13	0
20260908	4291318	cmp-a001-02-000000010764328	grp-a001-02-000000069047580	스토어	nad-a001-02-000000541753997	bsn-a001-00-000000013604308	23	13	248824	P	4	0	0	4	0
20260908	4291318	cmp-a001-02-000000010764328	grp-a001-02-000000069047580	다이어트쉐이크	nad-a001-02-000000553654562	bsn-a001-00-000000013604308	23	18	768323	M	3	0	0	5	0
20260908	4291318	cmp-a001-02-000000010764328	grp-a001-02-000000069047580	프로틴	nad-a001-02-000000553654562	bsn-a001-00-000000013604308	23	11	768323	M	1	0	0	2	0
20260908	4291318	cmp-a001-02-000000010764328	grp-a001-02-000000069047580	다이어트쉐이크	nad-a001-02-000000553654562	bsn-a001-00-000000013604308	23	99	529514	M	6	0	0	6	0
20260908	4291318	cmp-a001-02-000000010764328	grp-a001-02-000000072573876	추석선물세트	nad-a001-02-000000573683835	bsn-a001-00-000000013604308	23	09	529514	M	33	0	0	79	0
20260908	4291318	cmp-a001-02-000000010764328	grp-a001-02-000000069047580	쉐이크	nad-a001-02-000000553654562	bsn-a001-00-000000013604308	23	02	529514	M	2	0	0	2	0
20260908	4291318	cmp-a001-02-000000010764328	grp-a001-02-000000069047580	견과	nad-a001-02-000000541753959	bsn-a001-00-000000013604308	23	18	529514	M	3	0	0	4	0
20260908	4291318	cmp-a001-02-000000010764328	grp-a001-02-000000069047580	프로틴바	nad-a001-02-000000553654554	bsn-a001-00-000000013604308	23	09	8753	M	1	0	0	4	0
20260908	4291318	cmp-a001-02-000000010764328	grp-a001-02-000000069047580	프로틴바	nad-a001-02-000000553654559	bsn-a001-00-000000013604308	23	09	529514	M	4	0	0	12	0
20260908	4291318	cmp-a001-02-000000010764328	grp-a001-02-000000069047580	프로틴	nad-a001-02-000000553654562	bsn-a001-00-000000013604308	23	08	529514	M	27	0	0	27	0
20260908	4291318	cmp-a001-02-000000010764328	grp-a001-02-000000072573876	추석선물세트	nad-a001-02-000000573683835	bsn-a001-00-000000013604308	23	14	8753	M	1	0	0	3	0
20260908	4291318	cmp-a001-02-000000010764328	grp-a001-02-000000069047580	단백질바쿠키앤크림	nad-a001-02-000000553654558	bsn-a001-00-000000013604308	23	02	8753	M	1	0	0	3	0
20260908	4291318	cmp-a001-02-000000010764328	grp-a001-02-000000072573876	명절선물	nad-a001-02-000000573683835	bsn-a001-00-000000013604308	23	16	8753	M	1	0	0	15	0
20260908	4291318	cmp-a001-02-000000010764328	grp-a001-02-000000069047580	단백질보충제	nad-a001-02-000000553654562	bsn-a001-00-000000013604308	23	02	684926	M	1	0	0	10	0
20260908	4291318	cmp-a001-02-000000010764328	grp-a001-02-000000069047580	견과세트	nad-a001-02-000000541753960	bsn-a001-00-000000013604308	23	02	768323	M	7	0	0	21	0
20260908	4291318	cmp-a001-02-000000010764328	grp-a001-02-000000069047580	견과류	nad-a001-02-000000541753960	bsn-a001-00-000000013604308	23	09	33421	M	1	0	0	3	0
20260908	4291318	cmp-a001-02-000000010764328	grp-a001-02-000000069047580	황성주생식	nad-a001-02-000000541753997	bsn-a001-00-000000013604308	23	09	798056	M	8	0	0	8	0
20260908	4291318	cmp-a001-02-000000010764328	grp-a001-02-000000072573876	추석선물	nad-a001-02-000000573683835	bsn-a001-00-000000013604308	23	09	684926	M	1	0	0	3	0
20260908	4291318	cmp-a001-02-000000010764328	grp-a001-02-000000069047580	견과류	nad-a001-02-000000541753959	bsn-a001-00-000000013604308	23	03	529514	M	10	0	0	21	0
20260908	4291318	cmp-a001-02-000000010764328	grp-a001-02-000000069047580	프로틴	nad-a001-02-000000553654562	bsn-a001-00-000000013604308	23	16	529514	M	8	0	0	8	0
20260908	4291318	cmp-a001-02-000000010764328	grp-a001-02-000000069047580	갓	nad-a001-02-000000541753960	bsn-a001-00-000000013604308	23	18	11068	P	2	0	0	6	0
20260908	4291318	cmp-a001-02-000000010764328	grp-a001-02-000000069047580	단백질보충제	nad-a001-02-000000553654562	bsn-a001-00-000000013604308	23	11	87620	M	1	0	0	1	0
20260908	4291318	cmp-a001-02-000000010764328	grp-a001-02-000000069047580	단백질쉐이크	nad-a001-02-000000553654562	bsn-a001-00-000000013604308	23	11	529514	M	4	0	0	6	0
20260908	4291318	cmp-a001-02-000000010764328	grp-a001-02-000000069047580	견과류	nad-a001-02-000000541753959	bsn-a001-00-000000013604308	23	99	529514	M	26	0	0	52	0
20260908	4291318	cmp-a001-02-000000010764328	grp-a001-02-000000069047580	견과류	nad-a001-02-000000541753959	bsn-a001-00-000000013604308	23	15	8753	M	2	0	0	8	0
20260908	4291318	cmp-a001-02-000000010764328	grp-a001-02-000000069047580	혼합견과류	nad-a001-02-000000541753999	bsn-a001-00-000000013604308	23	03	768323	M	1	0	0	2	0
20260908	4291318	cmp-a001-02-000000010764328	grp-a001-02-000000069047580	견과류	nad-a001-02-000000541753960	bsn-a001-00-000000013604308	23	00	8753	M	1	0	0	3	0
20260908	4291318	cmp-a001-02-000000010764328	grp-a001-02-000000069047580	혼합견과류	nad-a001-02-000000541753959	bsn-a001-00-000000013604308	23	03	768323	M	1	0	0	1	0
20260908	4291318	cmp-a001-02-000000010764328	grp-a001-02-000000069047580	하루견과	nad-a001-02-000000541753959	bsn-a001-00-000000013604308	23	00	633013	M	1	0	0	2	0
20260908	4291318	cmp-a001-02-000000010764328	grp-a001-02-000000069047580	프로틴	nad-a001-02-000000553654562	bsn-a001-00-000000013604308	23	03	529514	M	3	0	0	3	0
20260908	4291318	cmp-a001-02-000000010764328	grp-a001-02-000000069047580	견과류	nad-a001-02-000000541753959	bsn-a001-00-000000013604308	23	04	529514	M	7	0	0	14	0
20260908	4291318	cmp-a001-02-000000010764328	grp-a001-02-000000069047580	견과세트	nad-a001-02-000000541753959	bsn-a001-00-000000013604308	23	11	768323	M	3	0	0	3	0
20260908	4291318	cmp-a001-02-000000010764328	grp-a001-02-000000069047580	생식가루	nad-a001-02-000000541753997	bsn-a001-00-000000013604308	23	06	684926	M	1	0	0	2	0
20260908	4291318	cmp-a001-02-000000010764328	grp-a001-02-000000069047580	견과류추천	nad-a001-02-000000541753999	bsn-a001-00-000000013604308	23	09	8753	M	2	0	0	3	0
20260908	4291318	cmp-a001-02-000000010764328	grp-a001-02-000000069047580	단백질보충제	nad-a001-02-000000553654562	bsn-a001-00-000000013604308	23	09	529514	M	2	0	0	3	0
20260908	4291318	cmp-a001-02-000000010764328	grp-a001-02-000000069047580	견과류세트	nad-a001-02-000000541753959	bsn-a001-00-000000013604308	23	02	8753	M	1	0	0	5	0
20260908	4291318	cmp-a001-02-000000010764328	grp-a001-02-000000072573876	추석선물	nad-a001-02-000000573683835	bsn-a001-00-000000013604308	23	13	529514	M	1	0	0	15	0
20260908	4291318	cmp-a001-02-000000010764328	grp-a001-02-000000069047580	견과류	nad-a001-02-000000541753999	bsn-a001-00-000000013604308	23	02	529514	M	28	0	0	28	0
20260908	4291318	cmp-a001-02-000000010764328	grp-a001-02-000000069047580	견과류세트	nad-a001-02-000000541753960	bsn-a001-00-000000013604308	23	18	8753	M	1	0	0	2	0
20260908	4291318	cmp-a001-02-000000010764328	grp-a001-02-000000072573876	추석선물	nad-a001-02-000000573683834	bsn-a001-00-000000013604308	23	15	33421	M	1	0	0	3	0
20260908	4291318	cmp-a001-02-000000010764328	grp-a001-02-000000069047580	견과류	nad-a001-02-000000541753959	bsn-a001-00-000000013604308	23	99	684926	M	2	0	0	4	0
20260908	4291318	cmp-a001-02-000000010764328	grp-a001-02-000000069047580	견과세트	nad-a001-02-000000541753960	bsn-a001-00-000000013604308	23	11	768323	M	3	0	0	9	0
20260908	4291318	cmp-a001-02-000000010764328	grp-a001-02-000000069047580	단백질간식	nad-a001-02-000000553654558	bsn-a001-00-000000013604308	23	02	8753	M	3	0	0	9	0
20260908	4291318	cmp-a001-02-000000010764328	grp-a001-02-000000069047580	황성주생식	nad-a001-02-000000541754005	bsn-a001-00-000000013604308	23	06	8753	M	1	0	0	4	0
20260908	4291318	cmp-a001-02-000000010764328	grp-a001-02-000000069047580	견과류	nad-a001-02-000000541753999	bsn-a001-00-000000013604308	23	07	684926	M	2	0	0	4	0
20260908	4291318	cmp-a001-02-000000010764328	grp-a001-02-000000069047580	단백질	nad-a001-02-000000553654562	bsn-a001-00-000000013604308	23	07	684926	M	2	0	0	24	0
20260908	4291318	cmp-a001-02-000000010764328	grp-a001-02-000000069047580	에너지바	nad-a001-02-000000553654559	bsn-a001-00-000000013604308	23	02	529514	M	2	0	0	6	0
20260908	4291318	cmp-a001-02-000000010764328	grp-a001-02-000000072573876	추석선물세트추천	nad-a001-02-000000573683834	bsn-a001-00-000000013604308	23	06	8753	M	1	0	0	8	0
20260908	4291318	cmp-a001-02-000000010764328	grp-a001-02-000000069047580	견과류추천	nad-a001-02-000000541753999	bsn-a001-00-000000013604308	23	02	8753	M	1	0	0	2	0
20260908	4291318	cmp-a001-02-000000010764328	grp-a001-02-000000069047580	에너지바	nad-a001-02-000000553654558	bsn-a001-00-000000013604308	23	01	8753	M	1	0	0	4	0
20260908	4291318	cmp-a001-02-000000010764328	grp-a001-02-000000069047580	스토어	nad-a001-02-000000541753997	bsn-a001-00-000000013604308	23	99	98128	M	1	0	0	2	0
20260908	4291318	cmp-a001-02-000000010764328	grp-a001-02-000000072573876	추석선물세트	nad-a001-02-000000573683834	bsn-a001-00-000000013604308	23	11	529514	M	2	0	0	4	0
20260908	4291318	cmp-a001-02-000000010764328	grp-a001-02-000000069047580	사랑	nad-a001-02-000000553654559	bsn-a001-00-000000013604308	23	11	98128	M	2	0	0	12	0
20260908	4291318	cmp-a001-02-000000010764328	grp-a001-02-000000069047580	단백질보충제	nad-a001-02-000000553654562	bsn-a001-00-000000013604308	23	18	529514	M	2	0	0	4	0
20260908	4291318	cmp-a001-02-000000010764328	grp-a001-02-000000069047580	견과류	nad-a001-02-000000541753999	bsn-a001-00-000000013604308	23	10	529514	M	1	0	0	1	0
20260908	4291318	cmp-a001-02-000000010764328	grp-a001-02-000000069047580	견과류세트	nad-a001-02-000000541753959	bsn-a001-00-000000013604308	23	18	8753	M	1	0	0	3	0
20260908	4291318	cmp-a001-02-000000010764328	grp-a001-02-000000069047580	하루견과	nad-a001-02-000000541753960	bsn-a001-00-000000013604308	23	03	798055	P	1	0	0	2	0
20260908	4291318	cmp-a001-02-000000010764328	grp-a001-02-000000069047580	견과류	nad-a001-02-000000541753960	bsn-a001-00-000000013604308	23	02	8753	M	5	0	0	19	0
20260908	4291318	cmp-a001-02-000000010764328	grp-a001-02-000000069047580	하루견과	nad-a001-02-000000541753959	bsn-a001-00-000000013604308	23	09	8753	M	1	0	0	5	0
20260908	4291318	cmp-a001-02-000000010764328	grp-a001-02-000000069047580	견과세트	nad-a001-02-000000541753999	bsn-a001-00-000000013604308	23	07	768323	M	1	0	0	2	0
20260908	4291318	cmp-a001-02-000000010764328	grp-a001-02-000000069047580	단백질바추천	nad-a001-02-000000553654554	bsn-a001-00-000000013604308	23	09	8753	M	1	0	0	3	0
20260908	4291318	cmp-a001-02-000000010764328	grp-a001-02-000000072573876	추석선물세트	nad-a001-02-000000573683834	bsn-a001-00-000000013604308	23	16	529514	M	2	0	0	4	0
20260908	4291318	cmp-a001-02-000000010764328	grp-a001-02-000000069047580	프로틴	nad-a001-02-000000553654562	bsn-a001-00-000000013604308	23	03	768323	M	3	0	0	4	0
20260908	4291318	cmp-a001-02-000000010764328	grp-a001-02-000000069047580	스토어	nad-a001-02-000000541753997	bsn-a001-00-000000013604308	23	13	98128	M	3	0	0	6	0
20260908	4291318	cmp-a001-02-000000010764328	grp-a001-02-000000069047580	프로틴바	nad-a001-02-000000553654554	bsn-a001-00-000000013604308	23	09	27758	P	1	0	0	2	0
20260908	4291318	cmp-a001-02-000000010764328	grp-a001-02-000000069047580	스토어	nad-a001-02-000000541753997	bsn-a001-00-000000013604308	23	11	98128	M	1	0	0	2	0
20260908	4291318	cmp-a001-02-000000010764328	grp-a001-02-000000069047580	프로틴바	nad-a001-02-000000553654559	bsn-a001-00-000000013604308	23	02	529514	M	2	0	0	6	0
20260908	4291318	cmp-a001-02-000000010764328	grp-a001-02-000000069047580	하루견과	nad-a001-02-000000541753959	bsn-a001-00-000000013604308	23	16	529514	M	2	0	0	4	0
20260908	4291318	cmp-a001-02-000000010764328	grp-a001-02-000000069047580	하루견과	nad-a001-02-000000541753999	bsn-a001-00-000000013604308	23	16	529514	M	2	0	0	2	0
20260908	4291318	cmp-a001-02-000000010764328	grp-a001-02-000000069047580	견과류세트	nad-a001-02-000000541753960	bsn-a001-00-000000013604308	23	02	8753	M	1	0	0	3	0
20260908	4291318	cmp-a001-02-000000010764328	grp-a001-02-000000069047580	견과류	nad-a001-02-000000541753960	bsn-a001-00-000000013604308	23	08	8753	M	1	0	0	3	0
20260908	4291318	cmp-a001-02-000000010764328	grp-a001-02-000000072573876	추석선물세트	nad-a001-02-000000573683834	bsn-a001-00-000000013604308	23	02	529514	M	27	0	0	54	0
20260908	4291318	cmp-a001-02-000000010764328	grp-a001-02-000000069047580	하루만	nad-a001-02-000000541753999	bsn-a001-00-000000013604308	23	09	98128	M	1	0	0	3	0
20260908	4291318	cmp-a001-02-000000010764328	grp-a001-02-000000072573876	추석선물세트	nad-a001-02-000000573683835	bsn-a001-00-000000013604308	23	03	370822	P	1	0	0	1	0
20260908	4291318	cmp-a001-02-000000010764328	grp-a001-02-000000069047580	프로틴	nad-a001-02-000000553654562	bsn-a001-00-000000013604308	23	06	529514	M	8	0	0	8	0
20260908	4291318	cmp-a001-02-000000010764328	grp-a001-02-000000069047580	견과류	nad-a001-02-000000541753959	bsn-a001-00-000000013604308	23	18	529514	M	9	0	0	20	0
20260908	4291318	cmp-a001-02-000000010764328	grp-a001-02-000000069047580	견과류	nad-a001-02-000000541753959	bsn-a001-00-000000013604308	23	00	8753	M	1	0	0	2	0
20260908	4291318	cmp-a001-02-000000010764328	grp-a001-02-000000072573876	추석선물	nad-a001-02-000000573683835	bsn-a001-00-000000013604308	23	09	33421	M	2	0	0	10	0
20260908	4291318	cmp-a001-02-000000010764328	grp-a001-02-000000069047580	황성주생식	nad-a001-02-000000541753996	bsn-a001-00-000000013604308	23	09	633013	M	1	0	0	3	0
20260908	4291318	cmp-a001-02-000000010764328	grp-a001-02-000000069047580	견과류	nad-a001-02-000000541753959	bsn-a001-00-000000013604308	23	06	8753	M	1	0	0	4	0
20260908	4291318	cmp-a001-02-000000010764328	grp-a001-02-000000069047580	견과류	nad-a001-02-000000541753959	bsn-a001-00-000000013604308	23	13	529514	M	3	0	0	6	0
20260908	4291318	cmp-a001-02-000000010764328	grp-a001-02-000000069047580	견과류	nad-a001-02-000000541753999	bsn-a001-00-000000013604308	23	99	684926	M	2	0	0	2	0
20260908	4291318	cmp-a001-02-000000010764328	grp-a001-02-000000069047580	다이어트쉐이크	nad-a001-02-000000553654562	bsn-a001-00-000000013604308	23	02	529514	M	4	0	0	4	0
20260908	4291318	cmp-a001-02-000000010764328	grp-a001-02-000000069047580	견과세트	nad-a001-02-000000541753960	bsn-a001-00-000000013604308	23	09	684925	P	1	0	0	1	0
20260908	4291318	cmp-a001-02-000000010764328	grp-a001-02-000000072573876	추석선물세트	nad-a001-02-000000573683834	bsn-a001-00-000000013604308	23	16	33421	M	2	0	0	2	0
20260908	4291318	cmp-a001-02-000000010764328	grp-a001-02-000000069047580	견과류	nad-a001-02-000000541753999	bsn-a001-00-000000013604308	23	11	529514	M	6	0	0	6	0
20260908	4291318	cmp-a001-02-000000010764328	grp-a001-02-000000069047580	프로틴	nad-a001-02-000000553654562	bsn-a001-00-000000013604308	23	15	529514	M	8	0	0	8	0
20260908	4291318	cmp-a001-02-000000010764328	grp-a001-02-000000069047580	견과류	nad-a001-02-000000541753960	bsn-a001-00-000000013604308	23	17	529514	M	2	0	0	6	0
20260908	4291318	cmp-a001-02-000000010764328	grp-a001-02-000000069047580	사랑이	nad-a001-02-000000553654558	bsn-a001-00-000000013604308	23	99	529514	M	2	0	0	6	0
20260908	4291318	cmp-a001-02-000000010764328	grp-a001-02-000000069047580	해밀리황성주생식	nad-a001-02-000000541753996	bsn-a001-00-000000013604308	23	13	8753	M	1	0	0	3	0
20260908	4291318	cmp-a001-02-000000010764328	grp-a001-02-000000069047580	에너지바	nad-a001-02-000000553654554	bsn-a001-00-000000013604308	23	02	529514	M	2	0	0	2	0
20260908	4291318	cmp-a001-02-000000010764328	grp-a001-02-000000069047580	단백질바	nad-a001-02-000000553654558	bsn-a001-00-000000013604308	23	15	529514	M	2	0	0	4	0
20260908	4291318	cmp-a001-02-000000010764328	grp-a001-02-000000072573876	추석선물	nad-a001-02-000000573683835	bsn-a001-00-000000013604308	23	03	529514	M	4	0	0	60	0
20260908	4291318	cmp-a001-02-000000010764328	grp-a001-02-000000069047580	견과	nad-a001-02-000000541753999	bsn-a001-00-000000013604308	23	18	529514	M	3	0	0	5	0
20260908	4291318	cmp-a001-02-000000010764328	grp-a001-02-000000069047580	황성주생식라이프밀	nad-a001-02-000000541753996	bsn-a001-00-000000013604308	23	06	684926	M	0	1	5426	0	0
20260908	4291318	cmp-a001-02-000000010764328	grp-a001-02-000000069047580	가루	nad-a001-02-000000541753996	bsn-a001-00-000000013604308	23	01	8753	M	1	0	0	2	0
20260908	4291318	cmp-a001-02-000000010764328	grp-a001-02-000000069047580	단백질바	nad-a001-02-000000553654558	bsn-a001-00-000000013604308	23	03	529514	M	2	0	0	4	0
20260908	4291318	cmp-a001-02-000000010764328	grp-a001-02-000000069047580	견과류	nad-a001-02-000000541753959	bsn-a001-00-000000013604308	23	07	684926	M	2	0	0	6	0
20260908	4291318	cmp-a001-02-000000010764328	grp-a001-02-000000069047580	에너지바	nad-a001-02-000000553654559	bsn-a001-00-000000013604308	23	16	684926	M	2	0	0	12	0
20260908	4291318	cmp-a001-02-000000010764328	grp-a001-02-000000069047580	견과류	nad-a001-02-000000541753960	bsn-a001-00-000000013604308	23	08	529514	M	11	0	0	33	0
20260908	4291318	cmp-a001-02-000000010764328	grp-a001-02-000000072573876	추석선물세트	nad-a001-02-000000573683835	bsn-a001-00-000000013604308	23	02	529514	M	27	0	0	65	0
20260908	4291318	cmp-a001-02-000000010764328	grp-a001-02-000000069047580	쉐이크	nad-a001-02-000000553654562	bsn-a001-00-000000013604308	23	09	529514	M	2	0	0	4	0
20260908	4291318	cmp-a001-02-000000010764328	grp-a001-02-000000069047580	다이어트쉐이크	nad-a001-02-000000553654562	bsn-a001-00-000000013604308	23	18	529514	M	2	0	0	2	0
20260908	4291318	cmp-a001-02-000000010764328	grp-a001-02-000000069047580	견과류	nad-a001-02-000000541753999	bsn-a001-00-000000013604308	23	09	8753	M	4	0	0	8	0
20260908	4291318	cmp-a001-02-000000010764328	grp-a001-02-000000069047580	쉐이크	nad-a001-02-000000553654562	bsn-a001-00-000000013604308	23	04	529514	M	5	0	0	7	0
20260908	4291318	cmp-a001-02-000000010764328	grp-a001-02-000000069047580	견과류	nad-a001-02-000000541753959	bsn-a001-00-000000013604308	23	01	529514	M	5	0	0	11	0
20260908	4291318	cmp-a001-02-000000010764328	grp-a001-02-000000069047580	하루	nad-a001-02-000000541753960	bsn-a001-00-000000013604308	23	02	137281	M	8	0	0	8	0
20260908	4291318	cmp-a001-02-000000010764328	grp-a001-02-000000069047580	견과세트	nad-a001-02-000000541753959	bsn-a001-00-000000013604308	23	07	768323	M	1	0	0	1	0
20260908	4291318	cmp-a001-02-000000010764328	grp-a001-02-000000069047580	견과류	nad-a001-02-000000541753999	bsn-a001-00-000000013604308	23	17	529514	M	2	0	0	2	0
20260908	4291318	cmp-a001-02-000000010764328	grp-a001-02-000000072573876	추석선물세트	nad-a001-02-000000573683835	bsn-a001-00-000000013604308	23	06	529514	M	4	0	0	11	0
20260908	4291318	cmp-a001-02-000000010764328	grp-a001-02-000000069047580	갓	nad-a001-02-000000541753960	bsn-a001-00-000000013604308	23	02	529514	M	18	0	0	54	0
20260908	4291318	cmp-a001-02-000000010764328	grp-a001-02-000000069047580	단백질바	nad-a001-02-000000553654554	bsn-a001-00-000000013604308	23	09	529514	M	8	0	0	8	0
20260908	4291318	cmp-a001-02-000000010764328	grp-a001-02-000000069047580	프로틴	nad-a001-02-000000553654562	bsn-a001-00-000000013604308	23	99	768323	M	19	0	0	32	0
20260908	4291318	cmp-a001-02-000000010764328	grp-a001-02-000000069047580	견과류	nad-a001-02-000000541753959	bsn-a001-00-000000013604308	23	13	684926	M	2	0	0	8	0
20260908	4291318	cmp-a001-02-000000010764328	grp-a001-02-000000069047580	스토어	nad-a001-02-000000541753997	bsn-a001-00-000000013604308	23	02	98128	M	4	0	0	8	0
20260908	4291318	cmp-a001-02-000000010764328	grp-a001-02-000000069047580	다이어트쉐이크	nad-a001-02-000000553654562	bsn-a001-00-000000013604308	23	99	768323	M	1	0	0	2	0
20260908	4291318	cmp-a001-02-000000010764328	grp-a001-02-000000069047580	프로틴	nad-a001-02-000000553654562	bsn-a001-00-000000013604308	23	09	768323	M	28	0	0	42	0
20260908	4291318	cmp-a001-02-000000010764328	grp-a001-02-000000069047580	젤리	nad-a001-02-000000541753985	bsn-a001-00-000000013604308	23	13	98128	M	2	0	0	2	0
20260908	4291318	cmp-a001-02-000000010764328	grp-a001-02-000000069047580	가루	nad-a001-02-000000541753988	bsn-a001-00-000000013604308	23	07	98128	M	1	0	0	7	0
20260908	4291318	cmp-a001-02-000000010764328	grp-a001-02-000000072573876	추석선물세트	nad-a001-02-000000573683835	bsn-a001-00-000000013604308	23	09	8753	M	4	0	0	12	0
20260908	4291318	cmp-a001-02-000000010764328	grp-a001-02-000000069047580	단백질바	nad-a001-02-000000553654554	bsn-a001-00-000000013604308	23	02	8753	M	1	0	0	2	0
20260908	4291318	cmp-a001-02-000000010764328	grp-a001-02-000000072573876	추석선물세트	nad-a001-02-000000573683834	bsn-a001-00-000000013604308	23	11	33421	M	1	0	0	1	0
20260908	4291318	cmp-a001-02-000000010764328	grp-a001-02-000000072573876	추석선물세트추천	nad-a001-02-000000573683835	bsn-a001-00-000000013604308	23	06	33421	M	1	0	0	4	0
20260908	4291318	cmp-a001-02-000000010764328	grp-a001-02-000000072573876	추석선물	nad-a001-02-000000573683835	bsn-a001-00-000000013604308	23	11	8753	M	1	0	0	5	0
20260908	4291318	cmp-a001-02-000000010764328	grp-a001-02-000000069047580	견과류	nad-a001-02-000000541753959	bsn-a001-00-000000013604308	23	08	33421	M	1	0	0	4	0
20260908	4291318	cmp-a001-02-000000010764328	grp-a001-02-000000072573876	명절선물	nad-a001-02-000000573683835	bsn-a001-00-000000013604308	23	16	33421	M	1	0	0	8	0
20260908	4291318	cmp-a001-02-000000010764328	grp-a001-02-000000069047580	프로틴바	nad-a001-02-000000553654554	bsn-a001-00-000000013604308	23	03	768323	M	1	0	0	1	0
20260908	4291318	cmp-a001-02-000000010764328	grp-a001-02-000000072573876	추석선물세트	nad-a001-02-000000573683835	bsn-a001-00-000000013604308	23	04	8753	M	1	0	0	4	0
20260908	4291318	cmp-a001-02-000000010764328	grp-a001-02-000000069047580	맑은농산하루견과아몬드	nad-a001-02-000000541753999	bsn-a001-00-000000013604308	23	09	8753	M	1	0	0	1	0
20260908	4291318	cmp-a001-02-000000010764328	grp-a001-02-000000069047580	프로틴	nad-a001-02-000000553654562	bsn-a001-00-000000013604308	23	04	768323	M	1	0	0	1	0
20260908	4291318	cmp-a001-02-000000010764328	grp-a001-02-000000069047580	견과류	nad-a001-02-000000541753999	bsn-a001-00-000000013604308	23	18	529514	M	9	0	0	11	0
20260908	4291318	cmp-a001-02-000000010764328	grp-a001-02-000000069047580	해밀리황성주생식	nad-a001-02-000000541754004	bsn-a001-00-000000013604308	23	13	8753	M	1	0	0	2	0
20260908	4291318	cmp-a001-02-000000010764328	grp-a001-02-000000069047580	갓	nad-a001-02-000000541753999	bsn-a001-00-000000013604308	23	11	684925	P	1	0	0	1	0
20260908	4291318	cmp-a001-02-000000010764328	grp-a001-02-000000072573876	추석선물세트	nad-a001-02-000000573683834	bsn-a001-00-000000013604308	23	01	33421	M	1	0	0	1	0
20260908	4291318	cmp-a001-02-000000010764328	grp-a001-02-000000069047580	프로틴	nad-a001-02-000000553654562	bsn-a001-00-000000013604308	23	16	8753	M	1	0	0	25	0
20260908	4291318	cmp-a001-02-000000010764328	grp-a001-02-000000069047580	프로틴바	nad-a001-02-000000553654554	bsn-a001-00-000000013604308	23	02	529514	M	2	0	0	2	0
20260908	4291318	cmp-a001-02-000000010764328	grp-a001-02-000000072573876	명절선물	nad-a001-02-000000573683834	bsn-a001-00-000000013604308	23	09	529514	M	1	0	0	11	0
20260908	4291318	cmp-a001-02-000000010764328	grp-a001-02-000000069047580	견과류	nad-a001-02-000000541753960	bsn-a001-00-000000013604308	23	06	8753	M	1	0	0	3	0
20260908	4291318	cmp-a001-02-000000010764328	grp-a001-02-000000072573876	추석선물추천	nad-a001-02-000000573683835	bsn-a001-00-000000013604308	23	02	8753	M	1	0	0	3	0
20260908	4291318	cmp-a001-02-000000010764328	grp-a001-02-000000069047580	견과류	nad-a001-02-000000541753960	bsn-a001-00-000000013604308	23	09	8753	M	4	0	0	14	0
20260908	4291318	cmp-a001-02-000000010764328	grp-a001-02-000000069047580	다이어트쉐이크	nad-a001-02-000000553654562	bsn-a001-00-000000013604308	23	13	529514	M	2	0	0	2	0
20260908	4291318	cmp-a001-02-000000010764328	grp-a001-02-000000069047580	사랑이	nad-a001-02-000000553654558	bsn-a001-00-000000013604308	23	04	529514	M	2	0	0	6	0
20260908	4291318	cmp-a001-02-000000010764328	grp-a001-02-000000072573876	추석선물	nad-a001-02-000000573683835	bsn-a001-00-000000013604308	23	04	529514	M	3	0	0	45	0
20260908	4291318	cmp-a001-02-000000010764328	grp-a001-02-000000069047580	하루견과	nad-a001-02-000000541753959	bsn-a001-00-000000013604308	23	02	684926	M	1	1	2518	3	0
20260908	4291318	cmp-a001-02-000000010764328	grp-a001-02-000000072573876	추석선물	nad-a001-02-000000573683835	bsn-a001-00-000000013604308	23	01	529514	M	1	0	0	15	0
20260908	4291318	cmp-a001-02-000000010764328	grp-a001-02-000000069047580	추석선물세트	nad-a001-02-000000541754005	bsn-a001-00-000000013604308	23	16	341898	M	1	0	0	2	0
20260908	4291318	cmp-a001-02-000000010764328	grp-a001-02-000000069047580	견과세트	nad-a001-02-000000541753959	bsn-a001-00-000000013604308	23	13	768323	M	2	0	0	2	0
20260908	4291318	cmp-a001-02-000000010764328	grp-a001-02-000000069047580	견과류추천	nad-a001-02-000000541753959	bsn-a001-00-000000013604308	23	11	27758	P	1	0	0	3	0
20260908	4291318	cmp-a001-02-000000010764328	grp-a001-02-000000069047580	황성주생식	nad-a001-02-000000541754005	bsn-a001-00-000000013604308	23	09	633013	M	1	0	0	4	0
20260908	4291318	cmp-a001-02-000000010764328	grp-a001-02-000000069047580	단백질바	nad-a001-02-000000553654554	bsn-a001-00-000000013604308	23	99	529514	M	6	0	0	6	0
20260908	4291318	cmp-a001-02-000000010764328	grp-a001-02-000000069047580	제리	nad-a001-02-000000541753985	bsn-a001-00-000000013604308	23	09	98128	M	2	0	0	2	0
20260908	4291318	cmp-a001-02-000000010764328	grp-a001-02-000000069047580	단백질바	nad-a001-02-000000553654559	bsn-a001-00-000000013604308	23	09	529514	M	8	0	0	24	0
20260908	4291318	cmp-a001-02-000000010764328	grp-a001-02-000000072573876	추석선물세트	nad-a001-02-000000573683834	bsn-a001-00-000000013604308	23	13	529514	M	2	0	0	4	0
20260908	4291318	cmp-a001-02-000000010764328	grp-a001-02-000000069047580	감미료없는프로틴바	nad-a001-02-000000553654554	bsn-a001-00-000000013604308	23	09	8753	M	1	0	0	3	0
20260908	4291318	cmp-a001-02-000000010764328	grp-a001-02-000000069047580	단백질쉐이크	nad-a001-02-000000553654562	bsn-a001-00-000000013604308	23	99	529514	M	3	0	0	5	0
20260908	4291318	cmp-a001-02-000000010764328	grp-a001-02-000000069047580	견과세트	nad-a001-02-000000541753999	bsn-a001-00-000000013604308	23	09	27758	P	1	0	0	1	0
20260908	4291318	cmp-a001-02-000000010764328	grp-a001-02-000000069047580	젤리	nad-a001-02-000000541753985	bsn-a001-00-000000013604308	23	15	684926	M	1	0	0	4	0
20260908	4291318	cmp-a001-02-000000010764328	grp-a001-02-000000069047580	하루견과	nad-a001-02-000000541753960	bsn-a001-00-000000013604308	23	04	8753	M	3	0	0	9	0
20260908	4291318	cmp-a001-02-000000010764328	grp-a001-02-000000069047580	젤리	nad-a001-02-000000541753985	bsn-a001-00-000000013604308	23	09	8753	M	1	0	0	4	0
20260908	4291318	cmp-a001-02-000000010764328	grp-a001-02-000000069047580	프로틴바	nad-a001-02-000000553654558	bsn-a001-00-000000013604308	23	02	768323	M	2	0	0	4	0
20260908	4291318	cmp-a001-02-000000010764328	grp-a001-02-000000069047580	단백질쉐이크	nad-a001-02-000000553654562	bsn-a001-00-000000013604308	23	02	529514	M	27	0	0	44	0
20260908	4291318	cmp-a001-02-000000010764328	grp-a001-02-000000069047580	황성주생식	nad-a001-02-000000541753997	bsn-a001-00-000000013604308	23	04	8753	M	1	0	0	1	0
20260908	4291318	cmp-a001-02-000000010764328	grp-a001-02-000000069047580	갓	nad-a001-02-000000541753959	bsn-a001-00-000000013604308	23	10	8753	M	1	0	0	3	0
20260908	4291318	cmp-a001-02-000000010764328	grp-a001-02-000000069047580	프로틴바	nad-a001-02-000000553654558	bsn-a001-00-000000013604308	23	03	768323	M	1	0	0	2	0
20260908	4291318	cmp-a001-02-000000010764328	grp-a001-02-000000072573876	추석선물세트	nad-a001-02-000000573683835	bsn-a001-00-000000013604308	23	16	8753	M	2	0	0	7	0
20260908	4291318	cmp-a001-02-000000010764328	grp-a001-02-000000069047580	프로틴바	nad-a001-02-000000553654554	bsn-a001-00-000000013604308	23	18	87620	M	1	0	0	1	0
20260908	4291318	cmp-a001-02-000000010764328	grp-a001-02-000000069047580	사랑	nad-a001-02-000000553654558	bsn-a001-00-000000013604308	23	02	98128	M	5	0	0	20	0
20260908	4291318	cmp-a001-02-000000010764328	grp-a001-02-000000072573876	추석선물세트	nad-a001-02-000000573683834	bsn-a001-00-000000013604308	23	10	8753	M	1	0	0	3	0
20260908	4291318	cmp-a001-02-000000010764328	grp-a001-02-000000069047580	견과류	nad-a001-02-000000541753960	bsn-a001-00-000000013604308	23	06	529514	M	8	0	0	24	0
20260908	4291318	cmp-a001-02-000000010764328	grp-a001-02-000000069047580	황성주생식	nad-a001-02-000000541753996	bsn-a001-00-000000013604308	23	06	8753	M	1	0	0	3	0
20260908	4291318	cmp-a001-02-000000010764328	grp-a001-02-000000069047580	프로틴	nad-a001-02-000000553654562	bsn-a001-00-000000013604308	23	99	137281	M	3	0	0	3	0
20260908	4291318	cmp-a001-02-000000010764328	grp-a001-02-000000069047580	하루견과	nad-a001-02-000000541753960	bsn-a001-00-000000013604308	23	06	8753	M	1	0	0	4	0
20260908	4291318	cmp-a001-02-000000010764328	grp-a001-02-000000069047580	단백질보충제	nad-a001-02-000000553654562	bsn-a001-00-000000013604308	23	04	529514	M	2	0	0	3	0
20260908	4291318	cmp-a001-02-000000010764328	grp-a001-02-000000069047580	단백질쉐이크	nad-a001-02-000000553654562	bsn-a001-00-000000013604308	23	09	529514	M	113	0	0	202	0
20260908	4291318	cmp-a001-02-000000010764328	grp-a001-02-000000069047580	하루견과	nad-a001-02-000000541753999	bsn-a001-00-000000013604308	23	09	8753	M	1	0	0	1	0
20260908	4291318	cmp-a001-02-000000010764328	grp-a001-02-000000069047580	견과류	nad-a001-02-000000541753999	bsn-a001-00-000000013604308	23	13	529514	M	3	0	0	3	0
20260908	4291318	cmp-a001-02-000000010764328	grp-a001-02-000000069047580	프로틴	nad-a001-02-000000553654562	bsn-a001-00-000000013604308	23	02	529514	M	15	0	0	15	0
20260908	4291318	cmp-a001-02-000000010764328	grp-a001-02-000000069047580	하루견과	nad-a001-02-000000541753959	bsn-a001-00-000000013604308	23	02	529514	M	30	0	0	60	0
20260908	4291318	cmp-a001-02-000000010764328	grp-a001-02-000000069047580	프로틴	nad-a001-02-000000553654562	bsn-a001-00-000000013604308	23	99	529514	M	24	0	0	24	0
20260908	4291318	cmp-a001-02-000000010764328	grp-a001-02-000000069047580	견과류	nad-a001-02-000000541753959	bsn-a001-00-000000013604308	23	02	529514	M	28	0	0	56	0
20260908	4291318	cmp-a001-02-000000010764328	grp-a001-02-000000069047580	생식가루	nad-a001-02-000000541754005	bsn-a001-00-000000013604308	23	06	684926	M	1	1	2416	4	0
20260908	4291318	cmp-a001-02-000000010764328	grp-a001-02-000000069047580	견과류추천	nad-a001-02-000000541753999	bsn-a001-00-000000013604308	23	11	27758	P	1	0	0	1	0
20260908	4291318	cmp-a001-02-000000010764328	grp-a001-02-000000069047580	황성주생식	nad-a001-02-000000541753996	bsn-a001-00-000000013604308	23	09	798056	M	8	0	0	24	0
20260908	4291318	cmp-a001-02-000000010764328	grp-a001-02-000000072573876	추석선물세트	nad-a001-02-000000573683834	bsn-a001-00-000000013604308	23	04	529514	M	4	0	0	8	0
20260908	4291318	cmp-a001-02-000000010764328	grp-a001-02-000000069047580	하루견과	nad-a001-02-000000541753959	bsn-a001-00-000000013604308	23	03	798055	P	1	0	0	3	0
20260908	4291318	cmp-a001-02-000000010764328	grp-a001-02-000000069047580	젤리	nad-a001-02-000000541753985	bsn-a001-00-000000013604308	23	02	8753	M	1	0	0	5	0
20260908	4291318	cmp-a001-02-000000010764328	grp-a001-02-000000072573876	추석선물	nad-a001-02-000000573683835	bsn-a001-00-000000013604308	23	09	8753	M	3	0	0	12	0
20260908	4291318	cmp-a001-02-000000010764328	grp-a001-02-000000069047580	가루	nad-a001-02-000000541753997	bsn-a001-00-000000013604308	23	07	98128	M	1	0	0	5	0
20260908	4291318	cmp-a001-02-000000010764328	grp-a001-02-000000069047580	사랑이	nad-a001-02-000000553654554	bsn-a001-00-000000013604308	23	04	529514	M	2	0	0	3	0
20260908	4291318	cmp-a001-02-000000010764328	grp-a001-02-000000069047580	하루견과	nad-a001-02-000000541753960	bsn-a001-00-000000013604308	23	02	529514	M	30	0	0	90	0
20260908	4291318	cmp-a001-02-000000010764328	grp-a001-02-000000069047580	견과세트	nad-a001-02-000000541753999	bsn-a001-00-000000013604308	23	11	768323	M	3	0	0	6	0
20260908	4291318	cmp-a001-02-000000010764328	grp-a001-02-000000069047580	단백질보충제	nad-a001-02-000000553654562	bsn-a001-00-000000013604308	23	02	23123	P	1	0	0	1	0
20260908	4291318	cmp-a001-02-000000010764328	grp-a001-02-000000069047580	젤리	nad-a001-02-000000541753985	bsn-a001-00-000000013604308	23	10	768323	M	1	0	0	3	0
20260908	4291318	cmp-a001-02-000000010764328	grp-a001-02-000000069047580	올영프로틴바	nad-a001-02-000000553654554	bsn-a001-00-000000013604308	23	03	8753	M	1	0	0	2	0
20260908	4291318	cmp-a001-02-000000010764328	grp-a001-02-000000072573876	추석선물세트	nad-a001-02-000000573683835	bsn-a001-00-000000013604308	23	03	8753	M	2	0	0	5	0
20260908	4291318	cmp-a001-02-000000010764328	grp-a001-02-000000069047580	갓	nad-a001-02-000000541753960	bsn-a001-00-000000013604308	23	14	612593	P	1	0	0	4	0
20260908	4291318	cmp-a001-02-000000010764328	grp-a001-02-000000072573876	추석선물세트	nad-a001-02-000000573683835	bsn-a001-00-000000013604308	23	13	8753	M	1	0	0	4	0
20260908	4291318	cmp-a001-02-000000010764328	grp-a001-02-000000069047580	하루견과	nad-a001-02-000000541753960	bsn-a001-00-000000013604308	23	17	8753	M	1	0	0	3	0
20260908	4291318	cmp-a001-02-000000010764328	grp-a001-02-000000069047580	견과세트	nad-a001-02-000000541753999	bsn-a001-00-000000013604308	23	15	768323	M	2	0	0	4	0
20260908	4291318	cmp-a001-02-000000010764328	grp-a001-02-000000069047580	단백질간식	nad-a001-02-000000553654558	bsn-a001-00-000000013604308	23	02	33421	M	1	0	0	3	0
20260908	4291318	cmp-a001-02-000000010764328	grp-a001-02-000000069047580	황성주생식	nad-a001-02-000000541753996	bsn-a001-00-000000013604308	23	04	341893	M	1	1	2446	1	0
20260908	4291318	cmp-a001-02-000000010764328	grp-a001-02-000000072573876	추석선물세트	nad-a001-02-000000573683834	bsn-a001-00-000000013604308	23	04	8753	M	1	1	7461	3	0
20260908	4291318	cmp-a001-02-000000010764328	grp-a001-02-000000069047580	프로틴바	nad-a001-02-000000553654559	bsn-a001-00-000000013604308	23	99	529514	M	5	0	0	30	0
20260908	4291318	cmp-a001-02-000000010764328	grp-a001-02-000000072573876	추석선물추천	nad-a001-02-000000573683835	bsn-a001-00-000000013604308	23	16	8753	M	1	0	0	3	0
20260908	4291318	cmp-a001-02-000000010764328	grp-a001-02-000000072573876	추석선물세트	nad-a001-02-000000573683835	bsn-a001-00-000000013604308	23	13	33421	M	1	0	0	6	0
20260908	4291318	cmp-a001-02-000000010764328	grp-a001-02-000000069047580	견과류	nad-a001-02-000000541753959	bsn-a001-00-000000013604308	23	02	684926	M	3	0	0	7	0
20260908	4291318	cmp-a001-02-000000010764328	grp-a001-02-000000069047580	견과류	nad-a001-02-000000541753999	bsn-a001-00-000000013604308	23	15	529514	M	12	0	0	22	0
20260908	4291318	cmp-a001-02-000000010764328	grp-a001-02-000000069047580	단백질바추천	nad-a001-02-000000553654554	bsn-a001-00-000000013604308	23	13	27758	P	1	0	0	3	0
20260908	4291318	cmp-a001-02-000000010764328	grp-a001-02-000000069047580	하루견과	nad-a001-02-000000541753999	bsn-a001-00-000000013604308	23	99	529514	M	4	0	0	4	0
20260908	4291318	cmp-a001-02-000000010764328	grp-a001-02-000000069047580	견과류추천	nad-a001-02-000000541753960	bsn-a001-00-000000013604308	23	02	8753	M	1	0	0	5	0
20260908	4291318	cmp-a001-02-000000010764328	grp-a001-02-000000069047580	갓	nad-a001-02-000000541753959	bsn-a001-00-000000013604308	23	14	612593	P	1	0	0	1	0
20260908	4291318	cmp-a001-02-000000010764328	grp-a001-02-000000069047580	견과류	nad-a001-02-000000541753999	bsn-a001-00-000000013604308	23	00	8753	M	1	0	0	1	0
20260908	4291318	cmp-a001-02-000000010764328	grp-a001-02-000000069047580	생식가루	nad-a001-02-000000541754004	bsn-a001-00-000000013604308	23	06	684926	M	2	0	0	2	0
20260908	4291318	cmp-a001-02-000000010764328	grp-a001-02-000000069047580	단백질바추천	nad-a001-02-000000553654558	bsn-a001-00-000000013604308	23	09	8753	M	1	0	0	5	0
20260908	4291318	cmp-a001-02-000000010764328	grp-a001-02-000000072573876	추석선물세트	nad-a001-02-000000573683835	bsn-a001-00-000000013604308	23	18	8753	M	1	0	0	2	0
20260908	4291318	cmp-a001-02-000000010764328	grp-a001-02-000000072573876	추석선물세트	nad-a001-02-000000573683835	bsn-a001-00-000000013604308	23	11	529514	M	2	0	0	4	0
20260908	4291318	cmp-a001-02-000000010764328	grp-a001-02-000000069047580	견과류	nad-a001-02-000000541753960	bsn-a001-00-000000013604308	23	10	8753	M	1	0	0	4	0
20260908	4291318	cmp-a001-02-000000010764328	grp-a001-02-000000072573876	추석선물세트	nad-a001-02-000000573683835	bsn-a001-00-000000013604308	23	09	768323	M	1	0	0	2	0
20260908	4291318	cmp-a001-02-000000010764328	grp-a001-02-000000072573876	추석선물세트	nad-a001-02-000000573683834	bsn-a001-00-000000013604308	23	15	8753	M	1	0	0	2	0
20260908	4291318	cmp-a001-02-000000010764328	grp-a001-02-000000072573876	추석선물세트추천	nad-a001-02-000000573683835	bsn-a001-00-000000013604308	23	06	8753	M	0	1	8616	0	0
20260908	4291318	cmp-a001-02-000000010764328	grp-a001-02-000000069047580	견과류	nad-a001-02-000000541753999	bsn-a001-00-000000013604308	23	16	8753	M	1	0	0	2	0
20260908	4291318	cmp-a001-02-000000010764328	grp-a001-02-000000069047580	쉐이크	nad-a001-02-000000553654562	bsn-a001-00-000000013604308	23	18	98128	M	5	0	0	5	0
20260908	4291318	cmp-a001-02-000000010764328	grp-a001-02-000000069047580	견과류	nad-a001-02-000000541753959	bsn-a001-00-000000013604308	23	03	8753	M	1	0	0	3	0
20260908	4291318	cmp-a001-02-000000010764328	grp-a001-02-000000069047580	하루견과	nad-a001-02-000000541753999	bsn-a001-00-000000013604308	23	18	8753	M	1	0	0	1	0
20260908	4291318	cmp-a001-02-000000010764328	grp-a001-02-000000072573876	추석선물	nad-a001-02-000000573683835	bsn-a001-00-000000013604308	23	99	529514	M	3	0	0	42	0
20260908	4291318	cmp-a001-02-000000010764328	grp-a001-02-000000069047580	올영프로틴바추천	nad-a001-02-000000553654558	bsn-a001-00-000000013604308	23	03	8753	M	1	0	0	3	0
20260908	4291318	cmp-a001-02-000000010764328	grp-a001-02-000000069047580	스토어	nad-a001-02-000000541753997	bsn-a001-00-000000013604308	23	02	248824	P	3	0	0	3	0
20260908	4291318	cmp-a001-02-000000010764328	grp-a001-02-000000072573876	추석선물	nad-a001-02-000000573683835	bsn-a001-00-000000013604308	23	17	529514	M	1	0	0	15	0
20260908	4291318	cmp-a001-02-000000010764328	grp-a001-02-000000069047580	갓	nad-a001-02-000000541753999	bsn-a001-00-000000013604308	23	18	11068	P	2	0	0	2	0
20260908	4291318	cmp-a001-02-000000010764328	grp-a001-02-000000069047580	하루견과	nad-a001-02-000000541753959	bsn-a001-00-000000013604308	23	06	8753	M	1	0	0	5	0
20260908	4291318	cmp-a001-02-000000010764328	grp-a001-02-000000069047580	사랑	nad-a001-02-000000553654554	bsn-a001-00-000000013604308	23	02	98128	M	5	0	0	15	0
20260908	4291318	cmp-a001-02-000000010764328	grp-a001-02-000000069047580	에너지바	nad-a001-02-000000553654554	bsn-a001-00-000000013604308	23	01	8753	M	1	0	0	2	0
20260908	4291318	cmp-a001-02-000000010764328	grp-a001-02-000000072573876	추석선물	nad-a001-02-000000573683835	bsn-a001-00-000000013604308	23	02	684926	M	2	0	0	11	0
20260908	4291318	cmp-a001-02-000000010764328	grp-a001-02-000000069047580	갓	nad-a001-02-000000541753959	bsn-a001-00-000000013604308	23	18	11068	P	2	0	0	8	0
20260908	4291318	cmp-a001-02-000000010764328	grp-a001-02-000000069047580	프로틴	nad-a001-02-000000553654562	bsn-a001-00-000000013604308	23	06	768323	M	5	0	0	8	0
20260908	4291318	cmp-a001-02-000000010764328	grp-a001-02-000000069047580	견과세트	nad-a001-02-000000541753959	bsn-a001-00-000000013604308	23	09	768323	M	1	0	0	1	0
20260908	4291318	cmp-a001-02-000000010764328	grp-a001-02-000000069047580	사랑	nad-a001-02-000000553654559	bsn-a001-00-000000013604308	23	99	98128	M	3	0	0	18	0
20260908	4291318	cmp-a001-02-000000010764328	grp-a001-02-000000069047580	견과류	nad-a001-02-000000541753960	bsn-a001-00-000000013604308	23	07	529514	M	4	0	0	12	0
20260908	4291318	cmp-a001-02-000000010764328	grp-a001-02-000000069047580	단백질쉐이크	nad-a001-02-000000553654562	bsn-a001-00-000000013604308	23	18	98128	M	12	0	0	12	0
20260908	4291318	cmp-a001-02-000000010764328	grp-a001-02-000000072573876	추석선물세트	nad-a001-02-000000573683835	bsn-a001-00-000000013604308	23	09	33421	M	2	0	0	10	0
20260908	4291318	cmp-a001-02-000000010764328	grp-a001-02-000000072573876	추석선물세트	nad-a001-02-000000573683834	bsn-a001-00-000000013604308	23	17	529514	M	1	0	0	2	0
20260908	4291318	cmp-a001-02-000000010764328	grp-a001-02-000000069047580	견과류	nad-a001-02-000000541753959	bsn-a001-00-000000013604308	23	09	529514	M	61	0	0	117	0
20260908	4291318	cmp-a001-02-000000010764328	grp-a001-02-000000069047580	황성주생식라이프밀	nad-a001-02-000000541754004	bsn-a001-00-000000013604308	23	15	684924	M	0	1	5373	0	0
20260908	4291318	cmp-a001-02-000000010764328	grp-a001-02-000000072573876	추석선물세트	nad-a001-02-000000573683834	bsn-a001-00-000000013604308	23	13	33421	M	1	0	0	1	0
20260908	4291318	cmp-a001-02-000000010764328	grp-a001-02-000000069047580	가루	nad-a001-02-000000541754004	bsn-a001-00-000000013604308	23	07	98128	M	1	0	0	4	0
20260908	4291318	cmp-a001-02-000000010764328	grp-a001-02-000000072573876	추석선물	nad-a001-02-000000573683834	bsn-a001-00-000000013604308	23	16	33421	M	1	0	0	3	0
20260908	4291318	cmp-a001-02-000000010764328	grp-a001-02-000000069047580	견과류선물세트	nad-a001-02-000000541753999	bsn-a001-00-000000013604308	23	08	684926	M	2	0	0	2	0
20260908	4291318	cmp-a001-02-000000010764328	grp-a001-02-000000069047580	견과류	nad-a001-02-000000541753959	bsn-a001-00-000000013604308	23	17	529514	M	2	0	0	4	0
20260908	4291318	cmp-a001-02-000000010764328	grp-a001-02-000000069047580	단백질쉐이크	nad-a001-02-000000553654562	bsn-a001-00-000000013604308	23	14	529514	M	12	0	0	18	0
20260908	4291318	cmp-a001-02-000000010764328	grp-a001-02-000000069047580	프로틴바	nad-a001-02-000000553654554	bsn-a001-00-000000013604308	23	09	529514	M	4	0	0	4	0
20260908	4291318	cmp-a001-02-000000010764328	grp-a001-02-000000069047580	견과류	nad-a001-02-000000541753999	bsn-a001-00-000000013604308	23	13	684926	M	2	0	0	4	0
20260908	4291318	cmp-a001-02-000000010764328	grp-a001-02-000000069047580	견과세트	nad-a001-02-000000541753960	bsn-a001-00-000000013604308	23	06	768323	M	1	0	0	3	0
20260908	4291318	cmp-a001-02-000000010764328	grp-a001-02-000000069047580	하루견과	nad-a001-02-000000541753959	bsn-a001-00-000000013604308	23	03	612593	P	1	0	0	1	0
20260908	4291318	cmp-a001-02-000000010764328	grp-a001-02-000000069047580	프로틴바	nad-a001-02-000000553654558	bsn-a001-00-000000013604308	23	09	8753	M	1	0	0	5	0
20260908	4291318	cmp-a001-02-000000010764328	grp-a001-02-000000072573876	추석선물세트	nad-a001-02-000000573683835	bsn-a001-00-000000013604308	23	18	529514	M	2	0	0	5	0
20260908	4291318	cmp-a001-02-000000010764328	grp-a001-02-000000069047580	스토어	nad-a001-02-000000541753997	bsn-a001-00-000000013604308	23	04	98128	M	1	0	0	2	0
20260908	4291318	cmp-a001-02-000000010764328	grp-a001-02-000000069047580	갓	nad-a001-02-000000541753959	bsn-a001-00-000000013604308	23	02	529514	M	18	0	0	24	0
20260908	4291318	cmp-a001-02-000000010764328	grp-a001-02-000000072573876	추석선물	nad-a001-02-000000573683835	bsn-a001-00-000000013604308	23	16	33421	M	1	0	0	6	0
20260908	4291318	cmp-a001-02-000000010764328	grp-a001-02-000000069047580	하루견과	nad-a001-02-000000541753999	bsn-a001-00-000000013604308	23	03	612593	P	1	0	0	2	0
20260908	4291318	cmp-a001-02-000000010764328	grp-a001-02-000000072573876	추석선물세트	nad-a001-02-000000573683835	bsn-a001-00-000000013604308	23	07	8753	M	1	0	0	4	0
20260908	4291318	cmp-a001-02-000000010764328	grp-a001-02-000000069047580	단백질보충제	nad-a001-02-000000553654562	bsn-a001-00-000000013604308	23	11	529514	M	12	0	0	19	0
20260908	4291318	cmp-a001-02-000000010764328	grp-a001-02-000000069047580	스토어	nad-a001-02-000000541753997	bsn-a001-00-000000013604308	23	03	98128	M	1	0	0	2	0
20260908	4291318	cmp-a001-02-000000010764328	grp-a001-02-000000069047580	하루견과	nad-a001-02-000000541753999	bsn-a001-00-000000013604308	23	17	8753	M	1	0	0	1	0
20260908	4291318	cmp-a001-02-000000010764328	grp-a001-02-000000069047580	하루견과	nad-a001-02-000000541753959	bsn-a001-00-000000013604308	23	18	8753	M	1	0	0	4	0
20260908	4291318	cmp-a001-02-000000010764328	grp-a001-02-000000069047580	견과류	nad-a001-02-000000541753999	bsn-a001-00-000000013604308	23	09	529514	M	61	0	0	72	0
20260908	4291318	cmp-a001-02-000000010764328	grp-a001-02-000000069047580	프로틴	nad-a001-02-000000553654562	bsn-a001-00-000000013604308	23	18	768323	M	1	0	0	2	0
20260908	4291318	cmp-a001-02-000000010764328	grp-a001-02-000000069047580	견과류	nad-a001-02-000000541753999	bsn-a001-00-000000013604308	23	11	684926	M	2	0	0	4	0
20260908	4291318	cmp-a001-02-000000010764328	grp-a001-02-000000072573876	추석선물세트	nad-a001-02-000000573683834	bsn-a001-00-000000013604308	23	08	33421	M	2	0	0	4	0
20260908	4291318	cmp-a001-02-000000010764328	grp-a001-02-000000069047580	단백질쉐이크	nad-a001-02-000000553654562	bsn-a001-00-000000013604308	23	06	529514	M	3	0	0	5	0
20260908	4291318	cmp-a001-02-000000010764328	grp-a001-02-000000069047580	견과류	nad-a001-02-000000541753999	bsn-a001-00-000000013604308	23	02	684926	M	3	0	0	3	0
20260908	4291318	cmp-a001-02-000000010764328	grp-a001-02-000000069047580	단백질	nad-a001-02-000000553654562	bsn-a001-00-000000013604308	23	18	98128	M	5	0	0	5	0
20260908	4291318	cmp-a001-02-000000010764328	grp-a001-02-000000072573876	추석선물	nad-a001-02-000000573683835	bsn-a001-00-000000013604308	23	16	8753	M	2	0	0	6	0
20260908	4291318	cmp-a001-02-000000010764328	grp-a001-02-000000069047580	프로틴바	nad-a001-02-000000553654554	bsn-a001-00-000000013604308	23	02	768323	M	2	0	0	2	0
20260908	4291318	cmp-a001-02-000000010764328	grp-a001-02-000000069047580	가루	nad-a001-02-000000541753996	bsn-a001-00-000000013604308	23	07	98128	M	1	0	0	2	0
20260908	4291318	cmp-a001-02-000000010764328	grp-a001-02-000000069047580	식사대용	nad-a001-02-000000553654562	bsn-a001-00-000000013604308	23	08	23123	P	1	0	0	1	0
20260908	4291318	cmp-a001-02-000000010764328	grp-a001-02-000000069047580	견과류	nad-a001-02-000000541753959	bsn-a001-00-000000013604308	23	09	33421	M	1	0	0	4	0
20260908	4291318	cmp-a001-02-000000010764328	grp-a001-02-000000072573876	추석선물	nad-a001-02-000000573683835	bsn-a001-00-000000013604308	23	03	8753	M	2	0	0	6	0
20260908	4291318	cmp-a001-02-000000010764328	grp-a001-02-000000069047580	하루견과	nad-a001-02-000000541753959	bsn-a001-00-000000013604308	23	99	529514	M	4	0	0	8	0
20260908	4291318	cmp-a001-02-000000010764328	grp-a001-02-000000069047580	견과류세트	nad-a001-02-000000541753999	bsn-a001-00-000000013604308	23	02	8753	M	1	0	0	1	0
20260908	4291318	cmp-a001-02-000000010764328	grp-a001-02-000000069047580	갓	nad-a001-02-000000541753999	bsn-a001-00-000000013604308	23	14	612593	P	1	0	0	2	0
20260908	4291318	cmp-a001-02-000000010764328	grp-a001-02-000000069047580	견과세트	nad-a001-02-000000541753960	bsn-a001-00-000000013604308	23	16	684925	P	1	0	0	1	0
20260908	4291318	cmp-a001-02-000000010764328	grp-a001-02-000000072573876	추석선물세트	nad-a001-02-000000573683835	bsn-a001-00-000000013604308	23	07	529514	M	2	0	0	5	0
20260908	4291318	cmp-a001-02-000000010764328	grp-a001-02-000000069047580	프로틴바	nad-a001-02-000000553654554	bsn-a001-00-000000013604308	23	99	529514	M	5	0	0	10	0
20260908	4291318	cmp-a001-02-000000010764328	grp-a001-02-000000069047580	프로틴	nad-a001-02-000000553654562	bsn-a001-00-000000013604308	23	13	529514	M	4	0	0	4	0
20260908	4291318	cmp-a001-02-000000010764328	grp-a001-02-000000069047580	견과류	nad-a001-02-000000541753960	bsn-a001-00-000000013604308	23	10	529514	M	1	0	0	3	0
20260908	4291318	cmp-a001-02-000000010764328	grp-a001-02-000000072573876	추석선물세트	nad-a001-02-000000573683835	bsn-a001-00-000000013604308	23	08	8753	M	4	0	0	13	0
20260908	4291318	cmp-a001-02-000000010764328	grp-a001-02-000000069047580	견과	nad-a001-02-000000541753960	bsn-a001-00-000000013604308	23	18	529514	M	3	0	0	9	0
20260908	4291318	cmp-a001-02-000000010764328	grp-a001-02-000000069047580	ISP프로틴	nad-a001-02-000000553654562	bsn-a001-00-000000013604308	23	02	684927	P	1	0	0	36	0
20260908	4291318	cmp-a001-02-000000010764328	grp-a001-02-000000069047580	견과류	nad-a001-02-000000541753999	bsn-a001-00-000000013604308	23	08	33421	M	1	0	0	1	0
20260908	4291318	cmp-a001-02-000000010764328	grp-a001-02-000000069047580	사랑	nad-a001-02-000000553654558	bsn-a001-00-000000013604308	23	99	98128	M	3	0	0	12	0
20260908	4291318	cmp-a001-02-000000010764328	grp-a001-02-000000069047580	황성주생식	nad-a001-02-000000541753988	bsn-a001-00-000000013604308	23	09	633013	M	1	0	0	5	0
20260908	4291318	cmp-a001-02-000000010764328	grp-a001-02-000000069047580	단백질바	nad-a001-02-000000553654554	bsn-a001-00-000000013604308	23	07	529514	M	7	0	0	8	0
20260908	4291318	cmp-a001-02-000000010764328	grp-a001-02-000000069047580	SHAKE	nad-a001-02-000000553654562	bsn-a001-00-000000013604308	23	00	612594	M	1	0	0	5	0
20260908	4291318	cmp-a001-02-000000010764328	grp-a001-02-000000069047580	사랑	nad-a001-02-000000553654554	bsn-a001-00-000000013604308	23	99	98128	M	3	0	0	9	0
20260908	4291318	cmp-a001-02-000000010764328	grp-a001-02-000000069047580	쉐이크	nad-a001-02-000000553654562	bsn-a001-00-000000013604308	23	02	98128	M	4	0	0	4	0
20260908	4291318	cmp-a001-02-000000010764328	grp-a001-02-000000072573876	추석선물	nad-a001-02-000000573683835	bsn-a001-00-000000013604308	23	01	33421	M	1	0	0	7	0
20260908	4291318	cmp-a001-02-000000010764328	grp-a001-02-000000069047580	프로틴바	nad-a001-02-000000553654558	bsn-a001-00-000000013604308	23	18	87620	M	1	0	0	2	0
20260908	4291318	cmp-a001-02-000000010764328	grp-a001-02-000000069047580	프로틴	nad-a001-02-000000553654562	bsn-a001-00-000000013604308	23	07	529514	M	14	0	0	14	0
20260908	4291318	cmp-a001-02-000000010764328	grp-a001-02-000000072573876	추석선물세트	nad-a001-02-000000573683834	bsn-a001-00-000000013604308	23	09	768323	M	1	0	0	3	0
20260908	4291318	cmp-a001-02-000000010764328	grp-a001-02-000000069047580	프로틴	nad-a001-02-000000553654562	bsn-a001-00-000000013604308	23	07	768323	M	1	0	0	1	0
20260908	4291318	cmp-a001-02-000000010764328	grp-a001-02-000000069047580	견과세트	nad-a001-02-000000541753999	bsn-a001-00-000000013604308	23	10	768323	M	1	0	0	2	0
20260908	4291318	cmp-a001-02-000000010764328	grp-a001-02-000000072573876	추석선물	nad-a001-02-000000573683835	bsn-a001-00-000000013604308	23	02	8753	M	2	0	0	4	0
20260908	4291318	cmp-a001-02-000000010764328	grp-a001-02-000000069047580	해밀리황성주생식	nad-a001-02-000000541754005	bsn-a001-00-000000013604308	23	13	8753	M	1	1	1552	4	0
20260908	4291318	cmp-a001-02-000000010764328	grp-a001-02-000000069047580	견과류추천	nad-a001-02-000000541753959	bsn-a001-00-000000013604308	23	02	8753	M	1	0	0	4	0
20260908	4291318	cmp-a001-02-000000010764328	grp-a001-02-000000069047580	황성주생식	nad-a001-02-000000541754005	bsn-a001-00-000000013604308	23	04	8753	M	1	0	0	4	0
20260908	4291318	cmp-a001-02-000000010764328	grp-a001-02-000000072573876	추석선물	nad-a001-02-000000573683835	bsn-a001-00-000000013604308	23	06	529514	M	3	0	0	45	0
20260908	4291318	cmp-a001-02-000000010764328	grp-a001-02-000000069047580	단백질쉐이크	nad-a001-02-000000553654562	bsn-a001-00-000000013604308	23	08	529514	M	4	0	0	6	0
20260908	4291318	cmp-a001-02-000000010764328	grp-a001-02-000000069047580	단백질파우더	nad-a001-02-000000553654562	bsn-a001-00-000000013604308	23	08	768323	M	1	0	0	2	0
20260908	4291318	cmp-a001-02-000000010764328	grp-a001-02-000000069047580	프로틴바	nad-a001-02-000000553654558	bsn-a001-00-000000013604308	23	09	27758	P	1	0	0	3	0
20260908	4291318	cmp-a001-02-000000010764328	grp-a001-02-000000072573876	추석선물세트	nad-a001-02-000000573683835	bsn-a001-00-000000013604308	23	09	11068	P	1	0	0	3	0
20260908	4291318	cmp-a001-02-000000010764328	grp-a001-02-000000072573876	추석선물세트	nad-a001-02-000000573683835	bsn-a001-00-000000013604308	23	11	33421	M	1	0	0	5	0
20260908	4291318	cmp-a001-02-000000010764328	grp-a001-02-000000072573876	추석선물세트	nad-a001-02-000000573683835	bsn-a001-00-000000013604308	23	16	529514	M	2	0	0	6	0
20260908	4291318	cmp-a001-02-000000010764328	grp-a001-02-000000069047580	단백질	nad-a001-02-000000553654562	bsn-a001-00-000000013604308	23	09	137281	M	1	0	0	2	0
20260908	4291318	cmp-a001-02-000000010764328	grp-a001-02-000000069047580	생식가루	nad-a001-02-000000541753996	bsn-a001-00-000000013604308	23	06	684926	M	1	0	0	3	0
20260908	4291318	cmp-a001-02-000000010764328	grp-a001-02-000000072573876	추석선물세트	nad-a001-02-000000573683835	bsn-a001-00-000000013604308	23	01	33421	M	1	0	0	5	0
20260908	4291318	cmp-a001-02-000000010764328	grp-a001-02-000000069047580	스토어	nad-a001-02-000000541753997	bsn-a001-00-000000013604308	23	09	98128	M	3	0	0	6	0
20260908	4291318	cmp-a001-02-000000010764328	grp-a001-02-000000069047580	올영프로틴바	nad-a001-02-000000553654558	bsn-a001-00-000000013604308	23	03	8753	M	1	0	0	3	0
20260908	4291318	cmp-a001-02-000000010764328	grp-a001-02-000000069047580	프로틴바	nad-a001-02-000000553654558	bsn-a001-00-000000013604308	23	99	529514	M	5	0	0	5	0
20260908	4291318	cmp-a001-02-000000010764328	grp-a001-02-000000072573876	추석선물세트	nad-a001-02-000000573683835	bsn-a001-00-000000013604308	23	15	8753	M	1	0	0	4	0
20260908	4291318	cmp-a001-02-000000010764328	grp-a001-02-000000069047580	견과류	nad-a001-02-000000541753960	bsn-a001-00-000000013604308	23	14	529514	M	2	0	0	6	0
20260908	4291318	cmp-a001-02-000000010764328	grp-a001-02-000000069047580	사랑	nad-a001-02-000000553654559	bsn-a001-00-000000013604308	23	02	98128	M	5	0	0	30	0
20260908	4291318	cmp-a001-02-000000010764328	grp-a001-02-000000069047580	견과류	nad-a001-02-000000541753960	bsn-a001-00-000000013604308	23	13	33421	M	1	0	0	3	0
20260908	4291318	cmp-a001-02-000000010764328	grp-a001-02-000000069047580	사랑이	nad-a001-02-000000553654559	bsn-a001-00-000000013604308	23	04	529514	M	2	0	0	13	0
20260908	4291318	cmp-a001-02-000000010764328	grp-a001-02-000000072573876	추석선물세트	nad-a001-02-000000573683835	bsn-a001-00-000000013604308	23	03	529514	M	2	0	0	4	0
20260908	4291318	cmp-a001-02-000000010764328	grp-a001-02-000000069047580	견과류	nad-a001-02-000000541753960	bsn-a001-00-000000013604308	23	04	8753	M	1	0	0	4	0
20260908	4291318	cmp-a001-02-000000010764328	grp-a001-02-000000069047580	하루견과	nad-a001-02-000000541753960	bsn-a001-00-000000013604308	23	02	8753	M	3	0	0	8	0
20260908	4291318	cmp-a001-02-000000010764328	grp-a001-02-000000072573876	추석선물	nad-a001-02-000000573683835	bsn-a001-00-000000013604308	23	11	529514	M	1	0	0	15	0
20260908	4291318	cmp-a001-02-000000010764328	grp-a001-02-000000069047580	견과류	nad-a001-02-000000541753999	bsn-a001-00-000000013604308	23	99	529514	M	26	0	0	26	0
20260908	4291318	cmp-a001-02-000000010764328	grp-a001-02-000000069047580	견과류	nad-a001-02-000000541753999	bsn-a001-00-000000013604308	23	07	529514	M	4	0	0	5	0
20260908	4291318	cmp-a001-02-000000010764328	grp-a001-02-000000069047580	견과세트	nad-a001-02-000000541753999	bsn-a001-00-000000013604308	23	16	768323	M	1	0	0	2	0
20260908	4291318	cmp-a001-02-000000010764328	grp-a001-02-000000072573876	추석선물세트	nad-a001-02-000000573683834	bsn-a001-00-000000013604308	23	07	529514	M	1	0	0	2	0
20260908	4291318	cmp-a001-02-000000010764328	grp-a001-02-000000069047580	견과류	nad-a001-02-000000541753959	bsn-a001-00-000000013604308	23	02	8753	M	5	0	0	16	0
20260908	4291318	cmp-a001-02-000000010764328	grp-a001-02-000000069047580	견과류	nad-a001-02-000000541753959	bsn-a001-00-000000013604308	23	14	529514	M	2	0	0	4	0
20260908	4291318	cmp-a001-02-000000010764328	grp-a001-02-000000069047580	견과세트	nad-a001-02-000000541753960	bsn-a001-00-000000013604308	23	10	768323	M	1	0	0	3	0
20260908	4291318	cmp-a001-02-000000010764328	grp-a001-02-000000069047580	프로틴	nad-a001-02-000000553654562	bsn-a001-00-000000013604308	23	09	529514	M	43	0	0	43	0
20260908	4291318	cmp-a001-02-000000010764328	grp-a001-02-000000069047580	프로틴	nad-a001-02-000000553654562	bsn-a001-00-000000013604308	23	02	768323	M	21	0	0	26	0
20260908	4291318	cmp-a001-02-000000010764328	grp-a001-02-000000069047580	하루견과	nad-a001-02-000000541753960	bsn-a001-00-000000013604308	23	00	633013	M	1	0	0	3	0
20260908	4291318	cmp-a001-02-000000010764328	grp-a001-02-000000069047580	하루견과	nad-a001-02-000000541753999	bsn-a001-00-000000013604308	23	06	8753	M	1	1	2184	1	0
20260908	4291318	cmp-a001-02-000000010764328	grp-a001-02-000000069047580	하루견과	nad-a001-02-000000541753959	bsn-a001-00-000000013604308	23	02	8753	M	3	0	0	11	0
20260908	4291318	cmp-a001-02-000000010764328	grp-a001-02-000000069047580	견과류추천	nad-a001-02-000000541753960	bsn-a001-00-000000013604308	23	09	8753	M	2	0	0	9	0
20260908	4291318	cmp-a001-02-000000010764328	grp-a001-02-000000072573876	추석선물세트	nad-a001-02-000000573683835	bsn-a001-00-000000013604308	23	16	341898	M	1	0	0	1	0
20260908	4291318	cmp-a001-02-000000010764328	grp-a001-02-000000069047580	견과류	nad-a001-02-000000541753999	bsn-a001-00-000000013604308	23	02	8753	M	5	1	2011	10	0
20260908	4291318	cmp-a001-02-000000010764328	grp-a001-02-000000069047580	견과류	nad-a001-02-000000541753999	bsn-a001-00-000000013604308	23	13	33421	M	1	0	0	2	0
20260908	4291318	cmp-a001-02-000000010764328	grp-a001-02-000000069047580	단백질파우더	nad-a001-02-000000553654562	bsn-a001-00-000000013604308	23	02	529514	M	20	0	0	32	0
20260908	4291318	cmp-a001-02-000000010764328	grp-a001-02-000000069047580	견과류	nad-a001-02-000000541753999	bsn-a001-00-000000013604308	23	03	8753	M	1	0	0	2	0
20260908	4291318	cmp-a001-02-000000010764328	grp-a001-02-000000072573876	추석선물세트	nad-a001-02-000000573683835	bsn-a001-00-000000013604308	23	01	8753	M	1	0	0	2	0
20260908	4291318	cmp-a001-02-000000010764328	grp-a001-02-000000072573876	추석선물세트추천	nad-a001-02-000000573683834	bsn-a001-00-000000013604308	23	06	33421	M	1	0	0	1	0
20260908	4291318	cmp-a001-02-000000010764328	grp-a001-02-000000072573876	추석선물세트	nad-a001-02-000000573683834	bsn-a001-00-000000013604308	23	03	529514	M	3	0	0	6	0
20260908	4291318	cmp-a001-02-000000010764328	grp-a001-02-000000069047580	견과세트	nad-a001-02-000000541753999	bsn-a001-00-000000013604308	23	08	768323	M	2	0	0	4	0
20260908	4291318	cmp-a001-02-000000010764328	grp-a001-02-000000069047580	생식가루	nad-a001-02-000000541753988	bsn-a001-00-000000013604308	23	06	684926	M	1	0	0	7	0
20260908	4291318	cmp-a001-02-000000010764328	grp-a001-02-000000069047580	견과세트	nad-a001-02-000000541753999	bsn-a001-00-000000013604308	23	13	768323	M	2	0	0	4	0
20260908	4291318	cmp-a001-02-000000010764328	grp-a001-02-000000072573876	추석선물세트	nad-a001-02-000000573683834	bsn-a001-00-000000013604308	23	02	8753	M	2	0	0	7	0
20260908	4291318	cmp-a001-02-000000010764328	grp-a001-02-000000072573876	추석선물세트	nad-a001-02-000000573683835	bsn-a001-00-000000013604308	23	99	529514	M	6	0	0	15	0
20260908	4291318	cmp-a001-02-000000010764328	grp-a001-02-000000069047580	견과류	nad-a001-02-000000541753960	bsn-a001-00-000000013604308	23	02	529514	M	28	0	0	84	0
20260908	4291318	cmp-a001-02-000000010764328	grp-a001-02-000000069047580	수유부간식과자	nad-a001-02-000000553654554	bsn-a001-00-000000013604308	23	02	8753	M	1	0	0	5	0
20260908	4291318	cmp-a001-02-000000010764328	grp-a001-02-000000069047580	하루견과	nad-a001-02-000000541753999	bsn-a001-00-000000013604308	23	13	8753	M	1	0	0	1	0
20260908	4291318	cmp-a001-02-000000010764328	grp-a001-02-000000069047580	견과류	nad-a001-02-000000541753959	bsn-a001-00-000000013604308	23	16	8753	M	1	0	0	4	0
20260908	4291318	cmp-a001-02-000000010764328	grp-a001-02-000000069047580	하루견과	nad-a001-02-000000541753959	bsn-a001-00-000000013604308	23	99	684926	M	1	0	0	2	0
20260908	4291318	cmp-a001-02-000000010764328	grp-a001-02-000000072573876	추석선물세트	nad-a001-02-000000573683834	bsn-a001-00-000000013604308	23	15	33421	M	2	0	0	2	0
20260908	4291318	cmp-a001-02-000000010764328	grp-a001-02-000000069047580	하루견과	nad-a001-02-000000541753999	bsn-a001-00-000000013604308	23	09	529514	M	20	0	0	20	0
20260908	4291318	cmp-a001-02-000000010764328	grp-a001-02-000000072573876	추석선물세트	nad-a001-02-000000573683834	bsn-a001-00-000000013604308	23	08	529514	M	4	0	0	8	0
20260908	4291318	cmp-a001-02-000000010764328	grp-a001-02-000000069047580	견과류	nad-a001-02-000000541753999	bsn-a001-00-000000013604308	23	13	8753	M	1	0	0	2	0
20260908	4291318	cmp-a001-02-000000010764328	grp-a001-02-000000069047580	하루	nad-a001-02-000000541753959	bsn-a001-00-000000013604308	23	02	137281	M	8	0	0	16	0
20260908	4291318	cmp-a001-02-000000010764328	grp-a001-02-000000069047580	갓	nad-a001-02-000000541753960	bsn-a001-00-000000013604308	23	10	8753	M	1	0	0	5	0
20260908	4291318	cmp-a001-02-000000010764328	grp-a001-02-000000072573876	추석선물세트	nad-a001-02-000000573683834	bsn-a001-00-000000013604308	23	09	529514	M	33	0	0	68	0
20260908	4291318	cmp-a001-02-000000010764328	grp-a001-02-000000069047580	견과류	nad-a001-02-000000541753999	bsn-a001-00-000000013604308	23	09	33421	M	1	0	0	2	0
20260908	4291318	cmp-a001-02-000000010764328	grp-a001-02-000000069047580	견과류	nad-a001-02-000000541753959	bsn-a001-00-000000013604308	23	13	33421	M	1	0	0	4	0
20260908	4291318	cmp-a001-02-000000010764328	grp-a001-02-000000069047580	황성주생식	nad-a001-02-000000541753996	bsn-a001-00-000000013604308	23	04	8753	M	1	0	0	2	0
20260908	4291318	cmp-a001-02-000000010764328	grp-a001-02-000000072573876	명절선물	nad-a001-02-000000573683835	bsn-a001-00-000000013604308	23	99	8753	M	1	0	0	10	0
20260908	4291318	cmp-a001-02-000000010764328	grp-a001-02-000000069047580	단백질쉐이크	nad-a001-02-000000553654562	bsn-a001-00-000000013604308	23	18	529514	M	10	0	0	18	0
20260908	4291318	cmp-a001-02-000000010764328	grp-a001-02-000000069047580	맑은농산하루견과아몬드	nad-a001-02-000000541753960	bsn-a001-00-000000013604308	23	09	8753	M	1	0	0	2	0
20260908	4291318	cmp-a001-02-000000010764328	grp-a001-02-000000069047580	견과세트	nad-a001-02-000000541753960	bsn-a001-00-000000013604308	23	09	768323	M	1	0	0	3	0
20260908	4291318	cmp-a001-02-000000010764328	grp-a001-02-000000069047580	견과류	nad-a001-02-000000541753999	bsn-a001-00-000000013604308	23	15	8753	M	2	0	0	4	0
20260908	4291318	cmp-a001-02-000000010764328	grp-a001-02-000000069047580	단백질바	nad-a001-02-000000553654554	bsn-a001-00-000000013604308	23	01	8753	M	1	0	0	5	0
20260908	4291318	cmp-a001-02-000000010764328	grp-a001-02-000000069047580	생식	nad-a001-02-000000541753997	bsn-a001-00-000000013604308	21	09	424040	M	1	0	0	1	0
20260908	4291318	cmp-a001-02-000000010764328	grp-a001-02-000000069047580	순수WPI	nad-a001-02-000000553654562	bsn-a001-00-000000013604308	07	07	341898	M	1	0	0	1	0
20260908	4291318	cmp-a001-02-000000010764328	grp-a001-02-000000069047580	황성주생식	nad-a001-02-000000541753997	bsn-a001-00-000000013604308	07	09	424040	M	1	1	803	1	0
20260908	4291318	cmp-a001-02-000000010764328	grp-a001-02-000000069047580	나인플레이트견과류	nad-a001-02-000000541753959	bsn-a001-00-000000013604308	07	09	370822	P	1	0	0	1	0
20260908	4291318	cmp-a001-02-000000010764328	grp-a001-02-000000069047580	견과류	nad-a001-02-000000541753960	bsn-a001-00-000000013604308	07	02	341898	M	1	0	0	1	0
20260908	4291318	cmp-a001-02-000000010764328	grp-a001-02-000000069047580	황성주생식	nad-a001-02-000000541753997	bsn-a001-00-000000013604308	16	11	424040	M	1	0	0	1	0
20260908	4291318	cmp-a001-02-000000010764328	grp-a001-02-000000069047580	칼로리바	nad-a001-02-000000553654558	bsn-a001-00-000000013604308	08	02	8753	M	1	0	0	3	0
20260908	4291318	cmp-a001-02-000000010764328	grp-a001-02-000000069047580	단백질	nad-a001-02-000000553654562	bsn-a001-00-000000013604308	08	09	791888	M	3	0	0	3	0
20260908	4291318	cmp-a001-02-000000010764328	grp-a001-02-000000069047580	견과류	nad-a001-02-000000541753960	bsn-a001-00-000000013604308	08	10	529514	M	6	0	0	24	0
20260908	4291318	cmp-a001-02-000000010764328	grp-a001-02-000000069047580	단백질바비교	nad-a001-02-000000553654558	bsn-a001-00-000000013604308	08	01	8753	M	1	0	0	5	0
20260908	4291318	cmp-a001-02-000000010764328	grp-a001-02-000000069047580	제리	nad-a001-02-000000541753985	bsn-a001-00-000000013604308	08	02	8753	M	1	0	0	4	0
20260908	4291318	cmp-a001-02-000000010764328	grp-a001-02-000000069047580	황성주생식	nad-a001-02-000000541753996	bsn-a001-00-000000013604308	08	08	633013	M	1	0	0	3	0
20260908	4291318	cmp-a001-02-000000010764328	grp-a001-02-000000072573876	추석선물세트	nad-a001-02-000000573683835	bsn-a001-00-000000013604308	08	06	8753	M	2	0	0	12	0
20260908	4291318	cmp-a001-02-000000010764328	grp-a001-02-000000069047580	프로틴	nad-a001-02-000000553654562	bsn-a001-00-000000013604308	08	11	768323	M	25	0	0	31	0
20260908	4291318	cmp-a001-02-000000010764328	grp-a001-02-000000069047580	견과류	nad-a001-02-000000541753959	bsn-a001-00-000000013604308	08	04	33421	M	1	0	0	7	0
20260908	4291318	cmp-a001-02-000000010764328	grp-a001-02-000000069047580	하루견과세트	nad-a001-02-000000541753959	bsn-a001-00-000000013604308	08	99	684926	M	2	0	0	8	0
20260908	4291318	cmp-a001-02-000000010764328	grp-a001-02-000000069047580	하루견과	nad-a001-02-000000541753959	bsn-a001-00-000000013604308	08	11	33421	M	1	0	0	2	0
20260908	4291318	cmp-a001-02-000000010764328	grp-a001-02-000000069047580	갓	nad-a001-02-000000541753960	bsn-a001-00-000000013604308	08	17	8753	M	1	0	0	1	0
20260908	4291318	cmp-a001-02-000000010764328	grp-a001-02-000000069047580	황성주생식	nad-a001-02-000000541753997	bsn-a001-00-000000013604308	08	13	33421	M	1	0	0	5	0
20260908	4291318	cmp-a001-02-000000010764328	grp-a001-02-000000069047580	갓	nad-a001-02-000000541753999	bsn-a001-00-000000013604308	08	02	8753	M	2	0	0	5	0
20260908	4291318	cmp-a001-02-000000010764328	grp-a001-02-000000069047580	견과류냉동보관	nad-a001-02-000000541753960	bsn-a001-00-000000013604308	08	02	8753	M	1	0	0	5	0
20260908	4291318	cmp-a001-02-000000010764328	grp-a001-02-000000069047580	견과류	nad-a001-02-000000541753999	bsn-a001-00-000000013604308	08	04	8753	M	10	0	0	27	0
20260908	4291318	cmp-a001-02-000000010764328	grp-a001-02-000000069047580	견과류	nad-a001-02-000000541753999	bsn-a001-00-000000013604308	08	02	8753	M	11	0	0	35	0
20260908	4291318	cmp-a001-02-000000010764328	grp-a001-02-000000069047580	갓	nad-a001-02-000000541753999	bsn-a001-00-000000013604308	08	99	684924	M	1	0	0	1	0
20260908	4291318	cmp-a001-02-000000010764328	grp-a001-02-000000069047580	갓	nad-a001-02-000000541753959	bsn-a001-00-000000013604308	08	09	8753	M	2	0	0	6	0
20260908	4291318	cmp-a001-02-000000010764328	grp-a001-02-000000069047580	견과류	nad-a001-02-000000541753959	bsn-a001-00-000000013604308	08	14	529514	M	4	0	0	12	0
20260908	4291318	cmp-a001-02-000000010764328	grp-a001-02-000000069047580	견과류하루견과	nad-a001-02-000000541753960	bsn-a001-00-000000013604308	08	99	87620	M	1	0	0	3	0
20260908	4291318	cmp-a001-02-000000010764328	grp-a001-02-000000069047580	단백질바	nad-a001-02-000000553654558	bsn-a001-00-000000013604308	08	99	529514	M	8	0	0	16	0
20260908	4291318	cmp-a001-02-000000010764328	grp-a001-02-000000069047580	프로틴	nad-a001-02-000000553654562	bsn-a001-00-000000013604308	08	06	529514	M	18	0	0	18	0
20260908	4291318	cmp-a001-02-000000010764328	grp-a001-02-000000069047580	견과류	nad-a001-02-000000541753959	bsn-a001-00-000000013604308	08	99	684926	M	4	0	0	19	0
20260908	4291318	cmp-a001-02-000000010764328	grp-a001-02-000000069047580	견과류	nad-a001-02-000000541753960	bsn-a001-00-000000013604308	08	10	33421	M	1	0	0	6	0
20260908	4291318	cmp-a001-02-000000010764328	grp-a001-02-000000069047580	하루견과	nad-a001-02-000000541753999	bsn-a001-00-000000013604308	08	99	87620	M	3	0	0	3	0
20260908	4291318	cmp-a001-02-000000010764328	grp-a001-02-000000069047580	하루견과	nad-a001-02-000000541753959	bsn-a001-00-000000013604308	08	08	8753	M	2	0	0	6	0
20260908	4291318	cmp-a001-02-000000010764328	grp-a001-02-000000072573876	추석선물추천	nad-a001-02-000000573683835	bsn-a001-00-000000013604308	08	15	798055	P	1	0	0	19	0
20260908	4291318	cmp-a001-02-000000010764328	grp-a001-02-000000069047580	단백질간식	nad-a001-02-000000553654554	bsn-a001-00-000000013604308	08	02	8753	M	2	0	0	5	0
20260908	4291318	cmp-a001-02-000000010764328	grp-a001-02-000000069047580	하루견과	nad-a001-02-000000541753959	bsn-a001-00-000000013604308	08	09	8753	M	3	0	0	11	0
20260908	4291318	cmp-a001-02-000000010764328	grp-a001-02-000000069047580	프로틴	nad-a001-02-000000553654562	bsn-a001-00-000000013604308	08	01	98128	M	1	0	0	1	0
20260908	4291318	cmp-a001-02-000000010764328	grp-a001-02-000000069047580	견과류	nad-a001-02-000000541753999	bsn-a001-00-000000013604308	08	03	633013	M	2	0	0	4	0
20260908	4291318	cmp-a001-02-000000010764328	grp-a001-02-000000069047580	프로틴바	nad-a001-02-000000553654559	bsn-a001-00-000000013604308	08	02	529514	M	4	0	0	12	0
20260908	4291318	cmp-a001-02-000000010764328	grp-a001-02-000000069047580	하루	nad-a001-02-000000541753999	bsn-a001-00-000000013604308	08	06	98128	M	2	0	0	4	0
20260908	4291318	cmp-a001-02-000000010764328	grp-a001-02-000000069047580	다이어트쉐이크	nad-a001-02-000000553654562	bsn-a001-00-000000013604308	08	04	529514	M	2	0	0	2	0
20260908	4291318	cmp-a001-02-000000010764328	grp-a001-02-000000069047580	견과류	nad-a001-02-000000541753999	bsn-a001-00-000000013604308	08	03	8753	M	1	0	0	2	0
20260908	4291318	cmp-a001-02-000000010764328	grp-a001-02-000000069047580	단백질	nad-a001-02-000000553654562	bsn-a001-00-000000013604308	08	09	529514	M	6	0	0	6	0
20260908	4291318	cmp-a001-02-000000010764328	grp-a001-02-000000069047580	하루견과	nad-a001-02-000000541753999	bsn-a001-00-000000013604308	08	08	33421	M	1	0	0	1	0
20260908	4291318	cmp-a001-02-000000010764328	grp-a001-02-000000072573876	추석선물세트	nad-a001-02-000000573683835	bsn-a001-00-000000013604308	08	13	529514	M	3	0	0	20	0
20260908	4291318	cmp-a001-02-000000010764328	grp-a001-02-000000069047580	견과세트	nad-a001-02-000000541753960	bsn-a001-00-000000013604308	08	04	768323	M	1	0	0	3	0
20260908	4291318	cmp-a001-02-000000010764328	grp-a001-02-000000069047580	하루견과푸르츠&베	nad-a001-02-000000541753960	bsn-a001-00-000000013604308	08	09	8753	M	1	0	0	4	0
20260908	4291318	cmp-a001-02-000000010764328	grp-a001-02-000000069047580	단백질바	nad-a001-02-000000553654559	bsn-a001-00-000000013604308	08	07	529514	M	6	0	0	18	0
20260908	4291318	cmp-a001-02-000000010764328	grp-a001-02-000000069047580	견과류	nad-a001-02-000000541753999	bsn-a001-00-000000013604308	08	06	684926	M	1	1	2552	1	0
20260908	4291318	cmp-a001-02-000000010764328	grp-a001-02-000000069047580	에너지바	nad-a001-02-000000553654559	bsn-a001-00-000000013604308	08	09	529514	M	4	0	0	12	0
20260908	4291318	cmp-a001-02-000000010764328	grp-a001-02-000000069047580	하루	nad-a001-02-000000541753960	bsn-a001-00-000000013604308	08	03	98128	M	2	0	0	6	0
20260908	4291318	cmp-a001-02-000000010764328	grp-a001-02-000000069047580	단백질보충제	nad-a001-02-000000553654562	bsn-a001-00-000000013604308	08	99	529514	M	2	0	0	2	0
20260908	4291318	cmp-a001-02-000000010764328	grp-a001-02-000000069047580	프로틴바	nad-a001-02-000000553654558	bsn-a001-00-000000013604308	08	01	768323	M	1	0	0	2	0
20260908	4291318	cmp-a001-02-000000010764328	grp-a001-02-000000069047580	프로틴바	nad-a001-02-000000553654559	bsn-a001-00-000000013604308	08	99	529514	M	2	0	0	6	0
20260908	4291318	cmp-a001-02-000000010764328	grp-a001-02-000000069047580	견과류	nad-a001-02-000000541753959	bsn-a001-00-000000013604308	08	18	529514	M	23	0	0	56	0
20260908	4291318	cmp-a001-02-000000010764328	grp-a001-02-000000069047580	하루견과	nad-a001-02-000000541753959	bsn-a001-00-000000013604308	08	99	684926	M	3	0	0	6	0
20260908	4291318	cmp-a001-02-000000010764328	grp-a001-02-000000069047580	프로틴바	nad-a001-02-000000553654558	bsn-a001-00-000000013604308	08	09	8753	M	1	0	0	5	0
20260908	4291318	cmp-a001-02-000000010764328	grp-a001-02-000000072573876	추석선물세트	nad-a001-02-000000573683834	bsn-a001-00-000000013604308	08	09	27758	P	1	0	0	1	0
20260908	4291318	cmp-a001-02-000000010764328	grp-a001-02-000000069047580	견과류	nad-a001-02-000000541753959	bsn-a001-00-000000013604308	08	03	633013	M	2	0	0	4	0
20260908	4291318	cmp-a001-02-000000010764328	grp-a001-02-000000069047580	프로틴	nad-a001-02-000000553654562	bsn-a001-00-000000013604308	08	16	768323	M	2	0	0	3	0
20260908	4291318	cmp-a001-02-000000010764328	grp-a001-02-000000069047580	하루견과	nad-a001-02-000000541753999	bsn-a001-00-000000013604308	08	03	33421	M	1	0	0	1	0
20260908	4291318	cmp-a001-02-000000010764328	grp-a001-02-000000069047580	단백질	nad-a001-02-000000553654562	bsn-a001-00-000000013604308	08	13	529514	M	1	0	0	1	0
20260908	4291318	cmp-a001-02-000000010764328	grp-a001-02-000000069047580	지니당프로틴바	nad-a001-02-000000553654554	bsn-a001-00-000000013604308	08	02	8753	M	1	0	0	4	0
20260908	4291318	cmp-a001-02-000000010764328	grp-a001-02-000000069047580	하루견과	nad-a001-02-000000541753959	bsn-a001-00-000000013604308	08	18	529514	M	6	0	0	18	0
20260908	4291318	cmp-a001-02-000000010764328	grp-a001-02-000000072573876	추석선물세트추천	nad-a001-02-000000573683834	bsn-a001-00-000000013604308	08	02	11068	P	1	0	0	1	0
20260908	4291318	cmp-a001-02-000000010764328	grp-a001-02-000000069047580	프로틴바	nad-a001-02-000000553654554	bsn-a001-00-000000013604308	08	18	529514	M	4	0	0	4	0
20260908	4291318	cmp-a001-02-000000010764328	grp-a001-02-000000069047580	하루견과	nad-a001-02-000000541753959	bsn-a001-00-000000013604308	08	06	27758	P	1	0	0	3	0
20260908	4291318	cmp-a001-02-000000010764328	grp-a001-02-000000069047580	견과류	nad-a001-02-000000541753960	bsn-a001-00-000000013604308	08	99	87620	M	1	0	0	3	0
20260908	4291318	cmp-a001-02-000000010764328	grp-a001-02-000000069047580	견과류세트	nad-a001-02-000000541753960	bsn-a001-00-000000013604308	08	99	8753	M	1	0	0	5	0
20260908	4291318	cmp-a001-02-000000010764328	grp-a001-02-000000069047580	하루견과	nad-a001-02-000000541753999	bsn-a001-00-000000013604308	08	07	529514	M	2	0	0	2	0
20260908	4291318	cmp-a001-02-000000010764328	grp-a001-02-000000069047580	견과류	nad-a001-02-000000541753960	bsn-a001-00-000000013604308	08	02	8753	M	1	0	0	10	0
20260908	4291318	cmp-a001-02-000000010764328	grp-a001-02-000000069047580	견과류	nad-a001-02-000000541753999	bsn-a001-00-000000013604308	08	03	684927	P	1	0	0	1	0
20260908	4291318	cmp-a001-02-000000010764328	grp-a001-02-000000069047580	단백질쉐이크	nad-a001-02-000000553654562	bsn-a001-00-000000013604308	08	00	529514	M	2	0	0	2	0
20260908	4291318	cmp-a001-02-000000010764328	grp-a001-02-000000069047580	견과류	nad-a001-02-000000541753960	bsn-a001-00-000000013604308	08	09	612594	M	1	0	0	6	0
20260908	4291318	cmp-a001-02-000000010764328	grp-a001-02-000000069047580	프로틴	nad-a001-02-000000553654562	bsn-a001-00-000000013604308	08	07	768323	M	2	0	0	3	0
20260908	4291318	cmp-a001-02-000000010764328	grp-a001-02-000000069047580	황성주생식라이프밀	nad-a001-02-000000541753997	bsn-a001-00-000000013604308	08	08	8753	M	1	0	0	4	0
20260908	4291318	cmp-a001-02-000000010764328	grp-a001-02-000000069047580	하루견과	nad-a001-02-000000541753960	bsn-a001-00-000000013604308	08	13	87620	M	1	0	0	2	0
20260908	4291318	cmp-a001-02-000000010764328	grp-a001-02-000000069047580	견과류	nad-a001-02-000000541753959	bsn-a001-00-000000013604308	08	01	8753	M	1	1	2891	8	0
20260908	4291318	cmp-a001-02-000000010764328	grp-a001-02-000000069047580	모두의푸드혼합D1개입	nad-a001-02-000000541753999	bsn-a001-00-000000013604308	08	02	23123	P	1	0	0	1	0
20260908	4291318	cmp-a001-02-000000010764328	grp-a001-02-000000069047580	하루견과	nad-a001-02-000000541753960	bsn-a001-00-000000013604308	08	02	33421	M	1	0	0	3	0
20260908	4291318	cmp-a001-02-000000010764328	grp-a001-02-000000069047580	견과류세트	nad-a001-02-000000541753959	bsn-a001-00-000000013604308	08	01	8753	M	1	0	0	3	0
20260908	4291318	cmp-a001-02-000000010764328	grp-a001-02-000000072573876	추석선물세트	nad-a001-02-000000573683834	bsn-a001-00-000000013604308	08	18	529514	M	15	0	0	90	0
20260908	4291318	cmp-a001-02-000000010764328	grp-a001-02-000000069047580	단백질쉐이크	nad-a001-02-000000553654562	bsn-a001-00-000000013604308	08	04	529514	M	31	0	0	31	0
20260908	4291318	cmp-a001-02-000000010764328	grp-a001-02-000000069047580	단백질쉐이크	nad-a001-02-000000553654562	bsn-a001-00-000000013604308	08	02	529514	M	72	0	0	72	0
20260908	4291318	cmp-a001-02-000000010764328	grp-a001-02-000000069047580	하루만	nad-a001-02-000000541753960	bsn-a001-00-000000013604308	08	03	529514	M	4	0	0	8	0
20260908	4291318	cmp-a001-02-000000010764328	grp-a001-02-000000069047580	하루견과	nad-a001-02-000000541753959	bsn-a001-00-000000013604308	08	02	11068	P	2	0	0	9	0
20260908	4291318	cmp-a001-02-000000010764328	grp-a001-02-000000072573876	진주명절선물박람회	nad-a001-02-000000573683835	bsn-a001-00-000000013604308	08	09	27758	P	1	0	0	1	0
20260908	4291318	cmp-a001-02-000000010764328	grp-a001-02-000000069047580	프로틴	nad-a001-02-000000553654562	bsn-a001-00-000000013604308	08	02	137281	M	1	0	0	1	0
20260908	4291318	cmp-a001-02-000000010764328	grp-a001-02-000000069047580	식이섬유견과류	nad-a001-02-000000541753960	bsn-a001-00-000000013604308	08	18	8753	M	1	0	0	4	0
20260908	4291318	cmp-a001-02-000000010764328	grp-a001-02-000000072573876	추석선물세트추천	nad-a001-02-000000573683835	bsn-a001-00-000000013604308	08	11	11068	P	1	0	0	2	0
20260908	4291318	cmp-a001-02-000000010764328	grp-a001-02-000000069047580	하루견과	nad-a001-02-000000541753959	bsn-a001-00-000000013604308	08	99	87620	M	3	0	0	9	0
20260908	4291318	cmp-a001-02-000000010764328	grp-a001-02-000000069047580	견과류세트	nad-a001-02-000000541753999	bsn-a001-00-000000013604308	08	01	8753	M	1	0	0	1	0
20260908	4291318	cmp-a001-02-000000010764328	grp-a001-02-000000069047580	견과류	nad-a001-02-000000541753999	bsn-a001-00-000000013604308	08	99	8753	M	2	0	0	2	0
20260908	4291318	cmp-a001-02-000000010764328	grp-a001-02-000000069047580	단백질바	nad-a001-02-000000553654559	bsn-a001-00-000000013604308	08	13	529514	M	2	0	0	6	0
20260908	4291318	cmp-a001-02-000000010764328	grp-a001-02-000000069047580	갓	nad-a001-02-000000541753959	bsn-a001-00-000000013604308	08	16	8753	M	2	0	0	4	0
20260908	4291318	cmp-a001-02-000000010764328	grp-a001-02-000000069047580	하루견과	nad-a001-02-000000541753960	bsn-a001-00-000000013604308	08	17	529514	M	2	0	0	4	0
20260908	4291318	cmp-a001-02-000000010764328	grp-a001-02-000000069047580	사랑이	nad-a001-02-000000553654559	bsn-a001-00-000000013604308	08	04	529514	M	2	0	0	13	0
20260908	4291318	cmp-a001-02-000000010764328	grp-a001-02-000000069047580	황성주생식	nad-a001-02-000000541754004	bsn-a001-00-000000013604308	08	18	612594	M	1	0	0	2	0
20260908	4291318	cmp-a001-02-000000010764328	grp-a001-02-000000069047580	푸룬젤리스틱	nad-a001-02-000000541753985	bsn-a001-00-000000013604308	08	99	684926	M	1	0	0	2	0
20260908	4291318	cmp-a001-02-000000010764328	grp-a001-02-000000069047580	원더풀견과세트	nad-a001-02-000000541753999	bsn-a001-00-000000013604308	08	02	27758	P	1	0	0	1	0
20260908	4291318	cmp-a001-02-000000010764328	grp-a001-02-000000069047580	하루견과	nad-a001-02-000000541753999	bsn-a001-00-000000013604308	08	13	33421	M	3	0	0	3	0
20260908	4291318	cmp-a001-02-000000010764328	grp-a001-02-000000069047580	견과류	nad-a001-02-000000541753999	bsn-a001-00-000000013604308	08	01	529514	M	7	0	0	14	0
20260908	4291318	cmp-a001-02-000000010764328	grp-a001-02-000000069047580	견과류추천	nad-a001-02-000000541753960	bsn-a001-00-000000013604308	08	00	612593	P	1	0	0	5	0
20260908	4291318	cmp-a001-02-000000010764328	grp-a001-02-000000069047580	견과류	nad-a001-02-000000541753999	bsn-a001-00-000000013604308	08	03	612594	M	1	0	0	5	0
20260908	4291318	cmp-a001-02-000000010764328	grp-a001-02-000000069047580	견과류	nad-a001-02-000000541753959	bsn-a001-00-000000013604308	08	09	529514	M	101	0	0	303	0
20260908	4291318	cmp-a001-02-000000010764328	grp-a001-02-000000069047580	견과세트	nad-a001-02-000000541753999	bsn-a001-00-000000013604308	08	99	768323	M	1	0	0	1	0
20260908	4291318	cmp-a001-02-000000010764328	grp-a001-02-000000069047580	단백질바	nad-a001-02-000000553654554	bsn-a001-00-000000013604308	08	16	529514	M	6	0	0	6	0
20260908	4291318	cmp-a001-02-000000010764328	grp-a001-02-000000069047580	견과류	nad-a001-02-000000541753959	bsn-a001-00-000000013604308	08	11	8753	M	1	0	0	6	0
20260908	4291318	cmp-a001-02-000000010764328	grp-a001-02-000000069047580	젤리	nad-a001-02-000000541753985	bsn-a001-00-000000013604308	08	07	684927	P	2	0	0	14	0
20260908	4291318	cmp-a001-02-000000010764328	grp-a001-02-000000069047580	단백질바	nad-a001-02-000000553654554	bsn-a001-00-000000013604308	08	18	529514	M	5	0	0	7	0
20260908	4291318	cmp-a001-02-000000010764328	grp-a001-02-000000069047580	견과류냉동보관	nad-a001-02-000000541753999	bsn-a001-00-000000013604308	08	02	8753	M	1	0	0	2	0
20260908	4291318	cmp-a001-02-000000010764328	grp-a001-02-000000069047580	견과류	nad-a001-02-000000541753999	bsn-a001-00-000000013604308	08	03	27758	P	2	0	0	4	0
20260908	4291318	cmp-a001-02-000000010764328	grp-a001-02-000000069047580	에너지바	nad-a001-02-000000553654554	bsn-a001-00-000000013604308	08	09	529514	M	4	0	0	4	0
20260908	4291318	cmp-a001-02-000000010764328	grp-a001-02-000000069047580	견과류	nad-a001-02-000000541753999	bsn-a001-00-000000013604308	08	08	8753	M	4	0	0	11	0
20260908	4291318	cmp-a001-02-000000010764328	grp-a001-02-000000069047580	견과류	nad-a001-02-000000541753959	bsn-a001-00-000000013604308	08	99	87620	M	1	0	0	2	0
20260908	4291318	cmp-a001-02-000000010764328	grp-a001-02-000000069047580	스틱형가루굳음	nad-a001-02-000000541753997	bsn-a001-00-000000013604308	08	09	8753	M	1	0	0	1	0
20260908	4291318	cmp-a001-02-000000010764328	grp-a001-02-000000069047580	견과류	nad-a001-02-000000541753960	bsn-a001-00-000000013604308	08	13	8753	M	1	0	0	4	0
20260908	4291318	cmp-a001-02-000000010764328	grp-a001-02-000000069047580	하루견과	nad-a001-02-000000541753999	bsn-a001-00-000000013604308	08	09	684924	M	1	0	0	1	0
20260908	4291318	cmp-a001-02-000000010764328	grp-a001-02-000000069047580	견과류	nad-a001-02-000000541753999	bsn-a001-00-000000013604308	08	09	27758	P	1	0	0	1	0
20260908	4291318	cmp-a001-02-000000010764328	grp-a001-02-000000069047580	갓	nad-a001-02-000000541753999	bsn-a001-00-000000013604308	08	17	684924	M	1	0	0	1	0
20260908	4291318	cmp-a001-02-000000010764328	grp-a001-02-000000069047580	하루견과	nad-a001-02-000000541753960	bsn-a001-00-000000013604308	08	99	33421	M	1	0	0	4	0
20260908	4291318	cmp-a001-02-000000010764328	grp-a001-02-000000069047580	견과류	nad-a001-02-000000541753959	bsn-a001-00-000000013604308	08	03	684927	P	1	0	0	8	0
20260908	4291318	cmp-a001-02-000000010764328	grp-a001-02-000000069047580	보스트단백질바프로틴	nad-a001-02-000000553654554	bsn-a001-00-000000013604308	08	11	8753	M	1	0	0	4	0
20260908	4291318	cmp-a001-02-000000010764328	grp-a001-02-000000069047580	하루견과	nad-a001-02-000000541753999	bsn-a001-00-000000013604308	08	03	684925	P	1	0	0	1	0
20260908	4291318	cmp-a001-02-000000010764328	grp-a001-02-000000069047580	단백질쉐이크	nad-a001-02-000000553654562	bsn-a001-00-000000013604308	08	03	98128	M	2	0	0	2	0
20260908	4291318	cmp-a001-02-000000010764328	grp-a001-02-000000069047580	프로틴	nad-a001-02-000000553654562	bsn-a001-00-000000013604308	08	17	529514	M	5	0	0	5	0
20260908	4291318	cmp-a001-02-000000010764328	grp-a001-02-000000069047580	견과류세트	nad-a001-02-000000541753960	bsn-a001-00-000000013604308	08	09	33421	M	2	0	0	7	0
20260908	4291318	cmp-a001-02-000000010764328	grp-a001-02-000000069047580	단백질보충제	nad-a001-02-000000553654562	bsn-a001-00-000000013604308	08	02	23123	P	4	0	0	4	0
20260908	4291318	cmp-a001-02-000000010764328	grp-a001-02-000000072573876	추석선물세트	nad-a001-02-000000573683834	bsn-a001-00-000000013604308	08	10	529514	M	9	0	0	54	0
20260908	4291318	cmp-a001-02-000000010764328	grp-a001-02-000000069047580	하루견과	nad-a001-02-000000541753999	bsn-a001-00-000000013604308	08	09	27758	P	2	1	2439	2	0
20260908	4291318	cmp-a001-02-000000010764328	grp-a001-02-000000069047580	견과류	nad-a001-02-000000541753999	bsn-a001-00-000000013604308	08	06	27758	P	1	0	0	1	0
20260908	4291318	cmp-a001-02-000000010764328	grp-a001-02-000000069047580	젤리	nad-a001-02-000000541753985	bsn-a001-00-000000013604308	08	10	768323	M	1	0	0	1	0
20260908	4291318	cmp-a001-02-000000010764328	grp-a001-02-000000069047580	견과류	nad-a001-02-000000541753959	bsn-a001-00-000000013604308	08	10	33421	M	1	0	0	7	0
20260908	4291318	cmp-a001-02-000000010764328	grp-a001-02-000000069047580	견과류	nad-a001-02-000000541753959	bsn-a001-00-000000013604308	08	09	684927	P	2	0	0	13	0
20260908	4291318	cmp-a001-02-000000010764328	grp-a001-02-000000069047580	견과류	nad-a001-02-000000541753960	bsn-a001-00-000000013604308	08	09	8753	M	2	0	0	13	0
20260908	4291318	cmp-a001-02-000000010764328	grp-a001-02-000000069047580	사랑님	nad-a001-02-000000553654554	bsn-a001-00-000000013604308	08	16	529514	M	2	0	0	5	0
20260908	4291318	cmp-a001-02-000000010764328	grp-a001-02-000000069047580	단백질바	nad-a001-02-000000553654554	bsn-a001-00-000000013604308	08	02	8753	M	2	0	0	10	0
20260908	4291318	cmp-a001-02-000000010764328	grp-a001-02-000000069047580	단백질쉐이크	nad-a001-02-000000553654562	bsn-a001-00-000000013604308	08	02	768323	M	1	0	0	1	0
20260908	4291318	cmp-a001-02-000000010764328	grp-a001-02-000000069047580	제리	nad-a001-02-000000541753985	bsn-a001-00-000000013604308	08	02	98128	M	1	0	0	2	0
20260908	4291318	cmp-a001-02-000000010764328	grp-a001-02-000000072573876	추석선물세트	nad-a001-02-000000573683834	bsn-a001-00-000000013604308	08	99	87620	M	1	0	0	8	0
20260908	4291318	cmp-a001-02-000000010764328	grp-a001-02-000000069047580	단백질쉐이크	nad-a001-02-000000553654562	bsn-a001-00-000000013604308	08	16	768323	M	1	0	0	1	0
20260908	4291318	cmp-a001-02-000000010764328	grp-a001-02-000000072573876	추석선물세트	nad-a001-02-000000573683835	bsn-a001-00-000000013604308	08	03	33421	M	2	0	0	9	0
20260908	4291318	cmp-a001-02-000000010764328	grp-a001-02-000000069047580	프로틴바	nad-a001-02-000000553654558	bsn-a001-00-000000013604308	08	09	27758	P	1	0	0	3	0
20260908	4291318	cmp-a001-02-000000010764328	grp-a001-02-000000069047580	가루는	nad-a001-02-000000541753997	bsn-a001-00-000000013604308	08	09	609155	M	1	0	0	2	0
20260908	4291318	cmp-a001-02-000000010764328	grp-a001-02-000000069047580	하루견과	nad-a001-02-000000541753960	bsn-a001-00-000000013604308	08	10	529514	M	10	0	0	20	0
20260908	4291318	cmp-a001-02-000000010764328	grp-a001-02-000000069047580	견과류	nad-a001-02-000000541753999	bsn-a001-00-000000013604308	08	09	529514	M	101	1	1805	202	0
20260908	4291318	cmp-a001-02-000000010764328	grp-a001-02-000000069047580	황성주생식	nad-a001-02-000000541753988	bsn-a001-00-000000013604308	08	09	633013	M	1	0	0	5	0
20260908	4291318	cmp-a001-02-000000010764328	grp-a001-02-000000069047580	오트리고메넛츠	nad-a001-02-000000541753959	bsn-a001-00-000000013604308	08	02	370822	P	1	0	0	1	0
20260908	4291318	cmp-a001-02-000000010764328	grp-a001-02-000000069047580	단백질바	nad-a001-02-000000553654558	bsn-a001-00-000000013604308	08	09	529514	M	50	0	0	90	0
20260908	4291318	cmp-a001-02-000000010764328	grp-a001-02-000000069047580	견과세트	nad-a001-02-000000541753960	bsn-a001-00-000000013604308	08	08	768323	M	1	0	0	3	0
20260908	4291318	cmp-a001-02-000000010764328	grp-a001-02-000000072573876	추석선물세트	nad-a001-02-000000573683835	bsn-a001-00-000000013604308	08	99	529514	M	70	1	55	455	0
20260908	4291318	cmp-a001-02-000000010764328	grp-a001-02-000000069047580	쉐이크	nad-a001-02-000000553654562	bsn-a001-00-000000013604308	08	09	529514	M	10	0	0	10	0
20260908	4291318	cmp-a001-02-000000010764328	grp-a001-02-000000069047580	에너지바	nad-a001-02-000000553654554	bsn-a001-00-000000013604308	08	02	87620	M	2	0	0	2	0
20260908	4291318	cmp-a001-02-000000010764328	grp-a001-02-000000069047580	견과	nad-a001-02-000000541753999	bsn-a001-00-000000013604308	08	02	684927	P	1	1	1703	1	0
20260908	4291318	cmp-a001-02-000000010764328	grp-a001-02-000000069047580	단백질쉐이크	nad-a001-02-000000553654562	bsn-a001-00-000000013604308	08	11	291244	M	3	0	0	5	0
20260908	4291318	cmp-a001-02-000000010764328	grp-a001-02-000000069047580	프로틴	nad-a001-02-000000553654562	bsn-a001-00-000000013604308	08	13	529514	M	13	0	0	13	0
20260908	4291318	cmp-a001-02-000000010764328	grp-a001-02-000000069047580	젤리	nad-a001-02-000000541753985	bsn-a001-00-000000013604308	08	11	768323	M	1	0	0	1	0
20260908	4291318	cmp-a001-02-000000010764328	grp-a001-02-000000069047580	견과세트	nad-a001-02-000000541753959	bsn-a001-00-000000013604308	08	18	768323	M	2	0	0	4	0
20260908	4291318	cmp-a001-02-000000010764328	grp-a001-02-000000069047580	사랑	nad-a001-02-000000553654558	bsn-a001-00-000000013604308	08	03	98128	M	2	0	0	8	0
20260908	4291318	cmp-a001-02-000000010764328	grp-a001-02-000000069047580	하루견과	nad-a001-02-000000541753960	bsn-a001-00-000000013604308	08	01	8753	M	2	0	0	10	0
20260908	4291318	cmp-a001-02-000000010764328	grp-a001-02-000000069047580	견과류	nad-a001-02-000000541753999	bsn-a001-00-000000013604308	08	09	8753	M	9	0	0	28	0
20260908	4291318	cmp-a001-02-000000010764328	grp-a001-02-000000069047580	황성주생식	nad-a001-02-000000541753997	bsn-a001-00-000000013604308	08	18	8753	M	1	0	0	6	0
20260908	4291318	cmp-a001-02-000000010764328	grp-a001-02-000000069047580	사랑	nad-a001-02-000000553654558	bsn-a001-00-000000013604308	08	02	98128	M	4	0	0	16	0
20260908	4291318	cmp-a001-02-000000010764328	grp-a001-02-000000069047580	황성주생식	nad-a001-02-000000541753988	bsn-a001-00-000000013604308	08	18	612594	M	1	0	0	7	0
20260908	4291318	cmp-a001-02-000000010764328	grp-a001-02-000000072573876	추석선물세트	nad-a001-02-000000573683834	bsn-a001-00-000000013604308	08	11	791889	P	1	0	0	9	0
20260908	4291318	cmp-a001-02-000000010764328	grp-a001-02-000000069047580	견과류	nad-a001-02-000000541753999	bsn-a001-00-000000013604308	08	07	529514	M	9	0	0	18	0
20260908	4291318	cmp-a001-02-000000010764328	grp-a001-02-000000072573876	추석선물세트추천	nad-a001-02-000000573683834	bsn-a001-00-000000013604308	08	15	8753	M	1	0	0	1	0
20260908	4291318	cmp-a001-02-000000010764328	grp-a001-02-000000069047580	젤리	nad-a001-02-000000541753985	bsn-a001-00-000000013604308	08	99	137281	M	9	0	0	18	0
20260908	4291318	cmp-a001-02-000000010764328	grp-a001-02-000000069047580	견과세트	nad-a001-02-000000541753999	bsn-a001-00-000000013604308	08	02	684925	P	2	0	0	2	0
20260908	4291318	cmp-a001-02-000000010764328	grp-a001-02-000000069047580	견과류꼭먹어야할까	nad-a001-02-000000541753960	bsn-a001-00-000000013604308	08	99	8753	M	1	0	0	5	0
20260908	4291318	cmp-a001-02-000000010764328	grp-a001-02-000000069047580	사랑님	nad-a001-02-000000553654559	bsn-a001-00-000000013604308	08	16	529514	M	2	0	0	13	0
20260908	4291318	cmp-a001-02-000000010764328	grp-a001-02-000000072573876	라이프밀스토어	nad-a001-02-000000573683834	bsn-a001-00-000000013604308	08	08	8753	M	1	0	0	2	0
20260908	4291318	cmp-a001-02-000000010764328	grp-a001-02-000000069047580	가루	nad-a001-02-000000541753996	bsn-a001-00-000000013604308	08	09	8753	M	1	0	0	4	0
20260908	4291318	cmp-a001-02-000000010764328	grp-a001-02-000000069047580	하루견과아몬드	nad-a001-02-000000541753959	bsn-a001-00-000000013604308	08	02	27758	P	1	0	0	2	0
20260908	4291318	cmp-a001-02-000000010764328	grp-a001-02-000000069047580	하루견과	nad-a001-02-000000541753960	bsn-a001-00-000000013604308	08	16	8753	M	1	0	0	6	0
20260908	4291318	cmp-a001-02-000000010764328	grp-a001-02-000000069047580	프로틴바	nad-a001-02-000000553654554	bsn-a001-00-000000013604308	08	02	8753	M	2	0	0	10	0
20260908	4291318	cmp-a001-02-000000010764328	grp-a001-02-000000069047580	사랑	nad-a001-02-000000553654558	bsn-a001-00-000000013604308	08	99	98128	M	3	0	0	12	0
20260908	4291318	cmp-a001-02-000000010764328	grp-a001-02-000000069047580	하루견과	nad-a001-02-000000541753959	bsn-a001-00-000000013604308	08	09	27758	P	1	0	0	3	0
20260908	4291318	cmp-a001-02-000000010764328	grp-a001-02-000000069047580	가루	nad-a001-02-000000541754004	bsn-a001-00-000000013604308	08	09	8753	M	1	0	0	3	0
20260908	4291318	cmp-a001-02-000000010764328	grp-a001-02-000000069047580	견과류	nad-a001-02-000000541753959	bsn-a001-00-000000013604308	08	08	529514	M	15	0	0	47	0
20260908	4291318	cmp-a001-02-000000010764328	grp-a001-02-000000069047580	견과류	nad-a001-02-000000541753959	bsn-a001-00-000000013604308	08	16	529514	M	7	0	0	21	0
20260908	4291318	cmp-a001-02-000000010764328	grp-a001-02-000000069047580	단백질바	nad-a001-02-000000553654554	bsn-a001-00-000000013604308	08	11	8753	M	1	0	0	5	0
20260908	4291318	cmp-a001-02-000000010764328	grp-a001-02-000000069047580	국산항태분말가루	nad-a001-02-000000541754004	bsn-a001-00-000000013604308	08	08	8753	M	1	0	0	2	0
20260908	4291318	cmp-a001-02-000000010764328	grp-a001-02-000000069047580	단백질간식	nad-a001-02-000000553654559	bsn-a001-00-000000013604308	08	01	33421	M	1	0	0	9	0
20260908	4291318	cmp-a001-02-000000010764328	grp-a001-02-000000069047580	견과류추천	nad-a001-02-000000541753999	bsn-a001-00-000000013604308	08	01	33421	M	1	0	0	2	0
20260908	4291318	cmp-a001-02-000000010764328	grp-a001-02-000000069047580	젤리	nad-a001-02-000000541753985	bsn-a001-00-000000013604308	08	02	768323	M	4	0	0	10	0
20260908	4291318	cmp-a001-02-000000010764328	grp-a001-02-000000069047580	에너지바	nad-a001-02-000000553654559	bsn-a001-00-000000013604308	08	11	529514	M	6	0	0	18	0
20260908	4291318	cmp-a001-02-000000010764328	grp-a001-02-000000069047580	하루견과	nad-a001-02-000000541753999	bsn-a001-00-000000013604308	08	99	33421	M	1	0	0	1	0
20260908	4291318	cmp-a001-02-000000010764328	grp-a001-02-000000069047580	황성주생식	nad-a001-02-000000541754005	bsn-a001-00-000000013604308	08	09	633013	M	1	0	0	4	0
20260908	4291318	cmp-a001-02-000000010764328	grp-a001-02-000000069047580	견과류	nad-a001-02-000000541753960	bsn-a001-00-000000013604308	08	11	529514	M	13	0	0	49	0
20260908	4291318	cmp-a001-02-000000010764328	grp-a001-02-000000069047580	견과루	nad-a001-02-000000541753960	bsn-a001-00-000000013604308	08	18	8753	M	1	0	0	5	0
20260908	4291318	cmp-a001-02-000000010764328	grp-a001-02-000000069047580	프로틴바	nad-a001-02-000000553654558	bsn-a001-00-000000013604308	08	02	768323	M	1	0	0	2	0
20260908	4291318	cmp-a001-02-000000010764328	grp-a001-02-000000072573876	추석선물세트	nad-a001-02-000000573683834	bsn-a001-00-000000013604308	08	02	529514	M	90	0	0	547	0
20260908	4291318	cmp-a001-02-000000010764328	grp-a001-02-000000069047580	견과세트	nad-a001-02-000000541753959	bsn-a001-00-000000013604308	08	02	768323	M	7	0	0	14	0
20260908	4291318	cmp-a001-02-000000010764328	grp-a001-02-000000069047580	케슈넛과아몬드와호두영	nad-a001-02-000000541753959	bsn-a001-00-000000013604308	08	02	8753	M	1	0	0	2	0
20260908	4291318	cmp-a001-02-000000010764328	grp-a001-02-000000069047580	하루견과	nad-a001-02-000000541753999	bsn-a001-00-000000013604308	08	02	684926	M	4	0	0	4	0
20260908	4291318	cmp-a001-02-000000010764328	grp-a001-02-000000069047580	사랑	nad-a001-02-000000553654559	bsn-a001-00-000000013604308	08	99	98128	M	3	0	0	17	0
20260908	4291318	cmp-a001-02-000000010764328	grp-a001-02-000000069047580	하루견과	nad-a001-02-000000541753960	bsn-a001-00-000000013604308	08	99	8753	M	1	0	0	5	0
20260908	4291318	cmp-a001-02-000000010764328	grp-a001-02-000000069047580	견과류세트	nad-a001-02-000000541753999	bsn-a001-00-000000013604308	08	07	8753	M	1	0	0	1	0
20260908	4291318	cmp-a001-02-000000010764328	grp-a001-02-000000069047580	사랑이	nad-a001-02-000000553654558	bsn-a001-00-000000013604308	08	04	529514	M	2	0	0	8	0
20260908	4291318	cmp-a001-02-000000010764328	grp-a001-02-000000072573876	추석선물세트	nad-a001-02-000000573683835	bsn-a001-00-000000013604308	08	18	798055	P	1	0	0	11	0
20260908	4291318	cmp-a001-02-000000010764328	grp-a001-02-000000069047580	에너지바	nad-a001-02-000000553654558	bsn-a001-00-000000013604308	08	11	529514	M	6	0	0	12	0
20260908	4291318	cmp-a001-02-000000010764328	grp-a001-02-000000069047580	사랑	nad-a001-02-000000553654558	bsn-a001-00-000000013604308	08	08	98128	M	2	0	0	8	0
20260908	4291318	cmp-a001-02-000000010764328	grp-a001-02-000000069047580	견과류	nad-a001-02-000000541753960	bsn-a001-00-000000013604308	08	01	529514	M	7	0	0	22	0
20260908	4291318	cmp-a001-02-000000010764328	grp-a001-02-000000069047580	견과류	nad-a001-02-000000541753999	bsn-a001-00-000000013604308	08	02	529514	M	71	0	0	142	0
20260908	4291318	cmp-a001-02-000000010764328	grp-a001-02-000000069047580	단백질바추천	nad-a001-02-000000553654554	bsn-a001-00-000000013604308	08	16	27758	P	1	0	0	2	0
20260908	4291318	cmp-a001-02-000000010764328	grp-a001-02-000000069047580	견과류	nad-a001-02-000000541753959	bsn-a001-00-000000013604308	08	03	798056	M	10	0	0	40	0
20260908	4291318	cmp-a001-02-000000010764328	grp-a001-02-000000069047580	프로틴바	nad-a001-02-000000553654554	bsn-a001-00-000000013604308	08	03	768323	M	1	0	0	1	0
20260908	4291318	cmp-a001-02-000000010764328	grp-a001-02-000000069047580	동결건조식품실생활	nad-a001-02-000000541754004	bsn-a001-00-000000013604308	08	02	8753	M	1	0	0	2	0
20260908	4291318	cmp-a001-02-000000010764328	grp-a001-02-000000069047580	단백질보충제	nad-a001-02-000000553654562	bsn-a001-00-000000013604308	08	06	33421	M	1	0	0	7	0
20260908	4291318	cmp-a001-02-000000010764328	grp-a001-02-000000069047580	프로틴바	nad-a001-02-000000553654559	bsn-a001-00-000000013604308	08	02	768323	M	1	0	0	3	0
20260908	4291318	cmp-a001-02-000000010764328	grp-a001-02-000000069047580	갓	nad-a001-02-000000541753959	bsn-a001-00-000000013604308	08	09	612593	P	1	0	0	1	0
20260908	4291318	cmp-a001-02-000000010764328	grp-a001-02-000000072573876	추석선물세트	nad-a001-02-000000573683835	bsn-a001-00-000000013604308	08	01	798055	P	1	0	0	11	0
20260908	4291318	cmp-a001-02-000000010764328	grp-a001-02-000000069047580	다이어트프로틴쉐이크	nad-a001-02-000000553654562	bsn-a001-00-000000013604308	08	09	529514	M	1	0	0	2	0
20260908	4291318	cmp-a001-02-000000010764328	grp-a001-02-000000069047580	견과류추천	nad-a001-02-000000541753999	bsn-a001-00-000000013604308	08	09	8753	M	1	0	0	3	0
20260908	4291318	cmp-a001-02-000000010764328	grp-a001-02-000000069047580	하루	nad-a001-02-000000541753960	bsn-a001-00-000000013604308	08	18	137281	M	5	0	0	5	0
20260908	4291318	cmp-a001-02-000000010764328	grp-a001-02-000000069047580	하루견과	nad-a001-02-000000541753999	bsn-a001-00-000000013604308	08	06	8753	M	2	0	0	2	0
20260908	4291318	cmp-a001-02-000000010764328	grp-a001-02-000000069047580	견과세트	nad-a001-02-000000541753959	bsn-a001-00-000000013604308	08	09	768323	M	5	0	0	10	0
20260908	4291318	cmp-a001-02-000000010764328	grp-a001-02-000000069047580	하루	nad-a001-02-000000541753959	bsn-a001-00-000000013604308	08	02	98128	M	4	0	0	4	0
20260908	4291318	cmp-a001-02-000000010764328	grp-a001-02-000000069047580	사랑이	nad-a001-02-000000553654554	bsn-a001-00-000000013604308	08	06	529514	M	1	0	0	3	0
20260908	4291318	cmp-a001-02-000000010764328	grp-a001-02-000000069047580	하루견과	nad-a001-02-000000541753999	bsn-a001-00-000000013604308	08	10	684926	M	1	0	0	1	0
20260908	4291318	cmp-a001-02-000000010764328	grp-a001-02-000000069047580	견과류	nad-a001-02-000000541753960	bsn-a001-00-000000013604308	08	14	529514	M	4	0	0	16	0
20260908	4291318	cmp-a001-02-000000010764328	grp-a001-02-000000069047580	프로틴바	nad-a001-02-000000553654559	bsn-a001-00-000000013604308	08	18	529514	M	4	0	0	12	0
20260908	4291318	cmp-a001-02-000000010764328	grp-a001-02-000000069047580	단백질파우더	nad-a001-02-000000553654562	bsn-a001-00-000000013604308	08	09	768323	M	5	0	0	7	0
20260908	4291318	cmp-a001-02-000000010764328	grp-a001-02-000000069047580	에너지바	nad-a001-02-000000553654554	bsn-a001-00-000000013604308	08	09	87620	M	1	0	0	1	0
20260908	4291318	cmp-a001-02-000000010764328	grp-a001-02-000000069047580	견과	nad-a001-02-000000541753959	bsn-a001-00-000000013604308	08	06	633013	M	2	0	0	2	0
20260908	4291318	cmp-a001-02-000000010764328	grp-a001-02-000000069047580	단백질	nad-a001-02-000000553654562	bsn-a001-00-000000013604308	08	02	98128	M	6	0	0	6	0
20260908	4291318	cmp-a001-02-000000010764328	grp-a001-02-000000069047580	단백질바	nad-a001-02-000000553654554	bsn-a001-00-000000013604308	08	13	27758	P	1	0	0	3	0
20260908	4291318	cmp-a001-02-000000010764328	grp-a001-02-000000069047580	견과세트	nad-a001-02-000000541753999	bsn-a001-00-000000013604308	08	06	768323	M	1	0	0	1	0
20260908	4291318	cmp-a001-02-000000010764328	grp-a001-02-000000069047580	견과세트	nad-a001-02-000000541753999	bsn-a001-00-000000013604308	08	02	768323	M	7	0	0	7	0
20260908	4291318	cmp-a001-02-000000010764328	grp-a001-02-000000069047580	하루견과	nad-a001-02-000000541753999	bsn-a001-00-000000013604308	08	04	8753	M	5	0	0	5	0
20260908	4291318	cmp-a001-02-000000010764328	grp-a001-02-000000069047580	프로틴	nad-a001-02-000000553654562	bsn-a001-00-000000013604308	08	09	529514	M	49	0	0	49	0
20260908	4291318	cmp-a001-02-000000010764328	grp-a001-02-000000069047580	하루견과	nad-a001-02-000000541753959	bsn-a001-00-000000013604308	08	09	684927	P	2	0	0	8	0
20260908	4291318	cmp-a001-02-000000010764328	grp-a001-02-000000069047580	단백질	nad-a001-02-000000553654562	bsn-a001-00-000000013604308	08	16	98128	M	2	0	0	2	0
20260908	4291318	cmp-a001-02-000000010764328	grp-a001-02-000000069047580	견과류	nad-a001-02-000000541753999	bsn-a001-00-000000013604308	08	06	684925	P	1	0	0	1	0
20260908	4291318	cmp-a001-02-000000010764328	grp-a001-02-000000069047580	견과루	nad-a001-02-000000541753959	bsn-a001-00-000000013604308	08	18	8753	M	1	0	0	2	0
20260908	4291318	cmp-a001-02-000000010764328	grp-a001-02-000000069047580	단백질바	nad-a001-02-000000553654558	bsn-a001-00-000000013604308	08	02	529514	M	16	0	0	28	0
20260908	4291318	cmp-a001-02-000000010764328	grp-a001-02-000000069047580	프로틴바	nad-a001-02-000000553654554	bsn-a001-00-000000013604308	08	16	8753	M	1	0	0	2	0
20260908	4291318	cmp-a001-02-000000010764328	grp-a001-02-000000069047580	단백질바	nad-a001-02-000000553654558	bsn-a001-00-000000013604308	08	01	529514	M	2	0	0	4	0
20260908	4291318	cmp-a001-02-000000010764328	grp-a001-02-000000069047580	프로틴바	nad-a001-02-000000553654554	bsn-a001-00-000000013604308	08	09	529514	M	6	0	0	7	0
20260908	4291318	cmp-a001-02-000000010764328	grp-a001-02-000000069047580	하루견과	nad-a001-02-000000541753999	bsn-a001-00-000000013604308	08	09	529514	M	14	0	0	19	0
20260908	4291318	cmp-a001-02-000000010764328	grp-a001-02-000000069047580	사탕젤리	nad-a001-02-000000541753985	bsn-a001-00-000000013604308	08	09	87620	M	2	0	0	2	0
20260908	4291318	cmp-a001-02-000000010764328	grp-a001-02-000000069047580	견과류	nad-a001-02-000000541753999	bsn-a001-00-000000013604308	08	13	529514	M	10	0	0	20	0
20260908	4291318	cmp-a001-02-000000010764328	grp-a001-02-000000069047580	프로틴	nad-a001-02-000000553654562	bsn-a001-00-000000013604308	08	15	768323	M	9	0	0	11	0
20260908	4291318	cmp-a001-02-000000010764328	grp-a001-02-000000069047580	단백질바	nad-a001-02-000000553654559	bsn-a001-00-000000013604308	08	99	529514	M	8	0	0	24	0
20260908	4291318	cmp-a001-02-000000010764328	grp-a001-02-000000069047580	견과류세트	nad-a001-02-000000541753960	bsn-a001-00-000000013604308	08	09	8753	M	2	0	0	9	0
20260908	4291318	cmp-a001-02-000000010764328	grp-a001-02-000000069047580	하루만	nad-a001-02-000000541753960	bsn-a001-00-000000013604308	08	09	529514	M	2	0	0	4	0
20260908	4291318	cmp-a001-02-000000010764328	grp-a001-02-000000069047580	쉐이크	nad-a001-02-000000553654562	bsn-a001-00-000000013604308	08	02	529514	M	14	0	0	14	0
20260908	4291318	cmp-a001-02-000000010764328	grp-a001-02-000000069047580	견과류세트	nad-a001-02-000000541753999	bsn-a001-00-000000013604308	08	08	8753	M	1	0	0	1	0
20260908	4291318	cmp-a001-02-000000010764328	grp-a001-02-000000072573876	추석선물세트	nad-a001-02-000000573683834	bsn-a001-00-000000013604308	08	09	529514	M	124	0	0	754	0
20260908	4291318	cmp-a001-02-000000010764328	grp-a001-02-000000069047580	견과류	nad-a001-02-000000541753959	bsn-a001-00-000000013604308	08	02	529514	M	71	0	0	213	0
20260908	4291318	cmp-a001-02-000000010764328	grp-a001-02-000000069047580	견과류	nad-a001-02-000000541753959	bsn-a001-00-000000013604308	08	09	612593	P	1	0	0	3	0
20260908	4291318	cmp-a001-02-000000010764328	grp-a001-02-000000069047580	사랑이	nad-a001-02-000000553654559	bsn-a001-00-000000013604308	08	16	529514	M	2	0	0	13	0
20260908	4291318	cmp-a001-02-000000010764328	grp-a001-02-000000069047580	에너지바	nad-a001-02-000000553654554	bsn-a001-00-000000013604308	08	99	529514	M	4	0	0	4	0
20260908	4291318	cmp-a001-02-000000010764328	grp-a001-02-000000069047580	단백질파우더	nad-a001-02-000000553654562	bsn-a001-00-000000013604308	08	18	529514	M	2	0	0	2	0
20260908	4291318	cmp-a001-02-000000010764328	grp-a001-02-000000069047580	단백질바	nad-a001-02-000000553654558	bsn-a001-00-000000013604308	08	13	529514	M	2	0	0	4	0
20260908	4291318	cmp-a001-02-000000010764328	grp-a001-02-000000069047580	보충제	nad-a001-02-000000553654562	bsn-a001-00-000000013604308	08	09	529514	M	14	0	0	14	0
20260908	4291318	cmp-a001-02-000000010764328	grp-a001-02-000000069047580	하루견과	nad-a001-02-000000541753999	bsn-a001-00-000000013604308	08	03	27758	P	1	0	0	1	0
20260908	4291318	cmp-a001-02-000000010764328	grp-a001-02-000000069047580	사랑이	nad-a001-02-000000553654554	bsn-a001-00-000000013604308	08	10	529514	M	2	0	0	5	0
20260908	4291318	cmp-a001-02-000000010764328	grp-a001-02-000000069047580	하루견과	nad-a001-02-000000541753960	bsn-a001-00-000000013604308	08	18	529514	M	6	0	0	12	0
20260908	4291318	cmp-a001-02-000000010764328	grp-a001-02-000000069047580	하루견과	nad-a001-02-000000541753959	bsn-a001-00-000000013604308	08	02	8753	M	8	0	0	29	0
20260908	4291318	cmp-a001-02-000000010764328	grp-a001-02-000000069047580	하루견과	nad-a001-02-000000541753959	bsn-a001-00-000000013604308	08	07	8753	M	2	0	0	8	0
20260908	4291318	cmp-a001-02-000000010764328	grp-a001-02-000000069047580	다이어트쉐이크	nad-a001-02-000000553654562	bsn-a001-00-000000013604308	08	03	768323	M	1	0	0	1	0
20260908	4291318	cmp-a001-02-000000010764328	grp-a001-02-000000069047580	하루	nad-a001-02-000000541753999	bsn-a001-00-000000013604308	08	99	137281	M	2	0	0	4	0
20260908	4291318	cmp-a001-02-000000010764328	grp-a001-02-000000069047580	프로틴	nad-a001-02-000000553654562	bsn-a001-00-000000013604308	08	99	137281	M	4	0	0	4	0
20260908	4291318	cmp-a001-02-000000010764328	grp-a001-02-000000069047580	견과류	nad-a001-02-000000541753960	bsn-a001-00-000000013604308	08	99	529514	M	47	0	0	179	0
20260908	4291318	cmp-a001-02-000000010764328	grp-a001-02-000000069047580	사랑이	nad-a001-02-000000553654559	bsn-a001-00-000000013604308	08	10	529514	M	2	0	0	13	0
20260908	4291318	cmp-a001-02-000000010764328	grp-a001-02-000000069047580	하루견과	nad-a001-02-000000541753960	bsn-a001-00-000000013604308	08	11	33421	M	1	0	0	4	0
20260908	4291318	cmp-a001-02-000000010764328	grp-a001-02-000000069047580	사랑	nad-a001-02-000000553654554	bsn-a001-00-000000013604308	08	02	98128	M	4	0	0	12	0
20260908	4291318	cmp-a001-02-000000010764328	grp-a001-02-000000069047580	프로틴	nad-a001-02-000000553654562	bsn-a001-00-000000013604308	08	03	33421	M	1	0	0	7	0
20260908	4291318	cmp-a001-02-000000010764328	grp-a001-02-000000069047580	브랜드판매방법	nad-a001-02-000000541754004	bsn-a001-00-000000013604308	08	09	8753	M	1	0	0	3	0
20260908	4291318	cmp-a001-02-000000010764328	grp-a001-02-000000069047580	사랑	nad-a001-02-000000553654554	bsn-a001-00-000000013604308	08	04	98128	M	1	0	0	3	0
20260908	4291318	cmp-a001-02-000000010764328	grp-a001-02-000000069047580	칼로리바	nad-a001-02-000000553654554	bsn-a001-00-000000013604308	08	99	529514	M	6	0	0	9	0
20260908	4291318	cmp-a001-02-000000010764328	grp-a001-02-000000069047580	견과세트	nad-a001-02-000000541753959	bsn-a001-00-000000013604308	08	03	768323	M	2	0	0	4	0
20260908	4291318	cmp-a001-02-000000010764328	grp-a001-02-000000069047580	젤리	nad-a001-02-000000541753985	bsn-a001-00-000000013604308	08	99	768323	M	1	0	0	3	0
20260908	4291318	cmp-a001-02-000000010764328	grp-a001-02-000000069047580	견과류	nad-a001-02-000000541753959	bsn-a001-00-000000013604308	08	01	529514	M	7	0	0	21	0
20260908	4291318	cmp-a001-02-000000010764328	grp-a001-02-000000069047580	견과류	nad-a001-02-000000541753959	bsn-a001-00-000000013604308	08	02	684927	P	1	0	0	6	0
20260908	4291318	cmp-a001-02-000000010764328	grp-a001-02-000000069047580	단백질바	nad-a001-02-000000553654558	bsn-a001-00-000000013604308	08	02	8753	M	1	0	0	6	0
20260908	4291318	cmp-a001-02-000000010764328	grp-a001-02-000000069047580	하루견과	nad-a001-02-000000541753959	bsn-a001-00-000000013604308	08	99	33421	M	1	0	0	3	0
20260908	4291318	cmp-a001-02-000000010764328	grp-a001-02-000000069047580	단백질프로틴	nad-a001-02-000000553654562	bsn-a001-00-000000013604308	08	09	612594	M	1	0	0	4	0
20260908	4291318	cmp-a001-02-000000010764328	grp-a001-02-000000069047580	하루견과	nad-a001-02-000000541753960	bsn-a001-00-000000013604308	08	09	370822	P	1	0	0	5	0
20260908	4291318	cmp-a001-02-000000010764328	grp-a001-02-000000069047580	브랜드스토어	nad-a001-02-000000541754004	bsn-a001-00-000000013604308	08	07	684926	M	1	0	0	1	0
20260908	4291318	cmp-a001-02-000000010764328	grp-a001-02-000000072573876	추석선물세트	nad-a001-02-000000573683835	bsn-a001-00-000000013604308	08	04	529514	M	8	0	0	50	0
20260908	4291318	cmp-a001-02-000000010764328	grp-a001-02-000000069047580	단백질쉐이크	nad-a001-02-000000553654562	bsn-a001-00-000000013604308	08	10	529514	M	2	0	0	2	0
20260908	4291318	cmp-a001-02-000000010764328	grp-a001-02-000000069047580	하루견과	nad-a001-02-000000541753960	bsn-a001-00-000000013604308	08	08	8753	M	2	0	0	9	0
20260908	4291318	cmp-a001-02-000000010764328	grp-a001-02-000000069047580	견과류	nad-a001-02-000000541753999	bsn-a001-00-000000013604308	08	04	529514	M	8	0	0	16	0
20260908	4291318	cmp-a001-02-000000010764328	grp-a001-02-000000069047580	에너지바	nad-a001-02-000000553654554	bsn-a001-00-000000013604308	08	04	8753	M	1	0	0	4	0
20260908	4291318	cmp-a001-02-000000010764328	grp-a001-02-000000069047580	견과류	nad-a001-02-000000541753960	bsn-a001-00-000000013604308	08	13	529514	M	10	0	0	39	0
20260908	4291318	cmp-a001-02-000000010764328	grp-a001-02-000000072573876	추석선물세트	nad-a001-02-000000573683835	bsn-a001-00-000000013604308	08	16	11068	P	1	0	0	5	0
20260908	4291318	cmp-a001-02-000000010764328	grp-a001-02-000000069047580	견과류	nad-a001-02-000000541753960	bsn-a001-00-000000013604308	08	16	529514	M	7	0	0	25	0
20260908	4291318	cmp-a001-02-000000010764328	grp-a001-02-000000069047580	칼로리바	nad-a001-02-000000553654559	bsn-a001-00-000000013604308	08	99	529514	M	6	0	0	18	0
20260908	4291318	cmp-a001-02-000000010764328	grp-a001-02-000000072573876	추석선물세트	nad-a001-02-000000573683834	bsn-a001-00-000000013604308	08	07	23123	P	1	0	0	9	0
20260908	4291318	cmp-a001-02-000000010764328	grp-a001-02-000000069047580	하루견과	nad-a001-02-000000541753999	bsn-a001-00-000000013604308	08	06	27758	P	1	0	0	1	0
20260908	4291318	cmp-a001-02-000000010764328	grp-a001-02-000000069047580	하루견과	nad-a001-02-000000541753960	bsn-a001-00-000000013604308	08	15	8753	M	1	0	0	5	0
20260908	4291318	cmp-a001-02-000000010764328	grp-a001-02-000000069047580	견과류	nad-a001-02-000000541753960	bsn-a001-00-000000013604308	08	08	529514	M	15	0	0	60	0
20260908	4291318	cmp-a001-02-000000010764328	grp-a001-02-000000069047580	황성주생식	nad-a001-02-000000541753997	bsn-a001-00-000000013604308	08	03	8753	M	1	0	0	6	0
20260908	4291318	cmp-a001-02-000000010764328	grp-a001-02-000000069047580	하루만	nad-a001-02-000000541753999	bsn-a001-00-000000013604308	08	09	529514	M	2	0	0	2	0
20260908	4291318	cmp-a001-02-000000010764328	grp-a001-02-000000069047580	사랑님	nad-a001-02-000000553654559	bsn-a001-00-000000013604308	08	09	529514	M	2	0	0	13	0
20260908	4291318	cmp-a001-02-000000010764328	grp-a001-02-000000069047580	프로틴바더쿠	nad-a001-02-000000553654554	bsn-a001-00-000000013604308	08	09	8753	M	1	0	0	4	0
20260908	4291318	cmp-a001-02-000000010764328	grp-a001-02-000000069047580	단백질바	nad-a001-02-000000553654554	bsn-a001-00-000000013604308	08	03	8753	M	1	0	0	5	0
20260908	4291318	cmp-a001-02-000000010764328	grp-a001-02-000000069047580	하루견과	nad-a001-02-000000541753959	bsn-a001-00-000000013604308	08	08	33421	M	1	0	0	2	0
20260908	4291318	cmp-a001-02-000000010764328	grp-a001-02-000000069047580	혼합식사대용쉐이크	nad-a001-02-000000553654562	bsn-a001-00-000000013604308	08	04	33421	M	1	0	0	4	0
20260908	4291318	cmp-a001-02-000000010764328	grp-a001-02-000000069047580	견과세트	nad-a001-02-000000541753960	bsn-a001-00-000000013604308	08	02	768323	M	7	0	0	21	0
20260908	4291318	cmp-a001-02-000000010764328	grp-a001-02-000000069047580	견과류하루견과	nad-a001-02-000000541753999	bsn-a001-00-000000013604308	08	15	8753	M	1	0	0	1	0
20260908	4291318	cmp-a001-02-000000010764328	grp-a001-02-000000069047580	견과류세트	nad-a001-02-000000541753959	bsn-a001-00-000000013604308	08	07	8753	M	1	0	0	3	0
20260908	4291318	cmp-a001-02-000000010764328	grp-a001-02-000000069047580	견과류세트	nad-a001-02-000000541753999	bsn-a001-00-000000013604308	08	99	684926	M	2	0	0	2	0
20260908	4291318	cmp-a001-02-000000010764328	grp-a001-02-000000069047580	견과류	nad-a001-02-000000541753960	bsn-a001-00-000000013604308	08	01	633013	M	2	0	0	4	0
20260908	4291318	cmp-a001-02-000000010764328	grp-a001-02-000000069047580	젤리	nad-a001-02-000000541753985	bsn-a001-00-000000013604308	08	13	684926	M	1	0	0	8	0
20260908	4291318	cmp-a001-02-000000010764328	grp-a001-02-000000069047580	하루견과	nad-a001-02-000000541753959	bsn-a001-00-000000013604308	08	02	33421	M	1	0	0	2	0
20260908	4291318	cmp-a001-02-000000010764328	grp-a001-02-000000069047580	견과류	nad-a001-02-000000541753959	bsn-a001-00-000000013604308	08	01	33421	M	1	0	0	6	0
20260908	4291318	cmp-a001-02-000000010764328	grp-a001-02-000000069047580	견과	nad-a001-02-000000541753999	bsn-a001-00-000000013604308	08	03	27758	P	1	0	0	1	0
20260908	4291318	cmp-a001-02-000000010764328	grp-a001-02-000000069047580	갓	nad-a001-02-000000541753999	bsn-a001-00-000000013604308	08	02	684924	M	1	0	0	1	0
20260908	4291318	cmp-a001-02-000000010764328	grp-a001-02-000000069047580	프로틴	nad-a001-02-000000553654562	bsn-a001-00-000000013604308	08	08	768323	M	14	0	0	24	0
20260908	4291318	cmp-a001-02-000000010764328	grp-a001-02-000000069047580	견과류	nad-a001-02-000000541753999	bsn-a001-00-000000013604308	08	09	684925	P	2	0	0	2	0
20260908	4291318	cmp-a001-02-000000010764328	grp-a001-02-000000069047580	하루견과	nad-a001-02-000000541753960	bsn-a001-00-000000013604308	08	03	11068	P	1	0	0	2	0
20260908	4291318	cmp-a001-02-000000010764328	grp-a001-02-000000069047580	견과류세트	nad-a001-02-000000541753959	bsn-a001-00-000000013604308	08	09	33421	M	1	0	0	3	0
20260908	4291318	cmp-a001-02-000000010764328	grp-a001-02-000000069047580	견과세트	nad-a001-02-000000541753959	bsn-a001-00-000000013604308	08	02	27758	P	1	0	0	3	0
20260908	4291318	cmp-a001-02-000000010764328	grp-a001-02-000000069047580	낱개견과류	nad-a001-02-000000541753999	bsn-a001-00-000000013604308	08	04	8753	M	1	0	0	1	0
20260908	4291318	cmp-a001-02-000000010764328	grp-a001-02-000000069047580	견과류선물세트	nad-a001-02-000000541753999	bsn-a001-00-000000013604308	08	09	684926	M	2	0	0	3	0
20260908	4291318	cmp-a001-02-000000010764328	grp-a001-02-000000069047580	견과류추천	nad-a001-02-000000541753999	bsn-a001-00-000000013604308	08	00	612593	P	1	0	0	4	0
20260908	4291318	cmp-a001-02-000000010764328	grp-a001-02-000000069047580	개당스토어	nad-a001-02-000000541753999	bsn-a001-00-000000013604308	08	08	98128	M	1	0	0	2	0
20260908	4291318	cmp-a001-02-000000010764328	grp-a001-02-000000069047580	프로틴	nad-a001-02-000000553654562	bsn-a001-00-000000013604308	08	14	768323	M	4	0	0	6	0
20260908	4291318	cmp-a001-02-000000010764328	grp-a001-02-000000069047580	열량이적은견과류는?	nad-a001-02-000000541753999	bsn-a001-00-000000013604308	08	09	27758	P	1	0	0	1	0
20260908	4291318	cmp-a001-02-000000010764328	grp-a001-02-000000069047580	단백질바	nad-a001-02-000000553654554	bsn-a001-00-000000013604308	08	04	529514	M	2	0	0	2	0
20260908	4291318	cmp-a001-02-000000010764328	grp-a001-02-000000069047580	하루견과	nad-a001-02-000000541753960	bsn-a001-00-000000013604308	08	02	11068	P	1	0	0	2	0
20260908	4291318	cmp-a001-02-000000010764328	grp-a001-02-000000069047580	프로틴바식품	nad-a001-02-000000553654554	bsn-a001-00-000000013604308	08	09	98128	M	2	0	0	2	0
20260908	4291318	cmp-a001-02-000000010764328	grp-a001-02-000000069047580	하루견과	nad-a001-02-000000541753960	bsn-a001-00-000000013604308	08	07	529514	M	2	0	0	4	0
20260908	4291318	cmp-a001-02-000000010764328	grp-a001-02-000000069047580	단백질프로틴	nad-a001-02-000000553654562	bsn-a001-00-000000013604308	08	06	529514	M	2	0	0	2	0
20260908	4291318	cmp-a001-02-000000010764328	grp-a001-02-000000069047580	견과류세트	nad-a001-02-000000541753960	bsn-a001-00-000000013604308	08	02	684925	P	1	0	0	1	0
20260908	4291318	cmp-a001-02-000000010764328	grp-a001-02-000000069047580	프로틴바	nad-a001-02-000000553654559	bsn-a001-00-000000013604308	08	09	529514	M	6	0	0	21	0
20260908	4291318	cmp-a001-02-000000010764328	grp-a001-02-000000069047580	견과류먹으면좋은시간대	nad-a001-02-000000541753999	bsn-a001-00-000000013604308	08	08	8753	M	1	0	0	1	0
20260908	4291318	cmp-a001-02-000000010764328	grp-a001-02-000000069047580	모두의푸드혼합C1개입	nad-a001-02-000000541753999	bsn-a001-00-000000013604308	08	02	23123	P	1	0	0	1	0
20260908	4291318	cmp-a001-02-000000010764328	grp-a001-02-000000069047580	단백질쉐이크	nad-a001-02-000000553654562	bsn-a001-00-000000013604308	08	08	529514	M	19	0	0	19	0
20260908	4291318	cmp-a001-02-000000010764328	grp-a001-02-000000069047580	사랑님	nad-a001-02-000000553654558	bsn-a001-00-000000013604308	08	13	529514	M	2	0	0	8	0
20260908	4291318	cmp-a001-02-000000010764328	grp-a001-02-000000069047580	제리	nad-a001-02-000000541753985	bsn-a001-00-000000013604308	08	18	98128	M	2	0	0	4	0
20260908	4291318	cmp-a001-02-000000010764328	grp-a001-02-000000069047580	견과류세트	nad-a001-02-000000541753999	bsn-a001-00-000000013604308	08	02	11068	P	2	0	0	2	0
20260908	4291318	cmp-a001-02-000000010764328	grp-a001-02-000000069047580	단백질바	nad-a001-02-000000553654558	bsn-a001-00-000000013604308	08	14	529514	M	2	0	0	4	0
20260908	4291318	cmp-a001-02-000000010764328	grp-a001-02-000000069047580	갓	nad-a001-02-000000541753999	bsn-a001-00-000000013604308	08	09	684925	P	1	0	0	1	0
20260908	4291318	cmp-a001-02-000000010764328	grp-a001-02-000000069047580	견과세트	nad-a001-02-000000541753960	bsn-a001-00-000000013604308	08	06	768323	M	1	0	0	3	0
20260908	4291318	cmp-a001-02-000000010764328	grp-a001-02-000000069047580	가루야가루야	nad-a001-02-000000541754004	bsn-a001-00-000000013604308	08	99	8753	M	1	0	0	3	0
20260908	4291318	cmp-a001-02-000000010764328	grp-a001-02-000000069047580	프로틴	nad-a001-02-000000553654562	bsn-a001-00-000000013604308	08	13	768323	M	8	0	0	11	0
20260908	4291318	cmp-a001-02-000000010764328	grp-a001-02-000000069047580	하루견과	nad-a001-02-000000541753959	bsn-a001-00-000000013604308	08	09	33421	M	1	0	0	4	0
20260908	4291318	cmp-a001-02-000000010764328	grp-a001-02-000000069047580	견과류	nad-a001-02-000000541753999	bsn-a001-00-000000013604308	08	02	27758	P	2	0	0	3	0
20260908	4291318	cmp-a001-02-000000010764328	grp-a001-02-000000069047580	단백질바	nad-a001-02-000000553654554	bsn-a001-00-000000013604308	08	07	529514	M	6	0	0	6	0
20260908	4291318	cmp-a001-02-000000010764328	grp-a001-02-000000069047580	프로틴	nad-a001-02-000000553654562	bsn-a001-00-000000013604308	08	15	529514	M	6	0	0	6	0
20260908	4291318	cmp-a001-02-000000010764328	grp-a001-02-000000069047580	에너지바	nad-a001-02-000000553654559	bsn-a001-00-000000013604308	08	99	529514	M	4	0	0	12	0
20260908	4291318	cmp-a001-02-000000010764328	grp-a001-02-000000069047580	갓	nad-a001-02-000000541753999	bsn-a001-00-000000013604308	08	09	684924	M	2	0	0	2	0
20260908	4291318	cmp-a001-02-000000010764328	grp-a001-02-000000069047580	단백질	nad-a001-02-000000553654562	bsn-a001-00-000000013604308	08	01	98128	M	1	0	0	1	0
20260908	4291318	cmp-a001-02-000000010764328	grp-a001-02-000000069047580	스틱젤리	nad-a001-02-000000541753985	bsn-a001-00-000000013604308	08	06	8753	M	1	0	0	6	0
20260908	4291318	cmp-a001-02-000000010764328	grp-a001-02-000000069047580	원	nad-a001-02-000000541753999	bsn-a001-00-000000013604308	08	02	612593	P	1	0	0	17	0
20260908	4291318	cmp-a001-02-000000010764328	grp-a001-02-000000069047580	식이섬유견과류	nad-a001-02-000000541753959	bsn-a001-00-000000013604308	08	18	8753	M	1	0	0	3	0
20260908	4291318	cmp-a001-02-000000010764328	grp-a001-02-000000069047580	단백질바추천	nad-a001-02-000000553654558	bsn-a001-00-000000013604308	08	09	8753	M	1	0	0	3	0
20260908	4291318	cmp-a001-02-000000010764328	grp-a001-02-000000069047580	단백질쉐이크	nad-a001-02-000000553654562	bsn-a001-00-000000013604308	08	16	98128	M	6	0	0	6	0
20260908	4291318	cmp-a001-02-000000010764328	grp-a001-02-000000069047580	견과류선물세트	nad-a001-02-000000541753999	bsn-a001-00-000000013604308	08	02	684925	P	2	0	0	2	0
20260908	4291318	cmp-a001-02-000000010764328	grp-a001-02-000000069047580	견과류세트	nad-a001-02-000000541753999	bsn-a001-00-000000013604308	08	02	27758	P	2	0	0	3	0
20260908	4291318	cmp-a001-02-000000010764328	grp-a001-02-000000072573876	추석선물세트	nad-a001-02-000000573683834	bsn-a001-00-000000013604308	08	18	798055	P	1	0	0	12	0
20260908	4291318	cmp-a001-02-000000010764328	grp-a001-02-000000069047580	국산항태분말가루	nad-a001-02-000000541753997	bsn-a001-00-000000013604308	08	08	8753	M	1	0	0	1	0
20260908	4291318	cmp-a001-02-000000010764328	grp-a001-02-000000069047580	프로틴쉐이크	nad-a001-02-000000553654562	bsn-a001-00-000000013604308	08	99	529514	M	2	0	0	2	0
20260908	4291318	cmp-a001-02-000000010764328	grp-a001-02-000000069047580	황성주생식	nad-a001-02-000000541753997	bsn-a001-00-000000013604308	08	02	8753	M	3	0	0	15	0
20260908	4291318	cmp-a001-02-000000010764328	grp-a001-02-000000072573876	추석선물세트	nad-a001-02-000000573683834	bsn-a001-00-000000013604308	08	11	529514	M	27	0	0	168	0
20260908	4291318	cmp-a001-02-000000010764328	grp-a001-02-000000069047580	사랑이	nad-a001-02-000000553654558	bsn-a001-00-000000013604308	08	10	529514	M	2	0	0	8	0
20260908	4291318	cmp-a001-02-000000010764328	grp-a001-02-000000069047580	프로틴	nad-a001-02-000000553654562	bsn-a001-00-000000013604308	08	09	291244	M	1	0	0	1	0
20260908	4291318	cmp-a001-02-000000010764328	grp-a001-02-000000069047580	하루견과	nad-a001-02-000000541753959	bsn-a001-00-000000013604308	08	01	8753	M	2	0	0	8	0
20260908	4291318	cmp-a001-02-000000010764328	grp-a001-02-000000069047580	견과류	nad-a001-02-000000541753960	bsn-a001-00-000000013604308	08	04	8753	M	6	0	0	41	0
20260908	4291318	cmp-a001-02-000000010764328	grp-a001-02-000000072573876	추석선물세트	nad-a001-02-000000573683835	bsn-a001-00-000000013604308	08	03	529514	M	25	0	0	171	0
20260908	4291318	cmp-a001-02-000000010764328	grp-a001-02-000000069047580	견과류	nad-a001-02-000000541753959	bsn-a001-00-000000013604308	08	10	529514	M	6	0	0	18	0
20260908	4291318	cmp-a001-02-000000010764328	grp-a001-02-000000069047580	견과류	nad-a001-02-000000541753959	bsn-a001-00-000000013604308	08	10	8753	M	1	0	0	5	0
20260908	4291318	cmp-a001-02-000000010764328	grp-a001-02-000000069047580	견과류	nad-a001-02-000000541753999	bsn-a001-00-000000013604308	08	03	798056	M	10	0	0	20	0
20260908	4291318	cmp-a001-02-000000010764328	grp-a001-02-000000069047580	단백질바	nad-a001-02-000000553654558	bsn-a001-00-000000013604308	08	07	529514	M	6	0	0	12	0
20260908	4291318	cmp-a001-02-000000010764328	grp-a001-02-000000069047580	프로틴바	nad-a001-02-000000553654554	bsn-a001-00-000000013604308	08	99	529514	M	2	0	0	2	0
20260908	4291318	cmp-a001-02-000000010764328	grp-a001-02-000000069047580	사랑님	nad-a001-02-000000553654554	bsn-a001-00-000000013604308	08	13	529514	M	2	0	0	5	0
20260908	4291318	cmp-a001-02-000000010764328	grp-a001-02-000000072573876	추석선물세트	nad-a001-02-000000573683834	bsn-a001-00-000000013604308	08	08	11068	P	2	0	0	4	0
20260908	4291318	cmp-a001-02-000000010764328	grp-a001-02-000000069047580	모두의푸드혼합B1개입	nad-a001-02-000000541753960	bsn-a001-00-000000013604308	08	02	23123	P	1	0	0	2	0
20260908	4291318	cmp-a001-02-000000010764328	grp-a001-02-000000069047580	견과	nad-a001-02-000000541753999	bsn-a001-00-000000013604308	08	07	633013	M	1	0	0	3	0
20260908	4291318	cmp-a001-02-000000010764328	grp-a001-02-000000069047580	하루	nad-a001-02-000000541753959	bsn-a001-00-000000013604308	08	03	98128	M	5	0	0	5	0
20260908	4291318	cmp-a001-02-000000010764328	grp-a001-02-000000069047580	사랑님	nad-a001-02-000000553654558	bsn-a001-00-000000013604308	08	09	529514	M	2	0	0	8	0
20260908	4291318	cmp-a001-02-000000010764328	grp-a001-02-000000069047580	견과류	nad-a001-02-000000541753999	bsn-a001-00-000000013604308	08	04	684927	P	1	0	0	1	0
20260908	4291318	cmp-a001-02-000000010764328	grp-a001-02-000000069047580	단백질바	nad-a001-02-000000553654559	bsn-a001-00-000000013604308	08	02	529514	M	16	0	0	62	0
20260908	4291318	cmp-a001-02-000000010764328	grp-a001-02-000000069047580	견과류	nad-a001-02-000000541753999	bsn-a001-00-000000013604308	08	09	633013	M	3	0	0	3	0
20260908	4291318	cmp-a001-02-000000010764328	grp-a001-02-000000069047580	단백질파우더	nad-a001-02-000000553654562	bsn-a001-00-000000013604308	08	10	529514	M	2	0	0	2	0
20260908	4291318	cmp-a001-02-000000010764328	grp-a001-02-000000069047580	견과류세트	nad-a001-02-000000541753999	bsn-a001-00-000000013604308	08	08	27758	P	1	0	0	1	0
20260908	4291318	cmp-a001-02-000000010764328	grp-a001-02-000000069047580	에너지바	nad-a001-02-000000553654558	bsn-a001-00-000000013604308	08	00	27758	P	1	0	0	3	0
20260908	4291318	cmp-a001-02-000000010764328	grp-a001-02-000000069047580	프로틴쉐이크	nad-a001-02-000000553654562	bsn-a001-00-000000013604308	08	02	529514	M	4	0	0	4	0
20260908	4291318	cmp-a001-02-000000010764328	grp-a001-02-000000069047580	프로틴바	nad-a001-02-000000553654558	bsn-a001-00-000000013604308	08	02	529514	M	4	0	0	8	0
20260908	4291318	cmp-a001-02-000000010764328	grp-a001-02-000000069047580	생식가루	nad-a001-02-000000541754004	bsn-a001-00-000000013604308	08	07	8753	M	1	0	0	2	0
20260908	4291318	cmp-a001-02-000000010764328	grp-a001-02-000000069047580	하루견과	nad-a001-02-000000541753999	bsn-a001-00-000000013604308	08	11	33421	M	1	0	0	1	0
20260908	4291318	cmp-a001-02-000000010764328	grp-a001-02-000000072573876	추석선물세트	nad-a001-02-000000573683835	bsn-a001-00-000000013604308	08	11	529514	M	16	0	0	107	0
20260908	4291318	cmp-a001-02-000000010764328	grp-a001-02-000000069047580	견과류	nad-a001-02-000000541753999	bsn-a001-00-000000013604308	08	07	33421	M	1	0	0	1	0
20260908	4291318	cmp-a001-02-000000010764328	grp-a001-02-000000069047580	견과류세트	nad-a001-02-000000541753960	bsn-a001-00-000000013604308	08	99	684926	M	2	0	0	4	0
20260908	4291318	cmp-a001-02-000000010764328	grp-a001-02-000000069047580	하루견과	nad-a001-02-000000541753999	bsn-a001-00-000000013604308	08	18	529514	M	6	0	0	6	0
20260908	4291318	cmp-a001-02-000000010764328	grp-a001-02-000000069047580	하루견과몇년간먹으면	nad-a001-02-000000541753999	bsn-a001-00-000000013604308	08	06	27758	P	1	0	0	1	0
20260908	4291318	cmp-a001-02-000000010764328	grp-a001-02-000000069047580	에너지바	nad-a001-02-000000553654558	bsn-a001-00-000000013604308	08	99	529514	M	4	0	0	8	0
20260908	4291318	cmp-a001-02-000000010764328	grp-a001-02-000000069047580	견과류	nad-a001-02-000000541753999	bsn-a001-00-000000013604308	08	09	612593	P	1	0	0	4	0
20260908	4291318	cmp-a001-02-000000010764328	grp-a001-02-000000069047580	견과류세트	nad-a001-02-000000541753999	bsn-a001-00-000000013604308	08	99	8753	M	1	0	0	1	0
20260908	4291318	cmp-a001-02-000000010764328	grp-a001-02-000000069047580	견과	nad-a001-02-000000541753960	bsn-a001-00-000000013604308	08	06	633013	M	2	0	0	4	0
20260908	4291318	cmp-a001-02-000000010764328	grp-a001-02-000000069047580	원더플견과세트	nad-a001-02-000000541753999	bsn-a001-00-000000013604308	08	18	8753	M	1	0	0	1	0
20260908	4291318	cmp-a001-02-000000010764328	grp-a001-02-000000069047580	견과류	nad-a001-02-000000541753959	bsn-a001-00-000000013604308	08	03	684926	M	1	0	0	5	0
20260908	4291318	cmp-a001-02-000000010764328	grp-a001-02-000000069047580	모두의푸드혼합C1개입	nad-a001-02-000000541753960	bsn-a001-00-000000013604308	08	02	23123	P	1	0	0	3	0
20260908	4291318	cmp-a001-02-000000010764328	grp-a001-02-000000069047580	모두의푸드혼합D1개입	nad-a001-02-000000541753959	bsn-a001-00-000000013604308	08	02	23123	P	1	0	0	5	0
20260908	4291318	cmp-a001-02-000000010764328	grp-a001-02-000000069047580	견과세트	nad-a001-02-000000541753999	bsn-a001-00-000000013604308	08	08	768323	M	1	0	0	1	0
20260908	4291318	cmp-a001-02-000000010764328	grp-a001-02-000000069047580	하루	nad-a001-02-000000541753999	bsn-a001-00-000000013604308	08	99	98128	M	1	0	0	2	0
20260908	4291318	cmp-a001-02-000000010764328	grp-a001-02-000000069047580	갓	nad-a001-02-000000541753959	bsn-a001-00-000000013604308	08	17	8753	M	1	0	0	2	0
20260908	4291318	cmp-a001-02-000000010764328	grp-a001-02-000000069047580	사랑	nad-a001-02-000000553654558	bsn-a001-00-000000013604308	08	04	98128	M	1	0	0	4	0
20260908	4291318	cmp-a001-02-000000010764328	grp-a001-02-000000069047580	단백질	nad-a001-02-000000553654562	bsn-a001-00-000000013604308	08	18	529514	M	23	0	0	23	0
20260908	4291318	cmp-a001-02-000000010764328	grp-a001-02-000000069047580	식이섬유견과류	nad-a001-02-000000541753999	bsn-a001-00-000000013604308	08	18	8753	M	1	0	0	2	0
20260908	4291318	cmp-a001-02-000000010764328	grp-a001-02-000000069047580	달지않는에너지바	nad-a001-02-000000553654558	bsn-a001-00-000000013604308	08	02	8753	M	1	0	0	5	0
20260908	4291318	cmp-a001-02-000000010764328	grp-a001-02-000000069047580	개당스토어	nad-a001-02-000000541753960	bsn-a001-00-000000013604308	08	08	98128	M	1	0	0	4	0
20260908	4291318	cmp-a001-02-000000010764328	grp-a001-02-000000069047580	프로틴쉐이크	nad-a001-02-000000553654562	bsn-a001-00-000000013604308	08	04	529514	M	2	0	0	2	0
20260908	4291318	cmp-a001-02-000000010764328	grp-a001-02-000000069047580	사랑이	nad-a001-02-000000553654558	bsn-a001-00-000000013604308	08	16	529514	M	2	0	0	8	0
20260908	4291318	cmp-a001-02-000000010764328	grp-a001-02-000000069047580	프로틴	nad-a001-02-000000553654562	bsn-a001-00-000000013604308	08	10	529514	M	5	0	0	5	0
20260908	4291318	cmp-a001-02-000000010764328	grp-a001-02-000000069047580	견과류	nad-a001-02-000000541753959	bsn-a001-00-000000013604308	08	09	684926	M	8	0	0	53	0
20260908	4291318	cmp-a001-02-000000010764328	grp-a001-02-000000069047580	하루	nad-a001-02-000000541753960	bsn-a001-00-000000013604308	08	06	98128	M	2	0	0	6	0
20260908	4291318	cmp-a001-02-000000010764328	grp-a001-02-000000069047580	프로틴바	nad-a001-02-000000553654554	bsn-a001-00-000000013604308	08	11	768323	M	3	0	0	3	0
20260908	4291318	cmp-a001-02-000000010764328	grp-a001-02-000000069047580	견과류	nad-a001-02-000000541753999	bsn-a001-00-000000013604308	08	13	684926	M	2	0	0	2	0
20260908	4291318	cmp-a001-02-000000010764328	grp-a001-02-000000069047580	사랑이	nad-a001-02-000000553654554	bsn-a001-00-000000013604308	08	04	529514	M	2	0	0	5	0
20260908	4291318	cmp-a001-02-000000010764328	grp-a001-02-000000069047580	프로틴바	nad-a001-02-000000553654559	bsn-a001-00-000000013604308	08	04	768323	M	1	0	0	5	0
20260908	4291318	cmp-a001-02-000000010764328	grp-a001-02-000000069047580	추석선울5만원세트	nad-a001-02-000000541753999	bsn-a001-00-000000013604308	08	09	8753	M	1	0	0	18	0
20260908	4291318	cmp-a001-02-000000010764328	grp-a001-02-000000072573876	추석선물세트	nad-a001-02-000000573683834	bsn-a001-00-000000013604308	08	06	8753	M	1	0	0	8	0
20260908	4291318	cmp-a001-02-000000010764328	grp-a001-02-000000069047580	견과류	nad-a001-02-000000541753999	bsn-a001-00-000000013604308	08	03	684926	M	1	0	0	1	0
20260908	4291318	cmp-a001-02-000000010764328	grp-a001-02-000000069047580	견과류	nad-a001-02-000000541753959	bsn-a001-00-000000013604308	08	09	633013	M	3	0	0	9	0
20260908	4291318	cmp-a001-02-000000010764328	grp-a001-02-000000069047580	프로틴바	nad-a001-02-000000553654558	bsn-a001-00-000000013604308	08	09	529514	M	6	0	0	11	0
20260908	4291318	cmp-a001-02-000000010764328	grp-a001-02-000000069047580	에너지바	nad-a001-02-000000553654558	bsn-a001-00-000000013604308	08	09	529514	M	4	0	0	8	0
20260908	4291318	cmp-a001-02-000000010764328	grp-a001-02-000000069047580	견과류하루견과	nad-a001-02-000000541753959	bsn-a001-00-000000013604308	08	15	8753	M	1	0	0	3	0
20260908	4291318	cmp-a001-02-000000010764328	grp-a001-02-000000069047580	견과류	nad-a001-02-000000541753999	bsn-a001-00-000000013604308	08	02	684926	M	2	0	0	2	0
20260908	4291318	cmp-a001-02-000000010764328	grp-a001-02-000000069047580	견과류추천	nad-a001-02-000000541753960	bsn-a001-00-000000013604308	08	01	33421	M	1	0	0	10	0
20260908	4291318	cmp-a001-02-000000010764328	grp-a001-02-000000069047580	하루견과	nad-a001-02-000000541753959	bsn-a001-00-000000013604308	08	18	684926	M	1	0	0	6	0
20260908	4291318	cmp-a001-02-000000010764328	grp-a001-02-000000072573876	추석선물세트	nad-a001-02-000000573683835	bsn-a001-00-000000013604308	08	17	529514	M	6	0	0	40	0
20260908	4291318	cmp-a001-02-000000010764328	grp-a001-02-000000072573876	추석선물세트	nad-a001-02-000000573683834	bsn-a001-00-000000013604308	08	07	529514	M	10	0	0	62	0
20260908	4291318	cmp-a001-02-000000010764328	grp-a001-02-000000069047580	프로틴	nad-a001-02-000000553654562	bsn-a001-00-000000013604308	08	01	768323	M	13	0	0	15	0
20260908	4291318	cmp-a001-02-000000010764328	grp-a001-02-000000069047580	견과	nad-a001-02-000000541753999	bsn-a001-00-000000013604308	08	99	684926	M	1	0	0	1	0
20260908	4291318	cmp-a001-02-000000010764328	grp-a001-02-000000069047580	견과류세트	nad-a001-02-000000541753960	bsn-a001-00-000000013604308	08	02	8753	M	4	0	0	16	0
20260908	4291318	cmp-a001-02-000000010764328	grp-a001-02-000000069047580	에너지바	nad-a001-02-000000553654554	bsn-a001-00-000000013604308	08	11	529514	M	6	0	0	6	0
20260908	4291318	cmp-a001-02-000000010764328	grp-a001-02-000000069047580	갓	nad-a001-02-000000541753999	bsn-a001-00-000000013604308	08	09	8753	M	2	0	0	2	0
20260908	4291318	cmp-a001-02-000000010764328	grp-a001-02-000000069047580	단백질	nad-a001-02-000000553654562	bsn-a001-00-000000013604308	08	18	27758	P	1	0	0	3	0
20260908	4291318	cmp-a001-02-000000010764328	grp-a001-02-000000069047580	하루견과	nad-a001-02-000000541753999	bsn-a001-00-000000013604308	08	09	684925	P	3	0	0	3	0
20260908	4291318	cmp-a001-02-000000010764328	grp-a001-02-000000072573876	추석선물세트추천	nad-a001-02-000000573683834	bsn-a001-00-000000013604308	08	02	27758	P	1	0	0	1	0
20260908	4291318	cmp-a001-02-000000010764328	grp-a001-02-000000069047580	단백질	nad-a001-02-000000553654562	bsn-a001-00-000000013604308	08	09	137281	M	8	0	0	8	0
20260908	4291318	cmp-a001-02-000000010764328	grp-a001-02-000000069047580	견과류	nad-a001-02-000000541753959	bsn-a001-00-000000013604308	08	17	529514	M	8	0	0	24	0
20260908	4291318	cmp-a001-02-000000010764328	grp-a001-02-000000069047580	갓	nad-a001-02-000000541753960	bsn-a001-00-000000013604308	08	02	8753	M	2	0	0	5	0
20260908	4291318	cmp-a001-02-000000010764328	grp-a001-02-000000069047580	하루견과	nad-a001-02-000000541753999	bsn-a001-00-000000013604308	08	09	684927	P	2	0	0	2	0
20260908	4291318	cmp-a001-02-000000010764328	grp-a001-02-000000069047580	프로틴	nad-a001-02-000000553654562	bsn-a001-00-000000013604308	08	16	529514	M	1	0	0	1	0
20260908	4291318	cmp-a001-02-000000010764328	grp-a001-02-000000072573876	추석선물세트	nad-a001-02-000000573683835	bsn-a001-00-000000013604308	08	99	87620	M	1	0	0	9	0
20260908	4291318	cmp-a001-02-000000010764328	grp-a001-02-000000069047580	단백질보충제	nad-a001-02-000000553654562	bsn-a001-00-000000013604308	08	18	529514	M	2	0	0	2	0
20260908	4291318	cmp-a001-02-000000010764328	grp-a001-02-000000069047580	에너지바	nad-a001-02-000000553654554	bsn-a001-00-000000013604308	08	09	8753	M	4	0	0	15	0
20260908	4291318	cmp-a001-02-000000010764328	grp-a001-02-000000069047580	단백질바	nad-a001-02-000000553654558	bsn-a001-00-000000013604308	08	09	8753	M	2	0	0	9	0
20260908	4291318	cmp-a001-02-000000010764328	grp-a001-02-000000069047580	견과류	nad-a001-02-000000541753999	bsn-a001-00-000000013604308	08	15	529514	M	9	0	0	18	0
20260908	4291318	cmp-a001-02-000000010764328	grp-a001-02-000000069047580	견과세트	nad-a001-02-000000541753960	bsn-a001-00-000000013604308	08	18	768323	M	2	0	0	6	0
20260908	4291318	cmp-a001-02-000000010764328	grp-a001-02-000000069047580	프로틴	nad-a001-02-000000553654562	bsn-a001-00-000000013604308	08	99	768323	M	45	0	0	62	0
20260908	4291318	cmp-a001-02-000000010764328	grp-a001-02-000000069047580	하루견과	nad-a001-02-000000541753999	bsn-a001-00-000000013604308	08	10	529514	M	10	0	0	10	0
20260908	4291318	cmp-a001-02-000000010764328	grp-a001-02-000000072573876	추석선물세트	nad-a001-02-000000573683835	bsn-a001-00-000000013604308	08	02	33421	M	1	0	0	3	0
20260908	4291318	cmp-a001-02-000000010764328	grp-a001-02-000000069047580	가루야가루야	nad-a001-02-000000541754005	bsn-a001-00-000000013604308	08	99	8753	M	1	0	0	5	0
20260908	4291318	cmp-a001-02-000000010764328	grp-a001-02-000000069047580	프로틴쉐이크	nad-a001-02-000000553654562	bsn-a001-00-000000013604308	08	09	529514	M	10	0	0	10	0
20260908	4291318	cmp-a001-02-000000010764328	grp-a001-02-000000069047580	하루견과	nad-a001-02-000000541753960	bsn-a001-00-000000013604308	08	99	87620	M	3	0	0	6	0
20260908	4291318	cmp-a001-02-000000010764328	grp-a001-02-000000069047580	젤리	nad-a001-02-000000541753985	bsn-a001-00-000000013604308	08	01	768323	M	3	0	0	5	0
20260908	4291318	cmp-a001-02-000000010764328	grp-a001-02-000000069047580	프로틴바	nad-a001-02-000000553654554	bsn-a001-00-000000013604308	08	99	8753	M	1	0	0	4	0
20260908	4291318	cmp-a001-02-000000010764328	grp-a001-02-000000069047580	에너지바	nad-a001-02-000000553654554	bsn-a001-00-000000013604308	08	02	8753	M	1	0	0	4	0
20260908	4291318	cmp-a001-02-000000010764328	grp-a001-02-000000069047580	갓	nad-a001-02-000000541753959	bsn-a001-00-000000013604308	08	99	8753	M	1	0	0	1	0
20260908	4291318	cmp-a001-02-000000010764328	grp-a001-02-000000069047580	견과류	nad-a001-02-000000541753959	bsn-a001-00-000000013604308	08	09	612594	M	1	0	0	2	0
20260908	4291318	cmp-a001-02-000000010764328	grp-a001-02-000000069047580	프로틴	nad-a001-02-000000553654562	bsn-a001-00-000000013604308	08	10	137281	M	2	0	0	2	0
20260908	4291318	cmp-a001-02-000000010764328	grp-a001-02-000000069047580	모두의푸드혼합D1개입	nad-a001-02-000000541753960	bsn-a001-00-000000013604308	08	02	23123	P	1	0	0	2	0
20260908	4291318	cmp-a001-02-000000010764328	grp-a001-02-000000069047580	단백질바비교	nad-a001-02-000000553654554	bsn-a001-00-000000013604308	08	01	8753	M	1	0	0	3	0
20260908	4291318	cmp-a001-02-000000010764328	grp-a001-02-000000069047580	단백질바	nad-a001-02-000000553654559	bsn-a001-00-000000013604308	08	14	529514	M	2	0	0	6	0
20260908	4291318	cmp-a001-02-000000010764328	grp-a001-02-000000069047580	하루견과	nad-a001-02-000000541753999	bsn-a001-00-000000013604308	08	04	684924	M	1	0	0	1	0
20260908	4291318	cmp-a001-02-000000010764328	grp-a001-02-000000069047580	다이어트쉐이크	nad-a001-02-000000553654562	bsn-a001-00-000000013604308	08	09	529514	M	9	0	0	9	0
20260908	4291318	cmp-a001-02-000000010764328	grp-a001-02-000000069047580	스틱형가루굳음	nad-a001-02-000000541753996	bsn-a001-00-000000013604308	08	09	8753	M	1	0	0	3	0
20260908	4291318	cmp-a001-02-000000010764328	grp-a001-02-000000072573876	추석선물세트	nad-a001-02-000000573683835	bsn-a001-00-000000013604308	08	02	11068	P	1	0	0	5	0
20260908	4291318	cmp-a001-02-000000010764328	grp-a001-02-000000069047580	가루	nad-a001-02-000000541754005	bsn-a001-00-000000013604308	08	09	8753	M	1	0	0	5	0
20260908	4291318	cmp-a001-02-000000010764328	grp-a001-02-000000069047580	황성주생식	nad-a001-02-000000541754005	bsn-a001-00-000000013604308	08	13	33421	M	1	0	0	6	0
20260908	4291318	cmp-a001-02-000000010764328	grp-a001-02-000000069047580	하루견과	nad-a001-02-000000541753999	bsn-a001-00-000000013604308	08	09	8753	M	3	1	2334	3	0
20260908	4291318	cmp-a001-02-000000010764328	grp-a001-02-000000069047580	견과류	nad-a001-02-000000541753999	bsn-a001-00-000000013604308	08	11	27758	P	1	0	0	2	0
20260908	4291318	cmp-a001-02-000000010764328	grp-a001-02-000000069047580	21신상	nad-a001-02-000000553654562	bsn-a001-00-000000013604308	08	02	98128	M	1	0	0	3	0
20260908	4291318	cmp-a001-02-000000010764328	grp-a001-02-000000069047580	프로틴	nad-a001-02-000000553654562	bsn-a001-00-000000013604308	08	99	529514	M	29	0	0	29	0
20260908	4291318	cmp-a001-02-000000010764328	grp-a001-02-000000069047580	하루견과	nad-a001-02-000000541753999	bsn-a001-00-000000013604308	08	03	8753	M	3	0	0	3	0
20260908	4291318	cmp-a001-02-000000010764328	grp-a001-02-000000072573876	추석선물세트추천	nad-a001-02-000000573683835	bsn-a001-00-000000013604308	08	02	11068	P	2	0	0	6	0
20260908	4291318	cmp-a001-02-000000010764328	grp-a001-02-000000069047580	하루	nad-a001-02-000000541753960	bsn-a001-00-000000013604308	08	99	98128	M	1	0	0	3	0
20260908	4291318	cmp-a001-02-000000010764328	grp-a001-02-000000069047580	하루	nad-a001-02-000000541753960	bsn-a001-00-000000013604308	08	09	98128	M	4	0	0	12	0
20260908	4291318	cmp-a001-02-000000010764328	grp-a001-02-000000072573876	추석선물세트	nad-a001-02-000000573683835	bsn-a001-00-000000013604308	08	03	8753	M	1	0	0	5	0
20260908	4291318	cmp-a001-02-000000010764328	grp-a001-02-000000069047580	하루견과	nad-a001-02-000000541753999	bsn-a001-00-000000013604308	08	02	11068	P	2	0	0	2	0
20260908	4291318	cmp-a001-02-000000010764328	grp-a001-02-000000069047580	견과	nad-a001-02-000000541753959	bsn-a001-00-000000013604308	08	11	33421	M	1	0	0	3	0
20260908	4291318	cmp-a001-02-000000010764328	grp-a001-02-000000069047580	브랜드스토어	nad-a001-02-000000541754005	bsn-a001-00-000000013604308	08	07	684926	M	1	0	0	4	0
20260908	4291318	cmp-a001-02-000000010764328	grp-a001-02-000000069047580	견과류	nad-a001-02-000000541753999	bsn-a001-00-000000013604308	08	09	684926	M	8	0	0	14	0
20260908	4291318	cmp-a001-02-000000010764328	grp-a001-02-000000069047580	갓	nad-a001-02-000000541753999	bsn-a001-00-000000013604308	08	16	684924	M	2	0	0	2	0
20260908	4291318	cmp-a001-02-000000010764328	grp-a001-02-000000069047580	보충제	nad-a001-02-000000553654562	bsn-a001-00-000000013604308	08	99	529514	M	27	0	0	27	0
20260908	4291318	cmp-a001-02-000000010764328	grp-a001-02-000000069047580	견과세트	nad-a001-02-000000541753959	bsn-a001-00-000000013604308	08	08	768323	M	1	0	0	2	0
20260908	4291318	cmp-a001-02-000000010764328	grp-a001-02-000000069047580	단백질쉐이크	nad-a001-02-000000553654562	bsn-a001-00-000000013604308	08	09	529514	M	110	0	0	110	0
20260908	4291318	cmp-a001-02-000000010764328	grp-a001-02-000000069047580	에너지바	nad-a001-02-000000553654558	bsn-a001-00-000000013604308	08	99	8753	M	1	0	0	6	0
20260908	4291318	cmp-a001-02-000000010764328	grp-a001-02-000000069047580	단백질	nad-a001-02-000000553654562	bsn-a001-00-000000013604308	08	99	98128	M	1	0	0	1	0
20260908	4291318	cmp-a001-02-000000010764328	grp-a001-02-000000069047580	칼로리바	nad-a001-02-000000553654558	bsn-a001-00-000000013604308	08	99	529514	M	6	0	0	9	0
20260908	4291318	cmp-a001-02-000000010764328	grp-a001-02-000000069047580	하루	nad-a001-02-000000541753999	bsn-a001-00-000000013604308	08	02	98128	M	5	0	0	7	0
20260908	4291318	cmp-a001-02-000000010764328	grp-a001-02-000000069047580	견과류	nad-a001-02-000000541753960	bsn-a001-00-000000013604308	08	99	633013	M	2	0	0	4	0
20260908	4291318	cmp-a001-02-000000010764328	grp-a001-02-000000069047580	견과류	nad-a001-02-000000541753999	bsn-a001-00-000000013604308	08	10	33421	M	1	0	0	1	0
20260908	4291318	cmp-a001-02-000000010764328	grp-a001-02-000000069047580	프로틴	nad-a001-02-000000553654562	bsn-a001-00-000000013604308	08	08	529514	M	5	0	0	5	0
20260908	4291318	cmp-a001-02-000000010764328	grp-a001-02-000000069047580	견과류	nad-a001-02-000000541753999	bsn-a001-00-000000013604308	08	01	33421	M	1	0	0	1	0
20260908	4291318	cmp-a001-02-000000010764328	grp-a001-02-000000069047580	프로틴	nad-a001-02-000000553654562	bsn-a001-00-000000013604308	08	03	529514	M	4	0	0	4	0
20260908	4291318	cmp-a001-02-000000010764328	grp-a001-02-000000069047580	견과류	nad-a001-02-000000541753959	bsn-a001-00-000000013604308	08	04	529514	M	8	0	0	24	0
20260908	4291318	cmp-a001-02-000000010764328	grp-a001-02-000000069047580	갓	nad-a001-02-000000541753960	bsn-a001-00-000000013604308	08	16	8753	M	2	0	0	5	0
20260908	4291318	cmp-a001-02-000000010764328	grp-a001-02-000000069047580	견과류	nad-a001-02-000000541753999	bsn-a001-00-000000013604308	08	07	633013	M	3	0	0	7	0
20260908	4291318	cmp-a001-02-000000010764328	grp-a001-02-000000072573876	추석선물세트	nad-a001-02-000000573683834	bsn-a001-00-000000013604308	08	01	529514	M	2	0	0	12	0
20260908	4291318	cmp-a001-02-000000010764328	grp-a001-02-000000069047580	하루	nad-a001-02-000000541753960	bsn-a001-00-000000013604308	08	15	137281	M	1	0	0	1	0
20260908	4291318	cmp-a001-02-000000010764328	grp-a001-02-000000072573876	추석선물세트	nad-a001-02-000000573683834	bsn-a001-00-000000013604308	08	02	798055	P	1	0	0	10	0
20260908	4291318	cmp-a001-02-000000010764328	grp-a001-02-000000069047580	견과	nad-a001-02-000000541753959	bsn-a001-00-000000013604308	08	99	684926	M	1	0	0	7	0
20260908	4291318	cmp-a001-02-000000010764328	grp-a001-02-000000069047580	견과류하루견과	nad-a001-02-000000541753960	bsn-a001-00-000000013604308	08	15	8753	M	1	0	0	4	0
20260908	4291318	cmp-a001-02-000000010764328	grp-a001-02-000000069047580	견과	nad-a001-02-000000541753999	bsn-a001-00-000000013604308	08	11	33421	M	1	0	0	1	0
20260908	4291318	cmp-a001-02-000000010764328	grp-a001-02-000000069047580	견과세트	nad-a001-02-000000541753960	bsn-a001-00-000000013604308	08	03	768323	M	2	0	0	6	0
20260908	4291318	cmp-a001-02-000000010764328	grp-a001-02-000000069047580	하루견과	nad-a001-02-000000541753999	bsn-a001-00-000000013604308	08	15	8753	M	1	0	0	1	0
20260908	4291318	cmp-a001-02-000000010764328	grp-a001-02-000000069047580	단백질쉐이크	nad-a001-02-000000553654562	bsn-a001-00-000000013604308	08	02	98128	M	4	0	0	4	0
20260908	4291318	cmp-a001-02-000000010764328	grp-a001-02-000000069047580	견과류	nad-a001-02-000000541753959	bsn-a001-00-000000013604308	08	13	529514	M	9	0	0	27	0
20260908	4291318	cmp-a001-02-000000010764328	grp-a001-02-000000072573876	추석선물세트	nad-a001-02-000000573683834	bsn-a001-00-000000013604308	08	02	11068	P	1	0	0	2	0
20260908	4291318	cmp-a001-02-000000010764328	grp-a001-02-000000069047580	프로틴	nad-a001-02-000000553654562	bsn-a001-00-000000013604308	08	09	137281	M	2	0	0	2	0
20260908	4291318	cmp-a001-02-000000010764328	grp-a001-02-000000069047580	견과류	nad-a001-02-000000541753999	bsn-a001-00-000000013604308	08	11	8753	M	3	0	0	6	0
20260908	4291318	cmp-a001-02-000000010764328	grp-a001-02-000000069047580	갓	nad-a001-02-000000541753999	bsn-a001-00-000000013604308	08	17	33421	M	1	0	0	1	0
20260908	4291318	cmp-a001-02-000000010764328	grp-a001-02-000000069047580	단백질파우더	nad-a001-02-000000553654562	bsn-a001-00-000000013604308	08	06	529514	M	4	0	0	4	0
20260908	4291318	cmp-a001-02-000000010764328	grp-a001-02-000000069047580	단백질보충제	nad-a001-02-000000553654562	bsn-a001-00-000000013604308	08	09	612594	M	1	0	0	1	0
20260908	4291318	cmp-a001-02-000000010764328	grp-a001-02-000000069047580	견과류	nad-a001-02-000000541753959	bsn-a001-00-000000013604308	08	14	684926	M	1	0	0	6	0
20260908	4291318	cmp-a001-02-000000010764328	grp-a001-02-000000069047580	견과류	nad-a001-02-000000541753999	bsn-a001-00-000000013604308	08	14	684926	M	1	0	0	4	0
20260908	4291318	cmp-a001-02-000000010764328	grp-a001-02-000000069047580	프로틴바	nad-a001-02-000000553654554	bsn-a001-00-000000013604308	08	09	27758	P	1	0	0	2	0
20260908	4291318	cmp-a001-02-000000010764328	grp-a001-02-000000069047580	견과류	nad-a001-02-000000541753960	bsn-a001-00-000000013604308	08	02	529514	M	71	0	0	254	0
20260908	4291318	cmp-a001-02-000000010764328	grp-a001-02-000000069047580	황성주생식	nad-a001-02-000000541753997	bsn-a001-00-000000013604308	08	08	633013	M	1	0	0	1	0
20260908	4291318	cmp-a001-02-000000010764328	grp-a001-02-000000069047580	하루	nad-a001-02-000000541753960	bsn-a001-00-000000013604308	08	00	137281	M	9	0	0	9	0
20260908	4291318	cmp-a001-02-000000010764328	grp-a001-02-000000069047580	단백질바	nad-a001-02-000000553654554	bsn-a001-00-000000013604308	08	99	529514	M	8	0	0	8	0
20260908	4291318	cmp-a001-02-000000010764328	grp-a001-02-000000069047580	제리	nad-a001-02-000000541753985	bsn-a001-00-000000013604308	08	15	98128	M	1	0	0	2	0
20260908	4291318	cmp-a001-02-000000010764328	grp-a001-02-000000069047580	견과류	nad-a001-02-000000541753959	bsn-a001-00-000000013604308	08	13	8753	M	1	0	0	3	0
20260908	4291318	cmp-a001-02-000000010764328	grp-a001-02-000000069047580	견과류	nad-a001-02-000000541753959	bsn-a001-00-000000013604308	08	99	633013	M	2	0	0	2	0
20260908	4291318	cmp-a001-02-000000010764328	grp-a001-02-000000069047580	사랑님	nad-a001-02-000000553654554	bsn-a001-00-000000013604308	08	09	529514	M	2	0	0	5	0
20260908	4291318	cmp-a001-02-000000010764328	grp-a001-02-000000069047580	하루견과	nad-a001-02-000000541753959	bsn-a001-00-000000013604308	08	07	529514	M	2	0	0	6	0
20260908	4291318	cmp-a001-02-000000010764328	grp-a001-02-000000069047580	견과류	nad-a001-02-000000541753999	bsn-a001-00-000000013604308	08	14	8753	M	1	0	0	3	0
20260908	4291318	cmp-a001-02-000000010764328	grp-a001-02-000000069047580	견과세트	nad-a001-02-000000541753999	bsn-a001-00-000000013604308	08	03	768323	M	2	0	0	2	0
20260908	4291318	cmp-a001-02-000000010764328	grp-a001-02-000000069047580	하루견과	nad-a001-02-000000541753999	bsn-a001-00-000000013604308	08	17	529514	M	2	0	0	2	0
20260908	4291318	cmp-a001-02-000000010764328	grp-a001-02-000000069047580	에너지바	nad-a001-02-000000553654558	bsn-a001-00-000000013604308	08	09	8753	M	3	0	0	16	0
20260908	4291318	cmp-a001-02-000000010764328	grp-a001-02-000000069047580	견과류	nad-a001-02-000000541753999	bsn-a001-00-000000013604308	08	14	529514	M	4	0	0	8	0
20260908	4291318	cmp-a001-02-000000010764328	grp-a001-02-000000069047580	단백질바	nad-a001-02-000000553654554	bsn-a001-00-000000013604308	08	08	8753	M	1	0	0	5	0
20260908	4291318	cmp-a001-02-000000010764328	grp-a001-02-000000069047580	프로틴	nad-a001-02-000000553654562	bsn-a001-00-000000013604308	08	06	768323	M	15	0	0	20	0
20260908	4291318	cmp-a001-02-000000010764328	grp-a001-02-000000069047580	하루견과	nad-a001-02-000000541753960	bsn-a001-00-000000013604308	08	07	33421	M	1	0	0	4	0
20260908	4291318	cmp-a001-02-000000010764328	grp-a001-02-000000069047580	단백질바	nad-a001-02-000000553654559	bsn-a001-00-000000013604308	08	16	529514	M	6	0	0	18	0
20260908	4291318	cmp-a001-02-000000010764328	grp-a001-02-000000069047580	단백질바	nad-a001-02-000000553654558	bsn-a001-00-000000013604308	08	11	8753	M	1	0	0	6	0
20260908	4291318	cmp-a001-02-000000010764328	grp-a001-02-000000069047580	하루견과	nad-a001-02-000000541753960	bsn-a001-00-000000013604308	08	06	8753	M	2	0	0	10	0
20260908	4291318	cmp-a001-02-000000010764328	grp-a001-02-000000069047580	하루견과	nad-a001-02-000000541753999	bsn-a001-00-000000013604308	08	07	33421	M	1	0	0	1	0
20260908	4291318	cmp-a001-02-000000010764328	grp-a001-02-000000069047580	후무사바두2개칼로리	nad-a001-02-000000541753959	bsn-a001-00-000000013604308	08	07	8753	M	1	0	0	2	0
20260908	4291318	cmp-a001-02-000000010764328	grp-a001-02-000000069047580	쉐이크	nad-a001-02-000000553654562	bsn-a001-00-000000013604308	08	07	529514	M	6	0	0	6	0
20260908	4291318	cmp-a001-02-000000010764328	grp-a001-02-000000072573876	추석선물	nad-a001-02-000000573683834	bsn-a001-00-000000013604308	08	09	684927	P	1	0	0	27	0
20260908	4291318	cmp-a001-02-000000010764328	grp-a001-02-000000072573876	추석선물세트	nad-a001-02-000000573683835	bsn-a001-00-000000013604308	08	09	633013	M	3	0	0	24	0
20260908	4291318	cmp-a001-02-000000010764328	grp-a001-02-000000069047580	견과루	nad-a001-02-000000541753999	bsn-a001-00-000000013604308	08	18	8753	M	1	0	0	1	0
20260908	4291318	cmp-a001-02-000000010764328	grp-a001-02-000000072573876	추석선물세트추천	nad-a001-02-000000573683834	bsn-a001-00-000000013604308	08	09	27758	P	1	0	0	1	0
20260908	4291318	cmp-a001-02-000000010764328	grp-a001-02-000000069047580	에너지바	nad-a001-02-000000553654554	bsn-a001-00-000000013604308	08	99	8753	M	1	0	0	5	0
20260908	4291318	cmp-a001-02-000000010764328	grp-a001-02-000000069047580	단백질바	nad-a001-02-000000553654559	bsn-a001-00-000000013604308	08	17	529514	M	8	0	0	24	0
20260908	4291318	cmp-a001-02-000000010764328	grp-a001-02-000000069047580	사랑이	nad-a001-02-000000553654554	bsn-a001-00-000000013604308	08	16	529514	M	2	0	0	5	0
20260908	4291318	cmp-a001-02-000000010764328	grp-a001-02-000000069047580	보충제	nad-a001-02-000000553654562	bsn-a001-00-000000013604308	08	13	529514	M	1	0	0	1	0
20260908	4291318	cmp-a001-02-000000010764328	grp-a001-02-000000069047580	단백질프로틴	nad-a001-02-000000553654562	bsn-a001-00-000000013604308	08	02	529514	M	2	0	0	2	0
20260908	4291318	cmp-a001-02-000000010764328	grp-a001-02-000000069047580	단백질	nad-a001-02-000000553654562	bsn-a001-00-000000013604308	08	02	291244	M	3	0	0	4	0
20260908	4291318	cmp-a001-02-000000010764328	grp-a001-02-000000069047580	프로틴	nad-a001-02-000000553654562	bsn-a001-00-000000013604308	08	09	98128	M	1	0	0	1	0
20260908	4291318	cmp-a001-02-000000010764328	grp-a001-02-000000069047580	하루견과	nad-a001-02-000000541753960	bsn-a001-00-000000013604308	08	04	8753	M	4	0	0	20	0
20260908	4291318	cmp-a001-02-000000010764328	grp-a001-02-000000069047580	견과류	nad-a001-02-000000541753960	bsn-a001-00-000000013604308	08	18	529514	M	23	0	0	91	0
20260908	4291318	cmp-a001-02-000000010764328	grp-a001-02-000000069047580	견과류	nad-a001-02-000000541753959	bsn-a001-00-000000013604308	08	08	8753	M	2	0	0	15	0
20260908	4291318	cmp-a001-02-000000010764328	grp-a001-02-000000069047580	견과류	nad-a001-02-000000541753999	bsn-a001-00-000000013604308	08	04	33421	M	2	0	0	2	0
20260908	4291318	cmp-a001-02-000000010764328	grp-a001-02-000000069047580	에너지바	nad-a001-02-000000553654558	bsn-a001-00-000000013604308	08	15	529514	M	2	0	0	4	0
20260908	4291318	cmp-a001-02-000000010764328	grp-a001-02-000000069047580	하루견과	nad-a001-02-000000541753959	bsn-a001-00-000000013604308	08	09	529514	M	14	0	0	32	0
20260908	4291318	cmp-a001-02-000000010764328	grp-a001-02-000000069047580	단백질	nad-a001-02-000000553654562	bsn-a001-00-000000013604308	08	18	684925	P	1	0	0	1	0
20260908	4291318	cmp-a001-02-000000010764328	grp-a001-02-000000069047580	단백질쉐이크	nad-a001-02-000000553654562	bsn-a001-00-000000013604308	08	01	529514	M	9	0	0	9	0
20260908	4291318	cmp-a001-02-000000010764328	grp-a001-02-000000069047580	단백질파우더	nad-a001-02-000000553654562	bsn-a001-00-000000013604308	08	13	529514	M	2	0	0	2	0
20260908	4291318	cmp-a001-02-000000010764328	grp-a001-02-000000069047580	단백질바	nad-a001-02-000000553654558	bsn-a001-00-000000013604308	08	01	137281	M	18	0	0	18	0
20260908	4291318	cmp-a001-02-000000010764328	grp-a001-02-000000069047580	견과류	nad-a001-02-000000541753999	bsn-a001-00-000000013604308	08	10	529514	M	6	0	0	12	0
20260908	4291318	cmp-a001-02-000000010764328	grp-a001-02-000000069047580	사탕젤리	nad-a001-02-000000541753985	bsn-a001-00-000000013604308	08	15	23123	P	1	0	0	2	0
20260908	4291318	cmp-a001-02-000000010764328	grp-a001-02-000000069047580	에너지바	nad-a001-02-000000553654554	bsn-a001-00-000000013604308	08	00	27758	P	1	0	0	2	0
20260908	4291318	cmp-a001-02-000000010764328	grp-a001-02-000000069047580	하루견과	nad-a001-02-000000541753959	bsn-a001-00-000000013604308	08	11	8753	M	1	0	0	2	0
20260908	4291318	cmp-a001-02-000000010764328	grp-a001-02-000000069047580	하루견과	nad-a001-02-000000541753999	bsn-a001-00-000000013604308	08	02	33421	M	1	0	0	1	0
20260908	4291318	cmp-a001-02-000000010764328	grp-a001-02-000000069047580	견과류	nad-a001-02-000000541753999	bsn-a001-00-000000013604308	08	17	529514	M	8	0	0	16	0
20260908	4291318	cmp-a001-02-000000010764328	grp-a001-02-000000069047580	단백질쉐이크	nad-a001-02-000000553654562	bsn-a001-00-000000013604308	08	15	529514	M	6	0	0	6	0
20260908	4291318	cmp-a001-02-000000010764328	grp-a001-02-000000069047580	프로틴	nad-a001-02-000000553654562	bsn-a001-00-000000013604308	08	02	98128	M	4	0	0	4	0
20260908	4291318	cmp-a001-02-000000010764328	grp-a001-02-000000069047580	갓	nad-a001-02-000000541753960	bsn-a001-00-000000013604308	08	17	33421	M	1	0	0	4	0
20260908	4291318	cmp-a001-02-000000010764328	grp-a001-02-000000069047580	제천간식포장	nad-a001-02-000000541753960	bsn-a001-00-000000013604308	08	16	8753	M	1	0	0	4	0
20260908	4291318	cmp-a001-02-000000010764328	grp-a001-02-000000069047580	하루견과	nad-a001-02-000000541753960	bsn-a001-00-000000013604308	08	06	529514	M	2	0	0	4	0
20260908	4291318	cmp-a001-02-000000010764328	grp-a001-02-000000069047580	견과류	nad-a001-02-000000541753959	bsn-a001-00-000000013604308	08	09	8753	M	2	0	0	9	0
20260908	4291318	cmp-a001-02-000000010764328	grp-a001-02-000000069047580	하루	nad-a001-02-000000541753999	bsn-a001-00-000000013604308	08	18	137281	M	5	0	0	10	0
20260908	4291318	cmp-a001-02-000000010764328	grp-a001-02-000000069047580	황성주생식	nad-a001-02-000000541754004	bsn-a001-00-000000013604308	08	09	633013	M	1	0	0	2	0
20260908	4291318	cmp-a001-02-000000010764328	grp-a001-02-000000069047580	프로틴바	nad-a001-02-000000553654554	bsn-a001-00-000000013604308	08	04	768323	M	1	0	0	1	0
20260908	4291318	cmp-a001-02-000000010764328	grp-a001-02-000000069047580	단백질바	nad-a001-02-000000553654554	bsn-a001-00-000000013604308	08	13	529514	M	2	0	0	2	0
20260908	4291318	cmp-a001-02-000000010764328	grp-a001-02-000000069047580	하루견과	nad-a001-02-000000541753959	bsn-a001-00-000000013604308	08	02	684926	M	3	0	0	8	0
20260908	4291318	cmp-a001-02-000000010764328	grp-a001-02-000000069047580	견과류	nad-a001-02-000000541753960	bsn-a001-00-000000013604308	08	09	529514	M	101	0	0	383	0
20260908	4291318	cmp-a001-02-000000010764328	grp-a001-02-000000069047580	생식가루	nad-a001-02-000000541753996	bsn-a001-00-000000013604308	08	07	8753	M	2	0	0	6	0
20260908	4291318	cmp-a001-02-000000010764328	grp-a001-02-000000069047580	황성주생식	nad-a001-02-000000541753997	bsn-a001-00-000000013604308	08	18	612594	M	1	1	5634	1	0
20260908	4291318	cmp-a001-02-000000010764328	grp-a001-02-000000069047580	하루견과	nad-a001-02-000000541753999	bsn-a001-00-000000013604308	08	99	8753	M	1	0	0	1	0
20260908	4291318	cmp-a001-02-000000010764328	grp-a001-02-000000069047580	갓	nad-a001-02-000000541753999	bsn-a001-00-000000013604308	08	99	8753	M	1	0	0	3	0
20260908	4291318	cmp-a001-02-000000010764328	grp-a001-02-000000069047580	사탕젤리	nad-a001-02-000000541753985	bsn-a001-00-000000013604308	08	09	529514	M	2	0	0	5	0
20260908	4291318	cmp-a001-02-000000010764328	grp-a001-02-000000069047580	갓	nad-a001-02-000000541753960	bsn-a001-00-000000013604308	08	09	612593	P	1	0	0	4	0
20260908	4291318	cmp-a001-02-000000010764328	grp-a001-02-000000069047580	퀘스트바성분	nad-a001-02-000000553654554	bsn-a001-00-000000013604308	08	00	8753	M	1	0	0	1	0
20260908	4291318	cmp-a001-02-000000010764328	grp-a001-02-000000069047580	단백질	nad-a001-02-000000553654562	bsn-a001-00-000000013604308	08	03	98128	M	1	0	0	1	0
20260908	4291318	cmp-a001-02-000000010764328	grp-a001-02-000000069047580	에너지바	nad-a001-02-000000553654554	bsn-a001-00-000000013604308	08	09	791888	M	5	0	0	5	0
20260908	4291318	cmp-a001-02-000000010764328	grp-a001-02-000000069047580	견과류	nad-a001-02-000000541753999	bsn-a001-00-000000013604308	08	99	684926	M	4	0	0	6	0
20260908	4291318	cmp-a001-02-000000010764328	grp-a001-02-000000069047580	에너지바	nad-a001-02-000000553654554	bsn-a001-00-000000013604308	08	15	529514	M	2	0	0	2	0
20260908	4291318	cmp-a001-02-000000010764328	grp-a001-02-000000069047580	단백질쉐이크	nad-a001-02-000000553654562	bsn-a001-00-000000013604308	08	13	529514	M	4	0	0	4	0
20260908	4291318	cmp-a001-02-000000010764328	grp-a001-02-000000069047580	하루견과	nad-a001-02-000000541753960	bsn-a001-00-000000013604308	08	11	8753	M	1	0	0	5	0
20260908	4291318	cmp-a001-02-000000010764328	grp-a001-02-000000069047580	하루견과	nad-a001-02-000000541753959	bsn-a001-00-000000013604308	08	06	8753	M	2	0	0	7	0
20260908	4291318	cmp-a001-02-000000010764328	grp-a001-02-000000069047580	하루견과	nad-a001-02-000000541753959	bsn-a001-00-000000013604308	08	09	684926	M	3	0	0	14	0
20260908	4291318	cmp-a001-02-000000010764328	grp-a001-02-000000069047580	견과류	nad-a001-02-000000541753959	bsn-a001-00-000000013604308	08	06	684926	M	1	0	0	6	0
20260908	4291318	cmp-a001-02-000000010764328	grp-a001-02-000000069047580	다이어트쉐이크	nad-a001-02-000000553654562	bsn-a001-00-000000013604308	08	09	768323	M	2	0	0	3	0
20260908	4291318	cmp-a001-02-000000010764328	grp-a001-02-000000069047580	가루는	nad-a001-02-000000541754004	bsn-a001-00-000000013604308	08	09	609155	M	1	0	0	3	0
20260908	4291318	cmp-a001-02-000000010764328	grp-a001-02-000000069047580	단백질보충제추천	nad-a001-02-000000553654562	bsn-a001-00-000000013604308	08	02	335738	P	1	0	0	8	0
20260908	4291318	cmp-a001-02-000000010764328	grp-a001-02-000000069047580	제천간식포장	nad-a001-02-000000541753959	bsn-a001-00-000000013604308	08	16	8753	M	1	0	0	3	0
20260908	4291318	cmp-a001-02-000000010764328	grp-a001-02-000000069047580	하루견과	nad-a001-02-000000541753960	bsn-a001-00-000000013604308	08	03	33421	M	1	0	0	5	0
20260908	4291318	cmp-a001-02-000000010764328	grp-a001-02-000000069047580	견과류	nad-a001-02-000000541753960	bsn-a001-00-000000013604308	08	09	612593	P	1	0	0	5	0
20260908	4291318	cmp-a001-02-000000010764328	grp-a001-02-000000069047580	견과류	nad-a001-02-000000541753999	bsn-a001-00-000000013604308	08	18	529514	M	23	0	0	45	0
20260908	4291318	cmp-a001-02-000000010764328	grp-a001-02-000000069047580	하루견과	nad-a001-02-000000541753959	bsn-a001-00-000000013604308	08	13	87620	M	1	0	0	3	0
20260908	4291318	cmp-a001-02-000000010764328	grp-a001-02-000000072573876	추석선물세트	nad-a001-02-000000573683835	bsn-a001-00-000000013604308	08	06	798056	M	2	0	0	20	0
20260908	4291318	cmp-a001-02-000000010764328	grp-a001-02-000000069047580	하루견과	nad-a001-02-000000541753959	bsn-a001-00-000000013604308	08	10	529514	M	10	0	0	30	0
20260908	4291318	cmp-a001-02-000000010764328	grp-a001-02-000000072573876	추석선물세트	nad-a001-02-000000573683835	bsn-a001-00-000000013604308	08	15	8753	M	1	0	0	5	0
20260908	4291318	cmp-a001-02-000000010764328	grp-a001-02-000000072573876	추석선물세트	nad-a001-02-000000573683835	bsn-a001-00-000000013604308	08	08	8753	M	1	0	0	6	0
20260908	4291318	cmp-a001-02-000000010764328	grp-a001-02-000000069047580	단백질바	nad-a001-02-000000553654559	bsn-a001-00-000000013604308	08	04	529514	M	2	0	0	6	0
20260908	4291318	cmp-a001-02-000000010764328	grp-a001-02-000000069047580	하루견과	nad-a001-02-000000541753959	bsn-a001-00-000000013604308	08	03	11068	P	1	0	0	3	0
20260908	4291318	cmp-a001-02-000000010764328	grp-a001-02-000000069047580	프로틴바식품	nad-a001-02-000000553654558	bsn-a001-00-000000013604308	08	09	98128	M	1	0	0	2	0
20260908	4291318	cmp-a001-02-000000010764328	grp-a001-02-000000069047580	하루만	nad-a001-02-000000541753999	bsn-a001-00-000000013604308	08	03	529514	M	4	0	0	4	0
20260908	4291318	cmp-a001-02-000000010764328	grp-a001-02-000000069047580	견과류30	nad-a001-02-000000541753959	bsn-a001-00-000000013604308	08	11	684926	M	1	0	0	3	0
20260908	4291318	cmp-a001-02-000000010764328	grp-a001-02-000000069047580	동결건조식품실생활	nad-a001-02-000000541753997	bsn-a001-00-000000013604308	08	02	8753	M	1	0	0	1	0
20260908	4291318	cmp-a001-02-000000010764328	grp-a001-02-000000069047580	하루견과	nad-a001-02-000000541753960	bsn-a001-00-000000013604308	08	03	8753	M	1	0	0	6	0
20260908	4291318	cmp-a001-02-000000010764328	grp-a001-02-000000069047580	갓	nad-a001-02-000000541753959	bsn-a001-00-000000013604308	08	09	27758	P	1	0	0	1	0
20260908	4291318	cmp-a001-02-000000010764328	grp-a001-02-000000069047580	단백질	nad-a001-02-000000553654562	bsn-a001-00-000000013604308	08	08	529514	M	1	0	0	1	0
20260908	4291318	cmp-a001-02-000000010764328	grp-a001-02-000000069047580	단백질바	nad-a001-02-000000553654554	bsn-a001-00-000000013604308	08	00	27758	P	1	0	0	2	0
20260908	4291318	cmp-a001-02-000000010764328	grp-a001-02-000000069047580	프로틴바	nad-a001-02-000000553654558	bsn-a001-00-000000013604308	08	18	529514	M	4	0	0	8	0
20260908	4291318	cmp-a001-02-000000010764328	grp-a001-02-000000069047580	단백질	nad-a001-02-000000553654562	bsn-a001-00-000000013604308	08	11	529514	M	5	0	0	5	0
20260908	4291318	cmp-a001-02-000000010764328	grp-a001-02-000000069047580	견과류	nad-a001-02-000000541753959	bsn-a001-00-000000013604308	08	04	8753	M	6	0	0	34	0
20260908	4291318	cmp-a001-02-000000010764328	grp-a001-02-000000069047580	황성주생식	nad-a001-02-000000541754005	bsn-a001-00-000000013604308	08	18	612594	M	1	0	0	4	0
20260908	4291318	cmp-a001-02-000000010764328	grp-a001-02-000000069047580	다이어트쉐이크	nad-a001-02-000000553654562	bsn-a001-00-000000013604308	08	06	768323	M	2	0	0	2	0
20260908	4291318	cmp-a001-02-000000010764328	grp-a001-02-000000069047580	프로틴	nad-a001-02-000000553654562	bsn-a001-00-000000013604308	08	11	529514	M	10	0	0	10	0
20260908	4291318	cmp-a001-02-000000010764328	grp-a001-02-000000069047580	단백질바	nad-a001-02-000000553654554	bsn-a001-00-000000013604308	08	01	137281	M	18	0	0	36	0
20260908	4291318	cmp-a001-02-000000010764328	grp-a001-02-000000069047580	견과류	nad-a001-02-000000541753959	bsn-a001-00-000000013604308	08	07	633013	M	3	0	0	5	0
20260908	4291318	cmp-a001-02-000000010764328	grp-a001-02-000000069047580	단백질간식	nad-a001-02-000000553654554	bsn-a001-00-000000013604308	08	01	33421	M	1	0	0	1	0
20260908	4291318	cmp-a001-02-000000010764328	grp-a001-02-000000069047580	하루	nad-a001-02-000000541753999	bsn-a001-00-000000013604308	08	09	98128	M	4	0	0	8	0
20260908	4291318	cmp-a001-02-000000010764328	grp-a001-02-000000069047580	사랑은	nad-a001-02-000000553654559	bsn-a001-00-000000013604308	08	09	98128	M	1	0	0	6	0
20260908	4291318	cmp-a001-02-000000010764328	grp-a001-02-000000069047580	단백질바	nad-a001-02-000000553654558	bsn-a001-00-000000013604308	08	15	529514	M	2	0	0	4	0
20260908	4291318	cmp-a001-02-000000010764328	grp-a001-02-000000069047580	사랑	nad-a001-02-000000553654554	bsn-a001-00-000000013604308	08	08	98128	M	2	0	0	6	0
20260908	4291318	cmp-a001-02-000000010764328	grp-a001-02-000000069047580	프로틴	nad-a001-02-000000553654562	bsn-a001-00-000000013604308	08	16	33421	M	1	0	0	9	0
20260908	4291318	cmp-a001-02-000000010764328	grp-a001-02-000000069047580	견과류	nad-a001-02-000000541753960	bsn-a001-00-000000013604308	08	03	798056	M	10	0	0	30	0
20260908	4291318	cmp-a001-02-000000010764328	grp-a001-02-000000069047580	에너지바	nad-a001-02-000000553654558	bsn-a001-00-000000013604308	08	09	791888	M	5	0	0	10	0
20260908	4291318	cmp-a001-02-000000010764328	grp-a001-02-000000069047580	브랜드판매방법	nad-a001-02-000000541753997	bsn-a001-00-000000013604308	08	09	8753	M	1	0	0	1	0
20260908	4291318	cmp-a001-02-000000010764328	grp-a001-02-000000069047580	견과류	nad-a001-02-000000541753999	bsn-a001-00-000000013604308	08	09	612594	M	1	0	0	5	0
20260908	4291318	cmp-a001-02-000000010764328	grp-a001-02-000000069047580	젤리	nad-a001-02-000000541753985	bsn-a001-00-000000013604308	08	07	98128	M	1	0	0	2	0
20260908	4291318	cmp-a001-02-000000010764328	grp-a001-02-000000069047580	견과류세트	nad-a001-02-000000541753999	bsn-a001-00-000000013604308	08	09	33421	M	2	0	0	2	0
20260908	4291318	cmp-a001-02-000000010764328	grp-a001-02-000000069047580	하루견과	nad-a001-02-000000541753959	bsn-a001-00-000000013604308	08	04	8753	M	5	0	0	19	0
20260908	4291318	cmp-a001-02-000000010764328	grp-a001-02-000000069047580	견과류	nad-a001-02-000000541753999	bsn-a001-00-000000013604308	08	09	684927	P	2	0	0	2	0
20260908	4291318	cmp-a001-02-000000010764328	grp-a001-02-000000069047580	견과세트	nad-a001-02-000000541753959	bsn-a001-00-000000013604308	08	04	768323	M	1	0	0	2	0
20260908	4291318	cmp-a001-02-000000010764328	grp-a001-02-000000069047580	견과류	nad-a001-02-000000541753960	bsn-a001-00-000000013604308	08	03	633013	M	2	0	0	4	0
20260908	4291318	cmp-a001-02-000000010764328	grp-a001-02-000000069047580	모두의푸드혼합C1개입	nad-a001-02-000000541753959	bsn-a001-00-000000013604308	08	02	23123	P	1	0	0	4	0
20260908	4291318	cmp-a001-02-000000010764328	grp-a001-02-000000069047580	견과류	nad-a001-02-000000541753959	bsn-a001-00-000000013604308	08	07	529514	M	8	0	0	24	0
20260908	4291318	cmp-a001-02-000000010764328	grp-a001-02-000000069047580	에너지바	nad-a001-02-000000553654559	bsn-a001-00-000000013604308	08	09	684927	P	2	0	0	18	0
20260908	4291318	cmp-a001-02-000000010764328	grp-a001-02-000000069047580	에너지바	nad-a001-02-000000553654558	bsn-a001-00-000000013604308	08	02	8753	M	1	0	0	5	0
20260908	4291318	cmp-a001-02-000000010764328	grp-a001-02-000000069047580	견과	nad-a001-02-000000541753959	bsn-a001-00-000000013604308	08	02	684927	P	1	0	0	6	0
20260908	4291318	cmp-a001-02-000000010764328	grp-a001-02-000000069047580	단백질간식	nad-a001-02-000000553654558	bsn-a001-00-000000013604308	08	02	8753	M	2	0	0	8	0
20260908	4291318	cmp-a001-02-000000010764328	grp-a001-02-000000069047580	견과류세트	nad-a001-02-000000541753959	bsn-a001-00-000000013604308	08	08	8753	M	1	0	0	3	0
20260908	4291318	cmp-a001-02-000000010764328	grp-a001-02-000000069047580	견과류	nad-a001-02-000000541753959	bsn-a001-00-000000013604308	08	04	684927	P	1	0	0	6	0
20260908	4291318	cmp-a001-02-000000010764328	grp-a001-02-000000072573876	추석선물세트	nad-a001-02-000000573683835	bsn-a001-00-000000013604308	08	08	11068	P	2	0	0	8	0
20260908	4291318	cmp-a001-02-000000010764328	grp-a001-02-000000069047580	하루견과	nad-a001-02-000000541753959	bsn-a001-00-000000013604308	08	02	684927	P	1	0	0	6	0
20260908	4291318	cmp-a001-02-000000010764328	grp-a001-02-000000069047580	황성주생식	nad-a001-02-000000541754005	bsn-a001-00-000000013604308	08	08	633013	M	1	0	0	4	0
20260908	4291318	cmp-a001-02-000000010764328	grp-a001-02-000000069047580	이득자천연가루	nad-a001-02-000000541753997	bsn-a001-00-000000013604308	08	02	8753	M	1	0	0	2	0
20260908	4291318	cmp-a001-02-000000010764328	grp-a001-02-000000069047580	견과류	nad-a001-02-000000541753959	bsn-a001-00-000000013604308	08	03	529514	M	40	0	0	120	0
20260908	4291318	cmp-a001-02-000000010764328	grp-a001-02-000000069047580	사랑	nad-a001-02-000000553654559	bsn-a001-00-000000013604308	08	08	98128	M	2	0	0	10	0
20260908	4291318	cmp-a001-02-000000010764328	grp-a001-02-000000072573876	추석선물세트	nad-a001-02-000000573683834	bsn-a001-00-000000013604308	08	03	27758	P	1	0	0	1	0
20260908	4291318	cmp-a001-02-000000010764328	grp-a001-02-000000069047580	황성주생식	nad-a001-02-000000541753988	bsn-a001-00-000000013604308	08	08	633013	M	1	0	0	5	0
20260908	4291318	cmp-a001-02-000000010764328	grp-a001-02-000000069047580	사랑	nad-a001-02-000000553654554	bsn-a001-00-000000013604308	08	09	98128	M	3	0	0	9	0
20260908	4291318	cmp-a001-02-000000010764328	grp-a001-02-000000069047580	하루견과	nad-a001-02-000000541753959	bsn-a001-00-000000013604308	08	07	33421	M	1	0	0	2	0
20260908	4291318	cmp-a001-02-000000010764328	grp-a001-02-000000069047580	견과류	nad-a001-02-000000541753959	bsn-a001-00-000000013604308	08	99	529514	M	47	0	0	141	0
20260908	4291318	cmp-a001-02-000000010764328	grp-a001-02-000000072573876	추석선물세트	nad-a001-02-000000573683835	bsn-a001-00-000000013604308	08	01	529514	M	1	0	0	6	0
20260908	4291318	cmp-a001-02-000000010764328	grp-a001-02-000000072573876	추석선물세트	nad-a001-02-000000573683834	bsn-a001-00-000000013604308	08	06	798056	M	2	0	0	18	0
20260908	4291318	cmp-a001-02-000000010764328	grp-a001-02-000000069047580	프로틴쉐이크	nad-a001-02-000000553654562	bsn-a001-00-000000013604308	08	10	529514	M	5	0	0	5	0
20260908	4291318	cmp-a001-02-000000010764328	grp-a001-02-000000069047580	단백질쉐이크	nad-a001-02-000000553654562	bsn-a001-00-000000013604308	08	11	529514	M	6	0	0	6	0
20260908	4291318	cmp-a001-02-000000010764328	grp-a001-02-000000069047580	단백질보충제	nad-a001-02-000000553654562	bsn-a001-00-000000013604308	08	09	529514	M	12	0	0	12	0
20260908	4291318	cmp-a001-02-000000010764328	grp-a001-02-000000069047580	다이어트쉐이크	nad-a001-02-000000553654562	bsn-a001-00-000000013604308	08	15	768323	M	1	0	0	1	0
20260908	4291318	cmp-a001-02-000000010764328	grp-a001-02-000000069047580	젤리	nad-a001-02-000000541753985	bsn-a001-00-000000013604308	08	02	684926	M	2	0	0	18	0
20260908	4291318	cmp-a001-02-000000010764328	grp-a001-02-000000069047580	하루	nad-a001-02-000000541753999	bsn-a001-00-000000013604308	08	01	137281	M	4	0	0	8	0
20260908	4291318	cmp-a001-02-000000010764328	grp-a001-02-000000069047580	프로틴	nad-a001-02-000000553654562	bsn-a001-00-000000013604308	08	14	529514	M	2	0	0	2	0
20260908	4291318	cmp-a001-02-000000010764328	grp-a001-02-000000069047580	프로틴	nad-a001-02-000000553654562	bsn-a001-00-000000013604308	08	03	8753	M	2	0	0	28	0
20260908	4291318	cmp-a001-02-000000010764328	grp-a001-02-000000069047580	견과류	nad-a001-02-000000541753959	bsn-a001-00-000000013604308	08	06	529514	M	15	0	0	45	0
20260908	4291318	cmp-a001-02-000000010764328	grp-a001-02-000000069047580	단백질바	nad-a001-02-000000553654554	bsn-a001-00-000000013604308	08	09	529514	M	54	0	0	64	0
20260908	4291318	cmp-a001-02-000000010764328	grp-a001-02-000000069047580	하루견과	nad-a001-02-000000541753960	bsn-a001-00-000000013604308	08	09	8753	M	3	0	0	16	0
20260908	4291318	cmp-a001-02-000000010764328	grp-a001-02-000000069047580	케슈넛과아몬드와호두영	nad-a001-02-000000541753999	bsn-a001-00-000000013604308	08	02	8753	M	1	0	0	1	0
20260908	4291318	cmp-a001-02-000000010764328	grp-a001-02-000000069047580	하루견과	nad-a001-02-000000541753999	bsn-a001-00-000000013604308	08	16	8753	M	1	0	0	1	0
20260908	4291318	cmp-a001-02-000000010764328	grp-a001-02-000000069047580	견과류추천	nad-a001-02-000000541753959	bsn-a001-00-000000013604308	08	00	612593	P	1	0	0	3	0
20260908	4291318	cmp-a001-02-000000010764328	grp-a001-02-000000072573876	추석선물세트	nad-a001-02-000000573683835	bsn-a001-00-000000013604308	08	02	798055	P	1	0	0	11	0
20260908	4291318	cmp-a001-02-000000010764328	grp-a001-02-000000069047580	단백질보충제	nad-a001-02-000000553654562	bsn-a001-00-000000013604308	08	03	87620	M	1	0	0	1	0
20260908	4291318	cmp-a001-02-000000010764328	grp-a001-02-000000069047580	하루	nad-a001-02-000000541753960	bsn-a001-00-000000013604308	08	02	137281	M	11	0	0	11	0
20260908	4291318	cmp-a001-02-000000010764328	grp-a001-02-000000069047580	하루견과	nad-a001-02-000000541753999	bsn-a001-00-000000013604308	08	08	8753	M	2	0	0	2	0
20260908	4291318	cmp-a001-02-000000010764328	grp-a001-02-000000069047580	견과	nad-a001-02-000000541753960	bsn-a001-00-000000013604308	08	07	633013	M	1	0	0	2	0
20260908	4291318	cmp-a001-02-000000010764328	grp-a001-02-000000072573876	추석선물세트	nad-a001-02-000000573683835	bsn-a001-00-000000013604308	08	09	8753	M	2	0	0	14	0
20260908	4291318	cmp-a001-02-000000010764328	grp-a001-02-000000072573876	추석선물세트	nad-a001-02-000000573683834	bsn-a001-00-000000013604308	08	17	529514	M	5	0	0	30	0
20260908	4291318	cmp-a001-02-000000010764328	grp-a001-02-000000069047580	견과류	nad-a001-02-000000541753999	bsn-a001-00-000000013604308	08	16	529514	M	7	0	0	14	0
20260908	4291318	cmp-a001-02-000000010764328	grp-a001-02-000000069047580	젤리	nad-a001-02-000000541753985	bsn-a001-00-000000013604308	08	09	768323	M	6	0	0	10	0
20260908	4291318	cmp-a001-02-000000010764328	grp-a001-02-000000069047580	하루견과	nad-a001-02-000000541753999	bsn-a001-00-000000013604308	08	04	798055	P	2	0	0	2	0
20260908	4291318	cmp-a001-02-000000010764328	grp-a001-02-000000069047580	견과류세트	nad-a001-02-000000541753960	bsn-a001-00-000000013604308	08	02	33421	M	1	0	0	4	0
20260908	4291318	cmp-a001-02-000000010764328	grp-a001-02-000000069047580	황성주생식	nad-a001-02-000000541753997	bsn-a001-00-000000013604308	08	09	633013	M	1	0	0	1	0
20260908	4291318	cmp-a001-02-000000010764328	grp-a001-02-000000069047580	하루견과	nad-a001-02-000000541753959	bsn-a001-00-000000013604308	08	10	684926	M	1	0	0	5	0
20260908	4291318	cmp-a001-02-000000010764328	grp-a001-02-000000069047580	에너지바	nad-a001-02-000000553654559	bsn-a001-00-000000013604308	08	09	791888	M	5	0	0	16	0
20260908	4291318	cmp-a001-02-000000010764328	grp-a001-02-000000069047580	젤리	nad-a001-02-000000541753985	bsn-a001-00-000000013604308	08	02	98128	M	1	0	0	2	0
20260908	4291318	cmp-a001-02-000000010764328	grp-a001-02-000000069047580	단백질바	nad-a001-02-000000553654558	bsn-a001-00-000000013604308	08	03	529514	M	8	0	0	16	0
20260908	4291318	cmp-a001-02-000000010764328	grp-a001-02-000000069047580	프로틴	nad-a001-02-000000553654562	bsn-a001-00-000000013604308	08	18	768323	M	11	0	0	14	0
20260908	4291318	cmp-a001-02-000000010764328	grp-a001-02-000000069047580	단백질바시리얼	nad-a001-02-000000553654554	bsn-a001-00-000000013604308	08	09	8753	M	1	0	0	5	0
20260908	4291318	cmp-a001-02-000000010764328	grp-a001-02-000000069047580	견과류	nad-a001-02-000000541753960	bsn-a001-00-000000013604308	08	01	33421	M	1	0	0	9	0
20260908	4291318	cmp-a001-02-000000010764328	grp-a001-02-000000069047580	견과류세트	nad-a001-02-000000541753959	bsn-a001-00-000000013604308	08	09	8753	M	2	0	0	6	0
20260908	4291318	cmp-a001-02-000000010764328	grp-a001-02-000000069047580	사랑	nad-a001-02-000000553654558	bsn-a001-00-000000013604308	08	09	98128	M	3	0	0	12	0
20260908	4291318	cmp-a001-02-000000010764328	grp-a001-02-000000069047580	황성주생식	nad-a001-02-000000541753997	bsn-a001-00-000000013604308	08	09	684926	M	1	0	0	6	0
20260908	4291318	cmp-a001-02-000000010764328	grp-a001-02-000000069047580	견과류세트	nad-a001-02-000000541753999	bsn-a001-00-000000013604308	08	09	8753	M	2	0	0	2	0
20260908	4291318	cmp-a001-02-000000010764328	grp-a001-02-000000069047580	하루	nad-a001-02-000000541753959	bsn-a001-00-000000013604308	08	09	98128	M	8	0	0	8	0
20260908	4291318	cmp-a001-02-000000010764328	grp-a001-02-000000072573876	추석선물세트	nad-a001-02-000000573683834	bsn-a001-00-000000013604308	08	09	8753	M	2	0	0	6	0
20260908	4291318	cmp-a001-02-000000010764328	grp-a001-02-000000069047580	견과류세트	nad-a001-02-000000541753999	bsn-a001-00-000000013604308	08	18	8753	M	1	0	0	1	0
20260908	4291318	cmp-a001-02-000000010764328	grp-a001-02-000000069047580	단백질바	nad-a001-02-000000553654559	bsn-a001-00-000000013604308	08	03	529514	M	8	0	0	24	0
20260908	4291318	cmp-a001-02-000000010764328	grp-a001-02-000000069047580	견과류	nad-a001-02-000000541753960	bsn-a001-00-000000013604308	08	03	529514	M	40	0	0	160	0
20260908	4291318	cmp-a001-02-000000010764328	grp-a001-02-000000069047580	프로틴바	nad-a001-02-000000553654559	bsn-a001-00-000000013604308	08	01	768323	M	1	0	0	3	0
20260908	4291318	cmp-a001-02-000000010764328	grp-a001-02-000000069047580	단백질	nad-a001-02-000000553654562	bsn-a001-00-000000013604308	08	02	529514	M	15	0	0	15	0
20260908	4291318	cmp-a001-02-000000010764328	grp-a001-02-000000069047580	견과류	nad-a001-02-000000541753999	bsn-a001-00-000000013604308	08	01	633013	M	2	0	0	6	0
20260908	4291318	cmp-a001-02-000000010764328	grp-a001-02-000000069047580	식사대용	nad-a001-02-000000553654562	bsn-a001-00-000000013604308	08	09	684926	M	1	0	0	16	0
20260908	4291318	cmp-a001-02-000000010764328	grp-a001-02-000000072573876	추석선물세트	nad-a001-02-000000573683835	bsn-a001-00-000000013604308	08	07	23123	P	1	0	0	10	0
20260908	4291318	cmp-a001-02-000000010764328	grp-a001-02-000000069047580	견과류	nad-a001-02-000000541753960	bsn-a001-00-000000013604308	08	07	529514	M	8	0	0	32	0
20260908	4291318	cmp-a001-02-000000010764328	grp-a001-02-000000069047580	단백질바	nad-a001-02-000000553654558	bsn-a001-00-000000013604308	08	16	529514	M	6	0	0	12	0
20260908	4291318	cmp-a001-02-000000010764328	grp-a001-02-000000069047580	하루만	nad-a001-02-000000541753959	bsn-a001-00-000000013604308	08	09	529514	M	2	0	0	6	0
20260908	4291318	cmp-a001-02-000000010764328	grp-a001-02-000000069047580	견과세트	nad-a001-02-000000541753960	bsn-a001-00-000000013604308	08	09	768323	M	5	0	0	15	0
20260908	4291318	cmp-a001-02-000000010764328	grp-a001-02-000000069047580	프로틴	nad-a001-02-000000553654562	bsn-a001-00-000000013604308	08	10	768323	M	8	0	0	11	0
20260908	4291318	cmp-a001-02-000000010764328	grp-a001-02-000000069047580	하루견과	nad-a001-02-000000541753999	bsn-a001-00-000000013604308	08	06	684925	P	1	0	0	1	0
20260908	4291318	cmp-a001-02-000000010764328	grp-a001-02-000000069047580	하루	nad-a001-02-000000541753999	bsn-a001-00-000000013604308	08	03	98128	M	2	0	0	4	0
20260908	4291318	cmp-a001-02-000000010764328	grp-a001-02-000000069047580	하루견과	nad-a001-02-000000541753999	bsn-a001-00-000000013604308	08	02	8753	M	8	0	0	8	0
20260908	4291318	cmp-a001-02-000000010764328	grp-a001-02-000000069047580	단백질쉐이크	nad-a001-02-000000553654562	bsn-a001-00-000000013604308	08	09	98128	M	2	0	0	2	0
20260908	4291318	cmp-a001-02-000000010764328	grp-a001-02-000000069047580	젤리	nad-a001-02-000000541753985	bsn-a001-00-000000013604308	08	03	8753	M	1	0	0	6	0
20260908	4291318	cmp-a001-02-000000010764328	grp-a001-02-000000069047580	생식가루	nad-a001-02-000000541753996	bsn-a001-00-000000013604308	08	02	8753	M	1	0	0	5	0
20260908	4291318	cmp-a001-02-000000010764328	grp-a001-02-000000072573876	추석선물세트	nad-a001-02-000000573683835	bsn-a001-00-000000013604308	08	06	529514	M	21	0	0	150	0
20260908	4291318	cmp-a001-02-000000010764328	grp-a001-02-000000069047580	이득자천연가루	nad-a001-02-000000541753996	bsn-a001-00-000000013604308	08	02	8753	M	1	0	0	4	0
20260908	4291318	cmp-a001-02-000000010764328	grp-a001-02-000000069047580	하루견과	nad-a001-02-000000541753999	bsn-a001-00-000000013604308	08	02	529514	M	12	0	0	12	0
20260908	4291318	cmp-a001-02-000000010764328	grp-a001-02-000000069047580	하루견과	nad-a001-02-000000541753960	bsn-a001-00-000000013604308	08	08	33421	M	1	0	0	3	0
20260908	4291318	cmp-a001-02-000000010764328	grp-a001-02-000000069047580	견과세트	nad-a001-02-000000541753999	bsn-a001-00-000000013604308	08	04	768323	M	2	0	0	2	0
20260908	4291318	cmp-a001-02-000000010764328	grp-a001-02-000000069047580	좋은성분간식	nad-a001-02-000000553654558	bsn-a001-00-000000013604308	08	09	8753	M	1	0	0	4	0
20260908	4291318	cmp-a001-02-000000010764328	grp-a001-02-000000072573876	추석선물세트	nad-a001-02-000000573683835	bsn-a001-00-000000013604308	08	02	529514	M	93	0	0	614	0
20260908	4291318	cmp-a001-02-000000010764328	grp-a001-02-000000072573876	추석선물세트	nad-a001-02-000000573683835	bsn-a001-00-000000013604308	08	02	8753	M	4	0	0	21	0
20260908	4291318	cmp-a001-02-000000010764328	grp-a001-02-000000072573876	추석선물세트	nad-a001-02-000000573683834	bsn-a001-00-000000013604308	08	16	529514	M	14	0	0	86	0
20260908	4291318	cmp-a001-02-000000010764328	grp-a001-02-000000069047580	견과류	nad-a001-02-000000541753960	bsn-a001-00-000000013604308	08	07	633013	M	3	0	0	6	0
20260908	4291318	cmp-a001-02-000000010764328	grp-a001-02-000000069047580	견과류	nad-a001-02-000000541753960	bsn-a001-00-000000013604308	08	03	612594	M	1	0	0	6	0
20260908	4291318	cmp-a001-02-000000010764328	grp-a001-02-000000069047580	프로틴바	nad-a001-02-000000553654554	bsn-a001-00-000000013604308	08	01	768323	M	1	0	0	1	0
20260908	4291318	cmp-a001-02-000000010764328	grp-a001-02-000000069047580	하루견과	nad-a001-02-000000541753959	bsn-a001-00-000000013604308	08	16	8753	M	1	0	0	4	0
20260908	4291318	cmp-a001-02-000000010764328	grp-a001-02-000000069047580	사랑	nad-a001-02-000000553654559	bsn-a001-00-000000013604308	08	03	98128	M	2	0	0	10	0
20260908	4291318	cmp-a001-02-000000010764328	grp-a001-02-000000069047580	사랑님	nad-a001-02-000000553654558	bsn-a001-00-000000013604308	08	16	529514	M	2	0	0	8	0
20260908	4291318	cmp-a001-02-000000010764328	grp-a001-02-000000069047580	하루견과	nad-a001-02-000000541753999	bsn-a001-00-000000013604308	08	03	11068	P	1	0	0	1	0
20260908	4291318	cmp-a001-02-000000010764328	grp-a001-02-000000069047580	가루는	nad-a001-02-000000541753996	bsn-a001-00-000000013604308	08	09	609155	M	1	0	0	4	0
20260908	4291318	cmp-a001-02-000000010764328	grp-a001-02-000000069047580	단백질바추천	nad-a001-02-000000553654558	bsn-a001-00-000000013604308	08	16	27758	P	1	0	0	3	0
20260908	4291318	cmp-a001-02-000000010764328	grp-a001-02-000000072573876	추석선물세트	nad-a001-02-000000573683834	bsn-a001-00-000000013604308	08	08	27758	P	1	0	0	1	0
20260908	4291318	cmp-a001-02-000000010764328	grp-a001-02-000000069047580	단백질바비교추천	nad-a001-02-000000553654554	bsn-a001-00-000000013604308	08	01	8753	M	1	0	0	3	0
20260908	4291318	cmp-a001-02-000000010764328	grp-a001-02-000000069047580	개당스토어	nad-a001-02-000000541753959	bsn-a001-00-000000013604308	08	08	98128	M	1	0	0	3	0
20260908	4291318	cmp-a001-02-000000010764328	grp-a001-02-000000069047580	사랑	nad-a001-02-000000553654559	bsn-a001-00-000000013604308	08	02	98128	M	4	0	0	22	0
20260908	4291318	cmp-a001-02-000000010764328	grp-a001-02-000000069047580	견과류세트	nad-a001-02-000000541753959	bsn-a001-00-000000013604308	08	99	684926	M	2	0	0	6	0
20260908	4291318	cmp-a001-02-000000010764328	grp-a001-02-000000069047580	단백질바	nad-a001-02-000000553654559	bsn-a001-00-000000013604308	08	01	529514	M	2	0	0	6	0
20260908	4291318	cmp-a001-02-000000010764328	grp-a001-02-000000069047580	사랑이	nad-a001-02-000000553654558	bsn-a001-00-000000013604308	08	06	529514	M	1	0	0	4	0
20260908	4291318	cmp-a001-02-000000010764328	grp-a001-02-000000069047580	견과세트	nad-a001-02-000000541753999	bsn-a001-00-000000013604308	08	18	768323	M	2	0	0	2	0
20260908	4291318	cmp-a001-02-000000010764328	grp-a001-02-000000069047580	낱개견과류	nad-a001-02-000000541753960	bsn-a001-00-000000013604308	08	04	8753	M	1	0	0	4	0
20260908	4291318	cmp-a001-02-000000010764328	grp-a001-02-000000069047580	하루견과	nad-a001-02-000000541753959	bsn-a001-00-000000013604308	08	11	684926	M	1	0	0	6	0
20260908	4291318	cmp-a001-02-000000010764328	grp-a001-02-000000069047580	하루견과	nad-a001-02-000000541753999	bsn-a001-00-000000013604308	08	99	684926	M	3	1	1638	3	0
20260908	4291318	cmp-a001-02-000000010764328	grp-a001-02-000000069047580	단백질바추천	nad-a001-02-000000553654554	bsn-a001-00-000000013604308	08	09	8753	M	1	0	0	2	0
20260908	4291318	cmp-a001-02-000000010764328	grp-a001-02-000000069047580	퀘스트바성분	nad-a001-02-000000553654558	bsn-a001-00-000000013604308	08	00	8753	M	1	0	0	2	0
20260908	4291318	cmp-a001-02-000000010764328	grp-a001-02-000000069047580	견과류	nad-a001-02-000000541753959	bsn-a001-00-000000013604308	08	15	529514	M	9	0	0	27	0
20260908	4291318	cmp-a001-02-000000010764328	grp-a001-02-000000069047580	견과류	nad-a001-02-000000541753999	bsn-a001-00-000000013604308	08	15	8753	M	2	0	0	6	0
20260908	4291318	cmp-a001-02-000000010764328	grp-a001-02-000000069047580	하루견과	nad-a001-02-000000541753960	bsn-a001-00-000000013604308	08	09	33421	M	2	0	0	5	0
20260908	4291318	cmp-a001-02-000000010764328	grp-a001-02-000000069047580	단백질바	nad-a001-02-000000553654554	bsn-a001-00-000000013604308	08	14	529514	M	2	0	0	2	0
20260908	4291318	cmp-a001-02-000000010764328	grp-a001-02-000000069047580	하루견과	nad-a001-02-000000541753960	bsn-a001-00-000000013604308	08	02	8753	M	7	0	0	34	0
20260908	4291318	cmp-a001-02-000000010764328	grp-a001-02-000000069047580	견과류	nad-a001-02-000000541753999	bsn-a001-00-000000013604308	08	08	529514	M	15	0	0	34	0
20260908	4291318	cmp-a001-02-000000010764328	grp-a001-02-000000069047580	견과류세트	nad-a001-02-000000541753959	bsn-a001-00-000000013604308	08	99	8753	M	1	0	0	3	0
20260908	4291318	cmp-a001-02-000000010764328	grp-a001-02-000000069047580	황성주생식	nad-a001-02-000000541753996	bsn-a001-00-000000013604308	08	18	612594	M	1	0	0	3	0
20260908	4291318	cmp-a001-02-000000010764328	grp-a001-02-000000069047580	하루견과	nad-a001-02-000000541753959	bsn-a001-00-000000013604308	08	06	529514	M	2	0	0	6	0
20260908	4291318	cmp-a001-02-000000010764328	grp-a001-02-000000069047580	견과류	nad-a001-02-000000541753959	bsn-a001-00-000000013604308	08	01	633013	M	2	0	0	2	0
20260908	4291318	cmp-a001-02-000000010764328	grp-a001-02-000000069047580	하루견과	nad-a001-02-000000541753999	bsn-a001-00-000000013604308	08	06	529514	M	2	0	0	2	0
20260908	4291318	cmp-a001-02-000000010764328	grp-a001-02-000000069047580	견과	nad-a001-02-000000541753959	bsn-a001-00-000000013604308	08	07	633013	M	1	0	0	1	0
20260908	4291318	cmp-a001-02-000000010764328	grp-a001-02-000000072573876	추석선물세트	nad-a001-02-000000573683834	bsn-a001-00-000000013604308	08	06	529514	M	18	0	0	123	0
20260908	4291318	cmp-a001-02-000000010764328	grp-a001-02-000000069047580	하루견과세트	nad-a001-02-000000541753960	bsn-a001-00-000000013604308	08	99	684926	M	2	0	0	4	0
20260908	4291318	cmp-a001-02-000000010764328	grp-a001-02-000000069047580	견과	nad-a001-02-000000541753959	bsn-a001-00-000000013604308	08	16	684927	P	1	0	0	10	0
20260908	4291318	cmp-a001-02-000000010764328	grp-a001-02-000000069047580	모두의푸드혼합B1개입	nad-a001-02-000000541753959	bsn-a001-00-000000013604308	08	02	23123	P	1	0	0	5	0
20260908	4291318	cmp-a001-02-000000010764328	grp-a001-02-000000072573876	추석선물세트	nad-a001-02-000000573683834	bsn-a001-00-000000013604308	08	99	529514	M	67	0	0	409	0
20260908	4291318	cmp-a001-02-000000010764328	grp-a001-02-000000069047580	단백질바	nad-a001-02-000000553654558	bsn-a001-00-000000013604308	08	18	529514	M	5	0	0	8	0
20260908	4291318	cmp-a001-02-000000010764328	grp-a001-02-000000069047580	하루견과	nad-a001-02-000000541753959	bsn-a001-00-000000013604308	08	99	8753	M	1	0	0	3	0
20260908	4291318	cmp-a001-02-000000010764328	grp-a001-02-000000069047580	스틱형가루굳음	nad-a001-02-000000541754004	bsn-a001-00-000000013604308	08	09	8753	M	1	0	0	2	0
20260908	4291318	cmp-a001-02-000000010764328	grp-a001-02-000000072573876	추석선물세트	nad-a001-02-000000573683834	bsn-a001-00-000000013604308	08	08	529514	M	15	0	0	90	0
20260908	4291318	cmp-a001-02-000000010764328	grp-a001-02-000000069047580	견과세트	nad-a001-02-000000541753999	bsn-a001-00-000000013604308	08	02	27758	P	2	0	0	3	0
20260908	4291318	cmp-a001-02-000000010764328	grp-a001-02-000000069047580	사랑님	nad-a001-02-000000553654559	bsn-a001-00-000000013604308	08	13	529514	M	2	0	0	13	0
20260908	4291318	cmp-a001-02-000000010764328	grp-a001-02-000000069047580	하루	nad-a001-02-000000541753960	bsn-a001-00-000000013604308	08	01	137281	M	4	0	0	4	0
20260908	4291318	cmp-a001-02-000000010764328	grp-a001-02-000000069047580	단백질쉐이크	nad-a001-02-000000553654562	bsn-a001-00-000000013604308	08	07	529514	M	3	0	0	3	0
20260908	4291318	cmp-a001-02-000000010764328	grp-a001-02-000000069047580	단백질바	nad-a001-02-000000553654558	bsn-a001-00-000000013604308	08	00	27758	P	1	0	0	3	0
20260908	4291318	cmp-a001-02-000000010764328	grp-a001-02-000000069047580	견과류	nad-a001-02-000000541753960	bsn-a001-00-000000013604308	08	09	633013	M	3	0	0	6	0
20260908	4291318	cmp-a001-02-000000010764328	grp-a001-02-000000069047580	젤리추천	nad-a001-02-000000541753985	bsn-a001-00-000000013604308	08	04	8753	M	1	0	0	6	0
20260908	4291318	cmp-a001-02-000000010764328	grp-a001-02-000000069047580	칼로리바	nad-a001-02-000000553654554	bsn-a001-00-000000013604308	08	02	8753	M	1	0	0	2	0
20260908	4291318	cmp-a001-02-000000010764328	grp-a001-02-000000069047580	갓	nad-a001-02-000000541753959	bsn-a001-00-000000013604308	08	17	33421	M	1	0	0	3	0
20260908	4291318	cmp-a001-02-000000010764328	grp-a001-02-000000069047580	견과류꼭먹어야할까	nad-a001-02-000000541753999	bsn-a001-00-000000013604308	08	99	8753	M	1	0	0	1	0
20260908	4291318	cmp-a001-02-000000010764328	grp-a001-02-000000069047580	견과류	nad-a001-02-000000541753999	bsn-a001-00-000000013604308	08	07	8753	M	2	0	0	8	0
20260908	4291318	cmp-a001-02-000000010764328	grp-a001-02-000000069047580	하루견과	nad-a001-02-000000541753960	bsn-a001-00-000000013604308	08	02	529514	M	12	0	0	24	0
20260908	4291318	cmp-a001-02-000000010764328	grp-a001-02-000000072573876	명절선물	nad-a001-02-000000573683835	bsn-a001-00-000000013604308	08	09	768323	M	1	0	0	12	0
20260908	4291318	cmp-a001-02-000000010764328	grp-a001-02-000000069047580	견과류꼭먹어야할까	nad-a001-02-000000541753959	bsn-a001-00-000000013604308	08	99	8753	M	1	0	0	3	0
20260908	4291318	cmp-a001-02-000000010764328	grp-a001-02-000000069047580	프로틴	nad-a001-02-000000553654562	bsn-a001-00-000000013604308	08	18	137281	M	2	0	0	2	0
20260908	4291318	cmp-a001-02-000000010764328	grp-a001-02-000000069047580	모두의푸드혼합B1개입	nad-a001-02-000000541753999	bsn-a001-00-000000013604308	08	02	23123	P	1	0	0	1	0
20260908	4291318	cmp-a001-02-000000010764328	grp-a001-02-000000072573876	추석선물세트추천	nad-a001-02-000000573683835	bsn-a001-00-000000013604308	08	04	33421	M	2	0	0	2	0
20260908	4291318	cmp-a001-02-000000010764328	grp-a001-02-000000069047580	하루	nad-a001-02-000000541753960	bsn-a001-00-000000013604308	08	99	137281	M	2	0	0	2	0
20260908	4291318	cmp-a001-02-000000010764328	grp-a001-02-000000069047580	하루견과	nad-a001-02-000000541753999	bsn-a001-00-000000013604308	08	02	27758	P	1	0	0	1	0
20260908	4291318	cmp-a001-02-000000010764328	grp-a001-02-000000069047580	제리	nad-a001-02-000000541753985	bsn-a001-00-000000013604308	08	09	98128	M	2	0	0	4	0
20260908	4291318	cmp-a001-02-000000010764328	grp-a001-02-000000069047580	하루견과아몬드	nad-a001-02-000000541753999	bsn-a001-00-000000013604308	08	02	684925	P	1	0	0	1	0
20260908	4291318	cmp-a001-02-000000010764328	grp-a001-02-000000069047580	노익스프로틴바	nad-a001-02-000000553654554	bsn-a001-00-000000013604308	08	02	8753	M	1	0	0	5	0
20260908	4291318	cmp-a001-02-000000010764328	grp-a001-02-000000069047580	하루	nad-a001-02-000000541753960	bsn-a001-00-000000013604308	08	03	137281	M	5	0	0	5	0
20260908	4291318	cmp-a001-02-000000010764328	grp-a001-02-000000069047580	견과세트	nad-a001-02-000000541753999	bsn-a001-00-000000013604308	08	02	8753	M	1	1	2169	1	0
20260908	4291318	cmp-a001-02-000000010764328	grp-a001-02-000000069047580	견과류먹으면좋은시간대	nad-a001-02-000000541753960	bsn-a001-00-000000013604308	08	08	8753	M	1	0	0	5	0
20260908	4291318	cmp-a001-02-000000010764328	grp-a001-02-000000069047580	보충제	nad-a001-02-000000553654562	bsn-a001-00-000000013604308	08	09	137281	M	1	0	0	1	0
20260908	4291318	cmp-a001-02-000000010764328	grp-a001-02-000000069047580	갓	nad-a001-02-000000541753999	bsn-a001-00-000000013604308	08	17	8753	M	1	0	0	3	0
20260908	4291318	cmp-a001-02-000000010764328	grp-a001-02-000000072573876	추석선물세트	nad-a001-02-000000573683835	bsn-a001-00-000000013604308	08	09	529514	M	127	0	0	840	0
20260908	4291318	cmp-a001-02-000000010764328	grp-a001-02-000000069047580	견과류추천	nad-a001-02-000000541753999	bsn-a001-00-000000013604308	08	01	8753	M	2	0	0	8	0
20260908	4291318	cmp-a001-02-000000010764328	grp-a001-02-000000069047580	단백질바	nad-a001-02-000000553654554	bsn-a001-00-000000013604308	08	09	8753	M	2	0	0	6	0
20260908	4291318	cmp-a001-02-000000010764328	grp-a001-02-000000069047580	하루견과	nad-a001-02-000000541753999	bsn-a001-00-000000013604308	08	01	8753	M	2	0	0	3	0
20260908	4291318	cmp-a001-02-000000010764328	grp-a001-02-000000069047580	단백질바	nad-a001-02-000000553654559	bsn-a001-00-000000013604308	08	18	529514	M	5	0	0	20	0
20260908	4291318	cmp-a001-02-000000010764328	grp-a001-02-000000069047580	견과류세트	nad-a001-02-000000541753960	bsn-a001-00-000000013604308	08	02	11068	P	3	0	0	9	0
20260908	4291318	cmp-a001-02-000000010764328	grp-a001-02-000000069047580	생식가루	nad-a001-02-000000541753997	bsn-a001-00-000000013604308	08	02	8753	M	1	0	0	2	0
20260908	4291318	cmp-a001-02-000000010764328	grp-a001-02-000000069047580	하루	nad-a001-02-000000541753959	bsn-a001-00-000000013604308	08	99	98128	M	2	1	2907	2	0
20260908	4291318	cmp-a001-02-000000010764328	grp-a001-02-000000069047580	하루견과	nad-a001-02-000000541753999	bsn-a001-00-000000013604308	08	08	529514	M	2	0	0	2	0
20260908	4291318	cmp-a001-02-000000010764328	grp-a001-02-000000069047580	하루견과아몬드	nad-a001-02-000000541753959	bsn-a001-00-000000013604308	08	02	11068	P	1	0	0	3	0
20260908	4291318	cmp-a001-02-000000010764328	grp-a001-02-000000069047580	사랑	nad-a001-02-000000553654554	bsn-a001-00-000000013604308	08	03	98128	M	2	0	0	6	0
20260908	4291318	cmp-a001-02-000000010764328	grp-a001-02-000000069047580	에너지바	nad-a001-02-000000553654558	bsn-a001-00-000000013604308	08	02	87620	M	2	0	0	4	0
20260908	4291318	cmp-a001-02-000000010764328	grp-a001-02-000000069047580	단백질보충제	nad-a001-02-000000553654562	bsn-a001-00-000000013604308	08	13	529514	M	5	0	0	5	0
20260908	4291318	cmp-a001-02-000000010764328	grp-a001-02-000000069047580	갓	nad-a001-02-000000541753999	bsn-a001-00-000000013604308	08	09	612593	P	1	0	0	2	0
20260908	4291318	cmp-a001-02-000000010764328	grp-a001-02-000000069047580	WHISHEL단백질바	nad-a001-02-000000553654554	bsn-a001-00-000000013604308	08	08	8753	M	1	0	0	5	0
20260908	4291318	cmp-a001-02-000000010764328	grp-a001-02-000000069047580	하루견과	nad-a001-02-000000541753959	bsn-a001-00-000000013604308	08	03	27758	P	1	0	0	3	0
20260908	4291318	cmp-a001-02-000000010764328	grp-a001-02-000000069047580	갓	nad-a001-02-000000541753960	bsn-a001-00-000000013604308	08	99	8753	M	1	0	0	2	0
20260908	4291318	cmp-a001-02-000000010764328	grp-a001-02-000000069047580	단백질바	nad-a001-02-000000553654558	bsn-a001-00-000000013604308	08	04	529514	M	2	0	0	4	0
20260908	4291318	cmp-a001-02-000000010764328	grp-a001-02-000000069047580	쉐이크	nad-a001-02-000000553654562	bsn-a001-00-000000013604308	08	11	137281	M	2	0	0	2	0
20260908	4291318	cmp-a001-02-000000010764328	grp-a001-02-000000069047580	견과류	nad-a001-02-000000541753999	bsn-a001-00-000000013604308	08	06	529514	M	16	0	0	32	0
20260908	4291318	cmp-a001-02-000000010764328	grp-a001-02-000000069047580	하루견과	nad-a001-02-000000541753999	bsn-a001-00-000000013604308	08	07	8753	M	2	0	0	2	0
20260908	4291318	cmp-a001-02-000000010764328	grp-a001-02-000000069047580	견과류하루견과	nad-a001-02-000000541753959	bsn-a001-00-000000013604308	08	99	87620	M	1	0	0	2	0
20260908	4291318	cmp-a001-02-000000010764328	grp-a001-02-000000072573876	추석선물세트	nad-a001-02-000000573683835	bsn-a001-00-000000013604308	08	07	529514	M	8	0	0	55	0
20260908	4291318	cmp-a001-02-000000010764328	grp-a001-02-000000069047580	하루견과	nad-a001-02-000000541753959	bsn-a001-00-000000013604308	08	08	529514	M	2	0	0	6	0
20260908	4291318	cmp-a001-02-000000010764328	grp-a001-02-000000069047580	견과류	nad-a001-02-000000541753959	bsn-a001-00-000000013604308	08	02	8753	M	2	0	0	14	0
20260908	4291318	cmp-a001-02-000000010764328	grp-a001-02-000000069047580	견과류세트	nad-a001-02-000000541753960	bsn-a001-00-000000013604308	08	07	8753	M	1	0	0	5	0
20260908	4291318	cmp-a001-02-000000010764328	grp-a001-02-000000072573876	추석선물세트추천	nad-a001-02-000000573683835	bsn-a001-00-000000013604308	08	04	8753	M	1	0	0	4	0
20260908	4291318	cmp-a001-02-000000010764328	grp-a001-02-000000069047580	사랑은	nad-a001-02-000000553654558	bsn-a001-00-000000013604308	08	09	98128	M	1	0	0	4	0
20260908	4291318	cmp-a001-02-000000010764328	grp-a001-02-000000069047580	갓	nad-a001-02-000000541753960	bsn-a001-00-000000013604308	08	09	8753	M	2	0	0	4	0
20260908	4291318	cmp-a001-02-000000010764328	grp-a001-02-000000069047580	견과류	nad-a001-02-000000541753960	bsn-a001-00-000000013604308	08	06	529514	M	15	0	0	60	0
20260908	4291318	cmp-a001-02-000000010764328	grp-a001-02-000000069047580	하루	nad-a001-02-000000541753960	bsn-a001-00-000000013604308	08	02	98128	M	2	0	0	6	0
20260908	4291318	cmp-a001-02-000000010764328	grp-a001-02-000000069047580	포항간식포장	nad-a001-02-000000541753999	bsn-a001-00-000000013604308	08	04	27758	P	1	0	0	1	0
20260908	4291318	cmp-a001-02-000000010764328	grp-a001-02-000000072573876	추석선물세트	nad-a001-02-000000573683834	bsn-a001-00-000000013604308	08	13	529514	M	2	0	0	12	0
20260908	4291318	cmp-a001-02-000000010764328	grp-a001-02-000000069047580	견과류	nad-a001-02-000000541753999	bsn-a001-00-000000013604308	08	11	529514	M	15	0	0	30	0
20260908	4291318	cmp-a001-02-000000010764328	grp-a001-02-000000069047580	프로틴바	nad-a001-02-000000553654558	bsn-a001-00-000000013604308	08	16	8753	M	1	0	0	3	0
20260908	4291318	cmp-a001-02-000000010764328	grp-a001-02-000000072573876	추석선물세트추천	nad-a001-02-000000573683835	bsn-a001-00-000000013604308	08	03	8753	M	2	0	0	8	0
20260908	4291318	cmp-a001-02-000000010764328	grp-a001-02-000000069047580	견과류	nad-a001-02-000000541753959	bsn-a001-00-000000013604308	08	07	8753	M	1	0	0	5	0
20260908	4291318	cmp-a001-02-000000010764328	grp-a001-02-000000069047580	하루만	nad-a001-02-000000541753959	bsn-a001-00-000000013604308	08	03	529514	M	4	0	0	12	0
20260908	4291318	cmp-a001-02-000000010764328	grp-a001-02-000000072573876	추석선물세트	nad-a001-02-000000573683834	bsn-a001-00-000000013604308	08	09	633013	M	3	0	0	21	0
20260908	4291318	cmp-a001-02-000000010764328	grp-a001-02-000000069047580	견과류냉동보관	nad-a001-02-000000541753959	bsn-a001-00-000000013604308	08	02	8753	M	1	0	0	4	0
20260908	4291318	cmp-a001-02-000000010764328	grp-a001-02-000000069047580	단백질파우더	nad-a001-02-000000553654562	bsn-a001-00-000000013604308	08	09	529514	M	13	0	0	13	0
20260908	4291318	cmp-a001-02-000000010764328	grp-a001-02-000000069047580	단백질쉐이크	nad-a001-02-000000553654562	bsn-a001-00-000000013604308	08	99	529514	M	17	0	0	17	0
20260908	4291318	cmp-a001-02-000000010764328	grp-a001-02-000000069047580	프로틴바	nad-a001-02-000000553654558	bsn-a001-00-000000013604308	08	04	768323	M	1	0	0	2	0
20260908	4291318	cmp-a001-02-000000010764328	grp-a001-02-000000069047580	단백질바	nad-a001-02-000000553654554	bsn-a001-00-000000013604308	08	17	529514	M	8	0	0	8	0
20260908	4291318	cmp-a001-02-000000010764328	grp-a001-02-000000069047580	케슈넛과아몬드와호두영	nad-a001-02-000000541753960	bsn-a001-00-000000013604308	08	02	8753	M	1	0	0	3	0
20260908	4291318	cmp-a001-02-000000010764328	grp-a001-02-000000069047580	견과류	nad-a001-02-000000541753999	bsn-a001-00-000000013604308	08	99	633013	M	2	0	0	6	0
20260908	4291318	cmp-a001-02-000000010764328	grp-a001-02-000000069047580	하루견과	nad-a001-02-000000541753999	bsn-a001-00-000000013604308	08	11	8753	M	1	0	0	1	0
20260908	4291318	cmp-a001-02-000000010764328	grp-a001-02-000000069047580	프로틴바	nad-a001-02-000000553654558	bsn-a001-00-000000013604308	08	03	768323	M	1	0	0	2	0
20260908	4291318	cmp-a001-02-000000010764328	grp-a001-02-000000069047580	다이어트쉐이크	nad-a001-02-000000553654562	bsn-a001-00-000000013604308	08	02	529514	M	11	0	0	11	0
20260908	4291318	cmp-a001-02-000000010764328	grp-a001-02-000000069047580	젤리	nad-a001-02-000000541753985	bsn-a001-00-000000013604308	08	08	98128	M	1	0	0	2	0
20260908	4291318	cmp-a001-02-000000010764328	grp-a001-02-000000069047580	연예인간식세트	nad-a001-02-000000541753999	bsn-a001-00-000000013604308	08	09	27758	P	1	0	0	2	0
20260908	4291318	cmp-a001-02-000000010764328	grp-a001-02-000000072573876	추석선물세트	nad-a001-02-000000573683835	bsn-a001-00-000000013604308	08	16	529514	M	6	0	0	42	0
20260908	4291318	cmp-a001-02-000000010764328	grp-a001-02-000000069047580	갓	nad-a001-02-000000541753959	bsn-a001-00-000000013604308	08	02	8753	M	2	0	0	2	0
20260908	4291318	cmp-a001-02-000000010764328	grp-a001-02-000000069047580	프로틴바	nad-a001-02-000000553654554	bsn-a001-00-000000013604308	08	09	8753	M	1	0	0	4	0
20260908	4291318	cmp-a001-02-000000010764328	grp-a001-02-000000069047580	하루견과	nad-a001-02-000000541753960	bsn-a001-00-000000013604308	08	04	798055	P	2	0	0	4	0
20260908	4291318	cmp-a001-02-000000010764328	grp-a001-02-000000072573876	추석선물세트추천	nad-a001-02-000000573683835	bsn-a001-00-000000013604308	08	01	8753	M	1	0	0	5	0
20260908	4291318	cmp-a001-02-000000010764328	grp-a001-02-000000072573876	추석선물세트	nad-a001-02-000000573683835	bsn-a001-00-000000013604308	08	08	529514	M	12	0	0	78	0
20260908	4291318	cmp-a001-02-000000010764328	grp-a001-02-000000069047580	견과류세트	nad-a001-02-000000541753959	bsn-a001-00-000000013604308	08	02	8753	M	4	0	0	12	0
20260908	4291318	cmp-a001-02-000000010764328	grp-a001-02-000000072573876	추석선물세트추천	nad-a001-02-000000573683834	bsn-a001-00-000000013604308	08	01	8753	M	1	0	0	4	0
20260908	4291318	cmp-a001-02-000000010764328	grp-a001-02-000000069047580	하루견과	nad-a001-02-000000541753999	bsn-a001-00-000000013604308	08	13	87620	M	1	0	0	1	0
20260908	4291318	cmp-a001-02-000000010764328	grp-a001-02-000000069047580	하루견과푸르츠&베	nad-a001-02-000000541753999	bsn-a001-00-000000013604308	08	09	8753	M	1	0	0	1	0
20260908	4291318	cmp-a001-02-000000010764328	grp-a001-02-000000069047580	프로틴바식품	nad-a001-02-000000553654559	bsn-a001-00-000000013604308	08	09	98128	M	1	0	0	3	0
20260908	4291318	cmp-a001-02-000000010764328	grp-a001-02-000000069047580	견과류추천	nad-a001-02-000000541753959	bsn-a001-00-000000013604308	08	01	33421	M	2	0	0	15	0
20260908	4291318	cmp-a001-02-000000010764328	grp-a001-02-000000069047580	젤리	nad-a001-02-000000541753985	bsn-a001-00-000000013604308	08	99	98128	M	1	0	0	2	0
20260908	4291318	cmp-a001-02-000000010764328	grp-a001-02-000000069047580	견과류하루견과	nad-a001-02-000000541753999	bsn-a001-00-000000013604308	08	99	87620	M	1	0	0	1	0
20260908	4291318	cmp-a001-02-000000010764328	grp-a001-02-000000069047580	국산항태분말가루	nad-a001-02-000000541753996	bsn-a001-00-000000013604308	08	08	8753	M	1	0	0	3	0
20260908	4291318	cmp-a001-02-000000010764328	grp-a001-02-000000072573876	추석선물세트	nad-a001-02-000000573683835	bsn-a001-00-000000013604308	08	09	33421	M	1	0	0	5	0
20260908	4291318	cmp-a001-02-000000010764328	grp-a001-02-000000069047580	견과류세트	nad-a001-02-000000541753999	bsn-a001-00-000000013604308	08	02	33421	M	1	0	0	1	0
20260908	4291318	cmp-a001-02-000000010764328	grp-a001-02-000000069047580	하루견과	nad-a001-02-000000541753959	bsn-a001-00-000000013604308	08	13	33421	M	1	0	0	3	0
20260908	4291318	cmp-a001-02-000000010764328	grp-a001-02-000000069047580	하루견과	nad-a001-02-000000541753999	bsn-a001-00-000000013604308	08	09	684926	M	3	0	0	5	0
20260908	4291318	cmp-a001-02-000000010764328	grp-a001-02-000000069047580	견과세트	nad-a001-02-000000541753960	bsn-a001-00-000000013604308	08	99	768323	M	1	0	0	3	0
20260908	4291318	cmp-a001-02-000000010764328	grp-a001-02-000000072573876	추석선물세트	nad-a001-02-000000573683834	bsn-a001-00-000000013604308	08	09	33421	M	1	0	0	1	0
20260908	4291318	cmp-a001-02-000000010764328	grp-a001-02-000000069047580	하루견과	nad-a001-02-000000541753959	bsn-a001-00-000000013604308	08	17	529514	M	2	0	0	6	0
20260908	4291318	cmp-a001-02-000000010764328	grp-a001-02-000000069047580	낱개견과류	nad-a001-02-000000541753959	bsn-a001-00-000000013604308	08	04	8753	M	1	0	0	2	0
20260908	4291318	cmp-a001-02-000000010764328	grp-a001-02-000000069047580	단백질바	nad-a001-02-000000553654554	bsn-a001-00-000000013604308	08	01	529514	M	2	0	0	2	0
20260908	4291318	cmp-a001-02-000000010764328	grp-a001-02-000000069047580	보충제	nad-a001-02-000000553654562	bsn-a001-00-000000013604308	08	02	529514	M	7	0	0	7	0
20260908	4291318	cmp-a001-02-000000010764328	grp-a001-02-000000069047580	견과세트	nad-a001-02-000000541753959	bsn-a001-00-000000013604308	08	06	768323	M	1	0	0	2	0
20260908	4291318	cmp-a001-02-000000010764328	grp-a001-02-000000069047580	황성주생식	nad-a001-02-000000541754004	bsn-a001-00-000000013604308	08	08	633013	M	1	0	0	2	0
20260908	4291318	cmp-a001-02-000000010764328	grp-a001-02-000000069047580	하루견과	nad-a001-02-000000541753999	bsn-a001-00-000000013604308	08	07	341898	M	1	0	0	1	0
20260908	4291318	cmp-a001-02-000000010764328	grp-a001-02-000000069047580	하루	nad-a001-02-000000541753999	bsn-a001-00-000000013604308	08	15	137281	M	1	0	0	2	0
20260908	4291318	cmp-a001-02-000000010764328	grp-a001-02-000000069047580	견과류	nad-a001-02-000000541753960	bsn-a001-00-000000013604308	08	17	529514	M	8	0	0	32	0
20260908	4291318	cmp-a001-02-000000010764328	grp-a001-02-000000069047580	견과류	nad-a001-02-000000541753959	bsn-a001-00-000000013604308	08	11	529514	M	13	0	0	39	0
20260908	4291318	cmp-a001-02-000000010764328	grp-a001-02-000000069047580	에너지바	nad-a001-02-000000553654554	bsn-a001-00-000000013604308	08	06	11068	P	1	0	0	4	0
20260908	4291318	cmp-a001-02-000000010764328	grp-a001-02-000000069047580	견과	nad-a001-02-000000541753999	bsn-a001-00-000000013604308	08	06	633013	M	2	0	0	6	0
20260908	4291318	cmp-a001-02-000000010764328	grp-a001-02-000000069047580	견과류	nad-a001-02-000000541753999	bsn-a001-00-000000013604308	08	99	529514	M	47	0	0	94	0
20260908	4291318	cmp-a001-02-000000010764328	grp-a001-02-000000069047580	사랑은	nad-a001-02-000000553654554	bsn-a001-00-000000013604308	08	09	98128	M	1	0	0	3	0
20260908	4291318	cmp-a001-02-000000010764328	grp-a001-02-000000069047580	단백질바	nad-a001-02-000000553654554	bsn-a001-00-000000013604308	08	15	529514	M	2	0	0	2	0
20260908	4291318	cmp-a001-02-000000010764328	grp-a001-02-000000069047580	다이어트쉐이크	nad-a001-02-000000553654562	bsn-a001-00-000000013604308	08	99	768323	M	7	0	0	12	0
20260908	4291318	cmp-a001-02-000000010764328	grp-a001-02-000000069047580	보충제	nad-a001-02-000000553654562	bsn-a001-00-000000013604308	08	06	529514	M	7	0	0	7	0
20260908	4291318	cmp-a001-02-000000010764328	grp-a001-02-000000069047580	단백질바	nad-a001-02-000000553654554	bsn-a001-00-000000013604308	08	02	529514	M	16	0	0	20	0
20260908	4291318	cmp-a001-02-000000010764328	grp-a001-02-000000072573876	추석선물세트	nad-a001-02-000000573683834	bsn-a001-00-000000013604308	08	15	529514	M	6	0	0	36	0
20260908	4291318	cmp-a001-02-000000010764328	grp-a001-02-000000069047580	하루견과세트	nad-a001-02-000000541753999	bsn-a001-00-000000013604308	08	99	684926	M	2	0	0	2	0
20260908	4291318	cmp-a001-02-000000010764328	grp-a001-02-000000069047580	젤리	nad-a001-02-000000541753985	bsn-a001-00-000000013604308	08	09	529514	M	6	0	0	6	0
20260908	4291318	cmp-a001-02-000000010764328	grp-a001-02-000000069047580	갓	nad-a001-02-000000541753999	bsn-a001-00-000000013604308	08	16	8753	M	2	0	0	3	0
20260908	4291318	cmp-a001-02-000000010764328	grp-a001-02-000000069047580	프로틴바	nad-a001-02-000000553654558	bsn-a001-00-000000013604308	08	99	8753	M	1	0	0	6	0
20260908	4291318	cmp-a001-02-000000010764328	grp-a001-02-000000069047580	하루견과	nad-a001-02-000000541753959	bsn-a001-00-000000013604308	08	15	8753	M	1	0	0	4	0
20260908	4291318	cmp-a001-02-000000010764328	grp-a001-02-000000069047580	견과세트	nad-a001-02-000000541753999	bsn-a001-00-000000013604308	08	09	768323	M	5	0	0	5	0
20260908	4291318	cmp-a001-02-000000010764328	grp-a001-02-000000069047580	프로틴	nad-a001-02-000000553654562	bsn-a001-00-000000013604308	08	02	768323	M	69	0	0	94	0
20260908	4291318	cmp-a001-02-000000010764328	grp-a001-02-000000072573876	추석선물세트	nad-a001-02-000000573683835	bsn-a001-00-000000013604308	08	18	529514	M	12	0	0	78	0
20260908	4291318	cmp-a001-02-000000010764328	grp-a001-02-000000069047580	사랑	nad-a001-02-000000553654559	bsn-a001-00-000000013604308	08	09	98128	M	3	0	0	18	0
20260908	4291318	cmp-a001-02-000000010764328	grp-a001-02-000000069047580	견과류세트	nad-a001-02-000000541753960	bsn-a001-00-000000013604308	08	01	8753	M	1	0	0	5	0
20260908	4291318	cmp-a001-02-000000010764328	grp-a001-02-000000072573876	라이프밀스토어	nad-a001-02-000000573683835	bsn-a001-00-000000013604308	08	08	8753	M	1	0	0	1	0
20260908	4291318	cmp-a001-02-000000010764328	grp-a001-02-000000069047580	프로틴	nad-a001-02-000000553654562	bsn-a001-00-000000013604308	08	00	768323	M	1	0	0	1	0
20260908	4291318	cmp-a001-02-000000010764328	grp-a001-02-000000069047580	단백질바	nad-a001-02-000000553654554	bsn-a001-00-000000013604308	08	03	529514	M	8	0	0	8	0
20260908	4291318	cmp-a001-02-000000010764328	grp-a001-02-000000069047580	하루견과	nad-a001-02-000000541753959	bsn-a001-00-000000013604308	08	02	529514	M	12	0	0	36	0
20260908	4291318	cmp-a001-02-000000010764328	grp-a001-02-000000069047580	하루견과	nad-a001-02-000000541753959	bsn-a001-00-000000013604308	08	04	798055	P	2	0	0	6	0
20260908	4291318	cmp-a001-02-000000010764328	grp-a001-02-000000069047580	사랑	nad-a001-02-000000553654559	bsn-a001-00-000000013604308	08	04	98128	M	1	0	0	6	0
20260908	4291318	cmp-a001-02-000000010764328	grp-a001-02-000000069047580	에너지바	nad-a001-02-000000553654559	bsn-a001-00-000000013604308	08	15	529514	M	2	0	0	6	0
20260908	4291318	cmp-a001-02-000000010764328	grp-a001-02-000000069047580	쉐이크	nad-a001-02-000000553654562	bsn-a001-00-000000013604308	08	15	529514	M	6	0	0	6	0
20260908	4291318	cmp-a001-02-000000010764328	grp-a001-02-000000069047580	갓	nad-a001-02-000000541753999	bsn-a001-00-000000013604308	08	09	27758	P	1	0	0	2	0
20260908	4291318	cmp-a001-02-000000010764328	grp-a001-02-000000069047580	하루견과	nad-a001-02-000000541753960	bsn-a001-00-000000013604308	08	07	8753	M	2	0	0	12	0
20260908	4291318	cmp-a001-02-000000010764328	grp-a001-02-000000069047580	좋은성분간식	nad-a001-02-000000553654554	bsn-a001-00-000000013604308	08	09	8753	M	1	0	0	3	0
20260908	4291318	cmp-a001-02-000000010764328	grp-a001-02-000000072573876	추석선물세트	nad-a001-02-000000573683835	bsn-a001-00-000000013604308	08	99	33421	M	1	0	0	4	0
20260908	4291318	cmp-a001-02-000000010764328	grp-a001-02-000000069047580	단백질바	nad-a001-02-000000553654554	bsn-a001-00-000000013604308	08	15	11068	P	1	0	0	4	0
20260908	4291318	cmp-a001-02-000000010764328	grp-a001-02-000000069047580	프로틴	nad-a001-02-000000553654562	bsn-a001-00-000000013604308	08	04	768323	M	15	0	0	20	0
20260908	4291318	cmp-a001-02-000000010764328	grp-a001-02-000000069047580	하루견과아몬드	nad-a001-02-000000541753999	bsn-a001-00-000000013604308	08	02	27758	P	1	0	0	1	0
20260908	4291318	cmp-a001-02-000000010764328	grp-a001-02-000000069047580	달지않는에너지바	nad-a001-02-000000553654554	bsn-a001-00-000000013604308	08	02	8753	M	1	0	0	3	0
20260908	4291318	cmp-a001-02-000000010764328	grp-a001-02-000000069047580	견과류	nad-a001-02-000000541753999	bsn-a001-00-000000013604308	08	02	684927	P	1	1	2271	1	0
20260908	4291318	cmp-a001-02-000000010764328	grp-a001-02-000000069047580	프로틴	nad-a001-02-000000553654562	bsn-a001-00-000000013604308	08	09	768323	M	158	0	0	211	0
20260908	4291318	cmp-a001-02-000000010764328	grp-a001-02-000000069047580	견과류	nad-a001-02-000000541753999	bsn-a001-00-000000013604308	08	01	8753	M	1	0	0	4	0
20260908	4291318	cmp-a001-02-000000010764328	grp-a001-02-000000069047580	견과류세트	nad-a001-02-000000541753960	bsn-a001-00-000000013604308	08	08	8753	M	1	0	0	4	0
20260908	4291318	cmp-a001-02-000000010764328	grp-a001-02-000000069047580	견과류	nad-a001-02-000000541753999	bsn-a001-00-000000013604308	08	99	87620	M	1	0	0	1	0
20260908	4291318	cmp-a001-02-000000010764328	grp-a001-02-000000069047580	견과류	nad-a001-02-000000541753999	bsn-a001-00-000000013604308	08	13	8753	M	2	0	0	3	0
20260908	4291318	cmp-a001-02-000000010764328	grp-a001-02-000000069047580	견과류	nad-a001-02-000000541753999	bsn-a001-00-000000013604308	08	03	529514	M	40	0	0	80	0
20260908	4291318	cmp-a001-02-000000010764328	grp-a001-02-000000069047580	견과류	nad-a001-02-000000541753959	bsn-a001-00-000000013604308	08	02	27758	P	1	0	0	3	0
20260908	4291318	cmp-a001-02-000000010764328	grp-a001-02-000000069047580	하루견과	nad-a001-02-000000541753999	bsn-a001-00-000000013604308	08	09	33421	M	2	1	2327	2	0
20260908	4291318	cmp-a001-02-000000010764328	grp-a001-02-000000069047580	하루견과푸르츠&베	nad-a001-02-000000541753959	bsn-a001-00-000000013604308	08	09	8753	M	1	0	0	3	0
20260908	4291318	cmp-a001-02-000000010764328	grp-a001-02-000000069047580	에너지바	nad-a001-02-000000553654558	bsn-a001-00-000000013604308	08	09	87620	M	1	0	0	2	0
20260908	4291318	cmp-a001-02-000000010764328	grp-a001-02-000000069047580	하루	nad-a001-02-000000541753959	bsn-a001-00-000000013604308	08	06	98128	M	3	0	0	3	0
20260908	4291318	cmp-a001-02-000000010764328	grp-a001-02-000000069047580	칼로리바	nad-a001-02-000000553654559	bsn-a001-00-000000013604308	08	02	8753	M	1	0	0	5	0
20260908	4291318	cmp-a001-02-000000010764328	grp-a001-02-000000069047580	프로틴	nad-a001-02-000000553654562	bsn-a001-00-000000013604308	08	03	768323	M	26	0	0	35	0
20260908	4291318	cmp-a001-02-000000010764328	grp-a001-02-000000069047580	견과류세트	nad-a001-02-000000541753959	bsn-a001-00-000000013604308	08	02	33421	M	1	0	0	3	0
20260908	4291318	cmp-a001-02-000000010764328	grp-a001-02-000000069047580	견과류30	nad-a001-02-000000541753999	bsn-a001-00-000000013604308	08	11	684926	M	1	0	0	1	0
20260908	4291318	cmp-a001-02-000000010764328	grp-a001-02-000000069047580	단백질바	nad-a001-02-000000553654559	bsn-a001-00-000000013604308	08	15	529514	M	2	0	0	6	0
20260908	4291318	cmp-a001-02-000000010764328	grp-a001-02-000000069047580	단백질바	nad-a001-02-000000553654558	bsn-a001-00-000000013604308	08	17	529514	M	8	0	0	16	0
20260908	4291318	cmp-a001-02-000000010764328	grp-a001-02-000000069047580	제천간식포장	nad-a001-02-000000541753999	bsn-a001-00-000000013604308	08	16	8753	M	1	0	0	1	0
20260908	4291318	cmp-a001-02-000000010764328	grp-a001-02-000000072573876	추석선물세트	nad-a001-02-000000573683834	bsn-a001-00-000000013604308	08	01	798055	P	1	0	0	10	0
20260908	4291318	cmp-a001-02-000000010764328	grp-a001-02-000000069047580	하루견과	nad-a001-02-000000541753960	bsn-a001-00-000000013604308	08	13	33421	M	3	0	0	8	0
20260908	4291318	cmp-a001-02-000000010764328	grp-a001-02-000000069047580	가루야가루야	nad-a001-02-000000541753996	bsn-a001-00-000000013604308	08	99	8753	M	1	0	0	4	0
20260908	4291318	cmp-a001-02-000000010764328	grp-a001-02-000000072573876	추석선물세트	nad-a001-02-000000573683835	bsn-a001-00-000000013604308	08	15	529514	M	5	0	0	32	0
20260908	4291318	cmp-a001-02-000000010764328	grp-a001-02-000000069047580	견과류	nad-a001-02-000000541753959	bsn-a001-00-000000013604308	08	13	684926	M	2	0	0	18	0
20260908	4291318	cmp-a001-02-000000010764328	grp-a001-02-000000069047580	다이어트쉐이크	nad-a001-02-000000553654562	bsn-a001-00-000000013604308	08	02	768323	M	4	0	0	5	0
20260908	4291318	cmp-a001-02-000000010764328	grp-a001-02-000000069047580	단백질바	nad-a001-02-000000553654558	bsn-a001-00-000000013604308	08	08	8753	M	1	0	0	6	0
20260908	4291318	cmp-a001-02-000000010764328	grp-a001-02-000000072573876	추석선물세트	nad-a001-02-000000573683834	bsn-a001-00-000000013604308	08	03	529514	M	32	0	0	192	0
20260908	4291318	cmp-a001-02-000000010764328	grp-a001-02-000000069047580	보충제	nad-a001-02-000000553654562	bsn-a001-00-000000013604308	08	18	529514	M	8	0	0	8	0
20260908	4291318	cmp-a001-02-000000010764328	grp-a001-02-000000069047580	프로틴바	nad-a001-02-000000553654559	bsn-a001-00-000000013604308	08	03	768323	M	1	0	0	4	0
20260908	4291318	cmp-a001-02-000000010764328	grp-a001-02-000000069047580	견과류	nad-a001-02-000000541753960	bsn-a001-00-000000013604308	08	04	529514	M	8	0	0	29	0
20260908	4291318	cmp-a001-02-000000010764328	grp-a001-02-000000069047580	단백질보충제	nad-a001-02-000000553654562	bsn-a001-00-000000013604308	08	03	529514	M	2	0	0	2	0
20260908	4291318	cmp-a001-02-000000010764328	grp-a001-02-000000069047580	견과류	nad-a001-02-000000541753999	bsn-a001-00-000000013604308	08	10	8753	M	1	0	0	2	0
20260908	4291318	cmp-a001-02-000000010764328	grp-a001-02-000000069047580	프로틴쉐이크	nad-a001-02-000000553654562	bsn-a001-00-000000013604308	08	07	529514	M	2	0	0	2	0
20260908	4291318	cmp-a001-02-000000010764328	grp-a001-02-000000072573876	추석선물세트추천	nad-a001-02-000000573683835	bsn-a001-00-000000013604308	08	09	8753	M	4	0	0	14	0
20260908	4291318	cmp-a001-02-000000010764328	grp-a001-02-000000069047580	단백질보충제	nad-a001-02-000000553654562	bsn-a001-00-000000013604308	08	02	529514	M	27	0	0	27	0
20260908	4291318	cmp-a001-02-000000010764328	grp-a001-02-000000069047580	프로틴바	nad-a001-02-000000553654559	bsn-a001-00-000000013604308	08	11	768323	M	3	0	0	11	0
20260908	4291318	cmp-a001-02-000000010764328	grp-a001-02-000000069047580	견과류먹으면좋은시간대	nad-a001-02-000000541753959	bsn-a001-00-000000013604308	08	08	8753	M	1	0	0	4	0
20260908	4291318	cmp-a001-02-000000010764328	grp-a001-02-000000069047580	하루견과	nad-a001-02-000000541753960	bsn-a001-00-000000013604308	08	08	529514	M	2	0	0	4	0
20260908	4291318	cmp-a001-02-000000010764328	grp-a001-02-000000069047580	견과류	nad-a001-02-000000541753959	bsn-a001-00-000000013604308	08	02	684926	M	2	0	0	9	0
20260908	4291318	cmp-a001-02-000000010764328	grp-a001-02-000000069047580	단백질바	nad-a001-02-000000553654554	bsn-a001-00-000000013604308	08	08	33421	M	1	0	0	4	0
20260908	4291318	cmp-a001-02-000000010764328	grp-a001-02-000000069047580	하루견과	nad-a001-02-000000541753959	bsn-a001-00-000000013604308	08	03	8753	M	3	0	0	11	0
20260908	4291318	cmp-a001-02-000000010764328	grp-a001-02-000000069047580	프로틴	nad-a001-02-000000553654562	bsn-a001-00-000000013604308	08	04	529514	M	5	0	0	5	0
20260908	4291318	cmp-a001-02-000000010764328	grp-a001-02-000000072573876	추석선물세트	nad-a001-02-000000573683834	bsn-a001-00-000000013604308	08	15	27758	P	1	0	0	1	0
20260908	4291318	cmp-a001-02-000000010764328	grp-a001-02-000000069047580	가루야가루야	nad-a001-02-000000541753997	bsn-a001-00-000000013604308	08	99	8753	M	1	0	0	2	0
20260908	4291318	cmp-a001-02-000000010764328	grp-a001-02-000000069047580	브랜드스토어	nad-a001-02-000000541753997	bsn-a001-00-000000013604308	08	07	684926	M	1	0	0	2	0
20260908	4291318	cmp-a001-02-000000010764328	grp-a001-02-000000069047580	단백질	nad-a001-02-000000553654562	bsn-a001-00-000000013604308	08	09	556927	P	1	0	0	1	0
20260908	4291318	cmp-a001-02-000000010764328	grp-a001-02-000000069047580	생식가루	nad-a001-02-000000541753997	bsn-a001-00-000000013604308	08	07	8753	M	2	0	0	3	0
20260908	4291318	cmp-a001-02-000000010764328	grp-a001-02-000000069047580	프로틴	nad-a001-02-000000553654562	bsn-a001-00-000000013604308	08	02	529514	M	45	0	0	45	0
20260908	4291318	cmp-a001-02-000000010764328	grp-a001-02-000000072573876	추석선물세트추천	nad-a001-02-000000573683835	bsn-a001-00-000000013604308	08	15	8753	M	1	0	0	4	0
20260908	4291318	cmp-a001-02-000000010764328	grp-a001-02-000000069047580	브랜드판매방법	nad-a001-02-000000541753996	bsn-a001-00-000000013604308	08	09	8753	M	1	0	0	2	0
20260908	4291318	cmp-a001-02-000000010764328	grp-a001-02-000000069047580	가루는	nad-a001-02-000000541754005	bsn-a001-00-000000013604308	08	09	609155	M	1	0	0	5	0
20260908	4291318	cmp-a001-02-000000010764328	grp-a001-02-000000069047580	쉐이크	nad-a001-02-000000553654562	bsn-a001-00-000000013604308	08	11	529514	M	5	0	0	5	0
20260908	4291318	cmp-a001-02-000000010764328	grp-a001-02-000000072573876	추석선물세트	nad-a001-02-000000573683834	bsn-a001-00-000000013604308	08	13	8753	M	1	0	0	3	0
20260908	4291318	cmp-a001-02-000000010764328	grp-a001-02-000000069047580	단백질바비교추천	nad-a001-02-000000553654558	bsn-a001-00-000000013604308	08	01	8753	M	1	0	0	5	0
20260908	4291318	cmp-a001-02-000000010764328	grp-a001-02-000000069047580	브랜드스토어	nad-a001-02-000000541753996	bsn-a001-00-000000013604308	08	07	684926	M	1	0	0	3	0
20260908	4291318	cmp-a001-02-000000010764328	grp-a001-02-000000069047580	원더플견과세트	nad-a001-02-000000541753959	bsn-a001-00-000000013604308	08	18	8753	M	1	0	0	4	0
20260908	4291318	cmp-a001-02-000000010764328	grp-a001-02-000000069047580	하루견과	nad-a001-02-000000541753960	bsn-a001-00-000000013604308	08	09	529514	M	14	0	0	33	0
20260908	4291318	cmp-a001-02-000000010764328	grp-a001-02-000000069047580	견과세트	nad-a001-02-000000541753959	bsn-a001-00-000000013604308	08	02	8753	M	1	0	0	5	0
20260908	4291318	cmp-a001-02-000000010764328	grp-a001-02-000000069047580	견과세트	nad-a001-02-000000541753959	bsn-a001-00-000000013604308	08	99	768323	M	1	0	0	2	0
20260908	4291318	cmp-a001-02-000000010764328	grp-a001-02-000000069047580	견과류세트	nad-a001-02-000000541753959	bsn-a001-00-000000013604308	08	02	11068	P	2	0	0	6	0
20260908	4291318	cmp-a001-02-000000010764328	grp-a001-02-000000069047580	단백질쉐이크	nad-a001-02-000000553654562	bsn-a001-00-000000013604308	08	17	529514	M	2	0	0	2	0
20260908	4291318	cmp-a001-02-000000010764328	grp-a001-02-000000069047580	하루	nad-a001-02-000000541753999	bsn-a001-00-000000013604308	08	00	137281	M	9	0	0	18	0
20260908	4291318	cmp-a001-02-000000010764328	grp-a001-02-000000069047580	프로틴바	nad-a001-02-000000553654554	bsn-a001-00-000000013604308	08	02	768323	M	1	0	0	1	0
20260908	4291318	cmp-a001-02-000000010764328	grp-a001-02-000000069047580	사랑이	nad-a001-02-000000553654559	bsn-a001-00-000000013604308	08	06	529514	M	1	0	0	8	0
20260908	4291318	cmp-a001-02-000000010764328	grp-a001-02-000000069047580	프로틴바	nad-a001-02-000000553654554	bsn-a001-00-000000013604308	08	02	529514	M	4	0	0	4	0
20260908	4291318	cmp-a001-02-000000010764328	grp-a001-02-000000069047580	프로틴바	nad-a001-02-000000553654558	bsn-a001-00-000000013604308	08	11	768323	M	3	0	0	6	0
20260908	4291318	cmp-a001-02-000000010764328	grp-a001-02-000000069047580	프로틴바	nad-a001-02-000000553654558	bsn-a001-00-000000013604308	08	99	529514	M	2	0	0	4	0
20260908	4291318	cmp-a001-02-000000010764328	grp-a001-02-000000069047580	견과류세트	nad-a001-02-000000541753959	bsn-a001-00-000000013604308	08	02	27758	P	1	0	0	3	0
20260908	4291318	cmp-a001-02-000000010764328	grp-a001-02-000000069047580	단백질	nad-a001-02-000000553654562	bsn-a001-00-000000013604308	08	06	529514	M	2	0	0	2	0
20260908	4291318	cmp-a001-02-000000010764328	grp-a001-02-000000069047580	가루	nad-a001-02-000000541753997	bsn-a001-00-000000013604308	08	09	8753	M	1	0	0	2	0
20260908	4291318	cmp-a001-02-000000010764328	grp-a001-02-000000069047580	견과	nad-a001-02-000000541753960	bsn-a001-00-000000013604308	08	11	33421	M	1	0	0	5	0
20260908	4291318	cmp-a001-02-000000010764328	grp-a001-02-000000069047580	하루	nad-a001-02-000000541753999	bsn-a001-00-000000013604308	08	03	137281	M	5	0	0	10	0
20260908	4291318	cmp-a001-02-000000010764328	grp-a001-02-000000069047580	하루견과	nad-a001-02-000000541753959	bsn-a001-00-000000013604308	08	03	33421	M	1	0	0	4	0
20260908	4291318	cmp-a001-02-000000010764328	grp-a001-02-000000072573876	추석선물세트	nad-a001-02-000000573683835	bsn-a001-00-000000013604308	08	10	529514	M	10	0	0	68	0
20260908	4291318	cmp-a001-02-000000010764328	grp-a001-02-000000069047580	이득자천연가루	nad-a001-02-000000541754004	bsn-a001-00-000000013604308	08	02	8753	M	1	0	0	3	0
20260908	4291318	cmp-a001-02-000000010764328	grp-a001-02-000000069047580	견과류	nad-a001-02-000000541753959	bsn-a001-00-000000013604308	08	03	612594	M	1	0	0	2	0
20260908	4291318	cmp-a001-02-000000010764328	grp-a001-02-000000069047580	하루	nad-a001-02-000000541753999	bsn-a001-00-000000013604308	08	02	137281	M	11	0	0	22	0
20260908	4291318	cmp-a001-02-000000010764328	grp-a001-02-000000069047580	에너지바	nad-a001-02-000000553654554	bsn-a001-00-000000013604308	08	99	33421	M	1	0	0	7	0
20260908	4291318	cmp-a001-02-000000010764328	grp-a001-02-000000069047580	단백질프로틴	nad-a001-02-000000553654562	bsn-a001-00-000000013604308	08	01	98128	M	2	0	0	2	0
20260908	4291318	cmp-a001-02-000000010764328	grp-a001-02-000000069047580	견과류세트	nad-a001-02-000000541753999	bsn-a001-00-000000013604308	08	02	8753	M	4	0	0	4	0
20260908	4291318	cmp-a001-02-000000010764328	grp-a001-02-000000069047580	견과류	nad-a001-02-000000541753960	bsn-a001-00-000000013604308	08	08	8753	M	2	0	0	15	0
20260908	4291318	cmp-a001-02-000000010764328	grp-a001-02-000000069047580	사랑	nad-a001-02-000000553654554	bsn-a001-00-000000013604308	08	99	98128	M	3	0	0	9	0
20260908	4291318	cmp-a001-02-000000010764328	grp-a001-02-000000069047580	황성주생식	nad-a001-02-000000541753996	bsn-a001-00-000000013604308	08	09	633013	M	1	0	0	3	0
20260908	4291318	cmp-a001-02-000000010764328	grp-a001-02-000000069047580	에너지바	nad-a001-02-000000553654559	bsn-a001-00-000000013604308	08	02	87620	M	2	0	0	8	0
20260908	4291318	cmp-a001-02-000000010764328	grp-a001-02-000000072573876	추석선물세트	nad-a001-02-000000573683834	bsn-a001-00-000000013604308	08	99	791888	M	1	0	0	7	0
20260908	4291318	cmp-a001-02-000000010764328	grp-a001-02-000000072573876	추석선물세트	nad-a001-02-000000573683835	bsn-a001-00-000000013604308	08	01	33421	M	1	0	0	2	0
20260908	4291318	cmp-a001-02-000000010764328	grp-a001-02-000000069047580	하루견과	nad-a001-02-000000541753999	bsn-a001-00-000000013604308	08	11	684926	M	1	0	0	3	0
20260908	4291318	cmp-a001-02-000000010764328	grp-a001-02-000000069047580	견과류	nad-a001-02-000000541753999	bsn-a001-00-000000013604308	08	16	27758	P	1	0	0	2	0
20260908	4291318	cmp-a001-02-000000010764328	grp-a001-02-000000072573876	추석선물세트	nad-a001-02-000000573683834	bsn-a001-00-000000013604308	08	04	529514	M	9	0	0	54	0
20260908	4291318	cmp-a001-02-000000010764328	grp-a001-02-000000072573876	추석얼리버드	nad-a001-02-000000573683835	bsn-a001-00-000000013604308	08	11	684926	M	2	0	0	4	0
20260908	4291318	cmp-a001-02-000000010764328	grp-a001-02-000000069047580	단백질바	nad-a001-02-000000553654559	bsn-a001-00-000000013604308	08	09	529514	M	54	0	0	188	0
20260908	4291318	cmp-a001-02-000000010764328	grp-a001-02-000000069047580	동결건조식품실생활	nad-a001-02-000000541754005	bsn-a001-00-000000013604308	08	02	8753	M	1	0	0	4	0
20260908	4291318	cmp-a001-02-000000010764328	grp-a001-02-000000069047580	견과	nad-a001-02-000000541753999	bsn-a001-00-000000013604308	08	15	27758	P	1	0	0	1	0
20260908	4291318	cmp-a001-02-000000010764328	grp-a001-02-000000069047580	스틱형가루굳음	nad-a001-02-000000541754005	bsn-a001-00-000000013604308	08	09	8753	M	1	0	0	5	0
20260908	4291318	cmp-a001-02-000000010764328	grp-a001-02-000000069047580	견과류	nad-a001-02-000000541753960	bsn-a001-00-000000013604308	08	15	529514	M	9	0	0	36	0
20260908	4291318	cmp-a001-02-000000010764328	grp-a001-02-000000069047580	단백질바	nad-a001-02-000000553654558	bsn-a001-00-000000013604308	08	08	33421	M	1	0	0	6	0
20260908	4291318	cmp-a001-02-000000010764328	grp-a001-02-000000069047580	단백질프로틴	nad-a001-02-000000553654562	bsn-a001-00-000000013604308	08	02	98128	M	8	0	0	8	0
20260908	4291318	cmp-a001-02-000000010764328	grp-a001-02-000000069047580	황성주생식	nad-a001-02-000000541753997	bsn-a001-00-000000013604308	17	15	424040	M	1	0	0	1	0
20260908	4291318	cmp-a001-02-000000010764328	grp-a001-02-000000069047580	생식	nad-a001-02-000000541753997	bsn-a001-00-000000013604308	20	11	424040	M	1	0	0	1	0
