20260906	4291318	cmp-a001-02-000000010764328	grp-a001-02-000000069047580	생식	nad-a001-02-000000541753997	bsn-a001-00-000000013604308	15	18	424040	M	1	0	0	1	0
20260906	4291318	cmp-a001-02-000000010764328	grp-a001-02-000000069047580	갓	nad-a001-02-000000541753960	bsn-a001-00-000000013604308	18	08	8753	M	1	0	0	2	0
20260906	4291318	cmp-a001-02-000000010764328	grp-a001-02-000000072573876	추석선물	nad-a001-02-000000573683834	bsn-a001-00-000000013604308	18	13	529514	M	26	0	0	288	0
20260906	4291318	cmp-a001-02-000000010764328	grp-a001-02-000000069047580	젤리	nad-a001-02-000000541753985	bsn-a001-00-000000013604308	18	11	684926	M	1	0	0	5	0
20260906	4291318	cmp-a001-02-000000010764328	grp-a001-02-000000069047580	하루견과	nad-a001-02-000000541753999	bsn-a001-00-000000013604308	18	02	33421	M	1	0	0	1	0
20260906	4291318	cmp-a001-02-000000010764328	grp-a001-02-000000069047580	스토어	nad-a001-02-000000541753996	bsn-a001-00-000000013604308	18	10	98128	M	1	0	0	2	0
20260906	4291318	cmp-a001-02-000000010764328	grp-a001-02-000000069047580	단백질보충제	nad-a001-02-000000553654562	bsn-a001-00-000000013604308	18	13	529514	M	2	0	0	8	0
20260906	4291318	cmp-a001-02-000000010764328	grp-a001-02-000000069047580	단백질	nad-a001-02-000000553654562	bsn-a001-00-000000013604308	18	02	529514	M	15	0	0	15	0
20260906	4291318	cmp-a001-02-000000010764328	grp-a001-02-000000069047580	견과세트	nad-a001-02-000000541753999	bsn-a001-00-000000013604308	18	08	768323	M	2	0	0	4	0
20260906	4291318	cmp-a001-02-000000010764328	grp-a001-02-000000072573876	추석선물세트추천	nad-a001-02-000000573683834	bsn-a001-00-000000013604308	18	08	8753	M	2	0	0	4	0
20260906	4291318	cmp-a001-02-000000010764328	grp-a001-02-000000069047580	하루견과	nad-a001-02-000000541753959	bsn-a001-00-000000013604308	18	15	684926	M	1	0	0	5	0
20260906	4291318	cmp-a001-02-000000010764328	grp-a001-02-000000069047580	프로틴쉐이크	nad-a001-02-000000553654562	bsn-a001-00-000000013604308	18	02	529514	M	2	0	0	6	0
20260906	4291318	cmp-a001-02-000000010764328	grp-a001-02-000000072573876	명절선물	nad-a001-02-000000573683835	bsn-a001-00-000000013604308	18	13	529514	M	1	0	0	11	0
20260906	4291318	cmp-a001-02-000000010764328	grp-a001-02-000000069047580	젤리	nad-a001-02-000000541753985	bsn-a001-00-000000013604308	18	99	529514	M	6	0	0	6	0
20260906	4291318	cmp-a001-02-000000010764328	grp-a001-02-000000072573876	추석선물세트	nad-a001-02-000000573683835	bsn-a001-00-000000013604308	18	16	684926	M	2	0	0	14	0
20260906	4291318	cmp-a001-02-000000010764328	grp-a001-02-000000069047580	사랑님	nad-a001-02-000000553654559	bsn-a001-00-000000013604308	18	04	529514	M	2	0	0	13	0
20260906	4291318	cmp-a001-02-000000010764328	grp-a001-02-000000072573876	추석선물세트	nad-a001-02-000000573683835	bsn-a001-00-000000013604308	18	18	529514	M	3	0	0	12	0
20260906	4291318	cmp-a001-02-000000010764328	grp-a001-02-000000069047580	하루견과	nad-a001-02-000000541753960	bsn-a001-00-000000013604308	18	18	8753	M	3	0	0	17	0
20260906	4291318	cmp-a001-02-000000010764328	grp-a001-02-000000069047580	사랑하고	nad-a001-02-000000553654558	bsn-a001-00-000000013604308	18	09	98128	M	1	0	0	4	0
20260906	4291318	cmp-a001-02-000000010764328	grp-a001-02-000000069047580	견과류+보관방법	nad-a001-02-000000541753999	bsn-a001-00-000000013604308	18	00	805759	P	1	0	0	3	0
20260906	4291318	cmp-a001-02-000000010764328	grp-a001-02-000000069047580	단백질쉐이크	nad-a001-02-000000553654562	bsn-a001-00-000000013604308	18	11	529514	M	2	0	0	2	0
20260906	4291318	cmp-a001-02-000000010764328	grp-a001-02-000000069047580	스토어	nad-a001-02-000000541753997	bsn-a001-00-000000013604308	18	06	335738	P	1	0	0	3	0
20260906	4291318	cmp-a001-02-000000010764328	grp-a001-02-000000069047580	견과류추천	nad-a001-02-000000541753959	bsn-a001-00-000000013604308	18	16	8753	M	1	0	0	3	0
20260906	4291318	cmp-a001-02-000000010764328	grp-a001-02-000000069047580	하루+견과류	nad-a001-02-000000541753960	bsn-a001-00-000000013604308	18	00	805759	P	1	0	0	3	0
20260906	4291318	cmp-a001-02-000000010764328	grp-a001-02-000000069047580	견과류	nad-a001-02-000000541753960	bsn-a001-00-000000013604308	18	18	8753	M	2	0	0	10	0
20260906	4291318	cmp-a001-02-000000010764328	grp-a001-02-000000069047580	프로틴바	nad-a001-02-000000553654559	bsn-a001-00-000000013604308	18	99	529514	M	12	0	0	54	0
20260906	4291318	cmp-a001-02-000000010764328	grp-a001-02-000000069047580	견과류세트	nad-a001-02-000000541753999	bsn-a001-00-000000013604308	18	08	529514	M	2	0	0	2	0
20260906	4291318	cmp-a001-02-000000010764328	grp-a001-02-000000072573876	추석선물세트	nad-a001-02-000000573683834	bsn-a001-00-000000013604308	18	02	874301	P	2	0	0	14	0
20260906	4291318	cmp-a001-02-000000010764328	grp-a001-02-000000072573876	추석선물일찍	nad-a001-02-000000573683835	bsn-a001-00-000000013604308	18	02	8753	M	1	0	0	2	0
20260906	4291318	cmp-a001-02-000000010764328	grp-a001-02-000000069047580	네이버스토어	nad-a001-02-000000541753997	bsn-a001-00-000000013604308	18	02	335738	P	1	0	0	2	0
20260906	4291318	cmp-a001-02-000000010764328	grp-a001-02-000000072573876	추석선물세트	nad-a001-02-000000573683834	bsn-a001-00-000000013604308	18	07	529514	M	1	0	0	3	0
20260906	4291318	cmp-a001-02-000000010764328	grp-a001-02-000000069047580	견과	nad-a001-02-000000541753959	bsn-a001-00-000000013604308	18	14	8753	M	1	0	0	3	0
20260906	4291318	cmp-a001-02-000000010764328	grp-a001-02-000000069047580	다이어트쉐이크	nad-a001-02-000000553654562	bsn-a001-00-000000013604308	18	15	684926	M	1	0	0	15	0
20260906	4291318	cmp-a001-02-000000010764328	grp-a001-02-000000069047580	단백질간식종류	nad-a001-02-000000553654554	bsn-a001-00-000000013604308	18	16	8753	M	1	0	0	2	0
20260906	4291318	cmp-a001-02-000000010764328	grp-a001-02-000000069047580	하루	nad-a001-02-000000541753960	bsn-a001-00-000000013604308	18	02	612594	M	10	0	0	30	0
20260906	4291318	cmp-a001-02-000000010764328	grp-a001-02-000000072573876	추석선물세트신상	nad-a001-02-000000573683835	bsn-a001-00-000000013604308	18	03	11068	P	1	0	0	2	0
20260906	4291318	cmp-a001-02-000000010764328	grp-a001-02-000000069047580	프로틴	nad-a001-02-000000553654562	bsn-a001-00-000000013604308	18	11	768323	M	2	0	0	3	0
20260906	4291318	cmp-a001-02-000000010764328	grp-a001-02-000000069047580	하루견과	nad-a001-02-000000541753959	bsn-a001-00-000000013604308	18	06	633013	M	2	0	0	2	0
20260906	4291318	cmp-a001-02-000000010764328	grp-a001-02-000000069047580	식사대용	nad-a001-02-000000553654562	bsn-a001-00-000000013604308	18	09	8753	M	1	0	0	4	0
20260906	4291318	cmp-a001-02-000000010764328	grp-a001-02-000000072573876	추석선물	nad-a001-02-000000573683834	bsn-a001-00-000000013604308	18	17	529514	M	7	0	0	79	0
20260906	4291318	cmp-a001-02-000000010764328	grp-a001-02-000000069047580	다이어트쉐이크	nad-a001-02-000000553654562	bsn-a001-00-000000013604308	18	04	529514	M	2	0	0	2	0
20260906	4291318	cmp-a001-02-000000010764328	grp-a001-02-000000069047580	단백질쉐이크	nad-a001-02-000000553654562	bsn-a001-00-000000013604308	18	00	529514	M	2	0	0	2	0
20260906	4291318	cmp-a001-02-000000010764328	grp-a001-02-000000069047580	프로틴바	nad-a001-02-000000553654554	bsn-a001-00-000000013604308	18	09	27758	P	3	0	0	7	0
20260906	4291318	cmp-a001-02-000000010764328	grp-a001-02-000000069047580	스토어	nad-a001-02-000000541754004	bsn-a001-00-000000013604308	18	00	248824	P	11	0	0	11	0
20260906	4291318	cmp-a001-02-000000010764328	grp-a001-02-000000069047580	프로틴바	nad-a001-02-000000553654554	bsn-a001-00-000000013604308	18	02	529514	M	11	0	0	11	0
20260906	4291318	cmp-a001-02-000000010764328	grp-a001-02-000000069047580	견과류	nad-a001-02-000000541753959	bsn-a001-00-000000013604308	18	18	137281	M	1	0	0	2	0
20260906	4291318	cmp-a001-02-000000010764328	grp-a001-02-000000069047580	칼로리바	nad-a001-02-000000553654558	bsn-a001-00-000000013604308	18	09	27758	P	2	0	0	4	0
20260906	4291318	cmp-a001-02-000000010764328	grp-a001-02-000000069047580	하루견과	nad-a001-02-000000541753959	bsn-a001-00-000000013604308	18	03	11068	P	1	0	0	3	0
20260906	4291318	cmp-a001-02-000000010764328	grp-a001-02-000000069047580	단백질바	nad-a001-02-000000553654559	bsn-a001-00-000000013604308	18	10	529514	M	8	0	0	36	0
20260906	4291318	cmp-a001-02-000000010764328	grp-a001-02-000000072573876	추석선물세트	nad-a001-02-000000573683835	bsn-a001-00-000000013604308	18	09	87620	M	1	0	0	3	0
20260906	4291318	cmp-a001-02-000000010764328	grp-a001-02-000000069047580	스토어	nad-a001-02-000000541753996	bsn-a001-00-000000013604308	18	11	98128	M	3	0	0	6	0
20260906	4291318	cmp-a001-02-000000010764328	grp-a001-02-000000069047580	사랑	nad-a001-02-000000553654559	bsn-a001-00-000000013604308	18	04	98128	M	1	0	0	5	0
20260906	4291318	cmp-a001-02-000000010764328	grp-a001-02-000000069047580	프로틴	nad-a001-02-000000553654562	bsn-a001-00-000000013604308	18	04	768323	M	6	0	0	11	0
20260906	4291318	cmp-a001-02-000000010764328	grp-a001-02-000000069047580	견과류	nad-a001-02-000000541753959	bsn-a001-00-000000013604308	18	13	529514	M	10	0	0	20	0
20260906	4291318	cmp-a001-02-000000010764328	grp-a001-02-000000069047580	젤리	nad-a001-02-000000541753985	bsn-a001-00-000000013604308	18	02	529514	M	7	0	0	7	0
20260906	4291318	cmp-a001-02-000000010764328	grp-a001-02-000000069047580	프로틴	nad-a001-02-000000553654562	bsn-a001-00-000000013604308	18	15	529514	M	19	0	0	19	0
20260906	4291318	cmp-a001-02-000000010764328	grp-a001-02-000000069047580	단백질	nad-a001-02-000000553654562	bsn-a001-00-000000013604308	18	09	27758	P	2	0	0	4	0
20260906	4291318	cmp-a001-02-000000010764328	grp-a001-02-000000069047580	생식가루	nad-a001-02-000000541753997	bsn-a001-00-000000013604308	18	03	8753	M	1	0	0	5	0
20260906	4291318	cmp-a001-02-000000010764328	grp-a001-02-000000069047580	견과류어디게좋을까?	nad-a001-02-000000541753959	bsn-a001-00-000000013604308	18	09	8753	M	1	0	0	3	0
20260906	4291318	cmp-a001-02-000000010764328	grp-a001-02-000000069047580	가루	nad-a001-02-000000541753988	bsn-a001-00-000000013604308	18	09	98128	M	4	0	0	36	0
20260906	4291318	cmp-a001-02-000000010764328	grp-a001-02-000000072573876	추석선물	nad-a001-02-000000573683834	bsn-a001-00-000000013604308	18	06	529514	M	2	0	0	22	0
20260906	4291318	cmp-a001-02-000000010764328	grp-a001-02-000000072573876	추석선물세트추천	nad-a001-02-000000573683835	bsn-a001-00-000000013604308	18	18	684926	M	2	0	0	8	0
20260906	4291318	cmp-a001-02-000000010764328	grp-a001-02-000000069047580	견과류세트	nad-a001-02-000000541753959	bsn-a001-00-000000013604308	18	09	529514	M	25	0	0	50	0
20260906	4291318	cmp-a001-02-000000010764328	grp-a001-02-000000069047580	쉐이크	nad-a001-02-000000553654562	bsn-a001-00-000000013604308	18	16	529514	M	10	0	0	13	0
20260906	4291318	cmp-a001-02-000000010764328	grp-a001-02-000000069047580	견과세트	nad-a001-02-000000541753960	bsn-a001-00-000000013604308	18	09	684925	P	2	0	0	2	0
20260906	4291318	cmp-a001-02-000000010764328	grp-a001-02-000000069047580	단백질쉐이크	nad-a001-02-000000553654562	bsn-a001-00-000000013604308	18	03	529514	M	16	0	0	16	0
20260906	4291318	cmp-a001-02-000000010764328	grp-a001-02-000000072573876	추석선물세트	nad-a001-02-000000573683834	bsn-a001-00-000000013604308	18	03	529514	M	13	0	0	39	0
20260906	4291318	cmp-a001-02-000000010764328	grp-a001-02-000000069047580	단백질	nad-a001-02-000000553654562	bsn-a001-00-000000013604308	18	17	684927	P	1	0	0	10	0
20260906	4291318	cmp-a001-02-000000010764328	grp-a001-02-000000069047580	하루	nad-a001-02-000000541753960	bsn-a001-00-000000013604308	18	03	805760	M	2	0	0	6	0
20260906	4291318	cmp-a001-02-000000010764328	grp-a001-02-000000069047580	단백질바	nad-a001-02-000000553654554	bsn-a001-00-000000013604308	18	04	8753	M	1	0	0	4	0
20260906	4291318	cmp-a001-02-000000010764328	grp-a001-02-000000069047580	프로틴	nad-a001-02-000000553654562	bsn-a001-00-000000013604308	18	14	529514	M	1	0	0	1	0
20260906	4291318	cmp-a001-02-000000010764328	grp-a001-02-000000069047580	하루+견과류	nad-a001-02-000000541753959	bsn-a001-00-000000013604308	18	00	805759	P	1	0	0	1	0
20260906	4291318	cmp-a001-02-000000010764328	grp-a001-02-000000069047580	단백질바	nad-a001-02-000000553654559	bsn-a001-00-000000013604308	18	16	529514	M	2	0	0	9	0
20260906	4291318	cmp-a001-02-000000010764328	grp-a001-02-000000069047580	하루견과	nad-a001-02-000000541753960	bsn-a001-00-000000013604308	18	09	87620	M	1	0	0	2	0
20260906	4291318	cmp-a001-02-000000010764328	grp-a001-02-000000069047580	에너지바	nad-a001-02-000000553654554	bsn-a001-00-000000013604308	18	06	8753	M	1	0	0	4	0
20260906	4291318	cmp-a001-02-000000010764328	grp-a001-02-000000069047580	하루	nad-a001-02-000000541753999	bsn-a001-00-000000013604308	18	15	137281	M	33	0	0	66	0
20260906	4291318	cmp-a001-02-000000010764328	grp-a001-02-000000072573876	추석선물세트추천	nad-a001-02-000000573683835	bsn-a001-00-000000013604308	18	18	8753	M	1	0	0	4	0
20260906	4291318	cmp-a001-02-000000010764328	grp-a001-02-000000069047580	단백질	nad-a001-02-000000553654562	bsn-a001-00-000000013604308	18	13	335738	P	2	0	0	2	0
20260906	4291318	cmp-a001-02-000000010764328	grp-a001-02-000000069047580	프로틴	nad-a001-02-000000553654562	bsn-a001-00-000000013604308	18	13	529514	M	1	0	0	1	0
20260906	4291318	cmp-a001-02-000000010764328	grp-a001-02-000000069047580	다이어트쉐이크	nad-a001-02-000000553654562	bsn-a001-00-000000013604308	18	09	768323	M	5	0	0	11	0
20260906	4291318	cmp-a001-02-000000010764328	grp-a001-02-000000069047580	에너지바	nad-a001-02-000000553654554	bsn-a001-00-000000013604308	18	15	529514	M	6	0	0	6	0
20260906	4291318	cmp-a001-02-000000010764328	grp-a001-02-000000069047580	프로틴바	nad-a001-02-000000553654559	bsn-a001-00-000000013604308	18	11	529514	M	2	0	0	9	0
20260906	4291318	cmp-a001-02-000000010764328	grp-a001-02-000000069047580	사랑	nad-a001-02-000000553654554	bsn-a001-00-000000013604308	18	16	98128	M	1	0	0	3	0
20260906	4291318	cmp-a001-02-000000010764328	grp-a001-02-000000069047580	견과류	nad-a001-02-000000541753999	bsn-a001-00-000000013604308	18	01	8753	M	1	0	0	2	0
20260906	4291318	cmp-a001-02-000000010764328	grp-a001-02-000000069047580	칼로리바말차초코	nad-a001-02-000000553654559	bsn-a001-00-000000013604308	18	08	8753	M	1	0	0	2	0
20260906	4291318	cmp-a001-02-000000010764328	grp-a001-02-000000069047580	황성주생식라이프밀	nad-a001-02-000000541753996	bsn-a001-00-000000013604308	18	14	612594	M	1	0	0	3	0
20260906	4291318	cmp-a001-02-000000010764328	grp-a001-02-000000072573876	추석선물세트	nad-a001-02-000000573683834	bsn-a001-00-000000013604308	18	15	8753	M	4	1	8355	12	0
20260906	4291318	cmp-a001-02-000000010764328	grp-a001-02-000000069047580	젤리	nad-a001-02-000000541753985	bsn-a001-00-000000013604308	18	11	137281	M	16	0	0	29	0
20260906	4291318	cmp-a001-02-000000010764328	grp-a001-02-000000069047580	견과류세트	nad-a001-02-000000541753999	bsn-a001-00-000000013604308	18	13	529514	M	2	0	0	2	0
20260906	4291318	cmp-a001-02-000000010764328	grp-a001-02-000000072573876	추석선물	nad-a001-02-000000573683834	bsn-a001-00-000000013604308	18	99	529514	M	39	0	0	435	0
20260906	4291318	cmp-a001-02-000000010764328	grp-a001-02-000000069047580	단백질파우더	nad-a001-02-000000553654562	bsn-a001-00-000000013604308	18	99	529514	M	4	0	0	18	0
20260906	4291318	cmp-a001-02-000000010764328	grp-a001-02-000000069047580	곡물프로틴쉐이크	nad-a001-02-000000553654562	bsn-a001-00-000000013604308	18	09	791888	M	1	0	0	1	0
20260906	4291318	cmp-a001-02-000000010764328	grp-a001-02-000000069047580	견과류	nad-a001-02-000000541753959	bsn-a001-00-000000013604308	18	99	684926	M	6	0	0	22	0
20260906	4291318	cmp-a001-02-000000010764328	grp-a001-02-000000069047580	칼로리바	nad-a001-02-000000553654558	bsn-a001-00-000000013604308	18	08	8753	M	1	0	0	3	0
20260906	4291318	cmp-a001-02-000000010764328	grp-a001-02-000000069047580	갓	nad-a001-02-000000541753999	bsn-a001-00-000000013604308	18	02	8753	M	3	0	0	4	0
20260906	4291318	cmp-a001-02-000000010764328	grp-a001-02-000000069047580	하루	nad-a001-02-000000541753960	bsn-a001-00-000000013604308	18	99	612594	M	3	0	0	9	0
20260906	4291318	cmp-a001-02-000000010764328	grp-a001-02-000000069047580	황성주생식	nad-a001-02-000000541753997	bsn-a001-00-000000013604308	18	02	8753	M	2	0	0	11	0
20260906	4291318	cmp-a001-02-000000010764328	grp-a001-02-000000069047580	프로틴바	nad-a001-02-000000553654559	bsn-a001-00-000000013604308	18	01	529514	M	18	0	0	81	0
20260906	4291318	cmp-a001-02-000000010764328	grp-a001-02-000000069047580	견과류	nad-a001-02-000000541753999	bsn-a001-00-000000013604308	18	04	8753	M	3	0	0	7	0
20260906	4291318	cmp-a001-02-000000010764328	grp-a001-02-000000069047580	에너지바	nad-a001-02-000000553654559	bsn-a001-00-000000013604308	18	99	529514	M	2	0	0	6	0
20260906	4291318	cmp-a001-02-000000010764328	grp-a001-02-000000069047580	스토어	nad-a001-02-000000541753996	bsn-a001-00-000000013604308	18	07	98128	M	1	0	0	2	0
20260906	4291318	cmp-a001-02-000000010764328	grp-a001-02-000000069047580	봉지견과류	nad-a001-02-000000541753959	bsn-a001-00-000000013604308	18	02	8753	M	1	0	0	3	0
20260906	4291318	cmp-a001-02-000000010764328	grp-a001-02-000000069047580	갓	nad-a001-02-000000541753960	bsn-a001-00-000000013604308	18	09	27758	P	1	0	0	3	0
20260906	4291318	cmp-a001-02-000000010764328	grp-a001-02-000000069047580	견과류이름종류	nad-a001-02-000000541753959	bsn-a001-00-000000013604308	18	02	8753	M	1	0	0	3	0
20260906	4291318	cmp-a001-02-000000010764328	grp-a001-02-000000069047580	하루견과	nad-a001-02-000000541753959	bsn-a001-00-000000013604308	18	11	33421	M	1	0	0	2	0
20260906	4291318	cmp-a001-02-000000010764328	grp-a001-02-000000069047580	하루견과	nad-a001-02-000000541753960	bsn-a001-00-000000013604308	18	16	8753	M	2	0	0	11	0
20260906	4291318	cmp-a001-02-000000010764328	grp-a001-02-000000069047580	젤리	nad-a001-02-000000541753985	bsn-a001-00-000000013604308	18	10	768323	M	1	0	0	1	0
20260906	4291318	cmp-a001-02-000000010764328	grp-a001-02-000000069047580	견과류+보관방법	nad-a001-02-000000541753959	bsn-a001-00-000000013604308	18	00	805759	P	1	0	0	1	0
20260906	4291318	cmp-a001-02-000000010764328	grp-a001-02-000000069047580	견과세트	nad-a001-02-000000541753959	bsn-a001-00-000000013604308	18	07	768323	M	2	0	0	2	0
20260906	4291318	cmp-a001-02-000000010764328	grp-a001-02-000000069047580	사랑님	nad-a001-02-000000553654554	bsn-a001-00-000000013604308	18	02	529514	M	2	0	0	2	0
20260906	4291318	cmp-a001-02-000000010764328	grp-a001-02-000000069047580	단백질단백질보충제	nad-a001-02-000000553654562	bsn-a001-00-000000013604308	18	02	11068	P	1	0	0	3	0
20260906	4291318	cmp-a001-02-000000010764328	grp-a001-02-000000069047580	단백질쉐이크	nad-a001-02-000000553654562	bsn-a001-00-000000013604308	18	07	529514	M	5	0	0	5	0
20260906	4291318	cmp-a001-02-000000010764328	grp-a001-02-000000069047580	하루견과	nad-a001-02-000000541753959	bsn-a001-00-000000013604308	18	99	529514	M	1	0	0	3	0
20260906	4291318	cmp-a001-02-000000010764328	grp-a001-02-000000072573876	명절선물	nad-a001-02-000000573683835	bsn-a001-00-000000013604308	18	02	8753	M	1	0	0	15	0
20260906	4291318	cmp-a001-02-000000010764328	grp-a001-02-000000069047580	사랑님	nad-a001-02-000000553654559	bsn-a001-00-000000013604308	18	13	529514	M	14	0	0	91	0
20260906	4291318	cmp-a001-02-000000010764328	grp-a001-02-000000069047580	단백질	nad-a001-02-000000553654562	bsn-a001-00-000000013604308	18	09	8753	M	1	0	0	4	0
20260906	4291318	cmp-a001-02-000000010764328	grp-a001-02-000000069047580	견과류	nad-a001-02-000000541753999	bsn-a001-00-000000013604308	18	18	8753	M	4	0	0	8	0
20260906	4291318	cmp-a001-02-000000010764328	grp-a001-02-000000072573876	추석선물세트	nad-a001-02-000000573683834	bsn-a001-00-000000013604308	18	10	529514	M	2	0	0	7	0
20260906	4291318	cmp-a001-02-000000010764328	grp-a001-02-000000069047580	견과	nad-a001-02-000000541753960	bsn-a001-00-000000013604308	18	02	8753	M	1	0	0	4	0
20260906	4291318	cmp-a001-02-000000010764328	grp-a001-02-000000069047580	견과류세트	nad-a001-02-000000541753959	bsn-a001-00-000000013604308	18	08	529514	M	2	0	0	4	0
20260906	4291318	cmp-a001-02-000000010764328	grp-a001-02-000000069047580	견과류세트	nad-a001-02-000000541753999	bsn-a001-00-000000013604308	18	02	8753	M	3	0	0	3	0
20260906	4291318	cmp-a001-02-000000010764328	grp-a001-02-000000072573876	추석선물세트	nad-a001-02-000000573683834	bsn-a001-00-000000013604308	18	02	33421	M	3	0	0	9	0
20260906	4291318	cmp-a001-02-000000010764328	grp-a001-02-000000069047580	견과류추천	nad-a001-02-000000541753999	bsn-a001-00-000000013604308	18	14	8753	M	2	0	0	4	0
20260906	4291318	cmp-a001-02-000000010764328	grp-a001-02-000000069047580	스토어	nad-a001-02-000000541753997	bsn-a001-00-000000013604308	18	11	98128	M	3	0	0	12	0
20260906	4291318	cmp-a001-02-000000010764328	grp-a001-02-000000069047580	단백질보충제	nad-a001-02-000000553654562	bsn-a001-00-000000013604308	18	11	8753	M	1	0	0	10	0
20260906	4291318	cmp-a001-02-000000010764328	grp-a001-02-000000069047580	갓	nad-a001-02-000000541753999	bsn-a001-00-000000013604308	18	10	684924	M	1	0	0	1	0
20260906	4291318	cmp-a001-02-000000010764328	grp-a001-02-000000072573876	추석선물	nad-a001-02-000000573683835	bsn-a001-00-000000013604308	18	18	529514	M	8	0	0	95	0
20260906	4291318	cmp-a001-02-000000010764328	grp-a001-02-000000069047580	단백질	nad-a001-02-000000553654562	bsn-a001-00-000000013604308	18	03	8753	M	1	0	0	2	0
20260906	4291318	cmp-a001-02-000000010764328	grp-a001-02-000000069047580	견과류+보관방법	nad-a001-02-000000541753960	bsn-a001-00-000000013604308	18	00	805759	P	1	0	0	4	0
20260906	4291318	cmp-a001-02-000000010764328	grp-a001-02-000000072573876	추석선물세트	nad-a001-02-000000573683834	bsn-a001-00-000000013604308	18	01	33421	M	1	0	0	5	0
20260906	4291318	cmp-a001-02-000000010764328	grp-a001-02-000000072573876	추석선물세트	nad-a001-02-000000573683835	bsn-a001-00-000000013604308	18	08	8753	M	2	0	0	8	0
20260906	4291318	cmp-a001-02-000000010764328	grp-a001-02-000000069047580	프로틴	nad-a001-02-000000553654562	bsn-a001-00-000000013604308	18	99	33421	M	2	0	0	9	0
20260906	4291318	cmp-a001-02-000000010764328	grp-a001-02-000000072573876	추석선물세트	nad-a001-02-000000573683835	bsn-a001-00-000000013604308	18	03	529514	M	14	0	0	49	0
20260906	4291318	cmp-a001-02-000000010764328	grp-a001-02-000000069047580	프로틴바	nad-a001-02-000000553654554	bsn-a001-00-000000013604308	18	15	529514	M	2	0	0	2	0
20260906	4291318	cmp-a001-02-000000010764328	grp-a001-02-000000069047580	견과류	nad-a001-02-000000541753999	bsn-a001-00-000000013604308	18	09	529514	M	232	0	0	236	0
20260906	4291318	cmp-a001-02-000000010764328	grp-a001-02-000000069047580	프로틴바	nad-a001-02-000000553654559	bsn-a001-00-000000013604308	18	09	768323	M	1	0	0	5	0
20260906	4291318	cmp-a001-02-000000010764328	grp-a001-02-000000069047580	갓	nad-a001-02-000000541753999	bsn-a001-00-000000013604308	18	09	11068	P	1	0	0	1	0
20260906	4291318	cmp-a001-02-000000010764328	grp-a001-02-000000069047580	칼로리바	nad-a001-02-000000553654558	bsn-a001-00-000000013604308	18	00	8753	M	1	0	0	3	0
20260906	4291318	cmp-a001-02-000000010764328	grp-a001-02-000000069047580	견과세트	nad-a001-02-000000541753999	bsn-a001-00-000000013604308	18	01	768323	M	2	0	0	4	0
20260906	4291318	cmp-a001-02-000000010764328	grp-a001-02-000000069047580	하루	nad-a001-02-000000541753959	bsn-a001-00-000000013604308	18	11	612594	M	3	0	0	6	0
20260906	4291318	cmp-a001-02-000000010764328	grp-a001-02-000000069047580	프로틴바	nad-a001-02-000000553654554	bsn-a001-00-000000013604308	18	11	529514	M	2	0	0	2	0
20260906	4291318	cmp-a001-02-000000010764328	grp-a001-02-000000069047580	견과류	nad-a001-02-000000541753959	bsn-a001-00-000000013604308	18	09	633013	M	2	0	0	2	0
20260906	4291318	cmp-a001-02-000000010764328	grp-a001-02-000000069047580	견과	nad-a001-02-000000541753999	bsn-a001-00-000000013604308	18	09	529514	M	13	0	0	26	0
20260906	4291318	cmp-a001-02-000000010764328	grp-a001-02-000000072573876	추석선물세트	nad-a001-02-000000573683835	bsn-a001-00-000000013604308	18	16	529514	M	5	0	0	19	0
20260906	4291318	cmp-a001-02-000000010764328	grp-a001-02-000000069047580	하루견과	nad-a001-02-000000541753999	bsn-a001-00-000000013604308	18	03	11068	P	1	0	0	1	0
20260906	4291318	cmp-a001-02-000000010764328	grp-a001-02-000000069047580	사랑	nad-a001-02-000000553654559	bsn-a001-00-000000013604308	18	02	98128	M	4	0	0	20	0
20260906	4291318	cmp-a001-02-000000010764328	grp-a001-02-000000069047580	견과류추천	nad-a001-02-000000541753999	bsn-a001-00-000000013604308	18	09	8753	M	3	0	0	6	0
20260906	4291318	cmp-a001-02-000000010764328	grp-a001-02-000000069047580	단백질쉐이크	nad-a001-02-000000553654562	bsn-a001-00-000000013604308	18	17	529514	M	4	0	0	4	0
20260906	4291318	cmp-a001-02-000000010764328	grp-a001-02-000000069047580	단백질	nad-a001-02-000000553654562	bsn-a001-00-000000013604308	18	03	98128	M	8	0	0	8	0
20260906	4291318	cmp-a001-02-000000010764328	grp-a001-02-000000069047580	프로틴바	nad-a001-02-000000553654558	bsn-a001-00-000000013604308	18	08	529514	M	12	0	0	24	0
20260906	4291318	cmp-a001-02-000000010764328	grp-a001-02-000000069047580	견과류	nad-a001-02-000000541753960	bsn-a001-00-000000013604308	18	03	8753	M	3	0	0	14	0
20260906	4291318	cmp-a001-02-000000010764328	grp-a001-02-000000069047580	단백질	nad-a001-02-000000553654562	bsn-a001-00-000000013604308	18	02	684924	M	1	0	0	1	0
20260906	4291318	cmp-a001-02-000000010764328	grp-a001-02-000000069047580	칼로리	nad-a001-02-000000553654558	bsn-a001-00-000000013604308	18	14	612594	M	1	0	0	2	0
20260906	4291318	cmp-a001-02-000000010764328	grp-a001-02-000000069047580	단백질	nad-a001-02-000000553654562	bsn-a001-00-000000013604308	18	08	684924	M	1	0	0	1	0
20260906	4291318	cmp-a001-02-000000010764328	grp-a001-02-000000069047580	프로틴바	nad-a001-02-000000553654558	bsn-a001-00-000000013604308	18	09	98128	M	2	0	0	4	0
20260906	4291318	cmp-a001-02-000000010764328	grp-a001-02-000000072573876	명절선물	nad-a001-02-000000573683835	bsn-a001-00-000000013604308	18	15	529514	M	4	0	0	47	0
20260906	4291318	cmp-a001-02-000000010764328	grp-a001-02-000000069047580	갓	nad-a001-02-000000541753999	bsn-a001-00-000000013604308	18	03	684926	M	1	0	0	1	0
20260906	4291318	cmp-a001-02-000000010764328	grp-a001-02-000000069047580	단백질쉐이크추천	nad-a001-02-000000553654562	bsn-a001-00-000000013604308	18	09	612594	M	1	0	0	4	0
20260906	4291318	cmp-a001-02-000000010764328	grp-a001-02-000000069047580	단백질바	nad-a001-02-000000553654559	bsn-a001-00-000000013604308	18	09	684926	M	1	0	0	12	0
20260906	4291318	cmp-a001-02-000000010764328	grp-a001-02-000000069047580	에너지바	nad-a001-02-000000553654558	bsn-a001-00-000000013604308	18	02	529514	M	9	0	0	18	0
20260906	4291318	cmp-a001-02-000000010764328	grp-a001-02-000000069047580	프로틴바	nad-a001-02-000000553654554	bsn-a001-00-000000013604308	18	04	8753	M	1	0	0	5	0
20260906	4291318	cmp-a001-02-000000010764328	grp-a001-02-000000069047580	칼로리바가격	nad-a001-02-000000553654554	bsn-a001-00-000000013604308	18	09	8753	M	1	0	0	2	0
20260906	4291318	cmp-a001-02-000000010764328	grp-a001-02-000000072573876	명절선물	nad-a001-02-000000573683834	bsn-a001-00-000000013604308	18	02	529514	M	3	0	0	33	0
20260906	4291318	cmp-a001-02-000000010764328	grp-a001-02-000000069047580	견과류	nad-a001-02-000000541753959	bsn-a001-00-000000013604308	18	08	33421	M	2	0	0	8	0
20260906	4291318	cmp-a001-02-000000010764328	grp-a001-02-000000072573876	추석선물세트	nad-a001-02-000000573683834	bsn-a001-00-000000013604308	18	02	8753	M	5	0	0	21	0
20260906	4291318	cmp-a001-02-000000010764328	grp-a001-02-000000069047580	견과류	nad-a001-02-000000541753959	bsn-a001-00-000000013604308	18	04	529514	M	20	0	0	40	0
20260906	4291318	cmp-a001-02-000000010764328	grp-a001-02-000000069047580	스토어	nad-a001-02-000000541753996	bsn-a001-00-000000013604308	18	08	98128	M	4	0	0	8	0
20260906	4291318	cmp-a001-02-000000010764328	grp-a001-02-000000072573876	명절선물	nad-a001-02-000000573683835	bsn-a001-00-000000013604308	18	02	341898	M	1	0	0	3	0
20260906	4291318	cmp-a001-02-000000010764328	grp-a001-02-000000069047580	견과류	nad-a001-02-000000541753959	bsn-a001-00-000000013604308	18	14	529514	M	18	0	0	34	0
20260906	4291318	cmp-a001-02-000000010764328	grp-a001-02-000000069047580	에너지바	nad-a001-02-000000553654554	bsn-a001-00-000000013604308	18	02	8753	M	2	0	0	8	0
20260906	4291318	cmp-a001-02-000000010764328	grp-a001-02-000000069047580	사랑님	nad-a001-02-000000553654558	bsn-a001-00-000000013604308	18	02	529514	M	2	0	0	6	0
20260906	4291318	cmp-a001-02-000000010764328	grp-a001-02-000000069047580	하루	nad-a001-02-000000541753959	bsn-a001-00-000000013604308	18	03	612594	M	5	0	0	10	0
20260906	4291318	cmp-a001-02-000000010764328	grp-a001-02-000000069047580	견과류	nad-a001-02-000000541753960	bsn-a001-00-000000013604308	18	08	33421	M	2	0	0	11	0
20260906	4291318	cmp-a001-02-000000010764328	grp-a001-02-000000069047580	하루	nad-a001-02-000000541753960	bsn-a001-00-000000013604308	18	09	805760	M	2	0	0	6	0
20260906	4291318	cmp-a001-02-000000010764328	grp-a001-02-000000069047580	단백질바	nad-a001-02-000000553654554	bsn-a001-00-000000013604308	18	13	8753	M	1	0	0	6	0
20260906	4291318	cmp-a001-02-000000010764328	grp-a001-02-000000069047580	다이어트쉐이크	nad-a001-02-000000553654562	bsn-a001-00-000000013604308	18	09	529514	M	6	0	0	6	0
20260906	4291318	cmp-a001-02-000000010764328	grp-a001-02-000000069047580	단백질바	nad-a001-02-000000553654554	bsn-a001-00-000000013604308	18	07	8753	M	1	0	0	7	0
20260906	4291318	cmp-a001-02-000000010764328	grp-a001-02-000000069047580	견과류	nad-a001-02-000000541753959	bsn-a001-00-000000013604308	18	17	529514	M	4	0	0	8	0
20260906	4291318	cmp-a001-02-000000010764328	grp-a001-02-000000069047580	하루견과	nad-a001-02-000000541753999	bsn-a001-00-000000013604308	18	08	33421	M	1	0	0	1	0
20260906	4291318	cmp-a001-02-000000010764328	grp-a001-02-000000072573876	추석선물세트	nad-a001-02-000000573683835	bsn-a001-00-000000013604308	18	01	8753	M	3	0	0	11	0
20260906	4291318	cmp-a001-02-000000010764328	grp-a001-02-000000069047580	단백질보충제	nad-a001-02-000000553654562	bsn-a001-00-000000013604308	18	03	87620	M	1	0	0	1	0
20260906	4291318	cmp-a001-02-000000010764328	grp-a001-02-000000069047580	하루견과	nad-a001-02-000000541753999	bsn-a001-00-000000013604308	18	11	529514	M	2	0	0	3	0
20260906	4291318	cmp-a001-02-000000010764328	grp-a001-02-000000069047580	견과	nad-a001-02-000000541753959	bsn-a001-00-000000013604308	18	09	684927	P	2	0	0	10	0
20260906	4291318	cmp-a001-02-000000010764328	grp-a001-02-000000069047580	갓	nad-a001-02-000000541753960	bsn-a001-00-000000013604308	18	07	8753	M	1	0	0	2	0
20260906	4291318	cmp-a001-02-000000010764328	grp-a001-02-000000072573876	추석선물	nad-a001-02-000000573683834	bsn-a001-00-000000013604308	18	08	529514	M	7	0	0	77	0
20260906	4291318	cmp-a001-02-000000010764328	grp-a001-02-000000069047580	사탕젤리	nad-a001-02-000000541753985	bsn-a001-00-000000013604308	18	02	87620	M	1	0	0	1	0
20260906	4291318	cmp-a001-02-000000010764328	grp-a001-02-000000069047580	프로틴	nad-a001-02-000000553654562	bsn-a001-00-000000013604308	18	09	529514	M	156	0	0	180	0
20260906	4291318	cmp-a001-02-000000010764328	grp-a001-02-000000069047580	스토어	nad-a001-02-000000541753996	bsn-a001-00-000000013604308	18	16	98128	M	1	0	0	2	0
20260906	4291318	cmp-a001-02-000000010764328	grp-a001-02-000000072573876	추석선물세트	nad-a001-02-000000573683835	bsn-a001-00-000000013604308	18	09	529514	M	94	0	0	328	0
20260906	4291318	cmp-a001-02-000000010764328	grp-a001-02-000000069047580	하루	nad-a001-02-000000541753959	bsn-a001-00-000000013604308	18	06	98128	M	1	0	0	2	0
20260906	4291318	cmp-a001-02-000000010764328	grp-a001-02-000000069047580	단백질쉐이크	nad-a001-02-000000553654562	bsn-a001-00-000000013604308	18	02	98128	M	14	0	0	15	0
20260906	4291318	cmp-a001-02-000000010764328	grp-a001-02-000000072573876	가루	nad-a001-02-000000573683835	bsn-a001-00-000000013604308	18	02	8753	M	1	0	0	5	0
20260906	4291318	cmp-a001-02-000000010764328	grp-a001-02-000000069047580	사랑님	nad-a001-02-000000553654554	bsn-a001-00-000000013604308	18	09	529514	M	2	0	0	2	0
20260906	4291318	cmp-a001-02-000000010764328	grp-a001-02-000000069047580	나인플레이트+하루견과	nad-a001-02-000000541753999	bsn-a001-00-000000013604308	18	04	341898	M	1	0	0	1	0
20260906	4291318	cmp-a001-02-000000010764328	grp-a001-02-000000069047580	갓	nad-a001-02-000000541753999	bsn-a001-00-000000013604308	18	16	684924	M	1	0	0	1	0
20260906	4291318	cmp-a001-02-000000010764328	grp-a001-02-000000069047580	젤리	nad-a001-02-000000541753985	bsn-a001-00-000000013604308	18	06	33421	M	1	0	0	2	0
20260906	4291318	cmp-a001-02-000000010764328	grp-a001-02-000000069047580	견과류	nad-a001-02-000000541753999	bsn-a001-00-000000013604308	18	01	529514	M	9	0	0	9	0
20260906	4291318	cmp-a001-02-000000010764328	grp-a001-02-000000069047580	하루견과	nad-a001-02-000000541753960	bsn-a001-00-000000013604308	18	09	529514	M	10	0	0	25	0
20260906	4291318	cmp-a001-02-000000010764328	grp-a001-02-000000069047580	견과류추천	nad-a001-02-000000541753999	bsn-a001-00-000000013604308	18	06	8753	M	1	0	0	1	0
20260906	4291318	cmp-a001-02-000000010764328	grp-a001-02-000000072573876	추석선물세트	nad-a001-02-000000573683834	bsn-a001-00-000000013604308	18	18	33421	M	1	0	0	2	0
20260906	4291318	cmp-a001-02-000000010764328	grp-a001-02-000000069047580	프로틴바	nad-a001-02-000000553654558	bsn-a001-00-000000013604308	18	09	529514	M	20	0	0	40	0
20260906	4291318	cmp-a001-02-000000010764328	grp-a001-02-000000069047580	견과류	nad-a001-02-000000541753959	bsn-a001-00-000000013604308	18	03	529514	M	37	0	0	74	0
20260906	4291318	cmp-a001-02-000000010764328	grp-a001-02-000000072573876	추석선물	nad-a001-02-000000573683834	bsn-a001-00-000000013604308	18	09	529514	M	37	0	0	410	0
20260906	4291318	cmp-a001-02-000000010764328	grp-a001-02-000000069047580	하루견과	nad-a001-02-000000541753960	bsn-a001-00-000000013604308	18	03	8753	M	3	0	0	14	0
20260906	4291318	cmp-a001-02-000000010764328	grp-a001-02-000000069047580	견과류	nad-a001-02-000000541753960	bsn-a001-00-000000013604308	18	02	33421	M	2	0	0	13	0
20260906	4291318	cmp-a001-02-000000010764328	grp-a001-02-000000069047580	단백질보충제	nad-a001-02-000000553654562	bsn-a001-00-000000013604308	18	10	33421	M	1	0	0	7	0
20260906	4291318	cmp-a001-02-000000010764328	grp-a001-02-000000069047580	프로틴바	nad-a001-02-000000553654554	bsn-a001-00-000000013604308	18	18	768323	M	1	0	0	1	0
20260906	4291318	cmp-a001-02-000000010764328	grp-a001-02-000000072573876	추석선물	nad-a001-02-000000573683835	bsn-a001-00-000000013604308	18	03	33421	M	1	0	0	9	0
20260906	4291318	cmp-a001-02-000000010764328	grp-a001-02-000000069047580	견과류선물세트	nad-a001-02-000000541753999	bsn-a001-00-000000013604308	18	99	684926	M	2	0	0	4	0
20260906	4291318	cmp-a001-02-000000010764328	grp-a001-02-000000069047580	단백질	nad-a001-02-000000553654562	bsn-a001-00-000000013604308	18	09	529514	M	22	0	0	22	0
20260906	4291318	cmp-a001-02-000000010764328	grp-a001-02-000000069047580	스토어	nad-a001-02-000000541753997	bsn-a001-00-000000013604308	18	11	335738	P	6	0	0	19	0
20260906	4291318	cmp-a001-02-000000010764328	grp-a001-02-000000069047580	젤리	nad-a001-02-000000541753985	bsn-a001-00-000000013604308	18	08	87620	M	1	0	0	1	0
20260906	4291318	cmp-a001-02-000000010764328	grp-a001-02-000000069047580	저렴한견과류	nad-a001-02-000000541753960	bsn-a001-00-000000013604308	18	02	8753	M	1	0	0	5	0
20260906	4291318	cmp-a001-02-000000010764328	grp-a001-02-000000069047580	하루견과	nad-a001-02-000000541753999	bsn-a001-00-000000013604308	18	17	8753	M	2	0	0	4	0
20260906	4291318	cmp-a001-02-000000010764328	grp-a001-02-000000069047580	단백질보충제	nad-a001-02-000000553654562	bsn-a001-00-000000013604308	18	13	23123	P	1	0	0	1	0
20260906	4291318	cmp-a001-02-000000010764328	grp-a001-02-000000069047580	견과류추천	nad-a001-02-000000541753999	bsn-a001-00-000000013604308	18	16	8753	M	1	0	0	2	0
20260906	4291318	cmp-a001-02-000000010764328	grp-a001-02-000000069047580	스토어	nad-a001-02-000000541753996	bsn-a001-00-000000013604308	18	11	335738	P	1	0	0	3	0
20260906	4291318	cmp-a001-02-000000010764328	grp-a001-02-000000072573876	추석선물	nad-a001-02-000000573683834	bsn-a001-00-000000013604308	18	08	33421	M	1	0	0	5	0
20260906	4291318	cmp-a001-02-000000010764328	grp-a001-02-000000072573876	추석선물세트	nad-a001-02-000000573683835	bsn-a001-00-000000013604308	18	09	684926	M	1	0	0	57	0
20260906	4291318	cmp-a001-02-000000010764328	grp-a001-02-000000069047580	가루	nad-a001-02-000000541753996	bsn-a001-00-000000013604308	18	01	612594	M	1	0	0	3	0
20260906	4291318	cmp-a001-02-000000010764328	grp-a001-02-000000069047580	견과	nad-a001-02-000000541753999	bsn-a001-00-000000013604308	18	09	684926	M	2	0	0	4	0
20260906	4291318	cmp-a001-02-000000010764328	grp-a001-02-000000069047580	젤리	nad-a001-02-000000541753985	bsn-a001-00-000000013604308	18	08	137281	M	13	0	0	17	0
20260906	4291318	cmp-a001-02-000000010764328	grp-a001-02-000000072573876	명절선물	nad-a001-02-000000573683835	bsn-a001-00-000000013604308	18	18	529514	M	3	0	0	34	0
20260906	4291318	cmp-a001-02-000000010764328	grp-a001-02-000000069047580	견과류	nad-a001-02-000000541753960	bsn-a001-00-000000013604308	18	15	529514	M	25	0	0	75	0
20260906	4291318	cmp-a001-02-000000010764328	grp-a001-02-000000069047580	단백질보충제	nad-a001-02-000000553654562	bsn-a001-00-000000013604308	18	99	529514	M	35	0	0	65	0
20260906	4291318	cmp-a001-02-000000010764328	grp-a001-02-000000069047580	견과류	nad-a001-02-000000541753959	bsn-a001-00-000000013604308	18	18	529514	M	26	0	0	54	0
20260906	4291318	cmp-a001-02-000000010764328	grp-a001-02-000000069047580	견과류	nad-a001-02-000000541753999	bsn-a001-00-000000013604308	18	09	684926	M	11	0	0	29	0
20260906	4291318	cmp-a001-02-000000010764328	grp-a001-02-000000069047580	하루	nad-a001-02-000000541753960	bsn-a001-00-000000013604308	18	15	137281	M	33	0	0	33	0
20260906	4291318	cmp-a001-02-000000010764328	grp-a001-02-000000069047580	단백질바	nad-a001-02-000000553654554	bsn-a001-00-000000013604308	18	18	33421	M	1	0	0	1	0
20260906	4291318	cmp-a001-02-000000010764328	grp-a001-02-000000069047580	하루	nad-a001-02-000000541753960	bsn-a001-00-000000013604308	18	09	612594	M	10	0	0	30	0
20260906	4291318	cmp-a001-02-000000010764328	grp-a001-02-000000069047580	스토어	nad-a001-02-000000541754004	bsn-a001-00-000000013604308	18	15	98128	M	2	0	0	2	0
20260906	4291318	cmp-a001-02-000000010764328	grp-a001-02-000000069047580	하루	nad-a001-02-000000541753999	bsn-a001-00-000000013604308	18	02	612594	M	10	0	0	10	0
20260906	4291318	cmp-a001-02-000000010764328	grp-a001-02-000000069047580	단백질보충제	nad-a001-02-000000553654562	bsn-a001-00-000000013604308	18	07	791888	M	1	0	0	6	0
20260906	4291318	cmp-a001-02-000000010764328	grp-a001-02-000000069047580	단백질쉐이크	nad-a001-02-000000553654562	bsn-a001-00-000000013604308	18	09	684925	P	1	0	0	1	0
20260906	4291318	cmp-a001-02-000000010764328	grp-a001-02-000000069047580	프로틴바	nad-a001-02-000000553654554	bsn-a001-00-000000013604308	18	99	529514	M	12	0	0	12	0
20260906	4291318	cmp-a001-02-000000010764328	grp-a001-02-000000072573876	명절선물	nad-a001-02-000000573683834	bsn-a001-00-000000013604308	18	99	529514	M	4	0	0	44	0
20260906	4291318	cmp-a001-02-000000010764328	grp-a001-02-000000069047580	하루견과	nad-a001-02-000000541753999	bsn-a001-00-000000013604308	18	03	8753	M	3	0	0	5	0
20260906	4291318	cmp-a001-02-000000010764328	grp-a001-02-000000069047580	에너지바	nad-a001-02-000000553654558	bsn-a001-00-000000013604308	18	15	529514	M	6	0	0	12	0
20260906	4291318	cmp-a001-02-000000010764328	grp-a001-02-000000069047580	하루	nad-a001-02-000000541753999	bsn-a001-00-000000013604308	18	06	98128	M	1	0	0	1	0
20260906	4291318	cmp-a001-02-000000010764328	grp-a001-02-000000069047580	저렴한견과류	nad-a001-02-000000541753999	bsn-a001-00-000000013604308	18	02	8753	M	1	0	0	2	0
20260906	4291318	cmp-a001-02-000000010764328	grp-a001-02-000000072573876	추석선물	nad-a001-02-000000573683834	bsn-a001-00-000000013604308	18	03	8753	M	2	0	0	5	0
20260906	4291318	cmp-a001-02-000000010764328	grp-a001-02-000000069047580	봉지견과류	nad-a001-02-000000541753999	bsn-a001-00-000000013604308	18	02	8753	M	1	0	0	2	0
20260906	4291318	cmp-a001-02-000000010764328	grp-a001-02-000000069047580	단백질보충제	nad-a001-02-000000553654562	bsn-a001-00-000000013604308	18	09	612593	P	1	0	0	1	0
20260906	4291318	cmp-a001-02-000000010764328	grp-a001-02-000000069047580	프로틴바	nad-a001-02-000000553654554	bsn-a001-00-000000013604308	18	09	529514	M	20	0	0	20	0
20260906	4291318	cmp-a001-02-000000010764328	grp-a001-02-000000069047580	에너지바	nad-a001-02-000000553654559	bsn-a001-00-000000013604308	18	02	529514	M	9	0	0	27	0
20260906	4291318	cmp-a001-02-000000010764328	grp-a001-02-000000069047580	프로틴바	nad-a001-02-000000553654559	bsn-a001-00-000000013604308	18	16	529514	M	2	0	0	9	0
20260906	4291318	cmp-a001-02-000000010764328	grp-a001-02-000000069047580	프로틴바	nad-a001-02-000000553654559	bsn-a001-00-000000013604308	18	15	98128	M	2	0	0	10	0
20260906	4291318	cmp-a001-02-000000010764328	grp-a001-02-000000069047580	프로틴바	nad-a001-02-000000553654558	bsn-a001-00-000000013604308	18	18	768323	M	1	0	0	2	0
20260906	4291318	cmp-a001-02-000000010764328	grp-a001-02-000000069047580	하루견과	nad-a001-02-000000541753960	bsn-a001-00-000000013604308	18	08	33421	M	1	0	0	3	0
20260906	4291318	cmp-a001-02-000000010764328	grp-a001-02-000000069047580	견과류	nad-a001-02-000000541753999	bsn-a001-00-000000013604308	18	08	33421	M	2	0	0	4	0
20260906	4291318	cmp-a001-02-000000010764328	grp-a001-02-000000069047580	단백질바	nad-a001-02-000000553654558	bsn-a001-00-000000013604308	18	04	8753	M	1	0	0	6	0
20260906	4291318	cmp-a001-02-000000010764328	grp-a001-02-000000072573876	추석선물추천	nad-a001-02-000000573683835	bsn-a001-00-000000013604308	18	09	8753	M	1	0	0	6	0
20260906	4291318	cmp-a001-02-000000010764328	grp-a001-02-000000072573876	추석선물	nad-a001-02-000000573683835	bsn-a001-00-000000013604308	18	09	8753	M	2	1	8185	10	0
20260906	4291318	cmp-a001-02-000000010764328	grp-a001-02-000000069047580	견과류	nad-a001-02-000000541753999	bsn-a001-00-000000013604308	18	04	684924	M	1	0	0	1	0
20260906	4291318	cmp-a001-02-000000010764328	grp-a001-02-000000069047580	하루+견과류	nad-a001-02-000000541753999	bsn-a001-00-000000013604308	18	00	805759	P	1	0	0	2	0
20260906	4291318	cmp-a001-02-000000010764328	grp-a001-02-000000069047580	칼로리바말차초코	nad-a001-02-000000553654554	bsn-a001-00-000000013604308	18	08	8753	M	1	0	0	1	0
20260906	4291318	cmp-a001-02-000000010764328	grp-a001-02-000000072573876	추석선물세트	nad-a001-02-000000573683834	bsn-a001-00-000000013604308	18	06	529514	M	42	0	0	139	0
20260906	4291318	cmp-a001-02-000000010764328	grp-a001-02-000000072573876	추석선물	nad-a001-02-000000573683834	bsn-a001-00-000000013604308	18	15	768323	M	1	0	0	13	0
20260906	4291318	cmp-a001-02-000000010764328	grp-a001-02-000000069047580	하루견과	nad-a001-02-000000541753959	bsn-a001-00-000000013604308	18	03	33421	M	1	0	0	4	0
20260906	4291318	cmp-a001-02-000000010764328	grp-a001-02-000000069047580	프로틴	nad-a001-02-000000553654562	bsn-a001-00-000000013604308	18	09	768323	M	47	0	0	64	0
20260906	4291318	cmp-a001-02-000000010764328	grp-a001-02-000000069047580	단백질보충제	nad-a001-02-000000553654562	bsn-a001-00-000000013604308	18	09	684927	P	2	0	0	8	0
20260906	4291318	cmp-a001-02-000000010764328	grp-a001-02-000000069047580	단백질단백질보충제	nad-a001-02-000000553654562	bsn-a001-00-000000013604308	18	02	684925	P	1	0	0	1	0
20260906	4291318	cmp-a001-02-000000010764328	grp-a001-02-000000069047580	프로틴단백질곡물맛	nad-a001-02-000000553654562	bsn-a001-00-000000013604308	18	00	8753	M	1	0	0	2	0
20260906	4291318	cmp-a001-02-000000010764328	grp-a001-02-000000069047580	사랑	nad-a001-02-000000553654558	bsn-a001-00-000000013604308	18	04	98128	M	1	0	0	4	0
20260906	4291318	cmp-a001-02-000000010764328	grp-a001-02-000000069047580	하루견과	nad-a001-02-000000541753999	bsn-a001-00-000000013604308	18	02	684924	M	1	0	0	1	0
20260906	4291318	cmp-a001-02-000000010764328	grp-a001-02-000000069047580	갓	nad-a001-02-000000541753999	bsn-a001-00-000000013604308	18	09	529514	M	8	0	0	15	0
20260906	4291318	cmp-a001-02-000000010764328	grp-a001-02-000000072573876	추석선물세트	nad-a001-02-000000573683835	bsn-a001-00-000000013604308	18	17	529514	M	4	0	0	16	0
20260906	4291318	cmp-a001-02-000000010764328	grp-a001-02-000000069047580	스토어	nad-a001-02-000000541754004	bsn-a001-00-000000013604308	18	09	98128	M	13	0	0	13	0
20260906	4291318	cmp-a001-02-000000010764328	grp-a001-02-000000069047580	젤리	nad-a001-02-000000541753985	bsn-a001-00-000000013604308	18	13	137281	M	33	0	0	33	0
20260906	4291318	cmp-a001-02-000000010764328	grp-a001-02-000000072573876	명절선물	nad-a001-02-000000573683834	bsn-a001-00-000000013604308	18	16	529514	M	1	0	0	11	0
20260906	4291318	cmp-a001-02-000000010764328	grp-a001-02-000000069047580	견과류	nad-a001-02-000000541753960	bsn-a001-00-000000013604308	18	13	8753	M	1	0	0	5	0
20260906	4291318	cmp-a001-02-000000010764328	grp-a001-02-000000069047580	프로틴바	nad-a001-02-000000553654558	bsn-a001-00-000000013604308	18	09	768323	M	1	0	0	2	0
20260906	4291318	cmp-a001-02-000000010764328	grp-a001-02-000000072573876	특가	nad-a001-02-000000573683834	bsn-a001-00-000000013604308	18	09	8753	M	3	0	0	12	0
20260906	4291318	cmp-a001-02-000000010764328	grp-a001-02-000000069047580	스토어	nad-a001-02-000000541753997	bsn-a001-00-000000013604308	18	99	98128	M	4	0	0	16	0
20260906	4291318	cmp-a001-02-000000010764328	grp-a001-02-000000069047580	제리	nad-a001-02-000000541753985	bsn-a001-00-000000013604308	18	01	529514	M	12	0	0	14	0
20260906	4291318	cmp-a001-02-000000010764328	grp-a001-02-000000069047580	견과류	nad-a001-02-000000541753959	bsn-a001-00-000000013604308	18	01	529514	M	9	0	0	18	0
20260906	4291318	cmp-a001-02-000000010764328	grp-a001-02-000000069047580	젤리	nad-a001-02-000000541753985	bsn-a001-00-000000013604308	18	16	98128	M	2	0	0	3	0
20260906	4291318	cmp-a001-02-000000010764328	grp-a001-02-000000069047580	푸룬젤리	nad-a001-02-000000541753985	bsn-a001-00-000000013604308	18	18	8753	M	1	0	0	2	0
20260906	4291318	cmp-a001-02-000000010764328	grp-a001-02-000000072573876	추석선물	nad-a001-02-000000573683834	bsn-a001-00-000000013604308	18	04	8753	M	1	0	0	3	0
20260906	4291318	cmp-a001-02-000000010764328	grp-a001-02-000000069047580	견과류	nad-a001-02-000000541753960	bsn-a001-00-000000013604308	18	01	8753	M	1	0	0	4	0
20260906	4291318	cmp-a001-02-000000010764328	grp-a001-02-000000069047580	견과류	nad-a001-02-000000541753960	bsn-a001-00-000000013604308	18	10	529514	M	10	0	0	30	0
20260906	4291318	cmp-a001-02-000000010764328	grp-a001-02-000000072573876	추석선물	nad-a001-02-000000573683835	bsn-a001-00-000000013604308	18	08	8753	M	1	0	0	4	0
20260906	4291318	cmp-a001-02-000000010764328	grp-a001-02-000000069047580	스토어	nad-a001-02-000000541753997	bsn-a001-00-000000013604308	18	00	98128	M	1	0	0	4	0
20260906	4291318	cmp-a001-02-000000010764328	grp-a001-02-000000069047580	견과세트	nad-a001-02-000000541753999	bsn-a001-00-000000013604308	18	03	768323	M	1	0	0	2	0
20260906	4291318	cmp-a001-02-000000010764328	grp-a001-02-000000069047580	프로틴바	nad-a001-02-000000553654554	bsn-a001-00-000000013604308	18	09	98128	M	2	0	0	2	0
20260906	4291318	cmp-a001-02-000000010764328	grp-a001-02-000000069047580	젤리	nad-a001-02-000000541753985	bsn-a001-00-000000013604308	18	02	684925	P	2	0	0	2	0
20260906	4291318	cmp-a001-02-000000010764328	grp-a001-02-000000069047580	프로틴	nad-a001-02-000000553654562	bsn-a001-00-000000013604308	18	10	529514	M	3	0	0	3	0
20260906	4291318	cmp-a001-02-000000010764328	grp-a001-02-000000069047580	황성주생식	nad-a001-02-000000541754004	bsn-a001-00-000000013604308	18	08	633013	M	1	0	0	2	0
20260906	4291318	cmp-a001-02-000000010764328	grp-a001-02-000000069047580	단백질쉐이크	nad-a001-02-000000553654562	bsn-a001-00-000000013604308	18	09	8753	M	1	0	0	18	0
20260906	4291318	cmp-a001-02-000000010764328	grp-a001-02-000000069047580	견과류	nad-a001-02-000000541753959	bsn-a001-00-000000013604308	18	07	8753	M	2	0	0	7	0
20260906	4291318	cmp-a001-02-000000010764328	grp-a001-02-000000069047580	단백질쉐이크5"4KG	nad-a001-02-000000553654562	bsn-a001-00-000000013604308	18	15	8753	M	1	0	0	5	0
20260906	4291318	cmp-a001-02-000000010764328	grp-a001-02-000000072573876	추석선물	nad-a001-02-000000573683834	bsn-a001-00-000000013604308	18	18	529514	M	6	0	0	67	0
20260906	4291318	cmp-a001-02-000000010764328	grp-a001-02-000000069047580	하루단백질섭취량	nad-a001-02-000000553654562	bsn-a001-00-000000013604308	18	09	8753	M	1	0	0	4	0
20260906	4291318	cmp-a001-02-000000010764328	grp-a001-02-000000069047580	사랑하고	nad-a001-02-000000553654559	bsn-a001-00-000000013604308	18	09	98128	M	1	0	0	6	0
20260906	4291318	cmp-a001-02-000000010764328	grp-a001-02-000000069047580	단백질바	nad-a001-02-000000553654554	bsn-a001-00-000000013604308	18	10	529514	M	8	0	0	8	0
20260906	4291318	cmp-a001-02-000000010764328	grp-a001-02-000000072573876	추석선물세트	nad-a001-02-000000573683835	bsn-a001-00-000000013604308	18	18	684927	P	1	0	0	63	0
20260906	4291318	cmp-a001-02-000000010764328	grp-a001-02-000000069047580	견과류	nad-a001-02-000000541753999	bsn-a001-00-000000013604308	18	02	684926	M	2	0	0	10	0
20260906	4291318	cmp-a001-02-000000010764328	grp-a001-02-000000072573876	추석선물세트	nad-a001-02-000000573683834	bsn-a001-00-000000013604308	18	15	529514	M	2	0	0	6	0
20260906	4291318	cmp-a001-02-000000010764328	grp-a001-02-000000072573876	추석선물	nad-a001-02-000000573683835	bsn-a001-00-000000013604308	18	17	529514	M	5	0	0	58	0
20260906	4291318	cmp-a001-02-000000010764328	grp-a001-02-000000069047580	단백질	nad-a001-02-000000553654562	bsn-a001-00-000000013604308	18	01	98128	M	4	0	0	4	0
20260906	4291318	cmp-a001-02-000000010764328	grp-a001-02-000000069047580	네이버스토어	nad-a001-02-000000541753997	bsn-a001-00-000000013604308	18	06	612594	M	4	0	0	4	0
20260906	4291318	cmp-a001-02-000000010764328	grp-a001-02-000000069047580	하루	nad-a001-02-000000541753999	bsn-a001-00-000000013604308	18	03	612594	M	5	0	0	5	0
20260906	4291318	cmp-a001-02-000000010764328	grp-a001-02-000000069047580	프로틴바	nad-a001-02-000000553654558	bsn-a001-00-000000013604308	18	15	529514	M	2	0	0	4	0
20260906	4291318	cmp-a001-02-000000010764328	grp-a001-02-000000069047580	갓	nad-a001-02-000000541753959	bsn-a001-00-000000013604308	18	09	529514	M	8	0	0	13	0
20260906	4291318	cmp-a001-02-000000010764328	grp-a001-02-000000069047580	팔미생식가루	nad-a001-02-000000541754005	bsn-a001-00-000000013604308	18	02	8753	M	1	0	0	5	0
20260906	4291318	cmp-a001-02-000000010764328	grp-a001-02-000000069047580	젤리	nad-a001-02-000000541753985	bsn-a001-00-000000013604308	18	09	768323	M	2	0	0	2	0
20260906	4291318	cmp-a001-02-000000010764328	grp-a001-02-000000069047580	단백질바	nad-a001-02-000000553654559	bsn-a001-00-000000013604308	18	11	529514	M	2	0	0	9	0
20260906	4291318	cmp-a001-02-000000010764328	grp-a001-02-000000069047580	하루견과	nad-a001-02-000000541753959	bsn-a001-00-000000013604308	18	03	8753	M	2	0	0	6	0
20260906	4291318	cmp-a001-02-000000010764328	grp-a001-02-000000069047580	가루	nad-a001-02-000000541754004	bsn-a001-00-000000013604308	18	16	8753	M	1	0	0	3	0
20260906	4291318	cmp-a001-02-000000010764328	grp-a001-02-000000069047580	다이어트쉐이크	nad-a001-02-000000553654562	bsn-a001-00-000000013604308	18	02	529514	M	2	0	0	2	0
20260906	4291318	cmp-a001-02-000000010764328	grp-a001-02-000000069047580	젤리	nad-a001-02-000000541753985	bsn-a001-00-000000013604308	18	16	137281	M	6	0	0	6	0
20260906	4291318	cmp-a001-02-000000010764328	grp-a001-02-000000069047580	20G	nad-a001-02-000000541753999	bsn-a001-00-000000013604308	18	99	529514	M	1	0	0	2	0
20260906	4291318	cmp-a001-02-000000010764328	grp-a001-02-000000069047580	에너지바	nad-a001-02-000000553654554	bsn-a001-00-000000013604308	18	09	791888	M	1	0	0	1	0
20260906	4291318	cmp-a001-02-000000010764328	grp-a001-02-000000069047580	하루견과	nad-a001-02-000000541753960	bsn-a001-00-000000013604308	18	03	529514	M	2	0	0	5	0
20260906	4291318	cmp-a001-02-000000010764328	grp-a001-02-000000069047580	원이	nad-a001-02-000000541753999	bsn-a001-00-000000013604308	18	08	612594	M	1	0	0	7	0
20260906	4291318	cmp-a001-02-000000010764328	grp-a001-02-000000069047580	하루	nad-a001-02-000000541753999	bsn-a001-00-000000013604308	18	11	612594	M	3	0	0	3	0
20260906	4291318	cmp-a001-02-000000010764328	grp-a001-02-000000069047580	프로틴	nad-a001-02-000000553654562	bsn-a001-00-000000013604308	18	10	98128	M	1	0	0	1	0
20260906	4291318	cmp-a001-02-000000010764328	grp-a001-02-000000069047580	견과류	nad-a001-02-000000541753999	bsn-a001-00-000000013604308	18	02	529514	M	203	0	0	234	0
20260906	4291318	cmp-a001-02-000000010764328	grp-a001-02-000000069047580	견과류	nad-a001-02-000000541753999	bsn-a001-00-000000013604308	18	03	529514	M	37	0	0	37	0
20260906	4291318	cmp-a001-02-000000010764328	grp-a001-02-000000069047580	하루견과	nad-a001-02-000000541753960	bsn-a001-00-000000013604308	18	11	8753	M	1	0	0	6	0
20260906	4291318	cmp-a001-02-000000010764328	grp-a001-02-000000069047580	견과류세트	nad-a001-02-000000541753960	bsn-a001-00-000000013604308	18	18	8753	M	2	0	0	6	0
20260906	4291318	cmp-a001-02-000000010764328	grp-a001-02-000000069047580	견과류추천	nad-a001-02-000000541753960	bsn-a001-00-000000013604308	18	06	8753	M	1	0	0	4	0
20260906	4291318	cmp-a001-02-000000010764328	grp-a001-02-000000072573876	추석선물	nad-a001-02-000000573683835	bsn-a001-00-000000013604308	18	02	529514	M	46	0	0	534	0
20260906	4291318	cmp-a001-02-000000010764328	grp-a001-02-000000069047580	젤리	nad-a001-02-000000541753985	bsn-a001-00-000000013604308	18	08	684925	P	1	0	0	1	0
20260906	4291318	cmp-a001-02-000000010764328	grp-a001-02-000000072573876	추석선물	nad-a001-02-000000573683835	bsn-a001-00-000000013604308	18	03	529514	M	25	0	0	294	0
20260906	4291318	cmp-a001-02-000000010764328	grp-a001-02-000000069047580	네이버스토어	nad-a001-02-000000541753996	bsn-a001-00-000000013604308	18	06	335738	P	1	0	0	1	0
20260906	4291318	cmp-a001-02-000000010764328	grp-a001-02-000000069047580	갓	nad-a001-02-000000541753960	bsn-a001-00-000000013604308	18	09	11068	P	1	0	0	3	0
20260906	4291318	cmp-a001-02-000000010764328	grp-a001-02-000000072573876	명절선물	nad-a001-02-000000573683835	bsn-a001-00-000000013604308	18	10	529514	M	2	0	0	23	0
20260906	4291318	cmp-a001-02-000000010764328	grp-a001-02-000000069047580	가루	nad-a001-02-000000541754004	bsn-a001-00-000000013604308	18	08	98128	M	1	0	0	3	0
20260906	4291318	cmp-a001-02-000000010764328	grp-a001-02-000000069047580	스토어	nad-a001-02-000000541754004	bsn-a001-00-000000013604308	18	18	98128	M	3	0	0	3	0
20260906	4291318	cmp-a001-02-000000010764328	grp-a001-02-000000069047580	견과류어디게좋을까?	nad-a001-02-000000541753960	bsn-a001-00-000000013604308	18	09	8753	M	1	0	0	4	0
20260906	4291318	cmp-a001-02-000000010764328	grp-a001-02-000000069047580	가루	nad-a001-02-000000541754004	bsn-a001-00-000000013604308	18	01	8753	M	1	0	0	3	0
20260906	4291318	cmp-a001-02-000000010764328	grp-a001-02-000000069047580	프로틴바	nad-a001-02-000000553654559	bsn-a001-00-000000013604308	18	08	529514	M	12	0	0	57	0
20260906	4291318	cmp-a001-02-000000010764328	grp-a001-02-000000069047580	검은깨가루보관방법	nad-a001-02-000000541753997	bsn-a001-00-000000013604308	18	18	8753	M	1	0	0	1	0
20260906	4291318	cmp-a001-02-000000010764328	grp-a001-02-000000069047580	하루	nad-a001-02-000000541753960	bsn-a001-00-000000013604308	18	06	98128	M	1	0	0	3	0
20260906	4291318	cmp-a001-02-000000010764328	grp-a001-02-000000069047580	단백질쉐이크	nad-a001-02-000000553654562	bsn-a001-00-000000013604308	18	18	529514	M	1	0	0	1	0
20260906	4291318	cmp-a001-02-000000010764328	grp-a001-02-000000069047580	견과류	nad-a001-02-000000541753960	bsn-a001-00-000000013604308	18	17	8753	M	2	0	0	8	0
20260906	4291318	cmp-a001-02-000000010764328	grp-a001-02-000000072573876	추석선물	nad-a001-02-000000573683834	bsn-a001-00-000000013604308	18	15	529514	M	7	0	0	78	0
20260906	4291318	cmp-a001-02-000000010764328	grp-a001-02-000000069047580	하루	nad-a001-02-000000541753999	bsn-a001-00-000000013604308	18	09	612594	M	10	0	0	10	0
20260906	4291318	cmp-a001-02-000000010764328	grp-a001-02-000000069047580	견과류	nad-a001-02-000000541753999	bsn-a001-00-000000013604308	18	06	633013	M	1	0	0	3	0
20260906	4291318	cmp-a001-02-000000010764328	grp-a001-02-000000069047580	검은깨가루보관방법	nad-a001-02-000000541753996	bsn-a001-00-000000013604308	18	18	8753	M	1	0	0	4	0
20260906	4291318	cmp-a001-02-000000010764328	grp-a001-02-000000069047580	견과류	nad-a001-02-000000541753960	bsn-a001-00-000000013604308	18	11	529514	M	29	0	0	87	0
20260906	4291318	cmp-a001-02-000000010764328	grp-a001-02-000000072573876	추석선물세트	nad-a001-02-000000573683835	bsn-a001-00-000000013604308	18	13	529514	M	8	0	0	29	0
20260906	4291318	cmp-a001-02-000000010764328	grp-a001-02-000000069047580	견과	nad-a001-02-000000541753960	bsn-a001-00-000000013604308	18	14	8753	M	1	0	0	4	0
20260906	4291318	cmp-a001-02-000000010764328	grp-a001-02-000000069047580	견과류	nad-a001-02-000000541753959	bsn-a001-00-000000013604308	18	18	684926	M	1	0	0	4	0
20260906	4291318	cmp-a001-02-000000010764328	grp-a001-02-000000069047580	사랑이	nad-a001-02-000000553654559	bsn-a001-00-000000013604308	18	18	529514	M	2	0	0	13	0
20260906	4291318	cmp-a001-02-000000010764328	grp-a001-02-000000069047580	하루견과	nad-a001-02-000000541753999	bsn-a001-00-000000013604308	18	11	33421	M	1	0	0	1	0
20260906	4291318	cmp-a001-02-000000010764328	grp-a001-02-000000069047580	하루	nad-a001-02-000000541753999	bsn-a001-00-000000013604308	18	99	612594	M	3	0	0	3	0
20260906	4291318	cmp-a001-02-000000010764328	grp-a001-02-000000069047580	젤리	nad-a001-02-000000541753985	bsn-a001-00-000000013604308	18	07	8753	M	1	0	0	6	0
20260906	4291318	cmp-a001-02-000000010764328	grp-a001-02-000000069047580	하루견과	nad-a001-02-000000541753959	bsn-a001-00-000000013604308	18	18	8753	M	3	0	0	12	0
20260906	4291318	cmp-a001-02-000000010764328	grp-a001-02-000000069047580	프로틴바	nad-a001-02-000000553654559	bsn-a001-00-000000013604308	18	18	768323	M	1	0	0	5	0
20260906	4291318	cmp-a001-02-000000010764328	grp-a001-02-000000069047580	견과류	nad-a001-02-000000541753999	bsn-a001-00-000000013604308	18	13	529514	M	10	0	0	10	0
20260906	4291318	cmp-a001-02-000000010764328	grp-a001-02-000000069047580	단백질쉐이크	nad-a001-02-000000553654562	bsn-a001-00-000000013604308	18	03	98128	M	16	0	0	16	0
20260906	4291318	cmp-a001-02-000000010764328	grp-a001-02-000000069047580	단백질바	nad-a001-02-000000553654554	bsn-a001-00-000000013604308	18	08	529514	M	2	0	0	2	0
20260906	4291318	cmp-a001-02-000000010764328	grp-a001-02-000000072573876	추석선물	nad-a001-02-000000573683835	bsn-a001-00-000000013604308	18	99	529514	M	34	0	0	396	0
20260906	4291318	cmp-a001-02-000000010764328	grp-a001-02-000000072573876	추석선물세트	nad-a001-02-000000573683834	bsn-a001-00-000000013604308	18	02	684926	M	3	0	0	33	0
20260906	4291318	cmp-a001-02-000000010764328	grp-a001-02-000000069047580	프로틴파우더	nad-a001-02-000000553654562	bsn-a001-00-000000013604308	18	04	8753	M	1	0	0	17	0
20260906	4291318	cmp-a001-02-000000010764328	grp-a001-02-000000069047580	원이	nad-a001-02-000000541753999	bsn-a001-00-000000013604308	18	99	98128	M	1	0	0	2	0
20260906	4291318	cmp-a001-02-000000010764328	grp-a001-02-000000069047580	스토어	nad-a001-02-000000541753997	bsn-a001-00-000000013604308	18	08	98128	M	4	0	0	16	0
20260906	4291318	cmp-a001-02-000000010764328	grp-a001-02-000000069047580	단백질바인슐린	nad-a001-02-000000553654554	bsn-a001-00-000000013604308	18	08	8753	M	1	0	0	4	0
20260906	4291318	cmp-a001-02-000000010764328	grp-a001-02-000000069047580	잇프롯단백질바	nad-a001-02-000000553654558	bsn-a001-00-000000013604308	18	18	8753	M	3	0	0	15	0
20260906	4291318	cmp-a001-02-000000010764328	grp-a001-02-000000069047580	임산부단백질간식	nad-a001-02-000000553654558	bsn-a001-00-000000013604308	18	18	8753	M	1	0	0	3	0
20260906	4291318	cmp-a001-02-000000010764328	grp-a001-02-000000069047580	견과류	nad-a001-02-000000541753959	bsn-a001-00-000000013604308	18	06	529514	M	26	0	0	54	0
20260906	4291318	cmp-a001-02-000000010764328	grp-a001-02-000000069047580	하루견과	nad-a001-02-000000541753960	bsn-a001-00-000000013604308	18	09	8753	M	6	0	0	33	0
20260906	4291318	cmp-a001-02-000000010764328	grp-a001-02-000000069047580	하루만	nad-a001-02-000000541753959	bsn-a001-00-000000013604308	18	18	529514	M	4	0	0	8	0
20260906	4291318	cmp-a001-02-000000010764328	grp-a001-02-000000069047580	견과류	nad-a001-02-000000541753999	bsn-a001-00-000000013604308	18	07	8753	M	2	0	0	4	0
20260906	4291318	cmp-a001-02-000000010764328	grp-a001-02-000000069047580	견과세트	nad-a001-02-000000541753959	bsn-a001-00-000000013604308	18	08	768323	M	2	0	0	2	0
20260906	4291318	cmp-a001-02-000000010764328	grp-a001-02-000000069047580	견과류	nad-a001-02-000000541753999	bsn-a001-00-000000013604308	18	09	8753	M	12	0	0	27	0
20260906	4291318	cmp-a001-02-000000010764328	grp-a001-02-000000069047580	칼로리바가격	nad-a001-02-000000553654558	bsn-a001-00-000000013604308	18	09	8753	M	1	0	0	3	0
20260906	4291318	cmp-a001-02-000000010764328	grp-a001-02-000000069047580	단백질쉐이크	nad-a001-02-000000553654562	bsn-a001-00-000000013604308	18	08	684925	P	1	0	0	1	0
20260906	4291318	cmp-a001-02-000000010764328	grp-a001-02-000000069047580	사랑이	nad-a001-02-000000553654558	bsn-a001-00-000000013604308	18	02	529514	M	2	0	0	6	0
20260906	4291318	cmp-a001-02-000000010764328	grp-a001-02-000000069047580	사랑	nad-a001-02-000000553654554	bsn-a001-00-000000013604308	18	09	98128	M	1	0	0	3	0
20260906	4291318	cmp-a001-02-000000010764328	grp-a001-02-000000069047580	단백질간식	nad-a001-02-000000553654559	bsn-a001-00-000000013604308	18	11	33421	M	1	0	0	10	0
20260906	4291318	cmp-a001-02-000000010764328	grp-a001-02-000000069047580	단백질프로틴바	nad-a001-02-000000553654554	bsn-a001-00-000000013604308	18	09	98128	M	2	0	0	2	0
20260906	4291318	cmp-a001-02-000000010764328	grp-a001-02-000000069047580	견과류세트	nad-a001-02-000000541753959	bsn-a001-00-000000013604308	18	02	8753	M	3	0	0	8	0
20260906	4291318	cmp-a001-02-000000010764328	grp-a001-02-000000069047580	프로틴	nad-a001-02-000000553654562	bsn-a001-00-000000013604308	18	16	768323	M	1	0	0	1	0
20260906	4291318	cmp-a001-02-000000010764328	grp-a001-02-000000069047580	견과류추천	nad-a001-02-000000541753959	bsn-a001-00-000000013604308	18	14	8753	M	2	0	0	6	0
20260906	4291318	cmp-a001-02-000000010764328	grp-a001-02-000000069047580	사탕젤리	nad-a001-02-000000541753985	bsn-a001-00-000000013604308	18	09	23123	P	3	0	0	9	0
20260906	4291318	cmp-a001-02-000000010764328	grp-a001-02-000000069047580	하루	nad-a001-02-000000541753999	bsn-a001-00-000000013604308	18	04	612594	M	2	0	0	2	0
20260906	4291318	cmp-a001-02-000000010764328	grp-a001-02-000000069047580	하루	nad-a001-02-000000541753999	bsn-a001-00-000000013604308	18	09	805760	M	2	0	0	2	0
20260906	4291318	cmp-a001-02-000000010764328	grp-a001-02-000000069047580	다이어트쉐이크	nad-a001-02-000000553654562	bsn-a001-00-000000013604308	18	18	768323	M	1	0	0	1	0
20260906	4291318	cmp-a001-02-000000010764328	grp-a001-02-000000072573876	추석선물세트	nad-a001-02-000000573683835	bsn-a001-00-000000013604308	18	07	529514	M	2	0	0	7	0
20260906	4291318	cmp-a001-02-000000010764328	grp-a001-02-000000069047580	단백질바	nad-a001-02-000000553654558	bsn-a001-00-000000013604308	18	02	33421	M	1	0	0	6	0
20260906	4291318	cmp-a001-02-000000010764328	grp-a001-02-000000069047580	견과류세트	nad-a001-02-000000541753960	bsn-a001-00-000000013604308	18	13	529514	M	2	0	0	6	0
20260906	4291318	cmp-a001-02-000000010764328	grp-a001-02-000000069047580	견과류	nad-a001-02-000000541753960	bsn-a001-00-000000013604308	18	99	529514	M	113	0	0	349	0
20260906	4291318	cmp-a001-02-000000010764328	grp-a001-02-000000069047580	하루견과	nad-a001-02-000000541753999	bsn-a001-00-000000013604308	18	02	529514	M	2	0	0	3	0
20260906	4291318	cmp-a001-02-000000010764328	grp-a001-02-000000069047580	견과세트	nad-a001-02-000000541753959	bsn-a001-00-000000013604308	18	09	529514	M	2	0	0	4	0
20260906	4291318	cmp-a001-02-000000010764328	grp-a001-02-000000069047580	하루	nad-a001-02-000000541753999	bsn-a001-00-000000013604308	18	08	612594	M	2	0	0	2	0
20260906	4291318	cmp-a001-02-000000010764328	grp-a001-02-000000069047580	단백질쉐이크	nad-a001-02-000000553654562	bsn-a001-00-000000013604308	18	15	98128	M	4	0	0	4	0
20260906	4291318	cmp-a001-02-000000010764328	grp-a001-02-000000072573876	가루	nad-a001-02-000000573683834	bsn-a001-00-000000013604308	18	02	8753	M	1	0	0	1	0
20260906	4291318	cmp-a001-02-000000010764328	grp-a001-02-000000069047580	갓	nad-a001-02-000000541753960	bsn-a001-00-000000013604308	18	09	529514	M	8	0	0	23	0
20260906	4291318	cmp-a001-02-000000010764328	grp-a001-02-000000069047580	견과류	nad-a001-02-000000541753999	bsn-a001-00-000000013604308	18	13	8753	M	1	0	0	2	0
20260906	4291318	cmp-a001-02-000000010764328	grp-a001-02-000000069047580	견과류	nad-a001-02-000000541753999	bsn-a001-00-000000013604308	18	18	529514	M	26	0	0	27	0
20260906	4291318	cmp-a001-02-000000010764328	grp-a001-02-000000069047580	단백질쉐이크	nad-a001-02-000000553654562	bsn-a001-00-000000013604308	18	01	529514	M	1	0	0	1	0
20260906	4291318	cmp-a001-02-000000010764328	grp-a001-02-000000069047580	프로틴	nad-a001-02-000000553654562	bsn-a001-00-000000013604308	18	04	529514	M	20	0	0	28	0
20260906	4291318	cmp-a001-02-000000010764328	grp-a001-02-000000069047580	팔미생식가루	nad-a001-02-000000541753996	bsn-a001-00-000000013604308	18	02	8753	M	1	0	0	3	0
20260906	4291318	cmp-a001-02-000000010764328	grp-a001-02-000000069047580	에너지바	nad-a001-02-000000553654554	bsn-a001-00-000000013604308	18	02	529514	M	9	0	0	9	0
20260906	4291318	cmp-a001-02-000000010764328	grp-a001-02-000000069047580	하루	nad-a001-02-000000541753960	bsn-a001-00-000000013604308	18	08	612594	M	2	0	0	6	0
20260906	4291318	cmp-a001-02-000000010764328	grp-a001-02-000000069047580	견과세트	nad-a001-02-000000541753959	bsn-a001-00-000000013604308	18	03	768323	M	1	0	0	1	0
20260906	4291318	cmp-a001-02-000000010764328	grp-a001-02-000000069047580	하루	nad-a001-02-000000541753999	bsn-a001-00-000000013604308	18	09	98128	M	10	0	0	10	0
20260906	4291318	cmp-a001-02-000000010764328	grp-a001-02-000000069047580	견과류세트	nad-a001-02-000000541753959	bsn-a001-00-000000013604308	18	18	8753	M	2	0	0	6	0
20260906	4291318	cmp-a001-02-000000010764328	grp-a001-02-000000069047580	하루견과	nad-a001-02-000000541753999	bsn-a001-00-000000013604308	18	02	8753	M	11	1	2260	21	0
20260906	4291318	cmp-a001-02-000000010764328	grp-a001-02-000000069047580	하루	nad-a001-02-000000541753959	bsn-a001-00-000000013604308	18	09	98128	M	5	0	0	10	0
20260906	4291318	cmp-a001-02-000000010764328	grp-a001-02-000000069047580	하루견과	nad-a001-02-000000541753959	bsn-a001-00-000000013604308	18	03	684925	P	1	0	0	1	0
20260906	4291318	cmp-a001-02-000000010764328	grp-a001-02-000000072573876	추석선물세트	nad-a001-02-000000573683835	bsn-a001-00-000000013604308	18	13	87620	M	4	0	0	12	0
20260906	4291318	cmp-a001-02-000000010764328	grp-a001-02-000000069047580	젤리	nad-a001-02-000000541753985	bsn-a001-00-000000013604308	18	11	768323	M	6	0	0	6	0
20260906	4291318	cmp-a001-02-000000010764328	grp-a001-02-000000069047580	사랑님	nad-a001-02-000000553654554	bsn-a001-00-000000013604308	18	04	529514	M	2	0	0	2	0
20260906	4291318	cmp-a001-02-000000010764328	grp-a001-02-000000069047580	견과류	nad-a001-02-000000541753960	bsn-a001-00-000000013604308	18	02	529514	M	203	0	0	733	0
20260906	4291318	cmp-a001-02-000000010764328	grp-a001-02-000000069047580	하루견과	nad-a001-02-000000541753999	bsn-a001-00-000000013604308	18	02	684926	M	3	0	0	4	0
20260906	4291318	cmp-a001-02-000000010764328	grp-a001-02-000000072573876	추석선물	nad-a001-02-000000573683834	bsn-a001-00-000000013604308	18	03	529514	M	24	0	0	267	0
20260906	4291318	cmp-a001-02-000000010764328	grp-a001-02-000000069047580	하루견과	nad-a001-02-000000541753960	bsn-a001-00-000000013604308	18	99	529514	M	1	0	0	1	0
20260906	4291318	cmp-a001-02-000000010764328	grp-a001-02-000000069047580	하루견과	nad-a001-02-000000541753959	bsn-a001-00-000000013604308	18	02	33421	M	1	0	0	3	0
20260906	4291318	cmp-a001-02-000000010764328	grp-a001-02-000000072573876	추석선물	nad-a001-02-000000573683835	bsn-a001-00-000000013604308	18	08	529514	M	6	0	0	70	0
20260906	4291318	cmp-a001-02-000000010764328	grp-a001-02-000000069047580	ISP식물성단백질	nad-a001-02-000000553654562	bsn-a001-00-000000013604308	18	09	684926	M	1	0	0	6	0
20260906	4291318	cmp-a001-02-000000010764328	grp-a001-02-000000069047580	단백질바	nad-a001-02-000000553654558	bsn-a001-00-000000013604308	18	18	33421	M	1	0	0	9	0
20260906	4291318	cmp-a001-02-000000010764328	grp-a001-02-000000069047580	단백질바	nad-a001-02-000000553654558	bsn-a001-00-000000013604308	18	09	529514	M	1	0	0	2	0
20260906	4291318	cmp-a001-02-000000010764328	grp-a001-02-000000069047580	하루만	nad-a001-02-000000541753960	bsn-a001-00-000000013604308	18	18	529514	M	4	0	0	12	0
20260906	4291318	cmp-a001-02-000000010764328	grp-a001-02-000000069047580	프로틴바	nad-a001-02-000000553654558	bsn-a001-00-000000013604308	18	15	98128	M	2	0	0	4	0
20260906	4291318	cmp-a001-02-000000010764328	grp-a001-02-000000069047580	스토어	nad-a001-02-000000541753996	bsn-a001-00-000000013604308	18	03	335738	P	2	0	0	6	0
20260906	4291318	cmp-a001-02-000000010764328	grp-a001-02-000000069047580	견과류	nad-a001-02-000000541753999	bsn-a001-00-000000013604308	18	16	529514	M	18	0	0	19	0
20260906	4291318	cmp-a001-02-000000010764328	grp-a001-02-000000069047580	젤리	nad-a001-02-000000541753985	bsn-a001-00-000000013604308	18	08	8753	M	1	0	0	3	0
20260906	4291318	cmp-a001-02-000000010764328	grp-a001-02-000000069047580	하루만	nad-a001-02-000000541753999	bsn-a001-00-000000013604308	18	18	529514	M	4	0	0	4	0
20260906	4291318	cmp-a001-02-000000010764328	grp-a001-02-000000069047580	단백질	nad-a001-02-000000553654562	bsn-a001-00-000000013604308	18	99	529514	M	5	0	0	8	0
20260906	4291318	cmp-a001-02-000000010764328	grp-a001-02-000000069047580	견과	nad-a001-02-000000541753960	bsn-a001-00-000000013604308	18	09	529514	M	13	0	0	35	0
20260906	4291318	cmp-a001-02-000000010764328	grp-a001-02-000000069047580	하루견과	nad-a001-02-000000541753960	bsn-a001-00-000000013604308	18	07	8753	M	2	0	0	10	0
20260906	4291318	cmp-a001-02-000000010764328	grp-a001-02-000000069047580	견과류	nad-a001-02-000000541753960	bsn-a001-00-000000013604308	18	14	529514	M	18	0	0	60	0
20260906	4291318	cmp-a001-02-000000010764328	grp-a001-02-000000069047580	에너지바	nad-a001-02-000000553654554	bsn-a001-00-000000013604308	18	07	8753	M	2	0	0	10	0
20260906	4291318	cmp-a001-02-000000010764328	grp-a001-02-000000072573876	추석선물세트	nad-a001-02-000000573683834	bsn-a001-00-000000013604308	18	01	684926	M	4	0	0	122	0
20260906	4291318	cmp-a001-02-000000010764328	grp-a001-02-000000069047580	단백질쉐이크	nad-a001-02-000000553654562	bsn-a001-00-000000013604308	18	08	529514	M	4	0	0	4	0
20260906	4291318	cmp-a001-02-000000010764328	grp-a001-02-000000069047580	단백질쉐이크추천	nad-a001-02-000000553654562	bsn-a001-00-000000013604308	18	09	684925	P	1	0	0	1	0
20260906	4291318	cmp-a001-02-000000010764328	grp-a001-02-000000069047580	황성주생식	nad-a001-02-000000541753997	bsn-a001-00-000000013604308	18	14	612594	M	1	0	0	1	0
20260906	4291318	cmp-a001-02-000000010764328	grp-a001-02-000000069047580	견과류	nad-a001-02-000000541753960	bsn-a001-00-000000013604308	18	07	529514	M	18	0	0	54	0
20260906	4291318	cmp-a001-02-000000010764328	grp-a001-02-000000069047580	단백질바	nad-a001-02-000000553654554	bsn-a001-00-000000013604308	18	02	529514	M	12	0	0	12	0
20260906	4291318	cmp-a001-02-000000010764328	grp-a001-02-000000069047580	견과류	nad-a001-02-000000541753960	bsn-a001-00-000000013604308	18	07	8753	M	1	0	0	5	0
20260906	4291318	cmp-a001-02-000000010764328	grp-a001-02-000000069047580	사랑님	nad-a001-02-000000553654558	bsn-a001-00-000000013604308	18	09	529514	M	2	0	0	6	0
20260906	4291318	cmp-a001-02-000000010764328	grp-a001-02-000000069047580	젤리	nad-a001-02-000000541753985	bsn-a001-00-000000013604308	18	06	8753	M	2	0	0	4	0
20260906	4291318	cmp-a001-02-000000010764328	grp-a001-02-000000069047580	단백질쉐이크	nad-a001-02-000000553654562	bsn-a001-00-000000013604308	18	02	684924	M	1	0	0	2	0
20260906	4291318	cmp-a001-02-000000010764328	grp-a001-02-000000069047580	단백질쉐이크	nad-a001-02-000000553654562	bsn-a001-00-000000013604308	18	02	8753	M	5	0	0	28	0
20260906	4291318	cmp-a001-02-000000010764328	grp-a001-02-000000072573876	추석선물	nad-a001-02-000000573683835	bsn-a001-00-000000013604308	18	04	529514	M	8	0	0	95	0
20260906	4291318	cmp-a001-02-000000010764328	grp-a001-02-000000069047580	하루견과	nad-a001-02-000000541753959	bsn-a001-00-000000013604308	18	09	529514	M	10	0	0	35	0
20260906	4291318	cmp-a001-02-000000010764328	grp-a001-02-000000069047580	팔미곡식가루	nad-a001-02-000000541753996	bsn-a001-00-000000013604308	18	02	8753	M	1	0	0	3	0
20260906	4291318	cmp-a001-02-000000010764328	grp-a001-02-000000069047580	단백질파우더	nad-a001-02-000000553654562	bsn-a001-00-000000013604308	18	09	529514	M	2	0	0	9	0
20260906	4291318	cmp-a001-02-000000010764328	grp-a001-02-000000069047580	단백질파우더	nad-a001-02-000000553654562	bsn-a001-00-000000013604308	18	15	529514	M	2	0	0	9	0
20260906	4291318	cmp-a001-02-000000010764328	grp-a001-02-000000069047580	프로틴바	nad-a001-02-000000553654559	bsn-a001-00-000000013604308	18	15	529514	M	2	0	0	9	0
20260906	4291318	cmp-a001-02-000000010764328	grp-a001-02-000000069047580	단백질쉐이크	nad-a001-02-000000553654562	bsn-a001-00-000000013604308	18	09	612594	M	1	0	0	4	0
20260906	4291318	cmp-a001-02-000000010764328	grp-a001-02-000000069047580	단백질쉐이크대용량곡물맛	nad-a001-02-000000553654562	bsn-a001-00-000000013604308	18	13	33421	M	1	0	0	8	0
20260906	4291318	cmp-a001-02-000000010764328	grp-a001-02-000000069047580	에너지바	nad-a001-02-000000553654559	bsn-a001-00-000000013604308	18	99	684926	M	2	0	0	24	0
20260906	4291318	cmp-a001-02-000000010764328	grp-a001-02-000000069047580	칼로리바	nad-a001-02-000000553654559	bsn-a001-00-000000013604308	18	00	8753	M	1	0	0	4	0
20260906	4291318	cmp-a001-02-000000010764328	grp-a001-02-000000069047580	가루	nad-a001-02-000000541753996	bsn-a001-00-000000013604308	18	01	8753	M	1	0	0	2	0
20260906	4291318	cmp-a001-02-000000010764328	grp-a001-02-000000069047580	하루견과	nad-a001-02-000000541753960	bsn-a001-00-000000013604308	18	03	11068	P	1	0	0	2	0
20260906	4291318	cmp-a001-02-000000010764328	grp-a001-02-000000069047580	하루	nad-a001-02-000000541753960	bsn-a001-00-000000013604308	18	11	98128	M	1	0	0	3	0
20260906	4291318	cmp-a001-02-000000010764328	grp-a001-02-000000069047580	견과류	nad-a001-02-000000541753999	bsn-a001-00-000000013604308	18	99	8753	M	1	0	0	1	0
20260906	4291318	cmp-a001-02-000000010764328	grp-a001-02-000000069047580	하루견과	nad-a001-02-000000541753959	bsn-a001-00-000000013604308	18	08	33421	M	1	0	0	6	0
20260906	4291318	cmp-a001-02-000000010764328	grp-a001-02-000000072573876	추석선물	nad-a001-02-000000573683835	bsn-a001-00-000000013604308	18	15	529514	M	10	0	0	116	0
20260906	4291318	cmp-a001-02-000000010764328	grp-a001-02-000000069047580	갓	nad-a001-02-000000541753999	bsn-a001-00-000000013604308	18	02	684924	M	3	0	0	3	0
20260906	4291318	cmp-a001-02-000000010764328	grp-a001-02-000000069047580	견과류	nad-a001-02-000000541753999	bsn-a001-00-000000013604308	18	17	529514	M	4	0	0	4	0
20260906	4291318	cmp-a001-02-000000010764328	grp-a001-02-000000069047580	단백질	nad-a001-02-000000553654562	bsn-a001-00-000000013604308	18	13	529514	M	1	0	0	1	0
20260906	4291318	cmp-a001-02-000000010764328	grp-a001-02-000000069047580	사랑님	nad-a001-02-000000553654559	bsn-a001-00-000000013604308	18	09	529514	M	2	0	0	13	0
20260906	4291318	cmp-a001-02-000000010764328	grp-a001-02-000000072573876	추석선물	nad-a001-02-000000573683834	bsn-a001-00-000000013604308	18	07	8753	M	1	0	0	3	0
20260906	4291318	cmp-a001-02-000000010764328	grp-a001-02-000000069047580	견과	nad-a001-02-000000541753959	bsn-a001-00-000000013604308	18	01	684926	M	2	0	0	10	0
20260906	4291318	cmp-a001-02-000000010764328	grp-a001-02-000000069047580	견과류	nad-a001-02-000000541753999	bsn-a001-00-000000013604308	18	99	529514	M	113	0	0	122	0
20260906	4291318	cmp-a001-02-000000010764328	grp-a001-02-000000069047580	사랑이	nad-a001-02-000000553654554	bsn-a001-00-000000013604308	18	99	529514	M	2	0	0	2	0
20260906	4291318	cmp-a001-02-000000010764328	grp-a001-02-000000069047580	단백질	nad-a001-02-000000553654562	bsn-a001-00-000000013604308	18	02	684927	P	2	0	0	16	0
20260906	4291318	cmp-a001-02-000000010764328	grp-a001-02-000000069047580	갓	nad-a001-02-000000541753959	bsn-a001-00-000000013604308	18	09	8753	M	1	0	0	4	0
20260906	4291318	cmp-a001-02-000000010764328	grp-a001-02-000000069047580	하루견과	nad-a001-02-000000541753960	bsn-a001-00-000000013604308	18	15	11068	P	1	0	0	3	0
20260906	4291318	cmp-a001-02-000000010764328	grp-a001-02-000000072573876	추석선물세트	nad-a001-02-000000573683835	bsn-a001-00-000000013604308	18	11	529514	M	30	0	0	107	0
20260906	4291318	cmp-a001-02-000000010764328	grp-a001-02-000000072573876	추석선물	nad-a001-02-000000573683835	bsn-a001-00-000000013604308	18	07	529514	M	8	0	0	94	0
20260906	4291318	cmp-a001-02-000000010764328	grp-a001-02-000000069047580	스토어	nad-a001-02-000000541753997	bsn-a001-00-000000013604308	18	09	98128	M	8	0	0	32	0
20260906	4291318	cmp-a001-02-000000010764328	grp-a001-02-000000069047580	갓	nad-a001-02-000000541753960	bsn-a001-00-000000013604308	18	02	8753	M	3	0	0	7	0
20260906	4291318	cmp-a001-02-000000010764328	grp-a001-02-000000069047580	5SET단백질프로틴시리얼	nad-a001-02-000000553654558	bsn-a001-00-000000013604308	18	11	8753	M	1	0	0	4	0
20260906	4291318	cmp-a001-02-000000010764328	grp-a001-02-000000072573876	추석선물세트추천	nad-a001-02-000000573683835	bsn-a001-00-000000013604308	18	08	8753	M	2	0	0	8	0
20260906	4291318	cmp-a001-02-000000010764328	grp-a001-02-000000069047580	견과류	nad-a001-02-000000541753959	bsn-a001-00-000000013604308	18	16	529514	M	18	0	0	38	0
20260906	4291318	cmp-a001-02-000000010764328	grp-a001-02-000000069047580	견과세트	nad-a001-02-000000541753999	bsn-a001-00-000000013604308	18	16	768323	M	1	0	0	2	0
20260906	4291318	cmp-a001-02-000000010764328	grp-a001-02-000000072573876	추석선물	nad-a001-02-000000573683834	bsn-a001-00-000000013604308	18	08	8753	M	1	0	0	3	0
20260906	4291318	cmp-a001-02-000000010764328	grp-a001-02-000000069047580	젤리	nad-a001-02-000000541753985	bsn-a001-00-000000013604308	18	02	137281	M	105	0	0	153	0
20260906	4291318	cmp-a001-02-000000010764328	grp-a001-02-000000072573876	추석선물세트	nad-a001-02-000000573683835	bsn-a001-00-000000013604308	18	15	529514	M	5	0	0	17	0
20260906	4291318	cmp-a001-02-000000010764328	grp-a001-02-000000069047580	단백질바	nad-a001-02-000000553654554	bsn-a001-00-000000013604308	18	99	529514	M	4	0	0	4	0
20260906	4291318	cmp-a001-02-000000010764328	grp-a001-02-000000069047580	젤리	nad-a001-02-000000541753985	bsn-a001-00-000000013604308	18	99	768323	M	1	0	0	3	0
20260906	4291318	cmp-a001-02-000000010764328	grp-a001-02-000000069047580	견과류	nad-a001-02-000000541753999	bsn-a001-00-000000013604308	18	09	137281	M	3	0	0	6	0
20260906	4291318	cmp-a001-02-000000010764328	grp-a001-02-000000069047580	견과세트	nad-a001-02-000000541753960	bsn-a001-00-000000013604308	18	16	768323	M	1	0	0	3	0
20260906	4291318	cmp-a001-02-000000010764328	grp-a001-02-000000069047580	견과	nad-a001-02-000000541753959	bsn-a001-00-000000013604308	18	16	8753	M	1	0	0	3	0
20260906	4291318	cmp-a001-02-000000010764328	grp-a001-02-000000069047580	프로틴	nad-a001-02-000000553654562	bsn-a001-00-000000013604308	18	18	8753	M	2	0	0	10	0
20260906	4291318	cmp-a001-02-000000010764328	grp-a001-02-000000069047580	단백질쉐이크	nad-a001-02-000000553654562	bsn-a001-00-000000013604308	18	04	8753	M	1	0	0	6	0
20260906	4291318	cmp-a001-02-000000010764328	grp-a001-02-000000069047580	젤리	nad-a001-02-000000541753985	bsn-a001-00-000000013604308	18	18	137281	M	59	0	0	61	0
20260906	4291318	cmp-a001-02-000000010764328	grp-a001-02-000000072573876	추석선물세트	nad-a001-02-000000573683835	bsn-a001-00-000000013604308	18	18	8753	M	1	0	0	4	0
20260906	4291318	cmp-a001-02-000000010764328	grp-a001-02-000000069047580	가루	nad-a001-02-000000541754005	bsn-a001-00-000000013604308	18	01	8753	M	1	0	0	4	0
20260906	4291318	cmp-a001-02-000000010764328	grp-a001-02-000000072573876	명절선물	nad-a001-02-000000573683835	bsn-a001-00-000000013604308	18	08	529514	M	2	0	0	23	0
20260906	4291318	cmp-a001-02-000000010764328	grp-a001-02-000000069047580	견과세트	nad-a001-02-000000541753959	bsn-a001-00-000000013604308	18	16	768323	M	1	0	0	1	0
20260906	4291318	cmp-a001-02-000000010764328	grp-a001-02-000000069047580	하루견과	nad-a001-02-000000541753999	bsn-a001-00-000000013604308	18	16	8753	M	2	0	0	3	0
20260906	4291318	cmp-a001-02-000000010764328	grp-a001-02-000000069047580	견과류	nad-a001-02-000000541753999	bsn-a001-00-000000013604308	18	17	8753	M	2	0	0	4	0
20260906	4291318	cmp-a001-02-000000010764328	grp-a001-02-000000069047580	황성주박사생식	nad-a001-02-000000541754004	bsn-a001-00-000000013604308	18	04	8753	M	2	0	0	6	0
20260906	4291318	cmp-a001-02-000000010764328	grp-a001-02-000000069047580	견과류	nad-a001-02-000000541753999	bsn-a001-00-000000013604308	18	18	684926	M	1	0	0	2	0
20260906	4291318	cmp-a001-02-000000010764328	grp-a001-02-000000069047580	갓	nad-a001-02-000000541753959	bsn-a001-00-000000013604308	18	18	8753	M	2	0	0	5	0
20260906	4291318	cmp-a001-02-000000010764328	grp-a001-02-000000069047580	쉐이크	nad-a001-02-000000553654562	bsn-a001-00-000000013604308	18	02	612594	M	1	0	0	4	0
20260906	4291318	cmp-a001-02-000000010764328	grp-a001-02-000000069047580	젤리	nad-a001-02-000000541753985	bsn-a001-00-000000013604308	18	09	684926	M	1	0	0	10	0
20260906	4291318	cmp-a001-02-000000010764328	grp-a001-02-000000069047580	갓	nad-a001-02-000000541753959	bsn-a001-00-000000013604308	18	09	27758	P	1	0	0	2	0
20260906	4291318	cmp-a001-02-000000010764328	grp-a001-02-000000069047580	단백질간식	nad-a001-02-000000553654554	bsn-a001-00-000000013604308	18	11	33421	M	1	0	0	2	0
20260906	4291318	cmp-a001-02-000000010764328	grp-a001-02-000000072573876	추석선물	nad-a001-02-000000573683834	bsn-a001-00-000000013604308	18	07	529514	M	6	0	0	67	0
20260906	4291318	cmp-a001-02-000000010764328	grp-a001-02-000000069047580	견과류	nad-a001-02-000000541753959	bsn-a001-00-000000013604308	18	04	8753	M	3	0	0	9	0
20260906	4291318	cmp-a001-02-000000010764328	grp-a001-02-000000069047580	하루견과	nad-a001-02-000000541753999	bsn-a001-00-000000013604308	18	08	8753	M	4	0	0	5	0
20260906	4291318	cmp-a001-02-000000010764328	grp-a001-02-000000069047580	단백질	nad-a001-02-000000553654562	bsn-a001-00-000000013604308	18	15	8753	M	1	0	0	6	0
20260906	4291318	cmp-a001-02-000000010764328	grp-a001-02-000000069047580	젤리	nad-a001-02-000000541753985	bsn-a001-00-000000013604308	18	09	137281	M	250	0	0	339	0
20260906	4291318	cmp-a001-02-000000010764328	grp-a001-02-000000069047580	견과류	nad-a001-02-000000541753960	bsn-a001-00-000000013604308	18	08	8753	M	5	0	0	22	0
20260906	4291318	cmp-a001-02-000000010764328	grp-a001-02-000000069047580	하루	nad-a001-02-000000541753959	bsn-a001-00-000000013604308	18	08	612594	M	2	0	0	4	0
20260906	4291318	cmp-a001-02-000000010764328	grp-a001-02-000000069047580	견과류	nad-a001-02-000000541753959	bsn-a001-00-000000013604308	18	09	11068	P	1	0	0	7	0
20260906	4291318	cmp-a001-02-000000010764328	grp-a001-02-000000069047580	가루	nad-a001-02-000000541754005	bsn-a001-00-000000013604308	18	08	98128	M	1	0	0	2	0
20260906	4291318	cmp-a001-02-000000010764328	grp-a001-02-000000069047580	견과류	nad-a001-02-000000541753999	bsn-a001-00-000000013604308	18	06	529514	M	26	0	0	27	0
20260906	4291318	cmp-a001-02-000000010764328	grp-a001-02-000000069047580	하루	nad-a001-02-000000541753960	bsn-a001-00-000000013604308	18	04	612594	M	2	0	0	6	0
20260906	4291318	cmp-a001-02-000000010764328	grp-a001-02-000000069047580	단백질쉐이크	nad-a001-02-000000553654562	bsn-a001-00-000000013604308	18	99	612594	M	1	0	0	4	0
20260906	4291318	cmp-a001-02-000000010764328	grp-a001-02-000000069047580	사랑	nad-a001-02-000000553654558	bsn-a001-00-000000013604308	18	17	98128	M	1	0	0	4	0
20260906	4291318	cmp-a001-02-000000010764328	grp-a001-02-000000069047580	갓	nad-a001-02-000000541753999	bsn-a001-00-000000013604308	18	09	27758	P	1	0	0	1	0
20260906	4291318	cmp-a001-02-000000010764328	grp-a001-02-000000069047580	에너지바	nad-a001-02-000000553654558	bsn-a001-00-000000013604308	18	08	529514	M	2	0	0	4	0
20260906	4291318	cmp-a001-02-000000010764328	grp-a001-02-000000069047580	사랑	nad-a001-02-000000553654559	bsn-a001-00-000000013604308	18	16	98128	M	1	0	0	5	0
20260906	4291318	cmp-a001-02-000000010764328	grp-a001-02-000000069047580	단백질간식	nad-a001-02-000000553654554	bsn-a001-00-000000013604308	18	02	8753	M	3	0	0	4	0
20260906	4291318	cmp-a001-02-000000010764328	grp-a001-02-000000072573876	추석선물세트	nad-a001-02-000000573683835	bsn-a001-00-000000013604308	18	06	8753	M	1	0	0	4	0
20260906	4291318	cmp-a001-02-000000010764328	grp-a001-02-000000069047580	견과류추천	nad-a001-02-000000541753999	bsn-a001-00-000000013604308	18	03	8753	M	2	0	0	4	0
20260906	4291318	cmp-a001-02-000000010764328	grp-a001-02-000000069047580	단백질쉐이크	nad-a001-02-000000553654562	bsn-a001-00-000000013604308	18	02	33421	M	3	0	0	11	0
20260906	4291318	cmp-a001-02-000000010764328	grp-a001-02-000000069047580	하루견과	nad-a001-02-000000541753999	bsn-a001-00-000000013604308	18	11	8753	M	1	0	0	2	0
20260906	4291318	cmp-a001-02-000000010764328	grp-a001-02-000000069047580	하루견과	nad-a001-02-000000541753959	bsn-a001-00-000000013604308	18	11	529514	M	2	0	0	7	0
20260906	4291318	cmp-a001-02-000000010764328	grp-a001-02-000000069047580	견과류	nad-a001-02-000000541753959	bsn-a001-00-000000013604308	18	99	612594	M	1	0	0	2	0
20260906	4291318	cmp-a001-02-000000010764328	grp-a001-02-000000072573876	명절선물	nad-a001-02-000000573683834	bsn-a001-00-000000013604308	18	13	529514	M	1	0	0	11	0
20260906	4291318	cmp-a001-02-000000010764328	grp-a001-02-000000069047580	하루견과	nad-a001-02-000000541753999	bsn-a001-00-000000013604308	18	09	8753	M	7	0	0	12	0
20260906	4291318	cmp-a001-02-000000010764328	grp-a001-02-000000069047580	가루	nad-a001-02-000000541753997	bsn-a001-00-000000013604308	18	09	98128	M	4	0	0	20	0
20260906	4291318	cmp-a001-02-000000010764328	grp-a001-02-000000069047580	견과류추천	nad-a001-02-000000541753960	bsn-a001-00-000000013604308	18	18	8753	M	1	0	0	5	0
20260906	4291318	cmp-a001-02-000000010764328	grp-a001-02-000000069047580	황성주생식	nad-a001-02-000000541753997	bsn-a001-00-000000013604308	18	18	8753	M	1	0	0	5	0
20260906	4291318	cmp-a001-02-000000010764328	grp-a001-02-000000069047580	프로틴바	nad-a001-02-000000553654554	bsn-a001-00-000000013604308	18	15	98128	M	4	0	0	4	0
20260906	4291318	cmp-a001-02-000000010764328	grp-a001-02-000000069047580	견과류어디게좋을까?	nad-a001-02-000000541753999	bsn-a001-00-000000013604308	18	09	8753	M	1	0	0	2	0
20260906	4291318	cmp-a001-02-000000010764328	grp-a001-02-000000069047580	견과	nad-a001-02-000000541753999	bsn-a001-00-000000013604308	18	16	8753	M	1	1	2527	2	0
20260906	4291318	cmp-a001-02-000000010764328	grp-a001-02-000000069047580	에너지바	nad-a001-02-000000553654558	bsn-a001-00-000000013604308	18	06	8753	M	1	0	0	5	0
20260906	4291318	cmp-a001-02-000000010764328	grp-a001-02-000000069047580	에너지바	nad-a001-02-000000553654554	bsn-a001-00-000000013604308	18	11	529514	M	2	0	0	2	0
20260906	4291318	cmp-a001-02-000000010764328	grp-a001-02-000000069047580	스토어	nad-a001-02-000000541753996	bsn-a001-00-000000013604308	18	00	98128	M	1	0	0	2	0
20260906	4291318	cmp-a001-02-000000010764328	grp-a001-02-000000069047580	단백질바	nad-a001-02-000000553654559	bsn-a001-00-000000013604308	18	09	529514	M	1	0	0	5	0
20260906	4291318	cmp-a001-02-000000010764328	grp-a001-02-000000069047580	프로틴	nad-a001-02-000000553654562	bsn-a001-00-000000013604308	18	02	684926	M	2	0	0	8	0
20260906	4291318	cmp-a001-02-000000010764328	grp-a001-02-000000069047580	프로틴	nad-a001-02-000000553654562	bsn-a001-00-000000013604308	18	11	529514	M	5	0	0	5	0
20260906	4291318	cmp-a001-02-000000010764328	grp-a001-02-000000069047580	사랑님	nad-a001-02-000000553654558	bsn-a001-00-000000013604308	18	08	529514	M	2	0	0	6	0
20260906	4291318	cmp-a001-02-000000010764328	grp-a001-02-000000069047580	사랑	nad-a001-02-000000553654554	bsn-a001-00-000000013604308	18	09	137281	M	5	0	0	5	0
20260906	4291318	cmp-a001-02-000000010764328	grp-a001-02-000000069047580	견과류	nad-a001-02-000000541753960	bsn-a001-00-000000013604308	18	03	529514	M	37	0	0	111	0
20260906	4291318	cmp-a001-02-000000010764328	grp-a001-02-000000069047580	사랑이	nad-a001-02-000000553654559	bsn-a001-00-000000013604308	18	02	529514	M	2	0	0	13	0
20260906	4291318	cmp-a001-02-000000010764328	grp-a001-02-000000069047580	칼로리바가격	nad-a001-02-000000553654559	bsn-a001-00-000000013604308	18	09	8753	M	1	0	0	4	0
20260906	4291318	cmp-a001-02-000000010764328	grp-a001-02-000000072573876	추석선물	nad-a001-02-000000573683835	bsn-a001-00-000000013604308	18	07	8753	M	1	0	0	4	0
20260906	4291318	cmp-a001-02-000000010764328	grp-a001-02-000000069047580	프로틴쉐이크	nad-a001-02-000000553654562	bsn-a001-00-000000013604308	18	18	33421	M	1	0	0	9	0
20260906	4291318	cmp-a001-02-000000010764328	grp-a001-02-000000069047580	프로틴바	nad-a001-02-000000553654554	bsn-a001-00-000000013604308	18	01	529514	M	18	0	0	18	0
20260906	4291318	cmp-a001-02-000000010764328	grp-a001-02-000000069047580	하루	nad-a001-02-000000541753959	bsn-a001-00-000000013604308	18	11	612593	P	1	0	0	1	0
20260906	4291318	cmp-a001-02-000000010764328	grp-a001-02-000000069047580	젤리	nad-a001-02-000000541753985	bsn-a001-00-000000013604308	18	01	137281	M	20	0	0	24	0
20260906	4291318	cmp-a001-02-000000010764328	grp-a001-02-000000069047580	스토어	nad-a001-02-000000541753997	bsn-a001-00-000000013604308	18	02	335738	P	2	0	0	6	0
20260906	4291318	cmp-a001-02-000000010764328	grp-a001-02-000000069047580	견과류	nad-a001-02-000000541753959	bsn-a001-00-000000013604308	18	01	8753	M	1	0	0	3	0
20260906	4291318	cmp-a001-02-000000010764328	grp-a001-02-000000069047580	프로틴바	nad-a001-02-000000553654559	bsn-a001-00-000000013604308	18	09	529514	M	20	0	0	90	0
20260906	4291318	cmp-a001-02-000000010764328	grp-a001-02-000000072573876	추석선물	nad-a001-02-000000573683834	bsn-a001-00-000000013604308	18	02	529514	M	38	0	0	420	0
20260906	4291318	cmp-a001-02-000000010764328	grp-a001-02-000000069047580	하루견과	nad-a001-02-000000541753999	bsn-a001-00-000000013604308	18	09	684924	M	1	0	0	1	0
20260906	4291318	cmp-a001-02-000000010764328	grp-a001-02-000000072573876	추석선물세트	nad-a001-02-000000573683835	bsn-a001-00-000000013604308	18	18	798056	M	1	0	0	4	0
20260906	4291318	cmp-a001-02-000000010764328	grp-a001-02-000000069047580	하루견과	nad-a001-02-000000541753999	bsn-a001-00-000000013604308	18	09	529514	M	10	0	0	15	0
20260906	4291318	cmp-a001-02-000000010764328	grp-a001-02-000000069047580	젤리	nad-a001-02-000000541753985	bsn-a001-00-000000013604308	18	15	684925	P	1	0	0	1	0
20260906	4291318	cmp-a001-02-000000010764328	grp-a001-02-000000069047580	하루견과	nad-a001-02-000000541753999	bsn-a001-00-000000013604308	18	09	87620	M	1	0	0	1	0
20260906	4291318	cmp-a001-02-000000010764328	grp-a001-02-000000072573876	추석선물세트	nad-a001-02-000000573683835	bsn-a001-00-000000013604308	18	01	529514	M	6	0	0	25	0
20260906	4291318	cmp-a001-02-000000010764328	grp-a001-02-000000069047580	견과류	nad-a001-02-000000541753959	bsn-a001-00-000000013604308	18	99	529514	M	113	0	0	228	0
20260906	4291318	cmp-a001-02-000000010764328	grp-a001-02-000000069047580	갓	nad-a001-02-000000541753999	bsn-a001-00-000000013604308	18	10	8753	M	1	0	0	1	0
20260906	4291318	cmp-a001-02-000000010764328	grp-a001-02-000000069047580	에너지바	nad-a001-02-000000553654559	bsn-a001-00-000000013604308	18	15	529514	M	6	0	0	18	0
20260906	4291318	cmp-a001-02-000000010764328	grp-a001-02-000000069047580	젤리	nad-a001-02-000000541753985	bsn-a001-00-000000013604308	18	02	98128	M	4	0	0	5	0
20260906	4291318	cmp-a001-02-000000010764328	grp-a001-02-000000069047580	견과류추천	nad-a001-02-000000541753999	bsn-a001-00-000000013604308	18	18	8753	M	1	0	0	3	0
20260906	4291318	cmp-a001-02-000000010764328	grp-a001-02-000000069047580	프로틴바	nad-a001-02-000000553654558	bsn-a001-00-000000013604308	18	01	529514	M	18	0	0	36	0
20260906	4291318	cmp-a001-02-000000010764328	grp-a001-02-000000069047580	갓	nad-a001-02-000000541753999	bsn-a001-00-000000013604308	18	08	684924	M	1	0	0	1	0
20260906	4291318	cmp-a001-02-000000010764328	grp-a001-02-000000069047580	단백질바	nad-a001-02-000000553654558	bsn-a001-00-000000013604308	18	04	529514	M	2	0	0	4	0
20260906	4291318	cmp-a001-02-000000010764328	grp-a001-02-000000069047580	젤리	nad-a001-02-000000541753985	bsn-a001-00-000000013604308	18	15	137281	M	26	0	0	39	0
20260906	4291318	cmp-a001-02-000000010764328	grp-a001-02-000000069047580	하루네	nad-a001-02-000000541753999	bsn-a001-00-000000013604308	18	11	8753	M	1	0	0	2	0
20260906	4291318	cmp-a001-02-000000010764328	grp-a001-02-000000069047580	단백질쉐이크	nad-a001-02-000000553654562	bsn-a001-00-000000013604308	18	09	529514	M	117	0	0	117	0
20260906	4291318	cmp-a001-02-000000010764328	grp-a001-02-000000069047580	견과류	nad-a001-02-000000541753959	bsn-a001-00-000000013604308	18	08	8753	M	4	0	0	14	0
20260906	4291318	cmp-a001-02-000000010764328	grp-a001-02-000000069047580	스토어	nad-a001-02-000000541753997	bsn-a001-00-000000013604308	18	07	98128	M	1	0	0	4	0
20260906	4291318	cmp-a001-02-000000010764328	grp-a001-02-000000069047580	견과류	nad-a001-02-000000541753960	bsn-a001-00-000000013604308	18	04	529514	M	20	0	0	60	0
20260906	4291318	cmp-a001-02-000000010764328	grp-a001-02-000000069047580	하루	nad-a001-02-000000541753960	bsn-a001-00-000000013604308	18	09	137281	M	58	0	0	58	0
20260906	4291318	cmp-a001-02-000000010764328	grp-a001-02-000000069047580	단백질쉐이크	nad-a001-02-000000553654562	bsn-a001-00-000000013604308	18	00	612594	M	1	0	0	4	0
20260906	4291318	cmp-a001-02-000000010764328	grp-a001-02-000000069047580	하루견과	nad-a001-02-000000541753959	bsn-a001-00-000000013604308	18	02	529514	M	2	0	0	7	0
20260906	4291318	cmp-a001-02-000000010764328	grp-a001-02-000000069047580	프로틴	nad-a001-02-000000553654562	bsn-a001-00-000000013604308	18	99	768323	M	12	0	0	19	0
20260906	4291318	cmp-a001-02-000000010764328	grp-a001-02-000000069047580	견과류	nad-a001-02-000000541753960	bsn-a001-00-000000013604308	18	09	11068	P	1	0	0	6	0
20260906	4291318	cmp-a001-02-000000010764328	grp-a001-02-000000069047580	단백질간식	nad-a001-02-000000553654554	bsn-a001-00-000000013604308	18	09	8753	M	1	0	0	1	0
20260906	4291318	cmp-a001-02-000000010764328	grp-a001-02-000000072573876	추석선물	nad-a001-02-000000573683835	bsn-a001-00-000000013604308	18	04	8753	M	1	0	0	4	0
20260906	4291318	cmp-a001-02-000000010764328	grp-a001-02-000000072573876	특가	nad-a001-02-000000573683834	bsn-a001-00-000000013604308	18	15	529514	M	2	0	0	24	0
20260906	4291318	cmp-a001-02-000000010764328	grp-a001-02-000000069047580	스토어	nad-a001-02-000000541753997	bsn-a001-00-000000013604308	18	00	248824	P	11	0	0	22	0
20260906	4291318	cmp-a001-02-000000010764328	grp-a001-02-000000069047580	프로틴	nad-a001-02-000000553654562	bsn-a001-00-000000013604308	18	18	768323	M	11	0	0	15	0
20260906	4291318	cmp-a001-02-000000010764328	grp-a001-02-000000069047580	프로틴바	nad-a001-02-000000553654554	bsn-a001-00-000000013604308	18	01	8753	M	1	0	0	6	0
20260906	4291318	cmp-a001-02-000000010764328	grp-a001-02-000000072573876	추석선물	nad-a001-02-000000573683834	bsn-a001-00-000000013604308	18	02	8753	M	10	1	4387	47	0
20260906	4291318	cmp-a001-02-000000010764328	grp-a001-02-000000069047580	가루	nad-a001-02-000000541754005	bsn-a001-00-000000013604308	18	01	612594	M	1	0	0	4	0
20260906	4291318	cmp-a001-02-000000010764328	grp-a001-02-000000069047580	하루	nad-a001-02-000000541753960	bsn-a001-00-000000013604308	18	09	98128	M	5	0	0	15	0
20260906	4291318	cmp-a001-02-000000010764328	grp-a001-02-000000069047580	하루견과	nad-a001-02-000000541753959	bsn-a001-00-000000013604308	18	11	8753	M	1	0	0	5	0
20260906	4291318	cmp-a001-02-000000010764328	grp-a001-02-000000069047580	제리	nad-a001-02-000000541753985	bsn-a001-00-000000013604308	18	09	8753	M	1	0	0	3	0
20260906	4291318	cmp-a001-02-000000010764328	grp-a001-02-000000069047580	젤리	nad-a001-02-000000541753985	bsn-a001-00-000000013604308	18	06	137281	M	22	0	0	37	0
20260906	4291318	cmp-a001-02-000000010764328	grp-a001-02-000000069047580	프로틴바	nad-a001-02-000000553654559	bsn-a001-00-000000013604308	18	11	33421	M	1	0	0	38	0
20260906	4291318	cmp-a001-02-000000010764328	grp-a001-02-000000069047580	단백질바	nad-a001-02-000000553654554	bsn-a001-00-000000013604308	18	16	529514	M	2	0	0	2	0
20260906	4291318	cmp-a001-02-000000010764328	grp-a001-02-000000069047580	검은깨가루보관방법	nad-a001-02-000000541754004	bsn-a001-00-000000013604308	18	18	8753	M	1	0	0	2	0
20260906	4291318	cmp-a001-02-000000010764328	grp-a001-02-000000069047580	견과류	nad-a001-02-000000541753959	bsn-a001-00-000000013604308	18	11	529514	M	29	0	0	58	0
20260906	4291318	cmp-a001-02-000000010764328	grp-a001-02-000000069047580	단백질보충제	nad-a001-02-000000553654562	bsn-a001-00-000000013604308	18	02	33421	M	1	0	0	5	0
20260906	4291318	cmp-a001-02-000000010764328	grp-a001-02-000000069047580	견과	nad-a001-02-000000541753959	bsn-a001-00-000000013604308	18	09	684926	M	2	0	0	6	0
20260906	4291318	cmp-a001-02-000000010764328	grp-a001-02-000000069047580	젤리	nad-a001-02-000000541753985	bsn-a001-00-000000013604308	18	02	8753	M	3	0	0	11	0
20260906	4291318	cmp-a001-02-000000010764328	grp-a001-02-000000069047580	프로틴바	nad-a001-02-000000553654558	bsn-a001-00-000000013604308	18	16	529514	M	2	0	0	4	0
20260906	4291318	cmp-a001-02-000000010764328	grp-a001-02-000000069047580	가루	nad-a001-02-000000541753997	bsn-a001-00-000000013604308	18	16	8753	M	1	0	0	1	0
20260906	4291318	cmp-a001-02-000000010764328	grp-a001-02-000000069047580	푸룬젤리효과	nad-a001-02-000000541753985	bsn-a001-00-000000013604308	18	18	8753	M	1	0	0	3	0
20260906	4291318	cmp-a001-02-000000010764328	grp-a001-02-000000069047580	단백질	nad-a001-02-000000553654562	bsn-a001-00-000000013604308	18	15	98128	M	2	0	0	2	0
20260906	4291318	cmp-a001-02-000000010764328	grp-a001-02-000000069047580	에너지바	nad-a001-02-000000553654558	bsn-a001-00-000000013604308	18	09	791888	M	1	0	0	2	0
20260906	4291318	cmp-a001-02-000000010764328	grp-a001-02-000000072573876	추석선물세트	nad-a001-02-000000573683834	bsn-a001-00-000000013604308	18	04	529514	M	14	0	0	44	0
20260906	4291318	cmp-a001-02-000000010764328	grp-a001-02-000000072573876	추석선물	nad-a001-02-000000573683834	bsn-a001-00-000000013604308	18	11	529514	M	3	0	0	33	0
20260906	4291318	cmp-a001-02-000000010764328	grp-a001-02-000000072573876	추석선물	nad-a001-02-000000573683835	bsn-a001-00-000000013604308	18	01	8753	M	1	0	0	3	0
20260906	4291318	cmp-a001-02-000000010764328	grp-a001-02-000000069047580	견과	nad-a001-02-000000541753959	bsn-a001-00-000000013604308	18	03	684926	M	1	0	0	4	0
20260906	4291318	cmp-a001-02-000000010764328	grp-a001-02-000000069047580	사랑	nad-a001-02-000000553654559	bsn-a001-00-000000013604308	18	09	98128	M	1	0	0	5	0
20260906	4291318	cmp-a001-02-000000010764328	grp-a001-02-000000069047580	단백질쉐이크	nad-a001-02-000000553654562	bsn-a001-00-000000013604308	18	09	684924	M	1	0	0	1	0
20260906	4291318	cmp-a001-02-000000010764328	grp-a001-02-000000069047580	견과류추천	nad-a001-02-000000541753959	bsn-a001-00-000000013604308	18	07	8753	M	1	0	0	3	0
20260906	4291318	cmp-a001-02-000000010764328	grp-a001-02-000000069047580	견과류	nad-a001-02-000000541753999	bsn-a001-00-000000013604308	18	11	8753	M	2	0	0	4	0
20260906	4291318	cmp-a001-02-000000010764328	grp-a001-02-000000069047580	견과세트	nad-a001-02-000000541753959	bsn-a001-00-000000013604308	18	09	768323	M	2	0	0	2	0
20260906	4291318	cmp-a001-02-000000010764328	grp-a001-02-000000069047580	하루견과	nad-a001-02-000000541753959	bsn-a001-00-000000013604308	18	02	684926	M	5	0	0	33	0
20260906	4291318	cmp-a001-02-000000010764328	grp-a001-02-000000072573876	추석선물세트	nad-a001-02-000000573683834	bsn-a001-00-000000013604308	18	13	87620	M	4	0	0	16	0
20260906	4291318	cmp-a001-02-000000010764328	grp-a001-02-000000069047580	견과세트	nad-a001-02-000000541753999	bsn-a001-00-000000013604308	18	18	768323	M	1	0	0	2	0
20260906	4291318	cmp-a001-02-000000010764328	grp-a001-02-000000069047580	하루견과	nad-a001-02-000000541753959	bsn-a001-00-000000013604308	18	09	87620	M	1	0	0	3	0
20260906	4291318	cmp-a001-02-000000010764328	grp-a001-02-000000072573876	추석선물세트	nad-a001-02-000000573683834	bsn-a001-00-000000013604308	18	17	529514	M	3	0	0	9	0
20260906	4291318	cmp-a001-02-000000010764328	grp-a001-02-000000069047580	단백질쉐이크	nad-a001-02-000000553654562	bsn-a001-00-000000013604308	18	02	684925	P	2	0	0	2	0
20260906	4291318	cmp-a001-02-000000010764328	grp-a001-02-000000069047580	하루	nad-a001-02-000000541753999	bsn-a001-00-000000013604308	18	11	612593	P	1	0	0	2	0
20260906	4291318	cmp-a001-02-000000010764328	grp-a001-02-000000069047580	프로틴시리얼캐시돌	nad-a001-02-000000553654554	bsn-a001-00-000000013604308	18	02	8753	M	1	0	0	4	0
20260906	4291318	cmp-a001-02-000000010764328	grp-a001-02-000000069047580	하루견과	nad-a001-02-000000541753959	bsn-a001-00-000000013604308	18	01	8753	M	2	0	0	6	0
20260906	4291318	cmp-a001-02-000000010764328	grp-a001-02-000000069047580	갓	nad-a001-02-000000541753959	bsn-a001-00-000000013604308	18	15	8753	M	1	0	0	3	0
20260906	4291318	cmp-a001-02-000000010764328	grp-a001-02-000000069047580	스토어	nad-a001-02-000000541754004	bsn-a001-00-000000013604308	18	07	98128	M	2	0	0	2	0
20260906	4291318	cmp-a001-02-000000010764328	grp-a001-02-000000069047580	황성주생식라이프밀	nad-a001-02-000000541754005	bsn-a001-00-000000013604308	18	14	612594	M	1	0	0	5	0
20260906	4291318	cmp-a001-02-000000010764328	grp-a001-02-000000069047580	견과류	nad-a001-02-000000541753999	bsn-a001-00-000000013604308	18	09	633013	M	2	0	0	6	0
20260906	4291318	cmp-a001-02-000000010764328	grp-a001-02-000000069047580	프로틴	nad-a001-02-000000553654562	bsn-a001-00-000000013604308	18	11	8753	M	1	0	0	10	0
20260906	4291318	cmp-a001-02-000000010764328	grp-a001-02-000000072573876	명절선물	nad-a001-02-000000573683835	bsn-a001-00-000000013604308	18	17	529514	M	1	0	0	11	0
20260906	4291318	cmp-a001-02-000000010764328	grp-a001-02-000000072573876	추석선물세트	nad-a001-02-000000573683835	bsn-a001-00-000000013604308	18	99	684926	M	2	0	0	14	0
20260906	4291318	cmp-a001-02-000000010764328	grp-a001-02-000000072573876	추석선물세트	nad-a001-02-000000573683835	bsn-a001-00-000000013604308	18	08	529514	M	10	0	0	36	0
20260906	4291318	cmp-a001-02-000000010764328	grp-a001-02-000000069047580	단백질바	nad-a001-02-000000553654554	bsn-a001-00-000000013604308	18	08	8753	M	2	0	0	12	0
20260906	4291318	cmp-a001-02-000000010764328	grp-a001-02-000000069047580	하루견과	nad-a001-02-000000541753960	bsn-a001-00-000000013604308	18	04	529514	M	2	0	0	5	0
20260906	4291318	cmp-a001-02-000000010764328	grp-a001-02-000000069047580	견과류추천	nad-a001-02-000000541753959	bsn-a001-00-000000013604308	18	06	8753	M	1	0	0	3	0
20260906	4291318	cmp-a001-02-000000010764328	grp-a001-02-000000069047580	견과	nad-a001-02-000000541753959	bsn-a001-00-000000013604308	18	09	529514	M	13	0	0	17	0
20260906	4291318	cmp-a001-02-000000010764328	grp-a001-02-000000069047580	단백질바	nad-a001-02-000000553654558	bsn-a001-00-000000013604308	18	06	529514	M	14	0	0	28	0
20260906	4291318	cmp-a001-02-000000010764328	grp-a001-02-000000069047580	스토어	nad-a001-02-000000541753996	bsn-a001-00-000000013604308	18	15	98128	M	1	0	0	2	0
20260906	4291318	cmp-a001-02-000000010764328	grp-a001-02-000000072573876	추석선물	nad-a001-02-000000573683835	bsn-a001-00-000000013604308	18	16	529514	M	8	0	0	98	0
20260906	4291318	cmp-a001-02-000000010764328	grp-a001-02-000000072573876	명절선물	nad-a001-02-000000573683835	bsn-a001-00-000000013604308	18	02	529514	M	5	0	0	58	0
20260906	4291318	cmp-a001-02-000000010764328	grp-a001-02-000000069047580	하루	nad-a001-02-000000541753999	bsn-a001-00-000000013604308	18	16	612594	M	2	0	0	2	0
20260906	4291318	cmp-a001-02-000000010764328	grp-a001-02-000000069047580	견과류	nad-a001-02-000000541753999	bsn-a001-00-000000013604308	18	10	529514	M	10	0	0	10	0
20260906	4291318	cmp-a001-02-000000010764328	grp-a001-02-000000069047580	사랑님	nad-a001-02-000000553654554	bsn-a001-00-000000013604308	18	08	529514	M	2	0	0	2	0
20260906	4291318	cmp-a001-02-000000010764328	grp-a001-02-000000069047580	견과류	nad-a001-02-000000541753959	bsn-a001-00-000000013604308	18	02	8753	M	15	0	0	48	0
20260906	4291318	cmp-a001-02-000000010764328	grp-a001-02-000000069047580	단백질	nad-a001-02-000000553654562	bsn-a001-00-000000013604308	18	10	98128	M	17	0	0	17	0
20260906	4291318	cmp-a001-02-000000010764328	grp-a001-02-000000069047580	단백질바	nad-a001-02-000000553654558	bsn-a001-00-000000013604308	18	10	529514	M	8	0	0	16	0
20260906	4291318	cmp-a001-02-000000010764328	grp-a001-02-000000072573876	명절선물	nad-a001-02-000000573683834	bsn-a001-00-000000013604308	18	10	529514	M	1	0	0	11	0
20260906	4291318	cmp-a001-02-000000010764328	grp-a001-02-000000069047580	하루	nad-a001-02-000000541753999	bsn-a001-00-000000013604308	18	11	98128	M	1	0	0	1	0
20260906	4291318	cmp-a001-02-000000010764328	grp-a001-02-000000069047580	다이어트쉐이크	nad-a001-02-000000553654562	bsn-a001-00-000000013604308	18	99	529514	M	2	0	0	2	0
20260906	4291318	cmp-a001-02-000000010764328	grp-a001-02-000000069047580	프로틴바	nad-a001-02-000000553654558	bsn-a001-00-000000013604308	18	99	529514	M	12	0	0	24	0
20260906	4291318	cmp-a001-02-000000010764328	grp-a001-02-000000069047580	프로틴	nad-a001-02-000000553654562	bsn-a001-00-000000013604308	18	08	768323	M	5	0	0	7	0
20260906	4291318	cmp-a001-02-000000010764328	grp-a001-02-000000069047580	하루견과	nad-a001-02-000000541753959	bsn-a001-00-000000013604308	18	08	8753	M	4	0	0	14	0
20260906	4291318	cmp-a001-02-000000010764328	grp-a001-02-000000069047580	하루견과	nad-a001-02-000000541753959	bsn-a001-00-000000013604308	18	03	27758	P	1	0	0	3	0
20260906	4291318	cmp-a001-02-000000010764328	grp-a001-02-000000069047580	프로틴	nad-a001-02-000000553654562	bsn-a001-00-000000013604308	18	13	8753	M	1	0	0	6	0
20260906	4291318	cmp-a001-02-000000010764328	grp-a001-02-000000072573876	추석선물	nad-a001-02-000000573683834	bsn-a001-00-000000013604308	18	16	529514	M	6	0	0	68	0
20260906	4291318	cmp-a001-02-000000010764328	grp-a001-02-000000069047580	스토어	nad-a001-02-000000541754004	bsn-a001-00-000000013604308	18	16	98128	M	1	0	0	1	0
20260906	4291318	cmp-a001-02-000000010764328	grp-a001-02-000000072573876	명절선물	nad-a001-02-000000573683835	bsn-a001-00-000000013604308	18	02	33421	M	1	0	0	7	0
20260906	4291318	cmp-a001-02-000000010764328	grp-a001-02-000000072573876	추석선물세트	nad-a001-02-000000573683834	bsn-a001-00-000000013604308	18	99	684926	M	2	0	0	4	0
20260906	4291318	cmp-a001-02-000000010764328	grp-a001-02-000000072573876	추석선물세트	nad-a001-02-000000573683835	bsn-a001-00-000000013604308	18	18	33421	M	1	0	0	7	0
20260906	4291318	cmp-a001-02-000000010764328	grp-a001-02-000000072573876	추석선물세트추천	nad-a001-02-000000573683834	bsn-a001-00-000000013604308	18	02	798055	P	7	0	0	42	0
20260906	4291318	cmp-a001-02-000000010764328	grp-a001-02-000000069047580	황성주생식라이프밀	nad-a001-02-000000541753997	bsn-a001-00-000000013604308	18	07	8753	M	2	0	0	11	0
20260906	4291318	cmp-a001-02-000000010764328	grp-a001-02-000000072573876	추석선물세트	nad-a001-02-000000573683834	bsn-a001-00-000000013604308	18	03	8753	M	2	0	0	6	0
20260906	4291318	cmp-a001-02-000000010764328	grp-a001-02-000000069047580	견과세트	nad-a001-02-000000541753999	bsn-a001-00-000000013604308	18	99	768323	M	1	0	0	2	0
20260906	4291318	cmp-a001-02-000000010764328	grp-a001-02-000000069047580	가루	nad-a001-02-000000541753988	bsn-a001-00-000000013604308	18	08	98128	M	1	0	0	9	0
20260906	4291318	cmp-a001-02-000000010764328	grp-a001-02-000000069047580	견과류	nad-a001-02-000000541753960	bsn-a001-00-000000013604308	18	18	137281	M	1	0	0	1	0
20260906	4291318	cmp-a001-02-000000010764328	grp-a001-02-000000072573876	추석선물세트	nad-a001-02-000000573683834	bsn-a001-00-000000013604308	18	15	33421	M	1	0	0	2	0
20260906	4291318	cmp-a001-02-000000010764328	grp-a001-02-000000069047580	견과류세트	nad-a001-02-000000541753960	bsn-a001-00-000000013604308	18	99	529514	M	2	0	0	6	0
20260906	4291318	cmp-a001-02-000000010764328	grp-a001-02-000000069047580	견과세트	nad-a001-02-000000541753959	bsn-a001-00-000000013604308	18	01	768323	M	2	0	0	2	0
20260906	4291318	cmp-a001-02-000000010764328	grp-a001-02-000000069047580	하루	nad-a001-02-000000541753960	bsn-a001-00-000000013604308	18	02	98128	M	15	0	0	45	0
20260906	4291318	cmp-a001-02-000000010764328	grp-a001-02-000000069047580	단백질보충제	nad-a001-02-000000553654562	bsn-a001-00-000000013604308	18	99	8753	M	1	0	0	5	0
20260906	4291318	cmp-a001-02-000000010764328	grp-a001-02-000000072573876	추석선물세트추천	nad-a001-02-000000573683834	bsn-a001-00-000000013604308	18	18	8753	M	1	0	0	3	0
20260906	4291318	cmp-a001-02-000000010764328	grp-a001-02-000000069047580	프로틴	nad-a001-02-000000553654562	bsn-a001-00-000000013604308	18	04	8753	M	2	0	0	8	0
20260906	4291318	cmp-a001-02-000000010764328	grp-a001-02-000000069047580	견과세트	nad-a001-02-000000541753960	bsn-a001-00-000000013604308	18	09	768323	M	2	0	0	6	0
20260906	4291318	cmp-a001-02-000000010764328	grp-a001-02-000000069047580	사랑	nad-a001-02-000000553654554	bsn-a001-00-000000013604308	18	04	98128	M	1	0	0	3	0
20260906	4291318	cmp-a001-02-000000010764328	grp-a001-02-000000069047580	젤리	nad-a001-02-000000541753985	bsn-a001-00-000000013604308	18	04	137281	M	1	0	0	2	0
20260906	4291318	cmp-a001-02-000000010764328	grp-a001-02-000000069047580	견과류	nad-a001-02-000000541753959	bsn-a001-00-000000013604308	18	15	8753	M	1	0	0	3	0
20260906	4291318	cmp-a001-02-000000010764328	grp-a001-02-000000069047580	견과류	nad-a001-02-000000541753959	bsn-a001-00-000000013604308	18	09	529514	M	232	0	0	472	0
20260906	4291318	cmp-a001-02-000000010764328	grp-a001-02-000000069047580	에너지바	nad-a001-02-000000553654558	bsn-a001-00-000000013604308	18	07	8753	M	2	0	0	12	0
20260906	4291318	cmp-a001-02-000000010764328	grp-a001-02-000000069047580	사랑님	nad-a001-02-000000553654554	bsn-a001-00-000000013604308	18	13	529514	M	14	0	0	14	0
20260906	4291318	cmp-a001-02-000000010764328	grp-a001-02-000000069047580	견과류추천	nad-a001-02-000000541753959	bsn-a001-00-000000013604308	18	18	8753	M	1	0	0	4	0
20260906	4291318	cmp-a001-02-000000010764328	grp-a001-02-000000072573876	추석선물세트	nad-a001-02-000000573683835	bsn-a001-00-000000013604308	18	15	341898	M	1	0	0	3	0
20260906	4291318	cmp-a001-02-000000010764328	grp-a001-02-000000069047580	견과류추천	nad-a001-02-000000541753999	bsn-a001-00-000000013604308	18	09	684924	M	1	0	0	1	0
20260906	4291318	cmp-a001-02-000000010764328	grp-a001-02-000000072573876	추석선물세트	nad-a001-02-000000573683834	bsn-a001-00-000000013604308	18	18	798056	M	1	0	0	6	0
20260906	4291318	cmp-a001-02-000000010764328	grp-a001-02-000000069047580	하루견과	nad-a001-02-000000541753960	bsn-a001-00-000000013604308	18	16	33421	M	1	0	0	4	0
20260906	4291318	cmp-a001-02-000000010764328	grp-a001-02-000000069047580	다이어트단백질	nad-a001-02-000000553654562	bsn-a001-00-000000013604308	18	09	98128	M	5	0	0	10	0
20260906	4291318	cmp-a001-02-000000010764328	grp-a001-02-000000069047580	하루	nad-a001-02-000000541753959	bsn-a001-00-000000013604308	18	09	612594	M	10	0	0	20	0
20260906	4291318	cmp-a001-02-000000010764328	grp-a001-02-000000072573876	명절선물	nad-a001-02-000000573683835	bsn-a001-00-000000013604308	18	09	529514	M	5	0	0	60	0
20260906	4291318	cmp-a001-02-000000010764328	grp-a001-02-000000069047580	견과류	nad-a001-02-000000541753960	bsn-a001-00-000000013604308	18	17	529514	M	4	0	0	12	0
20260906	4291318	cmp-a001-02-000000010764328	grp-a001-02-000000069047580	팔미생식가루	nad-a001-02-000000541753997	bsn-a001-00-000000013604308	18	02	8753	M	1	0	0	1	0
20260906	4291318	cmp-a001-02-000000010764328	grp-a001-02-000000069047580	하루	nad-a001-02-000000541753999	bsn-a001-00-000000013604308	18	09	137281	M	58	0	0	116	0
20260906	4291318	cmp-a001-02-000000010764328	grp-a001-02-000000069047580	견과세트	nad-a001-02-000000541753960	bsn-a001-00-000000013604308	18	01	768323	M	2	0	0	6	0
20260906	4291318	cmp-a001-02-000000010764328	grp-a001-02-000000069047580	견과류	nad-a001-02-000000541753999	bsn-a001-00-000000013604308	18	15	529514	M	25	0	0	25	0
20260906	4291318	cmp-a001-02-000000010764328	grp-a001-02-000000069047580	프로틴바	nad-a001-02-000000553654554	bsn-a001-00-000000013604308	18	08	529514	M	12	0	0	12	0
20260906	4291318	cmp-a001-02-000000010764328	grp-a001-02-000000069047580	단백질쉐이크	nad-a001-02-000000553654562	bsn-a001-00-000000013604308	18	16	529514	M	2	0	0	2	0
20260906	4291318	cmp-a001-02-000000010764328	grp-a001-02-000000069047580	프로틴바	nad-a001-02-000000553654559	bsn-a001-00-000000013604308	18	02	529514	M	11	0	0	47	0
20260906	4291318	cmp-a001-02-000000010764328	grp-a001-02-000000069047580	갓	nad-a001-02-000000541753999	bsn-a001-00-000000013604308	18	09	684924	M	1	0	0	1	0
20260906	4291318	cmp-a001-02-000000010764328	grp-a001-02-000000069047580	단백질바	nad-a001-02-000000553654559	bsn-a001-00-000000013604308	18	02	529514	M	12	0	0	54	0
20260906	4291318	cmp-a001-02-000000010764328	grp-a001-02-000000069047580	견과류	nad-a001-02-000000541753959	bsn-a001-00-000000013604308	18	06	633013	M	1	0	0	1	0
20260906	4291318	cmp-a001-02-000000010764328	grp-a001-02-000000072573876	추석선물세트	nad-a001-02-000000573683834	bsn-a001-00-000000013604308	18	13	529514	M	9	0	0	28	0
20260906	4291318	cmp-a001-02-000000010764328	grp-a001-02-000000069047580	팔미곡식가루	nad-a001-02-000000541753997	bsn-a001-00-000000013604308	18	02	8753	M	1	0	0	1	0
20260906	4291318	cmp-a001-02-000000010764328	grp-a001-02-000000072573876	추석선물세트	nad-a001-02-000000573683835	bsn-a001-00-000000013604308	18	09	8753	M	7	0	0	33	0
20260906	4291318	cmp-a001-02-000000010764328	grp-a001-02-000000069047580	단백질간식	nad-a001-02-000000553654558	bsn-a001-00-000000013604308	18	02	8753	M	3	0	0	12	0
20260906	4291318	cmp-a001-02-000000010764328	grp-a001-02-000000072573876	추석선물세트	nad-a001-02-000000573683834	bsn-a001-00-000000013604308	18	13	8753	M	2	0	0	6	0
20260906	4291318	cmp-a001-02-000000010764328	grp-a001-02-000000069047580	하루견과	nad-a001-02-000000541753960	bsn-a001-00-000000013604308	18	06	633013	M	2	0	0	4	0
20260906	4291318	cmp-a001-02-000000010764328	grp-a001-02-000000072573876	추석선물세트추천	nad-a001-02-000000573683835	bsn-a001-00-000000013604308	18	15	8753	M	1	0	0	5	0
20260906	4291318	cmp-a001-02-000000010764328	grp-a001-02-000000069047580	가루	nad-a001-02-000000541754005	bsn-a001-00-000000013604308	18	09	98128	M	4	0	0	8	0
20260906	4291318	cmp-a001-02-000000010764328	grp-a001-02-000000072573876	명절선물	nad-a001-02-000000573683835	bsn-a001-00-000000013604308	18	16	529514	M	1	0	0	12	0
20260906	4291318	cmp-a001-02-000000010764328	grp-a001-02-000000069047580	견과	nad-a001-02-000000541753999	bsn-a001-00-000000013604308	18	14	8753	M	1	0	0	2	0
20260906	4291318	cmp-a001-02-000000010764328	grp-a001-02-000000069047580	하루견과	nad-a001-02-000000541753999	bsn-a001-00-000000013604308	18	03	33421	M	1	0	0	1	0
20260906	4291318	cmp-a001-02-000000010764328	grp-a001-02-000000069047580	에너지바	nad-a001-02-000000553654554	bsn-a001-00-000000013604308	18	09	137281	M	2	0	0	2	0
20260906	4291318	cmp-a001-02-000000010764328	grp-a001-02-000000069047580	쉐이크	nad-a001-02-000000553654562	bsn-a001-00-000000013604308	18	99	529514	M	1	0	0	1	0
20260906	4291318	cmp-a001-02-000000010764328	grp-a001-02-000000069047580	단백질	nad-a001-02-000000553654562	bsn-a001-00-000000013604308	18	11	8753	M	2	0	0	12	0
20260906	4291318	cmp-a001-02-000000010764328	grp-a001-02-000000069047580	단백질쉐이크	nad-a001-02-000000553654562	bsn-a001-00-000000013604308	18	02	529514	M	43	0	0	43	0
20260906	4291318	cmp-a001-02-000000010764328	grp-a001-02-000000069047580	하루	nad-a001-02-000000541753959	bsn-a001-00-000000013604308	18	07	612593	P	1	0	0	1	0
20260906	4291318	cmp-a001-02-000000010764328	grp-a001-02-000000072573876	추석선물	nad-a001-02-000000573683835	bsn-a001-00-000000013604308	18	02	341898	M	1	0	0	3	0
20260906	4291318	cmp-a001-02-000000010764328	grp-a001-02-000000069047580	견과류추천	nad-a001-02-000000541753960	bsn-a001-00-000000013604308	18	14	8753	M	2	0	0	8	0
20260906	4291318	cmp-a001-02-000000010764328	grp-a001-02-000000072573876	추석선물	nad-a001-02-000000573683835	bsn-a001-00-000000013604308	18	06	529514	M	1	0	0	12	0
20260906	4291318	cmp-a001-02-000000010764328	grp-a001-02-000000069047580	칼로리바	nad-a001-02-000000553654554	bsn-a001-00-000000013604308	18	09	27758	P	2	0	0	2	0
20260906	4291318	cmp-a001-02-000000010764328	grp-a001-02-000000069047580	견과류세트	nad-a001-02-000000541753960	bsn-a001-00-000000013604308	18	02	8753	M	3	0	0	9	0
20260906	4291318	cmp-a001-02-000000010764328	grp-a001-02-000000069047580	견과류	nad-a001-02-000000541753959	bsn-a001-00-000000013604308	18	11	8753	M	2	0	0	6	0
20260906	4291318	cmp-a001-02-000000010764328	grp-a001-02-000000069047580	칼로리	nad-a001-02-000000553654554	bsn-a001-00-000000013604308	18	14	612594	M	1	0	0	1	0
20260906	4291318	cmp-a001-02-000000010764328	grp-a001-02-000000069047580	갓	nad-a001-02-000000541753999	bsn-a001-00-000000013604308	18	09	684925	P	1	0	0	1	0
20260906	4291318	cmp-a001-02-000000010764328	grp-a001-02-000000069047580	황성주생식	nad-a001-02-000000541754005	bsn-a001-00-000000013604308	18	14	612594	M	1	0	0	5	0
20260906	4291318	cmp-a001-02-000000010764328	grp-a001-02-000000069047580	에너지바	nad-a001-02-000000553654559	bsn-a001-00-000000013604308	18	08	529514	M	2	0	0	6	0
20260906	4291318	cmp-a001-02-000000010764328	grp-a001-02-000000072573876	추석선물세트추천	nad-a001-02-000000573683835	bsn-a001-00-000000013604308	18	02	798055	P	7	0	0	28	0
20260906	4291318	cmp-a001-02-000000010764328	grp-a001-02-000000069047580	단백질보충제	nad-a001-02-000000553654562	bsn-a001-00-000000013604308	18	09	798055	P	1	0	0	1	0
20260906	4291318	cmp-a001-02-000000010764328	grp-a001-02-000000069047580	견과류이름종류	nad-a001-02-000000541753999	bsn-a001-00-000000013604308	18	02	8753	M	1	0	0	2	0
20260906	4291318	cmp-a001-02-000000010764328	grp-a001-02-000000069047580	단백질쉐이크	nad-a001-02-000000553654562	bsn-a001-00-000000013604308	18	02	612594	M	1	0	0	4	0
20260906	4291318	cmp-a001-02-000000010764328	grp-a001-02-000000069047580	사탕젤리	nad-a001-02-000000541753985	bsn-a001-00-000000013604308	18	13	87620	M	1	0	0	1	0
20260906	4291318	cmp-a001-02-000000010764328	grp-a001-02-000000069047580	단백질간식	nad-a001-02-000000553654558	bsn-a001-00-000000013604308	18	11	33421	M	1	0	0	4	0
20260906	4291318	cmp-a001-02-000000010764328	grp-a001-02-000000069047580	갓	nad-a001-02-000000541753959	bsn-a001-00-000000013604308	18	07	8753	M	1	0	0	3	0
20260906	4291318	cmp-a001-02-000000010764328	grp-a001-02-000000069047580	견과류	nad-a001-02-000000541753960	bsn-a001-00-000000013604308	18	18	529514	M	26	0	0	82	0
20260906	4291318	cmp-a001-02-000000010764328	grp-a001-02-000000069047580	단백질간식	nad-a001-02-000000553654558	bsn-a001-00-000000013604308	18	09	8753	M	1	0	0	4	0
20260906	4291318	cmp-a001-02-000000010764328	grp-a001-02-000000069047580	하루견과	nad-a001-02-000000541753959	bsn-a001-00-000000013604308	18	02	8753	M	8	0	0	26	0
20260906	4291318	cmp-a001-02-000000010764328	grp-a001-02-000000069047580	스토어	nad-a001-02-000000541753996	bsn-a001-00-000000013604308	18	02	98128	M	13	0	0	26	0
20260906	4291318	cmp-a001-02-000000010764328	grp-a001-02-000000069047580	견과세트	nad-a001-02-000000541753960	bsn-a001-00-000000013604308	18	99	768323	M	1	0	0	3	0
20260906	4291318	cmp-a001-02-000000010764328	grp-a001-02-000000069047580	견과류	nad-a001-02-000000541753999	bsn-a001-00-000000013604308	18	04	529514	M	20	0	0	20	0
20260906	4291318	cmp-a001-02-000000010764328	grp-a001-02-000000072573876	추석선물	nad-a001-02-000000573683835	bsn-a001-00-000000013604308	18	01	529514	M	9	0	0	106	0
20260906	4291318	cmp-a001-02-000000010764328	grp-a001-02-000000069047580	갓	nad-a001-02-000000541753959	bsn-a001-00-000000013604308	18	10	8753	M	1	0	0	3	0
20260906	4291318	cmp-a001-02-000000010764328	grp-a001-02-000000069047580	프로틴	nad-a001-02-000000553654562	bsn-a001-00-000000013604308	18	06	529514	M	11	0	0	11	0
20260906	4291318	cmp-a001-02-000000010764328	grp-a001-02-000000069047580	스토어	nad-a001-02-000000541753997	bsn-a001-00-000000013604308	18	08	612594	M	1	0	0	3	0
20260906	4291318	cmp-a001-02-000000010764328	grp-a001-02-000000069047580	20G	nad-a001-02-000000541753959	bsn-a001-00-000000013604308	18	99	529514	M	1	0	0	3	0
20260906	4291318	cmp-a001-02-000000010764328	grp-a001-02-000000069047580	견과류	nad-a001-02-000000541753999	bsn-a001-00-000000013604308	18	08	8753	M	5	0	0	10	0
20260906	4291318	cmp-a001-02-000000010764328	grp-a001-02-000000072573876	명절선물	nad-a001-02-000000573683834	bsn-a001-00-000000013604308	18	02	33421	M	1	1	5679	4	0
20260906	4291318	cmp-a001-02-000000010764328	grp-a001-02-000000069047580	하루견과	nad-a001-02-000000541753960	bsn-a001-00-000000013604308	18	11	33421	M	1	0	0	3	0
20260906	4291318	cmp-a001-02-000000010764328	grp-a001-02-000000069047580	원이	nad-a001-02-000000541753999	bsn-a001-00-000000013604308	18	99	529514	M	1	0	0	1	0
20260906	4291318	cmp-a001-02-000000010764328	grp-a001-02-000000072573876	명절선물	nad-a001-02-000000573683835	bsn-a001-00-000000013604308	18	07	529514	M	1	0	0	12	0
20260906	4291318	cmp-a001-02-000000010764328	grp-a001-02-000000069047580	단백질바	nad-a001-02-000000553654558	bsn-a001-00-000000013604308	18	07	8753	M	1	0	0	8	0
20260906	4291318	cmp-a001-02-000000010764328	grp-a001-02-000000072573876	추석선물세트	nad-a001-02-000000573683835	bsn-a001-00-000000013604308	18	02	33421	M	4	0	0	25	0
20260906	4291318	cmp-a001-02-000000010764328	grp-a001-02-000000069047580	견과류구매	nad-a001-02-000000541753999	bsn-a001-00-000000013604308	18	16	8753	M	1	0	0	4	0
20260906	4291318	cmp-a001-02-000000010764328	grp-a001-02-000000069047580	단백질쉐이크	nad-a001-02-000000553654562	bsn-a001-00-000000013604308	18	06	529514	M	21	0	0	21	0
20260906	4291318	cmp-a001-02-000000010764328	grp-a001-02-000000069047580	프로틴	nad-a001-02-000000553654562	bsn-a001-00-000000013604308	18	10	768323	M	3	0	0	4	0
20260906	4291318	cmp-a001-02-000000010764328	grp-a001-02-000000069047580	견과세트	nad-a001-02-000000541753959	bsn-a001-00-000000013604308	18	06	768323	M	1	0	0	1	0
20260906	4291318	cmp-a001-02-000000010764328	grp-a001-02-000000069047580	프로틴	nad-a001-02-000000553654562	bsn-a001-00-000000013604308	18	00	529514	M	3	0	0	3	0
20260906	4291318	cmp-a001-02-000000010764328	grp-a001-02-000000069047580	견과류	nad-a001-02-000000541753960	bsn-a001-00-000000013604308	18	02	8753	M	13	0	0	59	0
20260906	4291318	cmp-a001-02-000000010764328	grp-a001-02-000000069047580	견과류	nad-a001-02-000000541753960	bsn-a001-00-000000013604308	18	99	612594	M	1	0	0	4	0
20260906	4291318	cmp-a001-02-000000010764328	grp-a001-02-000000072573876	추석선물세트	nad-a001-02-000000573683834	bsn-a001-00-000000013604308	18	16	684926	M	2	0	0	4	0
20260906	4291318	cmp-a001-02-000000010764328	grp-a001-02-000000069047580	견과류추천	nad-a001-02-000000541753960	bsn-a001-00-000000013604308	18	03	8753	M	2	0	0	8	0
20260906	4291318	cmp-a001-02-000000010764328	grp-a001-02-000000069047580	하루	nad-a001-02-000000541753959	bsn-a001-00-000000013604308	18	09	612593	P	1	0	0	1	0
20260906	4291318	cmp-a001-02-000000010764328	grp-a001-02-000000072573876	추석선물세트	nad-a001-02-000000573683835	bsn-a001-00-000000013604308	18	10	529514	M	3	0	0	13	0
20260906	4291318	cmp-a001-02-000000010764328	grp-a001-02-000000069047580	단백질쉐이크	nad-a001-02-000000553654562	bsn-a001-00-000000013604308	18	03	291244	M	1	0	0	1	0
20260906	4291318	cmp-a001-02-000000010764328	grp-a001-02-000000069047580	단백질	nad-a001-02-000000553654562	bsn-a001-00-000000013604308	18	07	8753	M	2	0	0	12	0
20260906	4291318	cmp-a001-02-000000010764328	grp-a001-02-000000069047580	동결건조분말	nad-a001-02-000000541753997	bsn-a001-00-000000013604308	18	02	8753	M	1	1	5905	2	0
20260906	4291318	cmp-a001-02-000000010764328	grp-a001-02-000000072573876	추석선물세트	nad-a001-02-000000573683834	bsn-a001-00-000000013604308	18	18	529514	M	4	0	0	13	0
20260906	4291318	cmp-a001-02-000000010764328	grp-a001-02-000000069047580	견과류	nad-a001-02-000000541753960	bsn-a001-00-000000013604308	18	11	8753	M	1	0	0	4	0
20260906	4291318	cmp-a001-02-000000010764328	grp-a001-02-000000069047580	스토어	nad-a001-02-000000541753997	bsn-a001-00-000000013604308	18	03	335738	P	2	0	0	8	0
20260906	4291318	cmp-a001-02-000000010764328	grp-a001-02-000000072573876	추석선물세트	nad-a001-02-000000573683835	bsn-a001-00-000000013604308	18	15	33421	M	1	0	0	4	0
20260906	4291318	cmp-a001-02-000000010764328	grp-a001-02-000000069047580	하루	nad-a001-02-000000541753999	bsn-a001-00-000000013604308	18	03	805760	M	2	0	0	2	0
20260906	4291318	cmp-a001-02-000000010764328	grp-a001-02-000000069047580	사랑	nad-a001-02-000000553654559	bsn-a001-00-000000013604308	18	17	98128	M	1	0	0	5	0
20260906	4291318	cmp-a001-02-000000010764328	grp-a001-02-000000069047580	프로틴	nad-a001-02-000000553654562	bsn-a001-00-000000013604308	18	13	684924	M	1	0	0	1	0
20260906	4291318	cmp-a001-02-000000010764328	grp-a001-02-000000069047580	하루	nad-a001-02-000000541753999	bsn-a001-00-000000013604308	18	07	612593	P	1	0	0	2	0
20260906	4291318	cmp-a001-02-000000010764328	grp-a001-02-000000069047580	하루	nad-a001-02-000000541753959	bsn-a001-00-000000013604308	18	99	612594	M	3	0	0	6	0
20260906	4291318	cmp-a001-02-000000010764328	grp-a001-02-000000069047580	견과류추천	nad-a001-02-000000541753959	bsn-a001-00-000000013604308	18	09	8753	M	3	0	0	10	0
20260906	4291318	cmp-a001-02-000000010764328	grp-a001-02-000000069047580	젤리	nad-a001-02-000000541753985	bsn-a001-00-000000013604308	18	07	137281	M	12	0	0	18	0
20260906	4291318	cmp-a001-02-000000010764328	grp-a001-02-000000069047580	견과류세트	nad-a001-02-000000541753999	bsn-a001-00-000000013604308	18	09	8753	M	4	0	0	4	0
20260906	4291318	cmp-a001-02-000000010764328	grp-a001-02-000000069047580	칼로리바	nad-a001-02-000000553654554	bsn-a001-00-000000013604308	18	08	8753	M	1	0	0	2	0
20260906	4291318	cmp-a001-02-000000010764328	grp-a001-02-000000069047580	에너지바	nad-a001-02-000000553654558	bsn-a001-00-000000013604308	18	18	8753	M	1	0	0	5	0
20260906	4291318	cmp-a001-02-000000010764328	grp-a001-02-000000069047580	프로틴쉐이크	nad-a001-02-000000553654562	bsn-a001-00-000000013604308	18	99	529514	M	7	0	0	15	0
20260906	4291318	cmp-a001-02-000000010764328	grp-a001-02-000000069047580	프로틴쉐이크	nad-a001-02-000000553654562	bsn-a001-00-000000013604308	18	10	98128	M	2	0	0	2	0
20260906	4291318	cmp-a001-02-000000010764328	grp-a001-02-000000069047580	황성주박사생식	nad-a001-02-000000541753996	bsn-a001-00-000000013604308	18	04	8753	M	2	0	0	4	0
20260906	4291318	cmp-a001-02-000000010764328	grp-a001-02-000000072573876	추석선물	nad-a001-02-000000573683835	bsn-a001-00-000000013604308	18	11	529514	M	5	0	0	56	0
20260906	4291318	cmp-a001-02-000000010764328	grp-a001-02-000000069047580	젤리	nad-a001-02-000000541753985	bsn-a001-00-000000013604308	18	09	23123	P	1	0	0	2	0
20260906	4291318	cmp-a001-02-000000010764328	grp-a001-02-000000069047580	견과류	nad-a001-02-000000541753960	bsn-a001-00-000000013604308	18	09	8753	M	9	0	0	41	0
20260906	4291318	cmp-a001-02-000000010764328	grp-a001-02-000000072573876	추석선물세트추천	nad-a001-02-000000573683835	bsn-a001-00-000000013604308	18	02	341898	M	1	0	0	3	0
20260906	4291318	cmp-a001-02-000000010764328	grp-a001-02-000000072573876	추석선물세트	nad-a001-02-000000573683834	bsn-a001-00-000000013604308	18	08	684926	M	3	0	0	8	0
20260906	4291318	cmp-a001-02-000000010764328	grp-a001-02-000000069047580	스토어	nad-a001-02-000000541753997	bsn-a001-00-000000013604308	18	10	98128	M	1	0	0	4	0
20260906	4291318	cmp-a001-02-000000010764328	grp-a001-02-000000069047580	임산부단백질간식	nad-a001-02-000000553654554	bsn-a001-00-000000013604308	18	18	8753	M	1	0	0	1	0
20260906	4291318	cmp-a001-02-000000010764328	grp-a001-02-000000069047580	스토어	nad-a001-02-000000541753997	bsn-a001-00-000000013604308	18	13	98128	M	1	0	0	2	0
20260906	4291318	cmp-a001-02-000000010764328	grp-a001-02-000000072573876	추석선물세트	nad-a001-02-000000573683835	bsn-a001-00-000000013604308	18	01	33421	M	1	0	0	7	0
20260906	4291318	cmp-a001-02-000000010764328	grp-a001-02-000000069047580	프로틴바	nad-a001-02-000000553654558	bsn-a001-00-000000013604308	18	02	529514	M	11	0	0	22	0
20260906	4291318	cmp-a001-02-000000010764328	grp-a001-02-000000069047580	스토어	nad-a001-02-000000541754004	bsn-a001-00-000000013604308	18	02	98128	M	22	0	0	22	0
20260906	4291318	cmp-a001-02-000000010764328	grp-a001-02-000000069047580	견과세트	nad-a001-02-000000541753960	bsn-a001-00-000000013604308	18	06	768323	M	1	0	0	3	0
20260906	4291318	cmp-a001-02-000000010764328	grp-a001-02-000000069047580	다이어트쉐이크	nad-a001-02-000000553654562	bsn-a001-00-000000013604308	18	00	529514	M	2	0	0	2	0
20260906	4291318	cmp-a001-02-000000010764328	grp-a001-02-000000069047580	단백질보충제	nad-a001-02-000000553654562	bsn-a001-00-000000013604308	18	02	684926	M	1	0	0	8	0
20260906	4291318	cmp-a001-02-000000010764328	grp-a001-02-000000072573876	추석선물세트	nad-a001-02-000000573683834	bsn-a001-00-000000013604308	18	18	8753	M	1	0	0	3	0
20260906	4291318	cmp-a001-02-000000010764328	grp-a001-02-000000069047580	황성주생식	nad-a001-02-000000541753997	bsn-a001-00-000000013604308	18	14	798056	M	1	0	0	6	0
20260906	4291318	cmp-a001-02-000000010764328	grp-a001-02-000000069047580	하루견과	nad-a001-02-000000541753960	bsn-a001-00-000000013604308	18	03	33421	M	1	0	0	3	0
20260906	4291318	cmp-a001-02-000000010764328	grp-a001-02-000000072573876	추석선물세트	nad-a001-02-000000573683834	bsn-a001-00-000000013604308	18	09	529514	M	94	0	0	290	0
20260906	4291318	cmp-a001-02-000000010764328	grp-a001-02-000000069047580	에너지바	nad-a001-02-000000553654558	bsn-a001-00-000000013604308	18	09	137281	M	2	0	0	4	0
20260906	4291318	cmp-a001-02-000000010764328	grp-a001-02-000000069047580	단백질바	nad-a001-02-000000553654559	bsn-a001-00-000000013604308	18	04	529514	M	2	0	0	9	0
20260906	4291318	cmp-a001-02-000000010764328	grp-a001-02-000000072573876	추석선물	nad-a001-02-000000573683834	bsn-a001-00-000000013604308	18	18	8753	M	2	0	0	6	0
20260906	4291318	cmp-a001-02-000000010764328	grp-a001-02-000000069047580	사랑	nad-a001-02-000000553654554	bsn-a001-00-000000013604308	18	09	612594	M	1	0	0	3	0
20260906	4291318	cmp-a001-02-000000010764328	grp-a001-02-000000069047580	사랑이	nad-a001-02-000000553654554	bsn-a001-00-000000013604308	18	02	529514	M	2	0	0	2	0
20260906	4291318	cmp-a001-02-000000010764328	grp-a001-02-000000069047580	갓	nad-a001-02-000000541753960	bsn-a001-00-000000013604308	18	15	8753	M	1	0	0	2	0
20260906	4291318	cmp-a001-02-000000010764328	grp-a001-02-000000069047580	네이버스토어	nad-a001-02-000000541753996	bsn-a001-00-000000013604308	18	02	335738	P	1	0	0	1	0
20260906	4291318	cmp-a001-02-000000010764328	grp-a001-02-000000072573876	추석선물세트	nad-a001-02-000000573683835	bsn-a001-00-000000013604308	18	04	684927	P	1	0	0	78	0
20260906	4291318	cmp-a001-02-000000010764328	grp-a001-02-000000069047580	스토어	nad-a001-02-000000541753997	bsn-a001-00-000000013604308	18	09	335738	P	2	0	0	4	0
20260906	4291318	cmp-a001-02-000000010764328	grp-a001-02-000000069047580	칼로리바	nad-a001-02-000000553654554	bsn-a001-00-000000013604308	18	09	684925	P	2	0	0	2	0
20260906	4291318	cmp-a001-02-000000010764328	grp-a001-02-000000072573876	추석선물세트	nad-a001-02-000000573683835	bsn-a001-00-000000013604308	18	02	529514	M	104	0	0	372	0
20260906	4291318	cmp-a001-02-000000010764328	grp-a001-02-000000069047580	견과류	nad-a001-02-000000541753960	bsn-a001-00-000000013604308	18	99	8753	M	1	0	0	4	0
20260906	4291318	cmp-a001-02-000000010764328	grp-a001-02-000000069047580	하루견과	nad-a001-02-000000541753999	bsn-a001-00-000000013604308	18	15	11068	P	1	0	0	2	0
20260906	4291318	cmp-a001-02-000000010764328	grp-a001-02-000000072573876	추석선물세트	nad-a001-02-000000573683834	bsn-a001-00-000000013604308	18	16	529514	M	4	0	0	13	0
20260906	4291318	cmp-a001-02-000000010764328	grp-a001-02-000000069047580	하루견과	nad-a001-02-000000541753999	bsn-a001-00-000000013604308	18	99	529514	M	1	0	0	2	0
20260906	4291318	cmp-a001-02-000000010764328	grp-a001-02-000000069047580	갓	nad-a001-02-000000541753999	bsn-a001-00-000000013604308	18	07	8753	M	1	0	0	1	0
20260906	4291318	cmp-a001-02-000000010764328	grp-a001-02-000000069047580	단백질보충제	nad-a001-02-000000553654562	bsn-a001-00-000000013604308	18	09	529514	M	1	0	0	4	0
20260906	4291318	cmp-a001-02-000000010764328	grp-a001-02-000000069047580	견과류	nad-a001-02-000000541753960	bsn-a001-00-000000013604308	18	09	633013	M	2	0	0	4	0
20260906	4291318	cmp-a001-02-000000010764328	grp-a001-02-000000069047580	견과류	nad-a001-02-000000541753959	bsn-a001-00-000000013604308	18	17	8753	M	2	0	0	6	0
20260906	4291318	cmp-a001-02-000000010764328	grp-a001-02-000000072573876	추석선물세트	nad-a001-02-000000573683834	bsn-a001-00-000000013604308	18	08	529514	M	14	0	0	42	0
20260906	4291318	cmp-a001-02-000000010764328	grp-a001-02-000000069047580	프로틴바	nad-a001-02-000000553654559	bsn-a001-00-000000013604308	18	09	98128	M	2	0	0	10	0
20260906	4291318	cmp-a001-02-000000010764328	grp-a001-02-000000069047580	스토어	nad-a001-02-000000541754004	bsn-a001-00-000000013604308	18	00	98128	M	2	0	0	2	0
20260906	4291318	cmp-a001-02-000000010764328	grp-a001-02-000000069047580	하루	nad-a001-02-000000541753959	bsn-a001-00-000000013604308	18	11	98128	M	1	0	0	2	0
20260906	4291318	cmp-a001-02-000000010764328	grp-a001-02-000000069047580	단백질쉐이크	nad-a001-02-000000553654562	bsn-a001-00-000000013604308	18	99	529514	M	73	0	0	73	0
20260906	4291318	cmp-a001-02-000000010764328	grp-a001-02-000000069047580	프로틴	nad-a001-02-000000553654562	bsn-a001-00-000000013604308	18	18	529514	M	15	0	0	31	0
20260906	4291318	cmp-a001-02-000000010764328	grp-a001-02-000000069047580	젤리	nad-a001-02-000000541753985	bsn-a001-00-000000013604308	18	10	137281	M	26	0	0	37	0
20260906	4291318	cmp-a001-02-000000010764328	grp-a001-02-000000069047580	갓	nad-a001-02-000000541753999	bsn-a001-00-000000013604308	18	09	8753	M	1	0	0	2	0
20260906	4291318	cmp-a001-02-000000010764328	grp-a001-02-000000069047580	견과류	nad-a001-02-000000541753999	bsn-a001-00-000000013604308	18	14	529514	M	18	0	0	28	0
20260906	4291318	cmp-a001-02-000000010764328	grp-a001-02-000000069047580	젤리	nad-a001-02-000000541753985	bsn-a001-00-000000013604308	18	99	137281	M	87	0	0	97	0
20260906	4291318	cmp-a001-02-000000010764328	grp-a001-02-000000072573876	추석선물세트	nad-a001-02-000000573683834	bsn-a001-00-000000013604308	18	09	8753	M	5	0	0	15	0
20260906	4291318	cmp-a001-02-000000010764328	grp-a001-02-000000072573876	추석선물	nad-a001-02-000000573683835	bsn-a001-00-000000013604308	18	02	33421	M	2	0	0	12	0
20260906	4291318	cmp-a001-02-000000010764328	grp-a001-02-000000069047580	견과류	nad-a001-02-000000541753959	bsn-a001-00-000000013604308	18	99	8753	M	1	0	0	3	0
20260906	4291318	cmp-a001-02-000000010764328	grp-a001-02-000000072573876	추석선물	nad-a001-02-000000573683834	bsn-a001-00-000000013604308	18	04	529514	M	7	0	0	77	0
20260906	4291318	cmp-a001-02-000000010764328	grp-a001-02-000000072573876	추석선물세트	nad-a001-02-000000573683834	bsn-a001-00-000000013604308	18	00	529514	M	1	0	0	7	0
20260906	4291318	cmp-a001-02-000000010764328	grp-a001-02-000000069047580	하루견과	nad-a001-02-000000541753960	bsn-a001-00-000000013604308	18	01	8753	M	2	0	0	10	0
20260906	4291318	cmp-a001-02-000000010764328	grp-a001-02-000000069047580	스토어	nad-a001-02-000000541753996	bsn-a001-00-000000013604308	18	09	98128	M	8	0	0	16	0
20260906	4291318	cmp-a001-02-000000010764328	grp-a001-02-000000069047580	하루	nad-a001-02-000000541753960	bsn-a001-00-000000013604308	18	03	612594	M	5	0	0	15	0
20260906	4291318	cmp-a001-02-000000010764328	grp-a001-02-000000069047580	스토어	nad-a001-02-000000541754004	bsn-a001-00-000000013604308	18	08	612594	M	1	0	0	6	0
20260906	4291318	cmp-a001-02-000000010764328	grp-a001-02-000000069047580	프로틴바	nad-a001-02-000000553654554	bsn-a001-00-000000013604308	18	16	529514	M	2	0	0	2	0
20260906	4291318	cmp-a001-02-000000010764328	grp-a001-02-000000069047580	견과류추천	nad-a001-02-000000541753959	bsn-a001-00-000000013604308	18	09	27758	P	1	0	0	3	0
20260906	4291318	cmp-a001-02-000000010764328	grp-a001-02-000000072573876	추석선물세트추천	nad-a001-02-000000573683835	bsn-a001-00-000000013604308	18	09	684926	M	1	0	0	10	0
20260906	4291318	cmp-a001-02-000000010764328	grp-a001-02-000000072573876	추석선물세트추천	nad-a001-02-000000573683834	bsn-a001-00-000000013604308	18	08	33421	M	1	0	0	2	0
20260906	4291318	cmp-a001-02-000000010764328	grp-a001-02-000000069047580	단백질	nad-a001-02-000000553654562	bsn-a001-00-000000013604308	18	02	98128	M	6	0	0	6	0
20260906	4291318	cmp-a001-02-000000010764328	grp-a001-02-000000069047580	칼로리바	nad-a001-02-000000553654559	bsn-a001-00-000000013604308	18	08	8753	M	1	0	0	4	0
20260906	4291318	cmp-a001-02-000000010764328	grp-a001-02-000000069047580	견과세트	nad-a001-02-000000541753999	bsn-a001-00-000000013604308	18	06	768323	M	1	0	0	2	0
20260906	4291318	cmp-a001-02-000000010764328	grp-a001-02-000000069047580	썬라이트젤리	nad-a001-02-000000541753985	bsn-a001-00-000000013604308	18	11	341898	M	1	0	0	1	0
20260906	4291318	cmp-a001-02-000000010764328	grp-a001-02-000000069047580	스토어	nad-a001-02-000000541753997	bsn-a001-00-000000013604308	18	18	98128	M	2	0	0	8	0
20260906	4291318	cmp-a001-02-000000010764328	grp-a001-02-000000069047580	단백질보충제	nad-a001-02-000000553654562	bsn-a001-00-000000013604308	18	02	529514	M	2	0	0	8	0
20260906	4291318	cmp-a001-02-000000010764328	grp-a001-02-000000069047580	스토어	nad-a001-02-000000541753997	bsn-a001-00-000000013604308	18	02	98128	M	13	0	0	52	0
20260906	4291318	cmp-a001-02-000000010764328	grp-a001-02-000000072573876	추석선물세트	nad-a001-02-000000573683835	bsn-a001-00-000000013604308	18	04	529514	M	17	0	0	65	0
20260906	4291318	cmp-a001-02-000000010764328	grp-a001-02-000000069047580	견과류	nad-a001-02-000000541753960	bsn-a001-00-000000013604308	18	13	529514	M	10	0	0	30	0
20260906	4291318	cmp-a001-02-000000010764328	grp-a001-02-000000069047580	갓	nad-a001-02-000000541753959	bsn-a001-00-000000013604308	18	09	11068	P	1	0	0	2	0
20260906	4291318	cmp-a001-02-000000010764328	grp-a001-02-000000069047580	견과류	nad-a001-02-000000541753960	bsn-a001-00-000000013604308	18	16	529514	M	18	0	0	58	0
20260906	4291318	cmp-a001-02-000000010764328	grp-a001-02-000000069047580	사랑님	nad-a001-02-000000553654559	bsn-a001-00-000000013604308	18	08	529514	M	2	0	0	13	0
20260906	4291318	cmp-a001-02-000000010764328	grp-a001-02-000000069047580	견과류	nad-a001-02-000000541753999	bsn-a001-00-000000013604308	18	03	8753	M	4	0	0	8	0
20260906	4291318	cmp-a001-02-000000010764328	grp-a001-02-000000072573876	추석선물세트	nad-a001-02-000000573683834	bsn-a001-00-000000013604308	18	04	27758	P	1	0	0	1	0
20260906	4291318	cmp-a001-02-000000010764328	grp-a001-02-000000069047580	견과류	nad-a001-02-000000541753999	bsn-a001-00-000000013604308	18	06	8753	M	0	1	2626	0	0
20260906	4291318	cmp-a001-02-000000010764328	grp-a001-02-000000069047580	프로틴	nad-a001-02-000000553654562	bsn-a001-00-000000013604308	18	02	529514	M	54	0	0	62	0
20260906	4291318	cmp-a001-02-000000010764328	grp-a001-02-000000069047580	단백질프로틴바	nad-a001-02-000000553654559	bsn-a001-00-000000013604308	18	09	98128	M	1	0	0	5	0
20260906	4291318	cmp-a001-02-000000010764328	grp-a001-02-000000069047580	사탕젤리	nad-a001-02-000000541753985	bsn-a001-00-000000013604308	18	09	87620	M	2	0	0	2	0
20260906	4291318	cmp-a001-02-000000010764328	grp-a001-02-000000069047580	견과류세트	nad-a001-02-000000541753999	bsn-a001-00-000000013604308	18	18	8753	M	2	0	0	3	0
20260906	4291318	cmp-a001-02-000000010764328	grp-a001-02-000000072573876	추석선물세트신상	nad-a001-02-000000573683835	bsn-a001-00-000000013604308	18	03	27758	P	1	0	0	2	0
20260906	4291318	cmp-a001-02-000000010764328	grp-a001-02-000000069047580	견과류	nad-a001-02-000000541753999	bsn-a001-00-000000013604308	18	02	8753	M	15	0	0	29	0
20260906	4291318	cmp-a001-02-000000010764328	grp-a001-02-000000069047580	견과류세트	nad-a001-02-000000541753999	bsn-a001-00-000000013604308	18	09	529514	M	25	0	0	25	0
20260906	4291318	cmp-a001-02-000000010764328	grp-a001-02-000000069047580	스토어	nad-a001-02-000000541753997	bsn-a001-00-000000013604308	18	01	335738	P	2	0	0	6	0
20260906	4291318	cmp-a001-02-000000010764328	grp-a001-02-000000069047580	동결건조분말	nad-a001-02-000000541754004	bsn-a001-00-000000013604308	18	02	8753	M	1	0	0	7	0
20260906	4291318	cmp-a001-02-000000010764328	grp-a001-02-000000072573876	추석선물세트추천	nad-a001-02-000000573683835	bsn-a001-00-000000013604308	18	02	33421	M	1	0	0	7	0
20260906	4291318	cmp-a001-02-000000010764328	grp-a001-02-000000069047580	견과류	nad-a001-02-000000541753959	bsn-a001-00-000000013604308	18	10	529514	M	10	0	0	20	0
20260906	4291318	cmp-a001-02-000000010764328	grp-a001-02-000000069047580	견과류	nad-a001-02-000000541753960	bsn-a001-00-000000013604308	18	04	8753	M	3	0	0	14	0
20260906	4291318	cmp-a001-02-000000010764328	grp-a001-02-000000069047580	하루	nad-a001-02-000000541753999	bsn-a001-00-000000013604308	18	02	98128	M	30	0	0	30	0
20260906	4291318	cmp-a001-02-000000010764328	grp-a001-02-000000069047580	프로틴	nad-a001-02-000000553654562	bsn-a001-00-000000013604308	18	06	768323	M	9	0	0	13	0
20260906	4291318	cmp-a001-02-000000010764328	grp-a001-02-000000069047580	하루견과	nad-a001-02-000000541753959	bsn-a001-00-000000013604308	18	99	684926	M	1	0	0	2	0
20260906	4291318	cmp-a001-02-000000010764328	grp-a001-02-000000069047580	가루	nad-a001-02-000000541753997	bsn-a001-00-000000013604308	18	08	98128	M	1	0	0	5	0
20260906	4291318	cmp-a001-02-000000010764328	grp-a001-02-000000069047580	하루견과	nad-a001-02-000000541753959	bsn-a001-00-000000013604308	18	16	33421	M	1	0	0	2	0
20260906	4291318	cmp-a001-02-000000010764328	grp-a001-02-000000072573876	추석선물세트	nad-a001-02-000000573683834	bsn-a001-00-000000013604308	18	99	87620	M	5	0	0	24	0
20260906	4291318	cmp-a001-02-000000010764328	grp-a001-02-000000069047580	단백질쉐이크	nad-a001-02-000000553654562	bsn-a001-00-000000013604308	18	13	529514	M	13	0	0	13	0
20260906	4291318	cmp-a001-02-000000010764328	grp-a001-02-000000069047580	프로틴	nad-a001-02-000000553654562	bsn-a001-00-000000013604308	18	03	768323	M	6	0	0	6	0
20260906	4291318	cmp-a001-02-000000010764328	grp-a001-02-000000069047580	스토어	nad-a001-02-000000541753997	bsn-a001-00-000000013604308	18	18	335738	P	2	0	0	6	0
20260906	4291318	cmp-a001-02-000000010764328	grp-a001-02-000000069047580	프로틴	nad-a001-02-000000553654562	bsn-a001-00-000000013604308	18	07	768323	M	1	0	0	1	0
20260906	4291318	cmp-a001-02-000000010764328	grp-a001-02-000000069047580	프로틴	nad-a001-02-000000553654562	bsn-a001-00-000000013604308	18	08	529514	M	30	0	0	46	0
20260906	4291318	cmp-a001-02-000000010764328	grp-a001-02-000000069047580	갓	nad-a001-02-000000541753960	bsn-a001-00-000000013604308	18	16	8753	M	1	0	0	2	0
20260906	4291318	cmp-a001-02-000000010764328	grp-a001-02-000000069047580	프로틴바	nad-a001-02-000000553654554	bsn-a001-00-000000013604308	18	09	8753	M	1	0	0	4	0
20260906	4291318	cmp-a001-02-000000010764328	grp-a001-02-000000069047580	견과세트	nad-a001-02-000000541753999	bsn-a001-00-000000013604308	18	07	768323	M	2	0	0	4	0
20260906	4291318	cmp-a001-02-000000010764328	grp-a001-02-000000069047580	하루	nad-a001-02-000000541753960	bsn-a001-00-000000013604308	18	18	612594	M	2	0	0	6	0
20260906	4291318	cmp-a001-02-000000010764328	grp-a001-02-000000069047580	젤리	nad-a001-02-000000541753985	bsn-a001-00-000000013604308	18	11	98128	M	2	0	0	4	0
20260906	4291318	cmp-a001-02-000000010764328	grp-a001-02-000000069047580	견과류	nad-a001-02-000000541753959	bsn-a001-00-000000013604308	18	07	529514	M	18	0	0	36	0
20260906	4291318	cmp-a001-02-000000010764328	grp-a001-02-000000072573876	추석선물세트추천	nad-a001-02-000000573683835	bsn-a001-00-000000013604308	18	08	33421	M	1	0	0	5	0
20260906	4291318	cmp-a001-02-000000010764328	grp-a001-02-000000072573876	명절선물	nad-a001-02-000000573683834	bsn-a001-00-000000013604308	18	09	529514	M	11	0	0	123	0
20260906	4291318	cmp-a001-02-000000010764328	grp-a001-02-000000069047580	황성주생식	nad-a001-02-000000541753988	bsn-a001-00-000000013604308	18	08	633013	M	1	0	0	5	0
20260906	4291318	cmp-a001-02-000000010764328	grp-a001-02-000000069047580	단백질바추천	nad-a001-02-000000553654554	bsn-a001-00-000000013604308	18	02	8753	M	1	0	0	3	0
20260906	4291318	cmp-a001-02-000000010764328	grp-a001-02-000000069047580	사탕젤리	nad-a001-02-000000541753985	bsn-a001-00-000000013604308	18	06	87620	M	1	0	0	1	0
20260906	4291318	cmp-a001-02-000000010764328	grp-a001-02-000000069047580	견과류세트	nad-a001-02-000000541753960	bsn-a001-00-000000013604308	18	09	529514	M	25	0	0	75	0
20260906	4291318	cmp-a001-02-000000010764328	grp-a001-02-000000069047580	다이어트쉐이크	nad-a001-02-000000553654562	bsn-a001-00-000000013604308	18	17	768323	M	1	0	0	1	0
20260906	4291318	cmp-a001-02-000000010764328	grp-a001-02-000000072573876	추석선물세트	nad-a001-02-000000573683835	bsn-a001-00-000000013604308	18	09	684927	P	1	0	0	48	0
20260906	4291318	cmp-a001-02-000000010764328	grp-a001-02-000000069047580	프로틴	nad-a001-02-000000553654562	bsn-a001-00-000000013604308	18	17	291244	M	1	0	0	1	0
20260906	4291318	cmp-a001-02-000000010764328	grp-a001-02-000000069047580	하루견과	nad-a001-02-000000541753999	bsn-a001-00-000000013604308	18	18	8753	M	3	1	2635	6	0
20260906	4291318	cmp-a001-02-000000010764328	grp-a001-02-000000069047580	하루단백질섭취량	nad-a001-02-000000553654562	bsn-a001-00-000000013604308	18	02	8753	M	1	0	0	5	0
20260906	4291318	cmp-a001-02-000000010764328	grp-a001-02-000000069047580	잇프롯단백질바	nad-a001-02-000000553654554	bsn-a001-00-000000013604308	18	18	8753	M	3	0	0	12	0
20260906	4291318	cmp-a001-02-000000010764328	grp-a001-02-000000069047580	5SET단백질프로틴시리얼	nad-a001-02-000000553654554	bsn-a001-00-000000013604308	18	11	8753	M	1	0	0	2	0
20260906	4291318	cmp-a001-02-000000010764328	grp-a001-02-000000069047580	하루견과	nad-a001-02-000000541753999	bsn-a001-00-000000013604308	18	99	684926	M	1	0	0	1	0
20260906	4291318	cmp-a001-02-000000010764328	grp-a001-02-000000069047580	젤리	nad-a001-02-000000541753985	bsn-a001-00-000000013604308	18	99	87620	M	1	0	0	1	0
20260906	4291318	cmp-a001-02-000000010764328	grp-a001-02-000000069047580	견과류	nad-a001-02-000000541753999	bsn-a001-00-000000013604308	18	02	27758	P	1	0	0	2	0
20260906	4291318	cmp-a001-02-000000010764328	grp-a001-02-000000069047580	다이어트쉐이크	nad-a001-02-000000553654562	bsn-a001-00-000000013604308	18	03	768323	M	1	0	0	3	0
20260906	4291318	cmp-a001-02-000000010764328	grp-a001-02-000000069047580	단백질쉐이크	nad-a001-02-000000553654562	bsn-a001-00-000000013604308	18	00	874301	P	1	0	0	1	0
20260906	4291318	cmp-a001-02-000000010764328	grp-a001-02-000000069047580	스토어	nad-a001-02-000000541753996	bsn-a001-00-000000013604308	18	00	248824	P	11	0	0	33	0
20260906	4291318	cmp-a001-02-000000010764328	grp-a001-02-000000069047580	하루	nad-a001-02-000000541753999	bsn-a001-00-000000013604308	18	09	612593	P	1	0	0	2	0
20260906	4291318	cmp-a001-02-000000010764328	grp-a001-02-000000069047580	프로틴바	nad-a001-02-000000553654558	bsn-a001-00-000000013604308	18	11	529514	M	2	0	0	4	0
20260906	4291318	cmp-a001-02-000000010764328	grp-a001-02-000000069047580	가루	nad-a001-02-000000541753996	bsn-a001-00-000000013604308	18	16	8753	M	1	0	0	2	0
20260906	4291318	cmp-a001-02-000000010764328	grp-a001-02-000000069047580	단백질쉐이크	nad-a001-02-000000553654562	bsn-a001-00-000000013604308	18	09	98128	M	2	0	0	2	0
20260906	4291318	cmp-a001-02-000000010764328	grp-a001-02-000000072573876	추석선물세트	nad-a001-02-000000573683834	bsn-a001-00-000000013604308	18	09	87620	M	1	0	0	4	0
20260906	4291318	cmp-a001-02-000000010764328	grp-a001-02-000000069047580	갓	nad-a001-02-000000541753999	bsn-a001-00-000000013604308	18	08	8753	M	1	0	0	1	0
20260906	4291318	cmp-a001-02-000000010764328	grp-a001-02-000000069047580	갓	nad-a001-02-000000541753999	bsn-a001-00-000000013604308	18	15	8753	M	1	0	0	1	0
20260906	4291318	cmp-a001-02-000000010764328	grp-a001-02-000000069047580	에너지바	nad-a001-02-000000553654559	bsn-a001-00-000000013604308	18	11	529514	M	2	0	0	6	0
20260906	4291318	cmp-a001-02-000000010764328	grp-a001-02-000000069047580	프로틴	nad-a001-02-000000553654562	bsn-a001-00-000000013604308	18	15	768323	M	1	0	0	1	0
20260906	4291318	cmp-a001-02-000000010764328	grp-a001-02-000000069047580	단백질	nad-a001-02-000000553654562	bsn-a001-00-000000013604308	18	08	98128	M	1	0	0	1	0
20260906	4291318	cmp-a001-02-000000010764328	grp-a001-02-000000069047580	견과류	nad-a001-02-000000541753959	bsn-a001-00-000000013604308	18	06	27758	P	1	0	0	3	0
20260906	4291318	cmp-a001-02-000000010764328	grp-a001-02-000000069047580	젤리	nad-a001-02-000000541753985	bsn-a001-00-000000013604308	18	03	137281	M	29	0	0	42	0
20260906	4291318	cmp-a001-02-000000010764328	grp-a001-02-000000069047580	사랑	nad-a001-02-000000553654554	bsn-a001-00-000000013604308	18	17	98128	M	1	0	0	3	0
20260906	4291318	cmp-a001-02-000000010764328	grp-a001-02-000000072573876	명절선물	nad-a001-02-000000573683834	bsn-a001-00-000000013604308	18	07	529514	M	2	0	0	22	0
20260906	4291318	cmp-a001-02-000000010764328	grp-a001-02-000000072573876	추석선물세트	nad-a001-02-000000573683834	bsn-a001-00-000000013604308	18	14	798056	M	1	0	0	4	0
20260906	4291318	cmp-a001-02-000000010764328	grp-a001-02-000000069047580	견과세트	nad-a001-02-000000541753999	bsn-a001-00-000000013604308	18	09	768323	M	2	0	0	4	0
20260906	4291318	cmp-a001-02-000000010764328	grp-a001-02-000000069047580	견과류	nad-a001-02-000000541753959	bsn-a001-00-000000013604308	18	15	529514	M	25	0	0	50	0
20260906	4291318	cmp-a001-02-000000010764328	grp-a001-02-000000069047580	프로틴	nad-a001-02-000000553654562	bsn-a001-00-000000013604308	18	09	684926	M	1	0	0	34	0
20260906	4291318	cmp-a001-02-000000010764328	grp-a001-02-000000069047580	견과류	nad-a001-02-000000541753999	bsn-a001-00-000000013604308	18	06	27758	P	2	0	0	5	0
20260906	4291318	cmp-a001-02-000000010764328	grp-a001-02-000000069047580	견과세트	nad-a001-02-000000541753960	bsn-a001-00-000000013604308	18	07	768323	M	2	0	0	6	0
20260906	4291318	cmp-a001-02-000000010764328	grp-a001-02-000000069047580	젤리	nad-a001-02-000000541753985	bsn-a001-00-000000013604308	18	03	335738	P	1	0	0	2	0
20260906	4291318	cmp-a001-02-000000010764328	grp-a001-02-000000069047580	팔미곡식가루	nad-a001-02-000000541754005	bsn-a001-00-000000013604308	18	02	8753	M	1	0	0	5	0
20260906	4291318	cmp-a001-02-000000010764328	grp-a001-02-000000069047580	그레인브랜드	nad-a001-02-000000553654558	bsn-a001-00-000000013604308	18	02	98128	M	3	0	0	3	0
20260906	4291318	cmp-a001-02-000000010764328	grp-a001-02-000000069047580	하루견과	nad-a001-02-000000541753959	bsn-a001-00-000000013604308	18	99	8753	M	2	0	0	7	0
20260906	4291318	cmp-a001-02-000000010764328	grp-a001-02-000000069047580	갓	nad-a001-02-000000541753959	bsn-a001-00-000000013604308	18	16	8753	M	1	0	0	3	0
20260906	4291318	cmp-a001-02-000000010764328	grp-a001-02-000000072573876	추석선물세트	nad-a001-02-000000573683834	bsn-a001-00-000000013604308	18	99	529514	M	49	0	0	181	0
20260906	4291318	cmp-a001-02-000000010764328	grp-a001-02-000000069047580	스토어	nad-a001-02-000000541753996	bsn-a001-00-000000013604308	18	99	98128	M	4	0	0	8	0
20260906	4291318	cmp-a001-02-000000010764328	grp-a001-02-000000069047580	견과류추천	nad-a001-02-000000541753999	bsn-a001-00-000000013604308	18	09	27758	P	1	0	0	2	0
20260906	4291318	cmp-a001-02-000000010764328	grp-a001-02-000000069047580	견과세트	nad-a001-02-000000541753960	bsn-a001-00-000000013604308	18	03	768323	M	1	0	0	3	0
20260906	4291318	cmp-a001-02-000000010764328	grp-a001-02-000000069047580	사랑	nad-a001-02-000000553654554	bsn-a001-00-000000013604308	18	02	98128	M	4	0	0	12	0
20260906	4291318	cmp-a001-02-000000010764328	grp-a001-02-000000069047580	다이어트쉐이크	nad-a001-02-000000553654562	bsn-a001-00-000000013604308	18	99	768323	M	1	0	0	1	0
20260906	4291318	cmp-a001-02-000000010764328	grp-a001-02-000000072573876	명절선물	nad-a001-02-000000573683834	bsn-a001-00-000000013604308	18	01	8753	M	2	0	0	8	0
20260906	4291318	cmp-a001-02-000000010764328	grp-a001-02-000000069047580	단백질바	nad-a001-02-000000553654554	bsn-a001-00-000000013604308	18	02	33421	M	1	0	0	1	0
20260906	4291318	cmp-a001-02-000000010764328	grp-a001-02-000000069047580	하루견과	nad-a001-02-000000541753959	bsn-a001-00-000000013604308	18	07	8753	M	2	0	0	7	0
20260906	4291318	cmp-a001-02-000000010764328	grp-a001-02-000000069047580	단백질바	nad-a001-02-000000553654554	bsn-a001-00-000000013604308	18	11	529514	M	2	0	0	2	0
20260906	4291318	cmp-a001-02-000000010764328	grp-a001-02-000000069047580	에너지바	nad-a001-02-000000553654559	bsn-a001-00-000000013604308	18	08	684926	M	1	0	0	7	0
20260906	4291318	cmp-a001-02-000000010764328	grp-a001-02-000000069047580	하루견과	nad-a001-02-000000541753959	bsn-a001-00-000000013604308	18	09	8753	M	7	0	0	28	0
20260906	4291318	cmp-a001-02-000000010764328	grp-a001-02-000000069047580	갓	nad-a001-02-000000541753959	bsn-a001-00-000000013604308	18	08	8753	M	1	0	0	3	0
20260906	4291318	cmp-a001-02-000000010764328	grp-a001-02-000000069047580	에너지바	nad-a001-02-000000553654554	bsn-a001-00-000000013604308	18	99	529514	M	2	0	0	2	0
20260906	4291318	cmp-a001-02-000000010764328	grp-a001-02-000000069047580	하루	nad-a001-02-000000541753959	bsn-a001-00-000000013604308	18	02	612594	M	10	0	0	20	0
20260906	4291318	cmp-a001-02-000000010764328	grp-a001-02-000000069047580	프로틴단백질	nad-a001-02-000000553654562	bsn-a001-00-000000013604308	18	15	612594	M	1	0	0	3	0
20260906	4291318	cmp-a001-02-000000010764328	grp-a001-02-000000069047580	하루견과	nad-a001-02-000000541753960	bsn-a001-00-000000013604308	18	08	8753	M	4	0	0	20	0
20260906	4291318	cmp-a001-02-000000010764328	grp-a001-02-000000069047580	프로틴	nad-a001-02-000000553654562	bsn-a001-00-000000013604308	18	99	529514	M	75	0	0	99	0
20260906	4291318	cmp-a001-02-000000010764328	grp-a001-02-000000069047580	단백질바	nad-a001-02-000000553654554	bsn-a001-00-000000013604308	18	06	529514	M	14	0	0	14	0
20260906	4291318	cmp-a001-02-000000010764328	grp-a001-02-000000069047580	견과류세트	nad-a001-02-000000541753959	bsn-a001-00-000000013604308	18	13	529514	M	2	0	0	4	0
20260906	4291318	cmp-a001-02-000000010764328	grp-a001-02-000000069047580	칼로리바	nad-a001-02-000000553654554	bsn-a001-00-000000013604308	18	00	8753	M	1	0	0	2	0
20260906	4291318	cmp-a001-02-000000010764328	grp-a001-02-000000069047580	젤리	nad-a001-02-000000541753985	bsn-a001-00-000000013604308	18	08	11068	P	1	0	0	4	0
20260906	4291318	cmp-a001-02-000000010764328	grp-a001-02-000000069047580	갓	nad-a001-02-000000541753960	bsn-a001-00-000000013604308	18	10	8753	M	1	0	0	2	0
20260906	4291318	cmp-a001-02-000000010764328	grp-a001-02-000000069047580	프로틴쉐이크	nad-a001-02-000000553654562	bsn-a001-00-000000013604308	18	09	529514	M	16	0	0	20	0
20260906	4291318	cmp-a001-02-000000010764328	grp-a001-02-000000069047580	사랑	nad-a001-02-000000553654558	bsn-a001-00-000000013604308	18	09	612594	M	1	0	0	5	0
20260906	4291318	cmp-a001-02-000000010764328	grp-a001-02-000000069047580	단백질간식	nad-a001-02-000000553654558	bsn-a001-00-000000013604308	18	16	8753	M	2	0	0	8	0
20260906	4291318	cmp-a001-02-000000010764328	grp-a001-02-000000069047580	가루	nad-a001-02-000000541753997	bsn-a001-00-000000013604308	18	01	612594	M	1	0	0	1	0
20260906	4291318	cmp-a001-02-000000010764328	grp-a001-02-000000069047580	황성주생식	nad-a001-02-000000541754005	bsn-a001-00-000000013604308	18	08	633013	M	1	0	0	4	0
20260906	4291318	cmp-a001-02-000000010764328	grp-a001-02-000000069047580	스토어	nad-a001-02-000000541753996	bsn-a001-00-000000013604308	18	08	612594	M	1	0	0	8	0
20260906	4291318	cmp-a001-02-000000010764328	grp-a001-02-000000069047580	견과세트	nad-a001-02-000000541753960	bsn-a001-00-000000013604308	18	08	768323	M	2	0	0	6	0
20260906	4291318	cmp-a001-02-000000010764328	grp-a001-02-000000069047580	사랑님	nad-a001-02-000000553654558	bsn-a001-00-000000013604308	18	04	529514	M	2	0	0	6	0
20260906	4291318	cmp-a001-02-000000010764328	grp-a001-02-000000072573876	추석선물세트	nad-a001-02-000000573683834	bsn-a001-00-000000013604308	18	01	529514	M	6	0	0	18	0
20260906	4291318	cmp-a001-02-000000010764328	grp-a001-02-000000069047580	하루견과	nad-a001-02-000000541753959	bsn-a001-00-000000013604308	18	16	8753	M	2	0	0	8	0
20260906	4291318	cmp-a001-02-000000010764328	grp-a001-02-000000069047580	견과류	nad-a001-02-000000541753999	bsn-a001-00-000000013604308	18	09	11068	P	1	0	0	3	0
20260906	4291318	cmp-a001-02-000000010764328	grp-a001-02-000000072573876	추석선물세트	nad-a001-02-000000573683834	bsn-a001-00-000000013604308	18	07	8753	M	1	0	0	2	0
20260906	4291318	cmp-a001-02-000000010764328	grp-a001-02-000000069047580	하루견과	nad-a001-02-000000541753999	bsn-a001-00-000000013604308	18	16	33421	M	1	0	0	1	0
20260906	4291318	cmp-a001-02-000000010764328	grp-a001-02-000000069047580	프로틴바	nad-a001-02-000000553654554	bsn-a001-00-000000013604308	18	09	768323	M	1	0	0	1	0
20260906	4291318	cmp-a001-02-000000010764328	grp-a001-02-000000069047580	저렴한견과류	nad-a001-02-000000541753999	bsn-a001-00-000000013604308	18	02	684924	M	1	0	0	1	0
20260906	4291318	cmp-a001-02-000000010764328	grp-a001-02-000000072573876	추석선물세트	nad-a001-02-000000573683835	bsn-a001-00-000000013604308	18	07	8753	M	2	0	0	8	0
20260906	4291318	cmp-a001-02-000000010764328	grp-a001-02-000000069047580	제리	nad-a001-02-000000541753985	bsn-a001-00-000000013604308	18	99	529514	M	10	0	0	20	0
20260906	4291318	cmp-a001-02-000000010764328	grp-a001-02-000000069047580	견과	nad-a001-02-000000541753960	bsn-a001-00-000000013604308	18	16	8753	M	1	0	0	4	0
20260906	4291318	cmp-a001-02-000000010764328	grp-a001-02-000000069047580	하루견과	nad-a001-02-000000541753999	bsn-a001-00-000000013604308	18	04	529514	M	2	0	0	3	0
20260906	4291318	cmp-a001-02-000000010764328	grp-a001-02-000000069047580	곡물프로틴	nad-a001-02-000000553654562	bsn-a001-00-000000013604308	18	09	8753	M	1	0	0	3	0
20260906	4291318	cmp-a001-02-000000010764328	grp-a001-02-000000072573876	명절선물	nad-a001-02-000000573683835	bsn-a001-00-000000013604308	18	01	8753	M	1	0	0	8	0
20260906	4291318	cmp-a001-02-000000010764328	grp-a001-02-000000069047580	가루	nad-a001-02-000000541754004	bsn-a001-00-000000013604308	18	09	98128	M	4	0	0	12	0
20260906	4291318	cmp-a001-02-000000010764328	grp-a001-02-000000069047580	견과	nad-a001-02-000000541753999	bsn-a001-00-000000013604308	18	02	8753	M	1	0	0	2	0
20260906	4291318	cmp-a001-02-000000010764328	grp-a001-02-000000069047580	하루	nad-a001-02-000000541753960	bsn-a001-00-000000013604308	18	07	612593	P	1	0	0	3	0
20260906	4291318	cmp-a001-02-000000010764328	grp-a001-02-000000072573876	추석선물세트	nad-a001-02-000000573683835	bsn-a001-00-000000013604308	18	03	8753	M	2	0	0	8	0
20260906	4291318	cmp-a001-02-000000010764328	grp-a001-02-000000069047580	단백질	nad-a001-02-000000553654562	bsn-a001-00-000000013604308	18	09	11068	P	1	0	0	1	0
20260906	4291318	cmp-a001-02-000000010764328	grp-a001-02-000000069047580	보충제	nad-a001-02-000000553654562	bsn-a001-00-000000013604308	18	13	529514	M	2	0	0	2	0
20260906	4291318	cmp-a001-02-000000010764328	grp-a001-02-000000069047580	하루견과	nad-a001-02-000000541753959	bsn-a001-00-000000013604308	18	16	684926	M	3	0	0	15	0
20260906	4291318	cmp-a001-02-000000010764328	grp-a001-02-000000069047580	단백질바	nad-a001-02-000000553654558	bsn-a001-00-000000013604308	18	02	529514	M	12	0	0	24	0
20260906	4291318	cmp-a001-02-000000010764328	grp-a001-02-000000069047580	단백질	nad-a001-02-000000553654562	bsn-a001-00-000000013604308	18	09	612594	M	1	0	0	4	0
20260906	4291318	cmp-a001-02-000000010764328	grp-a001-02-000000069047580	견과류	nad-a001-02-000000541753999	bsn-a001-00-000000013604308	18	99	612594	M	1	0	0	3	0
20260906	4291318	cmp-a001-02-000000010764328	grp-a001-02-000000072573876	추석선물세트	nad-a001-02-000000573683835	bsn-a001-00-000000013604308	18	99	529514	M	47	0	0	198	0
20260906	4291318	cmp-a001-02-000000010764328	grp-a001-02-000000069047580	견과류세트	nad-a001-02-000000541753960	bsn-a001-00-000000013604308	18	09	8753	M	4	0	0	14	0
20260906	4291318	cmp-a001-02-000000010764328	grp-a001-02-000000069047580	견과류	nad-a001-02-000000541753959	bsn-a001-00-000000013604308	18	03	8753	M	4	0	0	14	0
20260906	4291318	cmp-a001-02-000000010764328	grp-a001-02-000000069047580	하루견과	nad-a001-02-000000541753960	bsn-a001-00-000000013604308	18	02	8753	M	7	0	0	30	0
20260906	4291318	cmp-a001-02-000000010764328	grp-a001-02-000000072573876	명절선물	nad-a001-02-000000573683834	bsn-a001-00-000000013604308	18	15	529514	M	3	0	0	33	0
20260906	4291318	cmp-a001-02-000000010764328	grp-a001-02-000000072573876	추석선물세트	nad-a001-02-000000573683834	bsn-a001-00-000000013604308	18	08	8753	M	2	0	0	6	0
20260906	4291318	cmp-a001-02-000000010764328	grp-a001-02-000000069047580	하루견과	nad-a001-02-000000541753999	bsn-a001-00-000000013604308	18	15	27758	P	1	0	0	2	0
20260906	4291318	cmp-a001-02-000000010764328	grp-a001-02-000000069047580	하루견과	nad-a001-02-000000541753999	bsn-a001-00-000000013604308	18	06	633013	M	2	0	0	6	0
20260906	4291318	cmp-a001-02-000000010764328	grp-a001-02-000000069047580	견과류	nad-a001-02-000000541753959	bsn-a001-00-000000013604308	18	09	684926	M	11	0	0	49	0
20260906	4291318	cmp-a001-02-000000010764328	grp-a001-02-000000069047580	하루견과	nad-a001-02-000000541753999	bsn-a001-00-000000013604308	18	07	8753	M	2	0	0	5	0
20260906	4291318	cmp-a001-02-000000010764328	grp-a001-02-000000072573876	추석선물세트	nad-a001-02-000000573683834	bsn-a001-00-000000013604308	18	09	684927	P	1	0	0	66	0
20260906	4291318	cmp-a001-02-000000010764328	grp-a001-02-000000069047580	갓	nad-a001-02-000000541753999	bsn-a001-00-000000013604308	18	18	684924	M	1	0	0	1	0
20260906	4291318	cmp-a001-02-000000010764328	grp-a001-02-000000072573876	진주명절선물박람회	nad-a001-02-000000573683835	bsn-a001-00-000000013604308	18	03	8753	M	1	0	0	3	0
20260906	4291318	cmp-a001-02-000000010764328	grp-a001-02-000000069047580	프로틴바	nad-a001-02-000000553654558	bsn-a001-00-000000013604308	18	09	8753	M	1	0	0	5	0
20260906	4291318	cmp-a001-02-000000010764328	grp-a001-02-000000069047580	견과세트	nad-a001-02-000000541753959	bsn-a001-00-000000013604308	18	18	768323	M	1	0	0	1	0
20260906	4291318	cmp-a001-02-000000010764328	grp-a001-02-000000069047580	견과류판매	nad-a001-02-000000541753999	bsn-a001-00-000000013604308	18	16	8753	M	1	0	0	4	0
20260906	4291318	cmp-a001-02-000000010764328	grp-a001-02-000000069047580	견과류	nad-a001-02-000000541753959	bsn-a001-00-000000013604308	18	09	8753	M	12	0	0	41	0
20260906	4291318	cmp-a001-02-000000010764328	grp-a001-02-000000069047580	팔미생식가루	nad-a001-02-000000541754004	bsn-a001-00-000000013604308	18	02	8753	M	1	0	0	2	0
20260906	4291318	cmp-a001-02-000000010764328	grp-a001-02-000000069047580	하루	nad-a001-02-000000541753959	bsn-a001-00-000000013604308	18	03	805760	M	2	0	0	4	0
20260906	4291318	cmp-a001-02-000000010764328	grp-a001-02-000000069047580	견과류	nad-a001-02-000000541753959	bsn-a001-00-000000013604308	18	02	684926	M	2	0	0	14	0
20260906	4291318	cmp-a001-02-000000010764328	grp-a001-02-000000069047580	황성주생식라이프밀	nad-a001-02-000000541753997	bsn-a001-00-000000013604308	18	14	612594	M	1	0	0	1	0
20260906	4291318	cmp-a001-02-000000010764328	grp-a001-02-000000069047580	견과류	nad-a001-02-000000541753960	bsn-a001-00-000000013604308	18	08	529514	M	24	0	0	70	0
20260906	4291318	cmp-a001-02-000000010764328	grp-a001-02-000000069047580	황성주박사생식	nad-a001-02-000000541753997	bsn-a001-00-000000013604308	18	04	8753	M	2	1	5199	2	0
20260906	4291318	cmp-a001-02-000000010764328	grp-a001-02-000000072573876	추석선물세트	nad-a001-02-000000573683835	bsn-a001-00-000000013604308	18	00	529514	M	1	0	0	5	0
20260906	4291318	cmp-a001-02-000000010764328	grp-a001-02-000000069047580	가루	nad-a001-02-000000541753996	bsn-a001-00-000000013604308	18	08	98128	M	1	0	0	4	0
20260906	4291318	cmp-a001-02-000000010764328	grp-a001-02-000000069047580	단백질보충제	nad-a001-02-000000553654562	bsn-a001-00-000000013604308	18	08	529514	M	2	0	0	8	0
20260906	4291318	cmp-a001-02-000000010764328	grp-a001-02-000000069047580	다이어트쉐이크	nad-a001-02-000000553654562	bsn-a001-00-000000013604308	18	15	768323	M	1	0	0	4	0
20260906	4291318	cmp-a001-02-000000010764328	grp-a001-02-000000069047580	21신상	nad-a001-02-000000553654562	bsn-a001-00-000000013604308	18	02	98128	M	1	0	0	2	0
20260906	4291318	cmp-a001-02-000000010764328	grp-a001-02-000000069047580	젤리	nad-a001-02-000000541753985	bsn-a001-00-000000013604308	18	99	98128	M	2	0	0	2	0
20260906	4291318	cmp-a001-02-000000010764328	grp-a001-02-000000069047580	단백질	nad-a001-02-000000553654562	bsn-a001-00-000000013604308	18	09	98128	M	6	0	0	6	0
20260906	4291318	cmp-a001-02-000000010764328	grp-a001-02-000000069047580	하루	nad-a001-02-000000541753959	bsn-a001-00-000000013604308	18	16	612594	M	2	0	0	4	0
20260906	4291318	cmp-a001-02-000000010764328	grp-a001-02-000000072573876	추석선물세트	nad-a001-02-000000573683835	bsn-a001-00-000000013604308	18	99	87620	M	5	0	0	19	0
20260906	4291318	cmp-a001-02-000000010764328	grp-a001-02-000000072573876	추석선물세트	nad-a001-02-000000573683835	bsn-a001-00-000000013604308	18	13	8753	M	2	0	0	10	0
20260906	4291318	cmp-a001-02-000000010764328	grp-a001-02-000000069047580	하루	nad-a001-02-000000541753960	bsn-a001-00-000000013604308	18	11	612594	M	3	0	0	9	0
20260906	4291318	cmp-a001-02-000000010764328	grp-a001-02-000000069047580	프로틴	nad-a001-02-000000553654562	bsn-a001-00-000000013604308	18	09	98128	M	2	0	0	4	0
20260906	4291318	cmp-a001-02-000000010764328	grp-a001-02-000000069047580	에너지바	nad-a001-02-000000553654558	bsn-a001-00-000000013604308	18	99	529514	M	2	0	0	4	0
20260906	4291318	cmp-a001-02-000000010764328	grp-a001-02-000000069047580	견과류	nad-a001-02-000000541753999	bsn-a001-00-000000013604308	18	15	8753	M	1	0	0	2	0
20260906	4291318	cmp-a001-02-000000010764328	grp-a001-02-000000069047580	하루견과	nad-a001-02-000000541753960	bsn-a001-00-000000013604308	18	02	529514	M	2	0	0	5	0
20260906	4291318	cmp-a001-02-000000010764328	grp-a001-02-000000069047580	가루	nad-a001-02-000000541754004	bsn-a001-00-000000013604308	18	01	612594	M	1	0	0	2	0
20260906	4291318	cmp-a001-02-000000010764328	grp-a001-02-000000069047580	견과세트	nad-a001-02-000000541753999	bsn-a001-00-000000013604308	18	09	529514	M	2	0	0	2	0
20260906	4291318	cmp-a001-02-000000010764328	grp-a001-02-000000069047580	단백질쉐이크	nad-a001-02-000000553654562	bsn-a001-00-000000013604308	18	10	529514	M	41	0	0	41	0
20260906	4291318	cmp-a001-02-000000010764328	grp-a001-02-000000069047580	스토어	nad-a001-02-000000541753996	bsn-a001-00-000000013604308	18	18	98128	M	2	0	0	4	0
20260906	4291318	cmp-a001-02-000000010764328	grp-a001-02-000000069047580	하루	nad-a001-02-000000541753959	bsn-a001-00-000000013604308	18	02	98128	M	15	0	0	30	0
20260906	4291318	cmp-a001-02-000000010764328	grp-a001-02-000000069047580	견과류세트	nad-a001-02-000000541753959	bsn-a001-00-000000013604308	18	09	8753	M	4	0	0	12	0
20260906	4291318	cmp-a001-02-000000010764328	grp-a001-02-000000069047580	견과류	nad-a001-02-000000541753960	bsn-a001-00-000000013604308	18	09	137281	M	3	0	0	3	0
20260906	4291318	cmp-a001-02-000000010764328	grp-a001-02-000000069047580	사랑하고	nad-a001-02-000000553654554	bsn-a001-00-000000013604308	18	09	98128	M	1	0	0	3	0
20260906	4291318	cmp-a001-02-000000010764328	grp-a001-02-000000072573876	추석선물세트	nad-a001-02-000000573683834	bsn-a001-00-000000013604308	18	02	529514	M	111	0	0	342	0
20260906	4291318	cmp-a001-02-000000010764328	grp-a001-02-000000069047580	갓	nad-a001-02-000000541753999	bsn-a001-00-000000013604308	18	15	684924	M	1	0	0	1	0
20260906	4291318	cmp-a001-02-000000010764328	grp-a001-02-000000072573876	추석선물세트	nad-a001-02-000000573683834	bsn-a001-00-000000013604308	18	04	684927	P	1	0	0	79	0
20260906	4291318	cmp-a001-02-000000010764328	grp-a001-02-000000069047580	하루견과	nad-a001-02-000000541753999	bsn-a001-00-000000013604308	18	01	684924	M	1	0	0	1	0
20260906	4291318	cmp-a001-02-000000010764328	grp-a001-02-000000069047580	견과류세트	nad-a001-02-000000541753999	bsn-a001-00-000000013604308	18	02	684924	M	1	0	0	1	0
20260906	4291318	cmp-a001-02-000000010764328	grp-a001-02-000000069047580	단백질보충제추천	nad-a001-02-000000553654562	bsn-a001-00-000000013604308	18	01	612594	M	1	0	0	2	0
20260906	4291318	cmp-a001-02-000000010764328	grp-a001-02-000000069047580	에너지바	nad-a001-02-000000553654554	bsn-a001-00-000000013604308	18	18	8753	M	1	0	0	3	0
20260906	4291318	cmp-a001-02-000000010764328	grp-a001-02-000000069047580	단백질바	nad-a001-02-000000553654558	bsn-a001-00-000000013604308	18	99	529514	M	4	0	0	8	0
20260906	4291318	cmp-a001-02-000000010764328	grp-a001-02-000000069047580	견과세트	nad-a001-02-000000541753959	bsn-a001-00-000000013604308	18	99	768323	M	1	0	0	1	0
20260906	4291318	cmp-a001-02-000000010764328	grp-a001-02-000000069047580	단백질바	nad-a001-02-000000553654559	bsn-a001-00-000000013604308	18	99	529514	M	4	0	0	18	0
20260906	4291318	cmp-a001-02-000000010764328	grp-a001-02-000000069047580	젤리	nad-a001-02-000000541753985	bsn-a001-00-000000013604308	18	00	23123	P	1	0	0	4	0
20260906	4291318	cmp-a001-02-000000010764328	grp-a001-02-000000069047580	프로틴	nad-a001-02-000000553654562	bsn-a001-00-000000013604308	18	03	684926	M	1	0	0	1	0
20260906	4291318	cmp-a001-02-000000010764328	grp-a001-02-000000069047580	스토어	nad-a001-02-000000541753997	bsn-a001-00-000000013604308	18	15	98128	M	1	0	0	4	0
20260906	4291318	cmp-a001-02-000000010764328	grp-a001-02-000000069047580	단백질쉐이크	nad-a001-02-000000553654562	bsn-a001-00-000000013604308	18	04	529514	M	10	0	0	10	0
20260906	4291318	cmp-a001-02-000000010764328	grp-a001-02-000000069047580	에너지바	nad-a001-02-000000553654554	bsn-a001-00-000000013604308	18	08	529514	M	2	0	0	2	0
20260906	4291318	cmp-a001-02-000000010764328	grp-a001-02-000000072573876	추석선물세트	nad-a001-02-000000573683835	bsn-a001-00-000000013604308	18	02	874301	P	2	0	0	10	0
20260906	4291318	cmp-a001-02-000000010764328	grp-a001-02-000000069047580	에너지바	nad-a001-02-000000553654554	bsn-a001-00-000000013604308	18	06	27758	P	1	0	0	3	0
20260906	4291318	cmp-a001-02-000000010764328	grp-a001-02-000000069047580	단백질쉐이크	nad-a001-02-000000553654562	bsn-a001-00-000000013604308	18	01	98128	M	12	0	0	12	0
20260906	4291318	cmp-a001-02-000000010764328	grp-a001-02-000000072573876	추석선물세트	nad-a001-02-000000573683834	bsn-a001-00-000000013604308	18	11	529514	M	24	0	0	73	0
20260906	4291318	cmp-a001-02-000000010764328	grp-a001-02-000000069047580	쉐이크	nad-a001-02-000000553654562	bsn-a001-00-000000013604308	18	18	98128	M	2	0	0	2	0
20260906	4291318	cmp-a001-02-000000010764328	grp-a001-02-000000069047580	네이버스토어	nad-a001-02-000000541753997	bsn-a001-00-000000013604308	18	06	335738	P	1	0	0	2	0
20260906	4291318	cmp-a001-02-000000010764328	grp-a001-02-000000069047580	젤리	nad-a001-02-000000541753985	bsn-a001-00-000000013604308	18	09	8753	M	3	0	0	8	0
20260906	4291318	cmp-a001-02-000000010764328	grp-a001-02-000000069047580	에너지바	nad-a001-02-000000553654558	bsn-a001-00-000000013604308	18	02	8753	M	1	0	0	6	0
20260906	4291318	cmp-a001-02-000000010764328	grp-a001-02-000000069047580	스토어	nad-a001-02-000000541753997	bsn-a001-00-000000013604308	18	04	335738	P	1	0	0	1	0
20260906	4291318	cmp-a001-02-000000010764328	grp-a001-02-000000072573876	명절선물	nad-a001-02-000000573683835	bsn-a001-00-000000013604308	18	03	529514	M	1	0	0	11	0
20260906	4291318	cmp-a001-02-000000010764328	grp-a001-02-000000069047580	다이어트쉐이크	nad-a001-02-000000553654562	bsn-a001-00-000000013604308	18	02	768323	M	7	0	0	13	0
20260906	4291318	cmp-a001-02-000000010764328	grp-a001-02-000000069047580	프로틴바	nad-a001-02-000000553654558	bsn-a001-00-000000013604308	18	04	529514	M	2	0	0	4	0
20260906	4291318	cmp-a001-02-000000010764328	grp-a001-02-000000069047580	단백질	nad-a001-02-000000553654562	bsn-a001-00-000000013604308	18	09	684925	P	2	0	0	2	0
20260906	4291318	cmp-a001-02-000000010764328	grp-a001-02-000000069047580	사랑이	nad-a001-02-000000553654559	bsn-a001-00-000000013604308	18	99	529514	M	2	0	0	13	0
20260906	4291318	cmp-a001-02-000000010764328	grp-a001-02-000000072573876	추석선물추천	nad-a001-02-000000573683834	bsn-a001-00-000000013604308	18	09	8753	M	1	0	0	2	0
20260906	4291318	cmp-a001-02-000000010764328	grp-a001-02-000000069047580	하루	nad-a001-02-000000541753959	bsn-a001-00-000000013604308	18	04	612594	M	2	0	0	4	0
20260906	4291318	cmp-a001-02-000000010764328	grp-a001-02-000000069047580	사랑	nad-a001-02-000000553654558	bsn-a001-00-000000013604308	18	02	98128	M	4	0	0	16	0
20260906	4291318	cmp-a001-02-000000010764328	grp-a001-02-000000072573876	추석선물	nad-a001-02-000000573683834	bsn-a001-00-000000013604308	18	02	33421	M	3	0	0	7	0
20260906	4291318	cmp-a001-02-000000010764328	grp-a001-02-000000069047580	단백질프로틴바	nad-a001-02-000000553654558	bsn-a001-00-000000013604308	18	09	98128	M	1	0	0	2	0
20260906	4291318	cmp-a001-02-000000010764328	grp-a001-02-000000069047580	스토어	nad-a001-02-000000541754004	bsn-a001-00-000000013604308	18	10	98128	M	2	0	0	2	0
20260906	4291318	cmp-a001-02-000000010764328	grp-a001-02-000000069047580	단백질보충제	nad-a001-02-000000553654562	bsn-a001-00-000000013604308	18	99	612594	M	1	0	0	4	0
20260906	4291318	cmp-a001-02-000000010764328	grp-a001-02-000000069047580	하루견과	nad-a001-02-000000541753959	bsn-a001-00-000000013604308	18	03	529514	M	2	0	0	7	0
20260906	4291318	cmp-a001-02-000000010764328	grp-a001-02-000000069047580	생식가루	nad-a001-02-000000541753997	bsn-a001-00-000000013604308	18	08	8753	M	1	0	0	6	0
20260906	4291318	cmp-a001-02-000000010764328	grp-a001-02-000000069047580	갓	nad-a001-02-000000541753959	bsn-a001-00-000000013604308	18	02	8753	M	3	0	0	11	0
20260906	4291318	cmp-a001-02-000000010764328	grp-a001-02-000000069047580	하루견과	nad-a001-02-000000541753960	bsn-a001-00-000000013604308	18	11	529514	M	2	0	0	5	0
20260906	4291318	cmp-a001-02-000000010764328	grp-a001-02-000000072573876	추석선물세트신상	nad-a001-02-000000573683834	bsn-a001-00-000000013604308	18	03	27758	P	1	0	0	1	0
20260906	4291318	cmp-a001-02-000000010764328	grp-a001-02-000000069047580	단백질간식	nad-a001-02-000000553654558	bsn-a001-00-000000013604308	18	04	8753	M	1	0	0	4	0
20260906	4291318	cmp-a001-02-000000010764328	grp-a001-02-000000069047580	견과류	nad-a001-02-000000541753960	bsn-a001-00-000000013604308	18	06	529514	M	26	0	0	82	0
20260906	4291318	cmp-a001-02-000000010764328	grp-a001-02-000000069047580	단백질바	nad-a001-02-000000553654554	bsn-a001-00-000000013604308	18	04	529514	M	2	0	0	2	0
20260906	4291318	cmp-a001-02-000000010764328	grp-a001-02-000000069047580	견과류	nad-a001-02-000000541753960	bsn-a001-00-000000013604308	18	09	529514	M	232	1	540	712	0
20260906	4291318	cmp-a001-02-000000010764328	grp-a001-02-000000069047580	프로틴	nad-a001-02-000000553654562	bsn-a001-00-000000013604308	18	13	768323	M	4	0	0	7	0
20260906	4291318	cmp-a001-02-000000010764328	grp-a001-02-000000069047580	프로틴	nad-a001-02-000000553654562	bsn-a001-00-000000013604308	18	01	529514	M	9	0	0	9	0
20260906	4291318	cmp-a001-02-000000010764328	grp-a001-02-000000069047580	단백질	nad-a001-02-000000553654562	bsn-a001-00-000000013604308	18	06	8753	M	1	0	0	6	0
20260906	4291318	cmp-a001-02-000000010764328	grp-a001-02-000000069047580	쉐이크	nad-a001-02-000000553654562	bsn-a001-00-000000013604308	18	09	8753	M	2	0	0	12	0
20260906	4291318	cmp-a001-02-000000010764328	grp-a001-02-000000069047580	단백질간식	nad-a001-02-000000553654554	bsn-a001-00-000000013604308	18	04	8753	M	1	0	0	1	0
20260906	4291318	cmp-a001-02-000000010764328	grp-a001-02-000000069047580	견과류세트	nad-a001-02-000000541753999	bsn-a001-00-000000013604308	18	09	27758	P	1	0	0	1	0
20260906	4291318	cmp-a001-02-000000010764328	grp-a001-02-000000069047580	견과류	nad-a001-02-000000541753959	bsn-a001-00-000000013604308	18	02	529514	M	203	1	2306	468	0
20260906	4291318	cmp-a001-02-000000010764328	grp-a001-02-000000069047580	하루	nad-a001-02-000000541753959	bsn-a001-00-000000013604308	18	09	805760	M	2	0	0	4	0
20260906	4291318	cmp-a001-02-000000010764328	grp-a001-02-000000069047580	하루	nad-a001-02-000000541753999	bsn-a001-00-000000013604308	18	18	612594	M	2	0	0	2	0
20260906	4291318	cmp-a001-02-000000010764328	grp-a001-02-000000072573876	추석선물	nad-a001-02-000000573683835	bsn-a001-00-000000013604308	18	09	529514	M	33	0	0	388	0
20260906	4291318	cmp-a001-02-000000010764328	grp-a001-02-000000069047580	젤리	nad-a001-02-000000541753985	bsn-a001-00-000000013604308	18	99	8753	M	1	0	0	3	0
20260906	4291318	cmp-a001-02-000000010764328	grp-a001-02-000000069047580	하루견과	nad-a001-02-000000541753960	bsn-a001-00-000000013604308	18	02	33421	M	1	0	0	4	0
20260906	4291318	cmp-a001-02-000000010764328	grp-a001-02-000000069047580	하루견과	nad-a001-02-000000541753959	bsn-a001-00-000000013604308	18	15	11068	P	1	0	0	5	0
20260906	4291318	cmp-a001-02-000000010764328	grp-a001-02-000000069047580	하루견과	nad-a001-02-000000541753999	bsn-a001-00-000000013604308	18	01	8753	M	2	0	0	3	0
20260906	4291318	cmp-a001-02-000000010764328	grp-a001-02-000000072573876	추석선물	nad-a001-02-000000573683834	bsn-a001-00-000000013604308	18	09	8753	M	1	0	0	2	0
20260906	4291318	cmp-a001-02-000000010764328	grp-a001-02-000000072573876	추석선물세트신상	nad-a001-02-000000573683834	bsn-a001-00-000000013604308	18	03	11068	P	1	0	0	1	0
20260906	4291318	cmp-a001-02-000000010764328	grp-a001-02-000000069047580	단백질보충제	nad-a001-02-000000553654562	bsn-a001-00-000000013604308	18	02	684927	P	2	0	0	16	0
20260906	4291318	cmp-a001-02-000000010764328	grp-a001-02-000000069047580	갓	nad-a001-02-000000541753999	bsn-a001-00-000000013604308	18	16	8753	M	1	0	0	1	0
20260906	4291318	cmp-a001-02-000000010764328	grp-a001-02-000000069047580	스토어	nad-a001-02-000000541754004	bsn-a001-00-000000013604308	18	08	98128	M	7	0	0	7	0
20260906	4291318	cmp-a001-02-000000010764328	grp-a001-02-000000069047580	저렴한견과류	nad-a001-02-000000541753959	bsn-a001-00-000000013604308	18	02	8753	M	1	0	0	3	0
20260906	4291318	cmp-a001-02-000000010764328	grp-a001-02-000000069047580	견과	nad-a001-02-000000541753959	bsn-a001-00-000000013604308	18	02	8753	M	1	0	0	3	0
20260906	4291318	cmp-a001-02-000000010764328	grp-a001-02-000000072573876	명절선물	nad-a001-02-000000573683835	bsn-a001-00-000000013604308	18	99	529514	M	3	0	0	36	0
20260906	4291318	cmp-a001-02-000000010764328	grp-a001-02-000000069047580	프로틴	nad-a001-02-000000553654562	bsn-a001-00-000000013604308	18	09	8753	M	1	0	0	10	0
20260906	4291318	cmp-a001-02-000000010764328	grp-a001-02-000000069047580	단백질쉐이크	nad-a001-02-000000553654562	bsn-a001-00-000000013604308	18	10	98128	M	33	0	0	35	0
20260906	4291318	cmp-a001-02-000000010764328	grp-a001-02-000000069047580	단백질간식	nad-a001-02-000000553654554	bsn-a001-00-000000013604308	18	16	8753	M	2	0	0	6	0
20260906	4291318	cmp-a001-02-000000010764328	grp-a001-02-000000069047580	프로틴	nad-a001-02-000000553654562	bsn-a001-00-000000013604308	18	99	98128	M	2	0	0	4	0
20260906	4291318	cmp-a001-02-000000010764328	grp-a001-02-000000069047580	견과류세트	nad-a001-02-000000541753959	bsn-a001-00-000000013604308	18	99	529514	M	2	0	0	4	0
20260906	4291318	cmp-a001-02-000000010764328	grp-a001-02-000000069047580	견과류추천	nad-a001-02-000000541753999	bsn-a001-00-000000013604308	18	07	8753	M	1	0	0	2	0
20260906	4291318	cmp-a001-02-000000010764328	grp-a001-02-000000069047580	견과류	nad-a001-02-000000541753999	bsn-a001-00-000000013604308	18	08	529514	M	24	0	0	25	0
20260906	4291318	cmp-a001-02-000000010764328	grp-a001-02-000000072573876	추석선물	nad-a001-02-000000573683834	bsn-a001-00-000000013604308	18	10	529514	M	3	0	0	33	0
20260906	4291318	cmp-a001-02-000000010764328	grp-a001-02-000000069047580	견과류세트	nad-a001-02-000000541753960	bsn-a001-00-000000013604308	18	09	684925	P	1	0	0	1	0
20260906	4291318	cmp-a001-02-000000010764328	grp-a001-02-000000069047580	견과류추천	nad-a001-02-000000541753960	bsn-a001-00-000000013604308	18	16	8753	M	1	0	0	4	0
20260906	4291318	cmp-a001-02-000000010764328	grp-a001-02-000000069047580	쉐이크	nad-a001-02-000000553654562	bsn-a001-00-000000013604308	18	09	98128	M	2	0	0	2	0
20260906	4291318	cmp-a001-02-000000010764328	grp-a001-02-000000069047580	단백질바	nad-a001-02-000000553654558	bsn-a001-00-000000013604308	18	11	529514	M	2	0	0	4	0
20260906	4291318	cmp-a001-02-000000010764328	grp-a001-02-000000072573876	추석선물세트	nad-a001-02-000000573683835	bsn-a001-00-000000013604308	18	14	798056	M	1	0	0	3	0
20260906	4291318	cmp-a001-02-000000010764328	grp-a001-02-000000069047580	견과류	nad-a001-02-000000541753959	bsn-a001-00-000000013604308	18	18	8753	M	4	0	0	14	0
20260906	4291318	cmp-a001-02-000000010764328	grp-a001-02-000000069047580	하루견과	nad-a001-02-000000541753999	bsn-a001-00-000000013604308	18	03	529514	M	2	0	0	3	0
20260906	4291318	cmp-a001-02-000000010764328	grp-a001-02-000000072573876	추석선물세트	nad-a001-02-000000573683835	bsn-a001-00-000000013604308	18	15	8753	M	5	0	0	20	0
20260906	4291318	cmp-a001-02-000000010764328	grp-a001-02-000000069047580	하루견과	nad-a001-02-000000541753999	bsn-a001-00-000000013604308	18	99	8753	M	2	0	0	2	0
20260906	4291318	cmp-a001-02-000000010764328	grp-a001-02-000000072573876	추석선물	nad-a001-02-000000573683834	bsn-a001-00-000000013604308	18	01	529514	M	5	0	0	56	0
20260906	4291318	cmp-a001-02-000000010764328	grp-a001-02-000000069047580	견과류세트	nad-a001-02-000000541753960	bsn-a001-00-000000013604308	18	08	529514	M	2	0	0	6	0
20260906	4291318	cmp-a001-02-000000010764328	grp-a001-02-000000069047580	단백질바추천	nad-a001-02-000000553654558	bsn-a001-00-000000013604308	18	02	8753	M	1	0	0	6	0
20260906	4291318	cmp-a001-02-000000010764328	grp-a001-02-000000069047580	원이	nad-a001-02-000000541753999	bsn-a001-00-000000013604308	18	16	529514	M	7	0	0	12	0
20260906	4291318	cmp-a001-02-000000010764328	grp-a001-02-000000069047580	황성주생식	nad-a001-02-000000541753997	bsn-a001-00-000000013604308	18	16	8753	M	2	0	0	10	0
20260906	4291318	cmp-a001-02-000000010764328	grp-a001-02-000000072573876	추석선물세트	nad-a001-02-000000573683835	bsn-a001-00-000000013604308	18	02	8753	M	7	0	0	25	0
20260906	4291318	cmp-a001-02-000000010764328	grp-a001-02-000000069047580	프로틴	nad-a001-02-000000553654562	bsn-a001-00-000000013604308	18	03	529514	M	52	0	0	52	0
20260906	4291318	cmp-a001-02-000000010764328	grp-a001-02-000000072573876	추석선물세트	nad-a001-02-000000573683835	bsn-a001-00-000000013604308	18	01	684926	M	4	0	0	86	0
20260906	4291318	cmp-a001-02-000000010764328	grp-a001-02-000000069047580	사랑	nad-a001-02-000000553654558	bsn-a001-00-000000013604308	18	09	98128	M	1	0	0	4	0
20260906	4291318	cmp-a001-02-000000010764328	grp-a001-02-000000069047580	갓	nad-a001-02-000000541753960	bsn-a001-00-000000013604308	18	09	8753	M	1	0	0	1	0
20260906	4291318	cmp-a001-02-000000010764328	grp-a001-02-000000069047580	스토어	nad-a001-02-000000541754004	bsn-a001-00-000000013604308	18	11	98128	M	6	0	0	6	0
20260906	4291318	cmp-a001-02-000000010764328	grp-a001-02-000000069047580	황성주생식	nad-a001-02-000000541753997	bsn-a001-00-000000013604308	18	08	633013	M	1	0	0	1	0
20260906	4291318	cmp-a001-02-000000010764328	grp-a001-02-000000069047580	황성주생식	nad-a001-02-000000541753996	bsn-a001-00-000000013604308	18	08	633013	M	1	0	0	3	0
20260906	4291318	cmp-a001-02-000000010764328	grp-a001-02-000000072573876	추석선물일찍	nad-a001-02-000000573683834	bsn-a001-00-000000013604308	18	02	8753	M	1	0	0	3	0
20260906	4291318	cmp-a001-02-000000010764328	grp-a001-02-000000072573876	추석선물세트	nad-a001-02-000000573683835	bsn-a001-00-000000013604308	18	06	529514	M	37	0	0	146	0
20260906	4291318	cmp-a001-02-000000010764328	grp-a001-02-000000072573876	추석선물세트	nad-a001-02-000000573683835	bsn-a001-00-000000013604308	18	11	791888	M	1	0	0	4	0
20260906	4291318	cmp-a001-02-000000010764328	grp-a001-02-000000069047580	사랑님	nad-a001-02-000000553654558	bsn-a001-00-000000013604308	18	13	529514	M	14	0	0	42	0
20260906	4291318	cmp-a001-02-000000010764328	grp-a001-02-000000069047580	사랑	nad-a001-02-000000553654558	bsn-a001-00-000000013604308	18	16	98128	M	1	0	0	4	0
20260906	4291318	cmp-a001-02-000000010764328	grp-a001-02-000000072573876	명절선물	nad-a001-02-000000573683834	bsn-a001-00-000000013604308	18	18	529514	M	1	0	0	11	0
20260906	4291318	cmp-a001-02-000000010764328	grp-a001-02-000000069047580	젤리	nad-a001-02-000000541753985	bsn-a001-00-000000013604308	18	03	8753	M	1	0	0	1	0
20260906	4291318	cmp-a001-02-000000010764328	grp-a001-02-000000069047580	견과류추천	nad-a001-02-000000541753960	bsn-a001-00-000000013604308	18	09	8753	M	3	0	0	12	0
20260906	4291318	cmp-a001-02-000000010764328	grp-a001-02-000000069047580	가루	nad-a001-02-000000541753997	bsn-a001-00-000000013604308	18	01	8753	M	1	0	0	1	0
20260906	4291318	cmp-a001-02-000000010764328	grp-a001-02-000000069047580	매일견과	nad-a001-02-000000541753999	bsn-a001-00-000000013604308	18	02	341898	M	2	0	0	2	0
20260906	4291318	cmp-a001-02-000000010764328	grp-a001-02-000000069047580	프로틴바	nad-a001-02-000000553654554	bsn-a001-00-000000013604308	18	04	529514	M	2	0	0	2	0
20260906	4291318	cmp-a001-02-000000010764328	grp-a001-02-000000069047580	견과류	nad-a001-02-000000541753999	bsn-a001-00-000000013604308	18	07	529514	M	18	0	0	18	0
20260906	4291318	cmp-a001-02-000000010764328	grp-a001-02-000000069047580	견과세트	nad-a001-02-000000541753960	bsn-a001-00-000000013604308	18	09	529514	M	2	0	0	6	0
20260906	4291318	cmp-a001-02-000000010764328	grp-a001-02-000000069047580	스토어	nad-a001-02-000000541753997	bsn-a001-00-000000013604308	18	16	98128	M	1	0	0	4	0
20260906	4291318	cmp-a001-02-000000010764328	grp-a001-02-000000069047580	하루	nad-a001-02-000000541753959	bsn-a001-00-000000013604308	18	18	612594	M	2	0	0	4	0
20260906	4291318	cmp-a001-02-000000010764328	grp-a001-02-000000069047580	견과류	nad-a001-02-000000541753959	bsn-a001-00-000000013604308	18	08	529514	M	24	0	0	49	0
20260906	4291318	cmp-a001-02-000000010764328	grp-a001-02-000000069047580	견과류추천	nad-a001-02-000000541753959	bsn-a001-00-000000013604308	18	03	8753	M	2	0	0	6	0
20260906	4291318	cmp-a001-02-000000010764328	grp-a001-02-000000069047580	하루견과	nad-a001-02-000000541753999	bsn-a001-00-000000013604308	18	03	27758	P	1	0	0	1	0
20260906	4291318	cmp-a001-02-000000010764328	grp-a001-02-000000069047580	프로틴단백질	nad-a001-02-000000553654562	bsn-a001-00-000000013604308	18	18	684924	M	1	0	0	1	0
20260906	4291318	cmp-a001-02-000000010764328	grp-a001-02-000000072573876	추석선물	nad-a001-02-000000573683835	bsn-a001-00-000000013604308	18	02	8753	M	9	0	0	38	0
20260906	4291318	cmp-a001-02-000000010764328	grp-a001-02-000000069047580	갓	nad-a001-02-000000541753999	bsn-a001-00-000000013604308	18	18	8753	M	2	0	0	2	0
20260906	4291318	cmp-a001-02-000000010764328	grp-a001-02-000000069047580	단백질쉐이크	nad-a001-02-000000553654562	bsn-a001-00-000000013604308	18	08	98128	M	2	0	0	2	0
20260906	4291318	cmp-a001-02-000000010764328	grp-a001-02-000000069047580	하루	nad-a001-02-000000541753960	bsn-a001-00-000000013604308	18	11	612593	P	1	0	0	3	0
20260906	4291318	cmp-a001-02-000000010764328	grp-a001-02-000000069047580	에너지바	nad-a001-02-000000553654559	bsn-a001-00-000000013604308	18	09	791888	M	1	0	0	5	0
20260906	4291318	cmp-a001-02-000000010764328	grp-a001-02-000000069047580	견과류	nad-a001-02-000000541753960	bsn-a001-00-000000013604308	18	06	633013	M	1	0	0	2	0
20260906	4291318	cmp-a001-02-000000010764328	grp-a001-02-000000069047580	하루	nad-a001-02-000000541753960	bsn-a001-00-000000013604308	18	08	137281	M	11	0	0	11	0
20260906	4291318	cmp-a001-02-000000010764328	grp-a001-02-000000072573876	추석선물	nad-a001-02-000000573683835	bsn-a001-00-000000013604308	18	13	529514	M	39	0	0	451	0
20260906	4291318	cmp-a001-02-000000010764328	grp-a001-02-000000069047580	황성주생식라이프밀	nad-a001-02-000000541753997	bsn-a001-00-000000013604308	18	18	8753	M	1	0	0	4	0
20260906	4291318	cmp-a001-02-000000010764328	grp-a001-02-000000072573876	특가	nad-a001-02-000000573683835	bsn-a001-00-000000013604308	18	15	529514	M	2	0	0	24	0
20260906	4291318	cmp-a001-02-000000010764328	grp-a001-02-000000069047580	하루네	nad-a001-02-000000541753959	bsn-a001-00-000000013604308	18	11	8753	M	1	0	0	5	0
20260906	4291318	cmp-a001-02-000000010764328	grp-a001-02-000000069047580	견과류	nad-a001-02-000000541753959	bsn-a001-00-000000013604308	18	13	8753	M	1	0	0	4	0
20260906	4291318	cmp-a001-02-000000010764328	grp-a001-02-000000069047580	갓	nad-a001-02-000000541753960	bsn-a001-00-000000013604308	18	18	8753	M	2	0	0	5	0
20260906	4291318	cmp-a001-02-000000010764328	grp-a001-02-000000069047580	단백질바	nad-a001-02-000000553654554	bsn-a001-00-000000013604308	18	09	529514	M	1	0	0	1	0
20260906	4291318	cmp-a001-02-000000010764328	grp-a001-02-000000069047580	견과류	nad-a001-02-000000541753999	bsn-a001-00-000000013604308	18	11	529514	M	29	1	1704	29	0
20260906	4291318	cmp-a001-02-000000010764328	grp-a001-02-000000069047580	단백질바	nad-a001-02-000000553654558	bsn-a001-00-000000013604308	18	08	8753	M	1	0	0	7	0
20260906	4291318	cmp-a001-02-000000010764328	grp-a001-02-000000069047580	견과류세트	nad-a001-02-000000541753999	bsn-a001-00-000000013604308	18	99	529514	M	2	0	0	2	0
20260906	4291318	cmp-a001-02-000000010764328	grp-a001-02-000000069047580	스토어	nad-a001-02-000000541754004	bsn-a001-00-000000013604308	18	99	98128	M	6	0	0	6	0
20260906	4291318	cmp-a001-02-000000010764328	grp-a001-02-000000069047580	다이어트쉐이크	nad-a001-02-000000553654562	bsn-a001-00-000000013604308	18	06	529514	M	2	0	0	2	0
20260906	4291318	cmp-a001-02-000000010764328	grp-a001-02-000000069047580	단백질	nad-a001-02-000000553654562	bsn-a001-00-000000013604308	18	06	684926	M	2	0	0	16	0
20260906	4291318	cmp-a001-02-000000010764328	grp-a001-02-000000069047580	사랑이	nad-a001-02-000000553654558	bsn-a001-00-000000013604308	18	99	529514	M	2	0	0	6	0
20260906	4291318	cmp-a001-02-000000010764328	grp-a001-02-000000069047580	단백질바	nad-a001-02-000000553654558	bsn-a001-00-000000013604308	18	16	529514	M	2	0	0	4	0
20260906	4291318	cmp-a001-02-000000010764328	grp-a001-02-000000069047580	사랑이	nad-a001-02-000000553654558	bsn-a001-00-000000013604308	18	18	529514	M	2	0	0	6	0
20260906	4291318	cmp-a001-02-000000010764328	grp-a001-02-000000072573876	추석선물세트	nad-a001-02-000000573683835	bsn-a001-00-000000013604308	18	02	684926	M	4	0	0	46	0
20260906	4291318	cmp-a001-02-000000010764328	grp-a001-02-000000069047580	견과류	nad-a001-02-000000541753960	bsn-a001-00-000000013604308	18	01	529514	M	9	0	0	27	0
20260906	4291318	cmp-a001-02-000000010764328	grp-a001-02-000000069047580	견과류	nad-a001-02-000000541753999	bsn-a001-00-000000013604308	18	99	684926	M	6	0	0	14	0
20260906	4291318	cmp-a001-02-000000010764328	grp-a001-02-000000069047580	견과세트	nad-a001-02-000000541753960	bsn-a001-00-000000013604308	18	18	768323	M	1	0	0	3	0
20260906	4291318	cmp-a001-02-000000010764328	grp-a001-02-000000069047580	단백질바	nad-a001-02-000000553654558	bsn-a001-00-000000013604308	18	08	529514	M	2	0	0	4	0
20260906	4291318	cmp-a001-02-000000010764328	grp-a001-02-000000072573876	추석선물	nad-a001-02-000000573683835	bsn-a001-00-000000013604308	18	10	529514	M	3	0	0	35	0
20260906	4291318	cmp-a001-02-000000010764328	grp-a001-02-000000072573876	추석선물	nad-a001-02-000000573683835	bsn-a001-00-000000013604308	18	15	768323	M	1	0	0	12	0
20260906	4291318	cmp-a001-02-000000010764328	grp-a001-02-000000069047580	하루	nad-a001-02-000000541753960	bsn-a001-00-000000013604308	18	09	612593	P	1	0	0	3	0
20260906	4291318	cmp-a001-02-000000010764328	grp-a001-02-000000069047580	견과류이름종류	nad-a001-02-000000541753960	bsn-a001-00-000000013604308	18	02	8753	M	1	0	0	4	0
20260906	4291318	cmp-a001-02-000000010764328	grp-a001-02-000000069047580	프로틴바	nad-a001-02-000000553654559	bsn-a001-00-000000013604308	18	04	529514	M	2	0	0	9	0
20260906	4291318	cmp-a001-02-000000010764328	grp-a001-02-000000069047580	스토어	nad-a001-02-000000541753997	bsn-a001-00-000000013604308	18	16	335738	P	1	0	0	1	0
20260906	4291318	cmp-a001-02-000000010764328	grp-a001-02-000000069047580	견과류추천	nad-a001-02-000000541753960	bsn-a001-00-000000013604308	18	07	8753	M	1	0	0	4	0
20260906	4291318	cmp-a001-02-000000010764328	grp-a001-02-000000069047580	에너지바	nad-a001-02-000000553654558	bsn-a001-00-000000013604308	18	11	529514	M	2	0	0	4	0
20260906	4291318	cmp-a001-02-000000010764328	grp-a001-02-000000069047580	하루견과	nad-a001-02-000000541753959	bsn-a001-00-000000013604308	18	04	529514	M	2	0	0	7	0
20260906	4291318	cmp-a001-02-000000010764328	grp-a001-02-000000069047580	단백질바	nad-a001-02-000000553654559	bsn-a001-00-000000013604308	18	06	529514	M	14	0	0	66	0
20260906	4291318	cmp-a001-02-000000010764328	grp-a001-02-000000069047580	하루견과	nad-a001-02-000000541753960	bsn-a001-00-000000013604308	18	99	8753	M	1	0	0	5	0
20260906	4291318	cmp-a001-02-000000010764328	grp-a001-02-000000069047580	사랑이	nad-a001-02-000000553654554	bsn-a001-00-000000013604308	18	18	529514	M	2	0	0	2	0
20260906	4291318	cmp-a001-02-000000010764328	grp-a001-02-000000069047580	견과류	nad-a001-02-000000541753960	bsn-a001-00-000000013604308	18	15	8753	M	1	0	0	4	0
20260906	4291318	cmp-a001-02-000000010764328	grp-a001-02-000000072573876	추석선물세트	nad-a001-02-000000573683835	bsn-a001-00-000000013604308	18	08	684926	M	3	0	0	20	0
20260906	4291318	cmp-a001-02-000000010764328	grp-a001-02-000000072573876	추석선물추천	nad-a001-02-000000573683835	bsn-a001-00-000000013604308	18	13	8753	M	1	0	0	2	0
20260906	4291318	cmp-a001-02-000000010764328	grp-a001-02-000000072573876	추석선물세트추천	nad-a001-02-000000573683834	bsn-a001-00-000000013604308	18	02	33421	M	1	1	7970	2	0
20260906	4291318	cmp-a001-02-000000010764328	grp-a001-02-000000069047580	프로틴	nad-a001-02-000000553654562	bsn-a001-00-000000013604308	18	15	98128	M	1	0	0	1	0
20260906	4291318	cmp-a001-02-000000010764328	grp-a001-02-000000069047580	프로틴	nad-a001-02-000000553654562	bsn-a001-00-000000013604308	18	02	768323	M	27	0	0	37	0
20260906	4291318	cmp-a001-02-000000010764328	grp-a001-02-000000069047580	단백질쉐이크	nad-a001-02-000000553654562	bsn-a001-00-000000013604308	18	14	529514	M	2	0	0	2	0
20260906	4291318	cmp-a001-02-000000010764328	grp-a001-02-000000069047580	프로틴쉐이크	nad-a001-02-000000553654562	bsn-a001-00-000000013604308	18	04	529514	M	2	0	0	6	0
20260906	4291318	cmp-a001-02-000000010764328	grp-a001-02-000000072573876	추석선물세트	nad-a001-02-000000573683834	bsn-a001-00-000000013604308	18	11	791888	M	1	0	0	5	0
20260906	4291318	cmp-a001-02-000000010764328	grp-a001-02-000000069047580	가루	nad-a001-02-000000541753996	bsn-a001-00-000000013604308	18	09	98128	M	4	0	0	16	0
20260906	4291318	cmp-a001-02-000000010764328	grp-a001-02-000000072573876	추석선물	nad-a001-02-000000573683835	bsn-a001-00-000000013604308	18	18	8753	M	1	0	0	5	0
20260906	4291318	cmp-a001-02-000000010764328	grp-a001-02-000000069047580	하루	nad-a001-02-000000541753960	bsn-a001-00-000000013604308	18	16	612594	M	2	0	0	6	0
20260906	4291318	cmp-a001-02-000000010764328	grp-a001-02-000000069047580	식사대용	nad-a001-02-000000553654562	bsn-a001-00-000000013604308	18	04	8753	M	1	0	0	5	0
20260906	4291318	cmp-a001-02-000000010764328	grp-a001-02-000000069047580	사랑님	nad-a001-02-000000553654559	bsn-a001-00-000000013604308	18	02	529514	M	2	0	0	13	0
20260906	4291318	cmp-a001-02-000000010764328	grp-a001-02-000000069047580	단백질바	nad-a001-02-000000553654559	bsn-a001-00-000000013604308	18	08	529514	M	2	0	0	9	0
20260906	4291318	cmp-a001-02-000000010764328	grp-a001-02-000000069047580	식물성단백질	nad-a001-02-000000553654562	bsn-a001-00-000000013604308	18	07	529514	M	2	0	0	2	0
20260906	4291318	cmp-a001-02-000000010764328	grp-a001-02-000000069047580	팔미곡식가루	nad-a001-02-000000541754004	bsn-a001-00-000000013604308	18	02	8753	M	1	0	0	2	0
20260906	4291318	cmp-a001-02-000000010764328	grp-a001-02-000000069047580	황성주생식	nad-a001-02-000000541753996	bsn-a001-00-000000013604308	18	14	612594	M	1	0	0	3	0
20260906	4291318	cmp-a001-02-000000010764328	grp-a001-02-000000069047580	단백질쉐이크	nad-a001-02-000000553654562	bsn-a001-00-000000013604308	23	09	8753	M	1	0	0	7	0
20260906	4291318	cmp-a001-02-000000010764328	grp-a001-02-000000069047580	단백질바	nad-a001-02-000000553654554	bsn-a001-00-000000013604308	23	11	8753	M	1	0	0	5	0
20260906	4291318	cmp-a001-02-000000010764328	grp-a001-02-000000069047580	견과류선물세트	nad-a001-02-000000541753999	bsn-a001-00-000000013604308	23	99	684924	M	1	1	1255	1	0
20260906	4291318	cmp-a001-02-000000010764328	grp-a001-02-000000069047580	단백질쉐이크	nad-a001-02-000000553654562	bsn-a001-00-000000013604308	23	03	8753	M	1	0	0	10	0
20260906	4291318	cmp-a001-02-000000010764328	grp-a001-02-000000069047580	젤리	nad-a001-02-000000541753985	bsn-a001-00-000000013604308	23	09	8753	M	1	0	0	3	0
20260906	4291318	cmp-a001-02-000000010764328	grp-a001-02-000000069047580	견과류32개입	nad-a001-02-000000541753960	bsn-a001-00-000000013604308	22	08	8753	M	2	0	0	10	0
20260906	4291318	cmp-a001-02-000000010764328	grp-a001-02-000000069047580	스토어	nad-a001-02-000000541754004	bsn-a001-00-000000013604308	22	02	87620	M	2	0	0	2	0
20260906	4291318	cmp-a001-02-000000010764328	grp-a001-02-000000069047580	에너지바	nad-a001-02-000000553654554	bsn-a001-00-000000013604308	22	15	529514	M	4	0	0	4	0
20260906	4291318	cmp-a001-02-000000010764328	grp-a001-02-000000069047580	스토어	nad-a001-02-000000541753996	bsn-a001-00-000000013604308	22	11	335738	P	1	0	0	3	0
20260906	4291318	cmp-a001-02-000000010764328	grp-a001-02-000000069047580	하루만	nad-a001-02-000000541753999	bsn-a001-00-000000013604308	22	09	529514	M	2	0	0	3	0
20260906	4291318	cmp-a001-02-000000010764328	grp-a001-02-000000069047580	프로틴	nad-a001-02-000000553654562	bsn-a001-00-000000013604308	22	02	684924	M	1	0	0	1	0
20260906	4291318	cmp-a001-02-000000010764328	grp-a001-02-000000069047580	하루견과	nad-a001-02-000000541753959	bsn-a001-00-000000013604308	22	09	529514	M	16	0	0	63	0
20260906	4291318	cmp-a001-02-000000010764328	grp-a001-02-000000069047580	젤리	nad-a001-02-000000541753985	bsn-a001-00-000000013604308	22	99	684926	M	1	0	0	6	0
20260906	4291318	cmp-a001-02-000000010764328	grp-a001-02-000000069047580	갓	nad-a001-02-000000541753960	bsn-a001-00-000000013604308	22	02	8753	M	4	0	0	8	0
20260906	4291318	cmp-a001-02-000000010764328	grp-a001-02-000000069047580	견과류	nad-a001-02-000000541753959	bsn-a001-00-000000013604308	22	11	8753	M	1	0	0	3	0
20260906	4291318	cmp-a001-02-000000010764328	grp-a001-02-000000069047580	하루	nad-a001-02-000000541753999	bsn-a001-00-000000013604308	22	13	137281	M	6	0	0	12	0
20260906	4291318	cmp-a001-02-000000010764328	grp-a001-02-000000069047580	견과류	nad-a001-02-000000541753960	bsn-a001-00-000000013604308	22	15	8753	M	5	0	0	20	0
20260906	4291318	cmp-a001-02-000000010764328	grp-a001-02-000000069047580	사랑	nad-a001-02-000000553654554	bsn-a001-00-000000013604308	22	16	98128	M	1	0	0	2	0
20260906	4291318	cmp-a001-02-000000010764328	grp-a001-02-000000069047580	견과류추천	nad-a001-02-000000541753999	bsn-a001-00-000000013604308	22	02	8753	M	4	0	0	8	0
20260906	4291318	cmp-a001-02-000000010764328	grp-a001-02-000000069047580	하루	nad-a001-02-000000541753960	bsn-a001-00-000000013604308	22	02	137281	M	1	0	0	1	0
20260906	4291318	cmp-a001-02-000000010764328	grp-a001-02-000000069047580	원이	nad-a001-02-000000541753999	bsn-a001-00-000000013604308	22	09	98128	M	2	0	0	2	0
20260906	4291318	cmp-a001-02-000000010764328	grp-a001-02-000000069047580	하루견과포장	nad-a001-02-000000541753959	bsn-a001-00-000000013604308	22	07	8753	M	1	0	0	4	0
20260906	4291318	cmp-a001-02-000000010764328	grp-a001-02-000000069047580	하루	nad-a001-02-000000541753960	bsn-a001-00-000000013604308	22	02	98128	M	1	0	0	3	0
20260906	4291318	cmp-a001-02-000000010764328	grp-a001-02-000000069047580	우고래빗올웨이즈	nad-a001-02-000000541753960	bsn-a001-00-000000013604308	22	16	341898	M	2	0	0	2	0
20260906	4291318	cmp-a001-02-000000010764328	grp-a001-02-000000069047580	단백질쉐이크	nad-a001-02-000000553654562	bsn-a001-00-000000013604308	22	03	8753	M	2	0	0	21	0
20260906	4291318	cmp-a001-02-000000010764328	grp-a001-02-000000069047580	단백질쉐이크	nad-a001-02-000000553654562	bsn-a001-00-000000013604308	22	09	33421	M	2	0	0	2	0
20260906	4291318	cmp-a001-02-000000010764328	grp-a001-02-000000072573876	추석선물세트	nad-a001-02-000000573683835	bsn-a001-00-000000013604308	22	07	8753	M	1	0	0	4	0
20260906	4291318	cmp-a001-02-000000010764328	grp-a001-02-000000069047580	단백질간식	nad-a001-02-000000553654558	bsn-a001-00-000000013604308	22	11	8753	M	1	0	0	3	0
20260906	4291318	cmp-a001-02-000000010764328	grp-a001-02-000000069047580	단백질쉐이크	nad-a001-02-000000553654562	bsn-a001-00-000000013604308	22	06	8753	M	2	0	0	8	0
20260906	4291318	cmp-a001-02-000000010764328	grp-a001-02-000000072573876	명절선물	nad-a001-02-000000573683834	bsn-a001-00-000000013604308	22	02	33421	M	3	0	0	21	0
20260906	4291318	cmp-a001-02-000000010764328	grp-a001-02-000000072573876	추석선물세트	nad-a001-02-000000573683834	bsn-a001-00-000000013604308	22	09	529514	M	31	0	0	186	0
20260906	4291318	cmp-a001-02-000000010764328	grp-a001-02-000000072573876	추석선물세트	nad-a001-02-000000573683834	bsn-a001-00-000000013604308	22	08	791889	P	1	0	0	5	0
20260906	4291318	cmp-a001-02-000000010764328	grp-a001-02-000000069047580	하루+견과류+추천	nad-a001-02-000000541753959	bsn-a001-00-000000013604308	22	00	805759	P	1	0	0	1	0
20260906	4291318	cmp-a001-02-000000010764328	grp-a001-02-000000069047580	견과류선물세트	nad-a001-02-000000541753999	bsn-a001-00-000000013604308	22	11	684926	M	2	0	0	2	0
20260906	4291318	cmp-a001-02-000000010764328	grp-a001-02-000000069047580	견과류	nad-a001-02-000000541753999	bsn-a001-00-000000013604308	22	07	8753	M	2	0	0	3	0
20260906	4291318	cmp-a001-02-000000010764328	grp-a001-02-000000069047580	하루만	nad-a001-02-000000541753999	bsn-a001-00-000000013604308	22	03	529514	M	2	0	0	3	0
20260906	4291318	cmp-a001-02-000000010764328	grp-a001-02-000000072573876	추석선물	nad-a001-02-000000573683835	bsn-a001-00-000000013604308	22	15	8753	M	1	0	0	19	0
20260906	4291318	cmp-a001-02-000000010764328	grp-a001-02-000000069047580	칼로리바제왕	nad-a001-02-000000553654558	bsn-a001-00-000000013604308	22	13	8753	M	1	0	0	2	0
20260906	4291318	cmp-a001-02-000000010764328	grp-a001-02-000000072573876	추석선물	nad-a001-02-000000573683834	bsn-a001-00-000000013604308	22	02	529514	M	30	0	0	341	0
20260906	4291318	cmp-a001-02-000000010764328	grp-a001-02-000000069047580	단백질바	nad-a001-02-000000553654554	bsn-a001-00-000000013604308	22	09	529514	M	7	0	0	7	0
20260906	4291318	cmp-a001-02-000000010764328	grp-a001-02-000000069047580	단백질보충제	nad-a001-02-000000553654562	bsn-a001-00-000000013604308	22	04	529514	M	4	0	0	12	0
20260906	4291318	cmp-a001-02-000000010764328	grp-a001-02-000000069047580	사탕젤리	nad-a001-02-000000541753985	bsn-a001-00-000000013604308	22	01	87620	M	1	0	0	1	0
20260906	4291318	cmp-a001-02-000000010764328	grp-a001-02-000000069047580	하루만	nad-a001-02-000000541753959	bsn-a001-00-000000013604308	22	11	8753	M	2	0	0	8	0
20260906	4291318	cmp-a001-02-000000010764328	grp-a001-02-000000072573876	추석선물세트	nad-a001-02-000000573683834	bsn-a001-00-000000013604308	22	13	8753	M	2	0	0	6	0
20260906	4291318	cmp-a001-02-000000010764328	grp-a001-02-000000069047580	견과류	nad-a001-02-000000541753999	bsn-a001-00-000000013604308	22	04	529514	M	29	0	0	29	0
20260906	4291318	cmp-a001-02-000000010764328	grp-a001-02-000000069047580	프로틴바	nad-a001-02-000000553654559	bsn-a001-00-000000013604308	22	99	529514	M	4	0	0	12	0
20260906	4291318	cmp-a001-02-000000010764328	grp-a001-02-000000072573876	추석선물	nad-a001-02-000000573683835	bsn-a001-00-000000013604308	22	01	529514	M	2	0	0	22	0
20260906	4291318	cmp-a001-02-000000010764328	grp-a001-02-000000072573876	추석선물세트	nad-a001-02-000000573683835	bsn-a001-00-000000013604308	22	11	8753	M	1	0	0	3	0
20260906	4291318	cmp-a001-02-000000010764328	grp-a001-02-000000069047580	견과	nad-a001-02-000000541753960	bsn-a001-00-000000013604308	22	02	8753	M	2	0	0	6	0
20260906	4291318	cmp-a001-02-000000010764328	grp-a001-02-000000069047580	쫀득시리얼바	nad-a001-02-000000553654554	bsn-a001-00-000000013604308	22	08	8753	M	1	0	0	3	0
20260906	4291318	cmp-a001-02-000000010764328	grp-a001-02-000000069047580	견과류세트	nad-a001-02-000000541753999	bsn-a001-00-000000013604308	22	02	8753	M	1	0	0	1	0
20260906	4291318	cmp-a001-02-000000010764328	grp-a001-02-000000072573876	추석선물세트추천	nad-a001-02-000000573683834	bsn-a001-00-000000013604308	22	09	8753	M	1	0	0	3	0
20260906	4291318	cmp-a001-02-000000010764328	grp-a001-02-000000069047580	하루만	nad-a001-02-000000541753999	bsn-a001-00-000000013604308	22	99	529514	M	2	0	0	3	0
20260906	4291318	cmp-a001-02-000000010764328	grp-a001-02-000000072573876	추석선물세트	nad-a001-02-000000573683835	bsn-a001-00-000000013604308	22	06	684926	M	1	0	0	22	0
20260906	4291318	cmp-a001-02-000000010764328	grp-a001-02-000000069047580	견과류	nad-a001-02-000000541753959	bsn-a001-00-000000013604308	22	01	8753	M	1	0	0	2	0
20260906	4291318	cmp-a001-02-000000010764328	grp-a001-02-000000072573876	추석선물세트	nad-a001-02-000000573683834	bsn-a001-00-000000013604308	22	14	529514	M	2	0	0	13	0
20260906	4291318	cmp-a001-02-000000010764328	grp-a001-02-000000069047580	견과류	nad-a001-02-000000541753960	bsn-a001-00-000000013604308	22	11	8753	M	1	0	0	4	0
20260906	4291318	cmp-a001-02-000000010764328	grp-a001-02-000000069047580	프로틴바	nad-a001-02-000000553654558	bsn-a001-00-000000013604308	22	02	23123	P	1	0	0	2	0
20260906	4291318	cmp-a001-02-000000010764328	grp-a001-02-000000069047580	단백질군것질	nad-a001-02-000000553654554	bsn-a001-00-000000013604308	22	10	8753	M	1	0	0	3	0
20260906	4291318	cmp-a001-02-000000010764328	grp-a001-02-000000069047580	견과세트	nad-a001-02-000000541753999	bsn-a001-00-000000013604308	22	10	768323	M	1	0	0	2	0
20260906	4291318	cmp-a001-02-000000010764328	grp-a001-02-000000069047580	견과류	nad-a001-02-000000541753960	bsn-a001-00-000000013604308	22	03	529514	M	37	0	0	75	0
20260906	4291318	cmp-a001-02-000000010764328	grp-a001-02-000000072573876	추석선물세트	nad-a001-02-000000573683834	bsn-a001-00-000000013604308	22	99	684926	M	2	0	0	14	0
20260906	4291318	cmp-a001-02-000000010764328	grp-a001-02-000000069047580	프로틴	nad-a001-02-000000553654562	bsn-a001-00-000000013604308	22	07	529514	M	11	0	0	11	0
20260906	4291318	cmp-a001-02-000000010764328	grp-a001-02-000000072573876	추석선물세트	nad-a001-02-000000573683834	bsn-a001-00-000000013604308	22	03	8753	M	2	0	0	18	0
20260906	4291318	cmp-a001-02-000000010764328	grp-a001-02-000000072573876	추석선물세트	nad-a001-02-000000573683834	bsn-a001-00-000000013604308	22	11	529514	M	16	0	0	96	0
20260906	4291318	cmp-a001-02-000000010764328	grp-a001-02-000000069047580	하루견과	nad-a001-02-000000541753959	bsn-a001-00-000000013604308	22	11	8753	M	1	0	0	2	0
20260906	4291318	cmp-a001-02-000000010764328	grp-a001-02-000000069047580	견과류	nad-a001-02-000000541753960	bsn-a001-00-000000013604308	22	07	33421	M	1	0	0	3	0
20260906	4291318	cmp-a001-02-000000010764328	grp-a001-02-000000069047580	한입샐러드	nad-a001-02-000000541753985	bsn-a001-00-000000013604308	22	02	341898	M	1	0	0	1	0
20260906	4291318	cmp-a001-02-000000010764328	grp-a001-02-000000069047580	랲노시단백질곡물맛	nad-a001-02-000000553654562	bsn-a001-00-000000013604308	22	00	8753	M	1	0	0	5	0
20260906	4291318	cmp-a001-02-000000010764328	grp-a001-02-000000072573876	추석선물세트	nad-a001-02-000000573683834	bsn-a001-00-000000013604308	22	01	684926	M	1	0	0	3	0
20260906	4291318	cmp-a001-02-000000010764328	grp-a001-02-000000069047580	프로틴바	nad-a001-02-000000553654554	bsn-a001-00-000000013604308	22	02	768323	M	4	0	0	4	0
20260906	4291318	cmp-a001-02-000000010764328	grp-a001-02-000000069047580	스토어	nad-a001-02-000000541753996	bsn-a001-00-000000013604308	22	17	98128	M	1	0	0	2	0
20260906	4291318	cmp-a001-02-000000010764328	grp-a001-02-000000072573876	추석선물	nad-a001-02-000000573683834	bsn-a001-00-000000013604308	22	11	529514	M	3	0	0	34	0
20260906	4291318	cmp-a001-02-000000010764328	grp-a001-02-000000069047580	견과선물세트	nad-a001-02-000000541753999	bsn-a001-00-000000013604308	22	06	684926	M	2	0	0	4	0
20260906	4291318	cmp-a001-02-000000010764328	grp-a001-02-000000069047580	갓	nad-a001-02-000000541753960	bsn-a001-00-000000013604308	22	09	529514	M	8	0	0	23	0
20260906	4291318	cmp-a001-02-000000010764328	grp-a001-02-000000069047580	젤리	nad-a001-02-000000541753985	bsn-a001-00-000000013604308	22	16	768323	M	1	0	0	1	0
20260906	4291318	cmp-a001-02-000000010764328	grp-a001-02-000000069047580	젤리	nad-a001-02-000000541753985	bsn-a001-00-000000013604308	22	13	684926	M	1	0	0	1	0
20260906	4291318	cmp-a001-02-000000010764328	grp-a001-02-000000069047580	단백질쉐이크	nad-a001-02-000000553654562	bsn-a001-00-000000013604308	22	15	684924	M	1	0	0	1	0
20260906	4291318	cmp-a001-02-000000010764328	grp-a001-02-000000069047580	프로틴바	nad-a001-02-000000553654559	bsn-a001-00-000000013604308	22	02	768323	M	4	0	0	16	0
20260906	4291318	cmp-a001-02-000000010764328	grp-a001-02-000000069047580	견과류	nad-a001-02-000000541753959	bsn-a001-00-000000013604308	22	08	529514	M	26	0	0	78	0
20260906	4291318	cmp-a001-02-000000010764328	grp-a001-02-000000069047580	다이어트쉐이크	nad-a001-02-000000553654562	bsn-a001-00-000000013604308	22	99	768323	M	1	0	0	1	0
20260906	4291318	cmp-a001-02-000000010764328	grp-a001-02-000000069047580	스토어	nad-a001-02-000000541753996	bsn-a001-00-000000013604308	22	11	98128	M	4	0	0	8	0
20260906	4291318	cmp-a001-02-000000010764328	grp-a001-02-000000069047580	사랑	nad-a001-02-000000553654554	bsn-a001-00-000000013604308	22	18	98128	M	1	0	0	2	0
20260906	4291318	cmp-a001-02-000000010764328	grp-a001-02-000000069047580	생식가루	nad-a001-02-000000541754004	bsn-a001-00-000000013604308	22	16	8753	M	1	1	5072	2	0
20260906	4291318	cmp-a001-02-000000010764328	grp-a001-02-000000069047580	프로틴쉐이크	nad-a001-02-000000553654562	bsn-a001-00-000000013604308	22	07	529514	M	2	0	0	2	0
20260906	4291318	cmp-a001-02-000000010764328	grp-a001-02-000000069047580	하루견과	nad-a001-02-000000541753999	bsn-a001-00-000000013604308	22	18	87620	M	5	0	0	5	0
20260906	4291318	cmp-a001-02-000000010764328	grp-a001-02-000000069047580	견과류	nad-a001-02-000000541753959	bsn-a001-00-000000013604308	22	10	8753	M	4	0	0	12	0
20260906	4291318	cmp-a001-02-000000010764328	grp-a001-02-000000069047580	황성주생식라이프밀	nad-a001-02-000000541753997	bsn-a001-00-000000013604308	22	02	11068	P	3	0	0	3	0
20260906	4291318	cmp-a001-02-000000010764328	grp-a001-02-000000069047580	하루견과	nad-a001-02-000000541753960	bsn-a001-00-000000013604308	22	02	8753	M	6	1	2566	19	0
20260906	4291318	cmp-a001-02-000000010764328	grp-a001-02-000000069047580	하루견과	nad-a001-02-000000541753960	bsn-a001-00-000000013604308	22	13	8753	M	2	1	2596	6	0
20260906	4291318	cmp-a001-02-000000010764328	grp-a001-02-000000069047580	에너지바추천	nad-a001-02-000000553654554	bsn-a001-00-000000013604308	22	09	27758	P	1	0	0	2	0
20260906	4291318	cmp-a001-02-000000010764328	grp-a001-02-000000069047580	견과류세트	nad-a001-02-000000541753960	bsn-a001-00-000000013604308	22	13	8753	M	1	0	0	3	0
20260906	4291318	cmp-a001-02-000000010764328	grp-a001-02-000000069047580	하루만	nad-a001-02-000000541753960	bsn-a001-00-000000013604308	22	10	529514	M	2	0	0	6	0
20260906	4291318	cmp-a001-02-000000010764328	grp-a001-02-000000069047580	견과	nad-a001-02-000000541753999	bsn-a001-00-000000013604308	22	09	8753	M	1	0	0	2	0
20260906	4291318	cmp-a001-02-000000010764328	grp-a001-02-000000069047580	견과류	nad-a001-02-000000541753999	bsn-a001-00-000000013604308	22	08	8753	M	4	0	0	7	0
20260906	4291318	cmp-a001-02-000000010764328	grp-a001-02-000000069047580	하루	nad-a001-02-000000541753960	bsn-a001-00-000000013604308	22	07	137281	M	1	0	0	1	0
20260906	4291318	cmp-a001-02-000000010764328	grp-a001-02-000000069047580	하루만	nad-a001-02-000000541753960	bsn-a001-00-000000013604308	22	03	529514	M	2	0	0	6	0
20260906	4291318	cmp-a001-02-000000010764328	grp-a001-02-000000069047580	황성주생식	nad-a001-02-000000541754005	bsn-a001-00-000000013604308	22	16	27758	P	1	0	0	3	0
20260906	4291318	cmp-a001-02-000000010764328	grp-a001-02-000000069047580	단백질파우더	nad-a001-02-000000553654562	bsn-a001-00-000000013604308	22	09	768323	M	1	0	0	1	0
20260906	4291318	cmp-a001-02-000000010764328	grp-a001-02-000000069047580	젤리	nad-a001-02-000000541753985	bsn-a001-00-000000013604308	22	13	98128	M	2	0	0	2	0
20260906	4291318	cmp-a001-02-000000010764328	grp-a001-02-000000069047580	단백질쉐이크	nad-a001-02-000000553654562	bsn-a001-00-000000013604308	22	15	529514	M	5	0	0	5	0
20260906	4291318	cmp-a001-02-000000010764328	grp-a001-02-000000069047580	스토어	nad-a001-02-000000541754004	bsn-a001-00-000000013604308	22	08	98128	M	4	0	0	4	0
20260906	4291318	cmp-a001-02-000000010764328	grp-a001-02-000000069047580	갓	nad-a001-02-000000541753960	bsn-a001-00-000000013604308	22	08	8753	M	1	0	0	2	0
20260906	4291318	cmp-a001-02-000000010764328	grp-a001-02-000000069047580	스토어	nad-a001-02-000000541754004	bsn-a001-00-000000013604308	22	17	98128	M	1	0	0	1	0
20260906	4291318	cmp-a001-02-000000010764328	grp-a001-02-000000069047580	견과세트	nad-a001-02-000000541753960	bsn-a001-00-000000013604308	22	16	768323	M	1	0	0	3	0
20260906	4291318	cmp-a001-02-000000010764328	grp-a001-02-000000069047580	단백질파우더	nad-a001-02-000000553654562	bsn-a001-00-000000013604308	22	06	23123	P	4	0	0	4	0
20260906	4291318	cmp-a001-02-000000010764328	grp-a001-02-000000069047580	사랑	nad-a001-02-000000553654558	bsn-a001-00-000000013604308	22	18	98128	M	1	0	0	4	0
20260906	4291318	cmp-a001-02-000000010764328	grp-a001-02-000000072573876	추석선물세트	nad-a001-02-000000573683834	bsn-a001-00-000000013604308	22	01	8753	M	1	0	0	3	0
20260906	4291318	cmp-a001-02-000000010764328	grp-a001-02-000000069047580	초코에너지바	nad-a001-02-000000553654559	bsn-a001-00-000000013604308	22	99	684926	M	1	0	0	2	0
20260906	4291318	cmp-a001-02-000000010764328	grp-a001-02-000000069047580	황성주생식	nad-a001-02-000000541754004	bsn-a001-00-000000013604308	22	17	8753	M	1	0	0	2	0
20260906	4291318	cmp-a001-02-000000010764328	grp-a001-02-000000069047580	스토어	nad-a001-02-000000541754004	bsn-a001-00-000000013604308	22	09	98128	M	23	0	0	23	0
20260906	4291318	cmp-a001-02-000000010764328	grp-a001-02-000000072573876	추석선물세트	nad-a001-02-000000573683834	bsn-a001-00-000000013604308	22	18	798056	M	1	0	0	8	0
20260906	4291318	cmp-a001-02-000000010764328	grp-a001-02-000000069047580	단백질바	nad-a001-02-000000553654558	bsn-a001-00-000000013604308	22	99	529514	M	2	0	0	4	0
20260906	4291318	cmp-a001-02-000000010764328	grp-a001-02-000000069047580	하루견과	nad-a001-02-000000541753960	bsn-a001-00-000000013604308	22	01	33421	M	1	0	0	3	0
20260906	4291318	cmp-a001-02-000000010764328	grp-a001-02-000000072573876	추석선물세트	nad-a001-02-000000573683835	bsn-a001-00-000000013604308	22	01	684926	M	1	0	0	1	0
20260906	4291318	cmp-a001-02-000000010764328	grp-a001-02-000000069047580	견과류	nad-a001-02-000000541753959	bsn-a001-00-000000013604308	22	07	8753	M	2	0	0	5	0
20260906	4291318	cmp-a001-02-000000010764328	grp-a001-02-000000069047580	황성주생식	nad-a001-02-000000541753996	bsn-a001-00-000000013604308	22	09	633013	M	2	0	0	4	0
20260906	4291318	cmp-a001-02-000000010764328	grp-a001-02-000000069047580	견과류	nad-a001-02-000000541753999	bsn-a001-00-000000013604308	22	13	8753	M	2	0	0	4	0
20260906	4291318	cmp-a001-02-000000010764328	grp-a001-02-000000069047580	하루견과	nad-a001-02-000000541753960	bsn-a001-00-000000013604308	22	02	87620	M	2	0	0	4	0
20260906	4291318	cmp-a001-02-000000010764328	grp-a001-02-000000069047580	하루만	nad-a001-02-000000541753959	bsn-a001-00-000000013604308	22	03	529514	M	2	0	0	6	0
20260906	4291318	cmp-a001-02-000000010764328	grp-a001-02-000000069047580	하루	nad-a001-02-000000541753960	bsn-a001-00-000000013604308	22	09	137281	M	4	0	0	4	0
20260906	4291318	cmp-a001-02-000000010764328	grp-a001-02-000000072573876	명절선물	nad-a001-02-000000573683835	bsn-a001-00-000000013604308	22	11	529514	M	1	0	0	8	0
20260906	4291318	cmp-a001-02-000000010764328	grp-a001-02-000000069047580	하루단백질섭취량	nad-a001-02-000000553654562	bsn-a001-00-000000013604308	22	02	8753	M	2	0	0	10	0
20260906	4291318	cmp-a001-02-000000010764328	grp-a001-02-000000069047580	스토어	nad-a001-02-000000541753997	bsn-a001-00-000000013604308	22	06	98128	M	1	0	0	4	0
20260906	4291318	cmp-a001-02-000000010764328	grp-a001-02-000000069047580	젤리	nad-a001-02-000000541753985	bsn-a001-00-000000013604308	22	09	98128	M	2	0	0	2	0
20260906	4291318	cmp-a001-02-000000010764328	grp-a001-02-000000069047580	견과류	nad-a001-02-000000541753959	bsn-a001-00-000000013604308	22	02	529514	M	169	0	0	503	0
20260906	4291318	cmp-a001-02-000000010764328	grp-a001-02-000000069047580	단백질쉐이크	nad-a001-02-000000553654562	bsn-a001-00-000000013604308	22	07	529514	M	5	0	0	5	0
20260906	4291318	cmp-a001-02-000000010764328	grp-a001-02-000000069047580	단백질	nad-a001-02-000000553654562	bsn-a001-00-000000013604308	22	99	791888	M	1	0	0	1	0
20260906	4291318	cmp-a001-02-000000010764328	grp-a001-02-000000069047580	하루견과	nad-a001-02-000000541753960	bsn-a001-00-000000013604308	22	07	529514	M	2	0	0	6	0
20260906	4291318	cmp-a001-02-000000010764328	grp-a001-02-000000069047580	단백질간식	nad-a001-02-000000553654558	bsn-a001-00-000000013604308	22	18	8753	M	1	0	0	3	0
20260906	4291318	cmp-a001-02-000000010764328	grp-a001-02-000000069047580	견과류	nad-a001-02-000000541753959	bsn-a001-00-000000013604308	22	13	529514	M	12	0	0	35	0
20260906	4291318	cmp-a001-02-000000010764328	grp-a001-02-000000069047580	혼합견과류	nad-a001-02-000000541753959	bsn-a001-00-000000013604308	22	09	8753	M	1	0	0	4	0
20260906	4291318	cmp-a001-02-000000010764328	grp-a001-02-000000069047580	견과류	nad-a001-02-000000541753960	bsn-a001-00-000000013604308	22	06	529514	M	25	0	0	50	0
20260906	4291318	cmp-a001-02-000000010764328	grp-a001-02-000000069047580	견과류추천	nad-a001-02-000000541753999	bsn-a001-00-000000013604308	22	00	612593	P	1	0	0	3	0
20260906	4291318	cmp-a001-02-000000010764328	grp-a001-02-000000069047580	하루견과	nad-a001-02-000000541753960	bsn-a001-00-000000013604308	22	09	33421	M	1	0	0	2	0
20260906	4291318	cmp-a001-02-000000010764328	grp-a001-02-000000069047580	하루견과	nad-a001-02-000000541753999	bsn-a001-00-000000013604308	22	08	8753	M	3	0	0	5	0
20260906	4291318	cmp-a001-02-000000010764328	grp-a001-02-000000069047580	단백질바	nad-a001-02-000000553654554	bsn-a001-00-000000013604308	22	07	8753	M	1	0	0	5	0
20260906	4291318	cmp-a001-02-000000010764328	grp-a001-02-000000072573876	추석선물세트	nad-a001-02-000000573683835	bsn-a001-00-000000013604308	22	16	529514	M	2	0	0	13	0
20260906	4291318	cmp-a001-02-000000010764328	grp-a001-02-000000069047580	견과류추천	nad-a001-02-000000541753960	bsn-a001-00-000000013604308	22	00	612593	P	1	0	0	4	0
20260906	4291318	cmp-a001-02-000000010764328	grp-a001-02-000000069047580	견과	nad-a001-02-000000541753960	bsn-a001-00-000000013604308	22	13	8753	M	1	0	0	3	0
20260906	4291318	cmp-a001-02-000000010764328	grp-a001-02-000000069047580	단백질	nad-a001-02-000000553654562	bsn-a001-00-000000013604308	22	99	98128	M	2	0	0	3	0
20260906	4291318	cmp-a001-02-000000010764328	grp-a001-02-000000069047580	스토어	nad-a001-02-000000541753996	bsn-a001-00-000000013604308	22	04	98128	M	3	0	0	6	0
20260906	4291318	cmp-a001-02-000000010764328	grp-a001-02-000000072573876	추석선물세트	nad-a001-02-000000573683835	bsn-a001-00-000000013604308	22	99	8753	M	1	0	0	10	0
20260906	4291318	cmp-a001-02-000000010764328	grp-a001-02-000000069047580	에너지바	nad-a001-02-000000553654554	bsn-a001-00-000000013604308	22	09	23123	P	1	0	0	1	0
20260906	4291318	cmp-a001-02-000000010764328	grp-a001-02-000000069047580	하루견과	nad-a001-02-000000541753999	bsn-a001-00-000000013604308	22	13	27758	P	1	0	0	2	0
20260906	4291318	cmp-a001-02-000000010764328	grp-a001-02-000000069047580	프로틴바	nad-a001-02-000000553654558	bsn-a001-00-000000013604308	22	02	98128	M	4	0	0	8	0
20260906	4291318	cmp-a001-02-000000010764328	grp-a001-02-000000069047580	단백질파우더	nad-a001-02-000000553654562	bsn-a001-00-000000013604308	22	11	684927	P	1	0	0	22	0
20260906	4291318	cmp-a001-02-000000010764328	grp-a001-02-000000069047580	견과세트	nad-a001-02-000000541753959	bsn-a001-00-000000013604308	22	02	768323	M	5	0	0	5	0
20260906	4291318	cmp-a001-02-000000010764328	grp-a001-02-000000072573876	명절선물	nad-a001-02-000000573683834	bsn-a001-00-000000013604308	22	02	8753	M	3	0	0	26	0
20260906	4291318	cmp-a001-02-000000010764328	grp-a001-02-000000069047580	갓	nad-a001-02-000000541753960	bsn-a001-00-000000013604308	22	16	529514	M	2	0	0	2	0
20260906	4291318	cmp-a001-02-000000010764328	grp-a001-02-000000069047580	견과류	nad-a001-02-000000541753999	bsn-a001-00-000000013604308	22	09	8753	M	7	0	0	14	0
20260906	4291318	cmp-a001-02-000000010764328	grp-a001-02-000000072573876	명절선물	nad-a001-02-000000573683834	bsn-a001-00-000000013604308	22	99	529514	M	4	0	0	34	0
20260906	4291318	cmp-a001-02-000000010764328	grp-a001-02-000000069047580	도토리가루보관하는방법	nad-a001-02-000000541754004	bsn-a001-00-000000013604308	22	04	8753	M	1	0	0	1	0
20260906	4291318	cmp-a001-02-000000010764328	grp-a001-02-000000069047580	고딩단백질바	nad-a001-02-000000553654554	bsn-a001-00-000000013604308	22	09	8753	M	2	0	0	4	0
20260906	4291318	cmp-a001-02-000000010764328	grp-a001-02-000000069047580	사랑이	nad-a001-02-000000553654559	bsn-a001-00-000000013604308	22	02	529514	M	2	0	0	14	0
20260906	4291318	cmp-a001-02-000000010764328	grp-a001-02-000000069047580	프로틴	nad-a001-02-000000553654562	bsn-a001-00-000000013604308	22	11	33421	M	1	0	0	10	0
20260906	4291318	cmp-a001-02-000000010764328	grp-a001-02-000000069047580	프로틴	nad-a001-02-000000553654562	bsn-a001-00-000000013604308	22	07	98128	M	1	0	0	1	0
20260906	4291318	cmp-a001-02-000000010764328	grp-a001-02-000000069047580	스토어	nad-a001-02-000000541754004	bsn-a001-00-000000013604308	22	99	98128	M	8	0	0	8	0
20260906	4291318	cmp-a001-02-000000010764328	grp-a001-02-000000069047580	하루견과	nad-a001-02-000000541753960	bsn-a001-00-000000013604308	22	11	8753	M	1	0	0	3	0
20260906	4291318	cmp-a001-02-000000010764328	grp-a001-02-000000069047580	스토어	nad-a001-02-000000541753996	bsn-a001-00-000000013604308	22	13	98128	M	1	0	0	2	0
20260906	4291318	cmp-a001-02-000000010764328	grp-a001-02-000000072573876	추석선물세트	nad-a001-02-000000573683834	bsn-a001-00-000000013604308	22	08	33421	M	2	0	0	4	0
20260906	4291318	cmp-a001-02-000000010764328	grp-a001-02-000000069047580	단백질보충제	nad-a001-02-000000553654562	bsn-a001-00-000000013604308	22	02	8753	M	2	0	0	22	0
20260906	4291318	cmp-a001-02-000000010764328	grp-a001-02-000000069047580	견과류	nad-a001-02-000000541753999	bsn-a001-00-000000013604308	22	06	529514	M	25	0	0	25	0
20260906	4291318	cmp-a001-02-000000010764328	grp-a001-02-000000069047580	에너지바	nad-a001-02-000000553654559	bsn-a001-00-000000013604308	22	09	23123	P	1	0	0	4	0
20260906	4291318	cmp-a001-02-000000010764328	grp-a001-02-000000069047580	견과류	nad-a001-02-000000541753999	bsn-a001-00-000000013604308	22	09	684926	M	3	0	0	8	0
20260906	4291318	cmp-a001-02-000000010764328	grp-a001-02-000000069047580	프로틴	nad-a001-02-000000553654562	bsn-a001-00-000000013604308	22	08	768323	M	5	0	0	7	0
20260906	4291318	cmp-a001-02-000000010764328	grp-a001-02-000000069047580	하루견과	nad-a001-02-000000541753960	bsn-a001-00-000000013604308	22	02	529514	M	7	0	0	16	0
20260906	4291318	cmp-a001-02-000000010764328	grp-a001-02-000000069047580	제리	nad-a001-02-000000541753985	bsn-a001-00-000000013604308	22	02	137281	M	1	0	0	2	0
20260906	4291318	cmp-a001-02-000000010764328	grp-a001-02-000000069047580	황성주생식	nad-a001-02-000000541754005	bsn-a001-00-000000013604308	22	17	8753	M	1	0	0	4	0
20260906	4291318	cmp-a001-02-000000010764328	grp-a001-02-000000072573876	추석선물	nad-a001-02-000000573683834	bsn-a001-00-000000013604308	22	01	529514	M	3	0	0	35	0
20260906	4291318	cmp-a001-02-000000010764328	grp-a001-02-000000069047580	단백질	nad-a001-02-000000553654562	bsn-a001-00-000000013604308	22	99	529514	M	4	0	0	6	0
20260906	4291318	cmp-a001-02-000000010764328	grp-a001-02-000000072573876	추석선물세트	nad-a001-02-000000573683834	bsn-a001-00-000000013604308	22	08	529514	M	13	0	0	78	0
20260906	4291318	cmp-a001-02-000000010764328	grp-a001-02-000000072573876	명절선물	nad-a001-02-000000573683834	bsn-a001-00-000000013604308	22	03	529514	M	6	0	0	52	0
20260906	4291318	cmp-a001-02-000000010764328	grp-a001-02-000000072573876	추석선물세트	nad-a001-02-000000573683834	bsn-a001-00-000000013604308	22	15	529514	M	4	0	0	24	0
20260906	4291318	cmp-a001-02-000000010764328	grp-a001-02-000000072573876	추석선물세트	nad-a001-02-000000573683835	bsn-a001-00-000000013604308	22	18	529514	M	7	0	0	45	0
20260906	4291318	cmp-a001-02-000000010764328	grp-a001-02-000000069047580	견과	nad-a001-02-000000541753959	bsn-a001-00-000000013604308	22	03	684926	M	2	0	0	6	0
20260906	4291318	cmp-a001-02-000000010764328	grp-a001-02-000000069047580	견과류세트	nad-a001-02-000000541753959	bsn-a001-00-000000013604308	22	02	8753	M	1	0	0	4	0
20260906	4291318	cmp-a001-02-000000010764328	grp-a001-02-000000072573876	추석선물세트	nad-a001-02-000000573683835	bsn-a001-00-000000013604308	22	13	684926	M	1	0	0	3	0
20260906	4291318	cmp-a001-02-000000010764328	grp-a001-02-000000072573876	추석선물	nad-a001-02-000000573683834	bsn-a001-00-000000013604308	22	99	529514	M	12	0	0	138	0
20260906	4291318	cmp-a001-02-000000010764328	grp-a001-02-000000069047580	프로틴	nad-a001-02-000000553654562	bsn-a001-00-000000013604308	22	99	137281	M	28	0	0	28	0
20260906	4291318	cmp-a001-02-000000010764328	grp-a001-02-000000069047580	하루견과	nad-a001-02-000000541753960	bsn-a001-00-000000013604308	22	18	8753	M	1	0	0	3	0
20260906	4291318	cmp-a001-02-000000010764328	grp-a001-02-000000069047580	견과류	nad-a001-02-000000541753959	bsn-a001-00-000000013604308	22	09	684926	M	3	0	0	16	0
20260906	4291318	cmp-a001-02-000000010764328	grp-a001-02-000000069047580	견과세트	nad-a001-02-000000541753999	bsn-a001-00-000000013604308	22	02	768323	M	5	0	0	10	0
20260906	4291318	cmp-a001-02-000000010764328	grp-a001-02-000000069047580	단백질바	nad-a001-02-000000553654559	bsn-a001-00-000000013604308	22	99	529514	M	2	0	0	6	0
20260906	4291318	cmp-a001-02-000000010764328	grp-a001-02-000000069047580	프로틴쉐이크	nad-a001-02-000000553654562	bsn-a001-00-000000013604308	22	02	98128	M	2	0	0	2	0
20260906	4291318	cmp-a001-02-000000010764328	grp-a001-02-000000069047580	견과류추천	nad-a001-02-000000541753960	bsn-a001-00-000000013604308	22	02	8753	M	4	0	0	14	0
20260906	4291318	cmp-a001-02-000000010764328	grp-a001-02-000000069047580	하루견과	nad-a001-02-000000541753959	bsn-a001-00-000000013604308	22	02	633013	M	3	0	0	3	0
20260906	4291318	cmp-a001-02-000000010764328	grp-a001-02-000000069047580	프로틴바	nad-a001-02-000000553654558	bsn-a001-00-000000013604308	22	11	529514	M	2	0	0	4	0
20260906	4291318	cmp-a001-02-000000010764328	grp-a001-02-000000069047580	프로틴파우더	nad-a001-02-000000553654562	bsn-a001-00-000000013604308	22	08	529514	M	6	0	0	6	0
20260906	4291318	cmp-a001-02-000000010764328	grp-a001-02-000000072573876	명절선물	nad-a001-02-000000573683834	bsn-a001-00-000000013604308	22	10	529514	M	18	0	0	149	0
20260906	4291318	cmp-a001-02-000000010764328	grp-a001-02-000000069047580	네이버스토어	nad-a001-02-000000541754004	bsn-a001-00-000000013604308	22	02	335738	P	2	0	0	4	0
20260906	4291318	cmp-a001-02-000000010764328	grp-a001-02-000000069047580	하루견과	nad-a001-02-000000541753960	bsn-a001-00-000000013604308	22	02	11068	P	1	0	0	2	0
20260906	4291318	cmp-a001-02-000000010764328	grp-a001-02-000000069047580	제리	nad-a001-02-000000541753985	bsn-a001-00-000000013604308	22	04	8753	M	1	0	0	2	0
20260906	4291318	cmp-a001-02-000000010764328	grp-a001-02-000000069047580	프로틴	nad-a001-02-000000553654562	bsn-a001-00-000000013604308	22	01	529514	M	16	0	0	16	0
20260906	4291318	cmp-a001-02-000000010764328	grp-a001-02-000000069047580	견과세트	nad-a001-02-000000541753960	bsn-a001-00-000000013604308	22	09	768323	M	1	0	0	3	0
20260906	4291318	cmp-a001-02-000000010764328	grp-a001-02-000000069047580	단백질바	nad-a001-02-000000553654554	bsn-a001-00-000000013604308	22	16	8753	M	1	0	0	2	0
20260906	4291318	cmp-a001-02-000000010764328	grp-a001-02-000000069047580	단백질바	nad-a001-02-000000553654554	bsn-a001-00-000000013604308	22	11	8753	M	1	0	0	5	0
20260906	4291318	cmp-a001-02-000000010764328	grp-a001-02-000000069047580	견과류	nad-a001-02-000000541753959	bsn-a001-00-000000013604308	22	15	684926	M	1	0	0	4	0
20260906	4291318	cmp-a001-02-000000010764328	grp-a001-02-000000069047580	가루는	nad-a001-02-000000541754005	bsn-a001-00-000000013604308	22	00	609155	M	1	0	0	4	0
20260906	4291318	cmp-a001-02-000000010764328	grp-a001-02-000000069047580	견과류	nad-a001-02-000000541753999	bsn-a001-00-000000013604308	22	08	684926	M	1	0	0	2	0
20260906	4291318	cmp-a001-02-000000010764328	grp-a001-02-000000069047580	견과류	nad-a001-02-000000541753999	bsn-a001-00-000000013604308	22	02	633013	M	8	0	0	24	0
20260906	4291318	cmp-a001-02-000000010764328	grp-a001-02-000000069047580	하루견과	nad-a001-02-000000541753999	bsn-a001-00-000000013604308	22	09	684926	M	2	1	2426	4	0
20260906	4291318	cmp-a001-02-000000010764328	grp-a001-02-000000069047580	견과류	nad-a001-02-000000541753959	bsn-a001-00-000000013604308	22	15	684924	M	2	0	0	4	0
20260906	4291318	cmp-a001-02-000000010764328	grp-a001-02-000000072573876	추석선물	nad-a001-02-000000573683835	bsn-a001-00-000000013604308	22	02	529514	M	22	0	0	241	0
20260906	4291318	cmp-a001-02-000000010764328	grp-a001-02-000000069047580	견과류추천	nad-a001-02-000000541753999	bsn-a001-00-000000013604308	22	09	684924	M	1	0	0	1	0
20260906	4291318	cmp-a001-02-000000010764328	grp-a001-02-000000069047580	프로틴바	nad-a001-02-000000553654554	bsn-a001-00-000000013604308	22	99	529514	M	4	0	0	4	0
20260906	4291318	cmp-a001-02-000000010764328	grp-a001-02-000000069047580	사랑하라	nad-a001-02-000000553654559	bsn-a001-00-000000013604308	22	07	98128	M	1	0	0	5	0
20260906	4291318	cmp-a001-02-000000010764328	grp-a001-02-000000069047580	견과류	nad-a001-02-000000541753959	bsn-a001-00-000000013604308	22	10	684926	M	1	0	0	3	0
20260906	4291318	cmp-a001-02-000000010764328	grp-a001-02-000000069047580	프로틴	nad-a001-02-000000553654562	bsn-a001-00-000000013604308	22	07	8753	M	1	0	0	5	0
20260906	4291318	cmp-a001-02-000000010764328	grp-a001-02-000000069047580	하루	nad-a001-02-000000541753999	bsn-a001-00-000000013604308	22	14	137281	M	1	0	0	2	0
20260906	4291318	cmp-a001-02-000000010764328	grp-a001-02-000000069047580	사탕젤리	nad-a001-02-000000541753985	bsn-a001-00-000000013604308	22	06	87620	M	1	0	0	1	0
20260906	4291318	cmp-a001-02-000000010764328	grp-a001-02-000000072573876	추석선물세트	nad-a001-02-000000573683835	bsn-a001-00-000000013604308	22	02	33421	M	4	0	0	24	0
20260906	4291318	cmp-a001-02-000000010764328	grp-a001-02-000000069047580	황성주생식	nad-a001-02-000000541754004	bsn-a001-00-000000013604308	22	09	529514	M	1	0	0	2	0
20260906	4291318	cmp-a001-02-000000010764328	grp-a001-02-000000069047580	견과류	nad-a001-02-000000541753999	bsn-a001-00-000000013604308	22	11	529514	M	30	0	0	32	0
20260906	4291318	cmp-a001-02-000000010764328	grp-a001-02-000000072573876	추석선물세트	nad-a001-02-000000573683834	bsn-a001-00-000000013604308	22	09	684926	M	3	0	0	28	0
20260906	4291318	cmp-a001-02-000000010764328	grp-a001-02-000000069047580	보충제	nad-a001-02-000000553654562	bsn-a001-00-000000013604308	22	09	529514	M	1	0	0	1	0
20260906	4291318	cmp-a001-02-000000010764328	grp-a001-02-000000069047580	단백질바	nad-a001-02-000000553654554	bsn-a001-00-000000013604308	22	02	768323	M	1	0	0	1	0
20260906	4291318	cmp-a001-02-000000010764328	grp-a001-02-000000069047580	단백질	nad-a001-02-000000553654562	bsn-a001-00-000000013604308	22	02	98128	M	2	0	0	2	0
20260906	4291318	cmp-a001-02-000000010764328	grp-a001-02-000000069047580	단백질간식	nad-a001-02-000000553654559	bsn-a001-00-000000013604308	22	18	8753	M	1	0	0	6	0
20260906	4291318	cmp-a001-02-000000010764328	grp-a001-02-000000069047580	사랑	nad-a001-02-000000553654559	bsn-a001-00-000000013604308	22	13	98128	M	1	0	0	5	0
20260906	4291318	cmp-a001-02-000000010764328	grp-a001-02-000000069047580	쉐이크	nad-a001-02-000000553654562	bsn-a001-00-000000013604308	22	15	98128	M	1	0	0	1	0
20260906	4291318	cmp-a001-02-000000010764328	grp-a001-02-000000069047580	견과류	nad-a001-02-000000541753959	bsn-a001-00-000000013604308	22	08	8753	M	4	0	0	12	0
20260906	4291318	cmp-a001-02-000000010764328	grp-a001-02-000000072573876	명절선물	nad-a001-02-000000573683835	bsn-a001-00-000000013604308	22	03	529514	M	6	0	0	48	0
20260906	4291318	cmp-a001-02-000000010764328	grp-a001-02-000000069047580	스토어	nad-a001-02-000000541754004	bsn-a001-00-000000013604308	22	04	98128	M	4	0	0	4	0
20260906	4291318	cmp-a001-02-000000010764328	grp-a001-02-000000069047580	단백질간식	nad-a001-02-000000553654554	bsn-a001-00-000000013604308	22	10	8753	M	1	0	0	1	0
20260906	4291318	cmp-a001-02-000000010764328	grp-a001-02-000000069047580	프로틴	nad-a001-02-000000553654562	bsn-a001-00-000000013604308	22	02	98128	M	5	0	0	5	0
20260906	4291318	cmp-a001-02-000000010764328	grp-a001-02-000000069047580	사랑	nad-a001-02-000000553654558	bsn-a001-00-000000013604308	22	02	98128	M	2	0	0	8	0
20260906	4291318	cmp-a001-02-000000010764328	grp-a001-02-000000069047580	황성주생식	nad-a001-02-000000541753996	bsn-a001-00-000000013604308	22	09	529514	M	1	1	5133	1	0
20260906	4291318	cmp-a001-02-000000010764328	grp-a001-02-000000069047580	단백질쉐이크	nad-a001-02-000000553654562	bsn-a001-00-000000013604308	22	09	98128	M	4	0	0	4	0
20260906	4291318	cmp-a001-02-000000010764328	grp-a001-02-000000069047580	사랑이	nad-a001-02-000000553654554	bsn-a001-00-000000013604308	22	02	612594	M	1	0	0	2	0
20260906	4291318	cmp-a001-02-000000010764328	grp-a001-02-000000069047580	프로틴바	nad-a001-02-000000553654554	bsn-a001-00-000000013604308	22	08	529514	M	2	0	0	2	0
20260906	4291318	cmp-a001-02-000000010764328	grp-a001-02-000000072573876	추석선물세트	nad-a001-02-000000573683835	bsn-a001-00-000000013604308	22	04	529514	M	1	0	0	7	0
20260906	4291318	cmp-a001-02-000000010764328	grp-a001-02-000000069047580	황성주생식	nad-a001-02-000000541753988	bsn-a001-00-000000013604308	22	09	633013	M	2	0	0	8	0
20260906	4291318	cmp-a001-02-000000010764328	grp-a001-02-000000069047580	갓	nad-a001-02-000000541753959	bsn-a001-00-000000013604308	22	01	8753	M	3	0	0	9	0
20260906	4291318	cmp-a001-02-000000010764328	grp-a001-02-000000069047580	견과류	nad-a001-02-000000541753959	bsn-a001-00-000000013604308	22	18	529514	M	29	0	0	86	0
20260906	4291318	cmp-a001-02-000000010764328	grp-a001-02-000000069047580	견과류	nad-a001-02-000000541753959	bsn-a001-00-000000013604308	22	02	684926	M	5	0	0	19	0
20260906	4291318	cmp-a001-02-000000010764328	grp-a001-02-000000069047580	단백질바	nad-a001-02-000000553654559	bsn-a001-00-000000013604308	22	10	529514	M	2	0	0	6	0
20260906	4291318	cmp-a001-02-000000010764328	grp-a001-02-000000069047580	하루견과	nad-a001-02-000000541753960	bsn-a001-00-000000013604308	22	10	33421	M	1	0	0	3	0
20260906	4291318	cmp-a001-02-000000010764328	grp-a001-02-000000069047580	스토어	nad-a001-02-000000541753996	bsn-a001-00-000000013604308	22	18	98128	M	3	0	0	6	0
20260906	4291318	cmp-a001-02-000000010764328	grp-a001-02-000000069047580	에너지바	nad-a001-02-000000553654558	bsn-a001-00-000000013604308	22	02	8753	M	2	1	2489	10	0
20260906	4291318	cmp-a001-02-000000010764328	grp-a001-02-000000069047580	젤리	nad-a001-02-000000541753985	bsn-a001-00-000000013604308	22	08	137281	M	1	0	0	1	0
20260906	4291318	cmp-a001-02-000000010764328	grp-a001-02-000000069047580	견과류32개입	nad-a001-02-000000541753999	bsn-a001-00-000000013604308	22	08	8753	M	2	0	0	2	0
20260906	4291318	cmp-a001-02-000000010764328	grp-a001-02-000000072573876	추석선물	nad-a001-02-000000573683835	bsn-a001-00-000000013604308	22	08	529514	M	8	0	0	88	0
20260906	4291318	cmp-a001-02-000000010764328	grp-a001-02-000000069047580	견과류선물세트	nad-a001-02-000000541753999	bsn-a001-00-000000013604308	22	02	684926	M	1	0	0	1	0
20260906	4291318	cmp-a001-02-000000010764328	grp-a001-02-000000069047580	사랑	nad-a001-02-000000553654559	bsn-a001-00-000000013604308	22	02	98128	M	2	0	0	10	0
20260906	4291318	cmp-a001-02-000000010764328	grp-a001-02-000000069047580	하루견과	nad-a001-02-000000541753999	bsn-a001-00-000000013604308	22	15	8753	M	1	0	0	2	0
20260906	4291318	cmp-a001-02-000000010764328	grp-a001-02-000000069047580	에스데대두단백질	nad-a001-02-000000553654562	bsn-a001-00-000000013604308	22	02	8753	M	2	0	0	4	0
20260906	4291318	cmp-a001-02-000000010764328	grp-a001-02-000000069047580	하루	nad-a001-02-000000541753959	bsn-a001-00-000000013604308	22	09	98128	M	2	0	0	4	0
20260906	4291318	cmp-a001-02-000000010764328	grp-a001-02-000000069047580	하루	nad-a001-02-000000541753999	bsn-a001-00-000000013604308	22	09	612594	M	1	0	0	1	0
20260906	4291318	cmp-a001-02-000000010764328	grp-a001-02-000000069047580	단백질간식	nad-a001-02-000000553654558	bsn-a001-00-000000013604308	22	10	11068	P	1	0	0	2	0
20260906	4291318	cmp-a001-02-000000010764328	grp-a001-02-000000069047580	프로틴바	nad-a001-02-000000553654558	bsn-a001-00-000000013604308	22	99	529514	M	4	0	0	8	0
20260906	4291318	cmp-a001-02-000000010764328	grp-a001-02-000000069047580	견과류세트	nad-a001-02-000000541753960	bsn-a001-00-000000013604308	22	06	8753	M	1	0	0	3	0
20260906	4291318	cmp-a001-02-000000010764328	grp-a001-02-000000069047580	견과류	nad-a001-02-000000541753999	bsn-a001-00-000000013604308	22	09	633013	M	1	0	0	3	0
20260906	4291318	cmp-a001-02-000000010764328	grp-a001-02-000000069047580	사랑	nad-a001-02-000000553654554	bsn-a001-00-000000013604308	22	09	137281	M	14	0	0	14	0
20260906	4291318	cmp-a001-02-000000010764328	grp-a001-02-000000069047580	네이버스토어	nad-a001-02-000000541753997	bsn-a001-00-000000013604308	22	02	335738	P	1	0	0	5	0
20260906	4291318	cmp-a001-02-000000010764328	grp-a001-02-000000069047580	견과류세트	nad-a001-02-000000541753999	bsn-a001-00-000000013604308	22	14	529514	M	2	0	0	4	0
20260906	4291318	cmp-a001-02-000000010764328	grp-a001-02-000000069047580	단백질간식	nad-a001-02-000000553654559	bsn-a001-00-000000013604308	22	15	33421	M	2	0	0	18	0
20260906	4291318	cmp-a001-02-000000010764328	grp-a001-02-000000069047580	에너지바	nad-a001-02-000000553654558	bsn-a001-00-000000013604308	22	00	23123	P	1	0	0	2	0
20260906	4291318	cmp-a001-02-000000010764328	grp-a001-02-000000069047580	프로틴바	nad-a001-02-000000553654559	bsn-a001-00-000000013604308	22	02	23123	P	1	0	0	4	0
20260906	4291318	cmp-a001-02-000000010764328	grp-a001-02-000000069047580	황성주생식	nad-a001-02-000000541753996	bsn-a001-00-000000013604308	22	09	8753	M	1	0	0	3	0
20260906	4291318	cmp-a001-02-000000010764328	grp-a001-02-000000069047580	젤리	nad-a001-02-000000541753985	bsn-a001-00-000000013604308	22	99	137281	M	48	0	0	48	0
20260906	4291318	cmp-a001-02-000000010764328	grp-a001-02-000000069047580	스토어	nad-a001-02-000000541753996	bsn-a001-00-000000013604308	22	15	98128	M	4	0	0	7	0
20260906	4291318	cmp-a001-02-000000010764328	grp-a001-02-000000069047580	갓	nad-a001-02-000000541753960	bsn-a001-00-000000013604308	22	13	8753	M	2	0	0	4	0
20260906	4291318	cmp-a001-02-000000010764328	grp-a001-02-000000069047580	프로틴쉐이크	nad-a001-02-000000553654562	bsn-a001-00-000000013604308	22	15	529514	M	15	0	0	15	0
20260906	4291318	cmp-a001-02-000000010764328	grp-a001-02-000000069047580	사랑이	nad-a001-02-000000553654558	bsn-a001-00-000000013604308	22	02	529514	M	2	0	0	4	0
20260906	4291318	cmp-a001-02-000000010764328	grp-a001-02-000000069047580	스토어	nad-a001-02-000000541753996	bsn-a001-00-000000013604308	22	11	248824	P	3	0	0	6	0
20260906	4291318	cmp-a001-02-000000010764328	grp-a001-02-000000069047580	견과류	nad-a001-02-000000541753960	bsn-a001-00-000000013604308	22	02	8753	M	15	0	0	57	0
20260906	4291318	cmp-a001-02-000000010764328	grp-a001-02-000000069047580	곡물쉐이크	nad-a001-02-000000553654562	bsn-a001-00-000000013604308	22	15	8753	M	1	0	0	4	0
20260906	4291318	cmp-a001-02-000000010764328	grp-a001-02-000000069047580	젤리	nad-a001-02-000000541753985	bsn-a001-00-000000013604308	22	02	684926	M	3	0	0	5	0
20260906	4291318	cmp-a001-02-000000010764328	grp-a001-02-000000069047580	하루견과	nad-a001-02-000000541753959	bsn-a001-00-000000013604308	22	10	8753	M	1	0	0	3	0
20260906	4291318	cmp-a001-02-000000010764328	grp-a001-02-000000069047580	쫀득시리얼바	nad-a001-02-000000553654558	bsn-a001-00-000000013604308	22	08	8753	M	1	0	0	5	0
20260906	4291318	cmp-a001-02-000000010764328	grp-a001-02-000000069047580	견과류	nad-a001-02-000000541753999	bsn-a001-00-000000013604308	22	15	684926	M	1	0	0	3	0
20260906	4291318	cmp-a001-02-000000010764328	grp-a001-02-000000069047580	단백질쉐이크	nad-a001-02-000000553654562	bsn-a001-00-000000013604308	22	99	612594	M	1	0	0	4	0
20260906	4291318	cmp-a001-02-000000010764328	grp-a001-02-000000069047580	하루	nad-a001-02-000000541753999	bsn-a001-00-000000013604308	22	02	137281	M	1	0	0	2	0
20260906	4291318	cmp-a001-02-000000010764328	grp-a001-02-000000072573876	추석선물	nad-a001-02-000000573683835	bsn-a001-00-000000013604308	22	06	529514	M	8	0	0	88	0
20260906	4291318	cmp-a001-02-000000010764328	grp-a001-02-000000069047580	보충제	nad-a001-02-000000553654562	bsn-a001-00-000000013604308	22	08	33421	M	1	0	0	6	0
20260906	4291318	cmp-a001-02-000000010764328	grp-a001-02-000000069047580	사랑	nad-a001-02-000000553654554	bsn-a001-00-000000013604308	22	02	98128	M	2	0	0	4	0
20260906	4291318	cmp-a001-02-000000010764328	grp-a001-02-000000072573876	추석선물세트	nad-a001-02-000000573683835	bsn-a001-00-000000013604308	22	99	684926	M	2	0	0	8	0
20260906	4291318	cmp-a001-02-000000010764328	grp-a001-02-000000069047580	단백질바	nad-a001-02-000000553654558	bsn-a001-00-000000013604308	22	15	8753	M	2	0	0	10	0
20260906	4291318	cmp-a001-02-000000010764328	grp-a001-02-000000069047580	하루견과	nad-a001-02-000000541753999	bsn-a001-00-000000013604308	22	02	11068	P	1	0	0	1	0
20260906	4291318	cmp-a001-02-000000010764328	grp-a001-02-000000069047580	하루견과	nad-a001-02-000000541753999	bsn-a001-00-000000013604308	22	10	8753	M	1	0	0	2	0
20260906	4291318	cmp-a001-02-000000010764328	grp-a001-02-000000069047580	다이어트쉐이크	nad-a001-02-000000553654562	bsn-a001-00-000000013604308	22	10	768323	M	3	0	0	6	0
20260906	4291318	cmp-a001-02-000000010764328	grp-a001-02-000000069047580	견과류	nad-a001-02-000000541753999	bsn-a001-00-000000013604308	22	18	529514	M	29	0	0	29	0
20260906	4291318	cmp-a001-02-000000010764328	grp-a001-02-000000069047580	하루+견과류+추천	nad-a001-02-000000541753999	bsn-a001-00-000000013604308	22	00	805759	P	1	0	0	2	0
20260906	4291318	cmp-a001-02-000000010764328	grp-a001-02-000000069047580	하루견과	nad-a001-02-000000541753960	bsn-a001-00-000000013604308	22	16	33421	M	2	0	0	6	0
20260906	4291318	cmp-a001-02-000000010764328	grp-a001-02-000000069047580	칼로리바	nad-a001-02-000000553654554	bsn-a001-00-000000013604308	22	02	8753	M	1	0	0	1	0
20260906	4291318	cmp-a001-02-000000010764328	grp-a001-02-000000069047580	하루견과	nad-a001-02-000000541753959	bsn-a001-00-000000013604308	22	02	33421	M	2	0	0	8	0
20260906	4291318	cmp-a001-02-000000010764328	grp-a001-02-000000069047580	황성주생식	nad-a001-02-000000541754004	bsn-a001-00-000000013604308	22	02	11068	P	3	0	0	6	0
20260906	4291318	cmp-a001-02-000000010764328	grp-a001-02-000000069047580	프로틴바	nad-a001-02-000000553654554	bsn-a001-00-000000013604308	22	02	23123	P	1	0	0	1	0
20260906	4291318	cmp-a001-02-000000010764328	grp-a001-02-000000069047580	단백질쉐이크	nad-a001-02-000000553654562	bsn-a001-00-000000013604308	22	01	98128	M	5	0	0	5	0
20260906	4291318	cmp-a001-02-000000010764328	grp-a001-02-000000069047580	머슬네이션프로틴바	nad-a001-02-000000553654554	bsn-a001-00-000000013604308	22	09	8753	M	1	0	0	4	0
20260906	4291318	cmp-a001-02-000000010764328	grp-a001-02-000000069047580	사탕젤리	nad-a001-02-000000541753985	bsn-a001-00-000000013604308	22	99	87620	M	2	0	0	2	0
20260906	4291318	cmp-a001-02-000000010764328	grp-a001-02-000000069047580	다이어트쉐이크	nad-a001-02-000000553654562	bsn-a001-00-000000013604308	22	06	768323	M	1	0	0	1	0
20260906	4291318	cmp-a001-02-000000010764328	grp-a001-02-000000069047580	황성주생식	nad-a001-02-000000541754004	bsn-a001-00-000000013604308	22	04	27758	P	1	0	0	2	0
20260906	4291318	cmp-a001-02-000000010764328	grp-a001-02-000000069047580	갓	nad-a001-02-000000541753999	bsn-a001-00-000000013604308	22	13	684924	M	2	0	0	2	0
20260906	4291318	cmp-a001-02-000000010764328	grp-a001-02-000000069047580	단백질바	nad-a001-02-000000553654558	bsn-a001-00-000000013604308	22	11	8753	M	1	0	0	6	0
20260906	4291318	cmp-a001-02-000000010764328	grp-a001-02-000000069047580	완두콩단백질파우더	nad-a001-02-000000553654562	bsn-a001-00-000000013604308	22	13	341898	M	1	0	0	1	0
20260906	4291318	cmp-a001-02-000000010764328	grp-a001-02-000000069047580	갓	nad-a001-02-000000541753959	bsn-a001-00-000000013604308	22	09	529514	M	8	0	0	12	0
20260906	4291318	cmp-a001-02-000000010764328	grp-a001-02-000000069047580	하루견과	nad-a001-02-000000541753959	bsn-a001-00-000000013604308	22	03	8753	M	2	0	0	8	0
20260906	4291318	cmp-a001-02-000000010764328	grp-a001-02-000000072573876	추석선물	nad-a001-02-000000573683835	bsn-a001-00-000000013604308	22	09	33421	M	1	0	0	7	0
20260906	4291318	cmp-a001-02-000000010764328	grp-a001-02-000000069047580	황성주생식	nad-a001-02-000000541754004	bsn-a001-00-000000013604308	22	09	633013	M	2	0	0	2	0
20260906	4291318	cmp-a001-02-000000010764328	grp-a001-02-000000069047580	보충제	nad-a001-02-000000553654562	bsn-a001-00-000000013604308	22	04	529514	M	6	0	0	14	0
20260906	4291318	cmp-a001-02-000000010764328	grp-a001-02-000000072573876	명절선물	nad-a001-02-000000573683834	bsn-a001-00-000000013604308	22	03	33421	M	2	0	0	20	0
20260906	4291318	cmp-a001-02-000000010764328	grp-a001-02-000000069047580	견과류세트	nad-a001-02-000000541753999	bsn-a001-00-000000013604308	22	02	529514	M	1	0	0	2	0
20260906	4291318	cmp-a001-02-000000010764328	grp-a001-02-000000069047580	단백질보충제	nad-a001-02-000000553654562	bsn-a001-00-000000013604308	22	06	23123	P	1	0	0	1	0
20260906	4291318	cmp-a001-02-000000010764328	grp-a001-02-000000069047580	사무실단백질간식	nad-a001-02-000000553654554	bsn-a001-00-000000013604308	22	17	8753	M	1	0	0	1	0
20260906	4291318	cmp-a001-02-000000010764328	grp-a001-02-000000069047580	황성주생식	nad-a001-02-000000541753996	bsn-a001-00-000000013604308	22	17	8753	M	1	0	0	3	0
20260906	4291318	cmp-a001-02-000000010764328	grp-a001-02-000000072573876	명절선물	nad-a001-02-000000573683835	bsn-a001-00-000000013604308	22	08	529514	M	1	0	0	8	0
20260906	4291318	cmp-a001-02-000000010764328	grp-a001-02-000000069047580	프로틴	nad-a001-02-000000553654562	bsn-a001-00-000000013604308	22	09	529514	M	158	0	0	158	0
20260906	4291318	cmp-a001-02-000000010764328	grp-a001-02-000000069047580	에너지바	nad-a001-02-000000553654558	bsn-a001-00-000000013604308	22	03	87620	M	4	0	0	8	0
20260906	4291318	cmp-a001-02-000000010764328	grp-a001-02-000000069047580	하루	nad-a001-02-000000541753960	bsn-a001-00-000000013604308	22	11	137281	M	9	0	0	9	0
20260906	4291318	cmp-a001-02-000000010764328	grp-a001-02-000000069047580	효연샐러드	nad-a001-02-000000541753985	bsn-a001-00-000000013604308	22	08	341898	M	3	0	0	3	0
20260906	4291318	cmp-a001-02-000000010764328	grp-a001-02-000000069047580	하루견과	nad-a001-02-000000541753999	bsn-a001-00-000000013604308	22	18	8753	M	1	1	2189	1	0
20260906	4291318	cmp-a001-02-000000010764328	grp-a001-02-000000069047580	황성주생식	nad-a001-02-000000541753996	bsn-a001-00-000000013604308	22	02	11068	P	3	0	0	9	0
20260906	4291318	cmp-a001-02-000000010764328	grp-a001-02-000000072573876	추석선물세트	nad-a001-02-000000573683835	bsn-a001-00-000000013604308	22	17	529514	M	2	0	0	14	0
20260906	4291318	cmp-a001-02-000000010764328	grp-a001-02-000000069047580	건조된차가버섯보관방법	nad-a001-02-000000541753996	bsn-a001-00-000000013604308	22	02	27758	P	1	0	0	2	0
20260906	4291318	cmp-a001-02-000000010764328	grp-a001-02-000000072573876	추석선물세트	nad-a001-02-000000573683835	bsn-a001-00-000000013604308	22	18	33421	M	1	0	0	9	0
20260906	4291318	cmp-a001-02-000000010764328	grp-a001-02-000000069047580	젤리	nad-a001-02-000000541753985	bsn-a001-00-000000013604308	22	08	768323	M	1	0	0	1	0
20260906	4291318	cmp-a001-02-000000010764328	grp-a001-02-000000069047580	단백질간식	nad-a001-02-000000553654554	bsn-a001-00-000000013604308	22	11	98128	M	1	0	0	1	0
20260906	4291318	cmp-a001-02-000000010764328	grp-a001-02-000000069047580	칼로리바제왕	nad-a001-02-000000553654554	bsn-a001-00-000000013604308	22	13	8753	M	1	0	0	1	0
20260906	4291318	cmp-a001-02-000000010764328	grp-a001-02-000000072573876	추석선물	nad-a001-02-000000573683834	bsn-a001-00-000000013604308	22	16	529514	M	2	0	0	24	0
20260906	4291318	cmp-a001-02-000000010764328	grp-a001-02-000000069047580	프로틴바	nad-a001-02-000000553654559	bsn-a001-00-000000013604308	22	02	98128	M	4	0	0	18	0
20260906	4291318	cmp-a001-02-000000010764328	grp-a001-02-000000069047580	하루견과	nad-a001-02-000000541753960	bsn-a001-00-000000013604308	22	13	27758	P	1	0	0	3	0
20260906	4291318	cmp-a001-02-000000010764328	grp-a001-02-000000069047580	황성주생식라이프밀	nad-a001-02-000000541754005	bsn-a001-00-000000013604308	22	15	8753	M	1	0	0	3	0
20260906	4291318	cmp-a001-02-000000010764328	grp-a001-02-000000069047580	프로틴단백질	nad-a001-02-000000553654562	bsn-a001-00-000000013604308	22	02	684924	M	1	0	0	1	0
20260906	4291318	cmp-a001-02-000000010764328	grp-a001-02-000000069047580	사랑	nad-a001-02-000000553654558	bsn-a001-00-000000013604308	22	14	98128	M	3	0	0	12	0
20260906	4291318	cmp-a001-02-000000010764328	grp-a001-02-000000069047580	프로틴	nad-a001-02-000000553654562	bsn-a001-00-000000013604308	22	11	684926	M	2	0	0	24	0
20260906	4291318	cmp-a001-02-000000010764328	grp-a001-02-000000069047580	단백질	nad-a001-02-000000553654562	bsn-a001-00-000000013604308	22	13	529514	M	4	0	0	6	0
20260906	4291318	cmp-a001-02-000000010764328	grp-a001-02-000000069047580	하루견과	nad-a001-02-000000541753999	bsn-a001-00-000000013604308	22	03	33421	M	1	0	0	1	0
20260906	4291318	cmp-a001-02-000000010764328	grp-a001-02-000000069047580	견과류	nad-a001-02-000000541753999	bsn-a001-00-000000013604308	22	01	529514	M	15	0	0	15	0
20260906	4291318	cmp-a001-02-000000010764328	grp-a001-02-000000072573876	추석선물	nad-a001-02-000000573683834	bsn-a001-00-000000013604308	22	18	529514	M	4	0	0	46	0
20260906	4291318	cmp-a001-02-000000010764328	grp-a001-02-000000069047580	프로틴	nad-a001-02-000000553654562	bsn-a001-00-000000013604308	22	06	8753	M	3	0	0	20	0
20260906	4291318	cmp-a001-02-000000010764328	grp-a001-02-000000069047580	견과류추천	nad-a001-02-000000541753999	bsn-a001-00-000000013604308	22	02	684924	M	3	0	0	3	0
20260906	4291318	cmp-a001-02-000000010764328	grp-a001-02-000000069047580	프로틴바	nad-a001-02-000000553654559	bsn-a001-00-000000013604308	22	04	529514	M	2	0	0	6	0
20260906	4291318	cmp-a001-02-000000010764328	grp-a001-02-000000069047580	견과류	nad-a001-02-000000541753999	bsn-a001-00-000000013604308	22	08	529514	M	26	0	0	26	0
20260906	4291318	cmp-a001-02-000000010764328	grp-a001-02-000000069047580	프로틴바	nad-a001-02-000000553654558	bsn-a001-00-000000013604308	22	09	98128	M	1	0	0	2	0
20260906	4291318	cmp-a001-02-000000010764328	grp-a001-02-000000069047580	스토어	nad-a001-02-000000541753996	bsn-a001-00-000000013604308	22	09	98128	M	14	0	0	28	0
20260906	4291318	cmp-a001-02-000000010764328	grp-a001-02-000000069047580	하루견과	nad-a001-02-000000541753999	bsn-a001-00-000000013604308	22	13	8753	M	2	0	0	3	0
20260906	4291318	cmp-a001-02-000000010764328	grp-a001-02-000000069047580	갓	nad-a001-02-000000541753999	bsn-a001-00-000000013604308	22	02	8753	M	4	0	0	4	0
20260906	4291318	cmp-a001-02-000000010764328	grp-a001-02-000000069047580	황성주생식	nad-a001-02-000000541753988	bsn-a001-00-000000013604308	22	09	8753	M	1	0	0	5	0
20260906	4291318	cmp-a001-02-000000010764328	grp-a001-02-000000069047580	사랑	nad-a001-02-000000553654559	bsn-a001-00-000000013604308	22	14	98128	M	3	0	0	15	0
20260906	4291318	cmp-a001-02-000000010764328	grp-a001-02-000000069047580	프로틴바	nad-a001-02-000000553654558	bsn-a001-00-000000013604308	22	04	529514	M	2	0	0	4	0
20260906	4291318	cmp-a001-02-000000010764328	grp-a001-02-000000069047580	견과류	nad-a001-02-000000541753999	bsn-a001-00-000000013604308	22	02	529514	M	169	0	0	174	0
20260906	4291318	cmp-a001-02-000000010764328	grp-a001-02-000000069047580	하루	nad-a001-02-000000541753999	bsn-a001-00-000000013604308	22	15	98128	M	4	0	0	4	0
20260906	4291318	cmp-a001-02-000000010764328	grp-a001-02-000000069047580	프로틴	nad-a001-02-000000553654562	bsn-a001-00-000000013604308	22	13	529514	M	5	0	0	5	0
20260906	4291318	cmp-a001-02-000000010764328	grp-a001-02-000000069047580	단백질바	nad-a001-02-000000553654554	bsn-a001-00-000000013604308	22	02	529514	M	8	0	0	8	0
20260906	4291318	cmp-a001-02-000000010764328	grp-a001-02-000000072573876	추석선물세트	nad-a001-02-000000573683834	bsn-a001-00-000000013604308	22	17	529514	M	2	0	0	12	0
20260906	4291318	cmp-a001-02-000000010764328	grp-a001-02-000000069047580	분말	nad-a001-02-000000541754004	bsn-a001-00-000000013604308	22	09	27758	P	1	0	0	2	0
20260906	4291318	cmp-a001-02-000000010764328	grp-a001-02-000000069047580	젤리	nad-a001-02-000000541753985	bsn-a001-00-000000013604308	22	04	684926	M	1	0	0	3	0
20260906	4291318	cmp-a001-02-000000010764328	grp-a001-02-000000069047580	단백질간식	nad-a001-02-000000553654558	bsn-a001-00-000000013604308	22	11	98128	M	1	0	0	2	0
20260906	4291318	cmp-a001-02-000000010764328	grp-a001-02-000000069047580	프로틴	nad-a001-02-000000553654562	bsn-a001-00-000000013604308	22	13	98128	M	5	0	0	5	0
20260906	4291318	cmp-a001-02-000000010764328	grp-a001-02-000000072573876	추석선물세트	nad-a001-02-000000573683835	bsn-a001-00-000000013604308	22	15	684926	M	1	0	0	5	0
20260906	4291318	cmp-a001-02-000000010764328	grp-a001-02-000000069047580	갓	nad-a001-02-000000541753999	bsn-a001-00-000000013604308	22	01	8753	M	3	0	0	3	0
20260906	4291318	cmp-a001-02-000000010764328	grp-a001-02-000000069047580	하루만	nad-a001-02-000000541753999	bsn-a001-00-000000013604308	22	04	8753	M	1	0	0	2	0
20260906	4291318	cmp-a001-02-000000010764328	grp-a001-02-000000069047580	단백질	nad-a001-02-000000553654562	bsn-a001-00-000000013604308	22	03	529514	M	35	0	0	77	0
20260906	4291318	cmp-a001-02-000000010764328	grp-a001-02-000000072573876	추석선물세트	nad-a001-02-000000573683834	bsn-a001-00-000000013604308	22	13	529514	M	7	0	0	43	0
20260906	4291318	cmp-a001-02-000000010764328	grp-a001-02-000000072573876	추석선물세트	nad-a001-02-000000573683835	bsn-a001-00-000000013604308	22	08	684927	P	1	0	0	10	0
20260906	4291318	cmp-a001-02-000000010764328	grp-a001-02-000000069047580	견과류세트	nad-a001-02-000000541753960	bsn-a001-00-000000013604308	22	02	8753	M	1	0	0	3	0
20260906	4291318	cmp-a001-02-000000010764328	grp-a001-02-000000069047580	하루견과	nad-a001-02-000000541753999	bsn-a001-00-000000013604308	22	01	8753	M	2	0	0	4	0
20260906	4291318	cmp-a001-02-000000010764328	grp-a001-02-000000072573876	명절선물	nad-a001-02-000000573683835	bsn-a001-00-000000013604308	22	01	529514	M	3	0	0	24	0
20260906	4291318	cmp-a001-02-000000010764328	grp-a001-02-000000069047580	단백질바추천	nad-a001-02-000000553654558	bsn-a001-00-000000013604308	22	04	612594	M	1	0	0	2	0
20260906	4291318	cmp-a001-02-000000010764328	grp-a001-02-000000069047580	견과류세트	nad-a001-02-000000541753959	bsn-a001-00-000000013604308	22	14	529514	M	2	0	0	7	0
20260906	4291318	cmp-a001-02-000000010764328	grp-a001-02-000000069047580	스토어	nad-a001-02-000000541754004	bsn-a001-00-000000013604308	22	11	248824	P	3	0	0	3	0
20260906	4291318	cmp-a001-02-000000010764328	grp-a001-02-000000069047580	단백질바	nad-a001-02-000000553654554	bsn-a001-00-000000013604308	22	10	529514	M	2	0	0	2	0
20260906	4291318	cmp-a001-02-000000010764328	grp-a001-02-000000069047580	견과류	nad-a001-02-000000541753959	bsn-a001-00-000000013604308	22	15	8753	M	5	0	0	15	0
20260906	4291318	cmp-a001-02-000000010764328	grp-a001-02-000000069047580	견과류세트	nad-a001-02-000000541753999	bsn-a001-00-000000013604308	22	09	529514	M	2	0	0	4	0
20260906	4291318	cmp-a001-02-000000010764328	grp-a001-02-000000069047580	견과세트	nad-a001-02-000000541753959	bsn-a001-00-000000013604308	22	09	768323	M	1	0	0	1	0
20260906	4291318	cmp-a001-02-000000010764328	grp-a001-02-000000069047580	사랑	nad-a001-02-000000553654554	bsn-a001-00-000000013604308	22	09	98128	M	2	0	0	3	0
20260906	4291318	cmp-a001-02-000000010764328	grp-a001-02-000000069047580	견과류	nad-a001-02-000000541753960	bsn-a001-00-000000013604308	22	09	633013	M	1	0	0	2	0
20260906	4291318	cmp-a001-02-000000010764328	grp-a001-02-000000069047580	에너지바	nad-a001-02-000000553654554	bsn-a001-00-000000013604308	22	03	87620	M	4	0	0	4	0
20260906	4291318	cmp-a001-02-000000010764328	grp-a001-02-000000069047580	단백질간식추천	nad-a001-02-000000553654558	bsn-a001-00-000000013604308	22	02	8753	M	1	0	0	3	0
20260906	4291318	cmp-a001-02-000000010764328	grp-a001-02-000000069047580	하루견과	nad-a001-02-000000541753960	bsn-a001-00-000000013604308	22	03	8753	M	2	0	0	6	0
20260906	4291318	cmp-a001-02-000000010764328	grp-a001-02-000000069047580	황성주생식	nad-a001-02-000000541753996	bsn-a001-00-000000013604308	22	04	27758	P	1	0	0	1	0
20260906	4291318	cmp-a001-02-000000010764328	grp-a001-02-000000072573876	명절선물	nad-a001-02-000000573683835	bsn-a001-00-000000013604308	22	02	529514	M	5	0	0	42	0
20260906	4291318	cmp-a001-02-000000010764328	grp-a001-02-000000069047580	단백질	nad-a001-02-000000553654562	bsn-a001-00-000000013604308	22	09	684924	M	1	0	0	1	0
20260906	4291318	cmp-a001-02-000000010764328	grp-a001-02-000000069047580	쉐이크	nad-a001-02-000000553654562	bsn-a001-00-000000013604308	22	09	529514	M	7	0	0	15	0
20260906	4291318	cmp-a001-02-000000010764328	grp-a001-02-000000069047580	프로틴바	nad-a001-02-000000553654559	bsn-a001-00-000000013604308	22	08	529514	M	2	0	0	6	0
20260906	4291318	cmp-a001-02-000000010764328	grp-a001-02-000000072573876	명절선물	nad-a001-02-000000573683835	bsn-a001-00-000000013604308	22	06	529514	M	6	0	0	48	0
20260906	4291318	cmp-a001-02-000000010764328	grp-a001-02-000000069047580	사랑	nad-a001-02-000000553654558	bsn-a001-00-000000013604308	22	16	98128	M	1	0	0	4	0
20260906	4291318	cmp-a001-02-000000010764328	grp-a001-02-000000069047580	하루견과	nad-a001-02-000000541753959	bsn-a001-00-000000013604308	22	16	33421	M	1	0	0	4	0
20260906	4291318	cmp-a001-02-000000010764328	grp-a001-02-000000069047580	가루는	nad-a001-02-000000541753996	bsn-a001-00-000000013604308	22	00	609155	M	1	0	0	3	0
20260906	4291318	cmp-a001-02-000000010764328	grp-a001-02-000000072573876	명절선물	nad-a001-02-000000573683835	bsn-a001-00-000000013604308	22	09	529514	M	4	0	0	32	0
20260906	4291318	cmp-a001-02-000000010764328	grp-a001-02-000000069047580	황성주생식	nad-a001-02-000000541754004	bsn-a001-00-000000013604308	22	02	8753	M	4	0	0	6	0
20260906	4291318	cmp-a001-02-000000010764328	grp-a001-02-000000069047580	에너지바	nad-a001-02-000000553654554	bsn-a001-00-000000013604308	22	00	23123	P	1	0	0	1	0
20260906	4291318	cmp-a001-02-000000010764328	grp-a001-02-000000069047580	견과류	nad-a001-02-000000541753959	bsn-a001-00-000000013604308	22	07	529514	M	11	0	0	33	0
20260906	4291318	cmp-a001-02-000000010764328	grp-a001-02-000000069047580	사랑	nad-a001-02-000000553654559	bsn-a001-00-000000013604308	22	16	98128	M	1	0	0	5	0
20260906	4291318	cmp-a001-02-000000010764328	grp-a001-02-000000069047580	하루	nad-a001-02-000000541753960	bsn-a001-00-000000013604308	22	14	137281	M	1	0	0	1	0
20260906	4291318	cmp-a001-02-000000010764328	grp-a001-02-000000069047580	단백질보충제	nad-a001-02-000000553654562	bsn-a001-00-000000013604308	22	02	23123	P	4	0	0	4	0
20260906	4291318	cmp-a001-02-000000010764328	grp-a001-02-000000069047580	갓	nad-a001-02-000000541753959	bsn-a001-00-000000013604308	22	02	529514	M	13	0	0	17	0
20260906	4291318	cmp-a001-02-000000010764328	grp-a001-02-000000069047580	하루	nad-a001-02-000000541753960	bsn-a001-00-000000013604308	22	06	137281	M	10	0	0	10	0
20260906	4291318	cmp-a001-02-000000010764328	grp-a001-02-000000069047580	하루견과	nad-a001-02-000000541753999	bsn-a001-00-000000013604308	22	07	529514	M	2	0	0	3	0
20260906	4291318	cmp-a001-02-000000010764328	grp-a001-02-000000069047580	프로틴바	nad-a001-02-000000553654559	bsn-a001-00-000000013604308	22	09	529514	M	31	0	0	111	0
20260906	4291318	cmp-a001-02-000000010764328	grp-a001-02-000000072573876	추석선물세트	nad-a001-02-000000573683835	bsn-a001-00-000000013604308	22	04	684927	P	1	0	0	5	0
20260906	4291318	cmp-a001-02-000000010764328	grp-a001-02-000000069047580	황성주생식	nad-a001-02-000000541754005	bsn-a001-00-000000013604308	22	09	8753	M	1	0	0	4	0
20260906	4291318	cmp-a001-02-000000010764328	grp-a001-02-000000069047580	젤리	nad-a001-02-000000541753985	bsn-a001-00-000000013604308	22	02	8753	M	1	0	0	4	0
20260906	4291318	cmp-a001-02-000000010764328	grp-a001-02-000000069047580	에너지바	nad-a001-02-000000553654554	bsn-a001-00-000000013604308	22	15	8753	M	1	0	0	3	0
20260906	4291318	cmp-a001-02-000000010764328	grp-a001-02-000000069047580	하루견과	nad-a001-02-000000541753999	bsn-a001-00-000000013604308	22	01	33421	M	1	0	0	1	0
20260906	4291318	cmp-a001-02-000000010764328	grp-a001-02-000000069047580	단백질바	nad-a001-02-000000553654559	bsn-a001-00-000000013604308	22	03	529514	M	2	0	0	6	0
20260906	4291318	cmp-a001-02-000000010764328	grp-a001-02-000000072573876	추석선물	nad-a001-02-000000573683835	bsn-a001-00-000000013604308	22	04	529514	M	7	0	0	77	0
20260906	4291318	cmp-a001-02-000000010764328	grp-a001-02-000000069047580	스토어	nad-a001-02-000000541754004	bsn-a001-00-000000013604308	22	00	98128	M	1	0	0	1	0
20260906	4291318	cmp-a001-02-000000010764328	grp-a001-02-000000072573876	명절선물	nad-a001-02-000000573683834	bsn-a001-00-000000013604308	22	06	529514	M	5	0	0	43	0
20260906	4291318	cmp-a001-02-000000010764328	grp-a001-02-000000069047580	견과류	nad-a001-02-000000541753959	bsn-a001-00-000000013604308	22	10	529514	M	18	0	0	53	0
20260906	4291318	cmp-a001-02-000000010764328	grp-a001-02-000000072573876	추석선물세트	nad-a001-02-000000573683835	bsn-a001-00-000000013604308	22	03	11068	P	1	0	0	1	0
20260906	4291318	cmp-a001-02-000000010764328	grp-a001-02-000000069047580	젤리	nad-a001-02-000000541753985	bsn-a001-00-000000013604308	22	09	8753	M	3	0	0	12	0
20260906	4291318	cmp-a001-02-000000010764328	grp-a001-02-000000072573876	추석선물세트	nad-a001-02-000000573683835	bsn-a001-00-000000013604308	22	02	8753	M	3	0	0	27	0
20260906	4291318	cmp-a001-02-000000010764328	grp-a001-02-000000069047580	단백질쉐이크	nad-a001-02-000000553654562	bsn-a001-00-000000013604308	22	99	529514	M	29	0	0	29	0
20260906	4291318	cmp-a001-02-000000010764328	grp-a001-02-000000069047580	믹스넛	nad-a001-02-000000541753960	bsn-a001-00-000000013604308	22	01	556927	P	1	0	0	1	0
20260906	4291318	cmp-a001-02-000000010764328	grp-a001-02-000000069047580	단백질바	nad-a001-02-000000553654559	bsn-a001-00-000000013604308	22	02	529514	M	8	0	0	24	0
20260906	4291318	cmp-a001-02-000000010764328	grp-a001-02-000000069047580	황성주생식	nad-a001-02-000000541753988	bsn-a001-00-000000013604308	22	17	8753	M	1	0	0	5	0
20260906	4291318	cmp-a001-02-000000010764328	grp-a001-02-000000072573876	저렴한명절선물	nad-a001-02-000000573683835	bsn-a001-00-000000013604308	22	04	33421	M	2	0	0	14	0
20260906	4291318	cmp-a001-02-000000010764328	grp-a001-02-000000069047580	하루견과	nad-a001-02-000000541753999	bsn-a001-00-000000013604308	22	16	33421	M	2	0	0	3	0
20260906	4291318	cmp-a001-02-000000010764328	grp-a001-02-000000069047580	젤리	nad-a001-02-000000541753985	bsn-a001-00-000000013604308	22	09	137281	M	18	0	0	18	0
20260906	4291318	cmp-a001-02-000000010764328	grp-a001-02-000000069047580	갓	nad-a001-02-000000541753959	bsn-a001-00-000000013604308	22	16	529514	M	2	0	0	6	0
20260906	4291318	cmp-a001-02-000000010764328	grp-a001-02-000000069047580	단백질바	nad-a001-02-000000553654559	bsn-a001-00-000000013604308	22	02	768323	M	1	0	0	9	0
20260906	4291318	cmp-a001-02-000000010764328	grp-a001-02-000000069047580	프로틴	nad-a001-02-000000553654562	bsn-a001-00-000000013604308	22	09	684926	M	1	0	0	6	0
20260906	4291318	cmp-a001-02-000000010764328	grp-a001-02-000000069047580	하루견과	nad-a001-02-000000541753959	bsn-a001-00-000000013604308	22	18	8753	M	1	0	0	2	0
20260906	4291318	cmp-a001-02-000000010764328	grp-a001-02-000000069047580	갓	nad-a001-02-000000541753999	bsn-a001-00-000000013604308	22	02	27758	P	1	0	0	1	0
20260906	4291318	cmp-a001-02-000000010764328	grp-a001-02-000000069047580	사랑	nad-a001-02-000000553654559	bsn-a001-00-000000013604308	22	18	98128	M	1	0	0	5	0
20260906	4291318	cmp-a001-02-000000010764328	grp-a001-02-000000069047580	분말가루	nad-a001-02-000000541754004	bsn-a001-00-000000013604308	22	00	8753	M	1	0	0	3	0
20260906	4291318	cmp-a001-02-000000010764328	grp-a001-02-000000069047580	동결건조새싹브로콜리분말	nad-a001-02-000000541754004	bsn-a001-00-000000013604308	22	10	341898	M	2	0	0	2	0
20260906	4291318	cmp-a001-02-000000010764328	grp-a001-02-000000069047580	하루견과	nad-a001-02-000000541753999	bsn-a001-00-000000013604308	22	11	8753	M	1	0	0	1	0
20260906	4291318	cmp-a001-02-000000010764328	grp-a001-02-000000069047580	호두없는요거트견과류	nad-a001-02-000000541753960	bsn-a001-00-000000013604308	22	07	341898	M	1	0	0	1	0
20260906	4291318	cmp-a001-02-000000010764328	grp-a001-02-000000072573876	추석선물세트	nad-a001-02-000000573683834	bsn-a001-00-000000013604308	22	18	684926	M	1	0	0	13	0
20260906	4291318	cmp-a001-02-000000010764328	grp-a001-02-000000069047580	에너지바	nad-a001-02-000000553654554	bsn-a001-00-000000013604308	22	06	8753	M	1	0	0	2	0
20260906	4291318	cmp-a001-02-000000010764328	grp-a001-02-000000072573876	명절선물	nad-a001-02-000000573683834	bsn-a001-00-000000013604308	22	09	529514	M	3	0	0	25	0
20260906	4291318	cmp-a001-02-000000010764328	grp-a001-02-000000072573876	추석선물세트	nad-a001-02-000000573683834	bsn-a001-00-000000013604308	22	02	33421	M	1	0	0	8	0
20260906	4291318	cmp-a001-02-000000010764328	grp-a001-02-000000069047580	하루견과	nad-a001-02-000000541753999	bsn-a001-00-000000013604308	22	02	529514	M	7	0	0	11	0
20260906	4291318	cmp-a001-02-000000010764328	grp-a001-02-000000069047580	프로틴바	nad-a001-02-000000553654559	bsn-a001-00-000000013604308	22	10	529514	M	3	0	0	9	0
20260906	4291318	cmp-a001-02-000000010764328	grp-a001-02-000000069047580	견과류	nad-a001-02-000000541753960	bsn-a001-00-000000013604308	22	14	529514	M	5	0	0	10	0
20260906	4291318	cmp-a001-02-000000010764328	grp-a001-02-000000069047580	프로틴	nad-a001-02-000000553654562	bsn-a001-00-000000013604308	22	18	768323	M	6	0	0	12	0
20260906	4291318	cmp-a001-02-000000010764328	grp-a001-02-000000072573876	명절선물	nad-a001-02-000000573683834	bsn-a001-00-000000013604308	22	13	529514	M	4	0	0	34	0
20260906	4291318	cmp-a001-02-000000010764328	grp-a001-02-000000069047580	마시는하루견과3	nad-a001-02-000000541753960	bsn-a001-00-000000013604308	22	02	11068	P	6	0	0	12	0
20260906	4291318	cmp-a001-02-000000010764328	grp-a001-02-000000069047580	다이어트쉐이크	nad-a001-02-000000553654562	bsn-a001-00-000000013604308	22	15	768323	M	2	0	0	3	0
20260906	4291318	cmp-a001-02-000000010764328	grp-a001-02-000000069047580	단백질쉐이크	nad-a001-02-000000553654562	bsn-a001-00-000000013604308	22	09	529514	M	190	0	0	190	0
20260906	4291318	cmp-a001-02-000000010764328	grp-a001-02-000000072573876	명절선물	nad-a001-02-000000573683834	bsn-a001-00-000000013604308	22	02	529514	M	9	0	0	75	0
20260906	4291318	cmp-a001-02-000000010764328	grp-a001-02-000000072573876	추석선물세트	nad-a001-02-000000573683835	bsn-a001-00-000000013604308	22	02	11068	P	2	0	0	4	0
20260906	4291318	cmp-a001-02-000000010764328	grp-a001-02-000000069047580	칼로리바	nad-a001-02-000000553654558	bsn-a001-00-000000013604308	22	09	8753	M	1	0	0	2	0
20260906	4291318	cmp-a001-02-000000010764328	grp-a001-02-000000069047580	견과세트	nad-a001-02-000000541753959	bsn-a001-00-000000013604308	22	11	768323	M	3	0	0	3	0
20260906	4291318	cmp-a001-02-000000010764328	grp-a001-02-000000069047580	갓	nad-a001-02-000000541753999	bsn-a001-00-000000013604308	22	13	8753	M	2	0	0	2	0
20260906	4291318	cmp-a001-02-000000010764328	grp-a001-02-000000069047580	프로틴	nad-a001-02-000000553654562	bsn-a001-00-000000013604308	22	18	33421	M	1	0	0	10	0
20260906	4291318	cmp-a001-02-000000010764328	grp-a001-02-000000069047580	혼합견과류	nad-a001-02-000000541753999	bsn-a001-00-000000013604308	22	09	8753	M	1	0	0	1	0
20260906	4291318	cmp-a001-02-000000010764328	grp-a001-02-000000069047580	하루	nad-a001-02-000000541753999	bsn-a001-00-000000013604308	22	00	98128	M	2	0	0	2	0
20260906	4291318	cmp-a001-02-000000010764328	grp-a001-02-000000069047580	스토어	nad-a001-02-000000541753996	bsn-a001-00-000000013604308	22	02	87620	M	2	0	0	4	0
20260906	4291318	cmp-a001-02-000000010764328	grp-a001-02-000000069047580	하루견과	nad-a001-02-000000541753959	bsn-a001-00-000000013604308	22	02	8753	M	6	0	0	23	0
20260906	4291318	cmp-a001-02-000000010764328	grp-a001-02-000000069047580	스토어	nad-a001-02-000000541754004	bsn-a001-00-000000013604308	22	06	98128	M	4	0	0	4	0
20260906	4291318	cmp-a001-02-000000010764328	grp-a001-02-000000069047580	제리	nad-a001-02-000000541753985	bsn-a001-00-000000013604308	22	02	98128	M	2	0	0	2	0
20260906	4291318	cmp-a001-02-000000010764328	grp-a001-02-000000069047580	프로틴	nad-a001-02-000000553654562	bsn-a001-00-000000013604308	22	02	768323	M	24	0	0	36	0
20260906	4291318	cmp-a001-02-000000010764328	grp-a001-02-000000069047580	갓	nad-a001-02-000000541753999	bsn-a001-00-000000013604308	22	02	684924	M	3	0	0	3	0
20260906	4291318	cmp-a001-02-000000010764328	grp-a001-02-000000072573876	추석선물	nad-a001-02-000000573683835	bsn-a001-00-000000013604308	22	11	529514	M	3	0	0	33	0
20260906	4291318	cmp-a001-02-000000010764328	grp-a001-02-000000072573876	추석선물	nad-a001-02-000000573683834	bsn-a001-00-000000013604308	22	06	529514	M	7	0	0	83	0
20260906	4291318	cmp-a001-02-000000010764328	grp-a001-02-000000069047580	하루	nad-a001-02-000000541753999	bsn-a001-00-000000013604308	22	11	137281	M	9	0	0	18	0
20260906	4291318	cmp-a001-02-000000010764328	grp-a001-02-000000069047580	단백질쉐이크	nad-a001-02-000000553654562	bsn-a001-00-000000013604308	22	03	529514	M	6	0	0	6	0
20260906	4291318	cmp-a001-02-000000010764328	grp-a001-02-000000069047580	단백질바	nad-a001-02-000000553654558	bsn-a001-00-000000013604308	22	02	8753	M	3	0	0	18	0
20260906	4291318	cmp-a001-02-000000010764328	grp-a001-02-000000069047580	다이어트쉐이크	nad-a001-02-000000553654562	bsn-a001-00-000000013604308	22	04	768323	M	2	0	0	4	0
20260906	4291318	cmp-a001-02-000000010764328	grp-a001-02-000000069047580	하루견과	nad-a001-02-000000541753999	bsn-a001-00-000000013604308	22	03	684926	M	1	1	2750	1	0
20260906	4291318	cmp-a001-02-000000010764328	grp-a001-02-000000069047580	동결건조생식	nad-a001-02-000000541753988	bsn-a001-00-000000013604308	22	08	612594	M	1	0	0	6	0
20260906	4291318	cmp-a001-02-000000010764328	grp-a001-02-000000069047580	견과류	nad-a001-02-000000541753960	bsn-a001-00-000000013604308	22	13	8753	M	2	0	0	7	0
20260906	4291318	cmp-a001-02-000000010764328	grp-a001-02-000000069047580	단백질보충제	nad-a001-02-000000553654562	bsn-a001-00-000000013604308	22	15	684926	M	1	0	0	8	0
20260906	4291318	cmp-a001-02-000000010764328	grp-a001-02-000000072573876	특가상품	nad-a001-02-000000573683834	bsn-a001-00-000000013604308	22	18	529514	M	1	0	0	12	0
20260906	4291318	cmp-a001-02-000000010764328	grp-a001-02-000000069047580	하루만	nad-a001-02-000000541753999	bsn-a001-00-000000013604308	22	10	529514	M	2	0	0	3	0
20260906	4291318	cmp-a001-02-000000010764328	grp-a001-02-000000069047580	프로틴	nad-a001-02-000000553654562	bsn-a001-00-000000013604308	22	02	33421	M	1	0	0	7	0
20260906	4291318	cmp-a001-02-000000010764328	grp-a001-02-000000069047580	에너지바추천	nad-a001-02-000000553654558	bsn-a001-00-000000013604308	22	09	27758	P	1	0	0	3	0
20260906	4291318	cmp-a001-02-000000010764328	grp-a001-02-000000069047580	견과류	nad-a001-02-000000541753960	bsn-a001-00-000000013604308	22	11	529514	M	30	0	0	62	0
20260906	4291318	cmp-a001-02-000000010764328	grp-a001-02-000000069047580	프로틴	nad-a001-02-000000553654562	bsn-a001-00-000000013604308	22	11	529514	M	41	0	0	41	0
20260906	4291318	cmp-a001-02-000000010764328	grp-a001-02-000000069047580	스토어	nad-a001-02-000000541753996	bsn-a001-00-000000013604308	22	06	98128	M	2	0	0	4	0
20260906	4291318	cmp-a001-02-000000010764328	grp-a001-02-000000069047580	프로틴단백질	nad-a001-02-000000553654562	bsn-a001-00-000000013604308	22	02	529514	M	2	0	0	2	0
20260906	4291318	cmp-a001-02-000000010764328	grp-a001-02-000000069047580	견과류	nad-a001-02-000000541753960	bsn-a001-00-000000013604308	22	07	529514	M	11	1	2114	22	0
20260906	4291318	cmp-a001-02-000000010764328	grp-a001-02-000000069047580	단백질쉐이크	nad-a001-02-000000553654562	bsn-a001-00-000000013604308	22	08	98128	M	8	0	0	8	0
20260906	4291318	cmp-a001-02-000000010764328	grp-a001-02-000000069047580	프로틴바	nad-a001-02-000000553654554	bsn-a001-00-000000013604308	22	02	8753	M	1	0	0	4	0
20260906	4291318	cmp-a001-02-000000010764328	grp-a001-02-000000072573876	추석선물세트	nad-a001-02-000000573683835	bsn-a001-00-000000013604308	22	14	529514	M	2	0	0	15	0
20260906	4291318	cmp-a001-02-000000010764328	grp-a001-02-000000069047580	단백질보충제	nad-a001-02-000000553654562	bsn-a001-00-000000013604308	22	04	612593	P	1	0	0	1	0
20260906	4291318	cmp-a001-02-000000010764328	grp-a001-02-000000069047580	에너지바	nad-a001-02-000000553654554	bsn-a001-00-000000013604308	22	09	8753	M	1	0	0	3	0
20260906	4291318	cmp-a001-02-000000010764328	grp-a001-02-000000069047580	황성주생식	nad-a001-02-000000541753997	bsn-a001-00-000000013604308	22	17	8753	M	1	0	0	1	0
20260906	4291318	cmp-a001-02-000000010764328	grp-a001-02-000000069047580	하루	nad-a001-02-000000541753999	bsn-a001-00-000000013604308	22	09	98128	M	4	0	0	4	0
20260906	4291318	cmp-a001-02-000000010764328	grp-a001-02-000000069047580	견과류	nad-a001-02-000000541753999	bsn-a001-00-000000013604308	22	13	529514	M	12	0	0	12	0
20260906	4291318	cmp-a001-02-000000010764328	grp-a001-02-000000069047580	하루견과	nad-a001-02-000000541753960	bsn-a001-00-000000013604308	22	09	529514	M	16	0	0	47	0
20260906	4291318	cmp-a001-02-000000010764328	grp-a001-02-000000069047580	프로틴	nad-a001-02-000000553654562	bsn-a001-00-000000013604308	22	09	684927	P	2	0	0	20	0
20260906	4291318	cmp-a001-02-000000010764328	grp-a001-02-000000069047580	하루견과	nad-a001-02-000000541753960	bsn-a001-00-000000013604308	22	09	8753	M	7	0	0	24	0
20260906	4291318	cmp-a001-02-000000010764328	grp-a001-02-000000069047580	견과	nad-a001-02-000000541753959	bsn-a001-00-000000013604308	22	13	8753	M	1	0	0	4	0
20260906	4291318	cmp-a001-02-000000010764328	grp-a001-02-000000069047580	에너지바	nad-a001-02-000000553654558	bsn-a001-00-000000013604308	22	03	8753	M	1	0	0	5	0
20260906	4291318	cmp-a001-02-000000010764328	grp-a001-02-000000069047580	단백질간식추천	nad-a001-02-000000553654554	bsn-a001-00-000000013604308	22	02	8753	M	1	0	0	1	0
20260906	4291318	cmp-a001-02-000000010764328	grp-a001-02-000000069047580	칼로리바	nad-a001-02-000000553654559	bsn-a001-00-000000013604308	22	09	8753	M	1	0	0	3	0
20260906	4291318	cmp-a001-02-000000010764328	grp-a001-02-000000069047580	하루견과	nad-a001-02-000000541753959	bsn-a001-00-000000013604308	22	03	684926	M	1	0	0	3	0
20260906	4291318	cmp-a001-02-000000010764328	grp-a001-02-000000072573876	추석선물세트추천	nad-a001-02-000000573683834	bsn-a001-00-000000013604308	22	09	684926	M	2	0	0	20	0
20260906	4291318	cmp-a001-02-000000010764328	grp-a001-02-000000069047580	단백질바	nad-a001-02-000000553654554	bsn-a001-00-000000013604308	22	15	8753	M	2	0	0	4	0
20260906	4291318	cmp-a001-02-000000010764328	grp-a001-02-000000069047580	견과류	nad-a001-02-000000541753999	bsn-a001-00-000000013604308	22	10	529514	M	18	0	0	18	0
20260906	4291318	cmp-a001-02-000000010764328	grp-a001-02-000000069047580	프로틴	nad-a001-02-000000553654562	bsn-a001-00-000000013604308	22	10	768323	M	3	0	0	5	0
20260906	4291318	cmp-a001-02-000000010764328	grp-a001-02-000000069047580	견과류	nad-a001-02-000000541753999	bsn-a001-00-000000013604308	22	02	684926	M	5	0	0	14	0
20260906	4291318	cmp-a001-02-000000010764328	grp-a001-02-000000069047580	하루견과	nad-a001-02-000000541753960	bsn-a001-00-000000013604308	22	06	8753	M	1	0	0	4	0
20260906	4291318	cmp-a001-02-000000010764328	grp-a001-02-000000072573876	추석선물세트	nad-a001-02-000000573683835	bsn-a001-00-000000013604308	22	99	33421	M	1	0	0	1	0
20260906	4291318	cmp-a001-02-000000010764328	grp-a001-02-000000069047580	프로틴단백질	nad-a001-02-000000553654562	bsn-a001-00-000000013604308	22	16	612593	P	1	0	0	2	0
20260906	4291318	cmp-a001-02-000000010764328	grp-a001-02-000000069047580	단백질	nad-a001-02-000000553654562	bsn-a001-00-000000013604308	22	99	291244	M	1	0	0	1	0
20260906	4291318	cmp-a001-02-000000010764328	grp-a001-02-000000069047580	견과류추천	nad-a001-02-000000541753959	bsn-a001-00-000000013604308	22	00	612593	P	1	0	0	2	0
20260906	4291318	cmp-a001-02-000000010764328	grp-a001-02-000000069047580	우주식품동결건조	nad-a001-02-000000541753997	bsn-a001-00-000000013604308	22	16	27758	P	1	0	0	2	0
20260906	4291318	cmp-a001-02-000000010764328	grp-a001-02-000000069047580	단백질프로틴	nad-a001-02-000000553654562	bsn-a001-00-000000013604308	22	02	529514	M	2	0	0	2	0
20260906	4291318	cmp-a001-02-000000010764328	grp-a001-02-000000069047580	단백질간식	nad-a001-02-000000553654558	bsn-a001-00-000000013604308	22	10	27758	P	1	0	0	2	0
20260906	4291318	cmp-a001-02-000000010764328	grp-a001-02-000000069047580	사랑이	nad-a001-02-000000553654558	bsn-a001-00-000000013604308	22	02	612594	M	1	0	0	4	0
20260906	4291318	cmp-a001-02-000000010764328	grp-a001-02-000000072573876	추석선물	nad-a001-02-000000573683835	bsn-a001-00-000000013604308	22	99	8753	M	2	0	0	10	0
20260906	4291318	cmp-a001-02-000000010764328	grp-a001-02-000000069047580	견과류세트	nad-a001-02-000000541753999	bsn-a001-00-000000013604308	22	11	8753	M	1	0	0	1	0
20260906	4291318	cmp-a001-02-000000010764328	grp-a001-02-000000069047580	단백질쉐이크	nad-a001-02-000000553654562	bsn-a001-00-000000013604308	22	04	684924	M	1	0	0	1	0
20260906	4291318	cmp-a001-02-000000010764328	grp-a001-02-000000069047580	견과류	nad-a001-02-000000541753999	bsn-a001-00-000000013604308	22	16	8753	M	1	0	0	1	0
20260906	4291318	cmp-a001-02-000000010764328	grp-a001-02-000000069047580	단백질간식	nad-a001-02-000000553654559	bsn-a001-00-000000013604308	22	11	98128	M	1	0	0	3	0
20260906	4291318	cmp-a001-02-000000010764328	grp-a001-02-000000069047580	단백질바	nad-a001-02-000000553654558	bsn-a001-00-000000013604308	22	03	33421	M	1	0	0	8	0
20260906	4291318	cmp-a001-02-000000010764328	grp-a001-02-000000069047580	견과류	nad-a001-02-000000541753959	bsn-a001-00-000000013604308	22	14	529514	M	5	0	0	15	0
20260906	4291318	cmp-a001-02-000000010764328	grp-a001-02-000000069047580	쉐이크	nad-a001-02-000000553654562	bsn-a001-00-000000013604308	22	99	529514	M	21	0	0	50	0
20260906	4291318	cmp-a001-02-000000010764328	grp-a001-02-000000069047580	프로틴이란	nad-a001-02-000000553654562	bsn-a001-00-000000013604308	22	99	612594	M	1	0	0	7	0
20260906	4291318	cmp-a001-02-000000010764328	grp-a001-02-000000069047580	황성주생식	nad-a001-02-000000541754004	bsn-a001-00-000000013604308	22	16	27758	P	1	0	0	1	0
20260906	4291318	cmp-a001-02-000000010764328	grp-a001-02-000000069047580	견과류	nad-a001-02-000000541753999	bsn-a001-00-000000013604308	22	99	529514	M	74	0	0	75	0
20260906	4291318	cmp-a001-02-000000010764328	grp-a001-02-000000069047580	사탕젤리	nad-a001-02-000000541753985	bsn-a001-00-000000013604308	22	03	87620	M	1	0	0	1	0
20260906	4291318	cmp-a001-02-000000010764328	grp-a001-02-000000072573876	추석선물	nad-a001-02-000000573683835	bsn-a001-00-000000013604308	22	03	529514	M	18	0	0	198	0
20260906	4291318	cmp-a001-02-000000010764328	grp-a001-02-000000069047580	견과세트	nad-a001-02-000000541753960	bsn-a001-00-000000013604308	22	02	768323	M	5	0	0	15	0
20260906	4291318	cmp-a001-02-000000010764328	grp-a001-02-000000069047580	젤리	nad-a001-02-000000541753985	bsn-a001-00-000000013604308	22	06	768323	M	1	0	0	1	0
20260906	4291318	cmp-a001-02-000000010764328	grp-a001-02-000000069047580	하루견과	nad-a001-02-000000541753960	bsn-a001-00-000000013604308	22	16	8753	M	2	0	0	8	0
20260906	4291318	cmp-a001-02-000000010764328	grp-a001-02-000000069047580	에너지바	nad-a001-02-000000553654554	bsn-a001-00-000000013604308	22	11	87620	M	1	0	0	1	0
20260906	4291318	cmp-a001-02-000000010764328	grp-a001-02-000000069047580	보충제	nad-a001-02-000000553654562	bsn-a001-00-000000013604308	22	01	98128	M	2	0	0	3	0
20260906	4291318	cmp-a001-02-000000010764328	grp-a001-02-000000069047580	단백질쉐이크	nad-a001-02-000000553654562	bsn-a001-00-000000013604308	22	18	529514	M	96	0	0	96	0
20260906	4291318	cmp-a001-02-000000010764328	grp-a001-02-000000069047580	황성주생식라이프밀	nad-a001-02-000000541754004	bsn-a001-00-000000013604308	22	02	11068	P	3	0	0	9	0
20260906	4291318	cmp-a001-02-000000010764328	grp-a001-02-000000069047580	단백질	nad-a001-02-000000553654562	bsn-a001-00-000000013604308	22	07	529514	M	1	0	0	3	0
20260906	4291318	cmp-a001-02-000000010764328	grp-a001-02-000000072573876	추석선물세트추천	nad-a001-02-000000573683834	bsn-a001-00-000000013604308	22	02	8753	M	1	0	0	3	0
20260906	4291318	cmp-a001-02-000000010764328	grp-a001-02-000000069047580	견과류	nad-a001-02-000000541753959	bsn-a001-00-000000013604308	22	16	529514	M	20	0	0	60	0
20260906	4291318	cmp-a001-02-000000010764328	grp-a001-02-000000069047580	프로틴바	nad-a001-02-000000553654558	bsn-a001-00-000000013604308	22	09	529514	M	31	0	0	54	0
20260906	4291318	cmp-a001-02-000000010764328	grp-a001-02-000000069047580	프로틴	nad-a001-02-000000553654562	bsn-a001-00-000000013604308	22	99	612594	M	1	0	0	4	0
20260906	4291318	cmp-a001-02-000000010764328	grp-a001-02-000000069047580	스토어	nad-a001-02-000000541754004	bsn-a001-00-000000013604308	22	11	335738	P	1	0	0	1	0
20260906	4291318	cmp-a001-02-000000010764328	grp-a001-02-000000069047580	프로틴바	nad-a001-02-000000553654558	bsn-a001-00-000000013604308	22	15	529514	M	2	0	0	4	0
20260906	4291318	cmp-a001-02-000000010764328	grp-a001-02-000000069047580	프로틴	nad-a001-02-000000553654562	bsn-a001-00-000000013604308	22	08	529514	M	25	0	0	25	0
20260906	4291318	cmp-a001-02-000000010764328	grp-a001-02-000000069047580	단백질보충제	nad-a001-02-000000553654562	bsn-a001-00-000000013604308	22	09	529514	M	18	0	0	44	0
20260906	4291318	cmp-a001-02-000000010764328	grp-a001-02-000000069047580	프로틴바	nad-a001-02-000000553654558	bsn-a001-00-000000013604308	22	02	8753	M	1	0	0	5	0
20260906	4291318	cmp-a001-02-000000010764328	grp-a001-02-000000069047580	하루견과	nad-a001-02-000000541753960	bsn-a001-00-000000013604308	22	01	8753	M	2	0	0	7	0
20260906	4291318	cmp-a001-02-000000010764328	grp-a001-02-000000069047580	견과류	nad-a001-02-000000541753960	bsn-a001-00-000000013604308	22	07	8753	M	2	0	0	7	0
20260906	4291318	cmp-a001-02-000000010764328	grp-a001-02-000000069047580	견과류추천	nad-a001-02-000000541753999	bsn-a001-00-000000013604308	22	09	8753	M	1	0	0	2	0
20260906	4291318	cmp-a001-02-000000010764328	grp-a001-02-000000069047580	하루견과	nad-a001-02-000000541753960	bsn-a001-00-000000013604308	22	01	23123	P	1	0	0	3	0
20260906	4291318	cmp-a001-02-000000010764328	grp-a001-02-000000069047580	단백질간식	nad-a001-02-000000553654558	bsn-a001-00-000000013604308	22	15	33421	M	2	0	0	7	0
20260906	4291318	cmp-a001-02-000000010764328	grp-a001-02-000000069047580	견과류추천	nad-a001-02-000000541753959	bsn-a001-00-000000013604308	22	09	8753	M	1	0	0	3	0
20260906	4291318	cmp-a001-02-000000010764328	grp-a001-02-000000072573876	명절선물	nad-a001-02-000000573683835	bsn-a001-00-000000013604308	22	08	33421	M	1	0	0	5	0
20260906	4291318	cmp-a001-02-000000010764328	grp-a001-02-000000069047580	하루견과	nad-a001-02-000000541753999	bsn-a001-00-000000013604308	22	09	33421	M	1	0	0	1	0
20260906	4291318	cmp-a001-02-000000010764328	grp-a001-02-000000069047580	견과류	nad-a001-02-000000541753960	bsn-a001-00-000000013604308	22	17	529514	M	1	0	0	2	0
20260906	4291318	cmp-a001-02-000000010764328	grp-a001-02-000000072573876	추석선물세트추천	nad-a001-02-000000573683834	bsn-a001-00-000000013604308	22	10	8753	M	1	0	0	3	0
20260906	4291318	cmp-a001-02-000000010764328	grp-a001-02-000000072573876	추석선물	nad-a001-02-000000573683834	bsn-a001-00-000000013604308	22	02	8753	M	1	0	0	6	0
20260906	4291318	cmp-a001-02-000000010764328	grp-a001-02-000000069047580	사랑하라	nad-a001-02-000000553654558	bsn-a001-00-000000013604308	22	07	98128	M	1	0	0	3	0
20260906	4291318	cmp-a001-02-000000010764328	grp-a001-02-000000069047580	단백질보충제	nad-a001-02-000000553654562	bsn-a001-00-000000013604308	22	09	612594	M	1	0	0	5	0
20260906	4291318	cmp-a001-02-000000010764328	grp-a001-02-000000069047580	가루는	nad-a001-02-000000541754004	bsn-a001-00-000000013604308	22	00	609155	M	1	0	0	2	0
20260906	4291318	cmp-a001-02-000000010764328	grp-a001-02-000000069047580	하루	nad-a001-02-000000541753959	bsn-a001-00-000000013604308	22	09	612594	M	1	0	0	2	0
20260906	4291318	cmp-a001-02-000000010764328	grp-a001-02-000000069047580	갓	nad-a001-02-000000541753960	bsn-a001-00-000000013604308	22	01	8753	M	3	0	0	6	0
20260906	4291318	cmp-a001-02-000000010764328	grp-a001-02-000000069047580	견과류	nad-a001-02-000000541753960	bsn-a001-00-000000013604308	22	15	529514	M	12	0	0	24	0
20260906	4291318	cmp-a001-02-000000010764328	grp-a001-02-000000069047580	사랑	nad-a001-02-000000553654554	bsn-a001-00-000000013604308	22	11	98128	M	1	0	0	2	0
20260906	4291318	cmp-a001-02-000000010764328	grp-a001-02-000000069047580	프로틴바	nad-a001-02-000000553654558	bsn-a001-00-000000013604308	22	10	529514	M	3	0	0	6	0
20260906	4291318	cmp-a001-02-000000010764328	grp-a001-02-000000069047580	건조된차가버섯보관방법	nad-a001-02-000000541754004	bsn-a001-00-000000013604308	22	02	27758	P	1	0	0	1	0
20260906	4291318	cmp-a001-02-000000010764328	grp-a001-02-000000069047580	컬러푸드	nad-a001-02-000000541753960	bsn-a001-00-000000013604308	22	02	341898	M	1	0	0	2	0
20260906	4291318	cmp-a001-02-000000010764328	grp-a001-02-000000069047580	프로틴바	nad-a001-02-000000553654558	bsn-a001-00-000000013604308	22	07	87620	M	1	0	0	2	0
20260906	4291318	cmp-a001-02-000000010764328	grp-a001-02-000000069047580	프로틴쉐이크	nad-a001-02-000000553654562	bsn-a001-00-000000013604308	22	03	529514	M	2	0	0	2	0
20260906	4291318	cmp-a001-02-000000010764328	grp-a001-02-000000069047580	갓	nad-a001-02-000000541753960	bsn-a001-00-000000013604308	22	02	529514	M	13	0	0	41	0
20260906	4291318	cmp-a001-02-000000010764328	grp-a001-02-000000072573876	명절선물	nad-a001-02-000000573683834	bsn-a001-00-000000013604308	22	17	529514	M	1	0	0	9	0
20260906	4291318	cmp-a001-02-000000010764328	grp-a001-02-000000069047580	황성주생식	nad-a001-02-000000541754005	bsn-a001-00-000000013604308	22	02	11068	P	3	0	0	12	0
20260906	4291318	cmp-a001-02-000000010764328	grp-a001-02-000000072573876	추석선물세트	nad-a001-02-000000573683835	bsn-a001-00-000000013604308	22	11	529514	M	14	0	0	93	0
20260906	4291318	cmp-a001-02-000000010764328	grp-a001-02-000000069047580	하루견과	nad-a001-02-000000541753960	bsn-a001-00-000000013604308	22	17	529514	M	8	0	0	23	0
20260906	4291318	cmp-a001-02-000000010764328	grp-a001-02-000000072573876	추석선물세트	nad-a001-02-000000573683834	bsn-a001-00-000000013604308	22	07	529514	M	4	0	0	24	0
20260906	4291318	cmp-a001-02-000000010764328	grp-a001-02-000000069047580	견과세트	nad-a001-02-000000541753960	bsn-a001-00-000000013604308	22	10	768323	M	1	0	0	3	0
20260906	4291318	cmp-a001-02-000000010764328	grp-a001-02-000000072573876	추석선물	nad-a001-02-000000573683835	bsn-a001-00-000000013604308	22	15	529514	M	9	0	0	99	0
20260906	4291318	cmp-a001-02-000000010764328	grp-a001-02-000000069047580	제리	nad-a001-02-000000541753985	bsn-a001-00-000000013604308	22	11	98128	M	2	0	0	2	0
20260906	4291318	cmp-a001-02-000000010764328	grp-a001-02-000000072573876	추석선물세트	nad-a001-02-000000573683834	bsn-a001-00-000000013604308	22	10	529514	M	6	0	0	36	0
20260906	4291318	cmp-a001-02-000000010764328	grp-a001-02-000000069047580	스토어	nad-a001-02-000000541754004	bsn-a001-00-000000013604308	22	18	98128	M	6	0	0	6	0
20260906	4291318	cmp-a001-02-000000010764328	grp-a001-02-000000072573876	명절선물	nad-a001-02-000000573683834	bsn-a001-00-000000013604308	22	08	33421	M	1	0	0	3	0
20260906	4291318	cmp-a001-02-000000010764328	grp-a001-02-000000069047580	황성주생식라이프밀	nad-a001-02-000000541753996	bsn-a001-00-000000013604308	22	02	11068	P	3	0	0	6	0
20260906	4291318	cmp-a001-02-000000010764328	grp-a001-02-000000069047580	하루견과	nad-a001-02-000000541753999	bsn-a001-00-000000013604308	22	06	8753	M	1	0	0	2	0
20260906	4291318	cmp-a001-02-000000010764328	grp-a001-02-000000069047580	젤리	nad-a001-02-000000541753985	bsn-a001-00-000000013604308	22	11	137281	M	15	0	0	15	0
20260906	4291318	cmp-a001-02-000000010764328	grp-a001-02-000000072573876	추석선물추천	nad-a001-02-000000573683834	bsn-a001-00-000000013604308	22	02	8753	M	1	0	0	8	0
20260906	4291318	cmp-a001-02-000000010764328	grp-a001-02-000000069047580	쉐이크	nad-a001-02-000000553654562	bsn-a001-00-000000013604308	22	13	529514	M	7	0	0	17	0
20260906	4291318	cmp-a001-02-000000010764328	grp-a001-02-000000069047580	프로틴바	nad-a001-02-000000553654559	bsn-a001-00-000000013604308	22	03	87620	M	3	0	0	10	0
20260906	4291318	cmp-a001-02-000000010764328	grp-a001-02-000000072573876	추석선물	nad-a001-02-000000573683834	bsn-a001-00-000000013604308	22	04	529514	M	6	0	0	67	0
20260906	4291318	cmp-a001-02-000000010764328	grp-a001-02-000000072573876	추석선물	nad-a001-02-000000573683835	bsn-a001-00-000000013604308	22	13	529514	M	2	0	0	22	0
20260906	4291318	cmp-a001-02-000000010764328	grp-a001-02-000000069047580	견과류	nad-a001-02-000000541753960	bsn-a001-00-000000013604308	22	08	529514	M	26	0	0	52	0
20260906	4291318	cmp-a001-02-000000010764328	grp-a001-02-000000069047580	하루견과	nad-a001-02-000000541753960	bsn-a001-00-000000013604308	22	02	341898	M	1	0	0	1	0
20260906	4291318	cmp-a001-02-000000010764328	grp-a001-02-000000072573876	추석선물세트	nad-a001-02-000000573683834	bsn-a001-00-000000013604308	22	99	33421	M	1	0	0	7	0
20260906	4291318	cmp-a001-02-000000010764328	grp-a001-02-000000069047580	원이	nad-a001-02-000000541753999	bsn-a001-00-000000013604308	22	09	529514	M	13	0	0	25	0
20260906	4291318	cmp-a001-02-000000010764328	grp-a001-02-000000069047580	황성주생식	nad-a001-02-000000541753996	bsn-a001-00-000000013604308	22	02	8753	M	4	0	0	10	0
20260906	4291318	cmp-a001-02-000000010764328	grp-a001-02-000000069047580	견과류	nad-a001-02-000000541753960	bsn-a001-00-000000013604308	22	03	8753	M	3	0	0	12	0
20260906	4291318	cmp-a001-02-000000010764328	grp-a001-02-000000069047580	황성주생식	nad-a001-02-000000541754005	bsn-a001-00-000000013604308	22	09	529514	M	1	0	0	3	0
20260906	4291318	cmp-a001-02-000000010764328	grp-a001-02-000000072573876	추석선물세트	nad-a001-02-000000573683835	bsn-a001-00-000000013604308	22	13	8753	M	2	0	0	9	0
20260906	4291318	cmp-a001-02-000000010764328	grp-a001-02-000000072573876	명절선물	nad-a001-02-000000573683835	bsn-a001-00-000000013604308	22	99	529514	M	2	0	0	16	0
20260906	4291318	cmp-a001-02-000000010764328	grp-a001-02-000000069047580	견과류	nad-a001-02-000000541753959	bsn-a001-00-000000013604308	22	06	8753	M	1	0	0	3	0
20260906	4291318	cmp-a001-02-000000010764328	grp-a001-02-000000069047580	단백질쉐이크	nad-a001-02-000000553654562	bsn-a001-00-000000013604308	22	11	529514	M	5	0	0	5	0
20260906	4291318	cmp-a001-02-000000010764328	grp-a001-02-000000069047580	프로틴	nad-a001-02-000000553654562	bsn-a001-00-000000013604308	22	06	341898	M	1	0	0	1	0
20260906	4291318	cmp-a001-02-000000010764328	grp-a001-02-000000072573876	추석선물세트	nad-a001-02-000000573683835	bsn-a001-00-000000013604308	22	15	33421	M	2	0	0	8	0
20260906	4291318	cmp-a001-02-000000010764328	grp-a001-02-000000069047580	견과류	nad-a001-02-000000541753959	bsn-a001-00-000000013604308	22	09	8753	M	7	0	0	22	0
20260906	4291318	cmp-a001-02-000000010764328	grp-a001-02-000000069047580	견과류추천	nad-a001-02-000000541753959	bsn-a001-00-000000013604308	22	15	8753	M	1	0	0	3	0
20260906	4291318	cmp-a001-02-000000010764328	grp-a001-02-000000072573876	추석선물	nad-a001-02-000000573683834	bsn-a001-00-000000013604308	22	08	529514	M	9	0	0	104	0
20260906	4291318	cmp-a001-02-000000010764328	grp-a001-02-000000072573876	추석선물세트	nad-a001-02-000000573683834	bsn-a001-00-000000013604308	22	09	33421	M	1	0	0	3	0
20260906	4291318	cmp-a001-02-000000010764328	grp-a001-02-000000069047580	견과	nad-a001-02-000000541753999	bsn-a001-00-000000013604308	22	02	8753	M	2	0	0	4	0
20260906	4291318	cmp-a001-02-000000010764328	grp-a001-02-000000069047580	프로틴바	nad-a001-02-000000553654559	bsn-a001-00-000000013604308	22	09	98128	M	1	0	0	9	0
20260906	4291318	cmp-a001-02-000000010764328	grp-a001-02-000000072573876	추석선물	nad-a001-02-000000573683835	bsn-a001-00-000000013604308	22	16	529514	M	3	0	0	33	0
20260906	4291318	cmp-a001-02-000000010764328	grp-a001-02-000000069047580	견과류추천	nad-a001-02-000000541753959	bsn-a001-00-000000013604308	22	02	684924	M	1	0	0	2	0
20260906	4291318	cmp-a001-02-000000010764328	grp-a001-02-000000069047580	칼로리바	nad-a001-02-000000553654554	bsn-a001-00-000000013604308	22	09	8753	M	1	0	0	1	0
20260906	4291318	cmp-a001-02-000000010764328	grp-a001-02-000000069047580	하루견과	nad-a001-02-000000541753959	bsn-a001-00-000000013604308	22	01	8753	M	2	0	0	7	0
20260906	4291318	cmp-a001-02-000000010764328	grp-a001-02-000000069047580	단백질파우더추천	nad-a001-02-000000553654562	bsn-a001-00-000000013604308	22	04	684924	M	1	0	0	1	0
20260906	4291318	cmp-a001-02-000000010764328	grp-a001-02-000000069047580	견과세트	nad-a001-02-000000541753999	bsn-a001-00-000000013604308	22	09	768323	M	1	0	0	2	0
20260906	4291318	cmp-a001-02-000000010764328	grp-a001-02-000000069047580	네이버스토어	nad-a001-02-000000541753996	bsn-a001-00-000000013604308	22	09	612594	M	1	0	0	7	0
20260906	4291318	cmp-a001-02-000000010764328	grp-a001-02-000000072573876	추석선물세트	nad-a001-02-000000573683835	bsn-a001-00-000000013604308	22	11	684926	M	2	0	0	10	0
20260906	4291318	cmp-a001-02-000000010764328	grp-a001-02-000000069047580	단백질바	nad-a001-02-000000553654554	bsn-a001-00-000000013604308	22	02	8753	M	3	0	0	15	0
20260906	4291318	cmp-a001-02-000000010764328	grp-a001-02-000000069047580	견과류	nad-a001-02-000000541753960	bsn-a001-00-000000013604308	22	18	529514	M	29	0	0	59	0
20260906	4291318	cmp-a001-02-000000010764328	grp-a001-02-000000069047580	단백질	nad-a001-02-000000553654562	bsn-a001-00-000000013604308	22	15	27758	P	1	0	0	2	0
20260906	4291318	cmp-a001-02-000000010764328	grp-a001-02-000000069047580	에너지바	nad-a001-02-000000553654559	bsn-a001-00-000000013604308	22	03	87620	M	4	0	0	12	0
20260906	4291318	cmp-a001-02-000000010764328	grp-a001-02-000000069047580	순수다움100봉	nad-a001-02-000000541753959	bsn-a001-00-000000013604308	22	02	341898	M	1	0	0	1	0
20260906	4291318	cmp-a001-02-000000010764328	grp-a001-02-000000069047580	프로틴바	nad-a001-02-000000553654554	bsn-a001-00-000000013604308	22	04	529514	M	2	0	0	2	0
20260906	4291318	cmp-a001-02-000000010764328	grp-a001-02-000000069047580	견과류	nad-a001-02-000000541753960	bsn-a001-00-000000013604308	22	02	633013	M	8	0	0	16	0
20260906	4291318	cmp-a001-02-000000010764328	grp-a001-02-000000069047580	하루	nad-a001-02-000000541753999	bsn-a001-00-000000013604308	22	06	137281	M	10	0	0	20	0
20260906	4291318	cmp-a001-02-000000010764328	grp-a001-02-000000069047580	하루	nad-a001-02-000000541753999	bsn-a001-00-000000013604308	22	07	137281	M	1	0	0	2	0
20260906	4291318	cmp-a001-02-000000010764328	grp-a001-02-000000072573876	추석선물세트	nad-a001-02-000000573683835	bsn-a001-00-000000013604308	22	02	684926	M	4	0	0	14	0
20260906	4291318	cmp-a001-02-000000010764328	grp-a001-02-000000069047580	쉐이크	nad-a001-02-000000553654562	bsn-a001-00-000000013604308	22	07	98128	M	6	0	0	6	0
20260906	4291318	cmp-a001-02-000000010764328	grp-a001-02-000000069047580	프로틴바	nad-a001-02-000000553654554	bsn-a001-00-000000013604308	22	03	87620	M	3	0	0	3	0
20260906	4291318	cmp-a001-02-000000010764328	grp-a001-02-000000069047580	단백질바	nad-a001-02-000000553654558	bsn-a001-00-000000013604308	22	02	529514	M	8	0	0	16	0
20260906	4291318	cmp-a001-02-000000010764328	grp-a001-02-000000069047580	다이어트쉐이크	nad-a001-02-000000553654562	bsn-a001-00-000000013604308	22	09	768323	M	1	0	0	2	0
20260906	4291318	cmp-a001-02-000000010764328	grp-a001-02-000000069047580	프로틴	nad-a001-02-000000553654562	bsn-a001-00-000000013604308	22	09	98128	M	2	0	0	2	0
20260906	4291318	cmp-a001-02-000000010764328	grp-a001-02-000000072573876	추석선물세트	nad-a001-02-000000573683834	bsn-a001-00-000000013604308	22	13	684926	M	1	0	0	6	0
20260906	4291318	cmp-a001-02-000000010764328	grp-a001-02-000000069047580	견과류	nad-a001-02-000000541753960	bsn-a001-00-000000013604308	22	01	529514	M	15	0	0	32	0
20260906	4291318	cmp-a001-02-000000010764328	grp-a001-02-000000069047580	갓	nad-a001-02-000000541753999	bsn-a001-00-000000013604308	22	08	8753	M	1	0	0	1	0
20260906	4291318	cmp-a001-02-000000010764328	grp-a001-02-000000069047580	견과류	nad-a001-02-000000541753999	bsn-a001-00-000000013604308	22	03	8753	M	3	0	0	6	0
20260906	4291318	cmp-a001-02-000000010764328	grp-a001-02-000000069047580	단백질바	nad-a001-02-000000553654558	bsn-a001-00-000000013604308	22	03	8753	M	1	0	0	6	0
20260906	4291318	cmp-a001-02-000000010764328	grp-a001-02-000000069047580	단백질쉐이크	nad-a001-02-000000553654562	bsn-a001-00-000000013604308	22	03	98128	M	2	0	0	2	0
20260906	4291318	cmp-a001-02-000000010764328	grp-a001-02-000000069047580	단백질바	nad-a001-02-000000553654554	bsn-a001-00-000000013604308	22	03	33421	M	1	0	0	4	0
20260906	4291318	cmp-a001-02-000000010764328	grp-a001-02-000000069047580	사무실단백질간식	nad-a001-02-000000553654558	bsn-a001-00-000000013604308	22	17	8753	M	1	0	0	2	0
20260906	4291318	cmp-a001-02-000000010764328	grp-a001-02-000000069047580	갓	nad-a001-02-000000541753999	bsn-a001-00-000000013604308	22	01	684924	M	3	0	0	3	0
20260906	4291318	cmp-a001-02-000000010764328	grp-a001-02-000000069047580	하루견과	nad-a001-02-000000541753959	bsn-a001-00-000000013604308	22	99	529514	M	8	0	0	22	0
20260906	4291318	cmp-a001-02-000000010764328	grp-a001-02-000000069047580	우고래빗올웨이즈50봉	nad-a001-02-000000541753959	bsn-a001-00-000000013604308	22	16	341898	M	1	0	0	1	0
20260906	4291318	cmp-a001-02-000000010764328	grp-a001-02-000000069047580	하루견과	nad-a001-02-000000541753959	bsn-a001-00-000000013604308	22	01	33421	M	1	0	0	4	0
20260906	4291318	cmp-a001-02-000000010764328	grp-a001-02-000000069047580	넛앤베리믹스	nad-a001-02-000000541753959	bsn-a001-00-000000013604308	22	02	341898	M	1	0	0	1	0
20260906	4291318	cmp-a001-02-000000010764328	grp-a001-02-000000072573876	추석선물세트	nad-a001-02-000000573683835	bsn-a001-00-000000013604308	22	08	529514	M	11	0	0	73	0
20260906	4291318	cmp-a001-02-000000010764328	grp-a001-02-000000069047580	황성주생식	nad-a001-02-000000541753997	bsn-a001-00-000000013604308	22	02	8753	M	2	1	5497	2	0
20260906	4291318	cmp-a001-02-000000010764328	grp-a001-02-000000069047580	프로틴쉐이크	nad-a001-02-000000553654562	bsn-a001-00-000000013604308	22	18	529514	M	2	0	0	2	0
20260906	4291318	cmp-a001-02-000000010764328	grp-a001-02-000000069047580	동결건조생식	nad-a001-02-000000541754004	bsn-a001-00-000000013604308	22	08	612594	M	1	1	4982	2	0
20260906	4291318	cmp-a001-02-000000010764328	grp-a001-02-000000072573876	추석선물	nad-a001-02-000000573683835	bsn-a001-00-000000013604308	22	03	8753	M	2	0	0	8	0
20260906	4291318	cmp-a001-02-000000010764328	grp-a001-02-000000069047580	황성주생식	nad-a001-02-000000541754005	bsn-a001-00-000000013604308	22	16	8753	M	1	0	0	3	0
20260906	4291318	cmp-a001-02-000000010764328	grp-a001-02-000000069047580	프로틴	nad-a001-02-000000553654562	bsn-a001-00-000000013604308	22	03	768323	M	11	0	0	16	0
20260906	4291318	cmp-a001-02-000000010764328	grp-a001-02-000000069047580	젤리	nad-a001-02-000000541753985	bsn-a001-00-000000013604308	22	03	87620	M	1	0	0	1	0
20260906	4291318	cmp-a001-02-000000010764328	grp-a001-02-000000072573876	추석선물세트	nad-a001-02-000000573683834	bsn-a001-00-000000013604308	22	02	529514	M	90	0	0	550	0
20260906	4291318	cmp-a001-02-000000010764328	grp-a001-02-000000069047580	흑임자가루	nad-a001-02-000000541754005	bsn-a001-00-000000013604308	22	10	341898	M	2	0	0	2	0
20260906	4291318	cmp-a001-02-000000010764328	grp-a001-02-000000069047580	단백질바	nad-a001-02-000000553654558	bsn-a001-00-000000013604308	22	08	8753	M	1	0	0	6	0
20260906	4291318	cmp-a001-02-000000010764328	grp-a001-02-000000072573876	추석선물세트	nad-a001-02-000000573683834	bsn-a001-00-000000013604308	22	11	8753	M	1	0	0	4	0
20260906	4291318	cmp-a001-02-000000010764328	grp-a001-02-000000069047580	단백질바	nad-a001-02-000000553654558	bsn-a001-00-000000013604308	22	09	8753	M	2	0	0	12	0
20260906	4291318	cmp-a001-02-000000010764328	grp-a001-02-000000069047580	하루만	nad-a001-02-000000541753960	bsn-a001-00-000000013604308	22	09	529514	M	2	0	0	6	0
20260906	4291318	cmp-a001-02-000000010764328	grp-a001-02-000000072573876	추석선물세트	nad-a001-02-000000573683834	bsn-a001-00-000000013604308	22	06	529514	M	9	0	0	66	0
20260906	4291318	cmp-a001-02-000000010764328	grp-a001-02-000000069047580	하루+견과류+추천	nad-a001-02-000000541753960	bsn-a001-00-000000013604308	22	00	805759	P	1	0	0	3	0
20260906	4291318	cmp-a001-02-000000010764328	grp-a001-02-000000069047580	견과류세트	nad-a001-02-000000541753959	bsn-a001-00-000000013604308	22	11	8753	M	1	1	1931	3	0
20260906	4291318	cmp-a001-02-000000010764328	grp-a001-02-000000069047580	갓	nad-a001-02-000000541753999	bsn-a001-00-000000013604308	22	09	529514	M	8	0	0	14	0
20260906	4291318	cmp-a001-02-000000010764328	grp-a001-02-000000069047580	견과류세트	nad-a001-02-000000541753960	bsn-a001-00-000000013604308	22	02	529514	M	1	0	0	4	0
20260906	4291318	cmp-a001-02-000000010764328	grp-a001-02-000000069047580	견과류세트	nad-a001-02-000000541753960	bsn-a001-00-000000013604308	22	11	8753	M	1	0	0	2	0
20260906	4291318	cmp-a001-02-000000010764328	grp-a001-02-000000069047580	황성주생식	nad-a001-02-000000541754005	bsn-a001-00-000000013604308	22	02	8753	M	4	1	1790	14	0
20260906	4291318	cmp-a001-02-000000010764328	grp-a001-02-000000069047580	견과류세트	nad-a001-02-000000541753959	bsn-a001-00-000000013604308	22	02	529514	M	1	0	0	3	0
20260906	4291318	cmp-a001-02-000000010764328	grp-a001-02-000000069047580	에너지바	nad-a001-02-000000553654554	bsn-a001-00-000000013604308	22	03	8753	M	1	0	0	2	0
20260906	4291318	cmp-a001-02-000000010764328	grp-a001-02-000000072573876	추석선물세트	nad-a001-02-000000573683835	bsn-a001-00-000000013604308	22	03	33421	M	1	0	0	9	0
20260906	4291318	cmp-a001-02-000000010764328	grp-a001-02-000000072573876	명절선물	nad-a001-02-000000573683834	bsn-a001-00-000000013604308	22	16	529514	M	1	0	0	8	0
20260906	4291318	cmp-a001-02-000000010764328	grp-a001-02-000000072573876	추석선물세트	nad-a001-02-000000573683835	bsn-a001-00-000000013604308	22	11	33421	M	1	0	0	5	0
20260906	4291318	cmp-a001-02-000000010764328	grp-a001-02-000000069047580	프로틴쉐이크	nad-a001-02-000000553654562	bsn-a001-00-000000013604308	22	09	529514	M	14	0	0	14	0
20260906	4291318	cmp-a001-02-000000010764328	grp-a001-02-000000069047580	프로틴바	nad-a001-02-000000553654559	bsn-a001-00-000000013604308	22	02	529514	M	67	0	0	270	0
20260906	4291318	cmp-a001-02-000000010764328	grp-a001-02-000000069047580	하루견과	nad-a001-02-000000541753959	bsn-a001-00-000000013604308	22	15	8753	M	1	0	0	3	0
20260906	4291318	cmp-a001-02-000000010764328	grp-a001-02-000000069047580	황성주생식	nad-a001-02-000000541753997	bsn-a001-00-000000013604308	22	04	684925	P	1	0	0	1	0
20260906	4291318	cmp-a001-02-000000010764328	grp-a001-02-000000069047580	젤리	nad-a001-02-000000541753985	bsn-a001-00-000000013604308	22	15	529514	M	4	0	0	4	0
20260906	4291318	cmp-a001-02-000000010764328	grp-a001-02-000000069047580	견과류	nad-a001-02-000000541753960	bsn-a001-00-000000013604308	22	13	529514	M	12	0	0	25	0
20260906	4291318	cmp-a001-02-000000010764328	grp-a001-02-000000069047580	갓	nad-a001-02-000000541753999	bsn-a001-00-000000013604308	22	18	612594	M	4	0	0	8	0
20260906	4291318	cmp-a001-02-000000010764328	grp-a001-02-000000069047580	갓	nad-a001-02-000000541753959	bsn-a001-00-000000013604308	22	02	27758	P	1	0	0	2	0
20260906	4291318	cmp-a001-02-000000010764328	grp-a001-02-000000069047580	도토리가루보관하는방법	nad-a001-02-000000541753996	bsn-a001-00-000000013604308	22	04	8753	M	1	0	0	2	0
20260906	4291318	cmp-a001-02-000000010764328	grp-a001-02-000000072573876	명절선물	nad-a001-02-000000573683834	bsn-a001-00-000000013604308	22	01	529514	M	2	0	0	18	0
20260906	4291318	cmp-a001-02-000000010764328	grp-a001-02-000000069047580	단백질바	nad-a001-02-000000553654554	bsn-a001-00-000000013604308	22	08	8753	M	2	0	0	8	0
20260906	4291318	cmp-a001-02-000000010764328	grp-a001-02-000000069047580	단백질간식	nad-a001-02-000000553654558	bsn-a001-00-000000013604308	22	10	684925	P	1	0	0	1	0
20260906	4291318	cmp-a001-02-000000010764328	grp-a001-02-000000069047580	단백질	nad-a001-02-000000553654562	bsn-a001-00-000000013604308	22	11	33421	M	2	0	0	10	0
20260906	4291318	cmp-a001-02-000000010764328	grp-a001-02-000000069047580	단백질쉐이크	nad-a001-02-000000553654562	bsn-a001-00-000000013604308	22	07	8753	M	3	0	0	24	0
20260906	4291318	cmp-a001-02-000000010764328	grp-a001-02-000000069047580	견과류	nad-a001-02-000000541753999	bsn-a001-00-000000013604308	22	10	684926	M	1	0	0	2	0
20260906	4291318	cmp-a001-02-000000010764328	grp-a001-02-000000069047580	견과류	nad-a001-02-000000541753999	bsn-a001-00-000000013604308	22	07	529514	M	11	0	0	11	0
20260906	4291318	cmp-a001-02-000000010764328	grp-a001-02-000000069047580	견과류세트	nad-a001-02-000000541753999	bsn-a001-00-000000013604308	22	06	8753	M	1	0	0	1	0
20260906	4291318	cmp-a001-02-000000010764328	grp-a001-02-000000069047580	초코에너지바	nad-a001-02-000000553654554	bsn-a001-00-000000013604308	22	99	684926	M	1	0	0	1	0
20260906	4291318	cmp-a001-02-000000010764328	grp-a001-02-000000069047580	원이	nad-a001-02-000000541753999	bsn-a001-00-000000013604308	22	02	98128	M	2	0	0	2	0
20260906	4291318	cmp-a001-02-000000010764328	grp-a001-02-000000069047580	갓	nad-a001-02-000000541753959	bsn-a001-00-000000013604308	22	02	8753	M	4	0	0	12	0
20260906	4291318	cmp-a001-02-000000010764328	grp-a001-02-000000069047580	단백질간식	nad-a001-02-000000553654554	bsn-a001-00-000000013604308	22	11	8753	M	1	0	0	1	0
20260906	4291318	cmp-a001-02-000000010764328	grp-a001-02-000000069047580	스토어	nad-a001-02-000000541753997	bsn-a001-00-000000013604308	22	11	335738	P	1	0	0	7	0
20260906	4291318	cmp-a001-02-000000010764328	grp-a001-02-000000069047580	견과류	nad-a001-02-000000541753959	bsn-a001-00-000000013604308	22	16	8753	M	1	0	0	2	0
20260906	4291318	cmp-a001-02-000000010764328	grp-a001-02-000000069047580	황성주생식	nad-a001-02-000000541754005	bsn-a001-00-000000013604308	22	04	27758	P	1	0	0	3	0
20260906	4291318	cmp-a001-02-000000010764328	grp-a001-02-000000069047580	에너지바	nad-a001-02-000000553654558	bsn-a001-00-000000013604308	22	18	8753	M	1	0	0	4	0
20260906	4291318	cmp-a001-02-000000010764328	grp-a001-02-000000069047580	견과류	nad-a001-02-000000541753999	bsn-a001-00-000000013604308	22	09	529514	M	192	0	0	199	0
20260906	4291318	cmp-a001-02-000000010764328	grp-a001-02-000000069047580	하루견과	nad-a001-02-000000541753960	bsn-a001-00-000000013604308	22	02	33421	M	2	0	0	6	0
20260906	4291318	cmp-a001-02-000000010764328	grp-a001-02-000000069047580	갓	nad-a001-02-000000541753959	bsn-a001-00-000000013604308	22	13	8753	M	2	0	0	6	0
20260906	4291318	cmp-a001-02-000000010764328	grp-a001-02-000000072573876	추석선물	nad-a001-02-000000573683834	bsn-a001-00-000000013604308	22	13	8753	M	1	0	0	6	0
20260906	4291318	cmp-a001-02-000000010764328	grp-a001-02-000000069047580	단백질보충제	nad-a001-02-000000553654562	bsn-a001-00-000000013604308	22	09	791888	M	1	0	0	1	0
20260906	4291318	cmp-a001-02-000000010764328	grp-a001-02-000000069047580	하루견과	nad-a001-02-000000541753999	bsn-a001-00-000000013604308	22	02	8753	M	6	0	0	11	0
20260906	4291318	cmp-a001-02-000000010764328	grp-a001-02-000000069047580	프로틴	nad-a001-02-000000553654562	bsn-a001-00-000000013604308	22	02	684926	M	1	0	0	19	0
20260906	4291318	cmp-a001-02-000000010764328	grp-a001-02-000000069047580	프로틴단백질	nad-a001-02-000000553654562	bsn-a001-00-000000013604308	22	04	529514	M	2	0	0	2	0
20260906	4291318	cmp-a001-02-000000010764328	grp-a001-02-000000069047580	하루만	nad-a001-02-000000541753960	bsn-a001-00-000000013604308	22	99	529514	M	2	0	0	6	0
20260906	4291318	cmp-a001-02-000000010764328	grp-a001-02-000000069047580	하루견과	nad-a001-02-000000541753960	bsn-a001-00-000000013604308	22	18	87620	M	5	0	0	10	0
20260906	4291318	cmp-a001-02-000000010764328	grp-a001-02-000000069047580	다이어트쉐이크	nad-a001-02-000000553654562	bsn-a001-00-000000013604308	22	03	768323	M	1	0	0	1	0
20260906	4291318	cmp-a001-02-000000010764328	grp-a001-02-000000069047580	에너지바	nad-a001-02-000000553654558	bsn-a001-00-000000013604308	22	09	8753	M	1	0	0	5	0
20260906	4291318	cmp-a001-02-000000010764328	grp-a001-02-000000072573876	추석선물세트	nad-a001-02-000000573683835	bsn-a001-00-000000013604308	22	01	33421	M	1	0	0	6	0
20260906	4291318	cmp-a001-02-000000010764328	grp-a001-02-000000069047580	에너지바	nad-a001-02-000000553654559	bsn-a001-00-000000013604308	22	11	87620	M	1	0	0	3	0
20260906	4291318	cmp-a001-02-000000010764328	grp-a001-02-000000069047580	하루견과	nad-a001-02-000000541753960	bsn-a001-00-000000013604308	22	03	341898	M	1	0	0	1	0
20260906	4291318	cmp-a001-02-000000010764328	grp-a001-02-000000069047580	제리	nad-a001-02-000000541753985	bsn-a001-00-000000013604308	22	09	137281	M	1	0	0	2	0
20260906	4291318	cmp-a001-02-000000010764328	grp-a001-02-000000069047580	프로틴쉐이크	nad-a001-02-000000553654562	bsn-a001-00-000000013604308	22	09	684926	M	1	0	0	8	0
20260906	4291318	cmp-a001-02-000000010764328	grp-a001-02-000000069047580	단백질프로틴	nad-a001-02-000000553654562	bsn-a001-00-000000013604308	22	09	612594	M	1	0	0	5	0
20260906	4291318	cmp-a001-02-000000010764328	grp-a001-02-000000069047580	추석선물세트추천	nad-a001-02-000000541753959	bsn-a001-00-000000013604308	22	02	341898	M	1	0	0	1	0
20260906	4291318	cmp-a001-02-000000010764328	grp-a001-02-000000072573876	추석선물	nad-a001-02-000000573683835	bsn-a001-00-000000013604308	22	09	8753	M	1	0	0	6	0
20260906	4291318	cmp-a001-02-000000010764328	grp-a001-02-000000069047580	하루견과	nad-a001-02-000000541753959	bsn-a001-00-000000013604308	22	03	33421	M	1	0	0	4	0
20260906	4291318	cmp-a001-02-000000010764328	grp-a001-02-000000069047580	견과류	nad-a001-02-000000541753959	bsn-a001-00-000000013604308	22	11	529514	M	30	0	0	86	0
20260906	4291318	cmp-a001-02-000000010764328	grp-a001-02-000000069047580	단백질	nad-a001-02-000000553654562	bsn-a001-00-000000013604308	22	09	529514	M	22	0	0	38	0
20260906	4291318	cmp-a001-02-000000010764328	grp-a001-02-000000069047580	황성주생식	nad-a001-02-000000541754004	bsn-a001-00-000000013604308	22	09	8753	M	1	0	0	2	0
20260906	4291318	cmp-a001-02-000000010764328	grp-a001-02-000000072573876	추석선물세트	nad-a001-02-000000573683835	bsn-a001-00-000000013604308	22	06	529514	M	12	0	0	86	0
20260906	4291318	cmp-a001-02-000000010764328	grp-a001-02-000000069047580	황성주생식	nad-a001-02-000000541753996	bsn-a001-00-000000013604308	22	16	27758	P	1	0	0	2	0
20260906	4291318	cmp-a001-02-000000010764328	grp-a001-02-000000069047580	커클랜드무염믹스넛	nad-a001-02-000000541753960	bsn-a001-00-000000013604308	22	01	556927	P	3	0	0	3	0
20260906	4291318	cmp-a001-02-000000010764328	grp-a001-02-000000069047580	제리	nad-a001-02-000000541753985	bsn-a001-00-000000013604308	22	08	8753	M	1	0	0	2	0
20260906	4291318	cmp-a001-02-000000010764328	grp-a001-02-000000069047580	견과류	nad-a001-02-000000541753999	bsn-a001-00-000000013604308	22	10	8753	M	4	0	0	8	0
20260906	4291318	cmp-a001-02-000000010764328	grp-a001-02-000000069047580	견과류	nad-a001-02-000000541753999	bsn-a001-00-000000013604308	22	07	33421	M	1	0	0	1	0
20260906	4291318	cmp-a001-02-000000010764328	grp-a001-02-000000072573876	추석선물세트	nad-a001-02-000000573683835	bsn-a001-00-000000013604308	22	06	8753	M	1	0	0	4	0
20260906	4291318	cmp-a001-02-000000010764328	grp-a001-02-000000069047580	프로틴	nad-a001-02-000000553654562	bsn-a001-00-000000013604308	22	09	8753	M	2	0	0	13	0
20260906	4291318	cmp-a001-02-000000010764328	grp-a001-02-000000069047580	생식가루	nad-a001-02-000000541753996	bsn-a001-00-000000013604308	22	16	8753	M	1	0	0	3	0
20260906	4291318	cmp-a001-02-000000010764328	grp-a001-02-000000069047580	견과류	nad-a001-02-000000541753960	bsn-a001-00-000000013604308	22	04	529514	M	28	0	0	58	0
20260906	4291318	cmp-a001-02-000000010764328	grp-a001-02-000000069047580	스토어	nad-a001-02-000000541754004	bsn-a001-00-000000013604308	22	11	98128	M	8	0	0	8	0
20260906	4291318	cmp-a001-02-000000010764328	grp-a001-02-000000072573876	추석선물세트	nad-a001-02-000000573683835	bsn-a001-00-000000013604308	22	08	791889	P	1	0	0	4	0
20260906	4291318	cmp-a001-02-000000010764328	grp-a001-02-000000069047580	사랑하라	nad-a001-02-000000553654554	bsn-a001-00-000000013604308	22	07	98128	M	1	0	0	2	0
20260906	4291318	cmp-a001-02-000000010764328	grp-a001-02-000000069047580	프로틴	nad-a001-02-000000553654562	bsn-a001-00-000000013604308	22	06	684924	M	1	0	0	1	0
20260906	4291318	cmp-a001-02-000000010764328	grp-a001-02-000000072573876	추석선물	nad-a001-02-000000573683834	bsn-a001-00-000000013604308	22	07	529514	M	1	0	0	12	0
20260906	4291318	cmp-a001-02-000000010764328	grp-a001-02-000000069047580	단백질간식	nad-a001-02-000000553654554	bsn-a001-00-000000013604308	22	18	8753	M	1	0	0	1	0
20260906	4291318	cmp-a001-02-000000010764328	grp-a001-02-000000072573876	추석선물	nad-a001-02-000000573683834	bsn-a001-00-000000013604308	22	09	8753	M	1	0	0	8	0
20260906	4291318	cmp-a001-02-000000010764328	grp-a001-02-000000069047580	견과세트	nad-a001-02-000000541753959	bsn-a001-00-000000013604308	22	16	768323	M	1	0	0	1	0
20260906	4291318	cmp-a001-02-000000010764328	grp-a001-02-000000069047580	하루견과	nad-a001-02-000000541753999	bsn-a001-00-000000013604308	22	99	529514	M	8	0	0	14	0
20260906	4291318	cmp-a001-02-000000010764328	grp-a001-02-000000072573876	특가상품	nad-a001-02-000000573683835	bsn-a001-00-000000013604308	22	18	529514	M	1	0	0	11	0
20260906	4291318	cmp-a001-02-000000010764328	grp-a001-02-000000069047580	견과류	nad-a001-02-000000541753959	bsn-a001-00-000000013604308	22	07	33421	M	1	0	0	4	0
20260906	4291318	cmp-a001-02-000000010764328	grp-a001-02-000000069047580	생식	nad-a001-02-000000541753997	bsn-a001-00-000000013604308	22	02	424040	M	1	0	0	1	0
20260906	4291318	cmp-a001-02-000000010764328	grp-a001-02-000000069047580	프로틴	nad-a001-02-000000553654562	bsn-a001-00-000000013604308	22	01	8753	M	1	0	0	6	0
20260906	4291318	cmp-a001-02-000000010764328	grp-a001-02-000000069047580	단백질보충제	nad-a001-02-000000553654562	bsn-a001-00-000000013604308	22	03	529514	M	2	0	0	6	0
20260906	4291318	cmp-a001-02-000000010764328	grp-a001-02-000000069047580	견과류	nad-a001-02-000000541753999	bsn-a001-00-000000013604308	22	02	8753	M	15	1	2298	29	0
20260906	4291318	cmp-a001-02-000000010764328	grp-a001-02-000000069047580	단백질간식	nad-a001-02-000000553654554	bsn-a001-00-000000013604308	22	15	33421	M	2	0	0	2	0
20260906	4291318	cmp-a001-02-000000010764328	grp-a001-02-000000069047580	단백질	nad-a001-02-000000553654562	bsn-a001-00-000000013604308	22	04	8753	M	1	0	0	5	0
20260906	4291318	cmp-a001-02-000000010764328	grp-a001-02-000000069047580	견과	nad-a001-02-000000541753959	bsn-a001-00-000000013604308	22	02	8753	M	2	0	0	8	0
20260906	4291318	cmp-a001-02-000000010764328	grp-a001-02-000000069047580	쉐이크	nad-a001-02-000000553654562	bsn-a001-00-000000013604308	22	99	8753	M	1	0	0	5	0
20260906	4291318	cmp-a001-02-000000010764328	grp-a001-02-000000069047580	프로틴	nad-a001-02-000000553654562	bsn-a001-00-000000013604308	22	02	11068	P	2	0	0	10	0
20260906	4291318	cmp-a001-02-000000010764328	grp-a001-02-000000069047580	단백질	nad-a001-02-000000553654562	bsn-a001-00-000000013604308	22	18	8753	M	3	0	0	14	0
20260906	4291318	cmp-a001-02-000000010764328	grp-a001-02-000000069047580	하루견과포장	nad-a001-02-000000541753960	bsn-a001-00-000000013604308	22	07	8753	M	1	0	0	3	0
20260906	4291318	cmp-a001-02-000000010764328	grp-a001-02-000000069047580	견과류	nad-a001-02-000000541753959	bsn-a001-00-000000013604308	22	02	8753	M	15	0	0	46	0
20260906	4291318	cmp-a001-02-000000010764328	grp-a001-02-000000069047580	프로틴바	nad-a001-02-000000553654554	bsn-a001-00-000000013604308	22	07	87620	M	1	0	0	1	0
20260906	4291318	cmp-a001-02-000000010764328	grp-a001-02-000000072573876	추석선물세트	nad-a001-02-000000573683834	bsn-a001-00-000000013604308	22	07	8753	M	1	0	0	3	0
20260906	4291318	cmp-a001-02-000000010764328	grp-a001-02-000000069047580	프로틴	nad-a001-02-000000553654562	bsn-a001-00-000000013604308	22	09	137281	M	13	0	0	13	0
20260906	4291318	cmp-a001-02-000000010764328	grp-a001-02-000000069047580	하루견과	nad-a001-02-000000541753999	bsn-a001-00-000000013604308	22	01	23123	P	1	0	0	1	0
20260906	4291318	cmp-a001-02-000000010764328	grp-a001-02-000000069047580	하루견과	nad-a001-02-000000541753960	bsn-a001-00-000000013604308	22	99	529514	M	8	0	0	22	0
20260906	4291318	cmp-a001-02-000000010764328	grp-a001-02-000000069047580	프로틴바	nad-a001-02-000000553654554	bsn-a001-00-000000013604308	22	02	98128	M	4	0	0	4	0
20260906	4291318	cmp-a001-02-000000010764328	grp-a001-02-000000069047580	하루견과	nad-a001-02-000000541753959	bsn-a001-00-000000013604308	22	17	529514	M	8	0	0	31	0
20260906	4291318	cmp-a001-02-000000010764328	grp-a001-02-000000069047580	스토어	nad-a001-02-000000541753997	bsn-a001-00-000000013604308	22	18	98128	M	3	0	0	12	0
20260906	4291318	cmp-a001-02-000000010764328	grp-a001-02-000000069047580	프로틴	nad-a001-02-000000553654562	bsn-a001-00-000000013604308	22	02	684925	P	1	0	0	1	0
20260906	4291318	cmp-a001-02-000000010764328	grp-a001-02-000000069047580	견과류	nad-a001-02-000000541753959	bsn-a001-00-000000013604308	22	04	529514	M	29	0	0	84	0
20260906	4291318	cmp-a001-02-000000010764328	grp-a001-02-000000069047580	프로틴바	nad-a001-02-000000553654554	bsn-a001-00-000000013604308	22	07	529514	M	4	0	0	4	0
20260906	4291318	cmp-a001-02-000000010764328	grp-a001-02-000000069047580	프로틴바	nad-a001-02-000000553654554	bsn-a001-00-000000013604308	22	11	529514	M	2	0	0	2	0
20260906	4291318	cmp-a001-02-000000010764328	grp-a001-02-000000069047580	프로틴바	nad-a001-02-000000553654558	bsn-a001-00-000000013604308	22	08	529514	M	2	0	0	4	0
20260906	4291318	cmp-a001-02-000000010764328	grp-a001-02-000000069047580	하루	nad-a001-02-000000541753959	bsn-a001-00-000000013604308	22	02	98128	M	1	0	0	2	0
20260906	4291318	cmp-a001-02-000000010764328	grp-a001-02-000000069047580	단백질바	nad-a001-02-000000553654558	bsn-a001-00-000000013604308	22	07	8753	M	1	0	0	6	0
20260906	4291318	cmp-a001-02-000000010764328	grp-a001-02-000000069047580	단백질	nad-a001-02-000000553654562	bsn-a001-00-000000013604308	22	14	529514	M	1	0	0	1	0
20260906	4291318	cmp-a001-02-000000010764328	grp-a001-02-000000069047580	프로틴바	nad-a001-02-000000553654559	bsn-a001-00-000000013604308	22	07	87620	M	1	0	0	4	0
20260906	4291318	cmp-a001-02-000000010764328	grp-a001-02-000000069047580	단백질바	nad-a001-02-000000553654558	bsn-a001-00-000000013604308	22	09	529514	M	7	0	0	14	0
20260906	4291318	cmp-a001-02-000000010764328	grp-a001-02-000000069047580	다이어트쉐이크	nad-a001-02-000000553654562	bsn-a001-00-000000013604308	22	02	768323	M	5	0	0	9	0
20260906	4291318	cmp-a001-02-000000010764328	grp-a001-02-000000069047580	단백질쉐이크	nad-a001-02-000000553654562	bsn-a001-00-000000013604308	22	13	8753	M	1	0	0	5	0
20260906	4291318	cmp-a001-02-000000010764328	grp-a001-02-000000069047580	프로틴	nad-a001-02-000000553654562	bsn-a001-00-000000013604308	22	99	768323	M	21	0	0	34	0
20260906	4291318	cmp-a001-02-000000010764328	grp-a001-02-000000069047580	단백질쉐이크	nad-a001-02-000000553654562	bsn-a001-00-000000013604308	22	01	529514	M	12	0	0	12	0
20260906	4291318	cmp-a001-02-000000010764328	grp-a001-02-000000069047580	단백질쉐이크	nad-a001-02-000000553654562	bsn-a001-00-000000013604308	22	02	684924	M	1	0	0	1	0
20260906	4291318	cmp-a001-02-000000010764328	grp-a001-02-000000069047580	견과류	nad-a001-02-000000541753959	bsn-a001-00-000000013604308	22	13	684926	M	1	0	0	4	0
20260906	4291318	cmp-a001-02-000000010764328	grp-a001-02-000000069047580	단백질쉐이크	nad-a001-02-000000553654562	bsn-a001-00-000000013604308	22	02	8753	M	5	0	0	56	0
20260906	4291318	cmp-a001-02-000000010764328	grp-a001-02-000000069047580	단백질	nad-a001-02-000000553654562	bsn-a001-00-000000013604308	22	16	529514	M	12	0	0	19	0
20260906	4291318	cmp-a001-02-000000010764328	grp-a001-02-000000069047580	프로틴	nad-a001-02-000000553654562	bsn-a001-00-000000013604308	22	04	529514	M	4	0	0	4	0
20260906	4291318	cmp-a001-02-000000010764328	grp-a001-02-000000069047580	사랑은	nad-a001-02-000000553654559	bsn-a001-00-000000013604308	22	09	98128	M	1	0	0	6	0
20260906	4291318	cmp-a001-02-000000010764328	grp-a001-02-000000072573876	추석선물	nad-a001-02-000000573683835	bsn-a001-00-000000013604308	22	16	8753	M	1	0	0	7	0
20260906	4291318	cmp-a001-02-000000010764328	grp-a001-02-000000069047580	에너지바	nad-a001-02-000000553654554	bsn-a001-00-000000013604308	22	03	529514	M	2	0	0	2	0
20260906	4291318	cmp-a001-02-000000010764328	grp-a001-02-000000069047580	견과류	nad-a001-02-000000541753960	bsn-a001-00-000000013604308	22	10	529514	M	18	0	0	37	0
20260906	4291318	cmp-a001-02-000000010764328	grp-a001-02-000000069047580	프로틴	nad-a001-02-000000553654562	bsn-a001-00-000000013604308	22	10	87620	M	1	0	0	1	0
20260906	4291318	cmp-a001-02-000000010764328	grp-a001-02-000000072573876	추석선물	nad-a001-02-000000573683835	bsn-a001-00-000000013604308	22	18	529514	M	5	0	0	55	0
20260906	4291318	cmp-a001-02-000000010764328	grp-a001-02-000000069047580	단백질쉐이크	nad-a001-02-000000553654562	bsn-a001-00-000000013604308	22	00	529514	M	1	0	0	1	0
20260906	4291318	cmp-a001-02-000000010764328	grp-a001-02-000000069047580	프로틴	nad-a001-02-000000553654562	bsn-a001-00-000000013604308	22	06	768323	M	3	0	0	3	0
20260906	4291318	cmp-a001-02-000000010764328	grp-a001-02-000000069047580	분말	nad-a001-02-000000541754004	bsn-a001-00-000000013604308	22	99	98128	M	1	0	0	2	0
20260906	4291318	cmp-a001-02-000000010764328	grp-a001-02-000000069047580	젤리	nad-a001-02-000000541753985	bsn-a001-00-000000013604308	22	13	8753	M	1	0	0	4	0
20260906	4291318	cmp-a001-02-000000010764328	grp-a001-02-000000072573876	추석선물	nad-a001-02-000000573683834	bsn-a001-00-000000013604308	22	16	8753	M	1	0	0	6	0
20260906	4291318	cmp-a001-02-000000010764328	grp-a001-02-000000069047580	하루견과	nad-a001-02-000000541753960	bsn-a001-00-000000013604308	22	13	529514	M	8	0	0	23	0
20260906	4291318	cmp-a001-02-000000010764328	grp-a001-02-000000069047580	우주식품동결건조	nad-a001-02-000000541754004	bsn-a001-00-000000013604308	22	16	27758	P	1	0	0	1	0
20260906	4291318	cmp-a001-02-000000010764328	grp-a001-02-000000069047580	하루견과	nad-a001-02-000000541753959	bsn-a001-00-000000013604308	22	09	768323	M	1	0	0	1	0
20260906	4291318	cmp-a001-02-000000010764328	grp-a001-02-000000072573876	추석선물	nad-a001-02-000000573683834	bsn-a001-00-000000013604308	22	03	529514	M	14	0	0	160	0
20260906	4291318	cmp-a001-02-000000010764328	grp-a001-02-000000069047580	프로틴바	nad-a001-02-000000553654554	bsn-a001-00-000000013604308	22	09	98128	M	1	0	0	1	0
20260906	4291318	cmp-a001-02-000000010764328	grp-a001-02-000000072573876	추석선물세트	nad-a001-02-000000573683835	bsn-a001-00-000000013604308	22	08	8753	M	4	0	0	15	0
20260906	4291318	cmp-a001-02-000000010764328	grp-a001-02-000000069047580	견과류	nad-a001-02-000000541753960	bsn-a001-00-000000013604308	22	09	529514	M	190	0	0	395	0
20260906	4291318	cmp-a001-02-000000010764328	grp-a001-02-000000069047580	네이버스토어	nad-a001-02-000000541754004	bsn-a001-00-000000013604308	22	09	612594	M	1	0	0	3	0
20260906	4291318	cmp-a001-02-000000010764328	grp-a001-02-000000069047580	단백질	nad-a001-02-000000553654562	bsn-a001-00-000000013604308	22	11	98128	M	2	0	0	3	0
20260906	4291318	cmp-a001-02-000000010764328	grp-a001-02-000000069047580	우고래빗올웨이즈100봉	nad-a001-02-000000541753959	bsn-a001-00-000000013604308	22	16	341898	M	1	0	0	1	0
20260906	4291318	cmp-a001-02-000000010764328	grp-a001-02-000000072573876	추석선물세트	nad-a001-02-000000573683834	bsn-a001-00-000000013604308	22	01	33421	M	1	0	0	2	0
20260906	4291318	cmp-a001-02-000000010764328	grp-a001-02-000000069047580	젤리	nad-a001-02-000000541753985	bsn-a001-00-000000013604308	22	18	98128	M	3	0	0	3	0
20260906	4291318	cmp-a001-02-000000010764328	grp-a001-02-000000069047580	젤리	nad-a001-02-000000541753985	bsn-a001-00-000000013604308	22	02	529514	M	9	0	0	9	0
20260906	4291318	cmp-a001-02-000000010764328	grp-a001-02-000000069047580	사랑	nad-a001-02-000000553654554	bsn-a001-00-000000013604308	22	13	98128	M	1	0	0	2	0
20260906	4291318	cmp-a001-02-000000010764328	grp-a001-02-000000069047580	단백질보충제	nad-a001-02-000000553654562	bsn-a001-00-000000013604308	22	16	8753	M	1	0	0	6	0
20260906	4291318	cmp-a001-02-000000010764328	grp-a001-02-000000069047580	하루견과	nad-a001-02-000000541753959	bsn-a001-00-000000013604308	22	02	11068	P	1	0	0	3	0
20260906	4291318	cmp-a001-02-000000010764328	grp-a001-02-000000069047580	견과류세트	nad-a001-02-000000541753959	bsn-a001-00-000000013604308	22	13	8753	M	1	0	0	4	0
20260906	4291318	cmp-a001-02-000000010764328	grp-a001-02-000000072573876	추석선물세트	nad-a001-02-000000573683835	bsn-a001-00-000000013604308	22	07	529514	M	7	0	0	43	0
20260906	4291318	cmp-a001-02-000000010764328	grp-a001-02-000000069047580	사랑이	nad-a001-02-000000553654554	bsn-a001-00-000000013604308	22	08	137281	M	1	0	0	1	0
20260906	4291318	cmp-a001-02-000000010764328	grp-a001-02-000000069047580	동결건조생식	nad-a001-02-000000541753997	bsn-a001-00-000000013604308	22	08	612594	M	1	1	5532	1	0
20260906	4291318	cmp-a001-02-000000010764328	grp-a001-02-000000069047580	프로틴	nad-a001-02-000000553654562	bsn-a001-00-000000013604308	22	09	768323	M	54	0	0	79	0
20260906	4291318	cmp-a001-02-000000010764328	grp-a001-02-000000072573876	추석선물세트추천	nad-a001-02-000000573683835	bsn-a001-00-000000013604308	22	03	8753	M	1	0	0	3	0
20260906	4291318	cmp-a001-02-000000010764328	grp-a001-02-000000069047580	프로틴	nad-a001-02-000000553654562	bsn-a001-00-000000013604308	22	02	529514	M	120	0	0	120	0
20260906	4291318	cmp-a001-02-000000010764328	grp-a001-02-000000069047580	젤리	nad-a001-02-000000541753985	bsn-a001-00-000000013604308	22	18	768323	M	4	0	0	4	0
20260906	4291318	cmp-a001-02-000000010764328	grp-a001-02-000000069047580	단백질바	nad-a001-02-000000553654558	bsn-a001-00-000000013604308	22	02	768323	M	1	0	0	2	0
20260906	4291318	cmp-a001-02-000000010764328	grp-a001-02-000000069047580	분말	nad-a001-02-000000541753996	bsn-a001-00-000000013604308	22	99	98128	M	1	0	0	4	0
20260906	4291318	cmp-a001-02-000000010764328	grp-a001-02-000000072573876	추석선물	nad-a001-02-000000573683835	bsn-a001-00-000000013604308	22	09	529514	M	17	0	0	187	0
20260906	4291318	cmp-a001-02-000000010764328	grp-a001-02-000000072573876	추석선물세트	nad-a001-02-000000573683834	bsn-a001-00-000000013604308	22	18	529514	M	4	0	0	24	0
20260906	4291318	cmp-a001-02-000000010764328	grp-a001-02-000000069047580	에너지바	nad-a001-02-000000553654558	bsn-a001-00-000000013604308	22	09	23123	P	1	0	0	2	0
20260906	4291318	cmp-a001-02-000000010764328	grp-a001-02-000000069047580	견과류추천	nad-a001-02-000000541753960	bsn-a001-00-000000013604308	22	09	8753	M	1	0	0	4	0
20260906	4291318	cmp-a001-02-000000010764328	grp-a001-02-000000072573876	추석선물세트	nad-a001-02-000000573683835	bsn-a001-00-000000013604308	22	99	529514	M	21	0	0	156	0
20260906	4291318	cmp-a001-02-000000010764328	grp-a001-02-000000069047580	단백질쉐이크	nad-a001-02-000000553654562	bsn-a001-00-000000013604308	22	06	529514	M	2	0	0	2	0
20260906	4291318	cmp-a001-02-000000010764328	grp-a001-02-000000069047580	사랑	nad-a001-02-000000553654558	bsn-a001-00-000000013604308	22	13	98128	M	1	0	0	4	0
20260906	4291318	cmp-a001-02-000000010764328	grp-a001-02-000000069047580	견과류	nad-a001-02-000000541753999	bsn-a001-00-000000013604308	22	03	684926	M	1	0	0	2	0
20260906	4291318	cmp-a001-02-000000010764328	grp-a001-02-000000072573876	추석선물세트	nad-a001-02-000000573683835	bsn-a001-00-000000013604308	22	09	8753	M	4	0	0	14	0
20260906	4291318	cmp-a001-02-000000010764328	grp-a001-02-000000069047580	프로틴바	nad-a001-02-000000553654554	bsn-a001-00-000000013604308	22	09	529514	M	31	0	0	39	0
20260906	4291318	cmp-a001-02-000000010764328	grp-a001-02-000000069047580	견과류	nad-a001-02-000000541753960	bsn-a001-00-000000013604308	22	08	8753	M	4	0	0	14	0
20260906	4291318	cmp-a001-02-000000010764328	grp-a001-02-000000069047580	황성주생식	nad-a001-02-000000541754004	bsn-a001-00-000000013604308	22	16	8753	M	1	0	0	2	0
20260906	4291318	cmp-a001-02-000000010764328	grp-a001-02-000000069047580	우고래빗올웨이즈60봉	nad-a001-02-000000541753959	bsn-a001-00-000000013604308	22	16	341898	M	1	0	0	1	0
20260906	4291318	cmp-a001-02-000000010764328	grp-a001-02-000000069047580	황성주생식	nad-a001-02-000000541753997	bsn-a001-00-000000013604308	22	09	8753	M	1	1	5112	1	0
20260906	4291318	cmp-a001-02-000000010764328	grp-a001-02-000000069047580	분말가루	nad-a001-02-000000541753997	bsn-a001-00-000000013604308	22	00	8753	M	1	0	0	1	0
20260906	4291318	cmp-a001-02-000000010764328	grp-a001-02-000000072573876	명절선물	nad-a001-02-000000573683835	bsn-a001-00-000000013604308	22	16	529514	M	1	0	0	8	0
20260906	4291318	cmp-a001-02-000000010764328	grp-a001-02-000000069047580	단백질보충제	nad-a001-02-000000553654562	bsn-a001-00-000000013604308	22	09	23123	P	1	0	0	1	0
20260906	4291318	cmp-a001-02-000000010764328	grp-a001-02-000000069047580	하루견과	nad-a001-02-000000541753960	bsn-a001-00-000000013604308	22	03	33421	M	1	0	0	3	0
20260906	4291318	cmp-a001-02-000000010764328	grp-a001-02-000000069047580	프로틴바	nad-a001-02-000000553654559	bsn-a001-00-000000013604308	22	07	529514	M	4	0	0	12	0
20260906	4291318	cmp-a001-02-000000010764328	grp-a001-02-000000069047580	단백질보충제	nad-a001-02-000000553654562	bsn-a001-00-000000013604308	22	18	529514	M	4	0	0	9	0
20260906	4291318	cmp-a001-02-000000010764328	grp-a001-02-000000069047580	하루견과	nad-a001-02-000000541753999	bsn-a001-00-000000013604308	22	16	8753	M	2	0	0	4	0
20260906	4291318	cmp-a001-02-000000010764328	grp-a001-02-000000069047580	견과류32개입	nad-a001-02-000000541753959	bsn-a001-00-000000013604308	22	08	8753	M	2	0	0	4	0
20260906	4291318	cmp-a001-02-000000010764328	grp-a001-02-000000069047580	제리	nad-a001-02-000000541753985	bsn-a001-00-000000013604308	22	02	8753	M	3	0	0	5	0
20260906	4291318	cmp-a001-02-000000010764328	grp-a001-02-000000069047580	사랑	nad-a001-02-000000553654554	bsn-a001-00-000000013604308	22	14	98128	M	3	0	0	6	0
20260906	4291318	cmp-a001-02-000000010764328	grp-a001-02-000000069047580	단백질보충제	nad-a001-02-000000553654562	bsn-a001-00-000000013604308	22	11	33421	M	1	0	0	4	0
20260906	4291318	cmp-a001-02-000000010764328	grp-a001-02-000000069047580	단백질바	nad-a001-02-000000553654554	bsn-a001-00-000000013604308	22	09	8753	M	5	0	0	24	0
20260906	4291318	cmp-a001-02-000000010764328	grp-a001-02-000000069047580	생식가루	nad-a001-02-000000541753997	bsn-a001-00-000000013604308	22	16	8753	M	1	0	0	1	0
20260906	4291318	cmp-a001-02-000000010764328	grp-a001-02-000000069047580	프로틴바	nad-a001-02-000000553654558	bsn-a001-00-000000013604308	22	07	529514	M	4	0	0	8	0
20260906	4291318	cmp-a001-02-000000010764328	grp-a001-02-000000069047580	하루	nad-a001-02-000000541753959	bsn-a001-00-000000013604308	22	15	98128	M	2	0	0	4	0
20260906	4291318	cmp-a001-02-000000010764328	grp-a001-02-000000069047580	스토어	nad-a001-02-000000541753996	bsn-a001-00-000000013604308	22	99	98128	M	4	0	0	8	0
20260906	4291318	cmp-a001-02-000000010764328	grp-a001-02-000000069047580	하루견과	nad-a001-02-000000541753960	bsn-a001-00-000000013604308	22	09	768323	M	1	0	0	3	0
20260906	4291318	cmp-a001-02-000000010764328	grp-a001-02-000000069047580	젤리	nad-a001-02-000000541753985	bsn-a001-00-000000013604308	22	07	768323	M	2	0	0	2	0
20260906	4291318	cmp-a001-02-000000010764328	grp-a001-02-000000069047580	단백질바추천	nad-a001-02-000000553654559	bsn-a001-00-000000013604308	22	04	612594	M	1	0	0	8	0
20260906	4291318	cmp-a001-02-000000010764328	grp-a001-02-000000069047580	하루견과	nad-a001-02-000000541753999	bsn-a001-00-000000013604308	22	02	633013	M	3	0	0	9	0
20260906	4291318	cmp-a001-02-000000010764328	grp-a001-02-000000072573876	추석선물세트추천	nad-a001-02-000000573683835	bsn-a001-00-000000013604308	22	09	8753	M	1	0	0	4	0
20260906	4291318	cmp-a001-02-000000010764328	grp-a001-02-000000069047580	하루	nad-a001-02-000000541753999	bsn-a001-00-000000013604308	22	09	137281	M	4	0	0	8	0
20260906	4291318	cmp-a001-02-000000010764328	grp-a001-02-000000069047580	스토어	nad-a001-02-000000541753996	bsn-a001-00-000000013604308	22	02	98128	M	16	0	0	32	0
20260906	4291318	cmp-a001-02-000000010764328	grp-a001-02-000000069047580	하루견과	nad-a001-02-000000541753959	bsn-a001-00-000000013604308	22	09	33421	M	1	0	0	3	0
20260906	4291318	cmp-a001-02-000000010764328	grp-a001-02-000000069047580	프로틴	nad-a001-02-000000553654562	bsn-a001-00-000000013604308	22	07	768323	M	8	0	0	10	0
20260906	4291318	cmp-a001-02-000000010764328	grp-a001-02-000000069047580	스토어	nad-a001-02-000000541753996	bsn-a001-00-000000013604308	22	08	98128	M	3	0	0	6	0
20260906	4291318	cmp-a001-02-000000010764328	grp-a001-02-000000069047580	단백질쉐이크	nad-a001-02-000000553654562	bsn-a001-00-000000013604308	22	02	33421	M	1	0	0	9	0
20260906	4291318	cmp-a001-02-000000010764328	grp-a001-02-000000069047580	프로틴바	nad-a001-02-000000553654559	bsn-a001-00-000000013604308	22	15	529514	M	2	0	0	6	0
20260906	4291318	cmp-a001-02-000000010764328	grp-a001-02-000000069047580	견과류	nad-a001-02-000000541753999	bsn-a001-00-000000013604308	22	03	529514	M	37	0	0	37	0
20260906	4291318	cmp-a001-02-000000010764328	grp-a001-02-000000069047580	견과	nad-a001-02-000000541753999	bsn-a001-00-000000013604308	22	03	684926	M	2	0	0	4	0
20260906	4291318	cmp-a001-02-000000010764328	grp-a001-02-000000072573876	추석선물세트	nad-a001-02-000000573683835	bsn-a001-00-000000013604308	22	02	529514	M	84	0	0	541	0
20260906	4291318	cmp-a001-02-000000010764328	grp-a001-02-000000069047580	네이버스토어	nad-a001-02-000000541753996	bsn-a001-00-000000013604308	22	02	335738	P	2	0	0	6	0
20260906	4291318	cmp-a001-02-000000010764328	grp-a001-02-000000069047580	황성주생식	nad-a001-02-000000541753988	bsn-a001-00-000000013604308	22	09	529514	M	1	0	0	5	0
20260906	4291318	cmp-a001-02-000000010764328	grp-a001-02-000000069047580	칼로리	nad-a001-02-000000553654554	bsn-a001-00-000000013604308	22	02	137281	M	2	0	0	2	0
20260906	4291318	cmp-a001-02-000000010764328	grp-a001-02-000000069047580	단백질보충제	nad-a001-02-000000553654562	bsn-a001-00-000000013604308	22	06	8753	M	2	0	0	12	0
20260906	4291318	cmp-a001-02-000000010764328	grp-a001-02-000000069047580	단백질쉐이크	nad-a001-02-000000553654562	bsn-a001-00-000000013604308	22	15	8753	M	1	0	0	7	0
20260906	4291318	cmp-a001-02-000000010764328	grp-a001-02-000000069047580	단백질	nad-a001-02-000000553654562	bsn-a001-00-000000013604308	22	02	768323	M	1	0	0	1	0
20260906	4291318	cmp-a001-02-000000010764328	grp-a001-02-000000069047580	프로틴	nad-a001-02-000000553654562	bsn-a001-00-000000013604308	22	16	768323	M	1	0	0	2	0
20260906	4291318	cmp-a001-02-000000010764328	grp-a001-02-000000072573876	추석선물세트	nad-a001-02-000000573683835	bsn-a001-00-000000013604308	22	09	684926	M	4	0	0	14	0
20260906	4291318	cmp-a001-02-000000010764328	grp-a001-02-000000069047580	하루만	nad-a001-02-000000541753960	bsn-a001-00-000000013604308	22	11	8753	M	2	0	0	6	0
20260906	4291318	cmp-a001-02-000000010764328	grp-a001-02-000000069047580	스토어	nad-a001-02-000000541754004	bsn-a001-00-000000013604308	22	10	335738	P	2	0	0	2	0
20260906	4291318	cmp-a001-02-000000010764328	grp-a001-02-000000069047580	견과류세트	nad-a001-02-000000541753960	bsn-a001-00-000000013604308	22	09	529514	M	2	0	0	9	0
20260906	4291318	cmp-a001-02-000000010764328	grp-a001-02-000000069047580	견과류	nad-a001-02-000000541753959	bsn-a001-00-000000013604308	22	03	529514	M	37	0	0	110	0
20260906	4291318	cmp-a001-02-000000010764328	grp-a001-02-000000069047580	하루견과	nad-a001-02-000000541753959	bsn-a001-00-000000013604308	22	02	87620	M	2	0	0	6	0
20260906	4291318	cmp-a001-02-000000010764328	grp-a001-02-000000069047580	단백질보충제	nad-a001-02-000000553654562	bsn-a001-00-000000013604308	22	02	529514	M	18	0	0	54	0
20260906	4291318	cmp-a001-02-000000010764328	grp-a001-02-000000069047580	황성주생식	nad-a001-02-000000541753988	bsn-a001-00-000000013604308	22	16	8753	M	1	0	0	4	0
20260906	4291318	cmp-a001-02-000000010764328	grp-a001-02-000000069047580	스토어	nad-a001-02-000000541753997	bsn-a001-00-000000013604308	22	08	98128	M	1	0	0	4	0
20260906	4291318	cmp-a001-02-000000010764328	grp-a001-02-000000072573876	추석선물세트	nad-a001-02-000000573683834	bsn-a001-00-000000013604308	22	08	8753	M	3	0	0	9	0
20260906	4291318	cmp-a001-02-000000010764328	grp-a001-02-000000069047580	황성주생식라이프밀	nad-a001-02-000000541754004	bsn-a001-00-000000013604308	22	15	8753	M	1	0	0	1	0
20260906	4291318	cmp-a001-02-000000010764328	grp-a001-02-000000072573876	추석선물세트	nad-a001-02-000000573683834	bsn-a001-00-000000013604308	22	04	529514	M	2	0	0	12	0
20260906	4291318	cmp-a001-02-000000010764328	grp-a001-02-000000069047580	하루견과	nad-a001-02-000000541753959	bsn-a001-00-000000013604308	22	01	23123	P	1	0	0	2	0
20260906	4291318	cmp-a001-02-000000010764328	grp-a001-02-000000069047580	견과류	nad-a001-02-000000541753999	bsn-a001-00-000000013604308	22	11	8753	M	1	0	0	2	0
20260906	4291318	cmp-a001-02-000000010764328	grp-a001-02-000000069047580	단백질바	nad-a001-02-000000553654554	bsn-a001-00-000000013604308	22	03	529514	M	2	0	0	2	0
20260906	4291318	cmp-a001-02-000000010764328	grp-a001-02-000000069047580	단백질간식	nad-a001-02-000000553654554	bsn-a001-00-000000013604308	22	10	27758	P	1	0	0	1	0
20260906	4291318	cmp-a001-02-000000010764328	grp-a001-02-000000069047580	견과류	nad-a001-02-000000541753959	bsn-a001-00-000000013604308	22	02	633013	M	8	0	0	8	0
20260906	4291318	cmp-a001-02-000000010764328	grp-a001-02-000000069047580	프로틴바	nad-a001-02-000000553654558	bsn-a001-00-000000013604308	22	02	529514	M	67	0	0	102	0
20260906	4291318	cmp-a001-02-000000010764328	grp-a001-02-000000069047580	단백질쉐이크	nad-a001-02-000000553654562	bsn-a001-00-000000013604308	22	14	529514	M	13	0	0	13	0
20260906	4291318	cmp-a001-02-000000010764328	grp-a001-02-000000069047580	칼로리바	nad-a001-02-000000553654559	bsn-a001-00-000000013604308	22	02	8753	M	1	0	0	3	0
20260906	4291318	cmp-a001-02-000000010764328	grp-a001-02-000000069047580	젤리	nad-a001-02-000000541753985	bsn-a001-00-000000013604308	22	02	768323	M	5	0	0	5	0
20260906	4291318	cmp-a001-02-000000010764328	grp-a001-02-000000069047580	단백질보충제	nad-a001-02-000000553654562	bsn-a001-00-000000013604308	22	06	33421	M	3	0	0	12	0
20260906	4291318	cmp-a001-02-000000010764328	grp-a001-02-000000072573876	추석선물세트	nad-a001-02-000000573683835	bsn-a001-00-000000013604308	22	08	33421	M	3	0	0	20	0
20260906	4291318	cmp-a001-02-000000010764328	grp-a001-02-000000069047580	견과류	nad-a001-02-000000541753999	bsn-a001-00-000000013604308	22	06	8753	M	1	0	0	2	0
20260906	4291318	cmp-a001-02-000000010764328	grp-a001-02-000000069047580	사랑	nad-a001-02-000000553654558	bsn-a001-00-000000013604308	22	09	98128	M	2	0	0	8	0
20260906	4291318	cmp-a001-02-000000010764328	grp-a001-02-000000069047580	단백질쉐이크	nad-a001-02-000000553654562	bsn-a001-00-000000013604308	22	11	8753	M	1	0	0	8	0
20260906	4291318	cmp-a001-02-000000010764328	grp-a001-02-000000069047580	단백질쉐이크	nad-a001-02-000000553654562	bsn-a001-00-000000013604308	22	06	33421	M	1	0	0	2	0
20260906	4291318	cmp-a001-02-000000010764328	grp-a001-02-000000069047580	다이어트쉐이크	nad-a001-02-000000553654562	bsn-a001-00-000000013604308	22	11	529514	M	2	0	0	2	0
20260906	4291318	cmp-a001-02-000000010764328	grp-a001-02-000000069047580	프로틴	nad-a001-02-000000553654562	bsn-a001-00-000000013604308	22	99	529514	M	31	0	0	31	0
20260906	4291318	cmp-a001-02-000000010764328	grp-a001-02-000000069047580	다이어트쉐이크	nad-a001-02-000000553654562	bsn-a001-00-000000013604308	22	13	529514	M	2	0	0	2	0
20260906	4291318	cmp-a001-02-000000010764328	grp-a001-02-000000069047580	에너지바	nad-a001-02-000000553654558	bsn-a001-00-000000013604308	22	06	8753	M	1	0	0	4	0
20260906	4291318	cmp-a001-02-000000010764328	grp-a001-02-000000069047580	단백질쉐이크	nad-a001-02-000000553654562	bsn-a001-00-000000013604308	22	08	8753	M	3	0	0	27	0
20260906	4291318	cmp-a001-02-000000010764328	grp-a001-02-000000069047580	쉐이크	nad-a001-02-000000553654562	bsn-a001-00-000000013604308	22	09	98128	M	1	0	0	1	0
20260906	4291318	cmp-a001-02-000000010764328	grp-a001-02-000000069047580	단백질바	nad-a001-02-000000553654554	bsn-a001-00-000000013604308	22	99	529514	M	2	0	0	2	0
20260906	4291318	cmp-a001-02-000000010764328	grp-a001-02-000000069047580	견과류	nad-a001-02-000000541753960	bsn-a001-00-000000013604308	22	03	33421	M	1	0	0	4	0
20260906	4291318	cmp-a001-02-000000010764328	grp-a001-02-000000072573876	명절선물	nad-a001-02-000000573683835	bsn-a001-00-000000013604308	22	10	529514	M	10	0	0	80	0
20260906	4291318	cmp-a001-02-000000010764328	grp-a001-02-000000069047580	단백질군것질	nad-a001-02-000000553654558	bsn-a001-00-000000013604308	22	10	8753	M	1	0	0	5	0
20260906	4291318	cmp-a001-02-000000010764328	grp-a001-02-000000069047580	제로젤리	nad-a001-02-000000541753985	bsn-a001-00-000000013604308	22	11	341898	M	1	0	0	2	0
20260906	4291318	cmp-a001-02-000000010764328	grp-a001-02-000000069047580	스토어	nad-a001-02-000000541753996	bsn-a001-00-000000013604308	22	08	335738	P	1	0	0	4	0
20260906	4291318	cmp-a001-02-000000010764328	grp-a001-02-000000069047580	하루견과	nad-a001-02-000000541753960	bsn-a001-00-000000013604308	22	10	8753	M	1	0	0	4	0
20260906	4291318	cmp-a001-02-000000010764328	grp-a001-02-000000069047580	칼로리바	nad-a001-02-000000553654558	bsn-a001-00-000000013604308	22	02	8753	M	1	0	0	2	0
20260906	4291318	cmp-a001-02-000000010764328	grp-a001-02-000000069047580	프로틴	nad-a001-02-000000553654562	bsn-a001-00-000000013604308	22	03	529514	M	40	0	0	40	0
20260906	4291318	cmp-a001-02-000000010764328	grp-a001-02-000000069047580	견과	nad-a001-02-000000541753960	bsn-a001-00-000000013604308	22	09	8753	M	1	0	0	4	0
20260906	4291318	cmp-a001-02-000000010764328	grp-a001-02-000000069047580	하루견과	nad-a001-02-000000541753959	bsn-a001-00-000000013604308	22	18	87620	M	5	0	0	15	0
20260906	4291318	cmp-a001-02-000000010764328	grp-a001-02-000000069047580	에너지바	nad-a001-02-000000553654558	bsn-a001-00-000000013604308	22	11	87620	M	1	0	0	2	0
20260906	4291318	cmp-a001-02-000000010764328	grp-a001-02-000000069047580	프로틴	nad-a001-02-000000553654562	bsn-a001-00-000000013604308	22	15	529514	M	19	0	0	19	0
20260906	4291318	cmp-a001-02-000000010764328	grp-a001-02-000000069047580	견과세트	nad-a001-02-000000541753999	bsn-a001-00-000000013604308	22	16	768323	M	1	0	0	2	0
20260906	4291318	cmp-a001-02-000000010764328	grp-a001-02-000000069047580	견과류	nad-a001-02-000000541753960	bsn-a001-00-000000013604308	22	99	529514	M	74	0	0	150	0
20260906	4291318	cmp-a001-02-000000010764328	grp-a001-02-000000069047580	견과류	nad-a001-02-000000541753959	bsn-a001-00-000000013604308	22	13	27758	P	1	0	0	3	0
20260906	4291318	cmp-a001-02-000000010764328	grp-a001-02-000000069047580	하루견과	nad-a001-02-000000541753999	bsn-a001-00-000000013604308	22	02	27758	P	4	0	0	6	0
20260906	4291318	cmp-a001-02-000000010764328	grp-a001-02-000000069047580	견과류	nad-a001-02-000000541753999	bsn-a001-00-000000013604308	22	03	33421	M	1	0	0	2	0
20260906	4291318	cmp-a001-02-000000010764328	grp-a001-02-000000069047580	하루견과	nad-a001-02-000000541753959	bsn-a001-00-000000013604308	22	13	8753	M	2	0	0	6	0
20260906	4291318	cmp-a001-02-000000010764328	grp-a001-02-000000069047580	프로틴	nad-a001-02-000000553654562	bsn-a001-00-000000013604308	22	02	137281	M	11	0	0	11	0
20260906	4291318	cmp-a001-02-000000010764328	grp-a001-02-000000069047580	동결건조생식	nad-a001-02-000000541754005	bsn-a001-00-000000013604308	22	08	612594	M	1	0	0	4	0
20260906	4291318	cmp-a001-02-000000010764328	grp-a001-02-000000072573876	추석선물세트	nad-a001-02-000000573683834	bsn-a001-00-000000013604308	22	09	8753	M	3	0	0	10	0
20260906	4291318	cmp-a001-02-000000010764328	grp-a001-02-000000069047580	단백질간식	nad-a001-02-000000553654554	bsn-a001-00-000000013604308	22	15	8753	M	1	0	0	1	0
20260906	4291318	cmp-a001-02-000000010764328	grp-a001-02-000000069047580	견과류세트	nad-a001-02-000000541753959	bsn-a001-00-000000013604308	22	06	8753	M	1	0	0	4	0
20260906	4291318	cmp-a001-02-000000010764328	grp-a001-02-000000069047580	하루견과	nad-a001-02-000000541753960	bsn-a001-00-000000013604308	22	08	8753	M	3	0	0	11	0
20260906	4291318	cmp-a001-02-000000010764328	grp-a001-02-000000069047580	사랑은	nad-a001-02-000000553654558	bsn-a001-00-000000013604308	22	09	98128	M	1	0	0	3	0
20260906	4291318	cmp-a001-02-000000010764328	grp-a001-02-000000072573876	명절선물	nad-a001-02-000000573683835	bsn-a001-00-000000013604308	22	02	8753	M	1	0	0	12	0
20260906	4291318	cmp-a001-02-000000010764328	grp-a001-02-000000069047580	샐러드젤리	nad-a001-02-000000541753985	bsn-a001-00-000000013604308	22	08	341898	M	1	0	0	1	0
20260906	4291318	cmp-a001-02-000000010764328	grp-a001-02-000000069047580	단백질바	nad-a001-02-000000553654558	bsn-a001-00-000000013604308	22	16	8753	M	1	0	0	4	0
20260906	4291318	cmp-a001-02-000000010764328	grp-a001-02-000000069047580	단백질쉐이크	nad-a001-02-000000553654562	bsn-a001-00-000000013604308	22	02	529514	M	76	0	0	76	0
20260906	4291318	cmp-a001-02-000000010764328	grp-a001-02-000000069047580	갓	nad-a001-02-000000541753959	bsn-a001-00-000000013604308	22	08	8753	M	1	0	0	3	0
20260906	4291318	cmp-a001-02-000000010764328	grp-a001-02-000000069047580	프로틴바	nad-a001-02-000000553654554	bsn-a001-00-000000013604308	22	10	529514	M	3	0	0	3	0
20260906	4291318	cmp-a001-02-000000010764328	grp-a001-02-000000069047580	견과류	nad-a001-02-000000541753960	bsn-a001-00-000000013604308	22	06	8753	M	1	0	0	4	0
20260906	4291318	cmp-a001-02-000000010764328	grp-a001-02-000000069047580	에너지바	nad-a001-02-000000553654554	bsn-a001-00-000000013604308	22	02	8753	M	2	0	0	7	0
20260906	4291318	cmp-a001-02-000000010764328	grp-a001-02-000000069047580	도토리가루보관하는방법	nad-a001-02-000000541754005	bsn-a001-00-000000013604308	22	04	8753	M	1	0	0	3	0
20260906	4291318	cmp-a001-02-000000010764328	grp-a001-02-000000069047580	단백질쉐이크	nad-a001-02-000000553654562	bsn-a001-00-000000013604308	22	13	529514	M	2	0	0	2	0
20260906	4291318	cmp-a001-02-000000010764328	grp-a001-02-000000069047580	견과류	nad-a001-02-000000541753999	bsn-a001-00-000000013604308	22	17	529514	M	2	0	0	2	0
20260906	4291318	cmp-a001-02-000000010764328	grp-a001-02-000000069047580	하루만	nad-a001-02-000000541753959	bsn-a001-00-000000013604308	22	10	529514	M	2	0	0	6	0
20260906	4291318	cmp-a001-02-000000010764328	grp-a001-02-000000072573876	추석선물세트	nad-a001-02-000000573683835	bsn-a001-00-000000013604308	22	03	684926	M	1	0	0	19	0
20260906	4291318	cmp-a001-02-000000010764328	grp-a001-02-000000069047580	견과세트	nad-a001-02-000000541753959	bsn-a001-00-000000013604308	22	10	768323	M	1	0	0	1	0
20260906	4291318	cmp-a001-02-000000010764328	grp-a001-02-000000069047580	단백질	nad-a001-02-000000553654562	bsn-a001-00-000000013604308	22	15	684925	P	1	0	0	1	0
20260906	4291318	cmp-a001-02-000000010764328	grp-a001-02-000000069047580	단백질간식	nad-a001-02-000000553654558	bsn-a001-00-000000013604308	22	15	8753	M	1	0	0	4	0
20260906	4291318	cmp-a001-02-000000010764328	grp-a001-02-000000069047580	견과류	nad-a001-02-000000541753999	bsn-a001-00-000000013604308	22	01	8753	M	1	0	0	1	0
20260906	4291318	cmp-a001-02-000000010764328	grp-a001-02-000000069047580	단백질	nad-a001-02-000000553654562	bsn-a001-00-000000013604308	22	11	529514	M	22	0	0	39	0
20260906	4291318	cmp-a001-02-000000010764328	grp-a001-02-000000069047580	에너지바	nad-a001-02-000000553654559	bsn-a001-00-000000013604308	22	15	529514	M	4	0	0	12	0
20260906	4291318	cmp-a001-02-000000010764328	grp-a001-02-000000069047580	견과류	nad-a001-02-000000541753999	bsn-a001-00-000000013604308	22	16	529514	M	20	0	0	20	0
20260906	4291318	cmp-a001-02-000000010764328	grp-a001-02-000000072573876	추석선물세트	nad-a001-02-000000573683835	bsn-a001-00-000000013604308	22	09	529514	M	40	0	0	258	0
20260906	4291318	cmp-a001-02-000000010764328	grp-a001-02-000000069047580	하루견과	nad-a001-02-000000541753959	bsn-a001-00-000000013604308	22	08	8753	M	3	1	2882	10	0
20260906	4291318	cmp-a001-02-000000010764328	grp-a001-02-000000069047580	단백질보충제	nad-a001-02-000000553654562	bsn-a001-00-000000013604308	22	99	529514	M	6	0	0	18	0
20260906	4291318	cmp-a001-02-000000010764328	grp-a001-02-000000069047580	단백질파우더	nad-a001-02-000000553654562	bsn-a001-00-000000013604308	22	02	529514	M	1	0	0	4	0
20260906	4291318	cmp-a001-02-000000010764328	grp-a001-02-000000072573876	추석선물	nad-a001-02-000000573683835	bsn-a001-00-000000013604308	22	08	11068	P	1	0	0	4	0
20260906	4291318	cmp-a001-02-000000010764328	grp-a001-02-000000069047580	견과류	nad-a001-02-000000541753960	bsn-a001-00-000000013604308	22	09	8753	M	7	1	1807	27	0
20260906	4291318	cmp-a001-02-000000010764328	grp-a001-02-000000069047580	하루만	nad-a001-02-000000541753959	bsn-a001-00-000000013604308	22	99	529514	M	2	0	0	6	0
20260906	4291318	cmp-a001-02-000000010764328	grp-a001-02-000000069047580	견과류선물세트	nad-a001-02-000000541753999	bsn-a001-00-000000013604308	22	02	684927	P	1	0	0	1	0
20260906	4291318	cmp-a001-02-000000010764328	grp-a001-02-000000069047580	견과류	nad-a001-02-000000541753959	bsn-a001-00-000000013604308	22	09	529514	M	192	0	0	578	0
20260906	4291318	cmp-a001-02-000000010764328	grp-a001-02-000000069047580	견과류	nad-a001-02-000000541753999	bsn-a001-00-000000013604308	22	03	27758	P	1	0	0	2	0
20260906	4291318	cmp-a001-02-000000010764328	grp-a001-02-000000069047580	단백질쉐이크	nad-a001-02-000000553654562	bsn-a001-00-000000013604308	22	08	529514	M	9	0	0	9	0
20260906	4291318	cmp-a001-02-000000010764328	grp-a001-02-000000069047580	에너지바	nad-a001-02-000000553654559	bsn-a001-00-000000013604308	22	00	23123	P	1	0	0	4	0
20260906	4291318	cmp-a001-02-000000010764328	grp-a001-02-000000072573876	추석선물	nad-a001-02-000000573683835	bsn-a001-00-000000013604308	22	07	529514	M	2	0	0	22	0
20260906	4291318	cmp-a001-02-000000010764328	grp-a001-02-000000069047580	스토어	nad-a001-02-000000541753996	bsn-a001-00-000000013604308	22	10	335738	P	2	0	0	6	0
20260906	4291318	cmp-a001-02-000000010764328	grp-a001-02-000000069047580	커클랜드믹스넛	nad-a001-02-000000541753960	bsn-a001-00-000000013604308	22	01	556927	P	3	0	0	3	0
20260906	4291318	cmp-a001-02-000000010764328	grp-a001-02-000000069047580	단백질바	nad-a001-02-000000553654559	bsn-a001-00-000000013604308	22	09	529514	M	7	0	0	22	0
20260906	4291318	cmp-a001-02-000000010764328	grp-a001-02-000000069047580	견과류	nad-a001-02-000000541753959	bsn-a001-00-000000013604308	22	03	33421	M	1	0	0	3	0
20260906	4291318	cmp-a001-02-000000010764328	grp-a001-02-000000069047580	갓	nad-a001-02-000000541753960	bsn-a001-00-000000013604308	22	02	27758	P	1	0	0	3	0
20260906	4291318	cmp-a001-02-000000010764328	grp-a001-02-000000069047580	스토어	nad-a001-02-000000541753997	bsn-a001-00-000000013604308	22	09	98128	M	7	0	0	28	0
20260906	4291318	cmp-a001-02-000000010764328	grp-a001-02-000000069047580	황성주생식	nad-a001-02-000000541753988	bsn-a001-00-000000013604308	22	02	8753	M	4	0	0	18	0
20260906	4291318	cmp-a001-02-000000010764328	grp-a001-02-000000069047580	견과류	nad-a001-02-000000541753960	bsn-a001-00-000000013604308	22	10	8753	M	4	0	0	16	0
20260906	4291318	cmp-a001-02-000000010764328	grp-a001-02-000000069047580	단백질	nad-a001-02-000000553654562	bsn-a001-00-000000013604308	22	09	8753	M	1	0	0	5	0
20260906	4291318	cmp-a001-02-000000010764328	grp-a001-02-000000069047580	견과	nad-a001-02-000000541753999	bsn-a001-00-000000013604308	22	13	8753	M	1	0	0	2	0
20260906	4291318	cmp-a001-02-000000010764328	grp-a001-02-000000072573876	추석선물세트	nad-a001-02-000000573683834	bsn-a001-00-000000013604308	22	02	684926	M	3	0	0	23	0
20260906	4291318	cmp-a001-02-000000010764328	grp-a001-02-000000069047580	견과류	nad-a001-02-000000541753959	bsn-a001-00-000000013604308	22	08	684926	M	1	0	0	3	0
20260906	4291318	cmp-a001-02-000000010764328	grp-a001-02-000000069047580	견과류	nad-a001-02-000000541753959	bsn-a001-00-000000013604308	22	17	529514	M	2	0	0	5	0
20260906	4291318	cmp-a001-02-000000010764328	grp-a001-02-000000069047580	견과류세트	nad-a001-02-000000541753999	bsn-a001-00-000000013604308	22	18	529514	M	2	0	0	4	0
20260906	4291318	cmp-a001-02-000000010764328	grp-a001-02-000000072573876	명절선물	nad-a001-02-000000573683835	bsn-a001-00-000000013604308	22	04	529514	M	5	0	0	40	0
20260906	4291318	cmp-a001-02-000000010764328	grp-a001-02-000000069047580	하루견과	nad-a001-02-000000541753960	bsn-a001-00-000000013604308	22	02	633013	M	3	0	0	6	0
20260906	4291318	cmp-a001-02-000000010764328	grp-a001-02-000000069047580	견과류	nad-a001-02-000000541753959	bsn-a001-00-000000013604308	22	01	529514	M	15	0	0	43	0
20260906	4291318	cmp-a001-02-000000010764328	grp-a001-02-000000069047580	견과류	nad-a001-02-000000541753999	bsn-a001-00-000000013604308	22	14	529514	M	5	0	0	5	0
20260906	4291318	cmp-a001-02-000000010764328	grp-a001-02-000000069047580	스토어	nad-a001-02-000000541753997	bsn-a001-00-000000013604308	22	10	335738	P	1	0	0	7	0
20260906	4291318	cmp-a001-02-000000010764328	grp-a001-02-000000072573876	추석선물세트추천	nad-a001-02-000000573683835	bsn-a001-00-000000013604308	22	09	684926	M	2	0	0	10	0
20260906	4291318	cmp-a001-02-000000010764328	grp-a001-02-000000069047580	단백질쉐이크	nad-a001-02-000000553654562	bsn-a001-00-000000013604308	22	10	529514	M	4	0	0	4	0
20260906	4291318	cmp-a001-02-000000010764328	grp-a001-02-000000069047580	하루	nad-a001-02-000000541753999	bsn-a001-00-000000013604308	22	02	98128	M	2	0	0	2	0
20260906	4291318	cmp-a001-02-000000010764328	grp-a001-02-000000069047580	제리	nad-a001-02-000000541753985	bsn-a001-00-000000013604308	22	99	98128	M	1	0	0	1	0
20260906	4291318	cmp-a001-02-000000010764328	grp-a001-02-000000069047580	하루견과	nad-a001-02-000000541753999	bsn-a001-00-000000013604308	22	09	529514	M	16	0	0	24	0
20260906	4291318	cmp-a001-02-000000010764328	grp-a001-02-000000072573876	추석선물세트	nad-a001-02-000000573683835	bsn-a001-00-000000013604308	22	16	8753	M	1	0	0	3	0
20260906	4291318	cmp-a001-02-000000010764328	grp-a001-02-000000069047580	황성주생식라이프밀	nad-a001-02-000000541753988	bsn-a001-00-000000013604308	22	15	8753	M	1	0	0	4	0
20260906	4291318	cmp-a001-02-000000010764328	grp-a001-02-000000072573876	추석선물	nad-a001-02-000000573683834	bsn-a001-00-000000013604308	22	13	529514	M	4	0	0	46	0
20260906	4291318	cmp-a001-02-000000010764328	grp-a001-02-000000069047580	황성주생식	nad-a001-02-000000541754005	bsn-a001-00-000000013604308	22	09	633013	M	2	0	0	6	0
20260906	4291318	cmp-a001-02-000000010764328	grp-a001-02-000000072573876	명절선물	nad-a001-02-000000573683834	bsn-a001-00-000000013604308	22	08	529514	M	3	0	0	25	0
20260906	4291318	cmp-a001-02-000000010764328	grp-a001-02-000000069047580	식물성단백질쉐이크	nad-a001-02-000000553654562	bsn-a001-00-000000013604308	22	09	8753	M	1	0	0	20	0
20260906	4291318	cmp-a001-02-000000010764328	grp-a001-02-000000069047580	견과류	nad-a001-02-000000541753960	bsn-a001-00-000000013604308	22	01	8753	M	1	0	0	3	0
20260906	4291318	cmp-a001-02-000000010764328	grp-a001-02-000000069047580	젤리	nad-a001-02-000000541753985	bsn-a001-00-000000013604308	22	11	768323	M	2	0	0	2	0
20260906	4291318	cmp-a001-02-000000010764328	grp-a001-02-000000069047580	하루	nad-a001-02-000000541753960	bsn-a001-00-000000013604308	22	09	98128	M	2	0	0	6	0
20260906	4291318	cmp-a001-02-000000010764328	grp-a001-02-000000069047580	하루견과	nad-a001-02-000000541753959	bsn-a001-00-000000013604308	22	09	684926	M	2	0	0	8	0
20260906	4291318	cmp-a001-02-000000010764328	grp-a001-02-000000069047580	견과류	nad-a001-02-000000541753999	bsn-a001-00-000000013604308	22	13	684926	M	1	0	0	3	0
20260906	4291318	cmp-a001-02-000000010764328	grp-a001-02-000000069047580	하루견과	nad-a001-02-000000541753959	bsn-a001-00-000000013604308	22	16	8753	M	2	0	0	6	0
20260906	4291318	cmp-a001-02-000000010764328	grp-a001-02-000000069047580	사랑하고	nad-a001-02-000000553654558	bsn-a001-00-000000013604308	22	02	98128	M	1	0	0	4	0
20260906	4291318	cmp-a001-02-000000010764328	grp-a001-02-000000069047580	단백질보충제	nad-a001-02-000000553654562	bsn-a001-00-000000013604308	22	11	11068	P	2	0	0	2	0
20260906	4291318	cmp-a001-02-000000010764328	grp-a001-02-000000069047580	하루견과	nad-a001-02-000000541753959	bsn-a001-00-000000013604308	22	02	27758	P	1	1	2898	3	0
20260906	4291318	cmp-a001-02-000000010764328	grp-a001-02-000000069047580	분말	nad-a001-02-000000541753988	bsn-a001-00-000000013604308	22	99	98128	M	1	0	0	8	0
20260906	4291318	cmp-a001-02-000000010764328	grp-a001-02-000000069047580	단백질보충제	nad-a001-02-000000553654562	bsn-a001-00-000000013604308	22	06	684926	M	1	0	0	8	0
20260906	4291318	cmp-a001-02-000000010764328	grp-a001-02-000000072573876	추석선물세트	nad-a001-02-000000573683835	bsn-a001-00-000000013604308	22	18	8753	M	2	0	0	8	0
20260906	4291318	cmp-a001-02-000000010764328	grp-a001-02-000000069047580	프로틴	nad-a001-02-000000553654562	bsn-a001-00-000000013604308	22	18	529514	M	20	0	0	20	0
20260906	4291318	cmp-a001-02-000000010764328	grp-a001-02-000000072573876	추석선물세트	nad-a001-02-000000573683835	bsn-a001-00-000000013604308	22	13	529514	M	7	0	0	46	0
20260906	4291318	cmp-a001-02-000000010764328	grp-a001-02-000000069047580	하루견과포장	nad-a001-02-000000541753999	bsn-a001-00-000000013604308	22	07	8753	M	1	0	0	2	0
20260906	4291318	cmp-a001-02-000000010764328	grp-a001-02-000000069047580	스토어	nad-a001-02-000000541753997	bsn-a001-00-000000013604308	22	02	98128	M	6	0	0	24	0
20260906	4291318	cmp-a001-02-000000010764328	grp-a001-02-000000069047580	견과류	nad-a001-02-000000541753999	bsn-a001-00-000000013604308	22	15	684924	M	2	0	0	2	0
20260906	4291318	cmp-a001-02-000000010764328	grp-a001-02-000000069047580	다이어트쉐이크	nad-a001-02-000000553654562	bsn-a001-00-000000013604308	22	13	768323	M	1	0	0	1	0
20260906	4291318	cmp-a001-02-000000010764328	grp-a001-02-000000069047580	단백질쉐이크	nad-a001-02-000000553654562	bsn-a001-00-000000013604308	22	01	8753	M	1	0	0	13	0
20260906	4291318	cmp-a001-02-000000010764328	grp-a001-02-000000069047580	단백질	nad-a001-02-000000553654562	bsn-a001-00-000000013604308	22	99	137281	M	10	0	0	20	0
20260906	4291318	cmp-a001-02-000000010764328	grp-a001-02-000000069047580	식물성단백질	nad-a001-02-000000553654562	bsn-a001-00-000000013604308	22	09	684926	M	2	0	0	22	0
20260906	4291318	cmp-a001-02-000000010764328	grp-a001-02-000000069047580	단백질많은바	nad-a001-02-000000553654558	bsn-a001-00-000000013604308	22	11	8753	M	1	0	0	3	0
20260906	4291318	cmp-a001-02-000000010764328	grp-a001-02-000000069047580	하루단백질섭취량	nad-a001-02-000000553654562	bsn-a001-00-000000013604308	22	18	8753	M	1	0	0	3	0
20260906	4291318	cmp-a001-02-000000010764328	grp-a001-02-000000069047580	단백질간식	nad-a001-02-000000553654558	bsn-a001-00-000000013604308	22	10	8753	M	1	0	0	3	0
20260906	4291318	cmp-a001-02-000000010764328	grp-a001-02-000000069047580	젤리	nad-a001-02-000000541753985	bsn-a001-00-000000013604308	22	01	8753	M	1	0	0	4	0
20260906	4291318	cmp-a001-02-000000010764328	grp-a001-02-000000069047580	견과류추천	nad-a001-02-000000541753999	bsn-a001-00-000000013604308	22	15	8753	M	1	0	0	2	0
20260906	4291318	cmp-a001-02-000000010764328	grp-a001-02-000000069047580	스토어	nad-a001-02-000000541754004	bsn-a001-00-000000013604308	22	13	98128	M	2	0	0	2	0
20260906	4291318	cmp-a001-02-000000010764328	grp-a001-02-000000069047580	단백질바빼	nad-a001-02-000000553654554	bsn-a001-00-000000013604308	22	09	8753	M	1	0	0	4	0
20260906	4291318	cmp-a001-02-000000010764328	grp-a001-02-000000069047580	하루견과	nad-a001-02-000000541753999	bsn-a001-00-000000013604308	22	17	529514	M	8	0	0	12	0
20260906	4291318	cmp-a001-02-000000010764328	grp-a001-02-000000069047580	곡물쉐이크식이섬유	nad-a001-02-000000553654562	bsn-a001-00-000000013604308	22	15	8753	M	1	0	0	4	0
20260906	4291318	cmp-a001-02-000000010764328	grp-a001-02-000000069047580	젤리	nad-a001-02-000000541753985	bsn-a001-00-000000013604308	22	09	684926	M	1	0	0	1	0
20260906	4291318	cmp-a001-02-000000010764328	grp-a001-02-000000072573876	추석선물세트추천	nad-a001-02-000000573683835	bsn-a001-00-000000013604308	22	15	8753	M	1	0	0	7	0
20260906	4291318	cmp-a001-02-000000010764328	grp-a001-02-000000069047580	프로틴	nad-a001-02-000000553654562	bsn-a001-00-000000013604308	22	18	8753	M	1	0	0	4	0
20260906	4291318	cmp-a001-02-000000010764328	grp-a001-02-000000069047580	젤리	nad-a001-02-000000541753985	bsn-a001-00-000000013604308	22	09	612594	M	1	0	0	1	0
20260906	4291318	cmp-a001-02-000000010764328	grp-a001-02-000000069047580	하루	nad-a001-02-000000541753960	bsn-a001-00-000000013604308	22	13	137281	M	6	0	0	6	0
20260906	4291318	cmp-a001-02-000000010764328	grp-a001-02-000000069047580	프로틴	nad-a001-02-000000553654562	bsn-a001-00-000000013604308	22	15	768323	M	4	0	0	6	0
20260906	4291318	cmp-a001-02-000000010764328	grp-a001-02-000000069047580	견과류	nad-a001-02-000000541753999	bsn-a001-00-000000013604308	22	15	8753	M	5	0	0	10	0
20260906	4291318	cmp-a001-02-000000010764328	grp-a001-02-000000069047580	단백질보충제	nad-a001-02-000000553654562	bsn-a001-00-000000013604308	22	09	8753	M	1	0	0	10	0
20260906	4291318	cmp-a001-02-000000010764328	grp-a001-02-000000072573876	추석선물추천	nad-a001-02-000000573683835	bsn-a001-00-000000013604308	22	02	8753	M	1	0	0	6	0
20260906	4291318	cmp-a001-02-000000010764328	grp-a001-02-000000069047580	푸룬젤리	nad-a001-02-000000541753985	bsn-a001-00-000000013604308	22	09	8753	M	1	0	0	1	0
20260906	4291318	cmp-a001-02-000000010764328	grp-a001-02-000000069047580	견과류	nad-a001-02-000000541753959	bsn-a001-00-000000013604308	22	09	633013	M	1	0	0	1	0
20260906	4291318	cmp-a001-02-000000010764328	grp-a001-02-000000069047580	단백질	nad-a001-02-000000553654562	bsn-a001-00-000000013604308	22	02	27758	P	1	0	0	2	0
20260906	4291318	cmp-a001-02-000000010764328	grp-a001-02-000000069047580	견과류	nad-a001-02-000000541753959	bsn-a001-00-000000013604308	22	06	529514	M	25	0	0	75	0
20260906	4291318	cmp-a001-02-000000010764328	grp-a001-02-000000069047580	젤리	nad-a001-02-000000541753985	bsn-a001-00-000000013604308	22	09	768323	M	4	0	0	4	0
20260906	4291318	cmp-a001-02-000000010764328	grp-a001-02-000000069047580	하루견과	nad-a001-02-000000541753959	bsn-a001-00-000000013604308	22	02	684925	P	1	0	0	1	0
20260906	4291318	cmp-a001-02-000000010764328	grp-a001-02-000000069047580	하루견과	nad-a001-02-000000541753960	bsn-a001-00-000000013604308	22	15	8753	M	1	0	0	4	0
20260906	4291318	cmp-a001-02-000000010764328	grp-a001-02-000000069047580	단백질쉐이크	nad-a001-02-000000553654562	bsn-a001-00-000000013604308	22	02	27758	P	1	0	0	3	0
20260906	4291318	cmp-a001-02-000000010764328	grp-a001-02-000000069047580	하루만	nad-a001-02-000000541753960	bsn-a001-00-000000013604308	22	04	8753	M	1	0	0	5	0
20260906	4291318	cmp-a001-02-000000010764328	grp-a001-02-000000069047580	황성주생식	nad-a001-02-000000541753997	bsn-a001-00-000000013604308	22	02	11068	P	3	0	0	3	0
20260906	4291318	cmp-a001-02-000000010764328	grp-a001-02-000000069047580	단백질바추천	nad-a001-02-000000553654554	bsn-a001-00-000000013604308	22	04	612594	M	1	0	0	1	0
20260906	4291318	cmp-a001-02-000000010764328	grp-a001-02-000000072573876	추석선물세트	nad-a001-02-000000573683835	bsn-a001-00-000000013604308	22	01	8753	M	1	0	0	4	0
20260906	4291318	cmp-a001-02-000000010764328	grp-a001-02-000000069047580	견과류	nad-a001-02-000000541753960	bsn-a001-00-000000013604308	22	02	529514	M	166	0	0	347	0
20260906	4291318	cmp-a001-02-000000010764328	grp-a001-02-000000072573876	추석선물세트	nad-a001-02-000000573683834	bsn-a001-00-000000013604308	22	02	8753	M	3	0	0	9	0
20260906	4291318	cmp-a001-02-000000010764328	grp-a001-02-000000069047580	하루견과	nad-a001-02-000000541753999	bsn-a001-00-000000013604308	22	09	8753	M	7	0	0	15	0
20260906	4291318	cmp-a001-02-000000010764328	grp-a001-02-000000072573876	추석선물세트	nad-a001-02-000000573683835	bsn-a001-00-000000013604308	22	03	529514	M	19	0	0	121	0
20260906	4291318	cmp-a001-02-000000010764328	grp-a001-02-000000069047580	단백질	nad-a001-02-000000553654562	bsn-a001-00-000000013604308	22	08	8753	M	2	0	0	9	0
20260906	4291318	cmp-a001-02-000000010764328	grp-a001-02-000000069047580	혼합견과류	nad-a001-02-000000541753960	bsn-a001-00-000000013604308	22	09	8753	M	1	0	0	2	0
20260906	4291318	cmp-a001-02-000000010764328	grp-a001-02-000000069047580	프로틴	nad-a001-02-000000553654562	bsn-a001-00-000000013604308	22	08	137281	M	3	0	0	3	0
20260906	4291318	cmp-a001-02-000000010764328	grp-a001-02-000000069047580	단백질	nad-a001-02-000000553654562	bsn-a001-00-000000013604308	22	15	8753	M	1	0	0	6	0
20260906	4291318	cmp-a001-02-000000010764328	grp-a001-02-000000069047580	프로틴	nad-a001-02-000000553654562	bsn-a001-00-000000013604308	22	11	8753	M	2	0	0	11	0
20260906	4291318	cmp-a001-02-000000010764328	grp-a001-02-000000069047580	프로틴바	nad-a001-02-000000553654559	bsn-a001-00-000000013604308	22	11	529514	M	2	0	0	6	0
20260906	4291318	cmp-a001-02-000000010764328	grp-a001-02-000000069047580	분말	nad-a001-02-000000541754005	bsn-a001-00-000000013604308	22	99	98128	M	1	0	0	3	0
20260906	4291318	cmp-a001-02-000000010764328	grp-a001-02-000000069047580	젤리	nad-a001-02-000000541753985	bsn-a001-00-000000013604308	22	02	98128	M	3	0	0	3	0
20260906	4291318	cmp-a001-02-000000010764328	grp-a001-02-000000069047580	하루견과	nad-a001-02-000000541753960	bsn-a001-00-000000013604308	22	02	27758	P	1	0	0	3	0
20260906	4291318	cmp-a001-02-000000010764328	grp-a001-02-000000069047580	견과류	nad-a001-02-000000541753959	bsn-a001-00-000000013604308	22	03	27758	P	1	0	0	3	0
20260906	4291318	cmp-a001-02-000000010764328	grp-a001-02-000000069047580	분말	nad-a001-02-000000541754004	bsn-a001-00-000000013604308	22	09	684925	P	1	0	0	1	0
20260906	4291318	cmp-a001-02-000000010764328	grp-a001-02-000000072573876	추석선물	nad-a001-02-000000573683835	bsn-a001-00-000000013604308	22	13	8753	M	1	0	0	7	0
20260906	4291318	cmp-a001-02-000000010764328	grp-a001-02-000000069047580	분말가루	nad-a001-02-000000541753996	bsn-a001-00-000000013604308	22	00	8753	M	1	0	0	2	0
20260906	4291318	cmp-a001-02-000000010764328	grp-a001-02-000000072573876	추석선물세트	nad-a001-02-000000573683834	bsn-a001-00-000000013604308	22	99	529514	M	20	0	0	143	0
20260906	4291318	cmp-a001-02-000000010764328	grp-a001-02-000000069047580	하루견과	nad-a001-02-000000541753999	bsn-a001-00-000000013604308	22	10	33421	M	1	0	0	1	0
20260906	4291318	cmp-a001-02-000000010764328	grp-a001-02-000000072573876	추석선물	nad-a001-02-000000573683835	bsn-a001-00-000000013604308	22	10	529514	M	1	0	0	11	0
20260906	4291318	cmp-a001-02-000000010764328	grp-a001-02-000000069047580	에너지바	nad-a001-02-000000553654558	bsn-a001-00-000000013604308	22	15	8753	M	1	0	0	5	0
20260906	4291318	cmp-a001-02-000000010764328	grp-a001-02-000000069047580	견과류	nad-a001-02-000000541753999	bsn-a001-00-000000013604308	22	13	684925	P	1	0	0	1	0
20260906	4291318	cmp-a001-02-000000010764328	grp-a001-02-000000069047580	프로틴	nad-a001-02-000000553654562	bsn-a001-00-000000013604308	22	04	768323	M	5	0	0	8	0
20260906	4291318	cmp-a001-02-000000010764328	grp-a001-02-000000069047580	견과류	nad-a001-02-000000541753959	bsn-a001-00-000000013604308	22	03	684926	M	1	0	0	4	0
20260906	4291318	cmp-a001-02-000000010764328	grp-a001-02-000000072573876	추석선물세트추천	nad-a001-02-000000573683835	bsn-a001-00-000000013604308	22	10	8753	M	1	0	0	4	0
20260906	4291318	cmp-a001-02-000000010764328	grp-a001-02-000000069047580	사랑은	nad-a001-02-000000553654554	bsn-a001-00-000000013604308	22	09	98128	M	1	0	0	1	0
20260906	4291318	cmp-a001-02-000000010764328	grp-a001-02-000000069047580	견과류	nad-a001-02-000000541753999	bsn-a001-00-000000013604308	22	13	27758	P	1	0	0	2	0
20260906	4291318	cmp-a001-02-000000010764328	grp-a001-02-000000069047580	프로틴바	nad-a001-02-000000553654554	bsn-a001-00-000000013604308	22	15	529514	M	2	0	0	2	0
20260906	4291318	cmp-a001-02-000000010764328	grp-a001-02-000000069047580	황성주생식	nad-a001-02-000000541753996	bsn-a001-00-000000013604308	22	16	8753	M	1	0	0	1	0
20260906	4291318	cmp-a001-02-000000010764328	grp-a001-02-000000069047580	우스블랑쇼콜라스틱	nad-a001-02-000000541753985	bsn-a001-00-000000013604308	22	09	8753	M	1	0	0	1	0
20260906	4291318	cmp-a001-02-000000010764328	grp-a001-02-000000069047580	하루견과	nad-a001-02-000000541753959	bsn-a001-00-000000013604308	22	13	529514	M	8	0	0	31	0
20260906	4291318	cmp-a001-02-000000010764328	grp-a001-02-000000069047580	하루견과	nad-a001-02-000000541753959	bsn-a001-00-000000013604308	22	06	8753	M	1	0	0	3	0
20260906	4291318	cmp-a001-02-000000010764328	grp-a001-02-000000069047580	황성주생식	nad-a001-02-000000541753988	bsn-a001-00-000000013604308	22	02	11068	P	3	0	0	15	0
20260906	4291318	cmp-a001-02-000000010764328	grp-a001-02-000000072573876	추석선물세트	nad-a001-02-000000573683835	bsn-a001-00-000000013604308	22	15	8753	M	1	0	0	16	0
20260906	4291318	cmp-a001-02-000000010764328	grp-a001-02-000000072573876	추석선물세트	nad-a001-02-000000573683835	bsn-a001-00-000000013604308	22	15	529514	M	4	0	0	26	0
20260906	4291318	cmp-a001-02-000000010764328	grp-a001-02-000000069047580	단백질바	nad-a001-02-000000553654558	bsn-a001-00-000000013604308	22	10	529514	M	2	0	0	4	0
20260906	4291318	cmp-a001-02-000000010764328	grp-a001-02-000000069047580	견과류추천	nad-a001-02-000000541753959	bsn-a001-00-000000013604308	22	02	8753	M	4	0	0	14	0
20260906	4291318	cmp-a001-02-000000010764328	grp-a001-02-000000072573876	추석선물세트	nad-a001-02-000000573683834	bsn-a001-00-000000013604308	22	03	529514	M	11	0	0	66	0
20260906	4291318	cmp-a001-02-000000010764328	grp-a001-02-000000069047580	프로틴	nad-a001-02-000000553654562	bsn-a001-00-000000013604308	22	04	684924	M	1	0	0	1	0
20260906	4291318	cmp-a001-02-000000010764328	grp-a001-02-000000069047580	사랑	nad-a001-02-000000553654558	bsn-a001-00-000000013604308	22	06	98128	M	2	0	0	8	0
20260906	4291318	cmp-a001-02-000000010764328	grp-a001-02-000000069047580	분말	nad-a001-02-000000541753996	bsn-a001-00-000000013604308	22	09	27758	P	1	0	0	1	0
20260906	4291318	cmp-a001-02-000000010764328	grp-a001-02-000000069047580	단백질쉐이크	nad-a001-02-000000553654562	bsn-a001-00-000000013604308	22	16	529514	M	8	0	0	8	0
20260906	4291318	cmp-a001-02-000000010764328	grp-a001-02-000000069047580	견과류	nad-a001-02-000000541753959	bsn-a001-00-000000013604308	22	15	529514	M	12	0	0	36	0
20260906	4291318	cmp-a001-02-000000010764328	grp-a001-02-000000069047580	견과류	nad-a001-02-000000541753999	bsn-a001-00-000000013604308	22	15	529514	M	12	0	0	12	0
20260906	4291318	cmp-a001-02-000000010764328	grp-a001-02-000000069047580	견과류추천	nad-a001-02-000000541753960	bsn-a001-00-000000013604308	22	15	8753	M	1	0	0	4	0
20260906	4291318	cmp-a001-02-000000010764328	grp-a001-02-000000072573876	추석선물	nad-a001-02-000000573683835	bsn-a001-00-000000013604308	22	02	8753	M	1	0	0	7	0
20260906	4291318	cmp-a001-02-000000010764328	grp-a001-02-000000069047580	제리	nad-a001-02-000000541753985	bsn-a001-00-000000013604308	22	09	529514	M	5	0	0	7	0
20260906	4291318	cmp-a001-02-000000010764328	grp-a001-02-000000069047580	프로틴바	nad-a001-02-000000553654558	bsn-a001-00-000000013604308	22	02	768323	M	4	0	0	8	0
20260906	4291318	cmp-a001-02-000000010764328	grp-a001-02-000000069047580	다이어트쉐이크	nad-a001-02-000000553654562	bsn-a001-00-000000013604308	22	06	529514	M	2	0	0	2	0
20260906	4291318	cmp-a001-02-000000010764328	grp-a001-02-000000069047580	견과류세트	nad-a001-02-000000541753959	bsn-a001-00-000000013604308	22	09	529514	M	2	0	0	7	0
20260906	4291318	cmp-a001-02-000000010764328	grp-a001-02-000000069047580	견과류	nad-a001-02-000000541753959	bsn-a001-00-000000013604308	22	03	8753	M	3	0	0	9	0
20260906	4291318	cmp-a001-02-000000010764328	grp-a001-02-000000069047580	하루견과	nad-a001-02-000000541753959	bsn-a001-00-000000013604308	22	02	529514	M	7	0	0	24	0
20260906	4291318	cmp-a001-02-000000010764328	grp-a001-02-000000069047580	사탕젤리	nad-a001-02-000000541753985	bsn-a001-00-000000013604308	22	07	87620	M	1	0	0	1	0
20260906	4291318	cmp-a001-02-000000010764328	grp-a001-02-000000069047580	견과	nad-a001-02-000000541753959	bsn-a001-00-000000013604308	22	09	8753	M	1	0	0	3	0
20260906	4291318	cmp-a001-02-000000010764328	grp-a001-02-000000072573876	명절선물	nad-a001-02-000000573683835	bsn-a001-00-000000013604308	22	17	529514	M	1	0	0	8	0
20260906	4291318	cmp-a001-02-000000010764328	grp-a001-02-000000069047580	하루견과	nad-a001-02-000000541753999	bsn-a001-00-000000013604308	22	03	8753	M	2	0	0	4	0
20260906	4291318	cmp-a001-02-000000010764328	grp-a001-02-000000069047580	스토어	nad-a001-02-000000541754004	bsn-a001-00-000000013604308	22	08	335738	P	1	0	0	3	0
20260906	4291318	cmp-a001-02-000000010764328	grp-a001-02-000000069047580	스토어	nad-a001-02-000000541754004	bsn-a001-00-000000013604308	22	15	98128	M	6	0	0	6	0
20260906	4291318	cmp-a001-02-000000010764328	grp-a001-02-000000069047580	젤리	nad-a001-02-000000541753985	bsn-a001-00-000000013604308	22	01	87620	M	1	0	0	1	0
20260906	4291318	cmp-a001-02-000000010764328	grp-a001-02-000000069047580	견과류	nad-a001-02-000000541753959	bsn-a001-00-000000013604308	22	13	8753	M	2	0	0	7	0
20260906	4291318	cmp-a001-02-000000010764328	grp-a001-02-000000069047580	황성주생식라이프밀	nad-a001-02-000000541754005	bsn-a001-00-000000013604308	22	02	11068	P	3	0	0	12	0
20260906	4291318	cmp-a001-02-000000010764328	grp-a001-02-000000069047580	칼로리	nad-a001-02-000000553654558	bsn-a001-00-000000013604308	22	02	137281	M	2	0	0	4	0
20260906	4291318	cmp-a001-02-000000010764328	grp-a001-02-000000069047580	견과류세트	nad-a001-02-000000541753959	bsn-a001-00-000000013604308	22	18	529514	M	2	0	0	7	0
20260906	4291318	cmp-a001-02-000000010764328	grp-a001-02-000000069047580	에너지바	nad-a001-02-000000553654558	bsn-a001-00-000000013604308	22	15	529514	M	4	0	0	8	0
20260906	4291318	cmp-a001-02-000000010764328	grp-a001-02-000000069047580	황성주생식라이프밀	nad-a001-02-000000541753996	bsn-a001-00-000000013604308	22	15	8753	M	1	0	0	2	0
20260906	4291318	cmp-a001-02-000000010764328	grp-a001-02-000000069047580	초코크런치치플레	nad-a001-02-000000553654554	bsn-a001-00-000000013604308	22	09	8753	M	1	0	0	2	0
20260906	4291318	cmp-a001-02-000000010764328	grp-a001-02-000000069047580	단백질바	nad-a001-02-000000553654554	bsn-a001-00-000000013604308	22	03	8753	M	1	0	0	5	0
20260906	4291318	cmp-a001-02-000000010764328	grp-a001-02-000000069047580	견과세트	nad-a001-02-000000541753960	bsn-a001-00-000000013604308	22	11	768323	M	3	0	0	9	0
20260906	4291318	cmp-a001-02-000000010764328	grp-a001-02-000000072573876	추석선물	nad-a001-02-000000573683835	bsn-a001-00-000000013604308	22	15	33421	M	1	0	0	9	0
20260906	4291318	cmp-a001-02-000000010764328	grp-a001-02-000000069047580	단백질	nad-a001-02-000000553654562	bsn-a001-00-000000013604308	22	02	529514	M	21	0	0	38	0
20260906	4291318	cmp-a001-02-000000010764328	grp-a001-02-000000069047580	사랑하고	nad-a001-02-000000553654559	bsn-a001-00-000000013604308	22	02	98128	M	1	0	0	6	0
20260906	4291318	cmp-a001-02-000000010764328	grp-a001-02-000000072573876	명절선물	nad-a001-02-000000573683834	bsn-a001-00-000000013604308	22	04	529514	M	4	0	0	34	0
20260906	4291318	cmp-a001-02-000000010764328	grp-a001-02-000000069047580	단백질보충제	nad-a001-02-000000553654562	bsn-a001-00-000000013604308	22	08	11068	P	1	0	0	1	0
20260906	4291318	cmp-a001-02-000000010764328	grp-a001-02-000000069047580	갓	nad-a001-02-000000541753999	bsn-a001-00-000000013604308	22	02	529514	M	13	0	0	22	0
20260906	4291318	cmp-a001-02-000000010764328	grp-a001-02-000000069047580	에너지바	nad-a001-02-000000553654559	bsn-a001-00-000000013604308	22	03	529514	M	2	0	0	6	0
20260906	4291318	cmp-a001-02-000000010764328	grp-a001-02-000000069047580	사랑	nad-a001-02-000000553654559	bsn-a001-00-000000013604308	22	09	98128	M	2	0	0	11	0
20260906	4291318	cmp-a001-02-000000010764328	grp-a001-02-000000069047580	견과류세트	nad-a001-02-000000541753999	bsn-a001-00-000000013604308	22	13	8753	M	1	0	0	1	0
20260906	4291318	cmp-a001-02-000000010764328	grp-a001-02-000000072573876	추석선물세트	nad-a001-02-000000573683834	bsn-a001-00-000000013604308	22	16	529514	M	3	0	0	18	0
20260906	4291318	cmp-a001-02-000000010764328	grp-a001-02-000000069047580	저당저칼룸저인간식	nad-a001-02-000000541753999	bsn-a001-00-000000013604308	22	09	33421	M	1	0	0	9	0
20260906	4291318	cmp-a001-02-000000010764328	grp-a001-02-000000069047580	사랑	nad-a001-02-000000553654559	bsn-a001-00-000000013604308	22	06	98128	M	2	0	0	10	0
20260906	4291318	cmp-a001-02-000000010764328	grp-a001-02-000000072573876	추석선물세트추천	nad-a001-02-000000573683835	bsn-a001-00-000000013604308	22	02	8753	M	2	0	0	9	0
20260906	4291318	cmp-a001-02-000000010764328	grp-a001-02-000000069047580	프로틴	nad-a001-02-000000553654562	bsn-a001-00-000000013604308	22	09	27758	P	1	0	0	3	0
20260906	4291318	cmp-a001-02-000000010764328	grp-a001-02-000000069047580	하루	nad-a001-02-000000541753960	bsn-a001-00-000000013604308	22	09	612594	M	1	0	0	3	0
20260906	4291318	cmp-a001-02-000000010764328	grp-a001-02-000000069047580	하루견과	nad-a001-02-000000541753999	bsn-a001-00-000000013604308	22	02	33421	M	2	1	2097	2	0
20260906	4291318	cmp-a001-02-000000010764328	grp-a001-02-000000069047580	견과세트	nad-a001-02-000000541753999	bsn-a001-00-000000013604308	22	11	768323	M	3	0	0	6	0
20260906	4291318	cmp-a001-02-000000010764328	grp-a001-02-000000069047580	프로틴파우더	nad-a001-02-000000553654562	bsn-a001-00-000000013604308	22	09	529514	M	2	0	0	2	0
20260906	4291318	cmp-a001-02-000000010764328	grp-a001-02-000000069047580	단백질쉐이크	nad-a001-02-000000553654562	bsn-a001-00-000000013604308	22	09	8753	M	3	0	0	19	0
20260906	4291318	cmp-a001-02-000000010764328	grp-a001-02-000000069047580	스토어	nad-a001-02-000000541754004	bsn-a001-00-000000013604308	22	02	98128	M	27	0	0	27	0
20260906	4291318	cmp-a001-02-000000010764328	grp-a001-02-000000069047580	사랑	nad-a001-02-000000553654558	bsn-a001-00-000000013604308	22	11	98128	M	1	0	0	4	0
20260906	4291318	cmp-a001-02-000000010764328	grp-a001-02-000000069047580	하루견과	nad-a001-02-000000541753959	bsn-a001-00-000000013604308	22	10	33421	M	1	0	0	4	0
20260906	4291318	cmp-a001-02-000000010764328	grp-a001-02-000000069047580	사랑	nad-a001-02-000000553654559	bsn-a001-00-000000013604308	22	11	98128	M	1	0	0	5	0
20260906	4291318	cmp-a001-02-000000010764328	grp-a001-02-000000069047580	하루	nad-a001-02-000000541753960	bsn-a001-00-000000013604308	22	08	137281	M	11	0	0	11	0
20260906	4291318	cmp-a001-02-000000010764328	grp-a001-02-000000069047580	칼로리바제왕	nad-a001-02-000000553654559	bsn-a001-00-000000013604308	22	13	8753	M	1	0	0	3	0
20260906	4291318	cmp-a001-02-000000010764328	grp-a001-02-000000069047580	하루만	nad-a001-02-000000541753959	bsn-a001-00-000000013604308	22	09	529514	M	2	0	0	6	0
20260906	4291318	cmp-a001-02-000000010764328	grp-a001-02-000000069047580	하루만	nad-a001-02-000000541753959	bsn-a001-00-000000013604308	22	04	8753	M	1	0	0	4	0
20260906	4291318	cmp-a001-02-000000010764328	grp-a001-02-000000069047580	견과류	nad-a001-02-000000541753959	bsn-a001-00-000000013604308	22	99	529514	M	74	0	0	223	0
20260906	4291318	cmp-a001-02-000000010764328	grp-a001-02-000000072573876	추석선물	nad-a001-02-000000573683834	bsn-a001-00-000000013604308	22	15	529514	M	9	0	0	104	0
20260906	4291318	cmp-a001-02-000000010764328	grp-a001-02-000000069047580	하루	nad-a001-02-000000541753960	bsn-a001-00-000000013604308	22	15	98128	M	2	0	0	6	0
20260906	4291318	cmp-a001-02-000000010764328	grp-a001-02-000000069047580	에너지바	nad-a001-02-000000553654558	bsn-a001-00-000000013604308	22	03	529514	M	2	0	0	4	0
20260906	4291318	cmp-a001-02-000000010764328	grp-a001-02-000000069047580	프로틴바	nad-a001-02-000000553654554	bsn-a001-00-000000013604308	22	02	529514	M	67	0	0	99	0
20260906	4291318	cmp-a001-02-000000010764328	grp-a001-02-000000069047580	단백질쉐이크	nad-a001-02-000000553654562	bsn-a001-00-000000013604308	22	17	529514	M	2	0	0	2	0
20260906	4291318	cmp-a001-02-000000010764328	grp-a001-02-000000072573876	추석선물	nad-a001-02-000000573683835	bsn-a001-00-000000013604308	22	99	529514	M	15	0	0	165	0
20260906	4291318	cmp-a001-02-000000010764328	grp-a001-02-000000069047580	갓	nad-a001-02-000000541753959	bsn-a001-00-000000013604308	22	18	612594	M	4	0	0	4	0
20260906	4291318	cmp-a001-02-000000010764328	grp-a001-02-000000069047580	단백질	nad-a001-02-000000553654562	bsn-a001-00-000000013604308	22	11	8753	M	2	0	0	10	0
20260906	4291318	cmp-a001-02-000000010764328	grp-a001-02-000000069047580	단백질많은바	nad-a001-02-000000553654554	bsn-a001-00-000000013604308	22	11	8753	M	1	0	0	2	0
20260906	4291318	cmp-a001-02-000000010764328	grp-a001-02-000000072573876	추석선물	nad-a001-02-000000573683834	bsn-a001-00-000000013604308	22	00	529514	M	2	0	0	23	0
20260906	4291318	cmp-a001-02-000000010764328	grp-a001-02-000000069047580	푸룬젤리	nad-a001-02-000000541753985	bsn-a001-00-000000013604308	22	18	529514	M	2	0	0	2	0
20260906	4291318	cmp-a001-02-000000010764328	grp-a001-02-000000069047580	젤리	nad-a001-02-000000541753985	bsn-a001-00-000000013604308	22	07	8753	M	1	0	0	4	0
20260906	4291318	cmp-a001-02-000000010764328	grp-a001-02-000000069047580	견과류세트	nad-a001-02-000000541753960	bsn-a001-00-000000013604308	22	18	529514	M	2	0	0	9	0
20260906	4291318	cmp-a001-02-000000010764328	grp-a001-02-000000069047580	단백질보충제	nad-a001-02-000000553654562	bsn-a001-00-000000013604308	22	17	529514	M	2	0	0	6	0
20260906	4291318	cmp-a001-02-000000010764328	grp-a001-02-000000072573876	추석선물세트	nad-a001-02-000000573683835	bsn-a001-00-000000013604308	22	10	684926	M	1	0	0	23	0
20260906	4291318	cmp-a001-02-000000010764328	grp-a001-02-000000069047580	프로틴	nad-a001-02-000000553654562	bsn-a001-00-000000013604308	22	11	768323	M	6	0	0	8	0
20260906	4291318	cmp-a001-02-000000010764328	grp-a001-02-000000069047580	프로틴	nad-a001-02-000000553654562	bsn-a001-00-000000013604308	22	06	529514	M	2	0	0	2	0
20260906	4291318	cmp-a001-02-000000010764328	grp-a001-02-000000072573876	추석선물	nad-a001-02-000000573683834	bsn-a001-00-000000013604308	22	09	529514	M	23	0	0	262	0
20260906	4291318	cmp-a001-02-000000010764328	grp-a001-02-000000069047580	황성주생식라이프밀	nad-a001-02-000000541753988	bsn-a001-00-000000013604308	22	02	11068	P	3	0	0	18	0
20260906	4291318	cmp-a001-02-000000010764328	grp-a001-02-000000069047580	사랑이	nad-a001-02-000000553654554	bsn-a001-00-000000013604308	22	02	529514	M	2	0	0	2	0
20260906	4291318	cmp-a001-02-000000010764328	grp-a001-02-000000069047580	프로틴바	nad-a001-02-000000553654558	bsn-a001-00-000000013604308	22	03	87620	M	3	0	0	6	0
20260906	4291318	cmp-a001-02-000000010764328	grp-a001-02-000000072573876	추석선물세트	nad-a001-02-000000573683835	bsn-a001-00-000000013604308	22	10	529514	M	8	0	0	50	0
20260906	4291318	cmp-a001-02-000000010764328	grp-a001-02-000000069047580	다이어트쉐이크	nad-a001-02-000000553654562	bsn-a001-00-000000013604308	22	09	529514	M	6	0	0	6	0
20260906	4291318	cmp-a001-02-000000010764328	grp-a001-02-000000069047580	견과류	nad-a001-02-000000541753960	bsn-a001-00-000000013604308	22	16	8753	M	1	0	0	3	0
20260906	4291318	cmp-a001-02-000000010764328	grp-a001-02-000000072573876	추석선물세트	nad-a001-02-000000573683835	bsn-a001-00-000000013604308	22	09	33421	M	3	0	0	16	0
20260906	4291318	cmp-a001-02-000000010764328	grp-a001-02-000000069047580	하루만	nad-a001-02-000000541753999	bsn-a001-00-000000013604308	22	11	8753	M	2	0	0	4	0
20260906	4291318	cmp-a001-02-000000010764328	grp-a001-02-000000069047580	단백질파우더	nad-a001-02-000000553654562	bsn-a001-00-000000013604308	22	09	529514	M	2	0	0	7	0
20260906	4291318	cmp-a001-02-000000010764328	grp-a001-02-000000069047580	견과류세트	nad-a001-02-000000541753960	bsn-a001-00-000000013604308	22	14	529514	M	2	0	0	9	0
20260906	4291318	cmp-a001-02-000000010764328	grp-a001-02-000000069047580	하루견과	nad-a001-02-000000541753959	bsn-a001-00-000000013604308	22	07	529514	M	2	0	0	8	0
20260906	4291318	cmp-a001-02-000000010764328	grp-a001-02-000000069047580	단백질간식	nad-a001-02-000000553654554	bsn-a001-00-000000013604308	22	10	11068	P	1	0	0	1	0
20260906	4291318	cmp-a001-02-000000010764328	grp-a001-02-000000072573876	추석선물세트	nad-a001-02-000000573683834	bsn-a001-00-000000013604308	22	16	684927	P	1	0	0	30	0
20260906	4291318	cmp-a001-02-000000010764328	grp-a001-02-000000072573876	추석선물세트	nad-a001-02-000000573683834	bsn-a001-00-000000013604308	22	01	529514	M	1	0	0	6	0
20260906	4291318	cmp-a001-02-000000010764328	grp-a001-02-000000069047580	프로틴	nad-a001-02-000000553654562	bsn-a001-00-000000013604308	22	13	768323	M	1	0	0	1	0
20260906	4291318	cmp-a001-02-000000010764328	grp-a001-02-000000069047580	동결건조생식	nad-a001-02-000000541753996	bsn-a001-00-000000013604308	22	08	612594	M	1	0	0	3	0
20260906	4291318	cmp-a001-02-000000010764328	grp-a001-02-000000069047580	단백질바	nad-a001-02-000000553654558	bsn-a001-00-000000013604308	22	03	529514	M	2	0	0	4	0
20260906	4291318	cmp-a001-02-000000010764328	grp-a001-02-000000069047580	사랑	nad-a001-02-000000553654554	bsn-a001-00-000000013604308	22	06	98128	M	2	0	0	4	0
20260906	4291318	cmp-a001-02-000000010764328	grp-a001-02-000000069047580	하루견과	nad-a001-02-000000541753959	bsn-a001-00-000000013604308	22	09	8753	M	7	0	0	27	0
20260906	4291318	cmp-a001-02-000000010764328	grp-a001-02-000000072573876	명절선물	nad-a001-02-000000573683835	bsn-a001-00-000000013604308	22	13	529514	M	2	0	0	16	0
20260906	4291318	cmp-a001-02-000000010764328	grp-a001-02-000000069047580	다이어트쉐이크	nad-a001-02-000000553654562	bsn-a001-00-000000013604308	22	18	529514	M	2	0	0	2	0
20260906	4291318	cmp-a001-02-000000010764328	grp-a001-02-000000069047580	하루	nad-a001-02-000000541753999	bsn-a001-00-000000013604308	22	08	137281	M	11	0	0	22	0
20260906	4291318	cmp-a001-02-000000010764328	grp-a001-02-000000069047580	단백질쉐이크	nad-a001-02-000000553654562	bsn-a001-00-000000013604308	22	06	98128	M	8	0	0	8	0
20260906	4291318	cmp-a001-02-000000010764328	grp-a001-02-000000069047580	하루견과	nad-a001-02-000000541753999	bsn-a001-00-000000013604308	22	09	768323	M	1	0	0	2	0
20260906	4291318	cmp-a001-02-000000010764328	grp-a001-02-000000069047580	갓	nad-a001-02-000000541753999	bsn-a001-00-000000013604308	22	16	529514	M	2	0	0	4	0
20260906	4291318	cmp-a001-02-000000010764328	grp-a001-02-000000069047580	하루견과	nad-a001-02-000000541753999	bsn-a001-00-000000013604308	22	02	87620	M	2	0	0	2	0
20260906	4291318	cmp-a001-02-000000010764328	grp-a001-02-000000072573876	추석선물세트	nad-a001-02-000000573683835	bsn-a001-00-000000013604308	22	03	8753	M	4	0	0	13	0
20260906	4291318	cmp-a001-02-000000010764328	grp-a001-02-000000069047580	하루견과	nad-a001-02-000000541753999	bsn-a001-00-000000013604308	22	13	529514	M	8	0	0	12	0
20260906	4291318	cmp-a001-02-000000010764328	grp-a001-02-000000069047580	에너지바	nad-a001-02-000000553654554	bsn-a001-00-000000013604308	22	18	8753	M	1	0	0	2	0
20260906	4291318	cmp-a001-02-000000010764328	grp-a001-02-000000072573876	추석선물세트	nad-a001-02-000000573683835	bsn-a001-00-000000013604308	22	18	798056	M	1	0	0	7	0
20260906	4291318	cmp-a001-02-000000010764328	grp-a001-02-000000072573876	추석선물	nad-a001-02-000000573683835	bsn-a001-00-000000013604308	22	00	529514	M	1	0	0	11	0
20260906	4291318	cmp-a001-02-000000010764328	grp-a001-02-000000069047580	곡물쉐이크	nad-a001-02-000000553654562	bsn-a001-00-000000013604308	22	09	8753	M	1	0	0	6	0
20260906	4291318	cmp-a001-02-000000010764328	grp-a001-02-000000069047580	식사대용식품	nad-a001-02-000000553654562	bsn-a001-00-000000013604308	22	06	335738	P	1	0	0	5	0
20260906	4291318	cmp-a001-02-000000010764328	grp-a001-02-000000069047580	견과류	nad-a001-02-000000541753960	bsn-a001-00-000000013604308	22	16	529514	M	20	0	0	40	0
20260906	4291318	cmp-a001-02-000000010764328	grp-a001-02-000000069047580	PROTEIN	nad-a001-02-000000553654562	bsn-a001-00-000000013604308	22	02	529514	M	2	0	0	2	0
20260906	4291318	cmp-a001-02-000000010764328	grp-a001-02-000000072573876	추석선물순위	nad-a001-02-000000573683835	bsn-a001-00-000000013604308	22	09	8753	M	1	0	0	12	0
20260906	4291318	cmp-a001-02-000000010764328	grp-a001-02-000000069047580	단백질보충제	nad-a001-02-000000553654562	bsn-a001-00-000000013604308	22	11	529514	M	4	0	0	12	0
20260906	4291318	cmp-a001-02-000000010764328	grp-a001-02-000000069047580	사랑하고	nad-a001-02-000000553654554	bsn-a001-00-000000013604308	22	02	98128	M	1	0	0	1	0
20260906	4291318	cmp-a001-02-000000010764328	grp-a001-02-000000069047580	프로틴	nad-a001-02-000000553654562	bsn-a001-00-000000013604308	22	02	8753	M	2	0	0	17	0
20260906	4291318	cmp-a001-02-000000010764328	grp-a001-02-000000069047580	견과류	nad-a001-02-000000541753959	bsn-a001-00-000000013604308	17	14	529514	M	16	0	0	32	0
20260906	4291318	cmp-a001-02-000000010764328	grp-a001-02-000000069047580	스토어	nad-a001-02-000000541753997	bsn-a001-00-000000013604308	17	11	98128	M	2	0	0	6	0
20260906	4291318	cmp-a001-02-000000010764328	grp-a001-02-000000072573876	추석선물세트	nad-a001-02-000000573683835	bsn-a001-00-000000013604308	17	99	529514	M	27	0	0	94	0
20260906	4291318	cmp-a001-02-000000010764328	grp-a001-02-000000072573876	추석선물세트	nad-a001-02-000000573683835	bsn-a001-00-000000013604308	17	09	684926	M	2	0	0	12	0
20260906	4291318	cmp-a001-02-000000010764328	grp-a001-02-000000069047580	풀라이밀하루용량	nad-a001-02-000000553654562	bsn-a001-00-000000013604308	17	11	8753	M	1	0	0	1	0
20260906	4291318	cmp-a001-02-000000010764328	grp-a001-02-000000072573876	추석선물세트	nad-a001-02-000000573683834	bsn-a001-00-000000013604308	17	03	8753	M	1	0	0	3	0
20260906	4291318	cmp-a001-02-000000010764328	grp-a001-02-000000072573876	추석선물세트	nad-a001-02-000000573683834	bsn-a001-00-000000013604308	17	99	684926	M	2	0	0	4	0
20260906	4291318	cmp-a001-02-000000010764328	grp-a001-02-000000069047580	젤리	nad-a001-02-000000541753985	bsn-a001-00-000000013604308	17	09	137281	M	1	0	0	2	0
20260906	4291318	cmp-a001-02-000000010764328	grp-a001-02-000000069047580	견과	nad-a001-02-000000541753999	bsn-a001-00-000000013604308	17	02	684927	P	1	0	0	2	0
20260906	4291318	cmp-a001-02-000000010764328	grp-a001-02-000000072573876	명절선물추천	nad-a001-02-000000573683835	bsn-a001-00-000000013604308	17	11	8753	M	2	0	0	12	0
20260906	4291318	cmp-a001-02-000000010764328	grp-a001-02-000000069047580	견과류	nad-a001-02-000000541753959	bsn-a001-00-000000013604308	17	02	11068	P	1	0	0	5	0
20260906	4291318	cmp-a001-02-000000010764328	grp-a001-02-000000072573876	추석선물	nad-a001-02-000000573683835	bsn-a001-00-000000013604308	17	04	529514	M	1	0	0	12	0
20260906	4291318	cmp-a001-02-000000010764328	grp-a001-02-000000069047580	하루견과	nad-a001-02-000000541753959	bsn-a001-00-000000013604308	17	15	633013	M	1	0	0	1	0
20260906	4291318	cmp-a001-02-000000010764328	grp-a001-02-000000069047580	프로틴	nad-a001-02-000000553654562	bsn-a001-00-000000013604308	17	17	529514	M	3	0	0	3	0
20260906	4291318	cmp-a001-02-000000010764328	grp-a001-02-000000069047580	견과류	nad-a001-02-000000541753959	bsn-a001-00-000000013604308	17	99	33421	M	1	0	0	3	0
20260906	4291318	cmp-a001-02-000000010764328	grp-a001-02-000000069047580	칼로리바	nad-a001-02-000000553654559	bsn-a001-00-000000013604308	17	09	8753	M	4	0	0	14	0
20260906	4291318	cmp-a001-02-000000010764328	grp-a001-02-000000069047580	견과류영양성분	nad-a001-02-000000541753959	bsn-a001-00-000000013604308	17	02	8753	M	1	0	0	3	0
20260906	4291318	cmp-a001-02-000000010764328	grp-a001-02-000000069047580	혼합견과류	nad-a001-02-000000541753959	bsn-a001-00-000000013604308	17	10	684926	M	1	0	0	12	0
20260906	4291318	cmp-a001-02-000000010764328	grp-a001-02-000000072573876	추석선물세트	nad-a001-02-000000573683835	bsn-a001-00-000000013604308	17	09	8753	M	3	0	0	12	0
20260906	4291318	cmp-a001-02-000000010764328	grp-a001-02-000000069047580	황성주생식당당	nad-a001-02-000000541753996	bsn-a001-00-000000013604308	17	08	8753	M	1	0	0	2	0
20260906	4291318	cmp-a001-02-000000010764328	grp-a001-02-000000072573876	추석선물	nad-a001-02-000000573683834	bsn-a001-00-000000013604308	17	08	529514	M	1	0	0	11	0
20260906	4291318	cmp-a001-02-000000010764328	grp-a001-02-000000069047580	단백질다이어트	nad-a001-02-000000553654562	bsn-a001-00-000000013604308	17	09	98128	M	1	0	0	2	0
20260906	4291318	cmp-a001-02-000000010764328	grp-a001-02-000000069047580	사랑이	nad-a001-02-000000553654559	bsn-a001-00-000000013604308	17	02	529514	M	2	0	0	13	0
20260906	4291318	cmp-a001-02-000000010764328	grp-a001-02-000000069047580	프로틴단백질	nad-a001-02-000000553654562	bsn-a001-00-000000013604308	17	14	612594	M	1	0	0	4	0
20260906	4291318	cmp-a001-02-000000010764328	grp-a001-02-000000069047580	하루	nad-a001-02-000000541753960	bsn-a001-00-000000013604308	17	09	805760	M	5	0	0	15	0
20260906	4291318	cmp-a001-02-000000010764328	grp-a001-02-000000069047580	곡물단백질쉐이크	nad-a001-02-000000553654562	bsn-a001-00-000000013604308	17	02	8753	M	1	0	0	5	0
20260906	4291318	cmp-a001-02-000000010764328	grp-a001-02-000000069047580	견과류세트	nad-a001-02-000000541753999	bsn-a001-00-000000013604308	17	11	529514	M	1	0	0	1	0
20260906	4291318	cmp-a001-02-000000010764328	grp-a001-02-000000069047580	황성주생식당당	nad-a001-02-000000541754004	bsn-a001-00-000000013604308	17	08	8753	M	1	0	0	3	0
20260906	4291318	cmp-a001-02-000000010764328	grp-a001-02-000000069047580	견과류	nad-a001-02-000000541753960	bsn-a001-00-000000013604308	17	01	529514	M	15	0	0	45	0
20260906	4291318	cmp-a001-02-000000010764328	grp-a001-02-000000069047580	단백질쉐이크	nad-a001-02-000000553654562	bsn-a001-00-000000013604308	17	99	529514	M	109	0	0	109	0
20260906	4291318	cmp-a001-02-000000010764328	grp-a001-02-000000072573876	추석선물	nad-a001-02-000000573683835	bsn-a001-00-000000013604308	17	01	8753	M	1	0	0	4	0
20260906	4291318	cmp-a001-02-000000010764328	grp-a001-02-000000069047580	프로틴바	nad-a001-02-000000553654559	bsn-a001-00-000000013604308	17	06	8753	M	1	0	0	24	0
20260906	4291318	cmp-a001-02-000000010764328	grp-a001-02-000000069047580	단백질쉐이크	nad-a001-02-000000553654562	bsn-a001-00-000000013604308	17	16	798056	M	1	0	0	3	0
20260906	4291318	cmp-a001-02-000000010764328	grp-a001-02-000000069047580	단백질보충제순위	nad-a001-02-000000553654562	bsn-a001-00-000000013604308	17	00	612593	P	1	0	0	2	0
20260906	4291318	cmp-a001-02-000000010764328	grp-a001-02-000000069047580	갓	nad-a001-02-000000541753960	bsn-a001-00-000000013604308	17	07	33421	M	2	0	0	15	0
20260906	4291318	cmp-a001-02-000000010764328	grp-a001-02-000000069047580	견과류	nad-a001-02-000000541753959	bsn-a001-00-000000013604308	17	02	529514	M	201	1	2461	434	0
20260906	4291318	cmp-a001-02-000000010764328	grp-a001-02-000000069047580	프로틴쉐이크	nad-a001-02-000000553654562	bsn-a001-00-000000013604308	17	13	529514	M	2	0	0	6	0
20260906	4291318	cmp-a001-02-000000010764328	grp-a001-02-000000069047580	칼슘보충제추천	nad-a001-02-000000553654562	bsn-a001-00-000000013604308	17	04	8753	M	1	0	0	4	0
20260906	4291318	cmp-a001-02-000000010764328	grp-a001-02-000000069047580	에너지바	nad-a001-02-000000553654559	bsn-a001-00-000000013604308	17	04	8753	M	1	0	0	11	0
20260906	4291318	cmp-a001-02-000000010764328	grp-a001-02-000000069047580	하루	nad-a001-02-000000541753959	bsn-a001-00-000000013604308	17	10	612594	M	1	0	0	2	0
20260906	4291318	cmp-a001-02-000000010764328	grp-a001-02-000000069047580	황성주생식	nad-a001-02-000000541753997	bsn-a001-00-000000013604308	17	02	8753	M	1	0	0	1	0
20260906	4291318	cmp-a001-02-000000010764328	grp-a001-02-000000069047580	단백질바	nad-a001-02-000000553654558	bsn-a001-00-000000013604308	17	04	8753	M	1	0	0	6	0
20260906	4291318	cmp-a001-02-000000010764328	grp-a001-02-000000069047580	견과세트	nad-a001-02-000000541753960	bsn-a001-00-000000013604308	17	02	768323	M	2	0	0	6	0
20260906	4291318	cmp-a001-02-000000010764328	grp-a001-02-000000069047580	하루만	nad-a001-02-000000541753959	bsn-a001-00-000000013604308	17	13	529514	M	2	0	0	4	0
20260906	4291318	cmp-a001-02-000000010764328	grp-a001-02-000000069047580	하루만	nad-a001-02-000000541753960	bsn-a001-00-000000013604308	17	09	98128	M	1	0	0	2	0
20260906	4291318	cmp-a001-02-000000010764328	grp-a001-02-000000069047580	하루	nad-a001-02-000000541753999	bsn-a001-00-000000013604308	17	09	137281	M	1	0	0	2	0
20260906	4291318	cmp-a001-02-000000010764328	grp-a001-02-000000069047580	하루견과	nad-a001-02-000000541753999	bsn-a001-00-000000013604308	17	15	633013	M	1	0	0	3	0
20260906	4291318	cmp-a001-02-000000010764328	grp-a001-02-000000069047580	가루	nad-a001-02-000000541754004	bsn-a001-00-000000013604308	17	16	8753	M	1	0	0	3	0
20260906	4291318	cmp-a001-02-000000010764328	grp-a001-02-000000069047580	가루	nad-a001-02-000000541753996	bsn-a001-00-000000013604308	17	11	8753	M	1	0	0	2	0
20260906	4291318	cmp-a001-02-000000010764328	grp-a001-02-000000069047580	스토어	nad-a001-02-000000541753996	bsn-a001-00-000000013604308	17	17	98128	M	2	0	0	2	0
20260906	4291318	cmp-a001-02-000000010764328	grp-a001-02-000000069047580	하루	nad-a001-02-000000541753959	bsn-a001-00-000000013604308	17	02	248824	P	1	0	0	2	0
20260906	4291318	cmp-a001-02-000000010764328	grp-a001-02-000000069047580	하루견과	nad-a001-02-000000541753960	bsn-a001-00-000000013604308	17	09	87620	M	1	0	0	2	0
20260906	4291318	cmp-a001-02-000000010764328	grp-a001-02-000000069047580	프로틴바	nad-a001-02-000000553654559	bsn-a001-00-000000013604308	17	09	529514	M	11	0	0	41	0
20260906	4291318	cmp-a001-02-000000010764328	grp-a001-02-000000069047580	단백질간식	nad-a001-02-000000553654558	bsn-a001-00-000000013604308	17	09	684926	M	1	0	0	4	0
20260906	4291318	cmp-a001-02-000000010764328	grp-a001-02-000000072573876	명절선물	nad-a001-02-000000573683835	bsn-a001-00-000000013604308	17	03	529514	M	2	0	0	23	0
20260906	4291318	cmp-a001-02-000000010764328	grp-a001-02-000000069047580	에너지바	nad-a001-02-000000553654554	bsn-a001-00-000000013604308	17	04	8753	M	1	0	0	2	0
20260906	4291318	cmp-a001-02-000000010764328	grp-a001-02-000000069047580	견과류	nad-a001-02-000000541753959	bsn-a001-00-000000013604308	17	03	8753	M	3	0	0	11	0
20260906	4291318	cmp-a001-02-000000010764328	grp-a001-02-000000069047580	젤리	nad-a001-02-000000541753985	bsn-a001-00-000000013604308	17	18	529514	M	2	0	0	3	0
20260906	4291318	cmp-a001-02-000000010764328	grp-a001-02-000000069047580	견과류세트	nad-a001-02-000000541753959	bsn-a001-00-000000013604308	17	06	33421	M	1	0	0	7	0
20260906	4291318	cmp-a001-02-000000010764328	grp-a001-02-000000069047580	프로틴	nad-a001-02-000000553654562	bsn-a001-00-000000013604308	17	07	768323	M	1	0	0	1	0
20260906	4291318	cmp-a001-02-000000010764328	grp-a001-02-000000069047580	프로틴쉐이크	nad-a001-02-000000553654562	bsn-a001-00-000000013604308	17	09	529514	M	2	0	0	6	0
20260906	4291318	cmp-a001-02-000000010764328	grp-a001-02-000000069047580	하루견과	nad-a001-02-000000541753960	bsn-a001-00-000000013604308	17	06	8753	M	1	0	0	3	0
20260906	4291318	cmp-a001-02-000000010764328	grp-a001-02-000000069047580	하루	nad-a001-02-000000541753960	bsn-a001-00-000000013604308	17	14	612594	M	1	0	0	3	0
20260906	4291318	cmp-a001-02-000000010764328	grp-a001-02-000000069047580	하루만	nad-a001-02-000000541753999	bsn-a001-00-000000013604308	17	13	529514	M	2	0	0	2	0
20260906	4291318	cmp-a001-02-000000010764328	grp-a001-02-000000069047580	사랑	nad-a001-02-000000553654558	bsn-a001-00-000000013604308	17	02	98128	M	8	0	0	32	0
20260906	4291318	cmp-a001-02-000000010764328	grp-a001-02-000000069047580	젤리	nad-a001-02-000000541753985	bsn-a001-00-000000013604308	17	16	8753	M	1	0	0	3	0
20260906	4291318	cmp-a001-02-000000010764328	grp-a001-02-000000069047580	칼로리비교	nad-a001-02-000000553654558	bsn-a001-00-000000013604308	17	00	612593	P	1	0	0	3	0
20260906	4291318	cmp-a001-02-000000010764328	grp-a001-02-000000069047580	하루	nad-a001-02-000000541753960	bsn-a001-00-000000013604308	17	09	98128	M	1	0	0	2	0
20260906	4291318	cmp-a001-02-000000010764328	grp-a001-02-000000069047580	하루견과	nad-a001-02-000000541753959	bsn-a001-00-000000013604308	17	08	87620	M	2	0	0	6	0
20260906	4291318	cmp-a001-02-000000010764328	grp-a001-02-000000069047580	하루견과	nad-a001-02-000000541753999	bsn-a001-00-000000013604308	17	03	529514	M	2	0	0	3	0
20260906	4291318	cmp-a001-02-000000010764328	grp-a001-02-000000069047580	단백질바	nad-a001-02-000000553654554	bsn-a001-00-000000013604308	17	01	8753	M	1	0	0	5	0
20260906	4291318	cmp-a001-02-000000010764328	grp-a001-02-000000069047580	하루견과	nad-a001-02-000000541753999	bsn-a001-00-000000013604308	17	02	529514	M	8	0	0	14	0
20260906	4291318	cmp-a001-02-000000010764328	grp-a001-02-000000069047580	황성주생식	nad-a001-02-000000541753997	bsn-a001-00-000000013604308	17	02	684926	M	1	0	0	7	0
20260906	4291318	cmp-a001-02-000000010764328	grp-a001-02-000000069047580	하루	nad-a001-02-000000541753999	bsn-a001-00-000000013604308	17	07	612594	M	1	0	0	1	0
20260906	4291318	cmp-a001-02-000000010764328	grp-a001-02-000000069047580	하루견과	nad-a001-02-000000541753960	bsn-a001-00-000000013604308	17	03	8753	M	3	0	0	14	0
20260906	4291318	cmp-a001-02-000000010764328	grp-a001-02-000000069047580	프로틴	nad-a001-02-000000553654562	bsn-a001-00-000000013604308	17	16	98128	M	2	0	0	2	0
20260906	4291318	cmp-a001-02-000000010764328	grp-a001-02-000000069047580	황성주생식당당	nad-a001-02-000000541754005	bsn-a001-00-000000013604308	17	08	8753	M	1	0	0	4	0
20260906	4291318	cmp-a001-02-000000010764328	grp-a001-02-000000069047580	에너지바	nad-a001-02-000000553654558	bsn-a001-00-000000013604308	17	09	8753	M	1	0	0	5	0
20260906	4291318	cmp-a001-02-000000010764328	grp-a001-02-000000069047580	젤리	nad-a001-02-000000541753985	bsn-a001-00-000000013604308	17	02	529514	M	6	0	0	6	0
20260906	4291318	cmp-a001-02-000000010764328	grp-a001-02-000000069047580	하루	nad-a001-02-000000541753960	bsn-a001-00-000000013604308	17	01	98128	M	2	0	0	4	0
20260906	4291318	cmp-a001-02-000000010764328	grp-a001-02-000000069047580	젤리	nad-a001-02-000000541753985	bsn-a001-00-000000013604308	17	11	98128	M	3	0	0	6	0
20260906	4291318	cmp-a001-02-000000010764328	grp-a001-02-000000069047580	프로틴쉐이크	nad-a001-02-000000553654562	bsn-a001-00-000000013604308	17	18	529514	M	1	0	0	3	0
20260906	4291318	cmp-a001-02-000000010764328	grp-a001-02-000000069047580	단백질프로틴	nad-a001-02-000000553654562	bsn-a001-00-000000013604308	17	09	529514	M	2	0	0	6	0
20260906	4291318	cmp-a001-02-000000010764328	grp-a001-02-000000069047580	견과류	nad-a001-02-000000541753960	bsn-a001-00-000000013604308	17	06	33421	M	1	0	0	5	0
20260906	4291318	cmp-a001-02-000000010764328	grp-a001-02-000000069047580	견과류	nad-a001-02-000000541753959	bsn-a001-00-000000013604308	17	11	8753	M	1	0	0	3	0
20260906	4291318	cmp-a001-02-000000010764328	grp-a001-02-000000069047580	견과류	nad-a001-02-000000541753960	bsn-a001-00-000000013604308	17	09	529514	M	230	0	0	706	0
20260906	4291318	cmp-a001-02-000000010764328	grp-a001-02-000000069047580	견과류추천	nad-a001-02-000000541753999	bsn-a001-00-000000013604308	17	08	684924	M	1	0	0	1	0
20260906	4291318	cmp-a001-02-000000010764328	grp-a001-02-000000069047580	스토어	nad-a001-02-000000541753997	bsn-a001-00-000000013604308	17	02	248824	P	1	0	0	1	0
20260906	4291318	cmp-a001-02-000000010764328	grp-a001-02-000000072573876	추석선물	nad-a001-02-000000573683835	bsn-a001-00-000000013604308	17	16	529514	M	1	0	0	12	0
20260906	4291318	cmp-a001-02-000000010764328	grp-a001-02-000000069047580	견과세트	nad-a001-02-000000541753960	bsn-a001-00-000000013604308	17	09	768323	M	1	0	0	3	0
20260906	4291318	cmp-a001-02-000000010764328	grp-a001-02-000000069047580	황성주생식	nad-a001-02-000000541754005	bsn-a001-00-000000013604308	17	02	8753	M	1	0	0	4	0
20260906	4291318	cmp-a001-02-000000010764328	grp-a001-02-000000072573876	추석선물	nad-a001-02-000000573683834	bsn-a001-00-000000013604308	17	08	8753	M	1	0	0	3	0
20260906	4291318	cmp-a001-02-000000010764328	grp-a001-02-000000069047580	하루	nad-a001-02-000000541753999	bsn-a001-00-000000013604308	17	09	98128	M	2	0	0	2	0
20260906	4291318	cmp-a001-02-000000010764328	grp-a001-02-000000069047580	하루견과	nad-a001-02-000000541753960	bsn-a001-00-000000013604308	17	09	23123	P	1	0	0	2	0
20260906	4291318	cmp-a001-02-000000010764328	grp-a001-02-000000069047580	프로틴	nad-a001-02-000000553654562	bsn-a001-00-000000013604308	17	09	529514	M	152	0	0	172	0
20260906	4291318	cmp-a001-02-000000010764328	grp-a001-02-000000069047580	프로틴단백질	nad-a001-02-000000553654562	bsn-a001-00-000000013604308	17	04	529514	M	8	0	0	24	0
20260906	4291318	cmp-a001-02-000000010764328	grp-a001-02-000000069047580	젤리	nad-a001-02-000000541753985	bsn-a001-00-000000013604308	17	07	529514	M	17	0	0	21	0
20260906	4291318	cmp-a001-02-000000010764328	grp-a001-02-000000072573876	추석선물셋트	nad-a001-02-000000573683835	bsn-a001-00-000000013604308	17	09	529514	M	1	0	0	4	0
20260906	4291318	cmp-a001-02-000000010764328	grp-a001-02-000000072573876	추석선물세트	nad-a001-02-000000573683834	bsn-a001-00-000000013604308	17	07	33421	M	1	0	0	3	0
20260906	4291318	cmp-a001-02-000000010764328	grp-a001-02-000000069047580	견과류세트	nad-a001-02-000000541753960	bsn-a001-00-000000013604308	17	99	529514	M	2	0	0	6	0
20260906	4291318	cmp-a001-02-000000010764328	grp-a001-02-000000069047580	하루견과	nad-a001-02-000000541753999	bsn-a001-00-000000013604308	17	08	87620	M	2	0	0	2	0
20260906	4291318	cmp-a001-02-000000010764328	grp-a001-02-000000072573876	추석선물세트	nad-a001-02-000000573683835	bsn-a001-00-000000013604308	17	08	529514	M	13	0	0	44	0
20260906	4291318	cmp-a001-02-000000010764328	grp-a001-02-000000069047580	하루견과	nad-a001-02-000000541753959	bsn-a001-00-000000013604308	17	03	33421	M	2	0	0	4	0
20260906	4291318	cmp-a001-02-000000010764328	grp-a001-02-000000069047580	프로틴	nad-a001-02-000000553654562	bsn-a001-00-000000013604308	17	16	33421	M	1	0	0	6	0
20260906	4291318	cmp-a001-02-000000010764328	grp-a001-02-000000072573876	추석선물세트추천	nad-a001-02-000000573683835	bsn-a001-00-000000013604308	17	03	8753	M	1	0	0	2	0
20260906	4291318	cmp-a001-02-000000010764328	grp-a001-02-000000069047580	하루도	nad-a001-02-000000541753959	bsn-a001-00-000000013604308	17	02	8753	M	1	0	0	4	0
20260906	4291318	cmp-a001-02-000000010764328	grp-a001-02-000000069047580	하루견과	nad-a001-02-000000541753960	bsn-a001-00-000000013604308	17	09	8753	M	10	0	0	56	0
20260906	4291318	cmp-a001-02-000000010764328	grp-a001-02-000000069047580	단백질쉐이크	nad-a001-02-000000553654562	bsn-a001-00-000000013604308	17	11	529514	M	51	0	0	51	0
20260906	4291318	cmp-a001-02-000000010764328	grp-a001-02-000000069047580	하루견과	nad-a001-02-000000541753999	bsn-a001-00-000000013604308	17	03	33421	M	2	0	0	2	0
20260906	4291318	cmp-a001-02-000000010764328	grp-a001-02-000000069047580	견과류	nad-a001-02-000000541753999	bsn-a001-00-000000013604308	17	02	684927	P	2	0	0	4	0
20260906	4291318	cmp-a001-02-000000010764328	grp-a001-02-000000069047580	견과류	nad-a001-02-000000541753999	bsn-a001-00-000000013604308	17	13	8753	M	1	0	0	2	0
20260906	4291318	cmp-a001-02-000000010764328	grp-a001-02-000000069047580	분말가루	nad-a001-02-000000541754004	bsn-a001-00-000000013604308	17	07	8753	M	1	0	0	3	0
20260906	4291318	cmp-a001-02-000000010764328	grp-a001-02-000000069047580	하루견과	nad-a001-02-000000541753959	bsn-a001-00-000000013604308	17	02	684926	M	1	0	0	3	0
20260906	4291318	cmp-a001-02-000000010764328	grp-a001-02-000000069047580	견과류	nad-a001-02-000000541753959	bsn-a001-00-000000013604308	17	04	8753	M	3	0	0	11	0
20260906	4291318	cmp-a001-02-000000010764328	grp-a001-02-000000072573876	추석선물세트	nad-a001-02-000000573683835	bsn-a001-00-000000013604308	17	18	529514	M	3	0	0	10	0
20260906	4291318	cmp-a001-02-000000010764328	grp-a001-02-000000072573876	추석선물	nad-a001-02-000000573683835	bsn-a001-00-000000013604308	17	06	529514	M	4	0	0	46	0
20260906	4291318	cmp-a001-02-000000010764328	grp-a001-02-000000069047580	사랑님	nad-a001-02-000000553654558	bsn-a001-00-000000013604308	17	13	529514	M	14	0	0	42	0
20260906	4291318	cmp-a001-02-000000010764328	grp-a001-02-000000069047580	스토어	nad-a001-02-000000541754004	bsn-a001-00-000000013604308	17	00	248824	P	10	0	0	10	0
20260906	4291318	cmp-a001-02-000000010764328	grp-a001-02-000000069047580	견과류세트	nad-a001-02-000000541753999	bsn-a001-00-000000013604308	17	11	8753	M	4	1	2149	4	0
20260906	4291318	cmp-a001-02-000000010764328	grp-a001-02-000000069047580	견과류	nad-a001-02-000000541753999	bsn-a001-00-000000013604308	17	07	529514	M	11	0	0	11	0
20260906	4291318	cmp-a001-02-000000010764328	grp-a001-02-000000069047580	견과류	nad-a001-02-000000541753959	bsn-a001-00-000000013604308	17	10	529514	M	10	0	0	20	0
20260906	4291318	cmp-a001-02-000000010764328	grp-a001-02-000000072573876	추석선물	nad-a001-02-000000573683834	bsn-a001-00-000000013604308	17	09	529514	M	37	0	0	408	0
20260906	4291318	cmp-a001-02-000000010764328	grp-a001-02-000000069047580	견과류	nad-a001-02-000000541753960	bsn-a001-00-000000013604308	17	06	8753	M	4	0	0	20	0
20260906	4291318	cmp-a001-02-000000010764328	grp-a001-02-000000072573876	추석선물세트	nad-a001-02-000000573683834	bsn-a001-00-000000013604308	17	07	529514	M	6	0	0	19	0
20260906	4291318	cmp-a001-02-000000010764328	grp-a001-02-000000069047580	견과류추천	nad-a001-02-000000541753959	bsn-a001-00-000000013604308	17	04	8753	M	1	0	0	3	0
20260906	4291318	cmp-a001-02-000000010764328	grp-a001-02-000000069047580	사랑	nad-a001-02-000000553654559	bsn-a001-00-000000013604308	17	02	98128	M	8	0	0	40	0
20260906	4291318	cmp-a001-02-000000010764328	grp-a001-02-000000069047580	젤리	nad-a001-02-000000541753985	bsn-a001-00-000000013604308	17	09	684926	M	1	0	0	8	0
20260906	4291318	cmp-a001-02-000000010764328	grp-a001-02-000000069047580	하루견과	nad-a001-02-000000541753959	bsn-a001-00-000000013604308	17	13	529514	M	2	0	0	7	0
20260906	4291318	cmp-a001-02-000000010764328	grp-a001-02-000000069047580	하루견과	nad-a001-02-000000541753960	bsn-a001-00-000000013604308	17	02	529514	M	8	0	0	20	0
20260906	4291318	cmp-a001-02-000000010764328	grp-a001-02-000000069047580	혼합견과류	nad-a001-02-000000541753960	bsn-a001-00-000000013604308	17	03	768323	M	1	0	0	3	0
20260906	4291318	cmp-a001-02-000000010764328	grp-a001-02-000000069047580	견과류	nad-a001-02-000000541753959	bsn-a001-00-000000013604308	17	11	529514	M	38	0	0	77	0
20260906	4291318	cmp-a001-02-000000010764328	grp-a001-02-000000072573876	추석선물세트	nad-a001-02-000000573683834	bsn-a001-00-000000013604308	17	16	529514	M	5	0	0	17	0
20260906	4291318	cmp-a001-02-000000010764328	grp-a001-02-000000069047580	프로틴	nad-a001-02-000000553654562	bsn-a001-00-000000013604308	17	03	8753	M	1	0	0	6	0
20260906	4291318	cmp-a001-02-000000010764328	grp-a001-02-000000069047580	단백질보충제	nad-a001-02-000000553654562	bsn-a001-00-000000013604308	17	09	529514	M	8	0	0	13	0
20260906	4291318	cmp-a001-02-000000010764328	grp-a001-02-000000069047580	견과류	nad-a001-02-000000541753999	bsn-a001-00-000000013604308	17	15	529514	M	20	0	0	20	0
20260906	4291318	cmp-a001-02-000000010764328	grp-a001-02-000000069047580	단백질보충제추천	nad-a001-02-000000553654562	bsn-a001-00-000000013604308	17	02	612593	P	1	0	0	2	0
20260906	4291318	cmp-a001-02-000000010764328	grp-a001-02-000000069047580	젤리	nad-a001-02-000000541753985	bsn-a001-00-000000013604308	17	99	684926	M	1	0	0	4	0
20260906	4291318	cmp-a001-02-000000010764328	grp-a001-02-000000069047580	하루	nad-a001-02-000000541753959	bsn-a001-00-000000013604308	17	11	612594	M	4	0	0	8	0
20260906	4291318	cmp-a001-02-000000010764328	grp-a001-02-000000069047580	단백질쉐이크	nad-a001-02-000000553654562	bsn-a001-00-000000013604308	17	14	529514	M	10	0	0	10	0
20260906	4291318	cmp-a001-02-000000010764328	grp-a001-02-000000069047580	견과류	nad-a001-02-000000541753959	bsn-a001-00-000000013604308	17	06	8753	M	4	0	0	14	0
20260906	4291318	cmp-a001-02-000000010764328	grp-a001-02-000000069047580	견과류세트	nad-a001-02-000000541753999	bsn-a001-00-000000013604308	17	09	529514	M	48	0	0	48	0
20260906	4291318	cmp-a001-02-000000010764328	grp-a001-02-000000069047580	단백질바	nad-a001-02-000000553654558	bsn-a001-00-000000013604308	17	02	529514	M	6	0	0	12	0
20260906	4291318	cmp-a001-02-000000010764328	grp-a001-02-000000069047580	견과류	nad-a001-02-000000541753960	bsn-a001-00-000000013604308	17	16	529514	M	16	0	0	48	0
20260906	4291318	cmp-a001-02-000000010764328	grp-a001-02-000000069047580	에너지바	nad-a001-02-000000553654558	bsn-a001-00-000000013604308	17	18	23123	P	1	0	0	2	0
20260906	4291318	cmp-a001-02-000000010764328	grp-a001-02-000000069047580	프로틴	nad-a001-02-000000553654562	bsn-a001-00-000000013604308	17	09	98128	M	3	0	0	5	0
20260906	4291318	cmp-a001-02-000000010764328	grp-a001-02-000000069047580	하루에견과류섭취량	nad-a001-02-000000541753960	bsn-a001-00-000000013604308	17	02	8753	M	2	0	0	8	0
20260906	4291318	cmp-a001-02-000000010764328	grp-a001-02-000000069047580	동결건조생식	nad-a001-02-000000541754005	bsn-a001-00-000000013604308	17	03	8753	M	1	0	0	5	0
20260906	4291318	cmp-a001-02-000000010764328	grp-a001-02-000000072573876	명절선물	nad-a001-02-000000573683834	bsn-a001-00-000000013604308	17	03	529514	M	1	0	0	11	0
20260906	4291318	cmp-a001-02-000000010764328	grp-a001-02-000000069047580	칼로리바	nad-a001-02-000000553654559	bsn-a001-00-000000013604308	17	18	684926	M	1	0	0	4	0
20260906	4291318	cmp-a001-02-000000010764328	grp-a001-02-000000069047580	푸룬젤리	nad-a001-02-000000541753985	bsn-a001-00-000000013604308	17	09	8753	M	2	0	0	7	0
20260906	4291318	cmp-a001-02-000000010764328	grp-a001-02-000000072573876	명절선물	nad-a001-02-000000573683834	bsn-a001-00-000000013604308	17	06	529514	M	2	0	0	22	0
20260906	4291318	cmp-a001-02-000000010764328	grp-a001-02-000000069047580	하루견과	nad-a001-02-000000541753960	bsn-a001-00-000000013604308	17	11	529514	M	4	0	0	10	0
20260906	4291318	cmp-a001-02-000000010764328	grp-a001-02-000000069047580	여수에너지바	nad-a001-02-000000553654558	bsn-a001-00-000000013604308	17	18	8753	M	1	0	0	4	0
20260906	4291318	cmp-a001-02-000000010764328	grp-a001-02-000000072573876	추석선물세트	nad-a001-02-000000573683834	bsn-a001-00-000000013604308	17	15	529514	M	9	0	0	27	0
20260906	4291318	cmp-a001-02-000000010764328	grp-a001-02-000000069047580	단백질	nad-a001-02-000000553654562	bsn-a001-00-000000013604308	17	07	529514	M	9	0	0	12	0
20260906	4291318	cmp-a001-02-000000010764328	grp-a001-02-000000069047580	견과류세트	nad-a001-02-000000541753960	bsn-a001-00-000000013604308	17	02	8753	M	1	0	0	3	0
20260906	4291318	cmp-a001-02-000000010764328	grp-a001-02-000000069047580	젤리	nad-a001-02-000000541753985	bsn-a001-00-000000013604308	17	09	768323	M	1	0	0	1	0
20260906	4291318	cmp-a001-02-000000010764328	grp-a001-02-000000069047580	하루견과	nad-a001-02-000000541753999	bsn-a001-00-000000013604308	17	09	23123	P	1	0	0	1	0
20260906	4291318	cmp-a001-02-000000010764328	grp-a001-02-000000069047580	스토어	nad-a001-02-000000541753996	bsn-a001-00-000000013604308	17	06	98128	M	2	0	0	2	0
20260906	4291318	cmp-a001-02-000000010764328	grp-a001-02-000000069047580	하루견과	nad-a001-02-000000541753999	bsn-a001-00-000000013604308	17	08	8753	M	3	0	0	9	0
20260906	4291318	cmp-a001-02-000000010764328	grp-a001-02-000000069047580	에너지바	nad-a001-02-000000553654554	bsn-a001-00-000000013604308	17	15	529514	M	4	0	0	4	0
20260906	4291318	cmp-a001-02-000000010764328	grp-a001-02-000000069047580	하루만	nad-a001-02-000000541753959	bsn-a001-00-000000013604308	17	09	98128	M	1	0	0	1	0
20260906	4291318	cmp-a001-02-000000010764328	grp-a001-02-000000069047580	견과류추천	nad-a001-02-000000541753999	bsn-a001-00-000000013604308	17	08	8753	M	2	0	0	2	0
20260906	4291318	cmp-a001-02-000000010764328	grp-a001-02-000000069047580	스토어	nad-a001-02-000000541753996	bsn-a001-00-000000013604308	17	08	98128	M	11	0	0	11	0
20260906	4291318	cmp-a001-02-000000010764328	grp-a001-02-000000069047580	하루	nad-a001-02-000000541753959	bsn-a001-00-000000013604308	17	04	612594	M	1	0	0	2	0
20260906	4291318	cmp-a001-02-000000010764328	grp-a001-02-000000069047580	네이버스토어	nad-a001-02-000000541753996	bsn-a001-00-000000013604308	17	01	335738	P	1	0	0	3	0
20260906	4291318	cmp-a001-02-000000010764328	grp-a001-02-000000069047580	하루	nad-a001-02-000000541753959	bsn-a001-00-000000013604308	17	02	98128	M	6	0	0	18	0
20260906	4291318	cmp-a001-02-000000010764328	grp-a001-02-000000069047580	견과	nad-a001-02-000000541753999	bsn-a001-00-000000013604308	17	10	684926	M	1	0	0	2	0
20260906	4291318	cmp-a001-02-000000010764328	grp-a001-02-000000069047580	단백질보충제	nad-a001-02-000000553654562	bsn-a001-00-000000013604308	17	09	87620	M	1	0	0	1	0
20260906	4291318	cmp-a001-02-000000010764328	grp-a001-02-000000069047580	견과류추천	nad-a001-02-000000541753999	bsn-a001-00-000000013604308	17	09	8753	M	2	1	2506	4	0
20260906	4291318	cmp-a001-02-000000010764328	grp-a001-02-000000069047580	프로틴바	nad-a001-02-000000553654558	bsn-a001-00-000000013604308	17	09	98128	M	1	0	0	2	0
20260906	4291318	cmp-a001-02-000000010764328	grp-a001-02-000000069047580	단백질바	nad-a001-02-000000553654554	bsn-a001-00-000000013604308	17	99	529514	M	4	0	0	4	0
20260906	4291318	cmp-a001-02-000000010764328	grp-a001-02-000000072573876	추석선물	nad-a001-02-000000573683834	bsn-a001-00-000000013604308	17	11	529514	M	5	0	0	55	0
20260906	4291318	cmp-a001-02-000000010764328	grp-a001-02-000000072573876	명절선물	nad-a001-02-000000573683835	bsn-a001-00-000000013604308	17	10	529514	M	1	0	0	12	0
20260906	4291318	cmp-a001-02-000000010764328	grp-a001-02-000000072573876	추석선물세트	nad-a001-02-000000573683835	bsn-a001-00-000000013604308	17	07	8753	M	1	0	0	4	0
20260906	4291318	cmp-a001-02-000000010764328	grp-a001-02-000000069047580	견과류추천	nad-a001-02-000000541753959	bsn-a001-00-000000013604308	17	01	8753	M	1	0	0	3	0
20260906	4291318	cmp-a001-02-000000010764328	grp-a001-02-000000069047580	프로틴바	nad-a001-02-000000553654554	bsn-a001-00-000000013604308	17	16	98128	M	10	0	0	10	0
20260906	4291318	cmp-a001-02-000000010764328	grp-a001-02-000000069047580	프로틴크런치시리얼	nad-a001-02-000000553654554	bsn-a001-00-000000013604308	17	04	8753	M	1	0	0	1	0
20260906	4291318	cmp-a001-02-000000010764328	grp-a001-02-000000069047580	프로틴	nad-a001-02-000000553654562	bsn-a001-00-000000013604308	17	09	8753	M	3	0	0	12	0
20260906	4291318	cmp-a001-02-000000010764328	grp-a001-02-000000069047580	가루	nad-a001-02-000000541753996	bsn-a001-00-000000013604308	17	09	8753	M	1	0	0	2	0
20260906	4291318	cmp-a001-02-000000010764328	grp-a001-02-000000069047580	견과류일일권장섭취량	nad-a001-02-000000541753959	bsn-a001-00-000000013604308	17	09	8753	M	1	0	0	3	0
20260906	4291318	cmp-a001-02-000000010764328	grp-a001-02-000000069047580	견과류	nad-a001-02-000000541753960	bsn-a001-00-000000013604308	17	99	8753	M	2	0	0	8	0
20260906	4291318	cmp-a001-02-000000010764328	grp-a001-02-000000069047580	단백질간식	nad-a001-02-000000553654558	bsn-a001-00-000000013604308	17	06	8753	M	1	0	0	4	0
20260906	4291318	cmp-a001-02-000000010764328	grp-a001-02-000000069047580	견과류	nad-a001-02-000000541753959	bsn-a001-00-000000013604308	17	16	27758	P	1	0	0	3	0
20260906	4291318	cmp-a001-02-000000010764328	grp-a001-02-000000069047580	견과류	nad-a001-02-000000541753999	bsn-a001-00-000000013604308	17	17	529514	M	5	0	0	5	0
20260906	4291318	cmp-a001-02-000000010764328	grp-a001-02-000000069047580	가루	nad-a001-02-000000541753996	bsn-a001-00-000000013604308	17	16	8753	M	1	0	0	2	0
20260906	4291318	cmp-a001-02-000000010764328	grp-a001-02-000000072573876	추석선물세트	nad-a001-02-000000573683835	bsn-a001-00-000000013604308	17	07	529514	M	5	0	0	18	0
20260906	4291318	cmp-a001-02-000000010764328	grp-a001-02-000000069047580	갓	nad-a001-02-000000541753960	bsn-a001-00-000000013604308	17	02	8753	M	3	0	0	6	0
20260906	4291318	cmp-a001-02-000000010764328	grp-a001-02-000000069047580	황성주생식	nad-a001-02-000000541753997	bsn-a001-00-000000013604308	17	06	8753	M	2	0	0	12	0
20260906	4291318	cmp-a001-02-000000010764328	grp-a001-02-000000069047580	견과류세트	nad-a001-02-000000541753999	bsn-a001-00-000000013604308	17	08	8753	M	1	0	0	1	0
20260906	4291318	cmp-a001-02-000000010764328	grp-a001-02-000000069047580	젤리	nad-a001-02-000000541753985	bsn-a001-00-000000013604308	17	11	684926	M	1	0	0	4	0
20260906	4291318	cmp-a001-02-000000010764328	grp-a001-02-000000069047580	프로틴	nad-a001-02-000000553654562	bsn-a001-00-000000013604308	17	10	529514	M	1	0	0	1	0
20260906	4291318	cmp-a001-02-000000010764328	grp-a001-02-000000069047580	칼로리바후기	nad-a001-02-000000553654554	bsn-a001-00-000000013604308	17	09	8753	M	2	0	0	2	0
20260906	4291318	cmp-a001-02-000000010764328	grp-a001-02-000000069047580	갓구운하루견과	nad-a001-02-000000541753999	bsn-a001-00-000000013604308	17	14	8753	M	1	0	0	1	0
20260906	4291318	cmp-a001-02-000000010764328	grp-a001-02-000000069047580	단백질	nad-a001-02-000000553654562	bsn-a001-00-000000013604308	17	04	98128	M	7	0	0	7	0
20260906	4291318	cmp-a001-02-000000010764328	grp-a001-02-000000069047580	단백질쉐이크	nad-a001-02-000000553654562	bsn-a001-00-000000013604308	17	09	8753	M	5	0	0	23	0
20260906	4291318	cmp-a001-02-000000010764328	grp-a001-02-000000069047580	단백질쉐이크	nad-a001-02-000000553654562	bsn-a001-00-000000013604308	17	06	8753	M	2	0	0	21	0
20260906	4291318	cmp-a001-02-000000010764328	grp-a001-02-000000069047580	프로틴	nad-a001-02-000000553654562	bsn-a001-00-000000013604308	17	10	768323	M	2	0	0	2	0
20260906	4291318	cmp-a001-02-000000010764328	grp-a001-02-000000069047580	하루	nad-a001-02-000000541753960	bsn-a001-00-000000013604308	17	04	612594	M	1	0	0	3	0
20260906	4291318	cmp-a001-02-000000010764328	grp-a001-02-000000069047580	프로틴쉐이크	nad-a001-02-000000553654562	bsn-a001-00-000000013604308	17	16	98128	M	2	0	0	2	0
20260906	4291318	cmp-a001-02-000000010764328	grp-a001-02-000000069047580	가루	nad-a001-02-000000541754004	bsn-a001-00-000000013604308	17	06	8753	M	1	0	0	3	0
20260906	4291318	cmp-a001-02-000000010764328	grp-a001-02-000000072573876	추석선물추천	nad-a001-02-000000573683834	bsn-a001-00-000000013604308	17	99	798056	M	1	0	0	13	0
20260906	4291318	cmp-a001-02-000000010764328	grp-a001-02-000000069047580	프로틴	nad-a001-02-000000553654562	bsn-a001-00-000000013604308	17	09	768323	M	32	0	0	43	0
20260906	4291318	cmp-a001-02-000000010764328	grp-a001-02-000000069047580	젤리	nad-a001-02-000000541753985	bsn-a001-00-000000013604308	17	99	529514	M	3	0	0	3	0
20260906	4291318	cmp-a001-02-000000010764328	grp-a001-02-000000069047580	하루	nad-a001-02-000000541753999	bsn-a001-00-000000013604308	17	01	612594	M	1	0	0	1	0
20260906	4291318	cmp-a001-02-000000010764328	grp-a001-02-000000072573876	추석선물세트	nad-a001-02-000000573683835	bsn-a001-00-000000013604308	17	07	33421	M	1	0	0	6	0
20260906	4291318	cmp-a001-02-000000010764328	grp-a001-02-000000069047580	견과류	nad-a001-02-000000541753959	bsn-a001-00-000000013604308	17	16	529514	M	16	0	0	32	0
20260906	4291318	cmp-a001-02-000000010764328	grp-a001-02-000000069047580	에너지바	nad-a001-02-000000553654554	bsn-a001-00-000000013604308	17	11	8753	M	1	0	0	3	0
20260906	4291318	cmp-a001-02-000000010764328	grp-a001-02-000000069047580	견과류선물세트	nad-a001-02-000000541753999	bsn-a001-00-000000013604308	17	01	684926	M	1	0	0	5	0
20260906	4291318	cmp-a001-02-000000010764328	grp-a001-02-000000069047580	프로틴바	nad-a001-02-000000553654554	bsn-a001-00-000000013604308	17	09	98128	M	3	0	0	3	0
20260906	4291318	cmp-a001-02-000000010764328	grp-a001-02-000000069047580	견과류	nad-a001-02-000000541753999	bsn-a001-00-000000013604308	17	06	529514	M	28	0	0	28	0
20260906	4291318	cmp-a001-02-000000010764328	grp-a001-02-000000069047580	견과류	nad-a001-02-000000541753999	bsn-a001-00-000000013604308	17	09	27758	P	1	0	0	2	0
20260906	4291318	cmp-a001-02-000000010764328	grp-a001-02-000000069047580	하루	nad-a001-02-000000541753959	bsn-a001-00-000000013604308	17	09	98128	M	1	0	0	3	0
20260906	4291318	cmp-a001-02-000000010764328	grp-a001-02-000000069047580	견과류	nad-a001-02-000000541753959	bsn-a001-00-000000013604308	17	04	529514	M	30	0	0	60	0
20260906	4291318	cmp-a001-02-000000010764328	grp-a001-02-000000069047580	단백질바	nad-a001-02-000000553654559	bsn-a001-00-000000013604308	17	07	529514	M	2	0	0	9	0
20260906	4291318	cmp-a001-02-000000010764328	grp-a001-02-000000069047580	황성주생식	nad-a001-02-000000541753997	bsn-a001-00-000000013604308	17	08	424040	M	1	0	0	1	0
20260906	4291318	cmp-a001-02-000000010764328	grp-a001-02-000000069047580	프로틴	nad-a001-02-000000553654562	bsn-a001-00-000000013604308	17	13	529514	M	3	0	0	3	0
20260906	4291318	cmp-a001-02-000000010764328	grp-a001-02-000000072573876	추석선물	nad-a001-02-000000573683834	bsn-a001-00-000000013604308	17	01	8753	M	1	0	0	3	0
20260906	4291318	cmp-a001-02-000000010764328	grp-a001-02-000000069047580	견과류	nad-a001-02-000000541753960	bsn-a001-00-000000013604308	17	13	529514	M	16	0	0	48	0
20260906	4291318	cmp-a001-02-000000010764328	grp-a001-02-000000069047580	갓구운하루견과	nad-a001-02-000000541753959	bsn-a001-00-000000013604308	17	14	8753	M	1	0	0	3	0
20260906	4291318	cmp-a001-02-000000010764328	grp-a001-02-000000069047580	에너지바	nad-a001-02-000000553654554	bsn-a001-00-000000013604308	17	04	33421	M	1	0	0	2	0
20260906	4291318	cmp-a001-02-000000010764328	grp-a001-02-000000069047580	견과류	nad-a001-02-000000541753999	bsn-a001-00-000000013604308	17	11	529514	M	38	0	0	39	0
20260906	4291318	cmp-a001-02-000000010764328	grp-a001-02-000000069047580	견과류세트	nad-a001-02-000000541753959	bsn-a001-00-000000013604308	17	06	8753	M	1	0	0	2	0
20260906	4291318	cmp-a001-02-000000010764328	grp-a001-02-000000072573876	추석선물세트	nad-a001-02-000000573683834	bsn-a001-00-000000013604308	17	02	529514	M	33	0	0	101	0
20260906	4291318	cmp-a001-02-000000010764328	grp-a001-02-000000069047580	프로틴바	nad-a001-02-000000553654554	bsn-a001-00-000000013604308	17	11	8753	M	1	0	0	3	0
20260906	4291318	cmp-a001-02-000000010764328	grp-a001-02-000000072573876	추석선물	nad-a001-02-000000573683834	bsn-a001-00-000000013604308	17	02	33421	M	1	0	0	2	0
20260906	4291318	cmp-a001-02-000000010764328	grp-a001-02-000000072573876	추석선물	nad-a001-02-000000573683834	bsn-a001-00-000000013604308	17	99	529514	M	16	0	0	179	0
20260906	4291318	cmp-a001-02-000000010764328	grp-a001-02-000000069047580	프로틴	nad-a001-02-000000553654562	bsn-a001-00-000000013604308	17	01	768323	M	1	0	0	1	0
20260906	4291318	cmp-a001-02-000000010764328	grp-a001-02-000000069047580	식품간식	nad-a001-02-000000553654554	bsn-a001-00-000000013604308	17	09	98128	M	1	0	0	1	0
20260906	4291318	cmp-a001-02-000000010764328	grp-a001-02-000000069047580	견과류추천	nad-a001-02-000000541753999	bsn-a001-00-000000013604308	17	04	8753	M	1	0	0	2	0
20260906	4291318	cmp-a001-02-000000010764328	grp-a001-02-000000069047580	분말가루진물	nad-a001-02-000000541753997	bsn-a001-00-000000013604308	17	02	8753	M	1	0	0	5	0
20260906	4291318	cmp-a001-02-000000010764328	grp-a001-02-000000069047580	단백질바추천	nad-a001-02-000000553654554	bsn-a001-00-000000013604308	17	08	8753	M	2	0	0	6	0
20260906	4291318	cmp-a001-02-000000010764328	grp-a001-02-000000069047580	단백질	nad-a001-02-000000553654562	bsn-a001-00-000000013604308	17	01	684927	P	2	0	0	12	0
20260906	4291318	cmp-a001-02-000000010764328	grp-a001-02-000000072573876	추석선물세트	nad-a001-02-000000573683834	bsn-a001-00-000000013604308	17	08	529514	M	9	0	0	27	0
20260906	4291318	cmp-a001-02-000000010764328	grp-a001-02-000000069047580	프로틴	nad-a001-02-000000553654562	bsn-a001-00-000000013604308	17	14	768323	M	1	0	0	1	0
20260906	4291318	cmp-a001-02-000000010764328	grp-a001-02-000000069047580	견과류세트	nad-a001-02-000000541753960	bsn-a001-00-000000013604308	17	08	8753	M	1	0	0	3	0
20260906	4291318	cmp-a001-02-000000010764328	grp-a001-02-000000069047580	단백질	nad-a001-02-000000553654562	bsn-a001-00-000000013604308	17	09	529514	M	17	0	0	17	0
20260906	4291318	cmp-a001-02-000000010764328	grp-a001-02-000000069047580	황성주생식	nad-a001-02-000000541754004	bsn-a001-00-000000013604308	17	99	8753	M	1	0	0	2	0
20260906	4291318	cmp-a001-02-000000010764328	grp-a001-02-000000072573876	추석선물세트	nad-a001-02-000000573683834	bsn-a001-00-000000013604308	17	14	529514	M	2	0	0	6	0
20260906	4291318	cmp-a001-02-000000010764328	grp-a001-02-000000069047580	견과류세트	nad-a001-02-000000541753959	bsn-a001-00-000000013604308	17	02	8753	M	1	0	0	2	0
20260906	4291318	cmp-a001-02-000000010764328	grp-a001-02-000000069047580	프로틴	nad-a001-02-000000553654562	bsn-a001-00-000000013604308	17	16	768323	M	4	0	0	7	0
20260906	4291318	cmp-a001-02-000000010764328	grp-a001-02-000000069047580	스토어	nad-a001-02-000000541753997	bsn-a001-00-000000013604308	17	09	335738	P	2	0	0	4	0
20260906	4291318	cmp-a001-02-000000010764328	grp-a001-02-000000069047580	프로틴바	nad-a001-02-000000553654559	bsn-a001-00-000000013604308	17	09	98128	M	1	0	0	5	0
20260906	4291318	cmp-a001-02-000000010764328	grp-a001-02-000000069047580	스토어	nad-a001-02-000000541753996	bsn-a001-00-000000013604308	17	03	98128	M	9	0	0	9	0
20260906	4291318	cmp-a001-02-000000010764328	grp-a001-02-000000069047580	젤리	nad-a001-02-000000541753985	bsn-a001-00-000000013604308	17	09	87620	M	2	0	0	2	0
20260906	4291318	cmp-a001-02-000000010764328	grp-a001-02-000000069047580	다이어트쉐이크	nad-a001-02-000000553654562	bsn-a001-00-000000013604308	17	99	768323	M	10	0	0	20	0
20260906	4291318	cmp-a001-02-000000010764328	grp-a001-02-000000069047580	프로틴바	nad-a001-02-000000553654558	bsn-a001-00-000000013604308	17	16	98128	M	6	0	0	12	0
20260906	4291318	cmp-a001-02-000000010764328	grp-a001-02-000000069047580	단백질보충제	nad-a001-02-000000553654562	bsn-a001-00-000000013604308	17	02	8753	M	1	0	0	7	0
20260906	4291318	cmp-a001-02-000000010764328	grp-a001-02-000000069047580	견과세트	nad-a001-02-000000541753959	bsn-a001-00-000000013604308	17	02	768323	M	2	0	0	2	0
20260906	4291318	cmp-a001-02-000000010764328	grp-a001-02-000000069047580	하루	nad-a001-02-000000541753960	bsn-a001-00-000000013604308	17	01	612594	M	1	0	0	3	0
20260906	4291318	cmp-a001-02-000000010764328	grp-a001-02-000000072573876	추석선물세트	nad-a001-02-000000573683835	bsn-a001-00-000000013604308	17	11	529514	M	11	0	0	38	0
20260906	4291318	cmp-a001-02-000000010764328	grp-a001-02-000000069047580	견과류	nad-a001-02-000000541753960	bsn-a001-00-000000013604308	17	04	8753	M	2	0	0	9	0
20260906	4291318	cmp-a001-02-000000010764328	grp-a001-02-000000069047580	견과류	nad-a001-02-000000541753960	bsn-a001-00-000000013604308	17	04	33421	M	1	0	0	8	0
20260906	4291318	cmp-a001-02-000000010764328	grp-a001-02-000000069047580	가루	nad-a001-02-000000541753997	bsn-a001-00-000000013604308	17	09	8753	M	1	0	0	1	0
20260906	4291318	cmp-a001-02-000000010764328	grp-a001-02-000000069047580	견과세트	nad-a001-02-000000541753959	bsn-a001-00-000000013604308	17	08	768323	M	1	0	0	1	0
20260906	4291318	cmp-a001-02-000000010764328	grp-a001-02-000000069047580	황성주생식라이프밀	nad-a001-02-000000541753997	bsn-a001-00-000000013604308	17	06	8753	M	2	0	0	12	0
20260906	4291318	cmp-a001-02-000000010764328	grp-a001-02-000000069047580	프로틴	nad-a001-02-000000553654562	bsn-a001-00-000000013604308	17	13	768323	M	2	0	0	3	0
20260906	4291318	cmp-a001-02-000000010764328	grp-a001-02-000000069047580	단백질쉐이크	nad-a001-02-000000553654562	bsn-a001-00-000000013604308	17	01	33421	M	2	0	0	10	0
20260906	4291318	cmp-a001-02-000000010764328	grp-a001-02-000000069047580	견과류	nad-a001-02-000000541753999	bsn-a001-00-000000013604308	17	06	8753	M	4	0	0	8	0
20260906	4291318	cmp-a001-02-000000010764328	grp-a001-02-000000069047580	다이어트쉐이크	nad-a001-02-000000553654562	bsn-a001-00-000000013604308	17	04	768323	M	1	0	0	1	0
20260906	4291318	cmp-a001-02-000000010764328	grp-a001-02-000000069047580	견과류	nad-a001-02-000000541753999	bsn-a001-00-000000013604308	17	03	8753	M	3	0	0	6	0
20260906	4291318	cmp-a001-02-000000010764328	grp-a001-02-000000069047580	견과류	nad-a001-02-000000541753999	bsn-a001-00-000000013604308	17	02	8753	M	19	0	0	41	0
20260906	4291318	cmp-a001-02-000000010764328	grp-a001-02-000000069047580	하루견과	nad-a001-02-000000541753959	bsn-a001-00-000000013604308	17	09	23123	P	1	0	0	3	0
20260906	4291318	cmp-a001-02-000000010764328	grp-a001-02-000000069047580	단백질간식	nad-a001-02-000000553654558	bsn-a001-00-000000013604308	17	99	8753	M	1	0	0	3	0
20260906	4291318	cmp-a001-02-000000010764328	grp-a001-02-000000069047580	단백질바	nad-a001-02-000000553654554	bsn-a001-00-000000013604308	17	08	8753	M	1	0	0	6	0
20260906	4291318	cmp-a001-02-000000010764328	grp-a001-02-000000069047580	고메즈견과류	nad-a001-02-000000541753999	bsn-a001-00-000000013604308	17	09	8753	M	1	0	0	2	0
20260906	4291318	cmp-a001-02-000000010764328	grp-a001-02-000000069047580	프로틴	nad-a001-02-000000553654562	bsn-a001-00-000000013604308	17	15	768323	M	2	0	0	4	0
20260906	4291318	cmp-a001-02-000000010764328	grp-a001-02-000000069047580	젤리	nad-a001-02-000000541753985	bsn-a001-00-000000013604308	17	02	33421	M	1	0	0	5	0
20260906	4291318	cmp-a001-02-000000010764328	grp-a001-02-000000069047580	견과류추천	nad-a001-02-000000541753999	bsn-a001-00-000000013604308	17	03	8753	M	2	0	0	3	0
20260906	4291318	cmp-a001-02-000000010764328	grp-a001-02-000000069047580	견과류추천	nad-a001-02-000000541753959	bsn-a001-00-000000013604308	17	03	8753	M	2	0	0	6	0
20260906	4291318	cmp-a001-02-000000010764328	grp-a001-02-000000069047580	프로틴쉐이크	nad-a001-02-000000553654562	bsn-a001-00-000000013604308	17	02	529514	M	2	0	0	6	0
20260906	4291318	cmp-a001-02-000000010764328	grp-a001-02-000000069047580	하루견과	nad-a001-02-000000541753959	bsn-a001-00-000000013604308	17	02	8753	M	8	0	0	41	0
20260906	4291318	cmp-a001-02-000000010764328	grp-a001-02-000000069047580	견과류세트	nad-a001-02-000000541753960	bsn-a001-00-000000013604308	17	06	529514	M	2	0	0	6	0
20260906	4291318	cmp-a001-02-000000010764328	grp-a001-02-000000069047580	견과류추천	nad-a001-02-000000541753960	bsn-a001-00-000000013604308	17	09	8753	M	2	0	0	8	0
20260906	4291318	cmp-a001-02-000000010764328	grp-a001-02-000000069047580	1일생식	nad-a001-02-000000541754004	bsn-a001-00-000000013604308	17	08	8753	M	1	0	0	4	0
20260906	4291318	cmp-a001-02-000000010764328	grp-a001-02-000000069047580	젤리	nad-a001-02-000000541753985	bsn-a001-00-000000013604308	17	02	8753	M	4	0	0	18	0
20260906	4291318	cmp-a001-02-000000010764328	grp-a001-02-000000069047580	단백질바	nad-a001-02-000000553654558	bsn-a001-00-000000013604308	17	07	529514	M	2	0	0	4	0
20260906	4291318	cmp-a001-02-000000010764328	grp-a001-02-000000072573876	명절선물	nad-a001-02-000000573683835	bsn-a001-00-000000013604308	17	09	529514	M	6	0	0	69	0
20260906	4291318	cmp-a001-02-000000010764328	grp-a001-02-000000069047580	녹두가루	nad-a001-02-000000541753997	bsn-a001-00-000000013604308	17	03	341898	M	2	0	0	2	0
20260906	4291318	cmp-a001-02-000000010764328	grp-a001-02-000000069047580	견과류	nad-a001-02-000000541753959	bsn-a001-00-000000013604308	17	17	529514	M	5	0	0	10	0
20260906	4291318	cmp-a001-02-000000010764328	grp-a001-02-000000069047580	단백질바	nad-a001-02-000000553654559	bsn-a001-00-000000013604308	17	13	529514	M	2	0	0	9	0
20260906	4291318	cmp-a001-02-000000010764328	grp-a001-02-000000069047580	견과류	nad-a001-02-000000541753999	bsn-a001-00-000000013604308	17	15	684926	M	3	0	0	13	0
20260906	4291318	cmp-a001-02-000000010764328	grp-a001-02-000000069047580	견과류	nad-a001-02-000000541753999	bsn-a001-00-000000013604308	17	04	8753	M	3	0	0	6	0
20260906	4291318	cmp-a001-02-000000010764328	grp-a001-02-000000069047580	단백질쉐이크추천	nad-a001-02-000000553654562	bsn-a001-00-000000013604308	17	02	684924	M	1	0	0	4	0
20260906	4291318	cmp-a001-02-000000010764328	grp-a001-02-000000069047580	다이어트쉐이크	nad-a001-02-000000553654562	bsn-a001-00-000000013604308	17	09	529514	M	4	0	0	4	0
20260906	4291318	cmp-a001-02-000000010764328	grp-a001-02-000000069047580	식물성단백질	nad-a001-02-000000553654562	bsn-a001-00-000000013604308	17	09	8753	M	1	0	0	19	0
20260906	4291318	cmp-a001-02-000000010764328	grp-a001-02-000000069047580	견과류	nad-a001-02-000000541753960	bsn-a001-00-000000013604308	17	03	529514	M	42	0	0	126	0
20260906	4291318	cmp-a001-02-000000010764328	grp-a001-02-000000069047580	프로틴바	nad-a001-02-000000553654554	bsn-a001-00-000000013604308	17	02	529514	M	4	0	0	4	0
20260906	4291318	cmp-a001-02-000000010764328	grp-a001-02-000000069047580	견과류	nad-a001-02-000000541753960	bsn-a001-00-000000013604308	17	17	529514	M	5	0	0	15	0
20260906	4291318	cmp-a001-02-000000010764328	grp-a001-02-000000069047580	갓	nad-a001-02-000000541753999	bsn-a001-00-000000013604308	17	07	33421	M	2	0	0	8	0
20260906	4291318	cmp-a001-02-000000010764328	grp-a001-02-000000069047580	견과류	nad-a001-02-000000541753999	bsn-a001-00-000000013604308	17	01	529514	M	15	0	0	15	0
20260906	4291318	cmp-a001-02-000000010764328	grp-a001-02-000000069047580	견과류	nad-a001-02-000000541753959	bsn-a001-00-000000013604308	17	01	529514	M	15	0	0	30	0
20260906	4291318	cmp-a001-02-000000010764328	grp-a001-02-000000069047580	프로틴단백질	nad-a001-02-000000553654562	bsn-a001-00-000000013604308	17	99	529514	M	2	0	0	2	0
20260906	4291318	cmp-a001-02-000000010764328	grp-a001-02-000000072573876	추석선물추천	nad-a001-02-000000573683835	bsn-a001-00-000000013604308	17	99	798056	M	1	0	0	12	0
20260906	4291318	cmp-a001-02-000000010764328	grp-a001-02-000000069047580	하루	nad-a001-02-000000541753959	bsn-a001-00-000000013604308	17	10	98128	M	1	0	0	3	0
20260906	4291318	cmp-a001-02-000000010764328	grp-a001-02-000000069047580	견과류	nad-a001-02-000000541753959	bsn-a001-00-000000013604308	17	15	684926	M	2	0	0	14	0
20260906	4291318	cmp-a001-02-000000010764328	grp-a001-02-000000069047580	하루견과	nad-a001-02-000000541753959	bsn-a001-00-000000013604308	17	99	684926	M	1	0	0	4	0
20260906	4291318	cmp-a001-02-000000010764328	grp-a001-02-000000069047580	견과류세트	nad-a001-02-000000541753959	bsn-a001-00-000000013604308	17	99	529514	M	2	0	0	4	0
20260906	4291318	cmp-a001-02-000000010764328	grp-a001-02-000000069047580	견과류	nad-a001-02-000000541753959	bsn-a001-00-000000013604308	17	13	8753	M	1	0	0	3	0
20260906	4291318	cmp-a001-02-000000010764328	grp-a001-02-000000069047580	제리	nad-a001-02-000000541753985	bsn-a001-00-000000013604308	17	07	8753	M	1	0	0	5	0
20260906	4291318	cmp-a001-02-000000010764328	grp-a001-02-000000072573876	추석선물세트추천	nad-a001-02-000000573683834	bsn-a001-00-000000013604308	17	18	33421	M	1	0	0	2	0
20260906	4291318	cmp-a001-02-000000010764328	grp-a001-02-000000069047580	견과세트	nad-a001-02-000000541753999	bsn-a001-00-000000013604308	17	13	8753	M	1	0	0	2	0
20260906	4291318	cmp-a001-02-000000010764328	grp-a001-02-000000072573876	추석선물	nad-a001-02-000000573683835	bsn-a001-00-000000013604308	17	09	529514	M	34	0	0	390	0
20260906	4291318	cmp-a001-02-000000010764328	grp-a001-02-000000069047580	하루견과	nad-a001-02-000000541753999	bsn-a001-00-000000013604308	17	04	8753	M	3	1	2495	4	0
20260906	4291318	cmp-a001-02-000000010764328	grp-a001-02-000000069047580	단백질프로틴	nad-a001-02-000000553654562	bsn-a001-00-000000013604308	17	99	529514	M	2	0	0	2	0
20260906	4291318	cmp-a001-02-000000010764328	grp-a001-02-000000072573876	명절선물	nad-a001-02-000000573683835	bsn-a001-00-000000013604308	17	02	529514	M	7	0	0	79	0
20260906	4291318	cmp-a001-02-000000010764328	grp-a001-02-000000069047580	견과	nad-a001-02-000000541753959	bsn-a001-00-000000013604308	17	02	684926	M	2	0	0	12	0
20260906	4291318	cmp-a001-02-000000010764328	grp-a001-02-000000069047580	단백질바	nad-a001-02-000000553654554	bsn-a001-00-000000013604308	17	07	529514	M	2	0	0	2	0
20260906	4291318	cmp-a001-02-000000010764328	grp-a001-02-000000069047580	단백질바	nad-a001-02-000000553654554	bsn-a001-00-000000013604308	17	08	11068	P	1	0	0	2	0
20260906	4291318	cmp-a001-02-000000010764328	grp-a001-02-000000069047580	가루	nad-a001-02-000000541754005	bsn-a001-00-000000013604308	17	01	8753	M	2	0	0	11	0
20260906	4291318	cmp-a001-02-000000010764328	grp-a001-02-000000069047580	칼로리바후기	nad-a001-02-000000553654558	bsn-a001-00-000000013604308	17	09	8753	M	2	0	0	6	0
20260906	4291318	cmp-a001-02-000000010764328	grp-a001-02-000000072573876	추석선물세트	nad-a001-02-000000573683835	bsn-a001-00-000000013604308	17	02	8753	M	5	0	0	20	0
20260906	4291318	cmp-a001-02-000000010764328	grp-a001-02-000000069047580	하루견과	nad-a001-02-000000541753959	bsn-a001-00-000000013604308	17	09	8753	M	11	1	2982	51	0
20260906	4291318	cmp-a001-02-000000010764328	grp-a001-02-000000069047580	프로틴단백질	nad-a001-02-000000553654562	bsn-a001-00-000000013604308	17	16	98128	M	2	0	0	2	0
20260906	4291318	cmp-a001-02-000000010764328	grp-a001-02-000000069047580	갓	nad-a001-02-000000541753999	bsn-a001-00-000000013604308	17	18	684924	M	1	0	0	1	0
20260906	4291318	cmp-a001-02-000000010764328	grp-a001-02-000000069047580	견과세트	nad-a001-02-000000541753959	bsn-a001-00-000000013604308	17	15	768323	M	2	0	0	2	0
20260906	4291318	cmp-a001-02-000000010764328	grp-a001-02-000000069047580	갓	nad-a001-02-000000541753999	bsn-a001-00-000000013604308	17	08	684924	M	1	0	0	1	0
20260906	4291318	cmp-a001-02-000000010764328	grp-a001-02-000000069047580	단백질쉐이크보충제	nad-a001-02-000000553654562	bsn-a001-00-000000013604308	17	02	11068	P	1	0	0	6	0
20260906	4291318	cmp-a001-02-000000010764328	grp-a001-02-000000069047580	단백질보충제	nad-a001-02-000000553654562	bsn-a001-00-000000013604308	17	09	23123	P	2	0	0	2	0
20260906	4291318	cmp-a001-02-000000010764328	grp-a001-02-000000069047580	갓	nad-a001-02-000000541753999	bsn-a001-00-000000013604308	17	18	8753	M	3	0	0	3	0
20260906	4291318	cmp-a001-02-000000010764328	grp-a001-02-000000069047580	하루	nad-a001-02-000000541753999	bsn-a001-00-000000013604308	17	08	805760	M	1	0	0	1	0
20260906	4291318	cmp-a001-02-000000010764328	grp-a001-02-000000069047580	스토어	nad-a001-02-000000541753997	bsn-a001-00-000000013604308	17	00	248824	P	10	0	0	20	0
20260906	4291318	cmp-a001-02-000000010764328	grp-a001-02-000000069047580	에너지바	nad-a001-02-000000553654558	bsn-a001-00-000000013604308	17	11	8753	M	1	0	0	6	0
20260906	4291318	cmp-a001-02-000000010764328	grp-a001-02-000000072573876	추석선물세트	nad-a001-02-000000573683834	bsn-a001-00-000000013604308	17	10	529514	M	3	0	0	9	0
20260906	4291318	cmp-a001-02-000000010764328	grp-a001-02-000000069047580	프로틴	nad-a001-02-000000553654562	bsn-a001-00-000000013604308	17	00	529514	M	1	0	0	1	0
20260906	4291318	cmp-a001-02-000000010764328	grp-a001-02-000000069047580	하루	nad-a001-02-000000541753960	bsn-a001-00-000000013604308	17	10	612594	M	1	0	0	3	0
20260906	4291318	cmp-a001-02-000000010764328	grp-a001-02-000000069047580	하루견과	nad-a001-02-000000541753960	bsn-a001-00-000000013604308	17	02	633013	M	1	0	0	3	0
20260906	4291318	cmp-a001-02-000000010764328	grp-a001-02-000000069047580	칼로리바	nad-a001-02-000000553654554	bsn-a001-00-000000013604308	17	18	684926	M	1	0	0	2	0
20260906	4291318	cmp-a001-02-000000010764328	grp-a001-02-000000069047580	견과세트	nad-a001-02-000000541753959	bsn-a001-00-000000013604308	17	13	8753	M	1	0	0	3	0
20260906	4291318	cmp-a001-02-000000010764328	grp-a001-02-000000069047580	프로틴	nad-a001-02-000000553654562	bsn-a001-00-000000013604308	17	02	529514	M	67	0	0	95	0
20260906	4291318	cmp-a001-02-000000010764328	grp-a001-02-000000072573876	추석선물세트	nad-a001-02-000000573683835	bsn-a001-00-000000013604308	17	13	529514	M	8	0	0	29	0
20260906	4291318	cmp-a001-02-000000010764328	grp-a001-02-000000069047580	하루	nad-a001-02-000000541753999	bsn-a001-00-000000013604308	17	14	612594	M	1	0	0	1	0
20260906	4291318	cmp-a001-02-000000010764328	grp-a001-02-000000069047580	하루	nad-a001-02-000000541753959	bsn-a001-00-000000013604308	17	99	612594	M	4	0	0	8	0
20260906	4291318	cmp-a001-02-000000010764328	grp-a001-02-000000072573876	추석선물	nad-a001-02-000000573683834	bsn-a001-00-000000013604308	17	13	8753	M	1	0	0	3	0
20260906	4291318	cmp-a001-02-000000010764328	grp-a001-02-000000069047580	프로틴	nad-a001-02-000000553654562	bsn-a001-00-000000013604308	17	01	529514	M	5	0	0	5	0
20260906	4291318	cmp-a001-02-000000010764328	grp-a001-02-000000069047580	단백질파우더	nad-a001-02-000000553654562	bsn-a001-00-000000013604308	17	08	8753	M	1	0	0	13	0
20260906	4291318	cmp-a001-02-000000010764328	grp-a001-02-000000069047580	단백질바칼로리	nad-a001-02-000000553654554	bsn-a001-00-000000013604308	17	01	8753	M	1	0	0	2	0
20260906	4291318	cmp-a001-02-000000010764328	grp-a001-02-000000069047580	에너지바	nad-a001-02-000000553654554	bsn-a001-00-000000013604308	17	09	8753	M	1	0	0	4	0
20260906	4291318	cmp-a001-02-000000010764328	grp-a001-02-000000072573876	명절선물	nad-a001-02-000000573683835	bsn-a001-00-000000013604308	17	13	529514	M	1	0	0	11	0
20260906	4291318	cmp-a001-02-000000010764328	grp-a001-02-000000069047580	하루견과	nad-a001-02-000000541753960	bsn-a001-00-000000013604308	17	08	8753	M	2	0	0	11	0
20260906	4291318	cmp-a001-02-000000010764328	grp-a001-02-000000069047580	견과류	nad-a001-02-000000541753959	bsn-a001-00-000000013604308	17	99	684926	M	1	0	0	3	0
20260906	4291318	cmp-a001-02-000000010764328	grp-a001-02-000000069047580	프로틴	nad-a001-02-000000553654562	bsn-a001-00-000000013604308	17	16	529514	M	27	0	0	39	0
20260906	4291318	cmp-a001-02-000000010764328	grp-a001-02-000000069047580	하루견과	nad-a001-02-000000541753999	bsn-a001-00-000000013604308	17	15	684926	M	1	0	0	1	0
20260906	4291318	cmp-a001-02-000000010764328	grp-a001-02-000000069047580	하루견과	nad-a001-02-000000541753999	bsn-a001-00-000000013604308	17	09	87620	M	1	0	0	1	0
20260906	4291318	cmp-a001-02-000000010764328	grp-a001-02-000000069047580	견과류	nad-a001-02-000000541753960	bsn-a001-00-000000013604308	17	00	612593	P	1	0	0	4	0
20260906	4291318	cmp-a001-02-000000010764328	grp-a001-02-000000069047580	오그래놀라단백질바초코	nad-a001-02-000000553654554	bsn-a001-00-000000013604308	17	02	8753	M	1	0	0	1	0
20260906	4291318	cmp-a001-02-000000010764328	grp-a001-02-000000069047580	견과류	nad-a001-02-000000541753960	bsn-a001-00-000000013604308	17	15	529514	M	20	0	0	60	0
20260906	4291318	cmp-a001-02-000000010764328	grp-a001-02-000000069047580	프로틴	nad-a001-02-000000553654562	bsn-a001-00-000000013604308	17	99	768323	M	20	0	0	26	0
20260906	4291318	cmp-a001-02-000000010764328	grp-a001-02-000000069047580	1일생식	nad-a001-02-000000541753997	bsn-a001-00-000000013604308	17	08	8753	M	1	0	0	2	0
20260906	4291318	cmp-a001-02-000000010764328	grp-a001-02-000000069047580	견과류추천	nad-a001-02-000000541753960	bsn-a001-00-000000013604308	17	04	8753	M	1	0	0	4	0
20260906	4291318	cmp-a001-02-000000010764328	grp-a001-02-000000069047580	하루견과	nad-a001-02-000000541753959	bsn-a001-00-000000013604308	17	02	87620	M	2	0	0	6	0
20260906	4291318	cmp-a001-02-000000010764328	grp-a001-02-000000069047580	젤리	nad-a001-02-000000541753985	bsn-a001-00-000000013604308	17	08	137281	M	1	0	0	2	0
20260906	4291318	cmp-a001-02-000000010764328	grp-a001-02-000000069047580	젤리	nad-a001-02-000000541753985	bsn-a001-00-000000013604308	17	09	8753	M	4	0	0	14	0
20260906	4291318	cmp-a001-02-000000010764328	grp-a001-02-000000069047580	단백질쉐이크	nad-a001-02-000000553654562	bsn-a001-00-000000013604308	17	13	529514	M	2	0	0	2	0
20260906	4291318	cmp-a001-02-000000010764328	grp-a001-02-000000069047580	경과류	nad-a001-02-000000541753999	bsn-a001-00-000000013604308	17	04	8753	M	1	0	0	2	0
20260906	4291318	cmp-a001-02-000000010764328	grp-a001-02-000000069047580	단백질간식	nad-a001-02-000000553654554	bsn-a001-00-000000013604308	17	06	8753	M	1	0	0	2	0
20260906	4291318	cmp-a001-02-000000010764328	grp-a001-02-000000069047580	제리	nad-a001-02-000000541753985	bsn-a001-00-000000013604308	17	02	8753	M	1	0	0	5	0
20260906	4291318	cmp-a001-02-000000010764328	grp-a001-02-000000069047580	원이	nad-a001-02-000000541753999	bsn-a001-00-000000013604308	17	04	805760	M	1	0	0	7	0
20260906	4291318	cmp-a001-02-000000010764328	grp-a001-02-000000072573876	추석선물세트	nad-a001-02-000000573683835	bsn-a001-00-000000013604308	17	06	529514	M	10	0	0	35	0
20260906	4291318	cmp-a001-02-000000010764328	grp-a001-02-000000072573876	명절선물	nad-a001-02-000000573683834	bsn-a001-00-000000013604308	17	10	529514	M	2	0	0	22	0
20260906	4291318	cmp-a001-02-000000010764328	grp-a001-02-000000072573876	추석선물세트추천	nad-a001-02-000000573683835	bsn-a001-00-000000013604308	17	09	8753	M	3	0	0	6	0
20260906	4291318	cmp-a001-02-000000010764328	grp-a001-02-000000069047580	견과류	nad-a001-02-000000541753960	bsn-a001-00-000000013604308	17	16	8753	M	1	0	0	4	0
20260906	4291318	cmp-a001-02-000000010764328	grp-a001-02-000000069047580	견과류추천	nad-a001-02-000000541753999	bsn-a001-00-000000013604308	17	02	8753	M	1	0	0	2	0
20260906	4291318	cmp-a001-02-000000010764328	grp-a001-02-000000069047580	견과류추천	nad-a001-02-000000541753959	bsn-a001-00-000000013604308	17	13	8753	M	1	0	0	3	0
20260906	4291318	cmp-a001-02-000000010764328	grp-a001-02-000000069047580	하루에견과류섭취량	nad-a001-02-000000541753999	bsn-a001-00-000000013604308	17	02	8753	M	2	0	0	4	0
20260906	4291318	cmp-a001-02-000000010764328	grp-a001-02-000000069047580	젤리	nad-a001-02-000000541753985	bsn-a001-00-000000013604308	17	09	33421	M	1	0	0	4	0
20260906	4291318	cmp-a001-02-000000010764328	grp-a001-02-000000069047580	하루견과	nad-a001-02-000000541753960	bsn-a001-00-000000013604308	17	03	529514	M	2	0	0	5	0
20260906	4291318	cmp-a001-02-000000010764328	grp-a001-02-000000072573876	추석선물세트	nad-a001-02-000000573683834	bsn-a001-00-000000013604308	17	14	684926	M	1	0	0	84	0
20260906	4291318	cmp-a001-02-000000010764328	grp-a001-02-000000069047580	프로틴단백질	nad-a001-02-000000553654562	bsn-a001-00-000000013604308	17	02	529514	M	2	0	0	6	0
20260906	4291318	cmp-a001-02-000000010764328	grp-a001-02-000000069047580	스토어	nad-a001-02-000000541753997	bsn-a001-00-000000013604308	17	04	335738	P	2	0	0	6	0
20260906	4291318	cmp-a001-02-000000010764328	grp-a001-02-000000069047580	여수에너지바	nad-a001-02-000000553654554	bsn-a001-00-000000013604308	17	18	8753	M	1	0	0	3	0
20260906	4291318	cmp-a001-02-000000010764328	grp-a001-02-000000069047580	견과류	nad-a001-02-000000541753999	bsn-a001-00-000000013604308	17	18	529514	M	31	0	0	31	0
20260906	4291318	cmp-a001-02-000000010764328	grp-a001-02-000000072573876	추석선물	nad-a001-02-000000573683835	bsn-a001-00-000000013604308	17	01	529514	M	2	0	0	22	0
20260906	4291318	cmp-a001-02-000000010764328	grp-a001-02-000000069047580	가루	nad-a001-02-000000541753996	bsn-a001-00-000000013604308	17	06	8753	M	1	0	0	2	0
20260906	4291318	cmp-a001-02-000000010764328	grp-a001-02-000000069047580	단백질	nad-a001-02-000000553654562	bsn-a001-00-000000013604308	17	16	684927	P	2	0	0	16	0
20260906	4291318	cmp-a001-02-000000010764328	grp-a001-02-000000069047580	하루견과	nad-a001-02-000000541753960	bsn-a001-00-000000013604308	17	02	87620	M	2	0	0	4	0
20260906	4291318	cmp-a001-02-000000010764328	grp-a001-02-000000069047580	가루	nad-a001-02-000000541754004	bsn-a001-00-000000013604308	17	13	8753	M	1	0	0	3	0
20260906	4291318	cmp-a001-02-000000010764328	grp-a001-02-000000072573876	추석선물	nad-a001-02-000000573683834	bsn-a001-00-000000013604308	17	16	529514	M	2	0	0	22	0
20260906	4291318	cmp-a001-02-000000010764328	grp-a001-02-000000069047580	단백질바	nad-a001-02-000000553654554	bsn-a001-00-000000013604308	17	00	27758	P	1	0	0	2	0
20260906	4291318	cmp-a001-02-000000010764328	grp-a001-02-000000072573876	추석선물세트	nad-a001-02-000000573683835	bsn-a001-00-000000013604308	17	14	684926	M	1	0	0	83	0
20260906	4291318	cmp-a001-02-000000010764328	grp-a001-02-000000069047580	견과류	nad-a001-02-000000541753999	bsn-a001-00-000000013604308	17	09	33421	M	1	0	0	2	0
20260906	4291318	cmp-a001-02-000000010764328	grp-a001-02-000000072573876	추석선물	nad-a001-02-000000573683834	bsn-a001-00-000000013604308	17	02	8753	M	1	0	0	3	0
20260906	4291318	cmp-a001-02-000000010764328	grp-a001-02-000000069047580	하루+견과류+추천	nad-a001-02-000000541753999	bsn-a001-00-000000013604308	17	00	805759	P	1	0	0	2	0
20260906	4291318	cmp-a001-02-000000010764328	grp-a001-02-000000069047580	견과류선물세트	nad-a001-02-000000541753999	bsn-a001-00-000000013604308	17	18	684926	M	1	0	0	2	0
20260906	4291318	cmp-a001-02-000000010764328	grp-a001-02-000000072573876	추석선물	nad-a001-02-000000573683835	bsn-a001-00-000000013604308	17	03	529514	M	23	0	0	264	0
20260906	4291318	cmp-a001-02-000000010764328	grp-a001-02-000000069047580	동결건조생식	nad-a001-02-000000541753997	bsn-a001-00-000000013604308	17	03	8753	M	1	0	0	1	0
20260906	4291318	cmp-a001-02-000000010764328	grp-a001-02-000000069047580	사탕젤리	nad-a001-02-000000541753985	bsn-a001-00-000000013604308	17	06	87620	M	1	0	0	1	0
20260906	4291318	cmp-a001-02-000000010764328	grp-a001-02-000000069047580	에너지바가격	nad-a001-02-000000553654558	bsn-a001-00-000000013604308	17	15	8753	M	1	0	0	3	0
20260906	4291318	cmp-a001-02-000000010764328	grp-a001-02-000000072573876	추석선물세트	nad-a001-02-000000573683834	bsn-a001-00-000000013604308	17	09	529514	M	44	0	0	132	0
20260906	4291318	cmp-a001-02-000000010764328	grp-a001-02-000000069047580	상조답례	nad-a001-02-000000541753960	bsn-a001-00-000000013604308	17	02	341898	M	1	0	0	1	0
20260906	4291318	cmp-a001-02-000000010764328	grp-a001-02-000000069047580	단백질쉐이크	nad-a001-02-000000553654562	bsn-a001-00-000000013604308	17	02	529514	M	39	0	0	39	0
20260906	4291318	cmp-a001-02-000000010764328	grp-a001-02-000000069047580	견과류	nad-a001-02-000000541753959	bsn-a001-00-000000013604308	17	09	8753	M	8	0	0	29	0
20260906	4291318	cmp-a001-02-000000010764328	grp-a001-02-000000069047580	납작한견과류이름	nad-a001-02-000000541753959	bsn-a001-00-000000013604308	17	18	8753	M	1	0	0	3	0
20260906	4291318	cmp-a001-02-000000010764328	grp-a001-02-000000069047580	하루만	nad-a001-02-000000541753999	bsn-a001-00-000000013604308	17	09	98128	M	1	0	0	3	0
20260906	4291318	cmp-a001-02-000000010764328	grp-a001-02-000000069047580	견과류추천	nad-a001-02-000000541753960	bsn-a001-00-000000013604308	17	02	8753	M	1	0	0	4	0
20260906	4291318	cmp-a001-02-000000010764328	grp-a001-02-000000069047580	프로틴	nad-a001-02-000000553654562	bsn-a001-00-000000013604308	17	03	768323	M	5	0	0	7	0
20260906	4291318	cmp-a001-02-000000010764328	grp-a001-02-000000069047580	단백질쉐이크	nad-a001-02-000000553654562	bsn-a001-00-000000013604308	17	18	529514	M	10	0	0	10	0
20260906	4291318	cmp-a001-02-000000010764328	grp-a001-02-000000069047580	견과류추천	nad-a001-02-000000541753960	bsn-a001-00-000000013604308	17	13	8753	M	1	0	0	4	0
20260906	4291318	cmp-a001-02-000000010764328	grp-a001-02-000000069047580	동결건조생식	nad-a001-02-000000541753996	bsn-a001-00-000000013604308	17	03	8753	M	1	0	0	2	0
20260906	4291318	cmp-a001-02-000000010764328	grp-a001-02-000000069047580	견과류세트	nad-a001-02-000000541753960	bsn-a001-00-000000013604308	17	06	8753	M	1	0	0	4	0
20260906	4291318	cmp-a001-02-000000010764328	grp-a001-02-000000069047580	단백질쉐이크	nad-a001-02-000000553654562	bsn-a001-00-000000013604308	17	02	8753	M	3	0	0	39	0
20260906	4291318	cmp-a001-02-000000010764328	grp-a001-02-000000069047580	프로틴바	nad-a001-02-000000553654559	bsn-a001-00-000000013604308	17	02	529514	M	4	0	0	18	0
20260906	4291318	cmp-a001-02-000000010764328	grp-a001-02-000000069047580	단백질파우더	nad-a001-02-000000553654562	bsn-a001-00-000000013604308	17	13	8753	M	1	0	0	13	0
20260906	4291318	cmp-a001-02-000000010764328	grp-a001-02-000000069047580	황성주생식	nad-a001-02-000000541754004	bsn-a001-00-000000013604308	17	02	8753	M	1	0	0	2	0
20260906	4291318	cmp-a001-02-000000010764328	grp-a001-02-000000072573876	추석선물	nad-a001-02-000000573683834	bsn-a001-00-000000013604308	17	18	529514	M	2	0	0	22	0
20260906	4291318	cmp-a001-02-000000010764328	grp-a001-02-000000072573876	추석선물세트	nad-a001-02-000000573683835	bsn-a001-00-000000013604308	17	04	529514	M	6	0	0	21	0
20260906	4291318	cmp-a001-02-000000010764328	grp-a001-02-000000069047580	하루	nad-a001-02-000000541753999	bsn-a001-00-000000013604308	17	09	805760	M	5	0	0	5	0
20260906	4291318	cmp-a001-02-000000010764328	grp-a001-02-000000069047580	가루	nad-a001-02-000000541753996	bsn-a001-00-000000013604308	17	13	8753	M	1	0	0	2	0
20260906	4291318	cmp-a001-02-000000010764328	grp-a001-02-000000069047580	식품간식	nad-a001-02-000000553654558	bsn-a001-00-000000013604308	17	09	98128	M	1	0	0	2	0
20260906	4291318	cmp-a001-02-000000010764328	grp-a001-02-000000069047580	가루	nad-a001-02-000000541754005	bsn-a001-00-000000013604308	17	03	8753	M	1	0	0	5	0
20260906	4291318	cmp-a001-02-000000010764328	grp-a001-02-000000069047580	견과류세트	nad-a001-02-000000541753999	bsn-a001-00-000000013604308	17	06	529514	M	2	0	0	2	0
20260906	4291318	cmp-a001-02-000000010764328	grp-a001-02-000000069047580	가루	nad-a001-02-000000541753997	bsn-a001-00-000000013604308	17	11	8753	M	1	0	0	1	0
20260906	4291318	cmp-a001-02-000000010764328	grp-a001-02-000000069047580	제리	nad-a001-02-000000541753985	bsn-a001-00-000000013604308	17	09	98128	M	1	0	0	2	0
20260906	4291318	cmp-a001-02-000000010764328	grp-a001-02-000000069047580	견과류	nad-a001-02-000000541753960	bsn-a001-00-000000013604308	17	08	8753	M	9	0	0	37	0
20260906	4291318	cmp-a001-02-000000010764328	grp-a001-02-000000069047580	견과류	nad-a001-02-000000541753960	bsn-a001-00-000000013604308	17	04	529514	M	30	0	0	90	0
20260906	4291318	cmp-a001-02-000000010764328	grp-a001-02-000000069047580	견과류	nad-a001-02-000000541753959	bsn-a001-00-000000013604308	17	02	8753	M	19	0	0	65	0
20260906	4291318	cmp-a001-02-000000010764328	grp-a001-02-000000072573876	추석선물세트	nad-a001-02-000000573683835	bsn-a001-00-000000013604308	17	03	8753	M	1	0	0	5	0
20260906	4291318	cmp-a001-02-000000010764328	grp-a001-02-000000069047580	하루견과후르츠베리세트	nad-a001-02-000000541753959	bsn-a001-00-000000013604308	17	02	8753	M	1	0	0	3	0
20260906	4291318	cmp-a001-02-000000010764328	grp-a001-02-000000069047580	견과세트	nad-a001-02-000000541753960	bsn-a001-00-000000013604308	17	13	8753	M	1	0	0	5	0
20260906	4291318	cmp-a001-02-000000010764328	grp-a001-02-000000069047580	단백질바	nad-a001-02-000000553654559	bsn-a001-00-000000013604308	17	99	529514	M	4	0	0	18	0
20260906	4291318	cmp-a001-02-000000010764328	grp-a001-02-000000069047580	단백질	nad-a001-02-000000553654562	bsn-a001-00-000000013604308	17	08	98128	M	2	0	0	2	0
20260906	4291318	cmp-a001-02-000000010764328	grp-a001-02-000000069047580	견과류	nad-a001-02-000000541753959	bsn-a001-00-000000013604308	17	17	8753	M	1	0	0	4	0
20260906	4291318	cmp-a001-02-000000010764328	grp-a001-02-000000069047580	견과세트	nad-a001-02-000000541753999	bsn-a001-00-000000013604308	17	99	768323	M	1	0	0	2	0
20260906	4291318	cmp-a001-02-000000010764328	grp-a001-02-000000069047580	프로틴	nad-a001-02-000000553654562	bsn-a001-00-000000013604308	17	08	768323	M	8	0	0	10	0
20260906	4291318	cmp-a001-02-000000010764328	grp-a001-02-000000069047580	원이	nad-a001-02-000000541753999	bsn-a001-00-000000013604308	17	02	98128	M	2	0	0	4	0
20260906	4291318	cmp-a001-02-000000010764328	grp-a001-02-000000072573876	추석선물세트	nad-a001-02-000000573683834	bsn-a001-00-000000013604308	17	01	529514	M	2	0	0	6	0
20260906	4291318	cmp-a001-02-000000010764328	grp-a001-02-000000069047580	단백질쉐이크	nad-a001-02-000000553654562	bsn-a001-00-000000013604308	17	02	612594	M	1	0	0	4	0
20260906	4291318	cmp-a001-02-000000010764328	grp-a001-02-000000069047580	견과류세트	nad-a001-02-000000541753959	bsn-a001-00-000000013604308	17	09	529514	M	48	0	0	96	0
20260906	4291318	cmp-a001-02-000000010764328	grp-a001-02-000000069047580	하루견과	nad-a001-02-000000541753959	bsn-a001-00-000000013604308	17	02	529514	M	8	0	0	20	0
20260906	4291318	cmp-a001-02-000000010764328	grp-a001-02-000000069047580	스토어	nad-a001-02-000000541754004	bsn-a001-00-000000013604308	17	09	98128	M	6	0	0	6	0
20260906	4291318	cmp-a001-02-000000010764328	grp-a001-02-000000069047580	쉐이크	nad-a001-02-000000553654562	bsn-a001-00-000000013604308	17	02	98128	M	1	0	0	1	0
20260906	4291318	cmp-a001-02-000000010764328	grp-a001-02-000000072573876	명절선물	nad-a001-02-000000573683835	bsn-a001-00-000000013604308	17	02	8753	M	1	0	0	16	0
20260906	4291318	cmp-a001-02-000000010764328	grp-a001-02-000000072573876	추석선물	nad-a001-02-000000573683834	bsn-a001-00-000000013604308	17	03	529514	M	24	0	0	267	0
20260906	4291318	cmp-a001-02-000000010764328	grp-a001-02-000000069047580	단백질	nad-a001-02-000000553654562	bsn-a001-00-000000013604308	17	11	98128	M	5	0	0	5	0
20260906	4291318	cmp-a001-02-000000010764328	grp-a001-02-000000069047580	견과류선물세트	nad-a001-02-000000541753999	bsn-a001-00-000000013604308	17	09	684927	P	2	0	0	2	0
20260906	4291318	cmp-a001-02-000000010764328	grp-a001-02-000000069047580	하루견과	nad-a001-02-000000541753959	bsn-a001-00-000000013604308	17	15	684926	M	2	0	0	12	0
20260906	4291318	cmp-a001-02-000000010764328	grp-a001-02-000000069047580	견과	nad-a001-02-000000541753999	bsn-a001-00-000000013604308	17	02	684926	M	2	0	0	4	0
20260906	4291318	cmp-a001-02-000000010764328	grp-a001-02-000000069047580	견과류추천	nad-a001-02-000000541753999	bsn-a001-00-000000013604308	17	13	8753	M	1	0	0	2	0
20260906	4291318	cmp-a001-02-000000010764328	grp-a001-02-000000069047580	하루간식견과류	nad-a001-02-000000541753959	bsn-a001-00-000000013604308	17	15	8753	M	2	0	0	6	0
20260906	4291318	cmp-a001-02-000000010764328	grp-a001-02-000000072573876	추석선물세트	nad-a001-02-000000573683835	bsn-a001-00-000000013604308	17	15	529514	M	10	0	0	35	0
20260906	4291318	cmp-a001-02-000000010764328	grp-a001-02-000000069047580	견과류	nad-a001-02-000000541753999	bsn-a001-00-000000013604308	17	09	791888	M	1	0	0	2	0
20260906	4291318	cmp-a001-02-000000010764328	grp-a001-02-000000069047580	프로틴쉐이크	nad-a001-02-000000553654562	bsn-a001-00-000000013604308	17	99	529514	M	11	0	0	27	0
20260906	4291318	cmp-a001-02-000000010764328	grp-a001-02-000000069047580	황성주생식	nad-a001-02-000000541754005	bsn-a001-00-000000013604308	17	99	8753	M	1	1	1785	4	0
20260906	4291318	cmp-a001-02-000000010764328	grp-a001-02-000000072573876	추석선물세트	nad-a001-02-000000573683835	bsn-a001-00-000000013604308	17	10	529514	M	3	0	0	11	0
20260906	4291318	cmp-a001-02-000000010764328	grp-a001-02-000000072573876	추석선물	nad-a001-02-000000573683834	bsn-a001-00-000000013604308	17	02	529514	M	23	0	0	255	0
20260906	4291318	cmp-a001-02-000000010764328	grp-a001-02-000000069047580	견과류일일권장섭취량	nad-a001-02-000000541753999	bsn-a001-00-000000013604308	17	09	8753	M	1	0	0	2	0
20260906	4291318	cmp-a001-02-000000010764328	grp-a001-02-000000069047580	젤리	nad-a001-02-000000541753985	bsn-a001-00-000000013604308	17	11	137281	M	12	0	0	14	0
20260906	4291318	cmp-a001-02-000000010764328	grp-a001-02-000000069047580	황성주생식	nad-a001-02-000000541753997	bsn-a001-00-000000013604308	17	08	8753	M	2	0	0	10	0
20260906	4291318	cmp-a001-02-000000010764328	grp-a001-02-000000069047580	단백질간식	nad-a001-02-000000553654559	bsn-a001-00-000000013604308	17	09	684926	M	1	0	0	9	0
20260906	4291318	cmp-a001-02-000000010764328	grp-a001-02-000000069047580	하루	nad-a001-02-000000541753959	bsn-a001-00-000000013604308	17	01	612594	M	1	0	0	2	0
20260906	4291318	cmp-a001-02-000000010764328	grp-a001-02-000000069047580	견과류영양성분	nad-a001-02-000000541753960	bsn-a001-00-000000013604308	17	02	8753	M	1	0	0	4	0
20260906	4291318	cmp-a001-02-000000010764328	grp-a001-02-000000069047580	젤리	nad-a001-02-000000541753985	bsn-a001-00-000000013604308	17	99	8753	M	1	0	0	3	0
20260906	4291318	cmp-a001-02-000000010764328	grp-a001-02-000000069047580	하루	nad-a001-02-000000541753959	bsn-a001-00-000000013604308	17	09	805760	M	5	0	0	10	0
20260906	4291318	cmp-a001-02-000000010764328	grp-a001-02-000000069047580	견과류세트	nad-a001-02-000000541753960	bsn-a001-00-000000013604308	17	06	33421	M	1	0	0	5	0
20260906	4291318	cmp-a001-02-000000010764328	grp-a001-02-000000069047580	프로틴	nad-a001-02-000000553654562	bsn-a001-00-000000013604308	17	18	529514	M	42	0	0	42	0
20260906	4291318	cmp-a001-02-000000010764328	grp-a001-02-000000069047580	견과류	nad-a001-02-000000541753959	bsn-a001-00-000000013604308	17	02	27758	P	1	0	0	3	0
20260906	4291318	cmp-a001-02-000000010764328	grp-a001-02-000000072573876	추석선물	nad-a001-02-000000573683834	bsn-a001-00-000000013604308	17	04	529514	M	2	0	0	22	0
20260906	4291318	cmp-a001-02-000000010764328	grp-a001-02-000000069047580	하루견과	nad-a001-02-000000541753959	bsn-a001-00-000000013604308	17	06	8753	M	1	0	0	2	0
20260906	4291318	cmp-a001-02-000000010764328	grp-a001-02-000000069047580	견과세트	nad-a001-02-000000541753999	bsn-a001-00-000000013604308	17	15	768323	M	2	0	0	4	0
20260906	4291318	cmp-a001-02-000000010764328	grp-a001-02-000000069047580	프로틴쉐이크	nad-a001-02-000000553654562	bsn-a001-00-000000013604308	17	15	529514	M	6	0	0	6	0
20260906	4291318	cmp-a001-02-000000010764328	grp-a001-02-000000069047580	단백질보충제	nad-a001-02-000000553654562	bsn-a001-00-000000013604308	17	06	33421	M	1	0	0	3	0
20260906	4291318	cmp-a001-02-000000010764328	grp-a001-02-000000069047580	단백질바칼로리	nad-a001-02-000000553654558	bsn-a001-00-000000013604308	17	01	8753	M	1	0	0	3	0
20260906	4291318	cmp-a001-02-000000010764328	grp-a001-02-000000069047580	에너지바	nad-a001-02-000000553654554	bsn-a001-00-000000013604308	17	09	137281	M	1	0	0	1	0
20260906	4291318	cmp-a001-02-000000010764328	grp-a001-02-000000069047580	하루	nad-a001-02-000000541753999	bsn-a001-00-000000013604308	17	02	612594	M	6	0	0	6	0
20260906	4291318	cmp-a001-02-000000010764328	grp-a001-02-000000069047580	쉐이크	nad-a001-02-000000553654562	bsn-a001-00-000000013604308	17	09	529514	M	5	0	0	5	0
20260906	4291318	cmp-a001-02-000000010764328	grp-a001-02-000000069047580	견과류	nad-a001-02-000000541753999	bsn-a001-00-000000013604308	17	16	529514	M	16	0	0	16	0
20260906	4291318	cmp-a001-02-000000010764328	grp-a001-02-000000069047580	단백질바	nad-a001-02-000000553654554	bsn-a001-00-000000013604308	17	04	8753	M	1	0	0	2	0
20260906	4291318	cmp-a001-02-000000010764328	grp-a001-02-000000069047580	견과류추천	nad-a001-02-000000541753960	bsn-a001-00-000000013604308	17	03	8753	M	2	0	0	8	0
20260906	4291318	cmp-a001-02-000000010764328	grp-a001-02-000000069047580	단백질쉐이크	nad-a001-02-000000553654562	bsn-a001-00-000000013604308	17	16	612594	M	1	0	0	4	0
20260906	4291318	cmp-a001-02-000000010764328	grp-a001-02-000000069047580	단백질바	nad-a001-02-000000553654559	bsn-a001-00-000000013604308	17	02	529514	M	6	0	0	27	0
20260906	4291318	cmp-a001-02-000000010764328	grp-a001-02-000000069047580	견과류	nad-a001-02-000000541753960	bsn-a001-00-000000013604308	17	10	529514	M	9	0	0	27	0
20260906	4291318	cmp-a001-02-000000010764328	grp-a001-02-000000069047580	프로틴바	nad-a001-02-000000553654554	bsn-a001-00-000000013604308	17	09	529514	M	11	0	0	11	0
20260906	4291318	cmp-a001-02-000000010764328	grp-a001-02-000000069047580	스토어	nad-a001-02-000000541753996	bsn-a001-00-000000013604308	17	99	98128	M	11	0	0	12	0
20260906	4291318	cmp-a001-02-000000010764328	grp-a001-02-000000069047580	단백질쉐이크	nad-a001-02-000000553654562	bsn-a001-00-000000013604308	17	04	529514	M	27	0	0	27	0
20260906	4291318	cmp-a001-02-000000010764328	grp-a001-02-000000069047580	고메즈견과류	nad-a001-02-000000541753960	bsn-a001-00-000000013604308	17	09	8753	M	1	0	0	4	0
20260906	4291318	cmp-a001-02-000000010764328	grp-a001-02-000000072573876	추석선물세트	nad-a001-02-000000573683835	bsn-a001-00-000000013604308	17	02	684926	M	1	0	0	82	0
20260906	4291318	cmp-a001-02-000000010764328	grp-a001-02-000000069047580	에너지바	nad-a001-02-000000553654558	bsn-a001-00-000000013604308	17	02	8753	M	3	0	0	13	0
20260906	4291318	cmp-a001-02-000000010764328	grp-a001-02-000000069047580	경과류	nad-a001-02-000000541753959	bsn-a001-00-000000013604308	17	04	8753	M	1	0	0	5	0
20260906	4291318	cmp-a001-02-000000010764328	grp-a001-02-000000069047580	다이어트프로틴	nad-a001-02-000000553654562	bsn-a001-00-000000013604308	17	16	98128	M	2	0	0	2	0
20260906	4291318	cmp-a001-02-000000010764328	grp-a001-02-000000069047580	사랑하고	nad-a001-02-000000553654559	bsn-a001-00-000000013604308	17	06	98128	M	1	0	0	6	0
20260906	4291318	cmp-a001-02-000000010764328	grp-a001-02-000000069047580	하루견과	nad-a001-02-000000541753959	bsn-a001-00-000000013604308	17	02	633013	M	1	0	0	2	0
20260906	4291318	cmp-a001-02-000000010764328	grp-a001-02-000000069047580	견과류	nad-a001-02-000000541753999	bsn-a001-00-000000013604308	17	11	684926	M	1	0	0	3	0
20260906	4291318	cmp-a001-02-000000010764328	grp-a001-02-000000069047580	에너지바	nad-a001-02-000000553654558	bsn-a001-00-000000013604308	17	04	33421	M	1	0	0	5	0
20260906	4291318	cmp-a001-02-000000010764328	grp-a001-02-000000069047580	갓	nad-a001-02-000000541753959	bsn-a001-00-000000013604308	17	15	8753	M	1	0	0	2	0
20260906	4291318	cmp-a001-02-000000010764328	grp-a001-02-000000072573876	추석선물	nad-a001-02-000000573683834	bsn-a001-00-000000013604308	17	01	529514	M	4	0	0	44	0
20260906	4291318	cmp-a001-02-000000010764328	grp-a001-02-000000069047580	견과류	nad-a001-02-000000541753999	bsn-a001-00-000000013604308	17	00	612593	P	1	0	0	3	0
20260906	4291318	cmp-a001-02-000000010764328	grp-a001-02-000000072573876	추석선물	nad-a001-02-000000573683834	bsn-a001-00-000000013604308	17	15	529514	M	2	0	0	22	0
20260906	4291318	cmp-a001-02-000000010764328	grp-a001-02-000000069047580	하루	nad-a001-02-000000541753999	bsn-a001-00-000000013604308	17	09	612594	M	8	0	0	8	0
20260906	4291318	cmp-a001-02-000000010764328	grp-a001-02-000000072573876	추석선물세트	nad-a001-02-000000573683835	bsn-a001-00-000000013604308	17	02	33421	M	3	0	0	20	0
20260906	4291318	cmp-a001-02-000000010764328	grp-a001-02-000000072573876	추석선물세트	nad-a001-02-000000573683835	bsn-a001-00-000000013604308	17	03	529514	M	2	0	0	7	0
20260906	4291318	cmp-a001-02-000000010764328	grp-a001-02-000000069047580	프로틴바	nad-a001-02-000000553654559	bsn-a001-00-000000013604308	17	06	98128	M	1	0	0	5	0
20260906	4291318	cmp-a001-02-000000010764328	grp-a001-02-000000069047580	에너지바가격	nad-a001-02-000000553654554	bsn-a001-00-000000013604308	17	15	8753	M	1	0	0	2	0
20260906	4291318	cmp-a001-02-000000010764328	grp-a001-02-000000069047580	견과류	nad-a001-02-000000541753959	bsn-a001-00-000000013604308	17	02	684926	M	9	0	0	40	0
20260906	4291318	cmp-a001-02-000000010764328	grp-a001-02-000000069047580	프로틴쉐이크	nad-a001-02-000000553654562	bsn-a001-00-000000013604308	17	01	529514	M	2	0	0	6	0
20260906	4291318	cmp-a001-02-000000010764328	grp-a001-02-000000069047580	젤리	nad-a001-02-000000541753985	bsn-a001-00-000000013604308	17	08	529514	M	3	0	0	3	0
20260906	4291318	cmp-a001-02-000000010764328	grp-a001-02-000000069047580	견과류	nad-a001-02-000000541753999	bsn-a001-00-000000013604308	17	10	529514	M	10	0	0	10	0
20260906	4291318	cmp-a001-02-000000010764328	grp-a001-02-000000069047580	견과류	nad-a001-02-000000541753960	bsn-a001-00-000000013604308	17	06	529514	M	28	0	0	84	0
20260906	4291318	cmp-a001-02-000000010764328	grp-a001-02-000000069047580	단백질쉐이크	nad-a001-02-000000553654562	bsn-a001-00-000000013604308	17	18	8753	M	1	0	0	23	0
20260906	4291318	cmp-a001-02-000000010764328	grp-a001-02-000000069047580	스토어	nad-a001-02-000000541753997	bsn-a001-00-000000013604308	17	99	98128	M	7	0	0	22	0
20260906	4291318	cmp-a001-02-000000010764328	grp-a001-02-000000069047580	프로틴	nad-a001-02-000000553654562	bsn-a001-00-000000013604308	17	06	768323	M	3	0	0	5	0
20260906	4291318	cmp-a001-02-000000010764328	grp-a001-02-000000072573876	추석선물셋트	nad-a001-02-000000573683834	bsn-a001-00-000000013604308	17	09	529514	M	1	0	0	3	0
20260906	4291318	cmp-a001-02-000000010764328	grp-a001-02-000000069047580	메디슨벨샐러드젤리	nad-a001-02-000000541753985	bsn-a001-00-000000013604308	17	09	341898	M	1	0	0	2	0
20260906	4291318	cmp-a001-02-000000010764328	grp-a001-02-000000069047580	젤리	nad-a001-02-000000541753985	bsn-a001-00-000000013604308	17	09	98128	M	1	0	0	2	0
20260906	4291318	cmp-a001-02-000000010764328	grp-a001-02-000000069047580	견과세트	nad-a001-02-000000541753999	bsn-a001-00-000000013604308	17	09	768323	M	1	0	0	2	0
20260906	4291318	cmp-a001-02-000000010764328	grp-a001-02-000000069047580	하루	nad-a001-02-000000541753999	bsn-a001-00-000000013604308	17	10	612594	M	1	0	0	1	0
20260906	4291318	cmp-a001-02-000000010764328	grp-a001-02-000000069047580	납작한견과류이름	nad-a001-02-000000541753960	bsn-a001-00-000000013604308	17	18	8753	M	1	0	0	4	0
20260906	4291318	cmp-a001-02-000000010764328	grp-a001-02-000000069047580	프로틴바	nad-a001-02-000000553654558	bsn-a001-00-000000013604308	17	11	8753	M	1	0	0	5	0
20260906	4291318	cmp-a001-02-000000010764328	grp-a001-02-000000069047580	프로틴바	nad-a001-02-000000553654554	bsn-a001-00-000000013604308	17	09	33421	M	1	0	0	7	0
20260906	4291318	cmp-a001-02-000000010764328	grp-a001-02-000000069047580	갓	nad-a001-02-000000541753999	bsn-a001-00-000000013604308	17	02	8753	M	3	0	0	3	0
20260906	4291318	cmp-a001-02-000000010764328	grp-a001-02-000000069047580	견과류	nad-a001-02-000000541753999	bsn-a001-00-000000013604308	17	02	529514	M	201	0	0	228	0
20260906	4291318	cmp-a001-02-000000010764328	grp-a001-02-000000069047580	단백질쉐이크	nad-a001-02-000000553654562	bsn-a001-00-000000013604308	17	17	529514	M	3	0	0	3	0
20260906	4291318	cmp-a001-02-000000010764328	grp-a001-02-000000069047580	단백질바	nad-a001-02-000000553654558	bsn-a001-00-000000013604308	17	13	529514	M	2	0	0	4	0
20260906	4291318	cmp-a001-02-000000010764328	grp-a001-02-000000069047580	하루에견과류섭취량	nad-a001-02-000000541753959	bsn-a001-00-000000013604308	17	02	8753	M	2	0	0	6	0
20260906	4291318	cmp-a001-02-000000010764328	grp-a001-02-000000069047580	하루	nad-a001-02-000000541753959	bsn-a001-00-000000013604308	17	08	805760	M	1	0	0	2	0
20260906	4291318	cmp-a001-02-000000010764328	grp-a001-02-000000072573876	추석선물세트	nad-a001-02-000000573683834	bsn-a001-00-000000013604308	17	18	529514	M	2	0	0	7	0
20260906	4291318	cmp-a001-02-000000010764328	grp-a001-02-000000069047580	견과류	nad-a001-02-000000541753960	bsn-a001-00-000000013604308	17	03	8753	M	2	0	0	9	0
20260906	4291318	cmp-a001-02-000000010764328	grp-a001-02-000000069047580	하루	nad-a001-02-000000541753960	bsn-a001-00-000000013604308	17	08	98128	M	1	0	0	2	0
20260906	4291318	cmp-a001-02-000000010764328	grp-a001-02-000000069047580	스토어	nad-a001-02-000000541753997	bsn-a001-00-000000013604308	17	08	98128	M	7	0	0	21	0
20260906	4291318	cmp-a001-02-000000010764328	grp-a001-02-000000069047580	하루견과	nad-a001-02-000000541753960	bsn-a001-00-000000013604308	17	07	529514	M	2	0	0	5	0
20260906	4291318	cmp-a001-02-000000010764328	grp-a001-02-000000069047580	단백질바	nad-a001-02-000000553654559	bsn-a001-00-000000013604308	17	04	8753	M	1	0	0	21	0
20260906	4291318	cmp-a001-02-000000010764328	grp-a001-02-000000069047580	보충제	nad-a001-02-000000553654562	bsn-a001-00-000000013604308	17	02	11068	P	3	0	0	18	0
20260906	4291318	cmp-a001-02-000000010764328	grp-a001-02-000000069047580	견과류	nad-a001-02-000000541753999	bsn-a001-00-000000013604308	17	17	8753	M	1	0	0	2	0
20260906	4291318	cmp-a001-02-000000010764328	grp-a001-02-000000069047580	하루견과	nad-a001-02-000000541753999	bsn-a001-00-000000013604308	17	13	529514	M	2	0	0	3	0
20260906	4291318	cmp-a001-02-000000010764328	grp-a001-02-000000072573876	추석선물세트	nad-a001-02-000000573683834	bsn-a001-00-000000013604308	17	13	529514	M	9	0	0	28	0
20260906	4291318	cmp-a001-02-000000010764328	grp-a001-02-000000069047580	견과류	nad-a001-02-000000541753999	bsn-a001-00-000000013604308	17	03	529514	M	42	0	0	42	0
20260906	4291318	cmp-a001-02-000000010764328	grp-a001-02-000000069047580	네이버스토어	nad-a001-02-000000541753997	bsn-a001-00-000000013604308	17	02	612594	M	1	0	0	1	0
20260906	4291318	cmp-a001-02-000000010764328	grp-a001-02-000000069047580	프로틴쉐이크	nad-a001-02-000000553654562	bsn-a001-00-000000013604308	17	99	8753	M	2	0	0	14	0
20260906	4291318	cmp-a001-02-000000010764328	grp-a001-02-000000069047580	프로틴	nad-a001-02-000000553654562	bsn-a001-00-000000013604308	17	03	529514	M	7	0	0	7	0
20260906	4291318	cmp-a001-02-000000010764328	grp-a001-02-000000069047580	견과류세트	nad-a001-02-000000541753959	bsn-a001-00-000000013604308	17	11	8753	M	4	0	0	12	0
20260906	4291318	cmp-a001-02-000000010764328	grp-a001-02-000000069047580	스토어	nad-a001-02-000000541753997	bsn-a001-00-000000013604308	17	11	248824	P	1	0	0	1	0
20260906	4291318	cmp-a001-02-000000010764328	grp-a001-02-000000069047580	프로틴	nad-a001-02-000000553654562	bsn-a001-00-000000013604308	17	08	529514	M	8	0	0	8	0
20260906	4291318	cmp-a001-02-000000010764328	grp-a001-02-000000072573876	추석선물	nad-a001-02-000000573683834	bsn-a001-00-000000013604308	17	06	529514	M	4	0	0	44	0
20260906	4291318	cmp-a001-02-000000010764328	grp-a001-02-000000069047580	하루	nad-a001-02-000000541753999	bsn-a001-00-000000013604308	17	11	98128	M	1	0	0	1	0
20260906	4291318	cmp-a001-02-000000010764328	grp-a001-02-000000069047580	견과류세트	nad-a001-02-000000541753960	bsn-a001-00-000000013604308	17	08	684926	M	1	0	0	1	0
20260906	4291318	cmp-a001-02-000000010764328	grp-a001-02-000000069047580	사랑님	nad-a001-02-000000553654554	bsn-a001-00-000000013604308	17	13	529514	M	14	0	0	14	0
20260906	4291318	cmp-a001-02-000000010764328	grp-a001-02-000000069047580	하루만	nad-a001-02-000000541753960	bsn-a001-00-000000013604308	17	13	529514	M	2	0	0	6	0
20260906	4291318	cmp-a001-02-000000010764328	grp-a001-02-000000069047580	견과류	nad-a001-02-000000541753959	bsn-a001-00-000000013604308	17	15	529514	M	20	0	0	40	0
20260906	4291318	cmp-a001-02-000000010764328	grp-a001-02-000000069047580	단백질쉐이크	nad-a001-02-000000553654562	bsn-a001-00-000000013604308	17	10	529514	M	43	0	0	43	0
20260906	4291318	cmp-a001-02-000000010764328	grp-a001-02-000000069047580	견과류	nad-a001-02-000000541753959	bsn-a001-00-000000013604308	17	03	529514	M	42	0	0	84	0
20260906	4291318	cmp-a001-02-000000010764328	grp-a001-02-000000069047580	단백질보충제	nad-a001-02-000000553654562	bsn-a001-00-000000013604308	17	08	33421	M	1	0	0	6	0
20260906	4291318	cmp-a001-02-000000010764328	grp-a001-02-000000069047580	우체국하루견과루바	nad-a001-02-000000541753960	bsn-a001-00-000000013604308	17	16	8753	M	1	0	0	4	0
20260906	4291318	cmp-a001-02-000000010764328	grp-a001-02-000000069047580	견과류	nad-a001-02-000000541753960	bsn-a001-00-000000013604308	17	02	529514	M	200	0	0	674	0
20260906	4291318	cmp-a001-02-000000010764328	grp-a001-02-000000069047580	견과류세트	nad-a001-02-000000541753960	bsn-a001-00-000000013604308	17	11	8753	M	4	0	0	15	0
20260906	4291318	cmp-a001-02-000000010764328	grp-a001-02-000000069047580	하루	nad-a001-02-000000541753959	bsn-a001-00-000000013604308	17	02	612594	M	6	0	0	12	0
20260906	4291318	cmp-a001-02-000000010764328	grp-a001-02-000000069047580	초코없는에너지바	nad-a001-02-000000553654558	bsn-a001-00-000000013604308	17	09	8753	M	1	0	0	5	0
20260906	4291318	cmp-a001-02-000000010764328	grp-a001-02-000000069047580	단백질간식	nad-a001-02-000000553654554	bsn-a001-00-000000013604308	17	99	8753	M	1	0	0	1	0
20260906	4291318	cmp-a001-02-000000010764328	grp-a001-02-000000069047580	단백질보충제	nad-a001-02-000000553654562	bsn-a001-00-000000013604308	17	18	87620	M	1	0	0	1	0
20260906	4291318	cmp-a001-02-000000010764328	grp-a001-02-000000069047580	견과류추천	nad-a001-02-000000541753959	bsn-a001-00-000000013604308	17	09	8753	M	2	1	2724	6	0
20260906	4291318	cmp-a001-02-000000010764328	grp-a001-02-000000069047580	사랑이	nad-a001-02-000000553654554	bsn-a001-00-000000013604308	17	08	529514	M	8	0	0	8	0
20260906	4291318	cmp-a001-02-000000010764328	grp-a001-02-000000069047580	하루견과	nad-a001-02-000000541753960	bsn-a001-00-000000013604308	17	09	11068	P	2	0	0	4	0
20260906	4291318	cmp-a001-02-000000010764328	grp-a001-02-000000069047580	하루견과	nad-a001-02-000000541753999	bsn-a001-00-000000013604308	17	04	684924	M	1	0	0	1	0
20260906	4291318	cmp-a001-02-000000010764328	grp-a001-02-000000069047580	하루견과	nad-a001-02-000000541753999	bsn-a001-00-000000013604308	17	02	8753	M	8	0	0	19	0
20260906	4291318	cmp-a001-02-000000010764328	grp-a001-02-000000069047580	단백질쉐이크	nad-a001-02-000000553654562	bsn-a001-00-000000013604308	17	04	27758	P	1	0	0	3	0
20260906	4291318	cmp-a001-02-000000010764328	grp-a001-02-000000069047580	단백질쉐이크	nad-a001-02-000000553654562	bsn-a001-00-000000013604308	17	01	684924	M	1	0	0	1	0
20260906	4291318	cmp-a001-02-000000010764328	grp-a001-02-000000069047580	프로틴바	nad-a001-02-000000553654554	bsn-a001-00-000000013604308	17	06	8753	M	1	0	0	4	0
20260906	4291318	cmp-a001-02-000000010764328	grp-a001-02-000000069047580	견과류	nad-a001-02-000000541753959	bsn-a001-00-000000013604308	17	09	33421	M	1	0	0	3	0
20260906	4291318	cmp-a001-02-000000010764328	grp-a001-02-000000069047580	프로틴쉐이크	nad-a001-02-000000553654562	bsn-a001-00-000000013604308	17	07	529514	M	2	0	0	6	0
20260906	4291318	cmp-a001-02-000000010764328	grp-a001-02-000000069047580	식물성단백질쉐이크	nad-a001-02-000000553654562	bsn-a001-00-000000013604308	17	99	8753	M	1	0	0	11	0
20260906	4291318	cmp-a001-02-000000010764328	grp-a001-02-000000069047580	프로틴바	nad-a001-02-000000553654559	bsn-a001-00-000000013604308	17	04	529514	M	2	0	0	9	0
20260906	4291318	cmp-a001-02-000000010764328	grp-a001-02-000000069047580	하루견과	nad-a001-02-000000541753999	bsn-a001-00-000000013604308	17	09	11068	P	2	0	0	6	0
20260906	4291318	cmp-a001-02-000000010764328	grp-a001-02-000000069047580	하루견과	nad-a001-02-000000541753960	bsn-a001-00-000000013604308	17	15	633013	M	1	0	0	2	0
20260906	4291318	cmp-a001-02-000000010764328	grp-a001-02-000000069047580	하루	nad-a001-02-000000541753960	bsn-a001-00-000000013604308	17	99	612594	M	4	0	0	12	0
20260906	4291318	cmp-a001-02-000000010764328	grp-a001-02-000000069047580	견과류추천	nad-a001-02-000000541753959	bsn-a001-00-000000013604308	17	08	684924	M	1	0	0	3	0
20260906	4291318	cmp-a001-02-000000010764328	grp-a001-02-000000069047580	하루견과	nad-a001-02-000000541753960	bsn-a001-00-000000013604308	17	04	8753	M	3	0	0	14	0
20260906	4291318	cmp-a001-02-000000010764328	grp-a001-02-000000069047580	에너지바	nad-a001-02-000000553654559	bsn-a001-00-000000013604308	17	02	529514	M	2	0	0	6	0
20260906	4291318	cmp-a001-02-000000010764328	grp-a001-02-000000072573876	추석선물추천	nad-a001-02-000000573683834	bsn-a001-00-000000013604308	17	07	8753	M	1	0	0	5	0
20260906	4291318	cmp-a001-02-000000010764328	grp-a001-02-000000069047580	하루	nad-a001-02-000000541753999	bsn-a001-00-000000013604308	17	10	98128	M	1	0	0	1	0
20260906	4291318	cmp-a001-02-000000010764328	grp-a001-02-000000069047580	하루견과	nad-a001-02-000000541753999	bsn-a001-00-000000013604308	17	11	529514	M	4	0	0	6	0
20260906	4291318	cmp-a001-02-000000010764328	grp-a001-02-000000069047580	견과류	nad-a001-02-000000541753999	bsn-a001-00-000000013604308	17	03	684926	M	2	0	0	4	0
20260906	4291318	cmp-a001-02-000000010764328	grp-a001-02-000000072573876	추석선물세트	nad-a001-02-000000573683835	bsn-a001-00-000000013604308	17	01	529514	M	4	0	0	13	0
20260906	4291318	cmp-a001-02-000000010764328	grp-a001-02-000000069047580	단백질쉐이크	nad-a001-02-000000553654562	bsn-a001-00-000000013604308	17	07	529514	M	14	0	0	14	0
20260906	4291318	cmp-a001-02-000000010764328	grp-a001-02-000000069047580	가루	nad-a001-02-000000541754004	bsn-a001-00-000000013604308	17	03	8753	M	1	0	0	3	0
20260906	4291318	cmp-a001-02-000000010764328	grp-a001-02-000000069047580	단백질	nad-a001-02-000000553654562	bsn-a001-00-000000013604308	17	09	8753	M	1	0	0	2	0
20260906	4291318	cmp-a001-02-000000010764328	grp-a001-02-000000069047580	하루+견과류+추천	nad-a001-02-000000541753960	bsn-a001-00-000000013604308	17	00	805759	P	1	0	0	3	0
20260906	4291318	cmp-a001-02-000000010764328	grp-a001-02-000000069047580	하루만	nad-a001-02-000000541753960	bsn-a001-00-000000013604308	17	99	529514	M	2	0	0	6	0
20260906	4291318	cmp-a001-02-000000010764328	grp-a001-02-000000069047580	견과류	nad-a001-02-000000541753999	bsn-a001-00-000000013604308	17	13	529514	M	16	0	0	16	0
20260906	4291318	cmp-a001-02-000000010764328	grp-a001-02-000000069047580	하루만	nad-a001-02-000000541753959	bsn-a001-00-000000013604308	17	18	529514	M	2	0	0	4	0
20260906	4291318	cmp-a001-02-000000010764328	grp-a001-02-000000072573876	명절선물	nad-a001-02-000000573683834	bsn-a001-00-000000013604308	17	02	529514	M	7	0	0	77	0
20260906	4291318	cmp-a001-02-000000010764328	grp-a001-02-000000069047580	견과류	nad-a001-02-000000541753959	bsn-a001-00-000000013604308	17	06	529514	M	28	0	0	56	0
20260906	4291318	cmp-a001-02-000000010764328	grp-a001-02-000000069047580	견과류	nad-a001-02-000000541753960	bsn-a001-00-000000013604308	17	99	33421	M	1	0	0	4	0
20260906	4291318	cmp-a001-02-000000010764328	grp-a001-02-000000069047580	단백질	nad-a001-02-000000553654562	bsn-a001-00-000000013604308	17	09	98128	M	3	0	0	3	0
20260906	4291318	cmp-a001-02-000000010764328	grp-a001-02-000000069047580	프로틴바	nad-a001-02-000000553654554	bsn-a001-00-000000013604308	17	06	98128	M	2	0	0	2	0
20260906	4291318	cmp-a001-02-000000010764328	grp-a001-02-000000069047580	견과류	nad-a001-02-000000541753999	bsn-a001-00-000000013604308	17	06	33421	M	1	0	0	2	0
20260906	4291318	cmp-a001-02-000000010764328	grp-a001-02-000000069047580	견과류	nad-a001-02-000000541753999	bsn-a001-00-000000013604308	17	99	529514	M	128	0	0	134	0
20260906	4291318	cmp-a001-02-000000010764328	grp-a001-02-000000069047580	스토어	nad-a001-02-000000541753996	bsn-a001-00-000000013604308	17	02	98128	M	18	0	0	21	0
20260906	4291318	cmp-a001-02-000000010764328	grp-a001-02-000000069047580	하루견과	nad-a001-02-000000541753960	bsn-a001-00-000000013604308	17	08	33421	M	1	0	0	4	0
20260906	4291318	cmp-a001-02-000000010764328	grp-a001-02-000000069047580	단백질쉐이크	nad-a001-02-000000553654562	bsn-a001-00-000000013604308	17	11	98128	M	11	0	0	11	0
20260906	4291318	cmp-a001-02-000000010764328	grp-a001-02-000000072573876	추석선물세트추천	nad-a001-02-000000573683835	bsn-a001-00-000000013604308	17	18	8753	M	2	0	0	9	0
20260906	4291318	cmp-a001-02-000000010764328	grp-a001-02-000000069047580	견과류	nad-a001-02-000000541753999	bsn-a001-00-000000013604308	17	08	529514	M	40	1	1697	40	0
20260906	4291318	cmp-a001-02-000000010764328	grp-a001-02-000000069047580	단백질쉐이크	nad-a001-02-000000553654562	bsn-a001-00-000000013604308	17	09	98128	M	9	0	0	10	0
20260906	4291318	cmp-a001-02-000000010764328	grp-a001-02-000000069047580	젤리	nad-a001-02-000000541753985	bsn-a001-00-000000013604308	17	10	23123	P	1	0	0	2	0
20260906	4291318	cmp-a001-02-000000010764328	grp-a001-02-000000069047580	단백질바	nad-a001-02-000000553654558	bsn-a001-00-000000013604308	17	15	8753	M	1	0	0	11	0
20260906	4291318	cmp-a001-02-000000010764328	grp-a001-02-000000072573876	추석선물세트	nad-a001-02-000000573683834	bsn-a001-00-000000013604308	17	06	529514	M	12	0	0	36	0
20260906	4291318	cmp-a001-02-000000010764328	grp-a001-02-000000072573876	추석선물세트	nad-a001-02-000000573683834	bsn-a001-00-000000013604308	17	09	684926	M	2	0	0	4	0
20260906	4291318	cmp-a001-02-000000010764328	grp-a001-02-000000069047580	다이어트쉐이크	nad-a001-02-000000553654562	bsn-a001-00-000000013604308	17	16	529514	M	2	0	0	2	0
20260906	4291318	cmp-a001-02-000000010764328	grp-a001-02-000000069047580	사탕젤리	nad-a001-02-000000541753985	bsn-a001-00-000000013604308	17	04	87620	M	1	0	0	1	0
20260906	4291318	cmp-a001-02-000000010764328	grp-a001-02-000000069047580	가루	nad-a001-02-000000541753996	bsn-a001-00-000000013604308	17	01	8753	M	2	0	0	4	0
20260906	4291318	cmp-a001-02-000000010764328	grp-a001-02-000000069047580	견과류	nad-a001-02-000000541753960	bsn-a001-00-000000013604308	17	08	529514	M	40	1	1301	120	0
20260906	4291318	cmp-a001-02-000000010764328	grp-a001-02-000000069047580	사랑	nad-a001-02-000000553654559	bsn-a001-00-000000013604308	17	06	98128	M	4	0	0	20	0
20260906	4291318	cmp-a001-02-000000010764328	grp-a001-02-000000069047580	견과류	nad-a001-02-000000541753960	bsn-a001-00-000000013604308	17	07	529514	M	11	0	0	33	0
20260906	4291318	cmp-a001-02-000000010764328	grp-a001-02-000000069047580	견과류일일권장섭취량	nad-a001-02-000000541753960	bsn-a001-00-000000013604308	17	09	8753	M	1	0	0	4	0
20260906	4291318	cmp-a001-02-000000010764328	grp-a001-02-000000069047580	보충제	nad-a001-02-000000553654562	bsn-a001-00-000000013604308	17	08	529514	M	1	0	0	1	0
20260906	4291318	cmp-a001-02-000000010764328	grp-a001-02-000000069047580	하루	nad-a001-02-000000541753960	bsn-a001-00-000000013604308	17	02	98128	M	6	0	0	12	0
20260906	4291318	cmp-a001-02-000000010764328	grp-a001-02-000000069047580	가루	nad-a001-02-000000541753997	bsn-a001-00-000000013604308	17	13	8753	M	1	0	0	1	0
20260906	4291318	cmp-a001-02-000000010764328	grp-a001-02-000000069047580	견과	nad-a001-02-000000541753959	bsn-a001-00-000000013604308	17	02	684927	P	1	0	0	7	0
20260906	4291318	cmp-a001-02-000000010764328	grp-a001-02-000000069047580	곡물쉐이크	nad-a001-02-000000553654562	bsn-a001-00-000000013604308	17	02	8753	M	1	0	0	5	0
20260906	4291318	cmp-a001-02-000000010764328	grp-a001-02-000000069047580	견과류세트	nad-a001-02-000000541753999	bsn-a001-00-000000013604308	17	02	684924	M	1	0	0	1	0
20260906	4291318	cmp-a001-02-000000010764328	grp-a001-02-000000069047580	스토어	nad-a001-02-000000541753997	bsn-a001-00-000000013604308	17	06	335738	P	3	0	0	3	0
20260906	4291318	cmp-a001-02-000000010764328	grp-a001-02-000000069047580	하루견과	nad-a001-02-000000541753999	bsn-a001-00-000000013604308	17	15	684927	P	1	0	0	3	0
20260906	4291318	cmp-a001-02-000000010764328	grp-a001-02-000000069047580	견과류	nad-a001-02-000000541753959	bsn-a001-00-000000013604308	17	08	8753	M	9	1	2699	28	0
20260906	4291318	cmp-a001-02-000000010764328	grp-a001-02-000000069047580	다이어트쉐이크	nad-a001-02-000000553654562	bsn-a001-00-000000013604308	17	09	768323	M	3	0	0	9	0
20260906	4291318	cmp-a001-02-000000010764328	grp-a001-02-000000069047580	단백질바	nad-a001-02-000000553654559	bsn-a001-00-000000013604308	17	09	529514	M	9	0	0	40	0
20260906	4291318	cmp-a001-02-000000010764328	grp-a001-02-000000069047580	단백질바	nad-a001-02-000000553654558	bsn-a001-00-000000013604308	17	99	529514	M	4	0	0	8	0
20260906	4291318	cmp-a001-02-000000010764328	grp-a001-02-000000069047580	사랑	nad-a001-02-000000553654554	bsn-a001-00-000000013604308	17	06	98128	M	4	0	0	12	0
20260906	4291318	cmp-a001-02-000000010764328	grp-a001-02-000000072573876	추석선물세트	nad-a001-02-000000573683835	bsn-a001-00-000000013604308	17	02	529514	M	39	0	0	134	0
20260906	4291318	cmp-a001-02-000000010764328	grp-a001-02-000000072573876	명절선물	nad-a001-02-000000573683834	bsn-a001-00-000000013604308	17	04	529514	M	1	0	0	11	0
20260906	4291318	cmp-a001-02-000000010764328	grp-a001-02-000000069047580	에너지바	nad-a001-02-000000553654558	bsn-a001-00-000000013604308	17	02	529514	M	2	0	0	4	0
20260906	4291318	cmp-a001-02-000000010764328	grp-a001-02-000000069047580	하루견과	nad-a001-02-000000541753960	bsn-a001-00-000000013604308	17	08	87620	M	2	0	0	4	0
20260906	4291318	cmp-a001-02-000000010764328	grp-a001-02-000000072573876	추석선물세트	nad-a001-02-000000573683835	bsn-a001-00-000000013604308	17	04	8753	M	2	0	0	6	0
20260906	4291318	cmp-a001-02-000000010764328	grp-a001-02-000000069047580	하루견과	nad-a001-02-000000541753959	bsn-a001-00-000000013604308	17	04	8753	M	3	0	0	11	0
20260906	4291318	cmp-a001-02-000000010764328	grp-a001-02-000000072573876	명절선물	nad-a001-02-000000573683835	bsn-a001-00-000000013604308	17	99	529514	M	6	0	0	69	0
20260906	4291318	cmp-a001-02-000000010764328	grp-a001-02-000000069047580	견과류	nad-a001-02-000000541753959	bsn-a001-00-000000013604308	17	18	529514	M	31	0	0	62	0
20260906	4291318	cmp-a001-02-000000010764328	grp-a001-02-000000069047580	프로틴단백질	nad-a001-02-000000553654562	bsn-a001-00-000000013604308	17	02	612594	M	1	0	0	4	0
20260906	4291318	cmp-a001-02-000000010764328	grp-a001-02-000000072573876	추석선물세트	nad-a001-02-000000573683834	bsn-a001-00-000000013604308	17	08	8753	M	1	0	0	3	0
20260906	4291318	cmp-a001-02-000000010764328	grp-a001-02-000000069047580	단백질쉐이크	nad-a001-02-000000553654562	bsn-a001-00-000000013604308	17	09	529514	M	162	0	0	162	0
20260906	4291318	cmp-a001-02-000000010764328	grp-a001-02-000000069047580	에너지바	nad-a001-02-000000553654558	bsn-a001-00-000000013604308	17	09	137281	M	1	0	0	2	0
20260906	4291318	cmp-a001-02-000000010764328	grp-a001-02-000000069047580	에너지바	nad-a001-02-000000553654554	bsn-a001-00-000000013604308	17	18	23123	P	1	0	0	1	0
20260906	4291318	cmp-a001-02-000000010764328	grp-a001-02-000000069047580	단백질	nad-a001-02-000000553654562	bsn-a001-00-000000013604308	17	99	529514	M	9	0	0	9	0
20260906	4291318	cmp-a001-02-000000010764328	grp-a001-02-000000069047580	견과세트	nad-a001-02-000000541753959	bsn-a001-00-000000013604308	17	09	768323	M	1	0	0	1	0
20260906	4291318	cmp-a001-02-000000010764328	grp-a001-02-000000069047580	견과류추천	nad-a001-02-000000541753959	bsn-a001-00-000000013604308	17	08	8753	M	2	0	0	6	0
20260906	4291318	cmp-a001-02-000000010764328	grp-a001-02-000000069047580	하루견과	nad-a001-02-000000541753959	bsn-a001-00-000000013604308	17	08	8753	M	3	0	0	15	0
20260906	4291318	cmp-a001-02-000000010764328	grp-a001-02-000000069047580	갓	nad-a001-02-000000541753999	bsn-a001-00-000000013604308	17	09	684924	M	2	0	0	2	0
20260906	4291318	cmp-a001-02-000000010764328	grp-a001-02-000000069047580	초코없는에너지바	nad-a001-02-000000553654554	bsn-a001-00-000000013604308	17	09	8753	M	1	0	0	2	0
20260906	4291318	cmp-a001-02-000000010764328	grp-a001-02-000000069047580	견과세트	nad-a001-02-000000541753960	bsn-a001-00-000000013604308	17	99	768323	M	1	0	0	3	0
20260906	4291318	cmp-a001-02-000000010764328	grp-a001-02-000000069047580	제리	nad-a001-02-000000541753985	bsn-a001-00-000000013604308	17	08	8753	M	1	0	0	3	0
20260906	4291318	cmp-a001-02-000000010764328	grp-a001-02-000000069047580	하루+견과류+추천	nad-a001-02-000000541753959	bsn-a001-00-000000013604308	17	00	805759	P	1	0	0	1	0
20260906	4291318	cmp-a001-02-000000010764328	grp-a001-02-000000069047580	동결건조생식	nad-a001-02-000000541754004	bsn-a001-00-000000013604308	17	03	8753	M	1	0	0	3	0
20260906	4291318	cmp-a001-02-000000010764328	grp-a001-02-000000069047580	단백질	nad-a001-02-000000553654562	bsn-a001-00-000000013604308	17	15	8753	M	1	0	0	6	0
20260906	4291318	cmp-a001-02-000000010764328	grp-a001-02-000000069047580	다이어트쉐이크	nad-a001-02-000000553654562	bsn-a001-00-000000013604308	17	04	529514	M	4	0	0	4	0
20260906	4291318	cmp-a001-02-000000010764328	grp-a001-02-000000069047580	견과류	nad-a001-02-000000541753959	bsn-a001-00-000000013604308	17	16	612594	M	1	0	0	2	0
20260906	4291318	cmp-a001-02-000000010764328	grp-a001-02-000000069047580	하루견과	nad-a001-02-000000541753999	bsn-a001-00-000000013604308	17	03	8753	M	5	0	0	8	0
20260906	4291318	cmp-a001-02-000000010764328	grp-a001-02-000000069047580	프로틴바	nad-a001-02-000000553654558	bsn-a001-00-000000013604308	17	06	8753	M	1	0	0	8	0
20260906	4291318	cmp-a001-02-000000010764328	grp-a001-02-000000069047580	단백질바추천	nad-a001-02-000000553654554	bsn-a001-00-000000013604308	17	09	8753	M	1	0	0	2	0
20260906	4291318	cmp-a001-02-000000010764328	grp-a001-02-000000069047580	단백질	nad-a001-02-000000553654562	bsn-a001-00-000000013604308	17	13	612594	M	3	0	0	12	0
20260906	4291318	cmp-a001-02-000000010764328	grp-a001-02-000000069047580	스토어	nad-a001-02-000000541753997	bsn-a001-00-000000013604308	17	18	98128	M	1	0	0	3	0
20260906	4291318	cmp-a001-02-000000010764328	grp-a001-02-000000072573876	추석선물세트	nad-a001-02-000000573683835	bsn-a001-00-000000013604308	17	02	341898	M	1	0	0	3	0
20260906	4291318	cmp-a001-02-000000010764328	grp-a001-02-000000069047580	견과세트	nad-a001-02-000000541753960	bsn-a001-00-000000013604308	17	15	768323	M	2	0	0	6	0
20260906	4291318	cmp-a001-02-000000010764328	grp-a001-02-000000069047580	단백질쉐이크	nad-a001-02-000000553654562	bsn-a001-00-000000013604308	17	16	529514	M	24	0	0	24	0
20260906	4291318	cmp-a001-02-000000010764328	grp-a001-02-000000069047580	에너지바	nad-a001-02-000000553654558	bsn-a001-00-000000013604308	17	04	8753	M	1	0	0	5	0
20260906	4291318	cmp-a001-02-000000010764328	grp-a001-02-000000069047580	하루만	nad-a001-02-000000541753999	bsn-a001-00-000000013604308	17	18	529514	M	2	0	0	2	0
20260906	4291318	cmp-a001-02-000000010764328	grp-a001-02-000000069047580	칼로리바	nad-a001-02-000000553654558	bsn-a001-00-000000013604308	17	09	8753	M	4	0	0	10	0
20260906	4291318	cmp-a001-02-000000010764328	grp-a001-02-000000069047580	분말가루	nad-a001-02-000000541753997	bsn-a001-00-000000013604308	17	07	8753	M	1	0	0	1	0
20260906	4291318	cmp-a001-02-000000010764328	grp-a001-02-000000072573876	추석선물세트	nad-a001-02-000000573683834	bsn-a001-00-000000013604308	17	03	529514	M	4	0	0	12	0
20260906	4291318	cmp-a001-02-000000010764328	grp-a001-02-000000069047580	젤리	nad-a001-02-000000541753985	bsn-a001-00-000000013604308	17	11	8753	M	1	0	0	4	0
20260906	4291318	cmp-a001-02-000000010764328	grp-a001-02-000000069047580	견과류	nad-a001-02-000000541753960	bsn-a001-00-000000013604308	17	02	8753	M	16	0	0	76	0
20260906	4291318	cmp-a001-02-000000010764328	grp-a001-02-000000069047580	견과류	nad-a001-02-000000541753959	bsn-a001-00-000000013604308	17	02	684927	P	2	0	0	8	0
20260906	4291318	cmp-a001-02-000000010764328	grp-a001-02-000000069047580	황성주생식당당	nad-a001-02-000000541753988	bsn-a001-00-000000013604308	17	08	8753	M	1	0	0	5	0
20260906	4291318	cmp-a001-02-000000010764328	grp-a001-02-000000069047580	황성주생식	nad-a001-02-000000541753988	bsn-a001-00-000000013604308	17	02	8753	M	1	0	0	5	0
20260906	4291318	cmp-a001-02-000000010764328	grp-a001-02-000000069047580	프로틴	nad-a001-02-000000553654562	bsn-a001-00-000000013604308	17	04	33421	M	1	0	0	9	0
20260906	4291318	cmp-a001-02-000000010764328	grp-a001-02-000000072573876	추석선물	nad-a001-02-000000573683835	bsn-a001-00-000000013604308	17	08	8753	M	1	0	0	4	0
20260906	4291318	cmp-a001-02-000000010764328	grp-a001-02-000000069047580	하루견과후르츠베리세트	nad-a001-02-000000541753960	bsn-a001-00-000000013604308	17	02	8753	M	1	0	0	4	0
20260906	4291318	cmp-a001-02-000000010764328	grp-a001-02-000000072573876	추석선물세트	nad-a001-02-000000573683834	bsn-a001-00-000000013604308	17	09	8753	M	2	0	0	6	0
20260906	4291318	cmp-a001-02-000000010764328	grp-a001-02-000000072573876	추석선물세트	nad-a001-02-000000573683835	bsn-a001-00-000000013604308	17	15	33421	M	1	0	0	5	0
20260906	4291318	cmp-a001-02-000000010764328	grp-a001-02-000000069047580	견과류	nad-a001-02-000000541753960	bsn-a001-00-000000013604308	17	09	8753	M	8	0	0	37	0
20260906	4291318	cmp-a001-02-000000010764328	grp-a001-02-000000069047580	다이어트쉐이크	nad-a001-02-000000553654562	bsn-a001-00-000000013604308	17	13	529514	M	2	0	0	2	0
20260906	4291318	cmp-a001-02-000000010764328	grp-a001-02-000000069047580	하루견과	nad-a001-02-000000541753960	bsn-a001-00-000000013604308	17	02	8753	M	4	0	0	24	0
20260906	4291318	cmp-a001-02-000000010764328	grp-a001-02-000000069047580	프로틴바	nad-a001-02-000000553654554	bsn-a001-00-000000013604308	17	04	529514	M	2	0	0	2	0
20260906	4291318	cmp-a001-02-000000010764328	grp-a001-02-000000069047580	아본드	nad-a001-02-000000541753959	bsn-a001-00-000000013604308	17	99	8753	M	1	0	0	4	0
20260906	4291318	cmp-a001-02-000000010764328	grp-a001-02-000000069047580	단백질보충제	nad-a001-02-000000553654562	bsn-a001-00-000000013604308	17	10	612594	M	1	0	0	4	0
20260906	4291318	cmp-a001-02-000000010764328	grp-a001-02-000000072573876	추석선물세트	nad-a001-02-000000573683834	bsn-a001-00-000000013604308	17	07	8753	M	1	0	0	3	0
20260906	4291318	cmp-a001-02-000000010764328	grp-a001-02-000000069047580	하루	nad-a001-02-000000541753960	bsn-a001-00-000000013604308	17	02	612594	M	6	0	0	18	0
20260906	4291318	cmp-a001-02-000000010764328	grp-a001-02-000000069047580	단백질쉐이크	nad-a001-02-000000553654562	bsn-a001-00-000000013604308	17	08	529514	M	40	0	0	40	0
20260906	4291318	cmp-a001-02-000000010764328	grp-a001-02-000000069047580	단백질바	nad-a001-02-000000553654554	bsn-a001-00-000000013604308	17	07	8753	M	1	0	0	5	0
20260906	4291318	cmp-a001-02-000000010764328	grp-a001-02-000000069047580	프로틴바	nad-a001-02-000000553654554	bsn-a001-00-000000013604308	17	11	33421	M	1	0	0	2	0
20260906	4291318	cmp-a001-02-000000010764328	grp-a001-02-000000069047580	우체국하루견과루바	nad-a001-02-000000541753999	bsn-a001-00-000000013604308	17	16	8753	M	1	0	0	2	0
20260906	4291318	cmp-a001-02-000000010764328	grp-a001-02-000000069047580	스토어	nad-a001-02-000000541753997	bsn-a001-00-000000013604308	17	07	98128	M	1	0	0	3	0
20260906	4291318	cmp-a001-02-000000010764328	grp-a001-02-000000069047580	에너지바	nad-a001-02-000000553654554	bsn-a001-00-000000013604308	17	02	8753	M	4	0	0	13	0
20260906	4291318	cmp-a001-02-000000010764328	grp-a001-02-000000069047580	견과류	nad-a001-02-000000541753999	bsn-a001-00-000000013604308	17	16	612594	M	1	0	0	3	0
20260906	4291318	cmp-a001-02-000000010764328	grp-a001-02-000000072573876	추석선물세트	nad-a001-02-000000573683834	bsn-a001-00-000000013604308	17	06	8753	M	1	0	0	3	0
20260906	4291318	cmp-a001-02-000000010764328	grp-a001-02-000000069047580	젤리	nad-a001-02-000000541753985	bsn-a001-00-000000013604308	17	02	768323	M	1	0	0	3	0
20260906	4291318	cmp-a001-02-000000010764328	grp-a001-02-000000069047580	단백질파우더	nad-a001-02-000000553654562	bsn-a001-00-000000013604308	17	99	529514	M	2	0	0	9	0
20260906	4291318	cmp-a001-02-000000010764328	grp-a001-02-000000072573876	추석선물	nad-a001-02-000000573683835	bsn-a001-00-000000013604308	17	02	8753	M	2	0	0	9	0
20260906	4291318	cmp-a001-02-000000010764328	grp-a001-02-000000069047580	견과류	nad-a001-02-000000541753960	bsn-a001-00-000000013604308	17	09	791888	M	1	0	0	3	0
20260906	4291318	cmp-a001-02-000000010764328	grp-a001-02-000000069047580	견과류	nad-a001-02-000000541753960	bsn-a001-00-000000013604308	17	99	529514	M	128	0	0	408	0
20260906	4291318	cmp-a001-02-000000010764328	grp-a001-02-000000069047580	하루견과	nad-a001-02-000000541753959	bsn-a001-00-000000013604308	17	03	529514	M	2	0	0	7	0
20260906	4291318	cmp-a001-02-000000010764328	grp-a001-02-000000069047580	견과류세트	nad-a001-02-000000541753959	bsn-a001-00-000000013604308	17	08	8753	M	1	0	0	2	0
20260906	4291318	cmp-a001-02-000000010764328	grp-a001-02-000000069047580	견과류	nad-a001-02-000000541753999	bsn-a001-00-000000013604308	17	04	529514	M	30	0	0	30	0
20260906	4291318	cmp-a001-02-000000010764328	grp-a001-02-000000069047580	사랑이	nad-a001-02-000000553654558	bsn-a001-00-000000013604308	17	02	529514	M	2	0	0	6	0
20260906	4291318	cmp-a001-02-000000010764328	grp-a001-02-000000069047580	황성주생식라이프밀	nad-a001-02-000000541753997	bsn-a001-00-000000013604308	17	08	8753	M	1	0	0	3	0
20260906	4291318	cmp-a001-02-000000010764328	grp-a001-02-000000072573876	추석선물	nad-a001-02-000000573683835	bsn-a001-00-000000013604308	17	13	529514	M	7	0	0	81	0
20260906	4291318	cmp-a001-02-000000010764328	grp-a001-02-000000072573876	추석선물	nad-a001-02-000000573683834	bsn-a001-00-000000013604308	17	13	529514	M	12	0	0	132	0
20260906	4291318	cmp-a001-02-000000010764328	grp-a001-02-000000069047580	하루	nad-a001-02-000000541753999	bsn-a001-00-000000013604308	17	13	98128	M	2	0	0	2	0
20260906	4291318	cmp-a001-02-000000010764328	grp-a001-02-000000069047580	혼합견과류	nad-a001-02-000000541753999	bsn-a001-00-000000013604308	17	03	768323	M	1	0	0	2	0
20260906	4291318	cmp-a001-02-000000010764328	grp-a001-02-000000069047580	프로틴바	nad-a001-02-000000553654558	bsn-a001-00-000000013604308	17	09	529514	M	11	0	0	22	0
20260906	4291318	cmp-a001-02-000000010764328	grp-a001-02-000000069047580	견과류추천	nad-a001-02-000000541753999	bsn-a001-00-000000013604308	17	01	8753	M	1	0	0	2	0
20260906	4291318	cmp-a001-02-000000010764328	grp-a001-02-000000069047580	갓	nad-a001-02-000000541753959	bsn-a001-00-000000013604308	17	07	33421	M	2	0	0	13	0
20260906	4291318	cmp-a001-02-000000010764328	grp-a001-02-000000069047580	프로틴바	nad-a001-02-000000553654554	bsn-a001-00-000000013604308	17	03	8753	M	1	0	0	5	0
20260906	4291318	cmp-a001-02-000000010764328	grp-a001-02-000000069047580	하루견과	nad-a001-02-000000541753959	bsn-a001-00-000000013604308	17	03	8753	M	5	0	0	16	0
20260906	4291318	cmp-a001-02-000000010764328	grp-a001-02-000000069047580	단백질	nad-a001-02-000000553654562	bsn-a001-00-000000013604308	17	02	8753	M	2	0	0	7	0
20260906	4291318	cmp-a001-02-000000010764328	grp-a001-02-000000069047580	다이어트쉐이크	nad-a001-02-000000553654562	bsn-a001-00-000000013604308	17	02	768323	M	4	0	0	7	0
20260906	4291318	cmp-a001-02-000000010764328	grp-a001-02-000000069047580	생식가루	nad-a001-02-000000541753997	bsn-a001-00-000000013604308	17	02	8753	M	1	0	0	6	0
20260906	4291318	cmp-a001-02-000000010764328	grp-a001-02-000000069047580	견과류선물세트	nad-a001-02-000000541753999	bsn-a001-00-000000013604308	17	17	684926	M	1	0	0	1	0
20260906	4291318	cmp-a001-02-000000010764328	grp-a001-02-000000069047580	젤리	nad-a001-02-000000541753985	bsn-a001-00-000000013604308	17	03	8753	M	1	0	0	3	0
20260906	4291318	cmp-a001-02-000000010764328	grp-a001-02-000000069047580	프로틴	nad-a001-02-000000553654562	bsn-a001-00-000000013604308	17	09	684926	M	2	0	0	20	0
20260906	4291318	cmp-a001-02-000000010764328	grp-a001-02-000000069047580	하루	nad-a001-02-000000541753999	bsn-a001-00-000000013604308	17	02	98128	M	11	0	0	11	0
20260906	4291318	cmp-a001-02-000000010764328	grp-a001-02-000000069047580	스토어	nad-a001-02-000000541753996	bsn-a001-00-000000013604308	17	11	98128	M	3	0	0	3	0
20260906	4291318	cmp-a001-02-000000010764328	grp-a001-02-000000069047580	견과류추천	nad-a001-02-000000541753960	bsn-a001-00-000000013604308	17	08	8753	M	2	0	0	8	0
20260906	4291318	cmp-a001-02-000000010764328	grp-a001-02-000000072573876	추석선물세트	nad-a001-02-000000573683835	bsn-a001-00-000000013604308	17	08	8753	M	2	0	0	7	0
20260906	4291318	cmp-a001-02-000000010764328	grp-a001-02-000000069047580	견과류	nad-a001-02-000000541753959	bsn-a001-00-000000013604308	17	08	684926	M	3	0	0	14	0
20260906	4291318	cmp-a001-02-000000010764328	grp-a001-02-000000069047580	갓구운하루견과	nad-a001-02-000000541753960	bsn-a001-00-000000013604308	17	14	8753	M	1	0	0	2	0
20260906	4291318	cmp-a001-02-000000010764328	grp-a001-02-000000069047580	스토어	nad-a001-02-000000541754004	bsn-a001-00-000000013604308	17	02	98128	M	6	0	0	6	0
20260906	4291318	cmp-a001-02-000000010764328	grp-a001-02-000000069047580	프로틴크런치시리얼	nad-a001-02-000000553654558	bsn-a001-00-000000013604308	17	04	8753	M	1	0	0	3	0
20260906	4291318	cmp-a001-02-000000010764328	grp-a001-02-000000069047580	프로틴	nad-a001-02-000000553654562	bsn-a001-00-000000013604308	17	02	8753	M	2	0	0	12	0
20260906	4291318	cmp-a001-02-000000010764328	grp-a001-02-000000072573876	추석선물세트	nad-a001-02-000000573683834	bsn-a001-00-000000013604308	17	11	529514	M	13	0	0	40	0
20260906	4291318	cmp-a001-02-000000010764328	grp-a001-02-000000069047580	갓	nad-a001-02-000000541753959	bsn-a001-00-000000013604308	17	18	8753	M	2	0	0	6	0
20260906	4291318	cmp-a001-02-000000010764328	grp-a001-02-000000072573876	추석선물세트	nad-a001-02-000000573683835	bsn-a001-00-000000013604308	17	16	529514	M	12	0	0	39	0
20260906	4291318	cmp-a001-02-000000010764328	grp-a001-02-000000069047580	스토어	nad-a001-02-000000541753997	bsn-a001-00-000000013604308	17	06	98128	M	1	0	0	3	0
20260906	4291318	cmp-a001-02-000000010764328	grp-a001-02-000000069047580	하루	nad-a001-02-000000541753960	bsn-a001-00-000000013604308	17	02	248824	P	1	0	0	3	0
20260906	4291318	cmp-a001-02-000000010764328	grp-a001-02-000000069047580	프로틴	nad-a001-02-000000553654562	bsn-a001-00-000000013604308	17	17	768323	M	1	0	0	2	0
20260906	4291318	cmp-a001-02-000000010764328	grp-a001-02-000000069047580	스토어	nad-a001-02-000000541753996	bsn-a001-00-000000013604308	17	09	98128	M	13	1	4785	16	0
20260906	4291318	cmp-a001-02-000000010764328	grp-a001-02-000000069047580	갓	nad-a001-02-000000541753960	bsn-a001-00-000000013604308	17	15	8753	M	1	0	0	3	0
20260906	4291318	cmp-a001-02-000000010764328	grp-a001-02-000000069047580	프로틴	nad-a001-02-000000553654562	bsn-a001-00-000000013604308	17	99	529514	M	115	0	0	147	0
20260906	4291318	cmp-a001-02-000000010764328	grp-a001-02-000000069047580	단백질바	nad-a001-02-000000553654558	bsn-a001-00-000000013604308	17	09	529514	M	9	0	0	18	0
20260906	4291318	cmp-a001-02-000000010764328	grp-a001-02-000000069047580	하루견과	nad-a001-02-000000541753960	bsn-a001-00-000000013604308	17	13	529514	M	2	0	0	5	0
20260906	4291318	cmp-a001-02-000000010764328	grp-a001-02-000000069047580	프로틴	nad-a001-02-000000553654562	bsn-a001-00-000000013604308	17	02	33421	M	1	0	0	4	0
20260906	4291318	cmp-a001-02-000000010764328	grp-a001-02-000000069047580	견과류세트	nad-a001-02-000000541753999	bsn-a001-00-000000013604308	17	06	33421	M	1	0	0	1	0
20260906	4291318	cmp-a001-02-000000010764328	grp-a001-02-000000069047580	스토어	nad-a001-02-000000541753996	bsn-a001-00-000000013604308	17	07	98128	M	2	0	0	2	0
20260906	4291318	cmp-a001-02-000000010764328	grp-a001-02-000000069047580	사랑	nad-a001-02-000000553654554	bsn-a001-00-000000013604308	17	00	612593	P	1	0	0	5	0
20260906	4291318	cmp-a001-02-000000010764328	grp-a001-02-000000069047580	사랑이	nad-a001-02-000000553654554	bsn-a001-00-000000013604308	17	04	529514	M	2	0	0	2	0
20260906	4291318	cmp-a001-02-000000010764328	grp-a001-02-000000069047580	하루견과	nad-a001-02-000000541753960	bsn-a001-00-000000013604308	17	03	33421	M	2	0	0	6	0
20260906	4291318	cmp-a001-02-000000010764328	grp-a001-02-000000069047580	견과류보관방법	nad-a001-02-000000541753959	bsn-a001-00-000000013604308	17	02	8753	M	1	0	0	5	0
20260906	4291318	cmp-a001-02-000000010764328	grp-a001-02-000000069047580	단백질바	nad-a001-02-000000553654554	bsn-a001-00-000000013604308	17	09	529514	M	9	0	0	9	0
20260906	4291318	cmp-a001-02-000000010764328	grp-a001-02-000000069047580	하루견과	nad-a001-02-000000541753959	bsn-a001-00-000000013604308	17	15	684927	P	1	0	0	5	0
20260906	4291318	cmp-a001-02-000000010764328	grp-a001-02-000000069047580	단백질	nad-a001-02-000000553654562	bsn-a001-00-000000013604308	17	18	529514	M	24	0	0	24	0
20260906	4291318	cmp-a001-02-000000010764328	grp-a001-02-000000069047580	견과류	nad-a001-02-000000541753959	bsn-a001-00-000000013604308	17	09	791888	M	1	0	0	1	0
20260906	4291318	cmp-a001-02-000000010764328	grp-a001-02-000000069047580	견과류	nad-a001-02-000000541753999	bsn-a001-00-000000013604308	17	11	8753	M	1	0	0	2	0
20260906	4291318	cmp-a001-02-000000010764328	grp-a001-02-000000069047580	최저가단백질바	nad-a001-02-000000553654554	bsn-a001-00-000000013604308	17	00	8753	M	1	0	0	1	0
20260906	4291318	cmp-a001-02-000000010764328	grp-a001-02-000000069047580	프로틴바	nad-a001-02-000000553654558	bsn-a001-00-000000013604308	17	11	33421	M	1	0	0	6	0
20260906	4291318	cmp-a001-02-000000010764328	grp-a001-02-000000069047580	단백질쉐이크	nad-a001-02-000000553654562	bsn-a001-00-000000013604308	17	04	98128	M	14	0	0	14	0
20260906	4291318	cmp-a001-02-000000010764328	grp-a001-02-000000069047580	사랑하고	nad-a001-02-000000553654558	bsn-a001-00-000000013604308	17	06	98128	M	1	0	0	4	0
20260906	4291318	cmp-a001-02-000000010764328	grp-a001-02-000000069047580	단백질바	nad-a001-02-000000553654554	bsn-a001-00-000000013604308	17	08	27758	P	1	0	0	1	0
20260906	4291318	cmp-a001-02-000000010764328	grp-a001-02-000000069047580	단백질바추천	nad-a001-02-000000553654558	bsn-a001-00-000000013604308	17	09	8753	M	1	0	0	5	0
20260906	4291318	cmp-a001-02-000000010764328	grp-a001-02-000000069047580	하루	nad-a001-02-000000541753999	bsn-a001-00-000000013604308	17	99	612594	M	4	0	0	4	0
20260906	4291318	cmp-a001-02-000000010764328	grp-a001-02-000000069047580	견과류	nad-a001-02-000000541753999	bsn-a001-00-000000013604308	17	02	684926	M	9	1	2411	25	0
20260906	4291318	cmp-a001-02-000000010764328	grp-a001-02-000000069047580	갓	nad-a001-02-000000541753999	bsn-a001-00-000000013604308	17	09	8753	M	2	0	0	2	0
20260906	4291318	cmp-a001-02-000000010764328	grp-a001-02-000000069047580	하루견과	nad-a001-02-000000541753999	bsn-a001-00-000000013604308	17	08	33421	M	1	1	2173	1	0
20260906	4291318	cmp-a001-02-000000010764328	grp-a001-02-000000069047580	가루	nad-a001-02-000000541753997	bsn-a001-00-000000013604308	17	03	8753	M	1	0	0	1	0
20260906	4291318	cmp-a001-02-000000010764328	grp-a001-02-000000069047580	젤리	nad-a001-02-000000541753985	bsn-a001-00-000000013604308	17	14	98128	M	1	0	0	2	0
20260906	4291318	cmp-a001-02-000000010764328	grp-a001-02-000000069047580	견과류세트	nad-a001-02-000000541753960	bsn-a001-00-000000013604308	17	09	529514	M	48	0	0	144	0
20260906	4291318	cmp-a001-02-000000010764328	grp-a001-02-000000069047580	황성주생식	nad-a001-02-000000541753996	bsn-a001-00-000000013604308	17	02	8753	M	1	0	0	3	0
20260906	4291318	cmp-a001-02-000000010764328	grp-a001-02-000000069047580	견과류	nad-a001-02-000000541753959	bsn-a001-00-000000013604308	17	11	684926	M	1	0	0	5	0
20260906	4291318	cmp-a001-02-000000010764328	grp-a001-02-000000069047580	하루견과	nad-a001-02-000000541753959	bsn-a001-00-000000013604308	17	08	33421	M	1	0	0	3	0
20260906	4291318	cmp-a001-02-000000010764328	grp-a001-02-000000069047580	사탕젤리	nad-a001-02-000000541753985	bsn-a001-00-000000013604308	17	11	87620	M	1	0	0	1	0
20260906	4291318	cmp-a001-02-000000010764328	grp-a001-02-000000069047580	프로틴바	nad-a001-02-000000553654558	bsn-a001-00-000000013604308	17	04	529514	M	2	0	0	4	0
20260906	4291318	cmp-a001-02-000000010764328	grp-a001-02-000000069047580	황성주생식라이프밀	nad-a001-02-000000541753997	bsn-a001-00-000000013604308	17	10	8753	M	1	0	0	4	0
20260906	4291318	cmp-a001-02-000000010764328	grp-a001-02-000000069047580	단백질바	nad-a001-02-000000553654558	bsn-a001-00-000000013604308	17	18	529514	M	2	0	0	4	0
20260906	4291318	cmp-a001-02-000000010764328	grp-a001-02-000000069047580	스토어	nad-a001-02-000000541754004	bsn-a001-00-000000013604308	17	99	98128	M	2	0	0	2	0
20260906	4291318	cmp-a001-02-000000010764328	grp-a001-02-000000069047580	가루	nad-a001-02-000000541753997	bsn-a001-00-000000013604308	17	06	8753	M	1	0	0	1	0
20260906	4291318	cmp-a001-02-000000010764328	grp-a001-02-000000069047580	하루	nad-a001-02-000000541753999	bsn-a001-00-000000013604308	17	01	98128	M	3	0	0	5	0
20260906	4291318	cmp-a001-02-000000010764328	grp-a001-02-000000069047580	단백질보충제	nad-a001-02-000000553654562	bsn-a001-00-000000013604308	17	02	33421	M	1	0	0	6	0
20260906	4291318	cmp-a001-02-000000010764328	grp-a001-02-000000069047580	가루	nad-a001-02-000000541753997	bsn-a001-00-000000013604308	17	16	8753	M	1	0	0	1	0
20260906	4291318	cmp-a001-02-000000010764328	grp-a001-02-000000069047580	프로틴	nad-a001-02-000000553654562	bsn-a001-00-000000013604308	17	11	684925	P	1	0	0	1	0
20260906	4291318	cmp-a001-02-000000010764328	grp-a001-02-000000069047580	사랑	nad-a001-02-000000553654554	bsn-a001-00-000000013604308	17	02	98128	M	8	0	0	24	0
20260906	4291318	cmp-a001-02-000000010764328	grp-a001-02-000000069047580	프로틴	nad-a001-02-000000553654562	bsn-a001-00-000000013604308	17	04	768323	M	4	0	0	5	0
20260906	4291318	cmp-a001-02-000000010764328	grp-a001-02-000000069047580	견과류	nad-a001-02-000000541753999	bsn-a001-00-000000013604308	17	99	33421	M	1	0	0	1	0
20260906	4291318	cmp-a001-02-000000010764328	grp-a001-02-000000069047580	단백질쉐이크	nad-a001-02-000000553654562	bsn-a001-00-000000013604308	17	13	612594	M	1	0	0	4	0
20260906	4291318	cmp-a001-02-000000010764328	grp-a001-02-000000069047580	견과류세트	nad-a001-02-000000541753959	bsn-a001-00-000000013604308	17	11	529514	M	1	0	0	2	0
20260906	4291318	cmp-a001-02-000000010764328	grp-a001-02-000000069047580	가루	nad-a001-02-000000541754005	bsn-a001-00-000000013604308	17	13	8753	M	1	0	0	5	0
20260906	4291318	cmp-a001-02-000000010764328	grp-a001-02-000000069047580	하루견과	nad-a001-02-000000541753999	bsn-a001-00-000000013604308	17	09	33421	M	1	0	0	1	0
20260906	4291318	cmp-a001-02-000000010764328	grp-a001-02-000000069047580	프로틴	nad-a001-02-000000553654562	bsn-a001-00-000000013604308	17	07	529514	M	7	0	0	7	0
20260906	4291318	cmp-a001-02-000000010764328	grp-a001-02-000000069047580	단백질보충제	nad-a001-02-000000553654562	bsn-a001-00-000000013604308	17	06	529514	M	11	0	0	16	0
20260906	4291318	cmp-a001-02-000000010764328	grp-a001-02-000000069047580	견과류	nad-a001-02-000000541753960	bsn-a001-00-000000013604308	17	02	11068	P	1	0	0	4	0
20260906	4291318	cmp-a001-02-000000010764328	grp-a001-02-000000069047580	하루견과	nad-a001-02-000000541753960	bsn-a001-00-000000013604308	17	11	8753	M	1	0	0	6	0
20260906	4291318	cmp-a001-02-000000010764328	grp-a001-02-000000069047580	사랑	nad-a001-02-000000553654558	bsn-a001-00-000000013604308	17	00	612593	P	1	0	0	10	0
20260906	4291318	cmp-a001-02-000000010764328	grp-a001-02-000000069047580	견과류세트	nad-a001-02-000000541753959	bsn-a001-00-000000013604308	17	08	341893	M	1	0	0	1	0
20260906	4291318	cmp-a001-02-000000010764328	grp-a001-02-000000069047580	견과류이름종류	nad-a001-02-000000541753999	bsn-a001-00-000000013604308	17	15	8753	M	1	0	0	5	0
20260906	4291318	cmp-a001-02-000000010764328	grp-a001-02-000000069047580	프로틴바	nad-a001-02-000000553654559	bsn-a001-00-000000013604308	17	09	684926	M	1	0	0	15	0
20260906	4291318	cmp-a001-02-000000010764328	grp-a001-02-000000069047580	단백질	nad-a001-02-000000553654562	bsn-a001-00-000000013604308	17	16	98128	M	1	0	0	1	0
20260906	4291318	cmp-a001-02-000000010764328	grp-a001-02-000000069047580	하루견과	nad-a001-02-000000541753999	bsn-a001-00-000000013604308	17	09	684926	M	1	0	0	2	0
20260906	4291318	cmp-a001-02-000000010764328	grp-a001-02-000000069047580	견과류	nad-a001-02-000000541753960	bsn-a001-00-000000013604308	17	02	33421	M	4	0	0	22	0
20260906	4291318	cmp-a001-02-000000010764328	grp-a001-02-000000069047580	견과류	nad-a001-02-000000541753999	bsn-a001-00-000000013604308	17	02	27758	P	1	0	0	2	0
20260906	4291318	cmp-a001-02-000000010764328	grp-a001-02-000000069047580	하루견과	nad-a001-02-000000541753959	bsn-a001-00-000000013604308	17	07	684925	P	1	0	0	1	0
20260906	4291318	cmp-a001-02-000000010764328	grp-a001-02-000000069047580	견과류	nad-a001-02-000000541753959	bsn-a001-00-000000013604308	17	07	529514	M	11	0	0	22	0
20260906	4291318	cmp-a001-02-000000010764328	grp-a001-02-000000069047580	단백질바	nad-a001-02-000000553654554	bsn-a001-00-000000013604308	17	02	529514	M	6	0	0	6	0
20260906	4291318	cmp-a001-02-000000010764328	grp-a001-02-000000069047580	하루견과	nad-a001-02-000000541753959	bsn-a001-00-000000013604308	17	09	33421	M	1	0	0	3	0
20260906	4291318	cmp-a001-02-000000010764328	grp-a001-02-000000069047580	프로틴	nad-a001-02-000000553654562	bsn-a001-00-000000013604308	17	02	768323	M	22	0	0	27	0
20260906	4291318	cmp-a001-02-000000010764328	grp-a001-02-000000069047580	하루	nad-a001-02-000000541753959	bsn-a001-00-000000013604308	17	08	612594	M	3	0	0	6	0
20260906	4291318	cmp-a001-02-000000010764328	grp-a001-02-000000069047580	하루	nad-a001-02-000000541753960	bsn-a001-00-000000013604308	17	10	98128	M	1	0	0	2	0
20260906	4291318	cmp-a001-02-000000010764328	grp-a001-02-000000069047580	젤리	nad-a001-02-000000541753985	bsn-a001-00-000000013604308	17	16	529514	M	5	0	0	5	0
20260906	4291318	cmp-a001-02-000000010764328	grp-a001-02-000000069047580	단백질보충제	nad-a001-02-000000553654562	bsn-a001-00-000000013604308	17	06	8753	M	1	0	0	4	0
20260906	4291318	cmp-a001-02-000000010764328	grp-a001-02-000000069047580	견과류	nad-a001-02-000000541753999	bsn-a001-00-000000013604308	17	09	684926	M	3	0	0	6	0
20260906	4291318	cmp-a001-02-000000010764328	grp-a001-02-000000069047580	하루견과	nad-a001-02-000000541753959	bsn-a001-00-000000013604308	17	07	27758	P	1	0	0	3	0
20260906	4291318	cmp-a001-02-000000010764328	grp-a001-02-000000069047580	하루	nad-a001-02-000000541753999	bsn-a001-00-000000013604308	17	04	612594	M	1	0	0	1	0
20260906	4291318	cmp-a001-02-000000010764328	grp-a001-02-000000069047580	갓	nad-a001-02-000000541753959	bsn-a001-00-000000013604308	17	02	8753	M	3	0	0	9	0
20260906	4291318	cmp-a001-02-000000010764328	grp-a001-02-000000072573876	추석선물세트	nad-a001-02-000000573683835	bsn-a001-00-000000013604308	17	99	684926	M	2	0	0	14	0
20260906	4291318	cmp-a001-02-000000010764328	grp-a001-02-000000069047580	하루견과	nad-a001-02-000000541753999	bsn-a001-00-000000013604308	17	02	87620	M	2	0	0	2	0
20260906	4291318	cmp-a001-02-000000010764328	grp-a001-02-000000069047580	하루견과	nad-a001-02-000000541753959	bsn-a001-00-000000013604308	17	09	11068	P	2	0	0	8	0
20260906	4291318	cmp-a001-02-000000010764328	grp-a001-02-000000069047580	젤리	nad-a001-02-000000541753985	bsn-a001-00-000000013604308	17	07	684926	M	1	0	0	2	0
20260906	4291318	cmp-a001-02-000000010764328	grp-a001-02-000000069047580	다이어트쉐이크	nad-a001-02-000000553654562	bsn-a001-00-000000013604308	17	99	8753	M	1	0	0	12	0
20260906	4291318	cmp-a001-02-000000010764328	grp-a001-02-000000069047580	갓	nad-a001-02-000000541753960	bsn-a001-00-000000013604308	17	18	8753	M	3	0	0	6	0
20260906	4291318	cmp-a001-02-000000010764328	grp-a001-02-000000069047580	프로틴	nad-a001-02-000000553654562	bsn-a001-00-000000013604308	17	11	768323	M	12	0	0	16	0
20260906	4291318	cmp-a001-02-000000010764328	grp-a001-02-000000069047580	견과류	nad-a001-02-000000541753999	bsn-a001-00-000000013604308	17	08	8753	M	9	0	0	17	0
20260906	4291318	cmp-a001-02-000000010764328	grp-a001-02-000000069047580	사랑이	nad-a001-02-000000553654554	bsn-a001-00-000000013604308	17	02	529514	M	2	0	0	2	0
20260906	4291318	cmp-a001-02-000000010764328	grp-a001-02-000000069047580	사랑하라	nad-a001-02-000000553654554	bsn-a001-00-000000013604308	17	00	98128	M	3	0	0	7	0
20260906	4291318	cmp-a001-02-000000010764328	grp-a001-02-000000072573876	가루	nad-a001-02-000000573683834	bsn-a001-00-000000013604308	17	11	8753	M	1	0	0	4	0
20260906	4291318	cmp-a001-02-000000010764328	grp-a001-02-000000069047580	스토어	nad-a001-02-000000541753997	bsn-a001-00-000000013604308	17	08	335738	P	1	0	0	3	0
20260906	4291318	cmp-a001-02-000000010764328	grp-a001-02-000000069047580	하루	nad-a001-02-000000541753960	bsn-a001-00-000000013604308	17	07	612594	M	1	0	0	3	0
20260906	4291318	cmp-a001-02-000000010764328	grp-a001-02-000000069047580	견과세트	nad-a001-02-000000541753999	bsn-a001-00-000000013604308	17	13	684924	M	1	0	0	1	0
20260906	4291318	cmp-a001-02-000000010764328	grp-a001-02-000000069047580	하루	nad-a001-02-000000541753959	bsn-a001-00-000000013604308	17	09	612594	M	8	0	0	16	0
20260906	4291318	cmp-a001-02-000000010764328	grp-a001-02-000000069047580	하루단백질섭취량	nad-a001-02-000000553654562	bsn-a001-00-000000013604308	17	02	8753	M	1	0	0	4	0
20260906	4291318	cmp-a001-02-000000010764328	grp-a001-02-000000069047580	프로틴바	nad-a001-02-000000553654558	bsn-a001-00-000000013604308	17	06	98128	M	1	0	0	2	0
20260906	4291318	cmp-a001-02-000000010764328	grp-a001-02-000000069047580	네이버스토어	nad-a001-02-000000541753997	bsn-a001-00-000000013604308	17	01	335738	P	1	0	0	4	0
20260906	4291318	cmp-a001-02-000000010764328	grp-a001-02-000000069047580	하루만	nad-a001-02-000000541753959	bsn-a001-00-000000013604308	17	99	529514	M	2	0	0	4	0
20260906	4291318	cmp-a001-02-000000010764328	grp-a001-02-000000069047580	사랑하고	nad-a001-02-000000553654554	bsn-a001-00-000000013604308	17	06	98128	M	1	0	0	3	0
20260906	4291318	cmp-a001-02-000000010764328	grp-a001-02-000000069047580	사랑이	nad-a001-02-000000553654558	bsn-a001-00-000000013604308	17	08	529514	M	8	0	0	24	0
20260906	4291318	cmp-a001-02-000000010764328	grp-a001-02-000000069047580	하루	nad-a001-02-000000541753999	bsn-a001-00-000000013604308	17	08	98128	M	2	0	0	2	0
20260906	4291318	cmp-a001-02-000000010764328	grp-a001-02-000000069047580	하루견과	nad-a001-02-000000541753999	bsn-a001-00-000000013604308	17	09	8753	M	11	0	0	27	0
20260906	4291318	cmp-a001-02-000000010764328	grp-a001-02-000000072573876	명절선물	nad-a001-02-000000573683834	bsn-a001-00-000000013604308	17	13	529514	M	4	0	0	44	0
20260906	4291318	cmp-a001-02-000000010764328	grp-a001-02-000000069047580	견과류	nad-a001-02-000000541753999	bsn-a001-00-000000013604308	17	99	684926	M	1	0	0	1	0
20260906	4291318	cmp-a001-02-000000010764328	grp-a001-02-000000069047580	단백질바	nad-a001-02-000000553654559	bsn-a001-00-000000013604308	17	09	684926	M	1	0	0	16	0
20260906	4291318	cmp-a001-02-000000010764328	grp-a001-02-000000069047580	단백질보충제	nad-a001-02-000000553654562	bsn-a001-00-000000013604308	17	02	684924	M	1	0	0	2	0
20260906	4291318	cmp-a001-02-000000010764328	grp-a001-02-000000069047580	하루견과	nad-a001-02-000000541753999	bsn-a001-00-000000013604308	17	11	8753	M	1	0	0	2	0
20260906	4291318	cmp-a001-02-000000010764328	grp-a001-02-000000069047580	프로틴	nad-a001-02-000000553654562	bsn-a001-00-000000013604308	17	18	768323	M	6	0	0	8	0
20260906	4291318	cmp-a001-02-000000010764328	grp-a001-02-000000069047580	견과류세트	nad-a001-02-000000541753960	bsn-a001-00-000000013604308	17	11	529514	M	1	0	0	3	0
20260906	4291318	cmp-a001-02-000000010764328	grp-a001-02-000000069047580	견과류보관방법	nad-a001-02-000000541753999	bsn-a001-00-000000013604308	17	02	8753	M	1	0	0	4	0
20260906	4291318	cmp-a001-02-000000010764328	grp-a001-02-000000069047580	혼합견과류	nad-a001-02-000000541753960	bsn-a001-00-000000013604308	17	10	684926	M	1	0	0	1	0
20260906	4291318	cmp-a001-02-000000010764328	grp-a001-02-000000069047580	하루견과	nad-a001-02-000000541753999	bsn-a001-00-000000013604308	17	15	8753	M	2	0	0	6	0
20260906	4291318	cmp-a001-02-000000010764328	grp-a001-02-000000069047580	칼로리바후기	nad-a001-02-000000553654559	bsn-a001-00-000000013604308	17	09	8753	M	2	0	0	8	0
20260906	4291318	cmp-a001-02-000000010764328	grp-a001-02-000000069047580	원이	nad-a001-02-000000541753999	bsn-a001-00-000000013604308	17	99	98128	M	3	0	0	6	0
20260906	4291318	cmp-a001-02-000000010764328	grp-a001-02-000000069047580	고메즈견과류	nad-a001-02-000000541753959	bsn-a001-00-000000013604308	17	09	8753	M	1	0	0	3	0
20260906	4291318	cmp-a001-02-000000010764328	grp-a001-02-000000069047580	우체국하루견과루바	nad-a001-02-000000541753959	bsn-a001-00-000000013604308	17	16	8753	M	1	0	0	3	0
20260906	4291318	cmp-a001-02-000000010764328	grp-a001-02-000000069047580	분말가루	nad-a001-02-000000541753996	bsn-a001-00-000000013604308	17	07	8753	M	1	0	0	4	0
20260906	4291318	cmp-a001-02-000000010764328	grp-a001-02-000000072573876	추석선물세트	nad-a001-02-000000573683835	bsn-a001-00-000000013604308	17	14	529514	M	1	0	0	4	0
20260906	4291318	cmp-a001-02-000000010764328	grp-a001-02-000000069047580	스토어	nad-a001-02-000000541753997	bsn-a001-00-000000013604308	17	17	98128	M	1	0	0	3	0
20260906	4291318	cmp-a001-02-000000010764328	grp-a001-02-000000069047580	단백질파우더	nad-a001-02-000000553654562	bsn-a001-00-000000013604308	17	02	768323	M	2	0	0	2	0
20260906	4291318	cmp-a001-02-000000010764328	grp-a001-02-000000069047580	혼합견과류	nad-a001-02-000000541753959	bsn-a001-00-000000013604308	17	03	768323	M	1	0	0	1	0
20260906	4291318	cmp-a001-02-000000010764328	grp-a001-02-000000069047580	프로틴단백질	nad-a001-02-000000553654562	bsn-a001-00-000000013604308	17	02	791888	M	1	0	0	1	0
20260906	4291318	cmp-a001-02-000000010764328	grp-a001-02-000000069047580	단백질쉐이크	nad-a001-02-000000553654562	bsn-a001-00-000000013604308	17	15	529514	M	6	0	0	6	0
20260906	4291318	cmp-a001-02-000000010764328	grp-a001-02-000000069047580	사랑	nad-a001-02-000000553654559	bsn-a001-00-000000013604308	17	18	98128	M	3	0	0	15	0
20260906	4291318	cmp-a001-02-000000010764328	grp-a001-02-000000069047580	견과류	nad-a001-02-000000541753999	bsn-a001-00-000000013604308	17	16	8753	M	1	0	0	2	0
20260906	4291318	cmp-a001-02-000000010764328	grp-a001-02-000000069047580	하루	nad-a001-02-000000541753999	bsn-a001-00-000000013604308	17	02	248824	P	1	0	0	1	0
20260906	4291318	cmp-a001-02-000000010764328	grp-a001-02-000000069047580	견과류	nad-a001-02-000000541753960	bsn-a001-00-000000013604308	17	11	529514	M	38	0	0	116	0
20260906	4291318	cmp-a001-02-000000010764328	grp-a001-02-000000069047580	사탕젤리	nad-a001-02-000000541753985	bsn-a001-00-000000013604308	17	03	87620	M	1	0	0	1	0
20260906	4291318	cmp-a001-02-000000010764328	grp-a001-02-000000069047580	원이	nad-a001-02-000000541753999	bsn-a001-00-000000013604308	17	99	612594	M	1	0	0	7	0
20260906	4291318	cmp-a001-02-000000010764328	grp-a001-02-000000069047580	사랑님	nad-a001-02-000000553654559	bsn-a001-00-000000013604308	17	13	529514	M	14	0	0	91	0
20260906	4291318	cmp-a001-02-000000010764328	grp-a001-02-000000072573876	추석선물	nad-a001-02-000000573683835	bsn-a001-00-000000013604308	17	18	529514	M	1	0	0	11	0
20260906	4291318	cmp-a001-02-000000010764328	grp-a001-02-000000069047580	사랑이	nad-a001-02-000000553654559	bsn-a001-00-000000013604308	17	04	529514	M	2	0	0	13	0
20260906	4291318	cmp-a001-02-000000010764328	grp-a001-02-000000069047580	사랑이	nad-a001-02-000000553654558	bsn-a001-00-000000013604308	17	04	529514	M	2	0	0	6	0
20260906	4291318	cmp-a001-02-000000010764328	grp-a001-02-000000069047580	젤리	nad-a001-02-000000541753985	bsn-a001-00-000000013604308	17	99	87620	M	1	0	0	1	0
20260906	4291318	cmp-a001-02-000000010764328	grp-a001-02-000000069047580	에너지바	nad-a001-02-000000553654554	bsn-a001-00-000000013604308	17	02	529514	M	2	0	0	2	0
20260906	4291318	cmp-a001-02-000000010764328	grp-a001-02-000000069047580	단백질쉐이크	nad-a001-02-000000553654562	bsn-a001-00-000000013604308	17	00	612594	M	2	0	0	8	0
20260906	4291318	cmp-a001-02-000000010764328	grp-a001-02-000000069047580	하루견과	nad-a001-02-000000541753959	bsn-a001-00-000000013604308	17	09	684926	M	1	0	0	3	0
20260906	4291318	cmp-a001-02-000000010764328	grp-a001-02-000000069047580	갓	nad-a001-02-000000541753960	bsn-a001-00-000000013604308	17	09	8753	M	2	0	0	4	0
20260906	4291318	cmp-a001-02-000000010764328	grp-a001-02-000000069047580	프로틴	nad-a001-02-000000553654562	bsn-a001-00-000000013604308	17	03	291244	M	2	0	0	4	0
20260906	4291318	cmp-a001-02-000000010764328	grp-a001-02-000000069047580	황성주생식당당	nad-a001-02-000000541753997	bsn-a001-00-000000013604308	17	08	8753	M	1	0	0	1	0
20260906	4291318	cmp-a001-02-000000010764328	grp-a001-02-000000069047580	황성주생식	nad-a001-02-000000541753988	bsn-a001-00-000000013604308	17	99	8753	M	1	0	0	5	0
20260906	4291318	cmp-a001-02-000000010764328	grp-a001-02-000000069047580	견과류세트	nad-a001-02-000000541753959	bsn-a001-00-000000013604308	17	08	684926	M	1	0	0	3	0
20260906	4291318	cmp-a001-02-000000010764328	grp-a001-02-000000069047580	하루	nad-a001-02-000000541753960	bsn-a001-00-000000013604308	17	13	98128	M	1	0	0	2	0
20260906	4291318	cmp-a001-02-000000010764328	grp-a001-02-000000069047580	스토어	nad-a001-02-000000541753996	bsn-a001-00-000000013604308	17	18	98128	M	2	0	0	2	0
20260906	4291318	cmp-a001-02-000000010764328	grp-a001-02-000000069047580	단백질쉐이크	nad-a001-02-000000553654562	bsn-a001-00-000000013604308	17	01	8753	M	1	0	0	7	0
20260906	4291318	cmp-a001-02-000000010764328	grp-a001-02-000000069047580	쉐이크	nad-a001-02-000000553654562	bsn-a001-00-000000013604308	17	16	98128	M	1	0	0	1	0
20260906	4291318	cmp-a001-02-000000010764328	grp-a001-02-000000069047580	칼로리바	nad-a001-02-000000553654558	bsn-a001-00-000000013604308	17	18	684926	M	1	0	0	3	0
20260906	4291318	cmp-a001-02-000000010764328	grp-a001-02-000000069047580	단백질보충제	nad-a001-02-000000553654562	bsn-a001-00-000000013604308	17	09	8753	M	1	0	0	14	0
20260906	4291318	cmp-a001-02-000000010764328	grp-a001-02-000000069047580	스토어	nad-a001-02-000000541753996	bsn-a001-00-000000013604308	17	00	248824	P	10	0	0	30	0
20260906	4291318	cmp-a001-02-000000010764328	grp-a001-02-000000069047580	황성주생식	nad-a001-02-000000541753997	bsn-a001-00-000000013604308	17	09	684925	P	1	0	0	1	0
20260906	4291318	cmp-a001-02-000000010764328	grp-a001-02-000000069047580	단백질보충제추천	nad-a001-02-000000553654562	bsn-a001-00-000000013604308	17	02	798055	P	1	0	0	1	0
20260906	4291318	cmp-a001-02-000000010764328	grp-a001-02-000000069047580	견과류	nad-a001-02-000000541753959	bsn-a001-00-000000013604308	17	06	33421	M	3	0	0	8	0
20260906	4291318	cmp-a001-02-000000010764328	grp-a001-02-000000069047580	단백질바	nad-a001-02-000000553654559	bsn-a001-00-000000013604308	17	18	529514	M	2	0	0	9	0
20260906	4291318	cmp-a001-02-000000010764328	grp-a001-02-000000069047580	ISP단백질성풍	nad-a001-02-000000553654562	bsn-a001-00-000000013604308	17	06	8753	M	1	0	0	2	0
20260906	4291318	cmp-a001-02-000000010764328	grp-a001-02-000000069047580	단백질곡물맛	nad-a001-02-000000553654562	bsn-a001-00-000000013604308	17	09	8753	M	1	0	0	8	0
20260906	4291318	cmp-a001-02-000000010764328	grp-a001-02-000000069047580	견과류	nad-a001-02-000000541753959	bsn-a001-00-000000013604308	17	02	33421	M	3	0	0	16	0
20260906	4291318	cmp-a001-02-000000010764328	grp-a001-02-000000069047580	스토어	nad-a001-02-000000541753997	bsn-a001-00-000000013604308	17	03	335738	P	1	0	0	1	0
20260906	4291318	cmp-a001-02-000000010764328	grp-a001-02-000000069047580	하루견과	nad-a001-02-000000541753959	bsn-a001-00-000000013604308	17	15	8753	M	2	0	0	10	0
20260906	4291318	cmp-a001-02-000000010764328	grp-a001-02-000000069047580	프로틴	nad-a001-02-000000553654562	bsn-a001-00-000000013604308	17	14	612594	M	1	0	0	5	0
20260906	4291318	cmp-a001-02-000000010764328	grp-a001-02-000000072573876	추석선물세트추천	nad-a001-02-000000573683835	bsn-a001-00-000000013604308	17	18	33421	M	2	0	0	9	0
20260906	4291318	cmp-a001-02-000000010764328	grp-a001-02-000000069047580	프로틴바	nad-a001-02-000000553654554	bsn-a001-00-000000013604308	17	03	529514	M	1	0	0	1	0
20260906	4291318	cmp-a001-02-000000010764328	grp-a001-02-000000069047580	하루견과후르츠베리세트	nad-a001-02-000000541753999	bsn-a001-00-000000013604308	17	02	8753	M	1	0	0	2	0
20260906	4291318	cmp-a001-02-000000010764328	grp-a001-02-000000072573876	추석선물	nad-a001-02-000000573683835	bsn-a001-00-000000013604308	17	07	529514	M	1	0	0	11	0
20260906	4291318	cmp-a001-02-000000010764328	grp-a001-02-000000069047580	견과류세트	nad-a001-02-000000541753999	bsn-a001-00-000000013604308	17	99	529514	M	2	0	0	2	0
20260906	4291318	cmp-a001-02-000000010764328	grp-a001-02-000000069047580	프로틴	nad-a001-02-000000553654562	bsn-a001-00-000000013604308	17	11	529514	M	8	0	0	8	0
20260906	4291318	cmp-a001-02-000000010764328	grp-a001-02-000000069047580	스토어	nad-a001-02-000000541753997	bsn-a001-00-000000013604308	17	02	98128	M	12	0	0	39	0
20260906	4291318	cmp-a001-02-000000010764328	grp-a001-02-000000069047580	에너지바	nad-a001-02-000000553654559	bsn-a001-00-000000013604308	17	15	529514	M	4	0	0	12	0
20260906	4291318	cmp-a001-02-000000010764328	grp-a001-02-000000069047580	하루	nad-a001-02-000000541753959	bsn-a001-00-000000013604308	17	07	612594	M	1	0	0	2	0
20260906	4291318	cmp-a001-02-000000010764328	grp-a001-02-000000069047580	하루견과	nad-a001-02-000000541753959	bsn-a001-00-000000013604308	17	07	529514	M	2	0	0	7	0
20260906	4291318	cmp-a001-02-000000010764328	grp-a001-02-000000069047580	견과류추천	nad-a001-02-000000541753960	bsn-a001-00-000000013604308	17	01	8753	M	1	0	0	4	0
20260906	4291318	cmp-a001-02-000000010764328	grp-a001-02-000000069047580	갓	nad-a001-02-000000541753999	bsn-a001-00-000000013604308	17	15	8753	M	1	0	0	1	0
20260906	4291318	cmp-a001-02-000000010764328	grp-a001-02-000000069047580	견과류	nad-a001-02-000000541753999	bsn-a001-00-000000013604308	17	16	684926	M	1	0	0	3	0
20260906	4291318	cmp-a001-02-000000010764328	grp-a001-02-000000069047580	프로틴쉐이크	nad-a001-02-000000553654562	bsn-a001-00-000000013604308	17	03	529514	M	6	0	0	6	0
20260906	4291318	cmp-a001-02-000000010764328	grp-a001-02-000000069047580	하루	nad-a001-02-000000541753959	bsn-a001-00-000000013604308	17	08	98128	M	1	0	0	3	0
20260906	4291318	cmp-a001-02-000000010764328	grp-a001-02-000000069047580	단백질쉐이크	nad-a001-02-000000553654562	bsn-a001-00-000000013604308	17	01	529514	M	7	0	0	7	0
20260906	4291318	cmp-a001-02-000000010764328	grp-a001-02-000000069047580	하루	nad-a001-02-000000541753999	bsn-a001-00-000000013604308	17	08	612594	M	3	0	0	3	0
20260906	4291318	cmp-a001-02-000000010764328	grp-a001-02-000000069047580	프로틴파우더	nad-a001-02-000000553654562	bsn-a001-00-000000013604308	17	16	529514	M	2	0	0	2	0
20260906	4291318	cmp-a001-02-000000010764328	grp-a001-02-000000069047580	하루	nad-a001-02-000000541753959	bsn-a001-00-000000013604308	17	14	612594	M	1	0	0	2	0
20260906	4291318	cmp-a001-02-000000010764328	grp-a001-02-000000069047580	견과류세트	nad-a001-02-000000541753959	bsn-a001-00-000000013604308	17	06	529514	M	2	0	0	4	0
20260906	4291318	cmp-a001-02-000000010764328	grp-a001-02-000000069047580	단백질바칼로리	nad-a001-02-000000553654559	bsn-a001-00-000000013604308	17	01	8753	M	1	0	0	4	0
20260906	4291318	cmp-a001-02-000000010764328	grp-a001-02-000000069047580	하루견과	nad-a001-02-000000541753959	bsn-a001-00-000000013604308	17	09	87620	M	1	0	0	3	0
20260906	4291318	cmp-a001-02-000000010764328	grp-a001-02-000000069047580	견과류	nad-a001-02-000000541753959	bsn-a001-00-000000013604308	17	99	529514	M	128	0	0	268	0
20260906	4291318	cmp-a001-02-000000010764328	grp-a001-02-000000069047580	견과류	nad-a001-02-000000541753999	bsn-a001-00-000000013604308	17	02	11068	P	1	0	0	3	0
20260906	4291318	cmp-a001-02-000000010764328	grp-a001-02-000000069047580	단백질쉐이크	nad-a001-02-000000553654562	bsn-a001-00-000000013604308	17	06	529514	M	18	0	0	18	0
20260906	4291318	cmp-a001-02-000000010764328	grp-a001-02-000000069047580	프로틴바	nad-a001-02-000000553654559	bsn-a001-00-000000013604308	17	03	529514	M	1	0	0	5	0
20260906	4291318	cmp-a001-02-000000010764328	grp-a001-02-000000069047580	견과류	nad-a001-02-000000541753999	bsn-a001-00-000000013604308	17	04	33421	M	2	0	0	5	0
20260906	4291318	cmp-a001-02-000000010764328	grp-a001-02-000000069047580	견과류	nad-a001-02-000000541753999	bsn-a001-00-000000013604308	17	99	8753	M	2	0	0	2	0
20260906	4291318	cmp-a001-02-000000010764328	grp-a001-02-000000072573876	추석선물세트	nad-a001-02-000000573683835	bsn-a001-00-000000013604308	17	09	529514	M	29	0	0	105	0
20260906	4291318	cmp-a001-02-000000010764328	grp-a001-02-000000072573876	추석선물	nad-a001-02-000000573683835	bsn-a001-00-000000013604308	17	08	529514	M	1	0	0	12	0
20260906	4291318	cmp-a001-02-000000010764328	grp-a001-02-000000069047580	프로틴바	nad-a001-02-000000553654558	bsn-a001-00-000000013604308	17	03	529514	M	1	0	0	2	0
20260906	4291318	cmp-a001-02-000000010764328	grp-a001-02-000000069047580	하루만	nad-a001-02-000000541753999	bsn-a001-00-000000013604308	17	99	529514	M	2	0	0	2	0
20260906	4291318	cmp-a001-02-000000010764328	grp-a001-02-000000069047580	갓구운하루견과	nad-a001-02-000000541753999	bsn-a001-00-000000013604308	17	14	684924	M	1	0	0	1	0
20260906	4291318	cmp-a001-02-000000010764328	grp-a001-02-000000069047580	하루	nad-a001-02-000000541753960	bsn-a001-00-000000013604308	17	08	805760	M	1	0	0	3	0
20260906	4291318	cmp-a001-02-000000010764328	grp-a001-02-000000072573876	추석선물세트추천	nad-a001-02-000000573683834	bsn-a001-00-000000013604308	17	18	8753	M	1	0	0	2	0
20260906	4291318	cmp-a001-02-000000010764328	grp-a001-02-000000069047580	프로틴바	nad-a001-02-000000553654558	bsn-a001-00-000000013604308	17	02	529514	M	4	0	0	8	0
20260906	4291318	cmp-a001-02-000000010764328	grp-a001-02-000000069047580	하루	nad-a001-02-000000541753960	bsn-a001-00-000000013604308	17	08	612594	M	3	0	0	9	0
20260906	4291318	cmp-a001-02-000000010764328	grp-a001-02-000000069047580	원이	nad-a001-02-000000541753999	bsn-a001-00-000000013604308	17	00	612594	M	1	0	0	8	0
20260906	4291318	cmp-a001-02-000000010764328	grp-a001-02-000000069047580	프로틴바	nad-a001-02-000000553654558	bsn-a001-00-000000013604308	17	09	33421	M	1	0	0	10	0
20260906	4291318	cmp-a001-02-000000010764328	grp-a001-02-000000069047580	하루견과	nad-a001-02-000000541753999	bsn-a001-00-000000013604308	17	07	27758	P	1	0	0	1	0
20260906	4291318	cmp-a001-02-000000010764328	grp-a001-02-000000069047580	젤리	nad-a001-02-000000541753985	bsn-a001-00-000000013604308	17	04	684926	M	1	0	0	1	0
20260906	4291318	cmp-a001-02-000000010764328	grp-a001-02-000000069047580	하루견과	nad-a001-02-000000541753959	bsn-a001-00-000000013604308	17	11	8753	M	1	0	0	5	0
20260906	4291318	cmp-a001-02-000000010764328	grp-a001-02-000000069047580	젤리	nad-a001-02-000000541753985	bsn-a001-00-000000013604308	17	13	98128	M	1	0	0	2	0
20260906	4291318	cmp-a001-02-000000010764328	grp-a001-02-000000069047580	견과류영양성분	nad-a001-02-000000541753999	bsn-a001-00-000000013604308	17	02	8753	M	1	0	0	2	0
20260906	4291318	cmp-a001-02-000000010764328	grp-a001-02-000000069047580	단백질바	nad-a001-02-000000553654554	bsn-a001-00-000000013604308	17	09	8753	M	1	0	0	6	0
20260906	4291318	cmp-a001-02-000000010764328	grp-a001-02-000000069047580	견과류추천	nad-a001-02-000000541753959	bsn-a001-00-000000013604308	17	02	8753	M	1	0	0	3	0
20260906	4291318	cmp-a001-02-000000010764328	grp-a001-02-000000069047580	프로틴	nad-a001-02-000000553654562	bsn-a001-00-000000013604308	17	06	529514	M	15	0	0	15	0
20260906	4291318	cmp-a001-02-000000010764328	grp-a001-02-000000072573876	명절선물	nad-a001-02-000000573683835	bsn-a001-00-000000013604308	17	18	529514	M	1	0	0	11	0
20260906	4291318	cmp-a001-02-000000010764328	grp-a001-02-000000069047580	아본드	nad-a001-02-000000541753999	bsn-a001-00-000000013604308	17	99	8753	M	1	0	0	2	0
20260906	4291318	cmp-a001-02-000000010764328	grp-a001-02-000000069047580	사랑	nad-a001-02-000000553654558	bsn-a001-00-000000013604308	17	18	98128	M	3	0	0	12	0
20260906	4291318	cmp-a001-02-000000010764328	grp-a001-02-000000069047580	프로틴다이어트	nad-a001-02-000000553654562	bsn-a001-00-000000013604308	17	16	98128	M	1	0	0	2	0
20260906	4291318	cmp-a001-02-000000010764328	grp-a001-02-000000069047580	하루	nad-a001-02-000000541753960	bsn-a001-00-000000013604308	17	09	137281	M	1	0	0	1	0
20260906	4291318	cmp-a001-02-000000010764328	grp-a001-02-000000069047580	견과류세트	nad-a001-02-000000541753999	bsn-a001-00-000000013604308	17	08	684926	M	1	0	0	2	0
20260906	4291318	cmp-a001-02-000000010764328	grp-a001-02-000000069047580	원이	nad-a001-02-000000541753999	bsn-a001-00-000000013604308	17	09	98128	M	1	0	0	2	0
20260906	4291318	cmp-a001-02-000000010764328	grp-a001-02-000000069047580	가루	nad-a001-02-000000541753996	bsn-a001-00-000000013604308	17	03	8753	M	1	0	0	2	0
20260906	4291318	cmp-a001-02-000000010764328	grp-a001-02-000000072573876	추석선물세트	nad-a001-02-000000573683835	bsn-a001-00-000000013604308	17	06	8753	M	2	0	0	14	0
20260906	4291318	cmp-a001-02-000000010764328	grp-a001-02-000000069047580	견과세트	nad-a001-02-000000541753999	bsn-a001-00-000000013604308	17	02	768323	M	2	0	0	4	0
20260906	4291318	cmp-a001-02-000000010764328	grp-a001-02-000000069047580	하루	nad-a001-02-000000541753959	bsn-a001-00-000000013604308	17	13	98128	M	1	0	0	3	0
20260906	4291318	cmp-a001-02-000000010764328	grp-a001-02-000000069047580	사랑	nad-a001-02-000000553654558	bsn-a001-00-000000013604308	17	06	98128	M	4	0	0	16	0
20260906	4291318	cmp-a001-02-000000010764328	grp-a001-02-000000069047580	다이어트쉐이크	nad-a001-02-000000553654562	bsn-a001-00-000000013604308	17	16	768323	M	2	0	0	5	0
20260906	4291318	cmp-a001-02-000000010764328	grp-a001-02-000000069047580	가루	nad-a001-02-000000541753997	bsn-a001-00-000000013604308	17	01	8753	M	2	0	0	2	0
20260906	4291318	cmp-a001-02-000000010764328	grp-a001-02-000000069047580	견과세트	nad-a001-02-000000541753999	bsn-a001-00-000000013604308	17	08	768323	M	1	0	0	2	0
20260906	4291318	cmp-a001-02-000000010764328	grp-a001-02-000000072573876	추석선물	nad-a001-02-000000573683835	bsn-a001-00-000000013604308	17	13	8753	M	1	0	0	5	0
20260906	4291318	cmp-a001-02-000000010764328	grp-a001-02-000000069047580	견과류	nad-a001-02-000000541753999	bsn-a001-00-000000013604308	17	02	33421	M	4	0	0	13	0
20260906	4291318	cmp-a001-02-000000010764328	grp-a001-02-000000072573876	추석선물	nad-a001-02-000000573683835	bsn-a001-00-000000013604308	17	09	33421	M	1	0	0	5	0
20260906	4291318	cmp-a001-02-000000010764328	grp-a001-02-000000069047580	갓	nad-a001-02-000000541753999	bsn-a001-00-000000013604308	17	02	684924	M	2	0	0	2	0
20260906	4291318	cmp-a001-02-000000010764328	grp-a001-02-000000069047580	견과류	nad-a001-02-000000541753959	bsn-a001-00-000000013604308	17	09	529514	M	231	0	0	470	0
20260906	4291318	cmp-a001-02-000000010764328	grp-a001-02-000000069047580	사랑	nad-a001-02-000000553654554	bsn-a001-00-000000013604308	17	18	98128	M	3	0	0	9	0
20260906	4291318	cmp-a001-02-000000010764328	grp-a001-02-000000069047580	푸룬젤리효과	nad-a001-02-000000541753985	bsn-a001-00-000000013604308	17	02	8753	M	1	0	0	3	0
20260906	4291318	cmp-a001-02-000000010764328	grp-a001-02-000000069047580	하루견과	nad-a001-02-000000541753960	bsn-a001-00-000000013604308	17	09	33421	M	1	0	0	4	0
20260906	4291318	cmp-a001-02-000000010764328	grp-a001-02-000000069047580	프로틴바	nad-a001-02-000000553654559	bsn-a001-00-000000013604308	17	16	98128	M	5	0	0	24	0
20260906	4291318	cmp-a001-02-000000010764328	grp-a001-02-000000069047580	가루	nad-a001-02-000000541754004	bsn-a001-00-000000013604308	17	09	8753	M	1	0	0	3	0
20260906	4291318	cmp-a001-02-000000010764328	grp-a001-02-000000069047580	하루	nad-a001-02-000000541753960	bsn-a001-00-000000013604308	17	09	612594	M	8	0	0	24	0
20260906	4291318	cmp-a001-02-000000010764328	grp-a001-02-000000072573876	추석선물세트	nad-a001-02-000000573683834	bsn-a001-00-000000013604308	17	02	33421	M	3	1	7528	9	0
20260906	4291318	cmp-a001-02-000000010764328	grp-a001-02-000000069047580	하루	nad-a001-02-000000541753960	bsn-a001-00-000000013604308	17	11	98128	M	1	0	0	2	0
20260906	4291318	cmp-a001-02-000000010764328	grp-a001-02-000000069047580	견과류세트	nad-a001-02-000000541753999	bsn-a001-00-000000013604308	17	06	8753	M	1	0	0	1	0
20260906	4291318	cmp-a001-02-000000010764328	grp-a001-02-000000069047580	견과류	nad-a001-02-000000541753959	bsn-a001-00-000000013604308	17	00	612593	P	1	0	0	2	0
20260906	4291318	cmp-a001-02-000000010764328	grp-a001-02-000000072573876	명절선물	nad-a001-02-000000573683834	bsn-a001-00-000000013604308	17	02	8753	M	1	0	0	6	0
20260906	4291318	cmp-a001-02-000000010764328	grp-a001-02-000000072573876	추석선물	nad-a001-02-000000573683835	bsn-a001-00-000000013604308	17	02	529514	M	22	0	0	250	0
20260906	4291318	cmp-a001-02-000000010764328	grp-a001-02-000000069047580	견과세트	nad-a001-02-000000541753959	bsn-a001-00-000000013604308	17	99	768323	M	1	0	0	1	0
20260906	4291318	cmp-a001-02-000000010764328	grp-a001-02-000000069047580	단백질쉐이크	nad-a001-02-000000553654562	bsn-a001-00-000000013604308	17	09	612594	M	1	0	0	4	0
20260906	4291318	cmp-a001-02-000000010764328	grp-a001-02-000000069047580	견과류세트	nad-a001-02-000000541753999	bsn-a001-00-000000013604308	17	02	8753	M	1	0	0	1	0
20260906	4291318	cmp-a001-02-000000010764328	grp-a001-02-000000069047580	하루	nad-a001-02-000000541753959	bsn-a001-00-000000013604308	17	01	98128	M	2	0	0	4	0
20260906	4291318	cmp-a001-02-000000010764328	grp-a001-02-000000069047580	단백질바	nad-a001-02-000000553654554	bsn-a001-00-000000013604308	17	13	529514	M	2	0	0	2	0
20260906	4291318	cmp-a001-02-000000010764328	grp-a001-02-000000072573876	명절선물	nad-a001-02-000000573683834	bsn-a001-00-000000013604308	17	09	529514	M	7	0	0	78	0
20260906	4291318	cmp-a001-02-000000010764328	grp-a001-02-000000069047580	하루도	nad-a001-02-000000541753999	bsn-a001-00-000000013604308	17	02	8753	M	1	0	0	2	0
20260906	4291318	cmp-a001-02-000000010764328	grp-a001-02-000000072573876	추석선물세트	nad-a001-02-000000573683834	bsn-a001-00-000000013604308	17	02	8753	M	5	0	0	23	0
20260906	4291318	cmp-a001-02-000000010764328	grp-a001-02-000000069047580	단백질바	nad-a001-02-000000553654554	bsn-a001-00-000000013604308	17	18	529514	M	2	0	0	2	0
20260906	4291318	cmp-a001-02-000000010764328	grp-a001-02-000000069047580	프로틴	nad-a001-02-000000553654562	bsn-a001-00-000000013604308	17	09	33421	M	2	0	0	4	0
20260906	4291318	cmp-a001-02-000000010764328	grp-a001-02-000000069047580	프로틴바	nad-a001-02-000000553654554	bsn-a001-00-000000013604308	17	02	27758	P	1	0	0	1	0
20260906	4291318	cmp-a001-02-000000010764328	grp-a001-02-000000069047580	사탕젤리	nad-a001-02-000000541753985	bsn-a001-00-000000013604308	17	99	87620	M	2	0	0	2	0
20260906	4291318	cmp-a001-02-000000010764328	grp-a001-02-000000069047580	다이어트쉐이크	nad-a001-02-000000553654562	bsn-a001-00-000000013604308	17	06	768323	M	2	0	0	2	0
20260906	4291318	cmp-a001-02-000000010764328	grp-a001-02-000000069047580	사랑이	nad-a001-02-000000553654559	bsn-a001-00-000000013604308	17	08	529514	M	8	0	0	52	0
20260906	4291318	cmp-a001-02-000000010764328	grp-a001-02-000000069047580	단백질쉐이크	nad-a001-02-000000553654562	bsn-a001-00-000000013604308	17	10	8753	M	1	0	0	17	0
20260906	4291318	cmp-a001-02-000000010764328	grp-a001-02-000000069047580	원	nad-a001-02-000000541753999	bsn-a001-00-000000013604308	17	99	417067	M	1	0	0	1	0
20260906	4291318	cmp-a001-02-000000010764328	grp-a001-02-000000069047580	견과류	nad-a001-02-000000541753999	bsn-a001-00-000000013604308	17	08	684926	M	3	0	0	8	0
20260906	4291318	cmp-a001-02-000000010764328	grp-a001-02-000000069047580	가루	nad-a001-02-000000541754005	bsn-a001-00-000000013604308	17	06	8753	M	1	0	0	5	0
20260906	4291318	cmp-a001-02-000000010764328	grp-a001-02-000000072573876	추석선물	nad-a001-02-000000573683835	bsn-a001-00-000000013604308	17	11	529514	M	6	0	0	68	0
20260906	4291318	cmp-a001-02-000000010764328	grp-a001-02-000000069047580	단백질쉐이크	nad-a001-02-000000553654562	bsn-a001-00-000000013604308	17	09	33421	M	2	0	0	3	0
20260906	4291318	cmp-a001-02-000000010764328	grp-a001-02-000000069047580	견과류	nad-a001-02-000000541753959	bsn-a001-00-000000013604308	17	13	529514	M	16	0	0	32	0
20260906	4291318	cmp-a001-02-000000010764328	grp-a001-02-000000069047580	견과류	nad-a001-02-000000541753999	bsn-a001-00-000000013604308	17	14	529514	M	16	0	0	16	0
20260906	4291318	cmp-a001-02-000000010764328	grp-a001-02-000000069047580	샐러디컬	nad-a001-02-000000541753985	bsn-a001-00-000000013604308	17	18	341898	M	1	0	0	2	0
20260906	4291318	cmp-a001-02-000000010764328	grp-a001-02-000000069047580	하루견과	nad-a001-02-000000541753999	bsn-a001-00-000000013604308	17	02	684926	M	1	0	0	1	0
20260906	4291318	cmp-a001-02-000000010764328	grp-a001-02-000000069047580	견과류	nad-a001-02-000000541753960	bsn-a001-00-000000013604308	17	09	33421	M	1	0	0	4	0
20260906	4291318	cmp-a001-02-000000010764328	grp-a001-02-000000069047580	갓	nad-a001-02-000000541753959	bsn-a001-00-000000013604308	17	09	8753	M	2	0	0	7	0
20260906	4291318	cmp-a001-02-000000010764328	grp-a001-02-000000069047580	단백질쉐이크	nad-a001-02-000000553654562	bsn-a001-00-000000013604308	17	03	529514	M	7	0	0	7	0
20260906	4291318	cmp-a001-02-000000010764328	grp-a001-02-000000069047580	황성주생식	nad-a001-02-000000541753996	bsn-a001-00-000000013604308	17	99	8753	M	1	0	0	3	0
20260906	4291318	cmp-a001-02-000000010764328	grp-a001-02-000000072573876	명절선물	nad-a001-02-000000573683834	bsn-a001-00-000000013604308	17	99	529514	M	8	0	0	88	0
20260906	4291318	cmp-a001-02-000000010764328	grp-a001-02-000000069047580	견과류	nad-a001-02-000000541753959	bsn-a001-00-000000013604308	17	16	8753	M	1	0	0	3	0
20260906	4291318	cmp-a001-02-000000010764328	grp-a001-02-000000069047580	사랑하라	nad-a001-02-000000553654559	bsn-a001-00-000000013604308	17	00	98128	M	3	0	0	20	0
20260906	4291318	cmp-a001-02-000000010764328	grp-a001-02-000000069047580	가루	nad-a001-02-000000541754004	bsn-a001-00-000000013604308	17	11	8753	M	1	0	0	3	0
20260906	4291318	cmp-a001-02-000000010764328	grp-a001-02-000000069047580	단백질바추천	nad-a001-02-000000553654554	bsn-a001-00-000000013604308	17	07	8753	M	1	0	0	3	0
20260906	4291318	cmp-a001-02-000000010764328	grp-a001-02-000000069047580	단백질	nad-a001-02-000000553654562	bsn-a001-00-000000013604308	17	07	8753	M	1	0	0	3	0
20260906	4291318	cmp-a001-02-000000010764328	grp-a001-02-000000069047580	에너지바	nad-a001-02-000000553654559	bsn-a001-00-000000013604308	17	09	684926	M	2	0	0	20	0
20260906	4291318	cmp-a001-02-000000010764328	grp-a001-02-000000069047580	하루만	nad-a001-02-000000541753960	bsn-a001-00-000000013604308	17	18	529514	M	2	0	0	6	0
20260906	4291318	cmp-a001-02-000000010764328	grp-a001-02-000000069047580	혼합견과류	nad-a001-02-000000541753999	bsn-a001-00-000000013604308	17	10	684926	M	1	0	0	10	0
20260906	4291318	cmp-a001-02-000000010764328	grp-a001-02-000000069047580	칼로리바	nad-a001-02-000000553654554	bsn-a001-00-000000013604308	17	09	8753	M	4	0	0	6	0
20260906	4291318	cmp-a001-02-000000010764328	grp-a001-02-000000069047580	보충제	nad-a001-02-000000553654562	bsn-a001-00-000000013604308	17	02	33421	M	3	0	0	24	0
20260906	4291318	cmp-a001-02-000000010764328	grp-a001-02-000000069047580	견과류	nad-a001-02-000000541753960	bsn-a001-00-000000013604308	17	16	612594	M	1	0	0	4	0
20260906	4291318	cmp-a001-02-000000010764328	grp-a001-02-000000069047580	단백질보충제	nad-a001-02-000000553654562	bsn-a001-00-000000013604308	17	99	529514	M	18	0	0	33	0
20260906	4291318	cmp-a001-02-000000010764328	grp-a001-02-000000069047580	견과류	nad-a001-02-000000541753959	bsn-a001-00-000000013604308	17	99	8753	M	2	0	0	6	0
20260906	4291318	cmp-a001-02-000000010764328	grp-a001-02-000000069047580	스토어	nad-a001-02-000000541753997	bsn-a001-00-000000013604308	17	09	98128	M	9	0	0	30	0
20260906	4291318	cmp-a001-02-000000010764328	grp-a001-02-000000069047580	단백질바추천	nad-a001-02-000000553654558	bsn-a001-00-000000013604308	17	08	8753	M	2	0	0	12	0
20260906	4291318	cmp-a001-02-000000010764328	grp-a001-02-000000069047580	하루	nad-a001-02-000000541753959	bsn-a001-00-000000013604308	17	11	98128	M	1	0	0	3	0
20260906	4291318	cmp-a001-02-000000010764328	grp-a001-02-000000069047580	다이어트쉐이크	nad-a001-02-000000553654562	bsn-a001-00-000000013604308	17	02	529514	M	2	0	0	2	0
20260906	4291318	cmp-a001-02-000000010764328	grp-a001-02-000000069047580	젤리	nad-a001-02-000000541753985	bsn-a001-00-000000013604308	17	16	684925	P	1	0	0	1	0
20260906	4291318	cmp-a001-02-000000010764328	grp-a001-02-000000069047580	견과류	nad-a001-02-000000541753999	bsn-a001-00-000000013604308	17	16	27758	P	1	0	0	2	0
20260906	4291318	cmp-a001-02-000000010764328	grp-a001-02-000000069047580	견과류	nad-a001-02-000000541753960	bsn-a001-00-000000013604308	17	18	529514	M	31	0	0	93	0
20260906	4291318	cmp-a001-02-000000010764328	grp-a001-02-000000069047580	견과류	nad-a001-02-000000541753959	bsn-a001-00-000000013604308	17	09	684926	M	3	0	0	10	0
20260906	4291318	cmp-a001-02-000000010764328	grp-a001-02-000000069047580	식물성단백질	nad-a001-02-000000553654562	bsn-a001-00-000000013604308	17	02	529514	M	2	0	0	2	0
20260906	4291318	cmp-a001-02-000000010764328	grp-a001-02-000000072573876	추석선물세트추천	nad-a001-02-000000573683834	bsn-a001-00-000000013604308	17	09	8753	M	1	0	0	8	0
20260906	4291318	cmp-a001-02-000000010764328	grp-a001-02-000000069047580	프로틴	nad-a001-02-000000553654562	bsn-a001-00-000000013604308	17	15	684926	M	1	0	0	8	0
20260906	4291318	cmp-a001-02-000000010764328	grp-a001-02-000000069047580	단백질보충제	nad-a001-02-000000553654562	bsn-a001-00-000000013604308	17	18	684926	M	2	0	0	20	0
20260906	4291318	cmp-a001-02-000000010764328	grp-a001-02-000000069047580	하루견과	nad-a001-02-000000541753999	bsn-a001-00-000000013604308	17	06	8753	M	1	0	0	1	0
20260906	4291318	cmp-a001-02-000000010764328	grp-a001-02-000000069047580	하루	nad-a001-02-000000541753999	bsn-a001-00-000000013604308	17	11	612594	M	4	0	0	4	0
20260906	4291318	cmp-a001-02-000000010764328	grp-a001-02-000000069047580	납작한견과류이름	nad-a001-02-000000541753999	bsn-a001-00-000000013604308	17	18	8753	M	1	0	0	2	0
20260906	4291318	cmp-a001-02-000000010764328	grp-a001-02-000000069047580	하루견과	nad-a001-02-000000541753999	bsn-a001-00-000000013604308	17	02	633013	M	1	0	0	1	0
20260906	4291318	cmp-a001-02-000000010764328	grp-a001-02-000000069047580	에너지바	nad-a001-02-000000553654559	bsn-a001-00-000000013604308	17	18	23123	P	1	0	0	5	0
20260906	4291318	cmp-a001-02-000000010764328	grp-a001-02-000000069047580	젤리브랜드	nad-a001-02-000000541753985	bsn-a001-00-000000013604308	17	09	8753	M	1	0	0	2	0
20260906	4291318	cmp-a001-02-000000010764328	grp-a001-02-000000069047580	최저가단백질바	nad-a001-02-000000553654558	bsn-a001-00-000000013604308	17	00	8753	M	1	0	0	3	0
20260906	4291318	cmp-a001-02-000000010764328	grp-a001-02-000000072573876	추석선물세트	nad-a001-02-000000573683834	bsn-a001-00-000000013604308	17	02	684926	M	1	0	0	83	0
20260906	4291318	cmp-a001-02-000000010764328	grp-a001-02-000000069047580	프로틴	nad-a001-02-000000553654562	bsn-a001-00-000000013604308	17	04	98128	M	2	0	0	2	0
20260906	4291318	cmp-a001-02-000000010764328	grp-a001-02-000000069047580	황성주생식	nad-a001-02-000000541753997	bsn-a001-00-000000013604308	17	99	8753	M	1	0	0	1	0
20260906	4291318	cmp-a001-02-000000010764328	grp-a001-02-000000069047580	견과류	nad-a001-02-000000541753999	bsn-a001-00-000000013604308	17	09	8753	M	8	0	0	18	0
20260906	4291318	cmp-a001-02-000000010764328	grp-a001-02-000000069047580	사랑하라	nad-a001-02-000000553654558	bsn-a001-00-000000013604308	17	00	98128	M	3	0	0	13	0
20260906	4291318	cmp-a001-02-000000010764328	grp-a001-02-000000069047580	하루	nad-a001-02-000000541753960	bsn-a001-00-000000013604308	17	11	612594	M	4	0	0	12	0
20260906	4291318	cmp-a001-02-000000010764328	grp-a001-02-000000069047580	견과류	nad-a001-02-000000541753960	bsn-a001-00-000000013604308	17	11	8753	M	1	0	0	4	0
20260906	4291318	cmp-a001-02-000000010764328	grp-a001-02-000000069047580	견과류	nad-a001-02-000000541753999	bsn-a001-00-000000013604308	17	09	529514	M	231	0	0	235	0
20260906	4291318	cmp-a001-02-000000010764328	grp-a001-02-000000069047580	견과류	nad-a001-02-000000541753959	bsn-a001-00-000000013604308	17	04	33421	M	1	0	0	5	0
20260906	4291318	cmp-a001-02-000000010764328	grp-a001-02-000000069047580	단백질바	nad-a001-02-000000553654559	bsn-a001-00-000000013604308	17	02	684926	M	2	0	0	36	0
20260906	4291318	cmp-a001-02-000000010764328	grp-a001-02-000000072573876	추석선물세트	nad-a001-02-000000573683834	bsn-a001-00-000000013604308	17	99	529514	M	27	0	0	82	0
20260906	4291318	cmp-a001-02-000000010764328	grp-a001-02-000000072573876	명절선물	nad-a001-02-000000573683834	bsn-a001-00-000000013604308	17	18	529514	M	4	0	0	45	0
20260906	4291318	cmp-a001-02-000000010764328	grp-a001-02-000000069047580	단백질바	nad-a001-02-000000553654554	bsn-a001-00-000000013604308	17	15	8753	M	1	0	0	8	0
20260906	4291318	cmp-a001-02-000000010764328	grp-a001-02-000000072573876	추석선물세트	nad-a001-02-000000573683834	bsn-a001-00-000000013604308	17	04	529514	M	7	0	0	21	0
20260906	4291318	cmp-a001-02-000000010764328	grp-a001-02-000000069047580	에너지바	nad-a001-02-000000553654558	bsn-a001-00-000000013604308	17	15	529514	M	4	0	0	8	0
20260906	4291318	cmp-a001-02-000000010764328	grp-a001-02-000000069047580	견과류	nad-a001-02-000000541753960	bsn-a001-00-000000013604308	17	14	529514	M	16	0	0	48	0
20260906	4291318	cmp-a001-02-000000010764328	grp-a001-02-000000072573876	추석선물	nad-a001-02-000000573683835	bsn-a001-00-000000013604308	17	99	529514	M	13	0	0	146	0
20260906	4291318	cmp-a001-02-000000010764328	grp-a001-02-000000069047580	하루견과	nad-a001-02-000000541753959	bsn-a001-00-000000013604308	17	11	529514	M	4	0	0	14	0
20260906	4291318	cmp-a001-02-000000010764328	grp-a001-02-000000069047580	칼로리비교	nad-a001-02-000000553654554	bsn-a001-00-000000013604308	17	00	612593	P	1	0	0	2	0
20260906	4291318	cmp-a001-02-000000010764328	grp-a001-02-000000069047580	가루	nad-a001-02-000000541754005	bsn-a001-00-000000013604308	17	09	8753	M	1	0	0	6	0
20260906	4291318	cmp-a001-02-000000010764328	grp-a001-02-000000069047580	하루견과	nad-a001-02-000000541753960	bsn-a001-00-000000013604308	17	15	8753	M	2	0	0	12	0
20260906	4291318	cmp-a001-02-000000010764328	grp-a001-02-000000069047580	스토어	nad-a001-02-000000541753997	bsn-a001-00-000000013604308	17	03	98128	M	6	0	0	18	0
20260906	4291318	cmp-a001-02-000000010764328	grp-a001-02-000000069047580	하루견과	nad-a001-02-000000541753999	bsn-a001-00-000000013604308	17	07	529514	M	2	0	0	3	0
20260906	4291318	cmp-a001-02-000000010764328	grp-a001-02-000000069047580	견과류	nad-a001-02-000000541753959	bsn-a001-00-000000013604308	17	08	529514	M	40	0	0	80	0
20260906	4291318	cmp-a001-02-000000010764328	grp-a001-02-000000069047580	견과세트	nad-a001-02-000000541753960	bsn-a001-00-000000013604308	17	08	768323	M	1	0	0	3	0
20260906	4291318	cmp-a001-02-000000010764328	grp-a001-02-000000069047580	다이어트쉐이크	nad-a001-02-000000553654562	bsn-a001-00-000000013604308	17	03	768323	M	2	0	0	6	0
20260906	4291318	cmp-a001-02-000000010764328	grp-a001-02-000000069047580	견과류추천	nad-a001-02-000000541753960	bsn-a001-00-000000013604308	19	09	8753	M	1	0	0	3	0
20260906	4291318	cmp-a001-02-000000010764328	grp-a001-02-000000069047580	하루견과	nad-a001-02-000000541753959	bsn-a001-00-000000013604308	19	02	8753	M	1	0	0	6	0
20260906	4291318	cmp-a001-02-000000010764328	grp-a001-02-000000069047580	견과류추천	nad-a001-02-000000541753959	bsn-a001-00-000000013604308	19	09	8753	M	1	0	0	4	0
20260906	4291318	cmp-a001-02-000000010764328	grp-a001-02-000000069047580	하루견과	nad-a001-02-000000541753999	bsn-a001-00-000000013604308	19	02	8753	M	1	0	0	4	0
20260906	4291318	cmp-a001-02-000000010764328	grp-a001-02-000000069047580	견과류추천	nad-a001-02-000000541753999	bsn-a001-00-000000013604308	19	09	8753	M	1	0	0	2	0
