20260901	4291318	cmp-a001-02-000000010764328	grp-a001-02-000000072573876	황성주박사의라이프밀	nad-a001-02-000000573683834	bsn-a001-00-000000013604308	16	13	8753	M	1	0	0	2	0
20260901	4291318	cmp-a001-02-000000010764328	grp-a001-02-000000072573876	추석선물세트	nad-a001-02-000000573683834	bsn-a001-00-000000013604308	16	09	11068	P	2	0	0	13	0
20260901	4291318	cmp-a001-02-000000010764328	grp-a001-02-000000069047580	에너지바	nad-a001-02-000000553654558	bsn-a001-00-000000013604308	16	09	8753	M	1	0	0	5	0
20260901	4291318	cmp-a001-02-000000010764328	grp-a001-02-000000072573876	황성주박사의라이프밀	nad-a001-02-000000573683835	bsn-a001-00-000000013604308	16	13	8753	M	1	0	0	1	0
20260901	4291318	cmp-a001-02-000000010764328	grp-a001-02-000000069047580	에너지바	nad-a001-02-000000553654554	bsn-a001-00-000000013604308	16	09	8753	M	1	0	0	4	0
20260901	4291318	cmp-a001-02-000000010764328	grp-a001-02-000000072573876	황성주박사의라이프밀	nad-a001-02-000000573683835	bsn-a001-00-000000013604308	16	13	684924	M	1	0	0	1	0
20260901	4291318	cmp-a001-02-000000010764328	grp-a001-02-000000069047580	황성주생식	nad-a001-02-000000541754004	bsn-a001-00-000000013604308	22	18	8753	M	1	0	0	2	0
20260901	4291318	cmp-a001-02-000000010764328	grp-a001-02-000000072573876	신세계VIP추석선물골드	nad-a001-02-000000573683835	bsn-a001-00-000000013604308	22	02	8753	M	1	0	0	2	0
20260901	4291318	cmp-a001-02-000000010764328	grp-a001-02-000000069047580	황성주생식	nad-a001-02-000000541753996	bsn-a001-00-000000013604308	22	18	8753	M	1	0	0	3	0
20260901	4291318	cmp-a001-02-000000010764328	grp-a001-02-000000072573876	VIP선물	nad-a001-02-000000573683835	bsn-a001-00-000000013604308	22	09	529514	M	2	0	0	13	0
20260901	4291318	cmp-a001-02-000000010764328	grp-a001-02-000000069047580	황성주생식	nad-a001-02-000000541753997	bsn-a001-00-000000013604308	22	18	8753	M	1	0	0	1	0
20260901	4291318	cmp-a001-02-000000010764328	grp-a001-02-000000069047580	에너지바	nad-a001-02-000000553654554	bsn-a001-00-000000013604308	22	02	8753	M	1	0	0	4	0
20260901	4291318	cmp-a001-02-000000010764328	grp-a001-02-000000069047580	황성주생식	nad-a001-02-000000541754004	bsn-a001-00-000000013604308	22	18	684924	M	1	0	0	1	0
20260901	4291318	cmp-a001-02-000000010764328	grp-a001-02-000000072573876	VIP선물	nad-a001-02-000000573683835	bsn-a001-00-000000013604308	22	99	529514	M	2	0	0	16	0
20260901	4291318	cmp-a001-02-000000010764328	grp-a001-02-000000069047580	황성주생식	nad-a001-02-000000541754005	bsn-a001-00-000000013604308	22	18	8753	M	1	0	0	4	0
20260901	4291318	cmp-a001-02-000000010764328	grp-a001-02-000000069047580	황성주생식	nad-a001-02-000000541753997	bsn-a001-00-000000013604308	19	03	424040	M	1	0	0	1	0
20260901	4291318	cmp-a001-02-000000010764328	grp-a001-02-000000069047580	사랑	nad-a001-02-000000553654558	bsn-a001-00-000000013604308	15	09	98128	M	3	0	0	12	0
20260901	4291318	cmp-a001-02-000000010764328	grp-a001-02-000000069047580	견과류	nad-a001-02-000000541753959	bsn-a001-00-000000013604308	15	04	684927	P	1	0	0	4	0
20260901	4291318	cmp-a001-02-000000010764328	grp-a001-02-000000069047580	견과류	nad-a001-02-000000541753960	bsn-a001-00-000000013604308	15	13	11068	P	1	0	0	4	0
20260901	4291318	cmp-a001-02-000000010764328	grp-a001-02-000000069047580	견과류	nad-a001-02-000000541753999	bsn-a001-00-000000013604308	15	14	529514	M	4	0	0	8	0
20260901	4291318	cmp-a001-02-000000010764328	grp-a001-02-000000069047580	단백질쉐이크	nad-a001-02-000000553654562	bsn-a001-00-000000013604308	15	06	98128	M	2	0	0	2	0
20260901	4291318	cmp-a001-02-000000010764328	grp-a001-02-000000069047580	견과류	nad-a001-02-000000541753960	bsn-a001-00-000000013604308	15	99	11068	P	1	0	0	2	0
20260901	4291318	cmp-a001-02-000000010764328	grp-a001-02-000000069047580	견과류	nad-a001-02-000000541753960	bsn-a001-00-000000013604308	15	02	529514	M	43	0	0	172	0
20260901	4291318	cmp-a001-02-000000010764328	grp-a001-02-000000069047580	견과류세트	nad-a001-02-000000541753999	bsn-a001-00-000000013604308	15	15	8753	M	1	0	0	1	0
20260901	4291318	cmp-a001-02-000000010764328	grp-a001-02-000000069047580	하루	nad-a001-02-000000553654562	bsn-a001-00-000000013604308	15	02	98128	M	3	0	0	18	0
20260901	4291318	cmp-a001-02-000000010764328	grp-a001-02-000000069047580	하루견과	nad-a001-02-000000541753999	bsn-a001-00-000000013604308	15	15	341893	M	1	0	0	1	0
20260901	4291318	cmp-a001-02-000000010764328	grp-a001-02-000000069047580	견과	nad-a001-02-000000541753999	bsn-a001-00-000000013604308	15	17	11068	P	1	0	0	2	0
20260901	4291318	cmp-a001-02-000000010764328	grp-a001-02-000000069047580	견과류	nad-a001-02-000000541753999	bsn-a001-00-000000013604308	15	07	529514	M	3	0	0	6	0
20260901	4291318	cmp-a001-02-000000010764328	grp-a001-02-000000069047580	젤리	nad-a001-02-000000541753985	bsn-a001-00-000000013604308	15	06	33421	M	2	0	0	4	0
20260901	4291318	cmp-a001-02-000000010764328	grp-a001-02-000000069047580	견과류	nad-a001-02-000000541753999	bsn-a001-00-000000013604308	15	15	27758	P	1	1	2568	2	0
20260901	4291318	cmp-a001-02-000000010764328	grp-a001-02-000000069047580	하루만	nad-a001-02-000000553654562	bsn-a001-00-000000013604308	15	18	529514	M	2	0	0	18	0
20260901	4291318	cmp-a001-02-000000010764328	grp-a001-02-000000069047580	사랑님	nad-a001-02-000000553654554	bsn-a001-00-000000013604308	15	09	529514	M	10	0	0	22	0
20260901	4291318	cmp-a001-02-000000010764328	grp-a001-02-000000069047580	하루견과	nad-a001-02-000000541753999	bsn-a001-00-000000013604308	15	99	684926	M	2	0	0	2	0
20260901	4291318	cmp-a001-02-000000010764328	grp-a001-02-000000069047580	하루견과	nad-a001-02-000000541753999	bsn-a001-00-000000013604308	15	15	8753	M	1	0	0	1	0
20260901	4291318	cmp-a001-02-000000010764328	grp-a001-02-000000069047580	하루견과	nad-a001-02-000000541753959	bsn-a001-00-000000013604308	15	01	633013	M	6	0	0	12	0
20260901	4291318	cmp-a001-02-000000010764328	grp-a001-02-000000069047580	하루견과	nad-a001-02-000000541753999	bsn-a001-00-000000013604308	15	01	633013	M	6	0	0	6	0
20260901	4291318	cmp-a001-02-000000010764328	grp-a001-02-000000069047580	견과류세트	nad-a001-02-000000541753999	bsn-a001-00-000000013604308	15	02	8753	M	2	0	0	2	0
20260901	4291318	cmp-a001-02-000000010764328	grp-a001-02-000000069047580	사랑님	nad-a001-02-000000553654559	bsn-a001-00-000000013604308	15	08	529514	M	6	0	0	66	0
20260901	4291318	cmp-a001-02-000000010764328	grp-a001-02-000000069047580	산양유초유단백질	nad-a001-02-000000553654562	bsn-a001-00-000000013604308	15	03	341893	M	2	0	0	6	0
20260901	4291318	cmp-a001-02-000000010764328	grp-a001-02-000000069047580	쿠팡단백질간식	nad-a001-02-000000553654554	bsn-a001-00-000000013604308	15	09	27758	P	1	0	0	1	0
20260901	4291318	cmp-a001-02-000000010764328	grp-a001-02-000000069047580	하루견과	nad-a001-02-000000541753999	bsn-a001-00-000000013604308	15	09	633013	M	6	0	0	6	0
20260901	4291318	cmp-a001-02-000000010764328	grp-a001-02-000000069047580	견과류	nad-a001-02-000000541753959	bsn-a001-00-000000013604308	15	03	8753	M	1	0	0	2	0
20260901	4291318	cmp-a001-02-000000010764328	grp-a001-02-000000069047580	견과류	nad-a001-02-000000541753959	bsn-a001-00-000000013604308	15	02	11068	P	3	0	0	10	0
20260901	4291318	cmp-a001-02-000000010764328	grp-a001-02-000000069047580	황성주생식	nad-a001-02-000000541753996	bsn-a001-00-000000013604308	15	02	27758	P	1	0	0	2	0
20260901	4291318	cmp-a001-02-000000010764328	grp-a001-02-000000069047580	황성주생식	nad-a001-02-000000541754005	bsn-a001-00-000000013604308	15	11	8753	M	1	1	1709	4	0
20260901	4291318	cmp-a001-02-000000010764328	grp-a001-02-000000069047580	견과류	nad-a001-02-000000541753959	bsn-a001-00-000000013604308	15	02	529514	M	43	0	0	129	0
20260901	4291318	cmp-a001-02-000000010764328	grp-a001-02-000000069047580	사랑	nad-a001-02-000000553654559	bsn-a001-00-000000013604308	15	09	98128	M	3	0	0	18	0
20260901	4291318	cmp-a001-02-000000010764328	grp-a001-02-000000069047580	견과류	nad-a001-02-000000541753960	bsn-a001-00-000000013604308	15	02	612593	P	1	0	0	2	0
20260901	4291318	cmp-a001-02-000000010764328	grp-a001-02-000000069047580	하루견과	nad-a001-02-000000541753999	bsn-a001-00-000000013604308	15	99	633013	M	2	0	0	2	0
20260901	4291318	cmp-a001-02-000000010764328	grp-a001-02-000000069047580	사탕젤리	nad-a001-02-000000541753985	bsn-a001-00-000000013604308	15	09	87620	M	1	0	0	2	0
20260901	4291318	cmp-a001-02-000000010764328	grp-a001-02-000000069047580	갓	nad-a001-02-000000541753999	bsn-a001-00-000000013604308	15	09	684925	P	1	0	0	1	0
20260901	4291318	cmp-a001-02-000000010764328	grp-a001-02-000000069047580	단백질간식	nad-a001-02-000000553654558	bsn-a001-00-000000013604308	15	15	684925	P	1	0	0	1	0
20260901	4291318	cmp-a001-02-000000010764328	grp-a001-02-000000069047580	단백질	nad-a001-02-000000553654562	bsn-a001-00-000000013604308	15	06	98128	M	1	0	0	1	0
20260901	4291318	cmp-a001-02-000000010764328	grp-a001-02-000000069047580	제리	nad-a001-02-000000541753985	bsn-a001-00-000000013604308	15	03	137281	M	3	0	0	6	0
20260901	4291318	cmp-a001-02-000000010764328	grp-a001-02-000000069047580	보충제	nad-a001-02-000000553654562	bsn-a001-00-000000013604308	15	11	529514	M	9	0	0	9	0
20260901	4291318	cmp-a001-02-000000010764328	grp-a001-02-000000069047580	사랑이	nad-a001-02-000000553654559	bsn-a001-00-000000013604308	15	06	529514	M	4	0	0	44	0
20260901	4291318	cmp-a001-02-000000010764328	grp-a001-02-000000069047580	하루견과	nad-a001-02-000000541753959	bsn-a001-00-000000013604308	15	02	684926	M	4	0	0	17	0
20260901	4291318	cmp-a001-02-000000010764328	grp-a001-02-000000069047580	프리미엄웰너츠	nad-a001-02-000000541753999	bsn-a001-00-000000013604308	15	02	341898	M	1	0	0	1	0
20260901	4291318	cmp-a001-02-000000010764328	grp-a001-02-000000069047580	하루견과	nad-a001-02-000000541753959	bsn-a001-00-000000013604308	15	08	33421	M	1	0	0	4	0
20260901	4291318	cmp-a001-02-000000010764328	grp-a001-02-000000069047580	견과류	nad-a001-02-000000541753959	bsn-a001-00-000000013604308	15	06	684924	M	2	0	0	2	0
20260901	4291318	cmp-a001-02-000000010764328	grp-a001-02-000000069047580	단백질쉐이크	nad-a001-02-000000553654562	bsn-a001-00-000000013604308	15	04	529514	M	4	0	0	4	0
20260901	4291318	cmp-a001-02-000000010764328	grp-a001-02-000000069047580	단백질바	nad-a001-02-000000553654559	bsn-a001-00-000000013604308	15	09	684926	M	1	0	0	12	0
20260901	4291318	cmp-a001-02-000000010764328	grp-a001-02-000000069047580	나인플레이트견과류	nad-a001-02-000000541753999	bsn-a001-00-000000013604308	15	02	370822	P	1	0	0	1	0
20260901	4291318	cmp-a001-02-000000010764328	grp-a001-02-000000069047580	하루견과	nad-a001-02-000000541753959	bsn-a001-00-000000013604308	15	02	633013	M	5	0	0	10	0
20260901	4291318	cmp-a001-02-000000010764328	grp-a001-02-000000069047580	단백질	nad-a001-02-000000553654562	bsn-a001-00-000000013604308	15	09	684926	M	2	0	0	24	0
20260901	4291318	cmp-a001-02-000000010764328	grp-a001-02-000000069047580	칼로리	nad-a001-02-000000553654554	bsn-a001-00-000000013604308	15	13	612594	M	1	0	0	1	0
20260901	4291318	cmp-a001-02-000000010764328	grp-a001-02-000000069047580	사랑이	nad-a001-02-000000553654554	bsn-a001-00-000000013604308	15	02	529514	M	2	0	0	5	0
20260901	4291318	cmp-a001-02-000000010764328	grp-a001-02-000000069047580	견과류	nad-a001-02-000000541753999	bsn-a001-00-000000013604308	15	09	529514	M	53	0	0	106	0
20260901	4291318	cmp-a001-02-000000010764328	grp-a001-02-000000069047580	견과	nad-a001-02-000000541753960	bsn-a001-00-000000013604308	15	02	529514	M	3	0	0	10	0
20260901	4291318	cmp-a001-02-000000010764328	grp-a001-02-000000069047580	프로틴	nad-a001-02-000000553654562	bsn-a001-00-000000013604308	15	03	768323	M	2	0	0	2	0
20260901	4291318	cmp-a001-02-000000010764328	grp-a001-02-000000069047580	오하루자연가득시나몬메이플견과	nad-a001-02-000000541753960	bsn-a001-00-000000013604308	15	09	341898	M	2	0	0	2	0
20260901	4291318	cmp-a001-02-000000010764328	grp-a001-02-000000069047580	하루견과	nad-a001-02-000000541753959	bsn-a001-00-000000013604308	15	03	8753	M	1	0	0	3	0
20260901	4291318	cmp-a001-02-000000010764328	grp-a001-02-000000069047580	하루견과	nad-a001-02-000000541753999	bsn-a001-00-000000013604308	15	09	8753	M	5	0	0	9	0
20260901	4291318	cmp-a001-02-000000010764328	grp-a001-02-000000069047580	개당스토어	nad-a001-02-000000541753999	bsn-a001-00-000000013604308	15	06	98128	M	3	0	0	3	0
20260901	4291318	cmp-a001-02-000000010764328	grp-a001-02-000000069047580	견과류추천순위	nad-a001-02-000000541753999	bsn-a001-00-000000013604308	15	11	8753	M	1	0	0	2	0
20260901	4291318	cmp-a001-02-000000010764328	grp-a001-02-000000069047580	영양식	nad-a001-02-000000541753965	bsn-a001-00-000000013604308	15	02	529514	M	4	0	0	24	0
20260901	4291318	cmp-a001-02-000000010764328	grp-a001-02-000000069047580	견과세트	nad-a001-02-000000541753960	bsn-a001-00-000000013604308	15	09	768323	M	2	0	0	8	0
20260901	4291318	cmp-a001-02-000000010764328	grp-a001-02-000000069047580	분말	nad-a001-02-000000541754004	bsn-a001-00-000000013604308	15	09	27758	P	1	0	0	1	0
20260901	4291318	cmp-a001-02-000000010764328	grp-a001-02-000000069047580	젤리	nad-a001-02-000000541753985	bsn-a001-00-000000013604308	15	16	768323	M	2	0	0	2	0
20260901	4291318	cmp-a001-02-000000010764328	grp-a001-02-000000069047580	단백질바	nad-a001-02-000000553654558	bsn-a001-00-000000013604308	15	16	529514	M	2	0	0	4	0
20260901	4291318	cmp-a001-02-000000010764328	grp-a001-02-000000069047580	하루견과병세트	nad-a001-02-000000541753959	bsn-a001-00-000000013604308	15	09	27758	P	1	0	0	3	0
20260901	4291318	cmp-a001-02-000000010764328	grp-a001-02-000000069047580	견과	nad-a001-02-000000541753959	bsn-a001-00-000000013604308	15	17	27758	P	1	0	0	4	0
20260901	4291318	cmp-a001-02-000000010764328	grp-a001-02-000000069047580	하루견과	nad-a001-02-000000541753960	bsn-a001-00-000000013604308	15	15	8753	M	1	1	2435	5	0
20260901	4291318	cmp-a001-02-000000010764328	grp-a001-02-000000069047580	대두단백질효능	nad-a001-02-000000553654562	bsn-a001-00-000000013604308	15	09	8753	M	1	0	0	2	0
20260901	4291318	cmp-a001-02-000000010764328	grp-a001-02-000000069047580	견과류	nad-a001-02-000000541753960	bsn-a001-00-000000013604308	15	14	529514	M	4	0	0	16	0
20260901	4291318	cmp-a001-02-000000010764328	grp-a001-02-000000069047580	단백질간식추천	nad-a001-02-000000553654554	bsn-a001-00-000000013604308	15	15	27758	P	1	0	0	1	0
20260901	4291318	cmp-a001-02-000000010764328	grp-a001-02-000000069047580	단백질바	nad-a001-02-000000553654558	bsn-a001-00-000000013604308	15	02	529514	M	2	0	0	4	0
20260901	4291318	cmp-a001-02-000000010764328	grp-a001-02-000000069047580	하루견과	nad-a001-02-000000541753999	bsn-a001-00-000000013604308	15	99	33421	M	1	0	0	1	0
20260901	4291318	cmp-a001-02-000000010764328	grp-a001-02-000000069047580	견과류	nad-a001-02-000000541753959	bsn-a001-00-000000013604308	15	06	8753	M	2	0	0	6	0
20260901	4291318	cmp-a001-02-000000010764328	grp-a001-02-000000069047580	가루	nad-a001-02-000000541754005	bsn-a001-00-000000013604308	15	09	8753	M	1	0	0	4	0
20260901	4291318	cmp-a001-02-000000010764328	grp-a001-02-000000069047580	하루견과	nad-a001-02-000000541753960	bsn-a001-00-000000013604308	15	01	633013	M	6	0	0	18	0
20260901	4291318	cmp-a001-02-000000010764328	grp-a001-02-000000069047580	단백질바	nad-a001-02-000000553654559	bsn-a001-00-000000013604308	15	09	529514	M	2	0	0	6	0
20260901	4291318	cmp-a001-02-000000010764328	grp-a001-02-000000069047580	하루견과	nad-a001-02-000000541753999	bsn-a001-00-000000013604308	15	99	341893	M	2	0	0	4	0
20260901	4291318	cmp-a001-02-000000010764328	grp-a001-02-000000069047580	황성주생식	nad-a001-02-000000541753996	bsn-a001-00-000000013604308	15	14	684924	M	1	0	0	1	0
20260901	4291318	cmp-a001-02-000000010764328	grp-a001-02-000000069047580	사랑님	nad-a001-02-000000553654554	bsn-a001-00-000000013604308	15	08	529514	M	6	0	0	13	0
20260901	4291318	cmp-a001-02-000000010764328	grp-a001-02-000000069047580	견과류	nad-a001-02-000000541753959	bsn-a001-00-000000013604308	15	99	529514	M	53	0	0	159	0
20260901	4291318	cmp-a001-02-000000010764328	grp-a001-02-000000069047580	다이어트종류	nad-a001-02-000000553654562	bsn-a001-00-000000013604308	15	07	612593	P	1	0	0	2	0
20260901	4291318	cmp-a001-02-000000010764328	grp-a001-02-000000069047580	견과류	nad-a001-02-000000541753959	bsn-a001-00-000000013604308	15	03	529514	M	11	0	0	33	0
20260901	4291318	cmp-a001-02-000000010764328	grp-a001-02-000000069047580	하루견과	nad-a001-02-000000541753960	bsn-a001-00-000000013604308	15	15	87620	M	1	0	0	2	0
20260901	4291318	cmp-a001-02-000000010764328	grp-a001-02-000000069047580	견과류	nad-a001-02-000000541753959	bsn-a001-00-000000013604308	15	13	529514	M	9	0	0	27	0
20260901	4291318	cmp-a001-02-000000010764328	grp-a001-02-000000069047580	젤리대용량	nad-a001-02-000000541753985	bsn-a001-00-000000013604308	15	06	341898	M	1	0	0	2	0
20260901	4291318	cmp-a001-02-000000010764328	grp-a001-02-000000069047580	단백질보충제	nad-a001-02-000000553654562	bsn-a001-00-000000013604308	15	09	529514	M	3	0	0	3	0
20260901	4291318	cmp-a001-02-000000010764328	grp-a001-02-000000069047580	사랑	nad-a001-02-000000553654558	bsn-a001-00-000000013604308	15	02	98128	M	1	0	0	4	0
20260901	4291318	cmp-a001-02-000000010764328	grp-a001-02-000000069047580	젤리	nad-a001-02-000000541753985	bsn-a001-00-000000013604308	15	02	684924	M	1	0	0	1	0
20260901	4291318	cmp-a001-02-000000010764328	grp-a001-02-000000069047580	단백질간식	nad-a001-02-000000553654554	bsn-a001-00-000000013604308	15	09	27758	P	1	0	0	1	0
20260901	4291318	cmp-a001-02-000000010764328	grp-a001-02-000000069047580	사랑님	nad-a001-02-000000553654559	bsn-a001-00-000000013604308	15	15	529514	M	2	0	0	22	0
20260901	4291318	cmp-a001-02-000000010764328	grp-a001-02-000000069047580	프로틴쉐이크	nad-a001-02-000000553654562	bsn-a001-00-000000013604308	15	02	529514	M	2	0	0	2	0
20260901	4291318	cmp-a001-02-000000010764328	grp-a001-02-000000069047580	쿠팡단백질간식	nad-a001-02-000000553654558	bsn-a001-00-000000013604308	15	09	27758	P	1	0	0	2	0
20260901	4291318	cmp-a001-02-000000010764328	grp-a001-02-000000069047580	견과	nad-a001-02-000000541753999	bsn-a001-00-000000013604308	15	09	27758	P	1	0	0	3	0
20260901	4291318	cmp-a001-02-000000010764328	grp-a001-02-000000069047580	닥터넛쳐근겨롸세트	nad-a001-02-000000541753960	bsn-a001-00-000000013604308	15	09	11068	P	1	0	0	3	0
20260901	4291318	cmp-a001-02-000000010764328	grp-a001-02-000000069047580	에너지바	nad-a001-02-000000553654554	bsn-a001-00-000000013604308	15	09	8753	M	1	0	0	4	0
20260901	4291318	cmp-a001-02-000000010764328	grp-a001-02-000000069047580	프로틴	nad-a001-02-000000553654562	bsn-a001-00-000000013604308	15	10	529514	M	10	0	0	10	0
20260901	4291318	cmp-a001-02-000000010764328	grp-a001-02-000000069047580	프로틴	nad-a001-02-000000553654562	bsn-a001-00-000000013604308	15	11	768323	M	8	0	0	9	0
20260901	4291318	cmp-a001-02-000000010764328	grp-a001-02-000000069047580	견과류	nad-a001-02-000000541753999	bsn-a001-00-000000013604308	15	02	33421	M	1	0	0	2	0
20260901	4291318	cmp-a001-02-000000010764328	grp-a001-02-000000069047580	단백질바	nad-a001-02-000000553654554	bsn-a001-00-000000013604308	15	99	529514	M	2	0	0	2	0
20260901	4291318	cmp-a001-02-000000010764328	grp-a001-02-000000069047580	견과	nad-a001-02-000000541753960	bsn-a001-00-000000013604308	15	09	8753	M	1	0	0	5	0
20260901	4291318	cmp-a001-02-000000010764328	grp-a001-02-000000069047580	견과류세트	nad-a001-02-000000541753960	bsn-a001-00-000000013604308	15	02	8753	M	2	0	0	9	0
20260901	4291318	cmp-a001-02-000000010764328	grp-a001-02-000000069047580	견과류	nad-a001-02-000000541753999	bsn-a001-00-000000013604308	15	16	27758	P	2	0	0	4	0
20260901	4291318	cmp-a001-02-000000010764328	grp-a001-02-000000069047580	견과류	nad-a001-02-000000541753960	bsn-a001-00-000000013604308	15	09	370822	P	1	0	0	1	0
20260901	4291318	cmp-a001-02-000000010764328	grp-a001-02-000000069047580	황성주생식	nad-a001-02-000000541753997	bsn-a001-00-000000013604308	15	02	8753	M	2	1	5731	2	0
20260901	4291318	cmp-a001-02-000000010764328	grp-a001-02-000000069047580	너츠브라더프리미엄웰너츠	nad-a001-02-000000541753999	bsn-a001-00-000000013604308	15	04	341898	M	1	0	0	1	0
20260901	4291318	cmp-a001-02-000000010764328	grp-a001-02-000000069047580	견과류	nad-a001-02-000000541753999	bsn-a001-00-000000013604308	15	02	11068	P	3	0	0	6	0
20260901	4291318	cmp-a001-02-000000010764328	grp-a001-02-000000069047580	균형영양식	nad-a001-02-000000541753965	bsn-a001-00-000000013604308	15	03	529514	M	2	0	0	12	0
20260901	4291318	cmp-a001-02-000000010764328	grp-a001-02-000000069047580	제리	nad-a001-02-000000541753985	bsn-a001-00-000000013604308	15	02	684924	M	1	0	0	1	0
20260901	4291318	cmp-a001-02-000000010764328	grp-a001-02-000000069047580	단백질쉐이크	nad-a001-02-000000553654562	bsn-a001-00-000000013604308	15	00	98128	M	2	0	0	2	0
20260901	4291318	cmp-a001-02-000000010764328	grp-a001-02-000000069047580	견과류	nad-a001-02-000000541753999	bsn-a001-00-000000013604308	15	02	341893	M	1	0	0	1	0
20260901	4291318	cmp-a001-02-000000010764328	grp-a001-02-000000069047580	견과류	nad-a001-02-000000541753960	bsn-a001-00-000000013604308	15	03	8753	M	1	0	0	4	0
20260901	4291318	cmp-a001-02-000000010764328	grp-a001-02-000000069047580	하루견과	nad-a001-02-000000541753959	bsn-a001-00-000000013604308	15	07	684927	P	1	0	0	4	0
20260901	4291318	cmp-a001-02-000000010764328	grp-a001-02-000000069047580	제리	nad-a001-02-000000541753985	bsn-a001-00-000000013604308	15	99	137281	M	2	0	0	3	0
20260901	4291318	cmp-a001-02-000000010764328	grp-a001-02-000000069047580	칼로리바	nad-a001-02-000000553654554	bsn-a001-00-000000013604308	15	09	684924	M	1	0	0	1	0
20260901	4291318	cmp-a001-02-000000010764328	grp-a001-02-000000069047580	다이어트단백질쉐이크	nad-a001-02-000000553654562	bsn-a001-00-000000013604308	15	09	684927	P	2	0	0	20	0
20260901	4291318	cmp-a001-02-000000010764328	grp-a001-02-000000069047580	견과류	nad-a001-02-000000541753959	bsn-a001-00-000000013604308	15	15	27758	P	1	0	0	3	0
20260901	4291318	cmp-a001-02-000000010764328	grp-a001-02-000000069047580	견과류	nad-a001-02-000000541753959	bsn-a001-00-000000013604308	15	16	529514	M	3	0	0	9	0
20260901	4291318	cmp-a001-02-000000010764328	grp-a001-02-000000069047580	황성주생식	nad-a001-02-000000541754004	bsn-a001-00-000000013604308	15	02	8753	M	2	0	0	4	0
20260901	4291318	cmp-a001-02-000000010764328	grp-a001-02-000000069047580	분리대두단백질과변비	nad-a001-02-000000553654562	bsn-a001-00-000000013604308	15	09	8753	M	1	0	0	1	0
20260901	4291318	cmp-a001-02-000000010764328	grp-a001-02-000000069047580	하루견과	nad-a001-02-000000541753960	bsn-a001-00-000000013604308	15	15	11068	P	1	0	0	4	0
20260901	4291318	cmp-a001-02-000000010764328	grp-a001-02-000000069047580	단백질간식추천	nad-a001-02-000000553654558	bsn-a001-00-000000013604308	15	15	684925	P	1	0	0	1	0
20260901	4291318	cmp-a001-02-000000010764328	grp-a001-02-000000069047580	단백질간식	nad-a001-02-000000553654558	bsn-a001-00-000000013604308	15	09	27758	P	1	0	0	3	0
20260901	4291318	cmp-a001-02-000000010764328	grp-a001-02-000000069047580	단백질바넛츠	nad-a001-02-000000553654554	bsn-a001-00-000000013604308	15	09	8753	M	1	0	0	3	0
20260901	4291318	cmp-a001-02-000000010764328	grp-a001-02-000000069047580	프로틴바	nad-a001-02-000000553654559	bsn-a001-00-000000013604308	15	02	529514	M	2	0	0	6	0
20260901	4291318	cmp-a001-02-000000010764328	grp-a001-02-000000069047580	단백질파우더	nad-a001-02-000000553654562	bsn-a001-00-000000013604308	15	02	529514	M	2	0	0	2	0
20260901	4291318	cmp-a001-02-000000010764328	grp-a001-02-000000069047580	하루견과	nad-a001-02-000000541753960	bsn-a001-00-000000013604308	15	02	341893	M	1	0	0	1	0
20260901	4291318	cmp-a001-02-000000010764328	grp-a001-02-000000069047580	갓	nad-a001-02-000000541753999	bsn-a001-00-000000013604308	15	15	8753	M	1	0	0	3	0
20260901	4291318	cmp-a001-02-000000010764328	grp-a001-02-000000069047580	분리대두단백질	nad-a001-02-000000553654562	bsn-a001-00-000000013604308	15	09	8753	M	1	0	0	3	0
20260901	4291318	cmp-a001-02-000000010764328	grp-a001-02-000000069047580	하루견과	nad-a001-02-000000541753959	bsn-a001-00-000000013604308	15	02	8753	M	2	0	0	6	0
20260901	4291318	cmp-a001-02-000000010764328	grp-a001-02-000000069047580	황성주생식	nad-a001-02-000000541753997	bsn-a001-00-000000013604308	15	11	8753	M	1	0	0	1	0
20260901	4291318	cmp-a001-02-000000010764328	grp-a001-02-000000069047580	사랑이	nad-a001-02-000000553654554	bsn-a001-00-000000013604308	15	99	529514	M	4	0	0	10	0
20260901	4291318	cmp-a001-02-000000010764328	grp-a001-02-000000069047580	단백질보충제	nad-a001-02-000000553654562	bsn-a001-00-000000013604308	15	13	23123	P	2	0	0	3	0
20260901	4291318	cmp-a001-02-000000010764328	grp-a001-02-000000069047580	프로틴	nad-a001-02-000000553654562	bsn-a001-00-000000013604308	15	09	98128	M	1	0	0	1	0
20260901	4291318	cmp-a001-02-000000010764328	grp-a001-02-000000069047580	쉐이크	nad-a001-02-000000553654562	bsn-a001-00-000000013604308	15	09	98128	M	2	0	0	2	0
20260901	4291318	cmp-a001-02-000000010764328	grp-a001-02-000000069047580	초코단백질바	nad-a001-02-000000553654554	bsn-a001-00-000000013604308	15	11	8753	M	1	0	0	1	0
20260901	4291318	cmp-a001-02-000000010764328	grp-a001-02-000000069047580	단백질보충제	nad-a001-02-000000553654562	bsn-a001-00-000000013604308	15	06	8753	M	1	0	0	2	0
20260901	4291318	cmp-a001-02-000000010764328	grp-a001-02-000000069047580	하루견과	nad-a001-02-000000541753959	bsn-a001-00-000000013604308	15	09	8753	M	5	0	0	15	0
20260901	4291318	cmp-a001-02-000000010764328	grp-a001-02-000000069047580	하루	nad-a001-02-000000541753999	bsn-a001-00-000000013604308	15	06	137281	M	3	0	0	6	0
20260901	4291318	cmp-a001-02-000000010764328	grp-a001-02-000000069047580	하루견과	nad-a001-02-000000541753960	bsn-a001-00-000000013604308	15	99	33421	M	1	0	0	4	0
20260901	4291318	cmp-a001-02-000000010764328	grp-a001-02-000000069047580	프로틴	nad-a001-02-000000553654562	bsn-a001-00-000000013604308	15	99	98128	M	2	0	0	2	0
20260901	4291318	cmp-a001-02-000000010764328	grp-a001-02-000000069047580	다이어트쉐이크	nad-a001-02-000000553654562	bsn-a001-00-000000013604308	15	02	768323	M	1	0	0	1	0
20260901	4291318	cmp-a001-02-000000010764328	grp-a001-02-000000069047580	견과세트	nad-a001-02-000000541753960	bsn-a001-00-000000013604308	15	02	684926	M	1	0	0	3	0
20260901	4291318	cmp-a001-02-000000010764328	grp-a001-02-000000069047580	나인플레이트견과	nad-a001-02-000000541753999	bsn-a001-00-000000013604308	15	02	341898	M	1	0	0	2	0
20260901	4291318	cmp-a001-02-000000010764328	grp-a001-02-000000069047580	견과류	nad-a001-02-000000541753959	bsn-a001-00-000000013604308	15	00	612593	P	1	0	0	1	0
20260901	4291318	cmp-a001-02-000000010764328	grp-a001-02-000000069047580	견과류	nad-a001-02-000000541753999	bsn-a001-00-000000013604308	15	10	27758	P	2	0	0	4	0
20260901	4291318	cmp-a001-02-000000010764328	grp-a001-02-000000069047580	하루견과	nad-a001-02-000000541753999	bsn-a001-00-000000013604308	15	02	633013	M	5	0	0	5	0
20260901	4291318	cmp-a001-02-000000010764328	grp-a001-02-000000069047580	프로틴	nad-a001-02-000000553654562	bsn-a001-00-000000013604308	15	08	768323	M	7	0	0	8	0
20260901	4291318	cmp-a001-02-000000010764328	grp-a001-02-000000069047580	하루견과	nad-a001-02-000000541753999	bsn-a001-00-000000013604308	15	15	11068	P	1	0	0	1	0
20260901	4291318	cmp-a001-02-000000010764328	grp-a001-02-000000069047580	생식가루	nad-a001-02-000000541753997	bsn-a001-00-000000013604308	15	06	8753	M	1	0	0	1	0
20260901	4291318	cmp-a001-02-000000010764328	grp-a001-02-000000069047580	젤리	nad-a001-02-000000541753985	bsn-a001-00-000000013604308	15	99	8753	M	1	0	0	2	0
20260901	4291318	cmp-a001-02-000000010764328	grp-a001-02-000000069047580	하루견과	nad-a001-02-000000541753959	bsn-a001-00-000000013604308	15	02	11068	P	1	0	0	5	0
20260901	4291318	cmp-a001-02-000000010764328	grp-a001-02-000000069047580	단백질	nad-a001-02-000000553654562	bsn-a001-00-000000013604308	15	99	98128	M	1	0	0	1	0
20260901	4291318	cmp-a001-02-000000010764328	grp-a001-02-000000069047580	다이어트쉐이크	nad-a001-02-000000553654562	bsn-a001-00-000000013604308	15	09	684927	P	2	0	0	12	0
20260901	4291318	cmp-a001-02-000000010764328	grp-a001-02-000000069047580	분말	nad-a001-02-000000541753997	bsn-a001-00-000000013604308	15	07	8753	M	1	0	0	1	0
20260901	4291318	cmp-a001-02-000000010764328	grp-a001-02-000000069047580	개당스토어	nad-a001-02-000000541753960	bsn-a001-00-000000013604308	15	06	98128	M	1	0	0	2	0
20260901	4291318	cmp-a001-02-000000010764328	grp-a001-02-000000069047580	견과류	nad-a001-02-000000541753960	bsn-a001-00-000000013604308	15	00	612593	P	1	0	0	2	0
20260901	4291318	cmp-a001-02-000000010764328	grp-a001-02-000000069047580	사랑이	nad-a001-02-000000553654554	bsn-a001-00-000000013604308	15	06	529514	M	4	0	0	10	0
20260901	4291318	cmp-a001-02-000000010764328	grp-a001-02-000000069047580	단백질쉐이크	nad-a001-02-000000553654562	bsn-a001-00-000000013604308	15	06	529514	M	22	0	0	28	0
20260901	4291318	cmp-a001-02-000000010764328	grp-a001-02-000000069047580	단백질바	nad-a001-02-000000553654558	bsn-a001-00-000000013604308	15	04	8753	M	1	0	0	7	0
20260901	4291318	cmp-a001-02-000000010764328	grp-a001-02-000000069047580	견과세트	nad-a001-02-000000541753959	bsn-a001-00-000000013604308	15	02	684926	M	1	0	0	8	0
20260901	4291318	cmp-a001-02-000000010764328	grp-a001-02-000000069047580	보충제	nad-a001-02-000000553654562	bsn-a001-00-000000013604308	15	09	529514	M	4	0	0	4	0
20260901	4291318	cmp-a001-02-000000010764328	grp-a001-02-000000069047580	견과류100	nad-a001-02-000000541753999	bsn-a001-00-000000013604308	15	08	341893	M	1	0	0	3	0
20260901	4291318	cmp-a001-02-000000010764328	grp-a001-02-000000069047580	견과류간식	nad-a001-02-000000541753960	bsn-a001-00-000000013604308	15	18	684926	M	1	0	0	2	0
20260901	4291318	cmp-a001-02-000000010764328	grp-a001-02-000000069047580	에너지바	nad-a001-02-000000553654559	bsn-a001-00-000000013604308	15	11	87620	M	4	0	0	12	0
20260901	4291318	cmp-a001-02-000000010764328	grp-a001-02-000000069047580	견과류세트	nad-a001-02-000000541753959	bsn-a001-00-000000013604308	15	15	8753	M	1	0	0	5	0
20260901	4291318	cmp-a001-02-000000010764328	grp-a001-02-000000069047580	견과세트	nad-a001-02-000000541753960	bsn-a001-00-000000013604308	15	03	768323	M	1	0	0	4	0
20260901	4291318	cmp-a001-02-000000010764328	grp-a001-02-000000069047580	하루만	nad-a001-02-000000541753960	bsn-a001-00-000000013604308	15	99	529514	M	6	0	0	28	0
20260901	4291318	cmp-a001-02-000000010764328	grp-a001-02-000000069047580	황성주생식	nad-a001-02-000000541754005	bsn-a001-00-000000013604308	15	02	684925	P	1	0	0	1	0
20260901	4291318	cmp-a001-02-000000010764328	grp-a001-02-000000069047580	젤리	nad-a001-02-000000541753985	bsn-a001-00-000000013604308	15	02	8753	M	3	0	0	9	0
20260901	4291318	cmp-a001-02-000000010764328	grp-a001-02-000000069047580	에너지바	nad-a001-02-000000553654558	bsn-a001-00-000000013604308	15	09	8753	M	2	0	0	7	0
20260901	4291318	cmp-a001-02-000000010764328	grp-a001-02-000000069047580	영양	nad-a001-02-000000541753965	bsn-a001-00-000000013604308	15	09	98128	M	1	0	0	7	0
20260901	4291318	cmp-a001-02-000000010764328	grp-a001-02-000000069047580	프리미엄웰너츠	nad-a001-02-000000541753999	bsn-a001-00-000000013604308	15	11	341893	M	1	0	0	1	0
20260901	4291318	cmp-a001-02-000000010764328	grp-a001-02-000000069047580	견과류	nad-a001-02-000000541753960	bsn-a001-00-000000013604308	15	14	8753	M	1	0	0	4	0
20260901	4291318	cmp-a001-02-000000010764328	grp-a001-02-000000069047580	다이어트쉐이크	nad-a001-02-000000553654562	bsn-a001-00-000000013604308	15	99	768323	M	1	0	0	1	0
20260901	4291318	cmp-a001-02-000000010764328	grp-a001-02-000000069047580	프로틴바	nad-a001-02-000000553654559	bsn-a001-00-000000013604308	15	09	529514	M	2	0	0	6	0
20260901	4291318	cmp-a001-02-000000010764328	grp-a001-02-000000069047580	하루	nad-a001-02-000000541753960	bsn-a001-00-000000013604308	15	04	137281	M	3	0	0	3	0
20260901	4291318	cmp-a001-02-000000010764328	grp-a001-02-000000069047580	견과류먹으면변비생기나?	nad-a001-02-000000541753999	bsn-a001-00-000000013604308	15	99	8753	M	1	0	0	1	0
20260901	4291318	cmp-a001-02-000000010764328	grp-a001-02-000000069047580	프로틴바	nad-a001-02-000000553654554	bsn-a001-00-000000013604308	15	08	33421	M	1	0	0	2	0
20260901	4291318	cmp-a001-02-000000010764328	grp-a001-02-000000069047580	견과세트	nad-a001-02-000000541753959	bsn-a001-00-000000013604308	15	08	768323	M	1	0	0	1	0
20260901	4291318	cmp-a001-02-000000010764328	grp-a001-02-000000069047580	젤리	nad-a001-02-000000541753985	bsn-a001-00-000000013604308	15	04	768323	M	2	0	0	6	0
20260901	4291318	cmp-a001-02-000000010764328	grp-a001-02-000000069047580	견과류	nad-a001-02-000000541753960	bsn-a001-00-000000013604308	15	10	529514	M	8	0	0	32	0
20260901	4291318	cmp-a001-02-000000010764328	grp-a001-02-000000069047580	황성주생식	nad-a001-02-000000541753996	bsn-a001-00-000000013604308	15	02	684924	M	2	0	0	2	0
20260901	4291318	cmp-a001-02-000000010764328	grp-a001-02-000000069047580	하루견과	nad-a001-02-000000541753959	bsn-a001-00-000000013604308	15	04	633013	M	1	0	0	2	0
20260901	4291318	cmp-a001-02-000000010764328	grp-a001-02-000000069047580	다이어트프로틴	nad-a001-02-000000553654562	bsn-a001-00-000000013604308	15	01	8753	M	1	0	0	15	0
20260901	4291318	cmp-a001-02-000000010764328	grp-a001-02-000000069047580	젤리	nad-a001-02-000000541753985	bsn-a001-00-000000013604308	15	06	768323	M	4	0	0	16	0
20260901	4291318	cmp-a001-02-000000010764328	grp-a001-02-000000069047580	견과류세트	nad-a001-02-000000541753999	bsn-a001-00-000000013604308	15	02	27758	P	1	0	0	1	0
20260901	4291318	cmp-a001-02-000000010764328	grp-a001-02-000000069047580	프로틴	nad-a001-02-000000553654562	bsn-a001-00-000000013604308	15	06	529514	M	7	0	0	7	0
20260901	4291318	cmp-a001-02-000000010764328	grp-a001-02-000000069047580	견과류	nad-a001-02-000000541753959	bsn-a001-00-000000013604308	15	02	612593	P	1	0	0	1	0
20260901	4291318	cmp-a001-02-000000010764328	grp-a001-02-000000069047580	단백질보충제	nad-a001-02-000000553654562	bsn-a001-00-000000013604308	15	09	87620	M	3	0	0	3	0
20260901	4291318	cmp-a001-02-000000010764328	grp-a001-02-000000069047580	사랑님	nad-a001-02-000000553654558	bsn-a001-00-000000013604308	15	15	529514	M	2	0	0	8	0
20260901	4291318	cmp-a001-02-000000010764328	grp-a001-02-000000069047580	사랑님	nad-a001-02-000000553654558	bsn-a001-00-000000013604308	15	08	529514	M	6	0	0	24	0
20260901	4291318	cmp-a001-02-000000010764328	grp-a001-02-000000069047580	프로틴	nad-a001-02-000000553654562	bsn-a001-00-000000013604308	15	07	768323	M	2	0	0	2	0
20260901	4291318	cmp-a001-02-000000010764328	grp-a001-02-000000069047580	견과류	nad-a001-02-000000541753960	bsn-a001-00-000000013604308	15	99	529514	M	53	0	0	212	0
20260901	4291318	cmp-a001-02-000000010764328	grp-a001-02-000000069047580	단백질쉐이크	nad-a001-02-000000553654562	bsn-a001-00-000000013604308	15	04	98128	M	2	0	0	3	0
20260901	4291318	cmp-a001-02-000000010764328	grp-a001-02-000000069047580	견과류	nad-a001-02-000000541753960	bsn-a001-00-000000013604308	15	02	11068	P	3	0	0	11	0
20260901	4291318	cmp-a001-02-000000010764328	grp-a001-02-000000069047580	하루견과	nad-a001-02-000000541753999	bsn-a001-00-000000013604308	15	09	684926	M	3	0	0	6	0
20260901	4291318	cmp-a001-02-000000010764328	grp-a001-02-000000069047580	하루견과	nad-a001-02-000000541753959	bsn-a001-00-000000013604308	15	09	633013	M	6	0	0	12	0
20260901	4291318	cmp-a001-02-000000010764328	grp-a001-02-000000069047580	에너지바	nad-a001-02-000000553654558	bsn-a001-00-000000013604308	15	11	87620	M	4	0	0	8	0
20260901	4291318	cmp-a001-02-000000010764328	grp-a001-02-000000069047580	칼로리바	nad-a001-02-000000553654559	bsn-a001-00-000000013604308	15	13	27758	P	1	0	0	3	0
20260901	4291318	cmp-a001-02-000000010764328	grp-a001-02-000000069047580	닥터넛쳐근겨롸세트	nad-a001-02-000000541753959	bsn-a001-00-000000013604308	15	09	11068	P	1	0	0	2	0
20260901	4291318	cmp-a001-02-000000010764328	grp-a001-02-000000069047580	코스트코호박씨	nad-a001-02-000000541753960	bsn-a001-00-000000013604308	15	17	341893	M	1	0	0	1	0
20260901	4291318	cmp-a001-02-000000010764328	grp-a001-02-000000069047580	간식세트원주	nad-a001-02-000000541753999	bsn-a001-00-000000013604308	15	01	8753	M	1	0	0	3	0
20260901	4291318	cmp-a001-02-000000010764328	grp-a001-02-000000069047580	프리미엄메이플견과	nad-a001-02-000000541753959	bsn-a001-00-000000013604308	15	09	370822	P	1	0	0	1	0
20260901	4291318	cmp-a001-02-000000010764328	grp-a001-02-000000069047580	하루견과더오리지널1997	nad-a001-02-000000541753960	bsn-a001-00-000000013604308	15	01	341898	M	1	0	0	1	0
20260901	4291318	cmp-a001-02-000000010764328	grp-a001-02-000000069047580	다이어트쉐이크	nad-a001-02-000000553654562	bsn-a001-00-000000013604308	15	15	529514	M	2	0	0	2	0
20260901	4291318	cmp-a001-02-000000010764328	grp-a001-02-000000069047580	견과류	nad-a001-02-000000541753959	bsn-a001-00-000000013604308	15	14	529514	M	4	0	0	12	0
20260901	4291318	cmp-a001-02-000000010764328	grp-a001-02-000000069047580	하루견과	nad-a001-02-000000541753999	bsn-a001-00-000000013604308	15	16	27758	P	1	0	0	1	0
20260901	4291318	cmp-a001-02-000000010764328	grp-a001-02-000000069047580	균형영양식	nad-a001-02-000000541753965	bsn-a001-00-000000013604308	15	18	791889	P	1	0	0	5	0
20260901	4291318	cmp-a001-02-000000010764328	grp-a001-02-000000069047580	견과류	nad-a001-02-000000541753960	bsn-a001-00-000000013604308	15	15	8753	M	1	0	0	2	0
20260901	4291318	cmp-a001-02-000000010764328	grp-a001-02-000000069047580	견과류세트	nad-a001-02-000000541753959	bsn-a001-00-000000013604308	15	02	27758	P	1	0	0	2	0
20260901	4291318	cmp-a001-02-000000010764328	grp-a001-02-000000069047580	단백질쉐이크	nad-a001-02-000000553654562	bsn-a001-00-000000013604308	15	18	529514	M	1	0	0	1	0
20260901	4291318	cmp-a001-02-000000010764328	grp-a001-02-000000069047580	사랑	nad-a001-02-000000553654554	bsn-a001-00-000000013604308	15	09	98128	M	3	0	0	6	0
20260901	4291318	cmp-a001-02-000000010764328	grp-a001-02-000000069047580	HBAF	nad-a001-02-000000541753999	bsn-a001-00-000000013604308	15	13	341893	M	1	0	0	1	0
20260901	4291318	cmp-a001-02-000000010764328	grp-a001-02-000000069047580	견과세트	nad-a001-02-000000541753960	bsn-a001-00-000000013604308	15	02	768323	M	4	0	0	14	0
20260901	4291318	cmp-a001-02-000000010764328	grp-a001-02-000000069047580	견과류	nad-a001-02-000000541753959	bsn-a001-00-000000013604308	15	14	684924	M	1	0	0	1	0
20260901	4291318	cmp-a001-02-000000010764328	grp-a001-02-000000069047580	사랑하라	nad-a001-02-000000553654554	bsn-a001-00-000000013604308	15	02	98128	M	1	0	0	2	0
20260901	4291318	cmp-a001-02-000000010764328	grp-a001-02-000000069047580	칼로리	nad-a001-02-000000553654558	bsn-a001-00-000000013604308	15	13	612594	M	1	0	0	3	0
20260901	4291318	cmp-a001-02-000000010764328	grp-a001-02-000000069047580	견과류	nad-a001-02-000000541753960	bsn-a001-00-000000013604308	15	09	8753	M	3	0	0	12	0
20260901	4291318	cmp-a001-02-000000010764328	grp-a001-02-000000069047580	견과류	nad-a001-02-000000541753959	bsn-a001-00-000000013604308	15	09	529514	M	53	0	0	159	0
20260901	4291318	cmp-a001-02-000000010764328	grp-a001-02-000000069047580	사랑님	nad-a001-02-000000553654558	bsn-a001-00-000000013604308	15	09	529514	M	10	0	0	40	0
20260901	4291318	cmp-a001-02-000000010764328	grp-a001-02-000000069047580	젤리	nad-a001-02-000000541753985	bsn-a001-00-000000013604308	15	15	33421	M	1	0	0	1	0
20260901	4291318	cmp-a001-02-000000010764328	grp-a001-02-000000069047580	젤리	nad-a001-02-000000541753985	bsn-a001-00-000000013604308	15	06	684924	M	1	0	0	1	0
20260901	4291318	cmp-a001-02-000000010764328	grp-a001-02-000000069047580	견과세트	nad-a001-02-000000541753999	bsn-a001-00-000000013604308	15	02	684926	M	1	0	0	1	0
20260901	4291318	cmp-a001-02-000000010764328	grp-a001-02-000000069047580	견과류세트	nad-a001-02-000000541753960	bsn-a001-00-000000013604308	15	08	684925	P	1	0	0	1	0
20260901	4291318	cmp-a001-02-000000010764328	grp-a001-02-000000069047580	단백질쉐이크	nad-a001-02-000000553654562	bsn-a001-00-000000013604308	15	11	529514	M	9	0	0	13	0
20260901	4291318	cmp-a001-02-000000010764328	grp-a001-02-000000069047580	견과류	nad-a001-02-000000541753960	bsn-a001-00-000000013604308	15	11	529514	M	7	0	0	28	0
20260901	4291318	cmp-a001-02-000000010764328	grp-a001-02-000000069047580	프로틴	nad-a001-02-000000553654562	bsn-a001-00-000000013604308	15	09	8753	M	1	0	0	10	0
20260901	4291318	cmp-a001-02-000000010764328	grp-a001-02-000000069047580	단백질쉐이크	nad-a001-02-000000553654562	bsn-a001-00-000000013604308	15	03	529514	M	3	0	0	3	0
20260901	4291318	cmp-a001-02-000000010764328	grp-a001-02-000000069047580	견과류	nad-a001-02-000000541753959	bsn-a001-00-000000013604308	15	11	684927	P	1	0	0	4	0
20260901	4291318	cmp-a001-02-000000010764328	grp-a001-02-000000069047580	단백질간식추천	nad-a001-02-000000553654558	bsn-a001-00-000000013604308	15	15	27758	P	1	0	0	2	0
20260901	4291318	cmp-a001-02-000000010764328	grp-a001-02-000000069047580	에너지바	nad-a001-02-000000553654554	bsn-a001-00-000000013604308	15	06	87620	M	1	0	0	1	0
20260901	4291318	cmp-a001-02-000000010764328	grp-a001-02-000000069047580	나인플레이트견과	nad-a001-02-000000541753960	bsn-a001-00-000000013604308	15	02	341898	M	2	0	0	2	0
20260901	4291318	cmp-a001-02-000000010764328	grp-a001-02-000000069047580	하루견과	nad-a001-02-000000541753959	bsn-a001-00-000000013604308	15	06	633013	M	1	0	0	2	0
20260901	4291318	cmp-a001-02-000000010764328	grp-a001-02-000000069047580	하루견과	nad-a001-02-000000541753960	bsn-a001-00-000000013604308	15	99	633013	M	2	0	0	6	0
20260901	4291318	cmp-a001-02-000000010764328	grp-a001-02-000000069047580	하루견과	nad-a001-02-000000541753960	bsn-a001-00-000000013604308	15	04	633013	M	1	0	0	3	0
20260901	4291318	cmp-a001-02-000000010764328	grp-a001-02-000000069047580	견과류	nad-a001-02-000000541753999	bsn-a001-00-000000013604308	15	09	8753	M	3	1	2575	6	0
20260901	4291318	cmp-a001-02-000000010764328	grp-a001-02-000000069047580	견과류	nad-a001-02-000000541753959	bsn-a001-00-000000013604308	15	14	8753	M	1	0	0	2	0
20260901	4291318	cmp-a001-02-000000010764328	grp-a001-02-000000069047580	단백질파우더	nad-a001-02-000000553654562	bsn-a001-00-000000013604308	15	01	529514	M	2	0	0	2	0
20260901	4291318	cmp-a001-02-000000010764328	grp-a001-02-000000069047580	단백질쉐이크	nad-a001-02-000000553654562	bsn-a001-00-000000013604308	15	06	8753	M	1	0	0	3	0
20260901	4291318	cmp-a001-02-000000010764328	grp-a001-02-000000069047580	프로틴쉐이크	nad-a001-02-000000553654562	bsn-a001-00-000000013604308	15	03	529514	M	2	0	0	2	0
20260901	4291318	cmp-a001-02-000000010764328	grp-a001-02-000000069047580	에너지바	nad-a001-02-000000553654558	bsn-a001-00-000000013604308	15	02	27758	P	1	0	0	4	0
20260901	4291318	cmp-a001-02-000000010764328	grp-a001-02-000000069047580	하루견과	nad-a001-02-000000541753960	bsn-a001-00-000000013604308	15	02	8753	M	2	0	0	8	0
20260901	4291318	cmp-a001-02-000000010764328	grp-a001-02-000000069047580	견과류	nad-a001-02-000000541753959	bsn-a001-00-000000013604308	15	09	684926	M	3	0	0	11	0
20260901	4291318	cmp-a001-02-000000010764328	grp-a001-02-000000069047580	견과류세트	nad-a001-02-000000541753959	bsn-a001-00-000000013604308	15	08	27758	P	1	0	0	2	0
20260901	4291318	cmp-a001-02-000000010764328	grp-a001-02-000000069047580	견과류	nad-a001-02-000000541753960	bsn-a001-00-000000013604308	15	06	529514	M	11	0	0	36	0
20260901	4291318	cmp-a001-02-000000010764328	grp-a001-02-000000069047580	견과류	nad-a001-02-000000541753959	bsn-a001-00-000000013604308	15	04	684926	M	1	0	0	3	0
20260901	4291318	cmp-a001-02-000000010764328	grp-a001-02-000000069047580	분말	nad-a001-02-000000541753997	bsn-a001-00-000000013604308	15	09	27758	P	1	0	0	2	0
20260901	4291318	cmp-a001-02-000000010764328	grp-a001-02-000000069047580	콩단백질보충제	nad-a001-02-000000553654562	bsn-a001-00-000000013604308	15	02	341893	M	1	0	0	1	0
20260901	4291318	cmp-a001-02-000000010764328	grp-a001-02-000000069047580	단백질쉐이크	nad-a001-02-000000553654562	bsn-a001-00-000000013604308	15	01	529514	M	1	0	0	1	0
20260901	4291318	cmp-a001-02-000000010764328	grp-a001-02-000000069047580	황성주생식	nad-a001-02-000000541754005	bsn-a001-00-000000013604308	15	02	8753	M	2	0	0	8	0
20260901	4291318	cmp-a001-02-000000010764328	grp-a001-02-000000069047580	하루견과	nad-a001-02-000000541753999	bsn-a001-00-000000013604308	15	13	633013	M	1	0	0	1	0
20260901	4291318	cmp-a001-02-000000010764328	grp-a001-02-000000069047580	하루	nad-a001-02-000000541753960	bsn-a001-00-000000013604308	15	02	98128	M	3	0	0	15	0
20260901	4291318	cmp-a001-02-000000010764328	grp-a001-02-000000069047580	칼로리바	nad-a001-02-000000553654554	bsn-a001-00-000000013604308	15	02	684924	M	1	0	0	1	0
20260901	4291318	cmp-a001-02-000000010764328	grp-a001-02-000000069047580	견과류	nad-a001-02-000000541753960	bsn-a001-00-000000013604308	15	08	529514	M	10	0	0	40	0
20260901	4291318	cmp-a001-02-000000010764328	grp-a001-02-000000069047580	견과류	nad-a001-02-000000541753959	bsn-a001-00-000000013604308	15	07	529514	M	3	0	0	9	0
20260901	4291318	cmp-a001-02-000000010764328	grp-a001-02-000000069047580	황성주생식	nad-a001-02-000000541753996	bsn-a001-00-000000013604308	15	11	8753	M	1	0	0	3	0
20260901	4291318	cmp-a001-02-000000010764328	grp-a001-02-000000069047580	견과류	nad-a001-02-000000541753959	bsn-a001-00-000000013604308	15	10	529514	M	8	0	0	24	0
20260901	4291318	cmp-a001-02-000000010764328	grp-a001-02-000000069047580	가루	nad-a001-02-000000541754004	bsn-a001-00-000000013604308	15	09	8753	M	1	0	0	2	0
20260901	4291318	cmp-a001-02-000000010764328	grp-a001-02-000000069047580	젤리브랜드	nad-a001-02-000000541753985	bsn-a001-00-000000013604308	15	07	8753	M	1	0	0	1	0
20260901	4291318	cmp-a001-02-000000010764328	grp-a001-02-000000069047580	한가인견과류	nad-a001-02-000000541753960	bsn-a001-00-000000013604308	15	02	341893	M	1	0	0	2	0
20260901	4291318	cmp-a001-02-000000010764328	grp-a001-02-000000069047580	견과류	nad-a001-02-000000541753999	bsn-a001-00-000000013604308	15	99	11068	P	1	0	0	1	0
20260901	4291318	cmp-a001-02-000000010764328	grp-a001-02-000000069047580	하루견과	nad-a001-02-000000541753999	bsn-a001-00-000000013604308	15	03	8753	M	1	0	0	1	0
20260901	4291318	cmp-a001-02-000000010764328	grp-a001-02-000000069047580	하루견과류	nad-a001-02-000000541753960	bsn-a001-00-000000013604308	15	11	341893	M	1	0	0	2	0
20260901	4291318	cmp-a001-02-000000010764328	grp-a001-02-000000069047580	견과류	nad-a001-02-000000541753959	bsn-a001-00-000000013604308	15	17	529514	M	4	0	0	12	0
20260901	4291318	cmp-a001-02-000000010764328	grp-a001-02-000000069047580	견과류	nad-a001-02-000000541753999	bsn-a001-00-000000013604308	15	04	684926	M	1	0	0	2	0
20260901	4291318	cmp-a001-02-000000010764328	grp-a001-02-000000069047580	젤리	nad-a001-02-000000541753985	bsn-a001-00-000000013604308	15	08	768323	M	1	0	0	1	0
20260901	4291318	cmp-a001-02-000000010764328	grp-a001-02-000000069047580	견과류세트	nad-a001-02-000000541753960	bsn-a001-00-000000013604308	15	01	684924	M	1	0	0	1	0
20260901	4291318	cmp-a001-02-000000010764328	grp-a001-02-000000069047580	하루견과	nad-a001-02-000000541753959	bsn-a001-00-000000013604308	15	13	633013	M	1	0	0	2	0
20260901	4291318	cmp-a001-02-000000010764328	grp-a001-02-000000069047580	칼로리바	nad-a001-02-000000553654559	bsn-a001-00-000000013604308	15	08	8753	M	1	0	0	3	0
20260901	4291318	cmp-a001-02-000000010764328	grp-a001-02-000000069047580	칼로리바	nad-a001-02-000000553654554	bsn-a001-00-000000013604308	15	09	8753	M	1	0	0	1	0
20260901	4291318	cmp-a001-02-000000010764328	grp-a001-02-000000069047580	에너지바	nad-a001-02-000000553654559	bsn-a001-00-000000013604308	15	09	684926	M	2	0	0	10	0
20260901	4291318	cmp-a001-02-000000010764328	grp-a001-02-000000069047580	하루만	nad-a001-02-000000541753959	bsn-a001-00-000000013604308	15	18	529514	M	2	0	0	9	0
20260901	4291318	cmp-a001-02-000000010764328	grp-a001-02-000000069047580	견과류	nad-a001-02-000000541753959	bsn-a001-00-000000013604308	15	01	529514	M	7	0	0	21	0
20260901	4291318	cmp-a001-02-000000010764328	grp-a001-02-000000069047580	견과류	nad-a001-02-000000541753999	bsn-a001-00-000000013604308	15	16	529514	M	3	0	0	6	0
20260901	4291318	cmp-a001-02-000000010764328	grp-a001-02-000000069047580	갓	nad-a001-02-000000541753959	bsn-a001-00-000000013604308	15	09	27758	P	1	0	0	1	0
20260901	4291318	cmp-a001-02-000000010764328	grp-a001-02-000000069047580	오하루견과류	nad-a001-02-000000541753960	bsn-a001-00-000000013604308	15	09	341893	M	1	0	0	1	0
20260901	4291318	cmp-a001-02-000000010764328	grp-a001-02-000000069047580	하루견과	nad-a001-02-000000541753959	bsn-a001-00-000000013604308	15	99	684926	M	2	0	0	6	0
20260901	4291318	cmp-a001-02-000000010764328	grp-a001-02-000000069047580	견과세트	nad-a001-02-000000541753999	bsn-a001-00-000000013604308	15	08	768323	M	1	0	0	2	0
20260901	4291318	cmp-a001-02-000000010764328	grp-a001-02-000000069047580	견과류	nad-a001-02-000000541753999	bsn-a001-00-000000013604308	15	09	11068	P	1	0	0	2	0
20260901	4291318	cmp-a001-02-000000010764328	grp-a001-02-000000069047580	단백질바	nad-a001-02-000000553654559	bsn-a001-00-000000013604308	15	02	529514	M	2	0	0	6	0
20260901	4291318	cmp-a001-02-000000010764328	grp-a001-02-000000069047580	하루견과	nad-a001-02-000000541753960	bsn-a001-00-000000013604308	15	09	11068	P	1	0	0	5	0
20260901	4291318	cmp-a001-02-000000010764328	grp-a001-02-000000069047580	하루견과	nad-a001-02-000000541753999	bsn-a001-00-000000013604308	15	09	27758	P	3	0	0	4	0
20260901	4291318	cmp-a001-02-000000010764328	grp-a001-02-000000069047580	견과류하루섭취량	nad-a001-02-000000541753960	bsn-a001-00-000000013604308	15	07	8753	M	1	0	0	3	0
20260901	4291318	cmp-a001-02-000000010764328	grp-a001-02-000000069047580	프로티원대용량단백질쉐이크	nad-a001-02-000000553654562	bsn-a001-00-000000013604308	15	09	23123	P	1	0	0	3	0
20260901	4291318	cmp-a001-02-000000010764328	grp-a001-02-000000069047580	하루	nad-a001-02-000000541753960	bsn-a001-00-000000013604308	15	02	137281	M	1	0	0	1	0
20260901	4291318	cmp-a001-02-000000010764328	grp-a001-02-000000069047580	견과류세트	nad-a001-02-000000541753999	bsn-a001-00-000000013604308	15	01	8753	M	1	0	0	1	0
20260901	4291318	cmp-a001-02-000000010764328	grp-a001-02-000000069047580	견과류	nad-a001-02-000000541753959	bsn-a001-00-000000013604308	15	02	33421	M	1	0	0	4	0
20260901	4291318	cmp-a001-02-000000010764328	grp-a001-02-000000069047580	견과류	nad-a001-02-000000541753959	bsn-a001-00-000000013604308	15	11	27758	P	1	0	0	3	0
20260901	4291318	cmp-a001-02-000000010764328	grp-a001-02-000000069047580	단백질바	nad-a001-02-000000553654559	bsn-a001-00-000000013604308	15	16	529514	M	2	0	0	6	0
20260901	4291318	cmp-a001-02-000000010764328	grp-a001-02-000000069047580	하루견과	nad-a001-02-000000541753960	bsn-a001-00-000000013604308	15	13	633013	M	1	0	0	3	0
20260901	4291318	cmp-a001-02-000000010764328	grp-a001-02-000000069047580	견과류먹으면변비생기나?	nad-a001-02-000000541753960	bsn-a001-00-000000013604308	15	99	8753	M	1	0	0	2	0
20260901	4291318	cmp-a001-02-000000010764328	grp-a001-02-000000069047580	오하루프리미엄메이플견과	nad-a001-02-000000541753960	bsn-a001-00-000000013604308	15	09	370822	P	1	0	0	1	0
20260901	4291318	cmp-a001-02-000000010764328	grp-a001-02-000000069047580	가루	nad-a001-02-000000541753997	bsn-a001-00-000000013604308	15	09	8753	M	1	0	0	1	0
20260901	4291318	cmp-a001-02-000000010764328	grp-a001-02-000000069047580	하루	nad-a001-02-000000541753960	bsn-a001-00-000000013604308	15	06	137281	M	3	0	0	3	0
20260901	4291318	cmp-a001-02-000000010764328	grp-a001-02-000000069047580	프로틴바	nad-a001-02-000000553654558	bsn-a001-00-000000013604308	15	99	768323	M	2	0	0	4	0
20260901	4291318	cmp-a001-02-000000010764328	grp-a001-02-000000069047580	젤리	nad-a001-02-000000541753985	bsn-a001-00-000000013604308	15	02	33421	M	3	0	0	6	0
20260901	4291318	cmp-a001-02-000000010764328	grp-a001-02-000000069047580	일주일견과	nad-a001-02-000000541753999	bsn-a001-00-000000013604308	15	16	27758	P	1	0	0	2	0
20260901	4291318	cmp-a001-02-000000010764328	grp-a001-02-000000069047580	프로틴바	nad-a001-02-000000553654558	bsn-a001-00-000000013604308	15	09	529514	M	2	0	0	4	0
20260901	4291318	cmp-a001-02-000000010764328	grp-a001-02-000000069047580	견과류	nad-a001-02-000000541753959	bsn-a001-00-000000013604308	15	09	27758	P	2	0	0	6	0
20260901	4291318	cmp-a001-02-000000010764328	grp-a001-02-000000069047580	견과류	nad-a001-02-000000541753960	bsn-a001-00-000000013604308	15	01	8753	M	2	0	0	9	0
20260901	4291318	cmp-a001-02-000000010764328	grp-a001-02-000000069047580	단백질바	nad-a001-02-000000553654559	bsn-a001-00-000000013604308	15	99	529514	M	2	0	0	6	0
20260901	4291318	cmp-a001-02-000000010764328	grp-a001-02-000000069047580	하루	nad-a001-02-000000541753999	bsn-a001-00-000000013604308	15	04	137281	M	3	0	0	6	0
20260901	4291318	cmp-a001-02-000000010764328	grp-a001-02-000000069047580	견과류	nad-a001-02-000000541753959	bsn-a001-00-000000013604308	15	08	684926	M	1	0	0	4	0
20260901	4291318	cmp-a001-02-000000010764328	grp-a001-02-000000069047580	젤리	nad-a001-02-000000541753985	bsn-a001-00-000000013604308	15	15	8753	M	1	0	0	1	0
20260901	4291318	cmp-a001-02-000000010764328	grp-a001-02-000000069047580	프로틴	nad-a001-02-000000553654562	bsn-a001-00-000000013604308	15	10	768323	M	1	0	0	1	0
20260901	4291318	cmp-a001-02-000000010764328	grp-a001-02-000000069047580	에너지바	nad-a001-02-000000553654554	bsn-a001-00-000000013604308	15	11	87620	M	4	0	0	4	0
20260901	4291318	cmp-a001-02-000000010764328	grp-a001-02-000000069047580	쉐이크	nad-a001-02-000000553654562	bsn-a001-00-000000013604308	15	06	98128	M	1	0	0	1	0
20260901	4291318	cmp-a001-02-000000010764328	grp-a001-02-000000069047580	견과류	nad-a001-02-000000541753999	bsn-a001-00-000000013604308	15	01	8753	M	2	0	0	4	0
20260901	4291318	cmp-a001-02-000000010764328	grp-a001-02-000000069047580	코스트코견과류	nad-a001-02-000000541753960	bsn-a001-00-000000013604308	15	07	341893	M	1	0	0	2	0
20260901	4291318	cmp-a001-02-000000010764328	grp-a001-02-000000069047580	견과세트	nad-a001-02-000000541753959	bsn-a001-00-000000013604308	15	03	768323	M	1	0	0	1	0
20260901	4291318	cmp-a001-02-000000010764328	grp-a001-02-000000069047580	견과세트	nad-a001-02-000000541753959	bsn-a001-00-000000013604308	15	09	768323	M	2	0	0	2	0
20260901	4291318	cmp-a001-02-000000010764328	grp-a001-02-000000069047580	칼로리바	nad-a001-02-000000553654558	bsn-a001-00-000000013604308	15	13	27758	P	1	0	0	2	0
20260901	4291318	cmp-a001-02-000000010764328	grp-a001-02-000000069047580	견과류	nad-a001-02-000000541753999	bsn-a001-00-000000013604308	15	06	529514	M	7	0	0	14	0
20260901	4291318	cmp-a001-02-000000010764328	grp-a001-02-000000069047580	젤리	nad-a001-02-000000541753985	bsn-a001-00-000000013604308	15	02	768323	M	1	0	0	1	0
20260901	4291318	cmp-a001-02-000000010764328	grp-a001-02-000000069047580	프리미엄웰너츠	nad-a001-02-000000541753960	bsn-a001-00-000000013604308	15	10	341893	M	1	0	0	3	0
20260901	4291318	cmp-a001-02-000000010764328	grp-a001-02-000000069047580	코스트코견과류믹스	nad-a001-02-000000541753960	bsn-a001-00-000000013604308	15	09	341893	M	1	0	0	3	0
20260901	4291318	cmp-a001-02-000000010764328	grp-a001-02-000000069047580	하루견과	nad-a001-02-000000541753960	bsn-a001-00-000000013604308	15	02	11068	P	1	0	0	4	0
20260901	4291318	cmp-a001-02-000000010764328	grp-a001-02-000000069047580	젤리	nad-a001-02-000000541753985	bsn-a001-00-000000013604308	15	18	768323	M	1	0	0	1	0
20260901	4291318	cmp-a001-02-000000010764328	grp-a001-02-000000069047580	젤리	nad-a001-02-000000541753985	bsn-a001-00-000000013604308	15	99	33421	M	2	0	0	2	0
20260901	4291318	cmp-a001-02-000000010764328	grp-a001-02-000000069047580	에너지바	nad-a001-02-000000553654559	bsn-a001-00-000000013604308	15	06	87620	M	1	0	0	3	0
20260901	4291318	cmp-a001-02-000000010764328	grp-a001-02-000000069047580	견과류세트	nad-a001-02-000000541753959	bsn-a001-00-000000013604308	15	01	8753	M	1	0	0	2	0
20260901	4291318	cmp-a001-02-000000010764328	grp-a001-02-000000069047580	프로틴바	nad-a001-02-000000553654554	bsn-a001-00-000000013604308	15	09	8753	M	1	0	0	4	0
20260901	4291318	cmp-a001-02-000000010764328	grp-a001-02-000000069047580	하루견과	nad-a001-02-000000541753999	bsn-a001-00-000000013604308	15	09	11068	P	1	0	0	2	0
20260901	4291318	cmp-a001-02-000000010764328	grp-a001-02-000000069047580	단백질간식	nad-a001-02-000000553654558	bsn-a001-00-000000013604308	15	15	684927	P	1	0	0	1	0
20260901	4291318	cmp-a001-02-000000010764328	grp-a001-02-000000069047580	프로틴바	nad-a001-02-000000553654554	bsn-a001-00-000000013604308	15	99	529514	M	2	0	0	2	0
20260901	4291318	cmp-a001-02-000000010764328	grp-a001-02-000000069047580	견과	nad-a001-02-000000541753959	bsn-a001-00-000000013604308	15	14	684924	M	1	0	0	1	0
20260901	4291318	cmp-a001-02-000000010764328	grp-a001-02-000000069047580	견과류	nad-a001-02-000000541753960	bsn-a001-00-000000013604308	15	16	529514	M	3	0	0	12	0
20260901	4291318	cmp-a001-02-000000010764328	grp-a001-02-000000069047580	견과세트	nad-a001-02-000000541753999	bsn-a001-00-000000013604308	15	03	768323	M	1	0	0	2	0
20260901	4291318	cmp-a001-02-000000010764328	grp-a001-02-000000069047580	사랑	nad-a001-02-000000553654554	bsn-a001-00-000000013604308	15	99	98128	M	1	0	0	2	0
20260901	4291318	cmp-a001-02-000000010764328	grp-a001-02-000000069047580	균형영양식	nad-a001-02-000000541753965	bsn-a001-00-000000013604308	15	18	87620	M	1	0	0	6	0
20260901	4291318	cmp-a001-02-000000010764328	grp-a001-02-000000069047580	단백질쉐이크	nad-a001-02-000000553654562	bsn-a001-00-000000013604308	15	02	529514	M	14	0	0	16	0
20260901	4291318	cmp-a001-02-000000010764328	grp-a001-02-000000069047580	견과류	nad-a001-02-000000541753999	bsn-a001-00-000000013604308	15	11	529514	M	7	0	0	14	0
20260901	4291318	cmp-a001-02-000000010764328	grp-a001-02-000000069047580	단백질	nad-a001-02-000000553654562	bsn-a001-00-000000013604308	15	99	684926	M	2	0	0	18	0
20260901	4291318	cmp-a001-02-000000010764328	grp-a001-02-000000069047580	견과류	nad-a001-02-000000541753959	bsn-a001-00-000000013604308	15	06	529514	M	7	0	0	21	0
20260901	4291318	cmp-a001-02-000000010764328	grp-a001-02-000000069047580	견과류	nad-a001-02-000000541753960	bsn-a001-00-000000013604308	15	13	529514	M	9	0	0	36	0
20260901	4291318	cmp-a001-02-000000010764328	grp-a001-02-000000069047580	견과류	nad-a001-02-000000541753999	bsn-a001-00-000000013604308	15	06	8753	M	2	0	0	4	0
20260901	4291318	cmp-a001-02-000000010764328	grp-a001-02-000000069047580	견과류	nad-a001-02-000000541753960	bsn-a001-00-000000013604308	15	03	529514	M	11	0	0	44	0
20260901	4291318	cmp-a001-02-000000010764328	grp-a001-02-000000069047580	하루견과	nad-a001-02-000000541753959	bsn-a001-00-000000013604308	15	99	33421	M	1	0	0	2	0
20260901	4291318	cmp-a001-02-000000010764328	grp-a001-02-000000069047580	견과류	nad-a001-02-000000541753999	bsn-a001-00-000000013604308	15	03	529514	M	11	0	0	22	0
20260901	4291318	cmp-a001-02-000000010764328	grp-a001-02-000000069047580	프로틴보충제	nad-a001-02-000000553654562	bsn-a001-00-000000013604308	15	02	529514	M	2	0	0	4	0
20260901	4291318	cmp-a001-02-000000010764328	grp-a001-02-000000069047580	단백질쉐이크	nad-a001-02-000000553654562	bsn-a001-00-000000013604308	15	99	529514	M	24	0	0	30	0
20260901	4291318	cmp-a001-02-000000010764328	grp-a001-02-000000069047580	견과류	nad-a001-02-000000541753959	bsn-a001-00-000000013604308	15	16	27758	P	2	0	0	6	0
20260901	4291318	cmp-a001-02-000000010764328	grp-a001-02-000000069047580	갓	nad-a001-02-000000541753959	bsn-a001-00-000000013604308	15	15	8753	M	1	0	0	1	0
20260901	4291318	cmp-a001-02-000000010764328	grp-a001-02-000000069047580	투데이넛너트한줌클래식	nad-a001-02-000000541753960	bsn-a001-00-000000013604308	15	09	370822	P	1	0	0	1	0
20260901	4291318	cmp-a001-02-000000010764328	grp-a001-02-000000069047580	하루견과	nad-a001-02-000000541753999	bsn-a001-00-000000013604308	15	08	33421	M	1	1	2146	1	0
20260901	4291318	cmp-a001-02-000000010764328	grp-a001-02-000000069047580	젤리	nad-a001-02-000000541753985	bsn-a001-00-000000013604308	15	99	137281	M	1	0	0	1	0
20260901	4291318	cmp-a001-02-000000010764328	grp-a001-02-000000069047580	견과류세트	nad-a001-02-000000541753999	bsn-a001-00-000000013604308	15	08	27758	P	1	0	0	1	0
20260901	4291318	cmp-a001-02-000000010764328	grp-a001-02-000000069047580	제리	nad-a001-02-000000541753985	bsn-a001-00-000000013604308	15	16	137281	M	3	0	0	6	0
20260901	4291318	cmp-a001-02-000000010764328	grp-a001-02-000000069047580	생식가루	nad-a001-02-000000541754005	bsn-a001-00-000000013604308	15	06	8753	M	1	0	0	5	0
20260901	4291318	cmp-a001-02-000000010764328	grp-a001-02-000000069047580	사랑님	nad-a001-02-000000553654554	bsn-a001-00-000000013604308	15	15	529514	M	2	0	0	3	0
20260901	4291318	cmp-a001-02-000000010764328	grp-a001-02-000000069047580	단백질	nad-a001-02-000000553654562	bsn-a001-00-000000013604308	15	02	798055	P	1	0	0	2	0
20260901	4291318	cmp-a001-02-000000010764328	grp-a001-02-000000069047580	단백질쉐이크	nad-a001-02-000000553654562	bsn-a001-00-000000013604308	15	10	529514	M	4	0	0	4	0
20260901	4291318	cmp-a001-02-000000010764328	grp-a001-02-000000069047580	황성주생식	nad-a001-02-000000541754004	bsn-a001-00-000000013604308	15	11	8753	M	1	1	4684	2	0
20260901	4291318	cmp-a001-02-000000010764328	grp-a001-02-000000069047580	동결건조생식분말	nad-a001-02-000000541753996	bsn-a001-00-000000013604308	15	02	8753	M	1	0	0	4	0
20260901	4291318	cmp-a001-02-000000010764328	grp-a001-02-000000069047580	견과류	nad-a001-02-000000541753999	bsn-a001-00-000000013604308	15	11	27758	P	1	0	0	2	0
20260901	4291318	cmp-a001-02-000000010764328	grp-a001-02-000000069047580	사랑하라	nad-a001-02-000000553654559	bsn-a001-00-000000013604308	15	02	98128	M	1	0	0	6	0
20260901	4291318	cmp-a001-02-000000010764328	grp-a001-02-000000069047580	쉐이크	nad-a001-02-000000553654562	bsn-a001-00-000000013604308	15	99	612594	M	1	0	0	3	0
20260901	4291318	cmp-a001-02-000000010764328	grp-a001-02-000000069047580	견과류	nad-a001-02-000000541753960	bsn-a001-00-000000013604308	15	01	529514	M	10	0	0	34	0
20260901	4291318	cmp-a001-02-000000010764328	grp-a001-02-000000069047580	하루견과	nad-a001-02-000000541753999	bsn-a001-00-000000013604308	15	08	684926	M	3	0	0	5	0
20260901	4291318	cmp-a001-02-000000010764328	grp-a001-02-000000069047580	단백질바	nad-a001-02-000000553654558	bsn-a001-00-000000013604308	15	09	8753	M	1	0	0	8	0
20260901	4291318	cmp-a001-02-000000010764328	grp-a001-02-000000069047580	사랑	nad-a001-02-000000553654558	bsn-a001-00-000000013604308	15	09	612594	M	2	0	0	8	0
20260901	4291318	cmp-a001-02-000000010764328	grp-a001-02-000000069047580	단백질보충제	nad-a001-02-000000553654562	bsn-a001-00-000000013604308	15	03	98128	M	2	0	0	3	0
20260901	4291318	cmp-a001-02-000000010764328	grp-a001-02-000000069047580	쉐이크	nad-a001-02-000000553654562	bsn-a001-00-000000013604308	15	00	98128	M	1	0	0	1	0
20260901	4291318	cmp-a001-02-000000010764328	grp-a001-02-000000072573876	라이프밀프리미엄	nad-a001-02-000000573683835	bsn-a001-00-000000013604308	15	02	8753	M	1	0	0	1	0
20260901	4291318	cmp-a001-02-000000010764328	grp-a001-02-000000069047580	분말	nad-a001-02-000000541753996	bsn-a001-00-000000013604308	15	09	27758	P	1	0	0	3	0
20260901	4291318	cmp-a001-02-000000010764328	grp-a001-02-000000069047580	단백질바	nad-a001-02-000000553654554	bsn-a001-00-000000013604308	15	16	529514	M	2	0	0	2	0
20260901	4291318	cmp-a001-02-000000010764328	grp-a001-02-000000069047580	견과세트	nad-a001-02-000000541753999	bsn-a001-00-000000013604308	15	09	768323	M	2	0	0	4	0
20260901	4291318	cmp-a001-02-000000010764328	grp-a001-02-000000069047580	칼로리바	nad-a001-02-000000553654554	bsn-a001-00-000000013604308	15	13	27758	P	1	0	0	1	0
20260901	4291318	cmp-a001-02-000000010764328	grp-a001-02-000000069047580	단백질간식	nad-a001-02-000000553654558	bsn-a001-00-000000013604308	15	09	684925	P	1	0	0	1	0
20260901	4291318	cmp-a001-02-000000010764328	grp-a001-02-000000069047580	초코단백질바	nad-a001-02-000000553654554	bsn-a001-00-000000013604308	15	11	684924	M	1	0	0	1	0
20260901	4291318	cmp-a001-02-000000010764328	grp-a001-02-000000069047580	분말	nad-a001-02-000000541754004	bsn-a001-00-000000013604308	15	07	8753	M	1	0	0	2	0
20260901	4291318	cmp-a001-02-000000010764328	grp-a001-02-000000069047580	단백질보충제	nad-a001-02-000000553654562	bsn-a001-00-000000013604308	15	06	791889	P	1	0	0	1	0
20260901	4291318	cmp-a001-02-000000010764328	grp-a001-02-000000069047580	견과류	nad-a001-02-000000541753999	bsn-a001-00-000000013604308	15	02	529514	M	43	0	0	86	0
20260901	4291318	cmp-a001-02-000000010764328	grp-a001-02-000000069047580	젤리	nad-a001-02-000000541753985	bsn-a001-00-000000013604308	15	09	8753	M	1	0	0	4	0
20260901	4291318	cmp-a001-02-000000010764328	grp-a001-02-000000069047580	견과류	nad-a001-02-000000541753999	bsn-a001-00-000000013604308	15	08	684926	M	1	0	0	3	0
20260901	4291318	cmp-a001-02-000000010764328	grp-a001-02-000000069047580	사랑	nad-a001-02-000000553654554	bsn-a001-00-000000013604308	15	09	612594	M	2	0	0	4	0
20260901	4291318	cmp-a001-02-000000010764328	grp-a001-02-000000069047580	황성주생식	nad-a001-02-000000541753996	bsn-a001-00-000000013604308	15	02	8753	M	2	0	0	6	0
20260901	4291318	cmp-a001-02-000000010764328	grp-a001-02-000000069047580	생식	nad-a001-02-000000541753997	bsn-a001-00-000000013604308	15	04	424040	M	1	0	0	1	0
20260901	4291318	cmp-a001-02-000000010764328	grp-a001-02-000000069047580	견과류	nad-a001-02-000000541753960	bsn-a001-00-000000013604308	15	17	529514	M	4	0	0	16	0
20260901	4291318	cmp-a001-02-000000010764328	grp-a001-02-000000069047580	하루견과	nad-a001-02-000000541753959	bsn-a001-00-000000013604308	15	15	8753	M	1	0	0	3	0
20260901	4291318	cmp-a001-02-000000010764328	grp-a001-02-000000069047580	단백질파우더	nad-a001-02-000000553654562	bsn-a001-00-000000013604308	15	11	529514	M	2	0	0	2	0
20260901	4291318	cmp-a001-02-000000010764328	grp-a001-02-000000069047580	프로틴파우더	nad-a001-02-000000553654562	bsn-a001-00-000000013604308	15	09	341893	M	1	0	0	2	0
20260901	4291318	cmp-a001-02-000000010764328	grp-a001-02-000000069047580	하루견과	nad-a001-02-000000541753999	bsn-a001-00-000000013604308	15	04	633013	M	1	0	0	1	0
20260901	4291318	cmp-a001-02-000000010764328	grp-a001-02-000000069047580	견과류	nad-a001-02-000000541753960	bsn-a001-00-000000013604308	15	09	87620	M	1	0	0	3	0
20260901	4291318	cmp-a001-02-000000010764328	grp-a001-02-000000069047580	견과류하루섭취량	nad-a001-02-000000541753999	bsn-a001-00-000000013604308	15	07	8753	M	1	1	1662	2	0
20260901	4291318	cmp-a001-02-000000010764328	grp-a001-02-000000069047580	견과류	nad-a001-02-000000541753999	bsn-a001-00-000000013604308	15	03	8753	M	1	0	0	3	0
20260901	4291318	cmp-a001-02-000000010764328	grp-a001-02-000000069047580	하루견과	nad-a001-02-000000541753999	bsn-a001-00-000000013604308	15	02	8753	M	2	0	0	3	0
20260901	4291318	cmp-a001-02-000000010764328	grp-a001-02-000000069047580	하루견과	nad-a001-02-000000541753960	bsn-a001-00-000000013604308	15	09	8753	M	1	0	0	4	0
20260901	4291318	cmp-a001-02-000000010764328	grp-a001-02-000000069047580	견과류	nad-a001-02-000000541753959	bsn-a001-00-000000013604308	15	08	529514	M	10	0	0	30	0
20260901	4291318	cmp-a001-02-000000010764328	grp-a001-02-000000069047580	단백질쉐이크	nad-a001-02-000000553654562	bsn-a001-00-000000013604308	15	13	529514	M	2	0	0	2	0
20260901	4291318	cmp-a001-02-000000010764328	grp-a001-02-000000069047580	프로틴바	nad-a001-02-000000553654559	bsn-a001-00-000000013604308	15	99	768323	M	2	0	0	6	0
20260901	4291318	cmp-a001-02-000000010764328	grp-a001-02-000000069047580	단백질바	nad-a001-02-000000553654554	bsn-a001-00-000000013604308	15	09	529514	M	2	0	0	2	0
20260901	4291318	cmp-a001-02-000000010764328	grp-a001-02-000000069047580	견과류	nad-a001-02-000000541753959	bsn-a001-00-000000013604308	15	09	684927	P	2	0	0	8	0
20260901	4291318	cmp-a001-02-000000010764328	grp-a001-02-000000069047580	황성주생식	nad-a001-02-000000541754004	bsn-a001-00-000000013604308	15	02	27758	P	1	0	0	1	0
20260901	4291318	cmp-a001-02-000000010764328	grp-a001-02-000000069047580	하루만	nad-a001-02-000000541753959	bsn-a001-00-000000013604308	15	99	529514	M	2	0	0	9	0
20260901	4291318	cmp-a001-02-000000010764328	grp-a001-02-000000069047580	견과류	nad-a001-02-000000541753959	bsn-a001-00-000000013604308	15	09	8753	M	3	0	0	9	0
20260901	4291318	cmp-a001-02-000000010764328	grp-a001-02-000000069047580	갓	nad-a001-02-000000541753960	bsn-a001-00-000000013604308	15	09	27758	P	1	0	0	3	0
20260901	4291318	cmp-a001-02-000000010764328	grp-a001-02-000000069047580	프로틴	nad-a001-02-000000553654562	bsn-a001-00-000000013604308	15	09	768323	M	23	0	0	37	0
20260901	4291318	cmp-a001-02-000000010764328	grp-a001-02-000000069047580	프로틴	nad-a001-02-000000553654562	bsn-a001-00-000000013604308	15	13	529514	M	1	0	0	1	0
20260901	4291318	cmp-a001-02-000000010764328	grp-a001-02-000000069047580	견과류세트	nad-a001-02-000000541753960	bsn-a001-00-000000013604308	15	01	8753	M	1	0	0	3	0
20260901	4291318	cmp-a001-02-000000010764328	grp-a001-02-000000069047580	쉐이크	nad-a001-02-000000553654562	bsn-a001-00-000000013604308	15	99	529514	M	8	0	0	8	0
20260901	4291318	cmp-a001-02-000000010764328	grp-a001-02-000000069047580	단백질쉐이크	nad-a001-02-000000553654562	bsn-a001-00-000000013604308	15	99	98128	M	5	0	0	6	0
20260901	4291318	cmp-a001-02-000000010764328	grp-a001-02-000000069047580	황성주생식	nad-a001-02-000000541753997	bsn-a001-00-000000013604308	15	02	27758	P	1	0	0	3	0
20260901	4291318	cmp-a001-02-000000010764328	grp-a001-02-000000069047580	하루견과	nad-a001-02-000000541753999	bsn-a001-00-000000013604308	15	11	633013	M	2	0	0	2	0
20260901	4291318	cmp-a001-02-000000010764328	grp-a001-02-000000069047580	견과류	nad-a001-02-000000541753960	bsn-a001-00-000000013604308	15	09	11068	P	1	0	0	4	0
20260901	4291318	cmp-a001-02-000000010764328	grp-a001-02-000000069047580	하루견과추천	nad-a001-02-000000541753959	bsn-a001-00-000000013604308	15	08	341893	M	1	0	0	1	0
20260901	4291318	cmp-a001-02-000000010764328	grp-a001-02-000000069047580	사랑	nad-a001-02-000000553654554	bsn-a001-00-000000013604308	15	11	98128	M	1	0	0	2	0
20260901	4291318	cmp-a001-02-000000010764328	grp-a001-02-000000069047580	사탕젤리	nad-a001-02-000000541753985	bsn-a001-00-000000013604308	15	03	23123	P	1	0	0	6	0
20260901	4291318	cmp-a001-02-000000010764328	grp-a001-02-000000069047580	사랑하라	nad-a001-02-000000553654558	bsn-a001-00-000000013604308	15	02	98128	M	1	0	0	4	0
20260901	4291318	cmp-a001-02-000000010764328	grp-a001-02-000000069047580	견과	nad-a001-02-000000541753959	bsn-a001-00-000000013604308	15	02	529514	M	3	0	0	7	0
20260901	4291318	cmp-a001-02-000000010764328	grp-a001-02-000000069047580	견과류	nad-a001-02-000000541753959	bsn-a001-00-000000013604308	15	06	33421	M	2	0	0	6	0
20260901	4291318	cmp-a001-02-000000010764328	grp-a001-02-000000069047580	견과	nad-a001-02-000000541753959	bsn-a001-00-000000013604308	15	17	11068	P	1	0	0	4	0
20260901	4291318	cmp-a001-02-000000010764328	grp-a001-02-000000069047580	동결건조생식분말	nad-a001-02-000000541753997	bsn-a001-00-000000013604308	15	02	8753	M	1	0	0	1	0
20260901	4291318	cmp-a001-02-000000010764328	grp-a001-02-000000069047580	단백질	nad-a001-02-000000553654562	bsn-a001-00-000000013604308	15	07	98128	M	2	0	0	2	0
20260901	4291318	cmp-a001-02-000000010764328	grp-a001-02-000000069047580	단백질보충제	nad-a001-02-000000553654562	bsn-a001-00-000000013604308	15	09	23123	P	3	0	0	3	0
20260901	4291318	cmp-a001-02-000000010764328	grp-a001-02-000000069047580	하루견과	nad-a001-02-000000541753960	bsn-a001-00-000000013604308	15	11	8753	M	1	0	0	5	0
20260901	4291318	cmp-a001-02-000000010764328	grp-a001-02-000000069047580	견과류	nad-a001-02-000000541753959	bsn-a001-00-000000013604308	15	99	684926	M	1	0	0	3	0
20260901	4291318	cmp-a001-02-000000010764328	grp-a001-02-000000069047580	견과	nad-a001-02-000000541753959	bsn-a001-00-000000013604308	15	09	8753	M	1	0	0	3	0
20260901	4291318	cmp-a001-02-000000010764328	grp-a001-02-000000069047580	견과류세트	nad-a001-02-000000541753960	bsn-a001-00-000000013604308	15	02	684924	M	2	0	0	2	0
20260901	4291318	cmp-a001-02-000000010764328	grp-a001-02-000000069047580	대봉식품	nad-a001-02-000000541753960	bsn-a001-00-000000013604308	15	15	341893	M	1	0	0	2	0
20260901	4291318	cmp-a001-02-000000010764328	grp-a001-02-000000069047580	하루견과	nad-a001-02-000000541753960	bsn-a001-00-000000013604308	15	03	8753	M	1	0	0	4	0
20260901	4291318	cmp-a001-02-000000010764328	grp-a001-02-000000069047580	하루견과	nad-a001-02-000000541753959	bsn-a001-00-000000013604308	15	99	8753	M	2	0	0	4	0
20260901	4291318	cmp-a001-02-000000010764328	grp-a001-02-000000069047580	프로틴바	nad-a001-02-000000553654559	bsn-a001-00-000000013604308	15	99	529514	M	2	0	0	6	0
20260901	4291318	cmp-a001-02-000000010764328	grp-a001-02-000000069047580	견과류간식	nad-a001-02-000000541753999	bsn-a001-00-000000013604308	15	18	684926	M	1	0	0	1	0
20260901	4291318	cmp-a001-02-000000010764328	grp-a001-02-000000069047580	하루견과	nad-a001-02-000000541753959	bsn-a001-00-000000013604308	15	09	684926	M	3	0	0	14	0
20260901	4291318	cmp-a001-02-000000010764328	grp-a001-02-000000069047580	프로틴	nad-a001-02-000000553654562	bsn-a001-00-000000013604308	15	08	529514	M	10	0	0	10	0
20260901	4291318	cmp-a001-02-000000010764328	grp-a001-02-000000069047580	단백질쉐이크	nad-a001-02-000000553654562	bsn-a001-00-000000013604308	15	09	684927	P	1	0	0	25	0
20260901	4291318	cmp-a001-02-000000010764328	grp-a001-02-000000069047580	하루견과	nad-a001-02-000000541753999	bsn-a001-00-000000013604308	15	99	8753	M	2	0	0	2	0
20260901	4291318	cmp-a001-02-000000010764328	grp-a001-02-000000069047580	사랑이	nad-a001-02-000000553654558	bsn-a001-00-000000013604308	15	06	529514	M	4	0	0	16	0
20260901	4291318	cmp-a001-02-000000010764328	grp-a001-02-000000069047580	견과류	nad-a001-02-000000541753999	bsn-a001-00-000000013604308	15	02	27758	P	2	0	0	4	0
20260901	4291318	cmp-a001-02-000000010764328	grp-a001-02-000000069047580	에너지바	nad-a001-02-000000553654559	bsn-a001-00-000000013604308	15	99	684926	M	1	0	0	9	0
20260901	4291318	cmp-a001-02-000000010764328	grp-a001-02-000000069047580	견과	nad-a001-02-000000541753999	bsn-a001-00-000000013604308	15	09	8753	M	1	0	0	2	0
20260901	4291318	cmp-a001-02-000000010764328	grp-a001-02-000000069047580	하루	nad-a001-02-000000541753999	bsn-a001-00-000000013604308	15	02	137281	M	1	0	0	2	0
20260901	4291318	cmp-a001-02-000000010764328	grp-a001-02-000000069047580	견과류	nad-a001-02-000000541753959	bsn-a001-00-000000013604308	15	10	27758	P	2	0	0	6	0
20260901	4291318	cmp-a001-02-000000010764328	grp-a001-02-000000069047580	견과류	nad-a001-02-000000541753960	bsn-a001-00-000000013604308	15	15	529514	M	5	0	0	20	0
20260901	4291318	cmp-a001-02-000000010764328	grp-a001-02-000000069047580	개당스토어	nad-a001-02-000000541753959	bsn-a001-00-000000013604308	15	06	98128	M	1	0	0	3	0
20260901	4291318	cmp-a001-02-000000010764328	grp-a001-02-000000069047580	하루견과	nad-a001-02-000000541753960	bsn-a001-00-000000013604308	15	02	633013	M	7	0	0	17	0
20260901	4291318	cmp-a001-02-000000010764328	grp-a001-02-000000069047580	단백질바	nad-a001-02-000000553654558	bsn-a001-00-000000013604308	15	09	529514	M	6	0	0	8	0
20260901	4291318	cmp-a001-02-000000010764328	grp-a001-02-000000069047580	견과류	nad-a001-02-000000541753959	bsn-a001-00-000000013604308	15	02	684924	M	5	0	0	5	0
20260901	4291318	cmp-a001-02-000000010764328	grp-a001-02-000000069047580	하루만	nad-a001-02-000000541753960	bsn-a001-00-000000013604308	15	18	529514	M	2	0	0	12	0
20260901	4291318	cmp-a001-02-000000010764328	grp-a001-02-000000069047580	하루견과	nad-a001-02-000000541753959	bsn-a001-00-000000013604308	15	09	27758	P	1	0	0	4	0
20260901	4291318	cmp-a001-02-000000010764328	grp-a001-02-000000069047580	단백질바	nad-a001-02-000000553654558	bsn-a001-00-000000013604308	15	99	529514	M	2	0	0	4	0
20260901	4291318	cmp-a001-02-000000010764328	grp-a001-02-000000069047580	산양유초유단백질	nad-a001-02-000000553654562	bsn-a001-00-000000013604308	15	13	341893	M	1	0	0	3	0
20260901	4291318	cmp-a001-02-000000010764328	grp-a001-02-000000069047580	단백질	nad-a001-02-000000553654562	bsn-a001-00-000000013604308	15	02	684927	P	1	0	0	11	0
20260901	4291318	cmp-a001-02-000000010764328	grp-a001-02-000000069047580	견과류	nad-a001-02-000000541753999	bsn-a001-00-000000013604308	15	11	684925	P	1	0	0	1	0
20260901	4291318	cmp-a001-02-000000010764328	grp-a001-02-000000069047580	견과류	nad-a001-02-000000541753999	bsn-a001-00-000000013604308	15	13	27758	P	1	0	0	2	0
20260901	4291318	cmp-a001-02-000000010764328	grp-a001-02-000000069047580	하루견과	nad-a001-02-000000541753999	bsn-a001-00-000000013604308	15	06	633013	M	1	0	0	1	0
20260901	4291318	cmp-a001-02-000000010764328	grp-a001-02-000000069047580	젤리	nad-a001-02-000000541753985	bsn-a001-00-000000013604308	15	02	87620	M	2	0	0	4	0
20260901	4291318	cmp-a001-02-000000010764328	grp-a001-02-000000069047580	프로틴	nad-a001-02-000000553654562	bsn-a001-00-000000013604308	15	09	529514	M	13	0	0	13	0
20260901	4291318	cmp-a001-02-000000010764328	grp-a001-02-000000069047580	견과세트	nad-a001-02-000000541753959	bsn-a001-00-000000013604308	15	02	768323	M	4	0	0	6	0
20260901	4291318	cmp-a001-02-000000010764328	grp-a001-02-000000069047580	견과류	nad-a001-02-000000541753999	bsn-a001-00-000000013604308	15	10	529514	M	8	0	0	16	0
20260901	4291318	cmp-a001-02-000000010764328	grp-a001-02-000000069047580	갓	nad-a001-02-000000541753999	bsn-a001-00-000000013604308	15	09	27758	P	1	0	0	2	0
20260901	4291318	cmp-a001-02-000000010764328	grp-a001-02-000000069047580	칼로리바	nad-a001-02-000000553654558	bsn-a001-00-000000013604308	15	08	8753	M	1	0	0	2	0
20260901	4291318	cmp-a001-02-000000010764328	grp-a001-02-000000069047580	견과류	nad-a001-02-000000541753960	bsn-a001-00-000000013604308	15	07	529514	M	4	0	0	14	0
20260901	4291318	cmp-a001-02-000000010764328	grp-a001-02-000000069047580	프로틴쉐이크	nad-a001-02-000000553654562	bsn-a001-00-000000013604308	15	02	11068	P	1	0	0	10	0
20260901	4291318	cmp-a001-02-000000010764328	grp-a001-02-000000069047580	견과류	nad-a001-02-000000541753959	bsn-a001-00-000000013604308	15	15	529514	M	5	0	0	15	0
20260901	4291318	cmp-a001-02-000000010764328	grp-a001-02-000000069047580	프로틴바	nad-a001-02-000000553654554	bsn-a001-00-000000013604308	15	02	27758	P	1	0	0	2	0
20260901	4291318	cmp-a001-02-000000010764328	grp-a001-02-000000069047580	다이어트쉐이크추천	nad-a001-02-000000553654562	bsn-a001-00-000000013604308	15	02	8753	M	1	0	0	4	0
20260901	4291318	cmp-a001-02-000000010764328	grp-a001-02-000000069047580	프로틴	nad-a001-02-000000553654562	bsn-a001-00-000000013604308	15	18	98128	M	2	0	0	2	0
20260901	4291318	cmp-a001-02-000000010764328	grp-a001-02-000000069047580	프로틴쉐이크	nad-a001-02-000000553654562	bsn-a001-00-000000013604308	15	09	98128	M	2	0	0	2	0
20260901	4291318	cmp-a001-02-000000010764328	grp-a001-02-000000069047580	분말	nad-a001-02-000000541754004	bsn-a001-00-000000013604308	15	09	684925	P	1	0	0	1	0
20260901	4291318	cmp-a001-02-000000010764328	grp-a001-02-000000069047580	견과류	nad-a001-02-000000541753999	bsn-a001-00-000000013604308	15	17	529514	M	4	0	0	8	0
20260901	4291318	cmp-a001-02-000000010764328	grp-a001-02-000000069047580	젤리	nad-a001-02-000000541753985	bsn-a001-00-000000013604308	15	09	768323	M	6	0	0	10	0
20260901	4291318	cmp-a001-02-000000010764328	grp-a001-02-000000069047580	견과류	nad-a001-02-000000541753959	bsn-a001-00-000000013604308	15	09	684924	M	2	0	0	2	0
20260901	4291318	cmp-a001-02-000000010764328	grp-a001-02-000000069047580	보충제	nad-a001-02-000000553654562	bsn-a001-00-000000013604308	15	99	529514	M	3	0	0	3	0
20260901	4291318	cmp-a001-02-000000010764328	grp-a001-02-000000069047580	견과류	nad-a001-02-000000541753999	bsn-a001-00-000000013604308	15	08	529514	M	10	0	0	20	0
20260901	4291318	cmp-a001-02-000000010764328	grp-a001-02-000000069047580	단백질간식	nad-a001-02-000000553654559	bsn-a001-00-000000013604308	15	15	684927	P	1	0	0	10	0
20260901	4291318	cmp-a001-02-000000010764328	grp-a001-02-000000069047580	견과류세트	nad-a001-02-000000541753999	bsn-a001-00-000000013604308	15	09	684925	P	1	0	0	1	0
20260901	4291318	cmp-a001-02-000000010764328	grp-a001-02-000000069047580	단백질바	nad-a001-02-000000553654554	bsn-a001-00-000000013604308	15	18	11068	P	1	0	0	2	0
20260901	4291318	cmp-a001-02-000000010764328	grp-a001-02-000000069047580	견과류	nad-a001-02-000000541753999	bsn-a001-00-000000013604308	15	02	612593	P	1	0	0	3	0
20260901	4291318	cmp-a001-02-000000010764328	grp-a001-02-000000069047580	견과류	nad-a001-02-000000541753960	bsn-a001-00-000000013604308	15	09	529514	M	54	0	0	214	0
20260901	4291318	cmp-a001-02-000000010764328	grp-a001-02-000000069047580	칼로리바	nad-a001-02-000000553654554	bsn-a001-00-000000013604308	15	08	8753	M	1	0	0	1	0
20260901	4291318	cmp-a001-02-000000010764328	grp-a001-02-000000069047580	프로틴바	nad-a001-02-000000553654558	bsn-a001-00-000000013604308	15	08	33421	M	1	0	0	7	0
20260901	4291318	cmp-a001-02-000000010764328	grp-a001-02-000000069047580	젤리	nad-a001-02-000000541753985	bsn-a001-00-000000013604308	15	13	768323	M	2	0	0	6	0
20260901	4291318	cmp-a001-02-000000010764328	grp-a001-02-000000069047580	단백질바	nad-a001-02-000000553654554	bsn-a001-00-000000013604308	15	09	8753	M	1	0	0	6	0
20260901	4291318	cmp-a001-02-000000010764328	grp-a001-02-000000069047580	사랑이	nad-a001-02-000000553654558	bsn-a001-00-000000013604308	15	99	529514	M	4	0	0	16	0
20260901	4291318	cmp-a001-02-000000010764328	grp-a001-02-000000069047580	젤리	nad-a001-02-000000541753985	bsn-a001-00-000000013604308	15	03	684926	M	1	0	0	6	0
20260901	4291318	cmp-a001-02-000000010764328	grp-a001-02-000000069047580	칼로리바	nad-a001-02-000000553654559	bsn-a001-00-000000013604308	15	09	8753	M	1	0	0	3	0
20260901	4291318	cmp-a001-02-000000010764328	grp-a001-02-000000069047580	사랑	nad-a001-02-000000553654558	bsn-a001-00-000000013604308	15	99	98128	M	1	0	0	4	0
20260901	4291318	cmp-a001-02-000000010764328	grp-a001-02-000000069047580	프로틴바	nad-a001-02-000000553654558	bsn-a001-00-000000013604308	15	99	529514	M	2	0	0	4	0
20260901	4291318	cmp-a001-02-000000010764328	grp-a001-02-000000069047580	견과류	nad-a001-02-000000541753999	bsn-a001-00-000000013604308	15	01	529514	M	7	0	0	14	0
20260901	4291318	cmp-a001-02-000000010764328	grp-a001-02-000000069047580	프로틴	nad-a001-02-000000553654562	bsn-a001-00-000000013604308	15	13	768323	M	2	0	0	2	0
20260901	4291318	cmp-a001-02-000000010764328	grp-a001-02-000000069047580	젤리	nad-a001-02-000000541753985	bsn-a001-00-000000013604308	15	02	529514	M	2	0	0	2	0
20260901	4291318	cmp-a001-02-000000010764328	grp-a001-02-000000069047580	단백질	nad-a001-02-000000553654562	bsn-a001-00-000000013604308	15	09	98128	M	2	0	0	2	0
20260901	4291318	cmp-a001-02-000000010764328	grp-a001-02-000000069047580	프리미엄웰너츠	nad-a001-02-000000541753999	bsn-a001-00-000000013604308	15	10	341893	M	1	0	0	1	0
20260901	4291318	cmp-a001-02-000000010764328	grp-a001-02-000000069047580	견과	nad-a001-02-000000541753999	bsn-a001-00-000000013604308	15	17	27758	P	1	0	0	2	0
20260901	4291318	cmp-a001-02-000000010764328	grp-a001-02-000000069047580	견과류	nad-a001-02-000000541753999	bsn-a001-00-000000013604308	15	09	87620	M	1	0	0	1	0
20260901	4291318	cmp-a001-02-000000010764328	grp-a001-02-000000069047580	젤리	nad-a001-02-000000541753985	bsn-a001-00-000000013604308	15	08	11068	P	1	0	0	1	0
20260901	4291318	cmp-a001-02-000000010764328	grp-a001-02-000000069047580	견과류	nad-a001-02-000000541753959	bsn-a001-00-000000013604308	15	13	11068	P	1	0	0	3	0
20260901	4291318	cmp-a001-02-000000010764328	grp-a001-02-000000069047580	견과류	nad-a001-02-000000541753959	bsn-a001-00-000000013604308	15	02	27758	P	2	0	0	6	0
20260901	4291318	cmp-a001-02-000000010764328	grp-a001-02-000000069047580	가루	nad-a001-02-000000541753996	bsn-a001-00-000000013604308	15	09	8753	M	1	0	0	3	0
20260901	4291318	cmp-a001-02-000000010764328	grp-a001-02-000000069047580	칼로리바	nad-a001-02-000000553654554	bsn-a001-00-000000013604308	15	08	684924	M	1	0	0	1	0
20260901	4291318	cmp-a001-02-000000010764328	grp-a001-02-000000069047580	사랑	nad-a001-02-000000553654558	bsn-a001-00-000000013604308	15	11	98128	M	1	0	0	4	0
20260901	4291318	cmp-a001-02-000000010764328	grp-a001-02-000000069047580	에너지바	nad-a001-02-000000553654554	bsn-a001-00-000000013604308	15	02	27758	P	1	0	0	3	0
20260901	4291318	cmp-a001-02-000000010764328	grp-a001-02-000000069047580	칼로리바	nad-a001-02-000000553654558	bsn-a001-00-000000013604308	15	02	8753	M	1	0	0	2	0
20260901	4291318	cmp-a001-02-000000010764328	grp-a001-02-000000069047580	견과류	nad-a001-02-000000541753959	bsn-a001-00-000000013604308	15	04	684924	M	2	0	0	2	0
20260901	4291318	cmp-a001-02-000000010764328	grp-a001-02-000000069047580	사랑이	nad-a001-02-000000553654559	bsn-a001-00-000000013604308	15	02	529514	M	2	0	0	21	0
20260901	4291318	cmp-a001-02-000000010764328	grp-a001-02-000000069047580	견과류	nad-a001-02-000000541753999	bsn-a001-00-000000013604308	15	14	8753	M	1	0	0	3	0
20260901	4291318	cmp-a001-02-000000010764328	grp-a001-02-000000069047580	견과류	nad-a001-02-000000541753959	bsn-a001-00-000000013604308	15	01	8753	M	2	0	0	7	0
20260901	4291318	cmp-a001-02-000000010764328	grp-a001-02-000000069047580	프로틴파우더	nad-a001-02-000000553654562	bsn-a001-00-000000013604308	15	07	529514	M	2	0	0	2	0
20260901	4291318	cmp-a001-02-000000010764328	grp-a001-02-000000069047580	프로틴	nad-a001-02-000000553654562	bsn-a001-00-000000013604308	15	16	768323	M	2	0	0	3	0
20260901	4291318	cmp-a001-02-000000010764328	grp-a001-02-000000069047580	하루견과	nad-a001-02-000000541753999	bsn-a001-00-000000013604308	15	02	529514	M	6	0	0	6	0
20260901	4291318	cmp-a001-02-000000010764328	grp-a001-02-000000069047580	에너지바	nad-a001-02-000000553654558	bsn-a001-00-000000013604308	15	09	23123	P	1	0	0	2	0
20260901	4291318	cmp-a001-02-000000010764328	grp-a001-02-000000069047580	비트베리분말	nad-a001-02-000000541753996	bsn-a001-00-000000013604308	15	06	341893	M	1	0	0	1	0
20260901	4291318	cmp-a001-02-000000010764328	grp-a001-02-000000069047580	하루만	nad-a001-02-000000541753999	bsn-a001-00-000000013604308	15	99	529514	M	2	0	0	7	0
20260901	4291318	cmp-a001-02-000000010764328	grp-a001-02-000000069047580	견과류	nad-a001-02-000000541753959	bsn-a001-00-000000013604308	15	13	27758	P	1	0	0	3	0
20260901	4291318	cmp-a001-02-000000010764328	grp-a001-02-000000069047580	프로틴	nad-a001-02-000000553654562	bsn-a001-00-000000013604308	15	99	529514	M	15	0	0	15	0
20260901	4291318	cmp-a001-02-000000010764328	grp-a001-02-000000069047580	단백질쉐이크	nad-a001-02-000000553654562	bsn-a001-00-000000013604308	15	09	98128	M	4	1	3490	4	0
20260901	4291318	cmp-a001-02-000000010764328	grp-a001-02-000000069047580	프로틴쉐이크	nad-a001-02-000000553654562	bsn-a001-00-000000013604308	15	09	529514	M	15	0	0	15	0
20260901	4291318	cmp-a001-02-000000010764328	grp-a001-02-000000069047580	산과들에견과류원데이	nad-a001-02-000000541753959	bsn-a001-00-000000013604308	15	02	341893	M	1	0	0	1	0
20260901	4291318	cmp-a001-02-000000010764328	grp-a001-02-000000069047580	견과류간식	nad-a001-02-000000541753959	bsn-a001-00-000000013604308	15	18	684926	M	1	0	0	3	0
20260901	4291318	cmp-a001-02-000000010764328	grp-a001-02-000000069047580	프로틴	nad-a001-02-000000553654562	bsn-a001-00-000000013604308	15	02	768323	M	25	0	0	33	0
20260901	4291318	cmp-a001-02-000000010764328	grp-a001-02-000000069047580	하루견과	nad-a001-02-000000541753959	bsn-a001-00-000000013604308	15	08	8753	M	1	0	0	4	0
20260901	4291318	cmp-a001-02-000000010764328	grp-a001-02-000000069047580	에너지바	nad-a001-02-000000553654559	bsn-a001-00-000000013604308	15	04	684927	P	2	0	0	18	0
20260901	4291318	cmp-a001-02-000000010764328	grp-a001-02-000000069047580	단백질쉐이크	nad-a001-02-000000553654562	bsn-a001-00-000000013604308	15	09	529514	M	26	0	0	26	0
20260901	4291318	cmp-a001-02-000000010764328	grp-a001-02-000000069047580	프로틴	nad-a001-02-000000553654562	bsn-a001-00-000000013604308	15	07	529514	M	7	0	0	7	0
20260901	4291318	cmp-a001-02-000000010764328	grp-a001-02-000000069047580	하루견과	nad-a001-02-000000541753999	bsn-a001-00-000000013604308	15	15	87620	M	1	0	0	1	0
20260901	4291318	cmp-a001-02-000000010764328	grp-a001-02-000000069047580	하루견과	nad-a001-02-000000541753960	bsn-a001-00-000000013604308	15	08	33421	M	1	0	0	5	0
20260901	4291318	cmp-a001-02-000000010764328	grp-a001-02-000000069047580	견과류	nad-a001-02-000000541753999	bsn-a001-00-000000013604308	15	04	8753	M	3	1	2637	6	0
20260901	4291318	cmp-a001-02-000000010764328	grp-a001-02-000000069047580	견과류	nad-a001-02-000000541753960	bsn-a001-00-000000013604308	15	02	8753	M	9	0	0	36	0
20260901	4291318	cmp-a001-02-000000010764328	grp-a001-02-000000069047580	견과류	nad-a001-02-000000541753999	bsn-a001-00-000000013604308	15	02	8753	M	11	0	0	22	0
20260901	4291318	cmp-a001-02-000000010764328	grp-a001-02-000000069047580	하루견과	nad-a001-02-000000541753999	bsn-a001-00-000000013604308	15	03	27758	P	1	0	0	2	0
20260901	4291318	cmp-a001-02-000000010764328	grp-a001-02-000000069047580	하루견과	nad-a001-02-000000541753959	bsn-a001-00-000000013604308	15	11	8753	M	1	0	0	4	0
20260901	4291318	cmp-a001-02-000000010764328	grp-a001-02-000000069047580	견과	nad-a001-02-000000541753960	bsn-a001-00-000000013604308	15	14	8753	M	1	0	0	5	0
20260901	4291318	cmp-a001-02-000000010764328	grp-a001-02-000000069047580	견과류	nad-a001-02-000000541753999	bsn-a001-00-000000013604308	15	09	27758	P	2	0	0	4	0
20260901	4291318	cmp-a001-02-000000010764328	grp-a001-02-000000069047580	견과류추천순위	nad-a001-02-000000541753999	bsn-a001-00-000000013604308	15	11	684924	M	1	0	0	1	0
20260901	4291318	cmp-a001-02-000000010764328	grp-a001-02-000000069047580	견과세트	nad-a001-02-000000541753960	bsn-a001-00-000000013604308	15	08	768323	M	1	0	0	4	0
20260901	4291318	cmp-a001-02-000000010764328	grp-a001-02-000000069047580	견과류	nad-a001-02-000000541753999	bsn-a001-00-000000013604308	15	06	33421	M	2	0	0	4	0
20260901	4291318	cmp-a001-02-000000010764328	grp-a001-02-000000069047580	쉐이크	nad-a001-02-000000553654562	bsn-a001-00-000000013604308	15	99	98128	M	1	0	0	1	0
20260901	4291318	cmp-a001-02-000000010764328	grp-a001-02-000000069047580	제리	nad-a001-02-000000541753985	bsn-a001-00-000000013604308	15	02	137281	M	3	0	0	6	0
20260901	4291318	cmp-a001-02-000000010764328	grp-a001-02-000000069047580	하루	nad-a001-02-000000541753999	bsn-a001-00-000000013604308	15	02	98128	M	3	0	0	9	0
20260901	4291318	cmp-a001-02-000000010764328	grp-a001-02-000000069047580	단백질쉐이크	nad-a001-02-000000553654562	bsn-a001-00-000000013604308	15	14	529514	M	2	0	0	2	0
20260901	4291318	cmp-a001-02-000000010764328	grp-a001-02-000000069047580	견과세트	nad-a001-02-000000541753999	bsn-a001-00-000000013604308	15	02	768323	M	4	0	0	6	0
20260901	4291318	cmp-a001-02-000000010764328	grp-a001-02-000000069047580	프로틴	nad-a001-02-000000553654562	bsn-a001-00-000000013604308	15	01	768323	M	1	0	0	1	0
20260901	4291318	cmp-a001-02-000000010764328	grp-a001-02-000000069047580	견과류먹으면변비생기나?	nad-a001-02-000000541753959	bsn-a001-00-000000013604308	15	99	8753	M	1	0	0	3	0
20260901	4291318	cmp-a001-02-000000010764328	grp-a001-02-000000069047580	견과류	nad-a001-02-000000541753960	bsn-a001-00-000000013604308	15	02	768323	M	1	0	0	1	0
20260901	4291318	cmp-a001-02-000000010764328	grp-a001-02-000000069047580	생식가루	nad-a001-02-000000541753996	bsn-a001-00-000000013604308	15	06	8753	M	1	0	0	4	0
20260901	4291318	cmp-a001-02-000000010764328	grp-a001-02-000000069047580	견과류	nad-a001-02-000000541753999	bsn-a001-00-000000013604308	15	00	612593	P	1	0	0	3	0
20260901	4291318	cmp-a001-02-000000010764328	grp-a001-02-000000069047580	프로틴	nad-a001-02-000000553654562	bsn-a001-00-000000013604308	15	02	529514	M	31	0	0	31	0
20260901	4291318	cmp-a001-02-000000010764328	grp-a001-02-000000069047580	하루견과	nad-a001-02-000000541753959	bsn-a001-00-000000013604308	15	11	27758	P	1	0	0	3	0
20260901	4291318	cmp-a001-02-000000010764328	grp-a001-02-000000069047580	생식가루	nad-a001-02-000000541754004	bsn-a001-00-000000013604308	15	06	8753	M	1	0	0	2	0
20260901	4291318	cmp-a001-02-000000010764328	grp-a001-02-000000069047580	견과	nad-a001-02-000000541753999	bsn-a001-00-000000013604308	15	02	529514	M	3	0	0	7	0
20260901	4291318	cmp-a001-02-000000010764328	grp-a001-02-000000069047580	동결건조생식분말	nad-a001-02-000000541754004	bsn-a001-00-000000013604308	15	02	8753	M	1	0	0	2	0
20260901	4291318	cmp-a001-02-000000010764328	grp-a001-02-000000069047580	칼로리바	nad-a001-02-000000553654554	bsn-a001-00-000000013604308	15	02	8753	M	1	0	0	1	0
20260901	4291318	cmp-a001-02-000000010764328	grp-a001-02-000000069047580	식사대용	nad-a001-02-000000553654562	bsn-a001-00-000000013604308	15	09	529514	M	2	0	0	2	0
20260901	4291318	cmp-a001-02-000000010764328	grp-a001-02-000000069047580	사랑이	nad-a001-02-000000553654559	bsn-a001-00-000000013604308	15	99	529514	M	4	0	0	44	0
20260901	4291318	cmp-a001-02-000000010764328	grp-a001-02-000000069047580	하루견과	nad-a001-02-000000541753999	bsn-a001-00-000000013604308	15	07	684927	P	1	0	0	3	0
20260901	4291318	cmp-a001-02-000000010764328	grp-a001-02-000000069047580	에너지바	nad-a001-02-000000553654558	bsn-a001-00-000000013604308	15	06	87620	M	1	0	0	2	0
20260901	4291318	cmp-a001-02-000000010764328	grp-a001-02-000000069047580	하루견과	nad-a001-02-000000541753999	bsn-a001-00-000000013604308	15	02	27758	P	2	0	0	6	0
20260901	4291318	cmp-a001-02-000000010764328	grp-a001-02-000000069047580	하루견과	nad-a001-02-000000541753999	bsn-a001-00-000000013604308	15	15	27758	P	1	0	0	1	0
20260901	4291318	cmp-a001-02-000000010764328	grp-a001-02-000000069047580	프로틴	nad-a001-02-000000553654562	bsn-a001-00-000000013604308	15	15	768323	M	2	0	0	3	0
20260901	4291318	cmp-a001-02-000000010764328	grp-a001-02-000000069047580	하루견과	nad-a001-02-000000541753999	bsn-a001-00-000000013604308	15	15	370822	P	1	0	0	3	0
20260901	4291318	cmp-a001-02-000000010764328	grp-a001-02-000000069047580	견과류	nad-a001-02-000000541753959	bsn-a001-00-000000013604308	15	02	8753	M	11	0	0	35	0
20260901	4291318	cmp-a001-02-000000010764328	grp-a001-02-000000069047580	프로틴	nad-a001-02-000000553654562	bsn-a001-00-000000013604308	15	16	529514	M	2	0	0	2	0
20260901	4291318	cmp-a001-02-000000010764328	grp-a001-02-000000069047580	하루견과병세트	nad-a001-02-000000541753999	bsn-a001-00-000000013604308	15	09	27758	P	1	0	0	2	0
20260901	4291318	cmp-a001-02-000000010764328	grp-a001-02-000000069047580	프로틴바	nad-a001-02-000000553654554	bsn-a001-00-000000013604308	15	02	529514	M	2	0	0	2	0
20260901	4291318	cmp-a001-02-000000010764328	grp-a001-02-000000069047580	견과류	nad-a001-02-000000541753960	bsn-a001-00-000000013604308	15	06	8753	M	2	0	0	8	0
20260901	4291318	cmp-a001-02-000000010764328	grp-a001-02-000000069047580	견과류	nad-a001-02-000000541753999	bsn-a001-00-000000013604308	15	99	684926	M	1	0	0	1	0
20260901	4291318	cmp-a001-02-000000010764328	grp-a001-02-000000069047580	황성주생식	nad-a001-02-000000541753996	bsn-a001-00-000000013604308	15	03	684924	M	1	0	0	1	0
20260901	4291318	cmp-a001-02-000000010764328	grp-a001-02-000000069047580	프로틴바	nad-a001-02-000000553654554	bsn-a001-00-000000013604308	15	02	8753	M	1	0	0	3	0
20260901	4291318	cmp-a001-02-000000010764328	grp-a001-02-000000069047580	분말	nad-a001-02-000000541753996	bsn-a001-00-000000013604308	15	07	8753	M	1	0	0	3	0
20260901	4291318	cmp-a001-02-000000010764328	grp-a001-02-000000069047580	하루만	nad-a001-02-000000541753999	bsn-a001-00-000000013604308	15	18	529514	M	2	0	0	7	0
20260901	4291318	cmp-a001-02-000000010764328	grp-a001-02-000000069047580	견과류	nad-a001-02-000000541753999	bsn-a001-00-000000013604308	15	13	529514	M	9	0	0	18	0
20260901	4291318	cmp-a001-02-000000010764328	grp-a001-02-000000069047580	견과류	nad-a001-02-000000541753959	bsn-a001-00-000000013604308	15	02	684926	M	3	0	0	12	0
20260901	4291318	cmp-a001-02-000000010764328	grp-a001-02-000000069047580	단백질쉐이크	nad-a001-02-000000553654562	bsn-a001-00-000000013604308	15	02	8753	M	1	0	0	5	0
20260901	4291318	cmp-a001-02-000000010764328	grp-a001-02-000000069047580	프로틴	nad-a001-02-000000553654562	bsn-a001-00-000000013604308	15	04	768323	M	5	0	0	6	0
20260901	4291318	cmp-a001-02-000000010764328	grp-a001-02-000000069047580	쉐이크	nad-a001-02-000000553654562	bsn-a001-00-000000013604308	15	02	612594	M	1	0	0	4	0
20260901	4291318	cmp-a001-02-000000010764328	grp-a001-02-000000069047580	견과류	nad-a001-02-000000541753999	bsn-a001-00-000000013604308	15	18	529514	M	12	0	0	24	0
20260901	4291318	cmp-a001-02-000000010764328	grp-a001-02-000000069047580	하루견과	nad-a001-02-000000541753999	bsn-a001-00-000000013604308	15	11	27758	P	2	1	2518	3	0
20260901	4291318	cmp-a001-02-000000010764328	grp-a001-02-000000069047580	견과류	nad-a001-02-000000541753959	bsn-a001-00-000000013604308	15	09	87620	M	1	0	0	2	0
20260901	4291318	cmp-a001-02-000000010764328	grp-a001-02-000000069047580	견과류	nad-a001-02-000000541753999	bsn-a001-00-000000013604308	15	99	529514	M	53	0	0	106	0
20260901	4291318	cmp-a001-02-000000010764328	grp-a001-02-000000069047580	에너지바	nad-a001-02-000000553654554	bsn-a001-00-000000013604308	15	09	23123	P	1	0	0	1	0
20260901	4291318	cmp-a001-02-000000010764328	grp-a001-02-000000069047580	갓	nad-a001-02-000000541753999	bsn-a001-00-000000013604308	15	15	684924	M	1	0	0	1	0
20260901	4291318	cmp-a001-02-000000010764328	grp-a001-02-000000069047580	하루견과	nad-a001-02-000000541753959	bsn-a001-00-000000013604308	15	15	87620	M	1	0	0	3	0
20260901	4291318	cmp-a001-02-000000010764328	grp-a001-02-000000069047580	견과류	nad-a001-02-000000541753999	bsn-a001-00-000000013604308	15	11	684927	P	1	0	0	2	0
20260901	4291318	cmp-a001-02-000000010764328	grp-a001-02-000000069047580	젤리	nad-a001-02-000000541753985	bsn-a001-00-000000013604308	15	09	791889	P	2	0	0	10	0
20260901	4291318	cmp-a001-02-000000010764328	grp-a001-02-000000069047580	하루견과	nad-a001-02-000000541753959	bsn-a001-00-000000013604308	15	15	11068	P	1	0	0	2	0
20260901	4291318	cmp-a001-02-000000010764328	grp-a001-02-000000069047580	단백질쉐이크	nad-a001-02-000000553654562	bsn-a001-00-000000013604308	15	03	684926	M	1	0	0	23	0
20260901	4291318	cmp-a001-02-000000010764328	grp-a001-02-000000069047580	견과류	nad-a001-02-000000541753959	bsn-a001-00-000000013604308	15	09	11068	P	1	0	0	3	0
20260901	4291318	cmp-a001-02-000000010764328	grp-a001-02-000000069047580	단백질쉐이크	nad-a001-02-000000553654562	bsn-a001-00-000000013604308	15	15	529514	M	4	0	0	4	0
20260901	4291318	cmp-a001-02-000000010764328	grp-a001-02-000000069047580	견과류	nad-a001-02-000000541753959	bsn-a001-00-000000013604308	15	18	341898	M	1	0	0	2	0
20260901	4291318	cmp-a001-02-000000010764328	grp-a001-02-000000069047580	칼로리바	nad-a001-02-000000553654554	bsn-a001-00-000000013604308	15	13	684925	P	1	0	0	1	0
20260901	4291318	cmp-a001-02-000000010764328	grp-a001-02-000000069047580	하루견과	nad-a001-02-000000541753960	bsn-a001-00-000000013604308	15	06	633013	M	1	0	0	3	0
20260901	4291318	cmp-a001-02-000000010764328	grp-a001-02-000000069047580	견과류	nad-a001-02-000000541753999	bsn-a001-00-000000013604308	15	02	684926	M	3	0	0	8	0
20260901	4291318	cmp-a001-02-000000010764328	grp-a001-02-000000069047580	단백질간식	nad-a001-02-000000553654554	bsn-a001-00-000000013604308	15	18	8753	M	1	0	0	2	0
20260901	4291318	cmp-a001-02-000000010764328	grp-a001-02-000000069047580	사랑님	nad-a001-02-000000553654559	bsn-a001-00-000000013604308	15	09	529514	M	10	0	0	105	0
20260901	4291318	cmp-a001-02-000000010764328	grp-a001-02-000000069047580	균형영양식	nad-a001-02-000000541753965	bsn-a001-00-000000013604308	15	09	23123	P	3	0	0	18	0
20260901	4291318	cmp-a001-02-000000010764328	grp-a001-02-000000069047580	하루견과	nad-a001-02-000000541753960	bsn-a001-00-000000013604308	15	02	529514	M	6	0	0	12	0
20260901	4291318	cmp-a001-02-000000010764328	grp-a001-02-000000069047580	젤리	nad-a001-02-000000541753985	bsn-a001-00-000000013604308	15	10	768323	M	2	0	0	10	0
20260901	4291318	cmp-a001-02-000000010764328	grp-a001-02-000000069047580	견과류	nad-a001-02-000000541753960	bsn-a001-00-000000013604308	15	06	33421	M	2	0	0	8	0
20260901	4291318	cmp-a001-02-000000010764328	grp-a001-02-000000069047580	선식추천	nad-a001-02-000000541754004	bsn-a001-00-000000013604308	15	02	370822	P	1	0	0	1	0
20260901	4291318	cmp-a001-02-000000010764328	grp-a001-02-000000069047580	단백질	nad-a001-02-000000553654562	bsn-a001-00-000000013604308	15	02	684926	M	1	0	0	11	0
20260901	4291318	cmp-a001-02-000000010764328	grp-a001-02-000000069047580	단백질바넛츠	nad-a001-02-000000553654558	bsn-a001-00-000000013604308	15	09	8753	M	1	0	0	5	0
20260901	4291318	cmp-a001-02-000000010764328	grp-a001-02-000000069047580	견과	nad-a001-02-000000541753999	bsn-a001-00-000000013604308	15	14	8753	M	1	0	0	3	0
20260901	4291318	cmp-a001-02-000000010764328	grp-a001-02-000000069047580	프로틴바	nad-a001-02-000000553654554	bsn-a001-00-000000013604308	15	09	529514	M	2	0	0	2	0
20260901	4291318	cmp-a001-02-000000010764328	grp-a001-02-000000069047580	단백질	nad-a001-02-000000553654562	bsn-a001-00-000000013604308	15	09	529514	M	3	0	0	5	0
20260901	4291318	cmp-a001-02-000000010764328	grp-a001-02-000000069047580	견과류	nad-a001-02-000000541753959	bsn-a001-00-000000013604308	15	04	529514	M	10	0	0	30	0
20260901	4291318	cmp-a001-02-000000010764328	grp-a001-02-000000069047580	하루견과	nad-a001-02-000000541753999	bsn-a001-00-000000013604308	15	08	8753	M	1	0	0	1	0
20260901	4291318	cmp-a001-02-000000010764328	grp-a001-02-000000069047580	견과류	nad-a001-02-000000541753999	bsn-a001-00-000000013604308	15	13	11068	P	1	1	2261	2	0
20260901	4291318	cmp-a001-02-000000010764328	grp-a001-02-000000069047580	하루견과	nad-a001-02-000000541753999	bsn-a001-00-000000013604308	15	02	11068	P	1	0	0	2	0
20260901	4291318	cmp-a001-02-000000010764328	grp-a001-02-000000069047580	견과류	nad-a001-02-000000541753959	bsn-a001-00-000000013604308	15	99	11068	P	1	0	0	3	0
20260901	4291318	cmp-a001-02-000000010764328	grp-a001-02-000000069047580	견과류세트	nad-a001-02-000000541753960	bsn-a001-00-000000013604308	15	15	684924	M	1	0	0	1	0
20260901	4291318	cmp-a001-02-000000010764328	grp-a001-02-000000069047580	견과류	nad-a001-02-000000541753999	bsn-a001-00-000000013604308	15	04	529514	M	10	0	0	20	0
20260901	4291318	cmp-a001-02-000000010764328	grp-a001-02-000000069047580	견과류	nad-a001-02-000000541753999	bsn-a001-00-000000013604308	15	09	684926	M	3	0	0	7	0
20260901	4291318	cmp-a001-02-000000010764328	grp-a001-02-000000069047580	단백질간식	nad-a001-02-000000553654558	bsn-a001-00-000000013604308	15	18	8753	M	1	0	0	3	0
20260901	4291318	cmp-a001-02-000000010764328	grp-a001-02-000000069047580	단백질간식부드러운	nad-a001-02-000000553654554	bsn-a001-00-000000013604308	15	15	27758	P	1	0	0	1	0
20260901	4291318	cmp-a001-02-000000010764328	grp-a001-02-000000069047580	단백질	nad-a001-02-000000553654562	bsn-a001-00-000000013604308	15	00	98128	M	1	0	0	1	0
20260901	4291318	cmp-a001-02-000000010764328	grp-a001-02-000000069047580	견과류	nad-a001-02-000000541753960	bsn-a001-00-000000013604308	15	04	8753	M	3	0	0	14	0
20260901	4291318	cmp-a001-02-000000010764328	grp-a001-02-000000069047580	프로틴	nad-a001-02-000000553654562	bsn-a001-00-000000013604308	15	15	529514	M	3	0	0	3	0
20260901	4291318	cmp-a001-02-000000010764328	grp-a001-02-000000069047580	하루견과	nad-a001-02-000000541753959	bsn-a001-00-000000013604308	15	15	27758	P	1	0	0	2	0
20260901	4291318	cmp-a001-02-000000010764328	grp-a001-02-000000069047580	영양식	nad-a001-02-000000541753965	bsn-a001-00-000000013604308	15	09	529514	M	2	0	0	14	0
20260901	4291318	cmp-a001-02-000000010764328	grp-a001-02-000000069047580	견과류	nad-a001-02-000000541753959	bsn-a001-00-000000013604308	15	04	8753	M	3	0	0	11	0
20260901	4291318	cmp-a001-02-000000010764328	grp-a001-02-000000069047580	견과류세트	nad-a001-02-000000541753959	bsn-a001-00-000000013604308	15	02	8753	M	2	0	0	8	0
20260901	4291318	cmp-a001-02-000000010764328	grp-a001-02-000000069047580	하루견과	nad-a001-02-000000541753959	bsn-a001-00-000000013604308	15	09	11068	P	1	0	0	4	0
20260901	4291318	cmp-a001-02-000000010764328	grp-a001-02-000000069047580	프로틴바	nad-a001-02-000000553654554	bsn-a001-00-000000013604308	15	99	768323	M	2	0	0	2	0
20260901	4291318	cmp-a001-02-000000010764328	grp-a001-02-000000069047580	분말	nad-a001-02-000000541753996	bsn-a001-00-000000013604308	15	07	684924	M	1	0	0	1	0
20260901	4291318	cmp-a001-02-000000010764328	grp-a001-02-000000069047580	사랑	nad-a001-02-000000553654559	bsn-a001-00-000000013604308	15	02	98128	M	1	0	0	6	0
20260901	4291318	cmp-a001-02-000000010764328	grp-a001-02-000000069047580	견과	nad-a001-02-000000541753959	bsn-a001-00-000000013604308	15	14	8753	M	1	0	0	2	0
20260901	4291318	cmp-a001-02-000000010764328	grp-a001-02-000000069047580	에너지바순위	nad-a001-02-000000553654558	bsn-a001-00-000000013604308	15	02	8753	M	1	0	0	3	0
20260901	4291318	cmp-a001-02-000000010764328	grp-a001-02-000000069047580	견과류	nad-a001-02-000000541753960	bsn-a001-00-000000013604308	15	04	529514	M	10	0	0	40	0
20260901	4291318	cmp-a001-02-000000010764328	grp-a001-02-000000072573876	라이프밀프리미엄	nad-a001-02-000000573683835	bsn-a001-00-000000013604308	15	02	684924	M	1	0	0	1	0
20260901	4291318	cmp-a001-02-000000010764328	grp-a001-02-000000069047580	하루	nad-a001-02-000000541753960	bsn-a001-00-000000013604308	15	16	98128	M	1	0	0	3	0
20260901	4291318	cmp-a001-02-000000010764328	grp-a001-02-000000069047580	단백질바	nad-a001-02-000000553654554	bsn-a001-00-000000013604308	15	09	27758	P	1	0	0	4	0
20260901	4291318	cmp-a001-02-000000010764328	grp-a001-02-000000069047580	견과류	nad-a001-02-000000541753960	bsn-a001-00-000000013604308	15	18	529514	M	12	0	0	48	0
20260901	4291318	cmp-a001-02-000000010764328	grp-a001-02-000000069047580	하루견과	nad-a001-02-000000541753960	bsn-a001-00-000000013604308	15	08	8753	M	1	0	0	5	0
20260901	4291318	cmp-a001-02-000000010764328	grp-a001-02-000000069047580	닥터넛쳐근겨롸세트	nad-a001-02-000000541753999	bsn-a001-00-000000013604308	15	09	11068	P	1	0	0	1	0
20260901	4291318	cmp-a001-02-000000010764328	grp-a001-02-000000069047580	하루견과	nad-a001-02-000000541753999	bsn-a001-00-000000013604308	15	11	684925	P	1	0	0	1	0
20260901	4291318	cmp-a001-02-000000010764328	grp-a001-02-000000069047580	갓	nad-a001-02-000000541753999	bsn-a001-00-000000013604308	15	02	684924	M	1	0	0	1	0
20260901	4291318	cmp-a001-02-000000010764328	grp-a001-02-000000069047580	젤리	nad-a001-02-000000541753985	bsn-a001-00-000000013604308	15	08	87620	M	1	0	0	2	0
20260901	4291318	cmp-a001-02-000000010764328	grp-a001-02-000000069047580	하루만	nad-a001-02-000000553654562	bsn-a001-00-000000013604308	15	99	529514	M	2	0	0	18	0
20260901	4291318	cmp-a001-02-000000010764328	grp-a001-02-000000069047580	젤리	nad-a001-02-000000541753985	bsn-a001-00-000000013604308	15	99	768323	M	3	0	0	7	0
20260901	4291318	cmp-a001-02-000000010764328	grp-a001-02-000000069047580	견과류세트	nad-a001-02-000000541753960	bsn-a001-00-000000013604308	15	15	8753	M	1	0	0	4	0
20260901	4291318	cmp-a001-02-000000010764328	grp-a001-02-000000069047580	사랑이	nad-a001-02-000000553654558	bsn-a001-00-000000013604308	15	02	529514	M	2	0	0	8	0
20260901	4291318	cmp-a001-02-000000010764328	grp-a001-02-000000069047580	단백질보충제	nad-a001-02-000000553654562	bsn-a001-00-000000013604308	15	18	87620	M	2	0	0	2	0
20260901	4291318	cmp-a001-02-000000010764328	grp-a001-02-000000069047580	하루견과	nad-a001-02-000000541753959	bsn-a001-00-000000013604308	15	16	27758	P	1	0	0	2	0
20260901	4291318	cmp-a001-02-000000010764328	grp-a001-02-000000069047580	견과류	nad-a001-02-000000541753959	bsn-a001-00-000000013604308	15	11	529514	M	7	0	0	21	0
20260901	4291318	cmp-a001-02-000000010764328	grp-a001-02-000000069047580	견과류	nad-a001-02-000000541753959	bsn-a001-00-000000013604308	15	03	684924	M	1	0	0	1	0
20260901	4291318	cmp-a001-02-000000010764328	grp-a001-02-000000069047580	젤리	nad-a001-02-000000541753985	bsn-a001-00-000000013604308	15	07	27758	P	1	0	0	4	0
20260901	4291318	cmp-a001-02-000000010764328	grp-a001-02-000000069047580	하루	nad-a001-02-000000541753959	bsn-a001-00-000000013604308	15	02	98128	M	3	0	0	12	0
20260901	4291318	cmp-a001-02-000000010764328	grp-a001-02-000000069047580	사랑	nad-a001-02-000000553654559	bsn-a001-00-000000013604308	15	11	98128	M	1	0	0	6	0
20260901	4291318	cmp-a001-02-000000010764328	grp-a001-02-000000069047580	갓	nad-a001-02-000000541753960	bsn-a001-00-000000013604308	15	15	8753	M	1	0	0	2	0
20260901	4291318	cmp-a001-02-000000010764328	grp-a001-02-000000069047580	하루견과	nad-a001-02-000000541753999	bsn-a001-00-000000013604308	15	02	684926	M	4	0	0	6	0
20260901	4291318	cmp-a001-02-000000010764328	grp-a001-02-000000069047580	하루견과	nad-a001-02-000000541753960	bsn-a001-00-000000013604308	15	09	633013	M	6	0	0	18	0
20260901	4291318	cmp-a001-02-000000010764328	grp-a001-02-000000069047580	하루견과	nad-a001-02-000000541753959	bsn-a001-00-000000013604308	15	11	633013	M	2	0	0	4	0
20260901	4291318	cmp-a001-02-000000010764328	grp-a001-02-000000069047580	단백질	nad-a001-02-000000553654562	bsn-a001-00-000000013604308	15	99	529514	M	3	0	0	5	0
20260901	4291318	cmp-a001-02-000000010764328	grp-a001-02-000000069047580	젤리	nad-a001-02-000000541753985	bsn-a001-00-000000013604308	15	99	529514	M	6	0	0	6	0
20260901	4291318	cmp-a001-02-000000010764328	grp-a001-02-000000069047580	젤리브랜드	nad-a001-02-000000541753985	bsn-a001-00-000000013604308	15	07	684924	M	1	0	0	1	0
20260901	4291318	cmp-a001-02-000000010764328	grp-a001-02-000000069047580	하루견과	nad-a001-02-000000541753999	bsn-a001-00-000000013604308	15	11	8753	M	1	0	0	3	0
20260901	4291318	cmp-a001-02-000000010764328	grp-a001-02-000000069047580	자연에성품견과	nad-a001-02-000000541753999	bsn-a001-00-000000013604308	15	09	27758	P	1	0	0	2	0
20260901	4291318	cmp-a001-02-000000010764328	grp-a001-02-000000069047580	사랑	nad-a001-02-000000553654554	bsn-a001-00-000000013604308	15	02	98128	M	1	0	0	2	0
20260901	4291318	cmp-a001-02-000000010764328	grp-a001-02-000000069047580	가루	nad-a001-02-000000541754004	bsn-a001-00-000000013604308	15	09	684924	M	1	0	0	1	0
20260901	4291318	cmp-a001-02-000000010764328	grp-a001-02-000000069047580	견과류	nad-a001-02-000000541753960	bsn-a001-00-000000013604308	15	02	33421	M	2	0	0	10	0
20260901	4291318	cmp-a001-02-000000010764328	grp-a001-02-000000069047580	하루견과	nad-a001-02-000000541753959	bsn-a001-00-000000013604308	15	02	529514	M	6	0	0	18	0
20260901	4291318	cmp-a001-02-000000010764328	grp-a001-02-000000069047580	프로틴	nad-a001-02-000000553654562	bsn-a001-00-000000013604308	15	99	768323	M	13	0	0	21	0
20260901	4291318	cmp-a001-02-000000010764328	grp-a001-02-000000069047580	하루견과	nad-a001-02-000000541753959	bsn-a001-00-000000013604308	15	99	633013	M	2	0	0	4	0
20260901	4291318	cmp-a001-02-000000010764328	grp-a001-02-000000069047580	하루견과	nad-a001-02-000000541753960	bsn-a001-00-000000013604308	15	11	633013	M	2	0	0	6	0
20260901	4291318	cmp-a001-02-000000010764328	grp-a001-02-000000069047580	프로틴	nad-a001-02-000000553654562	bsn-a001-00-000000013604308	15	06	768323	M	5	0	0	7	0
20260901	4291318	cmp-a001-02-000000010764328	grp-a001-02-000000069047580	하루견과	nad-a001-02-000000541753959	bsn-a001-00-000000013604308	15	08	684926	M	3	0	0	12	0
20260901	4291318	cmp-a001-02-000000010764328	grp-a001-02-000000069047580	칼로리바	nad-a001-02-000000553654558	bsn-a001-00-000000013604308	15	09	8753	M	1	0	0	2	0
20260901	4291318	cmp-a001-02-000000010764328	grp-a001-02-000000069047580	GS초코크런치	nad-a001-02-000000553654554	bsn-a001-00-000000013604308	15	02	8753	M	1	0	0	1	0
20260901	4291318	cmp-a001-02-000000010764328	grp-a001-02-000000069047580	단백질보충제	nad-a001-02-000000553654562	bsn-a001-00-000000013604308	15	99	529514	M	2	0	0	2	0
20260901	4291318	cmp-a001-02-000000010764328	grp-a001-02-000000069047580	에너지바	nad-a001-02-000000553654559	bsn-a001-00-000000013604308	15	09	684927	P	1	0	0	8	0
20260901	4291318	cmp-a001-02-000000010764328	grp-a001-02-000000069047580	단백질바	nad-a001-02-000000553654554	bsn-a001-00-000000013604308	15	02	529514	M	2	0	0	2	0
20260901	4291318	cmp-a001-02-000000010764328	grp-a001-02-000000069047580	칼로리바	nad-a001-02-000000553654559	bsn-a001-00-000000013604308	15	02	8753	M	1	0	0	3	0
20260901	4291318	cmp-a001-02-000000010764328	grp-a001-02-000000069047580	사랑	nad-a001-02-000000553654559	bsn-a001-00-000000013604308	15	99	98128	M	1	0	0	6	0
20260901	4291318	cmp-a001-02-000000010764328	grp-a001-02-000000069047580	견과류	nad-a001-02-000000541753999	bsn-a001-00-000000013604308	15	09	684927	P	2	1	2441	4	0
20260901	4291318	cmp-a001-02-000000010764328	grp-a001-02-000000069047580	하루견과	nad-a001-02-000000541753960	bsn-a001-00-000000013604308	15	99	8753	M	2	0	0	7	0
20260901	4291318	cmp-a001-02-000000010764328	grp-a001-02-000000069047580	오죽한줌견과	nad-a001-02-000000541753960	bsn-a001-00-000000013604308	15	02	341893	M	1	0	0	2	0
20260901	4291318	cmp-a001-02-000000010764328	grp-a001-02-000000069047580	오하루견과류	nad-a001-02-000000541753959	bsn-a001-00-000000013604308	15	09	341893	M	1	0	0	1	0
20260901	4291318	cmp-a001-02-000000010764328	grp-a001-02-000000069047580	견과류	nad-a001-02-000000541753959	bsn-a001-00-000000013604308	15	18	529514	M	12	0	0	36	0
20260901	4291318	cmp-a001-02-000000010764328	grp-a001-02-000000069047580	견과류	nad-a001-02-000000541753999	bsn-a001-00-000000013604308	15	04	684927	P	1	0	0	2	0
20260901	4291318	cmp-a001-02-000000010764328	grp-a001-02-000000069047580	견과	nad-a001-02-000000541753960	bsn-a001-00-000000013604308	15	17	11068	P	1	0	0	5	0
20260901	4291318	cmp-a001-02-000000010764328	grp-a001-02-000000069047580	프로틴바	nad-a001-02-000000553654558	bsn-a001-00-000000013604308	15	02	529514	M	2	0	0	4	0
20260901	4291318	cmp-a001-02-000000010764328	grp-a001-02-000000069047580	견과류	nad-a001-02-000000541753999	bsn-a001-00-000000013604308	15	15	529514	M	5	0	0	10	0
20260901	4291318	cmp-a001-02-000000010764328	grp-a001-02-000000069047580	칼로리바	nad-a001-02-000000553654554	bsn-a001-00-000000013604308	15	13	684924	M	1	0	0	1	0
20260901	4291318	cmp-a001-02-000000010764328	grp-a001-02-000000069047580	하루견과류	nad-a001-02-000000541753959	bsn-a001-00-000000013604308	15	09	341893	M	1	0	0	1	0
20260901	4291318	cmp-a001-02-000000010764328	grp-a001-02-000000069047580	황성주생식	nad-a001-02-000000541753997	bsn-a001-00-000000013604308	14	11	424040	M	1	0	0	1	0
20260901	4291318	cmp-a001-02-000000010764328	grp-a001-02-000000069047580	하루견과	nad-a001-02-000000541753959	bsn-a001-00-000000013604308	10	16	8753	M	1	0	0	4	0
20260901	4291318	cmp-a001-02-000000010764328	grp-a001-02-000000069047580	하루견과	nad-a001-02-000000541753999	bsn-a001-00-000000013604308	10	16	8753	M	1	0	0	1	0
20260901	4291318	cmp-a001-02-000000010764328	grp-a001-02-000000069047580	하루견과	nad-a001-02-000000541753960	bsn-a001-00-000000013604308	10	16	8753	M	1	0	0	5	0
20260901	4291318	cmp-a001-02-000000010764328	grp-a001-02-000000072573876	신세계VIP추석선물골드	nad-a001-02-000000573683835	bsn-a001-00-000000013604308	10	07	8753	M	1	0	0	2	0
20260901	4291318	cmp-a001-02-000000010764328	grp-a001-02-000000069047580	하루만	nad-a001-02-000000541753960	bsn-a001-00-000000013604308	09	09	529514	M	2	0	0	8	0
20260901	4291318	cmp-a001-02-000000010764328	grp-a001-02-000000069047580	견과류	nad-a001-02-000000541753960	bsn-a001-00-000000013604308	09	07	529514	M	3	0	0	12	0
20260901	4291318	cmp-a001-02-000000010764328	grp-a001-02-000000069047580	하루견과	nad-a001-02-000000541753959	bsn-a001-00-000000013604308	09	02	684927	P	1	0	0	6	0
20260901	4291318	cmp-a001-02-000000010764328	grp-a001-02-000000069047580	영양식	nad-a001-02-000000541753965	bsn-a001-00-000000013604308	09	02	529514	M	2	0	0	13	0
20260901	4291318	cmp-a001-02-000000010764328	grp-a001-02-000000069047580	하루만	nad-a001-02-000000541753959	bsn-a001-00-000000013604308	09	09	529514	M	2	0	0	6	0
20260901	4291318	cmp-a001-02-000000010764328	grp-a001-02-000000069047580	견과	nad-a001-02-000000541753999	bsn-a001-00-000000013604308	09	16	8753	M	1	0	0	3	0
20260901	4291318	cmp-a001-02-000000010764328	grp-a001-02-000000069047580	황성주생식라이프밀	nad-a001-02-000000541753997	bsn-a001-00-000000013604308	09	08	8753	M	1	0	0	1	0
20260901	4291318	cmp-a001-02-000000010764328	grp-a001-02-000000069047580	프로틴바	nad-a001-02-000000553654558	bsn-a001-00-000000013604308	09	02	87620	M	1	0	0	2	0
20260901	4291318	cmp-a001-02-000000010764328	grp-a001-02-000000069047580	하루만	nad-a001-02-000000541753959	bsn-a001-00-000000013604308	09	03	529514	M	2	0	0	6	0
20260901	4291318	cmp-a001-02-000000010764328	grp-a001-02-000000069047580	프로틴바	nad-a001-02-000000553654558	bsn-a001-00-000000013604308	09	10	529514	M	2	0	0	4	0
20260901	4291318	cmp-a001-02-000000010764328	grp-a001-02-000000069047580	황성주생식	nad-a001-02-000000541753996	bsn-a001-00-000000013604308	09	11	8753	M	3	0	0	9	0
20260901	4291318	cmp-a001-02-000000010764328	grp-a001-02-000000069047580	견과세트	nad-a001-02-000000541753960	bsn-a001-00-000000013604308	09	11	768323	M	1	0	0	2	0
20260901	4291318	cmp-a001-02-000000010764328	grp-a001-02-000000069047580	견과류	nad-a001-02-000000541753960	bsn-a001-00-000000013604308	09	02	529514	M	21	0	0	84	0
20260901	4291318	cmp-a001-02-000000010764328	grp-a001-02-000000072573876	라이프밀브랜드스토어	nad-a001-02-000000573683835	bsn-a001-00-000000013604308	09	08	8753	M	1	0	0	1	0
20260901	4291318	cmp-a001-02-000000010764328	grp-a001-02-000000069047580	황성주생식	nad-a001-02-000000541753997	bsn-a001-00-000000013604308	09	09	633013	M	2	0	0	2	0
20260901	4291318	cmp-a001-02-000000010764328	grp-a001-02-000000069047580	황성주생식	nad-a001-02-000000541754004	bsn-a001-00-000000013604308	09	18	341893	M	1	0	0	1	0
20260901	4291318	cmp-a001-02-000000010764328	grp-a001-02-000000069047580	황성주생식	nad-a001-02-000000541753996	bsn-a001-00-000000013604308	09	11	684924	M	1	0	0	1	0
20260901	4291318	cmp-a001-02-000000010764328	grp-a001-02-000000069047580	견과류	nad-a001-02-000000541753959	bsn-a001-00-000000013604308	09	15	529514	M	2	0	0	6	0
20260901	4291318	cmp-a001-02-000000010764328	grp-a001-02-000000069047580	야스타순무첨가아몬드	nad-a001-02-000000541753960	bsn-a001-00-000000013604308	09	02	8753	M	1	0	0	4	0
20260901	4291318	cmp-a001-02-000000010764328	grp-a001-02-000000069047580	칼로리바	nad-a001-02-000000553654554	bsn-a001-00-000000013604308	09	09	8753	M	1	0	0	1	0
20260901	4291318	cmp-a001-02-000000010764328	grp-a001-02-000000069047580	견과류추천	nad-a001-02-000000541753999	bsn-a001-00-000000013604308	09	02	8753	M	1	0	0	4	0
20260901	4291318	cmp-a001-02-000000010764328	grp-a001-02-000000069047580	개량누룩	nad-a001-02-000000541753996	bsn-a001-00-000000013604308	09	09	370822	P	1	0	0	1	0
20260901	4291318	cmp-a001-02-000000010764328	grp-a001-02-000000069047580	단백질	nad-a001-02-000000553654562	bsn-a001-00-000000013604308	09	99	529514	M	3	0	0	4	0
20260901	4291318	cmp-a001-02-000000010764328	grp-a001-02-000000069047580	칼로리바	nad-a001-02-000000553654559	bsn-a001-00-000000013604308	09	09	27758	P	1	0	0	3	0
20260901	4291318	cmp-a001-02-000000010764328	grp-a001-02-000000069047580	견과류	nad-a001-02-000000541753960	bsn-a001-00-000000013604308	09	15	529514	M	2	0	0	8	0
20260901	4291318	cmp-a001-02-000000010764328	grp-a001-02-000000069047580	황성주생식	nad-a001-02-000000541754004	bsn-a001-00-000000013604308	09	11	8753	M	3	0	0	6	0
20260901	4291318	cmp-a001-02-000000010764328	grp-a001-02-000000069047580	황성주생식	nad-a001-02-000000541754004	bsn-a001-00-000000013604308	09	09	8753	M	2	0	0	4	0
20260901	4291318	cmp-a001-02-000000010764328	grp-a001-02-000000069047580	단백질바	nad-a001-02-000000553654559	bsn-a001-00-000000013604308	09	00	23123	P	1	0	0	7	0
20260901	4291318	cmp-a001-02-000000010764328	grp-a001-02-000000069047580	견과류	nad-a001-02-000000541753960	bsn-a001-00-000000013604308	09	03	529514	M	10	0	0	40	0
20260901	4291318	cmp-a001-02-000000010764328	grp-a001-02-000000069047580	단백질보충제	nad-a001-02-000000553654562	bsn-a001-00-000000013604308	09	17	529514	M	2	0	0	2	0
20260901	4291318	cmp-a001-02-000000010764328	grp-a001-02-000000069047580	황성주생식라이프밀구성품	nad-a001-02-000000541753997	bsn-a001-00-000000013604308	09	11	8753	M	1	0	0	1	0
20260901	4291318	cmp-a001-02-000000010764328	grp-a001-02-000000069047580	견과류	nad-a001-02-000000541753960	bsn-a001-00-000000013604308	09	09	529514	M	46	0	0	184	0
20260901	4291318	cmp-a001-02-000000010764328	grp-a001-02-000000069047580	견과세트	nad-a001-02-000000541753959	bsn-a001-00-000000013604308	09	08	768323	M	2	0	0	2	0
20260901	4291318	cmp-a001-02-000000010764328	grp-a001-02-000000069047580	사랑님	nad-a001-02-000000553654558	bsn-a001-00-000000013604308	09	08	529514	M	14	0	0	56	0
20260901	4291318	cmp-a001-02-000000010764328	grp-a001-02-000000069047580	하루견과	nad-a001-02-000000541753959	bsn-a001-00-000000013604308	09	07	27758	P	1	0	0	3	0
20260901	4291318	cmp-a001-02-000000010764328	grp-a001-02-000000069047580	갓	nad-a001-02-000000541753960	bsn-a001-00-000000013604308	09	02	529514	M	3	0	0	7	0
20260901	4291318	cmp-a001-02-000000010764328	grp-a001-02-000000069047580	황성주생식	nad-a001-02-000000541753997	bsn-a001-00-000000013604308	09	13	8753	M	1	0	0	1	0
20260901	4291318	cmp-a001-02-000000010764328	grp-a001-02-000000069047580	에너지바	nad-a001-02-000000553654558	bsn-a001-00-000000013604308	09	18	23123	P	1	0	0	2	0
20260901	4291318	cmp-a001-02-000000010764328	grp-a001-02-000000069047580	견과류	nad-a001-02-000000541753959	bsn-a001-00-000000013604308	09	10	529514	M	6	0	0	18	0
20260901	4291318	cmp-a001-02-000000010764328	grp-a001-02-000000069047580	오행생식	nad-a001-02-000000541754005	bsn-a001-00-000000013604308	09	09	341898	M	1	0	0	1	0
20260901	4291318	cmp-a001-02-000000010764328	grp-a001-02-000000069047580	견과세트	nad-a001-02-000000541753959	bsn-a001-00-000000013604308	09	16	768323	M	1	0	0	1	0
20260901	4291318	cmp-a001-02-000000010764328	grp-a001-02-000000069047580	단백질바	nad-a001-02-000000553654558	bsn-a001-00-000000013604308	09	00	23123	P	1	0	0	2	0
20260901	4291318	cmp-a001-02-000000010764328	grp-a001-02-000000069047580	프로틴	nad-a001-02-000000553654562	bsn-a001-00-000000013604308	09	15	529514	M	1	0	0	1	0
20260901	4291318	cmp-a001-02-000000010764328	grp-a001-02-000000069047580	칼로리바닥터	nad-a001-02-000000553654559	bsn-a001-00-000000013604308	09	03	8753	M	1	0	0	3	0
20260901	4291318	cmp-a001-02-000000010764328	grp-a001-02-000000069047580	황성주생식	nad-a001-02-000000541754004	bsn-a001-00-000000013604308	09	02	341893	M	3	0	0	3	0
20260901	4291318	cmp-a001-02-000000010764328	grp-a001-02-000000069047580	하루견과	nad-a001-02-000000541753959	bsn-a001-00-000000013604308	09	09	341898	M	1	0	0	1	0
20260901	4291318	cmp-a001-02-000000010764328	grp-a001-02-000000069047580	공복견과류	nad-a001-02-000000541753959	bsn-a001-00-000000013604308	09	09	8753	M	1	0	0	3	0
20260901	4291318	cmp-a001-02-000000010764328	grp-a001-02-000000069047580	견과류	nad-a001-02-000000541753960	bsn-a001-00-000000013604308	09	09	27758	P	1	0	0	4	0
20260901	4291318	cmp-a001-02-000000010764328	grp-a001-02-000000069047580	단백질바	nad-a001-02-000000553654559	bsn-a001-00-000000013604308	09	00	684926	M	6	0	0	66	0
20260901	4291318	cmp-a001-02-000000010764328	grp-a001-02-000000069047580	하루	nad-a001-02-000000541753960	bsn-a001-00-000000013604308	09	06	137281	M	8	0	0	8	0
20260901	4291318	cmp-a001-02-000000010764328	grp-a001-02-000000069047580	황성주생식	nad-a001-02-000000541754005	bsn-a001-00-000000013604308	09	13	33421	M	1	0	0	4	0
20260901	4291318	cmp-a001-02-000000010764328	grp-a001-02-000000069047580	황성주생식	nad-a001-02-000000541754004	bsn-a001-00-000000013604308	09	09	341893	M	3	0	0	3	0
20260901	4291318	cmp-a001-02-000000010764328	grp-a001-02-000000069047580	균형영양식	nad-a001-02-000000541753965	bsn-a001-00-000000013604308	09	09	529514	M	1	0	0	6	0
20260901	4291318	cmp-a001-02-000000010764328	grp-a001-02-000000069047580	견과세트	nad-a001-02-000000541753959	bsn-a001-00-000000013604308	09	10	768323	M	1	0	0	2	0
20260901	4291318	cmp-a001-02-000000010764328	grp-a001-02-000000069047580	황성주생식	nad-a001-02-000000541754004	bsn-a001-00-000000013604308	09	16	341893	M	1	0	0	1	0
20260901	4291318	cmp-a001-02-000000010764328	grp-a001-02-000000069047580	하루견과	nad-a001-02-000000541753960	bsn-a001-00-000000013604308	09	09	11068	P	1	0	0	3	0
20260901	4291318	cmp-a001-02-000000010764328	grp-a001-02-000000069047580	황성주생식라이프밀	nad-a001-02-000000541754005	bsn-a001-00-000000013604308	09	08	8753	M	1	0	0	4	0
20260901	4291318	cmp-a001-02-000000010764328	grp-a001-02-000000069047580	하루견과	nad-a001-02-000000541753959	bsn-a001-00-000000013604308	09	08	27758	P	1	0	0	3	0
20260901	4291318	cmp-a001-02-000000010764328	grp-a001-02-000000069047580	동결건조활용한예	nad-a001-02-000000541754004	bsn-a001-00-000000013604308	09	08	8753	M	1	0	0	2	0
20260901	4291318	cmp-a001-02-000000010764328	grp-a001-02-000000069047580	하루견과	nad-a001-02-000000541753959	bsn-a001-00-000000013604308	09	02	27758	P	2	0	0	7	0
20260901	4291318	cmp-a001-02-000000010764328	grp-a001-02-000000069047580	황성주생식	nad-a001-02-000000541753996	bsn-a001-00-000000013604308	09	09	633013	M	2	0	0	6	0
20260901	4291318	cmp-a001-02-000000010764328	grp-a001-02-000000069047580	견과	nad-a001-02-000000541753999	bsn-a001-00-000000013604308	09	15	27758	P	1	0	0	3	0
20260901	4291318	cmp-a001-02-000000010764328	grp-a001-02-000000069047580	견과류추천	nad-a001-02-000000541753960	bsn-a001-00-000000013604308	09	99	8753	M	1	0	0	5	0
20260901	4291318	cmp-a001-02-000000010764328	grp-a001-02-000000069047580	사랑	nad-a001-02-000000553654558	bsn-a001-00-000000013604308	09	09	98128	M	3	0	0	12	0
20260901	4291318	cmp-a001-02-000000010764328	grp-a001-02-000000069047580	견과세트	nad-a001-02-000000541753959	bsn-a001-00-000000013604308	09	15	768323	M	2	0	0	4	0
20260901	4291318	cmp-a001-02-000000010764328	grp-a001-02-000000069047580	해피넛하루견과	nad-a001-02-000000541753959	bsn-a001-00-000000013604308	09	09	27758	P	1	0	0	2	0
20260901	4291318	cmp-a001-02-000000010764328	grp-a001-02-000000069047580	하루견과	nad-a001-02-000000541753959	bsn-a001-00-000000013604308	09	99	529514	M	2	0	0	5	0
20260901	4291318	cmp-a001-02-000000010764328	grp-a001-02-000000069047580	원주간식포장	nad-a001-02-000000541753999	bsn-a001-00-000000013604308	09	01	27758	P	1	0	0	1	0
20260901	4291318	cmp-a001-02-000000010764328	grp-a001-02-000000069047580	하루견과	nad-a001-02-000000541753960	bsn-a001-00-000000013604308	09	16	8753	M	2	0	0	10	0
20260901	4291318	cmp-a001-02-000000010764328	grp-a001-02-000000069047580	프로틴	nad-a001-02-000000553654562	bsn-a001-00-000000013604308	09	07	768323	M	1	0	0	1	0
20260901	4291318	cmp-a001-02-000000010764328	grp-a001-02-000000069047580	사랑이	nad-a001-02-000000553654559	bsn-a001-00-000000013604308	09	15	529514	M	2	0	0	22	0
20260901	4291318	cmp-a001-02-000000010764328	grp-a001-02-000000069047580	하루견과	nad-a001-02-000000541753999	bsn-a001-00-000000013604308	09	13	8753	M	1	0	0	1	0
20260901	4291318	cmp-a001-02-000000010764328	grp-a001-02-000000069047580	견과류	nad-a001-02-000000541753960	bsn-a001-00-000000013604308	09	04	529514	M	4	0	0	16	0
20260901	4291318	cmp-a001-02-000000010764328	grp-a001-02-000000069047580	프로틴	nad-a001-02-000000553654562	bsn-a001-00-000000013604308	09	02	768323	M	14	0	0	17	0
20260901	4291318	cmp-a001-02-000000010764328	grp-a001-02-000000069047580	중국견과류브랜드	nad-a001-02-000000541753999	bsn-a001-00-000000013604308	09	09	27758	P	1	0	0	1	0
20260901	4291318	cmp-a001-02-000000010764328	grp-a001-02-000000069047580	칼로리바가격	nad-a001-02-000000553654554	bsn-a001-00-000000013604308	09	02	8753	M	1	0	0	1	0
20260901	4291318	cmp-a001-02-000000010764328	grp-a001-02-000000069047580	견과류	nad-a001-02-000000541753959	bsn-a001-00-000000013604308	09	09	684926	M	1	0	0	4	0
20260901	4291318	cmp-a001-02-000000010764328	grp-a001-02-000000069047580	칼로리바	nad-a001-02-000000553654558	bsn-a001-00-000000013604308	09	09	684925	P	1	0	0	1	0
20260901	4291318	cmp-a001-02-000000010764328	grp-a001-02-000000069047580	단백질간식	nad-a001-02-000000553654558	bsn-a001-00-000000013604308	09	09	11068	P	1	0	0	2	0
20260901	4291318	cmp-a001-02-000000010764328	grp-a001-02-000000069047580	사탕젤리	nad-a001-02-000000541753985	bsn-a001-00-000000013604308	09	11	23123	P	1	0	0	6	0
20260901	4291318	cmp-a001-02-000000010764328	grp-a001-02-000000069047580	프로틴바	nad-a001-02-000000553654558	bsn-a001-00-000000013604308	09	18	529514	M	8	0	0	16	0
20260901	4291318	cmp-a001-02-000000010764328	grp-a001-02-000000069047580	에너지바	nad-a001-02-000000553654554	bsn-a001-00-000000013604308	09	07	8753	M	1	0	0	3	0
20260901	4291318	cmp-a001-02-000000010764328	grp-a001-02-000000069047580	황성주생식	nad-a001-02-000000541754004	bsn-a001-00-000000013604308	09	16	341898	M	2	0	0	2	0
20260901	4291318	cmp-a001-02-000000010764328	grp-a001-02-000000069047580	견과류	nad-a001-02-000000541753959	bsn-a001-00-000000013604308	09	09	684925	P	4	0	0	4	0
20260901	4291318	cmp-a001-02-000000010764328	grp-a001-02-000000069047580	황성주생식라이프밀	nad-a001-02-000000541753996	bsn-a001-00-000000013604308	09	08	684924	M	1	0	0	1	0
20260901	4291318	cmp-a001-02-000000010764328	grp-a001-02-000000069047580	단백질쉐이크	nad-a001-02-000000553654562	bsn-a001-00-000000013604308	09	07	529514	M	1	0	0	1	0
20260901	4291318	cmp-a001-02-000000010764328	grp-a001-02-000000069047580	칼로리바	nad-a001-02-000000553654558	bsn-a001-00-000000013604308	09	09	8753	M	1	0	0	2	0
20260901	4291318	cmp-a001-02-000000010764328	grp-a001-02-000000069047580	시리얼바임박	nad-a001-02-000000553654554	bsn-a001-00-000000013604308	09	07	27758	P	1	0	0	2	0
20260901	4291318	cmp-a001-02-000000010764328	grp-a001-02-000000069047580	황성주생식	nad-a001-02-000000541753988	bsn-a001-00-000000013604308	09	15	33421	M	1	0	0	5	0
20260901	4291318	cmp-a001-02-000000010764328	grp-a001-02-000000069047580	가루	nad-a001-02-000000541753997	bsn-a001-00-000000013604308	09	11	8753	M	1	0	0	1	0
20260901	4291318	cmp-a001-02-000000010764328	grp-a001-02-000000069047580	젤리	nad-a001-02-000000541753985	bsn-a001-00-000000013604308	09	09	370822	P	1	0	0	3	0
20260901	4291318	cmp-a001-02-000000010764328	grp-a001-02-000000069047580	견과류	nad-a001-02-000000541753999	bsn-a001-00-000000013604308	09	08	529514	M	6	0	0	12	0
20260901	4291318	cmp-a001-02-000000010764328	grp-a001-02-000000069047580	칼로리바	nad-a001-02-000000553654558	bsn-a001-00-000000013604308	09	03	8753	M	1	0	0	2	0
20260901	4291318	cmp-a001-02-000000010764328	grp-a001-02-000000069047580	단백질바	nad-a001-02-000000553654554	bsn-a001-00-000000013604308	09	09	529514	M	4	0	0	4	0
20260901	4291318	cmp-a001-02-000000010764328	grp-a001-02-000000069047580	하루견과	nad-a001-02-000000541753999	bsn-a001-00-000000013604308	09	99	529514	M	2	0	0	2	0
20260901	4291318	cmp-a001-02-000000010764328	grp-a001-02-000000069047580	견과	nad-a001-02-000000541753999	bsn-a001-00-000000013604308	09	13	684927	P	1	0	0	3	0
20260901	4291318	cmp-a001-02-000000010764328	grp-a001-02-000000069047580	단백질쉐이크	nad-a001-02-000000553654562	bsn-a001-00-000000013604308	09	09	529514	M	20	0	0	29	0
20260901	4291318	cmp-a001-02-000000010764328	grp-a001-02-000000069047580	가루	nad-a001-02-000000541753996	bsn-a001-00-000000013604308	09	09	684924	M	1	0	0	1	0
20260901	4291318	cmp-a001-02-000000010764328	grp-a001-02-000000069047580	단백질	nad-a001-02-000000553654562	bsn-a001-00-000000013604308	09	02	529514	M	1	0	0	1	0
20260901	4291318	cmp-a001-02-000000010764328	grp-a001-02-000000069047580	견과세트	nad-a001-02-000000541753959	bsn-a001-00-000000013604308	09	03	768323	M	3	0	0	4	0
20260901	4291318	cmp-a001-02-000000010764328	grp-a001-02-000000069047580	젤리	nad-a001-02-000000541753985	bsn-a001-00-000000013604308	09	09	137281	M	4	0	0	4	0
20260901	4291318	cmp-a001-02-000000010764328	grp-a001-02-000000069047580	젤리	nad-a001-02-000000541753985	bsn-a001-00-000000013604308	09	14	23123	P	1	0	0	4	0
20260901	4291318	cmp-a001-02-000000010764328	grp-a001-02-000000069047580	견과류	nad-a001-02-000000541753959	bsn-a001-00-000000013604308	09	18	27758	P	2	0	0	4	0
20260901	4291318	cmp-a001-02-000000010764328	grp-a001-02-000000069047580	견과류	nad-a001-02-000000541753959	bsn-a001-00-000000013604308	09	18	684925	P	2	0	0	2	0
20260901	4291318	cmp-a001-02-000000010764328	grp-a001-02-000000069047580	견과류	nad-a001-02-000000541753959	bsn-a001-00-000000013604308	09	01	529514	M	5	0	0	15	0
20260901	4291318	cmp-a001-02-000000010764328	grp-a001-02-000000069047580	하루견과	nad-a001-02-000000541753959	bsn-a001-00-000000013604308	09	09	684924	M	1	0	0	1	0
20260901	4291318	cmp-a001-02-000000010764328	grp-a001-02-000000069047580	단백질보충제	nad-a001-02-000000553654562	bsn-a001-00-000000013604308	09	09	11068	P	1	0	0	20	0
20260901	4291318	cmp-a001-02-000000010764328	grp-a001-02-000000069047580	황성주생식	nad-a001-02-000000541753988	bsn-a001-00-000000013604308	09	18	791888	M	5	0	0	24	0
20260901	4291318	cmp-a001-02-000000010764328	grp-a001-02-000000069047580	단백질바	nad-a001-02-000000553654558	bsn-a001-00-000000013604308	09	09	529514	M	4	0	0	8	0
20260901	4291318	cmp-a001-02-000000010764328	grp-a001-02-000000069047580	하루견과	nad-a001-02-000000541753959	bsn-a001-00-000000013604308	09	02	8753	M	5	0	0	11	0
20260901	4291318	cmp-a001-02-000000010764328	grp-a001-02-000000069047580	황성주생식라이프밀구성품	nad-a001-02-000000541753996	bsn-a001-00-000000013604308	09	11	8753	M	1	0	0	3	0
20260901	4291318	cmp-a001-02-000000010764328	grp-a001-02-000000069047580	갓	nad-a001-02-000000541753999	bsn-a001-00-000000013604308	09	09	8753	M	4	0	0	8	0
20260901	4291318	cmp-a001-02-000000010764328	grp-a001-02-000000069047580	프로틴	nad-a001-02-000000553654562	bsn-a001-00-000000013604308	09	15	768323	M	4	0	0	6	0
20260901	4291318	cmp-a001-02-000000010764328	grp-a001-02-000000069047580	원주간식포장	nad-a001-02-000000541753959	bsn-a001-00-000000013604308	09	01	27758	P	1	0	0	3	0
20260901	4291318	cmp-a001-02-000000010764328	grp-a001-02-000000069047580	단백질간식	nad-a001-02-000000553654558	bsn-a001-00-000000013604308	09	09	684925	P	2	0	0	2	0
20260901	4291318	cmp-a001-02-000000010764328	grp-a001-02-000000069047580	견과류	nad-a001-02-000000541753959	bsn-a001-00-000000013604308	09	09	529514	M	46	0	0	138	0
20260901	4291318	cmp-a001-02-000000010764328	grp-a001-02-000000069047580	사랑님	nad-a001-02-000000553654559	bsn-a001-00-000000013604308	09	08	529514	M	14	0	0	168	0
20260901	4291318	cmp-a001-02-000000010764328	grp-a001-02-000000069047580	단백질바추천	nad-a001-02-000000553654554	bsn-a001-00-000000013604308	09	08	8753	M	1	0	0	4	0
20260901	4291318	cmp-a001-02-000000010764328	grp-a001-02-000000069047580	영양식	nad-a001-02-000000541753965	bsn-a001-00-000000013604308	09	09	529514	M	6	0	0	12	0
20260901	4291318	cmp-a001-02-000000010764328	grp-a001-02-000000069047580	단백질보충제	nad-a001-02-000000553654562	bsn-a001-00-000000013604308	09	02	23123	P	2	0	0	2	0
20260901	4291318	cmp-a001-02-000000010764328	grp-a001-02-000000069047580	황성주생식	nad-a001-02-000000541753996	bsn-a001-00-000000013604308	09	08	684924	M	2	0	0	2	0
20260901	4291318	cmp-a001-02-000000010764328	grp-a001-02-000000069047580	단백질쉐이크	nad-a001-02-000000553654562	bsn-a001-00-000000013604308	09	99	529514	M	1	0	0	2	0
20260901	4291318	cmp-a001-02-000000010764328	grp-a001-02-000000069047580	칼로리바	nad-a001-02-000000553654558	bsn-a001-00-000000013604308	09	13	8753	M	1	0	0	2	0
20260901	4291318	cmp-a001-02-000000010764328	grp-a001-02-000000069047580	하루만	nad-a001-02-000000541753999	bsn-a001-00-000000013604308	09	09	529514	M	2	0	0	3	0
20260901	4291318	cmp-a001-02-000000010764328	grp-a001-02-000000069047580	단백질바	nad-a001-02-000000553654554	bsn-a001-00-000000013604308	09	02	529514	M	4	0	0	4	0
20260901	4291318	cmp-a001-02-000000010764328	grp-a001-02-000000069047580	단백질바	nad-a001-02-000000553654554	bsn-a001-00-000000013604308	09	08	529514	M	2	0	0	2	0
20260901	4291318	cmp-a001-02-000000010764328	grp-a001-02-000000069047580	젤리	nad-a001-02-000000541753985	bsn-a001-00-000000013604308	09	03	768323	M	1	0	0	1	0
20260901	4291318	cmp-a001-02-000000010764328	grp-a001-02-000000069047580	생식가루	nad-a001-02-000000541754005	bsn-a001-00-000000013604308	09	02	8753	M	1	0	0	5	0
20260901	4291318	cmp-a001-02-000000010764328	grp-a001-02-000000069047580	단백질	nad-a001-02-000000553654562	bsn-a001-00-000000013604308	09	03	137281	M	1	0	0	2	0
20260901	4291318	cmp-a001-02-000000010764328	grp-a001-02-000000069047580	황성주생식라이프밀	nad-a001-02-000000541754004	bsn-a001-00-000000013604308	09	15	341893	M	1	0	0	1	0
20260901	4291318	cmp-a001-02-000000010764328	grp-a001-02-000000069047580	견과류	nad-a001-02-000000541753999	bsn-a001-00-000000013604308	09	13	27758	P	1	0	0	3	0
20260901	4291318	cmp-a001-02-000000010764328	grp-a001-02-000000069047580	프로틴쉐이크	nad-a001-02-000000553654562	bsn-a001-00-000000013604308	09	09	529514	M	2	0	0	2	0
20260901	4291318	cmp-a001-02-000000010764328	grp-a001-02-000000069047580	프로틴	nad-a001-02-000000553654562	bsn-a001-00-000000013604308	09	07	529514	M	12	0	0	12	0
20260901	4291318	cmp-a001-02-000000010764328	grp-a001-02-000000069047580	견과류추천	nad-a001-02-000000541753959	bsn-a001-00-000000013604308	09	99	8753	M	1	0	0	2	0
20260901	4291318	cmp-a001-02-000000010764328	grp-a001-02-000000069047580	하루단백질섭취량	nad-a001-02-000000553654562	bsn-a001-00-000000013604308	09	02	8753	M	1	0	0	4	0
20260901	4291318	cmp-a001-02-000000010764328	grp-a001-02-000000069047580	하루견과	nad-a001-02-000000541753999	bsn-a001-00-000000013604308	09	16	8753	M	2	0	0	2	0
20260901	4291318	cmp-a001-02-000000010764328	grp-a001-02-000000069047580	황성주생식	nad-a001-02-000000541753997	bsn-a001-00-000000013604308	09	08	8753	M	1	0	0	1	0
20260901	4291318	cmp-a001-02-000000010764328	grp-a001-02-000000069047580	견과류	nad-a001-02-000000541753959	bsn-a001-00-000000013604308	09	06	27758	P	1	0	0	1	0
20260901	4291318	cmp-a001-02-000000010764328	grp-a001-02-000000069047580	프로틴파우더	nad-a001-02-000000553654562	bsn-a001-00-000000013604308	09	09	529514	M	4	0	0	4	0
20260901	4291318	cmp-a001-02-000000010764328	grp-a001-02-000000069047580	단백질바	nad-a001-02-000000553654558	bsn-a001-00-000000013604308	09	09	11068	P	1	0	0	15	0
20260901	4291318	cmp-a001-02-000000010764328	grp-a001-02-000000069047580	하루	nad-a001-02-000000541753999	bsn-a001-00-000000013604308	09	09	137281	M	33	0	0	66	0
20260901	4291318	cmp-a001-02-000000010764328	grp-a001-02-000000069047580	하루견과	nad-a001-02-000000541753960	bsn-a001-00-000000013604308	09	02	370822	P	2	0	0	2	0
20260901	4291318	cmp-a001-02-000000010764328	grp-a001-02-000000069047580	견과류	nad-a001-02-000000541753960	bsn-a001-00-000000013604308	09	09	8753	M	1	0	0	6	0
20260901	4291318	cmp-a001-02-000000010764328	grp-a001-02-000000069047580	프로틴	nad-a001-02-000000553654562	bsn-a001-00-000000013604308	09	99	768323	M	19	0	0	31	0
20260901	4291318	cmp-a001-02-000000010764328	grp-a001-02-000000069047580	견과류세트	nad-a001-02-000000541753959	bsn-a001-00-000000013604308	09	02	27758	P	1	0	0	3	0
20260901	4291318	cmp-a001-02-000000010764328	grp-a001-02-000000069047580	견과류	nad-a001-02-000000541753959	bsn-a001-00-000000013604308	09	99	684926	M	2	0	0	2	0
20260901	4291318	cmp-a001-02-000000010764328	grp-a001-02-000000069047580	견과세트	nad-a001-02-000000541753960	bsn-a001-00-000000013604308	09	16	768323	M	1	0	0	3	0
20260901	4291318	cmp-a001-02-000000010764328	grp-a001-02-000000069047580	프로틴	nad-a001-02-000000553654562	bsn-a001-00-000000013604308	09	11	768323	M	6	0	0	9	0
20260901	4291318	cmp-a001-02-000000010764328	grp-a001-02-000000069047580	하루만	nad-a001-02-000000541753960	bsn-a001-00-000000013604308	09	03	529514	M	2	0	0	8	0
20260901	4291318	cmp-a001-02-000000010764328	grp-a001-02-000000069047580	해피넛하루견과	nad-a001-02-000000541753999	bsn-a001-00-000000013604308	09	09	27758	P	1	0	0	3	0
20260901	4291318	cmp-a001-02-000000010764328	grp-a001-02-000000069047580	에너지바	nad-a001-02-000000553654558	bsn-a001-00-000000013604308	09	00	23123	P	7	0	0	14	0
20260901	4291318	cmp-a001-02-000000010764328	grp-a001-02-000000069047580	프로틴바	nad-a001-02-000000553654554	bsn-a001-00-000000013604308	09	09	248824	P	1	0	0	1	0
20260901	4291318	cmp-a001-02-000000010764328	grp-a001-02-000000069047580	프로틴바	nad-a001-02-000000553654554	bsn-a001-00-000000013604308	09	10	23123	P	1	0	0	1	0
20260901	4291318	cmp-a001-02-000000010764328	grp-a001-02-000000069047580	다이어트쉐이크	nad-a001-02-000000553654562	bsn-a001-00-000000013604308	09	15	768323	M	1	0	0	1	0
20260901	4291318	cmp-a001-02-000000010764328	grp-a001-02-000000069047580	프로틴바	nad-a001-02-000000553654558	bsn-a001-00-000000013604308	09	99	529514	M	10	0	0	20	0
20260901	4291318	cmp-a001-02-000000010764328	grp-a001-02-000000069047580	황성주생식라이프밀	nad-a001-02-000000541753996	bsn-a001-00-000000013604308	09	02	27758	P	1	0	0	3	0
20260901	4291318	cmp-a001-02-000000010764328	grp-a001-02-000000069047580	견과세트	nad-a001-02-000000541753960	bsn-a001-00-000000013604308	09	02	768323	M	2	0	0	6	0
20260901	4291318	cmp-a001-02-000000010764328	grp-a001-02-000000069047580	황성주생식	nad-a001-02-000000541753996	bsn-a001-00-000000013604308	09	02	633013	M	1	0	0	3	0
20260901	4291318	cmp-a001-02-000000010764328	grp-a001-02-000000069047580	황성주생식	nad-a001-02-000000541754005	bsn-a001-00-000000013604308	09	18	791888	M	5	0	0	19	0
20260901	4291318	cmp-a001-02-000000010764328	grp-a001-02-000000069047580	하루견과	nad-a001-02-000000541753999	bsn-a001-00-000000013604308	09	03	684926	M	2	0	0	8	0
20260901	4291318	cmp-a001-02-000000010764328	grp-a001-02-000000069047580	견과류	nad-a001-02-000000541753960	bsn-a001-00-000000013604308	09	10	11068	P	1	0	0	3	0
20260901	4291318	cmp-a001-02-000000010764328	grp-a001-02-000000069047580	프로틴	nad-a001-02-000000553654562	bsn-a001-00-000000013604308	09	99	529514	M	2	0	0	2	0
20260901	4291318	cmp-a001-02-000000010764328	grp-a001-02-000000069047580	젤리	nad-a001-02-000000541753985	bsn-a001-00-000000013604308	09	09	248824	P	1	0	0	4	0
20260901	4291318	cmp-a001-02-000000010764328	grp-a001-02-000000069047580	견과류	nad-a001-02-000000541753959	bsn-a001-00-000000013604308	09	02	684927	P	4	0	0	11	0
20260901	4291318	cmp-a001-02-000000010764328	grp-a001-02-000000069047580	임산부견과류	nad-a001-02-000000541753959	bsn-a001-00-000000013604308	09	06	370822	P	1	0	0	1	0
20260901	4291318	cmp-a001-02-000000010764328	grp-a001-02-000000069047580	견과세트	nad-a001-02-000000541753999	bsn-a001-00-000000013604308	09	03	768323	M	3	0	0	5	0
20260901	4291318	cmp-a001-02-000000010764328	grp-a001-02-000000069047580	단백질보충제	nad-a001-02-000000553654562	bsn-a001-00-000000013604308	09	08	33421	M	1	0	0	12	0
20260901	4291318	cmp-a001-02-000000010764328	grp-a001-02-000000069047580	사랑님	nad-a001-02-000000553654558	bsn-a001-00-000000013604308	09	11	529514	M	2	0	0	8	0
20260901	4291318	cmp-a001-02-000000010764328	grp-a001-02-000000069047580	사랑님	nad-a001-02-000000553654558	bsn-a001-00-000000013604308	09	99	529514	M	2	0	0	8	0
20260901	4291318	cmp-a001-02-000000010764328	grp-a001-02-000000069047580	황성주생식라이프밀	nad-a001-02-000000541753997	bsn-a001-00-000000013604308	09	02	27758	P	1	0	0	2	0
20260901	4291318	cmp-a001-02-000000010764328	grp-a001-02-000000069047580	단백질쉐이크	nad-a001-02-000000553654562	bsn-a001-00-000000013604308	09	02	612593	P	1	0	0	4	0
20260901	4291318	cmp-a001-02-000000010764328	grp-a001-02-000000069047580	견과류	nad-a001-02-000000541753960	bsn-a001-00-000000013604308	09	16	529514	M	6	0	0	24	0
20260901	4291318	cmp-a001-02-000000010764328	grp-a001-02-000000069047580	하루견과	nad-a001-02-000000541753960	bsn-a001-00-000000013604308	09	08	8753	M	1	0	0	5	0
20260901	4291318	cmp-a001-02-000000010764328	grp-a001-02-000000069047580	사랑님	nad-a001-02-000000553654558	bsn-a001-00-000000013604308	09	09	529514	M	6	0	0	24	0
20260901	4291318	cmp-a001-02-000000010764328	grp-a001-02-000000069047580	젤리	nad-a001-02-000000541753985	bsn-a001-00-000000013604308	09	08	8753	M	1	0	0	3	0
20260901	4291318	cmp-a001-02-000000010764328	grp-a001-02-000000069047580	단백질쉐이크	nad-a001-02-000000553654562	bsn-a001-00-000000013604308	09	11	529514	M	1	0	0	2	0
20260901	4291318	cmp-a001-02-000000010764328	grp-a001-02-000000069047580	견과세트	nad-a001-02-000000541753999	bsn-a001-00-000000013604308	09	08	768323	M	2	0	0	4	0
20260901	4291318	cmp-a001-02-000000010764328	grp-a001-02-000000069047580	식사대용선식	nad-a001-02-000000541754004	bsn-a001-00-000000013604308	09	04	341893	M	1	0	0	1	0
20260901	4291318	cmp-a001-02-000000010764328	grp-a001-02-000000069047580	프로틴바	nad-a001-02-000000553654558	bsn-a001-00-000000013604308	09	09	248824	P	1	0	0	2	0
20260901	4291318	cmp-a001-02-000000010764328	grp-a001-02-000000069047580	황성주생식라이프밀	nad-a001-02-000000541753996	bsn-a001-00-000000013604308	09	15	684926	M	2	0	0	2	0
20260901	4291318	cmp-a001-02-000000010764328	grp-a001-02-000000069047580	에너지바	nad-a001-02-000000553654554	bsn-a001-00-000000013604308	09	09	87620	M	1	0	0	1	0
20260901	4291318	cmp-a001-02-000000010764328	grp-a001-02-000000069047580	황성주생식	nad-a001-02-000000541753996	bsn-a001-00-000000013604308	09	18	791888	M	5	1	5389	14	0
20260901	4291318	cmp-a001-02-000000010764328	grp-a001-02-000000069047580	황성주생식가격	nad-a001-02-000000541753996	bsn-a001-00-000000013604308	09	09	8753	M	1	0	0	3	0
20260901	4291318	cmp-a001-02-000000010764328	grp-a001-02-000000069047580	황성주생식	nad-a001-02-000000541753997	bsn-a001-00-000000013604308	09	02	633013	M	1	0	0	1	0
20260901	4291318	cmp-a001-02-000000010764328	grp-a001-02-000000069047580	에너지바	nad-a001-02-000000553654559	bsn-a001-00-000000013604308	09	99	529514	M	2	0	0	6	0
20260901	4291318	cmp-a001-02-000000010764328	grp-a001-02-000000069047580	하루견과피스타치오	nad-a001-02-000000541753959	bsn-a001-00-000000013604308	09	02	341898	M	1	0	0	1	0
20260901	4291318	cmp-a001-02-000000010764328	grp-a001-02-000000069047580	황성주생식가격	nad-a001-02-000000541753996	bsn-a001-00-000000013604308	09	09	684924	M	4	0	0	4	0
20260901	4291318	cmp-a001-02-000000010764328	grp-a001-02-000000069047580	가루	nad-a001-02-000000541753997	bsn-a001-00-000000013604308	09	11	684924	M	1	0	0	1	0
20260901	4291318	cmp-a001-02-000000010764328	grp-a001-02-000000069047580	하루견과	nad-a001-02-000000541753960	bsn-a001-00-000000013604308	09	09	27758	P	1	0	0	4	0
20260901	4291318	cmp-a001-02-000000010764328	grp-a001-02-000000069047580	산과들에원데이발란스그린	nad-a001-02-000000541753960	bsn-a001-00-000000013604308	09	09	341893	M	1	0	0	1	0
20260901	4291318	cmp-a001-02-000000010764328	grp-a001-02-000000069047580	황성주생식	nad-a001-02-000000541753988	bsn-a001-00-000000013604308	09	02	633013	M	1	0	0	7	0
20260901	4291318	cmp-a001-02-000000010764328	grp-a001-02-000000069047580	너의하루오트앤너츠	nad-a001-02-000000541754005	bsn-a001-00-000000013604308	09	09	341893	M	1	0	0	2	0
20260901	4291318	cmp-a001-02-000000010764328	grp-a001-02-000000069047580	단백질파우더	nad-a001-02-000000553654562	bsn-a001-00-000000013604308	09	09	529514	M	3	0	0	3	0
20260901	4291318	cmp-a001-02-000000010764328	grp-a001-02-000000069047580	젤리	nad-a001-02-000000541753985	bsn-a001-00-000000013604308	09	04	137281	M	2	0	0	2	0
20260901	4291318	cmp-a001-02-000000010764328	grp-a001-02-000000069047580	칼로리바	nad-a001-02-000000553654554	bsn-a001-00-000000013604308	09	09	27758	P	1	0	0	1	0
20260901	4291318	cmp-a001-02-000000010764328	grp-a001-02-000000069047580	젤리	nad-a001-02-000000541753985	bsn-a001-00-000000013604308	09	02	137281	M	13	0	0	13	0
20260901	4291318	cmp-a001-02-000000010764328	grp-a001-02-000000069047580	하루만	nad-a001-02-000000541753999	bsn-a001-00-000000013604308	09	03	529514	M	2	0	0	3	0
20260901	4291318	cmp-a001-02-000000010764328	grp-a001-02-000000069047580	견과세트	nad-a001-02-000000541753999	bsn-a001-00-000000013604308	09	11	768323	M	1	0	0	1	0
20260901	4291318	cmp-a001-02-000000010764328	grp-a001-02-000000069047580	하루견과하루섭취량	nad-a001-02-000000541753999	bsn-a001-00-000000013604308	09	11	27758	P	2	0	0	4	0
20260901	4291318	cmp-a001-02-000000010764328	grp-a001-02-000000069047580	황성주박사생식	nad-a001-02-000000541754004	bsn-a001-00-000000013604308	09	18	8753	M	1	0	0	2	0
20260901	4291318	cmp-a001-02-000000010764328	grp-a001-02-000000069047580	칼로리바닥터	nad-a001-02-000000553654558	bsn-a001-00-000000013604308	09	03	8753	M	1	0	0	2	0
20260901	4291318	cmp-a001-02-000000010764328	grp-a001-02-000000069047580	칼바프로틴바	nad-a001-02-000000553654554	bsn-a001-00-000000013604308	09	09	27758	P	1	0	0	2	0
20260901	4291318	cmp-a001-02-000000010764328	grp-a001-02-000000069047580	견과류	nad-a001-02-000000541753999	bsn-a001-00-000000013604308	09	99	684926	M	2	0	0	6	0
20260901	4291318	cmp-a001-02-000000010764328	grp-a001-02-000000069047580	사랑이	nad-a001-02-000000553654554	bsn-a001-00-000000013604308	09	15	529514	M	2	0	0	6	0
20260901	4291318	cmp-a001-02-000000010764328	grp-a001-02-000000069047580	사랑	nad-a001-02-000000553654554	bsn-a001-00-000000013604308	09	99	98128	M	1	0	0	2	0
20260901	4291318	cmp-a001-02-000000010764328	grp-a001-02-000000069047580	견과류	nad-a001-02-000000541753959	bsn-a001-00-000000013604308	09	18	529514	M	2	0	0	6	0
20260901	4291318	cmp-a001-02-000000010764328	grp-a001-02-000000069047580	프로틴바	nad-a001-02-000000553654559	bsn-a001-00-000000013604308	09	02	87620	M	1	0	0	6	0
20260901	4291318	cmp-a001-02-000000010764328	grp-a001-02-000000069047580	하루견과	nad-a001-02-000000541753959	bsn-a001-00-000000013604308	09	09	27758	P	3	0	0	9	0
20260901	4291318	cmp-a001-02-000000010764328	grp-a001-02-000000069047580	견과세트	nad-a001-02-000000541753959	bsn-a001-00-000000013604308	09	02	768323	M	2	0	0	2	0
20260901	4291318	cmp-a001-02-000000010764328	grp-a001-02-000000069047580	칼로리바가격	nad-a001-02-000000553654559	bsn-a001-00-000000013604308	09	02	8753	M	1	0	0	3	0
20260901	4291318	cmp-a001-02-000000010764328	grp-a001-02-000000069047580	곡물비숫가루는탄수화물인가요	nad-a001-02-000000541754004	bsn-a001-00-000000013604308	09	04	8753	M	1	0	0	3	0
20260901	4291318	cmp-a001-02-000000010764328	grp-a001-02-000000069047580	하루견과	nad-a001-02-000000541753999	bsn-a001-00-000000013604308	09	99	8753	M	1	0	0	2	0
20260901	4291318	cmp-a001-02-000000010764328	grp-a001-02-000000069047580	황성주생식라이프밀	nad-a001-02-000000541753997	bsn-a001-00-000000013604308	09	15	684926	M	2	0	0	6	0
20260901	4291318	cmp-a001-02-000000010764328	grp-a001-02-000000069047580	하루견과	nad-a001-02-000000541753999	bsn-a001-00-000000013604308	09	17	529514	M	2	0	0	2	0
20260901	4291318	cmp-a001-02-000000010764328	grp-a001-02-000000069047580	단백질쉐이크	nad-a001-02-000000553654562	bsn-a001-00-000000013604308	09	02	335738	P	1	0	0	1	0
20260901	4291318	cmp-a001-02-000000010764328	grp-a001-02-000000069047580	단백질바	nad-a001-02-000000553654554	bsn-a001-00-000000013604308	09	00	23123	P	1	0	0	1	0
20260901	4291318	cmp-a001-02-000000010764328	grp-a001-02-000000069047580	사랑	nad-a001-02-000000553654558	bsn-a001-00-000000013604308	09	06	98128	M	1	0	0	4	0
20260901	4291318	cmp-a001-02-000000010764328	grp-a001-02-000000069047580	하루	nad-a001-02-000000541753960	bsn-a001-00-000000013604308	09	09	98128	M	1	0	0	2	0
20260901	4291318	cmp-a001-02-000000010764328	grp-a001-02-000000069047580	황성주생식	nad-a001-02-000000541753997	bsn-a001-00-000000013604308	09	13	33421	M	1	0	0	2	0
20260901	4291318	cmp-a001-02-000000010764328	grp-a001-02-000000069047580	세다람쥐견과류아몬드	nad-a001-02-000000541753999	bsn-a001-00-000000013604308	09	18	27758	P	1	0	0	1	0
20260901	4291318	cmp-a001-02-000000010764328	grp-a001-02-000000069047580	황성주생식	nad-a001-02-000000541753988	bsn-a001-00-000000013604308	09	13	33421	M	2	0	0	6	0
20260901	4291318	cmp-a001-02-000000010764328	grp-a001-02-000000069047580	황성주생식	nad-a001-02-000000541753996	bsn-a001-00-000000013604308	09	15	33421	M	1	0	0	3	0
20260901	4291318	cmp-a001-02-000000010764328	grp-a001-02-000000069047580	하루만	nad-a001-02-000000553654562	bsn-a001-00-000000013604308	09	09	529514	M	2	0	0	10	0
20260901	4291318	cmp-a001-02-000000010764328	grp-a001-02-000000069047580	황성주생식	nad-a001-02-000000541754005	bsn-a001-00-000000013604308	09	08	8753	M	1	0	0	4	0
20260901	4291318	cmp-a001-02-000000010764328	grp-a001-02-000000069047580	젤리	nad-a001-02-000000541753985	bsn-a001-00-000000013604308	09	10	8753	M	1	0	0	1	0
20260901	4291318	cmp-a001-02-000000010764328	grp-a001-02-000000069047580	황성주생식	nad-a001-02-000000541753988	bsn-a001-00-000000013604308	09	09	633013	M	4	0	0	22	0
20260901	4291318	cmp-a001-02-000000010764328	grp-a001-02-000000069047580	황성주박사생식	nad-a001-02-000000541754005	bsn-a001-00-000000013604308	09	18	8753	M	1	0	0	4	0
20260901	4291318	cmp-a001-02-000000010764328	grp-a001-02-000000069047580	오행생식	nad-a001-02-000000541754005	bsn-a001-00-000000013604308	09	09	370822	P	2	0	0	2	0
20260901	4291318	cmp-a001-02-000000010764328	grp-a001-02-000000069047580	하루견과	nad-a001-02-000000541753959	bsn-a001-00-000000013604308	09	09	23123	P	1	0	0	3	0
20260901	4291318	cmp-a001-02-000000010764328	grp-a001-02-000000069047580	칼로리바	nad-a001-02-000000553654558	bsn-a001-00-000000013604308	09	07	684924	M	1	0	0	1	0
20260901	4291318	cmp-a001-02-000000010764328	grp-a001-02-000000069047580	견과	nad-a001-02-000000541753960	bsn-a001-00-000000013604308	09	99	137281	M	2	0	0	4	0
20260901	4291318	cmp-a001-02-000000010764328	grp-a001-02-000000069047580	썬기스트견과선물셋	nad-a001-02-000000541753999	bsn-a001-00-000000013604308	09	02	8753	M	1	0	0	3	0
20260901	4291318	cmp-a001-02-000000010764328	grp-a001-02-000000069047580	제리	nad-a001-02-000000541753985	bsn-a001-00-000000013604308	09	02	684924	M	1	0	0	1	0
20260901	4291318	cmp-a001-02-000000010764328	grp-a001-02-000000069047580	사랑님	nad-a001-02-000000553654554	bsn-a001-00-000000013604308	09	09	529514	M	6	0	0	18	0
20260901	4291318	cmp-a001-02-000000010764328	grp-a001-02-000000069047580	사랑	nad-a001-02-000000553654554	bsn-a001-00-000000013604308	09	09	98128	M	3	0	0	6	0
20260901	4291318	cmp-a001-02-000000010764328	grp-a001-02-000000069047580	견과하루	nad-a001-02-000000541753999	bsn-a001-00-000000013604308	09	02	27758	P	1	0	0	3	0
20260901	4291318	cmp-a001-02-000000010764328	grp-a001-02-000000069047580	하루견과	nad-a001-02-000000541753959	bsn-a001-00-000000013604308	09	13	8753	M	1	1	2874	3	0
20260901	4291318	cmp-a001-02-000000010764328	grp-a001-02-000000069047580	황성주생식가격	nad-a001-02-000000541753997	bsn-a001-00-000000013604308	09	09	8753	M	1	0	0	1	0
20260901	4291318	cmp-a001-02-000000010764328	grp-a001-02-000000069047580	황성주생식라이프밀	nad-a001-02-000000541754005	bsn-a001-00-000000013604308	09	02	684926	M	1	0	0	4	0
20260901	4291318	cmp-a001-02-000000010764328	grp-a001-02-000000069047580	견과류	nad-a001-02-000000541753959	bsn-a001-00-000000013604308	09	99	529514	M	33	0	0	99	0
20260901	4291318	cmp-a001-02-000000010764328	grp-a001-02-000000069047580	프로틴바	nad-a001-02-000000553654554	bsn-a001-00-000000013604308	09	00	23123	P	61	0	0	61	0
20260901	4291318	cmp-a001-02-000000010764328	grp-a001-02-000000069047580	균형영양식	nad-a001-02-000000541753965	bsn-a001-00-000000013604308	09	99	529514	M	2	0	0	12	0
20260901	4291318	cmp-a001-02-000000010764328	grp-a001-02-000000069047580	견과류	nad-a001-02-000000541753960	bsn-a001-00-000000013604308	09	06	27758	P	1	0	0	4	0
20260901	4291318	cmp-a001-02-000000010764328	grp-a001-02-000000069047580	에너지바	nad-a001-02-000000553654559	bsn-a001-00-000000013604308	09	18	23123	P	1	0	0	5	0
20260901	4291318	cmp-a001-02-000000010764328	grp-a001-02-000000069047580	프로틴	nad-a001-02-000000553654562	bsn-a001-00-000000013604308	09	09	684926	M	1	0	0	22	0
20260901	4291318	cmp-a001-02-000000010764328	grp-a001-02-000000069047580	황성주생식	nad-a001-02-000000541753996	bsn-a001-00-000000013604308	09	09	8753	M	2	1	4505	6	0
20260901	4291318	cmp-a001-02-000000010764328	grp-a001-02-000000069047580	단백질보충제	nad-a001-02-000000553654562	bsn-a001-00-000000013604308	09	02	87620	M	1	0	0	1	0
20260901	4291318	cmp-a001-02-000000010764328	grp-a001-02-000000069047580	젤리	nad-a001-02-000000541753985	bsn-a001-00-000000013604308	09	16	87620	M	1	0	0	1	0
20260901	4291318	cmp-a001-02-000000010764328	grp-a001-02-000000069047580	프로틴바	nad-a001-02-000000553654554	bsn-a001-00-000000013604308	09	02	23123	P	1	0	0	1	0
20260901	4291318	cmp-a001-02-000000010764328	grp-a001-02-000000069047580	사랑님	nad-a001-02-000000553654559	bsn-a001-00-000000013604308	09	09	529514	M	6	0	0	66	0
20260901	4291318	cmp-a001-02-000000010764328	grp-a001-02-000000069047580	프로틴바	nad-a001-02-000000553654554	bsn-a001-00-000000013604308	09	18	529514	M	8	0	0	8	0
20260901	4291318	cmp-a001-02-000000010764328	grp-a001-02-000000069047580	메이플하루견과	nad-a001-02-000000541753959	bsn-a001-00-000000013604308	09	06	370822	P	1	0	0	1	0
20260901	4291318	cmp-a001-02-000000010764328	grp-a001-02-000000069047580	칼로리바닥터	nad-a001-02-000000553654554	bsn-a001-00-000000013604308	09	03	8753	M	1	0	0	1	0
20260901	4291318	cmp-a001-02-000000010764328	grp-a001-02-000000069047580	견과류	nad-a001-02-000000541753999	bsn-a001-00-000000013604308	09	04	529514	M	4	0	0	8	0
20260901	4291318	cmp-a001-02-000000010764328	grp-a001-02-000000069047580	견과류	nad-a001-02-000000541753960	bsn-a001-00-000000013604308	09	08	529514	M	6	0	0	24	0
20260901	4291318	cmp-a001-02-000000010764328	grp-a001-02-000000069047580	가루	nad-a001-02-000000541754004	bsn-a001-00-000000013604308	09	11	8753	M	1	0	0	2	0
20260901	4291318	cmp-a001-02-000000010764328	grp-a001-02-000000069047580	프로틴	nad-a001-02-000000553654562	bsn-a001-00-000000013604308	09	10	768323	M	9	0	0	14	0
20260901	4291318	cmp-a001-02-000000010764328	grp-a001-02-000000069047580	프로틴	nad-a001-02-000000553654562	bsn-a001-00-000000013604308	09	01	768323	M	2	0	0	2	0
20260901	4291318	cmp-a001-02-000000010764328	grp-a001-02-000000069047580	황성주생식	nad-a001-02-000000541753996	bsn-a001-00-000000013604308	09	08	8753	M	1	0	0	3	0
20260901	4291318	cmp-a001-02-000000010764328	grp-a001-02-000000069047580	이롬황성주박사의라이프밀420G	nad-a001-02-000000541754004	bsn-a001-00-000000013604308	09	07	341898	M	1	0	0	1	0
20260901	4291318	cmp-a001-02-000000010764328	grp-a001-02-000000069047580	칼로리바가격	nad-a001-02-000000553654554	bsn-a001-00-000000013604308	09	02	684924	M	1	0	0	1	0
20260901	4291318	cmp-a001-02-000000010764328	grp-a001-02-000000069047580	에너지바	nad-a001-02-000000553654558	bsn-a001-00-000000013604308	09	99	529514	M	2	0	0	4	0
20260901	4291318	cmp-a001-02-000000010764328	grp-a001-02-000000069047580	프로틴	nad-a001-02-000000553654562	bsn-a001-00-000000013604308	09	13	768323	M	6	0	0	8	0
20260901	4291318	cmp-a001-02-000000010764328	grp-a001-02-000000069047580	균형영양식	nad-a001-02-000000541753965	bsn-a001-00-000000013604308	09	03	529514	M	2	0	0	12	0
20260901	4291318	cmp-a001-02-000000010764328	grp-a001-02-000000069047580	황성주생식	nad-a001-02-000000541753996	bsn-a001-00-000000013604308	09	13	33421	M	1	0	0	3	0
20260901	4291318	cmp-a001-02-000000010764328	grp-a001-02-000000069047580	하루견과	nad-a001-02-000000541753999	bsn-a001-00-000000013604308	09	09	11068	P	1	0	0	1	0
20260901	4291318	cmp-a001-02-000000010764328	grp-a001-02-000000069047580	다이어트쉐이크	nad-a001-02-000000553654562	bsn-a001-00-000000013604308	09	07	529514	M	2	0	0	2	0
20260901	4291318	cmp-a001-02-000000010764328	grp-a001-02-000000069047580	하루견과	nad-a001-02-000000541753959	bsn-a001-00-000000013604308	09	08	8753	M	1	0	0	4	0
20260901	4291318	cmp-a001-02-000000010764328	grp-a001-02-000000069047580	단백질보충제	nad-a001-02-000000553654562	bsn-a001-00-000000013604308	09	09	529514	M	5	0	0	5	0
20260901	4291318	cmp-a001-02-000000010764328	grp-a001-02-000000069047580	하루	nad-a001-02-000000541753999	bsn-a001-00-000000013604308	09	02	137281	M	16	0	0	32	0
20260901	4291318	cmp-a001-02-000000010764328	grp-a001-02-000000069047580	하루견과	nad-a001-02-000000541753959	bsn-a001-00-000000013604308	09	13	27758	P	1	0	0	4	0
20260901	4291318	cmp-a001-02-000000010764328	grp-a001-02-000000069047580	하루견과	nad-a001-02-000000541753960	bsn-a001-00-000000013604308	09	08	341893	M	1	0	0	1	0
20260901	4291318	cmp-a001-02-000000010764328	grp-a001-02-000000069047580	이롬황성주생식	nad-a001-02-000000541754004	bsn-a001-00-000000013604308	09	11	341898	M	3	0	0	3	0
20260901	4291318	cmp-a001-02-000000010764328	grp-a001-02-000000069047580	갓	nad-a001-02-000000541753999	bsn-a001-00-000000013604308	09	02	529514	M	3	0	0	4	0
20260901	4291318	cmp-a001-02-000000010764328	grp-a001-02-000000069047580	견과류	nad-a001-02-000000541753959	bsn-a001-00-000000013604308	09	16	8753	M	2	0	0	9	0
20260901	4291318	cmp-a001-02-000000010764328	grp-a001-02-000000069047580	견과류세트	nad-a001-02-000000541753960	bsn-a001-00-000000013604308	09	02	27758	P	1	0	0	4	0
20260901	4291318	cmp-a001-02-000000010764328	grp-a001-02-000000069047580	견과세트	nad-a001-02-000000541753960	bsn-a001-00-000000013604308	09	09	768323	M	2	0	0	6	0
20260901	4291318	cmp-a001-02-000000010764328	grp-a001-02-000000069047580	단백질간식	nad-a001-02-000000553654559	bsn-a001-00-000000013604308	09	09	11068	P	1	0	0	9	0
20260901	4291318	cmp-a001-02-000000010764328	grp-a001-02-000000069047580	견과류추천	nad-a001-02-000000541753959	bsn-a001-00-000000013604308	09	02	8753	M	1	0	0	3	0
20260901	4291318	cmp-a001-02-000000010764328	grp-a001-02-000000069047580	견과세트	nad-a001-02-000000541753999	bsn-a001-00-000000013604308	09	10	768323	M	1	0	0	1	0
20260901	4291318	cmp-a001-02-000000010764328	grp-a001-02-000000069047580	황성주생식라이프밀	nad-a001-02-000000541753988	bsn-a001-00-000000013604308	09	02	684926	M	1	0	0	5	0
20260901	4291318	cmp-a001-02-000000010764328	grp-a001-02-000000069047580	하루	nad-a001-02-000000541753960	bsn-a001-00-000000013604308	09	02	137281	M	16	0	0	16	0
20260901	4291318	cmp-a001-02-000000010764328	grp-a001-02-000000069047580	단백질간식	nad-a001-02-000000553654554	bsn-a001-00-000000013604308	09	09	27758	P	2	0	0	2	0
20260901	4291318	cmp-a001-02-000000010764328	grp-a001-02-000000069047580	이너프룻	nad-a001-02-000000541753985	bsn-a001-00-000000013604308	09	07	684924	M	1	0	0	1	0
20260901	4291318	cmp-a001-02-000000010764328	grp-a001-02-000000069047580	단백질바	nad-a001-02-000000553654559	bsn-a001-00-000000013604308	09	09	529514	M	4	0	0	12	0
20260901	4291318	cmp-a001-02-000000010764328	grp-a001-02-000000069047580	견과류	nad-a001-02-000000541753999	bsn-a001-00-000000013604308	09	99	529514	M	36	0	0	72	0
20260901	4291318	cmp-a001-02-000000010764328	grp-a001-02-000000069047580	하루	nad-a001-02-000000553654562	bsn-a001-00-000000013604308	09	09	98128	M	1	0	0	5	0
20260901	4291318	cmp-a001-02-000000010764328	grp-a001-02-000000069047580	이롬황성주생식	nad-a001-02-000000541754004	bsn-a001-00-000000013604308	09	02	341893	M	3	0	0	3	0
20260901	4291318	cmp-a001-02-000000010764328	grp-a001-02-000000069047580	칼로리바	nad-a001-02-000000553654559	bsn-a001-00-000000013604308	09	13	8753	M	1	0	0	3	0
20260901	4291318	cmp-a001-02-000000010764328	grp-a001-02-000000069047580	동결건조활용한예	nad-a001-02-000000541753996	bsn-a001-00-000000013604308	09	08	8753	M	1	0	0	3	0
20260901	4291318	cmp-a001-02-000000010764328	grp-a001-02-000000069047580	하루견과	nad-a001-02-000000541753960	bsn-a001-00-000000013604308	09	99	8753	M	1	0	0	4	0
20260901	4291318	cmp-a001-02-000000010764328	grp-a001-02-000000069047580	칼로리바	nad-a001-02-000000553654554	bsn-a001-00-000000013604308	09	13	684924	M	1	0	0	1	0
20260901	4291318	cmp-a001-02-000000010764328	grp-a001-02-000000069047580	프로틴바	nad-a001-02-000000553654559	bsn-a001-00-000000013604308	09	02	768323	M	1	0	0	3	0
20260901	4291318	cmp-a001-02-000000010764328	grp-a001-02-000000069047580	견과류	nad-a001-02-000000541753959	bsn-a001-00-000000013604308	09	08	529514	M	6	0	0	18	0
20260901	4291318	cmp-a001-02-000000010764328	grp-a001-02-000000069047580	사랑	nad-a001-02-000000553654559	bsn-a001-00-000000013604308	09	99	98128	M	1	0	0	9	0
20260901	4291318	cmp-a001-02-000000010764328	grp-a001-02-000000069047580	단백질보충제	nad-a001-02-000000553654562	bsn-a001-00-000000013604308	09	11	529514	M	2	0	0	2	0
20260901	4291318	cmp-a001-02-000000010764328	grp-a001-02-000000069047580	견과류	nad-a001-02-000000541753959	bsn-a001-00-000000013604308	09	16	529514	M	6	0	0	18	0
20260901	4291318	cmp-a001-02-000000010764328	grp-a001-02-000000069047580	단백질쉐이크	nad-a001-02-000000553654562	bsn-a001-00-000000013604308	09	02	529514	M	8	0	0	12	0
20260901	4291318	cmp-a001-02-000000010764328	grp-a001-02-000000069047580	견과류	nad-a001-02-000000541753959	bsn-a001-00-000000013604308	09	13	529514	M	4	0	0	12	0
20260901	4291318	cmp-a001-02-000000010764328	grp-a001-02-000000069047580	견과류	nad-a001-02-000000541753960	bsn-a001-00-000000013604308	09	18	529514	M	2	0	0	8	0
20260901	4291318	cmp-a001-02-000000010764328	grp-a001-02-000000069047580	사랑이	nad-a001-02-000000553654558	bsn-a001-00-000000013604308	09	09	529514	M	4	0	0	15	0
20260901	4291318	cmp-a001-02-000000010764328	grp-a001-02-000000069047580	젤리	nad-a001-02-000000541753985	bsn-a001-00-000000013604308	09	02	98128	M	2	0	0	2	0
20260901	4291318	cmp-a001-02-000000010764328	grp-a001-02-000000069047580	견과류	nad-a001-02-000000541753999	bsn-a001-00-000000013604308	09	14	529514	M	1	0	0	2	0
20260901	4291318	cmp-a001-02-000000010764328	grp-a001-02-000000069047580	사랑이	nad-a001-02-000000553654559	bsn-a001-00-000000013604308	09	09	529514	M	4	0	0	44	0
20260901	4291318	cmp-a001-02-000000010764328	grp-a001-02-000000069047580	하루견과	nad-a001-02-000000541753959	bsn-a001-00-000000013604308	09	09	11068	P	1	0	0	2	0
20260901	4291318	cmp-a001-02-000000010764328	grp-a001-02-000000069047580	프로틴	nad-a001-02-000000553654562	bsn-a001-00-000000013604308	09	04	768323	M	1	0	0	1	0
20260901	4291318	cmp-a001-02-000000010764328	grp-a001-02-000000069047580	황성주생식라이프밀	nad-a001-02-000000541754004	bsn-a001-00-000000013604308	09	02	684926	M	1	0	0	1	0
20260901	4291318	cmp-a001-02-000000010764328	grp-a001-02-000000069047580	견과류세트	nad-a001-02-000000541753960	bsn-a001-00-000000013604308	09	09	11068	P	1	0	0	3	0
20260901	4291318	cmp-a001-02-000000010764328	grp-a001-02-000000069047580	사랑님	nad-a001-02-000000553654554	bsn-a001-00-000000013604308	09	08	529514	M	14	0	0	42	0
20260901	4291318	cmp-a001-02-000000010764328	grp-a001-02-000000069047580	견과류	nad-a001-02-000000541753960	bsn-a001-00-000000013604308	09	13	529514	M	4	0	0	16	0
20260901	4291318	cmp-a001-02-000000010764328	grp-a001-02-000000069047580	프리미엄생식	nad-a001-02-000000541753996	bsn-a001-00-000000013604308	09	08	341893	M	1	0	0	1	0
20260901	4291318	cmp-a001-02-000000010764328	grp-a001-02-000000069047580	단백질	nad-a001-02-000000553654562	bsn-a001-00-000000013604308	09	99	137281	M	1	0	0	2	0
20260901	4291318	cmp-a001-02-000000010764328	grp-a001-02-000000069047580	하루견과	nad-a001-02-000000541753959	bsn-a001-00-000000013604308	09	02	684926	M	1	0	0	3	0
20260901	4291318	cmp-a001-02-000000010764328	grp-a001-02-000000069047580	자웅동체생식방법	nad-a001-02-000000541754004	bsn-a001-00-000000013604308	09	08	27758	P	1	0	0	1	0
20260901	4291318	cmp-a001-02-000000010764328	grp-a001-02-000000069047580	견과류	nad-a001-02-000000541753959	bsn-a001-00-000000013604308	09	03	8753	M	1	0	0	2	0
20260901	4291318	cmp-a001-02-000000010764328	grp-a001-02-000000069047580	견과류	nad-a001-02-000000541753959	bsn-a001-00-000000013604308	09	02	8753	M	2	0	0	6	0
20260901	4291318	cmp-a001-02-000000010764328	grp-a001-02-000000069047580	견과세트	nad-a001-02-000000541753999	bsn-a001-00-000000013604308	09	09	768323	M	2	0	0	3	0
20260901	4291318	cmp-a001-02-000000010764328	grp-a001-02-000000069047580	견과류	nad-a001-02-000000541753960	bsn-a001-00-000000013604308	09	14	529514	M	1	0	0	4	0
20260901	4291318	cmp-a001-02-000000010764328	grp-a001-02-000000069047580	프로틴	nad-a001-02-000000553654562	bsn-a001-00-000000013604308	09	14	768323	M	1	0	0	1	0
20260901	4291318	cmp-a001-02-000000010764328	grp-a001-02-000000069047580	프로틴	nad-a001-02-000000553654562	bsn-a001-00-000000013604308	09	06	529514	M	9	0	0	9	0
20260901	4291318	cmp-a001-02-000000010764328	grp-a001-02-000000069047580	황성주생식	nad-a001-02-000000541753996	bsn-a001-00-000000013604308	09	02	684924	M	1	0	0	1	0
20260901	4291318	cmp-a001-02-000000010764328	grp-a001-02-000000069047580	견과류	nad-a001-02-000000541753999	bsn-a001-00-000000013604308	09	09	684927	P	1	0	0	2	0
20260901	4291318	cmp-a001-02-000000010764328	grp-a001-02-000000069047580	단백질바	nad-a001-02-000000553654558	bsn-a001-00-000000013604308	09	02	8753	M	1	0	0	5	0
20260901	4291318	cmp-a001-02-000000010764328	grp-a001-02-000000069047580	견과류	nad-a001-02-000000541753959	bsn-a001-00-000000013604308	09	13	11068	P	1	1	2988	2	0
20260901	4291318	cmp-a001-02-000000010764328	grp-a001-02-000000069047580	에너지바	nad-a001-02-000000553654554	bsn-a001-00-000000013604308	09	18	23123	P	1	0	0	1	0
20260901	4291318	cmp-a001-02-000000010764328	grp-a001-02-000000069047580	사랑	nad-a001-02-000000553654558	bsn-a001-00-000000013604308	09	99	98128	M	1	0	0	4	0
20260901	4291318	cmp-a001-02-000000010764328	grp-a001-02-000000069047580	견과류	nad-a001-02-000000541753999	bsn-a001-00-000000013604308	09	06	529514	M	5	0	0	10	0
20260901	4291318	cmp-a001-02-000000010764328	grp-a001-02-000000069047580	단백질보충제	nad-a001-02-000000553654562	bsn-a001-00-000000013604308	09	09	87620	M	2	0	0	2	0
20260901	4291318	cmp-a001-02-000000010764328	grp-a001-02-000000069047580	견과류	nad-a001-02-000000541753959	bsn-a001-00-000000013604308	09	10	684925	P	1	0	0	1	0
20260901	4291318	cmp-a001-02-000000010764328	grp-a001-02-000000069047580	단백질쉐이크	nad-a001-02-000000553654562	bsn-a001-00-000000013604308	09	09	291244	M	6	0	0	14	0
20260901	4291318	cmp-a001-02-000000010764328	grp-a001-02-000000069047580	황성주생식라이프밀	nad-a001-02-000000541754004	bsn-a001-00-000000013604308	09	02	27758	P	1	0	0	1	0
20260901	4291318	cmp-a001-02-000000010764328	grp-a001-02-000000069047580	사랑이	nad-a001-02-000000553654558	bsn-a001-00-000000013604308	09	15	529514	M	2	0	0	8	0
20260901	4291318	cmp-a001-02-000000010764328	grp-a001-02-000000069047580	견과류	nad-a001-02-000000541753960	bsn-a001-00-000000013604308	09	02	341898	M	1	0	0	1	0
20260901	4291318	cmp-a001-02-000000010764328	grp-a001-02-000000069047580	황성주생식	nad-a001-02-000000541753997	bsn-a001-00-000000013604308	09	09	424040	M	1	0	0	1	0
20260901	4291318	cmp-a001-02-000000010764328	grp-a001-02-000000069047580	단백질보충제	nad-a001-02-000000553654562	bsn-a001-00-000000013604308	09	99	529514	M	4	0	0	4	0
20260901	4291318	cmp-a001-02-000000010764328	grp-a001-02-000000069047580	하루	nad-a001-02-000000541753960	bsn-a001-00-000000013604308	09	10	137281	M	9	0	0	9	0
20260901	4291318	cmp-a001-02-000000010764328	grp-a001-02-000000069047580	젤리	nad-a001-02-000000541753985	bsn-a001-00-000000013604308	09	02	768323	M	1	0	0	2	0
20260901	4291318	cmp-a001-02-000000010764328	grp-a001-02-000000069047580	젤리	nad-a001-02-000000541753985	bsn-a001-00-000000013604308	09	02	8753	M	1	0	0	3	0
20260901	4291318	cmp-a001-02-000000010764328	grp-a001-02-000000069047580	단백질간식	nad-a001-02-000000553654558	bsn-a001-00-000000013604308	09	09	27758	P	2	0	0	4	0
20260901	4291318	cmp-a001-02-000000010764328	grp-a001-02-000000069047580	견과류	nad-a001-02-000000541753959	bsn-a001-00-000000013604308	09	07	529514	M	3	0	0	9	0
20260901	4291318	cmp-a001-02-000000010764328	grp-a001-02-000000069047580	젤리블리	nad-a001-02-000000541753985	bsn-a001-00-000000013604308	09	09	370822	P	1	0	0	1	0
20260901	4291318	cmp-a001-02-000000010764328	grp-a001-02-000000069047580	견과류	nad-a001-02-000000541753999	bsn-a001-00-000000013604308	09	02	684927	P	5	0	0	10	0
20260901	4291318	cmp-a001-02-000000010764328	grp-a001-02-000000069047580	견과류추천	nad-a001-02-000000541753959	bsn-a001-00-000000013604308	09	02	684924	M	1	0	0	1	0
20260901	4291318	cmp-a001-02-000000010764328	grp-a001-02-000000069047580	단백질간식	nad-a001-02-000000553654554	bsn-a001-00-000000013604308	09	09	11068	P	1	0	0	1	0
20260901	4291318	cmp-a001-02-000000010764328	grp-a001-02-000000069047580	케일가루	nad-a001-02-000000541753997	bsn-a001-00-000000013604308	09	09	341893	M	1	0	0	1	0
20260901	4291318	cmp-a001-02-000000010764328	grp-a001-02-000000069047580	썬기스트견과선물셋	nad-a001-02-000000541753960	bsn-a001-00-000000013604308	09	02	8753	M	1	0	0	2	0
20260901	4291318	cmp-a001-02-000000010764328	grp-a001-02-000000069047580	하루견과	nad-a001-02-000000541753960	bsn-a001-00-000000013604308	09	09	23123	P	1	0	0	2	0
20260901	4291318	cmp-a001-02-000000010764328	grp-a001-02-000000069047580	하루견과	nad-a001-02-000000541753999	bsn-a001-00-000000013604308	09	09	8753	M	2	0	0	3	0
20260901	4291318	cmp-a001-02-000000010764328	grp-a001-02-000000069047580	견과류	nad-a001-02-000000541753960	bsn-a001-00-000000013604308	09	11	529514	M	11	0	0	44	0
20260901	4291318	cmp-a001-02-000000010764328	grp-a001-02-000000069047580	견과류	nad-a001-02-000000541753959	bsn-a001-00-000000013604308	09	06	529514	M	5	0	0	15	0
20260901	4291318	cmp-a001-02-000000010764328	grp-a001-02-000000069047580	프로틴바	nad-a001-02-000000553654554	bsn-a001-00-000000013604308	09	99	529514	M	10	0	0	10	0
20260901	4291318	cmp-a001-02-000000010764328	grp-a001-02-000000069047580	견과류	nad-a001-02-000000541753959	bsn-a001-00-000000013604308	09	02	684924	M	1	0	0	1	0
20260901	4291318	cmp-a001-02-000000010764328	grp-a001-02-000000069047580	사랑님	nad-a001-02-000000553654559	bsn-a001-00-000000013604308	09	13	529514	M	2	0	0	22	0
20260901	4291318	cmp-a001-02-000000010764328	grp-a001-02-000000069047580	하루견과	nad-a001-02-000000541753960	bsn-a001-00-000000013604308	09	03	8753	M	1	0	0	5	0
20260901	4291318	cmp-a001-02-000000010764328	grp-a001-02-000000069047580	견과류	nad-a001-02-000000541753959	bsn-a001-00-000000013604308	09	13	27758	P	1	1	2848	2	0
20260901	4291318	cmp-a001-02-000000010764328	grp-a001-02-000000069047580	황성주생식라이프밀	nad-a001-02-000000541754004	bsn-a001-00-000000013604308	09	08	8753	M	1	0	0	2	0
20260901	4291318	cmp-a001-02-000000010764328	grp-a001-02-000000069047580	생식가루효능	nad-a001-02-000000541754004	bsn-a001-00-000000013604308	09	09	27758	P	2	0	0	2	0
20260901	4291318	cmp-a001-02-000000010764328	grp-a001-02-000000069047580	견과류	nad-a001-02-000000541753999	bsn-a001-00-000000013604308	09	07	529514	M	3	0	0	6	0
20260901	4291318	cmp-a001-02-000000010764328	grp-a001-02-000000069047580	칼로리바	nad-a001-02-000000553654554	bsn-a001-00-000000013604308	09	13	8753	M	1	0	0	1	0
20260901	4291318	cmp-a001-02-000000010764328	grp-a001-02-000000069047580	젤리	nad-a001-02-000000541753985	bsn-a001-00-000000013604308	09	18	768323	M	3	0	0	7	0
20260901	4291318	cmp-a001-02-000000010764328	grp-a001-02-000000069047580	에너지바	nad-a001-02-000000553654558	bsn-a001-00-000000013604308	09	09	87620	M	1	0	0	2	0
20260901	4291318	cmp-a001-02-000000010764328	grp-a001-02-000000069047580	황성주생식라이프밀구성품	nad-a001-02-000000541754004	bsn-a001-00-000000013604308	09	11	8753	M	1	0	0	2	0
20260901	4291318	cmp-a001-02-000000010764328	grp-a001-02-000000069047580	견과류	nad-a001-02-000000541753959	bsn-a001-00-000000013604308	09	09	8753	M	2	0	0	8	0
20260901	4291318	cmp-a001-02-000000010764328	grp-a001-02-000000069047580	단백질바	nad-a001-02-000000553654554	bsn-a001-00-000000013604308	09	02	8753	M	4	0	0	14	0
20260901	4291318	cmp-a001-02-000000010764328	grp-a001-02-000000069047580	프로틴쉐이크	nad-a001-02-000000553654562	bsn-a001-00-000000013604308	09	99	529514	M	1	0	0	1	0
20260901	4291318	cmp-a001-02-000000010764328	grp-a001-02-000000069047580	견과류추천	nad-a001-02-000000541753999	bsn-a001-00-000000013604308	09	99	8753	M	1	0	0	3	0
20260901	4291318	cmp-a001-02-000000010764328	grp-a001-02-000000069047580	하루견과	nad-a001-02-000000541753999	bsn-a001-00-000000013604308	09	02	529514	M	2	0	0	2	0
20260901	4291318	cmp-a001-02-000000010764328	grp-a001-02-000000069047580	황성주생식	nad-a001-02-000000541754004	bsn-a001-00-000000013604308	09	15	33421	M	1	0	0	1	0
20260901	4291318	cmp-a001-02-000000010764328	grp-a001-02-000000069047580	프로틴	nad-a001-02-000000553654562	bsn-a001-00-000000013604308	09	02	684926	M	1	0	0	18	0
20260901	4291318	cmp-a001-02-000000010764328	grp-a001-02-000000069047580	황성주박사생식	nad-a001-02-000000541753997	bsn-a001-00-000000013604308	09	18	8753	M	1	0	0	1	0
20260901	4291318	cmp-a001-02-000000010764328	grp-a001-02-000000069047580	프로틴바	nad-a001-02-000000553654554	bsn-a001-00-000000013604308	09	02	87620	M	1	0	0	1	0
20260901	4291318	cmp-a001-02-000000010764328	grp-a001-02-000000069047580	사랑이	nad-a001-02-000000553654554	bsn-a001-00-000000013604308	09	09	529514	M	4	0	0	11	0
20260901	4291318	cmp-a001-02-000000010764328	grp-a001-02-000000069047580	하루견과	nad-a001-02-000000541753999	bsn-a001-00-000000013604308	09	08	8753	M	1	1	2634	1	0
20260901	4291318	cmp-a001-02-000000010764328	grp-a001-02-000000069047580	하루견과	nad-a001-02-000000541753960	bsn-a001-00-000000013604308	09	99	529514	M	2	0	0	5	0
20260901	4291318	cmp-a001-02-000000010764328	grp-a001-02-000000069047580	하루견과	nad-a001-02-000000541753960	bsn-a001-00-000000013604308	09	17	529514	M	2	0	0	5	0
20260901	4291318	cmp-a001-02-000000010764328	grp-a001-02-000000069047580	견과세트	nad-a001-02-000000541753960	bsn-a001-00-000000013604308	09	10	768323	M	1	0	0	3	0
20260901	4291318	cmp-a001-02-000000010764328	grp-a001-02-000000069047580	견과류	nad-a001-02-000000541753999	bsn-a001-00-000000013604308	09	09	27758	P	4	0	0	10	0
20260901	4291318	cmp-a001-02-000000010764328	grp-a001-02-000000069047580	견과류	nad-a001-02-000000541753959	bsn-a001-00-000000013604308	09	09	684924	M	1	0	0	1	0
20260901	4291318	cmp-a001-02-000000010764328	grp-a001-02-000000069047580	김수경생식	nad-a001-02-000000541753997	bsn-a001-00-000000013604308	09	09	341898	M	1	0	0	1	0
20260901	4291318	cmp-a001-02-000000010764328	grp-a001-02-000000069047580	공복견과류	nad-a001-02-000000541753960	bsn-a001-00-000000013604308	09	09	8753	M	1	0	0	4	0
20260901	4291318	cmp-a001-02-000000010764328	grp-a001-02-000000069047580	하루	nad-a001-02-000000541753999	bsn-a001-00-000000013604308	09	09	98128	M	1	0	0	1	0
20260901	4291318	cmp-a001-02-000000010764328	grp-a001-02-000000069047580	단백질쉐이크	nad-a001-02-000000553654562	bsn-a001-00-000000013604308	09	04	11068	P	1	0	0	20	0
20260901	4291318	cmp-a001-02-000000010764328	grp-a001-02-000000069047580	황성주생식	nad-a001-02-000000541753997	bsn-a001-00-000000013604308	09	15	33421	M	1	0	0	2	0
20260901	4291318	cmp-a001-02-000000010764328	grp-a001-02-000000069047580	견과류	nad-a001-02-000000541753960	bsn-a001-00-000000013604308	09	13	11068	P	1	0	0	3	0
20260901	4291318	cmp-a001-02-000000010764328	grp-a001-02-000000069047580	에너지바	nad-a001-02-000000553654559	bsn-a001-00-000000013604308	09	09	87620	M	1	0	0	3	0
20260901	4291318	cmp-a001-02-000000010764328	grp-a001-02-000000069047580	견과류	nad-a001-02-000000541753999	bsn-a001-00-000000013604308	09	18	529514	M	2	0	0	4	0
20260901	4291318	cmp-a001-02-000000010764328	grp-a001-02-000000069047580	프로틴바	nad-a001-02-000000553654554	bsn-a001-00-000000013604308	09	10	529514	M	2	0	0	2	0
20260901	4291318	cmp-a001-02-000000010764328	grp-a001-02-000000069047580	젤리	nad-a001-02-000000541753985	bsn-a001-00-000000013604308	09	13	137281	M	1	0	0	1	0
20260901	4291318	cmp-a001-02-000000010764328	grp-a001-02-000000069047580	하루견과	nad-a001-02-000000541753960	bsn-a001-00-000000013604308	09	02	529514	M	2	0	0	5	0
20260901	4291318	cmp-a001-02-000000010764328	grp-a001-02-000000069047580	황성주생식	nad-a001-02-000000541754005	bsn-a001-00-000000013604308	09	09	8753	M	2	0	0	8	0
20260901	4291318	cmp-a001-02-000000010764328	grp-a001-02-000000069047580	견과류	nad-a001-02-000000541753959	bsn-a001-00-000000013604308	09	02	529514	M	21	0	0	63	0
20260901	4291318	cmp-a001-02-000000010764328	grp-a001-02-000000069047580	중국견과류브랜드	nad-a001-02-000000541753959	bsn-a001-00-000000013604308	09	09	27758	P	1	0	0	2	0
20260901	4291318	cmp-a001-02-000000010764328	grp-a001-02-000000069047580	단백질쉐이크	nad-a001-02-000000553654562	bsn-a001-00-000000013604308	09	18	529514	M	4	0	0	4	0
20260901	4291318	cmp-a001-02-000000010764328	grp-a001-02-000000069047580	황성주생식	nad-a001-02-000000541754005	bsn-a001-00-000000013604308	09	02	633013	M	1	0	0	4	0
20260901	4291318	cmp-a001-02-000000010764328	grp-a001-02-000000069047580	에너지바	nad-a001-02-000000553654558	bsn-a001-00-000000013604308	09	07	8753	M	1	0	0	5	0
20260901	4291318	cmp-a001-02-000000010764328	grp-a001-02-000000069047580	견과류	nad-a001-02-000000541753959	bsn-a001-00-000000013604308	09	10	11068	P	1	0	0	2	0
20260901	4291318	cmp-a001-02-000000010764328	grp-a001-02-000000069047580	하루견과	nad-a001-02-000000541753999	bsn-a001-00-000000013604308	09	09	23123	P	1	0	0	1	0
20260901	4291318	cmp-a001-02-000000010764328	grp-a001-02-000000069047580	견과류	nad-a001-02-000000541753999	bsn-a001-00-000000013604308	09	06	27758	P	1	0	0	3	0
20260901	4291318	cmp-a001-02-000000010764328	grp-a001-02-000000069047580	프로틴	nad-a001-02-000000553654562	bsn-a001-00-000000013604308	09	09	768323	M	48	0	0	69	0
20260901	4291318	cmp-a001-02-000000010764328	grp-a001-02-000000069047580	견과류	nad-a001-02-000000541753999	bsn-a001-00-000000013604308	09	11	529514	M	11	0	0	22	0
20260901	4291318	cmp-a001-02-000000010764328	grp-a001-02-000000069047580	프로틴바	nad-a001-02-000000553654559	bsn-a001-00-000000013604308	09	18	529514	M	8	0	0	24	0
20260901	4291318	cmp-a001-02-000000010764328	grp-a001-02-000000069047580	하루견과	nad-a001-02-000000541753960	bsn-a001-00-000000013604308	09	02	11068	P	1	0	0	5	0
20260901	4291318	cmp-a001-02-000000010764328	grp-a001-02-000000069047580	프로틴바	nad-a001-02-000000553654559	bsn-a001-00-000000013604308	09	10	529514	M	2	0	0	6	0
20260901	4291318	cmp-a001-02-000000010764328	grp-a001-02-000000069047580	칼로리바	nad-a001-02-000000553654554	bsn-a001-00-000000013604308	09	03	684924	M	1	0	0	1	0
20260901	4291318	cmp-a001-02-000000010764328	grp-a001-02-000000069047580	견과류	nad-a001-02-000000541753999	bsn-a001-00-000000013604308	09	17	529514	M	1	0	0	2	0
20260901	4291318	cmp-a001-02-000000010764328	grp-a001-02-000000069047580	갓	nad-a001-02-000000541753999	bsn-a001-00-000000013604308	09	02	27758	P	1	0	0	2	0
20260901	4291318	cmp-a001-02-000000010764328	grp-a001-02-000000069047580	갓	nad-a001-02-000000541753999	bsn-a001-00-000000013604308	09	02	684925	P	1	0	0	1	0
20260901	4291318	cmp-a001-02-000000010764328	grp-a001-02-000000069047580	썬기스트견과선물셋	nad-a001-02-000000541753960	bsn-a001-00-000000013604308	09	02	33421	M	2	0	0	10	0
20260901	4291318	cmp-a001-02-000000010764328	grp-a001-02-000000069047580	동결건조활용한예	nad-a001-02-000000541753997	bsn-a001-00-000000013604308	09	08	8753	M	1	0	0	1	0
20260901	4291318	cmp-a001-02-000000010764328	grp-a001-02-000000069047580	황성주생식	nad-a001-02-000000541754005	bsn-a001-00-000000013604308	09	02	684924	M	1	0	0	1	0
20260901	4291318	cmp-a001-02-000000010764328	grp-a001-02-000000069047580	젤리	nad-a001-02-000000541753985	bsn-a001-00-000000013604308	09	09	684926	M	1	0	0	5	0
20260901	4291318	cmp-a001-02-000000010764328	grp-a001-02-000000069047580	견과류세트	nad-a001-02-000000541753999	bsn-a001-00-000000013604308	09	02	27758	P	1	0	0	1	0
20260901	4291318	cmp-a001-02-000000010764328	grp-a001-02-000000069047580	견과류	nad-a001-02-000000541753999	bsn-a001-00-000000013604308	09	02	529514	M	22	0	0	44	0
20260901	4291318	cmp-a001-02-000000010764328	grp-a001-02-000000069047580	사랑님	nad-a001-02-000000553654554	bsn-a001-00-000000013604308	09	99	529514	M	2	0	0	6	0
20260901	4291318	cmp-a001-02-000000010764328	grp-a001-02-000000069047580	프로틴	nad-a001-02-000000553654562	bsn-a001-00-000000013604308	09	00	768323	M	2	0	0	2	0
20260901	4291318	cmp-a001-02-000000010764328	grp-a001-02-000000069047580	다이어트쉐이크	nad-a001-02-000000553654562	bsn-a001-00-000000013604308	09	17	529514	M	4	0	0	4	0
20260901	4291318	cmp-a001-02-000000010764328	grp-a001-02-000000072573876	VIP선물	nad-a001-02-000000573683835	bsn-a001-00-000000013604308	09	02	684927	P	1	0	0	25	0
20260901	4291318	cmp-a001-02-000000010764328	grp-a001-02-000000069047580	이너프룻	nad-a001-02-000000541753985	bsn-a001-00-000000013604308	09	07	8753	M	1	0	0	1	0
20260901	4291318	cmp-a001-02-000000010764328	grp-a001-02-000000069047580	견과류	nad-a001-02-000000541753999	bsn-a001-00-000000013604308	09	10	27758	P	1	0	0	3	0
20260901	4291318	cmp-a001-02-000000010764328	grp-a001-02-000000069047580	산과들에원데이발란스그린	nad-a001-02-000000541753960	bsn-a001-00-000000013604308	09	09	341898	M	1	0	0	1	0
20260901	4291318	cmp-a001-02-000000010764328	grp-a001-02-000000069047580	생식가루효능	nad-a001-02-000000541754005	bsn-a001-00-000000013604308	09	09	27758	P	2	0	0	6	0
20260901	4291318	cmp-a001-02-000000010764328	grp-a001-02-000000069047580	프로틴바	nad-a001-02-000000553654559	bsn-a001-00-000000013604308	09	99	529514	M	10	0	0	30	0
20260901	4291318	cmp-a001-02-000000010764328	grp-a001-02-000000069047580	견과류	nad-a001-02-000000541753999	bsn-a001-00-000000013604308	09	13	11068	P	1	1	2635	4	0
20260901	4291318	cmp-a001-02-000000010764328	grp-a001-02-000000069047580	견과류	nad-a001-02-000000541753999	bsn-a001-00-000000013604308	09	15	529514	M	3	0	0	6	0
20260901	4291318	cmp-a001-02-000000010764328	grp-a001-02-000000069047580	견과류	nad-a001-02-000000541753959	bsn-a001-00-000000013604308	09	09	684927	P	1	0	0	3	0
20260901	4291318	cmp-a001-02-000000010764328	grp-a001-02-000000069047580	견과류	nad-a001-02-000000541753999	bsn-a001-00-000000013604308	09	01	529514	M	6	0	0	12	0
20260901	4291318	cmp-a001-02-000000010764328	grp-a001-02-000000069047580	견과류	nad-a001-02-000000541753960	bsn-a001-00-000000013604308	09	01	529514	M	5	0	0	20	0
20260901	4291318	cmp-a001-02-000000010764328	grp-a001-02-000000069047580	자웅동체생식방법	nad-a001-02-000000541753997	bsn-a001-00-000000013604308	09	08	27758	P	1	0	0	2	0
20260901	4291318	cmp-a001-02-000000010764328	grp-a001-02-000000069047580	하루견과	nad-a001-02-000000541753999	bsn-a001-00-000000013604308	09	13	27758	P	1	0	0	2	0
20260901	4291318	cmp-a001-02-000000010764328	grp-a001-02-000000069047580	젤리	nad-a001-02-000000541753985	bsn-a001-00-000000013604308	09	10	684927	P	2	0	0	18	0
20260901	4291318	cmp-a001-02-000000010764328	grp-a001-02-000000069047580	단백질바	nad-a001-02-000000553654559	bsn-a001-00-000000013604308	09	02	529514	M	4	0	0	12	0
20260901	4291318	cmp-a001-02-000000010764328	grp-a001-02-000000069047580	견과류세트	nad-a001-02-000000541753959	bsn-a001-00-000000013604308	09	09	11068	P	1	0	0	2	0
20260901	4291318	cmp-a001-02-000000010764328	grp-a001-02-000000069047580	국산유기농동결건조생식	nad-a001-02-000000541754004	bsn-a001-00-000000013604308	09	06	341893	M	1	0	0	1	0
20260901	4291318	cmp-a001-02-000000010764328	grp-a001-02-000000069047580	황성주생식	nad-a001-02-000000541753996	bsn-a001-00-000000013604308	09	13	8753	M	1	0	0	3	0
20260901	4291318	cmp-a001-02-000000010764328	grp-a001-02-000000069047580	단백질쉐이크	nad-a001-02-000000553654562	bsn-a001-00-000000013604308	09	13	529514	M	1	0	0	2	0
20260901	4291318	cmp-a001-02-000000010764328	grp-a001-02-000000069047580	하루견과	nad-a001-02-000000541753959	bsn-a001-00-000000013604308	09	09	684925	P	1	0	0	1	0
20260901	4291318	cmp-a001-02-000000010764328	grp-a001-02-000000069047580	견과류	nad-a001-02-000000541753959	bsn-a001-00-000000013604308	09	02	684926	M	1	0	0	3	0
20260901	4291318	cmp-a001-02-000000010764328	grp-a001-02-000000069047580	프로틴	nad-a001-02-000000553654562	bsn-a001-00-000000013604308	09	18	768323	M	7	0	0	9	0
20260901	4291318	cmp-a001-02-000000010764328	grp-a001-02-000000069047580	하루견과	nad-a001-02-000000541753999	bsn-a001-00-000000013604308	09	02	684927	P	2	0	0	5	0
20260901	4291318	cmp-a001-02-000000010764328	grp-a001-02-000000069047580	단백질바	nad-a001-02-000000553654558	bsn-a001-00-000000013604308	09	02	529514	M	4	0	0	8	0
20260901	4291318	cmp-a001-02-000000010764328	grp-a001-02-000000069047580	하루견과	nad-a001-02-000000541753999	bsn-a001-00-000000013604308	09	02	27758	P	2	2	5242	4	0
20260901	4291318	cmp-a001-02-000000010764328	grp-a001-02-000000069047580	견과류	nad-a001-02-000000541753999	bsn-a001-00-000000013604308	09	16	8753	M	2	0	0	6	0
20260901	4291318	cmp-a001-02-000000010764328	grp-a001-02-000000069047580	견과류	nad-a001-02-000000541753959	bsn-a001-00-000000013604308	09	06	8753	M	1	0	0	3	0
20260901	4291318	cmp-a001-02-000000010764328	grp-a001-02-000000069047580	견과류	nad-a001-02-000000541753999	bsn-a001-00-000000013604308	09	03	8753	M	1	0	0	3	0
20260901	4291318	cmp-a001-02-000000010764328	grp-a001-02-000000069047580	황성주생식	nad-a001-02-000000541754004	bsn-a001-00-000000013604308	09	02	633013	M	1	0	0	2	0
20260901	4291318	cmp-a001-02-000000010764328	grp-a001-02-000000069047580	견과류	nad-a001-02-000000541753960	bsn-a001-00-000000013604308	09	10	529514	M	6	0	0	24	0
20260901	4291318	cmp-a001-02-000000010764328	grp-a001-02-000000069047580	단백질바	nad-a001-02-000000553654559	bsn-a001-00-000000013604308	09	08	529514	M	2	0	0	6	0
20260901	4291318	cmp-a001-02-000000010764328	grp-a001-02-000000069047580	견과류	nad-a001-02-000000541753999	bsn-a001-00-000000013604308	09	02	684926	M	1	0	0	4	0
20260901	4291318	cmp-a001-02-000000010764328	grp-a001-02-000000069047580	단백질바	nad-a001-02-000000553654558	bsn-a001-00-000000013604308	09	08	529514	M	2	0	0	4	0
20260901	4291318	cmp-a001-02-000000010764328	grp-a001-02-000000069047580	프로틴	nad-a001-02-000000553654562	bsn-a001-00-000000013604308	09	06	768323	M	3	0	0	4	0
20260901	4291318	cmp-a001-02-000000010764328	grp-a001-02-000000069047580	쉐이크	nad-a001-02-000000553654562	bsn-a001-00-000000013604308	09	10	98128	M	1	0	0	1	0
20260901	4291318	cmp-a001-02-000000010764328	grp-a001-02-000000069047580	황성주생식라이프밀	nad-a001-02-000000541754004	bsn-a001-00-000000013604308	09	02	684925	P	1	0	0	1	0
20260901	4291318	cmp-a001-02-000000010764328	grp-a001-02-000000069047580	에너지바	nad-a001-02-000000553654554	bsn-a001-00-000000013604308	09	00	23123	P	7	0	0	7	0
20260901	4291318	cmp-a001-02-000000010764328	grp-a001-02-000000069047580	갓	nad-a001-02-000000541753999	bsn-a001-00-000000013604308	09	09	684924	M	2	0	0	2	0
20260901	4291318	cmp-a001-02-000000010764328	grp-a001-02-000000069047580	황성주생식	nad-a001-02-000000541754004	bsn-a001-00-000000013604308	09	13	8753	M	1	0	0	2	0
20260901	4291318	cmp-a001-02-000000010764328	grp-a001-02-000000069047580	황성주생식라이프밀	nad-a001-02-000000541753997	bsn-a001-00-000000013604308	09	02	684926	M	1	0	0	2	0
20260901	4291318	cmp-a001-02-000000010764328	grp-a001-02-000000069047580	하루	nad-a001-02-000000541753960	bsn-a001-00-000000013604308	09	09	137281	M	33	0	0	33	0
20260901	4291318	cmp-a001-02-000000010764328	grp-a001-02-000000069047580	젤리	nad-a001-02-000000541753985	bsn-a001-00-000000013604308	09	18	8753	M	1	0	0	1	0
20260901	4291318	cmp-a001-02-000000010764328	grp-a001-02-000000069047580	하루견과	nad-a001-02-000000541753960	bsn-a001-00-000000013604308	09	13	8753	M	1	0	0	5	0
20260901	4291318	cmp-a001-02-000000010764328	grp-a001-02-000000069047580	견과류	nad-a001-02-000000541753999	bsn-a001-00-000000013604308	09	09	8753	M	4	0	0	13	0
20260901	4291318	cmp-a001-02-000000010764328	grp-a001-02-000000069047580	견과류	nad-a001-02-000000541753999	bsn-a001-00-000000013604308	09	18	27758	P	2	0	0	6	0
20260901	4291318	cmp-a001-02-000000010764328	grp-a001-02-000000069047580	하루견과	nad-a001-02-000000541753999	bsn-a001-00-000000013604308	09	09	27758	P	3	0	0	3	0
20260901	4291318	cmp-a001-02-000000010764328	grp-a001-02-000000069047580	칼로리바	nad-a001-02-000000553654558	bsn-a001-00-000000013604308	09	09	684924	M	2	0	0	2	0
20260901	4291318	cmp-a001-02-000000010764328	grp-a001-02-000000069047580	CEREALGRAIN	nad-a001-02-000000553654558	bsn-a001-00-000000013604308	09	09	684924	M	1	0	0	1	0
20260901	4291318	cmp-a001-02-000000010764328	grp-a001-02-000000069047580	견과세트	nad-a001-02-000000541753999	bsn-a001-00-000000013604308	09	02	768323	M	2	0	0	4	0
20260901	4291318	cmp-a001-02-000000010764328	grp-a001-02-000000069047580	하루견과	nad-a001-02-000000541753959	bsn-a001-00-000000013604308	09	99	8753	M	1	0	0	3	0
20260901	4291318	cmp-a001-02-000000010764328	grp-a001-02-000000069047580	하루견과	nad-a001-02-000000541753959	bsn-a001-00-000000013604308	09	16	8753	M	2	0	0	7	0
20260901	4291318	cmp-a001-02-000000010764328	grp-a001-02-000000069047580	견과세트	nad-a001-02-000000541753999	bsn-a001-00-000000013604308	09	15	768323	M	2	0	0	2	0
20260901	4291318	cmp-a001-02-000000010764328	grp-a001-02-000000069047580	칼로리바가격	nad-a001-02-000000553654558	bsn-a001-00-000000013604308	09	02	8753	M	1	0	0	2	0
20260901	4291318	cmp-a001-02-000000010764328	grp-a001-02-000000069047580	황성주생식	nad-a001-02-000000541754005	bsn-a001-00-000000013604308	09	13	8753	M	1	0	0	4	0
20260901	4291318	cmp-a001-02-000000010764328	grp-a001-02-000000069047580	사랑	nad-a001-02-000000553654559	bsn-a001-00-000000013604308	09	06	98128	M	1	0	0	9	0
20260901	4291318	cmp-a001-02-000000010764328	grp-a001-02-000000069047580	프로틴	nad-a001-02-000000553654562	bsn-a001-00-000000013604308	09	09	529514	M	5	0	0	5	0
20260901	4291318	cmp-a001-02-000000010764328	grp-a001-02-000000069047580	프로틴바	nad-a001-02-000000553654558	bsn-a001-00-000000013604308	09	02	768323	M	1	0	0	2	0
20260901	4291318	cmp-a001-02-000000010764328	grp-a001-02-000000069047580	견과류	nad-a001-02-000000541753959	bsn-a001-00-000000013604308	09	14	529514	M	1	0	0	3	0
20260901	4291318	cmp-a001-02-000000010764328	grp-a001-02-000000069047580	견과류	nad-a001-02-000000541753960	bsn-a001-00-000000013604308	09	09	341893	M	1	0	0	2	0
20260901	4291318	cmp-a001-02-000000010764328	grp-a001-02-000000069047580	프로틴	nad-a001-02-000000553654562	bsn-a001-00-000000013604308	09	08	768323	M	3	0	0	4	0
20260901	4291318	cmp-a001-02-000000010764328	grp-a001-02-000000069047580	단백질	nad-a001-02-000000553654562	bsn-a001-00-000000013604308	09	09	529514	M	1	0	0	1	0
20260901	4291318	cmp-a001-02-000000010764328	grp-a001-02-000000069047580	황성주생식라이프밀	nad-a001-02-000000541754004	bsn-a001-00-000000013604308	09	15	684926	M	2	1	4806	4	0
20260901	4291318	cmp-a001-02-000000010764328	grp-a001-02-000000069047580	갓	nad-a001-02-000000541753959	bsn-a001-00-000000013604308	09	02	27758	P	1	0	0	1	0
20260901	4291318	cmp-a001-02-000000010764328	grp-a001-02-000000069047580	프로틴	nad-a001-02-000000553654562	bsn-a001-00-000000013604308	09	07	684927	P	1	0	0	3	0
20260901	4291318	cmp-a001-02-000000010764328	grp-a001-02-000000069047580	칼로리바	nad-a001-02-000000553654558	bsn-a001-00-000000013604308	09	09	27758	P	1	0	0	2	0
20260901	4291318	cmp-a001-02-000000010764328	grp-a001-02-000000069047580	견과류세트	nad-a001-02-000000541753999	bsn-a001-00-000000013604308	09	09	11068	P	1	0	0	1	0
20260901	4291318	cmp-a001-02-000000010764328	grp-a001-02-000000069047580	단백질보충제	nad-a001-02-000000553654562	bsn-a001-00-000000013604308	09	07	529514	M	4	0	0	4	0
20260901	4291318	cmp-a001-02-000000010764328	grp-a001-02-000000069047580	세다람쥐견과류아몬드	nad-a001-02-000000541753959	bsn-a001-00-000000013604308	09	18	27758	P	1	0	0	2	0
20260901	4291318	cmp-a001-02-000000010764328	grp-a001-02-000000069047580	에너지바	nad-a001-02-000000553654559	bsn-a001-00-000000013604308	09	00	684926	M	2	0	0	8	0
20260901	4291318	cmp-a001-02-000000010764328	grp-a001-02-000000069047580	황성주생식라이프밀구성품	nad-a001-02-000000541754004	bsn-a001-00-000000013604308	09	11	341898	M	2	0	0	2	0
20260901	4291318	cmp-a001-02-000000010764328	grp-a001-02-000000069047580	단백질바	nad-a001-02-000000553654554	bsn-a001-00-000000013604308	09	09	11068	P	1	0	0	9	0
20260901	4291318	cmp-a001-02-000000010764328	grp-a001-02-000000069047580	하루견과	nad-a001-02-000000541753959	bsn-a001-00-000000013604308	09	17	529514	M	2	0	0	5	0
20260901	4291318	cmp-a001-02-000000010764328	grp-a001-02-000000069047580	사랑님	nad-a001-02-000000553654558	bsn-a001-00-000000013604308	09	13	529514	M	2	0	0	8	0
20260901	4291318	cmp-a001-02-000000010764328	grp-a001-02-000000069047580	에너지바	nad-a001-02-000000553654559	bsn-a001-00-000000013604308	09	10	87620	M	1	0	0	3	0
20260901	4291318	cmp-a001-02-000000010764328	grp-a001-02-000000069047580	썬기스트견과선물셋	nad-a001-02-000000541753999	bsn-a001-00-000000013604308	09	02	33421	M	2	0	0	4	0
20260901	4291318	cmp-a001-02-000000010764328	grp-a001-02-000000069047580	생식가루	nad-a001-02-000000541753997	bsn-a001-00-000000013604308	09	02	8753	M	1	0	0	1	0
20260901	4291318	cmp-a001-02-000000010764328	grp-a001-02-000000069047580	저당	nad-a001-02-000000553654562	bsn-a001-00-000000013604308	09	02	341893	M	1	0	0	10	0
20260901	4291318	cmp-a001-02-000000010764328	grp-a001-02-000000069047580	생식가루	nad-a001-02-000000541754005	bsn-a001-00-000000013604308	09	11	341898	M	1	0	0	1	0
20260901	4291318	cmp-a001-02-000000010764328	grp-a001-02-000000069047580	황성주생식	nad-a001-02-000000541754005	bsn-a001-00-000000013604308	09	11	8753	M	3	2	3673	12	0
20260901	4291318	cmp-a001-02-000000010764328	grp-a001-02-000000069047580	황성주박사생식	nad-a001-02-000000541753996	bsn-a001-00-000000013604308	09	18	8753	M	1	0	0	3	0
20260901	4291318	cmp-a001-02-000000010764328	grp-a001-02-000000069047580	생식가루효능	nad-a001-02-000000541753997	bsn-a001-00-000000013604308	09	09	27758	P	2	0	0	4	0
20260901	4291318	cmp-a001-02-000000010764328	grp-a001-02-000000069047580	황성주생식	nad-a001-02-000000541753996	bsn-a001-00-000000013604308	09	09	684924	M	4	1	4608	4	0
20260901	4291318	cmp-a001-02-000000010764328	grp-a001-02-000000069047580	단백질보충제	nad-a001-02-000000553654562	bsn-a001-00-000000013604308	09	10	529514	M	2	0	0	2	0
20260901	4291318	cmp-a001-02-000000010764328	grp-a001-02-000000069047580	견과류	nad-a001-02-000000541753999	bsn-a001-00-000000013604308	09	06	8753	M	1	0	0	4	0
20260901	4291318	cmp-a001-02-000000010764328	grp-a001-02-000000069047580	사랑님	nad-a001-02-000000553654554	bsn-a001-00-000000013604308	09	11	529514	M	2	0	0	6	0
20260901	4291318	cmp-a001-02-000000010764328	grp-a001-02-000000069047580	하루견과	nad-a001-02-000000541753959	bsn-a001-00-000000013604308	09	03	684926	M	2	0	0	4	0
20260901	4291318	cmp-a001-02-000000010764328	grp-a001-02-000000069047580	견과류	nad-a001-02-000000541753960	bsn-a001-00-000000013604308	09	02	33421	M	2	0	0	10	0
20260901	4291318	cmp-a001-02-000000010764328	grp-a001-02-000000069047580	황성주생식	nad-a001-02-000000541754005	bsn-a001-00-000000013604308	09	15	33421	M	1	0	0	4	0
20260901	4291318	cmp-a001-02-000000010764328	grp-a001-02-000000069047580	식사대용선식쉐이크	nad-a001-02-000000553654562	bsn-a001-00-000000013604308	09	13	8753	M	1	0	0	4	0
20260901	4291318	cmp-a001-02-000000010764328	grp-a001-02-000000069047580	하루견과	nad-a001-02-000000541753960	bsn-a001-00-000000013604308	09	09	8753	M	2	0	0	8	0
20260901	4291318	cmp-a001-02-000000010764328	grp-a001-02-000000069047580	단백질보충제	nad-a001-02-000000553654562	bsn-a001-00-000000013604308	09	02	8753	M	1	0	0	10	0
20260901	4291318	cmp-a001-02-000000010764328	grp-a001-02-000000069047580	견과류	nad-a001-02-000000541753960	bsn-a001-00-000000013604308	09	06	529514	M	5	0	0	20	0
20260901	4291318	cmp-a001-02-000000010764328	grp-a001-02-000000069047580	하루견과	nad-a001-02-000000541753959	bsn-a001-00-000000013604308	09	09	8753	M	2	0	0	6	0
20260901	4291318	cmp-a001-02-000000010764328	grp-a001-02-000000069047580	젤리	nad-a001-02-000000541753985	bsn-a001-00-000000013604308	09	08	684924	M	1	0	0	1	0
20260901	4291318	cmp-a001-02-000000010764328	grp-a001-02-000000069047580	단백질쉐이크	nad-a001-02-000000553654562	bsn-a001-00-000000013604308	09	02	11068	P	1	0	0	21	0
20260901	4291318	cmp-a001-02-000000010764328	grp-a001-02-000000069047580	견과류선물세트	nad-a001-02-000000541753999	bsn-a001-00-000000013604308	09	09	684927	P	2	0	0	2	0
20260901	4291318	cmp-a001-02-000000010764328	grp-a001-02-000000069047580	생식가루	nad-a001-02-000000541753996	bsn-a001-00-000000013604308	09	02	8753	M	1	0	0	3	0
20260901	4291318	cmp-a001-02-000000010764328	grp-a001-02-000000069047580	에너지바	nad-a001-02-000000553654559	bsn-a001-00-000000013604308	09	00	23123	P	7	0	0	35	0
20260901	4291318	cmp-a001-02-000000010764328	grp-a001-02-000000069047580	견과류	nad-a001-02-000000541753960	bsn-a001-00-000000013604308	09	17	529514	M	1	0	0	4	0
20260901	4291318	cmp-a001-02-000000010764328	grp-a001-02-000000069047580	하루견과	nad-a001-02-000000541753959	bsn-a001-00-000000013604308	09	02	11068	P	1	0	0	4	0
20260901	4291318	cmp-a001-02-000000010764328	grp-a001-02-000000069047580	하루만	nad-a001-02-000000553654562	bsn-a001-00-000000013604308	09	03	529514	M	2	0	0	10	0
20260901	4291318	cmp-a001-02-000000010764328	grp-a001-02-000000069047580	견과	nad-a001-02-000000541753959	bsn-a001-00-000000013604308	09	16	8753	M	1	0	0	4	0
20260901	4291318	cmp-a001-02-000000010764328	grp-a001-02-000000069047580	프로틴바	nad-a001-02-000000553654554	bsn-a001-00-000000013604308	09	02	768323	M	1	0	0	1	0
20260901	4291318	cmp-a001-02-000000010764328	grp-a001-02-000000069047580	가루	nad-a001-02-000000541753996	bsn-a001-00-000000013604308	09	11	8753	M	1	0	0	3	0
20260901	4291318	cmp-a001-02-000000010764328	grp-a001-02-000000069047580	견과류	nad-a001-02-000000541753959	bsn-a001-00-000000013604308	09	09	27758	P	4	1	2928	10	0
20260901	4291318	cmp-a001-02-000000010764328	grp-a001-02-000000069047580	단백질바초코츄러스	nad-a001-02-000000553654554	bsn-a001-00-000000013604308	09	09	27758	P	1	0	0	2	0
20260901	4291318	cmp-a001-02-000000010764328	grp-a001-02-000000069047580	하루견과	nad-a001-02-000000541753999	bsn-a001-00-000000013604308	09	02	684926	M	1	0	0	2	0
20260901	4291318	cmp-a001-02-000000010764328	grp-a001-02-000000069047580	하루견과	nad-a001-02-000000541753959	bsn-a001-00-000000013604308	09	03	8753	M	1	0	0	4	0
20260901	4291318	cmp-a001-02-000000010764328	grp-a001-02-000000069047580	하루견과	nad-a001-02-000000541753999	bsn-a001-00-000000013604308	09	07	27758	P	2	0	0	3	0
20260901	4291318	cmp-a001-02-000000010764328	grp-a001-02-000000069047580	사랑	nad-a001-02-000000553654554	bsn-a001-00-000000013604308	09	06	98128	M	1	0	0	2	0
20260901	4291318	cmp-a001-02-000000010764328	grp-a001-02-000000069047580	견과류	nad-a001-02-000000541753999	bsn-a001-00-000000013604308	09	09	684926	M	1	0	0	5	0
20260901	4291318	cmp-a001-02-000000010764328	grp-a001-02-000000069047580	갓	nad-a001-02-000000541753960	bsn-a001-00-000000013604308	09	02	27758	P	1	0	0	3	0
20260901	4291318	cmp-a001-02-000000010764328	grp-a001-02-000000069047580	견과	nad-a001-02-000000541753960	bsn-a001-00-000000013604308	09	16	8753	M	1	0	0	5	0
20260901	4291318	cmp-a001-02-000000010764328	grp-a001-02-000000069047580	황성주생식	nad-a001-02-000000541753997	bsn-a001-00-000000013604308	09	18	791888	M	5	0	0	8	0
20260901	4291318	cmp-a001-02-000000010764328	grp-a001-02-000000069047580	하루견과	nad-a001-02-000000541753960	bsn-a001-00-000000013604308	09	10	341893	M	1	0	0	1	0
20260901	4291318	cmp-a001-02-000000010764328	grp-a001-02-000000069047580	견과류	nad-a001-02-000000541753999	bsn-a001-00-000000013604308	09	02	33421	M	1	0	0	2	0
20260901	4291318	cmp-a001-02-000000010764328	grp-a001-02-000000069047580	견과류	nad-a001-02-000000541753959	bsn-a001-00-000000013604308	09	17	529514	M	1	0	0	3	0
20260901	4291318	cmp-a001-02-000000010764328	grp-a001-02-000000069047580	황성주생식	nad-a001-02-000000541753997	bsn-a001-00-000000013604308	09	11	8753	M	3	0	0	3	0
20260901	4291318	cmp-a001-02-000000010764328	grp-a001-02-000000069047580	견과류세트	nad-a001-02-000000541753999	bsn-a001-00-000000013604308	09	09	27758	P	1	0	0	1	0
20260901	4291318	cmp-a001-02-000000010764328	grp-a001-02-000000069047580	갓	nad-a001-02-000000541753959	bsn-a001-00-000000013604308	09	09	8753	M	4	0	0	4	0
20260901	4291318	cmp-a001-02-000000010764328	grp-a001-02-000000069047580	견과류	nad-a001-02-000000541753960	bsn-a001-00-000000013604308	09	99	529514	M	34	0	0	135	0
20260901	4291318	cmp-a001-02-000000010764328	grp-a001-02-000000069047580	견과류	nad-a001-02-000000541753959	bsn-a001-00-000000013604308	09	02	33421	M	2	0	0	8	0
20260901	4291318	cmp-a001-02-000000010764328	grp-a001-02-000000069047580	프로틴	nad-a001-02-000000553654562	bsn-a001-00-000000013604308	09	02	529514	M	6	0	0	6	0
20260901	4291318	cmp-a001-02-000000010764328	grp-a001-02-000000069047580	황성주생식	nad-a001-02-000000541753997	bsn-a001-00-000000013604308	09	09	8753	M	2	1	5945	2	0
20260901	4291318	cmp-a001-02-000000010764328	grp-a001-02-000000069047580	황성주생식	nad-a001-02-000000541753996	bsn-a001-00-000000013604308	09	17	341893	M	1	0	0	1	0
20260901	4291318	cmp-a001-02-000000010764328	grp-a001-02-000000069047580	견과류세트	nad-a001-02-000000541753959	bsn-a001-00-000000013604308	09	09	27758	P	1	0	0	2	0
20260901	4291318	cmp-a001-02-000000010764328	grp-a001-02-000000069047580	모유수유초코시리얼	nad-a001-02-000000553654554	bsn-a001-00-000000013604308	09	02	8753	M	1	0	0	1	0
20260901	4291318	cmp-a001-02-000000010764328	grp-a001-02-000000069047580	견과세트	nad-a001-02-000000541753960	bsn-a001-00-000000013604308	09	03	768323	M	3	0	0	9	0
20260901	4291318	cmp-a001-02-000000010764328	grp-a001-02-000000069047580	황성주생식	nad-a001-02-000000541754004	bsn-a001-00-000000013604308	09	09	633013	M	2	0	0	4	0
20260901	4291318	cmp-a001-02-000000010764328	grp-a001-02-000000069047580	에너지바	nad-a001-02-000000553654554	bsn-a001-00-000000013604308	09	99	529514	M	2	0	0	2	0
20260901	4291318	cmp-a001-02-000000010764328	grp-a001-02-000000069047580	사랑님	nad-a001-02-000000553654559	bsn-a001-00-000000013604308	09	99	529514	M	2	0	0	22	0
20260901	4291318	cmp-a001-02-000000010764328	grp-a001-02-000000069047580	에너지바	nad-a001-02-000000553654558	bsn-a001-00-000000013604308	09	10	87620	M	1	0	0	2	0
20260901	4291318	cmp-a001-02-000000010764328	grp-a001-02-000000069047580	유기농생식	nad-a001-02-000000541754004	bsn-a001-00-000000013604308	09	15	341898	M	1	0	0	1	0
20260901	4291318	cmp-a001-02-000000010764328	grp-a001-02-000000069047580	견과류	nad-a001-02-000000541753999	bsn-a001-00-000000013604308	09	02	8753	M	2	0	0	8	0
20260901	4291318	cmp-a001-02-000000010764328	grp-a001-02-000000069047580	황성주생식라이프밀	nad-a001-02-000000541753996	bsn-a001-00-000000013604308	09	02	684926	M	1	0	0	3	0
20260901	4291318	cmp-a001-02-000000010764328	grp-a001-02-000000069047580	견과	nad-a001-02-000000541753959	bsn-a001-00-000000013604308	09	13	684927	P	1	0	0	4	0
20260901	4291318	cmp-a001-02-000000010764328	grp-a001-02-000000069047580	생식가루	nad-a001-02-000000541754004	bsn-a001-00-000000013604308	09	02	8753	M	1	0	0	2	0
20260901	4291318	cmp-a001-02-000000010764328	grp-a001-02-000000069047580	견과류	nad-a001-02-000000541753999	bsn-a001-00-000000013604308	09	10	529514	M	6	0	0	12	0
20260901	4291318	cmp-a001-02-000000010764328	grp-a001-02-000000069047580	프로틴	nad-a001-02-000000553654562	bsn-a001-00-000000013604308	09	16	768323	M	3	0	0	3	0
20260901	4291318	cmp-a001-02-000000010764328	grp-a001-02-000000069047580	견과류	nad-a001-02-000000541753959	bsn-a001-00-000000013604308	09	04	529514	M	4	0	0	12	0
20260901	4291318	cmp-a001-02-000000010764328	grp-a001-02-000000069047580	견과류	nad-a001-02-000000541753959	bsn-a001-00-000000013604308	09	10	27758	P	1	0	0	2	0
20260901	4291318	cmp-a001-02-000000010764328	grp-a001-02-000000069047580	황성주생식라이프밀	nad-a001-02-000000541753988	bsn-a001-00-000000013604308	09	15	684926	M	2	0	0	10	0
20260901	4291318	cmp-a001-02-000000010764328	grp-a001-02-000000069047580	사랑님	nad-a001-02-000000553654559	bsn-a001-00-000000013604308	09	11	529514	M	2	0	0	22	0
20260901	4291318	cmp-a001-02-000000010764328	grp-a001-02-000000069047580	갓	nad-a001-02-000000541753960	bsn-a001-00-000000013604308	09	09	8753	M	4	0	0	13	0
20260901	4291318	cmp-a001-02-000000010764328	grp-a001-02-000000069047580	황성주생식	nad-a001-02-000000541754004	bsn-a001-00-000000013604308	09	08	8753	M	1	0	0	2	0
20260901	4291318	cmp-a001-02-000000010764328	grp-a001-02-000000069047580	황성주생식	nad-a001-02-000000541754004	bsn-a001-00-000000013604308	09	13	33421	M	1	0	0	1	0
20260901	4291318	cmp-a001-02-000000010764328	grp-a001-02-000000069047580	코스트코생식할인	nad-a001-02-000000541754005	bsn-a001-00-000000013604308	09	08	341893	M	1	0	0	1	0
20260901	4291318	cmp-a001-02-000000010764328	grp-a001-02-000000069047580	곡물비숫가루는탄수화물인가요	nad-a001-02-000000541753997	bsn-a001-00-000000013604308	09	04	8753	M	1	0	0	2	0
20260901	4291318	cmp-a001-02-000000010764328	grp-a001-02-000000069047580	갓	nad-a001-02-000000541753959	bsn-a001-00-000000013604308	09	02	529514	M	3	0	0	7	0
20260901	4291318	cmp-a001-02-000000010764328	grp-a001-02-000000069047580	공복견과류	nad-a001-02-000000541753999	bsn-a001-00-000000013604308	09	09	8753	M	1	0	0	2	0
20260901	4291318	cmp-a001-02-000000010764328	grp-a001-02-000000069047580	황성주생식라이프밀	nad-a001-02-000000541754004	bsn-a001-00-000000013604308	09	02	341893	M	1	0	0	1	0
20260901	4291318	cmp-a001-02-000000010764328	grp-a001-02-000000069047580	황성주생식라이프밀	nad-a001-02-000000541754005	bsn-a001-00-000000013604308	09	15	684926	M	2	0	0	8	0
20260901	4291318	cmp-a001-02-000000010764328	grp-a001-02-000000069047580	황성주생식	nad-a001-02-000000541754004	bsn-a001-00-000000013604308	09	13	341898	M	3	0	0	3	0
20260901	4291318	cmp-a001-02-000000010764328	grp-a001-02-000000069047580	사랑	nad-a001-02-000000553654559	bsn-a001-00-000000013604308	09	09	98128	M	3	0	0	30	0
20260901	4291318	cmp-a001-02-000000010764328	grp-a001-02-000000069047580	황성주생식	nad-a001-02-000000541754005	bsn-a001-00-000000013604308	09	09	633013	M	2	0	0	8	0
20260901	4291318	cmp-a001-02-000000010764328	grp-a001-02-000000069047580	견과세트	nad-a001-02-000000541753960	bsn-a001-00-000000013604308	09	08	768323	M	2	0	0	6	0
20260901	4291318	cmp-a001-02-000000010764328	grp-a001-02-000000069047580	하루견과	nad-a001-02-000000541753960	bsn-a001-00-000000013604308	09	02	8753	M	5	0	0	25	0
20260901	4291318	cmp-a001-02-000000010764328	grp-a001-02-000000069047580	견과세트	nad-a001-02-000000541753960	bsn-a001-00-000000013604308	09	15	768323	M	2	0	0	6	0
20260901	4291318	cmp-a001-02-000000010764328	grp-a001-02-000000069047580	견과류	nad-a001-02-000000541753999	bsn-a001-00-000000013604308	09	09	529514	M	46	0	0	92	0
20260901	4291318	cmp-a001-02-000000010764328	grp-a001-02-000000069047580	다이어트쉐이크	nad-a001-02-000000553654562	bsn-a001-00-000000013604308	09	02	529514	M	2	0	0	2	0
20260901	4291318	cmp-a001-02-000000010764328	grp-a001-02-000000069047580	견과	nad-a001-02-000000541753960	bsn-a001-00-000000013604308	09	18	556927	P	1	0	0	1	0
20260901	4291318	cmp-a001-02-000000010764328	grp-a001-02-000000069047580	하루	nad-a001-02-000000541753959	bsn-a001-00-000000013604308	09	09	98128	M	1	0	0	3	0
20260901	4291318	cmp-a001-02-000000010764328	grp-a001-02-000000069047580	프리미엄믹스견과류	nad-a001-02-000000541753960	bsn-a001-00-000000013604308	09	09	341898	M	1	0	0	1	0
20260901	4291318	cmp-a001-02-000000010764328	grp-a001-02-000000069047580	사랑님	nad-a001-02-000000553654554	bsn-a001-00-000000013604308	09	13	529514	M	2	0	0	6	0
20260901	4291318	cmp-a001-02-000000010764328	grp-a001-02-000000069047580	하루견과	nad-a001-02-000000541753999	bsn-a001-00-000000013604308	09	04	27758	P	1	0	0	3	0
20260901	4291318	cmp-a001-02-000000010764328	grp-a001-02-000000069047580	견과세트	nad-a001-02-000000541753999	bsn-a001-00-000000013604308	09	16	768323	M	1	0	0	2	0
20260901	4291318	cmp-a001-02-000000010764328	grp-a001-02-000000069047580	젤리	nad-a001-02-000000541753985	bsn-a001-00-000000013604308	09	09	768323	M	5	0	0	17	0
20260901	4291318	cmp-a001-02-000000010764328	grp-a001-02-000000069047580	젤리	nad-a001-02-000000541753985	bsn-a001-00-000000013604308	09	07	768323	M	1	0	0	5	0
20260901	4291318	cmp-a001-02-000000010764328	grp-a001-02-000000069047580	견과세트	nad-a001-02-000000541753959	bsn-a001-00-000000013604308	09	09	768323	M	2	0	0	3	0
20260901	4291318	cmp-a001-02-000000010764328	grp-a001-02-000000069047580	견과류	nad-a001-02-000000541753999	bsn-a001-00-000000013604308	09	16	529514	M	6	0	0	12	0
20260901	4291318	cmp-a001-02-000000010764328	grp-a001-02-000000069047580	하루	nad-a001-02-000000541753999	bsn-a001-00-000000013604308	09	10	137281	M	9	0	0	18	0
20260901	4291318	cmp-a001-02-000000010764328	grp-a001-02-000000069047580	황성주박사의1일1생식라이프밀	nad-a001-02-000000541753996	bsn-a001-00-000000013604308	09	02	341898	M	2	0	0	2	0
20260901	4291318	cmp-a001-02-000000010764328	grp-a001-02-000000069047580	하루견과	nad-a001-02-000000541753999	bsn-a001-00-000000013604308	09	03	8753	M	1	1	2643	2	0
20260901	4291318	cmp-a001-02-000000010764328	grp-a001-02-000000069047580	젤리	nad-a001-02-000000541753985	bsn-a001-00-000000013604308	09	99	768323	M	1	0	0	5	0
20260901	4291318	cmp-a001-02-000000010764328	grp-a001-02-000000069047580	칼로리바	nad-a001-02-000000553654554	bsn-a001-00-000000013604308	09	03	8753	M	1	0	0	1	0
20260901	4291318	cmp-a001-02-000000010764328	grp-a001-02-000000069047580	프로틴	nad-a001-02-000000553654562	bsn-a001-00-000000013604308	09	08	529514	M	17	0	0	17	0
20260901	4291318	cmp-a001-02-000000010764328	grp-a001-02-000000069047580	하루	nad-a001-02-000000541753999	bsn-a001-00-000000013604308	09	06	137281	M	8	0	0	16	0
20260901	4291318	cmp-a001-02-000000010764328	grp-a001-02-000000069047580	썬기스트견과선물셋	nad-a001-02-000000541753959	bsn-a001-00-000000013604308	09	02	33421	M	2	0	0	8	0
20260901	4291318	cmp-a001-02-000000010764328	grp-a001-02-000000069047580	견과류	nad-a001-02-000000541753999	bsn-a001-00-000000013604308	09	03	529514	M	10	0	0	20	0
20260901	4291318	cmp-a001-02-000000010764328	grp-a001-02-000000069047580	황성주생식가격	nad-a001-02-000000541754004	bsn-a001-00-000000013604308	09	09	8753	M	1	0	0	2	0
20260901	4291318	cmp-a001-02-000000010764328	grp-a001-02-000000069047580	하루견과	nad-a001-02-000000541753999	bsn-a001-00-000000013604308	09	02	8753	M	5	0	0	5	0
20260901	4291318	cmp-a001-02-000000010764328	grp-a001-02-000000069047580	하루견과	nad-a001-02-000000541753960	bsn-a001-00-000000013604308	09	13	341893	M	1	0	0	1	0
20260901	4291318	cmp-a001-02-000000010764328	grp-a001-02-000000069047580	하루견과	nad-a001-02-000000541753959	bsn-a001-00-000000013604308	09	02	529514	M	2	0	0	5	0
20260901	4291318	cmp-a001-02-000000010764328	grp-a001-02-000000069047580	황성주생식라이프밀	nad-a001-02-000000541753996	bsn-a001-00-000000013604308	09	08	8753	M	1	0	0	3	0
20260901	4291318	cmp-a001-02-000000010764328	grp-a001-02-000000069047580	에너지바	nad-a001-02-000000553654554	bsn-a001-00-000000013604308	09	10	87620	M	1	0	0	1	0
20260901	4291318	cmp-a001-02-000000010764328	grp-a001-02-000000069047580	산과들에원데이프리미엄	nad-a001-02-000000541753960	bsn-a001-00-000000013604308	09	10	341893	M	3	0	0	3	0
20260901	4291318	cmp-a001-02-000000010764328	grp-a001-02-000000069047580	견과류	nad-a001-02-000000541753959	bsn-a001-00-000000013604308	09	03	529514	M	10	0	0	30	0
20260901	4291318	cmp-a001-02-000000010764328	grp-a001-02-000000069047580	견과류	nad-a001-02-000000541753999	bsn-a001-00-000000013604308	09	13	529514	M	4	0	0	8	0
20260901	4291318	cmp-a001-02-000000010764328	grp-a001-02-000000069047580	황성주생식	nad-a001-02-000000541754004	bsn-a001-00-000000013604308	09	18	791888	M	4	0	0	5	0
20260901	4291318	cmp-a001-02-000000010764328	grp-a001-02-000000069047580	칼로리바	nad-a001-02-000000553654559	bsn-a001-00-000000013604308	09	03	8753	M	1	0	0	3	0
20260901	4291318	cmp-a001-02-000000010764328	grp-a001-02-000000069047580	야스타순무첨가아몬드	nad-a001-02-000000541753959	bsn-a001-00-000000013604308	09	02	8753	M	1	0	0	6	0
20260901	4291318	cmp-a001-02-000000010764328	grp-a001-02-000000069047580	견과류	nad-a001-02-000000541753959	bsn-a001-00-000000013604308	09	11	529514	M	11	0	0	33	0
20260901	4291318	cmp-a001-02-000000010764328	grp-a001-02-000000069047580	냉동건조생식	nad-a001-02-000000541754004	bsn-a001-00-000000013604308	09	09	341893	M	1	0	0	1	0
20260901	4291318	cmp-a001-02-000000010764328	grp-a001-02-000000069047580	프로틴바	nad-a001-02-000000553654554	bsn-a001-00-000000013604308	09	16	8753	M	1	0	0	3	0
20260901	4291318	cmp-a001-02-000000010764328	grp-a001-02-000000069047580	하루견과	nad-a001-02-000000541753999	bsn-a001-00-000000013604308	09	02	11068	P	1	0	0	2	0
20260901	4291318	cmp-a001-02-000000010764328	grp-a001-02-000000069047580	바프메이플피칸믹스	nad-a001-02-000000541753959	bsn-a001-00-000000013604308	09	09	341898	M	1	0	0	1	0
20260901	4291318	cmp-a001-02-000000010764328	grp-a001-02-000000069047580	동결건조생식	nad-a001-02-000000541753996	bsn-a001-00-000000013604308	21	99	798056	M	11	0	0	24	0
20260901	4291318	cmp-a001-02-000000010764328	grp-a001-02-000000069047580	하루견과	nad-a001-02-000000541753960	bsn-a001-00-000000013604308	21	07	529514	M	2	0	0	5	0
20260901	4291318	cmp-a001-02-000000010764328	grp-a001-02-000000069047580	하루견과	nad-a001-02-000000541753959	bsn-a001-00-000000013604308	21	09	8753	M	5	0	0	15	0
20260901	4291318	cmp-a001-02-000000010764328	grp-a001-02-000000069047580	견과세트	nad-a001-02-000000541753960	bsn-a001-00-000000013604308	21	09	768323	M	3	0	0	9	0
20260901	4291318	cmp-a001-02-000000010764328	grp-a001-02-000000069047580	견과류추천	nad-a001-02-000000541753960	bsn-a001-00-000000013604308	21	09	8753	M	2	0	0	10	0
20260901	4291318	cmp-a001-02-000000010764328	grp-a001-02-000000069047580	에너지바	nad-a001-02-000000553654558	bsn-a001-00-000000013604308	21	02	8753	M	1	0	0	5	0
20260901	4291318	cmp-a001-02-000000010764328	grp-a001-02-000000069047580	견과류	nad-a001-02-000000541753960	bsn-a001-00-000000013604308	21	02	11068	P	1	0	0	4	0
20260901	4291318	cmp-a001-02-000000010764328	grp-a001-02-000000069047580	젤리	nad-a001-02-000000541753985	bsn-a001-00-000000013604308	21	11	684926	M	1	0	0	4	0
20260901	4291318	cmp-a001-02-000000010764328	grp-a001-02-000000069047580	하루견과	nad-a001-02-000000541753999	bsn-a001-00-000000013604308	21	17	684926	M	1	0	0	1	0
20260901	4291318	cmp-a001-02-000000010764328	grp-a001-02-000000069047580	견과세트	nad-a001-02-000000541753999	bsn-a001-00-000000013604308	21	02	768323	M	6	0	0	12	0
20260901	4291318	cmp-a001-02-000000010764328	grp-a001-02-000000069047580	견과류	nad-a001-02-000000541753960	bsn-a001-00-000000013604308	21	02	27758	P	1	0	0	4	0
20260901	4291318	cmp-a001-02-000000010764328	grp-a001-02-000000069047580	견과류	nad-a001-02-000000541753959	bsn-a001-00-000000013604308	21	15	529514	M	8	0	0	16	0
20260901	4291318	cmp-a001-02-000000010764328	grp-a001-02-000000069047580	사랑	nad-a001-02-000000553654559	bsn-a001-00-000000013604308	21	09	98128	M	2	0	0	12	0
20260901	4291318	cmp-a001-02-000000010764328	grp-a001-02-000000069047580	견과류	nad-a001-02-000000541753959	bsn-a001-00-000000013604308	21	09	684926	M	3	0	0	9	0
20260901	4291318	cmp-a001-02-000000010764328	grp-a001-02-000000069047580	견과류봉지세트추천	nad-a001-02-000000541753999	bsn-a001-00-000000013604308	21	02	8753	M	1	0	0	1	0
20260901	4291318	cmp-a001-02-000000010764328	grp-a001-02-000000069047580	하루견과	nad-a001-02-000000541753959	bsn-a001-00-000000013604308	21	07	529514	M	2	0	0	5	0
20260901	4291318	cmp-a001-02-000000010764328	grp-a001-02-000000069047580	견과류	nad-a001-02-000000541753999	bsn-a001-00-000000013604308	21	18	341893	M	1	0	0	2	0
20260901	4291318	cmp-a001-02-000000010764328	grp-a001-02-000000069047580	견과류	nad-a001-02-000000541753960	bsn-a001-00-000000013604308	21	02	8753	M	8	0	0	32	0
20260901	4291318	cmp-a001-02-000000010764328	grp-a001-02-000000069047580	단백질간식	nad-a001-02-000000553654559	bsn-a001-00-000000013604308	21	11	8753	M	1	0	0	11	0
20260901	4291318	cmp-a001-02-000000010764328	grp-a001-02-000000069047580	견과류세트	nad-a001-02-000000541753960	bsn-a001-00-000000013604308	21	02	529514	M	2	0	0	9	0
20260901	4291318	cmp-a001-02-000000010764328	grp-a001-02-000000069047580	견과류	nad-a001-02-000000541753999	bsn-a001-00-000000013604308	21	13	529514	M	5	0	0	5	0
20260901	4291318	cmp-a001-02-000000010764328	grp-a001-02-000000069047580	사랑	nad-a001-02-000000553654554	bsn-a001-00-000000013604308	21	99	98128	M	2	0	0	4	0
20260901	4291318	cmp-a001-02-000000010764328	grp-a001-02-000000069047580	동결건조생식홈쇼핑	nad-a001-02-000000541753997	bsn-a001-00-000000013604308	21	02	8753	M	1	0	0	1	0
20260901	4291318	cmp-a001-02-000000010764328	grp-a001-02-000000069047580	견과류	nad-a001-02-000000541753999	bsn-a001-00-000000013604308	21	02	27758	P	1	0	0	2	0
20260901	4291318	cmp-a001-02-000000010764328	grp-a001-02-000000069047580	견과세트	nad-a001-02-000000541753959	bsn-a001-00-000000013604308	21	09	768323	M	3	0	0	3	0
20260901	4291318	cmp-a001-02-000000010764328	grp-a001-02-000000069047580	견과류추천	nad-a001-02-000000541753960	bsn-a001-00-000000013604308	21	03	8753	M	1	0	0	5	0
20260901	4291318	cmp-a001-02-000000010764328	grp-a001-02-000000069047580	황성주생식	nad-a001-02-000000541753997	bsn-a001-00-000000013604308	21	02	798056	M	1	0	0	2	0
20260901	4291318	cmp-a001-02-000000010764328	grp-a001-02-000000069047580	식물성단백질	nad-a001-02-000000553654562	bsn-a001-00-000000013604308	21	18	529514	M	2	0	0	2	0
20260901	4291318	cmp-a001-02-000000010764328	grp-a001-02-000000069047580	프로틴	nad-a001-02-000000553654562	bsn-a001-00-000000013604308	21	06	529514	M	15	0	0	15	0
20260901	4291318	cmp-a001-02-000000010764328	grp-a001-02-000000069047580	견과류	nad-a001-02-000000541753999	bsn-a001-00-000000013604308	21	09	8753	M	10	0	0	23	0
20260901	4291318	cmp-a001-02-000000010764328	grp-a001-02-000000069047580	하루견과	nad-a001-02-000000541753999	bsn-a001-00-000000013604308	21	15	8753	M	2	0	0	2	0
20260901	4291318	cmp-a001-02-000000010764328	grp-a001-02-000000069047580	하루만	nad-a001-02-000000541753960	bsn-a001-00-000000013604308	21	99	529514	M	2	0	0	8	0
20260901	4291318	cmp-a001-02-000000010764328	grp-a001-02-000000069047580	단백질간식	nad-a001-02-000000553654558	bsn-a001-00-000000013604308	21	11	8753	M	1	0	0	3	0
20260901	4291318	cmp-a001-02-000000010764328	grp-a001-02-000000069047580	견과류추천	nad-a001-02-000000541753999	bsn-a001-00-000000013604308	21	15	8753	M	1	0	0	2	0
20260901	4291318	cmp-a001-02-000000010764328	grp-a001-02-000000069047580	프로틴바	nad-a001-02-000000553654554	bsn-a001-00-000000013604308	21	16	98128	M	2	0	0	2	0
20260901	4291318	cmp-a001-02-000000010764328	grp-a001-02-000000069047580	에너지바	nad-a001-02-000000553654558	bsn-a001-00-000000013604308	21	17	791888	M	1	0	0	2	0
20260901	4291318	cmp-a001-02-000000010764328	grp-a001-02-000000069047580	베스트넛츠프리미엄5박스	nad-a001-02-000000541753959	bsn-a001-00-000000013604308	21	06	341898	M	2	0	0	2	0
20260901	4291318	cmp-a001-02-000000010764328	grp-a001-02-000000069047580	하루견과	nad-a001-02-000000541753999	bsn-a001-00-000000013604308	21	02	8753	M	5	0	0	8	0
20260901	4291318	cmp-a001-02-000000010764328	grp-a001-02-000000069047580	황성주생식라이프밀	nad-a001-02-000000541754005	bsn-a001-00-000000013604308	21	10	8753	M	2	0	0	8	0
20260901	4291318	cmp-a001-02-000000010764328	grp-a001-02-000000069047580	견과추천	nad-a001-02-000000541753960	bsn-a001-00-000000013604308	21	03	8753	M	1	0	0	4	0
20260901	4291318	cmp-a001-02-000000010764328	grp-a001-02-000000069047580	견과류	nad-a001-02-000000541753959	bsn-a001-00-000000013604308	21	16	529514	M	2	0	0	4	0
20260901	4291318	cmp-a001-02-000000010764328	grp-a001-02-000000069047580	견과류	nad-a001-02-000000541753959	bsn-a001-00-000000013604308	21	07	8753	M	1	0	0	3	0
20260901	4291318	cmp-a001-02-000000010764328	grp-a001-02-000000069047580	하루만	nad-a001-02-000000541753959	bsn-a001-00-000000013604308	21	03	529514	M	2	0	0	4	0
20260901	4291318	cmp-a001-02-000000010764328	grp-a001-02-000000069047580	갓	nad-a001-02-000000541753960	bsn-a001-00-000000013604308	21	02	8753	M	2	0	0	5	0
20260901	4291318	cmp-a001-02-000000010764328	grp-a001-02-000000069047580	견과류	nad-a001-02-000000541753999	bsn-a001-00-000000013604308	21	10	529514	M	6	0	0	6	0
20260901	4291318	cmp-a001-02-000000010764328	grp-a001-02-000000069047580	에너지바	nad-a001-02-000000553654559	bsn-a001-00-000000013604308	21	02	23123	P	1	0	0	7	0
20260901	4291318	cmp-a001-02-000000010764328	grp-a001-02-000000069047580	견과세트	nad-a001-02-000000541753999	bsn-a001-00-000000013604308	21	09	768323	M	3	0	0	6	0
20260901	4291318	cmp-a001-02-000000010764328	grp-a001-02-000000069047580	견과류	nad-a001-02-000000541753959	bsn-a001-00-000000013604308	21	03	8753	M	1	0	0	3	0
20260901	4291318	cmp-a001-02-000000010764328	grp-a001-02-000000069047580	단백질	nad-a001-02-000000553654562	bsn-a001-00-000000013604308	21	01	98128	M	3	0	0	3	0
20260901	4291318	cmp-a001-02-000000010764328	grp-a001-02-000000069047580	단백질바	nad-a001-02-000000553654558	bsn-a001-00-000000013604308	21	09	529514	M	2	0	0	4	0
20260901	4291318	cmp-a001-02-000000010764328	grp-a001-02-000000069047580	하루견과	nad-a001-02-000000541753959	bsn-a001-00-000000013604308	21	02	27758	P	1	0	0	2	0
20260901	4291318	cmp-a001-02-000000010764328	grp-a001-02-000000069047580	에너지바	nad-a001-02-000000553654559	bsn-a001-00-000000013604308	21	00	27758	P	1	0	0	4	0
20260901	4291318	cmp-a001-02-000000010764328	grp-a001-02-000000069047580	견과류봉지세트추천	nad-a001-02-000000541753960	bsn-a001-00-000000013604308	21	02	8753	M	1	0	0	3	0
20260901	4291318	cmp-a001-02-000000010764328	grp-a001-02-000000069047580	견과류	nad-a001-02-000000541753999	bsn-a001-00-000000013604308	21	11	8753	M	2	0	0	4	0
20260901	4291318	cmp-a001-02-000000010764328	grp-a001-02-000000069047580	견과류	nad-a001-02-000000541753959	bsn-a001-00-000000013604308	21	01	529514	M	5	0	0	10	0
20260901	4291318	cmp-a001-02-000000010764328	grp-a001-02-000000069047580	사랑님	nad-a001-02-000000553654558	bsn-a001-00-000000013604308	21	18	529514	M	2	0	0	7	0
20260901	4291318	cmp-a001-02-000000010764328	grp-a001-02-000000069047580	견과세트	nad-a001-02-000000541753960	bsn-a001-00-000000013604308	21	08	768323	M	4	0	0	12	0
20260901	4291318	cmp-a001-02-000000010764328	grp-a001-02-000000069047580	단백질바	nad-a001-02-000000553654554	bsn-a001-00-000000013604308	21	08	529514	M	2	0	0	2	0
20260901	4291318	cmp-a001-02-000000010764328	grp-a001-02-000000069047580	단백질	nad-a001-02-000000553654562	bsn-a001-00-000000013604308	21	17	98128	M	2	0	0	2	0
20260901	4291318	cmp-a001-02-000000010764328	grp-a001-02-000000069047580	견과류	nad-a001-02-000000541753999	bsn-a001-00-000000013604308	21	02	529514	M	61	0	0	61	0
20260901	4291318	cmp-a001-02-000000010764328	grp-a001-02-000000069047580	영양균형	nad-a001-02-000000541753965	bsn-a001-00-000000013604308	21	11	609155	M	1	0	0	3	0
20260901	4291318	cmp-a001-02-000000010764328	grp-a001-02-000000069047580	갓	nad-a001-02-000000541753959	bsn-a001-00-000000013604308	21	01	27758	P	1	0	0	4	0
20260901	4291318	cmp-a001-02-000000010764328	grp-a001-02-000000069047580	다이어트쉐이크	nad-a001-02-000000553654562	bsn-a001-00-000000013604308	21	07	529514	M	2	0	0	2	0
20260901	4291318	cmp-a001-02-000000010764328	grp-a001-02-000000069047580	단백질바	nad-a001-02-000000553654559	bsn-a001-00-000000013604308	21	15	529514	M	4	0	0	12	0
20260901	4291318	cmp-a001-02-000000010764328	grp-a001-02-000000069047580	견과류영양성분	nad-a001-02-000000541753959	bsn-a001-00-000000013604308	21	16	8753	M	1	0	0	3	0
20260901	4291318	cmp-a001-02-000000010764328	grp-a001-02-000000069047580	하루만	nad-a001-02-000000553654562	bsn-a001-00-000000013604308	21	03	529514	M	2	0	0	10	0
20260901	4291318	cmp-a001-02-000000010764328	grp-a001-02-000000069047580	단백질바	nad-a001-02-000000553654558	bsn-a001-00-000000013604308	21	02	8753	M	1	0	0	6	0
20260901	4291318	cmp-a001-02-000000010764328	grp-a001-02-000000069047580	동결건조생식	nad-a001-02-000000541754005	bsn-a001-00-000000013604308	21	99	798056	M	2	0	0	8	0
20260901	4291318	cmp-a001-02-000000010764328	grp-a001-02-000000069047580	에너지바	nad-a001-02-000000553654554	bsn-a001-00-000000013604308	21	17	791889	P	1	0	0	1	0
20260901	4291318	cmp-a001-02-000000010764328	grp-a001-02-000000069047580	갓	nad-a001-02-000000541753959	bsn-a001-00-000000013604308	21	02	8753	M	2	0	0	2	0
20260901	4291318	cmp-a001-02-000000010764328	grp-a001-02-000000069047580	프로틴바	nad-a001-02-000000553654558	bsn-a001-00-000000013604308	21	06	8753	M	1	0	0	6	0
20260901	4291318	cmp-a001-02-000000010764328	grp-a001-02-000000069047580	황성주생식	nad-a001-02-000000541754004	bsn-a001-00-000000013604308	21	18	8753	M	1	0	0	2	0
20260901	4291318	cmp-a001-02-000000010764328	grp-a001-02-000000069047580	황성주생식	nad-a001-02-000000541753988	bsn-a001-00-000000013604308	21	09	8753	M	1	0	0	5	0
20260901	4291318	cmp-a001-02-000000010764328	grp-a001-02-000000069047580	단백질바	nad-a001-02-000000553654558	bsn-a001-00-000000013604308	21	00	27758	P	1	0	0	2	0
20260901	4291318	cmp-a001-02-000000010764328	grp-a001-02-000000069047580	프로틴바	nad-a001-02-000000553654559	bsn-a001-00-000000013604308	21	09	529514	M	4	0	0	12	0
20260901	4291318	cmp-a001-02-000000010764328	grp-a001-02-000000069047580	나인플레이트	nad-a001-02-000000541753999	bsn-a001-00-000000013604308	21	16	341893	M	1	0	0	1	0
20260901	4291318	cmp-a001-02-000000010764328	grp-a001-02-000000069047580	견과류추천	nad-a001-02-000000541753959	bsn-a001-00-000000013604308	21	02	684924	M	1	0	0	1	0
20260901	4291318	cmp-a001-02-000000010764328	grp-a001-02-000000069047580	베스트넛츠프리미엄견과	nad-a001-02-000000541753959	bsn-a001-00-000000013604308	21	15	341893	M	1	0	0	1	0
20260901	4291318	cmp-a001-02-000000010764328	grp-a001-02-000000069047580	견과류봉지세트추천	nad-a001-02-000000541753959	bsn-a001-00-000000013604308	21	02	8753	M	1	0	0	2	0
20260901	4291318	cmp-a001-02-000000010764328	grp-a001-02-000000069047580	갓	nad-a001-02-000000541753960	bsn-a001-00-000000013604308	21	09	8753	M	1	0	0	2	0
20260901	4291318	cmp-a001-02-000000010764328	grp-a001-02-000000069047580	대용량하리보	nad-a001-02-000000541753985	bsn-a001-00-000000013604308	21	02	341893	M	1	0	0	2	0
20260901	4291318	cmp-a001-02-000000010764328	grp-a001-02-000000069047580	견과류	nad-a001-02-000000541753999	bsn-a001-00-000000013604308	21	08	529514	M	19	0	0	19	0
20260901	4291318	cmp-a001-02-000000010764328	grp-a001-02-000000069047580	프로틴	nad-a001-02-000000553654562	bsn-a001-00-000000013604308	21	08	529514	M	7	0	0	7	0
20260901	4291318	cmp-a001-02-000000010764328	grp-a001-02-000000069047580	믹스반찬볶음견과류	nad-a001-02-000000541753960	bsn-a001-00-000000013604308	21	09	341898	M	1	0	0	1	0
20260901	4291318	cmp-a001-02-000000010764328	grp-a001-02-000000069047580	황성주라이프밀생식	nad-a001-02-000000541753996	bsn-a001-00-000000013604308	21	02	341898	M	1	0	0	1	0
20260901	4291318	cmp-a001-02-000000010764328	grp-a001-02-000000069047580	사랑님	nad-a001-02-000000553654559	bsn-a001-00-000000013604308	21	08	529514	M	12	0	0	113	0
20260901	4291318	cmp-a001-02-000000010764328	grp-a001-02-000000069047580	프로틴바	nad-a001-02-000000553654554	bsn-a001-00-000000013604308	21	02	8753	M	1	0	0	2	0
20260901	4291318	cmp-a001-02-000000010764328	grp-a001-02-000000069047580	견과류종류	nad-a001-02-000000541753960	bsn-a001-00-000000013604308	21	02	341893	M	1	0	0	1	0
20260901	4291318	cmp-a001-02-000000010764328	grp-a001-02-000000069047580	견과	nad-a001-02-000000541753999	bsn-a001-00-000000013604308	21	02	633013	M	1	0	0	3	0
20260901	4291318	cmp-a001-02-000000010764328	grp-a001-02-000000069047580	하루견과	nad-a001-02-000000541753960	bsn-a001-00-000000013604308	21	02	529514	M	2	0	0	5	0
20260901	4291318	cmp-a001-02-000000010764328	grp-a001-02-000000069047580	단백질간식	nad-a001-02-000000553654558	bsn-a001-00-000000013604308	21	02	8753	M	1	0	0	3	0
20260901	4291318	cmp-a001-02-000000010764328	grp-a001-02-000000069047580	견과류	nad-a001-02-000000541753999	bsn-a001-00-000000013604308	21	11	529514	M	9	0	0	9	0
20260901	4291318	cmp-a001-02-000000010764328	grp-a001-02-000000069047580	갓	nad-a001-02-000000541753999	bsn-a001-00-000000013604308	21	09	529514	M	4	0	0	6	0
20260901	4291318	cmp-a001-02-000000010764328	grp-a001-02-000000069047580	단백질바	nad-a001-02-000000553654558	bsn-a001-00-000000013604308	21	09	33421	M	1	0	0	4	0
20260901	4291318	cmp-a001-02-000000010764328	grp-a001-02-000000069047580	견과류	nad-a001-02-000000541753960	bsn-a001-00-000000013604308	21	10	529514	M	6	0	0	18	0
20260901	4291318	cmp-a001-02-000000010764328	grp-a001-02-000000069047580	먹어본견과류	nad-a001-02-000000541753999	bsn-a001-00-000000013604308	21	18	8753	M	1	0	0	2	0
20260901	4291318	cmp-a001-02-000000010764328	grp-a001-02-000000069047580	동결건조생식	nad-a001-02-000000541753988	bsn-a001-00-000000013604308	21	02	8753	M	1	0	0	9	0
20260901	4291318	cmp-a001-02-000000010764328	grp-a001-02-000000069047580	견과류추천	nad-a001-02-000000541753959	bsn-a001-00-000000013604308	21	03	8753	M	1	0	0	4	0
20260901	4291318	cmp-a001-02-000000010764328	grp-a001-02-000000069047580	황성주생식	nad-a001-02-000000541754004	bsn-a001-00-000000013604308	21	02	8753	M	2	0	0	4	0
20260901	4291318	cmp-a001-02-000000010764328	grp-a001-02-000000069047580	하루견과	nad-a001-02-000000541753959	bsn-a001-00-000000013604308	21	18	8753	M	1	0	0	3	0
20260901	4291318	cmp-a001-02-000000010764328	grp-a001-02-000000069047580	하루견과	nad-a001-02-000000541753959	bsn-a001-00-000000013604308	21	06	8753	M	1	0	0	3	0
20260901	4291318	cmp-a001-02-000000010764328	grp-a001-02-000000069047580	견과류	nad-a001-02-000000541753960	bsn-a001-00-000000013604308	21	04	633013	M	1	0	0	2	0
20260901	4291318	cmp-a001-02-000000010764328	grp-a001-02-000000069047580	견과추천	nad-a001-02-000000541753999	bsn-a001-00-000000013604308	21	03	8753	M	1	0	0	1	0
20260901	4291318	cmp-a001-02-000000010764328	grp-a001-02-000000069047580	견과류추천	nad-a001-02-000000541753999	bsn-a001-00-000000013604308	21	02	8753	M	3	0	0	6	0
20260901	4291318	cmp-a001-02-000000010764328	grp-a001-02-000000069047580	견과류	nad-a001-02-000000541753960	bsn-a001-00-000000013604308	21	14	8753	M	1	0	0	4	0
20260901	4291318	cmp-a001-02-000000010764328	grp-a001-02-000000069047580	견과류	nad-a001-02-000000541753999	bsn-a001-00-000000013604308	21	03	633013	M	2	0	0	6	0
20260901	4291318	cmp-a001-02-000000010764328	grp-a001-02-000000069047580	견과류	nad-a001-02-000000541753999	bsn-a001-00-000000013604308	21	04	33421	M	1	0	0	2	0
20260901	4291318	cmp-a001-02-000000010764328	grp-a001-02-000000069047580	하루견과	nad-a001-02-000000541753999	bsn-a001-00-000000013604308	21	11	8753	M	4	1	2635	5	0
20260901	4291318	cmp-a001-02-000000010764328	grp-a001-02-000000069047580	하루	nad-a001-02-000000541753999	bsn-a001-00-000000013604308	21	09	529514	M	1	0	0	4	0
20260901	4291318	cmp-a001-02-000000010764328	grp-a001-02-000000069047580	베스트넛츠프리미엄견과	nad-a001-02-000000541753959	bsn-a001-00-000000013604308	21	03	341898	M	1	0	0	1	0
20260901	4291318	cmp-a001-02-000000010764328	grp-a001-02-000000069047580	나인플레이트	nad-a001-02-000000541753999	bsn-a001-00-000000013604308	21	09	341898	M	1	0	0	1	0
20260901	4291318	cmp-a001-02-000000010764328	grp-a001-02-000000069047580	견과류	nad-a001-02-000000541753960	bsn-a001-00-000000013604308	21	09	33421	M	1	0	0	4	0
20260901	4291318	cmp-a001-02-000000010764328	grp-a001-02-000000069047580	하루견과	nad-a001-02-000000541753999	bsn-a001-00-000000013604308	21	00	8753	M	1	0	0	1	0
20260901	4291318	cmp-a001-02-000000010764328	grp-a001-02-000000069047580	사랑	nad-a001-02-000000553654554	bsn-a001-00-000000013604308	21	07	98128	M	1	0	0	2	0
20260901	4291318	cmp-a001-02-000000010764328	grp-a001-02-000000069047580	견과류세트추천	nad-a001-02-000000541753999	bsn-a001-00-000000013604308	21	02	684924	M	1	0	0	1	0
20260901	4291318	cmp-a001-02-000000010764328	grp-a001-02-000000069047580	스토어킹푸드	nad-a001-02-000000541753999	bsn-a001-00-000000013604308	21	18	8753	M	1	0	0	2	0
20260901	4291318	cmp-a001-02-000000010764328	grp-a001-02-000000069047580	사랑	nad-a001-02-000000553654558	bsn-a001-00-000000013604308	21	04	98128	M	1	0	0	5	0
20260901	4291318	cmp-a001-02-000000010764328	grp-a001-02-000000069047580	단백질쉐이크	nad-a001-02-000000553654562	bsn-a001-00-000000013604308	21	08	8753	M	1	0	0	9	0
20260901	4291318	cmp-a001-02-000000010764328	grp-a001-02-000000069047580	우고래빗하루견과	nad-a001-02-000000541753960	bsn-a001-00-000000013604308	21	08	341893	M	1	0	0	2	0
20260901	4291318	cmp-a001-02-000000010764328	grp-a001-02-000000069047580	견과류추천	nad-a001-02-000000541753959	bsn-a001-00-000000013604308	21	10	684924	M	1	0	0	1	0
20260901	4291318	cmp-a001-02-000000010764328	grp-a001-02-000000069047580	베스트넛츠견과류100봉	nad-a001-02-000000541753959	bsn-a001-00-000000013604308	21	02	341893	M	1	0	0	1	0
20260901	4291318	cmp-a001-02-000000010764328	grp-a001-02-000000069047580	하루견과	nad-a001-02-000000541753960	bsn-a001-00-000000013604308	21	00	8753	M	1	0	0	3	0
20260901	4291318	cmp-a001-02-000000010764328	grp-a001-02-000000069047580	단백질쉐이크	nad-a001-02-000000553654562	bsn-a001-00-000000013604308	21	11	612593	P	1	0	0	1	0
20260901	4291318	cmp-a001-02-000000010764328	grp-a001-02-000000069047580	젤리	nad-a001-02-000000541753985	bsn-a001-00-000000013604308	21	09	137281	M	7	0	0	7	0
20260901	4291318	cmp-a001-02-000000010764328	grp-a001-02-000000069047580	단백질쉐이크	nad-a001-02-000000553654562	bsn-a001-00-000000013604308	21	02	98128	M	2	0	0	2	0
20260901	4291318	cmp-a001-02-000000010764328	grp-a001-02-000000069047580	프로틴쉐이크	nad-a001-02-000000553654562	bsn-a001-00-000000013604308	21	11	529514	M	6	0	0	6	0
20260901	4291318	cmp-a001-02-000000010764328	grp-a001-02-000000069047580	견과류	nad-a001-02-000000541753960	bsn-a001-00-000000013604308	21	18	529514	M	18	0	0	54	0
20260901	4291318	cmp-a001-02-000000010764328	grp-a001-02-000000069047580	황성주생식	nad-a001-02-000000541753997	bsn-a001-00-000000013604308	21	09	341893	M	1	0	0	1	0
20260901	4291318	cmp-a001-02-000000010764328	grp-a001-02-000000069047580	견과류세트추천	nad-a001-02-000000541753999	bsn-a001-00-000000013604308	21	02	8753	M	1	0	0	1	0
20260901	4291318	cmp-a001-02-000000010764328	grp-a001-02-000000069047580	프로틴	nad-a001-02-000000553654562	bsn-a001-00-000000013604308	21	07	768323	M	6	0	0	10	0
20260901	4291318	cmp-a001-02-000000010764328	grp-a001-02-000000069047580	사랑	nad-a001-02-000000553654559	bsn-a001-00-000000013604308	21	99	98128	M	2	0	0	12	0
20260901	4291318	cmp-a001-02-000000010764328	grp-a001-02-000000069047580	프로틴	nad-a001-02-000000553654562	bsn-a001-00-000000013604308	21	08	768323	M	5	0	0	7	0
20260901	4291318	cmp-a001-02-000000010764328	grp-a001-02-000000069047580	베스트넛츠프리미엄견과	nad-a001-02-000000541753959	bsn-a001-00-000000013604308	21	09	341893	M	1	0	0	1	0
20260901	4291318	cmp-a001-02-000000010764328	grp-a001-02-000000069047580	에너지바	nad-a001-02-000000553654558	bsn-a001-00-000000013604308	21	00	27758	P	1	0	0	3	0
20260901	4291318	cmp-a001-02-000000010764328	grp-a001-02-000000069047580	베스트넛츠견과류100봉	nad-a001-02-000000541753959	bsn-a001-00-000000013604308	21	06	341893	M	1	0	0	1	0
20260901	4291318	cmp-a001-02-000000010764328	grp-a001-02-000000069047580	갓	nad-a001-02-000000541753999	bsn-a001-00-000000013604308	21	02	8753	M	2	0	0	5	0
20260901	4291318	cmp-a001-02-000000010764328	grp-a001-02-000000069047580	견과류	nad-a001-02-000000541753960	bsn-a001-00-000000013604308	21	17	529514	M	3	0	0	9	0
20260901	4291318	cmp-a001-02-000000010764328	grp-a001-02-000000069047580	단백질쉐이크	nad-a001-02-000000553654562	bsn-a001-00-000000013604308	21	01	98128	M	6	0	0	6	0
20260901	4291318	cmp-a001-02-000000010764328	grp-a001-02-000000069047580	견과류	nad-a001-02-000000541753960	bsn-a001-00-000000013604308	21	07	8753	M	1	0	0	4	0
20260901	4291318	cmp-a001-02-000000010764328	grp-a001-02-000000069047580	견과류	nad-a001-02-000000541753960	bsn-a001-00-000000013604308	21	04	33421	M	1	0	0	5	0
20260901	4291318	cmp-a001-02-000000010764328	grp-a001-02-000000069047580	볶음해바라기씨	nad-a001-02-000000541753960	bsn-a001-00-000000013604308	21	09	341898	M	2	0	0	2	0
20260901	4291318	cmp-a001-02-000000010764328	grp-a001-02-000000069047580	단백질간식	nad-a001-02-000000553654559	bsn-a001-00-000000013604308	21	09	684926	M	1	0	0	7	0
20260901	4291318	cmp-a001-02-000000010764328	grp-a001-02-000000069047580	과자칼로리계급도	nad-a001-02-000000553654554	bsn-a001-00-000000013604308	21	18	8753	M	1	0	0	1	0
20260901	4291318	cmp-a001-02-000000010764328	grp-a001-02-000000069047580	블렌드하루견과	nad-a001-02-000000541753999	bsn-a001-00-000000013604308	21	02	341893	M	2	0	0	2	0
20260901	4291318	cmp-a001-02-000000010764328	grp-a001-02-000000069047580	베스트넛츠견과류	nad-a001-02-000000541753959	bsn-a001-00-000000013604308	21	09	341893	M	1	0	0	2	0
20260901	4291318	cmp-a001-02-000000010764328	grp-a001-02-000000069047580	베스트넛츠프리미엄	nad-a001-02-000000541753959	bsn-a001-00-000000013604308	21	02	341898	M	2	0	0	2	0
20260901	4291318	cmp-a001-02-000000010764328	grp-a001-02-000000069047580	동결건조생식분말	nad-a001-02-000000541753997	bsn-a001-00-000000013604308	21	11	684924	M	1	0	0	1	0
20260901	4291318	cmp-a001-02-000000010764328	grp-a001-02-000000069047580	베스트넛츠프리미엄	nad-a001-02-000000541753959	bsn-a001-00-000000013604308	21	18	341898	M	1	0	0	1	0
20260901	4291318	cmp-a001-02-000000010764328	grp-a001-02-000000069047580	견과류	nad-a001-02-000000541753999	bsn-a001-00-000000013604308	21	06	529514	M	10	0	0	10	0
20260901	4291318	cmp-a001-02-000000010764328	grp-a001-02-000000069047580	에너지바	nad-a001-02-000000553654558	bsn-a001-00-000000013604308	21	11	87620	M	1	0	0	2	0
20260901	4291318	cmp-a001-02-000000010764328	grp-a001-02-000000069047580	황성주생식	nad-a001-02-000000541753997	bsn-a001-00-000000013604308	21	09	8753	M	3	1	5836	3	0
20260901	4291318	cmp-a001-02-000000010764328	grp-a001-02-000000069047580	주영철박사다이어트	nad-a001-02-000000553654562	bsn-a001-00-000000013604308	21	02	8753	M	1	0	0	1	0
20260901	4291318	cmp-a001-02-000000010764328	grp-a001-02-000000069047580	단백질바	nad-a001-02-000000553654559	bsn-a001-00-000000013604308	21	08	529514	M	2	0	0	6	0
20260901	4291318	cmp-a001-02-000000010764328	grp-a001-02-000000069047580	견과류	nad-a001-02-000000541753960	bsn-a001-00-000000013604308	21	08	8753	M	3	0	0	12	0
20260901	4291318	cmp-a001-02-000000010764328	grp-a001-02-000000069047580	프로틴	nad-a001-02-000000553654562	bsn-a001-00-000000013604308	21	06	768323	M	2	0	0	3	0
20260901	4291318	cmp-a001-02-000000010764328	grp-a001-02-000000069047580	황성주생식	nad-a001-02-000000541753997	bsn-a001-00-000000013604308	21	18	8753	M	1	0	0	1	0
20260901	4291318	cmp-a001-02-000000010764328	grp-a001-02-000000069047580	견과	nad-a001-02-000000541753959	bsn-a001-00-000000013604308	21	02	33421	M	1	0	0	3	0
20260901	4291318	cmp-a001-02-000000010764328	grp-a001-02-000000069047580	견과류추천	nad-a001-02-000000541753999	bsn-a001-00-000000013604308	21	09	8753	M	2	0	0	4	0
20260901	4291318	cmp-a001-02-000000010764328	grp-a001-02-000000069047580	에너지바	nad-a001-02-000000553654559	bsn-a001-00-000000013604308	21	11	791888	M	1	0	0	3	0
20260901	4291318	cmp-a001-02-000000010764328	grp-a001-02-000000069047580	에너지바	nad-a001-02-000000553654554	bsn-a001-00-000000013604308	21	11	23123	P	4	0	0	4	0
20260901	4291318	cmp-a001-02-000000010764328	grp-a001-02-000000069047580	사랑	nad-a001-02-000000553654558	bsn-a001-00-000000013604308	21	09	98128	M	2	0	0	10	0
20260901	4291318	cmp-a001-02-000000010764328	grp-a001-02-000000069047580	하루견과	nad-a001-02-000000541753960	bsn-a001-00-000000013604308	21	15	8753	M	2	0	0	8	0
20260901	4291318	cmp-a001-02-000000010764328	grp-a001-02-000000069047580	갓	nad-a001-02-000000541753959	bsn-a001-00-000000013604308	21	09	8753	M	1	0	0	1	0
20260901	4291318	cmp-a001-02-000000010764328	grp-a001-02-000000069047580	견과세트	nad-a001-02-000000541753999	bsn-a001-00-000000013604308	21	10	768323	M	2	0	0	4	0
20260901	4291318	cmp-a001-02-000000010764328	grp-a001-02-000000069047580	넛츠견과류	nad-a001-02-000000541753999	bsn-a001-00-000000013604308	21	09	8753	M	1	0	0	2	0
20260901	4291318	cmp-a001-02-000000010764328	grp-a001-02-000000069047580	견과류영양성분	nad-a001-02-000000541753999	bsn-a001-00-000000013604308	21	16	8753	M	1	0	0	2	0
20260901	4291318	cmp-a001-02-000000010764328	grp-a001-02-000000069047580	단백질종류	nad-a001-02-000000553654562	bsn-a001-00-000000013604308	21	13	798056	M	1	0	0	1	0
20260901	4291318	cmp-a001-02-000000010764328	grp-a001-02-000000069047580	견과류	nad-a001-02-000000541753999	bsn-a001-00-000000013604308	21	02	11068	P	1	0	0	2	0
20260901	4291318	cmp-a001-02-000000010764328	grp-a001-02-000000069047580	단백질간식	nad-a001-02-000000553654554	bsn-a001-00-000000013604308	21	02	27758	P	1	0	0	2	0
20260901	4291318	cmp-a001-02-000000010764328	grp-a001-02-000000069047580	단백질	nad-a001-02-000000553654562	bsn-a001-00-000000013604308	21	02	529514	M	6	0	0	10	0
20260901	4291318	cmp-a001-02-000000010764328	grp-a001-02-000000069047580	젤리	nad-a001-02-000000541753985	bsn-a001-00-000000013604308	21	02	768323	M	4	0	0	4	0
20260901	4291318	cmp-a001-02-000000010764328	grp-a001-02-000000069047580	단백질쉐이크	nad-a001-02-000000553654562	bsn-a001-00-000000013604308	21	16	529514	M	5	0	0	10	0
20260901	4291318	cmp-a001-02-000000010764328	grp-a001-02-000000069047580	단백질	nad-a001-02-000000553654562	bsn-a001-00-000000013604308	21	11	98128	M	1	0	0	1	0
20260901	4291318	cmp-a001-02-000000010764328	grp-a001-02-000000069047580	갓	nad-a001-02-000000541753999	bsn-a001-00-000000013604308	21	06	8753	M	2	0	0	4	0
20260901	4291318	cmp-a001-02-000000010764328	grp-a001-02-000000069047580	PROTEINBAR	nad-a001-02-000000553654558	bsn-a001-00-000000013604308	21	00	8753	M	1	0	0	4	0
20260901	4291318	cmp-a001-02-000000010764328	grp-a001-02-000000069047580	하루건강견과	nad-a001-02-000000541753960	bsn-a001-00-000000013604308	21	02	341898	M	1	0	0	1	0
20260901	4291318	cmp-a001-02-000000010764328	grp-a001-02-000000069047580	황성주생식	nad-a001-02-000000541753996	bsn-a001-00-000000013604308	21	02	8753	M	2	0	0	6	0
20260901	4291318	cmp-a001-02-000000010764328	grp-a001-02-000000069047580	황성주생식	nad-a001-02-000000541754005	bsn-a001-00-000000013604308	21	02	798056	M	1	1	1226	4	0
20260901	4291318	cmp-a001-02-000000010764328	grp-a001-02-000000069047580	견과	nad-a001-02-000000541753959	bsn-a001-00-000000013604308	21	09	633013	M	1	0	0	1	0
20260901	4291318	cmp-a001-02-000000010764328	grp-a001-02-000000069047580	다이어트쉐이크	nad-a001-02-000000553654562	bsn-a001-00-000000013604308	21	15	529514	M	2	0	0	2	0
20260901	4291318	cmp-a001-02-000000010764328	grp-a001-02-000000069047580	견과류	nad-a001-02-000000541753999	bsn-a001-00-000000013604308	21	04	8753	M	3	0	0	6	0
20260901	4291318	cmp-a001-02-000000010764328	grp-a001-02-000000069047580	PROTEINBAR	nad-a001-02-000000553654554	bsn-a001-00-000000013604308	21	00	684924	M	1	0	0	1	0
20260901	4291318	cmp-a001-02-000000010764328	grp-a001-02-000000069047580	프로틴쉐이크	nad-a001-02-000000553654562	bsn-a001-00-000000013604308	21	04	529514	M	2	0	0	2	0
20260901	4291318	cmp-a001-02-000000010764328	grp-a001-02-000000069047580	견과세트	nad-a001-02-000000541753999	bsn-a001-00-000000013604308	21	15	768323	M	1	0	0	2	0
20260901	4291318	cmp-a001-02-000000010764328	grp-a001-02-000000069047580	견과류	nad-a001-02-000000541753959	bsn-a001-00-000000013604308	21	03	633013	M	2	0	0	2	0
20260901	4291318	cmp-a001-02-000000010764328	grp-a001-02-000000069047580	견과류	nad-a001-02-000000541753999	bsn-a001-00-000000013604308	21	02	341893	M	1	0	0	1	0
20260901	4291318	cmp-a001-02-000000010764328	grp-a001-02-000000069047580	견과류	nad-a001-02-000000541753959	bsn-a001-00-000000013604308	21	03	341898	M	1	0	0	1	0
20260901	4291318	cmp-a001-02-000000010764328	grp-a001-02-000000069047580	단백질쉐이크	nad-a001-02-000000553654562	bsn-a001-00-000000013604308	21	07	529514	M	40	0	0	51	0
20260901	4291318	cmp-a001-02-000000010764328	grp-a001-02-000000069047580	견과류	nad-a001-02-000000541753959	bsn-a001-00-000000013604308	21	02	11068	P	1	0	0	3	0
20260901	4291318	cmp-a001-02-000000010764328	grp-a001-02-000000069047580	하루만	nad-a001-02-000000541753960	bsn-a001-00-000000013604308	21	03	529514	M	2	0	0	8	0
20260901	4291318	cmp-a001-02-000000010764328	grp-a001-02-000000069047580	프로틴	nad-a001-02-000000553654562	bsn-a001-00-000000013604308	21	16	768323	M	1	0	0	1	0
20260901	4291318	cmp-a001-02-000000010764328	grp-a001-02-000000069047580	다이어트쉐이크	nad-a001-02-000000553654562	bsn-a001-00-000000013604308	21	09	768323	M	1	0	0	1	0
20260901	4291318	cmp-a001-02-000000010764328	grp-a001-02-000000069047580	하루견과	nad-a001-02-000000541753960	bsn-a001-00-000000013604308	21	02	87620	M	1	0	0	2	0
20260901	4291318	cmp-a001-02-000000010764328	grp-a001-02-000000069047580	견과류	nad-a001-02-000000541753959	bsn-a001-00-000000013604308	21	99	529514	M	35	0	0	71	0
20260901	4291318	cmp-a001-02-000000010764328	grp-a001-02-000000069047580	견과류	nad-a001-02-000000541753959	bsn-a001-00-000000013604308	21	02	684924	M	1	0	0	1	0
20260901	4291318	cmp-a001-02-000000010764328	grp-a001-02-000000069047580	견과류	nad-a001-02-000000541753959	bsn-a001-00-000000013604308	21	16	8753	M	2	0	0	6	0
20260901	4291318	cmp-a001-02-000000010764328	grp-a001-02-000000069047580	단백질프로틴	nad-a001-02-000000553654562	bsn-a001-00-000000013604308	21	15	529514	M	3	0	0	3	0
20260901	4291318	cmp-a001-02-000000010764328	grp-a001-02-000000069047580	사랑	nad-a001-02-000000553654558	bsn-a001-00-000000013604308	21	02	98128	M	5	0	0	25	0
20260901	4291318	cmp-a001-02-000000010764328	grp-a001-02-000000069047580	사랑	nad-a001-02-000000553654558	bsn-a001-00-000000013604308	21	13	98128	M	1	0	0	5	0
20260901	4291318	cmp-a001-02-000000010764328	grp-a001-02-000000069047580	견과세트	nad-a001-02-000000541753959	bsn-a001-00-000000013604308	21	02	768323	M	6	0	0	6	0
20260901	4291318	cmp-a001-02-000000010764328	grp-a001-02-000000069047580	프로틴	nad-a001-02-000000553654562	bsn-a001-00-000000013604308	21	09	529514	M	47	0	0	47	0
20260901	4291318	cmp-a001-02-000000010764328	grp-a001-02-000000069047580	황성주생식	nad-a001-02-000000541753996	bsn-a001-00-000000013604308	21	02	805760	M	1	1	4021	3	0
20260901	4291318	cmp-a001-02-000000010764328	grp-a001-02-000000069047580	황성주박사의생식라이프밀	nad-a001-02-000000541754005	bsn-a001-00-000000013604308	21	08	8753	M	2	1	4133	6	0
20260901	4291318	cmp-a001-02-000000010764328	grp-a001-02-000000069047580	젤리	nad-a001-02-000000541753985	bsn-a001-00-000000013604308	21	11	33421	M	1	0	0	2	0
20260901	4291318	cmp-a001-02-000000010764328	grp-a001-02-000000069047580	견과류추천	nad-a001-02-000000541753959	bsn-a001-00-000000013604308	21	15	8753	M	1	0	0	3	0
20260901	4291318	cmp-a001-02-000000010764328	grp-a001-02-000000069047580	프로틴	nad-a001-02-000000553654562	bsn-a001-00-000000013604308	21	00	98128	M	2	0	0	2	0
20260901	4291318	cmp-a001-02-000000010764328	grp-a001-02-000000069047580	견과류	nad-a001-02-000000541753959	bsn-a001-00-000000013604308	21	99	8753	M	1	0	0	2	0
20260901	4291318	cmp-a001-02-000000010764328	grp-a001-02-000000069047580	사랑	nad-a001-02-000000553654558	bsn-a001-00-000000013604308	21	11	98128	M	8	0	0	40	0
20260901	4291318	cmp-a001-02-000000010764328	grp-a001-02-000000069047580	견과류	nad-a001-02-000000541753960	bsn-a001-00-000000013604308	21	99	8753	M	1	1	2108	3	0
20260901	4291318	cmp-a001-02-000000010764328	grp-a001-02-000000069047580	프로틴바	nad-a001-02-000000553654558	bsn-a001-00-000000013604308	21	09	529514	M	4	0	0	8	0
20260901	4291318	cmp-a001-02-000000010764328	grp-a001-02-000000069047580	단백질쉐이크	nad-a001-02-000000553654562	bsn-a001-00-000000013604308	21	08	529514	M	16	0	0	26	0
20260901	4291318	cmp-a001-02-000000010764328	grp-a001-02-000000069047580	견과류추천	nad-a001-02-000000541753959	bsn-a001-00-000000013604308	21	09	8753	M	2	0	0	6	0
20260901	4291318	cmp-a001-02-000000010764328	grp-a001-02-000000069047580	황성주생식라이프밀	nad-a001-02-000000541753988	bsn-a001-00-000000013604308	21	10	8753	M	1	0	0	5	0
20260901	4291318	cmp-a001-02-000000010764328	grp-a001-02-000000069047580	하루만	nad-a001-02-000000541753999	bsn-a001-00-000000013604308	21	03	529514	M	2	0	0	2	0
20260901	4291318	cmp-a001-02-000000010764328	grp-a001-02-000000069047580	견과류	nad-a001-02-000000541753999	bsn-a001-00-000000013604308	21	04	633013	M	1	0	0	3	0
20260901	4291318	cmp-a001-02-000000010764328	grp-a001-02-000000069047580	다이어트쉐이크	nad-a001-02-000000553654562	bsn-a001-00-000000013604308	21	03	768323	M	1	0	0	1	0
20260901	4291318	cmp-a001-02-000000010764328	grp-a001-02-000000069047580	단백질바	nad-a001-02-000000553654559	bsn-a001-00-000000013604308	21	03	529514	M	8	0	0	24	0
20260901	4291318	cmp-a001-02-000000010764328	grp-a001-02-000000069047580	견과	nad-a001-02-000000541753999	bsn-a001-00-000000013604308	21	02	33421	M	1	1	1949	2	0
20260901	4291318	cmp-a001-02-000000010764328	grp-a001-02-000000069047580	생식가루	nad-a001-02-000000541754005	bsn-a001-00-000000013604308	21	02	684926	M	1	0	0	5	0
20260901	4291318	cmp-a001-02-000000010764328	grp-a001-02-000000069047580	단백질바	nad-a001-02-000000553654558	bsn-a001-00-000000013604308	21	15	529514	M	4	0	0	8	0
20260901	4291318	cmp-a001-02-000000010764328	grp-a001-02-000000069047580	웰치스젤리	nad-a001-02-000000541753985	bsn-a001-00-000000013604308	21	02	341898	M	1	0	0	1	0
20260901	4291318	cmp-a001-02-000000010764328	grp-a001-02-000000069047580	단백질보충제	nad-a001-02-000000553654562	bsn-a001-00-000000013604308	21	02	612594	M	1	0	0	1	0
20260901	4291318	cmp-a001-02-000000010764328	grp-a001-02-000000069047580	사랑	nad-a001-02-000000553654559	bsn-a001-00-000000013604308	21	11	98128	M	8	0	0	48	0
20260901	4291318	cmp-a001-02-000000010764328	grp-a001-02-000000069047580	황성주생식	nad-a001-02-000000541753996	bsn-a001-00-000000013604308	21	18	8753	M	1	0	0	3	0
20260901	4291318	cmp-a001-02-000000010764328	grp-a001-02-000000069047580	베스트넛츠프리미엄100	nad-a001-02-000000541753959	bsn-a001-00-000000013604308	21	18	341898	M	1	0	0	1	0
20260901	4291318	cmp-a001-02-000000010764328	grp-a001-02-000000072573876	추석선물세트	nad-a001-02-000000573683834	bsn-a001-00-000000013604308	21	02	11068	P	1	0	0	1	0
20260901	4291318	cmp-a001-02-000000010764328	grp-a001-02-000000069047580	견과류	nad-a001-02-000000541753999	bsn-a001-00-000000013604308	21	09	33421	M	2	0	0	4	0
20260901	4291318	cmp-a001-02-000000010764328	grp-a001-02-000000069047580	프로틴순위	nad-a001-02-000000553654562	bsn-a001-00-000000013604308	21	01	8753	M	1	0	0	2	0
20260901	4291318	cmp-a001-02-000000010764328	grp-a001-02-000000069047580	쉐이크	nad-a001-02-000000553654562	bsn-a001-00-000000013604308	21	99	98128	M	1	0	0	1	0
20260901	4291318	cmp-a001-02-000000010764328	grp-a001-02-000000069047580	동결건조생식	nad-a001-02-000000541753988	bsn-a001-00-000000013604308	21	99	798056	M	9	0	0	43	0
20260901	4291318	cmp-a001-02-000000010764328	grp-a001-02-000000069047580	프로틴	nad-a001-02-000000553654562	bsn-a001-00-000000013604308	21	04	529514	M	1	0	0	1	0
20260901	4291318	cmp-a001-02-000000010764328	grp-a001-02-000000069047580	견과류	nad-a001-02-000000541753960	bsn-a001-00-000000013604308	21	15	529514	M	8	0	0	24	0
20260901	4291318	cmp-a001-02-000000010764328	grp-a001-02-000000069047580	견과	nad-a001-02-000000541753959	bsn-a001-00-000000013604308	21	02	633013	M	1	0	0	1	0
20260901	4291318	cmp-a001-02-000000010764328	grp-a001-02-000000069047580	견과류	nad-a001-02-000000541753959	bsn-a001-00-000000013604308	21	09	529514	M	82	0	0	166	0
20260901	4291318	cmp-a001-02-000000010764328	grp-a001-02-000000069047580	황성주생식라이프밀	nad-a001-02-000000541754004	bsn-a001-00-000000013604308	21	10	8753	M	2	0	0	4	0
20260901	4291318	cmp-a001-02-000000010764328	grp-a001-02-000000069047580	견과류	nad-a001-02-000000541753960	bsn-a001-00-000000013604308	21	18	8753	M	1	0	0	4	0
20260901	4291318	cmp-a001-02-000000010764328	grp-a001-02-000000069047580	베스트넛츠프리미엄100봉	nad-a001-02-000000541753959	bsn-a001-00-000000013604308	21	11	341893	M	1	0	0	1	0
20260901	4291318	cmp-a001-02-000000010764328	grp-a001-02-000000069047580	프로틴	nad-a001-02-000000553654562	bsn-a001-00-000000013604308	21	09	768323	M	23	0	0	28	0
20260901	4291318	cmp-a001-02-000000010764328	grp-a001-02-000000069047580	단백질쉐이크	nad-a001-02-000000553654562	bsn-a001-00-000000013604308	21	04	8753	M	3	0	0	25	0
20260901	4291318	cmp-a001-02-000000010764328	grp-a001-02-000000069047580	베스트넛츠프리미엄	nad-a001-02-000000541753959	bsn-a001-00-000000013604308	21	08	341898	M	3	0	0	3	0
20260901	4291318	cmp-a001-02-000000010764328	grp-a001-02-000000069047580	견과류	nad-a001-02-000000541753960	bsn-a001-00-000000013604308	21	02	33421	M	2	0	0	10	0
20260901	4291318	cmp-a001-02-000000010764328	grp-a001-02-000000069047580	사랑	nad-a001-02-000000553654554	bsn-a001-00-000000013604308	21	04	98128	M	1	0	0	2	0
20260901	4291318	cmp-a001-02-000000010764328	grp-a001-02-000000069047580	하루견과	nad-a001-02-000000541753959	bsn-a001-00-000000013604308	21	07	8753	M	2	0	0	6	0
20260901	4291318	cmp-a001-02-000000010764328	grp-a001-02-000000069047580	프로틴쉐이크	nad-a001-02-000000553654562	bsn-a001-00-000000013604308	21	02	529514	M	6	0	0	6	0
20260901	4291318	cmp-a001-02-000000010764328	grp-a001-02-000000069047580	프로틴	nad-a001-02-000000553654562	bsn-a001-00-000000013604308	21	18	768323	M	5	0	0	6	0
20260901	4291318	cmp-a001-02-000000010764328	grp-a001-02-000000069047580	에너지바	nad-a001-02-000000553654554	bsn-a001-00-000000013604308	21	01	529514	M	1	0	0	1	0
20260901	4291318	cmp-a001-02-000000010764328	grp-a001-02-000000069047580	하루견과	nad-a001-02-000000541753999	bsn-a001-00-000000013604308	21	02	529514	M	2	0	0	2	0
20260901	4291318	cmp-a001-02-000000010764328	grp-a001-02-000000069047580	황성주생식라이프밀	nad-a001-02-000000541753997	bsn-a001-00-000000013604308	21	10	8753	M	2	0	0	2	0
20260901	4291318	cmp-a001-02-000000010764328	grp-a001-02-000000069047580	에너지바	nad-a001-02-000000553654559	bsn-a001-00-000000013604308	21	15	684927	P	1	0	0	9	0
20260901	4291318	cmp-a001-02-000000010764328	grp-a001-02-000000069047580	하루	nad-a001-02-000000553654562	bsn-a001-00-000000013604308	21	13	98128	M	1	0	0	5	0
20260901	4291318	cmp-a001-02-000000010764328	grp-a001-02-000000069047580	하루만	nad-a001-02-000000553654562	bsn-a001-00-000000013604308	21	99	529514	M	2	0	0	10	0
20260901	4291318	cmp-a001-02-000000010764328	grp-a001-02-000000069047580	제리	nad-a001-02-000000541753985	bsn-a001-00-000000013604308	21	02	8753	M	1	0	0	4	0
20260901	4291318	cmp-a001-02-000000010764328	grp-a001-02-000000069047580	에너지바	nad-a001-02-000000553654559	bsn-a001-00-000000013604308	21	17	791888	M	1	0	0	3	0
20260901	4291318	cmp-a001-02-000000010764328	grp-a001-02-000000069047580	견과류	nad-a001-02-000000541753960	bsn-a001-00-000000013604308	21	18	633013	M	4	0	0	8	0
20260901	4291318	cmp-a001-02-000000010764328	grp-a001-02-000000069047580	견과류	nad-a001-02-000000541753959	bsn-a001-00-000000013604308	21	09	684924	M	2	0	0	2	0
20260901	4291318	cmp-a001-02-000000010764328	grp-a001-02-000000069047580	견과류	nad-a001-02-000000541753960	bsn-a001-00-000000013604308	21	11	8753	M	2	0	0	8	0
20260901	4291318	cmp-a001-02-000000010764328	grp-a001-02-000000069047580	하루견과	nad-a001-02-000000541753999	bsn-a001-00-000000013604308	21	09	8753	M	5	0	0	7	0
20260901	4291318	cmp-a001-02-000000010764328	grp-a001-02-000000069047580	견과류	nad-a001-02-000000541753999	bsn-a001-00-000000013604308	21	07	8753	M	1	0	0	2	0
20260901	4291318	cmp-a001-02-000000010764328	grp-a001-02-000000069047580	하루견과	nad-a001-02-000000541753959	bsn-a001-00-000000013604308	21	02	684926	M	2	0	0	8	0
20260901	4291318	cmp-a001-02-000000010764328	grp-a001-02-000000069047580	견과류	nad-a001-02-000000541753959	bsn-a001-00-000000013604308	21	17	529514	M	3	0	0	6	0
20260901	4291318	cmp-a001-02-000000010764328	grp-a001-02-000000069047580	프로틴	nad-a001-02-000000553654562	bsn-a001-00-000000013604308	21	04	768323	M	1	0	0	1	0
20260901	4291318	cmp-a001-02-000000010764328	grp-a001-02-000000069047580	견과류세트추천	nad-a001-02-000000541753960	bsn-a001-00-000000013604308	21	02	8753	M	1	0	0	3	0
20260901	4291318	cmp-a001-02-000000010764328	grp-a001-02-000000069047580	베스트넛츠견과류	nad-a001-02-000000541753960	bsn-a001-00-000000013604308	21	01	341893	M	1	0	0	1	0
20260901	4291318	cmp-a001-02-000000010764328	grp-a001-02-000000069047580	동결건조생식	nad-a001-02-000000541753996	bsn-a001-00-000000013604308	21	02	8753	M	1	0	0	3	0
20260901	4291318	cmp-a001-02-000000010764328	grp-a001-02-000000069047580	벌크업프로틴	nad-a001-02-000000553654562	bsn-a001-00-000000013604308	21	03	341893	M	1	0	0	1	0
20260901	4291318	cmp-a001-02-000000010764328	grp-a001-02-000000069047580	견과류	nad-a001-02-000000541753960	bsn-a001-00-000000013604308	21	13	529514	M	5	0	0	15	0
20260901	4291318	cmp-a001-02-000000010764328	grp-a001-02-000000069047580	프로틴바내돈내산	nad-a001-02-000000553654554	bsn-a001-00-000000013604308	21	09	8753	M	1	0	0	3	0
20260901	4291318	cmp-a001-02-000000010764328	grp-a001-02-000000069047580	하루견과	nad-a001-02-000000541753999	bsn-a001-00-000000013604308	21	03	684926	M	2	0	0	6	0
20260901	4291318	cmp-a001-02-000000010764328	grp-a001-02-000000069047580	프로틴보충제	nad-a001-02-000000553654562	bsn-a001-00-000000013604308	21	09	529514	M	14	0	0	28	0
20260901	4291318	cmp-a001-02-000000010764328	grp-a001-02-000000069047580	에너지바	nad-a001-02-000000553654554	bsn-a001-00-000000013604308	21	02	8753	M	2	0	0	7	0
20260901	4291318	cmp-a001-02-000000010764328	grp-a001-02-000000069047580	프로틴바	nad-a001-02-000000553654554	bsn-a001-00-000000013604308	21	03	8753	M	1	0	0	3	0
20260901	4291318	cmp-a001-02-000000010764328	grp-a001-02-000000069047580	단백질바	nad-a001-02-000000553654554	bsn-a001-00-000000013604308	21	99	529514	M	10	0	0	10	0
20260901	4291318	cmp-a001-02-000000010764328	grp-a001-02-000000069047580	하루견과	nad-a001-02-000000541753960	bsn-a001-00-000000013604308	21	02	27758	P	1	0	0	3	0
20260901	4291318	cmp-a001-02-000000010764328	grp-a001-02-000000069047580	하루	nad-a001-02-000000541753959	bsn-a001-00-000000013604308	21	09	529514	M	1	0	0	3	0
20260901	4291318	cmp-a001-02-000000010764328	grp-a001-02-000000069047580	사랑	nad-a001-02-000000553654554	bsn-a001-00-000000013604308	21	11	98128	M	8	0	0	16	0
20260901	4291318	cmp-a001-02-000000010764328	grp-a001-02-000000069047580	하루만	nad-a001-02-000000541753959	bsn-a001-00-000000013604308	21	99	529514	M	2	0	0	4	0
20260901	4291318	cmp-a001-02-000000010764328	grp-a001-02-000000069047580	견과류	nad-a001-02-000000541753959	bsn-a001-00-000000013604308	21	18	8753	M	1	0	0	3	0
20260901	4291318	cmp-a001-02-000000010764328	grp-a001-02-000000069047580	프로틴바	nad-a001-02-000000553654558	bsn-a001-00-000000013604308	21	03	8753	M	1	0	0	5	0
20260901	4291318	cmp-a001-02-000000010764328	grp-a001-02-000000069047580	단백질바	nad-a001-02-000000553654558	bsn-a001-00-000000013604308	21	03	529514	M	8	0	0	16	0
20260901	4291318	cmp-a001-02-000000010764328	grp-a001-02-000000069047580	견과류	nad-a001-02-000000541753999	bsn-a001-00-000000013604308	21	03	529514	M	11	0	0	11	0
20260901	4291318	cmp-a001-02-000000010764328	grp-a001-02-000000069047580	하루견과	nad-a001-02-000000541753959	bsn-a001-00-000000013604308	21	10	8753	M	2	0	0	5	0
20260901	4291318	cmp-a001-02-000000010764328	grp-a001-02-000000069047580	곡물프로틴	nad-a001-02-000000553654562	bsn-a001-00-000000013604308	21	13	684926	M	1	0	0	4	0
20260901	4291318	cmp-a001-02-000000010764328	grp-a001-02-000000069047580	갓	nad-a001-02-000000541753999	bsn-a001-00-000000013604308	21	02	684924	M	2	0	0	2	0
20260901	4291318	cmp-a001-02-000000010764328	grp-a001-02-000000069047580	프로틴바	nad-a001-02-000000553654558	bsn-a001-00-000000013604308	21	02	8753	M	1	0	0	4	0
20260901	4291318	cmp-a001-02-000000010764328	grp-a001-02-000000069047580	동결건조생식	nad-a001-02-000000541754004	bsn-a001-00-000000013604308	21	99	798056	M	2	0	0	2	0
20260901	4291318	cmp-a001-02-000000010764328	grp-a001-02-000000069047580	젤리	nad-a001-02-000000541753985	bsn-a001-00-000000013604308	21	08	768323	M	2	0	0	2	0
20260901	4291318	cmp-a001-02-000000010764328	grp-a001-02-000000069047580	견과류	nad-a001-02-000000541753959	bsn-a001-00-000000013604308	21	11	529514	M	9	0	0	18	0
20260901	4291318	cmp-a001-02-000000010764328	grp-a001-02-000000069047580	단백질쉐이크	nad-a001-02-000000553654562	bsn-a001-00-000000013604308	21	17	98128	M	4	0	0	4	0
20260901	4291318	cmp-a001-02-000000010764328	grp-a001-02-000000069047580	단백질	nad-a001-02-000000553654562	bsn-a001-00-000000013604308	21	99	98128	M	1	0	0	1	0
20260901	4291318	cmp-a001-02-000000010764328	grp-a001-02-000000069047580	분말	nad-a001-02-000000541753996	bsn-a001-00-000000013604308	21	11	8753	M	2	0	0	6	0
20260901	4291318	cmp-a001-02-000000010764328	grp-a001-02-000000069047580	하루견과	nad-a001-02-000000541753999	bsn-a001-00-000000013604308	21	02	684926	M	2	0	0	4	0
20260901	4291318	cmp-a001-02-000000010764328	grp-a001-02-000000069047580	프로틴바	nad-a001-02-000000553654554	bsn-a001-00-000000013604308	21	10	529514	M	2	0	0	2	0
20260901	4291318	cmp-a001-02-000000010764328	grp-a001-02-000000069047580	갓	nad-a001-02-000000541753960	bsn-a001-00-000000013604308	21	01	27758	P	1	0	0	2	0
20260901	4291318	cmp-a001-02-000000010764328	grp-a001-02-000000069047580	사랑	nad-a001-02-000000553654554	bsn-a001-00-000000013604308	21	02	98128	M	5	0	0	10	0
20260901	4291318	cmp-a001-02-000000010764328	grp-a001-02-000000069047580	젤리	nad-a001-02-000000541753985	bsn-a001-00-000000013604308	21	11	529514	M	2	0	0	2	0
20260901	4291318	cmp-a001-02-000000010764328	grp-a001-02-000000069047580	견과세트	nad-a001-02-000000541753999	bsn-a001-00-000000013604308	21	08	768323	M	4	0	0	8	0
20260901	4291318	cmp-a001-02-000000010764328	grp-a001-02-000000069047580	사랑	nad-a001-02-000000553654559	bsn-a001-00-000000013604308	21	13	98128	M	1	0	0	6	0
20260901	4291318	cmp-a001-02-000000010764328	grp-a001-02-000000069047580	견과류	nad-a001-02-000000541753999	bsn-a001-00-000000013604308	21	18	633013	M	4	0	0	12	0
20260901	4291318	cmp-a001-02-000000010764328	grp-a001-02-000000069047580	단백질쉐이크성분추천	nad-a001-02-000000553654562	bsn-a001-00-000000013604308	21	04	8753	M	1	0	0	4	0
20260901	4291318	cmp-a001-02-000000010764328	grp-a001-02-000000069047580	하루견과	nad-a001-02-000000541753999	bsn-a001-00-000000013604308	21	09	529514	M	2	0	0	2	0
20260901	4291318	cmp-a001-02-000000010764328	grp-a001-02-000000069047580	견과류	nad-a001-02-000000541753960	bsn-a001-00-000000013604308	21	03	529514	M	11	0	0	33	0
20260901	4291318	cmp-a001-02-000000010764328	grp-a001-02-000000069047580	견과세트	nad-a001-02-000000541753999	bsn-a001-00-000000013604308	21	99	768323	M	2	0	0	4	0
20260901	4291318	cmp-a001-02-000000010764328	grp-a001-02-000000069047580	식사대용	nad-a001-02-000000553654562	bsn-a001-00-000000013604308	21	09	529514	M	2	0	0	2	0
20260901	4291318	cmp-a001-02-000000010764328	grp-a001-02-000000069047580	단백질	nad-a001-02-000000553654562	bsn-a001-00-000000013604308	21	09	8753	M	1	0	0	8	0
20260901	4291318	cmp-a001-02-000000010764328	grp-a001-02-000000069047580	프로틴바	nad-a001-02-000000553654559	bsn-a001-00-000000013604308	21	10	529514	M	2	0	0	6	0
20260901	4291318	cmp-a001-02-000000010764328	grp-a001-02-000000069047580	견과류	nad-a001-02-000000541753959	bsn-a001-00-000000013604308	21	04	8753	M	3	0	0	10	0
20260901	4291318	cmp-a001-02-000000010764328	grp-a001-02-000000069047580	프로틴바	nad-a001-02-000000553654558	bsn-a001-00-000000013604308	21	09	768323	M	1	0	0	2	0
20260901	4291318	cmp-a001-02-000000010764328	grp-a001-02-000000069047580	베스트넛츠견과류	nad-a001-02-000000541753959	bsn-a001-00-000000013604308	21	14	341893	M	1	0	0	1	0
20260901	4291318	cmp-a001-02-000000010764328	grp-a001-02-000000069047580	베스트넛츠견과류100봉	nad-a001-02-000000541753960	bsn-a001-00-000000013604308	21	18	341898	M	1	0	0	1	0
20260901	4291318	cmp-a001-02-000000010764328	grp-a001-02-000000069047580	황성주생식	nad-a001-02-000000541754004	bsn-a001-00-000000013604308	21	09	8753	M	3	0	0	6	0
20260901	4291318	cmp-a001-02-000000010764328	grp-a001-02-000000069047580	프로틴	nad-a001-02-000000553654562	bsn-a001-00-000000013604308	21	99	529514	M	21	0	0	21	0
20260901	4291318	cmp-a001-02-000000010764328	grp-a001-02-000000069047580	쉐이크	nad-a001-02-000000553654562	bsn-a001-00-000000013604308	21	06	529514	M	10	0	0	10	0
20260901	4291318	cmp-a001-02-000000010764328	grp-a001-02-000000069047580	견과류	nad-a001-02-000000541753999	bsn-a001-00-000000013604308	21	08	633013	M	1	0	0	3	0
20260901	4291318	cmp-a001-02-000000010764328	grp-a001-02-000000069047580	견과세트	nad-a001-02-000000541753959	bsn-a001-00-000000013604308	21	03	768323	M	2	0	0	2	0
20260901	4291318	cmp-a001-02-000000010764328	grp-a001-02-000000069047580	사랑님	nad-a001-02-000000553654554	bsn-a001-00-000000013604308	21	08	529514	M	11	0	0	11	0
20260901	4291318	cmp-a001-02-000000010764328	grp-a001-02-000000069047580	믹스너츠	nad-a001-02-000000541753960	bsn-a001-00-000000013604308	21	11	341898	M	1	0	0	1	0
20260901	4291318	cmp-a001-02-000000010764328	grp-a001-02-000000069047580	단백질쉐이크	nad-a001-02-000000553654562	bsn-a001-00-000000013604308	21	02	529514	M	40	0	0	52	0
20260901	4291318	cmp-a001-02-000000010764328	grp-a001-02-000000069047580	프로틴쉐이크	nad-a001-02-000000553654562	bsn-a001-00-000000013604308	21	08	529514	M	2	0	0	2	0
20260901	4291318	cmp-a001-02-000000010764328	grp-a001-02-000000069047580	견과류	nad-a001-02-000000541753960	bsn-a001-00-000000013604308	21	08	633013	M	1	0	0	2	0
20260901	4291318	cmp-a001-02-000000010764328	grp-a001-02-000000069047580	견과세트	nad-a001-02-000000541753960	bsn-a001-00-000000013604308	21	10	768323	M	2	0	0	6	0
20260901	4291318	cmp-a001-02-000000010764328	grp-a001-02-000000069047580	견과류	nad-a001-02-000000541753959	bsn-a001-00-000000013604308	21	02	8753	M	8	0	0	22	0
20260901	4291318	cmp-a001-02-000000010764328	grp-a001-02-000000069047580	견과류세트추천	nad-a001-02-000000541753959	bsn-a001-00-000000013604308	21	02	8753	M	1	0	0	2	0
20260901	4291318	cmp-a001-02-000000010764328	grp-a001-02-000000069047580	견과류	nad-a001-02-000000541753960	bsn-a001-00-000000013604308	21	14	633013	M	1	0	0	2	0
20260901	4291318	cmp-a001-02-000000010764328	grp-a001-02-000000069047580	다이어트쉐이크추천	nad-a001-02-000000553654562	bsn-a001-00-000000013604308	21	03	8753	M	1	0	0	7	0
20260901	4291318	cmp-a001-02-000000010764328	grp-a001-02-000000069047580	견과류	nad-a001-02-000000541753960	bsn-a001-00-000000013604308	21	06	529514	M	10	0	0	30	0
20260901	4291318	cmp-a001-02-000000010764328	grp-a001-02-000000069047580	사랑	nad-a001-02-000000553654559	bsn-a001-00-000000013604308	21	02	98128	M	5	0	0	30	0
20260901	4291318	cmp-a001-02-000000010764328	grp-a001-02-000000069047580	단백질쉐이크	nad-a001-02-000000553654562	bsn-a001-00-000000013604308	21	06	529514	M	2	0	0	4	0
20260901	4291318	cmp-a001-02-000000010764328	grp-a001-02-000000069047580	동결건조분말	nad-a001-02-000000541754005	bsn-a001-00-000000013604308	21	02	684927	P	1	0	0	4	0
20260901	4291318	cmp-a001-02-000000010764328	grp-a001-02-000000069047580	견과류	nad-a001-02-000000541753999	bsn-a001-00-000000013604308	21	17	529514	M	3	0	0	3	0
20260901	4291318	cmp-a001-02-000000010764328	grp-a001-02-000000069047580	프로틴	nad-a001-02-000000553654562	bsn-a001-00-000000013604308	21	02	98128	M	1	0	0	1	0
20260901	4291318	cmp-a001-02-000000010764328	grp-a001-02-000000069047580	단백질보충제	nad-a001-02-000000553654562	bsn-a001-00-000000013604308	21	07	684927	P	1	0	0	11	0
20260901	4291318	cmp-a001-02-000000010764328	grp-a001-02-000000069047580	에너지바	nad-a001-02-000000553654554	bsn-a001-00-000000013604308	21	15	27758	P	1	0	0	4	0
20260901	4291318	cmp-a001-02-000000010764328	grp-a001-02-000000069047580	견과류	nad-a001-02-000000541753959	bsn-a001-00-000000013604308	21	14	8753	M	1	0	0	2	0
20260901	4291318	cmp-a001-02-000000010764328	grp-a001-02-000000069047580	황성주생식	nad-a001-02-000000541754005	bsn-a001-00-000000013604308	21	02	8753	M	2	0	0	8	0
20260901	4291318	cmp-a001-02-000000010764328	grp-a001-02-000000069047580	프로틴	nad-a001-02-000000553654562	bsn-a001-00-000000013604308	21	02	137281	M	1	0	0	1	0
20260901	4291318	cmp-a001-02-000000010764328	grp-a001-02-000000069047580	하루단백질	nad-a001-02-000000553654562	bsn-a001-00-000000013604308	21	02	8753	M	1	0	0	3	0
20260901	4291318	cmp-a001-02-000000010764328	grp-a001-02-000000069047580	하루견과	nad-a001-02-000000541753960	bsn-a001-00-000000013604308	21	15	341893	M	1	0	0	2	0
20260901	4291318	cmp-a001-02-000000010764328	grp-a001-02-000000069047580	견과류	nad-a001-02-000000541753999	bsn-a001-00-000000013604308	21	13	8753	M	1	0	0	2	0
20260901	4291318	cmp-a001-02-000000010764328	grp-a001-02-000000069047580	견과류	nad-a001-02-000000541753959	bsn-a001-00-000000013604308	21	06	8753	M	2	0	0	6	0
20260901	4291318	cmp-a001-02-000000010764328	grp-a001-02-000000069047580	견과류	nad-a001-02-000000541753959	bsn-a001-00-000000013604308	21	09	8753	M	10	1	2590	31	0
20260901	4291318	cmp-a001-02-000000010764328	grp-a001-02-000000069047580	견과류	nad-a001-02-000000541753959	bsn-a001-00-000000013604308	21	03	529514	M	11	0	0	22	0
20260901	4291318	cmp-a001-02-000000010764328	grp-a001-02-000000069047580	베스트넛츠프리미엄견과	nad-a001-02-000000541753960	bsn-a001-00-000000013604308	21	02	341893	M	1	0	0	4	0
20260901	4291318	cmp-a001-02-000000010764328	grp-a001-02-000000069047580	사랑이	nad-a001-02-000000553654558	bsn-a001-00-000000013604308	21	02	529514	M	1	0	0	3	0
20260901	4291318	cmp-a001-02-000000010764328	grp-a001-02-000000069047580	분말	nad-a001-02-000000541754004	bsn-a001-00-000000013604308	21	11	8753	M	2	0	0	4	0
20260901	4291318	cmp-a001-02-000000010764328	grp-a001-02-000000069047580	프로틴	nad-a001-02-000000553654562	bsn-a001-00-000000013604308	21	99	768323	M	13	0	0	18	0
20260901	4291318	cmp-a001-02-000000010764328	grp-a001-02-000000069047580	견과류	nad-a001-02-000000541753960	bsn-a001-00-000000013604308	21	04	529514	M	9	0	0	27	0
20260901	4291318	cmp-a001-02-000000010764328	grp-a001-02-000000069047580	다이어트쉐이크	nad-a001-02-000000553654562	bsn-a001-00-000000013604308	21	03	11068	P	1	0	0	4	0
20260901	4291318	cmp-a001-02-000000010764328	grp-a001-02-000000069047580	하루견과	nad-a001-02-000000541753960	bsn-a001-00-000000013604308	21	10	8753	M	2	0	0	7	0
20260901	4291318	cmp-a001-02-000000010764328	grp-a001-02-000000069047580	하루견과	nad-a001-02-000000541753960	bsn-a001-00-000000013604308	21	09	529514	M	2	0	0	5	0
20260901	4291318	cmp-a001-02-000000010764328	grp-a001-02-000000069047580	단백질	nad-a001-02-000000553654562	bsn-a001-00-000000013604308	21	08	529514	M	6	0	0	11	0
20260901	4291318	cmp-a001-02-000000010764328	grp-a001-02-000000069047580	단백질간식	nad-a001-02-000000553654558	bsn-a001-00-000000013604308	21	09	684926	M	1	0	0	2	0
20260901	4291318	cmp-a001-02-000000010764328	grp-a001-02-000000069047580	견과류	nad-a001-02-000000541753999	bsn-a001-00-000000013604308	21	01	529514	M	5	0	0	5	0
20260901	4291318	cmp-a001-02-000000010764328	grp-a001-02-000000069047580	나인플레이트견과클래식	nad-a001-02-000000541753960	bsn-a001-00-000000013604308	21	18	341893	M	1	0	0	1	0
20260901	4291318	cmp-a001-02-000000010764328	grp-a001-02-000000069047580	견과세트	nad-a001-02-000000541753959	bsn-a001-00-000000013604308	21	10	768323	M	2	0	0	2	0
20260901	4291318	cmp-a001-02-000000010764328	grp-a001-02-000000069047580	웰치스젤리	nad-a001-02-000000541753985	bsn-a001-00-000000013604308	21	02	341893	M	1	0	0	1	0
20260901	4291318	cmp-a001-02-000000010764328	grp-a001-02-000000069047580	단백질바	nad-a001-02-000000553654554	bsn-a001-00-000000013604308	21	09	8753	M	5	0	0	19	0
20260901	4291318	cmp-a001-02-000000010764328	grp-a001-02-000000069047580	프로틴	nad-a001-02-000000553654562	bsn-a001-00-000000013604308	21	02	768323	M	20	0	0	29	0
20260901	4291318	cmp-a001-02-000000010764328	grp-a001-02-000000069047580	견과류	nad-a001-02-000000541753959	bsn-a001-00-000000013604308	21	08	8753	M	3	0	0	9	0
20260901	4291318	cmp-a001-02-000000010764328	grp-a001-02-000000069047580	식이섬유쉐이크	nad-a001-02-000000553654562	bsn-a001-00-000000013604308	21	10	8753	M	1	0	0	8	0
20260901	4291318	cmp-a001-02-000000010764328	grp-a001-02-000000069047580	하루견과	nad-a001-02-000000541753959	bsn-a001-00-000000013604308	21	00	8753	M	1	0	0	2	0
20260901	4291318	cmp-a001-02-000000010764328	grp-a001-02-000000069047580	하루견과	nad-a001-02-000000541753999	bsn-a001-00-000000013604308	21	07	8753	M	2	0	0	2	0
20260901	4291318	cmp-a001-02-000000010764328	grp-a001-02-000000069047580	에너지바	nad-a001-02-000000553654554	bsn-a001-00-000000013604308	21	02	23123	P	1	0	0	1	0
20260901	4291318	cmp-a001-02-000000010764328	grp-a001-02-000000069047580	갓	nad-a001-02-000000541753960	bsn-a001-00-000000013604308	21	09	529514	M	4	0	0	10	0
20260901	4291318	cmp-a001-02-000000010764328	grp-a001-02-000000069047580	젤리	nad-a001-02-000000541753985	bsn-a001-00-000000013604308	21	17	11068	P	3	0	0	7	0
20260901	4291318	cmp-a001-02-000000010764328	grp-a001-02-000000069047580	동결건조생식홈쇼핑	nad-a001-02-000000541753996	bsn-a001-00-000000013604308	21	02	8753	M	1	0	0	3	0
20260901	4291318	cmp-a001-02-000000010764328	grp-a001-02-000000069047580	하루견과퍼플에디션	nad-a001-02-000000541753960	bsn-a001-00-000000013604308	21	15	341893	M	2	0	0	2	0
20260901	4291318	cmp-a001-02-000000010764328	grp-a001-02-000000069047580	베스트넛츠견과류	nad-a001-02-000000541753959	bsn-a001-00-000000013604308	21	11	341893	M	1	0	0	1	0
20260901	4291318	cmp-a001-02-000000010764328	grp-a001-02-000000069047580	황성주생식	nad-a001-02-000000541753996	bsn-a001-00-000000013604308	21	02	798056	M	1	0	0	3	0
20260901	4291318	cmp-a001-02-000000010764328	grp-a001-02-000000069047580	단백질바	nad-a001-02-000000553654559	bsn-a001-00-000000013604308	21	18	684926	M	2	0	0	21	0
20260901	4291318	cmp-a001-02-000000010764328	grp-a001-02-000000069047580	식사대용	nad-a001-02-000000553654562	bsn-a001-00-000000013604308	21	06	529514	M	4	0	0	4	0
20260901	4291318	cmp-a001-02-000000010764328	grp-a001-02-000000069047580	하루견과	nad-a001-02-000000541753959	bsn-a001-00-000000013604308	21	09	370822	P	1	0	0	1	0
20260901	4291318	cmp-a001-02-000000010764328	grp-a001-02-000000069047580	단백질보충제	nad-a001-02-000000553654562	bsn-a001-00-000000013604308	21	07	791889	P	2	0	0	4	0
20260901	4291318	cmp-a001-02-000000010764328	grp-a001-02-000000069047580	하루견과	nad-a001-02-000000541753959	bsn-a001-00-000000013604308	21	02	529514	M	2	0	0	5	0
20260901	4291318	cmp-a001-02-000000010764328	grp-a001-02-000000069047580	베스트넛츠프리미엄견과	nad-a001-02-000000541753960	bsn-a001-00-000000013604308	21	13	341893	M	1	1	2277	1	0
20260901	4291318	cmp-a001-02-000000010764328	grp-a001-02-000000069047580	단백질간식	nad-a001-02-000000553654558	bsn-a001-00-000000013604308	21	09	8753	M	3	0	0	11	0
20260901	4291318	cmp-a001-02-000000010764328	grp-a001-02-000000069047580	단백질	nad-a001-02-000000553654562	bsn-a001-00-000000013604308	21	09	529514	M	9	0	0	14	0
20260901	4291318	cmp-a001-02-000000010764328	grp-a001-02-000000069047580	사랑	nad-a001-02-000000553654554	bsn-a001-00-000000013604308	21	13	98128	M	1	0	0	2	0
20260901	4291318	cmp-a001-02-000000010764328	grp-a001-02-000000069047580	사랑님	nad-a001-02-000000553654558	bsn-a001-00-000000013604308	21	08	529514	M	12	0	0	41	0
20260901	4291318	cmp-a001-02-000000010764328	grp-a001-02-000000069047580	단백질바	nad-a001-02-000000553654554	bsn-a001-00-000000013604308	21	09	529514	M	2	0	0	2	0
20260901	4291318	cmp-a001-02-000000010764328	grp-a001-02-000000069047580	젤리	nad-a001-02-000000541753985	bsn-a001-00-000000013604308	21	18	8753	M	2	0	0	4	0
20260901	4291318	cmp-a001-02-000000010764328	grp-a001-02-000000069047580	단백질바	nad-a001-02-000000553654554	bsn-a001-00-000000013604308	21	03	529514	M	8	0	0	8	0
20260901	4291318	cmp-a001-02-000000010764328	grp-a001-02-000000069047580	견과류	nad-a001-02-000000541753999	bsn-a001-00-000000013604308	21	07	529514	M	9	0	0	9	0
20260901	4291318	cmp-a001-02-000000010764328	grp-a001-02-000000069047580	에너지바	nad-a001-02-000000553654554	bsn-a001-00-000000013604308	21	11	87620	M	1	0	0	1	0
20260901	4291318	cmp-a001-02-000000010764328	grp-a001-02-000000069047580	견과류	nad-a001-02-000000541753960	bsn-a001-00-000000013604308	21	14	529514	M	4	0	0	12	0
20260901	4291318	cmp-a001-02-000000010764328	grp-a001-02-000000069047580	하루견과	nad-a001-02-000000541753960	bsn-a001-00-000000013604308	21	03	8753	M	3	0	0	12	0
20260901	4291318	cmp-a001-02-000000010764328	grp-a001-02-000000069047580	견과세트	nad-a001-02-000000541753960	bsn-a001-00-000000013604308	21	02	768323	M	6	0	0	18	0
20260901	4291318	cmp-a001-02-000000010764328	grp-a001-02-000000069047580	견과류	nad-a001-02-000000541753960	bsn-a001-00-000000013604308	21	16	529514	M	2	0	0	6	0
20260901	4291318	cmp-a001-02-000000010764328	grp-a001-02-000000069047580	견과류	nad-a001-02-000000541753960	bsn-a001-00-000000013604308	21	08	529514	M	19	0	0	57	0
20260901	4291318	cmp-a001-02-000000010764328	grp-a001-02-000000069047580	프로틴바	nad-a001-02-000000553654558	bsn-a001-00-000000013604308	21	10	529514	M	2	0	0	4	0
20260901	4291318	cmp-a001-02-000000010764328	grp-a001-02-000000069047580	하루견과	nad-a001-02-000000541753999	bsn-a001-00-000000013604308	21	07	529514	M	2	0	0	2	0
20260901	4291318	cmp-a001-02-000000010764328	grp-a001-02-000000069047580	단백질파우더	nad-a001-02-000000553654562	bsn-a001-00-000000013604308	21	06	529514	M	4	0	0	4	0
20260901	4291318	cmp-a001-02-000000010764328	grp-a001-02-000000069047580	ZBAR프로틴바	nad-a001-02-000000553654554	bsn-a001-00-000000013604308	21	02	8753	M	1	0	0	3	0
20260901	4291318	cmp-a001-02-000000010764328	grp-a001-02-000000069047580	20G	nad-a001-02-000000541753959	bsn-a001-00-000000013604308	21	06	529514	M	5	0	0	13	0
20260901	4291318	cmp-a001-02-000000010764328	grp-a001-02-000000069047580	견과류	nad-a001-02-000000541753959	bsn-a001-00-000000013604308	21	11	8753	M	2	0	0	6	0
20260901	4291318	cmp-a001-02-000000010764328	grp-a001-02-000000069047580	황성주생식	nad-a001-02-000000541754005	bsn-a001-00-000000013604308	21	02	805760	M	1	0	0	4	0
20260901	4291318	cmp-a001-02-000000010764328	grp-a001-02-000000069047580	하루견과	nad-a001-02-000000541753999	bsn-a001-00-000000013604308	21	02	87620	M	1	0	0	1	0
20260901	4291318	cmp-a001-02-000000010764328	grp-a001-02-000000069047580	베스트넛츠	nad-a001-02-000000541753959	bsn-a001-00-000000013604308	21	08	341893	M	1	0	0	1	0
20260901	4291318	cmp-a001-02-000000010764328	grp-a001-02-000000069047580	젤리	nad-a001-02-000000541753985	bsn-a001-00-000000013604308	21	06	27758	P	1	0	0	3	0
20260901	4291318	cmp-a001-02-000000010764328	grp-a001-02-000000069047580	칼슘보충제	nad-a001-02-000000553654562	bsn-a001-00-000000013604308	21	02	8753	M	1	0	0	3	0
20260901	4291318	cmp-a001-02-000000010764328	grp-a001-02-000000069047580	견과류	nad-a001-02-000000541753960	bsn-a001-00-000000013604308	21	07	529514	M	9	0	0	27	0
20260901	4291318	cmp-a001-02-000000010764328	grp-a001-02-000000069047580	견과세트	nad-a001-02-000000541753960	bsn-a001-00-000000013604308	21	15	768323	M	1	0	0	3	0
20260901	4291318	cmp-a001-02-000000010764328	grp-a001-02-000000069047580	단백질바	nad-a001-02-000000553654559	bsn-a001-00-000000013604308	21	02	684926	M	2	0	0	24	0
20260901	4291318	cmp-a001-02-000000010764328	grp-a001-02-000000069047580	단백질바	nad-a001-02-000000553654559	bsn-a001-00-000000013604308	21	99	529514	M	10	0	0	30	0
20260901	4291318	cmp-a001-02-000000010764328	grp-a001-02-000000069047580	사랑은	nad-a001-02-000000553654554	bsn-a001-00-000000013604308	21	06	98128	M	1	0	0	2	0
20260901	4291318	cmp-a001-02-000000010764328	grp-a001-02-000000069047580	견과류추천	nad-a001-02-000000541753960	bsn-a001-00-000000013604308	21	15	341898	M	1	0	0	1	0
20260901	4291318	cmp-a001-02-000000010764328	grp-a001-02-000000069047580	프로틴바	nad-a001-02-000000553654554	bsn-a001-00-000000013604308	21	06	8753	M	1	0	0	3	0
20260901	4291318	cmp-a001-02-000000010764328	grp-a001-02-000000069047580	황성주생식	nad-a001-02-000000541754005	bsn-a001-00-000000013604308	21	18	8753	M	1	0	0	4	0
20260901	4291318	cmp-a001-02-000000010764328	grp-a001-02-000000069047580	프로틴	nad-a001-02-000000553654562	bsn-a001-00-000000013604308	21	10	768323	M	1	0	0	2	0
20260901	4291318	cmp-a001-02-000000010764328	grp-a001-02-000000069047580	견과류	nad-a001-02-000000541753960	bsn-a001-00-000000013604308	21	13	8753	M	1	0	0	4	0
20260901	4291318	cmp-a001-02-000000010764328	grp-a001-02-000000069047580	견과세트	nad-a001-02-000000541753959	bsn-a001-00-000000013604308	21	15	768323	M	1	0	0	1	0
20260901	4291318	cmp-a001-02-000000010764328	grp-a001-02-000000069047580	단백질쉐이크	nad-a001-02-000000553654562	bsn-a001-00-000000013604308	21	01	529514	M	2	0	0	4	0
20260901	4291318	cmp-a001-02-000000010764328	grp-a001-02-000000069047580	황성주생식	nad-a001-02-000000541753988	bsn-a001-00-000000013604308	21	02	805760	M	1	0	0	5	0
20260901	4291318	cmp-a001-02-000000010764328	grp-a001-02-000000069047580	단백질	nad-a001-02-000000553654562	bsn-a001-00-000000013604308	21	14	529514	M	6	0	0	9	0
20260901	4291318	cmp-a001-02-000000010764328	grp-a001-02-000000069047580	단백질간식	nad-a001-02-000000553654554	bsn-a001-00-000000013604308	21	09	8753	M	3	0	0	7	0
20260901	4291318	cmp-a001-02-000000010764328	grp-a001-02-000000069047580	하루견과	nad-a001-02-000000541753960	bsn-a001-00-000000013604308	21	18	8753	M	1	0	0	4	0
20260901	4291318	cmp-a001-02-000000010764328	grp-a001-02-000000069047580	제리	nad-a001-02-000000541753985	bsn-a001-00-000000013604308	21	07	335738	P	1	0	0	3	0
20260901	4291318	cmp-a001-02-000000010764328	grp-a001-02-000000069047580	젤리	nad-a001-02-000000541753985	bsn-a001-00-000000013604308	21	09	8753	M	1	0	0	2	0
20260901	4291318	cmp-a001-02-000000010764328	grp-a001-02-000000069047580	견과류	nad-a001-02-000000541753959	bsn-a001-00-000000013604308	21	18	529514	M	18	0	0	36	0
20260901	4291318	cmp-a001-02-000000010764328	grp-a001-02-000000069047580	하루	nad-a001-02-000000541753960	bsn-a001-00-000000013604308	21	09	529514	M	1	0	0	1	0
20260901	4291318	cmp-a001-02-000000010764328	grp-a001-02-000000069047580	사랑	nad-a001-02-000000553654559	bsn-a001-00-000000013604308	21	04	98128	M	1	0	0	6	0
20260901	4291318	cmp-a001-02-000000010764328	grp-a001-02-000000069047580	견과류	nad-a001-02-000000541753960	bsn-a001-00-000000013604308	21	08	341893	M	1	0	0	2	0
20260901	4291318	cmp-a001-02-000000010764328	grp-a001-02-000000069047580	한봉견과30	nad-a001-02-000000541753999	bsn-a001-00-000000013604308	21	09	8753	M	1	0	0	1	0
20260901	4291318	cmp-a001-02-000000010764328	grp-a001-02-000000069047580	단백질간식	nad-a001-02-000000553654554	bsn-a001-00-000000013604308	21	11	8753	M	1	0	0	2	0
20260901	4291318	cmp-a001-02-000000010764328	grp-a001-02-000000069047580	젤리	nad-a001-02-000000541753985	bsn-a001-00-000000013604308	21	02	33421	M	2	0	0	4	0
20260901	4291318	cmp-a001-02-000000010764328	grp-a001-02-000000069047580	동결건조생식	nad-a001-02-000000541754005	bsn-a001-00-000000013604308	21	02	8753	M	1	0	0	5	0
20260901	4291318	cmp-a001-02-000000010764328	grp-a001-02-000000069047580	동결건조분말	nad-a001-02-000000541753997	bsn-a001-00-000000013604308	21	02	684927	P	1	0	0	2	0
20260901	4291318	cmp-a001-02-000000010764328	grp-a001-02-000000069047580	견과류	nad-a001-02-000000541753999	bsn-a001-00-000000013604308	21	18	529514	M	18	0	0	18	0
20260901	4291318	cmp-a001-02-000000010764328	grp-a001-02-000000069047580	견과류	nad-a001-02-000000541753999	bsn-a001-00-000000013604308	21	09	684926	M	3	0	0	6	0
20260901	4291318	cmp-a001-02-000000010764328	grp-a001-02-000000069047580	젤리	nad-a001-02-000000541753985	bsn-a001-00-000000013604308	21	11	8753	M	1	0	0	2	0
20260901	4291318	cmp-a001-02-000000010764328	grp-a001-02-000000069047580	생식가루	nad-a001-02-000000541754004	bsn-a001-00-000000013604308	21	02	684926	M	1	1	5365	1	0
20260901	4291318	cmp-a001-02-000000010764328	grp-a001-02-000000069047580	사랑은	nad-a001-02-000000553654558	bsn-a001-00-000000013604308	21	06	98128	M	1	0	0	4	0
20260901	4291318	cmp-a001-02-000000010764328	grp-a001-02-000000069047580	프로틴	nad-a001-02-000000553654562	bsn-a001-00-000000013604308	21	13	768323	M	1	0	0	1	0
20260901	4291318	cmp-a001-02-000000010764328	grp-a001-02-000000069047580	사랑	nad-a001-02-000000553654558	bsn-a001-00-000000013604308	21	07	98128	M	1	0	0	5	0
20260901	4291318	cmp-a001-02-000000010764328	grp-a001-02-000000069047580	하루견과	nad-a001-02-000000541753960	bsn-a001-00-000000013604308	21	11	341893	M	2	0	0	3	0
20260901	4291318	cmp-a001-02-000000010764328	grp-a001-02-000000069047580	에너지바	nad-a001-02-000000553654554	bsn-a001-00-000000013604308	21	11	791888	M	1	0	0	1	0
20260901	4291318	cmp-a001-02-000000010764328	grp-a001-02-000000069047580	하루견과	nad-a001-02-000000541753959	bsn-a001-00-000000013604308	21	18	684924	M	1	0	0	1	0
20260901	4291318	cmp-a001-02-000000010764328	grp-a001-02-000000069047580	하루견과	nad-a001-02-000000541753960	bsn-a001-00-000000013604308	21	09	8753	M	4	0	0	16	0
20260901	4291318	cmp-a001-02-000000010764328	grp-a001-02-000000069047580	단백질바	nad-a001-02-000000553654554	bsn-a001-00-000000013604308	21	02	8753	M	2	1	3041	8	0
20260901	4291318	cmp-a001-02-000000010764328	grp-a001-02-000000069047580	젤리	nad-a001-02-000000541753985	bsn-a001-00-000000013604308	21	00	23123	P	1	0	0	4	0
20260901	4291318	cmp-a001-02-000000010764328	grp-a001-02-000000069047580	하루견과	nad-a001-02-000000541753999	bsn-a001-00-000000013604308	21	03	8753	M	3	0	0	5	0
20260901	4291318	cmp-a001-02-000000010764328	grp-a001-02-000000069047580	단백질	nad-a001-02-000000553654562	bsn-a001-00-000000013604308	21	11	529514	M	7	0	0	13	0
20260901	4291318	cmp-a001-02-000000010764328	grp-a001-02-000000069047580	동결건조생식	nad-a001-02-000000541753997	bsn-a001-00-000000013604308	21	99	798056	M	11	0	0	13	0
20260901	4291318	cmp-a001-02-000000010764328	grp-a001-02-000000069047580	에너지바	nad-a001-02-000000553654558	bsn-a001-00-000000013604308	21	11	23123	P	4	0	0	8	0
20260901	4291318	cmp-a001-02-000000010764328	grp-a001-02-000000069047580	견과류	nad-a001-02-000000541753960	bsn-a001-00-000000013604308	21	16	87620	M	1	0	0	3	0
20260901	4291318	cmp-a001-02-000000010764328	grp-a001-02-000000069047580	하루만	nad-a001-02-000000541753999	bsn-a001-00-000000013604308	21	99	529514	M	2	0	0	2	0
20260901	4291318	cmp-a001-02-000000010764328	grp-a001-02-000000069047580	견과류	nad-a001-02-000000541753999	bsn-a001-00-000000013604308	21	16	87620	M	1	0	0	1	0
20260901	4291318	cmp-a001-02-000000010764328	grp-a001-02-000000069047580	HIY베스트넛츠프리미엄견과	nad-a001-02-000000541753959	bsn-a001-00-000000013604308	21	09	341893	M	1	0	0	1	0
20260901	4291318	cmp-a001-02-000000010764328	grp-a001-02-000000069047580	견과	nad-a001-02-000000541753960	bsn-a001-00-000000013604308	21	02	33421	M	1	0	0	6	0
20260901	4291318	cmp-a001-02-000000010764328	grp-a001-02-000000069047580	에너지바	nad-a001-02-000000553654559	bsn-a001-00-000000013604308	21	01	529514	M	1	0	0	3	0
20260901	4291318	cmp-a001-02-000000010764328	grp-a001-02-000000069047580	견과류	nad-a001-02-000000541753960	bsn-a001-00-000000013604308	21	03	633013	M	2	0	0	4	0
20260901	4291318	cmp-a001-02-000000010764328	grp-a001-02-000000069047580	에너지바	nad-a001-02-000000553654559	bsn-a001-00-000000013604308	21	17	791889	P	1	0	0	3	0
20260901	4291318	cmp-a001-02-000000010764328	grp-a001-02-000000069047580	프로틴	nad-a001-02-000000553654562	bsn-a001-00-000000013604308	21	13	529514	M	8	0	0	8	0
20260901	4291318	cmp-a001-02-000000010764328	grp-a001-02-000000069047580	견과류	nad-a001-02-000000541753999	bsn-a001-00-000000013604308	21	99	529514	M	35	0	0	36	0
20260901	4291318	cmp-a001-02-000000010764328	grp-a001-02-000000069047580	사랑님	nad-a001-02-000000553654554	bsn-a001-00-000000013604308	21	18	529514	M	2	0	0	2	0
20260901	4291318	cmp-a001-02-000000010764328	grp-a001-02-000000069047580	하루견과	nad-a001-02-000000541753960	bsn-a001-00-000000013604308	21	11	8753	M	4	0	0	15	0
20260901	4291318	cmp-a001-02-000000010764328	grp-a001-02-000000069047580	동결건조생식	nad-a001-02-000000541753997	bsn-a001-00-000000013604308	21	02	8753	M	1	0	0	1	0
20260901	4291318	cmp-a001-02-000000010764328	grp-a001-02-000000069047580	베스트넛츠프리미엄	nad-a001-02-000000541753959	bsn-a001-00-000000013604308	21	18	341893	M	1	0	0	1	0
20260901	4291318	cmp-a001-02-000000010764328	grp-a001-02-000000069047580	견과류	nad-a001-02-000000541753959	bsn-a001-00-000000013604308	21	09	33421	M	2	0	0	6	0
20260901	4291318	cmp-a001-02-000000010764328	grp-a001-02-000000069047580	프로틴쉐이크	nad-a001-02-000000553654562	bsn-a001-00-000000013604308	21	06	529514	M	2	0	0	2	0
20260901	4291318	cmp-a001-02-000000010764328	grp-a001-02-000000069047580	쉐이크	nad-a001-02-000000553654562	bsn-a001-00-000000013604308	21	02	98128	M	3	0	0	3	0
20260901	4291318	cmp-a001-02-000000010764328	grp-a001-02-000000069047580	갓	nad-a001-02-000000541753960	bsn-a001-00-000000013604308	21	06	33421	M	1	0	0	7	0
20260901	4291318	cmp-a001-02-000000010764328	grp-a001-02-000000069047580	견과류세트	nad-a001-02-000000541753999	bsn-a001-00-000000013604308	21	02	529514	M	2	0	0	3	0
20260901	4291318	cmp-a001-02-000000010764328	grp-a001-02-000000069047580	단백질바	nad-a001-02-000000553654558	bsn-a001-00-000000013604308	21	99	529514	M	10	0	0	20	0
20260901	4291318	cmp-a001-02-000000010764328	grp-a001-02-000000069047580	하루견과	nad-a001-02-000000541753999	bsn-a001-00-000000013604308	21	18	8753	M	1	0	0	2	0
20260901	4291318	cmp-a001-02-000000010764328	grp-a001-02-000000069047580	단백질쉐이크	nad-a001-02-000000553654562	bsn-a001-00-000000013604308	21	13	529514	M	13	0	0	18	0
20260901	4291318	cmp-a001-02-000000010764328	grp-a001-02-000000069047580	생식가루	nad-a001-02-000000541753997	bsn-a001-00-000000013604308	21	02	684926	M	1	0	0	2	0
20260901	4291318	cmp-a001-02-000000010764328	grp-a001-02-000000069047580	쉐이크	nad-a001-02-000000553654562	bsn-a001-00-000000013604308	21	08	529514	M	2	0	0	2	0
20260901	4291318	cmp-a001-02-000000010764328	grp-a001-02-000000069047580	견과류	nad-a001-02-000000541753959	bsn-a001-00-000000013604308	21	14	633013	M	1	0	0	1	0
20260901	4291318	cmp-a001-02-000000010764328	grp-a001-02-000000069047580	단백질바	nad-a001-02-000000553654554	bsn-a001-00-000000013604308	21	02	33421	M	1	0	0	2	0
20260901	4291318	cmp-a001-02-000000010764328	grp-a001-02-000000069047580	견과세트	nad-a001-02-000000541753959	bsn-a001-00-000000013604308	21	99	768323	M	2	0	0	2	0
20260901	4291318	cmp-a001-02-000000010764328	grp-a001-02-000000069047580	진한초코간식추천	nad-a001-02-000000553654554	bsn-a001-00-000000013604308	21	02	8753	M	1	0	0	1	0
20260901	4291318	cmp-a001-02-000000010764328	grp-a001-02-000000069047580	프리미엄견과류	nad-a001-02-000000541753959	bsn-a001-00-000000013604308	21	04	341893	M	1	0	0	1	0
20260901	4291318	cmp-a001-02-000000010764328	grp-a001-02-000000069047580	하루견과	nad-a001-02-000000541753959	bsn-a001-00-000000013604308	21	03	8753	M	3	1	2863	9	0
20260901	4291318	cmp-a001-02-000000010764328	grp-a001-02-000000069047580	견과류	nad-a001-02-000000541753999	bsn-a001-00-000000013604308	21	14	633013	M	1	0	0	3	0
20260901	4291318	cmp-a001-02-000000010764328	grp-a001-02-000000069047580	베스트넛츠프리미엄	nad-a001-02-000000541753959	bsn-a001-00-000000013604308	21	09	341898	M	1	0	0	1	0
20260901	4291318	cmp-a001-02-000000010764328	grp-a001-02-000000069047580	견과류	nad-a001-02-000000541753999	bsn-a001-00-000000013604308	21	08	8753	M	3	0	0	6	0
20260901	4291318	cmp-a001-02-000000010764328	grp-a001-02-000000069047580	베스트넛츠견과류	nad-a001-02-000000541753959	bsn-a001-00-000000013604308	21	02	341893	M	1	0	0	1	0
20260901	4291318	cmp-a001-02-000000010764328	grp-a001-02-000000069047580	프로틴쉐이크	nad-a001-02-000000553654562	bsn-a001-00-000000013604308	21	99	529514	M	4	0	0	4	0
20260901	4291318	cmp-a001-02-000000010764328	grp-a001-02-000000069047580	황성주뉴밀	nad-a001-02-000000541754004	bsn-a001-00-000000013604308	21	18	341898	M	1	0	0	1	0
20260901	4291318	cmp-a001-02-000000010764328	grp-a001-02-000000069047580	견과	nad-a001-02-000000541753960	bsn-a001-00-000000013604308	21	02	633013	M	1	0	0	2	0
20260901	4291318	cmp-a001-02-000000010764328	grp-a001-02-000000069047580	갓너츠	nad-a001-02-000000541753960	bsn-a001-00-000000013604308	21	17	341893	M	1	0	0	3	0
20260901	4291318	cmp-a001-02-000000010764328	grp-a001-02-000000069047580	단백질바	nad-a001-02-000000553654558	bsn-a001-00-000000013604308	21	08	529514	M	2	0	0	4	0
20260901	4291318	cmp-a001-02-000000010764328	grp-a001-02-000000069047580	영양식	nad-a001-02-000000541753965	bsn-a001-00-000000013604308	21	10	529514	M	2	0	0	6	0
20260901	4291318	cmp-a001-02-000000010764328	grp-a001-02-000000069047580	단백질간식	nad-a001-02-000000553654558	bsn-a001-00-000000013604308	21	02	27758	P	1	0	0	3	0
20260901	4291318	cmp-a001-02-000000010764328	grp-a001-02-000000069047580	에너지바	nad-a001-02-000000553654558	bsn-a001-00-000000013604308	21	11	791888	M	1	0	0	2	0
20260901	4291318	cmp-a001-02-000000010764328	grp-a001-02-000000069047580	견과류	nad-a001-02-000000541753960	bsn-a001-00-000000013604308	21	04	8753	M	3	0	0	11	0
20260901	4291318	cmp-a001-02-000000010764328	grp-a001-02-000000069047580	단백질바	nad-a001-02-000000553654554	bsn-a001-00-000000013604308	21	15	529514	M	4	0	0	4	0
20260901	4291318	cmp-a001-02-000000010764328	grp-a001-02-000000069047580	단백질쉐이크	nad-a001-02-000000553654562	bsn-a001-00-000000013604308	21	00	98128	M	1	0	0	1	0
20260901	4291318	cmp-a001-02-000000010764328	grp-a001-02-000000069047580	프로틴	nad-a001-02-000000553654562	bsn-a001-00-000000013604308	21	01	768323	M	1	0	0	1	0
20260901	4291318	cmp-a001-02-000000010764328	grp-a001-02-000000069047580	프로틴	nad-a001-02-000000553654562	bsn-a001-00-000000013604308	21	10	529514	M	2	0	0	2	0
20260901	4291318	cmp-a001-02-000000010764328	grp-a001-02-000000069047580	단백질간식	nad-a001-02-000000553654554	bsn-a001-00-000000013604308	21	02	8753	M	1	0	0	2	0
20260901	4291318	cmp-a001-02-000000010764328	grp-a001-02-000000069047580	프로틴	nad-a001-02-000000553654562	bsn-a001-00-000000013604308	21	14	768323	M	1	0	0	2	0
20260901	4291318	cmp-a001-02-000000010764328	grp-a001-02-000000069047580	프로틴	nad-a001-02-000000553654562	bsn-a001-00-000000013604308	21	01	529514	M	8	0	0	8	0
20260901	4291318	cmp-a001-02-000000010764328	grp-a001-02-000000069047580	견과류	nad-a001-02-000000541753960	bsn-a001-00-000000013604308	21	04	341893	M	1	0	0	1	0
20260901	4291318	cmp-a001-02-000000010764328	grp-a001-02-000000069047580	젤리	nad-a001-02-000000541753985	bsn-a001-00-000000013604308	21	11	768323	M	4	0	0	4	0
20260901	4291318	cmp-a001-02-000000010764328	grp-a001-02-000000069047580	동결건조분말	nad-a001-02-000000541754004	bsn-a001-00-000000013604308	21	02	684927	P	1	0	0	1	0
20260901	4291318	cmp-a001-02-000000010764328	grp-a001-02-000000069047580	하루견과	nad-a001-02-000000541753959	bsn-a001-00-000000013604308	21	99	529514	M	3	0	0	5	0
20260901	4291318	cmp-a001-02-000000010764328	grp-a001-02-000000069047580	단백질프로틴바	nad-a001-02-000000553654554	bsn-a001-00-000000013604308	21	11	98128	M	2	0	0	2	0
20260901	4291318	cmp-a001-02-000000010764328	grp-a001-02-000000069047580	사랑	nad-a001-02-000000553654554	bsn-a001-00-000000013604308	21	09	98128	M	2	0	0	4	0
20260901	4291318	cmp-a001-02-000000010764328	grp-a001-02-000000069047580	하루견과	nad-a001-02-000000541753959	bsn-a001-00-000000013604308	21	09	684926	M	1	0	0	4	0
20260901	4291318	cmp-a001-02-000000010764328	grp-a001-02-000000069047580	프로틴바	nad-a001-02-000000553654554	bsn-a001-00-000000013604308	21	09	529514	M	4	0	0	4	0
20260901	4291318	cmp-a001-02-000000010764328	grp-a001-02-000000069047580	갓	nad-a001-02-000000541753959	bsn-a001-00-000000013604308	21	06	8753	M	2	0	0	2	0
20260901	4291318	cmp-a001-02-000000010764328	grp-a001-02-000000069047580	하루견과	nad-a001-02-000000541753999	bsn-a001-00-000000013604308	21	99	529514	M	3	0	0	4	0
20260901	4291318	cmp-a001-02-000000010764328	grp-a001-02-000000069047580	나인플레이트	nad-a001-02-000000541753999	bsn-a001-00-000000013604308	21	06	341893	M	1	0	0	1	0
20260901	4291318	cmp-a001-02-000000010764328	grp-a001-02-000000069047580	견과류	nad-a001-02-000000541753999	bsn-a001-00-000000013604308	21	16	8753	M	2	0	0	4	0
20260901	4291318	cmp-a001-02-000000010764328	grp-a001-02-000000069047580	견과류	nad-a001-02-000000541753999	bsn-a001-00-000000013604308	21	03	341898	M	1	0	0	1	0
20260901	4291318	cmp-a001-02-000000010764328	grp-a001-02-000000069047580	견과류	nad-a001-02-000000541753960	bsn-a001-00-000000013604308	21	06	8753	M	2	0	0	8	0
20260901	4291318	cmp-a001-02-000000010764328	grp-a001-02-000000069047580	견과류	nad-a001-02-000000541753999	bsn-a001-00-000000013604308	21	15	529514	M	8	0	0	8	0
20260901	4291318	cmp-a001-02-000000010764328	grp-a001-02-000000069047580	단백질쉐이크	nad-a001-02-000000553654562	bsn-a001-00-000000013604308	21	99	98128	M	4	0	0	4	0
20260901	4291318	cmp-a001-02-000000010764328	grp-a001-02-000000069047580	하루견과	nad-a001-02-000000541753959	bsn-a001-00-000000013604308	21	02	684924	M	1	1	2283	1	0
20260901	4291318	cmp-a001-02-000000010764328	grp-a001-02-000000069047580	단백질바	nad-a001-02-000000553654559	bsn-a001-00-000000013604308	21	09	529514	M	2	0	0	6	0
20260901	4291318	cmp-a001-02-000000010764328	grp-a001-02-000000069047580	황성주생식	nad-a001-02-000000541754004	bsn-a001-00-000000013604308	21	02	798056	M	1	0	0	1	0
20260901	4291318	cmp-a001-02-000000010764328	grp-a001-02-000000069047580	견과류추천	nad-a001-02-000000541753959	bsn-a001-00-000000013604308	21	02	8753	M	3	0	0	10	0
20260901	4291318	cmp-a001-02-000000010764328	grp-a001-02-000000069047580	육포형단백질바	nad-a001-02-000000553654554	bsn-a001-00-000000013604308	21	13	8753	M	1	0	0	3	0
20260901	4291318	cmp-a001-02-000000010764328	grp-a001-02-000000069047580	분말	nad-a001-02-000000541753997	bsn-a001-00-000000013604308	21	11	8753	M	2	0	0	2	0
20260901	4291318	cmp-a001-02-000000010764328	grp-a001-02-000000069047580	하루견과	nad-a001-02-000000541753999	bsn-a001-00-000000013604308	21	08	8753	M	2	0	0	4	0
20260901	4291318	cmp-a001-02-000000010764328	grp-a001-02-000000069047580	견과류	nad-a001-02-000000541753999	bsn-a001-00-000000013604308	21	09	529514	M	82	0	0	84	0
20260901	4291318	cmp-a001-02-000000010764328	grp-a001-02-000000069047580	한봉견과30	nad-a001-02-000000541753959	bsn-a001-00-000000013604308	21	09	8753	M	1	0	0	2	0
20260901	4291318	cmp-a001-02-000000010764328	grp-a001-02-000000069047580	하루	nad-a001-02-000000541753960	bsn-a001-00-000000013604308	21	02	137281	M	1	0	0	2	0
20260901	4291318	cmp-a001-02-000000010764328	grp-a001-02-000000069047580	견과류	nad-a001-02-000000541753999	bsn-a001-00-000000013604308	21	18	8753	M	1	0	0	2	0
20260901	4291318	cmp-a001-02-000000010764328	grp-a001-02-000000069047580	견과	nad-a001-02-000000541753960	bsn-a001-00-000000013604308	21	09	633013	M	1	0	0	2	0
20260901	4291318	cmp-a001-02-000000010764328	grp-a001-02-000000069047580	하루견과	nad-a001-02-000000541753999	bsn-a001-00-000000013604308	21	02	27758	P	1	0	0	1	0
20260901	4291318	cmp-a001-02-000000010764328	grp-a001-02-000000069047580	견과류	nad-a001-02-000000541753960	bsn-a001-00-000000013604308	21	02	341893	M	1	0	0	2	0
20260901	4291318	cmp-a001-02-000000010764328	grp-a001-02-000000069047580	견과류	nad-a001-02-000000541753960	bsn-a001-00-000000013604308	21	08	11068	P	2	0	0	8	0
20260901	4291318	cmp-a001-02-000000010764328	grp-a001-02-000000069047580	가루	nad-a001-02-000000541753997	bsn-a001-00-000000013604308	21	02	137281	M	1	0	0	1	0
20260901	4291318	cmp-a001-02-000000010764328	grp-a001-02-000000069047580	견과류	nad-a001-02-000000541753960	bsn-a001-00-000000013604308	21	15	633013	M	1	0	0	2	0
20260901	4291318	cmp-a001-02-000000010764328	grp-a001-02-000000069047580	쉐이크	nad-a001-02-000000553654562	bsn-a001-00-000000013604308	21	01	98128	M	3	0	0	3	0
20260901	4291318	cmp-a001-02-000000010764328	grp-a001-02-000000069047580	단백질쉐이크	nad-a001-02-000000553654562	bsn-a001-00-000000013604308	21	09	529514	M	49	0	0	86	0
20260901	4291318	cmp-a001-02-000000010764328	grp-a001-02-000000069047580	갓	nad-a001-02-000000541753999	bsn-a001-00-000000013604308	21	06	33421	M	1	0	0	1	0
20260901	4291318	cmp-a001-02-000000010764328	grp-a001-02-000000069047580	단백질보충제	nad-a001-02-000000553654562	bsn-a001-00-000000013604308	21	02	23123	P	1	0	0	1	0
20260901	4291318	cmp-a001-02-000000010764328	grp-a001-02-000000069047580	하루견과	nad-a001-02-000000541753959	bsn-a001-00-000000013604308	21	02	341893	M	1	0	0	1	0
20260901	4291318	cmp-a001-02-000000010764328	grp-a001-02-000000069047580	견과류	nad-a001-02-000000541753960	bsn-a001-00-000000013604308	21	99	529514	M	35	0	0	103	0
20260901	4291318	cmp-a001-02-000000010764328	grp-a001-02-000000069047580	에너지바	nad-a001-02-000000553654559	bsn-a001-00-000000013604308	21	11	23123	P	2	0	0	11	0
20260901	4291318	cmp-a001-02-000000010764328	grp-a001-02-000000069047580	프로틴바	nad-a001-02-000000553654559	bsn-a001-00-000000013604308	21	09	768323	M	1	0	0	3	0
20260901	4291318	cmp-a001-02-000000010764328	grp-a001-02-000000069047580	하루견과	nad-a001-02-000000541753960	bsn-a001-00-000000013604308	21	07	8753	M	2	0	0	8	0
20260901	4291318	cmp-a001-02-000000010764328	grp-a001-02-000000069047580	하루견과	nad-a001-02-000000541753959	bsn-a001-00-000000013604308	21	09	529514	M	2	0	0	5	0
20260901	4291318	cmp-a001-02-000000010764328	grp-a001-02-000000069047580	20G	nad-a001-02-000000541753999	bsn-a001-00-000000013604308	21	06	529514	M	5	0	0	12	0
20260901	4291318	cmp-a001-02-000000010764328	grp-a001-02-000000069047580	황성주생식	nad-a001-02-000000541754004	bsn-a001-00-000000013604308	21	02	805760	M	1	0	0	2	0
20260901	4291318	cmp-a001-02-000000010764328	grp-a001-02-000000069047580	견과류	nad-a001-02-000000541753959	bsn-a001-00-000000013604308	21	02	529514	M	61	0	0	122	0
20260901	4291318	cmp-a001-02-000000010764328	grp-a001-02-000000069047580	견과류	nad-a001-02-000000541753959	bsn-a001-00-000000013604308	21	07	529514	M	9	0	0	18	0
20260901	4291318	cmp-a001-02-000000010764328	grp-a001-02-000000069047580	견과류	nad-a001-02-000000541753960	bsn-a001-00-000000013604308	21	03	8753	M	1	0	0	4	0
20260901	4291318	cmp-a001-02-000000010764328	grp-a001-02-000000069047580	황성주생식	nad-a001-02-000000541753988	bsn-a001-00-000000013604308	21	02	798056	M	1	0	0	5	0
20260901	4291318	cmp-a001-02-000000010764328	grp-a001-02-000000069047580	푸룬젤리	nad-a001-02-000000541753985	bsn-a001-00-000000013604308	21	02	8753	M	1	0	0	2	0
20260901	4291318	cmp-a001-02-000000010764328	grp-a001-02-000000069047580	순수담은하루견과	nad-a001-02-000000541753999	bsn-a001-00-000000013604308	21	08	341898	M	1	0	0	1	0
20260901	4291318	cmp-a001-02-000000010764328	grp-a001-02-000000069047580	단백질프로틴	nad-a001-02-000000553654562	bsn-a001-00-000000013604308	21	11	529514	M	2	0	0	2	0
20260901	4291318	cmp-a001-02-000000010764328	grp-a001-02-000000069047580	견과류	nad-a001-02-000000541753959	bsn-a001-00-000000013604308	21	10	529514	M	6	0	0	12	0
20260901	4291318	cmp-a001-02-000000010764328	grp-a001-02-000000069047580	하루견과	nad-a001-02-000000541753959	bsn-a001-00-000000013604308	21	02	87620	M	1	0	0	3	0
20260901	4291318	cmp-a001-02-000000010764328	grp-a001-02-000000069047580	견과세트	nad-a001-02-000000541753960	bsn-a001-00-000000013604308	21	99	768323	M	2	0	0	6	0
20260901	4291318	cmp-a001-02-000000010764328	grp-a001-02-000000069047580	넛츠견과류	nad-a001-02-000000541753959	bsn-a001-00-000000013604308	21	09	8753	M	1	0	0	4	0
20260901	4291318	cmp-a001-02-000000010764328	grp-a001-02-000000069047580	견과류추천	nad-a001-02-000000541753959	bsn-a001-00-000000013604308	21	03	684924	M	1	0	0	1	0
20260901	4291318	cmp-a001-02-000000010764328	grp-a001-02-000000069047580	단백질바	nad-a001-02-000000553654558	bsn-a001-00-000000013604308	21	09	8753	M	1	0	0	4	0
20260901	4291318	cmp-a001-02-000000010764328	grp-a001-02-000000069047580	견과류	nad-a001-02-000000541753999	bsn-a001-00-000000013604308	21	06	8753	M	2	0	0	4	0
20260901	4291318	cmp-a001-02-000000010764328	grp-a001-02-000000069047580	견과류세트	nad-a001-02-000000541753959	bsn-a001-00-000000013604308	21	02	529514	M	2	0	0	6	0
20260901	4291318	cmp-a001-02-000000010764328	grp-a001-02-000000069047580	동결건조생식홈쇼핑	nad-a001-02-000000541754004	bsn-a001-00-000000013604308	21	02	8753	M	1	0	0	2	0
20260901	4291318	cmp-a001-02-000000010764328	grp-a001-02-000000069047580	라이프밀생식	nad-a001-02-000000541753996	bsn-a001-00-000000013604308	21	02	341898	M	1	0	0	1	0
20260901	4291318	cmp-a001-02-000000010764328	grp-a001-02-000000069047580	사랑스럽	nad-a001-02-000000553654554	bsn-a001-00-000000013604308	21	02	248824	P	1	0	0	2	0
20260901	4291318	cmp-a001-02-000000010764328	grp-a001-02-000000069047580	베스트넛츠프리미엄견과	nad-a001-02-000000541753959	bsn-a001-00-000000013604308	21	18	341898	M	1	0	0	1	0
20260901	4291318	cmp-a001-02-000000010764328	grp-a001-02-000000069047580	하루	nad-a001-02-000000541753999	bsn-a001-00-000000013604308	21	13	98128	M	1	0	0	2	0
20260901	4291318	cmp-a001-02-000000010764328	grp-a001-02-000000069047580	황성주박사의생식라이프밀	nad-a001-02-000000541753997	bsn-a001-00-000000013604308	21	08	8753	M	2	0	0	2	0
20260901	4291318	cmp-a001-02-000000010764328	grp-a001-02-000000069047580	프로틴바	nad-a001-02-000000553654558	bsn-a001-00-000000013604308	21	16	98128	M	1	0	0	2	0
20260901	4291318	cmp-a001-02-000000010764328	grp-a001-02-000000069047580	견과류	nad-a001-02-000000541753959	bsn-a001-00-000000013604308	21	14	529514	M	4	0	0	8	0
20260901	4291318	cmp-a001-02-000000010764328	grp-a001-02-000000069047580	베스트넛츠프리미엄견과100봉	nad-a001-02-000000541753959	bsn-a001-00-000000013604308	21	18	341898	M	2	0	0	2	0
20260901	4291318	cmp-a001-02-000000010764328	grp-a001-02-000000069047580	갓	nad-a001-02-000000541753959	bsn-a001-00-000000013604308	21	09	529514	M	4	0	0	8	0
20260901	4291318	cmp-a001-02-000000010764328	grp-a001-02-000000069047580	하루견과	nad-a001-02-000000541753959	bsn-a001-00-000000013604308	21	11	8753	M	4	0	0	11	0
20260901	4291318	cmp-a001-02-000000010764328	grp-a001-02-000000069047580	견과류	nad-a001-02-000000541753959	bsn-a001-00-000000013604308	21	02	27758	P	1	0	0	3	0
20260901	4291318	cmp-a001-02-000000010764328	grp-a001-02-000000069047580	에너지바	nad-a001-02-000000553654558	bsn-a001-00-000000013604308	21	17	791889	P	1	0	0	2	0
20260901	4291318	cmp-a001-02-000000010764328	grp-a001-02-000000069047580	단백질프로틴바	nad-a001-02-000000553654559	bsn-a001-00-000000013604308	21	11	98128	M	1	0	0	4	0
20260901	4291318	cmp-a001-02-000000010764328	grp-a001-02-000000069047580	하루견과100봉	nad-a001-02-000000541753999	bsn-a001-00-000000013604308	21	02	341893	M	1	0	0	1	0
20260901	4291318	cmp-a001-02-000000010764328	grp-a001-02-000000069047580	젤리	nad-a001-02-000000541753985	bsn-a001-00-000000013604308	21	00	87620	M	1	0	0	1	0
20260901	4291318	cmp-a001-02-000000010764328	grp-a001-02-000000069047580	한가인견과류	nad-a001-02-000000541753960	bsn-a001-00-000000013604308	21	02	341893	M	1	0	0	2	0
20260901	4291318	cmp-a001-02-000000010764328	grp-a001-02-000000069047580	베스트넛츠프리미엄	nad-a001-02-000000541753959	bsn-a001-00-000000013604308	21	16	341893	M	1	0	0	1	0
20260901	4291318	cmp-a001-02-000000010764328	grp-a001-02-000000069047580	하루견과	nad-a001-02-000000541753960	bsn-a001-00-000000013604308	21	99	529514	M	3	0	0	9	0
20260901	4291318	cmp-a001-02-000000010764328	grp-a001-02-000000069047580	ISP단백질	nad-a001-02-000000553654562	bsn-a001-00-000000013604308	21	09	684926	M	1	0	0	10	0
20260901	4291318	cmp-a001-02-000000010764328	grp-a001-02-000000069047580	하루견과	nad-a001-02-000000541753959	bsn-a001-00-000000013604308	21	08	8753	M	2	0	0	6	0
20260901	4291318	cmp-a001-02-000000010764328	grp-a001-02-000000069047580	프로틴바	nad-a001-02-000000553654554	bsn-a001-00-000000013604308	21	09	768323	M	1	0	0	1	0
20260901	4291318	cmp-a001-02-000000010764328	grp-a001-02-000000069047580	견과류	nad-a001-02-000000541753959	bsn-a001-00-000000013604308	21	04	529514	M	9	0	0	18	0
20260901	4291318	cmp-a001-02-000000010764328	grp-a001-02-000000069047580	프로틴	nad-a001-02-000000553654562	bsn-a001-00-000000013604308	21	17	768323	M	4	0	0	4	0
20260901	4291318	cmp-a001-02-000000010764328	grp-a001-02-000000069047580	견과류	nad-a001-02-000000541753959	bsn-a001-00-000000013604308	21	14	684924	M	1	0	0	1	0
20260901	4291318	cmp-a001-02-000000010764328	grp-a001-02-000000069047580	프로틴	nad-a001-02-000000553654562	bsn-a001-00-000000013604308	21	15	768323	M	3	0	0	4	0
20260901	4291318	cmp-a001-02-000000010764328	grp-a001-02-000000069047580	하루견과	nad-a001-02-000000541753999	bsn-a001-00-000000013604308	21	09	684926	M	1	0	0	3	0
20260901	4291318	cmp-a001-02-000000010764328	grp-a001-02-000000069047580	젤리	nad-a001-02-000000541753985	bsn-a001-00-000000013604308	21	18	33421	M	1	0	0	1	0
20260901	4291318	cmp-a001-02-000000010764328	grp-a001-02-000000069047580	프로틴쉐이크	nad-a001-02-000000553654562	bsn-a001-00-000000013604308	21	18	529514	M	2	0	0	2	0
20260901	4291318	cmp-a001-02-000000010764328	grp-a001-02-000000069047580	프로틴바	nad-a001-02-000000553654554	bsn-a001-00-000000013604308	21	17	8753	M	1	0	0	3	0
20260901	4291318	cmp-a001-02-000000010764328	grp-a001-02-000000069047580	견과류	nad-a001-02-000000541753960	bsn-a001-00-000000013604308	21	09	529514	M	82	0	0	242	0
20260901	4291318	cmp-a001-02-000000010764328	grp-a001-02-000000069047580	견과류추천	nad-a001-02-000000541753999	bsn-a001-00-000000013604308	21	03	8753	M	1	0	0	2	0
20260901	4291318	cmp-a001-02-000000010764328	grp-a001-02-000000069047580	하루견과	nad-a001-02-000000541753999	bsn-a001-00-000000013604308	21	06	8753	M	1	0	0	2	0
20260901	4291318	cmp-a001-02-000000010764328	grp-a001-02-000000069047580	프로틴	nad-a001-02-000000553654562	bsn-a001-00-000000013604308	21	15	529514	M	4	0	0	4	0
20260901	4291318	cmp-a001-02-000000010764328	grp-a001-02-000000069047580	단백질쉐이크	nad-a001-02-000000553654562	bsn-a001-00-000000013604308	21	99	529514	M	15	0	0	24	0
20260901	4291318	cmp-a001-02-000000010764328	grp-a001-02-000000069047580	쉐이크	nad-a001-02-000000553654562	bsn-a001-00-000000013604308	21	04	8753	M	1	0	0	12	0
20260901	4291318	cmp-a001-02-000000010764328	grp-a001-02-000000069047580	프로틴	nad-a001-02-000000553654562	bsn-a001-00-000000013604308	21	03	768323	M	4	0	0	4	0
20260901	4291318	cmp-a001-02-000000010764328	grp-a001-02-000000069047580	나인플레이트하루견과	nad-a001-02-000000541753999	bsn-a001-00-000000013604308	21	02	341893	M	1	0	0	1	0
20260901	4291318	cmp-a001-02-000000010764328	grp-a001-02-000000069047580	단백질쉐이크	nad-a001-02-000000553654562	bsn-a001-00-000000013604308	21	11	529514	M	8	0	0	14	0
20260901	4291318	cmp-a001-02-000000010764328	grp-a001-02-000000069047580	베스트넛츠프리미엄견과	nad-a001-02-000000541753959	bsn-a001-00-000000013604308	21	02	341893	M	2	0	0	3	0
20260901	4291318	cmp-a001-02-000000010764328	grp-a001-02-000000069047580	하루견과	nad-a001-02-000000541753959	bsn-a001-00-000000013604308	21	01	341893	M	1	0	0	1	0
20260901	4291318	cmp-a001-02-000000010764328	grp-a001-02-000000069047580	동결건조생식	nad-a001-02-000000541754004	bsn-a001-00-000000013604308	21	02	8753	M	1	0	0	2	0
20260901	4291318	cmp-a001-02-000000010764328	grp-a001-02-000000069047580	다이어트쉐이크	nad-a001-02-000000553654562	bsn-a001-00-000000013604308	21	11	529514	M	1	0	0	1	0
20260901	4291318	cmp-a001-02-000000010764328	grp-a001-02-000000069047580	황성주생식	nad-a001-02-000000541753997	bsn-a001-00-000000013604308	21	02	805760	M	1	1	5507	1	0
20260901	4291318	cmp-a001-02-000000010764328	grp-a001-02-000000069047580	과자칼로리계급도	nad-a001-02-000000553654558	bsn-a001-00-000000013604308	21	18	8753	M	1	0	0	2	0
20260901	4291318	cmp-a001-02-000000010764328	grp-a001-02-000000069047580	쉐이크	nad-a001-02-000000553654562	bsn-a001-00-000000013604308	21	07	529514	M	6	0	0	6	0
20260901	4291318	cmp-a001-02-000000010764328	grp-a001-02-000000069047580	한봉견과30	nad-a001-02-000000541753960	bsn-a001-00-000000013604308	21	09	8753	M	1	0	0	3	0
20260901	4291318	cmp-a001-02-000000010764328	grp-a001-02-000000069047580	하루견과	nad-a001-02-000000541753959	bsn-a001-00-000000013604308	21	15	8753	M	2	0	0	6	0
20260901	4291318	cmp-a001-02-000000010764328	grp-a001-02-000000069047580	단백질파우더	nad-a001-02-000000553654562	bsn-a001-00-000000013604308	21	09	529514	M	2	0	0	2	0
20260901	4291318	cmp-a001-02-000000010764328	grp-a001-02-000000069047580	견과류	nad-a001-02-000000541753999	bsn-a001-00-000000013604308	21	03	8753	M	1	0	0	2	0
20260901	4291318	cmp-a001-02-000000010764328	grp-a001-02-000000069047580	단백질프로틴바	nad-a001-02-000000553654558	bsn-a001-00-000000013604308	21	11	98128	M	1	0	0	2	0
20260901	4291318	cmp-a001-02-000000010764328	grp-a001-02-000000069047580	프로틴파우더	nad-a001-02-000000553654562	bsn-a001-00-000000013604308	21	09	529514	M	2	0	0	2	0
20260901	4291318	cmp-a001-02-000000010764328	grp-a001-02-000000069047580	견과류	nad-a001-02-000000541753959	bsn-a001-00-000000013604308	21	08	11068	P	2	0	0	6	0
20260901	4291318	cmp-a001-02-000000010764328	grp-a001-02-000000069047580	견과류추천	nad-a001-02-000000541753960	bsn-a001-00-000000013604308	21	02	8753	M	3	0	0	14	0
20260901	4291318	cmp-a001-02-000000010764328	grp-a001-02-000000069047580	황성주생식	nad-a001-02-000000541754004	bsn-a001-00-000000013604308	21	18	684924	M	1	0	0	1	0
20260901	4291318	cmp-a001-02-000000010764328	grp-a001-02-000000069047580	하루견과	nad-a001-02-000000541753959	bsn-a001-00-000000013604308	21	03	684926	M	2	0	0	10	0
20260901	4291318	cmp-a001-02-000000010764328	grp-a001-02-000000069047580	황성주생식	nad-a001-02-000000541754004	bsn-a001-00-000000013604308	21	09	684924	M	2	0	0	2	0
20260901	4291318	cmp-a001-02-000000010764328	grp-a001-02-000000069047580	견과류	nad-a001-02-000000541753960	bsn-a001-00-000000013604308	21	01	529514	M	5	0	0	15	0
20260901	4291318	cmp-a001-02-000000010764328	grp-a001-02-000000069047580	단백질쉐이크	nad-a001-02-000000553654562	bsn-a001-00-000000013604308	21	02	798056	M	2	0	0	2	0
20260901	4291318	cmp-a001-02-000000010764328	grp-a001-02-000000069047580	견과류	nad-a001-02-000000541753999	bsn-a001-00-000000013604308	21	02	8753	M	8	0	0	18	0
20260901	4291318	cmp-a001-02-000000010764328	grp-a001-02-000000069047580	사랑	nad-a001-02-000000553654558	bsn-a001-00-000000013604308	21	99	98128	M	2	0	0	10	0
20260901	4291318	cmp-a001-02-000000010764328	grp-a001-02-000000069047580	젤리	nad-a001-02-000000541753985	bsn-a001-00-000000013604308	21	14	8753	M	1	0	0	2	0
20260901	4291318	cmp-a001-02-000000010764328	grp-a001-02-000000069047580	프로틴쉐이크	nad-a001-02-000000553654562	bsn-a001-00-000000013604308	21	09	529514	M	7	0	0	7	0
20260901	4291318	cmp-a001-02-000000010764328	grp-a001-02-000000069047580	단백질	nad-a001-02-000000553654562	bsn-a001-00-000000013604308	21	04	529514	M	9	0	0	15	0
20260901	4291318	cmp-a001-02-000000010764328	grp-a001-02-000000069047580	에너지바	nad-a001-02-000000553654558	bsn-a001-00-000000013604308	21	01	529514	M	1	0	0	2	0
20260901	4291318	cmp-a001-02-000000010764328	grp-a001-02-000000069047580	견과류	nad-a001-02-000000541753959	bsn-a001-00-000000013604308	21	04	633013	M	1	0	0	1	0
20260901	4291318	cmp-a001-02-000000010764328	grp-a001-02-000000069047580	볶음호박씨	nad-a001-02-000000541753960	bsn-a001-00-000000013604308	21	09	341898	M	2	0	0	2	0
20260901	4291318	cmp-a001-02-000000010764328	grp-a001-02-000000069047580	견과류	nad-a001-02-000000541753959	bsn-a001-00-000000013604308	21	13	529514	M	5	0	0	10	0
20260901	4291318	cmp-a001-02-000000010764328	grp-a001-02-000000069047580	견과세트	nad-a001-02-000000541753960	bsn-a001-00-000000013604308	21	03	768323	M	2	0	0	6	0
20260901	4291318	cmp-a001-02-000000010764328	grp-a001-02-000000069047580	젤리	nad-a001-02-000000541753985	bsn-a001-00-000000013604308	21	09	98128	M	4	0	0	4	0
20260901	4291318	cmp-a001-02-000000010764328	grp-a001-02-000000069047580	하루견과	nad-a001-02-000000541753959	bsn-a001-00-000000013604308	21	17	684926	M	1	0	0	3	0
20260901	4291318	cmp-a001-02-000000010764328	grp-a001-02-000000069047580	에너지바	nad-a001-02-000000553654554	bsn-a001-00-000000013604308	21	00	27758	P	1	0	0	2	0
20260901	4291318	cmp-a001-02-000000010764328	grp-a001-02-000000069047580	프로틴	nad-a001-02-000000553654562	bsn-a001-00-000000013604308	21	02	529514	M	12	0	0	12	0
20260901	4291318	cmp-a001-02-000000010764328	grp-a001-02-000000069047580	견과류	nad-a001-02-000000541753960	bsn-a001-00-000000013604308	21	02	529514	M	61	0	0	183	0
20260901	4291318	cmp-a001-02-000000010764328	grp-a001-02-000000069047580	견과류	nad-a001-02-000000541753999	bsn-a001-00-000000013604308	21	08	11068	P	2	0	0	4	0
20260901	4291318	cmp-a001-02-000000010764328	grp-a001-02-000000069047580	견과류	nad-a001-02-000000541753999	bsn-a001-00-000000013604308	21	02	33421	M	2	0	0	4	0
20260901	4291318	cmp-a001-02-000000010764328	grp-a001-02-000000069047580	단백질바	nad-a001-02-000000553654558	bsn-a001-00-000000013604308	21	02	33421	M	1	0	0	5	0
20260901	4291318	cmp-a001-02-000000010764328	grp-a001-02-000000069047580	베스트넛츠	nad-a001-02-000000541753959	bsn-a001-00-000000013604308	21	09	341893	M	1	0	0	1	0
20260901	4291318	cmp-a001-02-000000010764328	grp-a001-02-000000069047580	하루견과	nad-a001-02-000000541753959	bsn-a001-00-000000013604308	21	02	8753	M	5	0	0	13	0
20260901	4291318	cmp-a001-02-000000010764328	grp-a001-02-000000069047580	견과류	nad-a001-02-000000541753959	bsn-a001-00-000000013604308	21	08	529514	M	19	0	0	38	0
20260901	4291318	cmp-a001-02-000000010764328	grp-a001-02-000000069047580	베스트넛츠프리미엄견과	nad-a001-02-000000541753960	bsn-a001-00-000000013604308	21	06	341898	M	1	0	0	1	0
20260901	4291318	cmp-a001-02-000000010764328	grp-a001-02-000000069047580	보충제	nad-a001-02-000000553654562	bsn-a001-00-000000013604308	21	08	529514	M	12	0	0	12	0
20260901	4291318	cmp-a001-02-000000010764328	grp-a001-02-000000069047580	하루견과	nad-a001-02-000000541753960	bsn-a001-00-000000013604308	21	02	8753	M	5	0	0	19	0
20260901	4291318	cmp-a001-02-000000010764328	grp-a001-02-000000069047580	갓	nad-a001-02-000000541753959	bsn-a001-00-000000013604308	21	06	33421	M	1	0	0	5	0
20260901	4291318	cmp-a001-02-000000010764328	grp-a001-02-000000069047580	에너지바	nad-a001-02-000000553654559	bsn-a001-00-000000013604308	21	11	87620	M	1	0	0	3	0
20260901	4291318	cmp-a001-02-000000010764328	grp-a001-02-000000069047580	베스트넛츠프리미엄	nad-a001-02-000000541753959	bsn-a001-00-000000013604308	21	09	341893	M	4	0	0	4	0
20260901	4291318	cmp-a001-02-000000010764328	grp-a001-02-000000069047580	베스트넛츠프리미엄	nad-a001-02-000000541753959	bsn-a001-00-000000013604308	21	08	341893	M	2	0	0	2	0
20260901	4291318	cmp-a001-02-000000010764328	grp-a001-02-000000069047580	쉐이크	nad-a001-02-000000553654562	bsn-a001-00-000000013604308	21	17	98128	M	2	0	0	2	0
20260901	4291318	cmp-a001-02-000000010764328	grp-a001-02-000000069047580	황성주생식	nad-a001-02-000000541753997	bsn-a001-00-000000013604308	21	02	8753	M	2	0	0	2	0
20260901	4291318	cmp-a001-02-000000010764328	grp-a001-02-000000069047580	다이어트쉐이크	nad-a001-02-000000553654562	bsn-a001-00-000000013604308	21	09	529514	M	2	0	0	2	0
20260901	4291318	cmp-a001-02-000000010764328	grp-a001-02-000000069047580	견과류	nad-a001-02-000000541753999	bsn-a001-00-000000013604308	21	99	8753	M	1	0	0	1	0
20260901	4291318	cmp-a001-02-000000010764328	grp-a001-02-000000069047580	견과류	nad-a001-02-000000541753999	bsn-a001-00-000000013604308	21	15	633013	M	1	0	0	3	0
20260901	4291318	cmp-a001-02-000000010764328	grp-a001-02-000000069047580	갓	nad-a001-02-000000541753999	bsn-a001-00-000000013604308	21	01	27758	P	1	0	0	3	0
20260901	4291318	cmp-a001-02-000000010764328	grp-a001-02-000000069047580	사랑님	nad-a001-02-000000553654559	bsn-a001-00-000000013604308	21	18	529514	M	2	0	0	19	0
20260901	4291318	cmp-a001-02-000000010764328	grp-a001-02-000000069047580	견과류	nad-a001-02-000000541753959	bsn-a001-00-000000013604308	21	02	33421	M	2	0	0	6	0
20260901	4291318	cmp-a001-02-000000010764328	grp-a001-02-000000069047580	데일리견과	nad-a001-02-000000541753959	bsn-a001-00-000000013604308	21	02	341893	M	2	0	0	2	0
20260901	4291318	cmp-a001-02-000000010764328	grp-a001-02-000000069047580	견과류	nad-a001-02-000000541753959	bsn-a001-00-000000013604308	21	15	633013	M	1	0	0	1	0
20260901	4291318	cmp-a001-02-000000010764328	grp-a001-02-000000069047580	하루견과	nad-a001-02-000000541753999	bsn-a001-00-000000013604308	21	10	8753	M	2	0	0	3	0
20260901	4291318	cmp-a001-02-000000010764328	grp-a001-02-000000069047580	갓	nad-a001-02-000000541753960	bsn-a001-00-000000013604308	21	06	8753	M	2	0	0	6	0
20260901	4291318	cmp-a001-02-000000010764328	grp-a001-02-000000069047580	견과류	nad-a001-02-000000541753999	bsn-a001-00-000000013604308	21	14	8753	M	1	0	0	3	0
20260901	4291318	cmp-a001-02-000000010764328	grp-a001-02-000000069047580	PROTEINBAR	nad-a001-02-000000553654554	bsn-a001-00-000000013604308	21	00	8753	M	1	0	0	2	0
20260901	4291318	cmp-a001-02-000000010764328	grp-a001-02-000000069047580	단백질쉐이크	nad-a001-02-000000553654562	bsn-a001-00-000000013604308	21	15	529514	M	9	0	0	14	0
20260901	4291318	cmp-a001-02-000000010764328	grp-a001-02-000000069047580	젤리	nad-a001-02-000000541753985	bsn-a001-00-000000013604308	21	09	768323	M	2	0	0	2	0
20260901	4291318	cmp-a001-02-000000010764328	grp-a001-02-000000069047580	베스트넛츠프리미엄	nad-a001-02-000000541753959	bsn-a001-00-000000013604308	21	02	341893	M	5	0	0	5	0
20260901	4291318	cmp-a001-02-000000010764328	grp-a001-02-000000069047580	사랑	nad-a001-02-000000553654559	bsn-a001-00-000000013604308	21	07	98128	M	1	0	0	6	0
20260901	4291318	cmp-a001-02-000000010764328	grp-a001-02-000000069047580	견과류	nad-a001-02-000000541753959	bsn-a001-00-000000013604308	21	04	33421	M	1	0	0	3	0
20260901	4291318	cmp-a001-02-000000010764328	grp-a001-02-000000069047580	견과	nad-a001-02-000000541753999	bsn-a001-00-000000013604308	21	09	633013	M	1	0	0	3	0
20260901	4291318	cmp-a001-02-000000010764328	grp-a001-02-000000069047580	황성주생식	nad-a001-02-000000541754005	bsn-a001-00-000000013604308	21	09	8753	M	3	0	0	12	0
20260901	4291318	cmp-a001-02-000000010764328	grp-a001-02-000000069047580	단백질바	nad-a001-02-000000553654554	bsn-a001-00-000000013604308	21	09	33421	M	1	0	0	1	0
20260901	4291318	cmp-a001-02-000000010764328	grp-a001-02-000000069047580	에너지바	nad-a001-02-000000553654559	bsn-a001-00-000000013604308	21	08	684926	M	2	0	0	12	0
20260901	4291318	cmp-a001-02-000000010764328	grp-a001-02-000000069047580	단백질파우더추천	nad-a001-02-000000553654562	bsn-a001-00-000000013604308	21	02	8753	M	1	0	0	4	0
20260901	4291318	cmp-a001-02-000000010764328	grp-a001-02-000000069047580	견과류	nad-a001-02-000000541753960	bsn-a001-00-000000013604308	21	11	529514	M	9	0	0	27	0
20260901	4291318	cmp-a001-02-000000010764328	grp-a001-02-000000069047580	견과세트	nad-a001-02-000000541753959	bsn-a001-00-000000013604308	21	08	768323	M	4	0	0	4	0
20260901	4291318	cmp-a001-02-000000010764328	grp-a001-02-000000069047580	단백질쉐이크	nad-a001-02-000000553654562	bsn-a001-00-000000013604308	21	18	529514	M	12	0	0	22	0
20260901	4291318	cmp-a001-02-000000010764328	grp-a001-02-000000069047580	젤리	nad-a001-02-000000541753985	bsn-a001-00-000000013604308	21	06	684925	P	1	0	0	1	0
20260901	4291318	cmp-a001-02-000000010764328	grp-a001-02-000000069047580	베스트넛츠	nad-a001-02-000000541753959	bsn-a001-00-000000013604308	21	15	341893	M	1	0	0	1	0
20260901	4291318	cmp-a001-02-000000010764328	grp-a001-02-000000069047580	황성주생식라이프밀	nad-a001-02-000000541753996	bsn-a001-00-000000013604308	21	10	8753	M	2	0	0	6	0
20260901	4291318	cmp-a001-02-000000010764328	grp-a001-02-000000069047580	젤리	nad-a001-02-000000541753985	bsn-a001-00-000000013604308	21	02	8753	M	5	0	0	10	0
20260901	4291318	cmp-a001-02-000000010764328	grp-a001-02-000000069047580	견과류	nad-a001-02-000000541753960	bsn-a001-00-000000013604308	21	09	8753	M	9	0	0	37	0
20260901	4291318	cmp-a001-02-000000010764328	grp-a001-02-000000069047580	견과류	nad-a001-02-000000541753959	bsn-a001-00-000000013604308	21	13	8753	M	1	0	0	3	0
20260901	4291318	cmp-a001-02-000000010764328	grp-a001-02-000000069047580	베스트넛츠	nad-a001-02-000000541753959	bsn-a001-00-000000013604308	21	18	341893	M	1	0	0	1	0
20260901	4291318	cmp-a001-02-000000010764328	grp-a001-02-000000069047580	견과류	nad-a001-02-000000541753999	bsn-a001-00-000000013604308	21	14	529514	M	4	0	0	4	0
20260901	4291318	cmp-a001-02-000000010764328	grp-a001-02-000000069047580	하루	nad-a001-02-000000541753959	bsn-a001-00-000000013604308	21	13	98128	M	1	0	0	3	0
20260901	4291318	cmp-a001-02-000000010764328	grp-a001-02-000000069047580	에너지바	nad-a001-02-000000553654554	bsn-a001-00-000000013604308	21	17	791888	M	1	0	0	1	0
20260901	4291318	cmp-a001-02-000000010764328	grp-a001-02-000000069047580	견과류	nad-a001-02-000000541753959	bsn-a001-00-000000013604308	21	16	87620	M	1	0	0	2	0
20260901	4291318	cmp-a001-02-000000010764328	grp-a001-02-000000069047580	하루	nad-a001-02-000000553654562	bsn-a001-00-000000013604308	21	09	529514	M	1	0	0	5	0
20260901	4291318	cmp-a001-02-000000010764328	grp-a001-02-000000069047580	황성주박사의생식라이프밀	nad-a001-02-000000541754004	bsn-a001-00-000000013604308	21	08	8753	M	2	0	0	4	0
20260901	4291318	cmp-a001-02-000000010764328	grp-a001-02-000000069047580	견과류	nad-a001-02-000000541753960	bsn-a001-00-000000013604308	21	02	341898	M	1	0	0	1	0
20260901	4291318	cmp-a001-02-000000010764328	grp-a001-02-000000069047580	하루견과	nad-a001-02-000000541753960	bsn-a001-00-000000013604308	21	08	8753	M	2	0	0	8	0
20260901	4291318	cmp-a001-02-000000010764328	grp-a001-02-000000069047580	에너지바	nad-a001-02-000000553654554	bsn-a001-00-000000013604308	21	03	8753	M	1	0	0	3	0
20260901	4291318	cmp-a001-02-000000010764328	grp-a001-02-000000069047580	에너지바	nad-a001-02-000000553654554	bsn-a001-00-000000013604308	21	99	8753	M	1	0	0	3	0
20260901	4291318	cmp-a001-02-000000010764328	grp-a001-02-000000069047580	황성주생식	nad-a001-02-000000541753996	bsn-a001-00-000000013604308	21	09	8753	M	3	0	0	9	0
20260901	4291318	cmp-a001-02-000000010764328	grp-a001-02-000000069047580	견과류	nad-a001-02-000000541753959	bsn-a001-00-000000013604308	21	18	633013	M	4	0	0	4	0
20260901	4291318	cmp-a001-02-000000010764328	grp-a001-02-000000069047580	균형영양식	nad-a001-02-000000541753965	bsn-a001-00-000000013604308	21	03	529514	M	2	0	0	5	0
20260901	4291318	cmp-a001-02-000000010764328	grp-a001-02-000000069047580	하루	nad-a001-02-000000541753960	bsn-a001-00-000000013604308	21	13	98128	M	1	0	0	4	0
20260901	4291318	cmp-a001-02-000000010764328	grp-a001-02-000000069047580	프로틴바	nad-a001-02-000000553654559	bsn-a001-00-000000013604308	21	16	98128	M	1	0	0	3	0
20260901	4291318	cmp-a001-02-000000010764328	grp-a001-02-000000069047580	견과류	nad-a001-02-000000541753999	bsn-a001-00-000000013604308	21	16	529514	M	2	0	0	2	0
20260901	4291318	cmp-a001-02-000000010764328	grp-a001-02-000000069047580	견과	nad-a001-02-000000541753960	bsn-a001-00-000000013604308	21	02	341898	M	2	0	0	2	0
20260901	4291318	cmp-a001-02-000000010764328	grp-a001-02-000000069047580	에너지바	nad-a001-02-000000553654558	bsn-a001-00-000000013604308	21	02	23123	P	1	0	0	2	0
20260901	4291318	cmp-a001-02-000000010764328	grp-a001-02-000000069047580	사랑은	nad-a001-02-000000553654559	bsn-a001-00-000000013604308	21	06	98128	M	1	0	0	6	0
20260901	4291318	cmp-a001-02-000000010764328	grp-a001-02-000000069047580	갓	nad-a001-02-000000541753999	bsn-a001-00-000000013604308	21	09	8753	M	1	0	0	3	0
20260901	4291318	cmp-a001-02-000000010764328	grp-a001-02-000000069047580	견과추천	nad-a001-02-000000541753959	bsn-a001-00-000000013604308	21	03	8753	M	1	0	0	3	0
20260901	4291318	cmp-a001-02-000000010764328	grp-a001-02-000000069047580	견과류	nad-a001-02-000000541753999	bsn-a001-00-000000013604308	21	04	529514	M	9	0	0	9	0
20260901	4291318	cmp-a001-02-000000010764328	grp-a001-02-000000069047580	황성주생식	nad-a001-02-000000541754004	bsn-a001-00-000000013604308	21	02	684924	M	1	0	0	1	0
20260901	4291318	cmp-a001-02-000000010764328	grp-a001-02-000000069047580	견과세트	nad-a001-02-000000541753999	bsn-a001-00-000000013604308	21	03	768323	M	2	0	0	4	0
20260901	4291318	cmp-a001-02-000000010764328	grp-a001-02-000000069047580	견과류	nad-a001-02-000000541753960	bsn-a001-00-000000013604308	21	16	8753	M	2	0	0	8	0
20260901	4291318	cmp-a001-02-000000010764328	grp-a001-02-000000069047580	견과류	nad-a001-02-000000541753959	bsn-a001-00-000000013604308	21	08	633013	M	1	0	0	1	0
20260901	4291318	cmp-a001-02-000000010764328	grp-a001-02-000000069047580	견과류	nad-a001-02-000000541753959	bsn-a001-00-000000013604308	21	06	529514	M	10	0	0	20	0
20260901	4291318	cmp-a001-02-000000010764328	grp-a001-02-000000069047580	하루견과	nad-a001-02-000000541753960	bsn-a001-00-000000013604308	21	06	8753	M	1	0	0	4	0
20260901	4291318	cmp-a001-02-000000010764328	grp-a001-02-000000069047580	가루	nad-a001-02-000000541754004	bsn-a001-00-000000013604308	21	02	137281	M	1	0	0	2	0
20260901	4291318	cmp-a001-02-000000010764328	grp-a001-02-000000069047580	젤리	nad-a001-02-000000541753985	bsn-a001-00-000000013604308	21	13	8753	M	1	0	0	2	0
20260901	4291318	cmp-a001-02-000000010764328	grp-a001-02-000000069047580	베스트넛츠프리미엄	nad-a001-02-000000541753960	bsn-a001-00-000000013604308	21	09	341893	M	1	0	0	1	0
