20260903	4291318	cmp-a001-02-000000010764328	grp-a001-02-000000069047580	프로틴	nad-a001-02-000000553654562	bsn-a001-00-000000013604308	00	08	768323	M	3	0	0	4	0
20260903	4291318	cmp-a001-02-000000010764328	grp-a001-02-000000069047580	사랑	nad-a001-02-000000553654558	bsn-a001-00-000000013604308	00	09	529514	M	3	0	0	5	0
20260903	4291318	cmp-a001-02-000000010764328	grp-a001-02-000000069047580	견과류	nad-a001-02-000000541753960	bsn-a001-00-000000013604308	00	04	8753	M	1	0	0	3	0
20260903	4291318	cmp-a001-02-000000010764328	grp-a001-02-000000069047580	견과류	nad-a001-02-000000541753960	bsn-a001-00-000000013604308	00	99	8753	M	2	0	0	4	0
20260903	4291318	cmp-a001-02-000000010764328	grp-a001-02-000000069047580	에너지바	nad-a001-02-000000553654559	bsn-a001-00-000000013604308	00	03	529514	M	2	0	0	6	0
20260903	4291318	cmp-a001-02-000000010764328	grp-a001-02-000000069047580	단백질간식	nad-a001-02-000000553654559	bsn-a001-00-000000013604308	00	15	11068	P	1	0	0	8	0
20260903	4291318	cmp-a001-02-000000010764328	grp-a001-02-000000069047580	단백질쉐이크	nad-a001-02-000000553654562	bsn-a001-00-000000013604308	00	09	341893	M	1	0	0	9	0
20260903	4291318	cmp-a001-02-000000010764328	grp-a001-02-000000069047580	에너지바	nad-a001-02-000000553654558	bsn-a001-00-000000013604308	00	02	8753	M	1	0	0	5	0
20260903	4291318	cmp-a001-02-000000010764328	grp-a001-02-000000069047580	젤리	nad-a001-02-000000541753985	bsn-a001-00-000000013604308	00	09	684924	M	1	0	0	1	0
20260903	4291318	cmp-a001-02-000000010764328	grp-a001-02-000000069047580	하루견과	nad-a001-02-000000541753959	bsn-a001-00-000000013604308	00	08	341893	M	1	0	0	1	0
20260903	4291318	cmp-a001-02-000000010764328	grp-a001-02-000000069047580	사랑이	nad-a001-02-000000553654559	bsn-a001-00-000000013604308	00	99	529514	M	2	0	0	12	0
20260903	4291318	cmp-a001-02-000000010764328	grp-a001-02-000000069047580	사랑	nad-a001-02-000000553654554	bsn-a001-00-000000013604308	00	09	529514	M	3	0	0	6	0
20260903	4291318	cmp-a001-02-000000010764328	grp-a001-02-000000069047580	하루견과	nad-a001-02-000000541753959	bsn-a001-00-000000013604308	00	99	684924	M	1	0	0	1	0
20260903	4291318	cmp-a001-02-000000010764328	grp-a001-02-000000069047580	갓	nad-a001-02-000000541753959	bsn-a001-00-000000013604308	00	16	8753	M	1	0	0	3	0
20260903	4291318	cmp-a001-02-000000010764328	grp-a001-02-000000069047580	가루	nad-a001-02-000000541754005	bsn-a001-00-000000013604308	00	04	11068	P	1	0	0	2	0
20260903	4291318	cmp-a001-02-000000010764328	grp-a001-02-000000069047580	견과류	nad-a001-02-000000541753960	bsn-a001-00-000000013604308	00	03	529514	M	8	0	0	24	0
20260903	4291318	cmp-a001-02-000000010764328	grp-a001-02-000000069047580	견과류	nad-a001-02-000000541753959	bsn-a001-00-000000013604308	00	06	529514	M	3	0	0	6	0
20260903	4291318	cmp-a001-02-000000010764328	grp-a001-02-000000069047580	견과세트	nad-a001-02-000000541753960	bsn-a001-00-000000013604308	00	02	768323	M	3	0	0	11	0
20260903	4291318	cmp-a001-02-000000010764328	grp-a001-02-000000069047580	하루건강견과	nad-a001-02-000000541753960	bsn-a001-00-000000013604308	00	09	341898	M	1	0	0	1	0
20260903	4291318	cmp-a001-02-000000010764328	grp-a001-02-000000069047580	견과류	nad-a001-02-000000541753959	bsn-a001-00-000000013604308	00	01	529514	M	6	0	0	12	0
20260903	4291318	cmp-a001-02-000000010764328	grp-a001-02-000000069047580	견과류	nad-a001-02-000000541753999	bsn-a001-00-000000013604308	00	99	8753	M	2	0	0	2	0
20260903	4291318	cmp-a001-02-000000010764328	grp-a001-02-000000069047580	하루견과	nad-a001-02-000000541753960	bsn-a001-00-000000013604308	00	99	8753	M	1	0	0	2	0
20260903	4291318	cmp-a001-02-000000010764328	grp-a001-02-000000069047580	견과류	nad-a001-02-000000541753959	bsn-a001-00-000000013604308	00	02	684926	M	3	0	0	8	0
20260903	4291318	cmp-a001-02-000000010764328	grp-a001-02-000000069047580	분말가루	nad-a001-02-000000541753996	bsn-a001-00-000000013604308	00	10	11068	P	1	0	0	4	0
20260903	4291318	cmp-a001-02-000000010764328	grp-a001-02-000000069047580	하루견과	nad-a001-02-000000541753959	bsn-a001-00-000000013604308	00	06	684926	M	1	0	0	3	0
20260903	4291318	cmp-a001-02-000000010764328	grp-a001-02-000000069047580	아침선식	nad-a001-02-000000541753997	bsn-a001-00-000000013604308	00	14	341898	M	1	0	0	1	0
20260903	4291318	cmp-a001-02-000000010764328	grp-a001-02-000000069047580	하루견과	nad-a001-02-000000541753959	bsn-a001-00-000000013604308	00	08	8753	M	2	0	0	8	0
20260903	4291318	cmp-a001-02-000000010764328	grp-a001-02-000000069047580	단백질	nad-a001-02-000000553654562	bsn-a001-00-000000013604308	00	09	529514	M	23	0	0	36	0
20260903	4291318	cmp-a001-02-000000010764328	grp-a001-02-000000069047580	프로틴	nad-a001-02-000000553654562	bsn-a001-00-000000013604308	00	09	98128	M	2	0	0	2	0
20260903	4291318	cmp-a001-02-000000010764328	grp-a001-02-000000072573876	추석선물세트추천	nad-a001-02-000000573683835	bsn-a001-00-000000013604308	00	02	8753	M	1	0	0	2	0
20260903	4291318	cmp-a001-02-000000010764328	grp-a001-02-000000069047580	식물성단백질	nad-a001-02-000000553654562	bsn-a001-00-000000013604308	00	03	529514	M	2	0	0	2	0
20260903	4291318	cmp-a001-02-000000010764328	grp-a001-02-000000069047580	하루	nad-a001-02-000000541753960	bsn-a001-00-000000013604308	00	09	612594	M	2	0	0	6	0
20260903	4291318	cmp-a001-02-000000010764328	grp-a001-02-000000069047580	사랑이	nad-a001-02-000000553654559	bsn-a001-00-000000013604308	00	02	529514	M	4	0	0	24	0
20260903	4291318	cmp-a001-02-000000010764328	grp-a001-02-000000069047580	견과류	nad-a001-02-000000541753999	bsn-a001-00-000000013604308	00	16	529514	M	3	0	0	3	0
20260903	4291318	cmp-a001-02-000000010764328	grp-a001-02-000000069047580	단백질쉐이크	nad-a001-02-000000553654562	bsn-a001-00-000000013604308	00	18	529514	M	16	0	0	16	0
20260903	4291318	cmp-a001-02-000000010764328	grp-a001-02-000000069047580	하루견과	nad-a001-02-000000541753999	bsn-a001-00-000000013604308	00	04	529514	M	2	0	0	2	0
20260903	4291318	cmp-a001-02-000000010764328	grp-a001-02-000000069047580	단백질바	nad-a001-02-000000553654554	bsn-a001-00-000000013604308	00	00	8753	M	1	0	0	2	0
20260903	4291318	cmp-a001-02-000000010764328	grp-a001-02-000000069047580	에너지바	nad-a001-02-000000553654558	bsn-a001-00-000000013604308	00	03	529514	M	2	0	0	4	0
20260903	4291318	cmp-a001-02-000000010764328	grp-a001-02-000000069047580	단백질쉐이크	nad-a001-02-000000553654562	bsn-a001-00-000000013604308	00	99	529514	M	2	0	0	2	0
20260903	4291318	cmp-a001-02-000000010764328	grp-a001-02-000000069047580	젤리	nad-a001-02-000000541753985	bsn-a001-00-000000013604308	00	09	529514	M	11	0	0	11	0
20260903	4291318	cmp-a001-02-000000010764328	grp-a001-02-000000069047580	프로틴	nad-a001-02-000000553654562	bsn-a001-00-000000013604308	00	15	529514	M	2	0	0	2	0
20260903	4291318	cmp-a001-02-000000010764328	grp-a001-02-000000069047580	프로틴	nad-a001-02-000000553654562	bsn-a001-00-000000013604308	00	02	529514	M	54	0	0	54	0
20260903	4291318	cmp-a001-02-000000010764328	grp-a001-02-000000072573876	추석선물세트	nad-a001-02-000000573683835	bsn-a001-00-000000013604308	00	02	8753	M	1	0	0	2	0
20260903	4291318	cmp-a001-02-000000010764328	grp-a001-02-000000069047580	견과류	nad-a001-02-000000541753960	bsn-a001-00-000000013604308	00	14	529514	M	5	0	0	15	0
20260903	4291318	cmp-a001-02-000000010764328	grp-a001-02-000000069047580	쉐이크	nad-a001-02-000000553654562	bsn-a001-00-000000013604308	00	09	98128	M	2	0	0	2	0
20260903	4291318	cmp-a001-02-000000010764328	grp-a001-02-000000069047580	견과류	nad-a001-02-000000541753959	bsn-a001-00-000000013604308	00	03	8753	M	3	0	0	11	0
20260903	4291318	cmp-a001-02-000000010764328	grp-a001-02-000000069047580	사랑	nad-a001-02-000000553654559	bsn-a001-00-000000013604308	00	09	98128	M	4	0	0	20	0
20260903	4291318	cmp-a001-02-000000010764328	grp-a001-02-000000069047580	사탕젤리	nad-a001-02-000000541753985	bsn-a001-00-000000013604308	00	11	87620	M	1	0	0	1	0
20260903	4291318	cmp-a001-02-000000010764328	grp-a001-02-000000069047580	분말	nad-a001-02-000000541753996	bsn-a001-00-000000013604308	00	02	11068	P	1	0	0	4	0
20260903	4291318	cmp-a001-02-000000010764328	grp-a001-02-000000069047580	분말가루	nad-a001-02-000000541754004	bsn-a001-00-000000013604308	00	10	11068	P	1	0	0	2	0
20260903	4291318	cmp-a001-02-000000010764328	grp-a001-02-000000069047580	견과류	nad-a001-02-000000541753959	bsn-a001-00-000000013604308	00	09	27758	P	1	0	0	3	0
20260903	4291318	cmp-a001-02-000000010764328	grp-a001-02-000000069047580	견과류	nad-a001-02-000000541753959	bsn-a001-00-000000013604308	00	04	8753	M	1	0	0	4	0
20260903	4291318	cmp-a001-02-000000010764328	grp-a001-02-000000072573876	명절선물	nad-a001-02-000000573683834	bsn-a001-00-000000013604308	00	02	529514	M	1	0	0	14	0
20260903	4291318	cmp-a001-02-000000010764328	grp-a001-02-000000069047580	단백질쉐이크	nad-a001-02-000000553654562	bsn-a001-00-000000013604308	00	09	8753	M	2	0	0	17	0
20260903	4291318	cmp-a001-02-000000010764328	grp-a001-02-000000069047580	단백질바	nad-a001-02-000000553654554	bsn-a001-00-000000013604308	00	18	8753	M	1	0	0	2	0
20260903	4291318	cmp-a001-02-000000010764328	grp-a001-02-000000069047580	하루견과	nad-a001-02-000000541753959	bsn-a001-00-000000013604308	00	04	8753	M	1	0	0	4	0
20260903	4291318	cmp-a001-02-000000010764328	grp-a001-02-000000069047580	하루견과	nad-a001-02-000000541753999	bsn-a001-00-000000013604308	00	08	8753	M	2	0	0	2	0
20260903	4291318	cmp-a001-02-000000010764328	grp-a001-02-000000069047580	하루	nad-a001-02-000000541753959	bsn-a001-00-000000013604308	00	15	137281	M	1	0	0	1	0
20260903	4291318	cmp-a001-02-000000010764328	grp-a001-02-000000069047580	스토어	nad-a001-02-000000541753997	bsn-a001-00-000000013604308	00	04	98128	M	4	0	0	4	0
20260903	4291318	cmp-a001-02-000000010764328	grp-a001-02-000000072573876	추석선물	nad-a001-02-000000573683835	bsn-a001-00-000000013604308	00	06	33421	M	1	0	0	6	0
20260903	4291318	cmp-a001-02-000000010764328	grp-a001-02-000000069047580	견과	nad-a001-02-000000541753959	bsn-a001-00-000000013604308	00	03	684926	M	1	0	0	3	0
20260903	4291318	cmp-a001-02-000000010764328	grp-a001-02-000000069047580	프로틴	nad-a001-02-000000553654562	bsn-a001-00-000000013604308	00	18	768323	M	4	0	0	7	0
20260903	4291318	cmp-a001-02-000000010764328	grp-a001-02-000000069047580	스토어	nad-a001-02-000000541753996	bsn-a001-00-000000013604308	00	04	98128	M	2	0	0	4	0
20260903	4291318	cmp-a001-02-000000010764328	grp-a001-02-000000069047580	견과류	nad-a001-02-000000541753999	bsn-a001-00-000000013604308	00	02	8753	M	1	0	0	1	0
20260903	4291318	cmp-a001-02-000000010764328	grp-a001-02-000000069047580	사랑	nad-a001-02-000000553654554	bsn-a001-00-000000013604308	00	02	98128	M	1	0	0	2	0
20260903	4291318	cmp-a001-02-000000010764328	grp-a001-02-000000069047580	하루견과	nad-a001-02-000000541753959	bsn-a001-00-000000013604308	00	16	8753	M	2	0	0	6	0
20260903	4291318	cmp-a001-02-000000010764328	grp-a001-02-000000069047580	사랑하라	nad-a001-02-000000553654559	bsn-a001-00-000000013604308	00	99	98128	M	1	0	0	5	0
20260903	4291318	cmp-a001-02-000000010764328	grp-a001-02-000000069047580	프로틴바	nad-a001-02-000000553654554	bsn-a001-00-000000013604308	00	09	768323	M	4	0	0	4	0
20260903	4291318	cmp-a001-02-000000010764328	grp-a001-02-000000069047580	프로틴	nad-a001-02-000000553654562	bsn-a001-00-000000013604308	00	03	529514	M	19	0	0	19	0
20260903	4291318	cmp-a001-02-000000010764328	grp-a001-02-000000072573876	추석선물세트추천	nad-a001-02-000000573683835	bsn-a001-00-000000013604308	00	02	684924	M	1	0	0	1	0
20260903	4291318	cmp-a001-02-000000010764328	grp-a001-02-000000072573876	명절선물	nad-a001-02-000000573683835	bsn-a001-00-000000013604308	00	10	529514	M	1	0	0	14	0
20260903	4291318	cmp-a001-02-000000010764328	grp-a001-02-000000069047580	프로틴	nad-a001-02-000000553654562	bsn-a001-00-000000013604308	00	09	8753	M	1	0	0	5	0
20260903	4291318	cmp-a001-02-000000010764328	grp-a001-02-000000069047580	프로틴	nad-a001-02-000000553654562	bsn-a001-00-000000013604308	00	11	684924	M	1	0	0	1	0
20260903	4291318	cmp-a001-02-000000010764328	grp-a001-02-000000069047580	스토어	nad-a001-02-000000541754004	bsn-a001-00-000000013604308	00	03	98128	M	4	0	0	13	0
20260903	4291318	cmp-a001-02-000000010764328	grp-a001-02-000000069047580	프로틴	nad-a001-02-000000553654562	bsn-a001-00-000000013604308	00	06	768323	M	3	0	0	5	0
20260903	4291318	cmp-a001-02-000000010764328	grp-a001-02-000000069047580	스토어	nad-a001-02-000000541753996	bsn-a001-00-000000013604308	00	02	98128	M	10	0	0	20	0
20260903	4291318	cmp-a001-02-000000010764328	grp-a001-02-000000069047580	사랑하라	nad-a001-02-000000553654558	bsn-a001-00-000000013604308	00	99	98128	M	1	0	0	4	0
20260903	4291318	cmp-a001-02-000000010764328	grp-a001-02-000000069047580	황성주생식	nad-a001-02-000000541753996	bsn-a001-00-000000013604308	00	09	8753	M	3	0	0	9	0
20260903	4291318	cmp-a001-02-000000010764328	grp-a001-02-000000069047580	견과세트	nad-a001-02-000000541753960	bsn-a001-00-000000013604308	00	15	768323	M	3	0	0	10	0
20260903	4291318	cmp-a001-02-000000010764328	grp-a001-02-000000069047580	단백질바	nad-a001-02-000000553654558	bsn-a001-00-000000013604308	00	10	529514	M	13	0	0	21	0
20260903	4291318	cmp-a001-02-000000010764328	grp-a001-02-000000069047580	견과세트	nad-a001-02-000000541753959	bsn-a001-00-000000013604308	00	02	768323	M	3	0	0	3	0
20260903	4291318	cmp-a001-02-000000010764328	grp-a001-02-000000069047580	다이어트쉐이크	nad-a001-02-000000553654562	bsn-a001-00-000000013604308	00	11	529514	M	2	0	0	2	0
20260903	4291318	cmp-a001-02-000000010764328	grp-a001-02-000000072573876	추석선물세트	nad-a001-02-000000573683835	bsn-a001-00-000000013604308	00	08	529514	M	3	0	0	78	0
20260903	4291318	cmp-a001-02-000000010764328	grp-a001-02-000000069047580	견과류추천	nad-a001-02-000000541753960	bsn-a001-00-000000013604308	00	02	8753	M	1	0	0	4	0
20260903	4291318	cmp-a001-02-000000010764328	grp-a001-02-000000072573876	추석선물	nad-a001-02-000000573683834	bsn-a001-00-000000013604308	00	02	529514	M	1	0	0	17	0
20260903	4291318	cmp-a001-02-000000010764328	grp-a001-02-000000069047580	젤리	nad-a001-02-000000541753985	bsn-a001-00-000000013604308	00	09	137281	M	3	0	0	3	0
20260903	4291318	cmp-a001-02-000000010764328	grp-a001-02-000000069047580	프로틴	nad-a001-02-000000553654562	bsn-a001-00-000000013604308	00	02	8753	M	1	0	0	5	0
20260903	4291318	cmp-a001-02-000000010764328	grp-a001-02-000000072573876	추석선물	nad-a001-02-000000573683835	bsn-a001-00-000000013604308	00	13	529514	M	3	0	0	63	0
20260903	4291318	cmp-a001-02-000000010764328	grp-a001-02-000000069047580	프로틴바	nad-a001-02-000000553654558	bsn-a001-00-000000013604308	00	15	98128	M	3	0	0	6	0
20260903	4291318	cmp-a001-02-000000010764328	grp-a001-02-000000069047580	황성주생식	nad-a001-02-000000541753997	bsn-a001-00-000000013604308	00	02	11068	P	3	0	0	3	0
20260903	4291318	cmp-a001-02-000000010764328	grp-a001-02-000000069047580	견과세트	nad-a001-02-000000541753960	bsn-a001-00-000000013604308	00	09	768323	M	5	0	0	17	0
20260903	4291318	cmp-a001-02-000000010764328	grp-a001-02-000000069047580	단백질	nad-a001-02-000000553654562	bsn-a001-00-000000013604308	00	16	8753	M	1	0	0	4	0
20260903	4291318	cmp-a001-02-000000010764328	grp-a001-02-000000069047580	견과류	nad-a001-02-000000541753999	bsn-a001-00-000000013604308	00	08	8753	M	2	0	0	4	0
20260903	4291318	cmp-a001-02-000000010764328	grp-a001-02-000000069047580	스토어	nad-a001-02-000000541754004	bsn-a001-00-000000013604308	00	04	98128	M	2	0	0	6	0
20260903	4291318	cmp-a001-02-000000010764328	grp-a001-02-000000069047580	견과류	nad-a001-02-000000541753959	bsn-a001-00-000000013604308	00	02	529514	M	32	0	0	66	0
20260903	4291318	cmp-a001-02-000000010764328	grp-a001-02-000000069047580	견과류	nad-a001-02-000000541753999	bsn-a001-00-000000013604308	00	10	529514	M	2	0	0	2	0
20260903	4291318	cmp-a001-02-000000010764328	grp-a001-02-000000072573876	추석선물세트	nad-a001-02-000000573683834	bsn-a001-00-000000013604308	00	07	684926	M	1	0	0	3	0
20260903	4291318	cmp-a001-02-000000010764328	grp-a001-02-000000069047580	하루	nad-a001-02-000000541753960	bsn-a001-00-000000013604308	00	02	612594	M	2	0	0	6	0
20260903	4291318	cmp-a001-02-000000010764328	grp-a001-02-000000069047580	하루만	nad-a001-02-000000541753960	bsn-a001-00-000000013604308	00	08	529514	M	2	0	0	6	0
20260903	4291318	cmp-a001-02-000000010764328	grp-a001-02-000000069047580	다이어트쉐이크	nad-a001-02-000000553654562	bsn-a001-00-000000013604308	00	09	529514	M	2	0	0	2	0
20260903	4291318	cmp-a001-02-000000010764328	grp-a001-02-000000069047580	단백질바	nad-a001-02-000000553654558	bsn-a001-00-000000013604308	00	18	8753	M	1	0	0	3	0
20260903	4291318	cmp-a001-02-000000010764328	grp-a001-02-000000069047580	보충제	nad-a001-02-000000553654562	bsn-a001-00-000000013604308	00	09	529514	M	6	0	0	6	0
20260903	4291318	cmp-a001-02-000000010764328	grp-a001-02-000000072573876	추석선물	nad-a001-02-000000573683834	bsn-a001-00-000000013604308	00	09	8753	M	1	0	0	5	0
20260903	4291318	cmp-a001-02-000000010764328	grp-a001-02-000000069047580	프로틴	nad-a001-02-000000553654562	bsn-a001-00-000000013604308	00	00	768323	M	1	0	0	1	0
20260903	4291318	cmp-a001-02-000000010764328	grp-a001-02-000000069047580	제리	nad-a001-02-000000541753985	bsn-a001-00-000000013604308	00	15	98128	M	2	0	0	2	0
20260903	4291318	cmp-a001-02-000000010764328	grp-a001-02-000000069047580	보충제	nad-a001-02-000000553654562	bsn-a001-00-000000013604308	00	03	8753	M	1	0	0	3	0
20260903	4291318	cmp-a001-02-000000010764328	grp-a001-02-000000069047580	프로틴	nad-a001-02-000000553654562	bsn-a001-00-000000013604308	00	03	291244	M	1	0	0	1	0
20260903	4291318	cmp-a001-02-000000010764328	grp-a001-02-000000069047580	견과세트	nad-a001-02-000000541753959	bsn-a001-00-000000013604308	00	06	768323	M	1	0	0	1	0
20260903	4291318	cmp-a001-02-000000010764328	grp-a001-02-000000069047580	프로틴	nad-a001-02-000000553654562	bsn-a001-00-000000013604308	00	04	768323	M	3	0	0	6	0
20260903	4291318	cmp-a001-02-000000010764328	grp-a001-02-000000069047580	하루견과	nad-a001-02-000000541753959	bsn-a001-00-000000013604308	00	02	87620	M	1	0	0	3	0
20260903	4291318	cmp-a001-02-000000010764328	grp-a001-02-000000069047580	프로틴바	nad-a001-02-000000553654558	bsn-a001-00-000000013604308	00	09	11068	P	1	0	0	5	0
20260903	4291318	cmp-a001-02-000000010764328	grp-a001-02-000000069047580	프로틴2개	nad-a001-02-000000553654562	bsn-a001-00-000000013604308	00	03	529514	M	5	0	0	10	0
20260903	4291318	cmp-a001-02-000000010764328	grp-a001-02-000000069047580	프로틴바	nad-a001-02-000000553654559	bsn-a001-00-000000013604308	00	09	768323	M	4	0	0	12	0
20260903	4291318	cmp-a001-02-000000010764328	grp-a001-02-000000069047580	하루	nad-a001-02-000000541753959	bsn-a001-00-000000013604308	00	09	612594	M	2	0	0	4	0
20260903	4291318	cmp-a001-02-000000010764328	grp-a001-02-000000069047580	동결건조분말	nad-a001-02-000000541753997	bsn-a001-00-000000013604308	00	01	11068	P	1	0	0	1	0
20260903	4291318	cmp-a001-02-000000010764328	grp-a001-02-000000069047580	단백질	nad-a001-02-000000553654562	bsn-a001-00-000000013604308	00	99	529514	M	18	0	0	29	0
20260903	4291318	cmp-a001-02-000000010764328	grp-a001-02-000000069047580	견과류	nad-a001-02-000000541753999	bsn-a001-00-000000013604308	00	09	27758	P	1	0	0	2	0
20260903	4291318	cmp-a001-02-000000010764328	grp-a001-02-000000069047580	견과류	nad-a001-02-000000541753999	bsn-a001-00-000000013604308	00	04	8753	M	1	0	0	2	0
20260903	4291318	cmp-a001-02-000000010764328	grp-a001-02-000000069047580	스토어	nad-a001-02-000000541754004	bsn-a001-00-000000013604308	00	11	98128	M	1	0	0	3	0
20260903	4291318	cmp-a001-02-000000010764328	grp-a001-02-000000069047580	견과류	nad-a001-02-000000541753960	bsn-a001-00-000000013604308	00	99	529514	M	22	0	0	66	0
20260903	4291318	cmp-a001-02-000000010764328	grp-a001-02-000000069047580	견과류	nad-a001-02-000000541753959	bsn-a001-00-000000013604308	00	08	8753	M	2	0	0	6	0
20260903	4291318	cmp-a001-02-000000010764328	grp-a001-02-000000069047580	프로틴쉐이크	nad-a001-02-000000553654562	bsn-a001-00-000000013604308	00	02	529514	M	2	0	0	3	0
20260903	4291318	cmp-a001-02-000000010764328	grp-a001-02-000000069047580	견과류	nad-a001-02-000000541753959	bsn-a001-00-000000013604308	00	03	684924	M	1	0	0	1	0
20260903	4291318	cmp-a001-02-000000010764328	grp-a001-02-000000072573876	추석선물세트	nad-a001-02-000000573683835	bsn-a001-00-000000013604308	00	13	529514	M	1	0	0	26	0
20260903	4291318	cmp-a001-02-000000010764328	grp-a001-02-000000069047580	갓	nad-a001-02-000000541753960	bsn-a001-00-000000013604308	00	16	8753	M	1	0	0	2	0
20260903	4291318	cmp-a001-02-000000010764328	grp-a001-02-000000069047580	사랑	nad-a001-02-000000553654558	bsn-a001-00-000000013604308	00	07	98128	M	1	0	0	4	0
20260903	4291318	cmp-a001-02-000000010764328	grp-a001-02-000000069047580	프로틴	nad-a001-02-000000553654562	bsn-a001-00-000000013604308	00	11	684927	P	2	0	0	2	0
20260903	4291318	cmp-a001-02-000000010764328	grp-a001-02-000000069047580	견과세트	nad-a001-02-000000541753999	bsn-a001-00-000000013604308	00	06	768323	M	1	0	0	2	0
20260903	4291318	cmp-a001-02-000000010764328	grp-a001-02-000000069047580	견과세트	nad-a001-02-000000541753960	bsn-a001-00-000000013604308	00	06	768323	M	1	0	0	4	0
20260903	4291318	cmp-a001-02-000000010764328	grp-a001-02-000000069047580	단백질간식	nad-a001-02-000000553654558	bsn-a001-00-000000013604308	00	15	11068	P	1	0	0	2	0
20260903	4291318	cmp-a001-02-000000010764328	grp-a001-02-000000069047580	단백질쉐이크	nad-a001-02-000000553654562	bsn-a001-00-000000013604308	00	13	98128	M	2	0	0	2	0
20260903	4291318	cmp-a001-02-000000010764328	grp-a001-02-000000069047580	하루견과	nad-a001-02-000000541753960	bsn-a001-00-000000013604308	00	09	8753	M	1	0	0	2	0
20260903	4291318	cmp-a001-02-000000010764328	grp-a001-02-000000069047580	프로틴바	nad-a001-02-000000553654558	bsn-a001-00-000000013604308	00	08	529514	M	2	0	0	4	0
20260903	4291318	cmp-a001-02-000000010764328	grp-a001-02-000000069047580	견과류	nad-a001-02-000000541753960	bsn-a001-00-000000013604308	00	06	8753	M	4	0	0	12	0
20260903	4291318	cmp-a001-02-000000010764328	grp-a001-02-000000069047580	스토어	nad-a001-02-000000541753996	bsn-a001-00-000000013604308	00	09	98128	M	4	0	0	8	0
20260903	4291318	cmp-a001-02-000000010764328	grp-a001-02-000000069047580	견과류추천	nad-a001-02-000000541753960	bsn-a001-00-000000013604308	00	07	8753	M	1	0	0	3	0
20260903	4291318	cmp-a001-02-000000010764328	grp-a001-02-000000069047580	단백질바	nad-a001-02-000000553654559	bsn-a001-00-000000013604308	00	10	529514	M	13	0	0	39	0
20260903	4291318	cmp-a001-02-000000010764328	grp-a001-02-000000069047580	단백질파우더	nad-a001-02-000000553654562	bsn-a001-00-000000013604308	00	02	8753	M	1	0	0	3	0
20260903	4291318	cmp-a001-02-000000010764328	grp-a001-02-000000069047580	프로틴	nad-a001-02-000000553654562	bsn-a001-00-000000013604308	00	18	98128	M	2	0	0	2	0
20260903	4291318	cmp-a001-02-000000010764328	grp-a001-02-000000069047580	황성주생식	nad-a001-02-000000541754005	bsn-a001-00-000000013604308	00	02	633013	M	1	0	0	4	0
20260903	4291318	cmp-a001-02-000000010764328	grp-a001-02-000000069047580	사랑하라	nad-a001-02-000000553654558	bsn-a001-00-000000013604308	00	09	98128	M	1	0	0	4	0
20260903	4291318	cmp-a001-02-000000010764328	grp-a001-02-000000069047580	SHAKE	nad-a001-02-000000553654562	bsn-a001-00-000000013604308	00	02	8753	M	1	0	0	1	0
20260903	4291318	cmp-a001-02-000000010764328	grp-a001-02-000000069047580	가루	nad-a001-02-000000541754004	bsn-a001-00-000000013604308	00	04	11068	P	1	0	0	4	0
20260903	4291318	cmp-a001-02-000000010764328	grp-a001-02-000000069047580	단백질쉐이크	nad-a001-02-000000553654562	bsn-a001-00-000000013604308	00	99	11068	P	1	0	0	12	0
20260903	4291318	cmp-a001-02-000000010764328	grp-a001-02-000000069047580	견과류포장방법	nad-a001-02-000000541753960	bsn-a001-00-000000013604308	00	17	8753	M	1	0	0	3	0
20260903	4291318	cmp-a001-02-000000010764328	grp-a001-02-000000069047580	하루견과	nad-a001-02-000000541753959	bsn-a001-00-000000013604308	00	09	684924	M	1	0	0	1	0
20260903	4291318	cmp-a001-02-000000010764328	grp-a001-02-000000069047580	견과류	nad-a001-02-000000541753959	bsn-a001-00-000000013604308	00	04	684924	M	1	0	0	1	0
20260903	4291318	cmp-a001-02-000000010764328	grp-a001-02-000000069047580	견과류세트	nad-a001-02-000000541753960	bsn-a001-00-000000013604308	00	04	684924	M	1	0	0	1	0
20260903	4291318	cmp-a001-02-000000010764328	grp-a001-02-000000069047580	스토어	nad-a001-02-000000541753997	bsn-a001-00-000000013604308	00	06	98128	M	4	0	0	4	0
20260903	4291318	cmp-a001-02-000000010764328	grp-a001-02-000000069047580	단백질바	nad-a001-02-000000553654558	bsn-a001-00-000000013604308	00	08	529514	M	8	0	0	8	0
20260903	4291318	cmp-a001-02-000000010764328	grp-a001-02-000000069047580	단백질	nad-a001-02-000000553654562	bsn-a001-00-000000013604308	00	02	529514	M	10	0	0	20	0
20260903	4291318	cmp-a001-02-000000010764328	grp-a001-02-000000069047580	프로틴파우더	nad-a001-02-000000553654562	bsn-a001-00-000000013604308	00	02	684924	M	1	0	0	1	0
20260903	4291318	cmp-a001-02-000000010764328	grp-a001-02-000000069047580	프로틴파우더	nad-a001-02-000000553654562	bsn-a001-00-000000013604308	00	02	8753	M	1	0	0	4	0
20260903	4291318	cmp-a001-02-000000010764328	grp-a001-02-000000072573876	추석선물세트	nad-a001-02-000000573683835	bsn-a001-00-000000013604308	00	09	529514	M	5	0	0	130	0
20260903	4291318	cmp-a001-02-000000010764328	grp-a001-02-000000072573876	명절선물	nad-a001-02-000000573683834	bsn-a001-00-000000013604308	00	10	529514	M	2	0	0	29	0
20260903	4291318	cmp-a001-02-000000010764328	grp-a001-02-000000069047580	믹스견과류	nad-a001-02-000000541753960	bsn-a001-00-000000013604308	00	03	341893	M	1	0	0	2	0
20260903	4291318	cmp-a001-02-000000010764328	grp-a001-02-000000069047580	스토어	nad-a001-02-000000541753996	bsn-a001-00-000000013604308	00	18	98128	M	3	0	0	6	0
20260903	4291318	cmp-a001-02-000000010764328	grp-a001-02-000000069047580	하루견과	nad-a001-02-000000541753959	bsn-a001-00-000000013604308	00	09	529514	M	4	0	0	8	0
20260903	4291318	cmp-a001-02-000000010764328	grp-a001-02-000000069047580	견과류	nad-a001-02-000000541753960	bsn-a001-00-000000013604308	00	01	529514	M	6	0	0	18	0
20260903	4291318	cmp-a001-02-000000010764328	grp-a001-02-000000069047580	프로틴	nad-a001-02-000000553654562	bsn-a001-00-000000013604308	00	03	768323	M	5	0	0	7	0
20260903	4291318	cmp-a001-02-000000010764328	grp-a001-02-000000069047580	노브렌드단백질바	nad-a001-02-000000553654554	bsn-a001-00-000000013604308	00	15	8753	M	1	0	0	3	0
20260903	4291318	cmp-a001-02-000000010764328	grp-a001-02-000000069047580	하루	nad-a001-02-000000541753959	bsn-a001-00-000000013604308	00	02	612594	M	2	0	0	4	0
20260903	4291318	cmp-a001-02-000000010764328	grp-a001-02-000000069047580	젤리추천	nad-a001-02-000000541753985	bsn-a001-00-000000013604308	00	02	8753	M	2	0	0	4	0
20260903	4291318	cmp-a001-02-000000010764328	grp-a001-02-000000069047580	황성주생식	nad-a001-02-000000541753997	bsn-a001-00-000000013604308	00	09	8753	M	3	0	0	3	0
20260903	4291318	cmp-a001-02-000000010764328	grp-a001-02-000000069047580	하루견과	nad-a001-02-000000541753960	bsn-a001-00-000000013604308	00	16	8753	M	2	0	0	2	0
20260903	4291318	cmp-a001-02-000000010764328	grp-a001-02-000000069047580	하루견과	nad-a001-02-000000541753999	bsn-a001-00-000000013604308	00	04	8753	M	1	0	0	1	0
20260903	4291318	cmp-a001-02-000000010764328	grp-a001-02-000000069047580	사랑이	nad-a001-02-000000553654554	bsn-a001-00-000000013604308	00	02	529514	M	4	0	0	4	0
20260903	4291318	cmp-a001-02-000000010764328	grp-a001-02-000000069047580	스토어	nad-a001-02-000000541753996	bsn-a001-00-000000013604308	00	03	98128	M	4	0	0	9	0
20260903	4291318	cmp-a001-02-000000010764328	grp-a001-02-000000069047580	하루견과	nad-a001-02-000000541753959	bsn-a001-00-000000013604308	00	09	684926	M	1	0	0	3	0
20260903	4291318	cmp-a001-02-000000010764328	grp-a001-02-000000072573876	민속촌추석선물	nad-a001-02-000000573683835	bsn-a001-00-000000013604308	00	18	8753	M	1	0	0	1	0
20260903	4291318	cmp-a001-02-000000010764328	grp-a001-02-000000072573876	추석선물세트	nad-a001-02-000000573683835	bsn-a001-00-000000013604308	00	07	684926	M	1	0	0	1	0
20260903	4291318	cmp-a001-02-000000010764328	grp-a001-02-000000069047580	프로틴바	nad-a001-02-000000553654558	bsn-a001-00-000000013604308	00	02	8753	M	2	0	0	10	0
20260903	4291318	cmp-a001-02-000000010764328	grp-a001-02-000000069047580	견과류	nad-a001-02-000000541753999	bsn-a001-00-000000013604308	00	15	8753	M	1	0	0	2	0
20260903	4291318	cmp-a001-02-000000010764328	grp-a001-02-000000069047580	프로틴바	nad-a001-02-000000553654554	bsn-a001-00-000000013604308	00	08	529514	M	2	0	0	2	0
20260903	4291318	cmp-a001-02-000000010764328	grp-a001-02-000000069047580	사랑이	nad-a001-02-000000553654558	bsn-a001-00-000000013604308	00	99	529514	M	2	0	0	4	0
20260903	4291318	cmp-a001-02-000000010764328	grp-a001-02-000000069047580	쉐이크	nad-a001-02-000000553654562	bsn-a001-00-000000013604308	00	15	529514	M	4	0	0	6	0
20260903	4291318	cmp-a001-02-000000010764328	grp-a001-02-000000069047580	견과류	nad-a001-02-000000541753960	bsn-a001-00-000000013604308	00	16	529514	M	3	0	0	9	0
20260903	4291318	cmp-a001-02-000000010764328	grp-a001-02-000000069047580	쉐이크	nad-a001-02-000000553654562	bsn-a001-00-000000013604308	00	02	529514	M	6	0	0	10	0
20260903	4291318	cmp-a001-02-000000010764328	grp-a001-02-000000069047580	하루	nad-a001-02-000000541753999	bsn-a001-00-000000013604308	00	08	98128	M	1	0	0	1	0
20260903	4291318	cmp-a001-02-000000010764328	grp-a001-02-000000069047580	젤리판매	nad-a001-02-000000541753985	bsn-a001-00-000000013604308	00	11	529514	M	7	0	0	7	0
20260903	4291318	cmp-a001-02-000000010764328	grp-a001-02-000000069047580	단백질보충제	nad-a001-02-000000553654562	bsn-a001-00-000000013604308	00	99	684926	M	1	0	0	18	0
20260903	4291318	cmp-a001-02-000000010764328	grp-a001-02-000000069047580	프로틴바	nad-a001-02-000000553654559	bsn-a001-00-000000013604308	00	06	529514	M	10	0	0	30	0
20260903	4291318	cmp-a001-02-000000010764328	grp-a001-02-000000069047580	견과류	nad-a001-02-000000541753960	bsn-a001-00-000000013604308	00	01	8753	M	1	0	0	3	0
20260903	4291318	cmp-a001-02-000000010764328	grp-a001-02-000000069047580	견과류	nad-a001-02-000000541753999	bsn-a001-00-000000013604308	00	18	529514	M	3	0	0	3	0
20260903	4291318	cmp-a001-02-000000010764328	grp-a001-02-000000072573876	추석선물세트	nad-a001-02-000000573683834	bsn-a001-00-000000013604308	00	11	529514	M	3	0	0	62	0
20260903	4291318	cmp-a001-02-000000010764328	grp-a001-02-000000069047580	단백질쉐이크	nad-a001-02-000000553654562	bsn-a001-00-000000013604308	00	11	8753	M	2	0	0	17	0
20260903	4291318	cmp-a001-02-000000010764328	grp-a001-02-000000069047580	가루	nad-a001-02-000000541753996	bsn-a001-00-000000013604308	00	04	11068	P	1	0	0	5	0
20260903	4291318	cmp-a001-02-000000010764328	grp-a001-02-000000069047580	견과류세트	nad-a001-02-000000541753999	bsn-a001-00-000000013604308	00	04	8753	M	1	0	0	1	0
20260903	4291318	cmp-a001-02-000000010764328	grp-a001-02-000000069047580	견과류	nad-a001-02-000000541753999	bsn-a001-00-000000013604308	00	09	529514	M	53	0	0	56	0
20260903	4291318	cmp-a001-02-000000010764328	grp-a001-02-000000069047580	사랑	nad-a001-02-000000553654558	bsn-a001-00-000000013604308	00	09	98128	M	4	0	0	16	0
20260903	4291318	cmp-a001-02-000000010764328	grp-a001-02-000000069047580	스토어	nad-a001-02-000000541753997	bsn-a001-00-000000013604308	00	03	98128	M	5	0	0	5	0
20260903	4291318	cmp-a001-02-000000010764328	grp-a001-02-000000069047580	견과세트	nad-a001-02-000000541753959	bsn-a001-00-000000013604308	00	09	768323	M	5	0	0	5	0
20260903	4291318	cmp-a001-02-000000010764328	grp-a001-02-000000069047580	단백질쉐이크	nad-a001-02-000000553654562	bsn-a001-00-000000013604308	00	02	8753	M	1	0	0	2	0
20260903	4291318	cmp-a001-02-000000010764328	grp-a001-02-000000069047580	스토어	nad-a001-02-000000541753997	bsn-a001-00-000000013604308	00	02	98128	M	19	0	0	19	0
20260903	4291318	cmp-a001-02-000000010764328	grp-a001-02-000000069047580	견과류	nad-a001-02-000000541753960	bsn-a001-00-000000013604308	00	11	529514	M	10	0	0	28	0
20260903	4291318	cmp-a001-02-000000010764328	grp-a001-02-000000069047580	젤리	nad-a001-02-000000541753985	bsn-a001-00-000000013604308	00	10	529514	M	6	0	0	6	0
20260903	4291318	cmp-a001-02-000000010764328	grp-a001-02-000000069047580	견과류	nad-a001-02-000000541753999	bsn-a001-00-000000013604308	00	15	529514	M	3	0	0	3	0
20260903	4291318	cmp-a001-02-000000010764328	grp-a001-02-000000069047580	사랑	nad-a001-02-000000553654559	bsn-a001-00-000000013604308	00	99	98128	M	10	0	0	50	0
20260903	4291318	cmp-a001-02-000000010764328	grp-a001-02-000000069047580	프로틴바	nad-a001-02-000000553654554	bsn-a001-00-000000013604308	00	09	11068	P	1	0	0	3	0
20260903	4291318	cmp-a001-02-000000010764328	grp-a001-02-000000069047580	견과류	nad-a001-02-000000541753959	bsn-a001-00-000000013604308	00	15	684924	M	1	0	0	1	0
20260903	4291318	cmp-a001-02-000000010764328	grp-a001-02-000000069047580	견과류포장방법	nad-a001-02-000000541753999	bsn-a001-00-000000013604308	00	17	8753	M	1	0	0	2	0
20260903	4291318	cmp-a001-02-000000010764328	grp-a001-02-000000069047580	견과류	nad-a001-02-000000541753959	bsn-a001-00-000000013604308	00	16	529514	M	3	0	0	6	0
20260903	4291318	cmp-a001-02-000000010764328	grp-a001-02-000000069047580	하루견과	nad-a001-02-000000541753959	bsn-a001-00-000000013604308	00	16	684924	M	2	0	0	2	0
20260903	4291318	cmp-a001-02-000000010764328	grp-a001-02-000000069047580	이저연건강가루	nad-a001-02-000000541753997	bsn-a001-00-000000013604308	00	15	8753	M	1	0	0	2	0
20260903	4291318	cmp-a001-02-000000010764328	grp-a001-02-000000069047580	견과류	nad-a001-02-000000541753999	bsn-a001-00-000000013604308	00	09	684925	P	1	0	0	1	0
20260903	4291318	cmp-a001-02-000000010764328	grp-a001-02-000000069047580	프로틴	nad-a001-02-000000553654562	bsn-a001-00-000000013604308	00	14	768323	M	2	0	0	3	0
20260903	4291318	cmp-a001-02-000000010764328	grp-a001-02-000000072573876	추석선물세트	nad-a001-02-000000573683834	bsn-a001-00-000000013604308	00	02	529514	M	1	0	0	21	0
20260903	4291318	cmp-a001-02-000000010764328	grp-a001-02-000000072573876	추석선물세트추천	nad-a001-02-000000573683834	bsn-a001-00-000000013604308	00	02	8753	M	1	0	0	3	0
20260903	4291318	cmp-a001-02-000000010764328	grp-a001-02-000000069047580	분말가루	nad-a001-02-000000541753997	bsn-a001-00-000000013604308	00	10	11068	P	1	0	0	1	0
20260903	4291318	cmp-a001-02-000000010764328	grp-a001-02-000000069047580	사랑	nad-a001-02-000000553654559	bsn-a001-00-000000013604308	00	07	98128	M	1	0	0	5	0
20260903	4291318	cmp-a001-02-000000010764328	grp-a001-02-000000069047580	황성주생식	nad-a001-02-000000541753988	bsn-a001-00-000000013604308	00	02	633013	M	1	0	0	5	0
20260903	4291318	cmp-a001-02-000000010764328	grp-a001-02-000000072573876	추석선물	nad-a001-02-000000573683835	bsn-a001-00-000000013604308	00	11	529514	M	1	0	0	21	0
20260903	4291318	cmp-a001-02-000000010764328	grp-a001-02-000000069047580	단백질쉐이크	nad-a001-02-000000553654562	bsn-a001-00-000000013604308	00	13	684926	M	1	0	0	19	0
20260903	4291318	cmp-a001-02-000000010764328	grp-a001-02-000000069047580	견과류	nad-a001-02-000000541753959	bsn-a001-00-000000013604308	00	01	8753	M	1	0	0	4	0
20260903	4291318	cmp-a001-02-000000010764328	grp-a001-02-000000069047580	견과류	nad-a001-02-000000541753959	bsn-a001-00-000000013604308	00	17	529514	M	2	0	0	4	0
20260903	4291318	cmp-a001-02-000000010764328	grp-a001-02-000000069047580	하이프로틴단백질바	nad-a001-02-000000553654554	bsn-a001-00-000000013604308	00	02	8753	M	2	0	0	4	0
20260903	4291318	cmp-a001-02-000000010764328	grp-a001-02-000000072573876	추석선물세트	nad-a001-02-000000573683835	bsn-a001-00-000000013604308	00	02	529514	M	19	0	0	480	0
20260903	4291318	cmp-a001-02-000000010764328	grp-a001-02-000000069047580	견과류	nad-a001-02-000000541753959	bsn-a001-00-000000013604308	00	11	529514	M	10	0	0	21	0
20260903	4291318	cmp-a001-02-000000010764328	grp-a001-02-000000069047580	견과류	nad-a001-02-000000541753999	bsn-a001-00-000000013604308	00	07	529514	M	1	0	0	1	0
20260903	4291318	cmp-a001-02-000000010764328	grp-a001-02-000000069047580	하루	nad-a001-02-000000541753999	bsn-a001-00-000000013604308	00	09	612594	M	2	0	0	2	0
20260903	4291318	cmp-a001-02-000000010764328	grp-a001-02-000000069047580	젤리	nad-a001-02-000000541753985	bsn-a001-00-000000013604308	00	03	529514	M	2	0	0	2	0
20260903	4291318	cmp-a001-02-000000010764328	grp-a001-02-000000069047580	견과류	nad-a001-02-000000541753999	bsn-a001-00-000000013604308	00	11	529514	M	10	0	0	11	0
20260903	4291318	cmp-a001-02-000000010764328	grp-a001-02-000000069047580	견과류	nad-a001-02-000000541753959	bsn-a001-00-000000013604308	00	15	529514	M	3	0	0	6	0
20260903	4291318	cmp-a001-02-000000010764328	grp-a001-02-000000069047580	견과류	nad-a001-02-000000541753960	bsn-a001-00-000000013604308	00	07	529514	M	1	0	0	3	0
20260903	4291318	cmp-a001-02-000000010764328	grp-a001-02-000000072573876	추석선물세트	nad-a001-02-000000573683835	bsn-a001-00-000000013604308	00	99	529514	M	1	0	0	26	0
20260903	4291318	cmp-a001-02-000000010764328	grp-a001-02-000000069047580	단백질보충제	nad-a001-02-000000553654562	bsn-a001-00-000000013604308	00	99	529514	M	4	0	0	4	0
20260903	4291318	cmp-a001-02-000000010764328	grp-a001-02-000000069047580	하루견과	nad-a001-02-000000541753999	bsn-a001-00-000000013604308	00	16	8753	M	2	0	0	4	0
20260903	4291318	cmp-a001-02-000000010764328	grp-a001-02-000000069047580	스토어	nad-a001-02-000000541754004	bsn-a001-00-000000013604308	00	02	98128	M	10	0	0	30	0
20260903	4291318	cmp-a001-02-000000010764328	grp-a001-02-000000069047580	단백질	nad-a001-02-000000553654562	bsn-a001-00-000000013604308	00	02	684924	M	2	0	0	2	0
20260903	4291318	cmp-a001-02-000000010764328	grp-a001-02-000000069047580	식물성단백질	nad-a001-02-000000553654562	bsn-a001-00-000000013604308	00	08	529514	M	2	0	0	2	0
20260903	4291318	cmp-a001-02-000000010764328	grp-a001-02-000000069047580	단백질바	nad-a001-02-000000553654554	bsn-a001-00-000000013604308	00	02	529514	M	2	0	0	2	0
20260903	4291318	cmp-a001-02-000000010764328	grp-a001-02-000000069047580	황성주생식	nad-a001-02-000000541754005	bsn-a001-00-000000013604308	00	02	11068	P	3	0	0	12	0
20260903	4291318	cmp-a001-02-000000010764328	grp-a001-02-000000069047580	하루견과	nad-a001-02-000000541753999	bsn-a001-00-000000013604308	00	09	684926	M	2	1	2187	2	0
20260903	4291318	cmp-a001-02-000000010764328	grp-a001-02-000000069047580	견과류	nad-a001-02-000000541753959	bsn-a001-00-000000013604308	00	07	529514	M	1	0	0	2	0
20260903	4291318	cmp-a001-02-000000010764328	grp-a001-02-000000069047580	프로틴바	nad-a001-02-000000553654554	bsn-a001-00-000000013604308	00	06	529514	M	10	0	0	16	0
20260903	4291318	cmp-a001-02-000000010764328	grp-a001-02-000000069047580	프로틴바	nad-a001-02-000000553654554	bsn-a001-00-000000013604308	00	09	8753	M	1	0	0	3	0
20260903	4291318	cmp-a001-02-000000010764328	grp-a001-02-000000069047580	하루견과	nad-a001-02-000000541753999	bsn-a001-00-000000013604308	00	99	8753	M	1	0	0	1	0
20260903	4291318	cmp-a001-02-000000010764328	grp-a001-02-000000069047580	황성주생식	nad-a001-02-000000541753996	bsn-a001-00-000000013604308	00	02	11068	P	3	0	0	9	0
20260903	4291318	cmp-a001-02-000000010764328	grp-a001-02-000000069047580	하루견과	nad-a001-02-000000541753999	bsn-a001-00-000000013604308	00	09	33421	M	3	0	0	3	0
20260903	4291318	cmp-a001-02-000000010764328	grp-a001-02-000000069047580	제리	nad-a001-02-000000541753985	bsn-a001-00-000000013604308	00	02	684924	M	1	0	0	1	0
20260903	4291318	cmp-a001-02-000000010764328	grp-a001-02-000000069047580	프로틴	nad-a001-02-000000553654562	bsn-a001-00-000000013604308	00	07	768323	M	4	0	0	5	0
20260903	4291318	cmp-a001-02-000000010764328	grp-a001-02-000000069047580	젤리추천	nad-a001-02-000000541753985	bsn-a001-00-000000013604308	00	02	684924	M	2	0	0	2	0
20260903	4291318	cmp-a001-02-000000010764328	grp-a001-02-000000069047580	견과류	nad-a001-02-000000541753959	bsn-a001-00-000000013604308	00	99	529514	M	22	0	0	44	0
20260903	4291318	cmp-a001-02-000000010764328	grp-a001-02-000000069047580	단백질간식	nad-a001-02-000000553654554	bsn-a001-00-000000013604308	00	15	11068	P	1	0	0	1	0
20260903	4291318	cmp-a001-02-000000010764328	grp-a001-02-000000069047580	코스트코생식	nad-a001-02-000000541754004	bsn-a001-00-000000013604308	00	06	8753	M	1	0	0	2	0
20260903	4291318	cmp-a001-02-000000010764328	grp-a001-02-000000069047580	견과류	nad-a001-02-000000541753960	bsn-a001-00-000000013604308	00	09	529514	M	53	0	0	153	0
20260903	4291318	cmp-a001-02-000000010764328	grp-a001-02-000000069047580	넛츠패밀리견과세트20G*30봉	nad-a001-02-000000541753960	bsn-a001-00-000000013604308	00	01	341893	M	1	0	0	1	0
20260903	4291318	cmp-a001-02-000000010764328	grp-a001-02-000000069047580	견과류	nad-a001-02-000000541753999	bsn-a001-00-000000013604308	00	99	529514	M	22	0	0	22	0
20260903	4291318	cmp-a001-02-000000010764328	grp-a001-02-000000069047580	프로틴	nad-a001-02-000000553654562	bsn-a001-00-000000013604308	00	02	768323	M	17	0	0	23	0
20260903	4291318	cmp-a001-02-000000010764328	grp-a001-02-000000069047580	젤리	nad-a001-02-000000541753985	bsn-a001-00-000000013604308	00	02	684926	M	1	0	0	1	0
20260903	4291318	cmp-a001-02-000000010764328	grp-a001-02-000000069047580	견과세트	nad-a001-02-000000541753999	bsn-a001-00-000000013604308	00	09	768323	M	5	0	0	10	0
20260903	4291318	cmp-a001-02-000000010764328	grp-a001-02-000000069047580	스토어	nad-a001-02-000000541754004	bsn-a001-00-000000013604308	00	18	98128	M	3	0	0	9	0
20260903	4291318	cmp-a001-02-000000010764328	grp-a001-02-000000069047580	견과류	nad-a001-02-000000541753959	bsn-a001-00-000000013604308	00	99	684924	M	1	0	0	1	0
20260903	4291318	cmp-a001-02-000000010764328	grp-a001-02-000000069047580	단백질	nad-a001-02-000000553654562	bsn-a001-00-000000013604308	00	09	98128	M	2	0	0	2	0
20260903	4291318	cmp-a001-02-000000010764328	grp-a001-02-000000069047580	사랑	nad-a001-02-000000553654558	bsn-a001-00-000000013604308	00	02	98128	M	1	0	0	4	0
20260903	4291318	cmp-a001-02-000000010764328	grp-a001-02-000000069047580	견과류	nad-a001-02-000000541753959	bsn-a001-00-000000013604308	00	09	529514	M	53	0	0	109	0
20260903	4291318	cmp-a001-02-000000010764328	grp-a001-02-000000069047580	사랑하라	nad-a001-02-000000553654559	bsn-a001-00-000000013604308	00	09	98128	M	1	0	0	5	0
20260903	4291318	cmp-a001-02-000000010764328	grp-a001-02-000000069047580	쉐이크	nad-a001-02-000000553654562	bsn-a001-00-000000013604308	00	11	529514	M	1	0	0	1	0
20260903	4291318	cmp-a001-02-000000010764328	grp-a001-02-000000069047580	황성주생식	nad-a001-02-000000541753996	bsn-a001-00-000000013604308	00	09	684924	M	1	0	0	1	0
20260903	4291318	cmp-a001-02-000000010764328	grp-a001-02-000000069047580	청국장가루	nad-a001-02-000000541754005	bsn-a001-00-000000013604308	00	08	341893	M	2	0	0	2	0
20260903	4291318	cmp-a001-02-000000010764328	grp-a001-02-000000069047580	황성주생식	nad-a001-02-000000541754004	bsn-a001-00-000000013604308	00	09	8753	M	3	0	0	6	0
20260903	4291318	cmp-a001-02-000000010764328	grp-a001-02-000000069047580	프로틴쉐이크	nad-a001-02-000000553654562	bsn-a001-00-000000013604308	00	02	11068	P	2	0	0	17	0
20260903	4291318	cmp-a001-02-000000010764328	grp-a001-02-000000069047580	에너지바	nad-a001-02-000000553654554	bsn-a001-00-000000013604308	00	02	8753	M	1	0	0	2	0
20260903	4291318	cmp-a001-02-000000010764328	grp-a001-02-000000069047580	견과류포장방법	nad-a001-02-000000541753959	bsn-a001-00-000000013604308	00	17	8753	M	1	0	0	4	0
20260903	4291318	cmp-a001-02-000000010764328	grp-a001-02-000000069047580	견과세트	nad-a001-02-000000541753999	bsn-a001-00-000000013604308	00	15	768323	M	3	0	0	6	0
20260903	4291318	cmp-a001-02-000000010764328	grp-a001-02-000000069047580	단백질쉐이크	nad-a001-02-000000553654562	bsn-a001-00-000000013604308	00	10	529514	M	4	0	0	4	0
20260903	4291318	cmp-a001-02-000000010764328	grp-a001-02-000000069047580	하루만	nad-a001-02-000000541753999	bsn-a001-00-000000013604308	00	08	529514	M	2	0	0	2	0
20260903	4291318	cmp-a001-02-000000010764328	grp-a001-02-000000069047580	하루견과	nad-a001-02-000000541753959	bsn-a001-00-000000013604308	00	04	23123	P	2	0	0	4	0
20260903	4291318	cmp-a001-02-000000010764328	grp-a001-02-000000069047580	견과류	nad-a001-02-000000541753999	bsn-a001-00-000000013604308	00	11	684926	M	1	0	0	2	0
20260903	4291318	cmp-a001-02-000000010764328	grp-a001-02-000000069047580	하루견과	nad-a001-02-000000541753999	bsn-a001-00-000000013604308	00	02	87620	M	1	0	0	1	0
20260903	4291318	cmp-a001-02-000000010764328	grp-a001-02-000000069047580	하루견과	nad-a001-02-000000541753960	bsn-a001-00-000000013604308	00	04	23123	P	2	0	0	6	0
20260903	4291318	cmp-a001-02-000000010764328	grp-a001-02-000000069047580	하루견과	nad-a001-02-000000541753999	bsn-a001-00-000000013604308	00	09	8753	M	1	0	0	1	0
20260903	4291318	cmp-a001-02-000000010764328	grp-a001-02-000000069047580	동결건조분말	nad-a001-02-000000541754005	bsn-a001-00-000000013604308	00	01	11068	P	1	0	0	4	0
20260903	4291318	cmp-a001-02-000000010764328	grp-a001-02-000000069047580	견과류매일먹으면	nad-a001-02-000000541753999	bsn-a001-00-000000013604308	00	18	8753	M	1	0	0	2	0
20260903	4291318	cmp-a001-02-000000010764328	grp-a001-02-000000069047580	스토어	nad-a001-02-000000541754004	bsn-a001-00-000000013604308	00	08	335738	P	1	0	0	2	0
20260903	4291318	cmp-a001-02-000000010764328	grp-a001-02-000000069047580	견과류	nad-a001-02-000000541753999	bsn-a001-00-000000013604308	00	02	529514	M	32	0	0	34	0
20260903	4291318	cmp-a001-02-000000010764328	grp-a001-02-000000069047580	단백질파우더	nad-a001-02-000000553654562	bsn-a001-00-000000013604308	00	09	529514	M	2	0	0	3	0
20260903	4291318	cmp-a001-02-000000010764328	grp-a001-02-000000069047580	단백질쉐이크식사대용	nad-a001-02-000000553654562	bsn-a001-00-000000013604308	00	06	8753	M	1	0	0	3	0
20260903	4291318	cmp-a001-02-000000010764328	grp-a001-02-000000069047580	단백질바	nad-a001-02-000000553654554	bsn-a001-00-000000013604308	00	08	529514	M	8	0	0	16	0
20260903	4291318	cmp-a001-02-000000010764328	grp-a001-02-000000072573876	추석선물세트	nad-a001-02-000000573683835	bsn-a001-00-000000013604308	00	08	27758	P	2	0	0	2	0
20260903	4291318	cmp-a001-02-000000010764328	grp-a001-02-000000069047580	단백질쉐이크	nad-a001-02-000000553654562	bsn-a001-00-000000013604308	00	02	98128	M	1	0	0	1	0
20260903	4291318	cmp-a001-02-000000010764328	grp-a001-02-000000069047580	단백질바	nad-a001-02-000000553654558	bsn-a001-00-000000013604308	00	02	529514	M	2	0	0	4	0
20260903	4291318	cmp-a001-02-000000010764328	grp-a001-02-000000069047580	견과류매일먹으면	nad-a001-02-000000541753959	bsn-a001-00-000000013604308	00	18	8753	M	1	0	0	3	0
20260903	4291318	cmp-a001-02-000000010764328	grp-a001-02-000000069047580	하루견과	nad-a001-02-000000541753999	bsn-a001-00-000000013604308	00	09	529514	M	4	0	0	4	0
20260903	4291318	cmp-a001-02-000000010764328	grp-a001-02-000000069047580	견과류	nad-a001-02-000000541753960	bsn-a001-00-000000013604308	00	13	529514	M	6	0	0	18	0
20260903	4291318	cmp-a001-02-000000010764328	grp-a001-02-000000069047580	분말	nad-a001-02-000000541753997	bsn-a001-00-000000013604308	00	02	11068	P	1	0	0	2	0
20260903	4291318	cmp-a001-02-000000010764328	grp-a001-02-000000069047580	제리	nad-a001-02-000000541753985	bsn-a001-00-000000013604308	00	07	137281	M	28	0	0	28	0
20260903	4291318	cmp-a001-02-000000010764328	grp-a001-02-000000069047580	견과류	nad-a001-02-000000541753959	bsn-a001-00-000000013604308	00	11	684926	M	1	0	0	3	0
20260903	4291318	cmp-a001-02-000000010764328	grp-a001-02-000000069047580	하루	nad-a001-02-000000541753999	bsn-a001-00-000000013604308	00	02	612594	M	2	0	0	2	0
20260903	4291318	cmp-a001-02-000000010764328	grp-a001-02-000000069047580	단백질	nad-a001-02-000000553654562	bsn-a001-00-000000013604308	00	09	8753	M	2	0	0	8	0
20260903	4291318	cmp-a001-02-000000010764328	grp-a001-02-000000069047580	단백질	nad-a001-02-000000553654562	bsn-a001-00-000000013604308	00	09	684926	M	2	0	0	20	0
20260903	4291318	cmp-a001-02-000000010764328	grp-a001-02-000000069047580	단백질바	nad-a001-02-000000553654554	bsn-a001-00-000000013604308	00	09	529514	M	6	0	0	12	0
20260903	4291318	cmp-a001-02-000000010764328	grp-a001-02-000000069047580	프로틴	nad-a001-02-000000553654562	bsn-a001-00-000000013604308	00	15	768323	M	4	0	0	5	0
20260903	4291318	cmp-a001-02-000000010764328	grp-a001-02-000000069047580	스토어	nad-a001-02-000000541753996	bsn-a001-00-000000013604308	00	06	98128	M	2	0	0	4	0
20260903	4291318	cmp-a001-02-000000010764328	grp-a001-02-000000069047580	프로틴바	nad-a001-02-000000553654554	bsn-a001-00-000000013604308	00	09	27758	P	1	0	0	3	0
20260903	4291318	cmp-a001-02-000000010764328	grp-a001-02-000000069047580	스토어	nad-a001-02-000000541753997	bsn-a001-00-000000013604308	00	11	98128	M	2	0	0	2	0
20260903	4291318	cmp-a001-02-000000010764328	grp-a001-02-000000069047580	스토어	nad-a001-02-000000541753997	bsn-a001-00-000000013604308	00	09	98128	M	7	0	0	7	0
20260903	4291318	cmp-a001-02-000000010764328	grp-a001-02-000000069047580	단백질바	nad-a001-02-000000553654559	bsn-a001-00-000000013604308	00	08	529514	M	8	0	0	24	0
20260903	4291318	cmp-a001-02-000000010764328	grp-a001-02-000000069047580	견과세트	nad-a001-02-000000541753960	bsn-a001-00-000000013604308	00	08	768323	M	1	0	0	4	0
20260903	4291318	cmp-a001-02-000000010764328	grp-a001-02-000000069047580	프로틴바	nad-a001-02-000000553654558	bsn-a001-00-000000013604308	00	09	529514	M	8	0	0	16	0
20260903	4291318	cmp-a001-02-000000010764328	grp-a001-02-000000069047580	프로틴바	nad-a001-02-000000553654558	bsn-a001-00-000000013604308	00	99	529514	M	2	0	0	4	0
20260903	4291318	cmp-a001-02-000000010764328	grp-a001-02-000000069047580	황성주생식	nad-a001-02-000000541753988	bsn-a001-00-000000013604308	00	02	11068	P	3	0	0	15	0
20260903	4291318	cmp-a001-02-000000010764328	grp-a001-02-000000072573876	스토어	nad-a001-02-000000573683835	bsn-a001-00-000000013604308	00	00	98128	M	1	0	0	5	0
20260903	4291318	cmp-a001-02-000000010764328	grp-a001-02-000000069047580	스토어	nad-a001-02-000000541754004	bsn-a001-00-000000013604308	00	06	98128	M	2	0	0	6	0
20260903	4291318	cmp-a001-02-000000010764328	grp-a001-02-000000069047580	쉐이크	nad-a001-02-000000553654562	bsn-a001-00-000000013604308	00	15	612593	P	1	0	0	2	0
20260903	4291318	cmp-a001-02-000000010764328	grp-a001-02-000000069047580	하루견과	nad-a001-02-000000541753999	bsn-a001-00-000000013604308	00	04	33421	M	2	0	0	2	0
20260903	4291318	cmp-a001-02-000000010764328	grp-a001-02-000000069047580	견과류	nad-a001-02-000000541753999	bsn-a001-00-000000013604308	00	01	8753	M	1	0	0	2	0
20260903	4291318	cmp-a001-02-000000010764328	grp-a001-02-000000069047580	견과류	nad-a001-02-000000541753960	bsn-a001-00-000000013604308	00	06	33421	M	1	0	0	4	0
20260903	4291318	cmp-a001-02-000000010764328	grp-a001-02-000000069047580	견과세트	nad-a001-02-000000541753999	bsn-a001-00-000000013604308	00	08	768323	M	1	0	0	2	0
20260903	4291318	cmp-a001-02-000000010764328	grp-a001-02-000000069047580	사랑	nad-a001-02-000000553654554	bsn-a001-00-000000013604308	00	09	98128	M	4	0	0	8	0
20260903	4291318	cmp-a001-02-000000010764328	grp-a001-02-000000069047580	견과류추천	nad-a001-02-000000541753999	bsn-a001-00-000000013604308	00	07	8753	M	1	0	0	2	0
20260903	4291318	cmp-a001-02-000000010764328	grp-a001-02-000000069047580	SHAKE	nad-a001-02-000000553654562	bsn-a001-00-000000013604308	00	09	8753	M	3	0	0	4	0
20260903	4291318	cmp-a001-02-000000010764328	grp-a001-02-000000069047580	SHAKE	nad-a001-02-000000553654562	bsn-a001-00-000000013604308	00	09	684924	M	3	0	0	3	0
20260903	4291318	cmp-a001-02-000000010764328	grp-a001-02-000000072573876	명절선물	nad-a001-02-000000573683835	bsn-a001-00-000000013604308	00	02	529514	M	1	0	0	14	0
20260903	4291318	cmp-a001-02-000000010764328	grp-a001-02-000000069047580	견과류세트	nad-a001-02-000000541753960	bsn-a001-00-000000013604308	00	04	8753	M	1	0	0	2	0
20260903	4291318	cmp-a001-02-000000010764328	grp-a001-02-000000069047580	프로틴바	nad-a001-02-000000553654558	bsn-a001-00-000000013604308	00	06	529514	M	10	0	0	14	0
20260903	4291318	cmp-a001-02-000000010764328	grp-a001-02-000000069047580	프로틴	nad-a001-02-000000553654562	bsn-a001-00-000000013604308	00	10	529514	M	1	0	0	1	0
20260903	4291318	cmp-a001-02-000000010764328	grp-a001-02-000000069047580	견과류추천	nad-a001-02-000000541753959	bsn-a001-00-000000013604308	00	02	684924	M	1	0	0	1	0
20260903	4291318	cmp-a001-02-000000010764328	grp-a001-02-000000069047580	견과류	nad-a001-02-000000541753960	bsn-a001-00-000000013604308	00	06	529514	M	3	0	0	9	0
20260903	4291318	cmp-a001-02-000000010764328	grp-a001-02-000000069047580	프로틴	nad-a001-02-000000553654562	bsn-a001-00-000000013604308	00	09	768323	M	21	0	0	29	0
20260903	4291318	cmp-a001-02-000000010764328	grp-a001-02-000000069047580	단백질쉐이크	nad-a001-02-000000553654562	bsn-a001-00-000000013604308	00	17	8753	M	1	0	0	8	0
20260903	4291318	cmp-a001-02-000000010764328	grp-a001-02-000000069047580	하루견과	nad-a001-02-000000541753959	bsn-a001-00-000000013604308	00	09	8753	M	1	0	0	3	0
20260903	4291318	cmp-a001-02-000000010764328	grp-a001-02-000000069047580	젤리	nad-a001-02-000000541753985	bsn-a001-00-000000013604308	00	09	768323	M	3	0	0	3	0
20260903	4291318	cmp-a001-02-000000010764328	grp-a001-02-000000069047580	견과류	nad-a001-02-000000541753999	bsn-a001-00-000000013604308	00	14	529514	M	5	0	0	5	0
20260903	4291318	cmp-a001-02-000000010764328	grp-a001-02-000000069047580	단백질바	nad-a001-02-000000553654558	bsn-a001-00-000000013604308	00	00	8753	M	1	0	0	3	0
20260903	4291318	cmp-a001-02-000000010764328	grp-a001-02-000000069047580	단백질바	nad-a001-02-000000553654554	bsn-a001-00-000000013604308	00	10	529514	M	13	0	0	18	0
20260903	4291318	cmp-a001-02-000000010764328	grp-a001-02-000000072573876	추석선물세트	nad-a001-02-000000573683835	bsn-a001-00-000000013604308	00	15	529514	M	1	0	0	26	0
20260903	4291318	cmp-a001-02-000000010764328	grp-a001-02-000000069047580	견과류	nad-a001-02-000000541753959	bsn-a001-00-000000013604308	00	03	529514	M	8	0	0	16	0
20260903	4291318	cmp-a001-02-000000010764328	grp-a001-02-000000069047580	코스트코생식	nad-a001-02-000000541753996	bsn-a001-00-000000013604308	00	06	8753	M	1	0	0	3	0
20260903	4291318	cmp-a001-02-000000010764328	grp-a001-02-000000069047580	프로틴바	nad-a001-02-000000553654559	bsn-a001-00-000000013604308	00	99	529514	M	2	0	0	6	0
20260903	4291318	cmp-a001-02-000000010764328	grp-a001-02-000000069047580	자기전단백질바	nad-a001-02-000000553654554	bsn-a001-00-000000013604308	00	08	8753	M	1	0	0	3	0
20260903	4291318	cmp-a001-02-000000010764328	grp-a001-02-000000069047580	견과류	nad-a001-02-000000541753959	bsn-a001-00-000000013604308	00	02	8753	M	1	0	0	2	0
20260903	4291318	cmp-a001-02-000000010764328	grp-a001-02-000000069047580	단백질보충제	nad-a001-02-000000553654562	bsn-a001-00-000000013604308	00	03	33421	M	1	0	0	2	0
20260903	4291318	cmp-a001-02-000000010764328	grp-a001-02-000000069047580	에너지바	nad-a001-02-000000553654554	bsn-a001-00-000000013604308	00	03	529514	M	2	0	0	2	0
20260903	4291318	cmp-a001-02-000000010764328	grp-a001-02-000000069047580	황성주생식	nad-a001-02-000000541753997	bsn-a001-00-000000013604308	00	02	633013	M	1	0	0	1	0
20260903	4291318	cmp-a001-02-000000010764328	grp-a001-02-000000069047580	프로틴	nad-a001-02-000000553654562	bsn-a001-00-000000013604308	00	99	768323	M	5	0	0	7	0
20260903	4291318	cmp-a001-02-000000010764328	grp-a001-02-000000069047580	사랑	nad-a001-02-000000553654554	bsn-a001-00-000000013604308	00	99	98128	M	10	0	0	20	0
20260903	4291318	cmp-a001-02-000000010764328	grp-a001-02-000000069047580	사랑하라	nad-a001-02-000000553654554	bsn-a001-00-000000013604308	00	99	98128	M	1	0	0	2	0
20260903	4291318	cmp-a001-02-000000010764328	grp-a001-02-000000069047580	프로틴	nad-a001-02-000000553654562	bsn-a001-00-000000013604308	00	02	684926	M	1	0	0	16	0
20260903	4291318	cmp-a001-02-000000010764328	grp-a001-02-000000069047580	단백질바	nad-a001-02-000000553654554	bsn-a001-00-000000013604308	00	00	27758	P	1	0	0	1	0
20260903	4291318	cmp-a001-02-000000010764328	grp-a001-02-000000069047580	견과류	nad-a001-02-000000541753999	bsn-a001-00-000000013604308	00	13	529514	M	6	0	0	6	0
20260903	4291318	cmp-a001-02-000000010764328	grp-a001-02-000000072573876	추석선물세트	nad-a001-02-000000573683834	bsn-a001-00-000000013604308	00	02	8753	M	1	0	0	4	0
20260903	4291318	cmp-a001-02-000000010764328	grp-a001-02-000000069047580	단백질쉐이크	nad-a001-02-000000553654562	bsn-a001-00-000000013604308	00	09	529514	M	60	0	0	60	0
20260903	4291318	cmp-a001-02-000000010764328	grp-a001-02-000000069047580	견과류	nad-a001-02-000000541753999	bsn-a001-00-000000013604308	00	02	684926	M	3	0	0	7	0
20260903	4291318	cmp-a001-02-000000010764328	grp-a001-02-000000069047580	견과류	nad-a001-02-000000541753999	bsn-a001-00-000000013604308	00	06	33421	M	1	1	1902	2	0
20260903	4291318	cmp-a001-02-000000010764328	grp-a001-02-000000069047580	하루견과	nad-a001-02-000000541753960	bsn-a001-00-000000013604308	00	04	33421	M	2	0	0	6	0
20260903	4291318	cmp-a001-02-000000010764328	grp-a001-02-000000069047580	보충제	nad-a001-02-000000553654562	bsn-a001-00-000000013604308	00	03	684924	M	1	0	0	1	0
20260903	4291318	cmp-a001-02-000000010764328	grp-a001-02-000000069047580	견과류	nad-a001-02-000000541753960	bsn-a001-00-000000013604308	00	10	529514	M	2	0	0	6	0
20260903	4291318	cmp-a001-02-000000010764328	grp-a001-02-000000069047580	젤리	nad-a001-02-000000541753985	bsn-a001-00-000000013604308	00	11	529514	M	8	0	0	8	0
20260903	4291318	cmp-a001-02-000000010764328	grp-a001-02-000000069047580	견과류	nad-a001-02-000000541753999	bsn-a001-00-000000013604308	00	03	8753	M	3	0	0	5	0
20260903	4291318	cmp-a001-02-000000010764328	grp-a001-02-000000069047580	양박사프로틴	nad-a001-02-000000553654562	bsn-a001-00-000000013604308	00	09	27758	P	1	0	0	1	0
20260903	4291318	cmp-a001-02-000000010764328	grp-a001-02-000000069047580	SHAKE	nad-a001-02-000000553654562	bsn-a001-00-000000013604308	00	02	684924	M	1	0	0	1	0
20260903	4291318	cmp-a001-02-000000010764328	grp-a001-02-000000069047580	프로틴바	nad-a001-02-000000553654559	bsn-a001-00-000000013604308	00	15	98128	M	3	0	0	9	0
20260903	4291318	cmp-a001-02-000000010764328	grp-a001-02-000000069047580	프로틴단백질추천	nad-a001-02-000000553654562	bsn-a001-00-000000013604308	00	04	684924	M	1	0	0	1	0
20260903	4291318	cmp-a001-02-000000010764328	grp-a001-02-000000069047580	견과류추천	nad-a001-02-000000541753959	bsn-a001-00-000000013604308	00	07	8753	M	1	0	0	4	0
20260903	4291318	cmp-a001-02-000000010764328	grp-a001-02-000000069047580	황성주생식	nad-a001-02-000000541754004	bsn-a001-00-000000013604308	00	02	633013	M	1	0	0	2	0
20260903	4291318	cmp-a001-02-000000010764328	grp-a001-02-000000069047580	견과류	nad-a001-02-000000541753960	bsn-a001-00-000000013604308	00	08	529514	M	31	0	0	93	0
20260903	4291318	cmp-a001-02-000000010764328	grp-a001-02-000000072573876	민속촌추석선물	nad-a001-02-000000573683834	bsn-a001-00-000000013604308	00	18	8753	M	1	0	0	3	0
20260903	4291318	cmp-a001-02-000000010764328	grp-a001-02-000000069047580	스토어	nad-a001-02-000000541753997	bsn-a001-00-000000013604308	00	10	98128	M	2	0	0	2	0
20260903	4291318	cmp-a001-02-000000010764328	grp-a001-02-000000069047580	단백질쉐이크	nad-a001-02-000000553654562	bsn-a001-00-000000013604308	00	13	8753	M	1	0	0	5	0
20260903	4291318	cmp-a001-02-000000010764328	grp-a001-02-000000069047580	쉐이크	nad-a001-02-000000553654562	bsn-a001-00-000000013604308	00	13	248824	P	1	0	0	1	0
20260903	4291318	cmp-a001-02-000000010764328	grp-a001-02-000000069047580	견과류	nad-a001-02-000000541753960	bsn-a001-00-000000013604308	00	15	529514	M	3	0	0	9	0
20260903	4291318	cmp-a001-02-000000010764328	grp-a001-02-000000069047580	단백질	nad-a001-02-000000553654562	bsn-a001-00-000000013604308	00	00	612593	P	1	0	0	2	0
20260903	4291318	cmp-a001-02-000000010764328	grp-a001-02-000000069047580	하루견과	nad-a001-02-000000541753959	bsn-a001-00-000000013604308	00	04	529514	M	2	0	0	4	0
20260903	4291318	cmp-a001-02-000000010764328	grp-a001-02-000000069047580	동결건조분말	nad-a001-02-000000541753996	bsn-a001-00-000000013604308	00	01	11068	P	1	0	0	3	0
20260903	4291318	cmp-a001-02-000000010764328	grp-a001-02-000000069047580	JELLY	nad-a001-02-000000541753985	bsn-a001-00-000000013604308	00	02	612594	M	1	0	0	1	0
20260903	4291318	cmp-a001-02-000000010764328	grp-a001-02-000000069047580	견과류	nad-a001-02-000000541753959	bsn-a001-00-000000013604308	00	14	529514	M	5	0	0	10	0
20260903	4291318	cmp-a001-02-000000010764328	grp-a001-02-000000069047580	견과세트	nad-a001-02-000000541753959	bsn-a001-00-000000013604308	00	03	768323	M	1	0	0	1	0
20260903	4291318	cmp-a001-02-000000010764328	grp-a001-02-000000069047580	갓	nad-a001-02-000000541753999	bsn-a001-00-000000013604308	00	16	684924	M	1	0	0	1	0
20260903	4291318	cmp-a001-02-000000010764328	grp-a001-02-000000069047580	단백질쉐이크	nad-a001-02-000000553654562	bsn-a001-00-000000013604308	00	02	529514	M	43	0	0	46	0
20260903	4291318	cmp-a001-02-000000010764328	grp-a001-02-000000069047580	사랑	nad-a001-02-000000553654559	bsn-a001-00-000000013604308	00	04	98128	M	2	0	0	10	0
20260903	4291318	cmp-a001-02-000000010764328	grp-a001-02-000000069047580	하루만	nad-a001-02-000000541753959	bsn-a001-00-000000013604308	00	03	529514	M	4	0	0	8	0
20260903	4291318	cmp-a001-02-000000010764328	grp-a001-02-000000069047580	황성주생식	nad-a001-02-000000541754005	bsn-a001-00-000000013604308	00	09	8753	M	3	0	0	12	0
20260903	4291318	cmp-a001-02-000000010764328	grp-a001-02-000000069047580	분리유청단백질WPI	nad-a001-02-000000553654562	bsn-a001-00-000000013604308	00	03	341893	M	1	0	0	3	0
20260903	4291318	cmp-a001-02-000000010764328	grp-a001-02-000000069047580	사랑	nad-a001-02-000000553654558	bsn-a001-00-000000013604308	00	04	98128	M	2	0	0	8	0
20260903	4291318	cmp-a001-02-000000010764328	grp-a001-02-000000069047580	프로틴바	nad-a001-02-000000553654559	bsn-a001-00-000000013604308	00	09	529514	M	8	0	0	24	0
20260903	4291318	cmp-a001-02-000000010764328	grp-a001-02-000000069047580	프로틴	nad-a001-02-000000553654562	bsn-a001-00-000000013604308	00	18	529514	M	35	0	0	35	0
20260903	4291318	cmp-a001-02-000000010764328	grp-a001-02-000000069047580	단백질쉐이크보충제	nad-a001-02-000000553654562	bsn-a001-00-000000013604308	00	00	8753	M	2	0	0	2	0
20260903	4291318	cmp-a001-02-000000010764328	grp-a001-02-000000069047580	프로틴	nad-a001-02-000000553654562	bsn-a001-00-000000013604308	00	09	529514	M	40	0	0	40	0
20260903	4291318	cmp-a001-02-000000010764328	grp-a001-02-000000069047580	견과류	nad-a001-02-000000541753959	bsn-a001-00-000000013604308	00	13	529514	M	6	0	0	12	0
20260903	4291318	cmp-a001-02-000000010764328	grp-a001-02-000000069047580	사랑이	nad-a001-02-000000553654554	bsn-a001-00-000000013604308	00	99	529514	M	2	0	0	2	0
20260903	4291318	cmp-a001-02-000000010764328	grp-a001-02-000000069047580	젤리	nad-a001-02-000000541753985	bsn-a001-00-000000013604308	00	11	137281	M	9	0	0	9	0
20260903	4291318	cmp-a001-02-000000010764328	grp-a001-02-000000069047580	하루견과	nad-a001-02-000000541753959	bsn-a001-00-000000013604308	00	09	33421	M	3	0	0	6	0
20260903	4291318	cmp-a001-02-000000010764328	grp-a001-02-000000069047580	코스트코생식	nad-a001-02-000000541753997	bsn-a001-00-000000013604308	00	06	8753	M	1	0	0	1	0
20260903	4291318	cmp-a001-02-000000010764328	grp-a001-02-000000069047580	프로틴	nad-a001-02-000000553654562	bsn-a001-00-000000013604308	00	11	8753	M	1	0	0	2	0
20260903	4291318	cmp-a001-02-000000010764328	grp-a001-02-000000072573876	추석선물	nad-a001-02-000000573683834	bsn-a001-00-000000013604308	00	09	529514	M	2	0	0	42	0
20260903	4291318	cmp-a001-02-000000010764328	grp-a001-02-000000069047580	프로틴	nad-a001-02-000000553654562	bsn-a001-00-000000013604308	00	11	768323	M	4	0	0	5	0
20260903	4291318	cmp-a001-02-000000010764328	grp-a001-02-000000072573876	추석선물세트	nad-a001-02-000000573683835	bsn-a001-00-000000013604308	00	03	529514	M	2	0	0	39	0
20260903	4291318	cmp-a001-02-000000010764328	grp-a001-02-000000069047580	에너지바	nad-a001-02-000000553654554	bsn-a001-00-000000013604308	00	00	27758	P	1	0	0	2	0
20260903	4291318	cmp-a001-02-000000010764328	grp-a001-02-000000069047580	제리	nad-a001-02-000000541753985	bsn-a001-00-000000013604308	00	02	98128	M	2	0	0	2	0
20260903	4291318	cmp-a001-02-000000010764328	grp-a001-02-000000069047580	하루만	nad-a001-02-000000541753959	bsn-a001-00-000000013604308	00	08	529514	M	2	0	0	4	0
20260903	4291318	cmp-a001-02-000000010764328	grp-a001-02-000000069047580	하루견과	nad-a001-02-000000541753959	bsn-a001-00-000000013604308	00	08	684924	M	1	0	0	1	0
20260903	4291318	cmp-a001-02-000000010764328	grp-a001-02-000000069047580	견과류	nad-a001-02-000000541753999	bsn-a001-00-000000013604308	00	08	529514	M	31	0	0	31	0
20260903	4291318	cmp-a001-02-000000010764328	grp-a001-02-000000072573876	추석선물세트	nad-a001-02-000000573683835	bsn-a001-00-000000013604308	00	08	684926	M	1	0	0	61	0
20260903	4291318	cmp-a001-02-000000010764328	grp-a001-02-000000069047580	젤리	nad-a001-02-000000541753985	bsn-a001-00-000000013604308	00	11	768323	M	1	0	0	1	0
20260903	4291318	cmp-a001-02-000000010764328	grp-a001-02-000000069047580	가루	nad-a001-02-000000541753997	bsn-a001-00-000000013604308	00	04	11068	P	1	0	0	3	0
20260903	4291318	cmp-a001-02-000000010764328	grp-a001-02-000000072573876	명절선물	nad-a001-02-000000573683835	bsn-a001-00-000000013604308	00	09	529514	M	1	0	0	23	0
20260903	4291318	cmp-a001-02-000000010764328	grp-a001-02-000000069047580	견과류	nad-a001-02-000000541753960	bsn-a001-00-000000013604308	00	15	8753	M	1	0	0	3	0
20260903	4291318	cmp-a001-02-000000010764328	grp-a001-02-000000069047580	분말가루	nad-a001-02-000000541754005	bsn-a001-00-000000013604308	00	10	11068	P	1	0	0	5	0
20260903	4291318	cmp-a001-02-000000010764328	grp-a001-02-000000069047580	견과류	nad-a001-02-000000541753960	bsn-a001-00-000000013604308	00	02	529514	M	32	0	0	92	0
20260903	4291318	cmp-a001-02-000000010764328	grp-a001-02-000000069047580	견과류	nad-a001-02-000000541753960	bsn-a001-00-000000013604308	00	15	33421	M	1	0	0	4	0
20260903	4291318	cmp-a001-02-000000010764328	grp-a001-02-000000069047580	젤리	nad-a001-02-000000541753985	bsn-a001-00-000000013604308	00	06	768323	M	2	0	0	2	0
20260903	4291318	cmp-a001-02-000000010764328	grp-a001-02-000000069047580	에너지바	nad-a001-02-000000553654559	bsn-a001-00-000000013604308	00	02	684926	M	1	0	0	5	0
20260903	4291318	cmp-a001-02-000000010764328	grp-a001-02-000000069047580	스토어	nad-a001-02-000000541753996	bsn-a001-00-000000013604308	00	11	98128	M	1	0	0	2	0
20260903	4291318	cmp-a001-02-000000010764328	grp-a001-02-000000069047580	에너지바	nad-a001-02-000000553654559	bsn-a001-00-000000013604308	00	00	684926	M	2	0	0	4	0
20260903	4291318	cmp-a001-02-000000010764328	grp-a001-02-000000069047580	사랑하라	nad-a001-02-000000553654554	bsn-a001-00-000000013604308	00	09	98128	M	1	0	0	2	0
20260903	4291318	cmp-a001-02-000000010764328	grp-a001-02-000000069047580	하루만	nad-a001-02-000000541753960	bsn-a001-00-000000013604308	00	03	529514	M	4	0	0	12	0
20260903	4291318	cmp-a001-02-000000010764328	grp-a001-02-000000069047580	스토어	nad-a001-02-000000541753996	bsn-a001-00-000000013604308	00	10	98128	M	1	0	0	2	0
20260903	4291318	cmp-a001-02-000000010764328	grp-a001-02-000000069047580	견과류	nad-a001-02-000000541753959	bsn-a001-00-000000013604308	00	04	529514	M	5	0	0	11	0
20260903	4291318	cmp-a001-02-000000010764328	grp-a001-02-000000069047580	견과류추천	nad-a001-02-000000541753999	bsn-a001-00-000000013604308	00	02	8753	M	1	0	0	2	0
20260903	4291318	cmp-a001-02-000000010764328	grp-a001-02-000000069047580	제리	nad-a001-02-000000541753985	bsn-a001-00-000000013604308	00	02	8753	M	1	0	0	2	0
20260903	4291318	cmp-a001-02-000000010764328	grp-a001-02-000000069047580	견과류	nad-a001-02-000000541753959	bsn-a001-00-000000013604308	00	15	8753	M	1	0	0	4	0
20260903	4291318	cmp-a001-02-000000010764328	grp-a001-02-000000069047580	젤리	nad-a001-02-000000541753985	bsn-a001-00-000000013604308	00	02	291244	M	3	0	0	5	0
20260903	4291318	cmp-a001-02-000000010764328	grp-a001-02-000000069047580	분말	nad-a001-02-000000541754005	bsn-a001-00-000000013604308	00	02	11068	P	1	0	0	5	0
20260903	4291318	cmp-a001-02-000000010764328	grp-a001-02-000000069047580	하루견과	nad-a001-02-000000541753999	bsn-a001-00-000000013604308	00	04	23123	P	2	0	0	2	0
20260903	4291318	cmp-a001-02-000000010764328	grp-a001-02-000000069047580	프로틴쉐이크	nad-a001-02-000000553654562	bsn-a001-00-000000013604308	00	09	529514	M	6	0	0	9	0
20260903	4291318	cmp-a001-02-000000010764328	grp-a001-02-000000069047580	프로틴	nad-a001-02-000000553654562	bsn-a001-00-000000013604308	00	07	684927	P	1	0	0	1	0
20260903	4291318	cmp-a001-02-000000010764328	grp-a001-02-000000069047580	프로틴	nad-a001-02-000000553654562	bsn-a001-00-000000013604308	00	17	768323	M	1	0	0	1	0
20260903	4291318	cmp-a001-02-000000010764328	grp-a001-02-000000069047580	하루견과	nad-a001-02-000000541753959	bsn-a001-00-000000013604308	00	04	33421	M	2	0	0	6	0
20260903	4291318	cmp-a001-02-000000010764328	grp-a001-02-000000069047580	견과류	nad-a001-02-000000541753960	bsn-a001-00-000000013604308	00	03	8753	M	3	0	0	8	0
20260903	4291318	cmp-a001-02-000000010764328	grp-a001-02-000000069047580	견과류	nad-a001-02-000000541753999	bsn-a001-00-000000013604308	00	03	529514	M	8	0	0	8	0
20260903	4291318	cmp-a001-02-000000010764328	grp-a001-02-000000069047580	하루	nad-a001-02-000000541753960	bsn-a001-00-000000013604308	00	08	98128	M	1	0	0	3	0
20260903	4291318	cmp-a001-02-000000010764328	grp-a001-02-000000069047580	단백질쉐이크	nad-a001-02-000000553654562	bsn-a001-00-000000013604308	00	08	529514	M	14	0	0	15	0
20260903	4291318	cmp-a001-02-000000010764328	grp-a001-02-000000069047580	단백질	nad-a001-02-000000553654562	bsn-a001-00-000000013604308	00	03	291244	M	3	0	0	3	0
20260903	4291318	cmp-a001-02-000000010764328	grp-a001-02-000000069047580	단백질쉐이크	nad-a001-02-000000553654562	bsn-a001-00-000000013604308	00	13	248824	P	1	0	0	1	0
20260903	4291318	cmp-a001-02-000000010764328	grp-a001-02-000000069047580	에너지바	nad-a001-02-000000553654558	bsn-a001-00-000000013604308	00	99	27758	P	1	0	0	3	0
20260903	4291318	cmp-a001-02-000000010764328	grp-a001-02-000000069047580	프로틴단백질추천	nad-a001-02-000000553654562	bsn-a001-00-000000013604308	00	04	8753	M	1	0	0	3	0
20260903	4291318	cmp-a001-02-000000010764328	grp-a001-02-000000069047580	견과류	nad-a001-02-000000541753960	bsn-a001-00-000000013604308	00	02	8753	M	1	1	2189	3	0
20260903	4291318	cmp-a001-02-000000010764328	grp-a001-02-000000069047580	단백질바	nad-a001-02-000000553654559	bsn-a001-00-000000013604308	00	02	684926	M	2	0	0	19	0
20260903	4291318	cmp-a001-02-000000010764328	grp-a001-02-000000069047580	단백질쉐이크	nad-a001-02-000000553654562	bsn-a001-00-000000013604308	00	06	8753	M	2	0	0	8	0
20260903	4291318	cmp-a001-02-000000010764328	grp-a001-02-000000072573876	추석선물	nad-a001-02-000000573683835	bsn-a001-00-000000013604308	00	02	529514	M	8	0	0	163	0
20260903	4291318	cmp-a001-02-000000010764328	grp-a001-02-000000072573876	명절선물	nad-a001-02-000000573683835	bsn-a001-00-000000013604308	00	16	529514	M	2	0	0	46	0
20260903	4291318	cmp-a001-02-000000010764328	grp-a001-02-000000069047580	젤리	nad-a001-02-000000541753985	bsn-a001-00-000000013604308	00	09	33421	M	1	0	0	1	0
20260903	4291318	cmp-a001-02-000000010764328	grp-a001-02-000000069047580	보충제	nad-a001-02-000000553654562	bsn-a001-00-000000013604308	00	16	137281	M	18	0	0	18	0
20260903	4291318	cmp-a001-02-000000010764328	grp-a001-02-000000069047580	사랑	nad-a001-02-000000553654559	bsn-a001-00-000000013604308	00	09	529514	M	3	0	0	25	0
20260903	4291318	cmp-a001-02-000000010764328	grp-a001-02-000000069047580	단백질쉐이크	nad-a001-02-000000553654562	bsn-a001-00-000000013604308	00	09	98128	M	9	2	6067	10	0
20260903	4291318	cmp-a001-02-000000010764328	grp-a001-02-000000069047580	단백질바	nad-a001-02-000000553654558	bsn-a001-00-000000013604308	00	09	529514	M	6	0	0	6	0
20260903	4291318	cmp-a001-02-000000010764328	grp-a001-02-000000069047580	견과류	nad-a001-02-000000541753959	bsn-a001-00-000000013604308	00	18	529514	M	3	0	0	6	0
20260903	4291318	cmp-a001-02-000000010764328	grp-a001-02-000000069047580	스토어	nad-a001-02-000000541753997	bsn-a001-00-000000013604308	00	08	335738	P	1	0	0	3	0
20260903	4291318	cmp-a001-02-000000010764328	grp-a001-02-000000069047580	단백질바	nad-a001-02-000000553654554	bsn-a001-00-000000013604308	00	02	8753	M	1	0	0	4	0
20260903	4291318	cmp-a001-02-000000010764328	grp-a001-02-000000069047580	스토어	nad-a001-02-000000541754004	bsn-a001-00-000000013604308	00	09	98128	M	4	0	0	12	0
20260903	4291318	cmp-a001-02-000000010764328	grp-a001-02-000000069047580	견과세트	nad-a001-02-000000541753960	bsn-a001-00-000000013604308	00	03	768323	M	1	0	0	3	0
20260903	4291318	cmp-a001-02-000000010764328	grp-a001-02-000000069047580	견과류	nad-a001-02-000000541753959	bsn-a001-00-000000013604308	00	06	33421	M	1	0	0	3	0
20260903	4291318	cmp-a001-02-000000010764328	grp-a001-02-000000069047580	분말	nad-a001-02-000000541754004	bsn-a001-00-000000013604308	00	02	11068	P	1	0	0	3	0
20260903	4291318	cmp-a001-02-000000010764328	grp-a001-02-000000069047580	진명보충제	nad-a001-02-000000553654562	bsn-a001-00-000000013604308	00	06	556927	P	1	0	0	1	0
20260903	4291318	cmp-a001-02-000000010764328	grp-a001-02-000000069047580	견과류	nad-a001-02-000000541753959	bsn-a001-00-000000013604308	00	06	684924	M	1	0	0	1	0
20260903	4291318	cmp-a001-02-000000010764328	grp-a001-02-000000072573876	추석선물세트	nad-a001-02-000000573683835	bsn-a001-00-000000013604308	00	11	529514	M	6	0	0	122	0
20260903	4291318	cmp-a001-02-000000010764328	grp-a001-02-000000069047580	견과류	nad-a001-02-000000541753959	bsn-a001-00-000000013604308	00	99	8753	M	2	0	0	6	0
20260903	4291318	cmp-a001-02-000000010764328	grp-a001-02-000000069047580	프로틴바	nad-a001-02-000000553654554	bsn-a001-00-000000013604308	00	09	529514	M	8	0	0	8	0
20260903	4291318	cmp-a001-02-000000010764328	grp-a001-02-000000069047580	프로틴바	nad-a001-02-000000553654559	bsn-a001-00-000000013604308	00	08	529514	M	2	0	0	6	0
20260903	4291318	cmp-a001-02-000000010764328	grp-a001-02-000000069047580	제리	nad-a001-02-000000541753985	bsn-a001-00-000000013604308	00	99	137281	M	15	0	0	15	0
20260903	4291318	cmp-a001-02-000000010764328	grp-a001-02-000000069047580	프로틴	nad-a001-02-000000553654562	bsn-a001-00-000000013604308	00	99	529514	M	52	0	0	52	0
20260903	4291318	cmp-a001-02-000000010764328	grp-a001-02-000000069047580	하루견과	nad-a001-02-000000541753960	bsn-a001-00-000000013604308	00	02	87620	M	1	0	0	2	0
20260903	4291318	cmp-a001-02-000000010764328	grp-a001-02-000000069047580	하루	nad-a001-02-000000541753959	bsn-a001-00-000000013604308	00	08	98128	M	1	0	0	2	0
20260903	4291318	cmp-a001-02-000000010764328	grp-a001-02-000000069047580	프로틴바	nad-a001-02-000000553654558	bsn-a001-00-000000013604308	00	09	768323	M	4	0	0	8	0
20260903	4291318	cmp-a001-02-000000010764328	grp-a001-02-000000069047580	견과류	nad-a001-02-000000541753959	bsn-a001-00-000000013604308	00	15	33421	M	1	0	0	3	0
20260903	4291318	cmp-a001-02-000000010764328	grp-a001-02-000000069047580	쉐이크	nad-a001-02-000000553654562	bsn-a001-00-000000013604308	00	16	529514	M	6	0	0	11	0
20260903	4291318	cmp-a001-02-000000010764328	grp-a001-02-000000069047580	견과류	nad-a001-02-000000541753960	bsn-a001-00-000000013604308	00	04	529514	M	5	0	0	13	0
20260903	4291318	cmp-a001-02-000000010764328	grp-a001-02-000000069047580	견과류	nad-a001-02-000000541753999	bsn-a001-00-000000013604308	00	17	529514	M	2	0	0	2	0
20260903	4291318	cmp-a001-02-000000010764328	grp-a001-02-000000069047580	견과류	nad-a001-02-000000541753960	bsn-a001-00-000000013604308	00	08	8753	M	2	0	0	8	0
20260903	4291318	cmp-a001-02-000000010764328	grp-a001-02-000000069047580	황성주생식	nad-a001-02-000000541753996	bsn-a001-00-000000013604308	00	02	633013	M	1	0	0	3	0
20260903	4291318	cmp-a001-02-000000010764328	grp-a001-02-000000069047580	견과세트	nad-a001-02-000000541753999	bsn-a001-00-000000013604308	00	03	768323	M	1	0	0	2	0
20260903	4291318	cmp-a001-02-000000010764328	grp-a001-02-000000069047580	단백질보충제	nad-a001-02-000000553654562	bsn-a001-00-000000013604308	00	18	529514	M	2	0	0	3	0
20260903	4291318	cmp-a001-02-000000010764328	grp-a001-02-000000069047580	스토어	nad-a001-02-000000541753996	bsn-a001-00-000000013604308	00	08	335738	P	1	0	0	4	0
20260903	4291318	cmp-a001-02-000000010764328	grp-a001-02-000000069047580	단백질쉐이크	nad-a001-02-000000553654562	bsn-a001-00-000000013604308	00	03	529514	M	13	0	0	13	0
20260903	4291318	cmp-a001-02-000000010764328	grp-a001-02-000000069047580	견과류	nad-a001-02-000000541753960	bsn-a001-00-000000013604308	00	17	529514	M	2	0	0	6	0
20260903	4291318	cmp-a001-02-000000010764328	grp-a001-02-000000069047580	동결건조분말	nad-a001-02-000000541754004	bsn-a001-00-000000013604308	00	01	11068	P	1	0	0	2	0
20260903	4291318	cmp-a001-02-000000010764328	grp-a001-02-000000069047580	젤리	nad-a001-02-000000541753985	bsn-a001-00-000000013604308	00	02	768323	M	7	0	0	7	0
20260903	4291318	cmp-a001-02-000000010764328	grp-a001-02-000000069047580	넛츠패밀리견과세트20G*30봉	nad-a001-02-000000541753960	bsn-a001-00-000000013604308	00	01	341898	M	1	0	0	1	0
20260903	4291318	cmp-a001-02-000000010764328	grp-a001-02-000000069047580	PROTEIN	nad-a001-02-000000553654562	bsn-a001-00-000000013604308	00	15	529514	M	4	0	0	4	0
20260903	4291318	cmp-a001-02-000000010764328	grp-a001-02-000000069047580	프로틴	nad-a001-02-000000553654562	bsn-a001-00-000000013604308	00	07	137281	M	11	0	0	11	0
20260903	4291318	cmp-a001-02-000000010764328	grp-a001-02-000000069047580	스토어	nad-a001-02-000000541754004	bsn-a001-00-000000013604308	00	10	98128	M	1	0	0	3	0
20260903	4291318	cmp-a001-02-000000010764328	grp-a001-02-000000072573876	추석선물	nad-a001-02-000000573683835	bsn-a001-00-000000013604308	00	09	529514	M	10	0	0	210	0
20260903	4291318	cmp-a001-02-000000010764328	grp-a001-02-000000069047580	견과류추천	nad-a001-02-000000541753959	bsn-a001-00-000000013604308	00	02	8753	M	1	0	0	3	0
20260903	4291318	cmp-a001-02-000000010764328	grp-a001-02-000000069047580	젤리	nad-a001-02-000000541753985	bsn-a001-00-000000013604308	00	99	529514	M	8	0	0	8	0
20260903	4291318	cmp-a001-02-000000010764328	grp-a001-02-000000069047580	에너지바	nad-a001-02-000000553654558	bsn-a001-00-000000013604308	00	00	27758	P	1	0	0	3	0
20260903	4291318	cmp-a001-02-000000010764328	grp-a001-02-000000069047580	단백질파우더	nad-a001-02-000000553654562	bsn-a001-00-000000013604308	00	09	8753	M	2	0	0	7	0
20260903	4291318	cmp-a001-02-000000010764328	grp-a001-02-000000069047580	에너지바	nad-a001-02-000000553654554	bsn-a001-00-000000013604308	00	99	27758	P	1	0	0	2	0
20260903	4291318	cmp-a001-02-000000010764328	grp-a001-02-000000069047580	견과류	nad-a001-02-000000541753999	bsn-a001-00-000000013604308	00	04	529514	M	5	0	0	6	0
20260903	4291318	cmp-a001-02-000000010764328	grp-a001-02-000000072573876	추석선물셋트	nad-a001-02-000000573683835	bsn-a001-00-000000013604308	00	08	529514	M	1	0	0	22	0
20260903	4291318	cmp-a001-02-000000010764328	grp-a001-02-000000069047580	단백질바	nad-a001-02-000000553654559	bsn-a001-00-000000013604308	00	02	529514	M	2	0	0	6	0
20260903	4291318	cmp-a001-02-000000010764328	grp-a001-02-000000069047580	아침선식	nad-a001-02-000000541753997	bsn-a001-00-000000013604308	00	14	341893	M	1	0	0	1	0
20260903	4291318	cmp-a001-02-000000010764328	grp-a001-02-000000072573876	추석선물세트	nad-a001-02-000000573683834	bsn-a001-00-000000013604308	00	03	529514	M	1	0	0	20	0
20260903	4291318	cmp-a001-02-000000010764328	grp-a001-02-000000069047580	황성주생식	nad-a001-02-000000541754004	bsn-a001-00-000000013604308	00	02	11068	P	3	0	0	6	0
20260903	4291318	cmp-a001-02-000000010764328	grp-a001-02-000000069047580	사랑	nad-a001-02-000000553654559	bsn-a001-00-000000013604308	00	02	98128	M	1	0	0	5	0
20260903	4291318	cmp-a001-02-000000010764328	grp-a001-02-000000069047580	젤리	nad-a001-02-000000541753985	bsn-a001-00-000000013604308	00	09	248824	P	1	0	0	1	0
20260903	4291318	cmp-a001-02-000000010764328	grp-a001-02-000000069047580	갓	nad-a001-02-000000541753999	bsn-a001-00-000000013604308	00	16	8753	M	1	0	0	1	0
20260903	4291318	cmp-a001-02-000000010764328	grp-a001-02-000000069047580	하루견과	nad-a001-02-000000541753960	bsn-a001-00-000000013604308	00	09	33421	M	2	0	0	6	0
20260903	4291318	cmp-a001-02-000000010764328	grp-a001-02-000000069047580	1일단백질섭취량	nad-a001-02-000000553654562	bsn-a001-00-000000013604308	00	09	8753	M	1	0	0	4	0
20260903	4291318	cmp-a001-02-000000010764328	grp-a001-02-000000072573876	추석선물세트	nad-a001-02-000000573683834	bsn-a001-00-000000013604308	00	08	684926	M	1	0	0	97	0
20260903	4291318	cmp-a001-02-000000010764328	grp-a001-02-000000069047580	단백질바	nad-a001-02-000000553654559	bsn-a001-00-000000013604308	00	00	684926	M	2	0	0	4	0
20260903	4291318	cmp-a001-02-000000010764328	grp-a001-02-000000069047580	하루	nad-a001-02-000000541753960	bsn-a001-00-000000013604308	00	15	137281	M	1	0	0	2	0
20260903	4291318	cmp-a001-02-000000010764328	grp-a001-02-000000069047580	견과	nad-a001-02-000000541753999	bsn-a001-00-000000013604308	00	03	684926	M	1	0	0	1	0
20260903	4291318	cmp-a001-02-000000010764328	grp-a001-02-000000069047580	1일단백질보충제	nad-a001-02-000000553654562	bsn-a001-00-000000013604308	00	04	8753	M	1	0	0	2	0
20260903	4291318	cmp-a001-02-000000010764328	grp-a001-02-000000069047580	사랑	nad-a001-02-000000553654558	bsn-a001-00-000000013604308	00	99	98128	M	10	0	0	40	0
20260903	4291318	cmp-a001-02-000000010764328	grp-a001-02-000000069047580	견과류	nad-a001-02-000000541753959	bsn-a001-00-000000013604308	00	08	529514	M	31	0	0	62	0
20260903	4291318	cmp-a001-02-000000010764328	grp-a001-02-000000069047580	하루견과	nad-a001-02-000000541753960	bsn-a001-00-000000013604308	00	08	8753	M	2	0	0	5	0
20260903	4291318	cmp-a001-02-000000010764328	grp-a001-02-000000069047580	프로틴바	nad-a001-02-000000553654554	bsn-a001-00-000000013604308	00	99	529514	M	2	0	0	2	0
20260903	4291318	cmp-a001-02-000000010764328	grp-a001-02-000000069047580	사랑	nad-a001-02-000000553654554	bsn-a001-00-000000013604308	00	04	98128	M	2	0	0	4	0
20260903	4291318	cmp-a001-02-000000010764328	grp-a001-02-000000069047580	프로틴	nad-a001-02-000000553654562	bsn-a001-00-000000013604308	00	07	529514	M	5	0	0	5	0
20260903	4291318	cmp-a001-02-000000010764328	grp-a001-02-000000069047580	견과세트	nad-a001-02-000000541753959	bsn-a001-00-000000013604308	00	08	768323	M	1	0	0	1	0
20260903	4291318	cmp-a001-02-000000010764328	grp-a001-02-000000072573876	추석선물셋트	nad-a001-02-000000573683835	bsn-a001-00-000000013604308	00	18	529514	M	1	0	0	22	0
20260903	4291318	cmp-a001-02-000000010764328	grp-a001-02-000000069047580	젤리	nad-a001-02-000000541753985	bsn-a001-00-000000013604308	00	17	98128	M	2	0	0	2	0
20260903	4291318	cmp-a001-02-000000010764328	grp-a001-02-000000069047580	단백질쉐이크	nad-a001-02-000000553654562	bsn-a001-00-000000013604308	00	99	98128	M	2	0	0	2	0
20260903	4291318	cmp-a001-02-000000010764328	grp-a001-02-000000069047580	단백질바	nad-a001-02-000000553654558	bsn-a001-00-000000013604308	00	00	27758	P	1	0	0	3	0
20260903	4291318	cmp-a001-02-000000010764328	grp-a001-02-000000069047580	단백질	nad-a001-02-000000553654562	bsn-a001-00-000000013604308	00	02	768323	M	1	0	0	1	0
20260903	4291318	cmp-a001-02-000000010764328	grp-a001-02-000000072573876	추석선물	nad-a001-02-000000573683835	bsn-a001-00-000000013604308	00	02	8753	M	1	0	0	2	0
20260903	4291318	cmp-a001-02-000000010764328	grp-a001-02-000000069047580	사랑이	nad-a001-02-000000553654558	bsn-a001-00-000000013604308	00	02	529514	M	4	0	0	8	0
20260903	4291318	cmp-a001-02-000000010764328	grp-a001-02-000000069047580	견과류	nad-a001-02-000000541753959	bsn-a001-00-000000013604308	00	06	8753	M	4	0	0	16	0
20260903	4291318	cmp-a001-02-000000010764328	grp-a001-02-000000069047580	단백질섭취량	nad-a001-02-000000553654562	bsn-a001-00-000000013604308	00	09	8753	M	1	0	0	3	0
20260903	4291318	cmp-a001-02-000000010764328	grp-a001-02-000000069047580	식물성단백질쉐이크	nad-a001-02-000000553654562	bsn-a001-00-000000013604308	00	03	8753	M	1	0	0	7	0
20260903	4291318	cmp-a001-02-000000010764328	grp-a001-02-000000069047580	견과류	nad-a001-02-000000541753960	bsn-a001-00-000000013604308	00	09	27758	P	1	0	0	4	0
20260903	4291318	cmp-a001-02-000000010764328	grp-a001-02-000000072573876	추석선물세트	nad-a001-02-000000573683835	bsn-a001-00-000000013604308	00	04	684926	M	1	0	0	18	0
20260903	4291318	cmp-a001-02-000000010764328	grp-a001-02-000000069047580	견과류	nad-a001-02-000000541753999	bsn-a001-00-000000013604308	00	06	8753	M	4	1	2398	8	0
20260903	4291318	cmp-a001-02-000000010764328	grp-a001-02-000000069047580	스토어	nad-a001-02-000000541753997	bsn-a001-00-000000013604308	00	18	98128	M	7	0	0	7	0
20260903	4291318	cmp-a001-02-000000010764328	grp-a001-02-000000069047580	단백질바	nad-a001-02-000000553654559	bsn-a001-00-000000013604308	00	09	529514	M	6	0	0	18	0
20260903	4291318	cmp-a001-02-000000010764328	grp-a001-02-000000069047580	견과류	nad-a001-02-000000541753959	bsn-a001-00-000000013604308	00	10	529514	M	2	0	0	4	0
20260903	4291318	cmp-a001-02-000000010764328	grp-a001-02-000000069047580	견과세트	nad-a001-02-000000541753999	bsn-a001-00-000000013604308	00	02	768323	M	3	0	0	6	0
20260903	4291318	cmp-a001-02-000000010764328	grp-a001-02-000000069047580	젤리	nad-a001-02-000000541753985	bsn-a001-00-000000013604308	00	15	768323	M	1	0	0	1	0
20260903	4291318	cmp-a001-02-000000010764328	grp-a001-02-000000069047580	단백질보충제	nad-a001-02-000000553654562	bsn-a001-00-000000013604308	00	99	87620	M	1	0	0	1	0
20260903	4291318	cmp-a001-02-000000010764328	grp-a001-02-000000069047580	프로틴바	nad-a001-02-000000553654554	bsn-a001-00-000000013604308	00	02	8753	M	2	0	0	4	0
20260903	4291318	cmp-a001-02-000000010764328	grp-a001-02-000000069047580	하루에단백질	nad-a001-02-000000553654562	bsn-a001-00-000000013604308	00	03	137281	M	1	0	0	2	0
20260903	4291318	cmp-a001-02-000000010764328	grp-a001-02-000000069047580	사랑	nad-a001-02-000000553654554	bsn-a001-00-000000013604308	00	07	98128	M	1	0	0	2	0
20260903	4291318	cmp-a001-02-000000010764328	grp-a001-02-000000069047580	견과류	nad-a001-02-000000541753960	bsn-a001-00-000000013604308	00	18	529514	M	3	0	0	9	0
20260903	4291318	cmp-a001-02-000000010764328	grp-a001-02-000000069047580	플라이밀	nad-a001-02-000000553654562	bsn-a001-00-000000013604308	00	09	341893	M	1	0	0	2	0
20260903	4291318	cmp-a001-02-000000010764328	grp-a001-02-000000069047580	견과류세트	nad-a001-02-000000541753959	bsn-a001-00-000000013604308	00	04	8753	M	1	0	0	3	0
20260903	4291318	cmp-a001-02-000000010764328	grp-a001-02-000000069047580	견과류	nad-a001-02-000000541753999	bsn-a001-00-000000013604308	00	15	33421	M	1	0	0	2	0
20260903	4291318	cmp-a001-02-000000010764328	grp-a001-02-000000069047580	견과류	nad-a001-02-000000541753999	bsn-a001-00-000000013604308	00	06	529514	M	3	0	0	3	0
20260903	4291318	cmp-a001-02-000000010764328	grp-a001-02-000000069047580	하루견과	nad-a001-02-000000541753960	bsn-a001-00-000000013604308	00	04	529514	M	2	0	0	6	0
20260903	4291318	cmp-a001-02-000000010764328	grp-a001-02-000000069047580	단백질쉐이크식사대용	nad-a001-02-000000553654562	bsn-a001-00-000000013604308	00	06	684924	M	1	0	0	1	0
20260903	4291318	cmp-a001-02-000000010764328	grp-a001-02-000000069047580	견과류포장방법	nad-a001-02-000000541753960	bsn-a001-00-000000013604308	00	17	684924	M	1	0	0	1	0
20260903	4291318	cmp-a001-02-000000010764328	grp-a001-02-000000069047580	단백질	nad-a001-02-000000553654562	bsn-a001-00-000000013604308	00	02	8753	M	2	0	0	4	0
20260903	4291318	cmp-a001-02-000000010764328	grp-a001-02-000000069047580	견과세트	nad-a001-02-000000541753959	bsn-a001-00-000000013604308	00	15	768323	M	3	0	0	3	0
20260903	4291318	cmp-a001-02-000000010764328	grp-a001-02-000000069047580	프로틴바	nad-a001-02-000000553654554	bsn-a001-00-000000013604308	00	15	98128	M	4	0	0	4	0
20260903	4291318	cmp-a001-02-000000010764328	grp-a001-02-000000069047580	하루견과	nad-a001-02-000000541753999	bsn-a001-00-000000013604308	00	06	684926	M	1	0	0	1	0
20260903	4291318	cmp-a001-02-000000010764328	grp-a001-02-000000069047580	견과류	nad-a001-02-000000541753959	bsn-a001-00-000000013604308	00	02	684924	M	1	0	0	1	0
20260903	4291318	cmp-a001-02-000000010764328	grp-a001-02-000000069047580	곡물쉐이크	nad-a001-02-000000553654562	bsn-a001-00-000000013604308	00	15	8753	M	1	0	0	3	0
20260903	4291318	cmp-a001-02-000000010764328	grp-a001-02-000000069047580	하루견과	nad-a001-02-000000541753960	bsn-a001-00-000000013604308	00	04	8753	M	1	0	0	3	0
20260903	4291318	cmp-a001-02-000000010764328	grp-a001-02-000000069047580	견과류	nad-a001-02-000000541753999	bsn-a001-00-000000013604308	00	01	529514	M	6	0	0	6	0
20260903	4291318	cmp-a001-02-000000010764328	grp-a001-02-000000069047580	프로틴	nad-a001-02-000000553654562	bsn-a001-00-000000013604308	00	10	768323	M	1	0	0	1	0
20260903	4291318	cmp-a001-02-000000010764328	grp-a001-02-000000069047580	하루만	nad-a001-02-000000541753999	bsn-a001-00-000000013604308	00	03	529514	M	4	0	0	4	0
20260903	4291318	cmp-a001-02-000000010764328	grp-a001-02-000000069047580	프로틴바	nad-a001-02-000000553654559	bsn-a001-00-000000013604308	00	09	11068	P	1	0	0	20	0
20260903	4291318	cmp-a001-02-000000010764328	grp-a001-02-000000069047580	젤리	nad-a001-02-000000541753985	bsn-a001-00-000000013604308	00	09	8753	M	1	0	0	1	0
20260903	4291318	cmp-a001-02-000000010764328	grp-a001-02-000000069047580	프로틴	nad-a001-02-000000553654562	bsn-a001-00-000000013604308	00	11	529514	M	3	0	0	3	0
20260903	4291318	cmp-a001-02-000000010764328	grp-a001-02-000000069047580	가루	nad-a001-02-000000541753988	bsn-a001-00-000000013604308	00	04	11068	P	1	0	0	56	0
20260903	4291318	cmp-a001-02-000000010764328	grp-a001-02-000000069047580	하루견과	nad-a001-02-000000541753960	bsn-a001-00-000000013604308	00	09	529514	M	4	0	0	12	0
20260903	4291318	cmp-a001-02-000000010764328	grp-a001-02-000000069047580	하루견과	nad-a001-02-000000541753959	bsn-a001-00-000000013604308	00	99	8753	M	1	0	0	3	0
20260903	4291318	cmp-a001-02-000000010764328	grp-a001-02-000000069047580	단백질쉐이크	nad-a001-02-000000553654562	bsn-a001-00-000000013604308	00	01	529514	M	4	0	0	4	0
20260903	4291318	cmp-a001-02-000000010764328	grp-a001-02-000000072573876	추석선물세트	nad-a001-02-000000573683835	bsn-a001-00-000000013604308	10	18	8753	M	1	0	0	3	0
20260903	4291318	cmp-a001-02-000000010764328	grp-a001-02-000000069047580	황성주생식	nad-a001-02-000000541754004	bsn-a001-00-000000013604308	10	01	8753	M	4	0	0	8	0
20260903	4291318	cmp-a001-02-000000010764328	grp-a001-02-000000069047580	단백질바	nad-a001-02-000000553654558	bsn-a001-00-000000013604308	10	00	27758	P	1	0	0	3	0
20260903	4291318	cmp-a001-02-000000010764328	grp-a001-02-000000069047580	하루견과	nad-a001-02-000000541753999	bsn-a001-00-000000013604308	10	08	684925	P	1	0	0	1	0
20260903	4291318	cmp-a001-02-000000010764328	grp-a001-02-000000069047580	프로틴	nad-a001-02-000000553654562	bsn-a001-00-000000013604308	10	15	768323	M	2	0	0	2	0
20260903	4291318	cmp-a001-02-000000010764328	grp-a001-02-000000069047580	단백질쉐이크	nad-a001-02-000000553654562	bsn-a001-00-000000013604308	10	13	684927	P	1	0	0	26	0
20260903	4291318	cmp-a001-02-000000010764328	grp-a001-02-000000069047580	하루견과	nad-a001-02-000000541753959	bsn-a001-00-000000013604308	10	15	684926	M	1	0	0	4	0
20260903	4291318	cmp-a001-02-000000010764328	grp-a001-02-000000069047580	견과류	nad-a001-02-000000541753959	bsn-a001-00-000000013604308	10	11	27758	P	1	0	0	3	0
20260903	4291318	cmp-a001-02-000000010764328	grp-a001-02-000000069047580	견과류세트	nad-a001-02-000000541753999	bsn-a001-00-000000013604308	10	08	8753	M	2	0	0	2	0
20260903	4291318	cmp-a001-02-000000010764328	grp-a001-02-000000072573876	추석선물세트추천	nad-a001-02-000000573683834	bsn-a001-00-000000013604308	10	06	11068	P	1	0	0	3	0
20260903	4291318	cmp-a001-02-000000010764328	grp-a001-02-000000072573876	가루	nad-a001-02-000000573683834	bsn-a001-00-000000013604308	10	18	529514	M	1	0	0	25	0
20260903	4291318	cmp-a001-02-000000010764328	grp-a001-02-000000069047580	하루견과	nad-a001-02-000000541753999	bsn-a001-00-000000013604308	10	10	529514	M	2	0	0	2	0
20260903	4291318	cmp-a001-02-000000010764328	grp-a001-02-000000069047580	견과류	nad-a001-02-000000541753999	bsn-a001-00-000000013604308	10	01	529514	M	6	0	0	7	0
20260903	4291318	cmp-a001-02-000000010764328	grp-a001-02-000000072573876	추석선물	nad-a001-02-000000573683835	bsn-a001-00-000000013604308	10	02	8753	M	2	0	0	6	0
20260903	4291318	cmp-a001-02-000000010764328	grp-a001-02-000000069047580	갓	nad-a001-02-000000541753960	bsn-a001-00-000000013604308	10	02	8753	M	1	0	0	3	0
20260903	4291318	cmp-a001-02-000000010764328	grp-a001-02-000000069047580	가루	nad-a001-02-000000541754004	bsn-a001-00-000000013604308	10	02	8753	M	1	0	0	2	0
20260903	4291318	cmp-a001-02-000000010764328	grp-a001-02-000000069047580	견과류	nad-a001-02-000000541753999	bsn-a001-00-000000013604308	10	16	11068	P	1	0	0	2	0
20260903	4291318	cmp-a001-02-000000010764328	grp-a001-02-000000072573876	추석선물세트	nad-a001-02-000000573683835	bsn-a001-00-000000013604308	10	08	8753	M	1	0	0	3	0
20260903	4291318	cmp-a001-02-000000010764328	grp-a001-02-000000069047580	하루견과	nad-a001-02-000000541753959	bsn-a001-00-000000013604308	10	09	11068	P	1	0	0	4	0
20260903	4291318	cmp-a001-02-000000010764328	grp-a001-02-000000069047580	프로틴	nad-a001-02-000000553654562	bsn-a001-00-000000013604308	10	08	768323	M	4	0	0	5	0
20260903	4291318	cmp-a001-02-000000010764328	grp-a001-02-000000069047580	하루견과	nad-a001-02-000000541753960	bsn-a001-00-000000013604308	10	99	8753	M	1	0	0	3	0
20260903	4291318	cmp-a001-02-000000010764328	grp-a001-02-000000069047580	하루견과	nad-a001-02-000000541753959	bsn-a001-00-000000013604308	10	02	33421	M	1	0	0	3	0
20260903	4291318	cmp-a001-02-000000010764328	grp-a001-02-000000069047580	동결건조식품장단점	nad-a001-02-000000541754004	bsn-a001-00-000000013604308	10	09	8753	M	1	0	0	2	0
20260903	4291318	cmp-a001-02-000000010764328	grp-a001-02-000000069047580	오트리고메넛츠	nad-a001-02-000000541753959	bsn-a001-00-000000013604308	10	01	341898	M	1	0	0	1	0
20260903	4291318	cmp-a001-02-000000010764328	grp-a001-02-000000069047580	견과류	nad-a001-02-000000541753960	bsn-a001-00-000000013604308	10	02	27758	P	1	0	0	2	0
20260903	4291318	cmp-a001-02-000000010764328	grp-a001-02-000000069047580	견과류	nad-a001-02-000000541753959	bsn-a001-00-000000013604308	10	03	27758	P	1	0	0	3	0
20260903	4291318	cmp-a001-02-000000010764328	grp-a001-02-000000069047580	갓	nad-a001-02-000000541753960	bsn-a001-00-000000013604308	10	02	798056	M	1	0	0	2	0
20260903	4291318	cmp-a001-02-000000010764328	grp-a001-02-000000069047580	편의점견과류	nad-a001-02-000000541753959	bsn-a001-00-000000013604308	10	02	8753	M	1	0	0	2	0
20260903	4291318	cmp-a001-02-000000010764328	grp-a001-02-000000069047580	견과류세트	nad-a001-02-000000541753999	bsn-a001-00-000000013604308	10	10	684924	M	1	0	0	1	0
20260903	4291318	cmp-a001-02-000000010764328	grp-a001-02-000000069047580	단백질쉐이크	nad-a001-02-000000553654562	bsn-a001-00-000000013604308	10	08	98128	M	2	0	0	2	0
20260903	4291318	cmp-a001-02-000000010764328	grp-a001-02-000000069047580	프로틴	nad-a001-02-000000553654562	bsn-a001-00-000000013604308	10	03	529514	M	1	0	0	1	0
20260903	4291318	cmp-a001-02-000000010764328	grp-a001-02-000000069047580	견과류	nad-a001-02-000000541753999	bsn-a001-00-000000013604308	10	18	8753	M	1	0	0	2	0
20260903	4291318	cmp-a001-02-000000010764328	grp-a001-02-000000069047580	황성주생식	nad-a001-02-000000541754005	bsn-a001-00-000000013604308	10	16	529514	M	1	0	0	3	0
20260903	4291318	cmp-a001-02-000000010764328	grp-a001-02-000000069047580	견과세트	nad-a001-02-000000541753959	bsn-a001-00-000000013604308	10	07	768323	M	2	0	0	2	0
20260903	4291318	cmp-a001-02-000000010764328	grp-a001-02-000000069047580	하루견과	nad-a001-02-000000541753959	bsn-a001-00-000000013604308	10	11	529514	M	4	0	0	12	0
20260903	4291318	cmp-a001-02-000000010764328	grp-a001-02-000000069047580	하루견과	nad-a001-02-000000541753960	bsn-a001-00-000000013604308	10	09	27758	P	1	0	0	4	0
20260903	4291318	cmp-a001-02-000000010764328	grp-a001-02-000000069047580	식물성단백질	nad-a001-02-000000553654562	bsn-a001-00-000000013604308	10	02	684926	M	1	0	0	12	0
20260903	4291318	cmp-a001-02-000000010764328	grp-a001-02-000000069047580	견과류	nad-a001-02-000000541753999	bsn-a001-00-000000013604308	10	11	529514	M	10	0	0	10	0
20260903	4291318	cmp-a001-02-000000010764328	grp-a001-02-000000069047580	가루	nad-a001-02-000000541753997	bsn-a001-00-000000013604308	10	02	8753	M	1	0	0	1	0
20260903	4291318	cmp-a001-02-000000010764328	grp-a001-02-000000069047580	단백질쉐이크	nad-a001-02-000000553654562	bsn-a001-00-000000013604308	10	16	529514	M	2	0	0	4	0
20260903	4291318	cmp-a001-02-000000010764328	grp-a001-02-000000069047580	하루견과	nad-a001-02-000000541753960	bsn-a001-00-000000013604308	10	08	8753	M	2	0	0	9	0
20260903	4291318	cmp-a001-02-000000010764328	grp-a001-02-000000069047580	프로틴바	nad-a001-02-000000553654558	bsn-a001-00-000000013604308	10	09	8753	M	1	0	0	6	0
20260903	4291318	cmp-a001-02-000000010764328	grp-a001-02-000000069047580	생식가루	nad-a001-02-000000541753997	bsn-a001-00-000000013604308	10	16	8753	M	1	0	0	1	0
20260903	4291318	cmp-a001-02-000000010764328	grp-a001-02-000000069047580	에너지바	nad-a001-02-000000553654554	bsn-a001-00-000000013604308	10	02	11068	P	1	0	0	1	0
20260903	4291318	cmp-a001-02-000000010764328	grp-a001-02-000000069047580	견과	nad-a001-02-000000541753999	bsn-a001-00-000000013604308	10	03	27758	P	1	0	0	2	0
20260903	4291318	cmp-a001-02-000000010764328	grp-a001-02-000000069047580	프로틴	nad-a001-02-000000553654562	bsn-a001-00-000000013604308	10	06	98128	M	1	0	0	1	0
20260903	4291318	cmp-a001-02-000000010764328	grp-a001-02-000000069047580	견과류	nad-a001-02-000000541753960	bsn-a001-00-000000013604308	10	13	529514	M	8	0	0	32	0
20260903	4291318	cmp-a001-02-000000010764328	grp-a001-02-000000069047580	견과류	nad-a001-02-000000541753959	bsn-a001-00-000000013604308	10	13	684926	M	1	0	0	6	0
20260903	4291318	cmp-a001-02-000000010764328	grp-a001-02-000000069047580	추석견과류세트추천	nad-a001-02-000000541753999	bsn-a001-00-000000013604308	10	08	341893	M	1	0	0	1	0
20260903	4291318	cmp-a001-02-000000010764328	grp-a001-02-000000069047580	견과류추천	nad-a001-02-000000541753959	bsn-a001-00-000000013604308	10	09	684924	M	1	0	0	1	0
20260903	4291318	cmp-a001-02-000000010764328	grp-a001-02-000000069047580	갓	nad-a001-02-000000541753999	bsn-a001-00-000000013604308	10	02	684925	P	1	0	0	1	0
20260903	4291318	cmp-a001-02-000000010764328	grp-a001-02-000000069047580	프로틴	nad-a001-02-000000553654562	bsn-a001-00-000000013604308	10	09	768323	M	67	0	0	85	0
20260903	4291318	cmp-a001-02-000000010764328	grp-a001-02-000000069047580	견과류	nad-a001-02-000000541753960	bsn-a001-00-000000013604308	10	07	8753	M	1	0	0	4	0
20260903	4291318	cmp-a001-02-000000010764328	grp-a001-02-000000069047580	견과류	nad-a001-02-000000541753999	bsn-a001-00-000000013604308	10	04	684927	P	2	0	0	4	0
20260903	4291318	cmp-a001-02-000000010764328	grp-a001-02-000000069047580	단백질바	nad-a001-02-000000553654559	bsn-a001-00-000000013604308	10	09	684927	P	2	0	0	20	0
20260903	4291318	cmp-a001-02-000000010764328	grp-a001-02-000000069047580	하루견과	nad-a001-02-000000541753960	bsn-a001-00-000000013604308	10	02	529514	M	2	0	0	4	0
20260903	4291318	cmp-a001-02-000000010764328	grp-a001-02-000000069047580	에너지바	nad-a001-02-000000553654559	bsn-a001-00-000000013604308	10	02	11068	P	1	0	0	10	0
20260903	4291318	cmp-a001-02-000000010764328	grp-a001-02-000000072573876	추석선물세트	nad-a001-02-000000573683835	bsn-a001-00-000000013604308	10	09	8753	M	1	0	0	4	0
20260903	4291318	cmp-a001-02-000000010764328	grp-a001-02-000000069047580	젤리	nad-a001-02-000000541753985	bsn-a001-00-000000013604308	10	02	609155	M	1	0	0	5	0
20260903	4291318	cmp-a001-02-000000010764328	grp-a001-02-000000069047580	단백질바	nad-a001-02-000000553654554	bsn-a001-00-000000013604308	10	02	27758	P	2	0	0	4	0
20260903	4291318	cmp-a001-02-000000010764328	grp-a001-02-000000069047580	가루	nad-a001-02-000000541754004	bsn-a001-00-000000013604308	10	18	529514	M	6	0	0	17	0
20260903	4291318	cmp-a001-02-000000010764328	grp-a001-02-000000069047580	사랑	nad-a001-02-000000553654558	bsn-a001-00-000000013604308	10	11	612594	M	1	0	0	3	0
20260903	4291318	cmp-a001-02-000000010764328	grp-a001-02-000000069047580	황성주생식	nad-a001-02-000000541754005	bsn-a001-00-000000013604308	10	04	529514	M	1	0	0	3	0
20260903	4291318	cmp-a001-02-000000010764328	grp-a001-02-000000069047580	프로틴바	nad-a001-02-000000553654558	bsn-a001-00-000000013604308	10	08	529514	M	2	0	0	4	0
20260903	4291318	cmp-a001-02-000000010764328	grp-a001-02-000000069047580	프로틴단백질	nad-a001-02-000000553654562	bsn-a001-00-000000013604308	10	02	8753	M	1	0	0	4	0
20260903	4291318	cmp-a001-02-000000010764328	grp-a001-02-000000069047580	황성주생식	nad-a001-02-000000541754005	bsn-a001-00-000000013604308	10	16	8753	M	2	0	0	8	0
20260903	4291318	cmp-a001-02-000000010764328	grp-a001-02-000000069047580	젤리	nad-a001-02-000000541753985	bsn-a001-00-000000013604308	10	13	8753	M	1	0	0	2	0
20260903	4291318	cmp-a001-02-000000010764328	grp-a001-02-000000069047580	견과류	nad-a001-02-000000541753999	bsn-a001-00-000000013604308	10	07	8753	M	1	0	0	2	0
20260903	4291318	cmp-a001-02-000000010764328	grp-a001-02-000000069047580	견과류	nad-a001-02-000000541753999	bsn-a001-00-000000013604308	10	03	529514	M	15	0	0	15	0
20260903	4291318	cmp-a001-02-000000010764328	grp-a001-02-000000069047580	견과류	nad-a001-02-000000541753959	bsn-a001-00-000000013604308	10	07	529514	M	6	0	0	12	0
20260903	4291318	cmp-a001-02-000000010764328	grp-a001-02-000000069047580	프로틴	nad-a001-02-000000553654562	bsn-a001-00-000000013604308	10	09	23123	P	1	0	0	2	0
20260903	4291318	cmp-a001-02-000000010764328	grp-a001-02-000000069047580	황성주생식	nad-a001-02-000000541753988	bsn-a001-00-000000013604308	10	16	8753	M	1	0	0	5	0
20260903	4291318	cmp-a001-02-000000010764328	grp-a001-02-000000069047580	견과류	nad-a001-02-000000541753999	bsn-a001-00-000000013604308	10	13	8753	M	2	0	0	7	0
20260903	4291318	cmp-a001-02-000000010764328	grp-a001-02-000000069047580	견과류선물세트	nad-a001-02-000000541753999	bsn-a001-00-000000013604308	10	02	684925	P	2	0	0	2	0
20260903	4291318	cmp-a001-02-000000010764328	grp-a001-02-000000069047580	프로틴쉐이크	nad-a001-02-000000553654562	bsn-a001-00-000000013604308	10	99	529514	M	7	0	0	7	0
20260903	4291318	cmp-a001-02-000000010764328	grp-a001-02-000000069047580	견과류세트	nad-a001-02-000000541753999	bsn-a001-00-000000013604308	10	16	8753	M	3	0	0	3	0
20260903	4291318	cmp-a001-02-000000010764328	grp-a001-02-000000069047580	견과류	nad-a001-02-000000541753999	bsn-a001-00-000000013604308	10	16	27758	P	1	0	0	2	0
20260903	4291318	cmp-a001-02-000000010764328	grp-a001-02-000000069047580	단백질크런치바	nad-a001-02-000000553654558	bsn-a001-00-000000013604308	10	04	684925	P	1	0	0	1	0
20260903	4291318	cmp-a001-02-000000010764328	grp-a001-02-000000069047580	단백질바	nad-a001-02-000000553654559	bsn-a001-00-000000013604308	10	99	684926	M	1	0	0	15	0
20260903	4291318	cmp-a001-02-000000010764328	grp-a001-02-000000072573876	추석선물	nad-a001-02-000000573683834	bsn-a001-00-000000013604308	10	08	27758	P	1	0	0	1	0
20260903	4291318	cmp-a001-02-000000010764328	grp-a001-02-000000069047580	칼로리바	nad-a001-02-000000553654559	bsn-a001-00-000000013604308	10	02	33421	M	1	0	0	3	0
20260903	4291318	cmp-a001-02-000000010764328	grp-a001-02-000000069047580	견과류세트	nad-a001-02-000000541753999	bsn-a001-00-000000013604308	10	15	27758	P	1	0	0	1	0
20260903	4291318	cmp-a001-02-000000010764328	grp-a001-02-000000069047580	갓	nad-a001-02-000000541753959	bsn-a001-00-000000013604308	10	18	8753	M	1	0	0	2	0
20260903	4291318	cmp-a001-02-000000010764328	grp-a001-02-000000069047580	프로틴	nad-a001-02-000000553654562	bsn-a001-00-000000013604308	10	15	11068	P	1	0	0	13	0
20260903	4291318	cmp-a001-02-000000010764328	grp-a001-02-000000069047580	하루견과	nad-a001-02-000000541753959	bsn-a001-00-000000013604308	10	09	341893	M	1	0	0	1	0
20260903	4291318	cmp-a001-02-000000010764328	grp-a001-02-000000069047580	견과류	nad-a001-02-000000541753999	bsn-a001-00-000000013604308	10	16	8753	M	1	0	0	4	0
20260903	4291318	cmp-a001-02-000000010764328	grp-a001-02-000000069047580	황성주생식	nad-a001-02-000000541753996	bsn-a001-00-000000013604308	10	01	8753	M	4	0	0	12	0
20260903	4291318	cmp-a001-02-000000010764328	grp-a001-02-000000069047580	견과류	nad-a001-02-000000541753999	bsn-a001-00-000000013604308	10	07	27758	P	1	0	0	2	0
20260903	4291318	cmp-a001-02-000000010764328	grp-a001-02-000000069047580	젤리	nad-a001-02-000000541753985	bsn-a001-00-000000013604308	10	06	27758	P	1	0	0	3	0
20260903	4291318	cmp-a001-02-000000010764328	grp-a001-02-000000069047580	동결건조가루	nad-a001-02-000000541753996	bsn-a001-00-000000013604308	10	11	8753	M	1	0	0	4	0
20260903	4291318	cmp-a001-02-000000010764328	grp-a001-02-000000069047580	동결건조야채분말	nad-a001-02-000000541754004	bsn-a001-00-000000013604308	10	02	341898	M	2	0	0	2	0
20260903	4291318	cmp-a001-02-000000010764328	grp-a001-02-000000069047580	갓	nad-a001-02-000000541753960	bsn-a001-00-000000013604308	10	06	8753	M	2	0	0	6	0
20260903	4291318	cmp-a001-02-000000010764328	grp-a001-02-000000069047580	에너지바	nad-a001-02-000000553654558	bsn-a001-00-000000013604308	10	02	11068	P	1	0	0	4	0
20260903	4291318	cmp-a001-02-000000010764328	grp-a001-02-000000069047580	사탕젤리	nad-a001-02-000000541753985	bsn-a001-00-000000013604308	10	02	23123	P	1	0	0	4	0
20260903	4291318	cmp-a001-02-000000010764328	grp-a001-02-000000069047580	견과류세트	nad-a001-02-000000541753999	bsn-a001-00-000000013604308	10	15	8753	M	1	0	0	1	0
20260903	4291318	cmp-a001-02-000000010764328	grp-a001-02-000000069047580	견과류세트	nad-a001-02-000000541753959	bsn-a001-00-000000013604308	10	15	8753	M	1	0	0	3	0
20260903	4291318	cmp-a001-02-000000010764328	grp-a001-02-000000072573876	추석선물세트	nad-a001-02-000000573683834	bsn-a001-00-000000013604308	10	11	8753	M	2	0	0	5	0
20260903	4291318	cmp-a001-02-000000010764328	grp-a001-02-000000069047580	프로틴쉐이크	nad-a001-02-000000553654562	bsn-a001-00-000000013604308	10	13	529514	M	4	0	0	4	0
20260903	4291318	cmp-a001-02-000000010764328	grp-a001-02-000000069047580	젤리	nad-a001-02-000000541753985	bsn-a001-00-000000013604308	10	09	11068	P	1	0	0	4	0
20260903	4291318	cmp-a001-02-000000010764328	grp-a001-02-000000069047580	견과류	nad-a001-02-000000541753999	bsn-a001-00-000000013604308	10	09	768323	M	1	0	0	1	0
20260903	4291318	cmp-a001-02-000000010764328	grp-a001-02-000000069047580	프로틴	nad-a001-02-000000553654562	bsn-a001-00-000000013604308	10	07	768323	M	4	0	0	6	0
20260903	4291318	cmp-a001-02-000000010764328	grp-a001-02-000000069047580	사랑은	nad-a001-02-000000553654559	bsn-a001-00-000000013604308	10	00	98128	M	1	0	0	5	0
20260903	4291318	cmp-a001-02-000000010764328	grp-a001-02-000000069047580	하루견과100봉	nad-a001-02-000000541753960	bsn-a001-00-000000013604308	10	03	341893	M	1	0	0	1	0
20260903	4291318	cmp-a001-02-000000010764328	grp-a001-02-000000069047580	견과류세트	nad-a001-02-000000541753960	bsn-a001-00-000000013604308	10	02	27758	P	1	0	0	3	0
20260903	4291318	cmp-a001-02-000000010764328	grp-a001-02-000000069047580	에너지바	nad-a001-02-000000553654554	bsn-a001-00-000000013604308	10	09	87620	M	1	0	0	1	0
20260903	4291318	cmp-a001-02-000000010764328	grp-a001-02-000000069047580	동결건조식품원리	nad-a001-02-000000541754004	bsn-a001-00-000000013604308	10	08	8753	M	2	0	0	4	0
20260903	4291318	cmp-a001-02-000000010764328	grp-a001-02-000000072573876	명절선물	nad-a001-02-000000573683835	bsn-a001-00-000000013604308	10	11	529514	M	3	0	0	58	0
20260903	4291318	cmp-a001-02-000000010764328	grp-a001-02-000000069047580	하루단백질섭취량	nad-a001-02-000000553654562	bsn-a001-00-000000013604308	10	03	8753	M	1	0	0	3	0
20260903	4291318	cmp-a001-02-000000010764328	grp-a001-02-000000069047580	황성주생식	nad-a001-02-000000541753997	bsn-a001-00-000000013604308	10	04	529514	M	1	0	0	4	0
20260903	4291318	cmp-a001-02-000000010764328	grp-a001-02-000000069047580	에너지바	nad-a001-02-000000553654558	bsn-a001-00-000000013604308	10	09	87620	M	1	0	0	2	0
20260903	4291318	cmp-a001-02-000000010764328	grp-a001-02-000000072573876	추석선물세트	nad-a001-02-000000573683834	bsn-a001-00-000000013604308	10	15	8753	M	1	0	0	3	0
20260903	4291318	cmp-a001-02-000000010764328	grp-a001-02-000000069047580	단백질바	nad-a001-02-000000553654554	bsn-a001-00-000000013604308	10	99	529514	M	4	0	0	4	0
20260903	4291318	cmp-a001-02-000000010764328	grp-a001-02-000000069047580	견과류	nad-a001-02-000000541753959	bsn-a001-00-000000013604308	10	10	529514	M	11	0	0	22	0
20260903	4291318	cmp-a001-02-000000010764328	grp-a001-02-000000072573876	선식추천	nad-a001-02-000000573683835	bsn-a001-00-000000013604308	10	09	341893	M	1	0	0	3	0
20260903	4291318	cmp-a001-02-000000010764328	grp-a001-02-000000069047580	제리	nad-a001-02-000000541753985	bsn-a001-00-000000013604308	10	02	8753	M	1	0	0	4	0
20260903	4291318	cmp-a001-02-000000010764328	grp-a001-02-000000069047580	견과류보관방법	nad-a001-02-000000541753999	bsn-a001-00-000000013604308	10	18	8753	M	1	0	0	2	0
20260903	4291318	cmp-a001-02-000000010764328	grp-a001-02-000000069047580	사랑은	nad-a001-02-000000553654554	bsn-a001-00-000000013604308	10	00	98128	M	1	0	0	1	0
20260903	4291318	cmp-a001-02-000000010764328	grp-a001-02-000000069047580	견과류	nad-a001-02-000000541753959	bsn-a001-00-000000013604308	10	09	529514	M	108	0	0	217	0
20260903	4291318	cmp-a001-02-000000010764328	grp-a001-02-000000069047580	사랑님	nad-a001-02-000000553654558	bsn-a001-00-000000013604308	10	02	529514	M	2	0	0	4	0
20260903	4291318	cmp-a001-02-000000010764328	grp-a001-02-000000069047580	견과류	nad-a001-02-000000541753959	bsn-a001-00-000000013604308	10	15	529514	M	6	0	0	12	0
20260903	4291318	cmp-a001-02-000000010764328	grp-a001-02-000000072573876	추석선물	nad-a001-02-000000573683835	bsn-a001-00-000000013604308	10	18	8753	M	1	0	0	4	0
20260903	4291318	cmp-a001-02-000000010764328	grp-a001-02-000000069047580	황성주생식	nad-a001-02-000000541753997	bsn-a001-00-000000013604308	10	04	8753	M	1	1	5637	1	0
20260903	4291318	cmp-a001-02-000000010764328	grp-a001-02-000000069047580	젤리	nad-a001-02-000000541753985	bsn-a001-00-000000013604308	10	02	11068	P	2	0	0	2	0
20260903	4291318	cmp-a001-02-000000010764328	grp-a001-02-000000069047580	견과	nad-a001-02-000000541753959	bsn-a001-00-000000013604308	10	13	684927	P	2	0	0	6	0
20260903	4291318	cmp-a001-02-000000010764328	grp-a001-02-000000069047580	에너지바	nad-a001-02-000000553654558	bsn-a001-00-000000013604308	10	02	33421	M	1	0	0	6	0
20260903	4291318	cmp-a001-02-000000010764328	grp-a001-02-000000069047580	에너지바	nad-a001-02-000000553654554	bsn-a001-00-000000013604308	10	02	791888	M	1	0	0	1	0
20260903	4291318	cmp-a001-02-000000010764328	grp-a001-02-000000069047580	견과	nad-a001-02-000000541753999	bsn-a001-00-000000013604308	10	06	8753	M	1	0	0	2	0
20260903	4291318	cmp-a001-02-000000010764328	grp-a001-02-000000072573876	추석선물세트	nad-a001-02-000000573683835	bsn-a001-00-000000013604308	10	03	529514	M	1	0	0	21	0
20260903	4291318	cmp-a001-02-000000010764328	grp-a001-02-000000069047580	견과류	nad-a001-02-000000541753999	bsn-a001-00-000000013604308	10	18	11068	P	1	0	0	2	0
20260903	4291318	cmp-a001-02-000000010764328	grp-a001-02-000000072573876	추석선물세트	nad-a001-02-000000573683835	bsn-a001-00-000000013604308	10	17	529514	M	4	0	0	84	0
20260903	4291318	cmp-a001-02-000000010764328	grp-a001-02-000000069047580	견과류	nad-a001-02-000000541753960	bsn-a001-00-000000013604308	10	03	612593	P	1	0	0	1	0
20260903	4291318	cmp-a001-02-000000010764328	grp-a001-02-000000069047580	하루견과	nad-a001-02-000000541753959	bsn-a001-00-000000013604308	10	99	8753	M	1	0	0	4	0
20260903	4291318	cmp-a001-02-000000010764328	grp-a001-02-000000069047580	견과류	nad-a001-02-000000541753999	bsn-a001-00-000000013604308	10	14	27758	P	1	0	0	2	0
20260903	4291318	cmp-a001-02-000000010764328	grp-a001-02-000000069047580	황성주생식	nad-a001-02-000000541753996	bsn-a001-00-000000013604308	10	08	341893	M	1	0	0	1	0
20260903	4291318	cmp-a001-02-000000010764328	grp-a001-02-000000069047580	견과류	nad-a001-02-000000541753999	bsn-a001-00-000000013604308	10	14	684925	P	1	0	0	1	0
20260903	4291318	cmp-a001-02-000000010764328	grp-a001-02-000000069047580	황성주생식	nad-a001-02-000000541754004	bsn-a001-00-000000013604308	10	16	8753	M	2	0	0	4	0
20260903	4291318	cmp-a001-02-000000010764328	grp-a001-02-000000069047580	황성주생식	nad-a001-02-000000541753997	bsn-a001-00-000000013604308	10	16	8753	M	2	0	0	2	0
20260903	4291318	cmp-a001-02-000000010764328	grp-a001-02-000000069047580	견과류세트	nad-a001-02-000000541753959	bsn-a001-00-000000013604308	10	09	8753	M	1	0	0	4	0
20260903	4291318	cmp-a001-02-000000010764328	grp-a001-02-000000069047580	샐러드젤리	nad-a001-02-000000541753985	bsn-a001-00-000000013604308	10	03	341893	M	1	0	0	6	0
20260903	4291318	cmp-a001-02-000000010764328	grp-a001-02-000000069047580	단백질쉐이크	nad-a001-02-000000553654562	bsn-a001-00-000000013604308	10	10	529514	M	2	0	0	2	0
20260903	4291318	cmp-a001-02-000000010764328	grp-a001-02-000000072573876	명절선물	nad-a001-02-000000573683834	bsn-a001-00-000000013604308	10	15	529514	M	2	0	0	37	0
20260903	4291318	cmp-a001-02-000000010764328	grp-a001-02-000000072573876	추석선물	nad-a001-02-000000573683835	bsn-a001-00-000000013604308	10	08	11068	P	1	0	0	3	0
20260903	4291318	cmp-a001-02-000000010764328	grp-a001-02-000000072573876	추석선물	nad-a001-02-000000573683834	bsn-a001-00-000000013604308	10	09	27758	P	1	0	0	1	0
20260903	4291318	cmp-a001-02-000000010764328	grp-a001-02-000000069047580	사랑	nad-a001-02-000000553654559	bsn-a001-00-000000013604308	10	09	98128	M	1	0	0	5	0
20260903	4291318	cmp-a001-02-000000010764328	grp-a001-02-000000069047580	생식가루	nad-a001-02-000000541754005	bsn-a001-00-000000013604308	10	06	11068	P	1	0	0	4	0
20260903	4291318	cmp-a001-02-000000010764328	grp-a001-02-000000069047580	견과류종류별하루권장량알려주세요	nad-a001-02-000000541753999	bsn-a001-00-000000013604308	10	02	8753	M	1	0	0	2	0
20260903	4291318	cmp-a001-02-000000010764328	grp-a001-02-000000069047580	견과류	nad-a001-02-000000541753999	bsn-a001-00-000000013604308	10	99	529514	M	61	0	0	63	0
20260903	4291318	cmp-a001-02-000000010764328	grp-a001-02-000000072573876	추석선물세트	nad-a001-02-000000573683835	bsn-a001-00-000000013604308	10	99	529514	M	23	0	0	424	0
20260903	4291318	cmp-a001-02-000000010764328	grp-a001-02-000000069047580	견과류	nad-a001-02-000000541753999	bsn-a001-00-000000013604308	10	14	11068	P	1	0	0	2	0
20260903	4291318	cmp-a001-02-000000010764328	grp-a001-02-000000069047580	견과류	nad-a001-02-000000541753999	bsn-a001-00-000000013604308	10	17	33421	M	2	0	0	4	0
20260903	4291318	cmp-a001-02-000000010764328	grp-a001-02-000000072573876	추석선물	nad-a001-02-000000573683834	bsn-a001-00-000000013604308	10	03	11068	P	1	0	0	3	0
20260903	4291318	cmp-a001-02-000000010764328	grp-a001-02-000000069047580	황성주생식	nad-a001-02-000000541754004	bsn-a001-00-000000013604308	10	16	529514	M	1	0	0	2	0
20260903	4291318	cmp-a001-02-000000010764328	grp-a001-02-000000069047580	쉐이크	nad-a001-02-000000553654562	bsn-a001-00-000000013604308	10	09	98128	M	2	0	0	2	0
20260903	4291318	cmp-a001-02-000000010764328	grp-a001-02-000000072573876	추석선물세트추천	nad-a001-02-000000573683834	bsn-a001-00-000000013604308	10	18	27758	P	2	0	0	3	0
20260903	4291318	cmp-a001-02-000000010764328	grp-a001-02-000000069047580	하루견과	nad-a001-02-000000541753999	bsn-a001-00-000000013604308	10	08	8753	M	2	0	0	2	0
20260903	4291318	cmp-a001-02-000000010764328	grp-a001-02-000000069047580	프로틴쉐이크	nad-a001-02-000000553654562	bsn-a001-00-000000013604308	10	06	8753	M	1	0	0	13	0
20260903	4291318	cmp-a001-02-000000010764328	grp-a001-02-000000069047580	황성주생식	nad-a001-02-000000541753996	bsn-a001-00-000000013604308	10	16	8753	M	2	1	5005	6	0
20260903	4291318	cmp-a001-02-000000010764328	grp-a001-02-000000069047580	공복견과류	nad-a001-02-000000541753999	bsn-a001-00-000000013604308	10	99	8753	M	2	0	0	2	0
20260903	4291318	cmp-a001-02-000000010764328	grp-a001-02-000000069047580	견과류선물세트	nad-a001-02-000000541753999	bsn-a001-00-000000013604308	10	08	684926	M	1	0	0	1	0
20260903	4291318	cmp-a001-02-000000010764328	grp-a001-02-000000069047580	견과세트	nad-a001-02-000000541753999	bsn-a001-00-000000013604308	10	09	768323	M	8	0	0	16	0
20260903	4291318	cmp-a001-02-000000010764328	grp-a001-02-000000069047580	견과류세트	nad-a001-02-000000541753960	bsn-a001-00-000000013604308	10	16	33421	M	2	0	0	6	0
20260903	4291318	cmp-a001-02-000000010764328	grp-a001-02-000000069047580	견과류	nad-a001-02-000000541753960	bsn-a001-00-000000013604308	10	14	529514	M	3	0	0	12	0
20260903	4291318	cmp-a001-02-000000010764328	grp-a001-02-000000069047580	하루견과	nad-a001-02-000000541753999	bsn-a001-00-000000013604308	10	06	27758	P	3	0	0	3	0
20260903	4291318	cmp-a001-02-000000010764328	grp-a001-02-000000069047580	견과류	nad-a001-02-000000541753999	bsn-a001-00-000000013604308	10	16	529514	M	8	0	0	8	0
20260903	4291318	cmp-a001-02-000000010764328	grp-a001-02-000000069047580	사랑님	nad-a001-02-000000553654559	bsn-a001-00-000000013604308	10	02	529514	M	2	0	0	13	0
20260903	4291318	cmp-a001-02-000000010764328	grp-a001-02-000000069047580	동결건조야채분말	nad-a001-02-000000541753988	bsn-a001-00-000000013604308	10	09	341893	M	1	0	0	6	0
20260903	4291318	cmp-a001-02-000000010764328	grp-a001-02-000000069047580	견과류세트	nad-a001-02-000000541753959	bsn-a001-00-000000013604308	10	15	27758	P	1	0	0	2	0
20260903	4291318	cmp-a001-02-000000010764328	grp-a001-02-000000069047580	하루견과	nad-a001-02-000000541753959	bsn-a001-00-000000013604308	10	99	11068	P	1	0	0	3	0
20260903	4291318	cmp-a001-02-000000010764328	grp-a001-02-000000069047580	단백질바	nad-a001-02-000000553654558	bsn-a001-00-000000013604308	10	99	529514	M	4	0	0	8	0
20260903	4291318	cmp-a001-02-000000010764328	grp-a001-02-000000069047580	견과류세트	nad-a001-02-000000541753959	bsn-a001-00-000000013604308	10	06	8753	M	2	0	0	8	0
20260903	4291318	cmp-a001-02-000000010764328	grp-a001-02-000000069047580	견과류	nad-a001-02-000000541753959	bsn-a001-00-000000013604308	10	08	684924	M	1	0	0	1	0
20260903	4291318	cmp-a001-02-000000010764328	grp-a001-02-000000069047580	견과류	nad-a001-02-000000541753999	bsn-a001-00-000000013604308	10	09	11068	P	2	0	0	5	0
20260903	4291318	cmp-a001-02-000000010764328	grp-a001-02-000000069047580	견과류세트	nad-a001-02-000000541753999	bsn-a001-00-000000013604308	10	03	684925	P	1	0	0	1	0
20260903	4291318	cmp-a001-02-000000010764328	grp-a001-02-000000069047580	견과류세트	nad-a001-02-000000541753999	bsn-a001-00-000000013604308	10	03	8753	M	1	0	0	1	0
20260903	4291318	cmp-a001-02-000000010764328	grp-a001-02-000000069047580	견과류	nad-a001-02-000000541753960	bsn-a001-00-000000013604308	10	09	11068	P	1	0	0	2	0
20260903	4291318	cmp-a001-02-000000010764328	grp-a001-02-000000069047580	황성주생식	nad-a001-02-000000541753996	bsn-a001-00-000000013604308	10	08	8753	M	4	0	0	12	0
20260903	4291318	cmp-a001-02-000000010764328	grp-a001-02-000000069047580	JELLY	nad-a001-02-000000541753985	bsn-a001-00-000000013604308	10	02	98128	M	1	0	0	2	0
20260903	4291318	cmp-a001-02-000000010764328	grp-a001-02-000000069047580	견과류	nad-a001-02-000000541753999	bsn-a001-00-000000013604308	10	06	529514	M	9	0	0	10	0
20260903	4291318	cmp-a001-02-000000010764328	grp-a001-02-000000069047580	하루만	nad-a001-02-000000541753960	bsn-a001-00-000000013604308	10	01	529514	M	2	0	0	5	0
20260903	4291318	cmp-a001-02-000000010764328	grp-a001-02-000000069047580	견과류세트	nad-a001-02-000000541753960	bsn-a001-00-000000013604308	10	02	798055	P	1	0	0	3	0
20260903	4291318	cmp-a001-02-000000010764328	grp-a001-02-000000069047580	견과류	nad-a001-02-000000541753999	bsn-a001-00-000000013604308	10	17	8753	M	1	0	0	3	0
20260903	4291318	cmp-a001-02-000000010764328	grp-a001-02-000000069047580	견과류선물	nad-a001-02-000000541753999	bsn-a001-00-000000013604308	10	09	684925	P	1	0	0	1	0
20260903	4291318	cmp-a001-02-000000010764328	grp-a001-02-000000069047580	하루견과	nad-a001-02-000000541753960	bsn-a001-00-000000013604308	10	09	23123	P	4	0	0	8	0
20260903	4291318	cmp-a001-02-000000010764328	grp-a001-02-000000069047580	견과류	nad-a001-02-000000541753999	bsn-a001-00-000000013604308	10	18	27758	P	1	0	0	2	0
20260903	4291318	cmp-a001-02-000000010764328	grp-a001-02-000000072573876	추석선물세트	nad-a001-02-000000573683834	bsn-a001-00-000000013604308	10	02	529514	M	15	0	0	236	0
20260903	4291318	cmp-a001-02-000000010764328	grp-a001-02-000000069047580	갓	nad-a001-02-000000541753999	bsn-a001-00-000000013604308	10	08	684924	M	1	0	0	1	0
20260903	4291318	cmp-a001-02-000000010764328	grp-a001-02-000000069047580	견과류세트	nad-a001-02-000000541753999	bsn-a001-00-000000013604308	10	16	341893	M	1	0	0	1	0
20260903	4291318	cmp-a001-02-000000010764328	grp-a001-02-000000069047580	다이어트쉐이크	nad-a001-02-000000553654562	bsn-a001-00-000000013604308	10	02	529514	M	2	0	0	2	0
20260903	4291318	cmp-a001-02-000000010764328	grp-a001-02-000000069047580	견과세트	nad-a001-02-000000541753960	bsn-a001-00-000000013604308	10	09	768323	M	8	0	0	24	0
20260903	4291318	cmp-a001-02-000000010764328	grp-a001-02-000000069047580	하루견과	nad-a001-02-000000541753999	bsn-a001-00-000000013604308	10	11	529514	M	4	0	0	4	0
20260903	4291318	cmp-a001-02-000000010764328	grp-a001-02-000000069047580	생식가루	nad-a001-02-000000541753997	bsn-a001-00-000000013604308	10	06	11068	P	1	0	0	3	0
20260903	4291318	cmp-a001-02-000000010764328	grp-a001-02-000000069047580	사랑	nad-a001-02-000000553654558	bsn-a001-00-000000013604308	10	18	612593	P	1	0	0	7	0
20260903	4291318	cmp-a001-02-000000010764328	grp-a001-02-000000069047580	하루견과	nad-a001-02-000000541753960	bsn-a001-00-000000013604308	10	06	8753	M	2	0	0	7	0
20260903	4291318	cmp-a001-02-000000010764328	grp-a001-02-000000069047580	잇츠리얼넛츠	nad-a001-02-000000541753960	bsn-a001-00-000000013604308	10	18	370822	P	1	0	0	1	0
20260903	4291318	cmp-a001-02-000000010764328	grp-a001-02-000000069047580	견과류세트	nad-a001-02-000000541753960	bsn-a001-00-000000013604308	10	06	27758	P	1	0	0	3	0
20260903	4291318	cmp-a001-02-000000010764328	grp-a001-02-000000069047580	견과류	nad-a001-02-000000541753999	bsn-a001-00-000000013604308	10	07	684925	P	1	0	0	1	0
20260903	4291318	cmp-a001-02-000000010764328	grp-a001-02-000000069047580	생식가루	nad-a001-02-000000541753996	bsn-a001-00-000000013604308	10	06	11068	P	1	0	0	2	0
20260903	4291318	cmp-a001-02-000000010764328	grp-a001-02-000000072573876	명절선물	nad-a001-02-000000573683834	bsn-a001-00-000000013604308	10	99	529514	M	1	0	0	21	0
20260903	4291318	cmp-a001-02-000000010764328	grp-a001-02-000000069047580	칼로리바	nad-a001-02-000000553654559	bsn-a001-00-000000013604308	10	15	8753	M	1	0	0	3	0
20260903	4291318	cmp-a001-02-000000010764328	grp-a001-02-000000069047580	견과류	nad-a001-02-000000541753960	bsn-a001-00-000000013604308	10	07	529514	M	6	0	0	24	0
20260903	4291318	cmp-a001-02-000000010764328	grp-a001-02-000000072573876	추석선물세트	nad-a001-02-000000573683834	bsn-a001-00-000000013604308	10	08	8753	M	1	0	0	2	0
20260903	4291318	cmp-a001-02-000000010764328	grp-a001-02-000000069047580	사탕젤리	nad-a001-02-000000541753985	bsn-a001-00-000000013604308	10	99	87620	M	1	0	0	2	0
20260903	4291318	cmp-a001-02-000000010764328	grp-a001-02-000000069047580	황성주생식	nad-a001-02-000000541754005	bsn-a001-00-000000013604308	10	09	798056	M	2	0	0	6	0
20260903	4291318	cmp-a001-02-000000010764328	grp-a001-02-000000069047580	단백질	nad-a001-02-000000553654562	bsn-a001-00-000000013604308	10	99	8753	M	1	0	0	1	0
20260903	4291318	cmp-a001-02-000000010764328	grp-a001-02-000000069047580	황성주생식	nad-a001-02-000000541754005	bsn-a001-00-000000013604308	10	02	341893	M	1	0	0	2	0
20260903	4291318	cmp-a001-02-000000010764328	grp-a001-02-000000069047580	견과류	nad-a001-02-000000541753960	bsn-a001-00-000000013604308	10	09	768323	M	1	0	0	3	0
20260903	4291318	cmp-a001-02-000000010764328	grp-a001-02-000000069047580	황성주1일1생식라이프밀데일리	nad-a001-02-000000541753988	bsn-a001-00-000000013604308	10	01	8753	M	1	0	0	1	0
20260903	4291318	cmp-a001-02-000000010764328	grp-a001-02-000000072573876	추석선물세트	nad-a001-02-000000573683834	bsn-a001-00-000000013604308	10	07	11068	P	1	0	0	1	0
20260903	4291318	cmp-a001-02-000000010764328	grp-a001-02-000000069047580	하루견과20G20입세트형선물세트	nad-a001-02-000000541753960	bsn-a001-00-000000013604308	10	04	8753	M	1	0	0	2	0
20260903	4291318	cmp-a001-02-000000010764328	grp-a001-02-000000069047580	제리	nad-a001-02-000000541753985	bsn-a001-00-000000013604308	10	09	248824	P	1	0	0	1	0
20260903	4291318	cmp-a001-02-000000010764328	grp-a001-02-000000069047580	황성주생식	nad-a001-02-000000541753997	bsn-a001-00-000000013604308	10	10	8753	M	1	0	0	1	0
20260903	4291318	cmp-a001-02-000000010764328	grp-a001-02-000000069047580	견과류세트	nad-a001-02-000000541753959	bsn-a001-00-000000013604308	10	03	8753	M	1	0	0	3	0
20260903	4291318	cmp-a001-02-000000010764328	grp-a001-02-000000069047580	저온로스팅한봉견과	nad-a001-02-000000541753999	bsn-a001-00-000000013604308	10	09	341893	M	1	0	0	1	0
20260903	4291318	cmp-a001-02-000000010764328	grp-a001-02-000000069047580	견과류	nad-a001-02-000000541753959	bsn-a001-00-000000013604308	10	08	8753	M	1	0	0	5	0
20260903	4291318	cmp-a001-02-000000010764328	grp-a001-02-000000069047580	젤리	nad-a001-02-000000541753985	bsn-a001-00-000000013604308	10	11	768323	M	2	0	0	4	0
20260903	4291318	cmp-a001-02-000000010764328	grp-a001-02-000000069047580	단백질	nad-a001-02-000000553654562	bsn-a001-00-000000013604308	10	18	8753	M	2	0	0	3	0
20260903	4291318	cmp-a001-02-000000010764328	grp-a001-02-000000069047580	하루견과쇼핑몰	nad-a001-02-000000541753960	bsn-a001-00-000000013604308	10	03	8753	M	1	0	0	3	0
20260903	4291318	cmp-a001-02-000000010764328	grp-a001-02-000000069047580	단백질쉐이크	nad-a001-02-000000553654562	bsn-a001-00-000000013604308	10	07	529514	M	4	0	0	8	0
20260903	4291318	cmp-a001-02-000000010764328	grp-a001-02-000000069047580	단백질	nad-a001-02-000000553654562	bsn-a001-00-000000013604308	10	11	8753	M	1	0	0	2	0
20260903	4291318	cmp-a001-02-000000010764328	grp-a001-02-000000069047580	견과류	nad-a001-02-000000541753960	bsn-a001-00-000000013604308	10	08	341893	M	2	0	0	2	0
20260903	4291318	cmp-a001-02-000000010764328	grp-a001-02-000000069047580	하루견과시그니처	nad-a001-02-000000541753960	bsn-a001-00-000000013604308	10	10	341898	M	1	0	0	1	0
20260903	4291318	cmp-a001-02-000000010764328	grp-a001-02-000000069047580	견과	nad-a001-02-000000541753960	bsn-a001-00-000000013604308	10	99	8753	M	1	0	0	2	0
20260903	4291318	cmp-a001-02-000000010764328	grp-a001-02-000000069047580	견과세트	nad-a001-02-000000541753960	bsn-a001-00-000000013604308	10	10	768323	M	2	0	0	6	0
20260903	4291318	cmp-a001-02-000000010764328	grp-a001-02-000000072573876	추석선물세트	nad-a001-02-000000573683834	bsn-a001-00-000000013604308	10	07	529514	M	4	0	0	68	0
20260903	4291318	cmp-a001-02-000000010764328	grp-a001-02-000000069047580	프로틴	nad-a001-02-000000553654562	bsn-a001-00-000000013604308	10	11	529514	M	13	0	0	13	0
20260903	4291318	cmp-a001-02-000000010764328	grp-a001-02-000000069047580	견과류	nad-a001-02-000000541753959	bsn-a001-00-000000013604308	10	16	11068	P	1	0	0	6	0
20260903	4291318	cmp-a001-02-000000010764328	grp-a001-02-000000069047580	견과류세트	nad-a001-02-000000541753960	bsn-a001-00-000000013604308	10	03	8753	M	1	0	0	2	0
20260903	4291318	cmp-a001-02-000000010764328	grp-a001-02-000000069047580	동결건조식품장단점	nad-a001-02-000000541754005	bsn-a001-00-000000013604308	10	08	8753	M	1	0	0	3	0
20260903	4291318	cmp-a001-02-000000010764328	grp-a001-02-000000069047580	하루견과	nad-a001-02-000000541753999	bsn-a001-00-000000013604308	10	18	8753	M	2	0	0	2	0
20260903	4291318	cmp-a001-02-000000010764328	grp-a001-02-000000069047580	동결건조식품특징	nad-a001-02-000000541753997	bsn-a001-00-000000013604308	10	08	8753	M	5	0	0	5	0
20260903	4291318	cmp-a001-02-000000010764328	grp-a001-02-000000072573876	신세계VIP추석선물골드	nad-a001-02-000000573683835	bsn-a001-00-000000013604308	10	17	8753	M	1	0	0	1	0
20260903	4291318	cmp-a001-02-000000010764328	grp-a001-02-000000069047580	견과류	nad-a001-02-000000541753999	bsn-a001-00-000000013604308	10	06	684926	M	1	0	0	2	0
20260903	4291318	cmp-a001-02-000000010764328	grp-a001-02-000000069047580	에너지바	nad-a001-02-000000553654558	bsn-a001-00-000000013604308	10	02	791888	M	1	0	0	2	0
20260903	4291318	cmp-a001-02-000000010764328	grp-a001-02-000000069047580	생식가루	nad-a001-02-000000541753988	bsn-a001-00-000000013604308	10	06	11068	P	1	0	0	10	0
20260903	4291318	cmp-a001-02-000000010764328	grp-a001-02-000000069047580	에너지바	nad-a001-02-000000553654559	bsn-a001-00-000000013604308	10	02	87620	M	1	0	0	3	0
20260903	4291318	cmp-a001-02-000000010764328	grp-a001-02-000000069047580	사무실견과류	nad-a001-02-000000541753999	bsn-a001-00-000000013604308	10	02	684925	P	1	0	0	1	0
20260903	4291318	cmp-a001-02-000000010764328	grp-a001-02-000000069047580	프로틴쉐이크	nad-a001-02-000000553654562	bsn-a001-00-000000013604308	10	08	768323	M	1	0	0	2	0
20260903	4291318	cmp-a001-02-000000010764328	grp-a001-02-000000069047580	황성주생식	nad-a001-02-000000541753988	bsn-a001-00-000000013604308	10	09	798056	M	2	0	0	12	0
20260903	4291318	cmp-a001-02-000000010764328	grp-a001-02-000000069047580	에너지바	nad-a001-02-000000553654559	bsn-a001-00-000000013604308	10	02	791888	M	1	0	0	3	0
20260903	4291318	cmp-a001-02-000000010764328	grp-a001-02-000000069047580	프로틴	nad-a001-02-000000553654562	bsn-a001-00-000000013604308	10	02	8753	M	1	0	0	3	0
20260903	4291318	cmp-a001-02-000000010764328	grp-a001-02-000000072573876	명절선물	nad-a001-02-000000573683835	bsn-a001-00-000000013604308	10	03	529514	M	1	0	0	18	0
20260903	4291318	cmp-a001-02-000000010764328	grp-a001-02-000000069047580	식물성단백질	nad-a001-02-000000553654562	bsn-a001-00-000000013604308	10	09	529514	M	2	0	0	2	0
20260903	4291318	cmp-a001-02-000000010764328	grp-a001-02-000000069047580	프로틴	nad-a001-02-000000553654562	bsn-a001-00-000000013604308	10	06	768323	M	1	0	0	1	0
20260903	4291318	cmp-a001-02-000000010764328	grp-a001-02-000000069047580	견과류	nad-a001-02-000000541753960	bsn-a001-00-000000013604308	10	17	529514	M	3	0	0	12	0
20260903	4291318	cmp-a001-02-000000010764328	grp-a001-02-000000069047580	PX견과류가격	nad-a001-02-000000541753959	bsn-a001-00-000000013604308	10	15	8753	M	1	0	0	3	0
20260903	4291318	cmp-a001-02-000000010764328	grp-a001-02-000000069047580	젤리	nad-a001-02-000000541753985	bsn-a001-00-000000013604308	10	99	529514	M	2	0	0	2	0
20260903	4291318	cmp-a001-02-000000010764328	grp-a001-02-000000069047580	하루	nad-a001-02-000000541753959	bsn-a001-00-000000013604308	10	09	98128	M	1	0	0	2	0
20260903	4291318	cmp-a001-02-000000010764328	grp-a001-02-000000069047580	견과류세트	nad-a001-02-000000541753960	bsn-a001-00-000000013604308	10	02	684925	P	1	1	2407	1	0
20260903	4291318	cmp-a001-02-000000010764328	grp-a001-02-000000069047580	하루견과	nad-a001-02-000000541753999	bsn-a001-00-000000013604308	10	03	8753	M	2	0	0	2	0
20260903	4291318	cmp-a001-02-000000010764328	grp-a001-02-000000069047580	젤리	nad-a001-02-000000541753985	bsn-a001-00-000000013604308	10	17	529514	M	6	0	0	6	0
20260903	4291318	cmp-a001-02-000000010764328	grp-a001-02-000000069047580	견과류	nad-a001-02-000000541753999	bsn-a001-00-000000013604308	10	09	684927	P	7	0	0	14	0
20260903	4291318	cmp-a001-02-000000010764328	grp-a001-02-000000069047580	쉐이크	nad-a001-02-000000553654562	bsn-a001-00-000000013604308	10	04	27758	P	1	0	0	2	0
20260903	4291318	cmp-a001-02-000000010764328	grp-a001-02-000000069047580	하루견과	nad-a001-02-000000541753960	bsn-a001-00-000000013604308	10	09	8753	M	3	0	0	7	0
20260903	4291318	cmp-a001-02-000000010764328	grp-a001-02-000000069047580	하루견과	nad-a001-02-000000541753960	bsn-a001-00-000000013604308	10	01	529514	M	2	0	0	4	0
20260903	4291318	cmp-a001-02-000000010764328	grp-a001-02-000000069047580	하루견과	nad-a001-02-000000541753999	bsn-a001-00-000000013604308	10	02	529514	M	2	0	0	2	0
20260903	4291318	cmp-a001-02-000000010764328	grp-a001-02-000000069047580	생식가루	nad-a001-02-000000541754004	bsn-a001-00-000000013604308	10	09	8753	M	1	0	0	2	0
20260903	4291318	cmp-a001-02-000000010764328	grp-a001-02-000000069047580	견과류세트	nad-a001-02-000000541753960	bsn-a001-00-000000013604308	10	15	27758	P	1	0	0	3	0
20260903	4291318	cmp-a001-02-000000010764328	grp-a001-02-000000069047580	갓	nad-a001-02-000000541753999	bsn-a001-00-000000013604308	10	06	684924	M	2	0	0	2	0
20260903	4291318	cmp-a001-02-000000010764328	grp-a001-02-000000072573876	황성주생식	nad-a001-02-000000573683834	bsn-a001-00-000000013604308	10	16	341893	M	1	0	0	6	0
20260903	4291318	cmp-a001-02-000000010764328	grp-a001-02-000000069047580	하루견과	nad-a001-02-000000541753959	bsn-a001-00-000000013604308	10	06	27758	P	3	0	0	8	0
20260903	4291318	cmp-a001-02-000000010764328	grp-a001-02-000000072573876	추석선물	nad-a001-02-000000573683834	bsn-a001-00-000000013604308	10	99	8753	M	1	0	0	4	0
20260903	4291318	cmp-a001-02-000000010764328	grp-a001-02-000000072573876	명절선물	nad-a001-02-000000573683835	bsn-a001-00-000000013604308	10	15	529514	M	1	0	0	18	0
20260903	4291318	cmp-a001-02-000000010764328	grp-a001-02-000000069047580	에너지바	nad-a001-02-000000553654554	bsn-a001-00-000000013604308	10	02	33421	M	1	0	0	3	0
20260903	4291318	cmp-a001-02-000000010764328	grp-a001-02-000000069047580	프로틴바혈당	nad-a001-02-000000553654554	bsn-a001-00-000000013604308	10	02	8753	M	1	0	0	2	0
20260903	4291318	cmp-a001-02-000000010764328	grp-a001-02-000000069047580	황성주생식	nad-a001-02-000000541754004	bsn-a001-00-000000013604308	10	16	341893	M	2	0	0	2	0
20260903	4291318	cmp-a001-02-000000010764328	grp-a001-02-000000069047580	분말	nad-a001-02-000000541753997	bsn-a001-00-000000013604308	10	09	612594	M	1	0	0	1	0
20260903	4291318	cmp-a001-02-000000010764328	grp-a001-02-000000069047580	젤리	nad-a001-02-000000541753985	bsn-a001-00-000000013604308	10	99	768323	M	12	0	0	14	0
20260903	4291318	cmp-a001-02-000000010764328	grp-a001-02-000000069047580	생식가루	nad-a001-02-000000541754004	bsn-a001-00-000000013604308	10	16	8753	M	1	0	0	2	0
20260903	4291318	cmp-a001-02-000000010764328	grp-a001-02-000000069047580	동결건조식품특징	nad-a001-02-000000541753996	bsn-a001-00-000000013604308	10	08	8753	M	5	0	0	15	0
20260903	4291318	cmp-a001-02-000000010764328	grp-a001-02-000000069047580	프로틴	nad-a001-02-000000553654562	bsn-a001-00-000000013604308	10	11	768323	M	13	0	0	19	0
20260903	4291318	cmp-a001-02-000000010764328	grp-a001-02-000000072573876	추석선물세트	nad-a001-02-000000573683835	bsn-a001-00-000000013604308	10	09	791888	M	1	0	0	7	0
20260903	4291318	cmp-a001-02-000000010764328	grp-a001-02-000000069047580	에너지바	nad-a001-02-000000553654554	bsn-a001-00-000000013604308	10	02	8753	M	2	0	0	9	0
20260903	4291318	cmp-a001-02-000000010764328	grp-a001-02-000000069047580	갓	nad-a001-02-000000541753960	bsn-a001-00-000000013604308	10	18	8753	M	1	0	0	3	0
20260903	4291318	cmp-a001-02-000000010764328	grp-a001-02-000000069047580	생식가루	nad-a001-02-000000541754004	bsn-a001-00-000000013604308	10	02	8753	M	2	0	0	4	0
20260903	4291318	cmp-a001-02-000000010764328	grp-a001-02-000000069047580	사랑이	nad-a001-02-000000553654558	bsn-a001-00-000000013604308	10	08	529514	M	4	0	0	8	0
20260903	4291318	cmp-a001-02-000000010764328	grp-a001-02-000000069047580	견과류선물	nad-a001-02-000000541753959	bsn-a001-00-000000013604308	10	02	341893	M	1	0	0	1	0
20260903	4291318	cmp-a001-02-000000010764328	grp-a001-02-000000072573876	추석선물세트	nad-a001-02-000000573683834	bsn-a001-00-000000013604308	10	07	798055	P	1	0	0	12	0
20260903	4291318	cmp-a001-02-000000010764328	grp-a001-02-000000069047580	ENERGYBAR	nad-a001-02-000000553654558	bsn-a001-00-000000013604308	10	00	87620	M	1	0	0	2	0
20260903	4291318	cmp-a001-02-000000010764328	grp-a001-02-000000069047580	단백질바	nad-a001-02-000000553654559	bsn-a001-00-000000013604308	10	02	529514	M	4	0	0	12	0
20260903	4291318	cmp-a001-02-000000010764328	grp-a001-02-000000069047580	동결건조가루	nad-a001-02-000000541754005	bsn-a001-00-000000013604308	10	11	8753	M	1	0	0	3	0
20260903	4291318	cmp-a001-02-000000010764328	grp-a001-02-000000069047580	사랑	nad-a001-02-000000553654554	bsn-a001-00-000000013604308	10	09	98128	M	1	0	0	2	0
20260903	4291318	cmp-a001-02-000000010764328	grp-a001-02-000000069047580	갓	nad-a001-02-000000541753959	bsn-a001-00-000000013604308	10	09	27758	P	1	0	0	2	0
20260903	4291318	cmp-a001-02-000000010764328	grp-a001-02-000000069047580	단백질보충제	nad-a001-02-000000553654562	bsn-a001-00-000000013604308	10	11	529514	M	2	0	0	4	0
20260903	4291318	cmp-a001-02-000000010764328	grp-a001-02-000000069047580	견과세트	nad-a001-02-000000541753999	bsn-a001-00-000000013604308	10	10	768323	M	2	0	0	4	0
20260903	4291318	cmp-a001-02-000000010764328	grp-a001-02-000000069047580	하루견과	nad-a001-02-000000541753960	bsn-a001-00-000000013604308	10	02	33421	M	1	0	0	5	0
20260903	4291318	cmp-a001-02-000000010764328	grp-a001-02-000000069047580	단백질	nad-a001-02-000000553654562	bsn-a001-00-000000013604308	10	08	612594	M	1	0	0	4	0
20260903	4291318	cmp-a001-02-000000010764328	grp-a001-02-000000069047580	단백질	nad-a001-02-000000553654562	bsn-a001-00-000000013604308	10	08	98128	M	1	0	0	1	0
20260903	4291318	cmp-a001-02-000000010764328	grp-a001-02-000000069047580	견과류선물세트	nad-a001-02-000000541753999	bsn-a001-00-000000013604308	10	10	684925	P	1	0	0	1	0
20260903	4291318	cmp-a001-02-000000010764328	grp-a001-02-000000072573876	추석선물세트	nad-a001-02-000000573683834	bsn-a001-00-000000013604308	10	11	33421	M	1	0	0	1	0
20260903	4291318	cmp-a001-02-000000010764328	grp-a001-02-000000069047580	황성주생식	nad-a001-02-000000541753997	bsn-a001-00-000000013604308	10	16	529514	M	1	0	0	4	0
20260903	4291318	cmp-a001-02-000000010764328	grp-a001-02-000000069047580	하루견과	nad-a001-02-000000541753999	bsn-a001-00-000000013604308	10	09	684925	P	4	0	0	4	0
20260903	4291318	cmp-a001-02-000000010764328	grp-a001-02-000000072573876	명절선물	nad-a001-02-000000573683834	bsn-a001-00-000000013604308	10	11	529514	M	2	0	0	36	0
20260903	4291318	cmp-a001-02-000000010764328	grp-a001-02-000000069047580	황성주생식	nad-a001-02-000000541754005	bsn-a001-00-000000013604308	10	09	8753	M	1	0	0	4	0
20260903	4291318	cmp-a001-02-000000010764328	grp-a001-02-000000069047580	견과류	nad-a001-02-000000541753959	bsn-a001-00-000000013604308	10	11	684926	M	1	0	0	6	0
20260903	4291318	cmp-a001-02-000000010764328	grp-a001-02-000000069047580	단백질보충제	nad-a001-02-000000553654562	bsn-a001-00-000000013604308	10	99	529514	M	6	0	0	12	0
20260903	4291318	cmp-a001-02-000000010764328	grp-a001-02-000000069047580	하루	nad-a001-02-000000541753999	bsn-a001-00-000000013604308	10	09	98128	M	2	0	0	2	0
20260903	4291318	cmp-a001-02-000000010764328	grp-a001-02-000000069047580	견과하루시작	nad-a001-02-000000541753999	bsn-a001-00-000000013604308	10	08	27758	P	1	0	0	2	0
20260903	4291318	cmp-a001-02-000000010764328	grp-a001-02-000000069047580	단백질바	nad-a001-02-000000553654558	bsn-a001-00-000000013604308	10	03	529514	M	2	0	0	4	0
20260903	4291318	cmp-a001-02-000000010764328	grp-a001-02-000000069047580	하루견과	nad-a001-02-000000541753959	bsn-a001-00-000000013604308	10	09	8753	M	3	0	0	10	0
20260903	4291318	cmp-a001-02-000000010764328	grp-a001-02-000000069047580	밥대용쉐이크	nad-a001-02-000000553654562	bsn-a001-00-000000013604308	10	09	27758	P	1	0	0	3	0
20260903	4291318	cmp-a001-02-000000010764328	grp-a001-02-000000069047580	1일1생식황성주	nad-a001-02-000000541753996	bsn-a001-00-000000013604308	10	13	684924	M	1	0	0	1	0
20260903	4291318	cmp-a001-02-000000010764328	grp-a001-02-000000069047580	견과세트	nad-a001-02-000000541753999	bsn-a001-00-000000013604308	10	08	768323	M	1	0	0	2	0
20260903	4291318	cmp-a001-02-000000010764328	grp-a001-02-000000069047580	견과류	nad-a001-02-000000541753999	bsn-a001-00-000000013604308	10	01	27758	P	1	0	0	1	0
20260903	4291318	cmp-a001-02-000000010764328	grp-a001-02-000000069047580	가루	nad-a001-02-000000541754005	bsn-a001-00-000000013604308	10	18	529514	M	6	0	0	30	0
20260903	4291318	cmp-a001-02-000000010764328	grp-a001-02-000000069047580	견과류	nad-a001-02-000000541753999	bsn-a001-00-000000013604308	10	10	529514	M	11	0	0	11	0
20260903	4291318	cmp-a001-02-000000010764328	grp-a001-02-000000069047580	다이어트쉐이크	nad-a001-02-000000553654562	bsn-a001-00-000000013604308	10	99	529514	M	2	0	0	2	0
20260903	4291318	cmp-a001-02-000000010764328	grp-a001-02-000000072573876	추석선물세트추천	nad-a001-02-000000573683835	bsn-a001-00-000000013604308	10	02	8753	M	4	0	0	11	0
20260903	4291318	cmp-a001-02-000000010764328	grp-a001-02-000000069047580	생식가루	nad-a001-02-000000541753997	bsn-a001-00-000000013604308	10	09	8753	M	1	0	0	1	0
20260903	4291318	cmp-a001-02-000000010764328	grp-a001-02-000000069047580	견과류	nad-a001-02-000000541753999	bsn-a001-00-000000013604308	10	13	684926	M	1	0	0	2	0
20260903	4291318	cmp-a001-02-000000010764328	grp-a001-02-000000069047580	젤리	nad-a001-02-000000541753985	bsn-a001-00-000000013604308	10	18	137281	M	5	0	0	5	0
20260903	4291318	cmp-a001-02-000000010764328	grp-a001-02-000000072573876	추석선물세트	nad-a001-02-000000573683834	bsn-a001-00-000000013604308	10	08	529514	M	13	0	0	245	0
20260903	4291318	cmp-a001-02-000000010764328	grp-a001-02-000000069047580	칼로리바	nad-a001-02-000000553654559	bsn-a001-00-000000013604308	10	99	612594	M	1	0	0	3	0
20260903	4291318	cmp-a001-02-000000010764328	grp-a001-02-000000072573876	추석선물	nad-a001-02-000000573683834	bsn-a001-00-000000013604308	10	02	8753	M	2	0	0	12	0
20260903	4291318	cmp-a001-02-000000010764328	grp-a001-02-000000069047580	견과류	nad-a001-02-000000541753960	bsn-a001-00-000000013604308	10	17	33421	M	2	0	0	18	0
20260903	4291318	cmp-a001-02-000000010764328	grp-a001-02-000000069047580	하루	nad-a001-02-000000541753960	bsn-a001-00-000000013604308	10	09	612594	M	1	0	0	4	0
20260903	4291318	cmp-a001-02-000000010764328	grp-a001-02-000000069047580	단백질쉐이크	nad-a001-02-000000553654562	bsn-a001-00-000000013604308	10	18	11068	P	1	0	0	10	0
20260903	4291318	cmp-a001-02-000000010764328	grp-a001-02-000000069047580	황성주생식	nad-a001-02-000000541754004	bsn-a001-00-000000013604308	10	06	529514	M	2	0	0	4	0
20260903	4291318	cmp-a001-02-000000010764328	grp-a001-02-000000069047580	프로틴바	nad-a001-02-000000553654554	bsn-a001-00-000000013604308	10	16	529514	M	3	0	0	3	0
20260903	4291318	cmp-a001-02-000000010764328	grp-a001-02-000000069047580	견과류선물세트	nad-a001-02-000000541753999	bsn-a001-00-000000013604308	10	13	684925	P	2	0	0	2	0
20260903	4291318	cmp-a001-02-000000010764328	grp-a001-02-000000069047580	견과류세트	nad-a001-02-000000541753999	bsn-a001-00-000000013604308	10	16	33421	M	2	0	0	2	0
20260903	4291318	cmp-a001-02-000000010764328	grp-a001-02-000000069047580	다이어트프로틴	nad-a001-02-000000553654562	bsn-a001-00-000000013604308	10	09	8753	M	1	0	0	14	0
20260903	4291318	cmp-a001-02-000000010764328	grp-a001-02-000000069047580	갓	nad-a001-02-000000541753999	bsn-a001-00-000000013604308	10	02	8753	M	1	0	0	1	0
20260903	4291318	cmp-a001-02-000000010764328	grp-a001-02-000000069047580	견과류일일섭취량	nad-a001-02-000000541753959	bsn-a001-00-000000013604308	10	09	8753	M	1	0	0	3	0
20260903	4291318	cmp-a001-02-000000010764328	grp-a001-02-000000069047580	하루견과	nad-a001-02-000000541753999	bsn-a001-00-000000013604308	10	09	11068	P	1	0	0	2	0
20260903	4291318	cmp-a001-02-000000010764328	grp-a001-02-000000069047580	견과류세트	nad-a001-02-000000541753960	bsn-a001-00-000000013604308	10	18	27758	P	1	0	0	3	0
20260903	4291318	cmp-a001-02-000000010764328	grp-a001-02-000000069047580	하루견과	nad-a001-02-000000541753960	bsn-a001-00-000000013604308	10	99	529514	M	2	0	0	4	0
20260903	4291318	cmp-a001-02-000000010764328	grp-a001-02-000000069047580	프로틴	nad-a001-02-000000553654562	bsn-a001-00-000000013604308	10	08	529514	M	5	0	0	5	0
20260903	4291318	cmp-a001-02-000000010764328	grp-a001-02-000000069047580	견과류	nad-a001-02-000000541753960	bsn-a001-00-000000013604308	10	14	11068	P	1	0	0	5	0
20260903	4291318	cmp-a001-02-000000010764328	grp-a001-02-000000069047580	견과류	nad-a001-02-000000541753999	bsn-a001-00-000000013604308	10	02	684926	M	2	1	2306	3	0
20260903	4291318	cmp-a001-02-000000010764328	grp-a001-02-000000069047580	프로틴간식	nad-a001-02-000000553654554	bsn-a001-00-000000013604308	10	09	27758	P	1	0	0	1	0
20260903	4291318	cmp-a001-02-000000010764328	grp-a001-02-000000069047580	가루	nad-a001-02-000000541753996	bsn-a001-00-000000013604308	10	02	8753	M	1	0	0	3	0
20260903	4291318	cmp-a001-02-000000010764328	grp-a001-02-000000069047580	젤리	nad-a001-02-000000541753985	bsn-a001-00-000000013604308	10	11	27758	P	1	0	0	2	0
20260903	4291318	cmp-a001-02-000000010764328	grp-a001-02-000000069047580	칼로리바	nad-a001-02-000000553654558	bsn-a001-00-000000013604308	10	99	612594	M	1	0	0	2	0
20260903	4291318	cmp-a001-02-000000010764328	grp-a001-02-000000069047580	단백질바594	nad-a001-02-000000553654554	bsn-a001-00-000000013604308	10	09	8753	M	3	0	0	6	0
20260903	4291318	cmp-a001-02-000000010764328	grp-a001-02-000000069047580	칼로리바	nad-a001-02-000000553654559	bsn-a001-00-000000013604308	10	02	8753	M	2	0	0	6	0
20260903	4291318	cmp-a001-02-000000010764328	grp-a001-02-000000069047580	견과류선물세트	nad-a001-02-000000541753999	bsn-a001-00-000000013604308	10	01	684926	M	2	0	0	8	0
20260903	4291318	cmp-a001-02-000000010764328	grp-a001-02-000000069047580	동결건조생식	nad-a001-02-000000541754004	bsn-a001-00-000000013604308	10	04	8753	M	1	0	0	2	0
20260903	4291318	cmp-a001-02-000000010764328	grp-a001-02-000000069047580	견과류세트	nad-a001-02-000000541753959	bsn-a001-00-000000013604308	10	18	27758	P	1	0	0	2	0
20260903	4291318	cmp-a001-02-000000010764328	grp-a001-02-000000069047580	하루견과	nad-a001-02-000000541753959	bsn-a001-00-000000013604308	10	02	11068	P	1	0	0	4	0
20260903	4291318	cmp-a001-02-000000010764328	grp-a001-02-000000069047580	황성주생식	nad-a001-02-000000541753996	bsn-a001-00-000000013604308	10	10	684924	M	1	0	0	1	0
20260903	4291318	cmp-a001-02-000000010764328	grp-a001-02-000000069047580	혈압낮추는데좋은견과류	nad-a001-02-000000541753960	bsn-a001-00-000000013604308	10	99	8753	M	1	0	0	3	0
20260903	4291318	cmp-a001-02-000000010764328	grp-a001-02-000000069047580	견과류	nad-a001-02-000000541753999	bsn-a001-00-000000013604308	10	17	529514	M	3	0	0	3	0
20260903	4291318	cmp-a001-02-000000010764328	grp-a001-02-000000069047580	갓	nad-a001-02-000000541753960	bsn-a001-00-000000013604308	10	02	529514	M	29	0	0	85	0
20260903	4291318	cmp-a001-02-000000010764328	grp-a001-02-000000069047580	황성주생식	nad-a001-02-000000541753996	bsn-a001-00-000000013604308	10	16	341893	M	1	0	0	1	0
20260903	4291318	cmp-a001-02-000000010764328	grp-a001-02-000000069047580	다이어트쉐이크	nad-a001-02-000000553654562	bsn-a001-00-000000013604308	10	13	768323	M	1	0	0	2	0
20260903	4291318	cmp-a001-02-000000010764328	grp-a001-02-000000069047580	하루견과	nad-a001-02-000000541753960	bsn-a001-00-000000013604308	10	18	8753	M	2	0	0	6	0
20260903	4291318	cmp-a001-02-000000010764328	grp-a001-02-000000072573876	추석선물세트	nad-a001-02-000000573683835	bsn-a001-00-000000013604308	10	06	529514	M	9	0	0	109	0
20260903	4291318	cmp-a001-02-000000010764328	grp-a001-02-000000069047580	황성주생식	nad-a001-02-000000541753996	bsn-a001-00-000000013604308	10	06	529514	M	2	0	0	2	0
20260903	4291318	cmp-a001-02-000000010764328	grp-a001-02-000000069047580	사랑하라	nad-a001-02-000000553654554	bsn-a001-00-000000013604308	10	99	98128	M	4	0	0	8	0
20260903	4291318	cmp-a001-02-000000010764328	grp-a001-02-000000072573876	추석선물세트	nad-a001-02-000000573683835	bsn-a001-00-000000013604308	10	09	529514	M	30	0	0	513	0
20260903	4291318	cmp-a001-02-000000010764328	grp-a001-02-000000069047580	견과류	nad-a001-02-000000541753999	bsn-a001-00-000000013604308	10	13	33421	M	1	0	0	2	0
20260903	4291318	cmp-a001-02-000000010764328	grp-a001-02-000000069047580	하루견과	nad-a001-02-000000541753999	bsn-a001-00-000000013604308	10	99	529514	M	2	0	0	2	0
20260903	4291318	cmp-a001-02-000000010764328	grp-a001-02-000000069047580	견과류세트	nad-a001-02-000000541753959	bsn-a001-00-000000013604308	10	02	27758	P	1	0	0	2	0
20260903	4291318	cmp-a001-02-000000010764328	grp-a001-02-000000069047580	ISP프로틴	nad-a001-02-000000553654562	bsn-a001-00-000000013604308	10	02	684924	M	1	0	0	1	0
20260903	4291318	cmp-a001-02-000000010764328	grp-a001-02-000000069047580	하루견과	nad-a001-02-000000541753999	bsn-a001-00-000000013604308	10	99	8753	M	1	0	0	1	0
20260903	4291318	cmp-a001-02-000000010764328	grp-a001-02-000000069047580	견과류세트	nad-a001-02-000000541753999	bsn-a001-00-000000013604308	10	02	27758	P	1	0	0	1	0
20260903	4291318	cmp-a001-02-000000010764328	grp-a001-02-000000069047580	단백질보충제	nad-a001-02-000000553654562	bsn-a001-00-000000013604308	10	09	8753	M	2	0	0	7	0
20260903	4291318	cmp-a001-02-000000010764328	grp-a001-02-000000069047580	1일1생식황성주	nad-a001-02-000000541753996	bsn-a001-00-000000013604308	10	13	8753	M	1	0	0	3	0
20260903	4291318	cmp-a001-02-000000010764328	grp-a001-02-000000069047580	쉐이크	nad-a001-02-000000553654562	bsn-a001-00-000000013604308	10	08	98128	M	1	0	0	1	0
20260903	4291318	cmp-a001-02-000000010764328	grp-a001-02-000000069047580	하루견과	nad-a001-02-000000541753959	bsn-a001-00-000000013604308	10	99	529514	M	2	0	0	6	0
20260903	4291318	cmp-a001-02-000000010764328	grp-a001-02-000000069047580	젤리	nad-a001-02-000000541753985	bsn-a001-00-000000013604308	10	11	137281	M	2	0	0	2	0
20260903	4291318	cmp-a001-02-000000010764328	grp-a001-02-000000069047580	황성주생식	nad-a001-02-000000541754004	bsn-a001-00-000000013604308	10	11	370822	P	1	0	0	1	0
20260903	4291318	cmp-a001-02-000000010764328	grp-a001-02-000000069047580	단백질간식	nad-a001-02-000000553654558	bsn-a001-00-000000013604308	10	17	684925	P	1	0	0	1	0
20260903	4291318	cmp-a001-02-000000010764328	grp-a001-02-000000072573876	추석선물	nad-a001-02-000000573683834	bsn-a001-00-000000013604308	10	03	8753	M	1	0	0	1	0
20260903	4291318	cmp-a001-02-000000010764328	grp-a001-02-000000069047580	프로틴바	nad-a001-02-000000553654554	bsn-a001-00-000000013604308	10	09	8753	M	2	0	0	8	0
20260903	4291318	cmp-a001-02-000000010764328	grp-a001-02-000000069047580	견과류선물세트	nad-a001-02-000000541753999	bsn-a001-00-000000013604308	10	09	684926	M	1	0	0	1	0
20260903	4291318	cmp-a001-02-000000010764328	grp-a001-02-000000069047580	칼로리바	nad-a001-02-000000553654558	bsn-a001-00-000000013604308	10	02	33421	M	1	0	0	2	0
20260903	4291318	cmp-a001-02-000000010764328	grp-a001-02-000000069047580	생식가루	nad-a001-02-000000541753996	bsn-a001-00-000000013604308	10	16	684924	M	1	0	0	1	0
20260903	4291318	cmp-a001-02-000000010764328	grp-a001-02-000000069047580	하루견과	nad-a001-02-000000541753959	bsn-a001-00-000000013604308	10	18	23123	P	1	0	0	3	0
20260903	4291318	cmp-a001-02-000000010764328	grp-a001-02-000000072573876	황성주1일1생식라이프밀데일리	nad-a001-02-000000573683834	bsn-a001-00-000000013604308	10	01	8753	M	1	0	0	2	0
20260903	4291318	cmp-a001-02-000000010764328	grp-a001-02-000000069047580	프로틴간식	nad-a001-02-000000553654558	bsn-a001-00-000000013604308	10	09	684925	P	1	0	0	1	0
20260903	4291318	cmp-a001-02-000000010764328	grp-a001-02-000000069047580	단백질보충제	nad-a001-02-000000553654562	bsn-a001-00-000000013604308	10	02	23123	P	1	0	0	1	0
20260903	4291318	cmp-a001-02-000000010764328	grp-a001-02-000000069047580	동결건조식품원리	nad-a001-02-000000541754005	bsn-a001-00-000000013604308	10	08	8753	M	2	0	0	6	0
20260903	4291318	cmp-a001-02-000000010764328	grp-a001-02-000000069047580	갓	nad-a001-02-000000541753960	bsn-a001-00-000000013604308	10	09	27758	P	1	0	0	3	0
20260903	4291318	cmp-a001-02-000000010764328	grp-a001-02-000000069047580	견과류	nad-a001-02-000000541753959	bsn-a001-00-000000013604308	10	15	27758	P	1	0	0	3	0
20260903	4291318	cmp-a001-02-000000010764328	grp-a001-02-000000069047580	하루견과	nad-a001-02-000000541753960	bsn-a001-00-000000013604308	10	03	8753	M	2	0	0	6	0
20260903	4291318	cmp-a001-02-000000010764328	grp-a001-02-000000069047580	황성주생식라이프밀	nad-a001-02-000000541753997	bsn-a001-00-000000013604308	10	99	8753	M	1	1	5291	1	0
20260903	4291318	cmp-a001-02-000000010764328	grp-a001-02-000000069047580	사무실견과류	nad-a001-02-000000541753959	bsn-a001-00-000000013604308	10	02	11068	P	1	0	0	4	0
20260903	4291318	cmp-a001-02-000000010764328	grp-a001-02-000000069047580	단백질쉐이크	nad-a001-02-000000553654562	bsn-a001-00-000000013604308	10	02	529514	M	52	0	0	74	0
20260903	4291318	cmp-a001-02-000000010764328	grp-a001-02-000000069047580	프로틴	nad-a001-02-000000553654562	bsn-a001-00-000000013604308	10	02	768323	M	26	0	0	40	0
20260903	4291318	cmp-a001-02-000000010764328	grp-a001-02-000000069047580	하루견과	nad-a001-02-000000541753960	bsn-a001-00-000000013604308	10	09	791888	M	1	0	0	3	0
20260903	4291318	cmp-a001-02-000000010764328	grp-a001-02-000000069047580	분말	nad-a001-02-000000541754004	bsn-a001-00-000000013604308	10	09	612594	M	1	0	0	2	0
20260903	4291318	cmp-a001-02-000000010764328	grp-a001-02-000000069047580	견과류	nad-a001-02-000000541753999	bsn-a001-00-000000013604308	10	15	529514	M	6	0	0	6	0
20260903	4291318	cmp-a001-02-000000010764328	grp-a001-02-000000069047580	가루	nad-a001-02-000000541753997	bsn-a001-00-000000013604308	10	09	8753	M	1	0	0	1	0
20260903	4291318	cmp-a001-02-000000010764328	grp-a001-02-000000069047580	견과100봉	nad-a001-02-000000541753960	bsn-a001-00-000000013604308	10	02	370822	P	1	0	0	1	0
20260903	4291318	cmp-a001-02-000000010764328	grp-a001-02-000000069047580	젤리	nad-a001-02-000000541753985	bsn-a001-00-000000013604308	10	08	137281	M	8	0	0	8	0
20260903	4291318	cmp-a001-02-000000010764328	grp-a001-02-000000069047580	단백질바	nad-a001-02-000000553654554	bsn-a001-00-000000013604308	10	09	8753	M	1	0	0	4	0
20260903	4291318	cmp-a001-02-000000010764328	grp-a001-02-000000069047580	사랑이	nad-a001-02-000000553654559	bsn-a001-00-000000013604308	10	02	529514	M	2	0	0	13	0
20260903	4291318	cmp-a001-02-000000010764328	grp-a001-02-000000069047580	견과류	nad-a001-02-000000541753960	bsn-a001-00-000000013604308	10	15	529514	M	6	0	0	24	0
20260903	4291318	cmp-a001-02-000000010764328	grp-a001-02-000000069047580	단백질쉐이크	nad-a001-02-000000553654562	bsn-a001-00-000000013604308	10	02	8753	M	2	0	0	17	0
20260903	4291318	cmp-a001-02-000000010764328	grp-a001-02-000000069047580	하루견과	nad-a001-02-000000541753960	bsn-a001-00-000000013604308	10	08	11068	P	1	0	0	1	0
20260903	4291318	cmp-a001-02-000000010764328	grp-a001-02-000000069047580	뉴트리라이트프로틴	nad-a001-02-000000553654562	bsn-a001-00-000000013604308	10	09	341893	M	1	0	0	1	0
20260903	4291318	cmp-a001-02-000000010764328	grp-a001-02-000000069047580	공복에견과류	nad-a001-02-000000541753959	bsn-a001-00-000000013604308	10	02	27758	P	1	0	0	2	0
20260903	4291318	cmp-a001-02-000000010764328	grp-a001-02-000000072573876	명절선물	nad-a001-02-000000573683834	bsn-a001-00-000000013604308	10	16	529514	M	9	0	0	165	0
20260903	4291318	cmp-a001-02-000000010764328	grp-a001-02-000000069047580	견과류	nad-a001-02-000000541753959	bsn-a001-00-000000013604308	10	09	684924	M	1	0	0	1	0
20260903	4291318	cmp-a001-02-000000010764328	grp-a001-02-000000069047580	하루단백질섭취량	nad-a001-02-000000553654562	bsn-a001-00-000000013604308	10	18	612594	M	1	0	0	6	0
20260903	4291318	cmp-a001-02-000000010764328	grp-a001-02-000000069047580	갑상선에좋은견과류	nad-a001-02-000000541753999	bsn-a001-00-000000013604308	10	08	8753	M	1	0	0	2	0
20260903	4291318	cmp-a001-02-000000010764328	grp-a001-02-000000069047580	견과류	nad-a001-02-000000541753960	bsn-a001-00-000000013604308	10	15	11068	P	1	1	2405	3	0
20260903	4291318	cmp-a001-02-000000010764328	grp-a001-02-000000069047580	사탕젤리	nad-a001-02-000000541753985	bsn-a001-00-000000013604308	10	03	87620	M	1	0	0	1	0
20260903	4291318	cmp-a001-02-000000010764328	grp-a001-02-000000072573876	추석선물	nad-a001-02-000000573683835	bsn-a001-00-000000013604308	10	99	529514	M	1	0	0	28	0
20260903	4291318	cmp-a001-02-000000010764328	grp-a001-02-000000072573876	추석선물세트	nad-a001-02-000000573683835	bsn-a001-00-000000013604308	10	02	8753	M	3	0	0	15	0
20260903	4291318	cmp-a001-02-000000010764328	grp-a001-02-000000069047580	사랑	nad-a001-02-000000553654558	bsn-a001-00-000000013604308	10	09	98128	M	1	0	0	4	0
20260903	4291318	cmp-a001-02-000000010764328	grp-a001-02-000000069047580	단백질보충제	nad-a001-02-000000553654562	bsn-a001-00-000000013604308	10	09	529514	M	7	0	0	14	0
20260903	4291318	cmp-a001-02-000000010764328	grp-a001-02-000000069047580	견과류	nad-a001-02-000000541753959	bsn-a001-00-000000013604308	10	17	33421	M	2	0	0	12	0
20260903	4291318	cmp-a001-02-000000010764328	grp-a001-02-000000069047580	견과류	nad-a001-02-000000541753999	bsn-a001-00-000000013604308	10	08	33421	M	2	0	0	5	0
20260903	4291318	cmp-a001-02-000000010764328	grp-a001-02-000000069047580	하루견과	nad-a001-02-000000541753999	bsn-a001-00-000000013604308	10	18	612593	P	1	0	0	3	0
20260903	4291318	cmp-a001-02-000000010764328	grp-a001-02-000000069047580	에너지+바	nad-a001-02-000000553654554	bsn-a001-00-000000013604308	10	00	805759	P	1	0	0	2	0
20260903	4291318	cmp-a001-02-000000010764328	grp-a001-02-000000069047580	프로틴	nad-a001-02-000000553654562	bsn-a001-00-000000013604308	10	08	8753	M	1	0	0	10	0
20260903	4291318	cmp-a001-02-000000010764328	grp-a001-02-000000069047580	견과류세트	nad-a001-02-000000541753960	bsn-a001-00-000000013604308	10	03	27758	P	1	0	0	3	0
20260903	4291318	cmp-a001-02-000000010764328	grp-a001-02-000000069047580	사랑	nad-a001-02-000000553654559	bsn-a001-00-000000013604308	10	99	98128	M	2	0	0	10	0
20260903	4291318	cmp-a001-02-000000010764328	grp-a001-02-000000069047580	칼로리바	nad-a001-02-000000553654554	bsn-a001-00-000000013604308	10	02	33421	M	1	0	0	1	0
20260903	4291318	cmp-a001-02-000000010764328	grp-a001-02-000000069047580	하루견과	nad-a001-02-000000541753959	bsn-a001-00-000000013604308	10	09	27758	P	5	0	0	13	0
20260903	4291318	cmp-a001-02-000000010764328	grp-a001-02-000000069047580	ENERGYBAR	nad-a001-02-000000553654554	bsn-a001-00-000000013604308	10	00	87620	M	1	0	0	1	0
20260903	4291318	cmp-a001-02-000000010764328	grp-a001-02-000000069047580	단백질쉐이크	nad-a001-02-000000553654562	bsn-a001-00-000000013604308	10	02	341893	M	1	0	0	3	0
20260903	4291318	cmp-a001-02-000000010764328	grp-a001-02-000000069047580	견과류세트	nad-a001-02-000000541753999	bsn-a001-00-000000013604308	10	02	798055	P	1	0	0	2	0
20260903	4291318	cmp-a001-02-000000010764328	grp-a001-02-000000069047580	견과류	nad-a001-02-000000541753959	bsn-a001-00-000000013604308	10	17	529514	M	3	0	0	6	0
20260903	4291318	cmp-a001-02-000000010764328	grp-a001-02-000000069047580	단백질바	nad-a001-02-000000553654558	bsn-a001-00-000000013604308	10	04	8753	M	1	0	0	8	0
20260903	4291318	cmp-a001-02-000000010764328	grp-a001-02-000000072573876	추석선물세트	nad-a001-02-000000573683834	bsn-a001-00-000000013604308	10	02	8753	M	4	0	0	12	0
20260903	4291318	cmp-a001-02-000000010764328	grp-a001-02-000000069047580	견과류	nad-a001-02-000000541753959	bsn-a001-00-000000013604308	10	09	27758	P	3	0	0	9	0
20260903	4291318	cmp-a001-02-000000010764328	grp-a001-02-000000069047580	전주칼로리바가격	nad-a001-02-000000553654559	bsn-a001-00-000000013604308	10	13	8753	M	1	0	0	3	0
20260903	4291318	cmp-a001-02-000000010764328	grp-a001-02-000000072573876	추석선물	nad-a001-02-000000573683834	bsn-a001-00-000000013604308	10	09	11068	P	1	0	0	1	0
20260903	4291318	cmp-a001-02-000000010764328	grp-a001-02-000000069047580	갓	nad-a001-02-000000541753959	bsn-a001-00-000000013604308	10	02	798056	M	1	0	0	3	0
20260903	4291318	cmp-a001-02-000000010764328	grp-a001-02-000000069047580	황성주생식	nad-a001-02-000000541754004	bsn-a001-00-000000013604308	10	08	341898	M	1	0	0	1	0
20260903	4291318	cmp-a001-02-000000010764328	grp-a001-02-000000069047580	견과류	nad-a001-02-000000541753960	bsn-a001-00-000000013604308	10	08	8753	M	4	0	0	20	0
20260903	4291318	cmp-a001-02-000000010764328	grp-a001-02-000000069047580	하루건강견과베리앤요거트	nad-a001-02-000000541753960	bsn-a001-00-000000013604308	10	02	341898	M	1	0	0	1	0
20260903	4291318	cmp-a001-02-000000010764328	grp-a001-02-000000069047580	견과하루시작	nad-a001-02-000000541753959	bsn-a001-00-000000013604308	10	08	27758	P	1	0	0	3	0
20260903	4291318	cmp-a001-02-000000010764328	grp-a001-02-000000069047580	단백질추천	nad-a001-02-000000553654562	bsn-a001-00-000000013604308	10	08	8753	M	1	0	0	4	0
20260903	4291318	cmp-a001-02-000000010764328	grp-a001-02-000000069047580	동결건조식품장단점	nad-a001-02-000000541754004	bsn-a001-00-000000013604308	10	08	8753	M	1	0	0	2	0
20260903	4291318	cmp-a001-02-000000010764328	grp-a001-02-000000072573876	추석선물세트추천	nad-a001-02-000000573683835	bsn-a001-00-000000013604308	10	09	8753	M	1	0	0	4	0
20260903	4291318	cmp-a001-02-000000010764328	grp-a001-02-000000069047580	견과류	nad-a001-02-000000541753959	bsn-a001-00-000000013604308	10	13	529514	M	8	0	0	16	0
20260903	4291318	cmp-a001-02-000000010764328	grp-a001-02-000000069047580	쉐이크	nad-a001-02-000000553654562	bsn-a001-00-000000013604308	10	07	529514	M	5	0	0	5	0
20260903	4291318	cmp-a001-02-000000010764328	grp-a001-02-000000072573876	추석선물세트	nad-a001-02-000000573683835	bsn-a001-00-000000013604308	10	03	11068	P	1	0	0	1	0
20260903	4291318	cmp-a001-02-000000010764328	grp-a001-02-000000069047580	하루견과	nad-a001-02-000000541753999	bsn-a001-00-000000013604308	10	09	27758	P	5	0	0	5	0
20260903	4291318	cmp-a001-02-000000010764328	grp-a001-02-000000069047580	에너지바	nad-a001-02-000000553654559	bsn-a001-00-000000013604308	10	18	612593	P	1	0	0	5	0
20260903	4291318	cmp-a001-02-000000010764328	grp-a001-02-000000069047580	단백질바	nad-a001-02-000000553654554	bsn-a001-00-000000013604308	10	04	8753	M	1	0	0	6	0
20260903	4291318	cmp-a001-02-000000010764328	grp-a001-02-000000072573876	추석선물세트	nad-a001-02-000000573683834	bsn-a001-00-000000013604308	10	06	27758	P	1	0	0	1	0
20260903	4291318	cmp-a001-02-000000010764328	grp-a001-02-000000069047580	다이어트쉐이크	nad-a001-02-000000553654562	bsn-a001-00-000000013604308	10	99	768323	M	2	0	0	3	0
20260903	4291318	cmp-a001-02-000000010764328	grp-a001-02-000000069047580	단백질쉐이크	nad-a001-02-000000553654562	bsn-a001-00-000000013604308	10	02	684927	P	1	0	0	18	0
20260903	4291318	cmp-a001-02-000000010764328	grp-a001-02-000000069047580	젤리	nad-a001-02-000000541753985	bsn-a001-00-000000013604308	10	09	98128	M	1	0	0	2	0
20260903	4291318	cmp-a001-02-000000010764328	grp-a001-02-000000069047580	식물성단백질쉐이크	nad-a001-02-000000553654562	bsn-a001-00-000000013604308	10	02	33421	M	1	0	0	19	0
20260903	4291318	cmp-a001-02-000000010764328	grp-a001-02-000000069047580	갓	nad-a001-02-000000541753999	bsn-a001-00-000000013604308	10	02	684924	M	1	0	0	1	0
20260903	4291318	cmp-a001-02-000000010764328	grp-a001-02-000000069047580	하루만	nad-a001-02-000000541753999	bsn-a001-00-000000013604308	10	99	529514	M	2	0	0	2	0
20260903	4291318	cmp-a001-02-000000010764328	grp-a001-02-000000069047580	황성주생식	nad-a001-02-000000541754005	bsn-a001-00-000000013604308	10	06	529514	M	2	0	0	6	0
20260903	4291318	cmp-a001-02-000000010764328	grp-a001-02-000000072573876	추석선물	nad-a001-02-000000573683834	bsn-a001-00-000000013604308	10	13	8753	M	1	0	0	3	0
20260903	4291318	cmp-a001-02-000000010764328	grp-a001-02-000000069047580	견과류	nad-a001-02-000000541753999	bsn-a001-00-000000013604308	10	08	529514	M	14	0	0	15	0
20260903	4291318	cmp-a001-02-000000010764328	grp-a001-02-000000069047580	생식가루	nad-a001-02-000000541753996	bsn-a001-00-000000013604308	10	16	8753	M	1	0	0	4	0
20260903	4291318	cmp-a001-02-000000010764328	grp-a001-02-000000069047580	칼로리바	nad-a001-02-000000553654554	bsn-a001-00-000000013604308	10	15	684924	M	1	0	0	1	0
20260903	4291318	cmp-a001-02-000000010764328	grp-a001-02-000000069047580	사랑	nad-a001-02-000000553654559	bsn-a001-00-000000013604308	10	02	98128	M	3	0	0	15	0
20260903	4291318	cmp-a001-02-000000010764328	grp-a001-02-000000069047580	임산부견과류	nad-a001-02-000000541753999	bsn-a001-00-000000013604308	10	04	341893	M	1	0	0	1	0
20260903	4291318	cmp-a001-02-000000010764328	grp-a001-02-000000069047580	단백질바	nad-a001-02-000000553654559	bsn-a001-00-000000013604308	10	99	529514	M	4	0	0	12	0
20260903	4291318	cmp-a001-02-000000010764328	grp-a001-02-000000069047580	견과류세트	nad-a001-02-000000541753999	bsn-a001-00-000000013604308	10	06	8753	M	2	0	0	2	0
20260903	4291318	cmp-a001-02-000000010764328	grp-a001-02-000000072573876	추석선물	nad-a001-02-000000573683835	bsn-a001-00-000000013604308	10	09	11068	P	1	0	0	2	0
20260903	4291318	cmp-a001-02-000000010764328	grp-a001-02-000000069047580	견과류	nad-a001-02-000000541753959	bsn-a001-00-000000013604308	10	18	529514	M	15	0	0	31	0
20260903	4291318	cmp-a001-02-000000010764328	grp-a001-02-000000069047580	황성주생식라이프밀	nad-a001-02-000000541753988	bsn-a001-00-000000013604308	10	99	8753	M	1	1	591	5	0
20260903	4291318	cmp-a001-02-000000010764328	grp-a001-02-000000069047580	사랑으로	nad-a001-02-000000553654558	bsn-a001-00-000000013604308	10	02	612594	M	1	0	0	4	0
20260903	4291318	cmp-a001-02-000000010764328	grp-a001-02-000000069047580	가루	nad-a001-02-000000541753996	bsn-a001-00-000000013604308	10	02	684924	M	1	0	0	1	0
20260903	4291318	cmp-a001-02-000000010764328	grp-a001-02-000000069047580	견과세트	nad-a001-02-000000541753999	bsn-a001-00-000000013604308	10	07	768323	M	2	0	0	4	0
20260903	4291318	cmp-a001-02-000000010764328	grp-a001-02-000000072573876	명절선물	nad-a001-02-000000573683835	bsn-a001-00-000000013604308	10	99	529514	M	3	0	0	55	0
20260903	4291318	cmp-a001-02-000000010764328	grp-a001-02-000000069047580	황성주생식	nad-a001-02-000000541754004	bsn-a001-00-000000013604308	10	04	8753	M	1	0	0	2	0
20260903	4291318	cmp-a001-02-000000010764328	grp-a001-02-000000069047580	에너지+바	nad-a001-02-000000553654558	bsn-a001-00-000000013604308	10	00	805759	P	1	0	0	3	0
20260903	4291318	cmp-a001-02-000000010764328	grp-a001-02-000000069047580	황성주1일1생식프리미엄	nad-a001-02-000000541753997	bsn-a001-00-000000013604308	10	01	8753	M	1	0	0	1	0
20260903	4291318	cmp-a001-02-000000010764328	grp-a001-02-000000069047580	황성주생식	nad-a001-02-000000541754004	bsn-a001-00-000000013604308	10	04	529514	M	1	0	0	2	0
20260903	4291318	cmp-a001-02-000000010764328	grp-a001-02-000000069047580	하루견과	nad-a001-02-000000541753999	bsn-a001-00-000000013604308	10	02	684926	M	1	0	0	2	0
20260903	4291318	cmp-a001-02-000000010764328	grp-a001-02-000000069047580	오트리견과	nad-a001-02-000000541753959	bsn-a001-00-000000013604308	10	10	370822	P	2	0	0	2	0
20260903	4291318	cmp-a001-02-000000010764328	grp-a001-02-000000069047580	하루견과20G20입세트형선물세트	nad-a001-02-000000541753960	bsn-a001-00-000000013604308	10	04	33421	M	1	0	0	2	0
20260903	4291318	cmp-a001-02-000000010764328	grp-a001-02-000000069047580	하루견과그린20	nad-a001-02-000000541753959	bsn-a001-00-000000013604308	10	03	8753	M	1	0	0	2	0
20260903	4291318	cmp-a001-02-000000010764328	grp-a001-02-000000069047580	곡물쉐이크	nad-a001-02-000000553654562	bsn-a001-00-000000013604308	10	02	8753	M	2	0	0	8	0
20260903	4291318	cmp-a001-02-000000010764328	grp-a001-02-000000069047580	동결건조가루	nad-a001-02-000000541754004	bsn-a001-00-000000013604308	10	11	8753	M	1	0	0	2	0
20260903	4291318	cmp-a001-02-000000010764328	grp-a001-02-000000072573876	추석선물세트추천	nad-a001-02-000000573683834	bsn-a001-00-000000013604308	10	07	11068	P	1	0	0	2	0
20260903	4291318	cmp-a001-02-000000010764328	grp-a001-02-000000069047580	사랑은	nad-a001-02-000000553654558	bsn-a001-00-000000013604308	10	02	248824	P	1	0	0	3	0
20260903	4291318	cmp-a001-02-000000010764328	grp-a001-02-000000069047580	견과류	nad-a001-02-000000541753959	bsn-a001-00-000000013604308	10	08	529514	M	14	0	0	29	0
20260903	4291318	cmp-a001-02-000000010764328	grp-a001-02-000000069047580	가루	nad-a001-02-000000541754004	bsn-a001-00-000000013604308	10	09	8753	M	1	0	0	2	0
20260903	4291318	cmp-a001-02-000000010764328	grp-a001-02-000000069047580	견과류	nad-a001-02-000000541753999	bsn-a001-00-000000013604308	10	02	27758	P	4	1	2481	7	0
20260903	4291318	cmp-a001-02-000000010764328	grp-a001-02-000000072573876	추석선물	nad-a001-02-000000573683835	bsn-a001-00-000000013604308	10	09	684927	P	1	0	0	22	0
20260903	4291318	cmp-a001-02-000000010764328	grp-a001-02-000000069047580	견과류	nad-a001-02-000000541753959	bsn-a001-00-000000013604308	10	15	33421	M	1	0	0	8	0
20260903	4291318	cmp-a001-02-000000010764328	grp-a001-02-000000069047580	하루견과	nad-a001-02-000000541753959	bsn-a001-00-000000013604308	10	09	23123	P	4	0	0	12	0
20260903	4291318	cmp-a001-02-000000010764328	grp-a001-02-000000069047580	하루견과	nad-a001-02-000000541753999	bsn-a001-00-000000013604308	10	08	684927	P	1	0	0	1	0
20260903	4291318	cmp-a001-02-000000010764328	grp-a001-02-000000069047580	프로틴	nad-a001-02-000000553654562	bsn-a001-00-000000013604308	10	04	137281	M	1	0	0	1	0
20260903	4291318	cmp-a001-02-000000010764328	grp-a001-02-000000069047580	단백질쉐이크	nad-a001-02-000000553654562	bsn-a001-00-000000013604308	10	09	529514	M	75	0	0	124	0
20260903	4291318	cmp-a001-02-000000010764328	grp-a001-02-000000069047580	임산부케일분말	nad-a001-02-000000541754004	bsn-a001-00-000000013604308	10	99	341898	M	2	1	4133	4	0
20260903	4291318	cmp-a001-02-000000010764328	grp-a001-02-000000069047580	프로틴	nad-a001-02-000000553654562	bsn-a001-00-000000013604308	10	13	8753	M	1	0	0	9	0
20260903	4291318	cmp-a001-02-000000010764328	grp-a001-02-000000069047580	견과류	nad-a001-02-000000541753999	bsn-a001-00-000000013604308	10	09	633013	M	8	0	0	23	0
20260903	4291318	cmp-a001-02-000000010764328	grp-a001-02-000000069047580	사랑님	nad-a001-02-000000553654559	bsn-a001-00-000000013604308	10	09	529514	M	2	0	0	13	0
20260903	4291318	cmp-a001-02-000000010764328	grp-a001-02-000000069047580	황성주생식	nad-a001-02-000000541754004	bsn-a001-00-000000013604308	10	07	341893	M	1	0	0	1	0
20260903	4291318	cmp-a001-02-000000010764328	grp-a001-02-000000069047580	하루견과	nad-a001-02-000000541753960	bsn-a001-00-000000013604308	10	02	8753	M	5	0	0	14	0
20260903	4291318	cmp-a001-02-000000010764328	grp-a001-02-000000069047580	견과류세트	nad-a001-02-000000541753999	bsn-a001-00-000000013604308	10	10	8753	M	1	0	0	1	0
20260903	4291318	cmp-a001-02-000000010764328	grp-a001-02-000000069047580	견과류세트	nad-a001-02-000000541753960	bsn-a001-00-000000013604308	10	09	8753	M	1	0	0	2	0
20260903	4291318	cmp-a001-02-000000010764328	grp-a001-02-000000069047580	사무실견과류	nad-a001-02-000000541753960	bsn-a001-00-000000013604308	10	02	11068	P	1	0	0	3	0
20260903	4291318	cmp-a001-02-000000010764328	grp-a001-02-000000069047580	황성주생식	nad-a001-02-000000541754004	bsn-a001-00-000000013604308	10	09	8753	M	1	0	0	2	0
20260903	4291318	cmp-a001-02-000000010764328	grp-a001-02-000000069047580	프로틴바	nad-a001-02-000000553654559	bsn-a001-00-000000013604308	10	09	529514	M	2	0	0	6	0
20260903	4291318	cmp-a001-02-000000010764328	grp-a001-02-000000069047580	사랑	nad-a001-02-000000553654554	bsn-a001-00-000000013604308	10	18	612593	P	1	0	0	3	0
20260903	4291318	cmp-a001-02-000000010764328	grp-a001-02-000000069047580	견과류보관방법	nad-a001-02-000000541753959	bsn-a001-00-000000013604308	10	18	8753	M	1	0	0	3	0
20260903	4291318	cmp-a001-02-000000010764328	grp-a001-02-000000069047580	에너지바	nad-a001-02-000000553654554	bsn-a001-00-000000013604308	10	18	612593	P	1	0	0	1	0
20260903	4291318	cmp-a001-02-000000010764328	grp-a001-02-000000069047580	하루견과	nad-a001-02-000000541753999	bsn-a001-00-000000013604308	10	08	684926	M	1	0	0	1	0
20260903	4291318	cmp-a001-02-000000010764328	grp-a001-02-000000069047580	견과류세트	nad-a001-02-000000541753959	bsn-a001-00-000000013604308	10	06	27758	P	1	0	0	2	0
20260903	4291318	cmp-a001-02-000000010764328	grp-a001-02-000000072573876	추석선물세트	nad-a001-02-000000573683835	bsn-a001-00-000000013604308	10	11	529514	M	4	0	0	70	0
20260903	4291318	cmp-a001-02-000000010764328	grp-a001-02-000000069047580	황성주생식라이프밀	nad-a001-02-000000541754005	bsn-a001-00-000000013604308	10	99	8753	M	1	1	1686	4	0
20260903	4291318	cmp-a001-02-000000010764328	grp-a001-02-000000069047580	사랑	nad-a001-02-000000553654558	bsn-a001-00-000000013604308	10	02	98128	M	3	0	0	12	0
20260903	4291318	cmp-a001-02-000000010764328	grp-a001-02-000000069047580	견과류	nad-a001-02-000000541753960	bsn-a001-00-000000013604308	10	13	8753	M	1	0	0	5	0
20260903	4291318	cmp-a001-02-000000010764328	grp-a001-02-000000069047580	사랑님	nad-a001-02-000000553654554	bsn-a001-00-000000013604308	10	02	529514	M	2	0	0	2	0
20260903	4291318	cmp-a001-02-000000010764328	grp-a001-02-000000069047580	황성주생식	nad-a001-02-000000541754004	bsn-a001-00-000000013604308	10	10	8753	M	1	0	0	2	0
20260903	4291318	cmp-a001-02-000000010764328	grp-a001-02-000000069047580	견과류	nad-a001-02-000000541753999	bsn-a001-00-000000013604308	10	13	684924	M	1	0	0	1	0
20260903	4291318	cmp-a001-02-000000010764328	grp-a001-02-000000069047580	견과류	nad-a001-02-000000541753999	bsn-a001-00-000000013604308	10	16	684925	P	1	0	0	1	0
20260903	4291318	cmp-a001-02-000000010764328	grp-a001-02-000000069047580	프로틴바	nad-a001-02-000000553654558	bsn-a001-00-000000013604308	10	99	87620	M	1	0	0	2	0
20260903	4291318	cmp-a001-02-000000010764328	grp-a001-02-000000069047580	푸룬젤리	nad-a001-02-000000541753985	bsn-a001-00-000000013604308	10	02	341893	M	1	0	0	2	0
20260903	4291318	cmp-a001-02-000000010764328	grp-a001-02-000000069047580	하루견과	nad-a001-02-000000541753959	bsn-a001-00-000000013604308	10	18	612593	P	1	0	0	1	0
20260903	4291318	cmp-a001-02-000000010764328	grp-a001-02-000000069047580	견과류	nad-a001-02-000000541753959	bsn-a001-00-000000013604308	10	08	33421	M	2	0	0	13	0
20260903	4291318	cmp-a001-02-000000010764328	grp-a001-02-000000069047580	1일1생식황성주	nad-a001-02-000000541754004	bsn-a001-00-000000013604308	10	13	8753	M	1	0	0	2	0
20260903	4291318	cmp-a001-02-000000010764328	grp-a001-02-000000069047580	황성주생식	nad-a001-02-000000541754004	bsn-a001-00-000000013604308	10	08	8753	M	4	1	4367	8	0
20260903	4291318	cmp-a001-02-000000010764328	grp-a001-02-000000072573876	명절선물	nad-a001-02-000000573683834	bsn-a001-00-000000013604308	10	04	529514	M	1	0	0	20	0
20260903	4291318	cmp-a001-02-000000010764328	grp-a001-02-000000069047580	하루	nad-a001-02-000000541753960	bsn-a001-00-000000013604308	10	11	137281	M	15	0	0	30	0
20260903	4291318	cmp-a001-02-000000010764328	grp-a001-02-000000069047580	갓	nad-a001-02-000000541753999	bsn-a001-00-000000013604308	10	99	529514	M	3	0	0	5	0
20260903	4291318	cmp-a001-02-000000010764328	grp-a001-02-000000069047580	하루견과	nad-a001-02-000000541753960	bsn-a001-00-000000013604308	10	04	23123	P	1	0	0	2	0
20260903	4291318	cmp-a001-02-000000010764328	grp-a001-02-000000069047580	견과류추천	nad-a001-02-000000541753999	bsn-a001-00-000000013604308	10	02	8753	M	1	0	0	2	0
20260903	4291318	cmp-a001-02-000000010764328	grp-a001-02-000000069047580	프로틴	nad-a001-02-000000553654562	bsn-a001-00-000000013604308	10	04	768323	M	3	0	0	4	0
20260903	4291318	cmp-a001-02-000000010764328	grp-a001-02-000000069047580	하루견과	nad-a001-02-000000541753999	bsn-a001-00-000000013604308	10	18	27758	P	2	0	0	2	0
20260903	4291318	cmp-a001-02-000000010764328	grp-a001-02-000000072573876	추석선물세트추천	nad-a001-02-000000573683835	bsn-a001-00-000000013604308	10	06	11068	P	1	0	0	2	0
20260903	4291318	cmp-a001-02-000000010764328	grp-a001-02-000000069047580	공복에견과류	nad-a001-02-000000541753999	bsn-a001-00-000000013604308	10	02	27758	P	1	0	0	1	0
20260903	4291318	cmp-a001-02-000000010764328	grp-a001-02-000000069047580	단백질쉐이크	nad-a001-02-000000553654562	bsn-a001-00-000000013604308	10	11	684927	P	1	0	0	33	0
20260903	4291318	cmp-a001-02-000000010764328	grp-a001-02-000000069047580	견과류	nad-a001-02-000000541753959	bsn-a001-00-000000013604308	10	02	8753	M	2	0	0	14	0
20260903	4291318	cmp-a001-02-000000010764328	grp-a001-02-000000069047580	황성주생식	nad-a001-02-000000541754005	bsn-a001-00-000000013604308	10	08	8753	M	4	0	0	16	0
20260903	4291318	cmp-a001-02-000000010764328	grp-a001-02-000000069047580	프로틴바	nad-a001-02-000000553654558	bsn-a001-00-000000013604308	10	16	529514	M	3	0	0	6	0
20260903	4291318	cmp-a001-02-000000010764328	grp-a001-02-000000069047580	단백질쉐이크	nad-a001-02-000000553654562	bsn-a001-00-000000013604308	10	03	33421	M	1	0	0	8	0
20260903	4291318	cmp-a001-02-000000010764328	grp-a001-02-000000069047580	황성주생식	nad-a001-02-000000541754005	bsn-a001-00-000000013604308	10	01	8753	M	4	0	0	16	0
20260903	4291318	cmp-a001-02-000000010764328	grp-a001-02-000000069047580	단백질바당0	nad-a001-02-000000553654554	bsn-a001-00-000000013604308	10	02	8753	M	1	0	0	4	0
20260903	4291318	cmp-a001-02-000000010764328	grp-a001-02-000000069047580	견과세트	nad-a001-02-000000541753959	bsn-a001-00-000000013604308	10	11	768323	M	1	0	0	1	0
20260903	4291318	cmp-a001-02-000000010764328	grp-a001-02-000000069047580	단백질파우더	nad-a001-02-000000553654562	bsn-a001-00-000000013604308	10	09	529514	M	2	0	0	2	0
20260903	4291318	cmp-a001-02-000000010764328	grp-a001-02-000000069047580	프로틴쉐이크	nad-a001-02-000000553654562	bsn-a001-00-000000013604308	10	09	529514	M	11	0	0	11	0
20260903	4291318	cmp-a001-02-000000010764328	grp-a001-02-000000069047580	단백질쉐이크	nad-a001-02-000000553654562	bsn-a001-00-000000013604308	10	09	11068	P	1	0	0	35	0
20260903	4291318	cmp-a001-02-000000010764328	grp-a001-02-000000069047580	견과류	nad-a001-02-000000541753999	bsn-a001-00-000000013604308	10	99	684926	M	1	0	0	1	0
20260903	4291318	cmp-a001-02-000000010764328	grp-a001-02-000000069047580	하루만	nad-a001-02-000000541753960	bsn-a001-00-000000013604308	10	99	529514	M	2	0	0	5	0
20260903	4291318	cmp-a001-02-000000010764328	grp-a001-02-000000069047580	견과세트	nad-a001-02-000000541753960	bsn-a001-00-000000013604308	10	99	768323	M	5	0	0	15	0
20260903	4291318	cmp-a001-02-000000010764328	grp-a001-02-000000069047580	견과류	nad-a001-02-000000541753960	bsn-a001-00-000000013604308	10	18	529514	M	16	0	0	59	0
20260903	4291318	cmp-a001-02-000000010764328	grp-a001-02-000000069047580	하루견과	nad-a001-02-000000541753959	bsn-a001-00-000000013604308	10	04	23123	P	1	0	0	3	0
20260903	4291318	cmp-a001-02-000000010764328	grp-a001-02-000000069047580	사랑님	nad-a001-02-000000553654554	bsn-a001-00-000000013604308	10	09	529514	M	2	0	0	2	0
20260903	4291318	cmp-a001-02-000000010764328	grp-a001-02-000000072573876	추석선물세트	nad-a001-02-000000573683834	bsn-a001-00-000000013604308	10	99	529514	M	15	0	0	294	0
20260903	4291318	cmp-a001-02-000000010764328	grp-a001-02-000000069047580	칼로리바가격	nad-a001-02-000000553654554	bsn-a001-00-000000013604308	10	09	8753	M	1	0	0	1	0
20260903	4291318	cmp-a001-02-000000010764328	grp-a001-02-000000069047580	황성주생식	nad-a001-02-000000541753996	bsn-a001-00-000000013604308	10	03	8753	M	2	0	0	6	0
20260903	4291318	cmp-a001-02-000000010764328	grp-a001-02-000000069047580	리치팜	nad-a001-02-000000541753960	bsn-a001-00-000000013604308	10	02	370822	P	1	0	0	1	0
20260903	4291318	cmp-a001-02-000000010764328	grp-a001-02-000000072573876	추석선물세트추천	nad-a001-02-000000573683834	bsn-a001-00-000000013604308	10	09	8753	M	1	0	0	3	0
20260903	4291318	cmp-a001-02-000000010764328	grp-a001-02-000000069047580	프로틴바	nad-a001-02-000000553654554	bsn-a001-00-000000013604308	10	11	27758	P	1	0	0	1	0
20260903	4291318	cmp-a001-02-000000010764328	grp-a001-02-000000069047580	견과세트	nad-a001-02-000000541753959	bsn-a001-00-000000013604308	10	10	768323	M	2	0	0	2	0
20260903	4291318	cmp-a001-02-000000010764328	grp-a001-02-000000069047580	프로틴바	nad-a001-02-000000553654559	bsn-a001-00-000000013604308	10	99	87620	M	1	0	0	3	0
20260903	4291318	cmp-a001-02-000000010764328	grp-a001-02-000000069047580	하루견과	nad-a001-02-000000541753999	bsn-a001-00-000000013604308	10	18	684925	P	2	0	0	2	0
20260903	4291318	cmp-a001-02-000000010764328	grp-a001-02-000000069047580	하루견과그린20	nad-a001-02-000000541753999	bsn-a001-00-000000013604308	10	03	8753	M	1	0	0	1	0
20260903	4291318	cmp-a001-02-000000010764328	grp-a001-02-000000072573876	추석선물세트추천	nad-a001-02-000000573683834	bsn-a001-00-000000013604308	10	02	27758	P	1	0	0	1	0
20260903	4291318	cmp-a001-02-000000010764328	grp-a001-02-000000069047580	가루	nad-a001-02-000000541753997	bsn-a001-00-000000013604308	10	18	529514	M	6	0	0	8	0
20260903	4291318	cmp-a001-02-000000010764328	grp-a001-02-000000069047580	단백질	nad-a001-02-000000553654562	bsn-a001-00-000000013604308	10	09	8753	M	3	0	0	11	0
20260903	4291318	cmp-a001-02-000000010764328	grp-a001-02-000000069047580	프로틴바	nad-a001-02-000000553654558	bsn-a001-00-000000013604308	10	09	529514	M	2	0	0	4	0
20260903	4291318	cmp-a001-02-000000010764328	grp-a001-02-000000069047580	견과류세트	nad-a001-02-000000541753999	bsn-a001-00-000000013604308	10	02	8753	M	1	0	0	1	0
20260903	4291318	cmp-a001-02-000000010764328	grp-a001-02-000000069047580	하루견과	nad-a001-02-000000541753959	bsn-a001-00-000000013604308	10	10	529514	M	2	0	0	6	0
20260903	4291318	cmp-a001-02-000000010764328	grp-a001-02-000000069047580	단백질쉐이크	nad-a001-02-000000553654562	bsn-a001-00-000000013604308	10	09	8753	M	1	0	0	10	0
20260903	4291318	cmp-a001-02-000000010764328	grp-a001-02-000000069047580	프로틴	nad-a001-02-000000553654562	bsn-a001-00-000000013604308	10	16	768323	M	2	0	0	3	0
20260903	4291318	cmp-a001-02-000000010764328	grp-a001-02-000000069047580	칼로리바가격	nad-a001-02-000000553654559	bsn-a001-00-000000013604308	10	09	8753	M	1	0	0	3	0
20260903	4291318	cmp-a001-02-000000010764328	grp-a001-02-000000069047580	견과류추천	nad-a001-02-000000541753959	bsn-a001-00-000000013604308	10	02	27758	P	2	0	0	6	0
20260903	4291318	cmp-a001-02-000000010764328	grp-a001-02-000000069047580	순천견과하루	nad-a001-02-000000541753999	bsn-a001-00-000000013604308	10	18	8753	M	2	0	0	2	0
20260903	4291318	cmp-a001-02-000000010764328	grp-a001-02-000000069047580	단백질바	nad-a001-02-000000553654554	bsn-a001-00-000000013604308	10	09	529514	M	2	0	0	2	0
20260903	4291318	cmp-a001-02-000000010764328	grp-a001-02-000000069047580	단백질보충제	nad-a001-02-000000553654562	bsn-a001-00-000000013604308	10	02	529514	M	4	0	0	8	0
20260903	4291318	cmp-a001-02-000000010764328	grp-a001-02-000000069047580	하루견과	nad-a001-02-000000541753960	bsn-a001-00-000000013604308	10	02	87620	M	1	0	0	2	0
20260903	4291318	cmp-a001-02-000000010764328	grp-a001-02-000000069047580	쉐이크	nad-a001-02-000000553654562	bsn-a001-00-000000013604308	10	99	8753	M	1	0	0	5	0
20260903	4291318	cmp-a001-02-000000010764328	grp-a001-02-000000069047580	황성주생식	nad-a001-02-000000541753997	bsn-a001-00-000000013604308	10	08	8753	M	4	1	5765	4	0
20260903	4291318	cmp-a001-02-000000010764328	grp-a001-02-000000069047580	견과류	nad-a001-02-000000541753959	bsn-a001-00-000000013604308	10	13	33421	M	1	0	0	7	0
20260903	4291318	cmp-a001-02-000000010764328	grp-a001-02-000000069047580	프로틴	nad-a001-02-000000553654562	bsn-a001-00-000000013604308	10	14	529514	M	13	0	0	13	0
20260903	4291318	cmp-a001-02-000000010764328	grp-a001-02-000000069047580	스낵과자시리얼	nad-a001-02-000000553654554	bsn-a001-00-000000013604308	10	13	27758	P	1	0	0	2	0
20260903	4291318	cmp-a001-02-000000010764328	grp-a001-02-000000069047580	견과	nad-a001-02-000000541753999	bsn-a001-00-000000013604308	10	99	684926	M	3	0	0	3	0
20260903	4291318	cmp-a001-02-000000010764328	grp-a001-02-000000069047580	견과류	nad-a001-02-000000541753959	bsn-a001-00-000000013604308	10	02	27758	P	3	0	0	9	0
20260903	4291318	cmp-a001-02-000000010764328	grp-a001-02-000000069047580	황성주생식	nad-a001-02-000000541753988	bsn-a001-00-000000013604308	10	18	633013	M	2	0	0	14	0
20260903	4291318	cmp-a001-02-000000010764328	grp-a001-02-000000069047580	견과류세트	nad-a001-02-000000541753999	bsn-a001-00-000000013604308	10	18	27758	P	1	1	2394	1	0
20260903	4291318	cmp-a001-02-000000010764328	grp-a001-02-000000069047580	황성주1일1생식프리미엄	nad-a001-02-000000541754004	bsn-a001-00-000000013604308	10	01	8753	M	1	0	0	2	0
20260903	4291318	cmp-a001-02-000000010764328	grp-a001-02-000000069047580	견과	nad-a001-02-000000541753999	bsn-a001-00-000000013604308	10	99	8753	M	1	0	0	1	0
20260903	4291318	cmp-a001-02-000000010764328	grp-a001-02-000000069047580	에너지바	nad-a001-02-000000553654554	bsn-a001-00-000000013604308	10	99	529514	M	4	0	0	4	0
20260903	4291318	cmp-a001-02-000000010764328	grp-a001-02-000000069047580	견과류추천	nad-a001-02-000000541753999	bsn-a001-00-000000013604308	10	09	8753	M	1	0	0	2	0
20260903	4291318	cmp-a001-02-000000010764328	grp-a001-02-000000069047580	황성주생식	nad-a001-02-000000541754005	bsn-a001-00-000000013604308	10	18	633013	M	2	0	0	8	0
20260903	4291318	cmp-a001-02-000000010764328	grp-a001-02-000000072573876	명절선물	nad-a001-02-000000573683835	bsn-a001-00-000000013604308	10	04	529514	M	1	0	0	19	0
20260903	4291318	cmp-a001-02-000000010764328	grp-a001-02-000000069047580	PROTEIN	nad-a001-02-000000553654562	bsn-a001-00-000000013604308	10	99	612593	P	1	0	0	2	0
20260903	4291318	cmp-a001-02-000000010764328	grp-a001-02-000000069047580	프로틴	nad-a001-02-000000553654562	bsn-a001-00-000000013604308	10	99	137281	M	2	0	0	2	0
20260903	4291318	cmp-a001-02-000000010764328	grp-a001-02-000000069047580	황성주생식	nad-a001-02-000000541754005	bsn-a001-00-000000013604308	10	04	8753	M	1	0	0	4	0
20260903	4291318	cmp-a001-02-000000010764328	grp-a001-02-000000069047580	견과세트	nad-a001-02-000000541753960	bsn-a001-00-000000013604308	10	08	768323	M	1	0	0	3	0
20260903	4291318	cmp-a001-02-000000010764328	grp-a001-02-000000069047580	하루견과	nad-a001-02-000000541753999	bsn-a001-00-000000013604308	10	16	684926	M	2	0	0	2	0
20260903	4291318	cmp-a001-02-000000010764328	grp-a001-02-000000069047580	프로틴	nad-a001-02-000000553654562	bsn-a001-00-000000013604308	10	09	137281	M	2	0	0	2	0
20260903	4291318	cmp-a001-02-000000010764328	grp-a001-02-000000069047580	하루견과	nad-a001-02-000000541753999	bsn-a001-00-000000013604308	10	99	341893	M	1	0	0	1	0
20260903	4291318	cmp-a001-02-000000010764328	grp-a001-02-000000069047580	단백질바	nad-a001-02-000000553654558	bsn-a001-00-000000013604308	10	09	529514	M	2	0	0	4	0
20260903	4291318	cmp-a001-02-000000010764328	grp-a001-02-000000069047580	갓	nad-a001-02-000000541753999	bsn-a001-00-000000013604308	10	02	529514	M	29	0	0	32	0
20260903	4291318	cmp-a001-02-000000010764328	grp-a001-02-000000072573876	네이버특가	nad-a001-02-000000573683835	bsn-a001-00-000000013604308	10	09	27758	P	1	0	0	2	0
20260903	4291318	cmp-a001-02-000000010764328	grp-a001-02-000000072573876	추석선물	nad-a001-02-000000573683834	bsn-a001-00-000000013604308	10	06	8753	M	2	0	0	4	0
20260903	4291318	cmp-a001-02-000000010764328	grp-a001-02-000000069047580	견과세트	nad-a001-02-000000541753959	bsn-a001-00-000000013604308	10	02	768323	M	4	0	0	4	0
20260903	4291318	cmp-a001-02-000000010764328	grp-a001-02-000000072573876	추석명절이코앞이네요	nad-a001-02-000000573683835	bsn-a001-00-000000013604308	10	18	8753	M	2	0	0	4	0
20260903	4291318	cmp-a001-02-000000010764328	grp-a001-02-000000069047580	견과류세트	nad-a001-02-000000541753959	bsn-a001-00-000000013604308	10	16	33421	M	2	0	0	4	0
20260903	4291318	cmp-a001-02-000000010764328	grp-a001-02-000000069047580	견과류	nad-a001-02-000000541753999	bsn-a001-00-000000013604308	10	11	684926	M	1	0	0	2	0
20260903	4291318	cmp-a001-02-000000010764328	grp-a001-02-000000072573876	추석선물세트	nad-a001-02-000000573683835	bsn-a001-00-000000013604308	10	11	33421	M	1	0	0	2	0
20260903	4291318	cmp-a001-02-000000010764328	grp-a001-02-000000069047580	황성주생식	nad-a001-02-000000541753996	bsn-a001-00-000000013604308	10	18	633013	M	2	0	0	6	0
20260903	4291318	cmp-a001-02-000000010764328	grp-a001-02-000000072573876	추석선물세트	nad-a001-02-000000573683835	bsn-a001-00-000000013604308	10	16	529514	M	3	0	0	63	0
20260903	4291318	cmp-a001-02-000000010764328	grp-a001-02-000000069047580	견과류	nad-a001-02-000000541753959	bsn-a001-00-000000013604308	10	18	684926	M	1	0	0	6	0
20260903	4291318	cmp-a001-02-000000010764328	grp-a001-02-000000069047580	동결건조가루	nad-a001-02-000000541753996	bsn-a001-00-000000013604308	10	11	684924	M	1	0	0	1	0
20260903	4291318	cmp-a001-02-000000010764328	grp-a001-02-000000069047580	견과류	nad-a001-02-000000541753960	bsn-a001-00-000000013604308	10	99	529514	M	61	0	0	238	0
20260903	4291318	cmp-a001-02-000000010764328	grp-a001-02-000000069047580	단백질	nad-a001-02-000000553654562	bsn-a001-00-000000013604308	10	09	529514	M	3	0	0	4	0
20260903	4291318	cmp-a001-02-000000010764328	grp-a001-02-000000069047580	미숫가루단백질쉐이크	nad-a001-02-000000553654562	bsn-a001-00-000000013604308	10	09	11068	P	1	0	0	18	0
20260903	4291318	cmp-a001-02-000000010764328	grp-a001-02-000000069047580	동결건조식품의장점	nad-a001-02-000000541753997	bsn-a001-00-000000013604308	10	08	8753	M	2	0	0	2	0
20260903	4291318	cmp-a001-02-000000010764328	grp-a001-02-000000069047580	견과류	nad-a001-02-000000541753959	bsn-a001-00-000000013604308	10	16	27758	P	1	0	0	3	0
20260903	4291318	cmp-a001-02-000000010764328	grp-a001-02-000000069047580	황성주생식	nad-a001-02-000000541753997	bsn-a001-00-000000013604308	10	09	8753	M	1	0	0	1	0
20260903	4291318	cmp-a001-02-000000010764328	grp-a001-02-000000069047580	견과류세트	nad-a001-02-000000541753960	bsn-a001-00-000000013604308	10	10	8753	M	1	0	0	2	0
20260903	4291318	cmp-a001-02-000000010764328	grp-a001-02-000000069047580	하루견과추천	nad-a001-02-000000541753960	bsn-a001-00-000000013604308	10	15	341893	M	1	0	0	1	0
20260903	4291318	cmp-a001-02-000000010764328	grp-a001-02-000000069047580	견과류	nad-a001-02-000000541753959	bsn-a001-00-000000013604308	10	02	529514	M	132	0	0	268	0
20260903	4291318	cmp-a001-02-000000010764328	grp-a001-02-000000069047580	프로틴	nad-a001-02-000000553654562	bsn-a001-00-000000013604308	10	16	98128	M	2	0	0	2	0
20260903	4291318	cmp-a001-02-000000010764328	grp-a001-02-000000069047580	황성주생식	nad-a001-02-000000541754004	bsn-a001-00-000000013604308	10	09	798056	M	2	0	0	2	0
20260903	4291318	cmp-a001-02-000000010764328	grp-a001-02-000000069047580	견과류	nad-a001-02-000000541753959	bsn-a001-00-000000013604308	10	09	768323	M	1	0	0	2	0
20260903	4291318	cmp-a001-02-000000010764328	grp-a001-02-000000069047580	견과류	nad-a001-02-000000541753999	bsn-a001-00-000000013604308	10	15	33421	M	1	0	0	2	0
20260903	4291318	cmp-a001-02-000000010764328	grp-a001-02-000000069047580	선식추천	nad-a001-02-000000541754004	bsn-a001-00-000000013604308	10	09	341893	M	1	0	0	1	0
20260903	4291318	cmp-a001-02-000000010764328	grp-a001-02-000000069047580	사랑	nad-a001-02-000000553654559	bsn-a001-00-000000013604308	10	07	98128	M	1	0	0	5	0
20260903	4291318	cmp-a001-02-000000010764328	grp-a001-02-000000072573876	추석선물세트	nad-a001-02-000000573683835	bsn-a001-00-000000013604308	10	03	27758	P	1	0	0	2	0
20260903	4291318	cmp-a001-02-000000010764328	grp-a001-02-000000069047580	사랑	nad-a001-02-000000553654554	bsn-a001-00-000000013604308	10	07	98128	M	1	0	0	2	0
20260903	4291318	cmp-a001-02-000000010764328	grp-a001-02-000000069047580	견과류세트	nad-a001-02-000000541753960	bsn-a001-00-000000013604308	10	16	684924	M	2	0	0	2	0
20260903	4291318	cmp-a001-02-000000010764328	grp-a001-02-000000072573876	명절선물	nad-a001-02-000000573683834	bsn-a001-00-000000013604308	10	02	529514	M	2	0	0	38	0
20260903	4291318	cmp-a001-02-000000010764328	grp-a001-02-000000069047580	하루견과	nad-a001-02-000000541753999	bsn-a001-00-000000013604308	10	99	11068	P	1	0	0	1	0
20260903	4291318	cmp-a001-02-000000010764328	grp-a001-02-000000069047580	단백질바	nad-a001-02-000000553654559	bsn-a001-00-000000013604308	10	15	684927	P	1	0	0	15	0
20260903	4291318	cmp-a001-02-000000010764328	grp-a001-02-000000069047580	단백질파우더	nad-a001-02-000000553654562	bsn-a001-00-000000013604308	10	09	768323	M	2	0	0	2	0
20260903	4291318	cmp-a001-02-000000010764328	grp-a001-02-000000069047580	단백질쉐이크	nad-a001-02-000000553654562	bsn-a001-00-000000013604308	10	10	8753	M	1	0	0	5	0
20260903	4291318	cmp-a001-02-000000010764328	grp-a001-02-000000069047580	견과	nad-a001-02-000000541753959	bsn-a001-00-000000013604308	10	99	8753	M	1	0	0	3	0
20260903	4291318	cmp-a001-02-000000010764328	grp-a001-02-000000069047580	가루	nad-a001-02-000000541753996	bsn-a001-00-000000013604308	10	09	8753	M	1	0	0	3	0
20260903	4291318	cmp-a001-02-000000010764328	grp-a001-02-000000069047580	젤리	nad-a001-02-000000541753985	bsn-a001-00-000000013604308	10	04	529514	M	2	0	0	2	0
20260903	4291318	cmp-a001-02-000000010764328	grp-a001-02-000000069047580	하루견과	nad-a001-02-000000541753960	bsn-a001-00-000000013604308	10	02	11068	P	1	0	0	3	0
20260903	4291318	cmp-a001-02-000000010764328	grp-a001-02-000000072573876	추석선물	nad-a001-02-000000573683835	bsn-a001-00-000000013604308	10	09	798055	P	1	0	0	5	0
20260903	4291318	cmp-a001-02-000000010764328	grp-a001-02-000000069047580	하루견과쇼핑몰	nad-a001-02-000000541753999	bsn-a001-00-000000013604308	10	03	8753	M	1	0	0	2	0
20260903	4291318	cmp-a001-02-000000010764328	grp-a001-02-000000069047580	맛있는젤리	nad-a001-02-000000541753985	bsn-a001-00-000000013604308	10	99	341893	M	1	0	0	3	0
20260903	4291318	cmp-a001-02-000000010764328	grp-a001-02-000000069047580	견과류	nad-a001-02-000000541753999	bsn-a001-00-000000013604308	10	07	11068	P	1	0	0	3	0
20260903	4291318	cmp-a001-02-000000010764328	grp-a001-02-000000069047580	견과류	nad-a001-02-000000541753999	bsn-a001-00-000000013604308	10	09	684926	M	3	1	2537	6	0
20260903	4291318	cmp-a001-02-000000010764328	grp-a001-02-000000069047580	하루견과	nad-a001-02-000000541753999	bsn-a001-00-000000013604308	10	02	87620	M	1	0	0	1	0
20260903	4291318	cmp-a001-02-000000010764328	grp-a001-02-000000069047580	하루견과그린20	nad-a001-02-000000541753960	bsn-a001-00-000000013604308	10	03	8753	M	1	0	0	3	0
20260903	4291318	cmp-a001-02-000000010764328	grp-a001-02-000000069047580	프로틴	nad-a001-02-000000553654562	bsn-a001-00-000000013604308	10	01	529514	M	6	0	0	6	0
20260903	4291318	cmp-a001-02-000000010764328	grp-a001-02-000000069047580	젤리	nad-a001-02-000000541753985	bsn-a001-00-000000013604308	10	02	684925	P	1	0	0	1	0
20260903	4291318	cmp-a001-02-000000010764328	grp-a001-02-000000072573876	추석선물세트추천	nad-a001-02-000000573683834	bsn-a001-00-000000013604308	10	08	8753	M	1	0	0	2	0
20260903	4291318	cmp-a001-02-000000010764328	grp-a001-02-000000069047580	견과류세트	nad-a001-02-000000541753959	bsn-a001-00-000000013604308	10	02	8753	M	1	0	0	3	0
20260903	4291318	cmp-a001-02-000000010764328	grp-a001-02-000000069047580	단백질쉐이크	nad-a001-02-000000553654562	bsn-a001-00-000000013604308	10	11	529514	M	11	0	0	15	0
20260903	4291318	cmp-a001-02-000000010764328	grp-a001-02-000000069047580	순천견과하루	nad-a001-02-000000541753959	bsn-a001-00-000000013604308	10	18	8753	M	2	0	0	4	0
20260903	4291318	cmp-a001-02-000000010764328	grp-a001-02-000000069047580	에너지바	nad-a001-02-000000553654558	bsn-a001-00-000000013604308	10	18	612593	P	1	0	0	2	0
20260903	4291318	cmp-a001-02-000000010764328	grp-a001-02-000000069047580	하루견과선물세트	nad-a001-02-000000541753999	bsn-a001-00-000000013604308	10	09	684925	P	1	0	0	1	0
20260903	4291318	cmp-a001-02-000000010764328	grp-a001-02-000000069047580	프로틴바	nad-a001-02-000000553654554	bsn-a001-00-000000013604308	10	99	87620	M	1	0	0	1	0
20260903	4291318	cmp-a001-02-000000010764328	grp-a001-02-000000069047580	견과류	nad-a001-02-000000541753959	bsn-a001-00-000000013604308	10	99	529514	M	61	0	0	124	0
20260903	4291318	cmp-a001-02-000000010764328	grp-a001-02-000000069047580	단백질바	nad-a001-02-000000553654554	bsn-a001-00-000000013604308	10	00	27758	P	1	0	0	1	0
20260903	4291318	cmp-a001-02-000000010764328	grp-a001-02-000000069047580	견과류	nad-a001-02-000000541753999	bsn-a001-00-000000013604308	10	11	684925	P	1	0	0	1	0
20260903	4291318	cmp-a001-02-000000010764328	grp-a001-02-000000069047580	견과세트	nad-a001-02-000000541753999	bsn-a001-00-000000013604308	10	99	768323	M	5	0	0	10	0
20260903	4291318	cmp-a001-02-000000010764328	grp-a001-02-000000069047580	하루견과	nad-a001-02-000000541753999	bsn-a001-00-000000013604308	10	09	684926	M	1	0	0	1	0
20260903	4291318	cmp-a001-02-000000010764328	grp-a001-02-000000072573876	추석선물세트	nad-a001-02-000000573683835	bsn-a001-00-000000013604308	10	09	633013	M	2	0	0	14	0
20260903	4291318	cmp-a001-02-000000010764328	grp-a001-02-000000069047580	단백질쉐이크	nad-a001-02-000000553654562	bsn-a001-00-000000013604308	10	99	529514	M	8	0	0	14	0
20260903	4291318	cmp-a001-02-000000010764328	grp-a001-02-000000069047580	견과류	nad-a001-02-000000541753960	bsn-a001-00-000000013604308	10	02	341893	M	3	0	0	3	0
20260903	4291318	cmp-a001-02-000000010764328	grp-a001-02-000000069047580	사랑하라	nad-a001-02-000000553654558	bsn-a001-00-000000013604308	10	99	98128	M	4	0	0	13	0
20260903	4291318	cmp-a001-02-000000010764328	grp-a001-02-000000069047580	단백질바	nad-a001-02-000000553654554	bsn-a001-00-000000013604308	10	02	529514	M	4	0	0	4	0
20260903	4291318	cmp-a001-02-000000010764328	grp-a001-02-000000069047580	하루견과	nad-a001-02-000000541753960	bsn-a001-00-000000013604308	10	99	11068	P	1	0	0	2	0
20260903	4291318	cmp-a001-02-000000010764328	grp-a001-02-000000069047580	갓	nad-a001-02-000000541753959	bsn-a001-00-000000013604308	10	02	8753	M	1	0	0	2	0
20260903	4291318	cmp-a001-02-000000010764328	grp-a001-02-000000069047580	단백질쉐이크	nad-a001-02-000000553654562	bsn-a001-00-000000013604308	10	03	529514	M	4	0	0	6	0
20260903	4291318	cmp-a001-02-000000010764328	grp-a001-02-000000072573876	추석선물	nad-a001-02-000000573683834	bsn-a001-00-000000013604308	10	18	8753	M	1	0	0	5	0
20260903	4291318	cmp-a001-02-000000010764328	grp-a001-02-000000069047580	견과류세트	nad-a001-02-000000541753959	bsn-a001-00-000000013604308	10	10	8753	M	1	0	0	3	0
20260903	4291318	cmp-a001-02-000000010764328	grp-a001-02-000000069047580	단백질보충제	nad-a001-02-000000553654562	bsn-a001-00-000000013604308	10	09	23123	P	2	0	0	2	0
20260903	4291318	cmp-a001-02-000000010764328	grp-a001-02-000000069047580	견과류	nad-a001-02-000000541753999	bsn-a001-00-000000013604308	10	18	529514	M	15	0	0	16	0
20260903	4291318	cmp-a001-02-000000010764328	grp-a001-02-000000069047580	프로틴	nad-a001-02-000000553654562	bsn-a001-00-000000013604308	10	01	27758	P	1	0	0	4	0
20260903	4291318	cmp-a001-02-000000010764328	grp-a001-02-000000069047580	단백질보충제	nad-a001-02-000000553654562	bsn-a001-00-000000013604308	10	99	8753	M	1	0	0	2	0
20260903	4291318	cmp-a001-02-000000010764328	grp-a001-02-000000069047580	단백질보충제	nad-a001-02-000000553654562	bsn-a001-00-000000013604308	10	11	335738	P	1	0	0	1	0
20260903	4291318	cmp-a001-02-000000010764328	grp-a001-02-000000069047580	하루견과	nad-a001-02-000000541753959	bsn-a001-00-000000013604308	10	06	684926	M	1	0	0	3	0
20260903	4291318	cmp-a001-02-000000010764328	grp-a001-02-000000069047580	견과류	nad-a001-02-000000541753959	bsn-a001-00-000000013604308	10	02	684926	M	1	0	0	4	0
20260903	4291318	cmp-a001-02-000000010764328	grp-a001-02-000000069047580	하루견과20G20입세트형선물세트	nad-a001-02-000000541753999	bsn-a001-00-000000013604308	10	04	33421	M	1	0	0	1	0
20260903	4291318	cmp-a001-02-000000010764328	grp-a001-02-000000069047580	프로틴	nad-a001-02-000000553654562	bsn-a001-00-000000013604308	10	00	768323	M	3	0	0	4	0
20260903	4291318	cmp-a001-02-000000010764328	grp-a001-02-000000069047580	황성주1일1생식라이프밀네이	nad-a001-02-000000541753997	bsn-a001-00-000000013604308	10	01	8753	M	1	0	0	1	0
20260903	4291318	cmp-a001-02-000000010764328	grp-a001-02-000000069047580	에너지바	nad-a001-02-000000553654558	bsn-a001-00-000000013604308	10	09	529514	M	5	0	0	8	0
20260903	4291318	cmp-a001-02-000000010764328	grp-a001-02-000000069047580	순천견과하루	nad-a001-02-000000541753960	bsn-a001-00-000000013604308	10	18	8753	M	2	0	0	6	0
20260903	4291318	cmp-a001-02-000000010764328	grp-a001-02-000000069047580	프로틴	nad-a001-02-000000553654562	bsn-a001-00-000000013604308	10	99	529514	M	35	0	0	35	0
20260903	4291318	cmp-a001-02-000000010764328	grp-a001-02-000000072573876	추석선물세트추천	nad-a001-02-000000573683834	bsn-a001-00-000000013604308	10	02	8753	M	4	0	0	10	0
20260903	4291318	cmp-a001-02-000000010764328	grp-a001-02-000000069047580	견과류세트	nad-a001-02-000000541753999	bsn-a001-00-000000013604308	10	15	684925	P	1	0	0	1	0
20260903	4291318	cmp-a001-02-000000010764328	grp-a001-02-000000072573876	추석선물세트	nad-a001-02-000000573683834	bsn-a001-00-000000013604308	10	14	529514	M	2	0	0	19	0
20260903	4291318	cmp-a001-02-000000010764328	grp-a001-02-000000069047580	황성주생식	nad-a001-02-000000541753997	bsn-a001-00-000000013604308	10	02	8753	M	1	0	0	1	0
20260903	4291318	cmp-a001-02-000000010764328	grp-a001-02-000000069047580	견과류	nad-a001-02-000000541753999	bsn-a001-00-000000013604308	10	11	27758	P	1	0	0	2	0
20260903	4291318	cmp-a001-02-000000010764328	grp-a001-02-000000069047580	젤리	nad-a001-02-000000541753985	bsn-a001-00-000000013604308	10	09	27758	P	2	0	0	5	0
20260903	4291318	cmp-a001-02-000000010764328	grp-a001-02-000000069047580	프로틴	nad-a001-02-000000553654562	bsn-a001-00-000000013604308	10	04	529514	M	3	0	0	3	0
20260903	4291318	cmp-a001-02-000000010764328	grp-a001-02-000000069047580	젤리	nad-a001-02-000000541753985	bsn-a001-00-000000013604308	10	09	684925	P	1	0	0	1	0
20260903	4291318	cmp-a001-02-000000010764328	grp-a001-02-000000069047580	황성주생식	nad-a001-02-000000541753997	bsn-a001-00-000000013604308	10	01	8753	M	4	0	0	4	0
20260903	4291318	cmp-a001-02-000000010764328	grp-a001-02-000000069047580	견과류	nad-a001-02-000000541753960	bsn-a001-00-000000013604308	10	09	8753	M	2	0	0	10	0
20260903	4291318	cmp-a001-02-000000010764328	grp-a001-02-000000069047580	프로틴바	nad-a001-02-000000553654554	bsn-a001-00-000000013604308	10	09	529514	M	2	0	0	2	0
20260903	4291318	cmp-a001-02-000000010764328	grp-a001-02-000000069047580	견과류	nad-a001-02-000000541753999	bsn-a001-00-000000013604308	10	03	684925	P	1	0	0	1	0
20260903	4291318	cmp-a001-02-000000010764328	grp-a001-02-000000069047580	견과류	nad-a001-02-000000541753999	bsn-a001-00-000000013604308	10	02	684925	P	5	0	0	5	0
20260903	4291318	cmp-a001-02-000000010764328	grp-a001-02-000000069047580	하루견과	nad-a001-02-000000541753959	bsn-a001-00-000000013604308	10	09	791888	M	1	0	0	2	0
20260903	4291318	cmp-a001-02-000000010764328	grp-a001-02-000000069047580	단백질쉐이크추천	nad-a001-02-000000553654562	bsn-a001-00-000000013604308	10	11	335738	P	1	0	0	2	0
20260903	4291318	cmp-a001-02-000000010764328	grp-a001-02-000000069047580	프로틴바	nad-a001-02-000000553654558	bsn-a001-00-000000013604308	10	06	529514	M	2	0	0	4	0
20260903	4291318	cmp-a001-02-000000010764328	grp-a001-02-000000069047580	사탕젤리	nad-a001-02-000000541753985	bsn-a001-00-000000013604308	10	08	87620	M	1	0	0	1	0
20260903	4291318	cmp-a001-02-000000010764328	grp-a001-02-000000069047580	견과류세트	nad-a001-02-000000541753959	bsn-a001-00-000000013604308	10	08	8753	M	1	0	0	3	0
20260903	4291318	cmp-a001-02-000000010764328	grp-a001-02-000000069047580	견과류일일섭취량	nad-a001-02-000000541753999	bsn-a001-00-000000013604308	10	09	8753	M	1	0	0	2	0
20260903	4291318	cmp-a001-02-000000010764328	grp-a001-02-000000072573876	추석선물	nad-a001-02-000000573683835	bsn-a001-00-000000013604308	10	03	8753	M	1	0	0	2	0
20260903	4291318	cmp-a001-02-000000010764328	grp-a001-02-000000069047580	사랑이	nad-a001-02-000000553654558	bsn-a001-00-000000013604308	10	02	529514	M	2	0	0	4	0
20260903	4291318	cmp-a001-02-000000010764328	grp-a001-02-000000069047580	사랑	nad-a001-02-000000553654554	bsn-a001-00-000000013604308	10	02	98128	M	3	0	0	6	0
20260903	4291318	cmp-a001-02-000000010764328	grp-a001-02-000000069047580	견과류	nad-a001-02-000000541753959	bsn-a001-00-000000013604308	10	01	27758	P	1	0	0	2	0
20260903	4291318	cmp-a001-02-000000010764328	grp-a001-02-000000069047580	갓	nad-a001-02-000000541753960	bsn-a001-00-000000013604308	10	99	529514	M	3	0	0	7	0
20260903	4291318	cmp-a001-02-000000010764328	grp-a001-02-000000072573876	추석선물	nad-a001-02-000000573683834	bsn-a001-00-000000013604308	10	02	27758	P	2	1	10642	3	0
20260903	4291318	cmp-a001-02-000000010764328	grp-a001-02-000000069047580	견과류	nad-a001-02-000000541753959	bsn-a001-00-000000013604308	10	09	684926	M	2	0	0	12	0
20260903	4291318	cmp-a001-02-000000010764328	grp-a001-02-000000069047580	견과류세트	nad-a001-02-000000541753960	bsn-a001-00-000000013604308	10	16	8753	M	3	0	0	7	0
20260903	4291318	cmp-a001-02-000000010764328	grp-a001-02-000000069047580	하루	nad-a001-02-000000541753960	bsn-a001-00-000000013604308	10	09	98128	M	1	0	0	3	0
20260903	4291318	cmp-a001-02-000000010764328	grp-a001-02-000000069047580	프로틴바	nad-a001-02-000000553654554	bsn-a001-00-000000013604308	10	06	529514	M	2	0	0	2	0
20260903	4291318	cmp-a001-02-000000010764328	grp-a001-02-000000069047580	푸룬구미	nad-a001-02-000000541753985	bsn-a001-00-000000013604308	10	02	8753	M	1	0	0	1	0
20260903	4291318	cmp-a001-02-000000010764328	grp-a001-02-000000069047580	다이어트쉐이크	nad-a001-02-000000553654562	bsn-a001-00-000000013604308	10	11	768323	M	1	0	0	1	0
20260903	4291318	cmp-a001-02-000000010764328	grp-a001-02-000000069047580	보충제	nad-a001-02-000000553654562	bsn-a001-00-000000013604308	10	99	529514	M	8	0	0	8	0
20260903	4291318	cmp-a001-02-000000010764328	grp-a001-02-000000072573876	추석선물세트	nad-a001-02-000000573683835	bsn-a001-00-000000013604308	10	13	529514	M	2	0	0	46	0
20260903	4291318	cmp-a001-02-000000010764328	grp-a001-02-000000069047580	더채움	nad-a001-02-000000541753959	bsn-a001-00-000000013604308	10	02	370822	P	1	0	0	1	0
20260903	4291318	cmp-a001-02-000000010764328	grp-a001-02-000000069047580	다이어트쉐이크	nad-a001-02-000000553654562	bsn-a001-00-000000013604308	10	09	529514	M	2	0	0	2	0
20260903	4291318	cmp-a001-02-000000010764328	grp-a001-02-000000069047580	황성주생식	nad-a001-02-000000541753996	bsn-a001-00-000000013604308	10	04	8753	M	1	1	4874	3	0
20260903	4291318	cmp-a001-02-000000010764328	grp-a001-02-000000069047580	단백질쉐이크	nad-a001-02-000000553654562	bsn-a001-00-000000013604308	10	18	529514	M	3	0	0	6	0
20260903	4291318	cmp-a001-02-000000010764328	grp-a001-02-000000069047580	황성주생식라이프밀	nad-a001-02-000000541753996	bsn-a001-00-000000013604308	10	99	8753	M	1	1	5009	3	0
20260903	4291318	cmp-a001-02-000000010764328	grp-a001-02-000000069047580	견과류	nad-a001-02-000000541753999	bsn-a001-00-000000013604308	10	09	8753	M	3	0	0	9	0
20260903	4291318	cmp-a001-02-000000010764328	grp-a001-02-000000072573876	추석명절이코앞이네요	nad-a001-02-000000573683834	bsn-a001-00-000000013604308	10	18	8753	M	2	0	0	2	0
20260903	4291318	cmp-a001-02-000000010764328	grp-a001-02-000000069047580	견과류세트	nad-a001-02-000000541753960	bsn-a001-00-000000013604308	10	08	8753	M	1	0	0	2	0
20260903	4291318	cmp-a001-02-000000010764328	grp-a001-02-000000069047580	견과류	nad-a001-02-000000541753960	bsn-a001-00-000000013604308	10	16	11068	P	1	0	0	5	0
20260903	4291318	cmp-a001-02-000000010764328	grp-a001-02-000000072573876	추석선물세트	nad-a001-02-000000573683835	bsn-a001-00-000000013604308	10	08	529514	M	14	0	0	286	0
20260903	4291318	cmp-a001-02-000000010764328	grp-a001-02-000000069047580	프로틴	nad-a001-02-000000553654562	bsn-a001-00-000000013604308	10	07	529514	M	5	0	0	5	0
20260903	4291318	cmp-a001-02-000000010764328	grp-a001-02-000000069047580	동결건조식품장단점	nad-a001-02-000000541753997	bsn-a001-00-000000013604308	10	08	8753	M	1	0	0	1	0
20260903	4291318	cmp-a001-02-000000010764328	grp-a001-02-000000069047580	견과류	nad-a001-02-000000541753959	bsn-a001-00-000000013604308	10	06	529514	M	9	0	0	19	0
20260903	4291318	cmp-a001-02-000000010764328	grp-a001-02-000000069047580	하루견과	nad-a001-02-000000541753959	bsn-a001-00-000000013604308	10	06	8753	M	2	0	0	9	0
20260903	4291318	cmp-a001-02-000000010764328	grp-a001-02-000000072573876	추석선물세트	nad-a001-02-000000573683834	bsn-a001-00-000000013604308	10	09	529514	M	41	0	0	696	0
20260903	4291318	cmp-a001-02-000000010764328	grp-a001-02-000000069047580	견과류	nad-a001-02-000000541753960	bsn-a001-00-000000013604308	10	03	8753	M	1	0	0	5	0
20260903	4291318	cmp-a001-02-000000010764328	grp-a001-02-000000069047580	황성주생식	nad-a001-02-000000541753997	bsn-a001-00-000000013604308	10	06	529514	M	2	0	0	8	0
20260903	4291318	cmp-a001-02-000000010764328	grp-a001-02-000000069047580	5000107850001093	nad-a001-02-000000541753999	bsn-a001-00-000000013604308	10	03	33421	M	1	0	0	9	0
20260903	4291318	cmp-a001-02-000000010764328	grp-a001-02-000000069047580	칼로리바가격	nad-a001-02-000000553654558	bsn-a001-00-000000013604308	10	09	684924	M	1	0	0	1	0
20260903	4291318	cmp-a001-02-000000010764328	grp-a001-02-000000069047580	송림식품하루견과해피넛	nad-a001-02-000000541753999	bsn-a001-00-000000013604308	10	02	27758	P	1	1	2121	2	0
20260903	4291318	cmp-a001-02-000000010764328	grp-a001-02-000000069047580	젤리	nad-a001-02-000000541753985	bsn-a001-00-000000013604308	10	02	27758	P	2	0	0	6	0
20260903	4291318	cmp-a001-02-000000010764328	grp-a001-02-000000069047580	편의점견과류	nad-a001-02-000000541753960	bsn-a001-00-000000013604308	10	02	8753	M	1	0	0	3	0
20260903	4291318	cmp-a001-02-000000010764328	grp-a001-02-000000069047580	하루견과	nad-a001-02-000000541753960	bsn-a001-00-000000013604308	10	09	11068	P	1	0	0	3	0
20260903	4291318	cmp-a001-02-000000010764328	grp-a001-02-000000069047580	프로틴바	nad-a001-02-000000553654559	bsn-a001-00-000000013604308	10	08	529514	M	2	0	0	6	0
20260903	4291318	cmp-a001-02-000000010764328	grp-a001-02-000000069047580	하루견과	nad-a001-02-000000541753999	bsn-a001-00-000000013604308	10	15	684926	M	1	0	0	1	0
20260903	4291318	cmp-a001-02-000000010764328	grp-a001-02-000000072573876	추석선물	nad-a001-02-000000573683835	bsn-a001-00-000000013604308	10	06	8753	M	1	0	0	4	0
20260903	4291318	cmp-a001-02-000000010764328	grp-a001-02-000000069047580	갓	nad-a001-02-000000541753999	bsn-a001-00-000000013604308	10	09	27758	P	1	0	0	1	0
20260903	4291318	cmp-a001-02-000000010764328	grp-a001-02-000000072573876	추석선물세트	nad-a001-02-000000573683835	bsn-a001-00-000000013604308	10	07	529514	M	3	0	0	47	0
20260903	4291318	cmp-a001-02-000000010764328	grp-a001-02-000000069047580	하루견과20G20입세트형선물세트	nad-a001-02-000000541753999	bsn-a001-00-000000013604308	10	04	8753	M	1	0	0	1	0
20260903	4291318	cmp-a001-02-000000010764328	grp-a001-02-000000069047580	동결건조식품특징	nad-a001-02-000000541754004	bsn-a001-00-000000013604308	10	08	8753	M	5	0	0	10	0
20260903	4291318	cmp-a001-02-000000010764328	grp-a001-02-000000069047580	생식가루	nad-a001-02-000000541753997	bsn-a001-00-000000013604308	10	07	8753	M	2	1	5589	2	0
20260903	4291318	cmp-a001-02-000000010764328	grp-a001-02-000000069047580	칼로리바가격	nad-a001-02-000000553654558	bsn-a001-00-000000013604308	10	09	8753	M	1	0	0	2	0
20260903	4291318	cmp-a001-02-000000010764328	grp-a001-02-000000069047580	견과류	nad-a001-02-000000541753999	bsn-a001-00-000000013604308	10	03	27758	P	2	0	0	4	0
20260903	4291318	cmp-a001-02-000000010764328	grp-a001-02-000000069047580	ISP프로틴	nad-a001-02-000000553654562	bsn-a001-00-000000013604308	10	02	8753	M	1	0	0	16	0
20260903	4291318	cmp-a001-02-000000010764328	grp-a001-02-000000072573876	추석선물세트	nad-a001-02-000000573683835	bsn-a001-00-000000013604308	10	07	798055	P	1	0	0	11	0
20260903	4291318	cmp-a001-02-000000010764328	grp-a001-02-000000069047580	단백질쉐이크	nad-a001-02-000000553654562	bsn-a001-00-000000013604308	10	18	33421	M	1	0	0	8	0
20260903	4291318	cmp-a001-02-000000010764328	grp-a001-02-000000069047580	견과류	nad-a001-02-000000541753959	bsn-a001-00-000000013604308	10	16	8753	M	1	0	0	9	0
20260903	4291318	cmp-a001-02-000000010764328	grp-a001-02-000000069047580	견과류세트	nad-a001-02-000000541753959	bsn-a001-00-000000013604308	10	16	8753	M	3	0	0	8	0
20260903	4291318	cmp-a001-02-000000010764328	grp-a001-02-000000069047580	황성주생식	nad-a001-02-000000541753997	bsn-a001-00-000000013604308	10	18	633013	M	2	0	0	2	0
20260903	4291318	cmp-a001-02-000000010764328	grp-a001-02-000000069047580	견과류	nad-a001-02-000000541753999	bsn-a001-00-000000013604308	10	09	684925	P	3	0	0	3	0
20260903	4291318	cmp-a001-02-000000010764328	grp-a001-02-000000069047580	생식가루	nad-a001-02-000000541753988	bsn-a001-00-000000013604308	10	07	341893	M	1	0	0	3	0
20260903	4291318	cmp-a001-02-000000010764328	grp-a001-02-000000069047580	생식가루	nad-a001-02-000000541754005	bsn-a001-00-000000013604308	10	16	8753	M	1	0	0	5	0
20260903	4291318	cmp-a001-02-000000010764328	grp-a001-02-000000069047580	가루	nad-a001-02-000000541753988	bsn-a001-00-000000013604308	10	18	529514	M	6	0	0	45	0
20260903	4291318	cmp-a001-02-000000010764328	grp-a001-02-000000069047580	프로틴	nad-a001-02-000000553654562	bsn-a001-00-000000013604308	10	03	768323	M	8	0	0	11	0
20260903	4291318	cmp-a001-02-000000010764328	grp-a001-02-000000069047580	하루견과	nad-a001-02-000000541753999	bsn-a001-00-000000013604308	10	18	23123	P	1	0	0	1	0
20260903	4291318	cmp-a001-02-000000010764328	grp-a001-02-000000072573876	추석선물세트	nad-a001-02-000000573683834	bsn-a001-00-000000013604308	10	16	529514	M	4	0	0	88	0
20260903	4291318	cmp-a001-02-000000010764328	grp-a001-02-000000069047580	분말	nad-a001-02-000000541754005	bsn-a001-00-000000013604308	10	09	612594	M	1	0	0	4	0
20260903	4291318	cmp-a001-02-000000010764328	grp-a001-02-000000069047580	견과세트	nad-a001-02-000000541753959	bsn-a001-00-000000013604308	10	16	768323	M	5	0	0	5	0
20260903	4291318	cmp-a001-02-000000010764328	grp-a001-02-000000069047580	하루견과	nad-a001-02-000000541753959	bsn-a001-00-000000013604308	10	03	8753	M	2	0	0	10	0
20260903	4291318	cmp-a001-02-000000010764328	grp-a001-02-000000069047580	황성주1일1생식라이프밀네이	nad-a001-02-000000541753996	bsn-a001-00-000000013604308	10	01	8753	M	1	0	0	3	0
20260903	4291318	cmp-a001-02-000000010764328	grp-a001-02-000000069047580	하루견과	nad-a001-02-000000541753959	bsn-a001-00-000000013604308	10	02	529514	M	2	0	0	6	0
20260903	4291318	cmp-a001-02-000000010764328	grp-a001-02-000000069047580	칼로리바	nad-a001-02-000000553654554	bsn-a001-00-000000013604308	10	99	612594	M	1	0	0	1	0
20260903	4291318	cmp-a001-02-000000010764328	grp-a001-02-000000069047580	프로틴바	nad-a001-02-000000553654559	bsn-a001-00-000000013604308	10	06	529514	M	2	0	0	6	0
20260903	4291318	cmp-a001-02-000000010764328	grp-a001-02-000000069047580	단백질간식	nad-a001-02-000000553654554	bsn-a001-00-000000013604308	10	09	27758	P	1	0	0	1	0
20260903	4291318	cmp-a001-02-000000010764328	grp-a001-02-000000069047580	견과세트	nad-a001-02-000000541753960	bsn-a001-00-000000013604308	10	11	768323	M	1	0	0	3	0
20260903	4291318	cmp-a001-02-000000010764328	grp-a001-02-000000072573876	추석선물세트추천	nad-a001-02-000000573683835	bsn-a001-00-000000013604308	10	07	11068	P	1	0	0	3	0
20260903	4291318	cmp-a001-02-000000010764328	grp-a001-02-000000069047580	하루만	nad-a001-02-000000541753959	bsn-a001-00-000000013604308	10	99	529514	M	2	0	0	5	0
20260903	4291318	cmp-a001-02-000000010764328	grp-a001-02-000000069047580	단백질바	nad-a001-02-000000553654559	bsn-a001-00-000000013604308	10	03	529514	M	2	0	0	6	0
20260903	4291318	cmp-a001-02-000000010764328	grp-a001-02-000000069047580	황성주생식	nad-a001-02-000000541753997	bsn-a001-00-000000013604308	10	09	798056	M	2	0	0	4	0
20260903	4291318	cmp-a001-02-000000010764328	grp-a001-02-000000069047580	견과류세트	nad-a001-02-000000541753959	bsn-a001-00-000000013604308	10	03	27758	P	1	0	0	2	0
20260903	4291318	cmp-a001-02-000000010764328	grp-a001-02-000000072573876	추석선물세트	nad-a001-02-000000573683835	bsn-a001-00-000000013604308	10	09	11068	P	1	0	0	6	0
20260903	4291318	cmp-a001-02-000000010764328	grp-a001-02-000000069047580	갓	nad-a001-02-000000541753959	bsn-a001-00-000000013604308	10	02	529514	M	29	0	0	57	0
20260903	4291318	cmp-a001-02-000000010764328	grp-a001-02-000000069047580	견과류SET	nad-a001-02-000000541753960	bsn-a001-00-000000013604308	10	09	8753	M	1	0	0	4	0
20260903	4291318	cmp-a001-02-000000010764328	grp-a001-02-000000069047580	프로틴바	nad-a001-02-000000553654558	bsn-a001-00-000000013604308	10	11	27758	P	1	0	0	3	0
20260903	4291318	cmp-a001-02-000000010764328	grp-a001-02-000000069047580	단백질쉐이크	nad-a001-02-000000553654562	bsn-a001-00-000000013604308	10	10	33421	M	1	0	0	6	0
20260903	4291318	cmp-a001-02-000000010764328	grp-a001-02-000000069047580	황성주생식	nad-a001-02-000000541753996	bsn-a001-00-000000013604308	10	01	684924	M	2	0	0	2	0
20260903	4291318	cmp-a001-02-000000010764328	grp-a001-02-000000069047580	사랑	nad-a001-02-000000553654554	bsn-a001-00-000000013604308	10	99	98128	M	2	0	0	4	0
20260903	4291318	cmp-a001-02-000000010764328	grp-a001-02-000000069047580	견과류	nad-a001-02-000000541753999	bsn-a001-00-000000013604308	10	07	529514	M	6	0	0	6	0
20260903	4291318	cmp-a001-02-000000010764328	grp-a001-02-000000069047580	견과	nad-a001-02-000000541753999	bsn-a001-00-000000013604308	10	02	684927	P	2	0	0	2	0
20260903	4291318	cmp-a001-02-000000010764328	grp-a001-02-000000069047580	단백질간식	nad-a001-02-000000553654558	bsn-a001-00-000000013604308	10	09	684925	P	1	0	0	1	0
20260903	4291318	cmp-a001-02-000000010764328	grp-a001-02-000000072573876	추석선물세트	nad-a001-02-000000573683835	bsn-a001-00-000000013604308	10	04	33421	M	1	0	0	2	0
20260903	4291318	cmp-a001-02-000000010764328	grp-a001-02-000000072573876	명절선물	nad-a001-02-000000573683835	bsn-a001-00-000000013604308	10	09	529514	M	2	0	0	40	0
20260903	4291318	cmp-a001-02-000000010764328	grp-a001-02-000000069047580	가루	nad-a001-02-000000541753996	bsn-a001-00-000000013604308	10	18	529514	M	6	0	0	13	0
20260903	4291318	cmp-a001-02-000000010764328	grp-a001-02-000000069047580	칼로리바	nad-a001-02-000000553654554	bsn-a001-00-000000013604308	10	02	684924	M	2	0	0	2	0
20260903	4291318	cmp-a001-02-000000010764328	grp-a001-02-000000069047580	견과류	nad-a001-02-000000541753999	bsn-a001-00-000000013604308	10	13	529514	M	8	1	1884	8	0
20260903	4291318	cmp-a001-02-000000010764328	grp-a001-02-000000069047580	쉐이크	nad-a001-02-000000553654562	bsn-a001-00-000000013604308	10	11	529514	M	4	0	0	4	0
20260903	4291318	cmp-a001-02-000000010764328	grp-a001-02-000000069047580	견과세트	nad-a001-02-000000541753999	bsn-a001-00-000000013604308	10	11	768323	M	1	0	0	2	0
20260903	4291318	cmp-a001-02-000000010764328	grp-a001-02-000000069047580	하루	nad-a001-02-000000541753959	bsn-a001-00-000000013604308	10	09	612594	M	1	0	0	2	0
20260903	4291318	cmp-a001-02-000000010764328	grp-a001-02-000000069047580	견과류	nad-a001-02-000000541753999	bsn-a001-00-000000013604308	10	15	27758	P	1	0	0	1	0
20260903	4291318	cmp-a001-02-000000010764328	grp-a001-02-000000069047580	하루견과20G20입세트형선물세트	nad-a001-02-000000541753959	bsn-a001-00-000000013604308	10	04	33421	M	1	0	0	5	0
20260903	4291318	cmp-a001-02-000000010764328	grp-a001-02-000000072573876	추석선물세트	nad-a001-02-000000573683834	bsn-a001-00-000000013604308	10	11	529514	M	2	0	0	46	0
20260903	4291318	cmp-a001-02-000000010764328	grp-a001-02-000000069047580	견과세트	nad-a001-02-000000541753959	bsn-a001-00-000000013604308	10	08	768323	M	1	0	0	1	0
20260903	4291318	cmp-a001-02-000000010764328	grp-a001-02-000000069047580	하루견과	nad-a001-02-000000541753999	bsn-a001-00-000000013604308	10	02	33421	M	1	0	0	1	0
20260903	4291318	cmp-a001-02-000000010764328	grp-a001-02-000000069047580	견과류세트	nad-a001-02-000000541753960	bsn-a001-00-000000013604308	10	06	684924	M	1	0	0	1	0
20260903	4291318	cmp-a001-02-000000010764328	grp-a001-02-000000069047580	우고래빗	nad-a001-02-000000541753960	bsn-a001-00-000000013604308	10	09	341898	M	1	0	0	1	0
20260903	4291318	cmp-a001-02-000000010764328	grp-a001-02-000000069047580	쉐이크곡물맛	nad-a001-02-000000553654562	bsn-a001-00-000000013604308	10	09	529514	M	2	0	0	2	0
20260903	4291318	cmp-a001-02-000000010764328	grp-a001-02-000000069047580	칼로리바	nad-a001-02-000000553654554	bsn-a001-00-000000013604308	10	02	8753	M	2	0	0	2	0
20260903	4291318	cmp-a001-02-000000010764328	grp-a001-02-000000069047580	견과류추천	nad-a001-02-000000541753960	bsn-a001-00-000000013604308	10	02	8753	M	1	0	0	4	0
20260903	4291318	cmp-a001-02-000000010764328	grp-a001-02-000000069047580	사랑으로	nad-a001-02-000000553654554	bsn-a001-00-000000013604308	10	02	612594	M	1	0	0	2	0
20260903	4291318	cmp-a001-02-000000010764328	grp-a001-02-000000069047580	사랑이	nad-a001-02-000000553654554	bsn-a001-00-000000013604308	10	02	529514	M	2	0	0	2	0
20260903	4291318	cmp-a001-02-000000010764328	grp-a001-02-000000069047580	젤리	nad-a001-02-000000541753985	bsn-a001-00-000000013604308	10	09	768323	M	3	0	0	5	0
20260903	4291318	cmp-a001-02-000000010764328	grp-a001-02-000000072573876	추석선물세트	nad-a001-02-000000573683835	bsn-a001-00-000000013604308	10	04	8753	M	2	0	0	5	0
20260903	4291318	cmp-a001-02-000000010764328	grp-a001-02-000000069047580	하루견과	nad-a001-02-000000541753960	bsn-a001-00-000000013604308	10	18	612593	P	1	0	0	2	0
20260903	4291318	cmp-a001-02-000000010764328	grp-a001-02-000000069047580	견과류	nad-a001-02-000000541753959	bsn-a001-00-000000013604308	10	09	684927	P	4	0	0	24	0
20260903	4291318	cmp-a001-02-000000010764328	grp-a001-02-000000069047580	견과세트	nad-a001-02-000000541753959	bsn-a001-00-000000013604308	10	99	768323	M	5	0	0	5	0
20260903	4291318	cmp-a001-02-000000010764328	grp-a001-02-000000069047580	황성주생식	nad-a001-02-000000541753996	bsn-a001-00-000000013604308	10	04	529514	M	1	0	0	1	0
20260903	4291318	cmp-a001-02-000000010764328	grp-a001-02-000000069047580	프로틴쉐이크	nad-a001-02-000000553654562	bsn-a001-00-000000013604308	10	00	8753	M	1	0	0	3	0
20260903	4291318	cmp-a001-02-000000010764328	grp-a001-02-000000069047580	하루견과	nad-a001-02-000000541753999	bsn-a001-00-000000013604308	10	09	791888	M	1	0	0	1	0
20260903	4291318	cmp-a001-02-000000010764328	grp-a001-02-000000069047580	황성주생식	nad-a001-02-000000541753996	bsn-a001-00-000000013604308	10	09	798056	M	2	0	0	8	0
20260903	4291318	cmp-a001-02-000000010764328	grp-a001-02-000000069047580	하루견과	nad-a001-02-000000541753959	bsn-a001-00-000000013604308	10	01	529514	M	2	0	0	6	0
20260903	4291318	cmp-a001-02-000000010764328	grp-a001-02-000000072573876	추석선물세트	nad-a001-02-000000573683834	bsn-a001-00-000000013604308	10	17	529514	M	8	0	0	172	0
20260903	4291318	cmp-a001-02-000000010764328	grp-a001-02-000000069047580	에너지바	nad-a001-02-000000553654558	bsn-a001-00-000000013604308	10	02	87620	M	1	0	0	2	0
20260903	4291318	cmp-a001-02-000000010764328	grp-a001-02-000000069047580	동결건조가루	nad-a001-02-000000541753997	bsn-a001-00-000000013604308	10	11	8753	M	1	0	0	1	0
20260903	4291318	cmp-a001-02-000000010764328	grp-a001-02-000000072573876	추석선물세트	nad-a001-02-000000573683835	bsn-a001-00-000000013604308	10	11	8753	M	1	0	0	3	0
20260903	4291318	cmp-a001-02-000000010764328	grp-a001-02-000000069047580	프로틴	nad-a001-02-000000553654562	bsn-a001-00-000000013604308	10	10	529514	M	1	0	0	1	0
20260903	4291318	cmp-a001-02-000000010764328	grp-a001-02-000000072573876	명절선물	nad-a001-02-000000573683835	bsn-a001-00-000000013604308	10	16	529514	M	9	0	0	162	0
20260903	4291318	cmp-a001-02-000000010764328	grp-a001-02-000000069047580	사무실견과류	nad-a001-02-000000541753999	bsn-a001-00-000000013604308	10	02	27758	P	1	0	0	2	0
20260903	4291318	cmp-a001-02-000000010764328	grp-a001-02-000000069047580	견과류	nad-a001-02-000000541753959	bsn-a001-00-000000013604308	10	09	633013	M	8	0	0	10	0
20260903	4291318	cmp-a001-02-000000010764328	grp-a001-02-000000069047580	견과류세트	nad-a001-02-000000541753959	bsn-a001-00-000000013604308	10	18	8753	M	1	0	0	3	0
20260903	4291318	cmp-a001-02-000000010764328	grp-a001-02-000000069047580	황성주생식	nad-a001-02-000000541753997	bsn-a001-00-000000013604308	10	03	8753	M	2	1	5920	2	0
20260903	4291318	cmp-a001-02-000000010764328	grp-a001-02-000000069047580	견과류세트	nad-a001-02-000000541753999	bsn-a001-00-000000013604308	10	03	27758	P	1	0	0	1	0
20260903	4291318	cmp-a001-02-000000010764328	grp-a001-02-000000069047580	하루견과	nad-a001-02-000000541753999	bsn-a001-00-000000013604308	10	11	684925	P	1	0	0	1	0
20260903	4291318	cmp-a001-02-000000010764328	grp-a001-02-000000069047580	단백질간식	nad-a001-02-000000553654558	bsn-a001-00-000000013604308	10	09	27758	P	1	0	0	3	0
20260903	4291318	cmp-a001-02-000000010764328	grp-a001-02-000000069047580	갓	nad-a001-02-000000541753959	bsn-a001-00-000000013604308	10	06	8753	M	2	0	0	3	0
20260903	4291318	cmp-a001-02-000000010764328	grp-a001-02-000000069047580	프로틴간식	nad-a001-02-000000553654558	bsn-a001-00-000000013604308	10	09	27758	P	1	0	0	2	0
20260903	4291318	cmp-a001-02-000000010764328	grp-a001-02-000000069047580	프로틴	nad-a001-02-000000553654562	bsn-a001-00-000000013604308	10	09	11068	P	2	0	0	14	0
20260903	4291318	cmp-a001-02-000000010764328	grp-a001-02-000000069047580	단백질바	nad-a001-02-000000553654558	bsn-a001-00-000000013604308	10	02	27758	P	1	0	0	4	0
20260903	4291318	cmp-a001-02-000000010764328	grp-a001-02-000000069047580	견과	nad-a001-02-000000541753960	bsn-a001-00-000000013604308	10	06	8753	M	1	0	0	3	0
20260903	4291318	cmp-a001-02-000000010764328	grp-a001-02-000000069047580	갓	nad-a001-02-000000541753999	bsn-a001-00-000000013604308	10	18	684924	M	1	0	0	1	0
20260903	4291318	cmp-a001-02-000000010764328	grp-a001-02-000000069047580	생식가루	nad-a001-02-000000541754004	bsn-a001-00-000000013604308	10	07	8753	M	2	0	0	4	0
20260903	4291318	cmp-a001-02-000000010764328	grp-a001-02-000000069047580	황성주생식	nad-a001-02-000000541754004	bsn-a001-00-000000013604308	10	02	8753	M	1	0	0	2	0
20260903	4291318	cmp-a001-02-000000010764328	grp-a001-02-000000069047580	공복견과류	nad-a001-02-000000541753959	bsn-a001-00-000000013604308	10	99	8753	M	2	0	0	4	0
20260903	4291318	cmp-a001-02-000000010764328	grp-a001-02-000000069047580	하루견과	nad-a001-02-000000541753959	bsn-a001-00-000000013604308	10	18	8753	M	2	0	0	8	0
20260903	4291318	cmp-a001-02-000000010764328	grp-a001-02-000000069047580	생식가루	nad-a001-02-000000541754005	bsn-a001-00-000000013604308	10	09	8753	M	1	0	0	5	0
20260903	4291318	cmp-a001-02-000000010764328	grp-a001-02-000000069047580	쉐이크	nad-a001-02-000000553654562	bsn-a001-00-000000013604308	10	04	684925	P	1	0	0	1	0
20260903	4291318	cmp-a001-02-000000010764328	grp-a001-02-000000069047580	젤리	nad-a001-02-000000541753985	bsn-a001-00-000000013604308	10	06	11068	P	1	0	0	3	0
20260903	4291318	cmp-a001-02-000000010764328	grp-a001-02-000000069047580	황성주생식	nad-a001-02-000000541754005	bsn-a001-00-000000013604308	10	03	8753	M	2	0	0	8	0
20260903	4291318	cmp-a001-02-000000010764328	grp-a001-02-000000069047580	프로틴쉐이크	nad-a001-02-000000553654562	bsn-a001-00-000000013604308	10	15	529514	M	2	0	0	2	0
20260903	4291318	cmp-a001-02-000000010764328	grp-a001-02-000000069047580	황성주생식	nad-a001-02-000000541754005	bsn-a001-00-000000013604308	10	02	8753	M	1	0	0	4	0
20260903	4291318	cmp-a001-02-000000010764328	grp-a001-02-000000069047580	단백질	nad-a001-02-000000553654562	bsn-a001-00-000000013604308	10	99	684924	M	1	0	0	1	0
20260903	4291318	cmp-a001-02-000000010764328	grp-a001-02-000000069047580	갓	nad-a001-02-000000541753999	bsn-a001-00-000000013604308	10	06	8753	M	2	0	0	3	0
20260903	4291318	cmp-a001-02-000000010764328	grp-a001-02-000000069047580	견과류세트	nad-a001-02-000000541753960	bsn-a001-00-000000013604308	10	15	8753	M	1	0	0	2	0
20260903	4291318	cmp-a001-02-000000010764328	grp-a001-02-000000069047580	견과류세트	nad-a001-02-000000541753999	bsn-a001-00-000000013604308	10	09	8753	M	1	0	0	1	0
20260903	4291318	cmp-a001-02-000000010764328	grp-a001-02-000000069047580	견과류	nad-a001-02-000000541753960	bsn-a001-00-000000013604308	10	03	529514	M	15	0	0	60	0
20260903	4291318	cmp-a001-02-000000010764328	grp-a001-02-000000069047580	하루	nad-a001-02-000000541753999	bsn-a001-00-000000013604308	10	09	612594	M	1	0	0	1	0
20260903	4291318	cmp-a001-02-000000010764328	grp-a001-02-000000072573876	추석선물세트	nad-a001-02-000000573683834	bsn-a001-00-000000013604308	10	09	633013	M	2	0	0	24	0
20260903	4291318	cmp-a001-02-000000010764328	grp-a001-02-000000069047580	견과류	nad-a001-02-000000541753999	bsn-a001-00-000000013604308	10	14	529514	M	3	0	0	3	0
20260903	4291318	cmp-a001-02-000000010764328	grp-a001-02-000000069047580	견과류	nad-a001-02-000000541753999	bsn-a001-00-000000013604308	10	15	8753	M	2	0	0	6	0
20260903	4291318	cmp-a001-02-000000010764328	grp-a001-02-000000069047580	견과류	nad-a001-02-000000541753959	bsn-a001-00-000000013604308	10	01	529514	M	6	0	0	14	0
20260903	4291318	cmp-a001-02-000000010764328	grp-a001-02-000000069047580	견과류	nad-a001-02-000000541753999	bsn-a001-00-000000013604308	10	02	529514	M	132	0	0	142	0
20260903	4291318	cmp-a001-02-000000010764328	grp-a001-02-000000069047580	갓	nad-a001-02-000000541753960	bsn-a001-00-000000013604308	10	09	8753	M	3	0	0	7	0
20260903	4291318	cmp-a001-02-000000010764328	grp-a001-02-000000069047580	쉐이크	nad-a001-02-000000553654562	bsn-a001-00-000000013604308	10	07	8753	M	1	0	0	5	0
20260903	4291318	cmp-a001-02-000000010764328	grp-a001-02-000000069047580	하루견과	nad-a001-02-000000541753959	bsn-a001-00-000000013604308	10	02	8753	M	5	0	0	21	0
20260903	4291318	cmp-a001-02-000000010764328	grp-a001-02-000000069047580	하루만	nad-a001-02-000000541753959	bsn-a001-00-000000013604308	10	01	529514	M	2	0	0	5	0
20260903	4291318	cmp-a001-02-000000010764328	grp-a001-02-000000069047580	견과류SET	nad-a001-02-000000541753959	bsn-a001-00-000000013604308	10	09	8753	M	1	0	0	9	0
20260903	4291318	cmp-a001-02-000000010764328	grp-a001-02-000000069047580	젤리	nad-a001-02-000000541753985	bsn-a001-00-000000013604308	10	09	529514	M	7	0	0	7	0
20260903	4291318	cmp-a001-02-000000010764328	grp-a001-02-000000069047580	견과류	nad-a001-02-000000541753999	bsn-a001-00-000000013604308	10	18	684926	M	1	1	2190	2	0
20260903	4291318	cmp-a001-02-000000010764328	grp-a001-02-000000069047580	견과류	nad-a001-02-000000541753999	bsn-a001-00-000000013604308	10	09	27758	P	4	0	0	8	0
20260903	4291318	cmp-a001-02-000000010764328	grp-a001-02-000000069047580	에너지바	nad-a001-02-000000553654554	bsn-a001-00-000000013604308	10	09	529514	M	5	0	0	7	0
20260903	4291318	cmp-a001-02-000000010764328	grp-a001-02-000000069047580	단백질쉐이크	nad-a001-02-000000553654562	bsn-a001-00-000000013604308	10	06	11068	P	1	0	0	10	0
20260903	4291318	cmp-a001-02-000000010764328	grp-a001-02-000000072573876	추석선물	nad-a001-02-000000573683834	bsn-a001-00-000000013604308	10	09	8753	M	1	0	0	2	0
20260903	4291318	cmp-a001-02-000000010764328	grp-a001-02-000000069047580	프로틴	nad-a001-02-000000553654562	bsn-a001-00-000000013604308	10	03	8753	M	1	0	0	9	0
20260903	4291318	cmp-a001-02-000000010764328	grp-a001-02-000000069047580	단백질	nad-a001-02-000000553654562	bsn-a001-00-000000013604308	10	03	33421	M	1	0	0	11	0
20260903	4291318	cmp-a001-02-000000010764328	grp-a001-02-000000069047580	견과류	nad-a001-02-000000541753959	bsn-a001-00-000000013604308	10	03	529514	M	15	0	0	30	0
20260903	4291318	cmp-a001-02-000000010764328	grp-a001-02-000000069047580	견과류	nad-a001-02-000000541753999	bsn-a001-00-000000013604308	10	03	8753	M	1	0	0	2	0
20260903	4291318	cmp-a001-02-000000010764328	grp-a001-02-000000072573876	명절선물	nad-a001-02-000000573683835	bsn-a001-00-000000013604308	10	10	11068	P	1	0	0	2	0
20260903	4291318	cmp-a001-02-000000010764328	grp-a001-02-000000069047580	편의점견과류	nad-a001-02-000000541753999	bsn-a001-00-000000013604308	10	02	8753	M	1	0	0	1	0
20260903	4291318	cmp-a001-02-000000010764328	grp-a001-02-000000069047580	하루견과시그니처	nad-a001-02-000000541753999	bsn-a001-00-000000013604308	10	02	341893	M	1	0	0	1	0
20260903	4291318	cmp-a001-02-000000010764328	grp-a001-02-000000069047580	견과류선물세트	nad-a001-02-000000541753959	bsn-a001-00-000000013604308	10	09	370822	P	1	0	0	1	0
20260903	4291318	cmp-a001-02-000000010764328	grp-a001-02-000000069047580	견과류	nad-a001-02-000000541753960	bsn-a001-00-000000013604308	10	16	529514	M	9	0	0	34	0
20260903	4291318	cmp-a001-02-000000010764328	grp-a001-02-000000069047580	생식가루	nad-a001-02-000000541753988	bsn-a001-00-000000013604308	10	07	8753	M	1	0	0	9	0
20260903	4291318	cmp-a001-02-000000010764328	grp-a001-02-000000069047580	에너지바	nad-a001-02-000000553654559	bsn-a001-00-000000013604308	10	09	87620	M	1	0	0	3	0
20260903	4291318	cmp-a001-02-000000010764328	grp-a001-02-000000069047580	견과류	nad-a001-02-000000541753960	bsn-a001-00-000000013604308	10	08	33421	M	2	0	0	14	0
20260903	4291318	cmp-a001-02-000000010764328	grp-a001-02-000000069047580	견과류	nad-a001-02-000000541753960	bsn-a001-00-000000013604308	10	04	529514	M	8	0	0	27	0
20260903	4291318	cmp-a001-02-000000010764328	grp-a001-02-000000069047580	동결건조식품원리	nad-a001-02-000000541753997	bsn-a001-00-000000013604308	10	08	8753	M	2	0	0	2	0
20260903	4291318	cmp-a001-02-000000010764328	grp-a001-02-000000069047580	프로틴	nad-a001-02-000000553654562	bsn-a001-00-000000013604308	10	99	768323	M	21	0	0	30	0
20260903	4291318	cmp-a001-02-000000010764328	grp-a001-02-000000069047580	프로틴	nad-a001-02-000000553654562	bsn-a001-00-000000013604308	10	06	529514	M	1	0	0	1	0
20260903	4291318	cmp-a001-02-000000010764328	grp-a001-02-000000069047580	하루단백질섭취량	nad-a001-02-000000553654562	bsn-a001-00-000000013604308	10	18	8753	M	1	0	0	2	0
20260903	4291318	cmp-a001-02-000000010764328	grp-a001-02-000000069047580	전주칼로리바가격	nad-a001-02-000000553654558	bsn-a001-00-000000013604308	10	13	8753	M	1	0	0	2	0
20260903	4291318	cmp-a001-02-000000010764328	grp-a001-02-000000069047580	단백질바	nad-a001-02-000000553654554	bsn-a001-00-000000013604308	10	02	11068	P	1	0	0	4	0
20260903	4291318	cmp-a001-02-000000010764328	grp-a001-02-000000069047580	견과류	nad-a001-02-000000541753959	bsn-a001-00-000000013604308	10	11	529514	M	10	0	0	20	0
20260903	4291318	cmp-a001-02-000000010764328	grp-a001-02-000000069047580	견과세트	nad-a001-02-000000541753999	bsn-a001-00-000000013604308	10	02	768323	M	4	0	0	8	0
20260903	4291318	cmp-a001-02-000000010764328	grp-a001-02-000000069047580	하루견과	nad-a001-02-000000541753959	bsn-a001-00-000000013604308	10	02	87620	M	1	0	0	3	0
20260903	4291318	cmp-a001-02-000000010764328	grp-a001-02-000000069047580	에너지바	nad-a001-02-000000553654558	bsn-a001-00-000000013604308	10	99	529514	M	4	0	0	8	0
20260903	4291318	cmp-a001-02-000000010764328	grp-a001-02-000000069047580	하루견과	nad-a001-02-000000541753960	bsn-a001-00-000000013604308	10	10	529514	M	2	0	0	4	0
20260903	4291318	cmp-a001-02-000000010764328	grp-a001-02-000000069047580	하루견과	nad-a001-02-000000541753959	bsn-a001-00-000000013604308	10	18	27758	P	2	0	0	6	0
20260903	4291318	cmp-a001-02-000000010764328	grp-a001-02-000000069047580	황성주생식	nad-a001-02-000000541753996	bsn-a001-00-000000013604308	10	09	8753	M	1	1	4931	3	0
20260903	4291318	cmp-a001-02-000000010764328	grp-a001-02-000000072573876	추석선물세트	nad-a001-02-000000573683835	bsn-a001-00-000000013604308	10	07	11068	P	1	0	0	3	0
20260903	4291318	cmp-a001-02-000000010764328	grp-a001-02-000000069047580	하루견과	nad-a001-02-000000541753999	bsn-a001-00-000000013604308	10	02	8753	M	5	0	0	8	0
20260903	4291318	cmp-a001-02-000000010764328	grp-a001-02-000000072573876	명절선물	nad-a001-02-000000573683835	bsn-a001-00-000000013604308	10	02	529514	M	2	0	0	36	0
20260903	4291318	cmp-a001-02-000000010764328	grp-a001-02-000000069047580	사랑	nad-a001-02-000000553654558	bsn-a001-00-000000013604308	10	99	98128	M	2	0	0	8	0
20260903	4291318	cmp-a001-02-000000010764328	grp-a001-02-000000069047580	견과류SET	nad-a001-02-000000541753999	bsn-a001-00-000000013604308	10	09	8753	M	1	0	0	2	0
20260903	4291318	cmp-a001-02-000000010764328	grp-a001-02-000000072573876	추석선물	nad-a001-02-000000573683834	bsn-a001-00-000000013604308	10	08	11068	P	1	0	0	1	0
20260903	4291318	cmp-a001-02-000000010764328	grp-a001-02-000000072573876	추석선물세트추천	nad-a001-02-000000573683834	bsn-a001-00-000000013604308	10	11	8753	M	1	0	0	1	0
20260903	4291318	cmp-a001-02-000000010764328	grp-a001-02-000000069047580	견과류	nad-a001-02-000000541753999	bsn-a001-00-000000013604308	10	02	8753	M	5	1	2364	18	0
20260903	4291318	cmp-a001-02-000000010764328	grp-a001-02-000000069047580	갑상선에좋은견과류	nad-a001-02-000000541753959	bsn-a001-00-000000013604308	10	08	8753	M	1	0	0	3	0
20260903	4291318	cmp-a001-02-000000010764328	grp-a001-02-000000069047580	사랑은	nad-a001-02-000000553654554	bsn-a001-00-000000013604308	10	02	248824	P	1	0	0	1	0
20260903	4291318	cmp-a001-02-000000010764328	grp-a001-02-000000069047580	칼로리바	nad-a001-02-000000553654554	bsn-a001-00-000000013604308	10	15	8753	M	1	0	0	1	0
20260903	4291318	cmp-a001-02-000000010764328	grp-a001-02-000000069047580	견과류	nad-a001-02-000000541753959	bsn-a001-00-000000013604308	10	16	529514	M	8	0	0	16	0
20260903	4291318	cmp-a001-02-000000010764328	grp-a001-02-000000069047580	단백질보충제	nad-a001-02-000000553654562	bsn-a001-00-000000013604308	10	06	33421	M	1	0	0	10	0
20260903	4291318	cmp-a001-02-000000010764328	grp-a001-02-000000069047580	하루견과	nad-a001-02-000000541753999	bsn-a001-00-000000013604308	10	06	8753	M	2	0	0	2	0
20260903	4291318	cmp-a001-02-000000010764328	grp-a001-02-000000069047580	견과류세트	nad-a001-02-000000541753960	bsn-a001-00-000000013604308	10	18	8753	M	1	0	0	2	0
20260903	4291318	cmp-a001-02-000000010764328	grp-a001-02-000000069047580	PX견과류가격	nad-a001-02-000000541753999	bsn-a001-00-000000013604308	10	15	8753	M	1	0	0	2	0
20260903	4291318	cmp-a001-02-000000010764328	grp-a001-02-000000069047580	황성주생식	nad-a001-02-000000541754005	bsn-a001-00-000000013604308	10	10	8753	M	1	0	0	4	0
20260903	4291318	cmp-a001-02-000000010764328	grp-a001-02-000000069047580	견과세트	nad-a001-02-000000541753960	bsn-a001-00-000000013604308	10	02	768323	M	4	0	0	12	0
20260903	4291318	cmp-a001-02-000000010764328	grp-a001-02-000000069047580	생식가루	nad-a001-02-000000541754005	bsn-a001-00-000000013604308	10	02	8753	M	2	0	0	10	0
20260903	4291318	cmp-a001-02-000000010764328	grp-a001-02-000000069047580	공복에견과류	nad-a001-02-000000541753960	bsn-a001-00-000000013604308	10	02	27758	P	1	0	0	3	0
20260903	4291318	cmp-a001-02-000000010764328	grp-a001-02-000000069047580	견과	nad-a001-02-000000541753999	bsn-a001-00-000000013604308	10	13	684927	P	2	0	0	4	0
20260903	4291318	cmp-a001-02-000000010764328	grp-a001-02-000000069047580	견과류	nad-a001-02-000000541753960	bsn-a001-00-000000013604308	10	01	529514	M	6	0	0	19	0
20260903	4291318	cmp-a001-02-000000010764328	grp-a001-02-000000069047580	사랑님	nad-a001-02-000000553654558	bsn-a001-00-000000013604308	10	09	529514	M	2	0	0	4	0
20260903	4291318	cmp-a001-02-000000010764328	grp-a001-02-000000069047580	견과류	nad-a001-02-000000541753959	bsn-a001-00-000000013604308	10	18	27758	P	1	0	0	3	0
20260903	4291318	cmp-a001-02-000000010764328	grp-a001-02-000000069047580	견과류	nad-a001-02-000000541753959	bsn-a001-00-000000013604308	10	04	529514	M	8	0	0	18	0
20260903	4291318	cmp-a001-02-000000010764328	grp-a001-02-000000069047580	프로틴바	nad-a001-02-000000553654559	bsn-a001-00-000000013604308	10	16	529514	M	3	0	0	10	0
20260903	4291318	cmp-a001-02-000000010764328	grp-a001-02-000000069047580	에너지바	nad-a001-02-000000553654559	bsn-a001-00-000000013604308	10	99	529514	M	4	0	0	12	0
20260903	4291318	cmp-a001-02-000000010764328	grp-a001-02-000000069047580	갓	nad-a001-02-000000541753999	bsn-a001-00-000000013604308	10	09	684924	M	2	0	0	2	0
20260903	4291318	cmp-a001-02-000000010764328	grp-a001-02-000000069047580	다이어트쉐이크	nad-a001-02-000000553654562	bsn-a001-00-000000013604308	10	11	529514	M	2	0	0	2	0
20260903	4291318	cmp-a001-02-000000010764328	grp-a001-02-000000069047580	견과류세트	nad-a001-02-000000541753960	bsn-a001-00-000000013604308	10	02	8753	M	1	0	0	2	0
20260903	4291318	cmp-a001-02-000000010764328	grp-a001-02-000000069047580	단백질쉐이크	nad-a001-02-000000553654562	bsn-a001-00-000000013604308	10	08	529514	M	22	0	0	30	0
20260903	4291318	cmp-a001-02-000000010764328	grp-a001-02-000000069047580	견과류	nad-a001-02-000000541753999	bsn-a001-00-000000013604308	10	02	684927	P	2	0	0	4	0
20260903	4291318	cmp-a001-02-000000010764328	grp-a001-02-000000069047580	생식가루	nad-a001-02-000000541753996	bsn-a001-00-000000013604308	10	02	8753	M	2	0	0	8	0
20260903	4291318	cmp-a001-02-000000010764328	grp-a001-02-000000069047580	단백질쉐이크	nad-a001-02-000000553654562	bsn-a001-00-000000013604308	10	01	768323	M	1	0	0	1	0
20260903	4291318	cmp-a001-02-000000010764328	grp-a001-02-000000069047580	하루견과	nad-a001-02-000000541753999	bsn-a001-00-000000013604308	10	02	11068	P	1	0	0	1	0
20260903	4291318	cmp-a001-02-000000010764328	grp-a001-02-000000069047580	생식가루	nad-a001-02-000000541753997	bsn-a001-00-000000013604308	10	02	8753	M	2	0	0	2	0
20260903	4291318	cmp-a001-02-000000010764328	grp-a001-02-000000072573876	동결건조생식추천	nad-a001-02-000000573683835	bsn-a001-00-000000013604308	10	02	341893	M	1	0	0	3	0
20260903	4291318	cmp-a001-02-000000010764328	grp-a001-02-000000069047580	견과세트	nad-a001-02-000000541753960	bsn-a001-00-000000013604308	10	16	768323	M	5	0	0	15	0
20260903	4291318	cmp-a001-02-000000010764328	grp-a001-02-000000069047580	사랑은	nad-a001-02-000000553654558	bsn-a001-00-000000013604308	10	00	98128	M	1	0	0	3	0
20260903	4291318	cmp-a001-02-000000010764328	grp-a001-02-000000069047580	황성주생식	nad-a001-02-000000541753996	bsn-a001-00-000000013604308	10	08	684924	M	2	0	0	2	0
20260903	4291318	cmp-a001-02-000000010764328	grp-a001-02-000000069047580	단백질간식	nad-a001-02-000000553654554	bsn-a001-00-000000013604308	10	17	27758	P	1	0	0	2	0
20260903	4291318	cmp-a001-02-000000010764328	grp-a001-02-000000069047580	갓	nad-a001-02-000000541753959	bsn-a001-00-000000013604308	10	99	529514	M	3	0	0	6	0
20260903	4291318	cmp-a001-02-000000010764328	grp-a001-02-000000072573876	추석선물세트	nad-a001-02-000000573683834	bsn-a001-00-000000013604308	10	03	11068	P	1	0	0	3	0
20260903	4291318	cmp-a001-02-000000010764328	grp-a001-02-000000069047580	견과류	nad-a001-02-000000541753960	bsn-a001-00-000000013604308	10	10	529514	M	11	0	0	44	0
20260903	4291318	cmp-a001-02-000000010764328	grp-a001-02-000000069047580	견과류추천	nad-a001-02-000000541753960	bsn-a001-00-000000013604308	10	09	8753	M	1	0	0	4	0
20260903	4291318	cmp-a001-02-000000010764328	grp-a001-02-000000069047580	단백질쉐이크	nad-a001-02-000000553654562	bsn-a001-00-000000013604308	10	02	11068	P	1	0	0	11	0
20260903	4291318	cmp-a001-02-000000010764328	grp-a001-02-000000069047580	견과세트	nad-a001-02-000000541753999	bsn-a001-00-000000013604308	10	16	768323	M	5	0	0	10	0
20260903	4291318	cmp-a001-02-000000010764328	grp-a001-02-000000069047580	하루견과	nad-a001-02-000000541753999	bsn-a001-00-000000013604308	10	99	684926	M	3	0	0	3	0
20260903	4291318	cmp-a001-02-000000010764328	grp-a001-02-000000069047580	견과세트	nad-a001-02-000000541753959	bsn-a001-00-000000013604308	10	09	768323	M	8	0	0	8	0
20260903	4291318	cmp-a001-02-000000010764328	grp-a001-02-000000069047580	하루만	nad-a001-02-000000541753999	bsn-a001-00-000000013604308	10	01	529514	M	2	0	0	2	0
20260903	4291318	cmp-a001-02-000000010764328	grp-a001-02-000000069047580	갓	nad-a001-02-000000541753999	bsn-a001-00-000000013604308	10	09	684925	P	2	0	0	2	0
20260903	4291318	cmp-a001-02-000000010764328	grp-a001-02-000000069047580	생식가루	nad-a001-02-000000541753996	bsn-a001-00-000000013604308	10	07	8753	M	2	0	0	7	0
20260903	4291318	cmp-a001-02-000000010764328	grp-a001-02-000000069047580	견과류	nad-a001-02-000000541753959	bsn-a001-00-000000013604308	10	14	11068	P	1	0	0	6	0
20260903	4291318	cmp-a001-02-000000010764328	grp-a001-02-000000069047580	견과류	nad-a001-02-000000541753960	bsn-a001-00-000000013604308	10	16	8753	M	1	0	0	8	0
20260903	4291318	cmp-a001-02-000000010764328	grp-a001-02-000000069047580	사랑이	nad-a001-02-000000553654554	bsn-a001-00-000000013604308	10	08	529514	M	4	0	0	4	0
20260903	4291318	cmp-a001-02-000000010764328	grp-a001-02-000000069047580	견과류세트	nad-a001-02-000000541753960	bsn-a001-00-000000013604308	10	06	8753	M	2	0	0	4	0
20260903	4291318	cmp-a001-02-000000010764328	grp-a001-02-000000069047580	리얼데일리너츠	nad-a001-02-000000541753959	bsn-a001-00-000000013604308	10	02	341893	M	1	0	0	1	0
20260903	4291318	cmp-a001-02-000000010764328	grp-a001-02-000000069047580	황성주1일1생식라이프밀네이	nad-a001-02-000000541754004	bsn-a001-00-000000013604308	10	01	8753	M	1	0	0	2	0
20260903	4291318	cmp-a001-02-000000010764328	grp-a001-02-000000069047580	프로틴	nad-a001-02-000000553654562	bsn-a001-00-000000013604308	10	02	529514	M	46	0	0	46	0
20260903	4291318	cmp-a001-02-000000010764328	grp-a001-02-000000069047580	하루견과	nad-a001-02-000000541753999	bsn-a001-00-000000013604308	10	01	529514	M	2	0	0	2	0
20260903	4291318	cmp-a001-02-000000010764328	grp-a001-02-000000069047580	갓	nad-a001-02-000000541753959	bsn-a001-00-000000013604308	10	09	8753	M	3	0	0	8	0
20260903	4291318	cmp-a001-02-000000010764328	grp-a001-02-000000072573876	추석선물세트	nad-a001-02-000000573683834	bsn-a001-00-000000013604308	10	04	33421	M	1	0	0	1	0
20260903	4291318	cmp-a001-02-000000010764328	grp-a001-02-000000069047580	단백질	nad-a001-02-000000553654562	bsn-a001-00-000000013604308	10	02	8753	M	4	1	3705	13	0
20260903	4291318	cmp-a001-02-000000010764328	grp-a001-02-000000069047580	단백질브랜드	nad-a001-02-000000553654562	bsn-a001-00-000000013604308	10	07	8753	M	1	0	0	1	0
20260903	4291318	cmp-a001-02-000000010764328	grp-a001-02-000000069047580	에너지바	nad-a001-02-000000553654559	bsn-a001-00-000000013604308	10	09	529514	M	5	0	0	15	0
20260903	4291318	cmp-a001-02-000000010764328	grp-a001-02-000000069047580	단백질바	nad-a001-02-000000553654554	bsn-a001-00-000000013604308	10	03	529514	M	2	0	0	2	0
20260903	4291318	cmp-a001-02-000000010764328	grp-a001-02-000000069047580	갓	nad-a001-02-000000541753999	bsn-a001-00-000000013604308	10	02	798056	M	1	0	0	1	0
20260903	4291318	cmp-a001-02-000000010764328	grp-a001-02-000000069047580	견과류	nad-a001-02-000000541753960	bsn-a001-00-000000013604308	10	11	529514	M	10	0	0	40	0
20260903	4291318	cmp-a001-02-000000010764328	grp-a001-02-000000069047580	견과류	nad-a001-02-000000541753999	bsn-a001-00-000000013604308	10	08	8753	M	5	0	0	16	0
20260903	4291318	cmp-a001-02-000000010764328	grp-a001-02-000000069047580	견과류추천	nad-a001-02-000000541753999	bsn-a001-00-000000013604308	10	02	684925	P	1	0	0	1	0
20260903	4291318	cmp-a001-02-000000010764328	grp-a001-02-000000069047580	식물성단백질	nad-a001-02-000000553654562	bsn-a001-00-000000013604308	10	09	8753	M	1	0	0	10	0
20260903	4291318	cmp-a001-02-000000010764328	grp-a001-02-000000069047580	프로틴바	nad-a001-02-000000553654554	bsn-a001-00-000000013604308	10	08	529514	M	2	0	0	2	0
20260903	4291318	cmp-a001-02-000000010764328	grp-a001-02-000000069047580	혈압낮추는데좋은견과류	nad-a001-02-000000541753999	bsn-a001-00-000000013604308	10	99	8753	M	1	0	0	1	0
20260903	4291318	cmp-a001-02-000000010764328	grp-a001-02-000000069047580	올웨이즈하루견과	nad-a001-02-000000541753960	bsn-a001-00-000000013604308	10	00	370822	P	1	0	0	1	0
20260903	4291318	cmp-a001-02-000000010764328	grp-a001-02-000000069047580	프로틴	nad-a001-02-000000553654562	bsn-a001-00-000000013604308	10	02	33421	M	1	0	0	7	0
20260903	4291318	cmp-a001-02-000000010764328	grp-a001-02-000000069047580	하루견과	nad-a001-02-000000541753999	bsn-a001-00-000000013604308	10	04	23123	P	1	0	0	1	0
20260903	4291318	cmp-a001-02-000000010764328	grp-a001-02-000000069047580	에너지바	nad-a001-02-000000553654554	bsn-a001-00-000000013604308	10	09	27758	P	2	0	0	7	0
20260903	4291318	cmp-a001-02-000000010764328	grp-a001-02-000000069047580	단백질보충제	nad-a001-02-000000553654562	bsn-a001-00-000000013604308	10	01	529514	M	8	0	0	16	0
20260903	4291318	cmp-a001-02-000000010764328	grp-a001-02-000000072573876	추석선물세트추천	nad-a001-02-000000573683834	bsn-a001-00-000000013604308	10	06	27758	P	1	0	0	1	0
20260903	4291318	cmp-a001-02-000000010764328	grp-a001-02-000000069047580	다이어트쉐이크	nad-a001-02-000000553654562	bsn-a001-00-000000013604308	10	02	768323	M	1	0	0	1	0
20260903	4291318	cmp-a001-02-000000010764328	grp-a001-02-000000069047580	암사시장포장간식	nad-a001-02-000000541753960	bsn-a001-00-000000013604308	10	09	8753	M	1	0	0	2	0
20260903	4291318	cmp-a001-02-000000010764328	grp-a001-02-000000069047580	나인플레이트갓구운견과류5종	nad-a001-02-000000541753959	bsn-a001-00-000000013604308	10	01	370822	P	1	0	0	3	0
20260903	4291318	cmp-a001-02-000000010764328	grp-a001-02-000000069047580	ISP단백질	nad-a001-02-000000553654562	bsn-a001-00-000000013604308	10	09	27758	P	1	0	0	3	0
20260903	4291318	cmp-a001-02-000000010764328	grp-a001-02-000000069047580	견과류추천	nad-a001-02-000000541753999	bsn-a001-00-000000013604308	10	02	27758	P	2	0	0	4	0
20260903	4291318	cmp-a001-02-000000010764328	grp-a001-02-000000069047580	유기농생식	nad-a001-02-000000541753988	bsn-a001-00-000000013604308	10	03	341893	M	1	0	0	4	0
20260903	4291318	cmp-a001-02-000000010764328	grp-a001-02-000000069047580	가루	nad-a001-02-000000541754005	bsn-a001-00-000000013604308	10	09	8753	M	1	0	0	4	0
20260903	4291318	cmp-a001-02-000000010764328	grp-a001-02-000000069047580	하루견과	nad-a001-02-000000541753999	bsn-a001-00-000000013604308	10	09	8753	M	3	0	0	3	0
20260903	4291318	cmp-a001-02-000000010764328	grp-a001-02-000000069047580	에너지+바	nad-a001-02-000000553654559	bsn-a001-00-000000013604308	10	00	805759	P	1	0	0	9	0
20260903	4291318	cmp-a001-02-000000010764328	grp-a001-02-000000069047580	생식가루	nad-a001-02-000000541754005	bsn-a001-00-000000013604308	10	07	8753	M	2	0	0	8	0
20260903	4291318	cmp-a001-02-000000010764328	grp-a001-02-000000069047580	우고래빗	nad-a001-02-000000541753960	bsn-a001-00-000000013604308	10	09	370822	P	1	0	0	1	0
20260903	4291318	cmp-a001-02-000000010764328	grp-a001-02-000000069047580	다이어트쉐이크	nad-a001-02-000000553654562	bsn-a001-00-000000013604308	10	13	27758	P	1	0	0	4	0
20260903	4291318	cmp-a001-02-000000010764328	grp-a001-02-000000069047580	하루견과	nad-a001-02-000000541753959	bsn-a001-00-000000013604308	10	16	684926	M	2	0	0	6	0
20260903	4291318	cmp-a001-02-000000010764328	grp-a001-02-000000069047580	1일1생식황성주	nad-a001-02-000000541753997	bsn-a001-00-000000013604308	10	13	8753	M	1	0	0	1	0
20260903	4291318	cmp-a001-02-000000010764328	grp-a001-02-000000069047580	황성주생식	nad-a001-02-000000541753996	bsn-a001-00-000000013604308	10	02	8753	M	1	0	0	3	0
20260903	4291318	cmp-a001-02-000000010764328	grp-a001-02-000000069047580	견과세트	nad-a001-02-000000541753960	bsn-a001-00-000000013604308	10	07	768323	M	2	0	0	6	0
20260903	4291318	cmp-a001-02-000000010764328	grp-a001-02-000000069047580	칼로리바	nad-a001-02-000000553654558	bsn-a001-00-000000013604308	10	15	8753	M	1	0	0	2	0
20260903	4291318	cmp-a001-02-000000010764328	grp-a001-02-000000069047580	견과류	nad-a001-02-000000541753960	bsn-a001-00-000000013604308	10	15	33421	M	1	0	0	9	0
20260903	4291318	cmp-a001-02-000000010764328	grp-a001-02-000000069047580	사랑이	nad-a001-02-000000553654559	bsn-a001-00-000000013604308	10	08	529514	M	4	0	0	26	0
20260903	4291318	cmp-a001-02-000000010764328	grp-a001-02-000000069047580	동결건조생식추천	nad-a001-02-000000541754004	bsn-a001-00-000000013604308	10	02	341893	M	1	0	0	1	0
20260903	4291318	cmp-a001-02-000000010764328	grp-a001-02-000000069047580	생식가루	nad-a001-02-000000541753996	bsn-a001-00-000000013604308	10	09	8753	M	1	0	0	4	0
20260903	4291318	cmp-a001-02-000000010764328	grp-a001-02-000000069047580	프로틴	nad-a001-02-000000553654562	bsn-a001-00-000000013604308	10	18	768323	M	4	0	0	4	0
20260903	4291318	cmp-a001-02-000000010764328	grp-a001-02-000000069047580	사랑	nad-a001-02-000000553654554	bsn-a001-00-000000013604308	10	11	612594	M	1	0	0	1	0
20260903	4291318	cmp-a001-02-000000010764328	grp-a001-02-000000072573876	황성주생식	nad-a001-02-000000573683835	bsn-a001-00-000000013604308	10	16	341893	M	1	0	0	2	0
20260903	4291318	cmp-a001-02-000000010764328	grp-a001-02-000000069047580	갓	nad-a001-02-000000541753999	bsn-a001-00-000000013604308	10	09	8753	M	3	0	0	3	0
20260903	4291318	cmp-a001-02-000000010764328	grp-a001-02-000000069047580	단백질쉐이크	nad-a001-02-000000553654562	bsn-a001-00-000000013604308	10	06	33421	M	1	0	0	6	0
20260903	4291318	cmp-a001-02-000000010764328	grp-a001-02-000000069047580	추석견과류세트추천	nad-a001-02-000000541753999	bsn-a001-00-000000013604308	10	08	341898	M	1	0	0	1	0
20260903	4291318	cmp-a001-02-000000010764328	grp-a001-02-000000069047580	단백질보충제	nad-a001-02-000000553654562	bsn-a001-00-000000013604308	10	02	8753	M	1	0	0	5	0
20260903	4291318	cmp-a001-02-000000010764328	grp-a001-02-000000069047580	황성주생식	nad-a001-02-000000541754004	bsn-a001-00-000000013604308	10	18	633013	M	2	0	0	4	0
20260903	4291318	cmp-a001-02-000000010764328	grp-a001-02-000000069047580	젤리	nad-a001-02-000000541753985	bsn-a001-00-000000013604308	10	03	27758	P	1	0	0	2	0
20260903	4291318	cmp-a001-02-000000010764328	grp-a001-02-000000069047580	단백질쉐이크	nad-a001-02-000000553654562	bsn-a001-00-000000013604308	10	02	33421	M	2	0	0	12	0
20260903	4291318	cmp-a001-02-000000010764328	grp-a001-02-000000069047580	사무실견과류	nad-a001-02-000000541753999	bsn-a001-00-000000013604308	10	02	11068	P	1	0	0	2	0
20260903	4291318	cmp-a001-02-000000010764328	grp-a001-02-000000069047580	황성주생식	nad-a001-02-000000541754004	bsn-a001-00-000000013604308	10	03	8753	M	2	0	0	4	0
20260903	4291318	cmp-a001-02-000000010764328	grp-a001-02-000000069047580	하루견과	nad-a001-02-000000541753959	bsn-a001-00-000000013604308	10	08	684926	M	1	0	0	3	0
20260903	4291318	cmp-a001-02-000000010764328	grp-a001-02-000000069047580	견과류	nad-a001-02-000000541753999	bsn-a001-00-000000013604308	10	15	11068	P	1	0	0	1	0
20260903	4291318	cmp-a001-02-000000010764328	grp-a001-02-000000069047580	견과류	nad-a001-02-000000541753960	bsn-a001-00-000000013604308	10	02	8753	M	4	0	0	23	0
20260903	4291318	cmp-a001-02-000000010764328	grp-a001-02-000000069047580	단백질보충제	nad-a001-02-000000553654562	bsn-a001-00-000000013604308	10	06	791889	P	2	0	0	2	0
20260903	4291318	cmp-a001-02-000000010764328	grp-a001-02-000000072573876	추석선물세트	nad-a001-02-000000573683834	bsn-a001-00-000000013604308	10	06	529514	M	6	0	0	73	0
20260903	4291318	cmp-a001-02-000000010764328	grp-a001-02-000000069047580	견과류	nad-a001-02-000000541753960	bsn-a001-00-000000013604308	10	02	529514	M	137	0	0	512	0
20260903	4291318	cmp-a001-02-000000010764328	grp-a001-02-000000069047580	하루견과	nad-a001-02-000000541753959	bsn-a001-00-000000013604308	10	06	684924	M	1	0	0	1	0
20260903	4291318	cmp-a001-02-000000010764328	grp-a001-02-000000069047580	견과류세트	nad-a001-02-000000541753999	bsn-a001-00-000000013604308	10	18	8753	M	1	0	0	1	0
20260903	4291318	cmp-a001-02-000000010764328	grp-a001-02-000000069047580	가루	nad-a001-02-000000541754005	bsn-a001-00-000000013604308	10	02	8753	M	1	0	0	4	0
20260903	4291318	cmp-a001-02-000000010764328	grp-a001-02-000000072573876	추석선물	nad-a001-02-000000573683835	bsn-a001-00-000000013604308	10	02	27758	P	1	0	0	2	0
20260903	4291318	cmp-a001-02-000000010764328	grp-a001-02-000000069047580	사랑	nad-a001-02-000000553654558	bsn-a001-00-000000013604308	10	07	98128	M	1	0	0	4	0
20260903	4291318	cmp-a001-02-000000010764328	grp-a001-02-000000069047580	하루견과	nad-a001-02-000000541753959	bsn-a001-00-000000013604308	10	09	370822	P	1	0	0	1	0
20260903	4291318	cmp-a001-02-000000010764328	grp-a001-02-000000069047580	견과류	nad-a001-02-000000541753960	bsn-a001-00-000000013604308	10	06	529514	M	9	0	0	33	0
20260903	4291318	cmp-a001-02-000000010764328	grp-a001-02-000000069047580	견과류	nad-a001-02-000000541753960	bsn-a001-00-000000013604308	10	13	33421	M	1	0	0	8	0
20260903	4291318	cmp-a001-02-000000010764328	grp-a001-02-000000069047580	프로틴	nad-a001-02-000000553654562	bsn-a001-00-000000013604308	10	13	768323	M	2	0	0	3	0
20260903	4291318	cmp-a001-02-000000010764328	grp-a001-02-000000069047580	견과류세트	nad-a001-02-000000541753999	bsn-a001-00-000000013604308	10	06	684925	P	1	0	0	1	0
20260903	4291318	cmp-a001-02-000000010764328	grp-a001-02-000000069047580	동결건조식품의장점	nad-a001-02-000000541754004	bsn-a001-00-000000013604308	10	08	8753	M	2	0	0	4	0
20260903	4291318	cmp-a001-02-000000010764328	grp-a001-02-000000069047580	견과류	nad-a001-02-000000541753999	bsn-a001-00-000000013604308	10	04	529514	M	8	0	0	9	0
20260903	4291318	cmp-a001-02-000000010764328	grp-a001-02-000000069047580	갓	nad-a001-02-000000541753959	bsn-a001-00-000000013604308	10	02	27758	P	1	0	0	2	0
20260903	4291318	cmp-a001-02-000000010764328	grp-a001-02-000000069047580	하루견과	nad-a001-02-000000541753999	bsn-a001-00-000000013604308	10	09	23123	P	4	0	0	4	0
20260903	4291318	cmp-a001-02-000000010764328	grp-a001-02-000000069047580	단백질바	nad-a001-02-000000553654559	bsn-a001-00-000000013604308	10	09	529514	M	2	0	0	6	0
20260903	4291318	cmp-a001-02-000000010764328	grp-a001-02-000000069047580	하루견과	nad-a001-02-000000541753960	bsn-a001-00-000000013604308	10	11	529514	M	4	0	0	8	0
20260903	4291318	cmp-a001-02-000000010764328	grp-a001-02-000000069047580	에너지바	nad-a001-02-000000553654554	bsn-a001-00-000000013604308	10	02	87620	M	1	0	0	1	0
20260903	4291318	cmp-a001-02-000000010764328	grp-a001-02-000000069047580	황성주1일1생식프리미엄	nad-a001-02-000000541754005	bsn-a001-00-000000013604308	10	01	8753	M	1	0	0	3	0
20260903	4291318	cmp-a001-02-000000010764328	grp-a001-02-000000069047580	하루견과	nad-a001-02-000000541753999	bsn-a001-00-000000013604308	10	06	684925	P	2	0	0	2	0
20260903	4291318	cmp-a001-02-000000010764328	grp-a001-02-000000069047580	에너지바	nad-a001-02-000000553654554	bsn-a001-00-000000013604308	10	18	8753	M	1	0	0	3	0
20260903	4291318	cmp-a001-02-000000010764328	grp-a001-02-000000069047580	하루견과	nad-a001-02-000000541753959	bsn-a001-00-000000013604308	10	08	8753	M	2	0	0	9	0
20260903	4291318	cmp-a001-02-000000010764328	grp-a001-02-000000069047580	전주칼로리바가격	nad-a001-02-000000553654554	bsn-a001-00-000000013604308	10	13	8753	M	1	0	0	1	0
20260903	4291318	cmp-a001-02-000000010764328	grp-a001-02-000000069047580	생식가루	nad-a001-02-000000541754004	bsn-a001-00-000000013604308	10	06	11068	P	1	0	0	1	0
20260903	4291318	cmp-a001-02-000000010764328	grp-a001-02-000000069047580	견과	nad-a001-02-000000541753959	bsn-a001-00-000000013604308	10	99	684926	M	2	0	0	4	0
20260903	4291318	cmp-a001-02-000000010764328	grp-a001-02-000000069047580	동결건조식품장단점	nad-a001-02-000000541753997	bsn-a001-00-000000013604308	10	09	8753	M	1	0	0	1	0
20260903	4291318	cmp-a001-02-000000010764328	grp-a001-02-000000069047580	젤리	nad-a001-02-000000541753985	bsn-a001-00-000000013604308	10	18	768323	M	1	0	0	1	0
20260903	4291318	cmp-a001-02-000000010764328	grp-a001-02-000000072573876	추석선물세트	nad-a001-02-000000573683835	bsn-a001-00-000000013604308	10	14	529514	M	2	0	0	18	0
20260903	4291318	cmp-a001-02-000000010764328	grp-a001-02-000000069047580	오하루견과	nad-a001-02-000000541753960	bsn-a001-00-000000013604308	10	02	341893	M	1	0	0	1	0
20260903	4291318	cmp-a001-02-000000010764328	grp-a001-02-000000069047580	단백질	nad-a001-02-000000553654562	bsn-a001-00-000000013604308	10	15	8753	M	1	0	0	4	0
20260903	4291318	cmp-a001-02-000000010764328	grp-a001-02-000000069047580	견과류종류별하루권장량알려주세요	nad-a001-02-000000541753960	bsn-a001-00-000000013604308	10	02	8753	M	1	0	0	3	0
20260903	4291318	cmp-a001-02-000000010764328	grp-a001-02-000000069047580	밸런스밀	nad-a001-02-000000553654562	bsn-a001-00-000000013604308	10	15	341893	M	1	0	0	2	0
20260903	4291318	cmp-a001-02-000000010764328	grp-a001-02-000000069047580	허안좋은데.진해가루어떤가요	nad-a001-02-000000541753996	bsn-a001-00-000000013604308	10	09	341893	M	1	0	0	1	0
20260903	4291318	cmp-a001-02-000000010764328	grp-a001-02-000000069047580	생식가루	nad-a001-02-000000541753996	bsn-a001-00-000000013604308	10	07	341893	M	1	0	0	1	0
20260903	4291318	cmp-a001-02-000000010764328	grp-a001-02-000000069047580	갓	nad-a001-02-000000541753999	bsn-a001-00-000000013604308	10	18	8753	M	1	0	0	1	0
20260903	4291318	cmp-a001-02-000000010764328	grp-a001-02-000000069047580	칼로리바	nad-a001-02-000000553654558	bsn-a001-00-000000013604308	10	02	8753	M	2	0	0	4	0
20260903	4291318	cmp-a001-02-000000010764328	grp-a001-02-000000072573876	가루	nad-a001-02-000000573683835	bsn-a001-00-000000013604308	10	18	529514	M	2	0	0	20	0
20260903	4291318	cmp-a001-02-000000010764328	grp-a001-02-000000069047580	황성주생식라이프밀	nad-a001-02-000000541754004	bsn-a001-00-000000013604308	10	99	8753	M	1	0	0	2	0
20260903	4291318	cmp-a001-02-000000010764328	grp-a001-02-000000069047580	견과류	nad-a001-02-000000541753959	bsn-a001-00-000000013604308	10	14	27758	P	1	0	0	3	0
20260903	4291318	cmp-a001-02-000000010764328	grp-a001-02-000000069047580	에너지바	nad-a001-02-000000553654559	bsn-a001-00-000000013604308	10	11	684926	M	2	0	0	24	0
20260903	4291318	cmp-a001-02-000000010764328	grp-a001-02-000000069047580	황성주생식	nad-a001-02-000000541754004	bsn-a001-00-000000013604308	10	08	341893	M	1	0	0	1	0
20260903	4291318	cmp-a001-02-000000010764328	grp-a001-02-000000072573876	명절선물	nad-a001-02-000000573683834	bsn-a001-00-000000013604308	10	03	529514	M	1	0	0	19	0
20260903	4291318	cmp-a001-02-000000010764328	grp-a001-02-000000069047580	견과류	nad-a001-02-000000541753960	bsn-a001-00-000000013604308	10	08	529514	M	14	0	0	53	0
20260903	4291318	cmp-a001-02-000000010764328	grp-a001-02-000000069047580	견과류세트	nad-a001-02-000000541753999	bsn-a001-00-000000013604308	10	06	27758	P	1	0	0	1	0
20260903	4291318	cmp-a001-02-000000010764328	grp-a001-02-000000069047580	분말	nad-a001-02-000000541753996	bsn-a001-00-000000013604308	10	09	612594	M	1	0	0	3	0
20260903	4291318	cmp-a001-02-000000010764328	grp-a001-02-000000069047580	공복견과류	nad-a001-02-000000541753960	bsn-a001-00-000000013604308	10	99	8753	M	2	0	0	6	0
20260903	4291318	cmp-a001-02-000000010764328	grp-a001-02-000000072573876	추석선물세트	nad-a001-02-000000573683834	bsn-a001-00-000000013604308	10	09	8753	M	2	0	0	6	0
20260903	4291318	cmp-a001-02-000000010764328	grp-a001-02-000000069047580	갓	nad-a001-02-000000541753999	bsn-a001-00-000000013604308	10	02	27758	P	1	0	0	1	0
20260903	4291318	cmp-a001-02-000000010764328	grp-a001-02-000000069047580	하루견과	nad-a001-02-000000541753999	bsn-a001-00-000000013604308	10	06	684926	M	1	0	0	1	0
20260903	4291318	cmp-a001-02-000000010764328	grp-a001-02-000000069047580	갓	nad-a001-02-000000541753960	bsn-a001-00-000000013604308	10	02	27758	P	1	0	0	3	0
20260903	4291318	cmp-a001-02-000000010764328	grp-a001-02-000000069047580	넛츠피아세븐믹스	nad-a001-02-000000541753959	bsn-a001-00-000000013604308	10	02	341893	M	1	0	0	1	0
20260903	4291318	cmp-a001-02-000000010764328	grp-a001-02-000000069047580	다이어트프로틴추천	nad-a001-02-000000553654562	bsn-a001-00-000000013604308	10	01	27758	P	1	0	0	4	0
20260903	4291318	cmp-a001-02-000000010764328	grp-a001-02-000000069047580	프로틴	nad-a001-02-000000553654562	bsn-a001-00-000000013604308	10	01	768323	M	4	0	0	5	0
20260903	4291318	cmp-a001-02-000000010764328	grp-a001-02-000000072573876	추석선물세트추천	nad-a001-02-000000573683835	bsn-a001-00-000000013604308	10	02	27758	P	1	0	0	2	0
20260903	4291318	cmp-a001-02-000000010764328	grp-a001-02-000000069047580	사랑하라	nad-a001-02-000000553654559	bsn-a001-00-000000013604308	10	99	98128	M	2	0	0	10	0
20260903	4291318	cmp-a001-02-000000010764328	grp-a001-02-000000069047580	프로틴	nad-a001-02-000000553654562	bsn-a001-00-000000013604308	10	10	768323	M	2	0	0	2	0
20260903	4291318	cmp-a001-02-000000010764328	grp-a001-02-000000069047580	견과류	nad-a001-02-000000541753959	bsn-a001-00-000000013604308	10	15	11068	P	1	0	0	7	0
20260903	4291318	cmp-a001-02-000000010764328	grp-a001-02-000000069047580	프로틴쉐이크	nad-a001-02-000000553654562	bsn-a001-00-000000013604308	10	06	98128	M	2	0	0	2	0
20260903	4291318	cmp-a001-02-000000010764328	grp-a001-02-000000069047580	하루견과	nad-a001-02-000000541753960	bsn-a001-00-000000013604308	10	18	23123	P	1	0	0	2	0
20260903	4291318	cmp-a001-02-000000010764328	grp-a001-02-000000069047580	스낵과자시리얼	nad-a001-02-000000553654554	bsn-a001-00-000000013604308	10	02	27758	P	1	0	0	3	0
20260903	4291318	cmp-a001-02-000000010764328	grp-a001-02-000000069047580	견과류세트	nad-a001-02-000000541753959	bsn-a001-00-000000013604308	10	02	798055	P	1	0	0	1	0
20260903	4291318	cmp-a001-02-000000010764328	grp-a001-02-000000072573876	추석선물세트	nad-a001-02-000000573683835	bsn-a001-00-000000013604308	10	02	529514	M	10	0	0	138	0
20260903	4291318	cmp-a001-02-000000010764328	grp-a001-02-000000072573876	명절선물	nad-a001-02-000000573683835	bsn-a001-00-000000013604308	10	09	11068	P	1	0	0	8	0
20260903	4291318	cmp-a001-02-000000010764328	grp-a001-02-000000069047580	견과류	nad-a001-02-000000541753960	bsn-a001-00-000000013604308	10	09	633013	M	8	0	0	18	0
20260903	4291318	cmp-a001-02-000000010764328	grp-a001-02-000000069047580	단백질간식	nad-a001-02-000000553654558	bsn-a001-00-000000013604308	10	17	27758	P	1	0	0	3	0
20260903	4291318	cmp-a001-02-000000010764328	grp-a001-02-000000069047580	동결건조식품의장점	nad-a001-02-000000541754005	bsn-a001-00-000000013604308	10	08	8753	M	2	0	0	6	0
20260903	4291318	cmp-a001-02-000000010764328	grp-a001-02-000000069047580	견과	nad-a001-02-000000541753999	bsn-a001-00-000000013604308	10	03	684925	P	1	0	0	1	0
20260903	4291318	cmp-a001-02-000000010764328	grp-a001-02-000000069047580	단백질쉐이크	nad-a001-02-000000553654562	bsn-a001-00-000000013604308	10	04	529514	M	1	0	0	2	0
20260903	4291318	cmp-a001-02-000000010764328	grp-a001-02-000000069047580	단백질바	nad-a001-02-000000553654558	bsn-a001-00-000000013604308	10	02	529514	M	4	0	0	8	0
20260903	4291318	cmp-a001-02-000000010764328	grp-a001-02-000000069047580	황성주생식	nad-a001-02-000000541753996	bsn-a001-00-000000013604308	10	02	684924	M	1	0	0	1	0
20260903	4291318	cmp-a001-02-000000010764328	grp-a001-02-000000069047580	ENERGYBAR	nad-a001-02-000000553654559	bsn-a001-00-000000013604308	10	00	87620	M	1	0	0	3	0
20260903	4291318	cmp-a001-02-000000010764328	grp-a001-02-000000069047580	황성주생식	nad-a001-02-000000541753996	bsn-a001-00-000000013604308	10	16	529514	M	1	0	0	1	0
20260903	4291318	cmp-a001-02-000000010764328	grp-a001-02-000000069047580	하루견과	nad-a001-02-000000541753960	bsn-a001-00-000000013604308	10	06	27758	P	2	0	0	8	0
20260903	4291318	cmp-a001-02-000000010764328	grp-a001-02-000000069047580	견과류	nad-a001-02-000000541753959	bsn-a001-00-000000013604308	10	14	529514	M	3	0	0	6	0
20260903	4291318	cmp-a001-02-000000010764328	grp-a001-02-000000069047580	견과류	nad-a001-02-000000541753959	bsn-a001-00-000000013604308	10	02	684924	M	1	0	0	1	0
20260903	4291318	cmp-a001-02-000000010764328	grp-a001-02-000000072573876	명절선물	nad-a001-02-000000573683835	bsn-a001-00-000000013604308	10	02	8753	M	1	0	0	2	0
20260903	4291318	cmp-a001-02-000000010764328	grp-a001-02-000000069047580	황성주생식	nad-a001-02-000000541753996	bsn-a001-00-000000013604308	10	10	8753	M	1	0	0	3	0
20260903	4291318	cmp-a001-02-000000010764328	grp-a001-02-000000069047580	견과류	nad-a001-02-000000541753999	bsn-a001-00-000000013604308	10	09	529514	M	108	0	0	109	0
20260903	4291318	cmp-a001-02-000000010764328	grp-a001-02-000000069047580	젤리	nad-a001-02-000000541753985	bsn-a001-00-000000013604308	10	02	768323	M	4	0	0	8	0
20260903	4291318	cmp-a001-02-000000010764328	grp-a001-02-000000072573876	추석선물세트	nad-a001-02-000000573683834	bsn-a001-00-000000013604308	10	04	8753	M	1	0	0	2	0
20260903	4291318	cmp-a001-02-000000010764328	grp-a001-02-000000069047580	단백질브랜드	nad-a001-02-000000553654562	bsn-a001-00-000000013604308	10	07	684924	M	1	0	0	1	0
20260903	4291318	cmp-a001-02-000000010764328	grp-a001-02-000000069047580	하루견과20G20입세트형선물세트	nad-a001-02-000000541753959	bsn-a001-00-000000013604308	10	04	8753	M	1	0	0	3	0
20260903	4291318	cmp-a001-02-000000010764328	grp-a001-02-000000069047580	식물성단백질	nad-a001-02-000000553654562	bsn-a001-00-000000013604308	10	09	11068	P	1	0	0	4	0
20260903	4291318	cmp-a001-02-000000010764328	grp-a001-02-000000069047580	견과류	nad-a001-02-000000541753960	bsn-a001-00-000000013604308	10	09	529514	M	108	0	0	428	0
20260903	4291318	cmp-a001-02-000000010764328	grp-a001-02-000000069047580	CORNY단백질바	nad-a001-02-000000553654554	bsn-a001-00-000000013604308	10	02	27758	P	1	0	0	3	0
20260903	4291318	cmp-a001-02-000000010764328	grp-a001-02-000000069047580	프로틴	nad-a001-02-000000553654562	bsn-a001-00-000000013604308	10	09	529514	M	85	0	0	85	0
20260903	4291318	cmp-a001-02-000000010764328	grp-a001-02-000000069047580	젤리	nad-a001-02-000000541753985	bsn-a001-00-000000013604308	01	14	8753	M	1	0	0	1	0
20260903	4291318	cmp-a001-02-000000010764328	grp-a001-02-000000069047580	단백질쉐이크	nad-a001-02-000000553654562	bsn-a001-00-000000013604308	01	13	8753	M	1	0	0	5	0
20260903	4291318	cmp-a001-02-000000010764328	grp-a001-02-000000072573876	추석선물	nad-a001-02-000000573683835	bsn-a001-00-000000013604308	11	02	11068	P	1	0	0	3	0
20260903	4291318	cmp-a001-02-000000010764328	grp-a001-02-000000072573876	추석선물세트	nad-a001-02-000000573683834	bsn-a001-00-000000013604308	11	02	11068	P	1	0	0	2	0
20260903	4291318	cmp-a001-02-000000010764328	grp-a001-02-000000072573876	명절선물	nad-a001-02-000000573683835	bsn-a001-00-000000013604308	11	11	8753	M	1	0	0	4	0
20260903	4291318	cmp-a001-02-000000010764328	grp-a001-02-000000072573876	추석선물세트	nad-a001-02-000000573683834	bsn-a001-00-000000013604308	11	99	529514	M	6	0	0	27	0
20260903	4291318	cmp-a001-02-000000010764328	grp-a001-02-000000072573876	추석선물세트	nad-a001-02-000000573683835	bsn-a001-00-000000013604308	11	01	8753	M	1	0	0	4	0
20260903	4291318	cmp-a001-02-000000010764328	grp-a001-02-000000072573876	추석선물	nad-a001-02-000000573683835	bsn-a001-00-000000013604308	11	09	8753	M	2	0	0	16	0
20260903	4291318	cmp-a001-02-000000010764328	grp-a001-02-000000072573876	추석선물셋트	nad-a001-02-000000573683835	bsn-a001-00-000000013604308	11	13	633013	M	2	0	0	4	0
20260903	4291318	cmp-a001-02-000000010764328	grp-a001-02-000000072573876	명절선물	nad-a001-02-000000573683835	bsn-a001-00-000000013604308	11	15	529514	M	2	0	0	22	0
20260903	4291318	cmp-a001-02-000000010764328	grp-a001-02-000000072573876	추석선물세트	nad-a001-02-000000573683835	bsn-a001-00-000000013604308	11	04	33421	M	1	0	0	2	0
20260903	4291318	cmp-a001-02-000000010764328	grp-a001-02-000000072573876	추석선물세트추천	nad-a001-02-000000573683835	bsn-a001-00-000000013604308	11	15	8753	M	1	0	0	3	0
20260903	4291318	cmp-a001-02-000000010764328	grp-a001-02-000000072573876	특가	nad-a001-02-000000573683835	bsn-a001-00-000000013604308	11	09	11068	P	1	0	0	2	0
20260903	4291318	cmp-a001-02-000000010764328	grp-a001-02-000000072573876	추석선물세트	nad-a001-02-000000573683835	bsn-a001-00-000000013604308	11	09	8753	M	1	0	0	4	0
20260903	4291318	cmp-a001-02-000000010764328	grp-a001-02-000000072573876	추석선물세트	nad-a001-02-000000573683834	bsn-a001-00-000000013604308	11	01	8753	M	1	0	0	2	0
20260903	4291318	cmp-a001-02-000000010764328	grp-a001-02-000000072573876	추석선물세트	nad-a001-02-000000573683834	bsn-a001-00-000000013604308	11	03	27758	P	1	0	0	1	0
20260903	4291318	cmp-a001-02-000000010764328	grp-a001-02-000000072573876	추석선물세트추천	nad-a001-02-000000573683835	bsn-a001-00-000000013604308	11	18	8753	M	1	0	0	3	0
20260903	4291318	cmp-a001-02-000000010764328	grp-a001-02-000000072573876	추석선물세트	nad-a001-02-000000573683835	bsn-a001-00-000000013604308	11	11	529514	M	7	0	0	41	0
20260903	4291318	cmp-a001-02-000000010764328	grp-a001-02-000000072573876	추석선물세트	nad-a001-02-000000573683834	bsn-a001-00-000000013604308	11	18	27758	P	1	0	0	2	0
20260903	4291318	cmp-a001-02-000000010764328	grp-a001-02-000000072573876	추석선물추천	nad-a001-02-000000573683835	bsn-a001-00-000000013604308	11	04	8753	M	1	0	0	4	0
20260903	4291318	cmp-a001-02-000000010764328	grp-a001-02-000000072573876	추석선물	nad-a001-02-000000573683834	bsn-a001-00-000000013604308	11	04	27758	P	1	0	0	1	0
20260903	4291318	cmp-a001-02-000000010764328	grp-a001-02-000000069047580	황성주생식	nad-a001-02-000000541753997	bsn-a001-00-000000013604308	11	08	8753	M	1	0	0	1	0
20260903	4291318	cmp-a001-02-000000010764328	grp-a001-02-000000072573876	추석선물세트	nad-a001-02-000000573683835	bsn-a001-00-000000013604308	11	10	529514	M	1	0	0	4	0
20260903	4291318	cmp-a001-02-000000010764328	grp-a001-02-000000072573876	추석선물세트	nad-a001-02-000000573683834	bsn-a001-00-000000013604308	11	10	529514	M	2	0	0	6	0
20260903	4291318	cmp-a001-02-000000010764328	grp-a001-02-000000072573876	추석선물세트	nad-a001-02-000000573683834	bsn-a001-00-000000013604308	11	16	11068	P	1	0	0	96	0
20260903	4291318	cmp-a001-02-000000010764328	grp-a001-02-000000072573876	명절선물	nad-a001-02-000000573683835	bsn-a001-00-000000013604308	11	09	529514	M	2	0	0	22	0
20260903	4291318	cmp-a001-02-000000010764328	grp-a001-02-000000072573876	추석선물세트	nad-a001-02-000000573683834	bsn-a001-00-000000013604308	11	01	529514	M	2	0	0	7	0
20260903	4291318	cmp-a001-02-000000010764328	grp-a001-02-000000072573876	추석선물세트	nad-a001-02-000000573683834	bsn-a001-00-000000013604308	11	13	8753	M	1	0	0	2	0
20260903	4291318	cmp-a001-02-000000010764328	grp-a001-02-000000072573876	추석선물세트	nad-a001-02-000000573683834	bsn-a001-00-000000013604308	11	09	33421	M	1	0	0	1	0
20260903	4291318	cmp-a001-02-000000010764328	grp-a001-02-000000072573876	추석선물세트	nad-a001-02-000000573683835	bsn-a001-00-000000013604308	11	09	11068	P	1	0	0	1	0
20260903	4291318	cmp-a001-02-000000010764328	grp-a001-02-000000072573876	추석선물세트	nad-a001-02-000000573683834	bsn-a001-00-000000013604308	11	11	529514	M	5	0	0	29	0
20260903	4291318	cmp-a001-02-000000010764328	grp-a001-02-000000072573876	추석선물세트	nad-a001-02-000000573683835	bsn-a001-00-000000013604308	11	18	27758	P	1	0	0	1	0
20260903	4291318	cmp-a001-02-000000010764328	grp-a001-02-000000072573876	추석선물세트	nad-a001-02-000000573683835	bsn-a001-00-000000013604308	11	08	529514	M	5	0	0	40	0
20260903	4291318	cmp-a001-02-000000010764328	grp-a001-02-000000072573876	추석선물세트	nad-a001-02-000000573683835	bsn-a001-00-000000013604308	11	13	33421	M	1	0	0	2	0
20260903	4291318	cmp-a001-02-000000010764328	grp-a001-02-000000072573876	추석선물세트추천	nad-a001-02-000000573683834	bsn-a001-00-000000013604308	11	18	8753	M	1	0	0	1	0
20260903	4291318	cmp-a001-02-000000010764328	grp-a001-02-000000072573876	추석선물세트추천	nad-a001-02-000000573683834	bsn-a001-00-000000013604308	11	15	8753	M	1	0	0	1	0
20260903	4291318	cmp-a001-02-000000010764328	grp-a001-02-000000072573876	명절선물	nad-a001-02-000000573683834	bsn-a001-00-000000013604308	11	11	8753	M	1	0	0	1	0
20260903	4291318	cmp-a001-02-000000010764328	grp-a001-02-000000072573876	추석선물세트추천	nad-a001-02-000000573683834	bsn-a001-00-000000013604308	11	03	8753	M	1	0	0	2	0
20260903	4291318	cmp-a001-02-000000010764328	grp-a001-02-000000072573876	추석선물세트추천	nad-a001-02-000000573683835	bsn-a001-00-000000013604308	11	09	27758	P	1	0	0	2	0
20260903	4291318	cmp-a001-02-000000010764328	grp-a001-02-000000072573876	추석선물세트	nad-a001-02-000000573683834	bsn-a001-00-000000013604308	11	09	8753	M	3	0	0	7	0
20260903	4291318	cmp-a001-02-000000010764328	grp-a001-02-000000072573876	추석선물세트	nad-a001-02-000000573683834	bsn-a001-00-000000013604308	11	06	529514	M	1	0	0	4	0
20260903	4291318	cmp-a001-02-000000010764328	grp-a001-02-000000072573876	추석선물셋트	nad-a001-02-000000573683834	bsn-a001-00-000000013604308	11	13	633013	M	2	0	0	6	0
20260903	4291318	cmp-a001-02-000000010764328	grp-a001-02-000000072573876	추석선물추천	nad-a001-02-000000573683834	bsn-a001-00-000000013604308	11	04	8753	M	1	0	0	2	0
20260903	4291318	cmp-a001-02-000000010764328	grp-a001-02-000000072573876	추석선물	nad-a001-02-000000573683834	bsn-a001-00-000000013604308	11	06	8753	M	1	0	0	2	0
20260903	4291318	cmp-a001-02-000000010764328	grp-a001-02-000000072573876	추석선물	nad-a001-02-000000573683834	bsn-a001-00-000000013604308	11	18	8753	M	1	0	0	1	0
20260903	4291318	cmp-a001-02-000000010764328	grp-a001-02-000000072573876	추석선물세트	nad-a001-02-000000573683834	bsn-a001-00-000000013604308	11	04	8753	M	1	0	0	3	0
20260903	4291318	cmp-a001-02-000000010764328	grp-a001-02-000000072573876	추석선물	nad-a001-02-000000573683835	bsn-a001-00-000000013604308	11	18	8753	M	1	0	0	4	0
20260903	4291318	cmp-a001-02-000000010764328	grp-a001-02-000000072573876	추석선물	nad-a001-02-000000573683834	bsn-a001-00-000000013604308	11	02	27758	P	3	1	10695	4	0
20260903	4291318	cmp-a001-02-000000010764328	grp-a001-02-000000072573876	추석선물세트	nad-a001-02-000000573683834	bsn-a001-00-000000013604308	11	18	798056	M	1	0	0	5	0
20260903	4291318	cmp-a001-02-000000010764328	grp-a001-02-000000072573876	추석선물세트	nad-a001-02-000000573683834	bsn-a001-00-000000013604308	11	03	529514	M	1	0	0	10	0
20260903	4291318	cmp-a001-02-000000010764328	grp-a001-02-000000072573876	추석선물세트	nad-a001-02-000000573683834	bsn-a001-00-000000013604308	11	13	33421	M	1	0	0	1	0
20260903	4291318	cmp-a001-02-000000010764328	grp-a001-02-000000072573876	추석선물세트추천	nad-a001-02-000000573683834	bsn-a001-00-000000013604308	11	09	27758	P	1	0	0	1	0
20260903	4291318	cmp-a001-02-000000010764328	grp-a001-02-000000072573876	추석선물	nad-a001-02-000000573683835	bsn-a001-00-000000013604308	11	02	27758	P	1	0	0	4	0
20260903	4291318	cmp-a001-02-000000010764328	grp-a001-02-000000072573876	추석선물세트	nad-a001-02-000000573683834	bsn-a001-00-000000013604308	11	13	87620	M	1	0	0	9	0
20260903	4291318	cmp-a001-02-000000010764328	grp-a001-02-000000072573876	추석선물세트	nad-a001-02-000000573683835	bsn-a001-00-000000013604308	11	99	529514	M	7	0	0	34	0
20260903	4291318	cmp-a001-02-000000010764328	grp-a001-02-000000072573876	추석선물세트	nad-a001-02-000000573683835	bsn-a001-00-000000013604308	11	18	798056	M	1	0	0	4	0
20260903	4291318	cmp-a001-02-000000010764328	grp-a001-02-000000072573876	명절선물	nad-a001-02-000000573683835	bsn-a001-00-000000013604308	11	11	11068	P	1	0	0	88	0
20260903	4291318	cmp-a001-02-000000010764328	grp-a001-02-000000072573876	추석선물셋트	nad-a001-02-000000573683835	bsn-a001-00-000000013604308	11	11	529514	M	2	0	0	4	0
20260903	4291318	cmp-a001-02-000000010764328	grp-a001-02-000000072573876	추석선물세트	nad-a001-02-000000573683834	bsn-a001-00-000000013604308	11	04	529514	M	5	0	0	41	0
20260903	4291318	cmp-a001-02-000000010764328	grp-a001-02-000000072573876	추석선물세트	nad-a001-02-000000573683835	bsn-a001-00-000000013604308	11	07	529514	M	4	0	0	36	0
20260903	4291318	cmp-a001-02-000000010764328	grp-a001-02-000000072573876	명절선물	nad-a001-02-000000573683835	bsn-a001-00-000000013604308	11	02	11068	P	1	0	0	9	0
20260903	4291318	cmp-a001-02-000000010764328	grp-a001-02-000000072573876	추석선물세트	nad-a001-02-000000573683835	bsn-a001-00-000000013604308	11	13	87620	M	1	0	0	8	0
20260903	4291318	cmp-a001-02-000000010764328	grp-a001-02-000000072573876	명절선물	nad-a001-02-000000573683834	bsn-a001-00-000000013604308	11	15	529514	M	1	0	0	12	0
20260903	4291318	cmp-a001-02-000000010764328	grp-a001-02-000000072573876	추석선물세트추천	nad-a001-02-000000573683834	bsn-a001-00-000000013604308	11	01	8753	M	1	0	0	2	0
20260903	4291318	cmp-a001-02-000000010764328	grp-a001-02-000000072573876	추석선물세트	nad-a001-02-000000573683835	bsn-a001-00-000000013604308	11	13	8753	M	1	0	0	4	0
20260903	4291318	cmp-a001-02-000000010764328	grp-a001-02-000000072573876	추석선물셋트	nad-a001-02-000000573683834	bsn-a001-00-000000013604308	11	11	529514	M	2	0	0	6	0
20260903	4291318	cmp-a001-02-000000010764328	grp-a001-02-000000072573876	추석선물세트	nad-a001-02-000000573683834	bsn-a001-00-000000013604308	11	09	529514	M	28	0	0	106	0
20260903	4291318	cmp-a001-02-000000010764328	grp-a001-02-000000072573876	추석선물	nad-a001-02-000000573683835	bsn-a001-00-000000013604308	11	02	370822	P	1	0	0	1	0
20260903	4291318	cmp-a001-02-000000010764328	grp-a001-02-000000072573876	추석선물세트추천	nad-a001-02-000000573683835	bsn-a001-00-000000013604308	11	07	11068	P	1	0	0	27	0
20260903	4291318	cmp-a001-02-000000010764328	grp-a001-02-000000072573876	추석선물세트	nad-a001-02-000000573683835	bsn-a001-00-000000013604308	11	09	33421	M	1	0	0	2	0
20260903	4291318	cmp-a001-02-000000010764328	grp-a001-02-000000072573876	명절선물	nad-a001-02-000000573683835	bsn-a001-00-000000013604308	11	10	529514	M	1	0	0	20	0
20260903	4291318	cmp-a001-02-000000010764328	grp-a001-02-000000072573876	추석선물세트	nad-a001-02-000000573683835	bsn-a001-00-000000013604308	11	04	529514	M	5	0	0	22	0
20260903	4291318	cmp-a001-02-000000010764328	grp-a001-02-000000072573876	추석선물세트	nad-a001-02-000000573683835	bsn-a001-00-000000013604308	11	01	529514	M	1	0	0	3	0
20260903	4291318	cmp-a001-02-000000010764328	grp-a001-02-000000072573876	추석선물세트	nad-a001-02-000000573683834	bsn-a001-00-000000013604308	11	16	529514	M	3	0	0	16	0
20260903	4291318	cmp-a001-02-000000010764328	grp-a001-02-000000072573876	추석선물세트	nad-a001-02-000000573683834	bsn-a001-00-000000013604308	11	02	8753	M	1	0	0	1	0
20260903	4291318	cmp-a001-02-000000010764328	grp-a001-02-000000072573876	추석선물세트	nad-a001-02-000000573683834	bsn-a001-00-000000013604308	11	02	27758	P	2	0	0	3	0
20260903	4291318	cmp-a001-02-000000010764328	grp-a001-02-000000072573876	추석선물세트	nad-a001-02-000000573683834	bsn-a001-00-000000013604308	11	08	529514	M	4	0	0	18	0
20260903	4291318	cmp-a001-02-000000010764328	grp-a001-02-000000072573876	추석선물세트	nad-a001-02-000000573683834	bsn-a001-00-000000013604308	11	15	529514	M	4	0	0	18	0
20260903	4291318	cmp-a001-02-000000010764328	grp-a001-02-000000072573876	추석선물세트	nad-a001-02-000000573683835	bsn-a001-00-000000013604308	11	16	11068	P	1	0	0	95	0
20260903	4291318	cmp-a001-02-000000010764328	grp-a001-02-000000072573876	추석선물세트	nad-a001-02-000000573683835	bsn-a001-00-000000013604308	11	09	529514	M	15	0	0	54	0
20260903	4291318	cmp-a001-02-000000010764328	grp-a001-02-000000072573876	추석선물세트	nad-a001-02-000000573683835	bsn-a001-00-000000013604308	11	15	529514	M	1	0	0	4	0
20260903	4291318	cmp-a001-02-000000010764328	grp-a001-02-000000072573876	추석선물세트	nad-a001-02-000000573683835	bsn-a001-00-000000013604308	11	02	529514	M	23	0	0	134	0
20260903	4291318	cmp-a001-02-000000010764328	grp-a001-02-000000069047580	황성주생식	nad-a001-02-000000541753988	bsn-a001-00-000000013604308	11	08	8753	M	1	0	0	5	0
20260903	4291318	cmp-a001-02-000000010764328	grp-a001-02-000000072573876	추석선물	nad-a001-02-000000573683834	bsn-a001-00-000000013604308	11	09	8753	M	2	0	0	5	0
20260903	4291318	cmp-a001-02-000000010764328	grp-a001-02-000000072573876	추석선물세트	nad-a001-02-000000573683835	bsn-a001-00-000000013604308	11	03	27758	P	1	0	0	4	0
20260903	4291318	cmp-a001-02-000000010764328	grp-a001-02-000000072573876	추석선물	nad-a001-02-000000573683834	bsn-a001-00-000000013604308	11	02	11068	P	1	0	0	2	0
20260903	4291318	cmp-a001-02-000000010764328	grp-a001-02-000000072573876	추석선물세트	nad-a001-02-000000573683835	bsn-a001-00-000000013604308	11	15	8753	M	2	0	0	6	0
20260903	4291318	cmp-a001-02-000000010764328	grp-a001-02-000000072573876	추석선물세트	nad-a001-02-000000573683835	bsn-a001-00-000000013604308	11	02	8753	M	1	0	0	3	0
20260903	4291318	cmp-a001-02-000000010764328	grp-a001-02-000000072573876	추석선물세트추천	nad-a001-02-000000573683835	bsn-a001-00-000000013604308	11	01	8753	M	1	0	0	4	0
20260903	4291318	cmp-a001-02-000000010764328	grp-a001-02-000000072573876	명절선물	nad-a001-02-000000573683834	bsn-a001-00-000000013604308	11	99	529514	M	3	0	0	34	0
20260903	4291318	cmp-a001-02-000000010764328	grp-a001-02-000000072573876	추석선물세트	nad-a001-02-000000573683834	bsn-a001-00-000000013604308	11	07	529514	M	3	0	0	30	0
20260903	4291318	cmp-a001-02-000000010764328	grp-a001-02-000000069047580	황성주생식	nad-a001-02-000000541753996	bsn-a001-00-000000013604308	11	08	8753	M	1	0	0	3	0
20260903	4291318	cmp-a001-02-000000010764328	grp-a001-02-000000072573876	명절선물	nad-a001-02-000000573683834	bsn-a001-00-000000013604308	11	09	529514	M	1	0	0	12	0
20260903	4291318	cmp-a001-02-000000010764328	grp-a001-02-000000072573876	추석선물세트	nad-a001-02-000000573683834	bsn-a001-00-000000013604308	11	02	529514	M	13	0	0	70	0
20260903	4291318	cmp-a001-02-000000010764328	grp-a001-02-000000072573876	추석선물세트	nad-a001-02-000000573683835	bsn-a001-00-000000013604308	11	03	529514	M	3	0	0	15	0
20260903	4291318	cmp-a001-02-000000010764328	grp-a001-02-000000072573876	특가	nad-a001-02-000000573683834	bsn-a001-00-000000013604308	11	09	11068	P	1	0	0	1	0
20260903	4291318	cmp-a001-02-000000010764328	grp-a001-02-000000072573876	추석선물세트	nad-a001-02-000000573683834	bsn-a001-00-000000013604308	11	08	27758	P	1	0	0	1	0
20260903	4291318	cmp-a001-02-000000010764328	grp-a001-02-000000072573876	추석선물세트	nad-a001-02-000000573683834	bsn-a001-00-000000013604308	11	15	8753	M	2	0	0	4	0
20260903	4291318	cmp-a001-02-000000010764328	grp-a001-02-000000072573876	GS프리미엄선물셋트	nad-a001-02-000000573683835	bsn-a001-00-000000013604308	11	99	8753	M	1	0	0	1	0
20260903	4291318	cmp-a001-02-000000010764328	grp-a001-02-000000072573876	추석선물세트	nad-a001-02-000000573683835	bsn-a001-00-000000013604308	11	16	529514	M	2	0	0	13	0
20260903	4291318	cmp-a001-02-000000010764328	grp-a001-02-000000072573876	추석선물세트	nad-a001-02-000000573683834	bsn-a001-00-000000013604308	11	04	33421	M	1	0	0	1	0
20260903	4291318	cmp-a001-02-000000010764328	grp-a001-02-000000072573876	추석선물세트	nad-a001-02-000000573683835	bsn-a001-00-000000013604308	11	13	529514	M	3	0	0	9	0
20260903	4291318	cmp-a001-02-000000010764328	grp-a001-02-000000072573876	명절선물	nad-a001-02-000000573683834	bsn-a001-00-000000013604308	11	06	529514	M	2	0	0	22	0
20260903	4291318	cmp-a001-02-000000010764328	grp-a001-02-000000072573876	추석선물세트	nad-a001-02-000000573683834	bsn-a001-00-000000013604308	11	18	684925	P	1	0	0	1	0
20260903	4291318	cmp-a001-02-000000010764328	grp-a001-02-000000072573876	명절선물	nad-a001-02-000000573683835	bsn-a001-00-000000013604308	11	99	529514	M	1	0	0	11	0
20260903	4291318	cmp-a001-02-000000010764328	grp-a001-02-000000072573876	추석선물세트	nad-a001-02-000000573683834	bsn-a001-00-000000013604308	11	13	529514	M	5	0	0	17	0
20260903	4291318	cmp-a001-02-000000010764328	grp-a001-02-000000069047580	황성주생식	nad-a001-02-000000541754004	bsn-a001-00-000000013604308	11	08	8753	M	1	0	0	2	0
20260903	4291318	cmp-a001-02-000000010764328	grp-a001-02-000000072573876	추석선물세트추천	nad-a001-02-000000573683834	bsn-a001-00-000000013604308	11	08	8753	M	1	0	0	1	0
20260903	4291318	cmp-a001-02-000000010764328	grp-a001-02-000000072573876	추석선물세트추천	nad-a001-02-000000573683835	bsn-a001-00-000000013604308	11	08	8753	M	1	0	0	3	0
20260903	4291318	cmp-a001-02-000000010764328	grp-a001-02-000000072573876	추석선물세트	nad-a001-02-000000573683835	bsn-a001-00-000000013604308	11	02	27758	P	1	0	0	2	0
20260903	4291318	cmp-a001-02-000000010764328	grp-a001-02-000000069047580	황성주생식	nad-a001-02-000000541754005	bsn-a001-00-000000013604308	11	08	8753	M	1	0	0	4	0
20260903	4291318	cmp-a001-02-000000010764328	grp-a001-02-000000072573876	추석선물세트	nad-a001-02-000000573683835	bsn-a001-00-000000013604308	11	02	11068	P	1	0	0	6	0
20260903	4291318	cmp-a001-02-000000010764328	grp-a001-02-000000069047580	황성주생식	nad-a001-02-000000541753997	bsn-a001-00-000000013604308	08	09	424040	M	1	0	0	1	0
