20260927	4291318	cmp-a001-02-000000010764328	grp-a001-02-000000069047580	다이어트단백질칩	nad-a001-02-000000553654562	bsn-a001-00-000000013604308	19	13	33421	M	1	0	0	13	0
20260927	4291318	cmp-a001-02-000000010764328	grp-a001-02-000000069047580	단백질바	nad-a001-02-000000553654554	bsn-a001-00-000000013604308	19	08	529514	M	22	0	0	34	0
20260927	4291318	cmp-a001-02-000000010764328	grp-a001-02-000000069047580	프로틴	nad-a001-02-000000553654562	bsn-a001-00-000000013604308	19	11	684927	P	1	0	0	1	0
20260927	4291318	cmp-a001-02-000000010764328	grp-a001-02-000000069047580	에너지바	nad-a001-02-000000553654559	bsn-a001-00-000000013604308	19	02	33421	M	2	0	0	12	0
20260927	4291318	cmp-a001-02-000000010764328	grp-a001-02-000000069047580	사랑이	nad-a001-02-000000553654554	bsn-a001-00-000000013604308	19	14	529514	M	4	0	0	6	0
20260927	4291318	cmp-a001-02-000000010764328	grp-a001-02-000000069047580	백수카피가루	nad-a001-02-000000541753997	bsn-a001-00-000000013604308	19	09	8753	M	1	0	0	3	0
20260927	4291318	cmp-a001-02-000000010764328	grp-a001-02-000000069047580	단백질바	nad-a001-02-000000553654558	bsn-a001-00-000000013604308	19	09	33421	M	3	0	0	6	0
20260927	4291318	cmp-a001-02-000000010764328	grp-a001-02-000000069047580	단백질바추천	nad-a001-02-000000553654554	bsn-a001-00-000000013604308	19	01	8753	M	2	0	0	4	0
20260927	4291318	cmp-a001-02-000000010764328	grp-a001-02-000000069047580	단백질쉐이크	nad-a001-02-000000553654562	bsn-a001-00-000000013604308	19	07	529514	M	2	0	0	2	0
20260927	4291318	cmp-a001-02-000000010764328	grp-a001-02-000000069047580	황성주생식	nad-a001-02-000000541753996	bsn-a001-00-000000013604308	19	02	529514	M	3	0	0	12	0
20260927	4291318	cmp-a001-02-000000010764328	grp-a001-02-000000069047580	젤리	nad-a001-02-000000541753985	bsn-a001-00-000000013604308	19	08	137281	M	1	0	0	1	0
20260927	4291318	cmp-a001-02-000000010764328	grp-a001-02-000000069047580	프로틴	nad-a001-02-000000553654562	bsn-a001-00-000000013604308	19	02	27758	P	2	0	0	4	0
20260927	4291318	cmp-a001-02-000000010764328	grp-a001-02-000000069047580	사랑	nad-a001-02-000000553654558	bsn-a001-00-000000013604308	19	03	98128	M	1	0	0	3	0
20260927	4291318	cmp-a001-02-000000010764328	grp-a001-02-000000069047580	단백질보충제	nad-a001-02-000000553654562	bsn-a001-00-000000013604308	19	11	33421	M	1	0	0	6	0
20260927	4291318	cmp-a001-02-000000010764328	grp-a001-02-000000069047580	네이버스토어	nad-a001-02-000000541753997	bsn-a001-00-000000013604308	19	07	612594	M	1	0	0	2	0
20260927	4291318	cmp-a001-02-000000010764328	grp-a001-02-000000069047580	스토어	nad-a001-02-000000541753996	bsn-a001-00-000000013604308	19	09	98128	M	5	0	0	15	0
20260927	4291318	cmp-a001-02-000000010764328	grp-a001-02-000000069047580	에너지바	nad-a001-02-000000553654554	bsn-a001-00-000000013604308	19	02	33421	M	2	0	0	2	0
20260927	4291318	cmp-a001-02-000000010764328	grp-a001-02-000000069047580	스토어	nad-a001-02-000000541754004	bsn-a001-00-000000013604308	19	99	98128	M	8	0	0	8	0
20260927	4291318	cmp-a001-02-000000010764328	grp-a001-02-000000069047580	프로틴바	nad-a001-02-000000553654558	bsn-a001-00-000000013604308	19	02	23123	P	1	0	0	2	0
20260927	4291318	cmp-a001-02-000000010764328	grp-a001-02-000000069047580	황성주생식14개	nad-a001-02-000000541754004	bsn-a001-00-000000013604308	19	09	33421	M	1	0	0	2	0
20260927	4291318	cmp-a001-02-000000010764328	grp-a001-02-000000069047580	에너지바	nad-a001-02-000000553654559	bsn-a001-00-000000013604308	19	06	33421	M	2	0	0	12	0
20260927	4291318	cmp-a001-02-000000010764328	grp-a001-02-000000069047580	스토어	nad-a001-02-000000541753997	bsn-a001-00-000000013604308	19	11	98128	M	2	0	0	4	0
20260927	4291318	cmp-a001-02-000000010764328	grp-a001-02-000000069047580	에너지바	nad-a001-02-000000553654554	bsn-a001-00-000000013604308	19	11	33421	M	1	0	0	1	0
20260927	4291318	cmp-a001-02-000000010764328	grp-a001-02-000000069047580	에너지바	nad-a001-02-000000553654554	bsn-a001-00-000000013604308	19	09	27758	P	2	0	0	2	0
20260927	4291318	cmp-a001-02-000000010764328	grp-a001-02-000000069047580	단백질파우더	nad-a001-02-000000553654562	bsn-a001-00-000000013604308	19	04	8753	M	1	0	0	4	0
20260927	4291318	cmp-a001-02-000000010764328	grp-a001-02-000000069047580	프로틴바	nad-a001-02-000000553654559	bsn-a001-00-000000013604308	19	99	529514	M	2	0	0	6	0
20260927	4291318	cmp-a001-02-000000010764328	grp-a001-02-000000069047580	단백질바	nad-a001-02-000000553654554	bsn-a001-00-000000013604308	19	09	8753	M	1	0	0	1	0
20260927	4291318	cmp-a001-02-000000010764328	grp-a001-02-000000069047580	대두단백질종류	nad-a001-02-000000553654562	bsn-a001-00-000000013604308	19	10	8753	M	2	0	0	2	0
20260927	4291318	cmp-a001-02-000000010764328	grp-a001-02-000000069047580	단백질보충제	nad-a001-02-000000553654562	bsn-a001-00-000000013604308	19	07	33421	M	1	0	0	1	0
20260927	4291318	cmp-a001-02-000000010764328	grp-a001-02-000000069047580	에너지바	nad-a001-02-000000553654559	bsn-a001-00-000000013604308	19	11	33421	M	1	0	0	6	0
20260927	4291318	cmp-a001-02-000000010764328	grp-a001-02-000000069047580	단백질간식추천	nad-a001-02-000000553654554	bsn-a001-00-000000013604308	19	02	8753	M	1	0	0	1	0
20260927	4291318	cmp-a001-02-000000010764328	grp-a001-02-000000069047580	단백질추천	nad-a001-02-000000553654562	bsn-a001-00-000000013604308	19	15	612594	M	1	0	0	2	0
20260927	4291318	cmp-a001-02-000000010764328	grp-a001-02-000000069047580	네이버스토어	nad-a001-02-000000541753996	bsn-a001-00-000000013604308	19	07	612594	M	1	0	0	6	0
20260927	4291318	cmp-a001-02-000000010764328	grp-a001-02-000000069047580	에너지바	nad-a001-02-000000553654558	bsn-a001-00-000000013604308	19	13	33421	M	1	0	0	2	0
20260927	4291318	cmp-a001-02-000000010764328	grp-a001-02-000000069047580	단백질바	nad-a001-02-000000553654554	bsn-a001-00-000000013604308	19	02	33421	M	3	0	0	3	0
20260927	4291318	cmp-a001-02-000000010764328	grp-a001-02-000000069047580	황성주생식	nad-a001-02-000000541753996	bsn-a001-00-000000013604308	19	09	529514	M	8	0	0	32	0
20260927	4291318	cmp-a001-02-000000010764328	grp-a001-02-000000069047580	단백질	nad-a001-02-000000553654562	bsn-a001-00-000000013604308	19	09	684926	M	2	0	0	12	0
20260927	4291318	cmp-a001-02-000000010764328	grp-a001-02-000000069047580	단백질쉐이크	nad-a001-02-000000553654562	bsn-a001-00-000000013604308	19	99	529514	M	43	0	0	66	0
20260927	4291318	cmp-a001-02-000000010764328	grp-a001-02-000000069047580	다이어트프로틴	nad-a001-02-000000553654562	bsn-a001-00-000000013604308	19	09	8753	M	1	0	0	5	0
20260927	4291318	cmp-a001-02-000000010764328	grp-a001-02-000000069047580	스토어	nad-a001-02-000000541753997	bsn-a001-00-000000013604308	19	06	98128	M	1	0	0	2	0
20260927	4291318	cmp-a001-02-000000010764328	grp-a001-02-000000069047580	젤리	nad-a001-02-000000541753985	bsn-a001-00-000000013604308	19	11	8753	M	1	0	0	2	0
20260927	4291318	cmp-a001-02-000000010764328	grp-a001-02-000000069047580	다이어트단백질	nad-a001-02-000000553654562	bsn-a001-00-000000013604308	19	02	529514	M	1	0	0	2	0
20260927	4291318	cmp-a001-02-000000010764328	grp-a001-02-000000069047580	스토어	nad-a001-02-000000541753996	bsn-a001-00-000000013604308	19	06	98128	M	1	0	0	3	0
20260927	4291318	cmp-a001-02-000000010764328	grp-a001-02-000000069047580	젤리	nad-a001-02-000000541753985	bsn-a001-00-000000013604308	19	11	33421	M	2	0	0	2	0
20260927	4291318	cmp-a001-02-000000010764328	grp-a001-02-000000069047580	에너지바	nad-a001-02-000000553654559	bsn-a001-00-000000013604308	19	09	529514	M	2	0	0	6	0
20260927	4291318	cmp-a001-02-000000010764328	grp-a001-02-000000069047580	스토어	nad-a001-02-000000541753996	bsn-a001-00-000000013604308	19	11	98128	M	2	0	0	6	0
20260927	4291318	cmp-a001-02-000000010764328	grp-a001-02-000000069047580	프로틴바	nad-a001-02-000000553654559	bsn-a001-00-000000013604308	19	02	768323	M	1	0	0	3	0
20260927	4291318	cmp-a001-02-000000010764328	grp-a001-02-000000069047580	황성주생식	nad-a001-02-000000541753996	bsn-a001-00-000000013604308	19	09	633013	M	8	0	0	24	0
20260927	4291318	cmp-a001-02-000000010764328	grp-a001-02-000000069047580	에너지바	nad-a001-02-000000553654554	bsn-a001-00-000000013604308	19	03	33421	M	1	0	0	1	0
20260927	4291318	cmp-a001-02-000000010764328	grp-a001-02-000000069047580	프로틴추천	nad-a001-02-000000553654562	bsn-a001-00-000000013604308	19	02	8753	M	3	0	0	9	0
20260927	4291318	cmp-a001-02-000000010764328	grp-a001-02-000000069047580	단백질바	nad-a001-02-000000553654558	bsn-a001-00-000000013604308	19	02	529514	M	15	0	0	26	0
20260927	4291318	cmp-a001-02-000000010764328	grp-a001-02-000000069047580	스토어	nad-a001-02-000000541753996	bsn-a001-00-000000013604308	19	14	98128	M	1	0	0	3	0
20260927	4291318	cmp-a001-02-000000010764328	grp-a001-02-000000069047580	단백질보충제	nad-a001-02-000000553654562	bsn-a001-00-000000013604308	19	09	529514	M	21	0	0	21	0
20260927	4291318	cmp-a001-02-000000010764328	grp-a001-02-000000069047580	단백질쉐이크	nad-a001-02-000000553654562	bsn-a001-00-000000013604308	19	02	33421	M	2	0	0	10	0
20260927	4291318	cmp-a001-02-000000010764328	grp-a001-02-000000069047580	에너지바	nad-a001-02-000000553654554	bsn-a001-00-000000013604308	19	09	791888	M	1	0	0	1	0
20260927	4291318	cmp-a001-02-000000010764328	grp-a001-02-000000069047580	단백질보충제	nad-a001-02-000000553654562	bsn-a001-00-000000013604308	19	11	529514	M	2	0	0	2	0
20260927	4291318	cmp-a001-02-000000010764328	grp-a001-02-000000069047580	단백질쉐이크	nad-a001-02-000000553654562	bsn-a001-00-000000013604308	19	13	98128	M	2	0	0	2	0
20260927	4291318	cmp-a001-02-000000010764328	grp-a001-02-000000069047580	사랑이	nad-a001-02-000000553654558	bsn-a001-00-000000013604308	19	11	529514	M	2	0	0	3	0
20260927	4291318	cmp-a001-02-000000010764328	grp-a001-02-000000069047580	박재훈프로틴시리얼	nad-a001-02-000000553654558	bsn-a001-00-000000013604308	19	09	8753	M	1	0	0	5	0
20260927	4291318	cmp-a001-02-000000010764328	grp-a001-02-000000069047580	프로틴	nad-a001-02-000000553654562	bsn-a001-00-000000013604308	19	09	8753	M	3	0	0	12	0
20260927	4291318	cmp-a001-02-000000010764328	grp-a001-02-000000069047580	단백질바	nad-a001-02-000000553654558	bsn-a001-00-000000013604308	19	11	33421	M	2	0	0	4	0
20260927	4291318	cmp-a001-02-000000010764328	grp-a001-02-000000069047580	가루	nad-a001-02-000000541754004	bsn-a001-00-000000013604308	19	99	137281	M	2	0	0	4	0
20260927	4291318	cmp-a001-02-000000010764328	grp-a001-02-000000069047580	스낵데이	nad-a001-02-000000553654554	bsn-a001-00-000000013604308	19	15	8753	M	1	0	0	1	0
20260927	4291318	cmp-a001-02-000000010764328	grp-a001-02-000000069047580	브랜드스토어	nad-a001-02-000000541753997	bsn-a001-00-000000013604308	19	01	8753	M	1	0	0	2	0
20260927	4291318	cmp-a001-02-000000010764328	grp-a001-02-000000069047580	프로틴	nad-a001-02-000000553654562	bsn-a001-00-000000013604308	19	03	768323	M	8	0	0	18	0
20260927	4291318	cmp-a001-02-000000010764328	grp-a001-02-000000069047580	쉐이크	nad-a001-02-000000553654562	bsn-a001-00-000000013604308	19	03	98128	M	1	0	0	1	0
20260927	4291318	cmp-a001-02-000000010764328	grp-a001-02-000000069047580	황성주생식	nad-a001-02-000000541754005	bsn-a001-00-000000013604308	19	09	8753	M	4	0	0	13	0
20260927	4291318	cmp-a001-02-000000010764328	grp-a001-02-000000069047580	프로틴	nad-a001-02-000000553654562	bsn-a001-00-000000013604308	19	15	8753	M	1	0	0	5	0
20260927	4291318	cmp-a001-02-000000010764328	grp-a001-02-000000069047580	단백질파우더	nad-a001-02-000000553654562	bsn-a001-00-000000013604308	19	15	8753	M	1	0	0	3	0
20260927	4291318	cmp-a001-02-000000010764328	grp-a001-02-000000069047580	스토어	nad-a001-02-000000541753997	bsn-a001-00-000000013604308	19	02	98128	M	5	0	0	10	0
20260927	4291318	cmp-a001-02-000000010764328	grp-a001-02-000000069047580	프로틴바	nad-a001-02-000000553654558	bsn-a001-00-000000013604308	19	11	8753	M	2	0	0	8	0
20260927	4291318	cmp-a001-02-000000010764328	grp-a001-02-000000069047580	식물성단백질쉐이크	nad-a001-02-000000553654562	bsn-a001-00-000000013604308	19	02	11068	P	1	0	0	10	0
20260927	4291318	cmp-a001-02-000000010764328	grp-a001-02-000000069047580	단백질쉐이크	nad-a001-02-000000553654562	bsn-a001-00-000000013604308	19	99	8753	M	1	0	0	4	0
20260927	4291318	cmp-a001-02-000000010764328	grp-a001-02-000000069047580	쉐이크	nad-a001-02-000000553654562	bsn-a001-00-000000013604308	19	03	8753	M	1	0	0	1	0
20260927	4291318	cmp-a001-02-000000010764328	grp-a001-02-000000069047580	황성주생식	nad-a001-02-000000541753997	bsn-a001-00-000000013604308	19	08	684925	P	1	0	0	1	0
20260927	4291318	cmp-a001-02-000000010764328	grp-a001-02-000000069047580	젤리	nad-a001-02-000000541753985	bsn-a001-00-000000013604308	19	02	98128	M	1	0	0	1	0
20260927	4291318	cmp-a001-02-000000010764328	grp-a001-02-000000069047580	젤리	nad-a001-02-000000541753985	bsn-a001-00-000000013604308	19	99	768323	M	4	0	0	4	0
20260927	4291318	cmp-a001-02-000000010764328	grp-a001-02-000000069047580	단백질쉐이크	nad-a001-02-000000553654562	bsn-a001-00-000000013604308	19	09	684926	M	1	0	0	16	0
20260927	4291318	cmp-a001-02-000000010764328	grp-a001-02-000000069047580	단백질보충제	nad-a001-02-000000553654562	bsn-a001-00-000000013604308	19	10	791888	M	2	0	0	2	0
20260927	4291318	cmp-a001-02-000000010764328	grp-a001-02-000000069047580	쉐이크	nad-a001-02-000000553654562	bsn-a001-00-000000013604308	19	10	98128	M	1	0	0	1	0
20260927	4291318	cmp-a001-02-000000010764328	grp-a001-02-000000069047580	황성주생식	nad-a001-02-000000541753997	bsn-a001-00-000000013604308	19	08	8753	M	3	0	0	3	0
20260927	4291318	cmp-a001-02-000000010764328	grp-a001-02-000000069047580	단백질보충제	nad-a001-02-000000553654562	bsn-a001-00-000000013604308	19	02	529514	M	4	0	0	4	0
20260927	4291318	cmp-a001-02-000000010764328	grp-a001-02-000000069047580	프로틴단백질	nad-a001-02-000000553654562	bsn-a001-00-000000013604308	19	18	8753	M	2	0	0	10	0
20260927	4291318	cmp-a001-02-000000010764328	grp-a001-02-000000069047580	식물성단백질	nad-a001-02-000000553654562	bsn-a001-00-000000013604308	19	09	8753	M	1	0	0	4	0
20260927	4291318	cmp-a001-02-000000010764328	grp-a001-02-000000069047580	프로틴	nad-a001-02-000000553654562	bsn-a001-00-000000013604308	19	08	529514	M	9	0	0	9	0
20260927	4291318	cmp-a001-02-000000010764328	grp-a001-02-000000069047580	황성주생식14개	nad-a001-02-000000541753996	bsn-a001-00-000000013604308	19	09	33421	M	1	0	0	4	0
20260927	4291318	cmp-a001-02-000000010764328	grp-a001-02-000000069047580	단백질보충제	nad-a001-02-000000553654562	bsn-a001-00-000000013604308	19	11	8753	M	4	0	0	16	0
20260927	4291318	cmp-a001-02-000000010764328	grp-a001-02-000000069047580	균형영양식	nad-a001-02-000000541753965	bsn-a001-00-000000013604308	19	02	23123	P	1	0	0	4	0
20260927	4291318	cmp-a001-02-000000010764328	grp-a001-02-000000069047580	황성주생식	nad-a001-02-000000541754005	bsn-a001-00-000000013604308	19	09	529514	M	8	0	0	24	0
20260927	4291318	cmp-a001-02-000000010764328	grp-a001-02-000000069047580	단백질보충제	nad-a001-02-000000553654562	bsn-a001-00-000000013604308	19	08	87620	M	1	0	0	1	0
20260927	4291318	cmp-a001-02-000000010764328	grp-a001-02-000000069047580	프로틴바	nad-a001-02-000000553654559	bsn-a001-00-000000013604308	19	09	529514	M	2	0	0	6	0
20260927	4291318	cmp-a001-02-000000010764328	grp-a001-02-000000069047580	황성주생식	nad-a001-02-000000541753988	bsn-a001-00-000000013604308	19	08	33421	M	2	0	0	10	0
20260927	4291318	cmp-a001-02-000000010764328	grp-a001-02-000000069047580	단백질보충제	nad-a001-02-000000553654562	bsn-a001-00-000000013604308	19	03	684926	M	4	0	0	36	0
20260927	4291318	cmp-a001-02-000000010764328	grp-a001-02-000000069047580	식물성단백질쉐이크	nad-a001-02-000000553654562	bsn-a001-00-000000013604308	19	02	684927	P	2	0	0	22	0
20260927	4291318	cmp-a001-02-000000010764328	grp-a001-02-000000069047580	균형영양식	nad-a001-02-000000541753965	bsn-a001-00-000000013604308	19	04	529514	M	3	0	0	7	0
20260927	4291318	cmp-a001-02-000000010764328	grp-a001-02-000000069047580	프로틴	nad-a001-02-000000553654562	bsn-a001-00-000000013604308	19	09	248824	P	1	0	0	1	0
20260927	4291318	cmp-a001-02-000000010764328	grp-a001-02-000000069047580	스토어	nad-a001-02-000000541753997	bsn-a001-00-000000013604308	19	99	98128	M	5	0	0	10	0
20260927	4291318	cmp-a001-02-000000010764328	grp-a001-02-000000069047580	퀘스트프로틴바보관방법	nad-a001-02-000000553654558	bsn-a001-00-000000013604308	19	02	8753	M	1	0	0	4	0
20260927	4291318	cmp-a001-02-000000010764328	grp-a001-02-000000069047580	식물성단백질파우더	nad-a001-02-000000553654562	bsn-a001-00-000000013604308	19	00	8753	M	1	0	0	3	0
20260927	4291318	cmp-a001-02-000000010764328	grp-a001-02-000000069047580	황성주박사의암환자용동결곡물가루	nad-a001-02-000000541754005	bsn-a001-00-000000013604308	19	01	8753	M	1	0	0	4	0
20260927	4291318	cmp-a001-02-000000010764328	grp-a001-02-000000069047580	프로틴바	nad-a001-02-000000553654554	bsn-a001-00-000000013604308	19	11	8753	M	3	0	0	4	0
20260927	4291318	cmp-a001-02-000000010764328	grp-a001-02-000000069047580	에너지바	nad-a001-02-000000553654558	bsn-a001-00-000000013604308	19	18	8753	M	1	0	0	3	0
20260927	4291318	cmp-a001-02-000000010764328	grp-a001-02-000000069047580	황성주생식	nad-a001-02-000000541753996	bsn-a001-00-000000013604308	19	09	8753	M	4	0	0	15	0
20260927	4291318	cmp-a001-02-000000010764328	grp-a001-02-000000069047580	단백질쉐이크	nad-a001-02-000000553654562	bsn-a001-00-000000013604308	19	15	8753	M	1	0	0	6	0
20260927	4291318	cmp-a001-02-000000010764328	grp-a001-02-000000069047580	가루	nad-a001-02-000000541753996	bsn-a001-00-000000013604308	19	08	98128	M	1	0	0	4	0
20260927	4291318	cmp-a001-02-000000010764328	grp-a001-02-000000069047580	단백질쉐이크	nad-a001-02-000000553654562	bsn-a001-00-000000013604308	19	17	684927	P	2	0	0	10	0
20260927	4291318	cmp-a001-02-000000010764328	grp-a001-02-000000069047580	사랑님	nad-a001-02-000000553654558	bsn-a001-00-000000013604308	19	02	529514	M	4	0	0	6	0
20260927	4291318	cmp-a001-02-000000010764328	grp-a001-02-000000069047580	프로틴바	nad-a001-02-000000553654554	bsn-a001-00-000000013604308	19	11	33421	M	2	0	0	2	0
20260927	4291318	cmp-a001-02-000000010764328	grp-a001-02-000000069047580	칼로리바	nad-a001-02-000000553654559	bsn-a001-00-000000013604308	19	01	8753	M	2	0	0	6	0
20260927	4291318	cmp-a001-02-000000010764328	grp-a001-02-000000069047580	스토어	nad-a001-02-000000541753996	bsn-a001-00-000000013604308	19	17	98128	M	1	0	0	3	0
20260927	4291318	cmp-a001-02-000000010764328	grp-a001-02-000000069047580	성인의하루단백질섭취량	nad-a001-02-000000553654562	bsn-a001-00-000000013604308	19	06	612594	M	1	0	0	2	0
20260927	4291318	cmp-a001-02-000000010764328	grp-a001-02-000000069047580	에너지바	nad-a001-02-000000553654558	bsn-a001-00-000000013604308	19	99	33421	M	1	0	0	2	0
20260927	4291318	cmp-a001-02-000000010764328	grp-a001-02-000000069047580	단백질보충제	nad-a001-02-000000553654562	bsn-a001-00-000000013604308	19	08	27758	P	1	0	0	3	0
20260927	4291318	cmp-a001-02-000000010764328	grp-a001-02-000000069047580	에너지바	nad-a001-02-000000553654554	bsn-a001-00-000000013604308	19	09	529514	M	2	0	0	3	0
20260927	4291318	cmp-a001-02-000000010764328	grp-a001-02-000000069047580	에너지바	nad-a001-02-000000553654559	bsn-a001-00-000000013604308	19	00	27758	P	2	0	0	8	0
20260927	4291318	cmp-a001-02-000000010764328	grp-a001-02-000000069047580	프로틴바	nad-a001-02-000000553654559	bsn-a001-00-000000013604308	19	02	529514	M	3	0	0	18	0
20260927	4291318	cmp-a001-02-000000010764328	grp-a001-02-000000069047580	단백질보충제추천	nad-a001-02-000000553654562	bsn-a001-00-000000013604308	19	01	8753	M	2	0	0	8	0
20260927	4291318	cmp-a001-02-000000010764328	grp-a001-02-000000069047580	쉐이크	nad-a001-02-000000553654562	bsn-a001-00-000000013604308	19	02	8753	M	1	0	0	4	0
20260927	4291318	cmp-a001-02-000000010764328	grp-a001-02-000000069047580	단백질파우더	nad-a001-02-000000553654562	bsn-a001-00-000000013604308	19	08	8753	M	1	0	0	4	0
20260927	4291318	cmp-a001-02-000000010764328	grp-a001-02-000000069047580	황성주생식	nad-a001-02-000000541753997	bsn-a001-00-000000013604308	19	02	8753	M	1	0	0	1	0
20260927	4291318	cmp-a001-02-000000010764328	grp-a001-02-000000069047580	똘킹프로틴바	nad-a001-02-000000553654554	bsn-a001-00-000000013604308	19	09	8753	M	1	0	0	2	0
20260927	4291318	cmp-a001-02-000000010764328	grp-a001-02-000000069047580	프로틴	nad-a001-02-000000553654562	bsn-a001-00-000000013604308	19	02	8753	M	6	0	0	26	0
20260927	4291318	cmp-a001-02-000000010764328	grp-a001-02-000000069047580	단백질파우더	nad-a001-02-000000553654562	bsn-a001-00-000000013604308	19	99	529514	M	1	0	0	1	0
20260927	4291318	cmp-a001-02-000000010764328	grp-a001-02-000000069047580	단백질	nad-a001-02-000000553654562	bsn-a001-00-000000013604308	19	08	8753	M	2	0	0	9	0
20260927	4291318	cmp-a001-02-000000010764328	grp-a001-02-000000069047580	프로틴	nad-a001-02-000000553654562	bsn-a001-00-000000013604308	19	06	529514	M	21	0	0	21	0
20260927	4291318	cmp-a001-02-000000010764328	grp-a001-02-000000069047580	단백질바	nad-a001-02-000000553654558	bsn-a001-00-000000013604308	19	10	33421	M	1	0	0	2	0
20260927	4291318	cmp-a001-02-000000010764328	grp-a001-02-000000069047580	에너지바	nad-a001-02-000000553654559	bsn-a001-00-000000013604308	19	02	529514	M	12	0	0	36	0
20260927	4291318	cmp-a001-02-000000010764328	grp-a001-02-000000069047580	단백질쉐이크	nad-a001-02-000000553654562	bsn-a001-00-000000013604308	19	08	529514	M	23	0	0	29	0
20260927	4291318	cmp-a001-02-000000010764328	grp-a001-02-000000069047580	프로틴파우더	nad-a001-02-000000553654562	bsn-a001-00-000000013604308	19	10	8753	M	1	0	0	7	0
20260927	4291318	cmp-a001-02-000000010764328	grp-a001-02-000000069047580	칼로리바	nad-a001-02-000000553654554	bsn-a001-00-000000013604308	19	01	684924	M	1	0	0	1	0
20260927	4291318	cmp-a001-02-000000010764328	grp-a001-02-000000069047580	단백질쉐이크	nad-a001-02-000000553654562	bsn-a001-00-000000013604308	19	02	684927	P	1	0	0	18	0
20260927	4291318	cmp-a001-02-000000010764328	grp-a001-02-000000069047580	다이어트쉐이크	nad-a001-02-000000553654562	bsn-a001-00-000000013604308	19	09	768323	M	3	0	0	6	0
20260927	4291318	cmp-a001-02-000000010764328	grp-a001-02-000000069047580	프로틴	nad-a001-02-000000553654562	bsn-a001-00-000000013604308	19	11	33421	M	2	0	0	12	0
20260927	4291318	cmp-a001-02-000000010764328	grp-a001-02-000000069047580	젤리	nad-a001-02-000000541753985	bsn-a001-00-000000013604308	19	09	768323	M	10	0	0	10	0
20260927	4291318	cmp-a001-02-000000010764328	grp-a001-02-000000069047580	사랑이	nad-a001-02-000000553654554	bsn-a001-00-000000013604308	19	09	529514	M	1	0	0	2	0
20260927	4291318	cmp-a001-02-000000010764328	grp-a001-02-000000069047580	가루	nad-a001-02-000000541753997	bsn-a001-00-000000013604308	19	01	8753	M	1	0	0	1	0
20260927	4291318	cmp-a001-02-000000010764328	grp-a001-02-000000069047580	만수산남사면석가루	nad-a001-02-000000541754004	bsn-a001-00-000000013604308	19	16	8753	M	1	0	0	2	0
20260927	4291318	cmp-a001-02-000000010764328	grp-a001-02-000000069047580	단백질바	nad-a001-02-000000553654559	bsn-a001-00-000000013604308	19	09	529514	M	4	0	0	12	0
20260927	4291318	cmp-a001-02-000000010764328	grp-a001-02-000000069047580	프로틴	nad-a001-02-000000553654562	bsn-a001-00-000000013604308	19	02	768323	M	32	0	0	75	0
20260927	4291318	cmp-a001-02-000000010764328	grp-a001-02-000000069047580	사랑	nad-a001-02-000000553654558	bsn-a001-00-000000013604308	19	02	98128	M	4	0	0	12	0
20260927	4291318	cmp-a001-02-000000010764328	grp-a001-02-000000069047580	스토어	nad-a001-02-000000541753997	bsn-a001-00-000000013604308	19	17	98128	M	1	0	0	2	0
20260927	4291318	cmp-a001-02-000000010764328	grp-a001-02-000000069047580	제리	nad-a001-02-000000541753985	bsn-a001-00-000000013604308	19	02	98128	M	1	0	0	1	0
20260927	4291318	cmp-a001-02-000000010764328	grp-a001-02-000000069047580	식사대용쉐이크	nad-a001-02-000000553654562	bsn-a001-00-000000013604308	19	09	11068	P	1	0	0	10	0
20260927	4291318	cmp-a001-02-000000010764328	grp-a001-02-000000069047580	황성주생식	nad-a001-02-000000541754004	bsn-a001-00-000000013604308	19	09	633013	M	8	0	0	16	0
20260927	4291318	cmp-a001-02-000000010764328	grp-a001-02-000000069047580	사랑님	nad-a001-02-000000553654554	bsn-a001-00-000000013604308	19	02	529514	M	4	0	0	6	0
20260927	4291318	cmp-a001-02-000000010764328	grp-a001-02-000000069047580	단백질쉐이크	nad-a001-02-000000553654562	bsn-a001-00-000000013604308	19	16	8753	M	1	0	0	10	0
20260927	4291318	cmp-a001-02-000000010764328	grp-a001-02-000000069047580	제리	nad-a001-02-000000541753985	bsn-a001-00-000000013604308	19	09	8753	M	2	0	0	9	0
20260927	4291318	cmp-a001-02-000000010764328	grp-a001-02-000000069047580	단백질보충제	nad-a001-02-000000553654562	bsn-a001-00-000000013604308	19	03	87620	M	1	0	0	1	0
20260927	4291318	cmp-a001-02-000000010764328	grp-a001-02-000000069047580	특실간식2개	nad-a001-02-000000553654559	bsn-a001-00-000000013604308	19	13	8753	M	1	0	0	4	0
20260927	4291318	cmp-a001-02-000000010764328	grp-a001-02-000000069047580	프로틴	nad-a001-02-000000553654562	bsn-a001-00-000000013604308	19	07	768323	M	3	0	0	9	0
20260927	4291318	cmp-a001-02-000000010764328	grp-a001-02-000000069047580	식물성단백질추천	nad-a001-02-000000553654562	bsn-a001-00-000000013604308	19	99	8753	M	1	0	0	6	0
20260927	4291318	cmp-a001-02-000000010764328	grp-a001-02-000000069047580	네이버스토어	nad-a001-02-000000541753997	bsn-a001-00-000000013604308	19	02	612594	M	1	0	0	2	0
20260927	4291318	cmp-a001-02-000000010764328	grp-a001-02-000000069047580	에너지바	nad-a001-02-000000553654559	bsn-a001-00-000000013604308	19	15	33421	M	1	0	0	6	0
20260927	4291318	cmp-a001-02-000000010764328	grp-a001-02-000000069047580	단백질쉐이크다이어트	nad-a001-02-000000553654562	bsn-a001-00-000000013604308	19	02	8753	M	1	0	0	5	0
20260927	4291318	cmp-a001-02-000000010764328	grp-a001-02-000000069047580	스토어	nad-a001-02-000000541753997	bsn-a001-00-000000013604308	19	08	98128	M	6	0	0	12	0
20260927	4291318	cmp-a001-02-000000010764328	grp-a001-02-000000069047580	황성주생식	nad-a001-02-000000541753988	bsn-a001-00-000000013604308	19	09	8753	M	1	0	0	5	0
20260927	4291318	cmp-a001-02-000000010764328	grp-a001-02-000000069047580	프로틴	nad-a001-02-000000553654562	bsn-a001-00-000000013604308	19	02	137281	M	4	0	0	4	0
20260927	4291318	cmp-a001-02-000000010764328	grp-a001-02-000000069047580	단백질파우더	nad-a001-02-000000553654562	bsn-a001-00-000000013604308	19	07	684927	P	2	0	0	14	0
20260927	4291318	cmp-a001-02-000000010764328	grp-a001-02-000000069047580	칼로리바	nad-a001-02-000000553654554	bsn-a001-00-000000013604308	19	15	529514	M	6	0	0	7	0
20260927	4291318	cmp-a001-02-000000010764328	grp-a001-02-000000069047580	스토어	nad-a001-02-000000541753997	bsn-a001-00-000000013604308	19	15	98128	M	5	0	0	10	0
20260927	4291318	cmp-a001-02-000000010764328	grp-a001-02-000000069047580	에너지바	nad-a001-02-000000553654558	bsn-a001-00-000000013604308	19	09	27758	P	2	0	0	4	0
20260927	4291318	cmp-a001-02-000000010764328	grp-a001-02-000000069047580	단백질바	nad-a001-02-000000553654559	bsn-a001-00-000000013604308	19	09	33421	M	1	0	0	13	0
20260927	4291318	cmp-a001-02-000000010764328	grp-a001-02-000000069047580	프로틴단백질	nad-a001-02-000000553654562	bsn-a001-00-000000013604308	19	03	8753	M	1	0	0	5	0
20260927	4291318	cmp-a001-02-000000010764328	grp-a001-02-000000069047580	다이어트쉐이크	nad-a001-02-000000553654562	bsn-a001-00-000000013604308	19	18	768323	M	1	0	0	2	0
20260927	4291318	cmp-a001-02-000000010764328	grp-a001-02-000000069047580	프로틴바	nad-a001-02-000000553654554	bsn-a001-00-000000013604308	19	02	768323	M	1	0	0	1	0
20260927	4291318	cmp-a001-02-000000010764328	grp-a001-02-000000069047580	에너지바	nad-a001-02-000000553654554	bsn-a001-00-000000013604308	19	09	33421	M	3	0	0	3	0
20260927	4291318	cmp-a001-02-000000010764328	grp-a001-02-000000069047580	황성주생식14개	nad-a001-02-000000541753996	bsn-a001-00-000000013604308	19	09	8753	M	1	0	0	4	0
20260927	4291318	cmp-a001-02-000000010764328	grp-a001-02-000000069047580	프로틴	nad-a001-02-000000553654562	bsn-a001-00-000000013604308	19	13	768323	M	1	0	0	2	0
20260927	4291318	cmp-a001-02-000000010764328	grp-a001-02-000000069047580	프로틴	nad-a001-02-000000553654562	bsn-a001-00-000000013604308	19	02	529514	M	71	0	0	71	0
20260927	4291318	cmp-a001-02-000000010764328	grp-a001-02-000000069047580	스토어	nad-a001-02-000000541753996	bsn-a001-00-000000013604308	19	07	98128	M	1	0	0	3	0
20260927	4291318	cmp-a001-02-000000010764328	grp-a001-02-000000069047580	단백질	nad-a001-02-000000553654562	bsn-a001-00-000000013604308	19	09	98128	M	2	0	0	2	0
20260927	4291318	cmp-a001-02-000000010764328	grp-a001-02-000000069047580	스토어	nad-a001-02-000000541754004	bsn-a001-00-000000013604308	19	16	98128	M	1	0	0	1	0
20260927	4291318	cmp-a001-02-000000010764328	grp-a001-02-000000069047580	탄수화물바	nad-a001-02-000000553654558	bsn-a001-00-000000013604308	19	07	8753	M	1	0	0	4	0
20260927	4291318	cmp-a001-02-000000010764328	grp-a001-02-000000069047580	식물성단백질	nad-a001-02-000000553654562	bsn-a001-00-000000013604308	19	09	341898	M	1	0	0	1	0
20260927	4291318	cmp-a001-02-000000010764328	grp-a001-02-000000069047580	식물성단백질동물성차이	nad-a001-02-000000553654562	bsn-a001-00-000000013604308	19	15	8753	M	1	0	0	3	0
20260927	4291318	cmp-a001-02-000000010764328	grp-a001-02-000000069047580	단백질쉐이크	nad-a001-02-000000553654562	bsn-a001-00-000000013604308	19	04	8753	M	1	0	0	4	0
20260927	4291318	cmp-a001-02-000000010764328	grp-a001-02-000000069047580	사랑은	nad-a001-02-000000553654554	bsn-a001-00-000000013604308	19	09	98128	M	3	0	0	6	0
20260927	4291318	cmp-a001-02-000000010764328	grp-a001-02-000000069047580	단백질보충제	nad-a001-02-000000553654562	bsn-a001-00-000000013604308	19	99	529514	M	6	0	0	6	0
20260927	4291318	cmp-a001-02-000000010764328	grp-a001-02-000000069047580	에너지바	nad-a001-02-000000553654554	bsn-a001-00-000000013604308	19	00	27758	P	2	0	0	2	0
20260927	4291318	cmp-a001-02-000000010764328	grp-a001-02-000000069047580	단백질풍부한간식	nad-a001-02-000000553654554	bsn-a001-00-000000013604308	19	02	8753	M	1	0	0	2	0
20260927	4291318	cmp-a001-02-000000010764328	grp-a001-02-000000069047580	프로틴바	nad-a001-02-000000553654554	bsn-a001-00-000000013604308	19	02	27758	P	2	0	0	2	0
20260927	4291318	cmp-a001-02-000000010764328	grp-a001-02-000000069047580	균형영양식	nad-a001-02-000000541753965	bsn-a001-00-000000013604308	19	99	529514	M	2	0	0	5	0
20260927	4291318	cmp-a001-02-000000010764328	grp-a001-02-000000069047580	사랑님	nad-a001-02-000000553654554	bsn-a001-00-000000013604308	19	03	529514	M	2	0	0	3	0
20260927	4291318	cmp-a001-02-000000010764328	grp-a001-02-000000069047580	젤리	nad-a001-02-000000541753985	bsn-a001-00-000000013604308	19	04	98128	M	4	0	0	4	0
20260927	4291318	cmp-a001-02-000000010764328	grp-a001-02-000000069047580	황성주생식14개	nad-a001-02-000000541754005	bsn-a001-00-000000013604308	19	09	33421	M	1	0	0	3	0
20260927	4291318	cmp-a001-02-000000010764328	grp-a001-02-000000069047580	단백질	nad-a001-02-000000553654562	bsn-a001-00-000000013604308	19	11	8753	M	1	0	0	1	0
20260927	4291318	cmp-a001-02-000000010764328	grp-a001-02-000000069047580	식물성단백질쉐이크	nad-a001-02-000000553654562	bsn-a001-00-000000013604308	19	03	8753	M	1	0	0	4	0
20260927	4291318	cmp-a001-02-000000010764328	grp-a001-02-000000069047580	황성주생식	nad-a001-02-000000541753997	bsn-a001-00-000000013604308	19	04	684926	M	1	1	5689	3	0
20260927	4291318	cmp-a001-02-000000010764328	grp-a001-02-000000069047580	스낵데이	nad-a001-02-000000553654558	bsn-a001-00-000000013604308	19	15	8753	M	1	0	0	2	0
20260927	4291318	cmp-a001-02-000000010764328	grp-a001-02-000000069047580	가루	nad-a001-02-000000541753988	bsn-a001-00-000000013604308	19	08	98128	M	1	0	0	6	0
20260927	4291318	cmp-a001-02-000000010764328	grp-a001-02-000000069047580	프로틴	nad-a001-02-000000553654562	bsn-a001-00-000000013604308	19	07	529514	M	3	0	0	3	0
20260927	4291318	cmp-a001-02-000000010764328	grp-a001-02-000000069047580	젤리	nad-a001-02-000000541753985	bsn-a001-00-000000013604308	19	18	137281	M	3	0	0	3	0
20260927	4291318	cmp-a001-02-000000010764328	grp-a001-02-000000069047580	황성주생식라이프밀	nad-a001-02-000000541753997	bsn-a001-00-000000013604308	19	02	684926	M	1	0	0	1	0
20260927	4291318	cmp-a001-02-000000010764328	grp-a001-02-000000069047580	다이어트쉐이크	nad-a001-02-000000553654562	bsn-a001-00-000000013604308	19	03	684926	M	2	0	0	16	0
20260927	4291318	cmp-a001-02-000000010764328	grp-a001-02-000000069047580	사랑	nad-a001-02-000000553654554	bsn-a001-00-000000013604308	19	14	98128	M	4	0	0	8	0
20260927	4291318	cmp-a001-02-000000010764328	grp-a001-02-000000069047580	사랑	nad-a001-02-000000553654554	bsn-a001-00-000000013604308	19	08	98128	M	5	0	0	10	0
20260927	4291318	cmp-a001-02-000000010764328	grp-a001-02-000000069047580	단백질바	nad-a001-02-000000553654554	bsn-a001-00-000000013604308	19	03	8753	M	2	0	0	4	0
20260927	4291318	cmp-a001-02-000000010764328	grp-a001-02-000000069047580	단백질	nad-a001-02-000000553654562	bsn-a001-00-000000013604308	19	10	529514	M	19	0	0	19	0
20260927	4291318	cmp-a001-02-000000010764328	grp-a001-02-000000069047580	황성주박사의암환자용동결곡물가루	nad-a001-02-000000541753996	bsn-a001-00-000000013604308	19	01	8753	M	1	0	0	3	0
20260927	4291318	cmp-a001-02-000000010764328	grp-a001-02-000000069047580	황성주생식	nad-a001-02-000000541753988	bsn-a001-00-000000013604308	19	09	633013	M	8	0	0	40	0
20260927	4291318	cmp-a001-02-000000010764328	grp-a001-02-000000069047580	식물성단백질	nad-a001-02-000000553654562	bsn-a001-00-000000013604308	19	00	8753	M	1	0	0	2	0
20260927	4291318	cmp-a001-02-000000010764328	grp-a001-02-000000069047580	단백질파우더	nad-a001-02-000000553654562	bsn-a001-00-000000013604308	19	02	529514	M	6	0	0	6	0
20260927	4291318	cmp-a001-02-000000010764328	grp-a001-02-000000069047580	단백질바	nad-a001-02-000000553654558	bsn-a001-00-000000013604308	19	09	529514	M	4	0	0	6	0
20260927	4291318	cmp-a001-02-000000010764328	grp-a001-02-000000069047580	단백질쉐이크냉장보관	nad-a001-02-000000553654562	bsn-a001-00-000000013604308	19	02	8753	M	1	0	0	3	0
20260927	4291318	cmp-a001-02-000000010764328	grp-a001-02-000000069047580	프로틴바	nad-a001-02-000000553654554	bsn-a001-00-000000013604308	19	03	8753	M	1	0	0	2	0
20260927	4291318	cmp-a001-02-000000010764328	grp-a001-02-000000069047580	표고버섯가루보관방법	nad-a001-02-000000541753996	bsn-a001-00-000000013604308	19	02	8753	M	1	0	0	4	0
20260927	4291318	cmp-a001-02-000000010764328	grp-a001-02-000000069047580	제리	nad-a001-02-000000541753985	bsn-a001-00-000000013604308	19	18	98128	M	3	0	0	3	0
20260927	4291318	cmp-a001-02-000000010764328	grp-a001-02-000000069047580	가루	nad-a001-02-000000541753997	bsn-a001-00-000000013604308	19	15	137281	M	1	0	0	1	0
20260927	4291318	cmp-a001-02-000000010764328	grp-a001-02-000000069047580	단백질보충제	nad-a001-02-000000553654562	bsn-a001-00-000000013604308	19	06	791889	P	1	0	0	1	0
20260927	4291318	cmp-a001-02-000000010764328	grp-a001-02-000000069047580	프로틴쉐이크	nad-a001-02-000000553654562	bsn-a001-00-000000013604308	19	02	529514	M	2	0	0	2	0
20260927	4291318	cmp-a001-02-000000010764328	grp-a001-02-000000069047580	단백질바	nad-a001-02-000000553654554	bsn-a001-00-000000013604308	19	04	8753	M	1	0	0	1	0
20260927	4291318	cmp-a001-02-000000010764328	grp-a001-02-000000069047580	다이어트쉐이크	nad-a001-02-000000553654562	bsn-a001-00-000000013604308	19	99	768323	M	2	0	0	4	0
20260927	4291318	cmp-a001-02-000000010764328	grp-a001-02-000000069047580	황성주생식	nad-a001-02-000000541753996	bsn-a001-00-000000013604308	19	02	8753	M	1	0	0	4	0
20260927	4291318	cmp-a001-02-000000010764328	grp-a001-02-000000069047580	젤리	nad-a001-02-000000541753985	bsn-a001-00-000000013604308	19	01	8753	M	1	0	0	4	0
20260927	4291318	cmp-a001-02-000000010764328	grp-a001-02-000000069047580	단백질	nad-a001-02-000000553654562	bsn-a001-00-000000013604308	19	09	768323	M	1	0	0	1	0
20260927	4291318	cmp-a001-02-000000010764328	grp-a001-02-000000069047580	젤리	nad-a001-02-000000541753985	bsn-a001-00-000000013604308	19	02	27758	P	1	0	0	3	0
20260927	4291318	cmp-a001-02-000000010764328	grp-a001-02-000000069047580	사랑스러워서	nad-a001-02-000000553654554	bsn-a001-00-000000013604308	19	00	805759	P	1	0	0	16	0
20260927	4291318	cmp-a001-02-000000010764328	grp-a001-02-000000069047580	프로틴바	nad-a001-02-000000553654558	bsn-a001-00-000000013604308	19	10	8753	M	1	0	0	8	0
20260927	4291318	cmp-a001-02-000000010764328	grp-a001-02-000000069047580	에너지바	nad-a001-02-000000553654558	bsn-a001-00-000000013604308	19	00	27758	P	2	0	0	4	0
20260927	4291318	cmp-a001-02-000000010764328	grp-a001-02-000000069047580	단백질쉐이크	nad-a001-02-000000553654562	bsn-a001-00-000000013604308	19	03	529514	M	5	0	0	10	0
20260927	4291318	cmp-a001-02-000000010764328	grp-a001-02-000000069047580	프로틴	nad-a001-02-000000553654562	bsn-a001-00-000000013604308	19	10	768323	M	1	0	0	3	0
20260927	4291318	cmp-a001-02-000000010764328	grp-a001-02-000000069047580	균형영양식	nad-a001-02-000000541753965	bsn-a001-00-000000013604308	19	02	529514	M	4	0	0	10	0
20260927	4291318	cmp-a001-02-000000010764328	grp-a001-02-000000069047580	단백질쉐이크	nad-a001-02-000000553654562	bsn-a001-00-000000013604308	19	08	684925	P	1	0	0	1	0
20260927	4291318	cmp-a001-02-000000010764328	grp-a001-02-000000069047580	단백질바	nad-a001-02-000000553654554	bsn-a001-00-000000013604308	19	02	27758	P	1	0	0	3	0
20260927	4291318	cmp-a001-02-000000010764328	grp-a001-02-000000069047580	프로틴	nad-a001-02-000000553654562	bsn-a001-00-000000013604308	19	10	529514	M	14	0	0	14	0
20260927	4291318	cmp-a001-02-000000010764328	grp-a001-02-000000069047580	단백질	nad-a001-02-000000553654562	bsn-a001-00-000000013604308	19	99	529514	M	16	0	0	16	0
20260927	4291318	cmp-a001-02-000000010764328	grp-a001-02-000000069047580	프로틴바	nad-a001-02-000000553654554	bsn-a001-00-000000013604308	19	02	529514	M	3	0	0	3	0
20260927	4291318	cmp-a001-02-000000010764328	grp-a001-02-000000069047580	칼로리바	nad-a001-02-000000553654554	bsn-a001-00-000000013604308	19	07	8753	M	1	0	0	1	0
20260927	4291318	cmp-a001-02-000000010764328	grp-a001-02-000000069047580	단백질쉐이크	nad-a001-02-000000553654562	bsn-a001-00-000000013604308	19	13	8753	M	2	0	0	7	0
20260927	4291318	cmp-a001-02-000000010764328	grp-a001-02-000000069047580	탄수화물바	nad-a001-02-000000553654554	bsn-a001-00-000000013604308	19	07	8753	M	1	0	0	1	0
20260927	4291318	cmp-a001-02-000000010764328	grp-a001-02-000000069047580	네이버스토어	nad-a001-02-000000541753997	bsn-a001-00-000000013604308	19	99	612594	M	1	0	0	2	0
20260927	4291318	cmp-a001-02-000000010764328	grp-a001-02-000000069047580	사랑	nad-a001-02-000000553654554	bsn-a001-00-000000013604308	19	02	98128	M	4	0	0	8	0
20260927	4291318	cmp-a001-02-000000010764328	grp-a001-02-000000069047580	황성주생식	nad-a001-02-000000541754004	bsn-a001-00-000000013604308	19	03	8753	M	1	0	0	2	0
20260927	4291318	cmp-a001-02-000000010764328	grp-a001-02-000000069047580	프로틴	nad-a001-02-000000553654562	bsn-a001-00-000000013604308	19	16	8753	M	2	0	0	11	0
20260927	4291318	cmp-a001-02-000000010764328	grp-a001-02-000000069047580	황성주생식라이프밀	nad-a001-02-000000541753988	bsn-a001-00-000000013604308	19	02	684926	M	1	0	0	7	0
20260927	4291318	cmp-a001-02-000000010764328	grp-a001-02-000000069047580	단백질쉐이크	nad-a001-02-000000553654562	bsn-a001-00-000000013604308	19	08	27758	P	1	0	0	4	0
20260927	4291318	cmp-a001-02-000000010764328	grp-a001-02-000000069047580	단백질	nad-a001-02-000000553654562	bsn-a001-00-000000013604308	19	13	137281	M	11	0	0	11	0
20260927	4291318	cmp-a001-02-000000010764328	grp-a001-02-000000069047580	에너지바	nad-a001-02-000000553654554	bsn-a001-00-000000013604308	19	13	33421	M	1	0	0	1	0
20260927	4291318	cmp-a001-02-000000010764328	grp-a001-02-000000069047580	사랑이	nad-a001-02-000000553654554	bsn-a001-00-000000013604308	19	02	529514	M	2	0	0	3	0
20260927	4291318	cmp-a001-02-000000010764328	grp-a001-02-000000069047580	프로틴바	nad-a001-02-000000553654559	bsn-a001-00-000000013604308	19	17	768323	M	1	0	0	6	0
20260927	4291318	cmp-a001-02-000000010764328	grp-a001-02-000000069047580	단백질바	nad-a001-02-000000553654554	bsn-a001-00-000000013604308	19	02	529514	M	15	0	0	19	0
20260927	4291318	cmp-a001-02-000000010764328	grp-a001-02-000000069047580	프로틴바	nad-a001-02-000000553654559	bsn-a001-00-000000013604308	19	04	529514	M	4	0	0	12	0
20260927	4291318	cmp-a001-02-000000010764328	grp-a001-02-000000069047580	다이어트쉐이크	nad-a001-02-000000553654562	bsn-a001-00-000000013604308	19	09	8753	M	1	0	0	1	0
20260927	4291318	cmp-a001-02-000000010764328	grp-a001-02-000000069047580	젤리	nad-a001-02-000000541753985	bsn-a001-00-000000013604308	19	15	8753	M	1	0	0	2	0
20260927	4291318	cmp-a001-02-000000010764328	grp-a001-02-000000069047580	젤리	nad-a001-02-000000541753985	bsn-a001-00-000000013604308	19	13	684926	M	2	0	0	20	0
20260927	4291318	cmp-a001-02-000000010764328	grp-a001-02-000000069047580	단백질프로틴	nad-a001-02-000000553654562	bsn-a001-00-000000013604308	19	18	8753	M	1	0	0	4	0
20260927	4291318	cmp-a001-02-000000010764328	grp-a001-02-000000069047580	프로틴	nad-a001-02-000000553654562	bsn-a001-00-000000013604308	19	11	768323	M	4	0	0	11	0
20260927	4291318	cmp-a001-02-000000010764328	grp-a001-02-000000069047580	스토어	nad-a001-02-000000541754004	bsn-a001-00-000000013604308	19	09	98128	M	8	0	0	8	0
20260927	4291318	cmp-a001-02-000000010764328	grp-a001-02-000000069047580	제리	nad-a001-02-000000541753985	bsn-a001-00-000000013604308	19	11	137281	M	2	0	0	2	0
20260927	4291318	cmp-a001-02-000000010764328	grp-a001-02-000000069047580	에너지바	nad-a001-02-000000553654554	bsn-a001-00-000000013604308	19	02	529514	M	12	0	0	19	0
20260927	4291318	cmp-a001-02-000000010764328	grp-a001-02-000000069047580	젤리	nad-a001-02-000000541753985	bsn-a001-00-000000013604308	19	09	529514	M	9	0	0	9	0
20260927	4291318	cmp-a001-02-000000010764328	grp-a001-02-000000069047580	단백질쉐이크	nad-a001-02-000000553654562	bsn-a001-00-000000013604308	19	02	529514	M	65	0	0	90	0
20260927	4291318	cmp-a001-02-000000010764328	grp-a001-02-000000069047580	사랑	nad-a001-02-000000553654554	bsn-a001-00-000000013604308	19	16	98128	M	1	0	0	2	0
20260927	4291318	cmp-a001-02-000000010764328	grp-a001-02-000000069047580	젤리	nad-a001-02-000000541753985	bsn-a001-00-000000013604308	19	03	23123	P	1	0	0	1	0
20260927	4291318	cmp-a001-02-000000010764328	grp-a001-02-000000069047580	단백질보충제	nad-a001-02-000000553654562	bsn-a001-00-000000013604308	19	15	684926	M	2	0	0	18	0
20260927	4291318	cmp-a001-02-000000010764328	grp-a001-02-000000069047580	단백질파우더	nad-a001-02-000000553654562	bsn-a001-00-000000013604308	19	06	8753	M	2	0	0	8	0
20260927	4291318	cmp-a001-02-000000010764328	grp-a001-02-000000069047580	젤리	nad-a001-02-000000541753985	bsn-a001-00-000000013604308	19	11	768323	M	2	0	0	2	0
20260927	4291318	cmp-a001-02-000000010764328	grp-a001-02-000000069047580	단백질파우더보관방법	nad-a001-02-000000553654562	bsn-a001-00-000000013604308	19	01	8753	M	2	0	0	2	0
20260927	4291318	cmp-a001-02-000000010764328	grp-a001-02-000000069047580	젤리	nad-a001-02-000000541753985	bsn-a001-00-000000013604308	19	09	27758	P	1	0	0	3	0
20260927	4291318	cmp-a001-02-000000010764328	grp-a001-02-000000069047580	앤서니컴퍼니생식	nad-a001-02-000000541753997	bsn-a001-00-000000013604308	19	09	8753	M	1	0	0	1	0
20260927	4291318	cmp-a001-02-000000010764328	grp-a001-02-000000069047580	보충제	nad-a001-02-000000553654562	bsn-a001-00-000000013604308	19	09	529514	M	11	0	0	11	0
20260927	4291318	cmp-a001-02-000000010764328	grp-a001-02-000000069047580	사탕젤리	nad-a001-02-000000541753985	bsn-a001-00-000000013604308	19	18	87620	M	2	0	0	2	0
20260927	4291318	cmp-a001-02-000000010764328	grp-a001-02-000000069047580	에너지바	nad-a001-02-000000553654554	bsn-a001-00-000000013604308	19	99	33421	M	1	0	0	1	0
20260927	4291318	cmp-a001-02-000000010764328	grp-a001-02-000000069047580	단백질쉐이크	nad-a001-02-000000553654562	bsn-a001-00-000000013604308	19	18	335738	P	1	0	0	2	0
20260927	4291318	cmp-a001-02-000000010764328	grp-a001-02-000000069047580	단백질	nad-a001-02-000000553654562	bsn-a001-00-000000013604308	19	13	98128	M	1	0	0	1	0
20260927	4291318	cmp-a001-02-000000010764328	grp-a001-02-000000069047580	젤리	nad-a001-02-000000541753985	bsn-a001-00-000000013604308	19	02	684925	P	1	0	0	1	0
20260927	4291318	cmp-a001-02-000000010764328	grp-a001-02-000000069047580	사랑하라	nad-a001-02-000000553654558	bsn-a001-00-000000013604308	19	00	98128	M	2	0	0	5	0
20260927	4291318	cmp-a001-02-000000010764328	grp-a001-02-000000069047580	젤리	nad-a001-02-000000541753985	bsn-a001-00-000000013604308	19	09	33421	M	1	0	0	2	0
20260927	4291318	cmp-a001-02-000000010764328	grp-a001-02-000000069047580	젤리	nad-a001-02-000000541753985	bsn-a001-00-000000013604308	19	02	684926	M	2	0	0	22	0
20260927	4291318	cmp-a001-02-000000010764328	grp-a001-02-000000069047580	사랑	nad-a001-02-000000553654558	bsn-a001-00-000000013604308	19	16	98128	M	1	0	0	3	0
20260927	4291318	cmp-a001-02-000000010764328	grp-a001-02-000000069047580	젤리	nad-a001-02-000000541753985	bsn-a001-00-000000013604308	19	02	87620	M	1	0	0	1	0
20260927	4291318	cmp-a001-02-000000010764328	grp-a001-02-000000069047580	프로틴	nad-a001-02-000000553654562	bsn-a001-00-000000013604308	19	99	529514	M	43	0	0	43	0
20260927	4291318	cmp-a001-02-000000010764328	grp-a001-02-000000069047580	젤리	nad-a001-02-000000541753985	bsn-a001-00-000000013604308	19	09	684925	P	1	0	0	1	0
20260927	4291318	cmp-a001-02-000000010764328	grp-a001-02-000000069047580	프로틴	nad-a001-02-000000553654562	bsn-a001-00-000000013604308	19	14	33421	M	1	0	0	5	0
20260927	4291318	cmp-a001-02-000000010764328	grp-a001-02-000000069047580	단백질보충제	nad-a001-02-000000553654562	bsn-a001-00-000000013604308	19	08	8753	M	1	0	0	3	0
20260927	4291318	cmp-a001-02-000000010764328	grp-a001-02-000000069047580	다이어트쉐이크	nad-a001-02-000000553654562	bsn-a001-00-000000013604308	19	99	529514	M	2	0	0	2	0
20260927	4291318	cmp-a001-02-000000010764328	grp-a001-02-000000069047580	황성주생식	nad-a001-02-000000541754005	bsn-a001-00-000000013604308	19	09	633013	M	8	0	0	32	0
20260927	4291318	cmp-a001-02-000000010764328	grp-a001-02-000000069047580	젤리	nad-a001-02-000000541753985	bsn-a001-00-000000013604308	19	09	612594	M	1	0	0	1	0
20260927	4291318	cmp-a001-02-000000010764328	grp-a001-02-000000069047580	단백질프로틴	nad-a001-02-000000553654562	bsn-a001-00-000000013604308	19	01	8753	M	1	0	0	3	0
20260927	4291318	cmp-a001-02-000000010764328	grp-a001-02-000000069047580	단백질쉐이크	nad-a001-02-000000553654562	bsn-a001-00-000000013604308	19	10	98128	M	2	0	0	2	0
20260927	4291318	cmp-a001-02-000000010764328	grp-a001-02-000000069047580	사랑	nad-a001-02-000000553654558	bsn-a001-00-000000013604308	19	99	98128	M	2	0	0	6	0
20260927	4291318	cmp-a001-02-000000010764328	grp-a001-02-000000069047580	프로틴	nad-a001-02-000000553654562	bsn-a001-00-000000013604308	19	03	137281	M	1	0	0	1	0
20260927	4291318	cmp-a001-02-000000010764328	grp-a001-02-000000069047580	칼로리바	nad-a001-02-000000553654558	bsn-a001-00-000000013604308	19	02	8753	M	1	0	0	2	0
20260927	4291318	cmp-a001-02-000000010764328	grp-a001-02-000000069047580	황성주생식14개	nad-a001-02-000000541754005	bsn-a001-00-000000013604308	19	09	8753	M	1	0	0	3	0
20260927	4291318	cmp-a001-02-000000010764328	grp-a001-02-000000069047580	다이어트쉐이크	nad-a001-02-000000553654562	bsn-a001-00-000000013604308	19	09	612594	M	1	0	0	1	0
20260927	4291318	cmp-a001-02-000000010764328	grp-a001-02-000000069047580	사랑이	nad-a001-02-000000553654558	bsn-a001-00-000000013604308	19	09	529514	M	1	0	0	1	0
20260927	4291318	cmp-a001-02-000000010764328	grp-a001-02-000000069047580	단백질보충제	nad-a001-02-000000553654562	bsn-a001-00-000000013604308	19	17	87620	M	1	0	0	1	0
20260927	4291318	cmp-a001-02-000000010764328	grp-a001-02-000000069047580	스토어	nad-a001-02-000000541754004	bsn-a001-00-000000013604308	19	08	98128	M	12	0	0	12	0
20260927	4291318	cmp-a001-02-000000010764328	grp-a001-02-000000069047580	프로틴바	nad-a001-02-000000553654558	bsn-a001-00-000000013604308	19	09	27758	P	1	0	0	2	0
20260927	4291318	cmp-a001-02-000000010764328	grp-a001-02-000000069047580	사랑하라	nad-a001-02-000000553654554	bsn-a001-00-000000013604308	19	00	98128	M	2	0	0	3	0
20260927	4291318	cmp-a001-02-000000010764328	grp-a001-02-000000069047580	황성주프로틴골드	nad-a001-02-000000553654562	bsn-a001-00-000000013604308	19	09	8753	M	1	0	0	1	0
20260927	4291318	cmp-a001-02-000000010764328	grp-a001-02-000000069047580	푸룬구미	nad-a001-02-000000541753985	bsn-a001-00-000000013604308	19	02	8753	M	1	1	1325	4	0
20260927	4291318	cmp-a001-02-000000010764328	grp-a001-02-000000069047580	프로틴	nad-a001-02-000000553654562	bsn-a001-00-000000013604308	19	07	98128	M	2	0	0	2	0
20260927	4291318	cmp-a001-02-000000010764328	grp-a001-02-000000069047580	사랑이	nad-a001-02-000000553654558	bsn-a001-00-000000013604308	19	10	529514	M	4	0	0	6	0
20260927	4291318	cmp-a001-02-000000010764328	grp-a001-02-000000069047580	사랑이	nad-a001-02-000000553654554	bsn-a001-00-000000013604308	19	99	529514	M	4	0	0	7	0
20260927	4291318	cmp-a001-02-000000010764328	grp-a001-02-000000069047580	스토어	nad-a001-02-000000541753997	bsn-a001-00-000000013604308	19	09	98128	M	5	0	0	10	0
20260927	4291318	cmp-a001-02-000000010764328	grp-a001-02-000000069047580	스토어	nad-a001-02-000000541754004	bsn-a001-00-000000013604308	19	10	98128	M	5	0	0	5	0
20260927	4291318	cmp-a001-02-000000010764328	grp-a001-02-000000069047580	단백질바	nad-a001-02-000000553654558	bsn-a001-00-000000013604308	19	01	33421	M	1	0	0	2	0
20260927	4291318	cmp-a001-02-000000010764328	grp-a001-02-000000069047580	단백질보충제	nad-a001-02-000000553654562	bsn-a001-00-000000013604308	19	16	8753	M	1	0	0	5	0
20260927	4291318	cmp-a001-02-000000010764328	grp-a001-02-000000069047580	사랑	nad-a001-02-000000553654554	bsn-a001-00-000000013604308	19	06	98128	M	2	0	0	4	0
20260927	4291318	cmp-a001-02-000000010764328	grp-a001-02-000000069047580	프로틴	nad-a001-02-000000553654562	bsn-a001-00-000000013604308	19	15	529514	M	13	0	0	13	0
20260927	4291318	cmp-a001-02-000000010764328	grp-a001-02-000000069047580	단백질쉐이크얼음	nad-a001-02-000000553654562	bsn-a001-00-000000013604308	19	17	8753	M	1	0	0	4	0
20260927	4291318	cmp-a001-02-000000010764328	grp-a001-02-000000069047580	프로틴	nad-a001-02-000000553654562	bsn-a001-00-000000013604308	19	09	529514	M	70	0	0	70	0
20260927	4291318	cmp-a001-02-000000010764328	grp-a001-02-000000069047580	스토어	nad-a001-02-000000541754004	bsn-a001-00-000000013604308	19	06	98128	M	2	0	0	2	0
20260927	4291318	cmp-a001-02-000000010764328	grp-a001-02-000000069047580	단백질바	nad-a001-02-000000553654554	bsn-a001-00-000000013604308	19	01	33421	M	1	0	0	1	0
20260927	4291318	cmp-a001-02-000000010764328	grp-a001-02-000000069047580	에너지바	nad-a001-02-000000553654558	bsn-a001-00-000000013604308	19	07	33421	M	1	0	0	2	0
20260927	4291318	cmp-a001-02-000000010764328	grp-a001-02-000000069047580	프로틴바	nad-a001-02-000000553654558	bsn-a001-00-000000013604308	19	99	529514	M	2	0	0	3	0
20260927	4291318	cmp-a001-02-000000010764328	grp-a001-02-000000069047580	황성주생식	nad-a001-02-000000541754004	bsn-a001-00-000000013604308	19	09	8753	M	4	0	0	8	0
20260927	4291318	cmp-a001-02-000000010764328	grp-a001-02-000000069047580	스토어	nad-a001-02-000000541754004	bsn-a001-00-000000013604308	19	07	98128	M	1	0	0	1	0
20260927	4291318	cmp-a001-02-000000010764328	grp-a001-02-000000069047580	하루단백질	nad-a001-02-000000553654562	bsn-a001-00-000000013604308	19	13	8753	M	1	0	0	5	0
20260927	4291318	cmp-a001-02-000000010764328	grp-a001-02-000000069047580	단백질보충제	nad-a001-02-000000553654562	bsn-a001-00-000000013604308	19	18	87620	M	1	0	0	1	0
20260927	4291318	cmp-a001-02-000000010764328	grp-a001-02-000000069047580	사랑할수록	nad-a001-02-000000553654558	bsn-a001-00-000000013604308	19	11	612594	M	2	0	0	6	0
20260927	4291318	cmp-a001-02-000000010764328	grp-a001-02-000000069047580	에너지바	nad-a001-02-000000553654559	bsn-a001-00-000000013604308	19	99	33421	M	1	0	0	6	0
20260927	4291318	cmp-a001-02-000000010764328	grp-a001-02-000000069047580	퀘스트프로틴바보관방법	nad-a001-02-000000553654554	bsn-a001-00-000000013604308	19	02	8753	M	1	0	0	1	0
20260927	4291318	cmp-a001-02-000000010764328	grp-a001-02-000000069047580	쉐이크다이어트	nad-a001-02-000000553654562	bsn-a001-00-000000013604308	19	18	8753	M	1	0	0	5	0
20260927	4291318	cmp-a001-02-000000010764328	grp-a001-02-000000069047580	황성주영양식	nad-a001-02-000000541753965	bsn-a001-00-000000013604308	19	02	8753	M	1	0	0	1	0
20260927	4291318	cmp-a001-02-000000010764328	grp-a001-02-000000069047580	쉐이크	nad-a001-02-000000553654562	bsn-a001-00-000000013604308	19	09	137281	M	2	0	0	2	0
20260927	4291318	cmp-a001-02-000000010764328	grp-a001-02-000000069047580	사랑	nad-a001-02-000000553654554	bsn-a001-00-000000013604308	19	18	98128	M	6	0	0	12	0
20260927	4291318	cmp-a001-02-000000010764328	grp-a001-02-000000069047580	단백질파우더	nad-a001-02-000000553654562	bsn-a001-00-000000013604308	19	02	33421	M	2	0	0	8	0
20260927	4291318	cmp-a001-02-000000010764328	grp-a001-02-000000069047580	칼로리바	nad-a001-02-000000553654554	bsn-a001-00-000000013604308	19	09	684924	M	1	0	0	1	0
20260927	4291318	cmp-a001-02-000000010764328	grp-a001-02-000000069047580	단백질바	nad-a001-02-000000553654559	bsn-a001-00-000000013604308	19	02	33421	M	1	0	0	13	0
20260927	4291318	cmp-a001-02-000000010764328	grp-a001-02-000000069047580	사랑이	nad-a001-02-000000553654554	bsn-a001-00-000000013604308	19	99	98128	M	1	0	0	2	0
20260927	4291318	cmp-a001-02-000000010764328	grp-a001-02-000000069047580	단백질	nad-a001-02-000000553654562	bsn-a001-00-000000013604308	19	15	684926	M	2	0	0	12	0
20260927	4291318	cmp-a001-02-000000010764328	grp-a001-02-000000069047580	간식으로단백질바	nad-a001-02-000000553654554	bsn-a001-00-000000013604308	19	02	8753	M	1	0	0	1	0
20260927	4291318	cmp-a001-02-000000010764328	grp-a001-02-000000069047580	스토어	nad-a001-02-000000541754004	bsn-a001-00-000000013604308	19	03	98128	M	2	0	0	2	0
20260927	4291318	cmp-a001-02-000000010764328	grp-a001-02-000000069047580	다이어트쉐이크	nad-a001-02-000000553654562	bsn-a001-00-000000013604308	19	02	27758	P	1	0	0	2	0
20260927	4291318	cmp-a001-02-000000010764328	grp-a001-02-000000069047580	스낵데이	nad-a001-02-000000553654559	bsn-a001-00-000000013604308	19	15	8753	M	1	0	0	5	0
20260927	4291318	cmp-a001-02-000000010764328	grp-a001-02-000000069047580	황성주생식	nad-a001-02-000000541753996	bsn-a001-00-000000013604308	19	08	33421	M	2	0	0	6	0
20260927	4291318	cmp-a001-02-000000010764328	grp-a001-02-000000069047580	황성주생식	nad-a001-02-000000541754004	bsn-a001-00-000000013604308	19	02	8753	M	1	0	0	2	0
20260927	4291318	cmp-a001-02-000000010764328	grp-a001-02-000000069047580	프로틴	nad-a001-02-000000553654562	bsn-a001-00-000000013604308	19	18	768323	M	11	0	0	24	0
20260927	4291318	cmp-a001-02-000000010764328	grp-a001-02-000000069047580	단백질보충제	nad-a001-02-000000553654562	bsn-a001-00-000000013604308	19	02	23123	P	2	0	0	2	0
20260927	4291318	cmp-a001-02-000000010764328	grp-a001-02-000000069047580	에너지바	nad-a001-02-000000553654558	bsn-a001-00-000000013604308	19	02	529514	M	12	0	0	17	0
20260927	4291318	cmp-a001-02-000000010764328	grp-a001-02-000000069047580	사랑	nad-a001-02-000000553654558	bsn-a001-00-000000013604308	19	18	98128	M	6	0	0	18	0
20260927	4291318	cmp-a001-02-000000010764328	grp-a001-02-000000069047580	단백질	nad-a001-02-000000553654562	bsn-a001-00-000000013604308	19	03	791888	M	1	0	0	1	0
20260927	4291318	cmp-a001-02-000000010764328	grp-a001-02-000000069047580	황성주생식	nad-a001-02-000000541753988	bsn-a001-00-000000013604308	19	09	529514	M	8	0	0	40	0
20260927	4291318	cmp-a001-02-000000010764328	grp-a001-02-000000069047580	젤리	nad-a001-02-000000541753985	bsn-a001-00-000000013604308	19	18	529514	M	2	0	0	2	0
20260927	4291318	cmp-a001-02-000000010764328	grp-a001-02-000000069047580	단백질	nad-a001-02-000000553654562	bsn-a001-00-000000013604308	19	03	98128	M	2	0	0	2	0
20260927	4291318	cmp-a001-02-000000010764328	grp-a001-02-000000069047580	균형영양식	nad-a001-02-000000541753965	bsn-a001-00-000000013604308	19	13	87620	M	1	0	0	3	0
20260927	4291318	cmp-a001-02-000000010764328	grp-a001-02-000000069047580	단백질쉐이크	nad-a001-02-000000553654562	bsn-a001-00-000000013604308	19	18	684926	M	1	0	0	24	0
20260927	4291318	cmp-a001-02-000000010764328	grp-a001-02-000000069047580	단백질쉐이크	nad-a001-02-000000553654562	bsn-a001-00-000000013604308	19	15	529514	M	5	0	0	10	0
20260927	4291318	cmp-a001-02-000000010764328	grp-a001-02-000000069047580	젤리	nad-a001-02-000000541753985	bsn-a001-00-000000013604308	19	09	98128	M	3	0	0	3	0
20260927	4291318	cmp-a001-02-000000010764328	grp-a001-02-000000069047580	단백질	nad-a001-02-000000553654562	bsn-a001-00-000000013604308	19	11	768323	M	1	0	0	1	0
20260927	4291318	cmp-a001-02-000000010764328	grp-a001-02-000000069047580	단백질간식	nad-a001-02-000000553654554	bsn-a001-00-000000013604308	19	02	8753	M	2	0	0	2	0
20260927	4291318	cmp-a001-02-000000010764328	grp-a001-02-000000069047580	식이섬유쉐이크	nad-a001-02-000000553654562	bsn-a001-00-000000013604308	19	99	8753	M	1	0	0	6	0
20260927	4291318	cmp-a001-02-000000010764328	grp-a001-02-000000069047580	사랑하라	nad-a001-02-000000553654558	bsn-a001-00-000000013604308	19	08	248824	P	6	0	0	30	0
20260927	4291318	cmp-a001-02-000000010764328	grp-a001-02-000000069047580	단백질	nad-a001-02-000000553654562	bsn-a001-00-000000013604308	19	09	529514	M	1	0	0	1	0
20260927	4291318	cmp-a001-02-000000010764328	grp-a001-02-000000069047580	젤리	nad-a001-02-000000541753985	bsn-a001-00-000000013604308	19	02	8753	M	4	0	0	9	0
20260927	4291318	cmp-a001-02-000000010764328	grp-a001-02-000000069047580	에너지바	nad-a001-02-000000553654554	bsn-a001-00-000000013604308	19	02	8753	M	1	0	0	1	0
20260927	4291318	cmp-a001-02-000000010764328	grp-a001-02-000000069047580	단백질바	nad-a001-02-000000553654554	bsn-a001-00-000000013604308	19	00	27758	P	1	0	0	1	0
20260927	4291318	cmp-a001-02-000000010764328	grp-a001-02-000000069047580	사랑이	nad-a001-02-000000553654554	bsn-a001-00-000000013604308	19	18	529514	M	2	0	0	3	0
20260927	4291318	cmp-a001-02-000000010764328	grp-a001-02-000000069047580	사랑	nad-a001-02-000000553654558	bsn-a001-00-000000013604308	19	04	98128	M	1	0	0	3	0
20260927	4291318	cmp-a001-02-000000010764328	grp-a001-02-000000069047580	사탕젤리	nad-a001-02-000000541753985	bsn-a001-00-000000013604308	19	02	23123	P	1	0	0	2	0
20260927	4291318	cmp-a001-02-000000010764328	grp-a001-02-000000069047580	식사대용브랜드	nad-a001-02-000000553654562	bsn-a001-00-000000013604308	19	04	8753	M	1	0	0	1	0
20260927	4291318	cmp-a001-02-000000010764328	grp-a001-02-000000069047580	다움생식	nad-a001-02-000000541754004	bsn-a001-00-000000013604308	19	09	370822	P	1	0	0	1	0
20260927	4291318	cmp-a001-02-000000010764328	grp-a001-02-000000069047580	에너지바	nad-a001-02-000000553654554	bsn-a001-00-000000013604308	19	15	33421	M	1	0	0	1	0
20260927	4291318	cmp-a001-02-000000010764328	grp-a001-02-000000069047580	단백질추천	nad-a001-02-000000553654562	bsn-a001-00-000000013604308	19	07	8753	M	1	0	0	3	0
20260927	4291318	cmp-a001-02-000000010764328	grp-a001-02-000000069047580	저지방에너지바	nad-a001-02-000000553654558	bsn-a001-00-000000013604308	19	07	8753	M	1	0	0	4	0
20260927	4291318	cmp-a001-02-000000010764328	grp-a001-02-000000069047580	단백질쉐이크	nad-a001-02-000000553654562	bsn-a001-00-000000013604308	19	09	11068	P	1	0	0	4	0
20260927	4291318	cmp-a001-02-000000010764328	grp-a001-02-000000069047580	에너지바	nad-a001-02-000000553654558	bsn-a001-00-000000013604308	19	15	33421	M	1	0	0	2	0
20260927	4291318	cmp-a001-02-000000010764328	grp-a001-02-000000069047580	단백질바	nad-a001-02-000000553654558	bsn-a001-00-000000013604308	19	00	27758	P	1	0	0	2	0
20260927	4291318	cmp-a001-02-000000010764328	grp-a001-02-000000069047580	단백질	nad-a001-02-000000553654562	bsn-a001-00-000000013604308	19	18	137281	M	1	0	0	1	0
20260927	4291318	cmp-a001-02-000000010764328	grp-a001-02-000000069047580	프로틴	nad-a001-02-000000553654562	bsn-a001-00-000000013604308	19	03	529514	M	26	0	0	26	0
20260927	4291318	cmp-a001-02-000000010764328	grp-a001-02-000000069047580	단백질바	nad-a001-02-000000553654558	bsn-a001-00-000000013604308	19	09	8753	M	1	0	0	8	0
20260927	4291318	cmp-a001-02-000000010764328	grp-a001-02-000000069047580	스토어	nad-a001-02-000000541754004	bsn-a001-00-000000013604308	19	14	98128	M	1	0	0	1	0
20260927	4291318	cmp-a001-02-000000010764328	grp-a001-02-000000069047580	프로틴	nad-a001-02-000000553654562	bsn-a001-00-000000013604308	19	11	529514	M	1	0	0	1	0
20260927	4291318	cmp-a001-02-000000010764328	grp-a001-02-000000069047580	칼로리바	nad-a001-02-000000553654559	bsn-a001-00-000000013604308	19	02	8753	M	1	0	0	3	0
20260927	4291318	cmp-a001-02-000000010764328	grp-a001-02-000000069047580	단백질보충제종류비교	nad-a001-02-000000553654562	bsn-a001-00-000000013604308	19	02	8753	M	1	0	0	3	0
20260927	4291318	cmp-a001-02-000000010764328	grp-a001-02-000000069047580	단백질쉐이크	nad-a001-02-000000553654562	bsn-a001-00-000000013604308	19	14	529514	M	2	0	0	2	0
20260927	4291318	cmp-a001-02-000000010764328	grp-a001-02-000000069047580	황성주생식라이프밀	nad-a001-02-000000541753996	bsn-a001-00-000000013604308	19	02	684926	M	1	0	0	4	0
20260927	4291318	cmp-a001-02-000000010764328	grp-a001-02-000000069047580	식사대용	nad-a001-02-000000553654562	bsn-a001-00-000000013604308	19	13	8753	M	1	0	0	4	0
20260927	4291318	cmp-a001-02-000000010764328	grp-a001-02-000000069047580	에너지바	nad-a001-02-000000553654558	bsn-a001-00-000000013604308	19	09	8753	M	1	0	0	3	0
20260927	4291318	cmp-a001-02-000000010764328	grp-a001-02-000000069047580	프로틴쉐이크	nad-a001-02-000000553654562	bsn-a001-00-000000013604308	19	04	529514	M	10	0	0	10	0
20260927	4291318	cmp-a001-02-000000010764328	grp-a001-02-000000069047580	균형영양식	nad-a001-02-000000541753965	bsn-a001-00-000000013604308	19	01	529514	M	5	0	0	12	0
20260927	4291318	cmp-a001-02-000000010764328	grp-a001-02-000000069047580	프로틴바	nad-a001-02-000000553654554	bsn-a001-00-000000013604308	19	18	27758	P	1	0	0	3	0
20260927	4291318	cmp-a001-02-000000010764328	grp-a001-02-000000069047580	SHAKE	nad-a001-02-000000553654562	bsn-a001-00-000000013604308	19	10	8753	M	1	0	0	3	0
20260927	4291318	cmp-a001-02-000000010764328	grp-a001-02-000000069047580	프로틴	nad-a001-02-000000553654562	bsn-a001-00-000000013604308	19	13	529514	M	2	0	0	2	0
20260927	4291318	cmp-a001-02-000000010764328	grp-a001-02-000000069047580	프로틴바	nad-a001-02-000000553654554	bsn-a001-00-000000013604308	19	99	529514	M	2	0	0	3	0
20260927	4291318	cmp-a001-02-000000010764328	grp-a001-02-000000069047580	황성주생식	nad-a001-02-000000541753997	bsn-a001-00-000000013604308	19	09	633013	M	8	0	0	8	0
20260927	4291318	cmp-a001-02-000000010764328	grp-a001-02-000000069047580	단백질바	nad-a001-02-000000553654559	bsn-a001-00-000000013604308	19	08	529514	M	22	0	0	66	0
20260927	4291318	cmp-a001-02-000000010764328	grp-a001-02-000000069047580	프로틴바	nad-a001-02-000000553654554	bsn-a001-00-000000013604308	19	09	529514	M	2	0	0	3	0
20260927	4291318	cmp-a001-02-000000010764328	grp-a001-02-000000069047580	프로틴	nad-a001-02-000000553654562	bsn-a001-00-000000013604308	19	16	529514	M	120	0	0	120	0
20260927	4291318	cmp-a001-02-000000010764328	grp-a001-02-000000069047580	단백질	nad-a001-02-000000553654562	bsn-a001-00-000000013604308	19	17	8753	M	1	0	0	4	0
20260927	4291318	cmp-a001-02-000000010764328	grp-a001-02-000000069047580	가루박사	nad-a001-02-000000541753997	bsn-a001-00-000000013604308	19	09	8753	M	1	0	0	1	0
20260927	4291318	cmp-a001-02-000000010764328	grp-a001-02-000000069047580	젤리	nad-a001-02-000000541753985	bsn-a001-00-000000013604308	19	18	768323	M	1	0	0	1	0
20260927	4291318	cmp-a001-02-000000010764328	grp-a001-02-000000069047580	저지방에너지바	nad-a001-02-000000553654554	bsn-a001-00-000000013604308	19	07	8753	M	1	0	0	1	0
20260927	4291318	cmp-a001-02-000000010764328	grp-a001-02-000000069047580	프로틴	nad-a001-02-000000553654562	bsn-a001-00-000000013604308	19	14	8753	M	1	0	0	5	0
20260927	4291318	cmp-a001-02-000000010764328	grp-a001-02-000000069047580	프로틴	nad-a001-02-000000553654562	bsn-a001-00-000000013604308	19	14	768323	M	2	0	0	5	0
20260927	4291318	cmp-a001-02-000000010764328	grp-a001-02-000000069047580	에너지바	nad-a001-02-000000553654554	bsn-a001-00-000000013604308	19	18	8753	M	1	0	0	1	0
20260927	4291318	cmp-a001-02-000000010764328	grp-a001-02-000000069047580	단백질쉐이크	nad-a001-02-000000553654562	bsn-a001-00-000000013604308	19	02	8753	M	11	0	0	60	0
20260927	4291318	cmp-a001-02-000000010764328	grp-a001-02-000000069047580	가루	nad-a001-02-000000541754005	bsn-a001-00-000000013604308	19	08	98128	M	1	0	0	3	0
20260927	4291318	cmp-a001-02-000000010764328	grp-a001-02-000000069047580	스토어	nad-a001-02-000000541753997	bsn-a001-00-000000013604308	19	03	98128	M	1	0	0	2	0
20260927	4291318	cmp-a001-02-000000010764328	grp-a001-02-000000069047580	프로틴바	nad-a001-02-000000553654558	bsn-a001-00-000000013604308	19	02	768323	M	1	0	0	2	0
20260927	4291318	cmp-a001-02-000000010764328	grp-a001-02-000000069047580	가루	nad-a001-02-000000541754004	bsn-a001-00-000000013604308	19	08	98128	M	2	0	0	2	0
20260927	4291318	cmp-a001-02-000000010764328	grp-a001-02-000000069047580	사랑이	nad-a001-02-000000553654558	bsn-a001-00-000000013604308	19	08	529514	M	3	0	0	4	0
20260927	4291318	cmp-a001-02-000000010764328	grp-a001-02-000000069047580	황성주생식	nad-a001-02-000000541754005	bsn-a001-00-000000013604308	19	08	8753	M	3	0	0	10	0
20260927	4291318	cmp-a001-02-000000010764328	grp-a001-02-000000069047580	프로틴	nad-a001-02-000000553654562	bsn-a001-00-000000013604308	19	18	8753	M	1	0	0	4	0
20260927	4291318	cmp-a001-02-000000010764328	grp-a001-02-000000069047580	단백질쉐이크	nad-a001-02-000000553654562	bsn-a001-00-000000013604308	19	08	684926	M	2	0	0	37	0
20260927	4291318	cmp-a001-02-000000010764328	grp-a001-02-000000069047580	표고버섯가루보관방법	nad-a001-02-000000541753997	bsn-a001-00-000000013604308	19	02	8753	M	1	0	0	1	0
20260927	4291318	cmp-a001-02-000000010764328	grp-a001-02-000000069047580	프로틴바	nad-a001-02-000000553654554	bsn-a001-00-000000013604308	19	10	8753	M	1	0	0	2	0
20260927	4291318	cmp-a001-02-000000010764328	grp-a001-02-000000069047580	단백질파우더	nad-a001-02-000000553654562	bsn-a001-00-000000013604308	19	16	8753	M	1	0	0	4	0
20260927	4291318	cmp-a001-02-000000010764328	grp-a001-02-000000069047580	가루	nad-a001-02-000000541753997	bsn-a001-00-000000013604308	19	99	137281	M	2	0	0	2	0
20260927	4291318	cmp-a001-02-000000010764328	grp-a001-02-000000069047580	단백질쉐이크밀웜	nad-a001-02-000000553654562	bsn-a001-00-000000013604308	19	02	8753	M	1	0	0	4	0
20260927	4291318	cmp-a001-02-000000010764328	grp-a001-02-000000069047580	ZBAR프로틴	nad-a001-02-000000553654554	bsn-a001-00-000000013604308	19	01	8753	M	1	0	0	1	0
20260927	4291318	cmp-a001-02-000000010764328	grp-a001-02-000000069047580	가루박사	nad-a001-02-000000541753996	bsn-a001-00-000000013604308	19	09	8753	M	1	0	0	4	0
20260927	4291318	cmp-a001-02-000000010764328	grp-a001-02-000000069047580	단백질바	nad-a001-02-000000553654554	bsn-a001-00-000000013604308	19	02	8753	M	5	0	0	8	0
20260927	4291318	cmp-a001-02-000000010764328	grp-a001-02-000000069047580	황성주생식	nad-a001-02-000000541753997	bsn-a001-00-000000013604308	19	08	33421	M	3	0	0	3	0
20260927	4291318	cmp-a001-02-000000010764328	grp-a001-02-000000069047580	단백질보충제	nad-a001-02-000000553654562	bsn-a001-00-000000013604308	19	15	8753	M	2	0	0	10	0
20260927	4291318	cmp-a001-02-000000010764328	grp-a001-02-000000069047580	단백질바	nad-a001-02-000000553654554	bsn-a001-00-000000013604308	19	09	529514	M	4	0	0	6	0
20260927	4291318	cmp-a001-02-000000010764328	grp-a001-02-000000069047580	단백질보충제	nad-a001-02-000000553654562	bsn-a001-00-000000013604308	19	03	8753	M	4	0	0	18	0
20260927	4291318	cmp-a001-02-000000010764328	grp-a001-02-000000069047580	쉐이크	nad-a001-02-000000553654562	bsn-a001-00-000000013604308	19	99	98128	M	5	0	0	5	0
20260927	4291318	cmp-a001-02-000000010764328	grp-a001-02-000000069047580	에너지바	nad-a001-02-000000553654559	bsn-a001-00-000000013604308	19	09	791888	M	1	0	0	3	0
20260927	4291318	cmp-a001-02-000000010764328	grp-a001-02-000000069047580	황성주생식	nad-a001-02-000000541754004	bsn-a001-00-000000013604308	19	02	529514	M	3	0	0	6	0
20260927	4291318	cmp-a001-02-000000010764328	grp-a001-02-000000069047580	프로틴	nad-a001-02-000000553654562	bsn-a001-00-000000013604308	19	08	768323	M	4	0	0	11	0
20260927	4291318	cmp-a001-02-000000010764328	grp-a001-02-000000069047580	단백질쉐이크	nad-a001-02-000000553654562	bsn-a001-00-000000013604308	19	08	8753	M	6	0	0	29	0
20260927	4291318	cmp-a001-02-000000010764328	grp-a001-02-000000069047580	일본동결건조식품	nad-a001-02-000000541754004	bsn-a001-00-000000013604308	19	09	8753	M	2	0	0	6	0
20260927	4291318	cmp-a001-02-000000010764328	grp-a001-02-000000069047580	단백질	nad-a001-02-000000553654562	bsn-a001-00-000000013604308	19	02	529514	M	8	0	0	8	0
20260927	4291318	cmp-a001-02-000000010764328	grp-a001-02-000000069047580	가루	nad-a001-02-000000541754004	bsn-a001-00-000000013604308	19	01	8753	M	1	0	0	2	0
20260927	4291318	cmp-a001-02-000000010764328	grp-a001-02-000000069047580	쉐이크	nad-a001-02-000000553654562	bsn-a001-00-000000013604308	19	00	612593	P	1	0	0	1	0
20260927	4291318	cmp-a001-02-000000010764328	grp-a001-02-000000069047580	네이버스토어	nad-a001-02-000000541753996	bsn-a001-00-000000013604308	19	02	612594	M	1	0	0	6	0
20260927	4291318	cmp-a001-02-000000010764328	grp-a001-02-000000069047580	사랑이	nad-a001-02-000000553654558	bsn-a001-00-000000013604308	19	14	529514	M	4	0	0	6	0
20260927	4291318	cmp-a001-02-000000010764328	grp-a001-02-000000069047580	사랑	nad-a001-02-000000553654554	bsn-a001-00-000000013604308	19	09	98128	M	6	0	0	12	0
20260927	4291318	cmp-a001-02-000000010764328	grp-a001-02-000000069047580	SHAKE	nad-a001-02-000000553654562	bsn-a001-00-000000013604308	19	16	8753	M	1	0	0	3	0
20260927	4291318	cmp-a001-02-000000010764328	grp-a001-02-000000069047580	프로틴바	nad-a001-02-000000553654558	bsn-a001-00-000000013604308	19	02	529514	M	3	0	0	6	0
20260927	4291318	cmp-a001-02-000000010764328	grp-a001-02-000000069047580	단백질바	nad-a001-02-000000553654559	bsn-a001-00-000000013604308	19	16	98128	M	2	0	0	12	0
20260927	4291318	cmp-a001-02-000000010764328	grp-a001-02-000000069047580	젤리	nad-a001-02-000000541753985	bsn-a001-00-000000013604308	19	06	98128	M	3	0	0	13	0
20260927	4291318	cmp-a001-02-000000010764328	grp-a001-02-000000069047580	황성주생식	nad-a001-02-000000541753996	bsn-a001-00-000000013604308	19	03	8753	M	1	0	0	4	0
20260927	4291318	cmp-a001-02-000000010764328	grp-a001-02-000000069047580	다이어트프로틴	nad-a001-02-000000553654562	bsn-a001-00-000000013604308	19	09	33421	M	1	0	0	6	0
20260927	4291318	cmp-a001-02-000000010764328	grp-a001-02-000000069047580	프로틴	nad-a001-02-000000553654562	bsn-a001-00-000000013604308	19	15	684926	M	2	0	0	8	0
20260927	4291318	cmp-a001-02-000000010764328	grp-a001-02-000000069047580	생식가루	nad-a001-02-000000541754004	bsn-a001-00-000000013604308	19	13	684924	M	1	0	0	1	0
20260927	4291318	cmp-a001-02-000000010764328	grp-a001-02-000000069047580	단백질	nad-a001-02-000000553654562	bsn-a001-00-000000013604308	19	02	137281	M	1	0	0	1	0
20260927	4291318	cmp-a001-02-000000010764328	grp-a001-02-000000069047580	에너지바	nad-a001-02-000000553654558	bsn-a001-00-000000013604308	19	02	33421	M	2	0	0	4	0
20260927	4291318	cmp-a001-02-000000010764328	grp-a001-02-000000069047580	칼로리바	nad-a001-02-000000553654558	bsn-a001-00-000000013604308	19	07	8753	M	1	0	0	2	0
20260927	4291318	cmp-a001-02-000000010764328	grp-a001-02-000000069047580	가루박사	nad-a001-02-000000541754004	bsn-a001-00-000000013604308	19	09	8753	M	1	0	0	3	0
20260927	4291318	cmp-a001-02-000000010764328	grp-a001-02-000000069047580	균형영양식	nad-a001-02-000000541753965	bsn-a001-00-000000013604308	19	08	529514	M	4	0	0	10	0
20260927	4291318	cmp-a001-02-000000010764328	grp-a001-02-000000069047580	단백질보충제	nad-a001-02-000000553654562	bsn-a001-00-000000013604308	19	02	8753	M	5	0	0	24	0
20260927	4291318	cmp-a001-02-000000010764328	grp-a001-02-000000069047580	젤리	nad-a001-02-000000541753985	bsn-a001-00-000000013604308	19	06	8753	M	1	0	0	2	0
20260927	4291318	cmp-a001-02-000000010764328	grp-a001-02-000000069047580	단백질바	nad-a001-02-000000553654554	bsn-a001-00-000000013604308	19	15	8753	M	3	0	0	5	0
20260927	4291318	cmp-a001-02-000000010764328	grp-a001-02-000000069047580	프로틴바변질	nad-a001-02-000000553654554	bsn-a001-00-000000013604308	19	02	8753	M	1	0	0	1	0
20260927	4291318	cmp-a001-02-000000010764328	grp-a001-02-000000069047580	분리대두단백질	nad-a001-02-000000553654562	bsn-a001-00-000000013604308	19	17	8753	M	1	0	0	1	0
20260927	4291318	cmp-a001-02-000000010764328	grp-a001-02-000000069047580	황성주생식	nad-a001-02-000000541753997	bsn-a001-00-000000013604308	19	03	8753	M	1	0	0	1	0
20260927	4291318	cmp-a001-02-000000010764328	grp-a001-02-000000069047580	단백질쉐이크	nad-a001-02-000000553654562	bsn-a001-00-000000013604308	19	04	529514	M	6	0	0	6	0
20260927	4291318	cmp-a001-02-000000010764328	grp-a001-02-000000069047580	사랑	nad-a001-02-000000553654554	bsn-a001-00-000000013604308	19	10	98128	M	2	0	0	4	0
20260927	4291318	cmp-a001-02-000000010764328	grp-a001-02-000000069047580	프로틴바	nad-a001-02-000000553654558	bsn-a001-00-000000013604308	19	11	33421	M	2	0	0	8	0
20260927	4291318	cmp-a001-02-000000010764328	grp-a001-02-000000069047580	황성주생식	nad-a001-02-000000541754004	bsn-a001-00-000000013604308	19	08	8753	M	3	0	0	6	0
20260927	4291318	cmp-a001-02-000000010764328	grp-a001-02-000000069047580	에너지바	nad-a001-02-000000553654558	bsn-a001-00-000000013604308	19	03	33421	M	1	0	0	2	0
20260927	4291318	cmp-a001-02-000000010764328	grp-a001-02-000000069047580	황성주생식	nad-a001-02-000000541753997	bsn-a001-00-000000013604308	19	02	529514	M	3	0	0	3	0
20260927	4291318	cmp-a001-02-000000010764328	grp-a001-02-000000069047580	다이어트쉐이크	nad-a001-02-000000553654562	bsn-a001-00-000000013604308	19	16	768323	M	1	0	0	2	0
20260927	4291318	cmp-a001-02-000000010764328	grp-a001-02-000000069047580	단백질쉐이크	nad-a001-02-000000553654562	bsn-a001-00-000000013604308	19	06	529514	M	7	0	0	8	0
20260927	4291318	cmp-a001-02-000000010764328	grp-a001-02-000000069047580	스토어	nad-a001-02-000000541753996	bsn-a001-00-000000013604308	19	16	98128	M	1	0	0	3	0
20260927	4291318	cmp-a001-02-000000010764328	grp-a001-02-000000069047580	프로틴바	nad-a001-02-000000553654558	bsn-a001-00-000000013604308	19	17	768323	M	1	0	0	2	0
20260927	4291318	cmp-a001-02-000000010764328	grp-a001-02-000000069047580	가루	nad-a001-02-000000541753996	bsn-a001-00-000000013604308	19	01	8753	M	1	0	0	3	0
20260927	4291318	cmp-a001-02-000000010764328	grp-a001-02-000000069047580	단백질보충제	nad-a001-02-000000553654562	bsn-a001-00-000000013604308	19	99	684926	M	1	0	0	9	0
20260927	4291318	cmp-a001-02-000000010764328	grp-a001-02-000000069047580	다이어트쉐이크	nad-a001-02-000000553654562	bsn-a001-00-000000013604308	19	02	768323	M	5	0	0	10	0
20260927	4291318	cmp-a001-02-000000010764328	grp-a001-02-000000069047580	단백질풍부한간식	nad-a001-02-000000553654558	bsn-a001-00-000000013604308	19	02	8753	M	1	0	0	6	0
20260927	4291318	cmp-a001-02-000000010764328	grp-a001-02-000000069047580	동결건조생청국장가루	nad-a001-02-000000541754005	bsn-a001-00-000000013604308	19	08	341898	M	1	0	0	1	0
20260927	4291318	cmp-a001-02-000000010764328	grp-a001-02-000000069047580	스토어	nad-a001-02-000000541754004	bsn-a001-00-000000013604308	19	02	98128	M	13	0	0	13	0
20260927	4291318	cmp-a001-02-000000010764328	grp-a001-02-000000069047580	표고버섯가루보관방법	nad-a001-02-000000541754004	bsn-a001-00-000000013604308	19	02	8753	M	1	0	0	2	0
20260927	4291318	cmp-a001-02-000000010764328	grp-a001-02-000000069047580	구수한곡물단백질	nad-a001-02-000000553654562	bsn-a001-00-000000013604308	19	18	8753	M	1	1	3794	3	0
20260927	4291318	cmp-a001-02-000000010764328	grp-a001-02-000000069047580	균형영양식	nad-a001-02-000000541753965	bsn-a001-00-000000013604308	19	09	529514	M	12	0	0	30	0
20260927	4291318	cmp-a001-02-000000010764328	grp-a001-02-000000069047580	단백질쉐이크	nad-a001-02-000000553654562	bsn-a001-00-000000013604308	19	18	529514	M	9	0	0	15	0
20260927	4291318	cmp-a001-02-000000010764328	grp-a001-02-000000069047580	단백질쉐이크	nad-a001-02-000000553654562	bsn-a001-00-000000013604308	19	03	98128	M	2	0	0	2	0
20260927	4291318	cmp-a001-02-000000010764328	grp-a001-02-000000069047580	프로틴	nad-a001-02-000000553654562	bsn-a001-00-000000013604308	19	13	684926	M	4	0	0	24	0
20260927	4291318	cmp-a001-02-000000010764328	grp-a001-02-000000069047580	프로틴	nad-a001-02-000000553654562	bsn-a001-00-000000013604308	19	08	8753	M	2	0	0	10	0
20260927	4291318	cmp-a001-02-000000010764328	grp-a001-02-000000069047580	스토어	nad-a001-02-000000541753996	bsn-a001-00-000000013604308	19	02	98128	M	5	0	0	15	0
20260927	4291318	cmp-a001-02-000000010764328	grp-a001-02-000000069047580	단백질바	nad-a001-02-000000553654558	bsn-a001-00-000000013604308	19	02	8753	M	3	0	0	14	0
20260927	4291318	cmp-a001-02-000000010764328	grp-a001-02-000000069047580	하루단백질섭취량	nad-a001-02-000000553654562	bsn-a001-00-000000013604308	19	08	8753	M	1	0	0	5	0
20260927	4291318	cmp-a001-02-000000010764328	grp-a001-02-000000069047580	단백질바	nad-a001-02-000000553654558	bsn-a001-00-000000013604308	19	16	98128	M	2	0	0	4	0
20260927	4291318	cmp-a001-02-000000010764328	grp-a001-02-000000069047580	단백질쉐이크	nad-a001-02-000000553654562	bsn-a001-00-000000013604308	19	13	11068	P	1	0	0	8	0
20260927	4291318	cmp-a001-02-000000010764328	grp-a001-02-000000069047580	단백질파우더	nad-a001-02-000000553654562	bsn-a001-00-000000013604308	19	07	8753	M	1	0	0	5	0
20260927	4291318	cmp-a001-02-000000010764328	grp-a001-02-000000069047580	프로틴	nad-a001-02-000000553654562	bsn-a001-00-000000013604308	19	18	529514	M	3	0	0	3	0
20260927	4291318	cmp-a001-02-000000010764328	grp-a001-02-000000069047580	ISP단백질	nad-a001-02-000000553654562	bsn-a001-00-000000013604308	19	02	8753	M	2	0	0	6	0
20260927	4291318	cmp-a001-02-000000010764328	grp-a001-02-000000069047580	에너지바	nad-a001-02-000000553654554	bsn-a001-00-000000013604308	19	09	8753	M	1	0	0	1	0
20260927	4291318	cmp-a001-02-000000010764328	grp-a001-02-000000069047580	단백질쉐이크	nad-a001-02-000000553654562	bsn-a001-00-000000013604308	19	10	529514	M	5	0	0	7	0
20260927	4291318	cmp-a001-02-000000010764328	grp-a001-02-000000069047580	프로틴바	nad-a001-02-000000553654558	bsn-a001-00-000000013604308	19	01	529514	M	7	0	0	14	0
20260927	4291318	cmp-a001-02-000000010764328	grp-a001-02-000000069047580	황성주생식	nad-a001-02-000000541753996	bsn-a001-00-000000013604308	19	08	8753	M	3	0	0	11	0
20260927	4291318	cmp-a001-02-000000010764328	grp-a001-02-000000069047580	프로틴바	nad-a001-02-000000553654554	bsn-a001-00-000000013604308	19	09	23123	P	2	0	0	2	0
20260927	4291318	cmp-a001-02-000000010764328	grp-a001-02-000000069047580	사랑은	nad-a001-02-000000553654558	bsn-a001-00-000000013604308	19	09	98128	M	3	0	0	9	0
20260927	4291318	cmp-a001-02-000000010764328	grp-a001-02-000000069047580	단백질보충제	nad-a001-02-000000553654562	bsn-a001-00-000000013604308	19	04	8753	M	2	0	0	10	0
20260927	4291318	cmp-a001-02-000000010764328	grp-a001-02-000000069047580	스토어	nad-a001-02-000000541753996	bsn-a001-00-000000013604308	19	15	98128	M	5	0	0	15	0
20260927	4291318	cmp-a001-02-000000010764328	grp-a001-02-000000069047580	황성주생식14개	nad-a001-02-000000541753997	bsn-a001-00-000000013604308	19	09	33421	M	1	1	5450	1	0
20260927	4291318	cmp-a001-02-000000010764328	grp-a001-02-000000069047580	단백질바	nad-a001-02-000000553654554	bsn-a001-00-000000013604308	19	16	98128	M	2	0	0	2	0
20260927	4291318	cmp-a001-02-000000010764328	grp-a001-02-000000069047580	단백질	nad-a001-02-000000553654562	bsn-a001-00-000000013604308	19	04	8753	M	1	0	0	3	0
20260927	4291318	cmp-a001-02-000000010764328	grp-a001-02-000000069047580	에너지바	nad-a001-02-000000553654559	bsn-a001-00-000000013604308	19	07	33421	M	1	0	0	6	0
20260927	4291318	cmp-a001-02-000000010764328	grp-a001-02-000000069047580	사랑이	nad-a001-02-000000553654558	bsn-a001-00-000000013604308	19	99	529514	M	4	0	0	5	0
20260927	4291318	cmp-a001-02-000000010764328	grp-a001-02-000000069047580	소화농장햇들깨가루	nad-a001-02-000000541753996	bsn-a001-00-000000013604308	19	02	341898	M	1	0	0	1	0
20260927	4291318	cmp-a001-02-000000010764328	grp-a001-02-000000069047580	프로틴	nad-a001-02-000000553654562	bsn-a001-00-000000013604308	19	06	8753	M	3	0	0	13	0
20260927	4291318	cmp-a001-02-000000010764328	grp-a001-02-000000069047580	사탕젤리	nad-a001-02-000000541753985	bsn-a001-00-000000013604308	19	00	23123	P	1	0	0	4	0
20260927	4291318	cmp-a001-02-000000010764328	grp-a001-02-000000069047580	에너지바	nad-a001-02-000000553654558	bsn-a001-00-000000013604308	19	09	33421	M	3	0	0	6	0
20260927	4291318	cmp-a001-02-000000010764328	grp-a001-02-000000069047580	프로틴바	nad-a001-02-000000553654559	bsn-a001-00-000000013604308	19	09	768323	M	1	0	0	7	0
20260927	4291318	cmp-a001-02-000000010764328	grp-a001-02-000000069047580	PROTEIN	nad-a001-02-000000553654562	bsn-a001-00-000000013604308	19	09	529514	M	8	0	0	8	0
20260927	4291318	cmp-a001-02-000000010764328	grp-a001-02-000000069047580	황성주생식14개	nad-a001-02-000000541753997	bsn-a001-00-000000013604308	19	09	8753	M	1	0	0	1	0
20260927	4291318	cmp-a001-02-000000010764328	grp-a001-02-000000069047580	단백질	nad-a001-02-000000553654562	bsn-a001-00-000000013604308	19	13	11068	P	2	0	0	10	0
20260927	4291318	cmp-a001-02-000000010764328	grp-a001-02-000000069047580	황성주생식	nad-a001-02-000000541754004	bsn-a001-00-000000013604308	19	08	684924	M	1	0	0	1	0
20260927	4291318	cmp-a001-02-000000010764328	grp-a001-02-000000069047580	네이버스토어	nad-a001-02-000000541753996	bsn-a001-00-000000013604308	19	99	612594	M	1	0	0	6	0
20260927	4291318	cmp-a001-02-000000010764328	grp-a001-02-000000069047580	사탕젤리	nad-a001-02-000000541753985	bsn-a001-00-000000013604308	19	02	87620	M	4	0	0	9	0
20260927	4291318	cmp-a001-02-000000010764328	grp-a001-02-000000069047580	생식가루	nad-a001-02-000000541754004	bsn-a001-00-000000013604308	19	13	8753	M	1	0	0	5	0
20260927	4291318	cmp-a001-02-000000010764328	grp-a001-02-000000069047580	단백질바	nad-a001-02-000000553654558	bsn-a001-00-000000013604308	19	08	529514	M	22	0	0	32	0
20260927	4291318	cmp-a001-02-000000010764328	grp-a001-02-000000069047580	프로틴바	nad-a001-02-000000553654558	bsn-a001-00-000000013604308	19	09	768323	M	1	0	0	2	0
20260927	4291318	cmp-a001-02-000000010764328	grp-a001-02-000000069047580	네이버스토어	nad-a001-02-000000541753997	bsn-a001-00-000000013604308	19	06	335738	P	1	0	0	5	0
20260927	4291318	cmp-a001-02-000000010764328	grp-a001-02-000000069047580	프로틴	nad-a001-02-000000553654562	bsn-a001-00-000000013604308	19	04	768323	M	1	0	0	2	0
20260927	4291318	cmp-a001-02-000000010764328	grp-a001-02-000000069047580	단백질바	nad-a001-02-000000553654554	bsn-a001-00-000000013604308	19	10	33421	M	1	0	0	1	0
20260927	4291318	cmp-a001-02-000000010764328	grp-a001-02-000000069047580	단백질추천	nad-a001-02-000000553654562	bsn-a001-00-000000013604308	19	07	33421	M	1	0	0	4	0
20260927	4291318	cmp-a001-02-000000010764328	grp-a001-02-000000069047580	프로틴	nad-a001-02-000000553654562	bsn-a001-00-000000013604308	19	15	612594	M	1	0	0	1	0
20260927	4291318	cmp-a001-02-000000010764328	grp-a001-02-000000069047580	사랑	nad-a001-02-000000553654554	bsn-a001-00-000000013604308	19	11	98128	M	2	0	0	4	0
20260927	4291318	cmp-a001-02-000000010764328	grp-a001-02-000000069047580	사탕젤리	nad-a001-02-000000541753985	bsn-a001-00-000000013604308	19	03	23123	P	1	0	0	4	0
20260927	4291318	cmp-a001-02-000000010764328	grp-a001-02-000000069047580	스토어	nad-a001-02-000000541754004	bsn-a001-00-000000013604308	19	17	98128	M	2	0	0	2	0
20260927	4291318	cmp-a001-02-000000010764328	grp-a001-02-000000069047580	단백질바	nad-a001-02-000000553654559	bsn-a001-00-000000013604308	19	02	529514	M	15	0	0	66	0
20260927	4291318	cmp-a001-02-000000010764328	grp-a001-02-000000069047580	사랑이	nad-a001-02-000000553654558	bsn-a001-00-000000013604308	19	99	98128	M	1	0	0	3	0
20260927	4291318	cmp-a001-02-000000010764328	grp-a001-02-000000069047580	사랑님	nad-a001-02-000000553654558	bsn-a001-00-000000013604308	19	03	529514	M	2	0	0	3	0
20260927	4291318	cmp-a001-02-000000010764328	grp-a001-02-000000069047580	황성주박사의암환자용동결곡물가루	nad-a001-02-000000541754004	bsn-a001-00-000000013604308	19	01	8753	M	1	0	0	2	0
20260927	4291318	cmp-a001-02-000000010764328	grp-a001-02-000000069047580	사랑이라	nad-a001-02-000000553654554	bsn-a001-00-000000013604308	19	07	98128	M	1	0	0	2	0
20260927	4291318	cmp-a001-02-000000010764328	grp-a001-02-000000069047580	에너지바	nad-a001-02-000000553654558	bsn-a001-00-000000013604308	19	11	33421	M	1	0	0	2	0
20260927	4291318	cmp-a001-02-000000010764328	grp-a001-02-000000069047580	황성주생식	nad-a001-02-000000541754004	bsn-a001-00-000000013604308	19	08	341898	M	2	0	0	2	0
20260927	4291318	cmp-a001-02-000000010764328	grp-a001-02-000000069047580	프로틴단백질	nad-a001-02-000000553654562	bsn-a001-00-000000013604308	19	16	8753	M	1	0	0	5	0
20260927	4291318	cmp-a001-02-000000010764328	grp-a001-02-000000069047580	생식가루	nad-a001-02-000000541753997	bsn-a001-00-000000013604308	19	13	8753	M	1	0	0	1	0
20260927	4291318	cmp-a001-02-000000010764328	grp-a001-02-000000069047580	대두단백질	nad-a001-02-000000553654562	bsn-a001-00-000000013604308	19	18	8753	M	1	0	0	2	0
20260927	4291318	cmp-a001-02-000000010764328	grp-a001-02-000000069047580	단백질쉐이크추천	nad-a001-02-000000553654562	bsn-a001-00-000000013604308	19	09	8753	M	1	0	0	4	0
20260927	4291318	cmp-a001-02-000000010764328	grp-a001-02-000000069047580	가루	nad-a001-02-000000541754004	bsn-a001-00-000000013604308	19	15	137281	M	1	0	0	2	0
20260927	4291318	cmp-a001-02-000000010764328	grp-a001-02-000000069047580	젤리	nad-a001-02-000000541753985	bsn-a001-00-000000013604308	19	99	98128	M	4	0	0	4	0
20260927	4291318	cmp-a001-02-000000010764328	grp-a001-02-000000069047580	젤리	nad-a001-02-000000541753985	bsn-a001-00-000000013604308	19	02	768323	M	6	0	0	6	0
20260927	4291318	cmp-a001-02-000000010764328	grp-a001-02-000000069047580	만수산남사면석가루	nad-a001-02-000000541753997	bsn-a001-00-000000013604308	19	16	8753	M	1	0	0	1	0
20260927	4291318	cmp-a001-02-000000010764328	grp-a001-02-000000069047580	단백질보충제	nad-a001-02-000000553654562	bsn-a001-00-000000013604308	19	09	87620	M	1	0	0	1	0
20260927	4291318	cmp-a001-02-000000010764328	grp-a001-02-000000069047580	단백질보충제	nad-a001-02-000000553654562	bsn-a001-00-000000013604308	19	02	33421	M	1	0	0	4	0
20260927	4291318	cmp-a001-02-000000010764328	grp-a001-02-000000069047580	황성주생식라이프밀	nad-a001-02-000000541754005	bsn-a001-00-000000013604308	19	02	684926	M	1	0	0	3	0
20260927	4291318	cmp-a001-02-000000010764328	grp-a001-02-000000069047580	단백질쉐이크	nad-a001-02-000000553654562	bsn-a001-00-000000013604308	19	09	529514	M	159	0	0	203	0
20260927	4291318	cmp-a001-02-000000010764328	grp-a001-02-000000069047580	황성주생식	nad-a001-02-000000541753988	bsn-a001-00-000000013604308	19	08	8753	M	1	0	0	5	0
20260927	4291318	cmp-a001-02-000000010764328	grp-a001-02-000000069047580	프로틴쉐이크	nad-a001-02-000000553654562	bsn-a001-00-000000013604308	19	18	529514	M	2	0	0	2	0
20260927	4291318	cmp-a001-02-000000010764328	grp-a001-02-000000069047580	사랑	nad-a001-02-000000553654554	bsn-a001-00-000000013604308	19	04	98128	M	1	0	0	2	0
20260927	4291318	cmp-a001-02-000000010764328	grp-a001-02-000000069047580	황성주박사의암환자용동결곡물가루	nad-a001-02-000000541753997	bsn-a001-00-000000013604308	19	01	8753	M	1	1	4217	1	0
20260927	4291318	cmp-a001-02-000000010764328	grp-a001-02-000000069047580	단백질쉐이크	nad-a001-02-000000553654562	bsn-a001-00-000000013604308	19	09	768323	M	1	0	0	1	0
20260927	4291318	cmp-a001-02-000000010764328	grp-a001-02-000000069047580	사랑	nad-a001-02-000000553654558	bsn-a001-00-000000013604308	19	11	98128	M	2	0	0	6	0
20260927	4291318	cmp-a001-02-000000010764328	grp-a001-02-000000069047580	단백질바	nad-a001-02-000000553654554	bsn-a001-00-000000013604308	19	09	27758	P	1	0	0	4	0
20260927	4291318	cmp-a001-02-000000010764328	grp-a001-02-000000069047580	단백질간식	nad-a001-02-000000553654558	bsn-a001-00-000000013604308	19	02	8753	M	2	0	0	6	0
20260927	4291318	cmp-a001-02-000000010764328	grp-a001-02-000000069047580	단백질	nad-a001-02-000000553654562	bsn-a001-00-000000013604308	19	09	8753	M	2	0	0	9	0
20260927	4291318	cmp-a001-02-000000010764328	grp-a001-02-000000069047580	프로틴	nad-a001-02-000000553654562	bsn-a001-00-000000013604308	19	09	684926	M	2	0	0	14	0
20260927	4291318	cmp-a001-02-000000010764328	grp-a001-02-000000069047580	프로틴바	nad-a001-02-000000553654559	bsn-a001-00-000000013604308	19	01	529514	M	7	0	0	40	0
20260927	4291318	cmp-a001-02-000000010764328	grp-a001-02-000000069047580	단백질쉐이크	nad-a001-02-000000553654562	bsn-a001-00-000000013604308	19	09	8753	M	6	0	0	42	0
20260927	4291318	cmp-a001-02-000000010764328	grp-a001-02-000000069047580	하루단백질섭취량	nad-a001-02-000000553654562	bsn-a001-00-000000013604308	19	09	8753	M	1	0	0	5	0
20260927	4291318	cmp-a001-02-000000010764328	grp-a001-02-000000069047580	프로틴	nad-a001-02-000000553654562	bsn-a001-00-000000013604308	19	01	529514	M	9	0	0	9	0
20260927	4291318	cmp-a001-02-000000010764328	grp-a001-02-000000069047580	젤리	nad-a001-02-000000541753985	bsn-a001-00-000000013604308	19	02	612594	M	1	0	0	1	0
20260927	4291318	cmp-a001-02-000000010764328	grp-a001-02-000000069047580	다이어트쉐이크	nad-a001-02-000000553654562	bsn-a001-00-000000013604308	19	15	768323	M	1	0	0	2	0
20260927	4291318	cmp-a001-02-000000010764328	grp-a001-02-000000069047580	단백질쉐이크	nad-a001-02-000000553654562	bsn-a001-00-000000013604308	19	18	8753	M	1	0	0	9	0
20260927	4291318	cmp-a001-02-000000010764328	grp-a001-02-000000069047580	단백질파우더	nad-a001-02-000000553654562	bsn-a001-00-000000013604308	19	01	8753	M	1	0	0	5	0
20260927	4291318	cmp-a001-02-000000010764328	grp-a001-02-000000069047580	사랑	nad-a001-02-000000553654558	bsn-a001-00-000000013604308	19	14	98128	M	4	0	0	12	0
20260927	4291318	cmp-a001-02-000000010764328	grp-a001-02-000000069047580	프로틴바	nad-a001-02-000000553654554	bsn-a001-00-000000013604308	19	02	23123	P	1	0	0	1	0
20260927	4291318	cmp-a001-02-000000010764328	grp-a001-02-000000069047580	프로틴	nad-a001-02-000000553654562	bsn-a001-00-000000013604308	19	03	8753	M	2	0	0	9	0
20260927	4291318	cmp-a001-02-000000010764328	grp-a001-02-000000069047580	단백질	nad-a001-02-000000553654562	bsn-a001-00-000000013604308	19	15	8753	M	2	0	0	8	0
20260927	4291318	cmp-a001-02-000000010764328	grp-a001-02-000000069047580	프로틴보충제	nad-a001-02-000000553654562	bsn-a001-00-000000013604308	19	07	33421	M	1	0	0	6	0
20260927	4291318	cmp-a001-02-000000010764328	grp-a001-02-000000069047580	황성주생식	nad-a001-02-000000541753988	bsn-a001-00-000000013604308	19	03	8753	M	1	0	0	6	0
20260927	4291318	cmp-a001-02-000000010764328	grp-a001-02-000000069047580	자연생식	nad-a001-02-000000541753996	bsn-a001-00-000000013604308	19	02	341898	M	1	0	0	1	0
20260927	4291318	cmp-a001-02-000000010764328	grp-a001-02-000000069047580	만수산남사면석가루	nad-a001-02-000000541753996	bsn-a001-00-000000013604308	19	16	8753	M	1	0	0	4	0
20260927	4291318	cmp-a001-02-000000010764328	grp-a001-02-000000069047580	프로틴바	nad-a001-02-000000553654554	bsn-a001-00-000000013604308	19	01	529514	M	7	0	0	7	0
20260927	4291318	cmp-a001-02-000000010764328	grp-a001-02-000000069047580	프로틴	nad-a001-02-000000553654562	bsn-a001-00-000000013604308	19	99	768323	M	24	0	0	58	0
20260927	4291318	cmp-a001-02-000000010764328	grp-a001-02-000000069047580	단백질쉐이크추천	nad-a001-02-000000553654562	bsn-a001-00-000000013604308	19	02	8753	M	2	0	0	9	0
20260927	4291318	cmp-a001-02-000000010764328	grp-a001-02-000000069047580	황성주생식	nad-a001-02-000000541754005	bsn-a001-00-000000013604308	19	04	684926	M	1	0	0	6	0
20260927	4291318	cmp-a001-02-000000010764328	grp-a001-02-000000069047580	에너지바	nad-a001-02-000000553654559	bsn-a001-00-000000013604308	19	03	33421	M	1	0	0	6	0
20260927	4291318	cmp-a001-02-000000010764328	grp-a001-02-000000069047580	에너지바	nad-a001-02-000000553654559	bsn-a001-00-000000013604308	19	13	33421	M	1	0	0	6	0
20260927	4291318	cmp-a001-02-000000010764328	grp-a001-02-000000069047580	스토어	nad-a001-02-000000541753996	bsn-a001-00-000000013604308	19	99	98128	M	5	0	0	15	0
20260927	4291318	cmp-a001-02-000000010764328	grp-a001-02-000000069047580	사랑스러워서	nad-a001-02-000000553654558	bsn-a001-00-000000013604308	19	00	805759	P	1	0	0	18	0
20260927	4291318	cmp-a001-02-000000010764328	grp-a001-02-000000069047580	가루	nad-a001-02-000000541754004	bsn-a001-00-000000013604308	19	16	137281	M	2	0	0	4	0
20260927	4291318	cmp-a001-02-000000010764328	grp-a001-02-000000069047580	에너지바	nad-a001-02-000000553654558	bsn-a001-00-000000013604308	19	06	33421	M	2	0	0	4	0
20260927	4291318	cmp-a001-02-000000010764328	grp-a001-02-000000069047580	다이어트쉐이크	nad-a001-02-000000553654562	bsn-a001-00-000000013604308	19	11	768323	M	6	0	0	9	0
20260927	4291318	cmp-a001-02-000000010764328	grp-a001-02-000000069047580	황성주생식	nad-a001-02-000000541754005	bsn-a001-00-000000013604308	19	02	529514	M	3	0	0	9	0
20260927	4291318	cmp-a001-02-000000010764328	grp-a001-02-000000069047580	식물단백질	nad-a001-02-000000553654562	bsn-a001-00-000000013604308	19	11	8753	M	1	0	0	3	0
20260927	4291318	cmp-a001-02-000000010764328	grp-a001-02-000000069047580	스토어	nad-a001-02-000000541754004	bsn-a001-00-000000013604308	19	04	98128	M	16	0	0	16	0
20260927	4291318	cmp-a001-02-000000010764328	grp-a001-02-000000069047580	단백질쉐이크	nad-a001-02-000000553654562	bsn-a001-00-000000013604308	19	03	8753	M	1	0	0	3	0
20260927	4291318	cmp-a001-02-000000010764328	grp-a001-02-000000069047580	칼로리바	nad-a001-02-000000553654559	bsn-a001-00-000000013604308	19	07	8753	M	1	0	0	3	0
20260927	4291318	cmp-a001-02-000000010764328	grp-a001-02-000000069047580	프로틴	nad-a001-02-000000553654562	bsn-a001-00-000000013604308	19	02	33421	M	1	0	0	5	0
20260927	4291318	cmp-a001-02-000000010764328	grp-a001-02-000000069047580	단백질쉐이크	nad-a001-02-000000553654562	bsn-a001-00-000000013604308	19	09	27758	P	1	0	0	3	0
20260927	4291318	cmp-a001-02-000000010764328	grp-a001-02-000000069047580	프로틴파우더섭취량	nad-a001-02-000000553654562	bsn-a001-00-000000013604308	19	01	8753	M	1	0	0	3	0
20260927	4291318	cmp-a001-02-000000010764328	grp-a001-02-000000069047580	사랑이라	nad-a001-02-000000553654558	bsn-a001-00-000000013604308	19	07	98128	M	1	0	0	3	0
20260927	4291318	cmp-a001-02-000000010764328	grp-a001-02-000000069047580	프로틴바	nad-a001-02-000000553654558	bsn-a001-00-000000013604308	19	09	529514	M	2	0	0	3	0
20260927	4291318	cmp-a001-02-000000010764328	grp-a001-02-000000069047580	스토어	nad-a001-02-000000541753997	bsn-a001-00-000000013604308	19	07	98128	M	1	0	0	2	0
20260927	4291318	cmp-a001-02-000000010764328	grp-a001-02-000000069047580	프로틴쉐이크	nad-a001-02-000000553654562	bsn-a001-00-000000013604308	19	99	529514	M	1	0	0	1	0
20260927	4291318	cmp-a001-02-000000010764328	grp-a001-02-000000069047580	사랑	nad-a001-02-000000553654558	bsn-a001-00-000000013604308	19	09	98128	M	6	0	0	18	0
20260927	4291318	cmp-a001-02-000000010764328	grp-a001-02-000000069047580	황성주생식	nad-a001-02-000000541754004	bsn-a001-00-000000013604308	19	09	529514	M	8	0	0	16	0
20260927	4291318	cmp-a001-02-000000010764328	grp-a001-02-000000069047580	사랑하고	nad-a001-02-000000553654554	bsn-a001-00-000000013604308	19	08	98128	M	1	0	0	2	0
20260927	4291318	cmp-a001-02-000000010764328	grp-a001-02-000000069047580	균형영양식	nad-a001-02-000000541753965	bsn-a001-00-000000013604308	19	18	87620	M	1	0	0	3	0
20260927	4291318	cmp-a001-02-000000010764328	grp-a001-02-000000069047580	치플레크런치플레	nad-a001-02-000000553654554	bsn-a001-00-000000013604308	19	11	8753	M	1	0	0	3	0
20260927	4291318	cmp-a001-02-000000010764328	grp-a001-02-000000069047580	황성주생식	nad-a001-02-000000541754004	bsn-a001-00-000000013604308	19	08	33421	M	2	0	0	4	0
20260927	4291318	cmp-a001-02-000000010764328	grp-a001-02-000000069047580	사랑이	nad-a001-02-000000553654558	bsn-a001-00-000000013604308	19	02	529514	M	2	0	0	3	0
20260927	4291318	cmp-a001-02-000000010764328	grp-a001-02-000000069047580	산베이과자보관방법	nad-a001-02-000000553654554	bsn-a001-00-000000013604308	19	02	8753	M	1	0	0	1	0
20260927	4291318	cmp-a001-02-000000010764328	grp-a001-02-000000069047580	사랑하고	nad-a001-02-000000553654558	bsn-a001-00-000000013604308	19	08	98128	M	1	0	0	3	0
20260927	4291318	cmp-a001-02-000000010764328	grp-a001-02-000000069047580	박재훈프로틴시리얼	nad-a001-02-000000553654554	bsn-a001-00-000000013604308	19	09	8753	M	1	0	0	1	0
20260927	4291318	cmp-a001-02-000000010764328	grp-a001-02-000000069047580	에너지바	nad-a001-02-000000553654554	bsn-a001-00-000000013604308	19	07	33421	M	1	0	0	1	0
20260927	4291318	cmp-a001-02-000000010764328	grp-a001-02-000000069047580	프로틴	nad-a001-02-000000553654562	bsn-a001-00-000000013604308	19	09	33421	M	2	0	0	8	0
20260927	4291318	cmp-a001-02-000000010764328	grp-a001-02-000000069047580	단백질	nad-a001-02-000000553654562	bsn-a001-00-000000013604308	19	08	529514	M	1	0	0	1	0
20260927	4291318	cmp-a001-02-000000010764328	grp-a001-02-000000069047580	단백질보충제	nad-a001-02-000000553654562	bsn-a001-00-000000013604308	19	02	87620	M	1	0	0	1	0
20260927	4291318	cmp-a001-02-000000010764328	grp-a001-02-000000069047580	제리	nad-a001-02-000000541753985	bsn-a001-00-000000013604308	19	09	98128	M	6	0	0	6	0
20260927	4291318	cmp-a001-02-000000010764328	grp-a001-02-000000069047580	프로틴바	nad-a001-02-000000553654554	bsn-a001-00-000000013604308	19	09	768323	M	1	0	0	1	0
20260927	4291318	cmp-a001-02-000000010764328	grp-a001-02-000000069047580	국산청국장분말	nad-a001-02-000000541754005	bsn-a001-00-000000013604308	19	07	341898	M	3	0	0	3	0
20260927	4291318	cmp-a001-02-000000010764328	grp-a001-02-000000069047580	사탕젤리	nad-a001-02-000000541753985	bsn-a001-00-000000013604308	19	09	87620	M	1	0	0	1	0
20260927	4291318	cmp-a001-02-000000010764328	grp-a001-02-000000069047580	스토어	nad-a001-02-000000541753996	bsn-a001-00-000000013604308	19	03	98128	M	1	0	0	3	0
20260927	4291318	cmp-a001-02-000000010764328	grp-a001-02-000000069047580	AEGE단백질쉐이크	nad-a001-02-000000553654562	bsn-a001-00-000000013604308	19	06	8753	M	1	0	0	5	0
20260927	4291318	cmp-a001-02-000000010764328	grp-a001-02-000000069047580	프로틴바	nad-a001-02-000000553654558	bsn-a001-00-000000013604308	19	04	529514	M	4	0	0	6	0
20260927	4291318	cmp-a001-02-000000010764328	grp-a001-02-000000069047580	하루단백질섭취량	nad-a001-02-000000553654562	bsn-a001-00-000000013604308	19	01	8753	M	1	0	0	3	0
20260927	4291318	cmp-a001-02-000000010764328	grp-a001-02-000000069047580	칼로리바	nad-a001-02-000000553654558	bsn-a001-00-000000013604308	19	01	8753	M	2	0	0	4	0
20260927	4291318	cmp-a001-02-000000010764328	grp-a001-02-000000069047580	다이어트쉐이크	nad-a001-02-000000553654562	bsn-a001-00-000000013604308	19	07	768323	M	1	0	0	2	0
20260927	4291318	cmp-a001-02-000000010764328	grp-a001-02-000000069047580	칼로리바	nad-a001-02-000000553654554	bsn-a001-00-000000013604308	19	01	8753	M	2	0	0	2	0
20260927	4291318	cmp-a001-02-000000010764328	grp-a001-02-000000069047580	곡물흑임자단백질쉐이크	nad-a001-02-000000553654562	bsn-a001-00-000000013604308	19	09	8753	M	1	0	0	1	0
20260927	4291318	cmp-a001-02-000000010764328	grp-a001-02-000000069047580	스토어	nad-a001-02-000000541754004	bsn-a001-00-000000013604308	19	15	98128	M	9	0	0	9	0
20260927	4291318	cmp-a001-02-000000010764328	grp-a001-02-000000069047580	황성주생식	nad-a001-02-000000541753997	bsn-a001-00-000000013604308	19	09	8753	M	4	0	0	4	0
20260927	4291318	cmp-a001-02-000000010764328	grp-a001-02-000000069047580	사랑	nad-a001-02-000000553654554	bsn-a001-00-000000013604308	19	99	98128	M	2	0	0	4	0
20260927	4291318	cmp-a001-02-000000010764328	grp-a001-02-000000069047580	단백질파우더	nad-a001-02-000000553654562	bsn-a001-00-000000013604308	19	02	8753	M	3	0	0	14	0
20260927	4291318	cmp-a001-02-000000010764328	grp-a001-02-000000069047580	젤리	nad-a001-02-000000541753985	bsn-a001-00-000000013604308	19	16	8753	M	1	0	0	2	0
20260927	4291318	cmp-a001-02-000000010764328	grp-a001-02-000000069047580	프로틴바	nad-a001-02-000000553654559	bsn-a001-00-000000013604308	19	02	23123	P	1	0	0	7	0
20260927	4291318	cmp-a001-02-000000010764328	grp-a001-02-000000069047580	사랑이	nad-a001-02-000000553654554	bsn-a001-00-000000013604308	19	11	529514	M	2	0	0	3	0
20260927	4291318	cmp-a001-02-000000010764328	grp-a001-02-000000069047580	단백질식품1위	nad-a001-02-000000553654562	bsn-a001-00-000000013604308	19	08	612594	M	1	0	0	2	0
20260927	4291318	cmp-a001-02-000000010764328	grp-a001-02-000000069047580	프로틴바	nad-a001-02-000000553654554	bsn-a001-00-000000013604308	19	09	27758	P	1	0	0	1	0
20260927	4291318	cmp-a001-02-000000010764328	grp-a001-02-000000069047580	단백질파우더추천	nad-a001-02-000000553654562	bsn-a001-00-000000013604308	19	16	8753	M	1	0	0	6	0
20260927	4291318	cmp-a001-02-000000010764328	grp-a001-02-000000069047580	사랑	nad-a001-02-000000553654554	bsn-a001-00-000000013604308	19	03	98128	M	1	0	0	2	0
20260927	4291318	cmp-a001-02-000000010764328	grp-a001-02-000000069047580	단백질	nad-a001-02-000000553654562	bsn-a001-00-000000013604308	19	02	8753	M	6	0	0	22	0
20260927	4291318	cmp-a001-02-000000010764328	grp-a001-02-000000069047580	젤리	nad-a001-02-000000541753985	bsn-a001-00-000000013604308	19	18	8753	M	2	0	0	7	0
20260927	4291318	cmp-a001-02-000000010764328	grp-a001-02-000000069047580	식물성단백질쉐이크효과	nad-a001-02-000000553654562	bsn-a001-00-000000013604308	19	03	8753	M	1	0	0	5	0
20260927	4291318	cmp-a001-02-000000010764328	grp-a001-02-000000069047580	프로틴쉐이크	nad-a001-02-000000553654562	bsn-a001-00-000000013604308	19	02	335738	P	1	0	0	4	0
20260927	4291318	cmp-a001-02-000000010764328	grp-a001-02-000000069047580	ISP단백질	nad-a001-02-000000553654562	bsn-a001-00-000000013604308	19	09	33421	M	1	0	0	2	0
20260927	4291318	cmp-a001-02-000000010764328	grp-a001-02-000000069047580	단백질쉐이크	nad-a001-02-000000553654562	bsn-a001-00-000000013604308	19	11	529514	M	37	0	0	62	0
20260927	4291318	cmp-a001-02-000000010764328	grp-a001-02-000000069047580	단백질보충제	nad-a001-02-000000553654562	bsn-a001-00-000000013604308	19	18	684926	M	2	0	0	16	0
20260927	4291318	cmp-a001-02-000000010764328	grp-a001-02-000000069047580	스토어	nad-a001-02-000000541753997	bsn-a001-00-000000013604308	19	14	98128	M	1	0	0	2	0
20260927	4291318	cmp-a001-02-000000010764328	grp-a001-02-000000069047580	프로틴	nad-a001-02-000000553654562	bsn-a001-00-000000013604308	19	01	768323	M	2	0	0	2	0
20260927	4291318	cmp-a001-02-000000010764328	grp-a001-02-000000069047580	스토어	nad-a001-02-000000541753997	bsn-a001-00-000000013604308	19	16	98128	M	1	0	0	2	0
20260927	4291318	cmp-a001-02-000000010764328	grp-a001-02-000000069047580	단백질바	nad-a001-02-000000553654554	bsn-a001-00-000000013604308	19	11	33421	M	2	0	0	2	0
20260927	4291318	cmp-a001-02-000000010764328	grp-a001-02-000000069047580	젤리	nad-a001-02-000000541753985	bsn-a001-00-000000013604308	19	15	768323	M	2	0	0	2	0
20260927	4291318	cmp-a001-02-000000010764328	grp-a001-02-000000069047580	황성주생식14개	nad-a001-02-000000541754004	bsn-a001-00-000000013604308	19	09	8753	M	1	0	0	2	0
20260927	4291318	cmp-a001-02-000000010764328	grp-a001-02-000000069047580	젤리	nad-a001-02-000000541753985	bsn-a001-00-000000013604308	19	03	8753	M	1	0	0	2	0
20260927	4291318	cmp-a001-02-000000010764328	grp-a001-02-000000069047580	황성주박사의암환자용동결곡물가루	nad-a001-02-000000541753988	bsn-a001-00-000000013604308	19	01	8753	M	1	0	0	5	0
20260927	4291318	cmp-a001-02-000000010764328	grp-a001-02-000000069047580	프로틴	nad-a001-02-000000553654562	bsn-a001-00-000000013604308	19	99	8753	M	2	0	0	10	0
20260927	4291318	cmp-a001-02-000000010764328	grp-a001-02-000000069047580	간식으로단백질바	nad-a001-02-000000553654558	bsn-a001-00-000000013604308	19	02	8753	M	1	0	0	3	0
20260927	4291318	cmp-a001-02-000000010764328	grp-a001-02-000000069047580	단백질	nad-a001-02-000000553654562	bsn-a001-00-000000013604308	19	99	137281	M	1	0	0	1	0
20260927	4291318	cmp-a001-02-000000010764328	grp-a001-02-000000069047580	식사대용쉐이크	nad-a001-02-000000553654562	bsn-a001-00-000000013604308	19	02	8753	M	1	0	0	6	0
20260927	4291318	cmp-a001-02-000000010764328	grp-a001-02-000000069047580	단백질보충제	nad-a001-02-000000553654562	bsn-a001-00-000000013604308	19	02	27758	P	2	0	0	6	0
20260927	4291318	cmp-a001-02-000000010764328	grp-a001-02-000000069047580	젤리	nad-a001-02-000000541753985	bsn-a001-00-000000013604308	19	06	768323	M	2	0	0	2	0
20260927	4291318	cmp-a001-02-000000010764328	grp-a001-02-000000069047580	식사대용	nad-a001-02-000000553654562	bsn-a001-00-000000013604308	19	02	8753	M	2	0	0	7	0
20260927	4291318	cmp-a001-02-000000010764328	grp-a001-02-000000069047580	단백질	nad-a001-02-000000553654562	bsn-a001-00-000000013604308	19	02	27758	P	1	0	0	4	0
20260927	4291318	cmp-a001-02-000000010764328	grp-a001-02-000000069047580	황성주생식	nad-a001-02-000000541754005	bsn-a001-00-000000013604308	19	02	8753	M	1	0	0	3	0
20260927	4291318	cmp-a001-02-000000010764328	grp-a001-02-000000069047580	스토어	nad-a001-02-000000541753997	bsn-a001-00-000000013604308	19	04	98128	M	8	0	0	16	0
20260927	4291318	cmp-a001-02-000000010764328	grp-a001-02-000000069047580	스토어	nad-a001-02-000000541753997	bsn-a001-00-000000013604308	19	02	335738	P	1	0	0	5	0
20260927	4291318	cmp-a001-02-000000010764328	grp-a001-02-000000069047580	균형영양식	nad-a001-02-000000541753965	bsn-a001-00-000000013604308	19	16	529514	M	1	0	0	2	0
20260927	4291318	cmp-a001-02-000000010764328	grp-a001-02-000000069047580	스토어	nad-a001-02-000000541753996	bsn-a001-00-000000013604308	19	04	98128	M	8	0	0	24	0
20260927	4291318	cmp-a001-02-000000010764328	grp-a001-02-000000069047580	젤리	nad-a001-02-000000541753985	bsn-a001-00-000000013604308	19	09	8753	M	4	0	0	7	0
20260927	4291318	cmp-a001-02-000000010764328	grp-a001-02-000000069047580	황성주생식라이프밀	nad-a001-02-000000541754004	bsn-a001-00-000000013604308	19	02	684926	M	1	0	0	2	0
20260927	4291318	cmp-a001-02-000000010764328	grp-a001-02-000000069047580	젤리	nad-a001-02-000000541753985	bsn-a001-00-000000013604308	19	03	529514	M	5	0	0	5	0
20260927	4291318	cmp-a001-02-000000010764328	grp-a001-02-000000069047580	에너지바	nad-a001-02-000000553654554	bsn-a001-00-000000013604308	19	06	33421	M	2	0	0	2	0
20260927	4291318	cmp-a001-02-000000010764328	grp-a001-02-000000069047580	단백질파우더	nad-a001-02-000000553654562	bsn-a001-00-000000013604308	19	11	768323	M	1	0	0	2	0
20260927	4291318	cmp-a001-02-000000010764328	grp-a001-02-000000069047580	사랑이	nad-a001-02-000000553654554	bsn-a001-00-000000013604308	19	10	529514	M	4	0	0	6	0
20260927	4291318	cmp-a001-02-000000010764328	grp-a001-02-000000069047580	사랑	nad-a001-02-000000553654558	bsn-a001-00-000000013604308	19	06	98128	M	2	0	0	6	0
20260927	4291318	cmp-a001-02-000000010764328	grp-a001-02-000000069047580	단백질	nad-a001-02-000000553654562	bsn-a001-00-000000013604308	19	13	529514	M	6	0	0	6	0
20260927	4291318	cmp-a001-02-000000010764328	grp-a001-02-000000069047580	사랑하라	nad-a001-02-000000553654554	bsn-a001-00-000000013604308	19	00	248824	P	5	0	0	10	0
20260927	4291318	cmp-a001-02-000000010764328	grp-a001-02-000000069047580	단백질	nad-a001-02-000000553654562	bsn-a001-00-000000013604308	19	01	529514	M	2	0	0	2	0
20260927	4291318	cmp-a001-02-000000010764328	grp-a001-02-000000069047580	단백질프로틴	nad-a001-02-000000553654562	bsn-a001-00-000000013604308	19	18	529514	M	2	0	0	2	0
20260927	4291318	cmp-a001-02-000000010764328	grp-a001-02-000000069047580	에너지바	nad-a001-02-000000553654558	bsn-a001-00-000000013604308	19	09	529514	M	2	0	0	3	0
20260927	4291318	cmp-a001-02-000000010764328	grp-a001-02-000000069047580	단백질보충제	nad-a001-02-000000553654562	bsn-a001-00-000000013604308	19	09	8753	M	1	0	0	4	0
20260927	4291318	cmp-a001-02-000000010764328	grp-a001-02-000000069047580	프로틴바	nad-a001-02-000000553654554	bsn-a001-00-000000013604308	19	17	768323	M	1	0	0	1	0
20260927	4291318	cmp-a001-02-000000010764328	grp-a001-02-000000069047580	단백질보충제	nad-a001-02-000000553654562	bsn-a001-00-000000013604308	19	06	8753	M	2	0	0	8	0
20260927	4291318	cmp-a001-02-000000010764328	grp-a001-02-000000069047580	쉐이크	nad-a001-02-000000553654562	bsn-a001-00-000000013604308	19	04	8753	M	1	0	0	4	0
20260927	4291318	cmp-a001-02-000000010764328	grp-a001-02-000000069047580	사랑	nad-a001-02-000000553654558	bsn-a001-00-000000013604308	19	10	98128	M	2	0	0	6	0
20260927	4291318	cmp-a001-02-000000010764328	grp-a001-02-000000069047580	단백질보충제	nad-a001-02-000000553654562	bsn-a001-00-000000013604308	19	18	11068	P	2	0	0	9	0
20260927	4291318	cmp-a001-02-000000010764328	grp-a001-02-000000069047580	단백질바추천	nad-a001-02-000000553654558	bsn-a001-00-000000013604308	19	01	8753	M	2	0	0	10	0
20260927	4291318	cmp-a001-02-000000010764328	grp-a001-02-000000069047580	단백질바	nad-a001-02-000000553654554	bsn-a001-00-000000013604308	19	09	33421	M	3	0	0	3	0
20260927	4291318	cmp-a001-02-000000010764328	grp-a001-02-000000069047580	에너지바	nad-a001-02-000000553654558	bsn-a001-00-000000013604308	19	09	791888	M	1	0	0	2	0
20260927	4291318	cmp-a001-02-000000010764328	grp-a001-02-000000069047580	황성주생식14개	nad-a001-02-000000541753988	bsn-a001-00-000000013604308	19	09	33421	M	1	0	0	5	0
20260927	4291318	cmp-a001-02-000000010764328	grp-a001-02-000000069047580	가루	nad-a001-02-000000541754005	bsn-a001-00-000000013604308	19	01	8753	M	1	0	0	5	0
20260927	4291318	cmp-a001-02-000000010764328	grp-a001-02-000000069047580	프로틴	nad-a001-02-000000553654562	bsn-a001-00-000000013604308	19	02	291244	M	3	0	0	4	0
20260927	4291318	cmp-a001-02-000000010764328	grp-a001-02-000000069047580	단백질보충제	nad-a001-02-000000553654562	bsn-a001-00-000000013604308	19	18	529514	M	1	0	0	1	0
20260927	4291318	cmp-a001-02-000000010764328	grp-a001-02-000000069047580	단백질식품	nad-a001-02-000000553654562	bsn-a001-00-000000013604308	19	06	8753	M	2	0	0	8	0
20260927	4291318	cmp-a001-02-000000010764328	grp-a001-02-000000069047580	단백질보충제	nad-a001-02-000000553654562	bsn-a001-00-000000013604308	19	07	684927	P	1	0	0	8	0
20260927	4291318	cmp-a001-02-000000010764328	grp-a001-02-000000069047580	에너지바	nad-a001-02-000000553654559	bsn-a001-00-000000013604308	19	09	33421	M	3	0	0	18	0
20260927	4291318	cmp-a001-02-000000010764328	grp-a001-02-000000069047580	프로틴바	nad-a001-02-000000553654559	bsn-a001-00-000000013604308	19	09	23123	P	2	0	0	12	0
20260927	4291318	cmp-a001-02-000000010764328	grp-a001-02-000000069047580	사랑이	nad-a001-02-000000553654554	bsn-a001-00-000000013604308	19	08	529514	M	3	0	0	5	0
20260927	4291318	cmp-a001-02-000000010764328	grp-a001-02-000000069047580	젤리	nad-a001-02-000000541753985	bsn-a001-00-000000013604308	19	08	98128	M	3	0	0	3	0
20260927	4291318	cmp-a001-02-000000010764328	grp-a001-02-000000069047580	단백질쉐이크	nad-a001-02-000000553654562	bsn-a001-00-000000013604308	19	99	98128	M	2	0	0	2	0
20260927	4291318	cmp-a001-02-000000010764328	grp-a001-02-000000069047580	사랑하라	nad-a001-02-000000553654554	bsn-a001-00-000000013604308	19	08	248824	P	6	0	0	12	0
20260927	4291318	cmp-a001-02-000000010764328	grp-a001-02-000000069047580	황성주생식	nad-a001-02-000000541753997	bsn-a001-00-000000013604308	19	09	529514	M	8	0	0	8	0
20260927	4291318	cmp-a001-02-000000010764328	grp-a001-02-000000069047580	단백질	nad-a001-02-000000553654562	bsn-a001-00-000000013604308	19	99	98128	M	6	0	0	6	0
20260927	4291318	cmp-a001-02-000000010764328	grp-a001-02-000000069047580	프로틴바	nad-a001-02-000000553654558	bsn-a001-00-000000013604308	19	02	27758	P	2	0	0	4	0
20260927	4291318	cmp-a001-02-000000010764328	grp-a001-02-000000069047580	프로틴	nad-a001-02-000000553654562	bsn-a001-00-000000013604308	19	09	768323	M	37	0	0	84	0
20260927	4291318	cmp-a001-02-000000010764328	grp-a001-02-000000069047580	단백질쉐이크추천	nad-a001-02-000000553654562	bsn-a001-00-000000013604308	19	18	8753	M	1	0	0	6	0
20260927	4291318	cmp-a001-02-000000010764328	grp-a001-02-000000069047580	단백질	nad-a001-02-000000553654562	bsn-a001-00-000000013604308	19	10	98128	M	2	0	0	2	0
20260927	4291318	cmp-a001-02-000000010764328	grp-a001-02-000000069047580	프로틴	nad-a001-02-000000553654562	bsn-a001-00-000000013604308	19	09	612594	M	1	0	0	1	0
20260927	4291318	cmp-a001-02-000000010764328	grp-a001-02-000000069047580	가루	nad-a001-02-000000541753997	bsn-a001-00-000000013604308	19	16	137281	M	2	0	0	2	0
20260927	4291318	cmp-a001-02-000000010764328	grp-a001-02-000000069047580	단백질	nad-a001-02-000000553654562	bsn-a001-00-000000013604308	19	16	529514	M	73	0	0	73	0
20260927	4291318	cmp-a001-02-000000010764328	grp-a001-02-000000069047580	황성주프로틴골드	nad-a001-02-000000553654562	bsn-a001-00-000000013604308	19	09	684924	M	1	0	0	1	0
20260927	4291318	cmp-a001-02-000000010764328	grp-a001-02-000000069047580	황성주생식	nad-a001-02-000000541754005	bsn-a001-00-000000013604308	19	03	8753	M	1	0	0	3	0
20260927	4291318	cmp-a001-02-000000010764328	grp-a001-02-000000069047580	황성주생식	nad-a001-02-000000541753988	bsn-a001-00-000000013604308	19	02	529514	M	3	0	0	15	0
20260927	4291318	cmp-a001-02-000000010764328	grp-a001-02-000000069047580	프로틴쉐이크추천	nad-a001-02-000000553654562	bsn-a001-00-000000013604308	19	02	8753	M	1	0	0	6	0
20260927	4291318	cmp-a001-02-000000010764328	grp-a001-02-000000069047580	단백질쉐이크	nad-a001-02-000000553654562	bsn-a001-00-000000013604308	19	13	529514	M	4	0	0	6	0
20260927	4291318	cmp-a001-02-000000010764328	grp-a001-02-000000069047580	다이어트쉐이크	nad-a001-02-000000553654562	bsn-a001-00-000000013604308	19	09	529514	M	2	0	0	2	0
20260927	4291318	cmp-a001-02-000000010764328	grp-a001-02-000000069047580	단백질	nad-a001-02-000000553654562	bsn-a001-00-000000013604308	19	07	529514	M	8	0	0	8	0
20260927	4291318	cmp-a001-02-000000010764328	grp-a001-02-000000069047580	보충제	nad-a001-02-000000553654562	bsn-a001-00-000000013604308	19	02	529514	M	4	0	0	4	0
20260927	4291318	cmp-a001-02-000000010764328	grp-a001-02-000000069047580	사랑	nad-a001-02-000000553654558	bsn-a001-00-000000013604308	19	08	98128	M	5	0	0	15	0
20260927	4291318	cmp-a001-02-000000010764328	grp-a001-02-000000069047580	일본동결건조식품	nad-a001-02-000000541753997	bsn-a001-00-000000013604308	19	09	8753	M	2	0	0	2	0
20260927	4291318	cmp-a001-02-000000010764328	grp-a001-02-000000069047580	프로틴단백질	nad-a001-02-000000553654562	bsn-a001-00-000000013604308	19	13	11068	P	1	0	0	7	0
20260927	4291318	cmp-a001-02-000000010764328	grp-a001-02-000000069047580	사랑이	nad-a001-02-000000553654558	bsn-a001-00-000000013604308	19	18	529514	M	2	0	0	3	0
20260927	4291318	cmp-a001-02-000000010764328	grp-a001-02-000000069047580	다이어트쉐이크	nad-a001-02-000000553654562	bsn-a001-00-000000013604308	19	08	768323	M	1	0	0	2	0
20260927	4291318	cmp-a001-02-000000010764328	grp-a001-02-000000069047580	단백질보충제	nad-a001-02-000000553654562	bsn-a001-00-000000013604308	19	01	8753	M	2	0	0	10	0
20260927	4291318	cmp-a001-02-000000010764328	grp-a001-02-000000069047580	젤리	nad-a001-02-000000541753985	bsn-a001-00-000000013604308	19	08	529514	M	4	0	0	4	0
20260927	4291318	cmp-a001-02-000000010764328	grp-a001-02-000000069047580	에너지바	nad-a001-02-000000553654558	bsn-a001-00-000000013604308	19	02	8753	M	1	0	0	3	0
20260927	4291318	cmp-a001-02-000000010764328	grp-a001-02-000000069047580	프로틴	nad-a001-02-000000553654562	bsn-a001-00-000000013604308	19	04	529514	M	13	0	0	13	0
20260927	4291318	cmp-a001-02-000000010764328	grp-a001-02-000000069047580	스토어	nad-a001-02-000000541754004	bsn-a001-00-000000013604308	19	11	98128	M	2	0	0	2	0
20260927	4291318	cmp-a001-02-000000010764328	grp-a001-02-000000069047580	프로틴	nad-a001-02-000000553654562	bsn-a001-00-000000013604308	19	06	768323	M	14	0	0	27	0
20260927	4291318	cmp-a001-02-000000010764328	grp-a001-02-000000069047580	황성주생식	nad-a001-02-000000541754005	bsn-a001-00-000000013604308	19	08	33421	M	3	0	0	10	0
20260927	4291318	cmp-a001-02-000000010764328	grp-a001-02-000000069047580	단백질바	nad-a001-02-000000553654558	bsn-a001-00-000000013604308	19	02	33421	M	3	0	0	6	0
20260927	4291318	cmp-a001-02-000000010764328	grp-a001-02-000000069047580	가루	nad-a001-02-000000541753997	bsn-a001-00-000000013604308	19	08	98128	M	1	0	0	2	0
20260927	4291318	cmp-a001-02-000000010764328	grp-a001-02-000000069047580	단백질간식추천	nad-a001-02-000000553654558	bsn-a001-00-000000013604308	19	02	8753	M	1	0	0	3	0
20260927	4291318	cmp-a001-02-000000010764328	grp-a001-02-000000069047580	황성주생식	nad-a001-02-000000541754004	bsn-a001-00-000000013604308	19	08	341893	M	1	0	0	1	0
20260927	4291318	cmp-a001-02-000000010764328	grp-a001-02-000000069047580	칼로리바	nad-a001-02-000000553654554	bsn-a001-00-000000013604308	19	02	8753	M	1	0	0	1	0
20260927	4291318	cmp-a001-02-000000010764328	grp-a001-02-000000069047580	스토어	nad-a001-02-000000541753996	bsn-a001-00-000000013604308	19	08	98128	M	6	0	0	18	0
20260927	4291318	cmp-a001-02-000000010764328	grp-a001-02-000000069047580	쉐이크	nad-a001-02-000000553654562	bsn-a001-00-000000013604308	19	13	98128	M	5	0	0	5	0
20260927	4291318	cmp-a001-02-000000010764328	grp-a001-02-000000069047580	프로틴	nad-a001-02-000000553654562	bsn-a001-00-000000013604308	19	99	684926	M	2	0	0	14	0
20260927	4291318	cmp-a001-02-000000010764328	grp-a001-02-000000069047580	저용량단백질파우더	nad-a001-02-000000553654562	bsn-a001-00-000000013604308	19	15	8753	M	2	0	0	8	0
20260927	4291318	cmp-a001-02-000000010764328	grp-a001-02-000000069047580	칼로리바	nad-a001-02-000000553654558	bsn-a001-00-000000013604308	19	15	529514	M	6	0	0	11	0
20260927	4291318	cmp-a001-02-000000010764328	grp-a001-02-000000069047580	식사대용단백질쉐이크	nad-a001-02-000000553654562	bsn-a001-00-000000013604308	19	09	8753	M	1	0	0	7	0
20260927	4291318	cmp-a001-02-000000010764328	grp-a001-02-000000069047580	식물성단백질	nad-a001-02-000000553654562	bsn-a001-00-000000013604308	19	09	33421	M	1	0	0	4	0
20260927	4291318	cmp-a001-02-000000010764328	grp-a001-02-000000069047580	프로틴바	nad-a001-02-000000553654558	bsn-a001-00-000000013604308	19	09	23123	P	2	0	0	4	0
20260927	4291318	cmp-a001-02-000000010764328	grp-a001-02-000000069047580	칼로리바	nad-a001-02-000000553654559	bsn-a001-00-000000013604308	19	15	529514	M	6	0	0	18	0
20260927	4291318	cmp-a001-02-000000010764328	grp-a001-02-000000069047580	프로틴바	nad-a001-02-000000553654554	bsn-a001-00-000000013604308	19	04	529514	M	4	0	0	6	0
20260927	4291318	cmp-a001-02-000000010764328	grp-a001-02-000000069047580	단백질쉐이크	nad-a001-02-000000553654562	bsn-a001-00-000000013604308	19	07	33421	M	1	0	0	11	0
20260927	4291318	cmp-a001-02-000000010764328	grp-a001-02-000000069047580	프로틴	nad-a001-02-000000553654562	bsn-a001-00-000000013604308	19	15	768323	M	8	0	0	15	0
20260927	4291318	cmp-a001-02-000000010764328	grp-a001-02-000000069047580	다이어트쉐이크	nad-a001-02-000000553654562	bsn-a001-00-000000013604308	19	06	768323	M	3	0	0	4	0
20260927	4291318	cmp-a001-02-000000010764328	grp-a001-02-000000069047580	식사대용	nad-a001-02-000000553654562	bsn-a001-00-000000013604308	19	99	529514	M	1	0	0	1	0
20260927	4291318	cmp-a001-02-000000010764328	grp-a001-02-000000069047580	젤리	nad-a001-02-000000541753985	bsn-a001-00-000000013604308	19	09	87620	M	1	0	0	2	0
20260927	4291318	cmp-a001-02-000000010764328	grp-a001-02-000000069047580	사랑할수록	nad-a001-02-000000553654554	bsn-a001-00-000000013604308	19	11	612594	M	2	0	0	4	0
20260927	4291318	cmp-a001-02-000000010764328	grp-a001-02-000000069047580	프로틴	nad-a001-02-000000553654562	bsn-a001-00-000000013604308	19	11	8753	M	2	0	0	11	0
20260927	4291318	cmp-a001-02-000000010764328	grp-a001-02-000000069047580	균형영양식	nad-a001-02-000000541753965	bsn-a001-00-000000013604308	18	02	23123	P	1	0	0	4	0
20260927	4291318	cmp-a001-02-000000010764328	grp-a001-02-000000069047580	에너지바	nad-a001-02-000000553654559	bsn-a001-00-000000013604308	18	02	23123	P	1	0	0	3	0
20260927	4291318	cmp-a001-02-000000010764328	grp-a001-02-000000069047580	황성주생식	nad-a001-02-000000541753996	bsn-a001-00-000000013604308	18	02	633013	M	1	0	0	3	0
20260927	4291318	cmp-a001-02-000000010764328	grp-a001-02-000000069047580	JELLY	nad-a001-02-000000541753985	bsn-a001-00-000000013604308	18	09	137281	M	1	0	0	1	0
20260927	4291318	cmp-a001-02-000000010764328	grp-a001-02-000000069047580	에너지바	nad-a001-02-000000553654559	bsn-a001-00-000000013604308	18	06	33421	M	1	0	0	6	0
20260927	4291318	cmp-a001-02-000000010764328	grp-a001-02-000000069047580	에너지바	nad-a001-02-000000553654558	bsn-a001-00-000000013604308	18	09	33421	M	3	0	0	7	0
20260927	4291318	cmp-a001-02-000000010764328	grp-a001-02-000000069047580	사랑하라	nad-a001-02-000000553654558	bsn-a001-00-000000013604308	18	09	98128	M	1	0	0	3	0
20260927	4291318	cmp-a001-02-000000010764328	grp-a001-02-000000069047580	젤리	nad-a001-02-000000541753985	bsn-a001-00-000000013604308	18	06	11068	P	1	0	0	1	0
20260927	4291318	cmp-a001-02-000000010764328	grp-a001-02-000000069047580	젤리	nad-a001-02-000000541753985	bsn-a001-00-000000013604308	18	99	8753	M	1	0	0	12	0
20260927	4291318	cmp-a001-02-000000010764328	grp-a001-02-000000069047580	스토어	nad-a001-02-000000541754004	bsn-a001-00-000000013604308	18	02	98128	M	24	0	0	24	0
20260927	4291318	cmp-a001-02-000000010764328	grp-a001-02-000000069047580	쉐이크	nad-a001-02-000000553654562	bsn-a001-00-000000013604308	18	09	98128	M	1	0	0	1	0
20260927	4291318	cmp-a001-02-000000010764328	grp-a001-02-000000069047580	단백질바	nad-a001-02-000000553654554	bsn-a001-00-000000013604308	18	15	33421	M	2	0	0	2	0
20260927	4291318	cmp-a001-02-000000010764328	grp-a001-02-000000069047580	가루	nad-a001-02-000000541754004	bsn-a001-00-000000013604308	18	11	27758	P	1	0	0	2	0
20260927	4291318	cmp-a001-02-000000010764328	grp-a001-02-000000069047580	프로틴	nad-a001-02-000000553654562	bsn-a001-00-000000013604308	18	06	529514	M	23	0	0	23	0
20260927	4291318	cmp-a001-02-000000010764328	grp-a001-02-000000069047580	프로틴	nad-a001-02-000000553654562	bsn-a001-00-000000013604308	18	09	684927	P	1	0	0	1	0
20260927	4291318	cmp-a001-02-000000010764328	grp-a001-02-000000069047580	쉐이크	nad-a001-02-000000553654562	bsn-a001-00-000000013604308	18	04	8753	M	2	0	0	6	0
20260927	4291318	cmp-a001-02-000000010764328	grp-a001-02-000000069047580	젤리	nad-a001-02-000000541753985	bsn-a001-00-000000013604308	18	02	684926	M	2	0	0	12	0
20260927	4291318	cmp-a001-02-000000010764328	grp-a001-02-000000069047580	스토어	nad-a001-02-000000541754004	bsn-a001-00-000000013604308	18	14	98128	M	2	0	0	2	0
20260927	4291318	cmp-a001-02-000000010764328	grp-a001-02-000000069047580	에너지바	nad-a001-02-000000553654554	bsn-a001-00-000000013604308	18	07	33421	M	1	0	0	1	0
20260927	4291318	cmp-a001-02-000000010764328	grp-a001-02-000000069047580	황성주생식	nad-a001-02-000000541753996	bsn-a001-00-000000013604308	18	03	684926	M	2	0	0	8	0
20260927	4291318	cmp-a001-02-000000010764328	grp-a001-02-000000069047580	스토어	nad-a001-02-000000541754004	bsn-a001-00-000000013604308	18	03	98128	M	17	0	0	17	0
20260927	4291318	cmp-a001-02-000000010764328	grp-a001-02-000000069047580	쉐이크	nad-a001-02-000000553654562	bsn-a001-00-000000013604308	18	06	98128	M	1	0	0	1	0
20260927	4291318	cmp-a001-02-000000010764328	grp-a001-02-000000069047580	사랑님	nad-a001-02-000000553654554	bsn-a001-00-000000013604308	18	09	529514	M	4	0	0	6	0
20260927	4291318	cmp-a001-02-000000010764328	grp-a001-02-000000069047580	황성주박사의암환자용동결곡물가루	nad-a001-02-000000541754004	bsn-a001-00-000000013604308	18	01	8753	M	1	0	0	2	0
20260927	4291318	cmp-a001-02-000000010764328	grp-a001-02-000000069047580	스토어	nad-a001-02-000000541753997	bsn-a001-00-000000013604308	18	03	98128	M	14	0	0	26	0
20260927	4291318	cmp-a001-02-000000010764328	grp-a001-02-000000069047580	단백질	nad-a001-02-000000553654562	bsn-a001-00-000000013604308	18	13	8753	M	2	0	0	2	0
20260927	4291318	cmp-a001-02-000000010764328	grp-a001-02-000000069047580	다이어트쉐이크	nad-a001-02-000000553654562	bsn-a001-00-000000013604308	18	06	8753	M	1	0	0	1	0
20260927	4291318	cmp-a001-02-000000010764328	grp-a001-02-000000069047580	프로틴	nad-a001-02-000000553654562	bsn-a001-00-000000013604308	18	17	8753	M	1	0	0	1	0
20260927	4291318	cmp-a001-02-000000010764328	grp-a001-02-000000069047580	단백질쉐이크	nad-a001-02-000000553654562	bsn-a001-00-000000013604308	18	13	529514	M	3	0	0	6	0
20260927	4291318	cmp-a001-02-000000010764328	grp-a001-02-000000069047580	에너지바	nad-a001-02-000000553654554	bsn-a001-00-000000013604308	18	09	529514	M	3	0	0	3	0
20260927	4291318	cmp-a001-02-000000010764328	grp-a001-02-000000069047580	프로틴	nad-a001-02-000000553654562	bsn-a001-00-000000013604308	18	03	8753	M	2	0	0	4	0
20260927	4291318	cmp-a001-02-000000010764328	grp-a001-02-000000069047580	황성주박사의암환자용동결곡물가루	nad-a001-02-000000541753997	bsn-a001-00-000000013604308	18	01	8753	M	1	0	0	1	0
20260927	4291318	cmp-a001-02-000000010764328	grp-a001-02-000000069047580	에너지바	nad-a001-02-000000553654554	bsn-a001-00-000000013604308	18	03	33421	M	1	0	0	1	0
20260927	4291318	cmp-a001-02-000000010764328	grp-a001-02-000000069047580	스토어	nad-a001-02-000000541753997	bsn-a001-00-000000013604308	18	02	612594	M	1	0	0	1	0
20260927	4291318	cmp-a001-02-000000010764328	grp-a001-02-000000069047580	사랑으로	nad-a001-02-000000553654554	bsn-a001-00-000000013604308	18	09	612594	M	1	0	0	2	0
20260927	4291318	cmp-a001-02-000000010764328	grp-a001-02-000000069047580	프로틴	nad-a001-02-000000553654562	bsn-a001-00-000000013604308	18	18	768323	M	4	0	0	9	0
20260927	4291318	cmp-a001-02-000000010764328	grp-a001-02-000000069047580	단백질바	nad-a001-02-000000553654558	bsn-a001-00-000000013604308	18	03	8753	M	1	0	0	8	0
20260927	4291318	cmp-a001-02-000000010764328	grp-a001-02-000000069047580	단백질쉐이크	nad-a001-02-000000553654562	bsn-a001-00-000000013604308	18	17	8753	M	2	0	0	9	0
20260927	4291318	cmp-a001-02-000000010764328	grp-a001-02-000000069047580	스토어	nad-a001-02-000000541753996	bsn-a001-00-000000013604308	18	02	612594	M	1	0	0	5	0
20260927	4291318	cmp-a001-02-000000010764328	grp-a001-02-000000069047580	식물성단백질쉐이크	nad-a001-02-000000553654562	bsn-a001-00-000000013604308	18	00	8753	M	1	0	0	3	0
20260927	4291318	cmp-a001-02-000000010764328	grp-a001-02-000000069047580	사탕젤리	nad-a001-02-000000541753985	bsn-a001-00-000000013604308	18	08	87620	M	1	0	0	3	0
20260927	4291318	cmp-a001-02-000000010764328	grp-a001-02-000000069047580	단백질바	nad-a001-02-000000553654559	bsn-a001-00-000000013604308	18	02	529514	M	2	0	0	6	0
20260927	4291318	cmp-a001-02-000000010764328	grp-a001-02-000000069047580	스토어	nad-a001-02-000000541754004	bsn-a001-00-000000013604308	18	18	98128	M	2	0	0	2	0
20260927	4291318	cmp-a001-02-000000010764328	grp-a001-02-000000069047580	네스틀레밀로시리얼	nad-a001-02-000000553654554	bsn-a001-00-000000013604308	18	99	8753	M	2	0	0	4	0
20260927	4291318	cmp-a001-02-000000010764328	grp-a001-02-000000069047580	스토어	nad-a001-02-000000541753997	bsn-a001-00-000000013604308	18	10	98128	M	6	0	0	12	0
20260927	4291318	cmp-a001-02-000000010764328	grp-a001-02-000000069047580	마마식품동결건조	nad-a001-02-000000541753997	bsn-a001-00-000000013604308	18	09	8753	M	1	0	0	1	0
20260927	4291318	cmp-a001-02-000000010764328	grp-a001-02-000000069047580	사탕젤리	nad-a001-02-000000541753985	bsn-a001-00-000000013604308	18	09	87620	M	3	0	0	3	0
20260927	4291318	cmp-a001-02-000000010764328	grp-a001-02-000000069047580	단백질	nad-a001-02-000000553654562	bsn-a001-00-000000013604308	18	09	684925	P	1	0	0	1	0
20260927	4291318	cmp-a001-02-000000010764328	grp-a001-02-000000069047580	단백질바	nad-a001-02-000000553654554	bsn-a001-00-000000013604308	18	07	33421	M	1	0	0	1	0
20260927	4291318	cmp-a001-02-000000010764328	grp-a001-02-000000069047580	사랑	nad-a001-02-000000553654554	bsn-a001-00-000000013604308	18	18	98128	M	3	0	0	6	0
20260927	4291318	cmp-a001-02-000000010764328	grp-a001-02-000000069047580	제리	nad-a001-02-000000541753985	bsn-a001-00-000000013604308	18	99	98128	M	1	0	0	1	0
20260927	4291318	cmp-a001-02-000000010764328	grp-a001-02-000000069047580	가루	nad-a001-02-000000541754004	bsn-a001-00-000000013604308	18	09	8753	M	1	0	0	2	0
20260927	4291318	cmp-a001-02-000000010764328	grp-a001-02-000000069047580	젤리	nad-a001-02-000000541753985	bsn-a001-00-000000013604308	18	03	23123	P	1	0	0	1	0
20260927	4291318	cmp-a001-02-000000010764328	grp-a001-02-000000069047580	단백질파우더	nad-a001-02-000000553654562	bsn-a001-00-000000013604308	18	13	684927	P	1	0	0	10	0
20260927	4291318	cmp-a001-02-000000010764328	grp-a001-02-000000069047580	단백질쉐이크	nad-a001-02-000000553654562	bsn-a001-00-000000013604308	18	02	98128	M	1	0	0	1	0
20260927	4291318	cmp-a001-02-000000010764328	grp-a001-02-000000069047580	칼로리바	nad-a001-02-000000553654554	bsn-a001-00-000000013604308	18	06	8753	M	1	0	0	1	0
20260927	4291318	cmp-a001-02-000000010764328	grp-a001-02-000000069047580	에너지바	nad-a001-02-000000553654554	bsn-a001-00-000000013604308	18	02	529514	M	1	0	0	1	0
20260927	4291318	cmp-a001-02-000000010764328	grp-a001-02-000000069047580	단백질	nad-a001-02-000000553654562	bsn-a001-00-000000013604308	18	06	684925	P	1	0	0	1	0
20260927	4291318	cmp-a001-02-000000010764328	grp-a001-02-000000069047580	가쯔야가루된징국	nad-a001-02-000000541753996	bsn-a001-00-000000013604308	18	99	8753	M	1	0	0	18	0
20260927	4291318	cmp-a001-02-000000010764328	grp-a001-02-000000069047580	단백질파우더추천	nad-a001-02-000000553654562	bsn-a001-00-000000013604308	18	11	8753	M	1	0	0	5	0
20260927	4291318	cmp-a001-02-000000010764328	grp-a001-02-000000069047580	황성주귿모닝생식	nad-a001-02-000000541754004	bsn-a001-00-000000013604308	18	09	8753	M	1	0	0	2	0
20260927	4291318	cmp-a001-02-000000010764328	grp-a001-02-000000069047580	단백질쉐이크	nad-a001-02-000000553654562	bsn-a001-00-000000013604308	18	09	684926	M	2	0	0	12	0
20260927	4291318	cmp-a001-02-000000010764328	grp-a001-02-000000069047580	다이어트쉐이크	nad-a001-02-000000553654562	bsn-a001-00-000000013604308	18	18	768323	M	1	0	0	2	0
20260927	4291318	cmp-a001-02-000000010764328	grp-a001-02-000000069047580	프로틴	nad-a001-02-000000553654562	bsn-a001-00-000000013604308	18	10	529514	M	5	0	0	5	0
20260927	4291318	cmp-a001-02-000000010764328	grp-a001-02-000000069047580	단백질간식	nad-a001-02-000000553654558	bsn-a001-00-000000013604308	18	01	8753	M	1	0	0	2	0
20260927	4291318	cmp-a001-02-000000010764328	grp-a001-02-000000069047580	푸룬젤리	nad-a001-02-000000541753985	bsn-a001-00-000000013604308	18	15	684926	M	1	0	0	2	0
20260927	4291318	cmp-a001-02-000000010764328	grp-a001-02-000000069047580	황성주생식	nad-a001-02-000000541753988	bsn-a001-00-000000013604308	18	09	8753	M	1	0	0	5	0
20260927	4291318	cmp-a001-02-000000010764328	grp-a001-02-000000069047580	에너지바	nad-a001-02-000000553654559	bsn-a001-00-000000013604308	18	09	791888	M	2	0	0	6	0
20260927	4291318	cmp-a001-02-000000010764328	grp-a001-02-000000069047580	프로틴바	nad-a001-02-000000553654558	bsn-a001-00-000000013604308	18	02	27758	P	5	0	0	10	0
20260927	4291318	cmp-a001-02-000000010764328	grp-a001-02-000000069047580	단백질쉐이크	nad-a001-02-000000553654562	bsn-a001-00-000000013604308	18	15	8753	M	1	0	0	3	0
20260927	4291318	cmp-a001-02-000000010764328	grp-a001-02-000000069047580	황성주생식	nad-a001-02-000000541753997	bsn-a001-00-000000013604308	18	09	633013	M	3	0	0	3	0
20260927	4291318	cmp-a001-02-000000010764328	grp-a001-02-000000069047580	푸룬젤리	nad-a001-02-000000541753985	bsn-a001-00-000000013604308	18	03	8753	M	1	0	0	3	0
20260927	4291318	cmp-a001-02-000000010764328	grp-a001-02-000000069047580	단백질바	nad-a001-02-000000553654558	bsn-a001-00-000000013604308	18	02	529514	M	2	0	0	3	0
20260927	4291318	cmp-a001-02-000000010764328	grp-a001-02-000000069047580	단백질바추천	nad-a001-02-000000553654554	bsn-a001-00-000000013604308	18	99	8753	M	1	0	0	2	0
20260927	4291318	cmp-a001-02-000000010764328	grp-a001-02-000000069047580	단백질쉐이크	nad-a001-02-000000553654562	bsn-a001-00-000000013604308	18	00	612593	P	1	0	0	1	0
20260927	4291318	cmp-a001-02-000000010764328	grp-a001-02-000000069047580	단백질쉐이크	nad-a001-02-000000553654562	bsn-a001-00-000000013604308	18	16	33421	M	2	0	0	6	0
20260927	4291318	cmp-a001-02-000000010764328	grp-a001-02-000000069047580	젤리	nad-a001-02-000000541753985	bsn-a001-00-000000013604308	18	14	8753	M	1	0	0	2	0
20260927	4291318	cmp-a001-02-000000010764328	grp-a001-02-000000069047580	단백질보충제	nad-a001-02-000000553654562	bsn-a001-00-000000013604308	18	08	684926	M	2	0	0	20	0
20260927	4291318	cmp-a001-02-000000010764328	grp-a001-02-000000069047580	연예인프로틴간식	nad-a001-02-000000553654558	bsn-a001-00-000000013604308	18	02	8753	M	1	0	0	2	0
20260927	4291318	cmp-a001-02-000000010764328	grp-a001-02-000000069047580	사랑	nad-a001-02-000000553654554	bsn-a001-00-000000013604308	18	11	137281	M	1	0	0	1	0
20260927	4291318	cmp-a001-02-000000010764328	grp-a001-02-000000069047580	단백질바	nad-a001-02-000000553654554	bsn-a001-00-000000013604308	18	02	27758	P	2	0	0	8	0
20260927	4291318	cmp-a001-02-000000010764328	grp-a001-02-000000069047580	스토어	nad-a001-02-000000541753996	bsn-a001-00-000000013604308	18	04	98128	M	7	0	0	20	0
20260927	4291318	cmp-a001-02-000000010764328	grp-a001-02-000000069047580	황성주생식	nad-a001-02-000000541753996	bsn-a001-00-000000013604308	18	07	8753	M	2	0	0	6	0
20260927	4291318	cmp-a001-02-000000010764328	grp-a001-02-000000069047580	단백질	nad-a001-02-000000553654562	bsn-a001-00-000000013604308	18	08	684926	M	2	0	0	8	0
20260927	4291318	cmp-a001-02-000000010764328	grp-a001-02-000000069047580	마마식품동결건조	nad-a001-02-000000541753996	bsn-a001-00-000000013604308	18	09	8753	M	1	0	0	3	0
20260927	4291318	cmp-a001-02-000000010764328	grp-a001-02-000000069047580	프로틴바	nad-a001-02-000000553654554	bsn-a001-00-000000013604308	18	01	98128	M	1	0	0	1	0
20260927	4291318	cmp-a001-02-000000010764328	grp-a001-02-000000069047580	1일단백질섭취량	nad-a001-02-000000553654562	bsn-a001-00-000000013604308	18	04	8753	M	1	0	0	4	0
20260927	4291318	cmp-a001-02-000000010764328	grp-a001-02-000000069047580	프로틴바	nad-a001-02-000000553654559	bsn-a001-00-000000013604308	18	01	98128	M	1	0	0	4	0
20260927	4291318	cmp-a001-02-000000010764328	grp-a001-02-000000069047580	사랑이	nad-a001-02-000000553654554	bsn-a001-00-000000013604308	18	11	529514	M	4	0	0	6	0
20260927	4291318	cmp-a001-02-000000010764328	grp-a001-02-000000069047580	황성주생식라이프밀	nad-a001-02-000000541754005	bsn-a001-00-000000013604308	18	16	8753	M	1	0	0	4	0
20260927	4291318	cmp-a001-02-000000010764328	grp-a001-02-000000069047580	이롬황성주생식	nad-a001-02-000000541754004	bsn-a001-00-000000013604308	18	08	341898	M	1	0	0	1	0
20260927	4291318	cmp-a001-02-000000010764328	grp-a001-02-000000069047580	사랑님	nad-a001-02-000000553654554	bsn-a001-00-000000013604308	18	03	529514	M	6	0	0	9	0
20260927	4291318	cmp-a001-02-000000010764328	grp-a001-02-000000069047580	장흥동산표고버섯분말	nad-a001-02-000000541753997	bsn-a001-00-000000013604308	18	16	8753	M	1	0	0	1	0
20260927	4291318	cmp-a001-02-000000010764328	grp-a001-02-000000069047580	프로틴바	nad-a001-02-000000553654554	bsn-a001-00-000000013604308	18	06	98128	M	1	0	0	1	0
20260927	4291318	cmp-a001-02-000000010764328	grp-a001-02-000000069047580	황성주생식	nad-a001-02-000000541753996	bsn-a001-00-000000013604308	18	06	684926	M	4	0	0	16	0
20260927	4291318	cmp-a001-02-000000010764328	grp-a001-02-000000069047580	식물성단백질보충제	nad-a001-02-000000553654562	bsn-a001-00-000000013604308	18	02	8753	M	1	0	0	4	0
20260927	4291318	cmp-a001-02-000000010764328	grp-a001-02-000000069047580	단백질쉐이크	nad-a001-02-000000553654562	bsn-a001-00-000000013604308	18	01	8753	M	2	0	0	8	0
20260927	4291318	cmp-a001-02-000000010764328	grp-a001-02-000000069047580	프로틴바	nad-a001-02-000000553654554	bsn-a001-00-000000013604308	18	08	768323	M	2	0	0	2	0
20260927	4291318	cmp-a001-02-000000010764328	grp-a001-02-000000069047580	제리	nad-a001-02-000000541753985	bsn-a001-00-000000013604308	18	18	529514	M	1	0	0	2	0
20260927	4291318	cmp-a001-02-000000010764328	grp-a001-02-000000069047580	가루	nad-a001-02-000000541753996	bsn-a001-00-000000013604308	18	17	98128	M	2	0	0	8	0
20260927	4291318	cmp-a001-02-000000010764328	grp-a001-02-000000069047580	단백질바	nad-a001-02-000000553654554	bsn-a001-00-000000013604308	18	09	529514	M	4	0	0	6	0
20260927	4291318	cmp-a001-02-000000010764328	grp-a001-02-000000069047580	PROTEIN	nad-a001-02-000000553654562	bsn-a001-00-000000013604308	18	13	8753	M	1	0	0	1	0
20260927	4291318	cmp-a001-02-000000010764328	grp-a001-02-000000069047580	스토어	nad-a001-02-000000541754004	bsn-a001-00-000000013604308	18	99	98128	M	7	0	0	7	0
20260927	4291318	cmp-a001-02-000000010764328	grp-a001-02-000000069047580	단백질	nad-a001-02-000000553654562	bsn-a001-00-000000013604308	18	03	8753	M	2	0	0	2	0
20260927	4291318	cmp-a001-02-000000010764328	grp-a001-02-000000069047580	프로틴바	nad-a001-02-000000553654558	bsn-a001-00-000000013604308	18	10	529514	M	12	0	0	18	0
20260927	4291318	cmp-a001-02-000000010764328	grp-a001-02-000000069047580	단백질	nad-a001-02-000000553654562	bsn-a001-00-000000013604308	18	99	529514	M	5	0	0	5	0
20260927	4291318	cmp-a001-02-000000010764328	grp-a001-02-000000069047580	에너지바	nad-a001-02-000000553654554	bsn-a001-00-000000013604308	18	99	529514	M	2	0	0	3	0
20260927	4291318	cmp-a001-02-000000010764328	grp-a001-02-000000069047580	프로틴	nad-a001-02-000000553654562	bsn-a001-00-000000013604308	18	18	8753	M	3	0	0	9	0
20260927	4291318	cmp-a001-02-000000010764328	grp-a001-02-000000069047580	단백질간식	nad-a001-02-000000553654558	bsn-a001-00-000000013604308	18	08	8753	M	1	0	0	3	0
20260927	4291318	cmp-a001-02-000000010764328	grp-a001-02-000000069047580	프로틴바	nad-a001-02-000000553654554	bsn-a001-00-000000013604308	18	14	8753	M	1	0	0	2	0
20260927	4291318	cmp-a001-02-000000010764328	grp-a001-02-000000069047580	다이어트쉐이크	nad-a001-02-000000553654562	bsn-a001-00-000000013604308	18	04	529514	M	23	0	0	23	0
20260927	4291318	cmp-a001-02-000000010764328	grp-a001-02-000000069047580	프로틴파우더	nad-a001-02-000000553654562	bsn-a001-00-000000013604308	18	15	8753	M	1	0	0	3	0
20260927	4291318	cmp-a001-02-000000010764328	grp-a001-02-000000069047580	두쫀쿠단백질바	nad-a001-02-000000553654554	bsn-a001-00-000000013604308	18	15	8753	M	1	0	0	4	0
20260927	4291318	cmp-a001-02-000000010764328	grp-a001-02-000000069047580	단백질보충제	nad-a001-02-000000553654562	bsn-a001-00-000000013604308	18	06	684927	P	1	0	0	9	0
20260927	4291318	cmp-a001-02-000000010764328	grp-a001-02-000000069047580	단백질쉐이크다이어트	nad-a001-02-000000553654562	bsn-a001-00-000000013604308	18	11	8753	M	1	0	0	4	0
20260927	4291318	cmp-a001-02-000000010764328	grp-a001-02-000000069047580	프로틴	nad-a001-02-000000553654562	bsn-a001-00-000000013604308	18	18	98128	M	4	0	0	4	0
20260927	4291318	cmp-a001-02-000000010764328	grp-a001-02-000000069047580	다이어트종류	nad-a001-02-000000553654562	bsn-a001-00-000000013604308	18	16	8753	M	1	0	0	6	0
20260927	4291318	cmp-a001-02-000000010764328	grp-a001-02-000000069047580	에너지바	nad-a001-02-000000553654554	bsn-a001-00-000000013604308	18	09	33421	M	3	0	0	3	0
20260927	4291318	cmp-a001-02-000000010764328	grp-a001-02-000000069047580	단백질바	nad-a001-02-000000553654554	bsn-a001-00-000000013604308	18	16	8753	M	1	0	0	3	0
20260927	4291318	cmp-a001-02-000000010764328	grp-a001-02-000000069047580	단백질간식	nad-a001-02-000000553654554	bsn-a001-00-000000013604308	18	99	8753	M	1	0	0	1	0
20260927	4291318	cmp-a001-02-000000010764328	grp-a001-02-000000069047580	프로틴바	nad-a001-02-000000553654558	bsn-a001-00-000000013604308	18	09	27758	P	4	0	0	9	0
20260927	4291318	cmp-a001-02-000000010764328	grp-a001-02-000000069047580	사랑	nad-a001-02-000000553654558	bsn-a001-00-000000013604308	18	09	612594	M	1	0	0	3	0
20260927	4291318	cmp-a001-02-000000010764328	grp-a001-02-000000069047580	다이어트쉐이크추천	nad-a001-02-000000553654562	bsn-a001-00-000000013604308	18	01	33421	M	1	0	0	4	0
20260927	4291318	cmp-a001-02-000000010764328	grp-a001-02-000000069047580	가루	nad-a001-02-000000541754004	bsn-a001-00-000000013604308	18	17	98128	M	2	0	0	2	0
20260927	4291318	cmp-a001-02-000000010764328	grp-a001-02-000000069047580	가루	nad-a001-02-000000541754005	bsn-a001-00-000000013604308	18	09	98128	M	4	0	0	8	0
20260927	4291318	cmp-a001-02-000000010764328	grp-a001-02-000000069047580	단백질종류	nad-a001-02-000000553654562	bsn-a001-00-000000013604308	18	09	8753	M	1	0	0	1	0
20260927	4291318	cmp-a001-02-000000010764328	grp-a001-02-000000069047580	식사대용	nad-a001-02-000000553654562	bsn-a001-00-000000013604308	18	02	529514	M	2	0	0	2	0
20260927	4291318	cmp-a001-02-000000010764328	grp-a001-02-000000069047580	분말	nad-a001-02-000000541753997	bsn-a001-00-000000013604308	18	11	684925	P	1	0	0	1	0
20260927	4291318	cmp-a001-02-000000010764328	grp-a001-02-000000069047580	스토어	nad-a001-02-000000541753996	bsn-a001-00-000000013604308	18	10	98128	M	6	0	0	18	0
20260927	4291318	cmp-a001-02-000000010764328	grp-a001-02-000000069047580	단백질보충제	nad-a001-02-000000553654562	bsn-a001-00-000000013604308	18	18	684926	M	1	0	0	10	0
20260927	4291318	cmp-a001-02-000000010764328	grp-a001-02-000000069047580	1일단백질섭취량	nad-a001-02-000000553654562	bsn-a001-00-000000013604308	18	99	8753	M	1	0	0	2	0
20260927	4291318	cmp-a001-02-000000010764328	grp-a001-02-000000069047580	프로틴바	nad-a001-02-000000553654558	bsn-a001-00-000000013604308	18	08	768323	M	2	0	0	4	0
20260927	4291318	cmp-a001-02-000000010764328	grp-a001-02-000000069047580	단백질간식	nad-a001-02-000000553654558	bsn-a001-00-000000013604308	18	99	8753	M	1	0	0	4	0
20260927	4291318	cmp-a001-02-000000010764328	grp-a001-02-000000069047580	프로틴쉐이크	nad-a001-02-000000553654562	bsn-a001-00-000000013604308	18	06	529514	M	1	0	0	1	0
20260927	4291318	cmp-a001-02-000000010764328	grp-a001-02-000000069047580	젤리	nad-a001-02-000000541753985	bsn-a001-00-000000013604308	18	02	8753	M	9	0	0	20	0
20260927	4291318	cmp-a001-02-000000010764328	grp-a001-02-000000069047580	젤리	nad-a001-02-000000541753985	bsn-a001-00-000000013604308	18	11	768323	M	1	0	0	1	0
20260927	4291318	cmp-a001-02-000000010764328	grp-a001-02-000000069047580	단백질프로틴바	nad-a001-02-000000553654554	bsn-a001-00-000000013604308	18	06	98128	M	2	0	0	2	0
20260927	4291318	cmp-a001-02-000000010764328	grp-a001-02-000000069047580	프로틴바	nad-a001-02-000000553654558	bsn-a001-00-000000013604308	18	09	529514	M	2	0	0	3	0
20260927	4291318	cmp-a001-02-000000010764328	grp-a001-02-000000069047580	프로틴쉐이크	nad-a001-02-000000553654562	bsn-a001-00-000000013604308	18	09	529514	M	4	0	0	4	0
20260927	4291318	cmp-a001-02-000000010764328	grp-a001-02-000000069047580	사랑이	nad-a001-02-000000553654558	bsn-a001-00-000000013604308	18	09	529514	M	12	0	0	18	0
20260927	4291318	cmp-a001-02-000000010764328	grp-a001-02-000000069047580	황성주생식	nad-a001-02-000000541754004	bsn-a001-00-000000013604308	18	06	8753	M	7	0	0	14	0
20260927	4291318	cmp-a001-02-000000010764328	grp-a001-02-000000069047580	단백질바	nad-a001-02-000000553654559	bsn-a001-00-000000013604308	18	15	33421	M	1	0	0	14	0
20260927	4291318	cmp-a001-02-000000010764328	grp-a001-02-000000069047580	스토어	nad-a001-02-000000541754004	bsn-a001-00-000000013604308	18	07	98128	M	2	0	0	2	0
20260927	4291318	cmp-a001-02-000000010764328	grp-a001-02-000000069047580	젤리	nad-a001-02-000000541753985	bsn-a001-00-000000013604308	18	16	8753	M	2	0	0	4	0
20260927	4291318	cmp-a001-02-000000010764328	grp-a001-02-000000069047580	사랑이	nad-a001-02-000000553654554	bsn-a001-00-000000013604308	18	09	529514	M	12	0	0	18	0
20260927	4291318	cmp-a001-02-000000010764328	grp-a001-02-000000069047580	다이어트쉐이크	nad-a001-02-000000553654562	bsn-a001-00-000000013604308	18	06	768323	M	2	0	0	3	0
20260927	4291318	cmp-a001-02-000000010764328	grp-a001-02-000000069047580	가루	nad-a001-02-000000541754004	bsn-a001-00-000000013604308	18	09	98128	M	8	0	0	8	0
20260927	4291318	cmp-a001-02-000000010764328	grp-a001-02-000000069047580	JELLY	nad-a001-02-000000541753985	bsn-a001-00-000000013604308	18	06	98128	M	2	0	0	2	0
20260927	4291318	cmp-a001-02-000000010764328	grp-a001-02-000000069047580	프로틴	nad-a001-02-000000553654562	bsn-a001-00-000000013604308	18	15	98128	M	2	0	0	2	0
20260927	4291318	cmp-a001-02-000000010764328	grp-a001-02-000000069047580	하루단백질120G	nad-a001-02-000000553654562	bsn-a001-00-000000013604308	18	02	8753	M	1	0	0	2	0
20260927	4291318	cmp-a001-02-000000010764328	grp-a001-02-000000069047580	단백질쉐이크추천	nad-a001-02-000000553654562	bsn-a001-00-000000013604308	18	09	8753	M	2	0	0	4	0
20260927	4291318	cmp-a001-02-000000010764328	grp-a001-02-000000069047580	칼로리바	nad-a001-02-000000553654558	bsn-a001-00-000000013604308	18	06	8753	M	1	0	0	2	0
20260927	4291318	cmp-a001-02-000000010764328	grp-a001-02-000000069047580	프로틴	nad-a001-02-000000553654562	bsn-a001-00-000000013604308	18	02	8753	M	9	0	0	32	0
20260927	4291318	cmp-a001-02-000000010764328	grp-a001-02-000000069047580	황성주생식	nad-a001-02-000000541754005	bsn-a001-00-000000013604308	18	08	8753	M	1	0	0	4	0
20260927	4291318	cmp-a001-02-000000010764328	grp-a001-02-000000069047580	사랑하라	nad-a001-02-000000553654558	bsn-a001-00-000000013604308	18	02	98128	M	1	0	0	3	0
20260927	4291318	cmp-a001-02-000000010764328	grp-a001-02-000000069047580	영양	nad-a001-02-000000541753965	bsn-a001-00-000000013604308	18	00	805759	P	1	0	0	5	0
20260927	4291318	cmp-a001-02-000000010764328	grp-a001-02-000000069047580	프로틴	nad-a001-02-000000553654562	bsn-a001-00-000000013604308	18	16	768323	M	4	0	0	8	0
20260927	4291318	cmp-a001-02-000000010764328	grp-a001-02-000000069047580	가루	nad-a001-02-000000541754004	bsn-a001-00-000000013604308	18	11	98128	M	2	0	0	2	0
20260927	4291318	cmp-a001-02-000000010764328	grp-a001-02-000000069047580	ZCㄹㅋㅂㅌㅇ과자	nad-a001-02-000000553654554	bsn-a001-00-000000013604308	18	08	8753	M	1	0	0	4	0
20260927	4291318	cmp-a001-02-000000010764328	grp-a001-02-000000069047580	식물성프로틴	nad-a001-02-000000553654562	bsn-a001-00-000000013604308	18	04	8753	M	2	0	0	8	0
20260927	4291318	cmp-a001-02-000000010764328	grp-a001-02-000000069047580	다이어트쉐이크	nad-a001-02-000000553654562	bsn-a001-00-000000013604308	18	99	684926	M	2	0	0	16	0
20260927	4291318	cmp-a001-02-000000010764328	grp-a001-02-000000069047580	식사대용	nad-a001-02-000000553654562	bsn-a001-00-000000013604308	18	02	8753	M	2	0	0	4	0
20260927	4291318	cmp-a001-02-000000010764328	grp-a001-02-000000069047580	네이버스토어	nad-a001-02-000000541753997	bsn-a001-00-000000013604308	18	02	335738	P	1	0	0	7	0
20260927	4291318	cmp-a001-02-000000010764328	grp-a001-02-000000069047580	다이어트쉐이크	nad-a001-02-000000553654562	bsn-a001-00-000000013604308	18	99	768323	M	6	0	0	12	0
20260927	4291318	cmp-a001-02-000000010764328	grp-a001-02-000000069047580	단백질쉐이크	nad-a001-02-000000553654562	bsn-a001-00-000000013604308	18	15	529514	M	12	0	0	14	0
20260927	4291318	cmp-a001-02-000000010764328	grp-a001-02-000000069047580	젤리	nad-a001-02-000000541753985	bsn-a001-00-000000013604308	18	08	98128	M	1	0	0	1	0
20260927	4291318	cmp-a001-02-000000010764328	grp-a001-02-000000069047580	하루단백질섭취량	nad-a001-02-000000553654562	bsn-a001-00-000000013604308	18	11	8753	M	1	0	0	3	0
20260927	4291318	cmp-a001-02-000000010764328	grp-a001-02-000000069047580	다이어트단백질쉐이크	nad-a001-02-000000553654562	bsn-a001-00-000000013604308	18	09	8753	M	1	0	0	3	0
20260927	4291318	cmp-a001-02-000000010764328	grp-a001-02-000000069047580	푸룬젤리효과	nad-a001-02-000000541753985	bsn-a001-00-000000013604308	18	03	8753	M	1	0	0	2	0
20260927	4291318	cmp-a001-02-000000010764328	grp-a001-02-000000069047580	가루	nad-a001-02-000000541753996	bsn-a001-00-000000013604308	18	09	8753	M	1	0	0	4	0
20260927	4291318	cmp-a001-02-000000010764328	grp-a001-02-000000069047580	단백질쉐이크	nad-a001-02-000000553654562	bsn-a001-00-000000013604308	18	08	8753	M	3	0	0	13	0
20260927	4291318	cmp-a001-02-000000010764328	grp-a001-02-000000069047580	단백질쉐이크	nad-a001-02-000000553654562	bsn-a001-00-000000013604308	18	06	27758	P	1	0	0	1	0
20260927	4291318	cmp-a001-02-000000010764328	grp-a001-02-000000069047580	사랑님	nad-a001-02-000000553654554	bsn-a001-00-000000013604308	18	02	529514	M	2	0	0	3	0
20260927	4291318	cmp-a001-02-000000010764328	grp-a001-02-000000069047580	에너지바	nad-a001-02-000000553654558	bsn-a001-00-000000013604308	18	04	33421	M	1	0	0	2	0
20260927	4291318	cmp-a001-02-000000010764328	grp-a001-02-000000069047580	사랑은	nad-a001-02-000000553654558	bsn-a001-00-000000013604308	18	01	98128	M	1	0	0	3	0
20260927	4291318	cmp-a001-02-000000010764328	grp-a001-02-000000069047580	성분좋고가격싼프로틴쉐이크추천	nad-a001-02-000000553654562	bsn-a001-00-000000013604308	18	16	8753	M	2	0	0	6	0
20260927	4291318	cmp-a001-02-000000010764328	grp-a001-02-000000069047580	프로틴바	nad-a001-02-000000553654554	bsn-a001-00-000000013604308	18	10	27758	P	1	0	0	1	0
20260927	4291318	cmp-a001-02-000000010764328	grp-a001-02-000000069047580	단백질	nad-a001-02-000000553654562	bsn-a001-00-000000013604308	18	02	8753	M	4	0	0	6	0
20260927	4291318	cmp-a001-02-000000010764328	grp-a001-02-000000069047580	황성주생식	nad-a001-02-000000541754005	bsn-a001-00-000000013604308	18	14	8753	M	1	0	0	4	0
20260927	4291318	cmp-a001-02-000000010764328	grp-a001-02-000000069047580	황성주생식	nad-a001-02-000000541753997	bsn-a001-00-000000013604308	18	07	8753	M	2	2	8853	2	0
20260927	4291318	cmp-a001-02-000000010764328	grp-a001-02-000000069047580	스토어	nad-a001-02-000000541753996	bsn-a001-00-000000013604308	18	17	98128	M	1	0	0	2	0
20260927	4291318	cmp-a001-02-000000010764328	grp-a001-02-000000069047580	에너지바	nad-a001-02-000000553654554	bsn-a001-00-000000013604308	18	00	27758	P	2	0	0	2	0
20260927	4291318	cmp-a001-02-000000010764328	grp-a001-02-000000069047580	단백질	nad-a001-02-000000553654562	bsn-a001-00-000000013604308	18	02	684926	M	4	0	0	8	0
20260927	4291318	cmp-a001-02-000000010764328	grp-a001-02-000000069047580	프로틴바	nad-a001-02-000000553654554	bsn-a001-00-000000013604308	18	06	529514	M	8	0	0	8	0
20260927	4291318	cmp-a001-02-000000010764328	grp-a001-02-000000069047580	식물성단백질	nad-a001-02-000000553654562	bsn-a001-00-000000013604308	18	08	8753	M	1	0	0	3	0
20260927	4291318	cmp-a001-02-000000010764328	grp-a001-02-000000069047580	단백질쉐이크	nad-a001-02-000000553654562	bsn-a001-00-000000013604308	18	02	684926	M	1	0	0	23	0
20260927	4291318	cmp-a001-02-000000010764328	grp-a001-02-000000069047580	스토어	nad-a001-02-000000541753996	bsn-a001-00-000000013604308	18	02	98128	M	34	0	0	81	0
20260927	4291318	cmp-a001-02-000000010764328	grp-a001-02-000000069047580	프로틴바	nad-a001-02-000000553654554	bsn-a001-00-000000013604308	18	09	529514	M	2	0	0	3	0
20260927	4291318	cmp-a001-02-000000010764328	grp-a001-02-000000069047580	SHAKE	nad-a001-02-000000553654562	bsn-a001-00-000000013604308	18	11	8753	M	1	0	0	2	0
20260927	4291318	cmp-a001-02-000000010764328	grp-a001-02-000000069047580	프로틴	nad-a001-02-000000553654562	bsn-a001-00-000000013604308	18	06	768323	M	18	0	0	38	0
20260927	4291318	cmp-a001-02-000000010764328	grp-a001-02-000000069047580	프로틴쉐이크	nad-a001-02-000000553654562	bsn-a001-00-000000013604308	18	11	529514	M	1	0	0	1	0
20260927	4291318	cmp-a001-02-000000010764328	grp-a001-02-000000069047580	프로틴단백질	nad-a001-02-000000553654562	bsn-a001-00-000000013604308	18	18	8753	M	2	0	0	5	0
20260927	4291318	cmp-a001-02-000000010764328	grp-a001-02-000000069047580	하루단백질100G	nad-a001-02-000000553654562	bsn-a001-00-000000013604308	18	14	8753	M	1	0	0	3	0
20260927	4291318	cmp-a001-02-000000010764328	grp-a001-02-000000069047580	가루	nad-a001-02-000000541754004	bsn-a001-00-000000013604308	18	02	529514	M	4	0	0	9	0
20260927	4291318	cmp-a001-02-000000010764328	grp-a001-02-000000069047580	장흥동산표고버섯분말가격	nad-a001-02-000000541754004	bsn-a001-00-000000013604308	18	16	8753	M	1	0	0	2	0
20260927	4291318	cmp-a001-02-000000010764328	grp-a001-02-000000069047580	단백질바	nad-a001-02-000000553654554	bsn-a001-00-000000013604308	18	04	8753	M	3	0	0	6	0
20260927	4291318	cmp-a001-02-000000010764328	grp-a001-02-000000069047580	가루	nad-a001-02-000000541754005	bsn-a001-00-000000013604308	18	01	8753	M	1	0	0	4	0
20260927	4291318	cmp-a001-02-000000010764328	grp-a001-02-000000069047580	단백질	nad-a001-02-000000553654562	bsn-a001-00-000000013604308	18	16	612594	M	1	0	0	1	0
20260927	4291318	cmp-a001-02-000000010764328	grp-a001-02-000000069047580	프로틴바	nad-a001-02-000000553654554	bsn-a001-00-000000013604308	18	10	529514	M	12	0	0	18	0
20260927	4291318	cmp-a001-02-000000010764328	grp-a001-02-000000069047580	단백질쉐이크	nad-a001-02-000000553654562	bsn-a001-00-000000013604308	18	01	633013	M	1	0	0	3	0
20260927	4291318	cmp-a001-02-000000010764328	grp-a001-02-000000069047580	젤리	nad-a001-02-000000541753985	bsn-a001-00-000000013604308	18	09	33421	M	1	0	0	4	0
20260927	4291318	cmp-a001-02-000000010764328	grp-a001-02-000000069047580	식사대용	nad-a001-02-000000553654562	bsn-a001-00-000000013604308	18	08	8753	M	1	0	0	2	0
20260927	4291318	cmp-a001-02-000000010764328	grp-a001-02-000000069047580	젤리	nad-a001-02-000000541753985	bsn-a001-00-000000013604308	18	02	137281	M	4	0	0	4	0
20260927	4291318	cmp-a001-02-000000010764328	grp-a001-02-000000069047580	단백질파우더	nad-a001-02-000000553654562	bsn-a001-00-000000013604308	18	16	8753	M	1	0	0	4	0
20260927	4291318	cmp-a001-02-000000010764328	grp-a001-02-000000069047580	제리	nad-a001-02-000000541753985	bsn-a001-00-000000013604308	18	09	98128	M	4	0	0	4	0
20260927	4291318	cmp-a001-02-000000010764328	grp-a001-02-000000069047580	황성주생식	nad-a001-02-000000541754005	bsn-a001-00-000000013604308	18	02	633013	M	1	0	0	4	0
20260927	4291318	cmp-a001-02-000000010764328	grp-a001-02-000000069047580	하루단백질섭취량	nad-a001-02-000000553654562	bsn-a001-00-000000013604308	18	02	8753	M	3	0	0	11	0
20260927	4291318	cmp-a001-02-000000010764328	grp-a001-02-000000069047580	스토어	nad-a001-02-000000541753996	bsn-a001-00-000000013604308	18	07	98128	M	1	0	0	3	0
20260927	4291318	cmp-a001-02-000000010764328	grp-a001-02-000000069047580	단백질쉐이크	nad-a001-02-000000553654562	bsn-a001-00-000000013604308	18	02	33421	M	1	0	0	8	0
20260927	4291318	cmp-a001-02-000000010764328	grp-a001-02-000000069047580	제리	nad-a001-02-000000541753985	bsn-a001-00-000000013604308	18	03	98128	M	2	0	0	2	0
20260927	4291318	cmp-a001-02-000000010764328	grp-a001-02-000000069047580	프로틴바	nad-a001-02-000000553654554	bsn-a001-00-000000013604308	18	01	8753	M	1	0	0	2	0
20260927	4291318	cmp-a001-02-000000010764328	grp-a001-02-000000069047580	프로틴단백질추천	nad-a001-02-000000553654562	bsn-a001-00-000000013604308	18	01	8753	M	1	0	0	5	0
20260927	4291318	cmp-a001-02-000000010764328	grp-a001-02-000000069047580	단백질쉐이크	nad-a001-02-000000553654562	bsn-a001-00-000000013604308	18	08	529514	M	23	0	0	36	0
20260927	4291318	cmp-a001-02-000000010764328	grp-a001-02-000000069047580	단백질바	nad-a001-02-000000553654558	bsn-a001-00-000000013604308	18	00	27758	P	3	0	0	6	0
20260927	4291318	cmp-a001-02-000000010764328	grp-a001-02-000000069047580	프로틴	nad-a001-02-000000553654562	bsn-a001-00-000000013604308	18	02	684927	P	2	0	0	14	0
20260927	4291318	cmp-a001-02-000000010764328	grp-a001-02-000000069047580	가루	nad-a001-02-000000541754005	bsn-a001-00-000000013604308	18	99	98128	M	1	0	0	2	0
20260927	4291318	cmp-a001-02-000000010764328	grp-a001-02-000000069047580	황성주생식	nad-a001-02-000000541754004	bsn-a001-00-000000013604308	18	08	684924	M	1	0	0	1	0
20260927	4291318	cmp-a001-02-000000010764328	grp-a001-02-000000069047580	스토어	nad-a001-02-000000541753996	bsn-a001-00-000000013604308	18	14	98128	M	2	0	0	5	0
20260927	4291318	cmp-a001-02-000000010764328	grp-a001-02-000000069047580	사랑이	nad-a001-02-000000553654558	bsn-a001-00-000000013604308	18	04	529514	M	13	0	0	19	0
20260927	4291318	cmp-a001-02-000000010764328	grp-a001-02-000000069047580	스토어	nad-a001-02-000000541753997	bsn-a001-00-000000013604308	18	06	98128	M	13	0	0	19	0
20260927	4291318	cmp-a001-02-000000010764328	grp-a001-02-000000069047580	프로틴	nad-a001-02-000000553654562	bsn-a001-00-000000013604308	18	07	529514	M	24	0	0	24	0
20260927	4291318	cmp-a001-02-000000010764328	grp-a001-02-000000069047580	스토어	nad-a001-02-000000541753996	bsn-a001-00-000000013604308	18	11	98128	M	8	0	0	22	0
20260927	4291318	cmp-a001-02-000000010764328	grp-a001-02-000000069047580	프로틴	nad-a001-02-000000553654562	bsn-a001-00-000000013604308	18	14	768323	M	5	0	0	13	0
20260927	4291318	cmp-a001-02-000000010764328	grp-a001-02-000000069047580	황성주생식라이프밀	nad-a001-02-000000541754005	bsn-a001-00-000000013604308	18	09	8753	M	4	0	0	17	0
20260927	4291318	cmp-a001-02-000000010764328	grp-a001-02-000000069047580	젤리	nad-a001-02-000000541753985	bsn-a001-00-000000013604308	18	04	768323	M	1	0	0	1	0
20260927	4291318	cmp-a001-02-000000010764328	grp-a001-02-000000069047580	황성주박사의암환자용동결곡물가루	nad-a001-02-000000541754005	bsn-a001-00-000000013604308	18	01	8753	M	1	0	0	4	0
20260927	4291318	cmp-a001-02-000000010764328	grp-a001-02-000000069047580	단백질쉐이크	nad-a001-02-000000553654562	bsn-a001-00-000000013604308	18	09	684927	P	3	0	0	37	0
20260927	4291318	cmp-a001-02-000000010764328	grp-a001-02-000000069047580	다이어트쉐이크	nad-a001-02-000000553654562	bsn-a001-00-000000013604308	18	99	8753	M	1	0	0	1	0
20260927	4291318	cmp-a001-02-000000010764328	grp-a001-02-000000069047580	PROTEIN	nad-a001-02-000000553654562	bsn-a001-00-000000013604308	18	09	8753	M	2	0	0	4	0
20260927	4291318	cmp-a001-02-000000010764328	grp-a001-02-000000069047580	황성주생식	nad-a001-02-000000541753988	bsn-a001-00-000000013604308	18	02	633013	M	1	0	0	5	0
20260927	4291318	cmp-a001-02-000000010764328	grp-a001-02-000000069047580	사랑	nad-a001-02-000000553654554	bsn-a001-00-000000013604308	18	16	98128	M	2	0	0	4	0
20260927	4291318	cmp-a001-02-000000010764328	grp-a001-02-000000069047580	단백질	nad-a001-02-000000553654562	bsn-a001-00-000000013604308	18	13	684926	M	5	0	0	12	0
20260927	4291318	cmp-a001-02-000000010764328	grp-a001-02-000000069047580	사랑이	nad-a001-02-000000553654554	bsn-a001-00-000000013604308	18	02	529514	M	6	0	0	9	0
20260927	4291318	cmp-a001-02-000000010764328	grp-a001-02-000000069047580	프로틴	nad-a001-02-000000553654562	bsn-a001-00-000000013604308	18	09	137281	M	2	0	0	2	0
20260927	4291318	cmp-a001-02-000000010764328	grp-a001-02-000000069047580	단백질프로틴먹는양	nad-a001-02-000000553654562	bsn-a001-00-000000013604308	18	14	8753	M	1	0	0	3	0
20260927	4291318	cmp-a001-02-000000010764328	grp-a001-02-000000069047580	황성주귿모닝생식	nad-a001-02-000000541754005	bsn-a001-00-000000013604308	18	09	8753	M	1	0	0	3	0
20260927	4291318	cmp-a001-02-000000010764328	grp-a001-02-000000069047580	동결건조는어떤방법인가	nad-a001-02-000000541754004	bsn-a001-00-000000013604308	18	06	8753	M	1	0	0	2	0
20260927	4291318	cmp-a001-02-000000010764328	grp-a001-02-000000069047580	보충제	nad-a001-02-000000553654562	bsn-a001-00-000000013604308	18	02	33421	M	1	0	0	4	0
20260927	4291318	cmp-a001-02-000000010764328	grp-a001-02-000000069047580	단백질파우더	nad-a001-02-000000553654562	bsn-a001-00-000000013604308	18	09	529514	M	2	0	0	2	0
20260927	4291318	cmp-a001-02-000000010764328	grp-a001-02-000000069047580	단백질	nad-a001-02-000000553654562	bsn-a001-00-000000013604308	18	04	8753	M	1	0	0	1	0
20260927	4291318	cmp-a001-02-000000010764328	grp-a001-02-000000069047580	가루	nad-a001-02-000000541753997	bsn-a001-00-000000013604308	18	11	684925	P	1	0	0	1	0
20260927	4291318	cmp-a001-02-000000010764328	grp-a001-02-000000069047580	황성주생식	nad-a001-02-000000541754005	bsn-a001-00-000000013604308	18	03	684926	M	2	0	0	6	0
20260927	4291318	cmp-a001-02-000000010764328	grp-a001-02-000000069047580	다이어트단백질쉐이크	nad-a001-02-000000553654562	bsn-a001-00-000000013604308	18	02	11068	P	1	0	0	2	0
20260927	4291318	cmp-a001-02-000000010764328	grp-a001-02-000000069047580	단백질바	nad-a001-02-000000553654554	bsn-a001-00-000000013604308	18	01	33421	M	2	0	0	2	0
20260927	4291318	cmp-a001-02-000000010764328	grp-a001-02-000000069047580	프로틴단백질	nad-a001-02-000000553654562	bsn-a001-00-000000013604308	18	02	11068	P	1	0	0	4	0
20260927	4291318	cmp-a001-02-000000010764328	grp-a001-02-000000069047580	단백질보충제	nad-a001-02-000000553654562	bsn-a001-00-000000013604308	18	02	11068	P	1	0	0	5	0
20260927	4291318	cmp-a001-02-000000010764328	grp-a001-02-000000069047580	단백질쉐이크	nad-a001-02-000000553654562	bsn-a001-00-000000013604308	18	18	529514	M	16	0	0	20	0
20260927	4291318	cmp-a001-02-000000010764328	grp-a001-02-000000069047580	쉐이크	nad-a001-02-000000553654562	bsn-a001-00-000000013604308	18	02	8753	M	5	0	0	13	0
20260927	4291318	cmp-a001-02-000000010764328	grp-a001-02-000000069047580	단백질보충제	nad-a001-02-000000553654562	bsn-a001-00-000000013604308	18	09	8753	M	5	0	0	21	0
20260927	4291318	cmp-a001-02-000000010764328	grp-a001-02-000000069047580	황성주생식	nad-a001-02-000000541753997	bsn-a001-00-000000013604308	18	06	8753	M	7	0	0	7	0
20260927	4291318	cmp-a001-02-000000010764328	grp-a001-02-000000069047580	프로틴	nad-a001-02-000000553654562	bsn-a001-00-000000013604308	18	09	529514	M	137	0	0	137	0
20260927	4291318	cmp-a001-02-000000010764328	grp-a001-02-000000069047580	분말가루	nad-a001-02-000000541754005	bsn-a001-00-000000013604308	18	02	27758	P	1	0	0	4	0
20260927	4291318	cmp-a001-02-000000010764328	grp-a001-02-000000069047580	프로틴단백질	nad-a001-02-000000553654562	bsn-a001-00-000000013604308	18	99	8753	M	1	0	0	3	0
20260927	4291318	cmp-a001-02-000000010764328	grp-a001-02-000000069047580	황성주귿모닝생식	nad-a001-02-000000541753997	bsn-a001-00-000000013604308	18	09	8753	M	1	0	0	1	0
20260927	4291318	cmp-a001-02-000000010764328	grp-a001-02-000000069047580	단백질	nad-a001-02-000000553654562	bsn-a001-00-000000013604308	18	09	529514	M	28	0	0	28	0
20260927	4291318	cmp-a001-02-000000010764328	grp-a001-02-000000069047580	균형영양식	nad-a001-02-000000541753965	bsn-a001-00-000000013604308	18	02	529514	M	5	0	0	11	0
20260927	4291318	cmp-a001-02-000000010764328	grp-a001-02-000000069047580	쉐이크다이어트	nad-a001-02-000000553654562	bsn-a001-00-000000013604308	18	06	8753	M	1	0	0	1	0
20260927	4291318	cmp-a001-02-000000010764328	grp-a001-02-000000069047580	단백질쉐이크	nad-a001-02-000000553654562	bsn-a001-00-000000013604308	18	04	529514	M	27	0	0	27	0
20260927	4291318	cmp-a001-02-000000010764328	grp-a001-02-000000069047580	단백질에너지바	nad-a001-02-000000553654554	bsn-a001-00-000000013604308	18	06	8753	M	1	0	0	1	0
20260927	4291318	cmp-a001-02-000000010764328	grp-a001-02-000000069047580	단백질쉐이크	nad-a001-02-000000553654562	bsn-a001-00-000000013604308	18	09	529514	M	143	0	0	205	0
20260927	4291318	cmp-a001-02-000000010764328	grp-a001-02-000000069047580	프로틴쉐이크	nad-a001-02-000000553654562	bsn-a001-00-000000013604308	18	06	8753	M	2	0	0	2	0
20260927	4291318	cmp-a001-02-000000010764328	grp-a001-02-000000069047580	젤리	nad-a001-02-000000541753985	bsn-a001-00-000000013604308	18	99	529514	M	2	0	0	2	0
20260927	4291318	cmp-a001-02-000000010764328	grp-a001-02-000000069047580	단백질보충제	nad-a001-02-000000553654562	bsn-a001-00-000000013604308	18	99	8753	M	2	1	3786	6	0
20260927	4291318	cmp-a001-02-000000010764328	grp-a001-02-000000069047580	프로틴	nad-a001-02-000000553654562	bsn-a001-00-000000013604308	18	13	8753	M	4	0	0	14	0
20260927	4291318	cmp-a001-02-000000010764328	grp-a001-02-000000069047580	프로틴	nad-a001-02-000000553654562	bsn-a001-00-000000013604308	18	99	768323	M	28	0	0	68	0
20260927	4291318	cmp-a001-02-000000010764328	grp-a001-02-000000069047580	분말	nad-a001-02-000000541754004	bsn-a001-00-000000013604308	18	11	27758	P	1	0	0	2	0
20260927	4291318	cmp-a001-02-000000010764328	grp-a001-02-000000069047580	균형영양식	nad-a001-02-000000541753965	bsn-a001-00-000000013604308	18	13	529514	M	1	0	0	2	0
20260927	4291318	cmp-a001-02-000000010764328	grp-a001-02-000000069047580	단백질바	nad-a001-02-000000553654558	bsn-a001-00-000000013604308	18	06	98128	M	2	0	0	13	0
20260927	4291318	cmp-a001-02-000000010764328	grp-a001-02-000000069047580	셀렉스프로핏WPI2+1	nad-a001-02-000000553654562	bsn-a001-00-000000013604308	18	15	8753	M	1	0	0	3	0
20260927	4291318	cmp-a001-02-000000010764328	grp-a001-02-000000069047580	단백질바	nad-a001-02-000000553654558	bsn-a001-00-000000013604308	18	08	33421	M	2	0	0	5	0
20260927	4291318	cmp-a001-02-000000010764328	grp-a001-02-000000069047580	단백질바	nad-a001-02-000000553654554	bsn-a001-00-000000013604308	18	13	33421	M	2	0	0	2	0
20260927	4291318	cmp-a001-02-000000010764328	grp-a001-02-000000069047580	블랙커런트젤리	nad-a001-02-000000541753985	bsn-a001-00-000000013604308	18	01	341898	M	1	0	0	1	0
20260927	4291318	cmp-a001-02-000000010764328	grp-a001-02-000000069047580	단백질쉐이크	nad-a001-02-000000553654562	bsn-a001-00-000000013604308	18	06	684926	M	2	0	0	24	0
20260927	4291318	cmp-a001-02-000000010764328	grp-a001-02-000000069047580	황성주생식	nad-a001-02-000000541754005	bsn-a001-00-000000013604308	18	06	8753	M	7	0	0	21	0
20260927	4291318	cmp-a001-02-000000010764328	grp-a001-02-000000069047580	사랑했어요	nad-a001-02-000000553654558	bsn-a001-00-000000013604308	18	09	612594	M	1	0	0	3	0
20260927	4291318	cmp-a001-02-000000010764328	grp-a001-02-000000069047580	프로틴바	nad-a001-02-000000553654554	bsn-a001-00-000000013604308	18	15	529514	M	1	0	0	2	0
20260927	4291318	cmp-a001-02-000000010764328	grp-a001-02-000000069047580	단백질바	nad-a001-02-000000553654554	bsn-a001-00-000000013604308	18	13	8753	M	3	0	0	6	0
20260927	4291318	cmp-a001-02-000000010764328	grp-a001-02-000000069047580	단백질보충제추천	nad-a001-02-000000553654562	bsn-a001-00-000000013604308	18	02	8753	M	1	0	0	5	0
20260927	4291318	cmp-a001-02-000000010764328	grp-a001-02-000000069047580	프로틴바	nad-a001-02-000000553654559	bsn-a001-00-000000013604308	18	09	529514	M	2	0	0	6	0
20260927	4291318	cmp-a001-02-000000010764328	grp-a001-02-000000069047580	단백질바	nad-a001-02-000000553654554	bsn-a001-00-000000013604308	18	02	33421	M	5	0	0	5	0
20260927	4291318	cmp-a001-02-000000010764328	grp-a001-02-000000069047580	프로틴바	nad-a001-02-000000553654558	bsn-a001-00-000000013604308	18	01	33421	M	2	0	0	10	0
20260927	4291318	cmp-a001-02-000000010764328	grp-a001-02-000000069047580	프로틴	nad-a001-02-000000553654562	bsn-a001-00-000000013604308	18	10	768323	M	8	0	0	20	0
20260927	4291318	cmp-a001-02-000000010764328	grp-a001-02-000000069047580	에너지바	nad-a001-02-000000553654559	bsn-a001-00-000000013604308	18	10	33421	M	1	0	0	6	0
20260927	4291318	cmp-a001-02-000000010764328	grp-a001-02-000000069047580	단백질바	nad-a001-02-000000553654558	bsn-a001-00-000000013604308	18	02	8753	M	3	0	0	18	0
20260927	4291318	cmp-a001-02-000000010764328	grp-a001-02-000000069047580	프로틴쉐이크	nad-a001-02-000000553654562	bsn-a001-00-000000013604308	18	18	8753	M	1	0	0	4	0
20260927	4291318	cmp-a001-02-000000010764328	grp-a001-02-000000069047580	부셔먹는야채	nad-a001-02-000000541753997	bsn-a001-00-000000013604308	18	18	341898	M	1	0	0	1	0
20260927	4291318	cmp-a001-02-000000010764328	grp-a001-02-000000069047580	식물성단백질	nad-a001-02-000000553654562	bsn-a001-00-000000013604308	18	09	684926	M	4	0	0	20	0
20260927	4291318	cmp-a001-02-000000010764328	grp-a001-02-000000069047580	프로틴	nad-a001-02-000000553654562	bsn-a001-00-000000013604308	18	04	768323	M	3	0	0	5	0
20260927	4291318	cmp-a001-02-000000010764328	grp-a001-02-000000069047580	에너지바	nad-a001-02-000000553654554	bsn-a001-00-000000013604308	18	11	33421	M	3	0	0	3	0
20260927	4291318	cmp-a001-02-000000010764328	grp-a001-02-000000069047580	황성주생식	nad-a001-02-000000541754005	bsn-a001-00-000000013604308	18	02	8753	M	4	1	1799	16	0
20260927	4291318	cmp-a001-02-000000010764328	grp-a001-02-000000069047580	장흥동산표고버섯분말가격	nad-a001-02-000000541753997	bsn-a001-00-000000013604308	18	16	8753	M	1	0	0	1	0
20260927	4291318	cmp-a001-02-000000010764328	grp-a001-02-000000069047580	단백질간식	nad-a001-02-000000553654554	bsn-a001-00-000000013604308	18	08	8753	M	1	0	0	1	0
20260927	4291318	cmp-a001-02-000000010764328	grp-a001-02-000000069047580	사랑	nad-a001-02-000000553654558	bsn-a001-00-000000013604308	18	13	98128	M	4	0	0	12	0
20260927	4291318	cmp-a001-02-000000010764328	grp-a001-02-000000069047580	단백질쉐이크	nad-a001-02-000000553654562	bsn-a001-00-000000013604308	18	15	27758	P	1	0	0	2	0
20260927	4291318	cmp-a001-02-000000010764328	grp-a001-02-000000069047580	황성주생식	nad-a001-02-000000541753997	bsn-a001-00-000000013604308	18	02	633013	M	1	0	0	1	0
20260927	4291318	cmp-a001-02-000000010764328	grp-a001-02-000000069047580	에너지바운동전	nad-a001-02-000000553654554	bsn-a001-00-000000013604308	18	02	8753	M	1	0	0	1	0
20260927	4291318	cmp-a001-02-000000010764328	grp-a001-02-000000069047580	젤리	nad-a001-02-000000541753985	bsn-a001-00-000000013604308	18	10	768323	M	2	0	0	2	0
20260927	4291318	cmp-a001-02-000000010764328	grp-a001-02-000000069047580	프로틴바	nad-a001-02-000000553654559	bsn-a001-00-000000013604308	18	09	768323	M	2	0	0	17	0
20260927	4291318	cmp-a001-02-000000010764328	grp-a001-02-000000069047580	단백질쉐이크	nad-a001-02-000000553654562	bsn-a001-00-000000013604308	18	16	98128	M	6	0	0	6	0
20260927	4291318	cmp-a001-02-000000010764328	grp-a001-02-000000069047580	황성주생식	nad-a001-02-000000541754004	bsn-a001-00-000000013604308	18	09	27758	P	2	0	0	2	0
20260927	4291318	cmp-a001-02-000000010764328	grp-a001-02-000000069047580	단백질간식	nad-a001-02-000000553654554	bsn-a001-00-000000013604308	18	01	8753	M	1	0	0	1	0
20260927	4291318	cmp-a001-02-000000010764328	grp-a001-02-000000069047580	동결건조청국장가루	nad-a001-02-000000541754005	bsn-a001-00-000000013604308	18	02	341898	M	1	0	0	1	0
20260927	4291318	cmp-a001-02-000000010764328	grp-a001-02-000000069047580	단백질쉐이크	nad-a001-02-000000553654562	bsn-a001-00-000000013604308	18	08	684925	P	1	0	0	1	0
20260927	4291318	cmp-a001-02-000000010764328	grp-a001-02-000000069047580	사랑은	nad-a001-02-000000553654554	bsn-a001-00-000000013604308	18	01	98128	M	1	0	0	2	0
20260927	4291318	cmp-a001-02-000000010764328	grp-a001-02-000000069047580	사랑	nad-a001-02-000000553654558	bsn-a001-00-000000013604308	18	11	137281	M	1	0	0	2	0
20260927	4291318	cmp-a001-02-000000010764328	grp-a001-02-000000069047580	단백질쉐이크	nad-a001-02-000000553654562	bsn-a001-00-000000013604308	18	02	684925	P	1	0	0	1	0
20260927	4291318	cmp-a001-02-000000010764328	grp-a001-02-000000069047580	사랑이	nad-a001-02-000000553654558	bsn-a001-00-000000013604308	18	02	529514	M	6	0	0	9	0
20260927	4291318	cmp-a001-02-000000010764328	grp-a001-02-000000069047580	스토어	nad-a001-02-000000541754004	bsn-a001-00-000000013604308	18	11	98128	M	15	0	0	15	0
20260927	4291318	cmp-a001-02-000000010764328	grp-a001-02-000000069047580	프로틴바	nad-a001-02-000000553654558	bsn-a001-00-000000013604308	18	10	27758	P	1	0	0	2	0
20260927	4291318	cmp-a001-02-000000010764328	grp-a001-02-000000069047580	쉐이크	nad-a001-02-000000553654562	bsn-a001-00-000000013604308	18	16	8753	M	1	0	0	2	0
20260927	4291318	cmp-a001-02-000000010764328	grp-a001-02-000000069047580	황성주생식	nad-a001-02-000000541753996	bsn-a001-00-000000013604308	18	09	27758	P	2	0	0	6	0
20260927	4291318	cmp-a001-02-000000010764328	grp-a001-02-000000069047580	단백질바	nad-a001-02-000000553654554	bsn-a001-00-000000013604308	18	99	529514	M	2	0	0	3	0
20260927	4291318	cmp-a001-02-000000010764328	grp-a001-02-000000069047580	사랑	nad-a001-02-000000553654554	bsn-a001-00-000000013604308	18	06	98128	M	4	0	0	8	0
20260927	4291318	cmp-a001-02-000000010764328	grp-a001-02-000000069047580	프로틴	nad-a001-02-000000553654562	bsn-a001-00-000000013604308	18	11	529514	M	54	0	0	54	0
20260927	4291318	cmp-a001-02-000000010764328	grp-a001-02-000000069047580	젤리	nad-a001-02-000000541753985	bsn-a001-00-000000013604308	18	09	8753	M	5	0	0	11	0
20260927	4291318	cmp-a001-02-000000010764328	grp-a001-02-000000069047580	동결건조는어떤방법인가	nad-a001-02-000000541753997	bsn-a001-00-000000013604308	18	06	8753	M	1	0	0	1	0
20260927	4291318	cmp-a001-02-000000010764328	grp-a001-02-000000069047580	젤리	nad-a001-02-000000541753985	bsn-a001-00-000000013604308	18	14	768323	M	1	0	0	1	0
20260927	4291318	cmp-a001-02-000000010764328	grp-a001-02-000000069047580	단백질바	nad-a001-02-000000553654554	bsn-a001-00-000000013604308	18	02	529514	M	2	0	0	3	0
20260927	4291318	cmp-a001-02-000000010764328	grp-a001-02-000000069047580	에너지바	nad-a001-02-000000553654559	bsn-a001-00-000000013604308	18	08	33421	M	2	0	0	12	0
20260927	4291318	cmp-a001-02-000000010764328	grp-a001-02-000000069047580	황성주생식라이프밀	nad-a001-02-000000541753996	bsn-a001-00-000000013604308	18	09	8753	M	4	0	0	12	0
20260927	4291318	cmp-a001-02-000000010764328	grp-a001-02-000000069047580	에너지바	nad-a001-02-000000553654554	bsn-a001-00-000000013604308	18	99	8753	M	1	0	0	1	0
20260927	4291318	cmp-a001-02-000000010764328	grp-a001-02-000000069047580	가루	nad-a001-02-000000541753997	bsn-a001-00-000000013604308	18	09	98128	M	4	0	0	12	0
20260927	4291318	cmp-a001-02-000000010764328	grp-a001-02-000000069047580	프로틴	nad-a001-02-000000553654562	bsn-a001-00-000000013604308	18	03	529514	M	33	0	0	33	0
20260927	4291318	cmp-a001-02-000000010764328	grp-a001-02-000000069047580	하루단백질섭취량	nad-a001-02-000000553654562	bsn-a001-00-000000013604308	18	09	8753	M	1	0	0	1	0
20260927	4291318	cmp-a001-02-000000010764328	grp-a001-02-000000069047580	에너지바	nad-a001-02-000000553654554	bsn-a001-00-000000013604308	18	04	33421	M	1	0	0	1	0
20260927	4291318	cmp-a001-02-000000010764328	grp-a001-02-000000069047580	다이어트프로틴	nad-a001-02-000000553654562	bsn-a001-00-000000013604308	18	09	8753	M	1	0	0	3	0
20260927	4291318	cmp-a001-02-000000010764328	grp-a001-02-000000069047580	동결건조는어떤방법인가	nad-a001-02-000000541753996	bsn-a001-00-000000013604308	18	06	8753	M	1	0	0	3	0
20260927	4291318	cmp-a001-02-000000010764328	grp-a001-02-000000069047580	프로틴NMN단백질쉐이크	nad-a001-02-000000553654562	bsn-a001-00-000000013604308	18	09	8753	M	1	0	0	4	0
20260927	4291318	cmp-a001-02-000000010764328	grp-a001-02-000000069047580	단백질쉐이크	nad-a001-02-000000553654562	bsn-a001-00-000000013604308	18	00	874301	P	2	0	0	2	0
20260927	4291318	cmp-a001-02-000000010764328	grp-a001-02-000000069047580	단백질보충제	nad-a001-02-000000553654562	bsn-a001-00-000000013604308	18	10	529514	M	1	0	0	1	0
20260927	4291318	cmp-a001-02-000000010764328	grp-a001-02-000000069047580	단백질보충제	nad-a001-02-000000553654562	bsn-a001-00-000000013604308	18	02	612594	M	1	0	0	1	0
20260927	4291318	cmp-a001-02-000000010764328	grp-a001-02-000000069047580	스토어	nad-a001-02-000000541753997	bsn-a001-00-000000013604308	18	18	98128	M	1	0	0	2	0
20260927	4291318	cmp-a001-02-000000010764328	grp-a001-02-000000069047580	황성주생식	nad-a001-02-000000541754004	bsn-a001-00-000000013604308	18	14	8753	M	1	0	0	2	0
20260927	4291318	cmp-a001-02-000000010764328	grp-a001-02-000000069047580	원이젤리	nad-a001-02-000000541753985	bsn-a001-00-000000013604308	18	00	8753	M	1	0	0	4	0
20260927	4291318	cmp-a001-02-000000010764328	grp-a001-02-000000069047580	단백질	nad-a001-02-000000553654562	bsn-a001-00-000000013604308	18	07	8753	M	1	0	0	2	0
20260927	4291318	cmp-a001-02-000000010764328	grp-a001-02-000000069047580	단백질쉐이크	nad-a001-02-000000553654562	bsn-a001-00-000000013604308	18	07	33421	M	2	0	0	16	0
20260927	4291318	cmp-a001-02-000000010764328	grp-a001-02-000000069047580	스토어	nad-a001-02-000000541754004	bsn-a001-00-000000013604308	18	04	98128	M	11	0	0	11	0
20260927	4291318	cmp-a001-02-000000010764328	grp-a001-02-000000069047580	쉐이크다이어트	nad-a001-02-000000553654562	bsn-a001-00-000000013604308	18	09	8753	M	2	0	0	4	0
20260927	4291318	cmp-a001-02-000000010764328	grp-a001-02-000000069047580	제리	nad-a001-02-000000541753985	bsn-a001-00-000000013604308	18	11	98128	M	1	0	0	1	0
20260927	4291318	cmp-a001-02-000000010764328	grp-a001-02-000000069047580	젤리	nad-a001-02-000000541753985	bsn-a001-00-000000013604308	18	16	98128	M	3	0	0	3	0
20260927	4291318	cmp-a001-02-000000010764328	grp-a001-02-000000069047580	프로틴쉐이크	nad-a001-02-000000553654562	bsn-a001-00-000000013604308	18	02	529514	M	6	0	0	6	0
20260927	4291318	cmp-a001-02-000000010764328	grp-a001-02-000000069047580	황성주생식	nad-a001-02-000000541753996	bsn-a001-00-000000013604308	18	09	8753	M	2	0	0	6	0
20260927	4291318	cmp-a001-02-000000010764328	grp-a001-02-000000069047580	단백질간식	nad-a001-02-000000553654558	bsn-a001-00-000000013604308	18	02	8753	M	1	0	0	3	0
20260927	4291318	cmp-a001-02-000000010764328	grp-a001-02-000000069047580	에너지바	nad-a001-02-000000553654554	bsn-a001-00-000000013604308	18	06	8753	M	1	0	0	1	0
20260927	4291318	cmp-a001-02-000000010764328	grp-a001-02-000000069047580	칼로리바	nad-a001-02-000000553654554	bsn-a001-00-000000013604308	18	08	684926	M	2	0	0	2	0
20260927	4291318	cmp-a001-02-000000010764328	grp-a001-02-000000069047580	단백질보충제	nad-a001-02-000000553654562	bsn-a001-00-000000013604308	18	18	11068	P	1	0	0	3	0
20260927	4291318	cmp-a001-02-000000010764328	grp-a001-02-000000069047580	단백질	nad-a001-02-000000553654562	bsn-a001-00-000000013604308	18	01	8753	M	1	0	0	1	0
20260927	4291318	cmp-a001-02-000000010764328	grp-a001-02-000000069047580	식물성단백질	nad-a001-02-000000553654562	bsn-a001-00-000000013604308	18	99	529514	M	2	0	0	2	0
20260927	4291318	cmp-a001-02-000000010764328	grp-a001-02-000000069047580	프로틴	nad-a001-02-000000553654562	bsn-a001-00-000000013604308	18	04	8753	M	4	0	0	12	0
20260927	4291318	cmp-a001-02-000000010764328	grp-a001-02-000000069047580	젤리	nad-a001-02-000000541753985	bsn-a001-00-000000013604308	18	16	768323	M	2	0	0	2	0
20260927	4291318	cmp-a001-02-000000010764328	grp-a001-02-000000069047580	단백질보충제	nad-a001-02-000000553654562	bsn-a001-00-000000013604308	18	01	8753	M	1	0	0	3	0
20260927	4291318	cmp-a001-02-000000010764328	grp-a001-02-000000069047580	단백질보충제	nad-a001-02-000000553654562	bsn-a001-00-000000013604308	18	01	529514	M	2	0	0	2	0
20260927	4291318	cmp-a001-02-000000010764328	grp-a001-02-000000069047580	단백질바	nad-a001-02-000000553654554	bsn-a001-00-000000013604308	18	09	8753	M	4	0	0	12	0
20260927	4291318	cmp-a001-02-000000010764328	grp-a001-02-000000069047580	에너지바	nad-a001-02-000000553654558	bsn-a001-00-000000013604308	18	06	529514	M	2	0	0	3	0
20260927	4291318	cmp-a001-02-000000010764328	grp-a001-02-000000069047580	식사대용	nad-a001-02-000000553654562	bsn-a001-00-000000013604308	18	99	529514	M	2	0	0	2	0
20260927	4291318	cmp-a001-02-000000010764328	grp-a001-02-000000069047580	단백질바	nad-a001-02-000000553654554	bsn-a001-00-000000013604308	18	03	33421	M	4	0	0	4	0
20260927	4291318	cmp-a001-02-000000010764328	grp-a001-02-000000069047580	단백질보충제	nad-a001-02-000000553654562	bsn-a001-00-000000013604308	18	11	8753	M	2	0	0	7	0
20260927	4291318	cmp-a001-02-000000010764328	grp-a001-02-000000069047580	가루	nad-a001-02-000000541753997	bsn-a001-00-000000013604308	18	02	529514	M	4	0	0	4	0
20260927	4291318	cmp-a001-02-000000010764328	grp-a001-02-000000069047580	스토어	nad-a001-02-000000541753997	bsn-a001-00-000000013604308	18	18	612594	M	3	0	0	3	0
20260927	4291318	cmp-a001-02-000000010764328	grp-a001-02-000000069047580	단백질바	nad-a001-02-000000553654554	bsn-a001-00-000000013604308	18	18	33421	M	1	0	0	1	0
20260927	4291318	cmp-a001-02-000000010764328	grp-a001-02-000000069047580	프로틴	nad-a001-02-000000553654562	bsn-a001-00-000000013604308	18	01	33421	M	1	0	0	5	0
20260927	4291318	cmp-a001-02-000000010764328	grp-a001-02-000000069047580	프로틴바	nad-a001-02-000000553654559	bsn-a001-00-000000013604308	18	10	98128	M	3	0	0	15	0
20260927	4291318	cmp-a001-02-000000010764328	grp-a001-02-000000069047580	황성주생식	nad-a001-02-000000541753997	bsn-a001-00-000000013604308	18	08	8753	M	1	0	0	1	0
20260927	4291318	cmp-a001-02-000000010764328	grp-a001-02-000000069047580	프로틴바	nad-a001-02-000000553654558	bsn-a001-00-000000013604308	18	06	98128	M	1	0	0	2	0
20260927	4291318	cmp-a001-02-000000010764328	grp-a001-02-000000069047580	단백질	nad-a001-02-000000553654562	bsn-a001-00-000000013604308	18	09	684926	M	2	0	0	14	0
20260927	4291318	cmp-a001-02-000000010764328	grp-a001-02-000000069047580	단백질보충제	nad-a001-02-000000553654562	bsn-a001-00-000000013604308	18	99	87620	M	3	0	0	3	0
20260927	4291318	cmp-a001-02-000000010764328	grp-a001-02-000000069047580	단백질쉐이크추천	nad-a001-02-000000553654562	bsn-a001-00-000000013604308	18	09	684927	P	1	0	0	7	0
20260927	4291318	cmp-a001-02-000000010764328	grp-a001-02-000000069047580	젤리	nad-a001-02-000000541753985	bsn-a001-00-000000013604308	18	09	529514	M	2	0	0	2	0
20260927	4291318	cmp-a001-02-000000010764328	grp-a001-02-000000069047580	사랑	nad-a001-02-000000553654558	bsn-a001-00-000000013604308	18	09	98128	M	6	0	0	18	0
20260927	4291318	cmp-a001-02-000000010764328	grp-a001-02-000000069047580	영양	nad-a001-02-000000541753965	bsn-a001-00-000000013604308	18	02	98128	M	1	0	0	3	0
20260927	4291318	cmp-a001-02-000000010764328	grp-a001-02-000000069047580	단백질파우더당함유	nad-a001-02-000000553654562	bsn-a001-00-000000013604308	18	09	8753	M	1	0	0	5	0
20260927	4291318	cmp-a001-02-000000010764328	grp-a001-02-000000069047580	프로틴파우더	nad-a001-02-000000553654562	bsn-a001-00-000000013604308	18	17	33421	M	1	0	0	7	0
20260927	4291318	cmp-a001-02-000000010764328	grp-a001-02-000000069047580	프로틴	nad-a001-02-000000553654562	bsn-a001-00-000000013604308	18	01	768323	M	5	0	0	13	0
20260927	4291318	cmp-a001-02-000000010764328	grp-a001-02-000000069047580	프로틴쉐이크	nad-a001-02-000000553654562	bsn-a001-00-000000013604308	18	07	8753	M	1	0	0	4	0
20260927	4291318	cmp-a001-02-000000010764328	grp-a001-02-000000069047580	프로틴	nad-a001-02-000000553654562	bsn-a001-00-000000013604308	18	15	529514	M	13	0	0	13	0
20260927	4291318	cmp-a001-02-000000010764328	grp-a001-02-000000069047580	황성주생식라이프밀	nad-a001-02-000000541754004	bsn-a001-00-000000013604308	18	09	684924	M	1	0	0	1	0
20260927	4291318	cmp-a001-02-000000010764328	grp-a001-02-000000069047580	프로틴	nad-a001-02-000000553654562	bsn-a001-00-000000013604308	18	99	529514	M	111	0	0	111	0
20260927	4291318	cmp-a001-02-000000010764328	grp-a001-02-000000069047580	젤리	nad-a001-02-000000541753985	bsn-a001-00-000000013604308	18	09	27758	P	2	0	0	5	0
20260927	4291318	cmp-a001-02-000000010764328	grp-a001-02-000000069047580	사랑하라	nad-a001-02-000000553654554	bsn-a001-00-000000013604308	18	09	98128	M	1	0	0	2	0
20260927	4291318	cmp-a001-02-000000010764328	grp-a001-02-000000069047580	사랑	nad-a001-02-000000553654558	bsn-a001-00-000000013604308	18	15	98128	M	4	0	0	12	0
20260927	4291318	cmp-a001-02-000000010764328	grp-a001-02-000000069047580	단백질쉐이크가짜	nad-a001-02-000000553654562	bsn-a001-00-000000013604308	18	01	8753	M	1	0	0	4	0
20260927	4291318	cmp-a001-02-000000010764328	grp-a001-02-000000069047580	황성주생식	nad-a001-02-000000541754004	bsn-a001-00-000000013604308	18	09	633013	M	3	0	0	6	0
20260927	4291318	cmp-a001-02-000000010764328	grp-a001-02-000000069047580	사랑	nad-a001-02-000000553654554	bsn-a001-00-000000013604308	18	15	98128	M	4	0	0	8	0
20260927	4291318	cmp-a001-02-000000010764328	grp-a001-02-000000069047580	단백질쉐이크	nad-a001-02-000000553654562	bsn-a001-00-000000013604308	18	09	98128	M	3	0	0	3	0
20260927	4291318	cmp-a001-02-000000010764328	grp-a001-02-000000069047580	프로틴바	nad-a001-02-000000553654554	bsn-a001-00-000000013604308	18	07	8753	M	1	0	0	2	0
20260927	4291318	cmp-a001-02-000000010764328	grp-a001-02-000000069047580	젤리	nad-a001-02-000000541753985	bsn-a001-00-000000013604308	18	13	768323	M	1	0	0	1	0
20260927	4291318	cmp-a001-02-000000010764328	grp-a001-02-000000069047580	젤리	nad-a001-02-000000541753985	bsn-a001-00-000000013604308	18	02	529514	M	6	0	0	6	0
20260927	4291318	cmp-a001-02-000000010764328	grp-a001-02-000000069047580	프로틴바	nad-a001-02-000000553654559	bsn-a001-00-000000013604308	18	99	529514	M	5	0	0	52	0
20260927	4291318	cmp-a001-02-000000010764328	grp-a001-02-000000069047580	에너지바	nad-a001-02-000000553654558	bsn-a001-00-000000013604308	18	06	8753	M	1	0	0	3	0
20260927	4291318	cmp-a001-02-000000010764328	grp-a001-02-000000069047580	스토어	nad-a001-02-000000541753996	bsn-a001-00-000000013604308	18	99	98128	M	17	0	0	38	0
20260927	4291318	cmp-a001-02-000000010764328	grp-a001-02-000000069047580	사랑이	nad-a001-02-000000553654558	bsn-a001-00-000000013604308	18	06	612594	M	1	0	0	3	0
20260927	4291318	cmp-a001-02-000000010764328	grp-a001-02-000000069047580	젤리	nad-a001-02-000000541753985	bsn-a001-00-000000013604308	18	11	8753	M	2	0	0	4	0
20260927	4291318	cmp-a001-02-000000010764328	grp-a001-02-000000069047580	단백질프로틴바	nad-a001-02-000000553654559	bsn-a001-00-000000013604308	18	10	98128	M	1	0	0	4	0
20260927	4291318	cmp-a001-02-000000010764328	grp-a001-02-000000069047580	단백질보충제식사대용	nad-a001-02-000000553654562	bsn-a001-00-000000013604308	18	02	8753	M	1	0	0	2	0
20260927	4291318	cmp-a001-02-000000010764328	grp-a001-02-000000069047580	황성주생식	nad-a001-02-000000541753997	bsn-a001-00-000000013604308	18	99	8753	M	1	0	0	1	0
20260927	4291318	cmp-a001-02-000000010764328	grp-a001-02-000000069047580	단백질프로틴추천	nad-a001-02-000000553654562	bsn-a001-00-000000013604308	18	99	8753	M	2	0	0	2	0
20260927	4291318	cmp-a001-02-000000010764328	grp-a001-02-000000069047580	빌베리동결건조가루	nad-a001-02-000000541753996	bsn-a001-00-000000013604308	18	01	8753	M	1	0	0	3	0
20260927	4291318	cmp-a001-02-000000010764328	grp-a001-02-000000069047580	단백질	nad-a001-02-000000553654562	bsn-a001-00-000000013604308	18	08	529514	M	6	0	0	6	0
20260927	4291318	cmp-a001-02-000000010764328	grp-a001-02-000000069047580	젤리	nad-a001-02-000000541753985	bsn-a001-00-000000013604308	18	15	98128	M	2	0	0	2	0
20260927	4291318	cmp-a001-02-000000010764328	grp-a001-02-000000069047580	다이어트쉐이크	nad-a001-02-000000553654562	bsn-a001-00-000000013604308	18	11	529514	M	2	0	0	2	0
20260927	4291318	cmp-a001-02-000000010764328	grp-a001-02-000000069047580	단백하니쉐이크	nad-a001-02-000000553654562	bsn-a001-00-000000013604308	18	11	8753	M	1	0	0	5	0
20260927	4291318	cmp-a001-02-000000010764328	grp-a001-02-000000069047580	사랑	nad-a001-02-000000553654554	bsn-a001-00-000000013604308	18	13	98128	M	4	0	0	8	0
20260927	4291318	cmp-a001-02-000000010764328	grp-a001-02-000000069047580	균형영양식	nad-a001-02-000000541753965	bsn-a001-00-000000013604308	18	07	529514	M	1	0	0	2	0
20260927	4291318	cmp-a001-02-000000010764328	grp-a001-02-000000069047580	에너지바	nad-a001-02-000000553654554	bsn-a001-00-000000013604308	18	02	33421	M	6	0	0	6	0
20260927	4291318	cmp-a001-02-000000010764328	grp-a001-02-000000069047580	스토어	nad-a001-02-000000541753997	bsn-a001-00-000000013604308	18	17	98128	M	2	0	0	2	0
20260927	4291318	cmp-a001-02-000000010764328	grp-a001-02-000000069047580	쉐이크	nad-a001-02-000000553654562	bsn-a001-00-000000013604308	18	16	98128	M	3	0	0	3	0
20260927	4291318	cmp-a001-02-000000010764328	grp-a001-02-000000069047580	에너지바	nad-a001-02-000000553654559	bsn-a001-00-000000013604308	18	03	684926	M	4	0	0	28	0
20260927	4291318	cmp-a001-02-000000010764328	grp-a001-02-000000069047580	단백질바	nad-a001-02-000000553654554	bsn-a001-00-000000013604308	18	08	33421	M	2	0	0	2	0
20260927	4291318	cmp-a001-02-000000010764328	grp-a001-02-000000069047580	젤리	nad-a001-02-000000541753985	bsn-a001-00-000000013604308	18	09	11068	P	1	0	0	2	0
20260927	4291318	cmp-a001-02-000000010764328	grp-a001-02-000000069047580	단백질쉐이크	nad-a001-02-000000553654562	bsn-a001-00-000000013604308	18	04	8753	M	2	0	0	4	0
20260927	4291318	cmp-a001-02-000000010764328	grp-a001-02-000000069047580	단백질	nad-a001-02-000000553654562	bsn-a001-00-000000013604308	18	02	137281	M	3	0	0	3	0
20260927	4291318	cmp-a001-02-000000010764328	grp-a001-02-000000069047580	스토어	nad-a001-02-000000541754004	bsn-a001-00-000000013604308	18	16	98128	M	7	0	0	7	0
20260927	4291318	cmp-a001-02-000000010764328	grp-a001-02-000000069047580	젤리	nad-a001-02-000000541753985	bsn-a001-00-000000013604308	18	14	98128	M	2	0	0	2	0
20260927	4291318	cmp-a001-02-000000010764328	grp-a001-02-000000069047580	사랑	nad-a001-02-000000553654554	bsn-a001-00-000000013604308	18	03	98128	M	1	0	0	2	0
20260927	4291318	cmp-a001-02-000000010764328	grp-a001-02-000000069047580	황성주생식	nad-a001-02-000000541754004	bsn-a001-00-000000013604308	18	02	529514	M	7	0	0	14	0
20260927	4291318	cmp-a001-02-000000010764328	grp-a001-02-000000069047580	단백질파우더	nad-a001-02-000000553654562	bsn-a001-00-000000013604308	18	09	8753	M	3	0	0	9	0
20260927	4291318	cmp-a001-02-000000010764328	grp-a001-02-000000069047580	젤리	nad-a001-02-000000541753985	bsn-a001-00-000000013604308	18	02	33421	M	6	0	0	11	0
20260927	4291318	cmp-a001-02-000000010764328	grp-a001-02-000000069047580	빌베리동결건조가루	nad-a001-02-000000541753997	bsn-a001-00-000000013604308	18	01	8753	M	1	0	0	1	0
20260927	4291318	cmp-a001-02-000000010764328	grp-a001-02-000000069047580	황성주생식	nad-a001-02-000000541754004	bsn-a001-00-000000013604308	18	09	8753	M	2	0	0	4	0
20260927	4291318	cmp-a001-02-000000010764328	grp-a001-02-000000069047580	가루	nad-a001-02-000000541753988	bsn-a001-00-000000013604308	18	17	98128	M	2	0	0	12	0
20260927	4291318	cmp-a001-02-000000010764328	grp-a001-02-000000069047580	프로틴파우더	nad-a001-02-000000553654562	bsn-a001-00-000000013604308	18	00	8753	M	1	0	0	5	0
20260927	4291318	cmp-a001-02-000000010764328	grp-a001-02-000000069047580	단백질바	nad-a001-02-000000553654554	bsn-a001-00-000000013604308	18	00	27758	P	3	0	0	3	0
20260927	4291318	cmp-a001-02-000000010764328	grp-a001-02-000000069047580	더쿠단백질바	nad-a001-02-000000553654554	bsn-a001-00-000000013604308	18	02	8753	M	1	0	0	2	0
20260927	4291318	cmp-a001-02-000000010764328	grp-a001-02-000000069047580	칼로리바	nad-a001-02-000000553654559	bsn-a001-00-000000013604308	18	08	684926	M	2	0	0	6	0
20260927	4291318	cmp-a001-02-000000010764328	grp-a001-02-000000069047580	단백질보충제추천	nad-a001-02-000000553654562	bsn-a001-00-000000013604308	18	00	612593	P	1	0	0	1	0
20260927	4291318	cmp-a001-02-000000010764328	grp-a001-02-000000069047580	단백질보충제	nad-a001-02-000000553654562	bsn-a001-00-000000013604308	18	08	8753	M	3	0	0	13	0
20260927	4291318	cmp-a001-02-000000010764328	grp-a001-02-000000069047580	단백질	nad-a001-02-000000553654562	bsn-a001-00-000000013604308	18	18	98128	M	1	0	0	1	0
20260927	4291318	cmp-a001-02-000000010764328	grp-a001-02-000000069047580	마마식품동결건조	nad-a001-02-000000541754004	bsn-a001-00-000000013604308	18	09	8753	M	1	0	0	2	0
20260927	4291318	cmp-a001-02-000000010764328	grp-a001-02-000000069047580	에너지바	nad-a001-02-000000553654554	bsn-a001-00-000000013604308	18	06	33421	M	1	0	0	1	0
20260927	4291318	cmp-a001-02-000000010764328	grp-a001-02-000000069047580	스토어	nad-a001-02-000000541753997	bsn-a001-00-000000013604308	18	02	335738	P	1	0	0	6	0
20260927	4291318	cmp-a001-02-000000010764328	grp-a001-02-000000069047580	젤리	nad-a001-02-000000541753985	bsn-a001-00-000000013604308	18	03	529514	M	6	0	0	6	0
20260927	4291318	cmp-a001-02-000000010764328	grp-a001-02-000000069047580	곡물세이크	nad-a001-02-000000553654562	bsn-a001-00-000000013604308	18	03	8753	M	3	0	0	12	0
20260927	4291318	cmp-a001-02-000000010764328	grp-a001-02-000000069047580	가루	nad-a001-02-000000541753997	bsn-a001-00-000000013604308	18	11	27758	P	1	0	0	1	0
20260927	4291318	cmp-a001-02-000000010764328	grp-a001-02-000000069047580	쉐이크	nad-a001-02-000000553654562	bsn-a001-00-000000013604308	18	02	684926	M	2	0	0	16	0
20260927	4291318	cmp-a001-02-000000010764328	grp-a001-02-000000069047580	단백질	nad-a001-02-000000553654562	bsn-a001-00-000000013604308	18	09	98128	M	1	0	0	1	0
20260927	4291318	cmp-a001-02-000000010764328	grp-a001-02-000000069047580	스토어	nad-a001-02-000000541753997	bsn-a001-00-000000013604308	18	01	98128	M	6	0	0	7	0
20260927	4291318	cmp-a001-02-000000010764328	grp-a001-02-000000069047580	프로틴	nad-a001-02-000000553654562	bsn-a001-00-000000013604308	18	02	98128	M	1	0	0	1	0
20260927	4291318	cmp-a001-02-000000010764328	grp-a001-02-000000069047580	에너지바	nad-a001-02-000000553654554	bsn-a001-00-000000013604308	18	08	33421	M	2	0	0	2	0
20260927	4291318	cmp-a001-02-000000010764328	grp-a001-02-000000069047580	분말가루	nad-a001-02-000000541753996	bsn-a001-00-000000013604308	18	02	27758	P	1	0	0	3	0
20260927	4291318	cmp-a001-02-000000010764328	grp-a001-02-000000069047580	ISP단백질보충제	nad-a001-02-000000553654562	bsn-a001-00-000000013604308	18	08	8753	M	2	0	0	4	0
20260927	4291318	cmp-a001-02-000000010764328	grp-a001-02-000000069047580	단백질쉐이크	nad-a001-02-000000553654562	bsn-a001-00-000000013604308	18	17	33421	M	2	0	0	7	0
20260927	4291318	cmp-a001-02-000000010764328	grp-a001-02-000000069047580	황성주생식	nad-a001-02-000000541753997	bsn-a001-00-000000013604308	18	06	684926	M	5	0	0	12	0
20260927	4291318	cmp-a001-02-000000010764328	grp-a001-02-000000069047580	단백질	nad-a001-02-000000553654562	bsn-a001-00-000000013604308	18	06	8753	M	2	0	0	2	0
20260927	4291318	cmp-a001-02-000000010764328	grp-a001-02-000000069047580	프로틴	nad-a001-02-000000553654562	bsn-a001-00-000000013604308	18	08	768323	M	4	0	0	7	0
20260927	4291318	cmp-a001-02-000000010764328	grp-a001-02-000000069047580	단백질보충제	nad-a001-02-000000553654562	bsn-a001-00-000000013604308	18	10	33421	M	1	0	0	6	0
20260927	4291318	cmp-a001-02-000000010764328	grp-a001-02-000000069047580	프로틴바	nad-a001-02-000000553654559	bsn-a001-00-000000013604308	18	06	529514	M	8	0	0	66	0
20260927	4291318	cmp-a001-02-000000010764328	grp-a001-02-000000069047580	단백질보충제	nad-a001-02-000000553654562	bsn-a001-00-000000013604308	18	02	529514	M	12	0	0	12	0
20260927	4291318	cmp-a001-02-000000010764328	grp-a001-02-000000069047580	다이어트쉐이크	nad-a001-02-000000553654562	bsn-a001-00-000000013604308	18	11	768323	M	1	0	0	2	0
20260927	4291318	cmp-a001-02-000000010764328	grp-a001-02-000000069047580	단백질바	nad-a001-02-000000553654554	bsn-a001-00-000000013604308	18	06	33421	M	2	0	0	2	0
20260927	4291318	cmp-a001-02-000000010764328	grp-a001-02-000000069047580	프로틴	nad-a001-02-000000553654562	bsn-a001-00-000000013604308	18	99	98128	M	1	0	0	1	0
20260927	4291318	cmp-a001-02-000000010764328	grp-a001-02-000000069047580	프로틴	nad-a001-02-000000553654562	bsn-a001-00-000000013604308	18	15	768323	M	3	0	0	7	0
20260927	4291318	cmp-a001-02-000000010764328	grp-a001-02-000000069047580	단백질쉐이크	nad-a001-02-000000553654562	bsn-a001-00-000000013604308	18	18	8753	M	6	0	0	21	0
20260927	4291318	cmp-a001-02-000000010764328	grp-a001-02-000000069047580	젤리	nad-a001-02-000000541753985	bsn-a001-00-000000013604308	18	03	684926	M	2	0	0	8	0
20260927	4291318	cmp-a001-02-000000010764328	grp-a001-02-000000069047580	쉐이크	nad-a001-02-000000553654562	bsn-a001-00-000000013604308	18	09	27758	P	1	0	0	1	0
20260927	4291318	cmp-a001-02-000000010764328	grp-a001-02-000000069047580	프로틴바	nad-a001-02-000000553654559	bsn-a001-00-000000013604308	18	07	98128	M	1	0	0	5	0
20260927	4291318	cmp-a001-02-000000010764328	grp-a001-02-000000069047580	황성주생식	nad-a001-02-000000541753988	bsn-a001-00-000000013604308	18	14	8753	M	1	0	0	5	0
20260927	4291318	cmp-a001-02-000000010764328	grp-a001-02-000000069047580	단백질쉐이크추천	nad-a001-02-000000553654562	bsn-a001-00-000000013604308	18	02	8753	M	3	0	0	8	0
20260927	4291318	cmp-a001-02-000000010764328	grp-a001-02-000000069047580	사랑님	nad-a001-02-000000553654558	bsn-a001-00-000000013604308	18	02	529514	M	2	0	0	3	0
20260927	4291318	cmp-a001-02-000000010764328	grp-a001-02-000000069047580	단백질	nad-a001-02-000000553654562	bsn-a001-00-000000013604308	18	06	27758	P	1	0	0	1	0
20260927	4291318	cmp-a001-02-000000010764328	grp-a001-02-000000069047580	가루	nad-a001-02-000000541753988	bsn-a001-00-000000013604308	18	11	98128	M	1	0	0	6	0
20260927	4291318	cmp-a001-02-000000010764328	grp-a001-02-000000069047580	프로틴바	nad-a001-02-000000553654554	bsn-a001-00-000000013604308	18	02	27758	P	5	0	0	5	0
20260927	4291318	cmp-a001-02-000000010764328	grp-a001-02-000000069047580	사랑	nad-a001-02-000000553654558	bsn-a001-00-000000013604308	18	03	98128	M	1	0	0	3	0
20260927	4291318	cmp-a001-02-000000010764328	grp-a001-02-000000069047580	사랑이	nad-a001-02-000000553654558	bsn-a001-00-000000013604308	18	99	529514	M	4	0	0	6	0
20260927	4291318	cmp-a001-02-000000010764328	grp-a001-02-000000069047580	젤리	nad-a001-02-000000541753985	bsn-a001-00-000000013604308	18	04	98128	M	3	0	0	3	0
20260927	4291318	cmp-a001-02-000000010764328	grp-a001-02-000000069047580	단백질	nad-a001-02-000000553654562	bsn-a001-00-000000013604308	18	08	8753	M	2	0	0	3	0
20260927	4291318	cmp-a001-02-000000010764328	grp-a001-02-000000069047580	프로틴바	nad-a001-02-000000553654558	bsn-a001-00-000000013604308	18	07	8753	M	1	0	0	9	0
20260927	4291318	cmp-a001-02-000000010764328	grp-a001-02-000000069047580	단백질쉐이크	nad-a001-02-000000553654562	bsn-a001-00-000000013604308	18	11	529514	M	46	0	0	73	0
20260927	4291318	cmp-a001-02-000000010764328	grp-a001-02-000000069047580	프로틴	nad-a001-02-000000553654562	bsn-a001-00-000000013604308	18	11	98128	M	2	0	0	2	0
20260927	4291318	cmp-a001-02-000000010764328	grp-a001-02-000000069047580	단백질쉐이크	nad-a001-02-000000553654562	bsn-a001-00-000000013604308	18	07	529514	M	7	0	0	8	0
20260927	4291318	cmp-a001-02-000000010764328	grp-a001-02-000000069047580	단백질바	nad-a001-02-000000553654558	bsn-a001-00-000000013604308	18	04	8753	M	2	0	0	10	0
20260927	4291318	cmp-a001-02-000000010764328	grp-a001-02-000000069047580	단백질간식	nad-a001-02-000000553654558	bsn-a001-00-000000013604308	18	99	684924	M	1	0	0	2	0
20260927	4291318	cmp-a001-02-000000010764328	grp-a001-02-000000069047580	가루	nad-a001-02-000000541754005	bsn-a001-00-000000013604308	18	17	98128	M	2	0	0	4	0
20260927	4291318	cmp-a001-02-000000010764328	grp-a001-02-000000069047580	가루	nad-a001-02-000000541753988	bsn-a001-00-000000013604308	18	02	529514	M	4	0	0	51	0
20260927	4291318	cmp-a001-02-000000010764328	grp-a001-02-000000069047580	사랑하라	nad-a001-02-000000553654554	bsn-a001-00-000000013604308	18	00	248824	P	14	0	0	26	0
20260927	4291318	cmp-a001-02-000000010764328	grp-a001-02-000000069047580	사랑으로	nad-a001-02-000000553654558	bsn-a001-00-000000013604308	18	16	529514	M	1	0	0	1	0
20260927	4291318	cmp-a001-02-000000010764328	grp-a001-02-000000069047580	단백질	nad-a001-02-000000553654562	bsn-a001-00-000000013604308	18	09	8753	M	6	0	0	7	0
20260927	4291318	cmp-a001-02-000000010764328	grp-a001-02-000000069047580	단백질바	nad-a001-02-000000553654558	bsn-a001-00-000000013604308	18	01	33421	M	2	0	0	4	0
20260927	4291318	cmp-a001-02-000000010764328	grp-a001-02-000000069047580	황성주생식	nad-a001-02-000000541753996	bsn-a001-00-000000013604308	18	14	8753	M	1	0	0	3	0
20260927	4291318	cmp-a001-02-000000010764328	grp-a001-02-000000069047580	황성주생식	nad-a001-02-000000541754004	bsn-a001-00-000000013604308	18	07	8753	M	2	2	9292	4	0
20260927	4291318	cmp-a001-02-000000010764328	grp-a001-02-000000069047580	에너지바	nad-a001-02-000000553654559	bsn-a001-00-000000013604308	18	09	23123	P	1	0	0	5	0
20260927	4291318	cmp-a001-02-000000010764328	grp-a001-02-000000069047580	단백질프로틴바	nad-a001-02-000000553654554	bsn-a001-00-000000013604308	18	10	98128	M	2	0	0	2	0
20260927	4291318	cmp-a001-02-000000010764328	grp-a001-02-000000069047580	사랑이	nad-a001-02-000000553654554	bsn-a001-00-000000013604308	18	04	529514	M	13	0	0	20	0
20260927	4291318	cmp-a001-02-000000010764328	grp-a001-02-000000069047580	분말	nad-a001-02-000000541753996	bsn-a001-00-000000013604308	18	11	27758	P	1	0	0	3	0
20260927	4291318	cmp-a001-02-000000010764328	grp-a001-02-000000069047580	프로틴	nad-a001-02-000000553654562	bsn-a001-00-000000013604308	18	11	768323	M	11	0	0	25	0
20260927	4291318	cmp-a001-02-000000010764328	grp-a001-02-000000069047580	젤리	nad-a001-02-000000541753985	bsn-a001-00-000000013604308	18	15	529514	M	38	0	0	38	0
20260927	4291318	cmp-a001-02-000000010764328	grp-a001-02-000000069047580	에너지바	nad-a001-02-000000553654559	bsn-a001-00-000000013604308	18	04	33421	M	1	0	0	6	0
20260927	4291318	cmp-a001-02-000000010764328	grp-a001-02-000000069047580	프로틴쉐이크	nad-a001-02-000000553654562	bsn-a001-00-000000013604308	18	07	529514	M	2	0	0	2	0
20260927	4291318	cmp-a001-02-000000010764328	grp-a001-02-000000069047580	에너지바	nad-a001-02-000000553654559	bsn-a001-00-000000013604308	18	02	33421	M	6	0	0	38	0
20260927	4291318	cmp-a001-02-000000010764328	grp-a001-02-000000069047580	프로틴바	nad-a001-02-000000553654558	bsn-a001-00-000000013604308	18	01	98128	M	1	0	0	2	0
20260927	4291318	cmp-a001-02-000000010764328	grp-a001-02-000000069047580	프로틴	nad-a001-02-000000553654562	bsn-a001-00-000000013604308	18	18	529514	M	14	0	0	14	0
20260927	4291318	cmp-a001-02-000000010764328	grp-a001-02-000000069047580	스토어	nad-a001-02-000000541753996	bsn-a001-00-000000013604308	18	01	98128	M	4	0	0	9	0
20260927	4291318	cmp-a001-02-000000010764328	grp-a001-02-000000069047580	프로틴	nad-a001-02-000000553654562	bsn-a001-00-000000013604308	18	07	684927	P	2	0	0	2	0
20260927	4291318	cmp-a001-02-000000010764328	grp-a001-02-000000069047580	프로틴	nad-a001-02-000000553654562	bsn-a001-00-000000013604308	18	07	768323	M	5	0	0	14	0
20260927	4291318	cmp-a001-02-000000010764328	grp-a001-02-000000069047580	스토어	nad-a001-02-000000541753997	bsn-a001-00-000000013604308	18	04	98128	M	8	0	0	14	0
20260927	4291318	cmp-a001-02-000000010764328	grp-a001-02-000000069047580	에너지바	nad-a001-02-000000553654559	bsn-a001-00-000000013604308	18	07	33421	M	1	0	0	6	0
20260927	4291318	cmp-a001-02-000000010764328	grp-a001-02-000000069047580	황성주생식	nad-a001-02-000000541754005	bsn-a001-00-000000013604308	18	02	529514	M	7	0	0	21	0
20260927	4291318	cmp-a001-02-000000010764328	grp-a001-02-000000069047580	스토어	nad-a001-02-000000541754004	bsn-a001-00-000000013604308	18	10	98128	M	12	0	0	12	0
20260927	4291318	cmp-a001-02-000000010764328	grp-a001-02-000000069047580	에너지바	nad-a001-02-000000553654554	bsn-a001-00-000000013604308	18	18	27758	P	1	0	0	1	0
20260927	4291318	cmp-a001-02-000000010764328	grp-a001-02-000000069047580	하루식사	nad-a001-02-000000553654562	bsn-a001-00-000000013604308	18	09	612594	M	1	0	0	1	0
20260927	4291318	cmp-a001-02-000000010764328	grp-a001-02-000000069047580	가루	nad-a001-02-000000541754005	bsn-a001-00-000000013604308	18	11	98128	M	1	0	0	2	0
20260927	4291318	cmp-a001-02-000000010764328	grp-a001-02-000000069047580	단백질간식	nad-a001-02-000000553654554	bsn-a001-00-000000013604308	18	02	8753	M	1	0	0	1	0
20260927	4291318	cmp-a001-02-000000010764328	grp-a001-02-000000069047580	젤리	nad-a001-02-000000541753985	bsn-a001-00-000000013604308	18	99	137281	M	1	0	0	1	0
20260927	4291318	cmp-a001-02-000000010764328	grp-a001-02-000000069047580	황성주생식	nad-a001-02-000000541753996	bsn-a001-00-000000013604308	18	06	8753	M	7	0	0	28	0
20260927	4291318	cmp-a001-02-000000010764328	grp-a001-02-000000069047580	다이어트쉐이크	nad-a001-02-000000553654562	bsn-a001-00-000000013604308	18	09	768323	M	5	0	0	10	0
20260927	4291318	cmp-a001-02-000000010764328	grp-a001-02-000000069047580	단백질바	nad-a001-02-000000553654554	bsn-a001-00-000000013604308	18	06	98128	M	2	0	0	3	0
20260927	4291318	cmp-a001-02-000000010764328	grp-a001-02-000000069047580	타먹는단백질	nad-a001-02-000000553654562	bsn-a001-00-000000013604308	18	99	8753	M	1	0	0	1	0
20260927	4291318	cmp-a001-02-000000010764328	grp-a001-02-000000069047580	프로틴파우더	nad-a001-02-000000553654562	bsn-a001-00-000000013604308	18	02	8753	M	1	0	0	3	0
20260927	4291318	cmp-a001-02-000000010764328	grp-a001-02-000000069047580	프로틴바	nad-a001-02-000000553654554	bsn-a001-00-000000013604308	18	01	33421	M	2	0	0	4	0
20260927	4291318	cmp-a001-02-000000010764328	grp-a001-02-000000069047580	프로틴	nad-a001-02-000000553654562	bsn-a001-00-000000013604308	18	02	137281	M	10	0	0	10	0
20260927	4291318	cmp-a001-02-000000010764328	grp-a001-02-000000069047580	스토어	nad-a001-02-000000541753997	bsn-a001-00-000000013604308	18	15	98128	M	3	0	0	5	0
20260927	4291318	cmp-a001-02-000000010764328	grp-a001-02-000000069047580	단백질보충제	nad-a001-02-000000553654562	bsn-a001-00-000000013604308	18	03	33421	M	2	0	0	9	0
20260927	4291318	cmp-a001-02-000000010764328	grp-a001-02-000000069047580	스토어	nad-a001-02-000000541753997	bsn-a001-00-000000013604308	18	99	98128	M	25	0	0	29	0
20260927	4291318	cmp-a001-02-000000010764328	grp-a001-02-000000069047580	젤리	nad-a001-02-000000541753985	bsn-a001-00-000000013604308	18	99	768323	M	8	0	0	8	0
20260927	4291318	cmp-a001-02-000000010764328	grp-a001-02-000000069047580	단백질쉐이크	nad-a001-02-000000553654562	bsn-a001-00-000000013604308	18	99	8753	M	6	0	0	21	0
20260927	4291318	cmp-a001-02-000000010764328	grp-a001-02-000000069047580	단백질쉐이크복용량	nad-a001-02-000000553654562	bsn-a001-00-000000013604308	18	02	8753	M	1	0	0	5	0
20260927	4291318	cmp-a001-02-000000010764328	grp-a001-02-000000069047580	단백질파우더	nad-a001-02-000000553654562	bsn-a001-00-000000013604308	18	11	8753	M	1	0	0	2	0
20260927	4291318	cmp-a001-02-000000010764328	grp-a001-02-000000069047580	황성주생식	nad-a001-02-000000541753988	bsn-a001-00-000000013604308	18	06	341893	M	2	0	0	2	0
20260927	4291318	cmp-a001-02-000000010764328	grp-a001-02-000000069047580	황성주생식	nad-a001-02-000000541753996	bsn-a001-00-000000013604308	18	02	8753	M	4	0	0	12	0
20260927	4291318	cmp-a001-02-000000010764328	grp-a001-02-000000069047580	연예인프로틴간식	nad-a001-02-000000553654554	bsn-a001-00-000000013604308	18	02	8753	M	1	0	0	1	0
20260927	4291318	cmp-a001-02-000000010764328	grp-a001-02-000000069047580	단백질파우더효과	nad-a001-02-000000553654562	bsn-a001-00-000000013604308	18	09	8753	M	1	0	0	3	0
20260927	4291318	cmp-a001-02-000000010764328	grp-a001-02-000000069047580	뷰티초콜릿	nad-a001-02-000000541753985	bsn-a001-00-000000013604308	18	02	98128	M	2	0	0	2	0
20260927	4291318	cmp-a001-02-000000010764328	grp-a001-02-000000069047580	에너지바	nad-a001-02-000000553654554	bsn-a001-00-000000013604308	18	09	23123	P	1	0	0	1	0
20260927	4291318	cmp-a001-02-000000010764328	grp-a001-02-000000069047580	분말	nad-a001-02-000000541753997	bsn-a001-00-000000013604308	18	11	27758	P	1	0	0	1	0
20260927	4291318	cmp-a001-02-000000010764328	grp-a001-02-000000069047580	황성주생식	nad-a001-02-000000541754005	bsn-a001-00-000000013604308	18	99	8753	M	1	0	0	5	0
20260927	4291318	cmp-a001-02-000000010764328	grp-a001-02-000000069047580	에너지바	nad-a001-02-000000553654559	bsn-a001-00-000000013604308	18	11	33421	M	3	0	0	20	0
20260927	4291318	cmp-a001-02-000000010764328	grp-a001-02-000000069047580	프로틴	nad-a001-02-000000553654562	bsn-a001-00-000000013604308	18	08	529514	M	39	0	0	39	0
20260927	4291318	cmp-a001-02-000000010764328	grp-a001-02-000000069047580	가루	nad-a001-02-000000541754004	bsn-a001-00-000000013604308	18	99	98128	M	2	0	0	2	0
20260927	4291318	cmp-a001-02-000000010764328	grp-a001-02-000000069047580	단백질쉐이크	nad-a001-02-000000553654562	bsn-a001-00-000000013604308	18	09	612594	M	1	1	3660	1	0
20260927	4291318	cmp-a001-02-000000010764328	grp-a001-02-000000069047580	에너지바	nad-a001-02-000000553654558	bsn-a001-00-000000013604308	18	11	33421	M	3	0	0	7	0
20260927	4291318	cmp-a001-02-000000010764328	grp-a001-02-000000069047580	단백질바	nad-a001-02-000000553654558	bsn-a001-00-000000013604308	18	09	529514	M	4	0	0	6	0
20260927	4291318	cmp-a001-02-000000010764328	grp-a001-02-000000069047580	사랑으로	nad-a001-02-000000553654554	bsn-a001-00-000000013604308	18	16	529514	M	1	0	0	2	0
20260927	4291318	cmp-a001-02-000000010764328	grp-a001-02-000000069047580	황성주생식	nad-a001-02-000000541753988	bsn-a001-00-000000013604308	18	07	8753	M	2	1	1021	10	0
20260927	4291318	cmp-a001-02-000000010764328	grp-a001-02-000000069047580	에너지바	nad-a001-02-000000553654558	bsn-a001-00-000000013604308	18	09	529514	M	3	0	0	6	0
20260927	4291318	cmp-a001-02-000000010764328	grp-a001-02-000000069047580	프로틴바	nad-a001-02-000000553654554	bsn-a001-00-000000013604308	18	06	27758	P	1	0	0	1	0
20260927	4291318	cmp-a001-02-000000010764328	grp-a001-02-000000069047580	다이어트쉐이크	nad-a001-02-000000553654562	bsn-a001-00-000000013604308	18	99	529514	M	2	0	0	2	0
20260927	4291318	cmp-a001-02-000000010764328	grp-a001-02-000000069047580	단백질	nad-a001-02-000000553654562	bsn-a001-00-000000013604308	18	16	798056	M	1	0	0	1	0
20260927	4291318	cmp-a001-02-000000010764328	grp-a001-02-000000069047580	황성주생식	nad-a001-02-000000541754005	bsn-a001-00-000000013604308	18	06	684926	M	3	0	0	9	0
20260927	4291318	cmp-a001-02-000000010764328	grp-a001-02-000000069047580	단백질보충제	nad-a001-02-000000553654562	bsn-a001-00-000000013604308	18	02	33421	M	1	0	0	7	0
20260927	4291318	cmp-a001-02-000000010764328	grp-a001-02-000000069047580	단백질쉐이크	nad-a001-02-000000553654562	bsn-a001-00-000000013604308	18	06	8753	M	4	0	0	21	0
20260927	4291318	cmp-a001-02-000000010764328	grp-a001-02-000000069047580	에너지바	nad-a001-02-000000553654559	bsn-a001-00-000000013604308	18	03	33421	M	1	0	0	6	0
20260927	4291318	cmp-a001-02-000000010764328	grp-a001-02-000000069047580	사랑	nad-a001-02-000000553654554	bsn-a001-00-000000013604308	18	08	98128	M	3	0	0	6	0
20260927	4291318	cmp-a001-02-000000010764328	grp-a001-02-000000069047580	단백질쉐이크	nad-a001-02-000000553654562	bsn-a001-00-000000013604308	18	01	529514	M	11	0	0	17	0
20260927	4291318	cmp-a001-02-000000010764328	grp-a001-02-000000069047580	다이어트식사대용	nad-a001-02-000000553654562	bsn-a001-00-000000013604308	18	03	8753	M	1	0	0	3	0
20260927	4291318	cmp-a001-02-000000010764328	grp-a001-02-000000069047580	스토어	nad-a001-02-000000541753996	bsn-a001-00-000000013604308	18	15	98128	M	3	0	0	8	0
20260927	4291318	cmp-a001-02-000000010764328	grp-a001-02-000000069047580	스토어	nad-a001-02-000000541754004	bsn-a001-00-000000013604308	18	08	98128	M	1	0	0	1	0
20260927	4291318	cmp-a001-02-000000010764328	grp-a001-02-000000069047580	단백질바	nad-a001-02-000000553654558	bsn-a001-00-000000013604308	18	18	33421	M	1	0	0	3	0
20260927	4291318	cmp-a001-02-000000010764328	grp-a001-02-000000069047580	스토어	nad-a001-02-000000541753996	bsn-a001-00-000000013604308	18	06	98128	M	10	0	0	26	0
20260927	4291318	cmp-a001-02-000000010764328	grp-a001-02-000000069047580	식물성단백질	nad-a001-02-000000553654562	bsn-a001-00-000000013604308	18	10	27758	P	1	0	0	2	0
20260927	4291318	cmp-a001-02-000000010764328	grp-a001-02-000000069047580	단백질쉐이크	nad-a001-02-000000553654562	bsn-a001-00-000000013604308	18	02	8753	M	8	1	3706	33	0
20260927	4291318	cmp-a001-02-000000010764328	grp-a001-02-000000069047580	프로틴	nad-a001-02-000000553654562	bsn-a001-00-000000013604308	18	09	768323	M	63	0	0	137	0
20260927	4291318	cmp-a001-02-000000010764328	grp-a001-02-000000069047580	프로틴바	nad-a001-02-000000553654554	bsn-a001-00-000000013604308	18	18	8753	M	1	0	0	8	0
20260927	4291318	cmp-a001-02-000000010764328	grp-a001-02-000000069047580	단백질쉐이크다이어트	nad-a001-02-000000553654562	bsn-a001-00-000000013604308	18	09	8753	M	1	0	0	4	0
20260927	4291318	cmp-a001-02-000000010764328	grp-a001-02-000000069047580	사랑님	nad-a001-02-000000553654558	bsn-a001-00-000000013604308	18	09	529514	M	4	0	0	6	0
20260927	4291318	cmp-a001-02-000000010764328	grp-a001-02-000000069047580	다이어트쉐이크	nad-a001-02-000000553654562	bsn-a001-00-000000013604308	18	01	8753	M	3	0	0	11	0
20260927	4291318	cmp-a001-02-000000010764328	grp-a001-02-000000069047580	프로틴쉐이크	nad-a001-02-000000553654562	bsn-a001-00-000000013604308	18	16	8753	M	1	0	0	4	0
20260927	4291318	cmp-a001-02-000000010764328	grp-a001-02-000000069047580	에너지바	nad-a001-02-000000553654558	bsn-a001-00-000000013604308	18	06	33421	M	1	0	0	2	0
20260927	4291318	cmp-a001-02-000000010764328	grp-a001-02-000000069047580	보충제	nad-a001-02-000000553654562	bsn-a001-00-000000013604308	18	08	98128	M	5	0	0	5	0
20260927	4291318	cmp-a001-02-000000010764328	grp-a001-02-000000069047580	젤리	nad-a001-02-000000541753985	bsn-a001-00-000000013604308	18	11	137281	M	2	0	0	2	0
20260927	4291318	cmp-a001-02-000000010764328	grp-a001-02-000000069047580	가쯔야가루된징국	nad-a001-02-000000541753997	bsn-a001-00-000000013604308	18	99	8753	M	1	0	0	4	0
20260927	4291318	cmp-a001-02-000000010764328	grp-a001-02-000000069047580	단백질쉐이크	nad-a001-02-000000553654562	bsn-a001-00-000000013604308	18	18	684927	P	1	0	0	1	0
20260927	4291318	cmp-a001-02-000000010764328	grp-a001-02-000000069047580	단백질보충제	nad-a001-02-000000553654562	bsn-a001-00-000000013604308	18	09	529514	M	5	0	0	5	0
20260927	4291318	cmp-a001-02-000000010764328	grp-a001-02-000000069047580	단백질쉐이크42G	nad-a001-02-000000553654562	bsn-a001-00-000000013604308	18	09	11068	P	1	0	0	8	0
20260927	4291318	cmp-a001-02-000000010764328	grp-a001-02-000000069047580	단백질쉐이크	nad-a001-02-000000553654562	bsn-a001-00-000000013604308	18	06	529514	M	39	0	0	57	0
20260927	4291318	cmp-a001-02-000000010764328	grp-a001-02-000000069047580	프로틴	nad-a001-02-000000553654562	bsn-a001-00-000000013604308	18	11	8753	M	3	0	0	10	0
20260927	4291318	cmp-a001-02-000000010764328	grp-a001-02-000000069047580	가루	nad-a001-02-000000541754004	bsn-a001-00-000000013604308	18	01	8753	M	1	0	0	2	0
20260927	4291318	cmp-a001-02-000000010764328	grp-a001-02-000000069047580	프로틴바	nad-a001-02-000000553654558	bsn-a001-00-000000013604308	18	10	98128	M	3	0	0	6	0
20260927	4291318	cmp-a001-02-000000010764328	grp-a001-02-000000069047580	에너지바	nad-a001-02-000000553654558	bsn-a001-00-000000013604308	18	08	33421	M	2	0	0	4	0
20260927	4291318	cmp-a001-02-000000010764328	grp-a001-02-000000069047580	에너지바	nad-a001-02-000000553654554	bsn-a001-00-000000013604308	18	10	33421	M	1	0	0	1	0
20260927	4291318	cmp-a001-02-000000010764328	grp-a001-02-000000069047580	가루	nad-a001-02-000000541753996	bsn-a001-00-000000013604308	18	02	529514	M	4	0	0	13	0
20260927	4291318	cmp-a001-02-000000010764328	grp-a001-02-000000069047580	단백질보충제	nad-a001-02-000000553654562	bsn-a001-00-000000013604308	18	16	8753	M	1	0	0	3	0
20260927	4291318	cmp-a001-02-000000010764328	grp-a001-02-000000069047580	단백질보충제	nad-a001-02-000000553654562	bsn-a001-00-000000013604308	18	18	8753	M	3	0	0	11	0
20260927	4291318	cmp-a001-02-000000010764328	grp-a001-02-000000069047580	사랑	nad-a001-02-000000553654558	bsn-a001-00-000000013604308	18	02	98128	M	9	0	0	27	0
20260927	4291318	cmp-a001-02-000000010764328	grp-a001-02-000000069047580	사랑으로	nad-a001-02-000000553654558	bsn-a001-00-000000013604308	18	09	612594	M	1	0	0	3	0
20260927	4291318	cmp-a001-02-000000010764328	grp-a001-02-000000069047580	균형영양식	nad-a001-02-000000541753965	bsn-a001-00-000000013604308	18	16	529514	M	5	0	0	11	0
20260927	4291318	cmp-a001-02-000000010764328	grp-a001-02-000000069047580	사랑	nad-a001-02-000000553654554	bsn-a001-00-000000013604308	18	10	98128	M	1	0	0	2	0
20260927	4291318	cmp-a001-02-000000010764328	grp-a001-02-000000069047580	젤리	nad-a001-02-000000541753985	bsn-a001-00-000000013604308	18	11	529514	M	1	0	0	1	0
20260927	4291318	cmp-a001-02-000000010764328	grp-a001-02-000000069047580	에너지바	nad-a001-02-000000553654558	bsn-a001-00-000000013604308	18	18	33421	M	1	0	0	2	0
20260927	4291318	cmp-a001-02-000000010764328	grp-a001-02-000000069047580	식사대용쉐이크	nad-a001-02-000000553654562	bsn-a001-00-000000013604308	18	07	11068	P	1	0	0	10	0
20260927	4291318	cmp-a001-02-000000010764328	grp-a001-02-000000069047580	식사대용	nad-a001-02-000000553654562	bsn-a001-00-000000013604308	18	09	8753	M	2	0	0	4	0
20260927	4291318	cmp-a001-02-000000010764328	grp-a001-02-000000069047580	쉐이크	nad-a001-02-000000553654562	bsn-a001-00-000000013604308	18	18	8753	M	1	0	0	1	0
20260927	4291318	cmp-a001-02-000000010764328	grp-a001-02-000000069047580	젤리	nad-a001-02-000000541753985	bsn-a001-00-000000013604308	18	03	768323	M	5	0	0	5	0
20260927	4291318	cmp-a001-02-000000010764328	grp-a001-02-000000069047580	1일단백질섭취량	nad-a001-02-000000553654562	bsn-a001-00-000000013604308	18	11	8753	M	1	0	0	2	0
20260927	4291318	cmp-a001-02-000000010764328	grp-a001-02-000000069047580	단백질바	nad-a001-02-000000553654559	bsn-a001-00-000000013604308	18	06	33421	M	1	0	0	14	0
20260927	4291318	cmp-a001-02-000000010764328	grp-a001-02-000000069047580	프로틴	nad-a001-02-000000553654562	bsn-a001-00-000000013604308	18	15	137281	M	1	0	0	1	0
20260927	4291318	cmp-a001-02-000000010764328	grp-a001-02-000000069047580	가루	nad-a001-02-000000541753996	bsn-a001-00-000000013604308	18	09	98128	M	4	0	0	16	0
20260927	4291318	cmp-a001-02-000000010764328	grp-a001-02-000000069047580	에너지바	nad-a001-02-000000553654559	bsn-a001-00-000000013604308	18	03	8753	M	1	0	0	7	0
20260927	4291318	cmp-a001-02-000000010764328	grp-a001-02-000000069047580	단백질바	nad-a001-02-000000553654558	bsn-a001-00-000000013604308	18	06	33421	M	2	0	0	4	0
20260927	4291318	cmp-a001-02-000000010764328	grp-a001-02-000000069047580	프로틴	nad-a001-02-000000553654562	bsn-a001-00-000000013604308	18	09	8753	M	7	0	0	21	0
20260927	4291318	cmp-a001-02-000000010764328	grp-a001-02-000000069047580	단백질	nad-a001-02-000000553654562	bsn-a001-00-000000013604308	18	15	529514	M	1	0	0	1	0
20260927	4291318	cmp-a001-02-000000010764328	grp-a001-02-000000069047580	저당쉐이크	nad-a001-02-000000553654562	bsn-a001-00-000000013604308	18	09	8753	M	1	0	0	3	0
20260927	4291318	cmp-a001-02-000000010764328	grp-a001-02-000000069047580	프로틴가격	nad-a001-02-000000553654562	bsn-a001-00-000000013604308	18	09	612594	M	1	0	0	1	0
20260927	4291318	cmp-a001-02-000000010764328	grp-a001-02-000000069047580	황성주생식	nad-a001-02-000000541753997	bsn-a001-00-000000013604308	18	02	8753	M	4	0	0	4	0
20260927	4291318	cmp-a001-02-000000010764328	grp-a001-02-000000069047580	장흥동산표고버섯분말	nad-a001-02-000000541754005	bsn-a001-00-000000013604308	18	16	8753	M	1	0	0	5	0
20260927	4291318	cmp-a001-02-000000010764328	grp-a001-02-000000069047580	단백질에너지바추천	nad-a001-02-000000553654558	bsn-a001-00-000000013604308	18	03	8753	M	1	0	0	3	0
20260927	4291318	cmp-a001-02-000000010764328	grp-a001-02-000000069047580	사랑	nad-a001-02-000000553654554	bsn-a001-00-000000013604308	18	02	98128	M	9	0	0	18	0
20260927	4291318	cmp-a001-02-000000010764328	grp-a001-02-000000069047580	단백질바	nad-a001-02-000000553654559	bsn-a001-00-000000013604308	18	99	529514	M	2	0	0	6	0
20260927	4291318	cmp-a001-02-000000010764328	grp-a001-02-000000069047580	황성주생식	nad-a001-02-000000541753988	bsn-a001-00-000000013604308	18	02	8753	M	3	0	0	15	0
20260927	4291318	cmp-a001-02-000000010764328	grp-a001-02-000000069047580	주영철박사다이어트	nad-a001-02-000000553654562	bsn-a001-00-000000013604308	18	06	8753	M	1	0	0	1	0
20260927	4291318	cmp-a001-02-000000010764328	grp-a001-02-000000069047580	스토어	nad-a001-02-000000541754004	bsn-a001-00-000000013604308	18	01	98128	M	2	0	0	2	0
20260927	4291318	cmp-a001-02-000000010764328	grp-a001-02-000000069047580	황성주생식라이프밀	nad-a001-02-000000541753997	bsn-a001-00-000000013604308	18	09	8753	M	4	1	4586	4	0
20260927	4291318	cmp-a001-02-000000010764328	grp-a001-02-000000069047580	황성주귿모닝생식	nad-a001-02-000000541753988	bsn-a001-00-000000013604308	18	09	8753	M	1	0	0	5	0
20260927	4291318	cmp-a001-02-000000010764328	grp-a001-02-000000069047580	황성주생식	nad-a001-02-000000541753988	bsn-a001-00-000000013604308	18	06	684926	M	5	1	932	25	0
20260927	4291318	cmp-a001-02-000000010764328	grp-a001-02-000000069047580	프로틴	nad-a001-02-000000553654562	bsn-a001-00-000000013604308	18	13	529514	M	9	0	0	9	0
20260927	4291318	cmp-a001-02-000000010764328	grp-a001-02-000000069047580	다이어트단백질쉐이크	nad-a001-02-000000553654562	bsn-a001-00-000000013604308	18	08	8753	M	1	0	0	4	0
20260927	4291318	cmp-a001-02-000000010764328	grp-a001-02-000000069047580	프로틴	nad-a001-02-000000553654562	bsn-a001-00-000000013604308	18	01	8753	M	5	0	0	21	0
20260927	4291318	cmp-a001-02-000000010764328	grp-a001-02-000000069047580	황성주생식	nad-a001-02-000000541754004	bsn-a001-00-000000013604308	18	08	8753	M	1	0	0	2	0
20260927	4291318	cmp-a001-02-000000010764328	grp-a001-02-000000069047580	사랑님	nad-a001-02-000000553654558	bsn-a001-00-000000013604308	18	03	529514	M	6	0	0	9	0
20260927	4291318	cmp-a001-02-000000010764328	grp-a001-02-000000069047580	프로틴바	nad-a001-02-000000553654558	bsn-a001-00-000000013604308	18	06	529514	M	8	0	0	16	0
20260927	4291318	cmp-a001-02-000000010764328	grp-a001-02-000000069047580	스토어	nad-a001-02-000000541754004	bsn-a001-00-000000013604308	18	09	98128	M	24	0	0	24	0
20260927	4291318	cmp-a001-02-000000010764328	grp-a001-02-000000069047580	프로틴파우더추천	nad-a001-02-000000553654562	bsn-a001-00-000000013604308	18	00	8753	M	1	0	0	5	0
20260927	4291318	cmp-a001-02-000000010764328	grp-a001-02-000000069047580	프로틴바	nad-a001-02-000000553654558	bsn-a001-00-000000013604308	18	06	27758	P	1	0	0	2	0
20260927	4291318	cmp-a001-02-000000010764328	grp-a001-02-000000069047580	사탕젤리	nad-a001-02-000000541753985	bsn-a001-00-000000013604308	18	08	23123	P	1	0	0	2	0
20260927	4291318	cmp-a001-02-000000010764328	grp-a001-02-000000069047580	식품간식	nad-a001-02-000000553654558	bsn-a001-00-000000013604308	18	02	98128	M	2	0	0	4	0
20260927	4291318	cmp-a001-02-000000010764328	grp-a001-02-000000069047580	에너지바	nad-a001-02-000000553654554	bsn-a001-00-000000013604308	18	02	23123	P	1	0	0	1	0
20260927	4291318	cmp-a001-02-000000010764328	grp-a001-02-000000069047580	에너지바	nad-a001-02-000000553654554	bsn-a001-00-000000013604308	18	02	8753	M	3	0	0	6	0
20260927	4291318	cmp-a001-02-000000010764328	grp-a001-02-000000069047580	황성주생식	nad-a001-02-000000541753996	bsn-a001-00-000000013604308	18	99	8753	M	1	0	0	4	0
20260927	4291318	cmp-a001-02-000000010764328	grp-a001-02-000000069047580	황성주생식라이프밀	nad-a001-02-000000541753996	bsn-a001-00-000000013604308	18	16	8753	M	1	0	0	2	0
20260927	4291318	cmp-a001-02-000000010764328	grp-a001-02-000000069047580	젤리	nad-a001-02-000000541753985	bsn-a001-00-000000013604308	18	17	8753	M	2	0	0	4	0
20260927	4291318	cmp-a001-02-000000010764328	grp-a001-02-000000069047580	프로틴	nad-a001-02-000000553654562	bsn-a001-00-000000013604308	18	16	8753	M	3	0	0	11	0
20260927	4291318	cmp-a001-02-000000010764328	grp-a001-02-000000069047580	황성주생식라이프밀	nad-a001-02-000000541753988	bsn-a001-00-000000013604308	18	09	8753	M	3	0	0	15	0
20260927	4291318	cmp-a001-02-000000010764328	grp-a001-02-000000069047580	프로틴	nad-a001-02-000000553654562	bsn-a001-00-000000013604308	18	02	529514	M	84	0	0	84	0
20260927	4291318	cmp-a001-02-000000010764328	grp-a001-02-000000069047580	프로틴바	nad-a001-02-000000553654558	bsn-a001-00-000000013604308	18	09	98128	M	1	0	0	2	0
20260927	4291318	cmp-a001-02-000000010764328	grp-a001-02-000000069047580	황성주귿모닝생식	nad-a001-02-000000541753996	bsn-a001-00-000000013604308	18	09	8753	M	1	0	0	4	0
20260927	4291318	cmp-a001-02-000000010764328	grp-a001-02-000000069047580	단백질바	nad-a001-02-000000553654554	bsn-a001-00-000000013604308	18	02	8753	M	8	0	0	21	0
20260927	4291318	cmp-a001-02-000000010764328	grp-a001-02-000000069047580	황성주영양식	nad-a001-02-000000541754002	bsn-a001-00-000000013604308	18	08	8753	M	1	0	0	9	0
20260927	4291318	cmp-a001-02-000000010764328	grp-a001-02-000000069047580	에너지바	nad-a001-02-000000553654559	bsn-a001-00-000000013604308	18	99	529514	M	2	0	0	6	0
20260927	4291318	cmp-a001-02-000000010764328	grp-a001-02-000000069047580	식물성단백질쉐이크	nad-a001-02-000000553654562	bsn-a001-00-000000013604308	18	09	8753	M	1	0	0	4	0
20260927	4291318	cmp-a001-02-000000010764328	grp-a001-02-000000069047580	사랑	nad-a001-02-000000553654558	bsn-a001-00-000000013604308	18	06	98128	M	4	0	0	12	0
20260927	4291318	cmp-a001-02-000000010764328	grp-a001-02-000000069047580	사랑	nad-a001-02-000000553654558	bsn-a001-00-000000013604308	18	16	98128	M	2	0	0	6	0
20260927	4291318	cmp-a001-02-000000010764328	grp-a001-02-000000069047580	사탕젤리	nad-a001-02-000000541753985	bsn-a001-00-000000013604308	18	00	87620	M	1	0	0	1	0
20260927	4291318	cmp-a001-02-000000010764328	grp-a001-02-000000069047580	프로틴바	nad-a001-02-000000553654559	bsn-a001-00-000000013604308	18	09	98128	M	1	0	0	5	0
20260927	4291318	cmp-a001-02-000000010764328	grp-a001-02-000000069047580	가루	nad-a001-02-000000541754005	bsn-a001-00-000000013604308	18	09	8753	M	1	0	0	5	0
20260927	4291318	cmp-a001-02-000000010764328	grp-a001-02-000000069047580	프로틴파우더	nad-a001-02-000000553654562	bsn-a001-00-000000013604308	18	01	8753	M	1	0	0	5	0
20260927	4291318	cmp-a001-02-000000010764328	grp-a001-02-000000069047580	에너지바	nad-a001-02-000000553654558	bsn-a001-00-000000013604308	18	09	8753	M	2	0	0	6	0
20260927	4291318	cmp-a001-02-000000010764328	grp-a001-02-000000069047580	프로틴단백질	nad-a001-02-000000553654562	bsn-a001-00-000000013604308	18	02	8753	M	1	0	0	3	0
20260927	4291318	cmp-a001-02-000000010764328	grp-a001-02-000000069047580	단백질	nad-a001-02-000000553654562	bsn-a001-00-000000013604308	18	02	27758	P	1	0	0	1	0
20260927	4291318	cmp-a001-02-000000010764328	grp-a001-02-000000069047580	스토어	nad-a001-02-000000541753996	bsn-a001-00-000000013604308	18	09	98128	M	39	0	0	91	0
20260927	4291318	cmp-a001-02-000000010764328	grp-a001-02-000000069047580	단백질보충제	nad-a001-02-000000553654562	bsn-a001-00-000000013604308	18	06	529514	M	2	0	0	2	0
20260927	4291318	cmp-a001-02-000000010764328	grp-a001-02-000000069047580	스토어	nad-a001-02-000000541753997	bsn-a001-00-000000013604308	18	08	98128	M	7	0	0	7	0
20260927	4291318	cmp-a001-02-000000010764328	grp-a001-02-000000069047580	프로틴	nad-a001-02-000000553654562	bsn-a001-00-000000013604308	18	11	27758	P	1	0	0	2	0
20260927	4291318	cmp-a001-02-000000010764328	grp-a001-02-000000069047580	단백질	nad-a001-02-000000553654562	bsn-a001-00-000000013604308	18	13	529514	M	1	0	0	1	0
20260927	4291318	cmp-a001-02-000000010764328	grp-a001-02-000000069047580	분말가루	nad-a001-02-000000541753997	bsn-a001-00-000000013604308	18	02	684925	P	1	0	0	1	0
20260927	4291318	cmp-a001-02-000000010764328	grp-a001-02-000000069047580	단백질	nad-a001-02-000000553654562	bsn-a001-00-000000013604308	18	09	137281	M	2	0	0	2	0
20260927	4291318	cmp-a001-02-000000010764328	grp-a001-02-000000069047580	가루	nad-a001-02-000000541753988	bsn-a001-00-000000013604308	18	09	98128	M	4	0	0	24	0
20260927	4291318	cmp-a001-02-000000010764328	grp-a001-02-000000069047580	프로틴	nad-a001-02-000000553654562	bsn-a001-00-000000013604308	18	03	768323	M	20	0	0	41	0
20260927	4291318	cmp-a001-02-000000010764328	grp-a001-02-000000069047580	사랑	nad-a001-02-000000553654554	bsn-a001-00-000000013604308	18	99	98128	M	6	0	0	12	0
20260927	4291318	cmp-a001-02-000000010764328	grp-a001-02-000000069047580	스토어	nad-a001-02-000000541753996	bsn-a001-00-000000013604308	18	18	98128	M	1	0	0	3	0
20260927	4291318	cmp-a001-02-000000010764328	grp-a001-02-000000069047580	단백질보충제	nad-a001-02-000000553654562	bsn-a001-00-000000013604308	18	15	8753	M	1	0	0	3	0
20260927	4291318	cmp-a001-02-000000010764328	grp-a001-02-000000069047580	황성주생식	nad-a001-02-000000541754004	bsn-a001-00-000000013604308	18	02	684924	M	1	0	0	1	0
20260927	4291318	cmp-a001-02-000000010764328	grp-a001-02-000000069047580	단백질파우더	nad-a001-02-000000553654562	bsn-a001-00-000000013604308	18	08	8753	M	1	1	3696	3	0
20260927	4291318	cmp-a001-02-000000010764328	grp-a001-02-000000069047580	프로틴쉐이크	nad-a001-02-000000553654562	bsn-a001-00-000000013604308	18	99	529514	M	4	0	0	4	0
20260927	4291318	cmp-a001-02-000000010764328	grp-a001-02-000000069047580	프로틴	nad-a001-02-000000553654562	bsn-a001-00-000000013604308	18	17	768323	M	5	0	0	7	0
20260927	4291318	cmp-a001-02-000000010764328	grp-a001-02-000000069047580	사랑했어요	nad-a001-02-000000553654554	bsn-a001-00-000000013604308	18	09	612594	M	1	0	0	2	0
20260927	4291318	cmp-a001-02-000000010764328	grp-a001-02-000000069047580	에너지바	nad-a001-02-000000553654558	bsn-a001-00-000000013604308	18	02	33421	M	6	0	0	13	0
20260927	4291318	cmp-a001-02-000000010764328	grp-a001-02-000000069047580	에너지바	nad-a001-02-000000553654554	bsn-a001-00-000000013604308	18	18	33421	M	1	0	0	1	0
20260927	4291318	cmp-a001-02-000000010764328	grp-a001-02-000000069047580	에너지바	nad-a001-02-000000553654559	bsn-a001-00-000000013604308	18	06	529514	M	2	0	0	6	0
20260927	4291318	cmp-a001-02-000000010764328	grp-a001-02-000000069047580	사랑	nad-a001-02-000000553654558	bsn-a001-00-000000013604308	18	09	137281	M	12	0	0	24	0
20260927	4291318	cmp-a001-02-000000010764328	grp-a001-02-000000069047580	단백질파우더	nad-a001-02-000000553654562	bsn-a001-00-000000013604308	18	99	529514	M	2	0	0	2	0
20260927	4291318	cmp-a001-02-000000010764328	grp-a001-02-000000069047580	단백질쉐이크추천	nad-a001-02-000000553654562	bsn-a001-00-000000013604308	18	02	27758	P	1	0	0	4	0
20260927	4291318	cmp-a001-02-000000010764328	grp-a001-02-000000069047580	에너지바	nad-a001-02-000000553654558	bsn-a001-00-000000013604308	18	00	27758	P	2	0	0	6	0
20260927	4291318	cmp-a001-02-000000010764328	grp-a001-02-000000069047580	프로틴	nad-a001-02-000000553654562	bsn-a001-00-000000013604308	18	99	8753	M	1	0	0	1	0
20260927	4291318	cmp-a001-02-000000010764328	grp-a001-02-000000069047580	에너지바	nad-a001-02-000000553654554	bsn-a001-00-000000013604308	18	03	8753	M	2	1	1781	2	0
20260927	4291318	cmp-a001-02-000000010764328	grp-a001-02-000000069047580	다이어트쉐이크추천	nad-a001-02-000000553654562	bsn-a001-00-000000013604308	18	01	8753	M	1	0	0	4	0
20260927	4291318	cmp-a001-02-000000010764328	grp-a001-02-000000069047580	단백질쉐이크	nad-a001-02-000000553654562	bsn-a001-00-000000013604308	18	09	8753	M	13	0	0	51	0
20260927	4291318	cmp-a001-02-000000010764328	grp-a001-02-000000069047580	1일단백질섭취량	nad-a001-02-000000553654562	bsn-a001-00-000000013604308	18	08	8753	M	1	0	0	5	0
20260927	4291318	cmp-a001-02-000000010764328	grp-a001-02-000000069047580	에너지바	nad-a001-02-000000553654558	bsn-a001-00-000000013604308	18	03	8753	M	2	0	0	4	0
20260927	4291318	cmp-a001-02-000000010764328	grp-a001-02-000000069047580	쉐이크	nad-a001-02-000000553654562	bsn-a001-00-000000013604308	18	18	98128	M	1	0	0	1	0
20260927	4291318	cmp-a001-02-000000010764328	grp-a001-02-000000069047580	HIMNAEGO단백질바	nad-a001-02-000000553654554	bsn-a001-00-000000013604308	18	02	8753	M	1	0	0	1	0
20260927	4291318	cmp-a001-02-000000010764328	grp-a001-02-000000069047580	사랑	nad-a001-02-000000553654554	bsn-a001-00-000000013604308	18	09	98128	M	6	0	0	12	0
20260927	4291318	cmp-a001-02-000000010764328	grp-a001-02-000000069047580	다이어트쉐이크	nad-a001-02-000000553654562	bsn-a001-00-000000013604308	18	02	8753	M	3	0	0	7	0
20260927	4291318	cmp-a001-02-000000010764328	grp-a001-02-000000069047580	황성주생식	nad-a001-02-000000541754004	bsn-a001-00-000000013604308	18	02	8753	M	4	1	4747	8	0
20260927	4291318	cmp-a001-02-000000010764328	grp-a001-02-000000069047580	황성주생식	nad-a001-02-000000541753996	bsn-a001-00-000000013604308	18	08	8753	M	1	0	0	3	0
20260927	4291318	cmp-a001-02-000000010764328	grp-a001-02-000000069047580	사랑	nad-a001-02-000000553654558	bsn-a001-00-000000013604308	18	08	98128	M	3	0	0	9	0
20260927	4291318	cmp-a001-02-000000010764328	grp-a001-02-000000069047580	식사대용	nad-a001-02-000000553654562	bsn-a001-00-000000013604308	18	09	529514	M	2	0	0	2	0
20260927	4291318	cmp-a001-02-000000010764328	grp-a001-02-000000069047580	단백질바	nad-a001-02-000000553654558	bsn-a001-00-000000013604308	18	15	33421	M	2	0	0	4	0
20260927	4291318	cmp-a001-02-000000010764328	grp-a001-02-000000069047580	대두단백질	nad-a001-02-000000553654562	bsn-a001-00-000000013604308	18	06	8753	M	1	0	0	2	0
20260927	4291318	cmp-a001-02-000000010764328	grp-a001-02-000000069047580	단백질바	nad-a001-02-000000553654554	bsn-a001-00-000000013604308	18	03	8753	M	5	0	0	9	0
20260927	4291318	cmp-a001-02-000000010764328	grp-a001-02-000000069047580	JELLY	nad-a001-02-000000541753985	bsn-a001-00-000000013604308	18	00	98128	M	2	0	0	2	0
20260927	4291318	cmp-a001-02-000000010764328	grp-a001-02-000000069047580	젤리	nad-a001-02-000000541753985	bsn-a001-00-000000013604308	18	08	684926	M	2	0	0	10	0
20260927	4291318	cmp-a001-02-000000010764328	grp-a001-02-000000069047580	단백질바추천	nad-a001-02-000000553654558	bsn-a001-00-000000013604308	18	99	8753	M	1	0	0	5	0
20260927	4291318	cmp-a001-02-000000010764328	grp-a001-02-000000069047580	분말가루	nad-a001-02-000000541754004	bsn-a001-00-000000013604308	18	02	27758	P	1	0	0	1	0
20260927	4291318	cmp-a001-02-000000010764328	grp-a001-02-000000069047580	황성주박사의암환자용동결곡물가루	nad-a001-02-000000541753988	bsn-a001-00-000000013604308	18	01	8753	M	1	0	0	5	0
20260927	4291318	cmp-a001-02-000000010764328	grp-a001-02-000000069047580	푸룬젤리	nad-a001-02-000000541753985	bsn-a001-00-000000013604308	18	16	33421	M	1	0	0	1	0
20260927	4291318	cmp-a001-02-000000010764328	grp-a001-02-000000069047580	가루	nad-a001-02-000000541754005	bsn-a001-00-000000013604308	18	02	529514	M	4	0	0	19	0
20260927	4291318	cmp-a001-02-000000010764328	grp-a001-02-000000069047580	에너지바	nad-a001-02-000000553654554	bsn-a001-00-000000013604308	18	09	8753	M	2	0	0	2	0
20260927	4291318	cmp-a001-02-000000010764328	grp-a001-02-000000069047580	황성주생식	nad-a001-02-000000541753997	bsn-a001-00-000000013604308	18	09	8753	M	2	0	0	2	0
20260927	4291318	cmp-a001-02-000000010764328	grp-a001-02-000000069047580	사랑은	nad-a001-02-000000553654558	bsn-a001-00-000000013604308	18	09	98128	M	2	0	0	6	0
20260927	4291318	cmp-a001-02-000000010764328	grp-a001-02-000000069047580	가루	nad-a001-02-000000541753996	bsn-a001-00-000000013604308	18	11	27758	P	1	0	0	3	0
20260927	4291318	cmp-a001-02-000000010764328	grp-a001-02-000000069047580	에너지바운동전	nad-a001-02-000000553654558	bsn-a001-00-000000013604308	18	02	8753	M	1	0	0	4	0
20260927	4291318	cmp-a001-02-000000010764328	grp-a001-02-000000069047580	에너지바	nad-a001-02-000000553654558	bsn-a001-00-000000013604308	18	99	529514	M	2	0	0	3	0
20260927	4291318	cmp-a001-02-000000010764328	grp-a001-02-000000069047580	젤리	nad-a001-02-000000541753985	bsn-a001-00-000000013604308	18	03	87620	M	1	0	0	1	0
20260927	4291318	cmp-a001-02-000000010764328	grp-a001-02-000000069047580	단백질바	nad-a001-02-000000553654559	bsn-a001-00-000000013604308	18	02	33421	M	2	0	0	26	0
20260927	4291318	cmp-a001-02-000000010764328	grp-a001-02-000000069047580	프로틴바	nad-a001-02-000000553654554	bsn-a001-00-000000013604308	18	09	768323	M	2	0	0	2	0
20260927	4291318	cmp-a001-02-000000010764328	grp-a001-02-000000069047580	젤리	nad-a001-02-000000541753985	bsn-a001-00-000000013604308	18	08	137281	M	1	0	0	1	0
20260927	4291318	cmp-a001-02-000000010764328	grp-a001-02-000000069047580	가루	nad-a001-02-000000541753996	bsn-a001-00-000000013604308	18	99	98128	M	1	0	0	4	0
20260927	4291318	cmp-a001-02-000000010764328	grp-a001-02-000000069047580	다이어트단백질쉐이크	nad-a001-02-000000553654562	bsn-a001-00-000000013604308	18	02	27758	P	1	0	0	3	0
20260927	4291318	cmp-a001-02-000000010764328	grp-a001-02-000000069047580	젤리	nad-a001-02-000000541753985	bsn-a001-00-000000013604308	18	07	768323	M	5	0	0	5	0
20260927	4291318	cmp-a001-02-000000010764328	grp-a001-02-000000069047580	황성주영양식	nad-a001-02-000000541753965	bsn-a001-00-000000013604308	18	08	8753	M	2	0	0	2	0
20260927	4291318	cmp-a001-02-000000010764328	grp-a001-02-000000069047580	젤리	nad-a001-02-000000541753985	bsn-a001-00-000000013604308	18	06	768323	M	1	0	0	1	0
20260927	4291318	cmp-a001-02-000000010764328	grp-a001-02-000000069047580	칼로리바	nad-a001-02-000000553654558	bsn-a001-00-000000013604308	18	08	684926	M	2	0	0	4	0
20260927	4291318	cmp-a001-02-000000010764328	grp-a001-02-000000069047580	단백질	nad-a001-02-000000553654562	bsn-a001-00-000000013604308	18	04	684927	P	1	0	0	1	0
20260927	4291318	cmp-a001-02-000000010764328	grp-a001-02-000000069047580	초코브라우니보관방법	nad-a001-02-000000553654554	bsn-a001-00-000000013604308	18	13	8753	M	1	0	0	1	0
20260927	4291318	cmp-a001-02-000000010764328	grp-a001-02-000000069047580	미숫가루맛프로틴	nad-a001-02-000000553654562	bsn-a001-00-000000013604308	18	02	8753	M	1	0	0	3	0
20260927	4291318	cmp-a001-02-000000010764328	grp-a001-02-000000069047580	단백질파우더먹는법	nad-a001-02-000000553654562	bsn-a001-00-000000013604308	18	09	8753	M	1	0	0	4	0
20260927	4291318	cmp-a001-02-000000010764328	grp-a001-02-000000069047580	스토어	nad-a001-02-000000541753997	bsn-a001-00-000000013604308	18	11	98128	M	10	0	0	16	0
20260927	4291318	cmp-a001-02-000000010764328	grp-a001-02-000000069047580	단백질쉐이크	nad-a001-02-000000553654562	bsn-a001-00-000000013604308	18	02	27758	P	2	0	0	6	0
20260927	4291318	cmp-a001-02-000000010764328	grp-a001-02-000000069047580	젤리	nad-a001-02-000000541753985	bsn-a001-00-000000013604308	18	06	27758	P	1	0	0	3	0
20260927	4291318	cmp-a001-02-000000010764328	grp-a001-02-000000069047580	단백질보충제	nad-a001-02-000000553654562	bsn-a001-00-000000013604308	18	03	8753	M	1	0	0	4	0
20260927	4291318	cmp-a001-02-000000010764328	grp-a001-02-000000069047580	식물성단백질	nad-a001-02-000000553654562	bsn-a001-00-000000013604308	18	09	8753	M	2	0	0	6	0
20260927	4291318	cmp-a001-02-000000010764328	grp-a001-02-000000069047580	스토어	nad-a001-02-000000541753996	bsn-a001-00-000000013604308	18	03	98128	M	13	0	0	38	0
20260927	4291318	cmp-a001-02-000000010764328	grp-a001-02-000000069047580	황성주생식	nad-a001-02-000000541753997	bsn-a001-00-000000013604308	18	11	8753	M	1	0	0	2	0
20260927	4291318	cmp-a001-02-000000010764328	grp-a001-02-000000069047580	프룻젤리	nad-a001-02-000000541753985	bsn-a001-00-000000013604308	18	08	8753	M	1	0	0	1	0
20260927	4291318	cmp-a001-02-000000010764328	grp-a001-02-000000069047580	젤리	nad-a001-02-000000541753985	bsn-a001-00-000000013604308	18	04	8753	M	1	0	0	2	0
20260927	4291318	cmp-a001-02-000000010764328	grp-a001-02-000000069047580	스토어	nad-a001-02-000000541754004	bsn-a001-00-000000013604308	18	18	612594	M	1	0	0	3	0
20260927	4291318	cmp-a001-02-000000010764328	grp-a001-02-000000069047580	황성주생식	nad-a001-02-000000541753997	bsn-a001-00-000000013604308	18	02	529514	M	7	2	6179	7	0
20260927	4291318	cmp-a001-02-000000010764328	grp-a001-02-000000069047580	스토어	nad-a001-02-000000541753997	bsn-a001-00-000000013604308	18	07	98128	M	1	0	0	2	0
20260927	4291318	cmp-a001-02-000000010764328	grp-a001-02-000000069047580	단백질쉐이크	nad-a001-02-000000553654562	bsn-a001-00-000000013604308	18	02	529514	M	166	0	0	291	0
20260927	4291318	cmp-a001-02-000000010764328	grp-a001-02-000000069047580	단백질프로틴바	nad-a001-02-000000553654558	bsn-a001-00-000000013604308	18	06	98128	M	1	0	0	2	0
20260927	4291318	cmp-a001-02-000000010764328	grp-a001-02-000000069047580	단백하니쉐이크	nad-a001-02-000000553654562	bsn-a001-00-000000013604308	18	02	8753	M	1	0	0	4	0
20260927	4291318	cmp-a001-02-000000010764328	grp-a001-02-000000069047580	단백질쉐이크다이어트	nad-a001-02-000000553654562	bsn-a001-00-000000013604308	18	02	8753	M	1	0	0	1	0
20260927	4291318	cmp-a001-02-000000010764328	grp-a001-02-000000069047580	가루	nad-a001-02-000000541753997	bsn-a001-00-000000013604308	18	17	98128	M	2	0	0	6	0
20260927	4291318	cmp-a001-02-000000010764328	grp-a001-02-000000069047580	단백질바	nad-a001-02-000000553654558	bsn-a001-00-000000013604308	18	07	33421	M	1	0	0	2	0
20260927	4291318	cmp-a001-02-000000010764328	grp-a001-02-000000069047580	단백질섭취량	nad-a001-02-000000553654562	bsn-a001-00-000000013604308	18	08	8753	M	1	0	0	5	0
20260927	4291318	cmp-a001-02-000000010764328	grp-a001-02-000000069047580	에너지바	nad-a001-02-000000553654559	bsn-a001-00-000000013604308	18	18	33421	M	1	0	0	6	0
20260927	4291318	cmp-a001-02-000000010764328	grp-a001-02-000000069047580	단백질보충제	nad-a001-02-000000553654562	bsn-a001-00-000000013604308	18	02	684926	M	2	0	0	16	0
20260927	4291318	cmp-a001-02-000000010764328	grp-a001-02-000000069047580	장흥동산표고버섯분말	nad-a001-02-000000541753996	bsn-a001-00-000000013604308	18	16	8753	M	1	0	0	3	0
20260927	4291318	cmp-a001-02-000000010764328	grp-a001-02-000000069047580	식사대용	nad-a001-02-000000553654562	bsn-a001-00-000000013604308	18	04	8753	M	1	0	0	1	0
20260927	4291318	cmp-a001-02-000000010764328	grp-a001-02-000000069047580	균형영양식	nad-a001-02-000000541753965	bsn-a001-00-000000013604308	18	09	529514	M	7	0	0	16	0
20260927	4291318	cmp-a001-02-000000010764328	grp-a001-02-000000069047580	SHAKE	nad-a001-02-000000553654562	bsn-a001-00-000000013604308	18	00	805759	P	1	0	0	1	0
20260927	4291318	cmp-a001-02-000000010764328	grp-a001-02-000000069047580	황성주생식	nad-a001-02-000000541754005	bsn-a001-00-000000013604308	18	09	633013	M	3	0	0	12	0
20260927	4291318	cmp-a001-02-000000010764328	grp-a001-02-000000069047580	단백질보충제	nad-a001-02-000000553654562	bsn-a001-00-000000013604308	18	07	11068	P	1	0	0	2	0
20260927	4291318	cmp-a001-02-000000010764328	grp-a001-02-000000069047580	단백질파우더	nad-a001-02-000000553654562	bsn-a001-00-000000013604308	18	07	8753	M	1	1	3625	3	0
20260927	4291318	cmp-a001-02-000000010764328	grp-a001-02-000000069047580	그레인크런치	nad-a001-02-000000553654558	bsn-a001-00-000000013604308	18	02	684926	M	1	0	0	1	0
20260927	4291318	cmp-a001-02-000000010764328	grp-a001-02-000000069047580	쉐이크	nad-a001-02-000000553654562	bsn-a001-00-000000013604308	18	18	33421	M	1	0	0	1	0
20260927	4291318	cmp-a001-02-000000010764328	grp-a001-02-000000069047580	에너지바	nad-a001-02-000000553654558	bsn-a001-00-000000013604308	18	99	8753	M	1	0	0	4	0
20260927	4291318	cmp-a001-02-000000010764328	grp-a001-02-000000069047580	가루	nad-a001-02-000000541753997	bsn-a001-00-000000013604308	18	09	8753	M	1	0	0	1	0
20260927	4291318	cmp-a001-02-000000010764328	grp-a001-02-000000069047580	단백질바	nad-a001-02-000000553654554	bsn-a001-00-000000013604308	18	09	33421	M	6	0	0	6	0
20260927	4291318	cmp-a001-02-000000010764328	grp-a001-02-000000069047580	사랑	nad-a001-02-000000553654558	bsn-a001-00-000000013604308	18	10	98128	M	1	0	0	3	0
20260927	4291318	cmp-a001-02-000000010764328	grp-a001-02-000000069047580	OK단백질쉐이크	nad-a001-02-000000553654562	bsn-a001-00-000000013604308	18	04	8753	M	1	0	0	5	0
20260927	4291318	cmp-a001-02-000000010764328	grp-a001-02-000000069047580	프로틴바	nad-a001-02-000000553654554	bsn-a001-00-000000013604308	18	07	98128	M	2	0	0	2	0
20260927	4291318	cmp-a001-02-000000010764328	grp-a001-02-000000069047580	가쯔야가루된징국	nad-a001-02-000000541754004	bsn-a001-00-000000013604308	18	99	8753	M	1	0	0	11	0
20260927	4291318	cmp-a001-02-000000010764328	grp-a001-02-000000069047580	스토어	nad-a001-02-000000541753997	bsn-a001-00-000000013604308	18	16	98128	M	4	0	0	8	0
20260927	4291318	cmp-a001-02-000000010764328	grp-a001-02-000000069047580	프로틴	nad-a001-02-000000553654562	bsn-a001-00-000000013604308	18	11	684925	P	1	0	0	1	0
20260927	4291318	cmp-a001-02-000000010764328	grp-a001-02-000000069047580	단백질쉐이크	nad-a001-02-000000553654562	bsn-a001-00-000000013604308	18	18	98128	M	2	0	0	2	0
20260927	4291318	cmp-a001-02-000000010764328	grp-a001-02-000000069047580	균형영양식	nad-a001-02-000000541753965	bsn-a001-00-000000013604308	18	99	529514	M	2	0	0	4	0
20260927	4291318	cmp-a001-02-000000010764328	grp-a001-02-000000069047580	단백질쉐이크	nad-a001-02-000000553654562	bsn-a001-00-000000013604308	18	10	529514	M	21	0	0	35	0
20260927	4291318	cmp-a001-02-000000010764328	grp-a001-02-000000069047580	단백질파우더	nad-a001-02-000000553654562	bsn-a001-00-000000013604308	18	02	27758	P	1	0	0	3	0
20260927	4291318	cmp-a001-02-000000010764328	grp-a001-02-000000069047580	황성주생식	nad-a001-02-000000541753988	bsn-a001-00-000000013604308	18	08	8753	M	1	0	0	5	0
20260927	4291318	cmp-a001-02-000000010764328	grp-a001-02-000000069047580	제리	nad-a001-02-000000541753985	bsn-a001-00-000000013604308	18	02	98128	M	3	0	0	3	0
20260927	4291318	cmp-a001-02-000000010764328	grp-a001-02-000000069047580	스토어	nad-a001-02-000000541754004	bsn-a001-00-000000013604308	18	06	98128	M	11	0	0	11	0
20260927	4291318	cmp-a001-02-000000010764328	grp-a001-02-000000069047580	장흥동산표고버섯분말가격	nad-a001-02-000000541753996	bsn-a001-00-000000013604308	18	16	8753	M	1	0	0	3	0
20260927	4291318	cmp-a001-02-000000010764328	grp-a001-02-000000069047580	프로틴바	nad-a001-02-000000553654559	bsn-a001-00-000000013604308	18	08	768323	M	2	0	0	13	0
20260927	4291318	cmp-a001-02-000000010764328	grp-a001-02-000000069047580	프로틴파우더	nad-a001-02-000000553654562	bsn-a001-00-000000013604308	18	01	33421	M	2	0	0	16	0
20260927	4291318	cmp-a001-02-000000010764328	grp-a001-02-000000069047580	에너지바	nad-a001-02-000000553654558	bsn-a001-00-000000013604308	18	02	23123	P	1	0	0	2	0
20260927	4291318	cmp-a001-02-000000010764328	grp-a001-02-000000069047580	빌베리동결건조가루	nad-a001-02-000000541754004	bsn-a001-00-000000013604308	18	01	8753	M	1	0	0	2	0
20260927	4291318	cmp-a001-02-000000010764328	grp-a001-02-000000069047580	젤리	nad-a001-02-000000541753985	bsn-a001-00-000000013604308	18	15	768323	M	1	0	0	1	0
20260927	4291318	cmp-a001-02-000000010764328	grp-a001-02-000000069047580	에너지바	nad-a001-02-000000553654558	bsn-a001-00-000000013604308	18	02	8753	M	3	0	0	12	0
20260927	4291318	cmp-a001-02-000000010764328	grp-a001-02-000000069047580	단백질다이어트	nad-a001-02-000000553654562	bsn-a001-00-000000013604308	18	03	8753	M	1	0	0	3	0
20260927	4291318	cmp-a001-02-000000010764328	grp-a001-02-000000069047580	단백질파우더	nad-a001-02-000000553654562	bsn-a001-00-000000013604308	18	11	529514	M	5	0	0	5	0
20260927	4291318	cmp-a001-02-000000010764328	grp-a001-02-000000069047580	단백질쉐이크	nad-a001-02-000000553654562	bsn-a001-00-000000013604308	18	15	11068	P	1	0	0	2	0
20260927	4291318	cmp-a001-02-000000010764328	grp-a001-02-000000069047580	젤리	nad-a001-02-000000541753985	bsn-a001-00-000000013604308	18	99	98128	M	5	0	0	5	0
20260927	4291318	cmp-a001-02-000000010764328	grp-a001-02-000000069047580	프로틴	nad-a001-02-000000553654562	bsn-a001-00-000000013604308	18	04	33421	M	1	0	0	5	0
20260927	4291318	cmp-a001-02-000000010764328	grp-a001-02-000000069047580	프로틴	nad-a001-02-000000553654562	bsn-a001-00-000000013604308	18	01	529514	M	9	0	0	9	0
20260927	4291318	cmp-a001-02-000000010764328	grp-a001-02-000000069047580	단백질	nad-a001-02-000000553654562	bsn-a001-00-000000013604308	18	16	98128	M	3	0	0	3	0
20260927	4291318	cmp-a001-02-000000010764328	grp-a001-02-000000069047580	프로틴순위	nad-a001-02-000000553654562	bsn-a001-00-000000013604308	18	04	8753	M	1	0	0	1	0
20260927	4291318	cmp-a001-02-000000010764328	grp-a001-02-000000069047580	다이어트쉐이크추천	nad-a001-02-000000553654562	bsn-a001-00-000000013604308	18	16	8753	M	1	0	0	3	0
20260927	4291318	cmp-a001-02-000000010764328	grp-a001-02-000000069047580	사랑이	nad-a001-02-000000553654554	bsn-a001-00-000000013604308	18	99	529514	M	4	0	0	6	0
20260927	4291318	cmp-a001-02-000000010764328	grp-a001-02-000000069047580	단백질쉐이크	nad-a001-02-000000553654562	bsn-a001-00-000000013604308	18	15	684925	P	1	0	0	1	0
20260927	4291318	cmp-a001-02-000000010764328	grp-a001-02-000000069047580	단백질쉐이크	nad-a001-02-000000553654562	bsn-a001-00-000000013604308	18	01	33421	M	1	0	0	10	0
20260927	4291318	cmp-a001-02-000000010764328	grp-a001-02-000000069047580	스토어	nad-a001-02-000000541753997	bsn-a001-00-000000013604308	18	09	98128	M	63	0	0	76	0
20260927	4291318	cmp-a001-02-000000010764328	grp-a001-02-000000069047580	젤리	nad-a001-02-000000541753985	bsn-a001-00-000000013604308	18	09	768323	M	6	0	0	6	0
20260927	4291318	cmp-a001-02-000000010764328	grp-a001-02-000000069047580	에너지바	nad-a001-02-000000553654554	bsn-a001-00-000000013604308	18	09	791888	M	2	0	0	2	0
20260927	4291318	cmp-a001-02-000000010764328	grp-a001-02-000000069047580	쉐이크	nad-a001-02-000000553654562	bsn-a001-00-000000013604308	18	09	684925	P	1	0	0	1	0
20260927	4291318	cmp-a001-02-000000010764328	grp-a001-02-000000069047580	단백질	nad-a001-02-000000553654562	bsn-a001-00-000000013604308	18	02	684925	P	1	0	0	1	0
20260927	4291318	cmp-a001-02-000000010764328	grp-a001-02-000000069047580	단백질식사대용	nad-a001-02-000000553654562	bsn-a001-00-000000013604308	18	13	8753	M	1	0	0	6	0
20260927	4291318	cmp-a001-02-000000010764328	grp-a001-02-000000069047580	저당간식칼로리	nad-a001-02-000000553654554	bsn-a001-00-000000013604308	18	99	8753	M	1	0	0	1	0
20260927	4291318	cmp-a001-02-000000010764328	grp-a001-02-000000069047580	프로틴바	nad-a001-02-000000553654554	bsn-a001-00-000000013604308	18	10	98128	M	4	0	0	4	0
20260927	4291318	cmp-a001-02-000000010764328	grp-a001-02-000000069047580	곡물단백질21	nad-a001-02-000000553654562	bsn-a001-00-000000013604308	18	03	33421	M	2	0	0	3	0
20260927	4291318	cmp-a001-02-000000010764328	grp-a001-02-000000069047580	단백질	nad-a001-02-000000553654562	bsn-a001-00-000000013604308	18	99	8753	M	1	0	0	1	0
20260927	4291318	cmp-a001-02-000000010764328	grp-a001-02-000000069047580	황성주생식	nad-a001-02-000000541753996	bsn-a001-00-000000013604308	18	09	633013	M	3	0	0	9	0
20260927	4291318	cmp-a001-02-000000010764328	grp-a001-02-000000069047580	사랑하라	nad-a001-02-000000553654554	bsn-a001-00-000000013604308	18	02	98128	M	1	0	0	2	0
20260927	4291318	cmp-a001-02-000000010764328	grp-a001-02-000000069047580	프로틴바	nad-a001-02-000000553654558	bsn-a001-00-000000013604308	18	99	529514	M	5	0	0	10	0
20260927	4291318	cmp-a001-02-000000010764328	grp-a001-02-000000069047580	식사대용단백질쉐이크	nad-a001-02-000000553654562	bsn-a001-00-000000013604308	18	18	8753	M	1	0	0	5	0
20260927	4291318	cmp-a001-02-000000010764328	grp-a001-02-000000069047580	동결건조는어떤방법인가	nad-a001-02-000000541754005	bsn-a001-00-000000013604308	18	06	8753	M	1	0	0	4	0
20260927	4291318	cmp-a001-02-000000010764328	grp-a001-02-000000069047580	스토어	nad-a001-02-000000541753997	bsn-a001-00-000000013604308	18	09	248824	P	2	0	0	2	0
20260927	4291318	cmp-a001-02-000000010764328	grp-a001-02-000000069047580	가루	nad-a001-02-000000541753996	bsn-a001-00-000000013604308	18	11	98128	M	1	0	0	4	0
20260927	4291318	cmp-a001-02-000000010764328	grp-a001-02-000000069047580	단백질바	nad-a001-02-000000553654558	bsn-a001-00-000000013604308	18	03	33421	M	4	0	0	8	0
20260927	4291318	cmp-a001-02-000000010764328	grp-a001-02-000000069047580	단백질쉐이크	nad-a001-02-000000553654562	bsn-a001-00-000000013604308	18	06	33421	M	3	0	0	12	0
20260927	4291318	cmp-a001-02-000000010764328	grp-a001-02-000000069047580	단백질바	nad-a001-02-000000553654559	bsn-a001-00-000000013604308	18	03	33421	M	2	0	0	26	0
20260927	4291318	cmp-a001-02-000000010764328	grp-a001-02-000000069047580	황성주생식	nad-a001-02-000000541754005	bsn-a001-00-000000013604308	18	07	8753	M	2	0	0	8	0
20260927	4291318	cmp-a001-02-000000010764328	grp-a001-02-000000069047580	단백질쉐이크	nad-a001-02-000000553654562	bsn-a001-00-000000013604308	18	07	8753	M	4	2	7416	13	0
20260927	4291318	cmp-a001-02-000000010764328	grp-a001-02-000000069047580	블랙커런트맛	nad-a001-02-000000541753985	bsn-a001-00-000000013604308	18	01	341898	M	1	0	0	1	0
20260927	4291318	cmp-a001-02-000000010764328	grp-a001-02-000000069047580	단백질바	nad-a001-02-000000553654558	bsn-a001-00-000000013604308	18	13	33421	M	2	0	0	5	0
20260927	4291318	cmp-a001-02-000000010764328	grp-a001-02-000000069047580	하루단백질섭취량	nad-a001-02-000000553654562	bsn-a001-00-000000013604308	18	04	8753	M	1	0	0	2	0
20260927	4291318	cmp-a001-02-000000010764328	grp-a001-02-000000069047580	단백질보충제	nad-a001-02-000000553654562	bsn-a001-00-000000013604308	18	02	8753	M	8	0	0	41	0
20260927	4291318	cmp-a001-02-000000010764328	grp-a001-02-000000069047580	JELLY	nad-a001-02-000000541753985	bsn-a001-00-000000013604308	18	09	248824	P	1	0	0	2	0
20260927	4291318	cmp-a001-02-000000010764328	grp-a001-02-000000069047580	단백질보충제	nad-a001-02-000000553654562	bsn-a001-00-000000013604308	18	13	8753	M	1	0	0	3	0
20260927	4291318	cmp-a001-02-000000010764328	grp-a001-02-000000069047580	프로틴바	nad-a001-02-000000553654554	bsn-a001-00-000000013604308	18	09	98128	M	2	0	0	2	0
20260927	4291318	cmp-a001-02-000000010764328	grp-a001-02-000000069047580	하루단백질섭취량	nad-a001-02-000000553654562	bsn-a001-00-000000013604308	18	08	8753	M	3	0	0	8	0
20260927	4291318	cmp-a001-02-000000010764328	grp-a001-02-000000069047580	에너지바	nad-a001-02-000000553654559	bsn-a001-00-000000013604308	18	00	27758	P	1	0	0	4	0
20260927	4291318	cmp-a001-02-000000010764328	grp-a001-02-000000069047580	단백질보충제	nad-a001-02-000000553654562	bsn-a001-00-000000013604308	18	02	684927	P	1	0	0	9	0
20260927	4291318	cmp-a001-02-000000010764328	grp-a001-02-000000069047580	식사대용	nad-a001-02-000000553654562	bsn-a001-00-000000013604308	18	11	684926	M	2	0	0	18	0
20260927	4291318	cmp-a001-02-000000010764328	grp-a001-02-000000069047580	에너지바	nad-a001-02-000000553654559	bsn-a001-00-000000013604308	18	09	529514	M	3	0	0	10	0
20260927	4291318	cmp-a001-02-000000010764328	grp-a001-02-000000069047580	식사대용쉐이크	nad-a001-02-000000553654562	bsn-a001-00-000000013604308	18	09	8753	M	1	0	0	5	0
20260927	4291318	cmp-a001-02-000000010764328	grp-a001-02-000000069047580	식물성단백질	nad-a001-02-000000553654562	bsn-a001-00-000000013604308	18	03	27758	P	1	0	0	2	0
20260927	4291318	cmp-a001-02-000000010764328	grp-a001-02-000000069047580	스토어	nad-a001-02-000000541754004	bsn-a001-00-000000013604308	18	13	98128	M	5	0	0	5	0
20260927	4291318	cmp-a001-02-000000010764328	grp-a001-02-000000069047580	사랑	nad-a001-02-000000553654558	bsn-a001-00-000000013604308	18	18	98128	M	3	0	0	9	0
20260927	4291318	cmp-a001-02-000000010764328	grp-a001-02-000000069047580	단백질바	nad-a001-02-000000553654558	bsn-a001-00-000000013604308	18	99	529514	M	2	0	0	3	0
20260927	4291318	cmp-a001-02-000000010764328	grp-a001-02-000000069047580	에너지바	nad-a001-02-000000553654558	bsn-a001-00-000000013604308	18	07	33421	M	1	0	0	2	0
20260927	4291318	cmp-a001-02-000000010764328	grp-a001-02-000000069047580	칼로리바	nad-a001-02-000000553654559	bsn-a001-00-000000013604308	18	06	8753	M	1	0	0	3	0
20260927	4291318	cmp-a001-02-000000010764328	grp-a001-02-000000069047580	프로틴바	nad-a001-02-000000553654559	bsn-a001-00-000000013604308	18	10	529514	M	12	0	0	36	0
20260927	4291318	cmp-a001-02-000000010764328	grp-a001-02-000000069047580	황성주생식라이프밀	nad-a001-02-000000541753988	bsn-a001-00-000000013604308	18	16	8753	M	1	0	0	8	0
20260927	4291318	cmp-a001-02-000000010764328	grp-a001-02-000000069047580	에너지바	nad-a001-02-000000553654558	bsn-a001-00-000000013604308	18	09	23123	P	1	0	0	2	0
20260927	4291318	cmp-a001-02-000000010764328	grp-a001-02-000000069047580	단백질쉐이크	nad-a001-02-000000553654562	bsn-a001-00-000000013604308	18	16	529514	M	3	0	0	3	0
20260927	4291318	cmp-a001-02-000000010764328	grp-a001-02-000000069047580	단백질보충제	nad-a001-02-000000553654562	bsn-a001-00-000000013604308	18	08	529514	M	2	0	0	2	0
20260927	4291318	cmp-a001-02-000000010764328	grp-a001-02-000000069047580	분말가루	nad-a001-02-000000541753997	bsn-a001-00-000000013604308	18	02	27758	P	1	0	0	2	0
20260927	4291318	cmp-a001-02-000000010764328	grp-a001-02-000000069047580	식물성단백질	nad-a001-02-000000553654562	bsn-a001-00-000000013604308	18	99	8753	M	1	0	0	3	0
20260927	4291318	cmp-a001-02-000000010764328	grp-a001-02-000000069047580	젤리	nad-a001-02-000000541753985	bsn-a001-00-000000013604308	18	09	609155	M	1	0	0	1	0
20260927	4291318	cmp-a001-02-000000010764328	grp-a001-02-000000069047580	단백질파우더	nad-a001-02-000000553654562	bsn-a001-00-000000013604308	18	13	8753	M	1	0	0	2	0
20260927	4291318	cmp-a001-02-000000010764328	grp-a001-02-000000069047580	가루	nad-a001-02-000000541753988	bsn-a001-00-000000013604308	18	99	98128	M	1	0	0	6	0
20260927	4291318	cmp-a001-02-000000010764328	grp-a001-02-000000069047580	프로틴	nad-a001-02-000000553654562	bsn-a001-00-000000013604308	18	11	11068	P	1	0	0	2	0
20260927	4291318	cmp-a001-02-000000010764328	grp-a001-02-000000069047580	단백질바	nad-a001-02-000000553654559	bsn-a001-00-000000013604308	18	07	33421	M	1	0	0	13	0
20260927	4291318	cmp-a001-02-000000010764328	grp-a001-02-000000069047580	프로틴	nad-a001-02-000000553654562	bsn-a001-00-000000013604308	18	04	529514	M	34	0	0	34	0
20260927	4291318	cmp-a001-02-000000010764328	grp-a001-02-000000069047580	단백질쉐이크	nad-a001-02-000000553654562	bsn-a001-00-000000013604308	18	03	8753	M	10	0	0	33	0
20260927	4291318	cmp-a001-02-000000010764328	grp-a001-02-000000069047580	스토어	nad-a001-02-000000541753997	bsn-a001-00-000000013604308	18	13	98128	M	8	0	0	11	0
20260927	4291318	cmp-a001-02-000000010764328	grp-a001-02-000000069047580	젤리	nad-a001-02-000000541753985	bsn-a001-00-000000013604308	18	02	768323	M	4	0	0	4	0
20260927	4291318	cmp-a001-02-000000010764328	grp-a001-02-000000069047580	스토어	nad-a001-02-000000541753997	bsn-a001-00-000000013604308	18	02	98128	M	51	0	0	64	0
20260927	4291318	cmp-a001-02-000000010764328	grp-a001-02-000000069047580	다이어트쉐이크	nad-a001-02-000000553654562	bsn-a001-00-000000013604308	18	02	768323	M	2	0	0	4	0
20260927	4291318	cmp-a001-02-000000010764328	grp-a001-02-000000069047580	과자링	nad-a001-02-000000553654554	bsn-a001-00-000000013604308	18	02	8753	M	1	0	0	5	0
20260927	4291318	cmp-a001-02-000000010764328	grp-a001-02-000000069047580	프로틴단백질	nad-a001-02-000000553654562	bsn-a001-00-000000013604308	18	10	612594	M	1	0	0	1	0
20260927	4291318	cmp-a001-02-000000010764328	grp-a001-02-000000069047580	프로틴	nad-a001-02-000000553654562	bsn-a001-00-000000013604308	18	02	768323	M	40	0	0	106	0
20260927	4291318	cmp-a001-02-000000010764328	grp-a001-02-000000069047580	사랑	nad-a001-02-000000553654558	bsn-a001-00-000000013604308	18	99	98128	M	6	0	0	18	0
20260927	4291318	cmp-a001-02-000000010764328	grp-a001-02-000000069047580	황성주생식	nad-a001-02-000000541753988	bsn-a001-00-000000013604308	18	03	684926	M	2	0	0	10	0
20260927	4291318	cmp-a001-02-000000010764328	grp-a001-02-000000069047580	젤리	nad-a001-02-000000541753985	bsn-a001-00-000000013604308	18	09	612594	M	1	0	0	1	0
20260927	4291318	cmp-a001-02-000000010764328	grp-a001-02-000000069047580	식물성단백질	nad-a001-02-000000553654562	bsn-a001-00-000000013604308	18	03	8753	M	1	0	0	3	0
20260927	4291318	cmp-a001-02-000000010764328	grp-a001-02-000000069047580	단백질쉐이크다이어트	nad-a001-02-000000553654562	bsn-a001-00-000000013604308	18	08	8753	M	1	0	0	1	0
20260927	4291318	cmp-a001-02-000000010764328	grp-a001-02-000000069047580	황성주생식	nad-a001-02-000000541753988	bsn-a001-00-000000013604308	18	09	633013	M	3	0	0	15	0
20260927	4291318	cmp-a001-02-000000010764328	grp-a001-02-000000069047580	에너지바	nad-a001-02-000000553654559	bsn-a001-00-000000013604308	18	00	684927	P	1	0	0	3	0
20260927	4291318	cmp-a001-02-000000010764328	grp-a001-02-000000069047580	프로틴	nad-a001-02-000000553654562	bsn-a001-00-000000013604308	18	18	684927	P	1	0	0	1	0
20260927	4291318	cmp-a001-02-000000010764328	grp-a001-02-000000069047580	프로틴바	nad-a001-02-000000553654558	bsn-a001-00-000000013604308	18	15	529514	M	1	0	0	1	0
20260927	4291318	cmp-a001-02-000000010764328	grp-a001-02-000000069047580	황성주생식	nad-a001-02-000000541753997	bsn-a001-00-000000013604308	18	09	684925	P	2	0	0	2	0
20260927	4291318	cmp-a001-02-000000010764328	grp-a001-02-000000069047580	식사대용쉐이크	nad-a001-02-000000553654562	bsn-a001-00-000000013604308	18	04	11068	P	1	0	0	7	0
20260927	4291318	cmp-a001-02-000000010764328	grp-a001-02-000000069047580	사랑	nad-a001-02-000000553654554	bsn-a001-00-000000013604308	18	09	612594	M	1	0	0	2	0
20260927	4291318	cmp-a001-02-000000010764328	grp-a001-02-000000069047580	단백질보충제	nad-a001-02-000000553654562	bsn-a001-00-000000013604308	18	09	684926	M	6	0	0	56	0
20260927	4291318	cmp-a001-02-000000010764328	grp-a001-02-000000069047580	에너지바	nad-a001-02-000000553654558	bsn-a001-00-000000013604308	18	03	33421	M	1	0	0	2	0
20260927	4291318	cmp-a001-02-000000010764328	grp-a001-02-000000069047580	에너지바	nad-a001-02-000000553654558	bsn-a001-00-000000013604308	18	02	529514	M	1	0	0	2	0
20260927	4291318	cmp-a001-02-000000010764328	grp-a001-02-000000069047580	사랑	nad-a001-02-000000553654554	bsn-a001-00-000000013604308	18	09	137281	M	12	0	0	12	0
20260927	4291318	cmp-a001-02-000000010764328	grp-a001-02-000000069047580	에너지바	nad-a001-02-000000553654559	bsn-a001-00-000000013604308	18	02	529514	M	1	0	0	7	0
20260927	4291318	cmp-a001-02-000000010764328	grp-a001-02-000000069047580	마마식품동결건조	nad-a001-02-000000541754005	bsn-a001-00-000000013604308	18	09	8753	M	1	0	0	4	0
20260927	4291318	cmp-a001-02-000000010764328	grp-a001-02-000000069047580	쁘띠첼	nad-a001-02-000000541753985	bsn-a001-00-000000013604308	18	02	341898	M	1	0	0	1	0
20260927	4291318	cmp-a001-02-000000010764328	grp-a001-02-000000069047580	단백질바	nad-a001-02-000000553654558	bsn-a001-00-000000013604308	18	09	8753	M	1	0	0	8	0
20260927	4291318	cmp-a001-02-000000010764328	grp-a001-02-000000069047580	단백질쉐이크	nad-a001-02-000000553654562	bsn-a001-00-000000013604308	18	17	529514	M	2	0	0	2	0
20260927	4291318	cmp-a001-02-000000010764328	grp-a001-02-000000069047580	단백질파우더	nad-a001-02-000000553654562	bsn-a001-00-000000013604308	18	99	684927	P	1	0	0	5	0
20260927	4291318	cmp-a001-02-000000010764328	grp-a001-02-000000069047580	단백질보충제	nad-a001-02-000000553654562	bsn-a001-00-000000013604308	18	06	8753	M	2	0	0	8	0
20260927	4291318	cmp-a001-02-000000010764328	grp-a001-02-000000069047580	황성주생식	nad-a001-02-000000541754005	bsn-a001-00-000000013604308	18	09	8753	M	2	0	0	8	0
20260927	4291318	cmp-a001-02-000000010764328	grp-a001-02-000000069047580	에너지바	nad-a001-02-000000553654558	bsn-a001-00-000000013604308	18	18	27758	P	1	0	0	2	0
20260927	4291318	cmp-a001-02-000000010764328	grp-a001-02-000000069047580	단백질보충제	nad-a001-02-000000553654562	bsn-a001-00-000000013604308	18	07	27758	P	1	0	0	2	0
20260927	4291318	cmp-a001-02-000000010764328	grp-a001-02-000000069047580	스토어	nad-a001-02-000000541753996	bsn-a001-00-000000013604308	18	16	98128	M	4	0	0	12	0
20260927	4291318	cmp-a001-02-000000010764328	grp-a001-02-000000069047580	프로틴파우더	nad-a001-02-000000553654562	bsn-a001-00-000000013604308	18	01	529514	M	17	0	0	17	0
20260927	4291318	cmp-a001-02-000000010764328	grp-a001-02-000000069047580	단백질보충제	nad-a001-02-000000553654562	bsn-a001-00-000000013604308	18	07	8753	M	1	0	0	4	0
20260927	4291318	cmp-a001-02-000000010764328	grp-a001-02-000000069047580	단백질쉐이크	nad-a001-02-000000553654562	bsn-a001-00-000000013604308	18	03	33421	M	1	0	0	4	0
20260927	4291318	cmp-a001-02-000000010764328	grp-a001-02-000000069047580	하루단백질섭취량	nad-a001-02-000000553654562	bsn-a001-00-000000013604308	18	03	8753	M	1	0	0	4	0
20260927	4291318	cmp-a001-02-000000010764328	grp-a001-02-000000069047580	에너지바	nad-a001-02-000000553654559	bsn-a001-00-000000013604308	18	08	684926	M	2	0	0	14	0
20260927	4291318	cmp-a001-02-000000010764328	grp-a001-02-000000069047580	프로틴바	nad-a001-02-000000553654559	bsn-a001-00-000000013604308	18	06	98128	M	1	0	0	5	0
20260927	4291318	cmp-a001-02-000000010764328	grp-a001-02-000000069047580	단백질보충제	nad-a001-02-000000553654562	bsn-a001-00-000000013604308	18	07	87620	M	1	0	0	1	0
20260927	4291318	cmp-a001-02-000000010764328	grp-a001-02-000000069047580	황성주생식	nad-a001-02-000000541753997	bsn-a001-00-000000013604308	18	14	8753	M	1	0	0	1	0
20260927	4291318	cmp-a001-02-000000010764328	grp-a001-02-000000069047580	프로틴바	nad-a001-02-000000553654558	bsn-a001-00-000000013604308	18	07	98128	M	1	0	0	2	0
20260927	4291318	cmp-a001-02-000000010764328	grp-a001-02-000000069047580	황성주생식	nad-a001-02-000000541754004	bsn-a001-00-000000013604308	18	03	684926	M	2	0	0	4	0
20260927	4291318	cmp-a001-02-000000010764328	grp-a001-02-000000069047580	황성주생식라이프밀	nad-a001-02-000000541754004	bsn-a001-00-000000013604308	18	09	8753	M	4	0	0	8	0
20260927	4291318	cmp-a001-02-000000010764328	grp-a001-02-000000069047580	하루단백질섭취량	nad-a001-02-000000553654562	bsn-a001-00-000000013604308	18	18	8753	M	1	0	0	2	0
20260927	4291318	cmp-a001-02-000000010764328	grp-a001-02-000000069047580	단백질	nad-a001-02-000000553654562	bsn-a001-00-000000013604308	18	02	529514	M	7	0	0	7	0
20260927	4291318	cmp-a001-02-000000010764328	grp-a001-02-000000069047580	단백질보충제	nad-a001-02-000000553654562	bsn-a001-00-000000013604308	18	99	23123	P	1	0	0	1	0
20260927	4291318	cmp-a001-02-000000010764328	grp-a001-02-000000069047580	식물성단백질파우더추천	nad-a001-02-000000553654562	bsn-a001-00-000000013604308	18	07	8753	M	1	0	0	2	0
20260927	4291318	cmp-a001-02-000000010764328	grp-a001-02-000000069047580	쉐이크다이어트	nad-a001-02-000000553654562	bsn-a001-00-000000013604308	18	04	8753	M	1	0	0	2	0
20260927	4291318	cmp-a001-02-000000010764328	grp-a001-02-000000069047580	단백질프로틴바	nad-a001-02-000000553654558	bsn-a001-00-000000013604308	18	10	98128	M	1	0	0	2	0
20260927	4291318	cmp-a001-02-000000010764328	grp-a001-02-000000069047580	단백질바	nad-a001-02-000000553654558	bsn-a001-00-000000013604308	18	09	33421	M	6	0	0	13	0
20260927	4291318	cmp-a001-02-000000010764328	grp-a001-02-000000069047580	단백질섭취량	nad-a001-02-000000553654562	bsn-a001-00-000000013604308	18	02	8753	M	1	0	0	2	0
20260927	4291318	cmp-a001-02-000000010764328	grp-a001-02-000000069047580	단백질쉐이크	nad-a001-02-000000553654562	bsn-a001-00-000000013604308	18	00	529514	M	2	0	0	2	0
20260927	4291318	cmp-a001-02-000000010764328	grp-a001-02-000000069047580	단백질보충제	nad-a001-02-000000553654562	bsn-a001-00-000000013604308	18	06	791889	P	2	0	0	2	0
20260927	4291318	cmp-a001-02-000000010764328	grp-a001-02-000000069047580	에너지바세트	nad-a001-02-000000553654558	bsn-a001-00-000000013604308	18	02	8753	M	1	0	0	2	0
20260927	4291318	cmp-a001-02-000000010764328	grp-a001-02-000000069047580	이너프룻	nad-a001-02-000000541753985	bsn-a001-00-000000013604308	18	09	8753	M	1	0	0	1	0
20260927	4291318	cmp-a001-02-000000010764328	grp-a001-02-000000069047580	장흥동산표고버섯분말가격	nad-a001-02-000000541754005	bsn-a001-00-000000013604308	18	16	8753	M	1	0	0	5	0
20260927	4291318	cmp-a001-02-000000010764328	grp-a001-02-000000069047580	벤런스밀프로틴바	nad-a001-02-000000553654554	bsn-a001-00-000000013604308	18	09	8753	M	1	0	0	1	0
20260927	4291318	cmp-a001-02-000000010764328	grp-a001-02-000000069047580	사랑이	nad-a001-02-000000553654554	bsn-a001-00-000000013604308	18	06	612594	M	1	0	0	2	0
20260927	4291318	cmp-a001-02-000000010764328	grp-a001-02-000000069047580	단백질바	nad-a001-02-000000553654558	bsn-a001-00-000000013604308	18	02	33421	M	5	0	0	12	0
20260927	4291318	cmp-a001-02-000000010764328	grp-a001-02-000000069047580	젤리	nad-a001-02-000000541753985	bsn-a001-00-000000013604308	18	01	98128	M	1	0	0	1	0
20260927	4291318	cmp-a001-02-000000010764328	grp-a001-02-000000069047580	장흥동산표고버섯분말	nad-a001-02-000000541754004	bsn-a001-00-000000013604308	18	16	8753	M	1	0	0	2	0
20260927	4291318	cmp-a001-02-000000010764328	grp-a001-02-000000069047580	쉐이크	nad-a001-02-000000553654562	bsn-a001-00-000000013604308	18	02	529514	M	17	0	0	17	0
20260927	4291318	cmp-a001-02-000000010764328	grp-a001-02-000000069047580	에너지바	nad-a001-02-000000553654558	bsn-a001-00-000000013604308	18	09	791888	M	2	0	0	4	0
20260927	4291318	cmp-a001-02-000000010764328	grp-a001-02-000000069047580	프로틴파우더단백질	nad-a001-02-000000553654562	bsn-a001-00-000000013604308	18	09	8753	M	1	0	0	1	0
20260927	4291318	cmp-a001-02-000000010764328	grp-a001-02-000000069047580	단백질파우더	nad-a001-02-000000553654562	bsn-a001-00-000000013604308	18	18	8753	M	2	0	0	6	0
20260927	4291318	cmp-a001-02-000000010764328	grp-a001-02-000000069047580	단백질보충제	nad-a001-02-000000553654562	bsn-a001-00-000000013604308	18	18	27758	P	1	0	0	2	0
20260927	4291318	cmp-a001-02-000000010764328	grp-a001-02-000000069047580	식물성단백질	nad-a001-02-000000553654562	bsn-a001-00-000000013604308	18	01	8753	M	1	0	0	4	0
20260927	4291318	cmp-a001-02-000000010764328	grp-a001-02-000000069047580	단백질쉐이크	nad-a001-02-000000553654562	bsn-a001-00-000000013604308	18	99	529514	M	30	0	0	47	0
20260927	4291318	cmp-a001-02-000000010764328	grp-a001-02-000000069047580	에너지바세트	nad-a001-02-000000553654554	bsn-a001-00-000000013604308	18	02	8753	M	1	0	0	1	0
20260927	4291318	cmp-a001-02-000000010764328	grp-a001-02-000000069047580	단백질보충제추천	nad-a001-02-000000553654562	bsn-a001-00-000000013604308	18	99	8753	M	2	0	0	7	0
20260927	4291318	cmp-a001-02-000000010764328	grp-a001-02-000000069047580	다이어트쉐이크	nad-a001-02-000000553654562	bsn-a001-00-000000013604308	18	10	768323	M	4	0	0	8	0
20260927	4291318	cmp-a001-02-000000010764328	grp-a001-02-000000069047580	에너지바	nad-a001-02-000000553654559	bsn-a001-00-000000013604308	18	09	33421	M	3	0	0	20	0
20260927	4291318	cmp-a001-02-000000010764328	grp-a001-02-000000069047580	다이어트단백질	nad-a001-02-000000553654562	bsn-a001-00-000000013604308	18	02	11068	P	1	0	0	5	0
20260927	4291318	cmp-a001-02-000000010764328	grp-a001-02-000000069047580	단백질보충제	nad-a001-02-000000553654562	bsn-a001-00-000000013604308	18	99	529514	M	13	0	0	13	0
20260927	4291318	cmp-a001-02-000000010764328	grp-a001-02-000000069047580	사랑은	nad-a001-02-000000553654554	bsn-a001-00-000000013604308	18	09	98128	M	2	0	0	4	0
20260927	4291318	cmp-a001-02-000000010764328	grp-a001-02-000000069047580	동결건조바나나가루	nad-a001-02-000000541754005	bsn-a001-00-000000013604308	18	02	341898	M	2	0	0	2	0
20260927	4291318	cmp-a001-02-000000010764328	grp-a001-02-000000069047580	스토어	nad-a001-02-000000541753997	bsn-a001-00-000000013604308	18	14	98128	M	3	0	0	4	0
20260927	4291318	cmp-a001-02-000000010764328	grp-a001-02-000000069047580	단백질	nad-a001-02-000000553654562	bsn-a001-00-000000013604308	18	99	137281	M	3	0	0	3	0
20260927	4291318	cmp-a001-02-000000010764328	grp-a001-02-000000069047580	다이어트쉐이크	nad-a001-02-000000553654562	bsn-a001-00-000000013604308	18	03	768323	M	1	0	0	2	0
20260927	4291318	cmp-a001-02-000000010764328	grp-a001-02-000000069047580	단백질	nad-a001-02-000000553654562	bsn-a001-00-000000013604308	18	09	27758	P	1	0	0	1	0
20260927	4291318	cmp-a001-02-000000010764328	grp-a001-02-000000069047580	식품간식	nad-a001-02-000000553654554	bsn-a001-00-000000013604308	18	02	98128	M	2	0	0	2	0
20260927	4291318	cmp-a001-02-000000010764328	grp-a001-02-000000069047580	황성주생식	nad-a001-02-000000541754004	bsn-a001-00-000000013604308	18	02	633013	M	1	0	0	2	0
20260927	4291318	cmp-a001-02-000000010764328	grp-a001-02-000000069047580	가루	nad-a001-02-000000541753997	bsn-a001-00-000000013604308	18	11	98128	M	1	0	0	3	0
20260927	4291318	cmp-a001-02-000000010764328	grp-a001-02-000000069047580	단백질바	nad-a001-02-000000553654559	bsn-a001-00-000000013604308	18	09	33421	M	3	0	0	40	0
20260927	4291318	cmp-a001-02-000000010764328	grp-a001-02-000000069047580	황성주생식	nad-a001-02-000000541753997	bsn-a001-00-000000013604308	18	03	684926	M	2	0	0	2	0
20260927	4291318	cmp-a001-02-000000010764328	grp-a001-02-000000069047580	젤리	nad-a001-02-000000541753985	bsn-a001-00-000000013604308	18	09	98128	M	4	0	0	8	0
20260927	4291318	cmp-a001-02-000000010764328	grp-a001-02-000000069047580	단백질	nad-a001-02-000000553654562	bsn-a001-00-000000013604308	18	11	8753	M	2	0	0	2	0
20260927	4291318	cmp-a001-02-000000010764328	grp-a001-02-000000069047580	단백질쉐이크	nad-a001-02-000000553654562	bsn-a001-00-000000013604308	18	11	8753	M	5	0	0	18	0
20260927	4291318	cmp-a001-02-000000010764328	grp-a001-02-000000069047580	황성주생식	nad-a001-02-000000541753996	bsn-a001-00-000000013604308	18	02	529514	M	7	0	0	28	0
20260927	4291318	cmp-a001-02-000000010764328	grp-a001-02-000000069047580	젤리	nad-a001-02-000000541753985	bsn-a001-00-000000013604308	18	18	8753	M	4	0	0	8	0
20260927	4291318	cmp-a001-02-000000010764328	grp-a001-02-000000069047580	제천단백질쉐이크	nad-a001-02-000000553654562	bsn-a001-00-000000013604308	18	16	8753	M	1	0	0	4	0
20260927	4291318	cmp-a001-02-000000010764328	grp-a001-02-000000069047580	제리	nad-a001-02-000000541753985	bsn-a001-00-000000013604308	18	09	684926	M	2	0	0	14	0
20260927	4291318	cmp-a001-02-000000010764328	grp-a001-02-000000069047580	황성주영양식	nad-a001-02-000000541753965	bsn-a001-00-000000013604308	18	09	8753	M	1	1	2547	3	0
20260927	4291318	cmp-a001-02-000000010764328	grp-a001-02-000000069047580	프로틴추천	nad-a001-02-000000553654562	bsn-a001-00-000000013604308	18	08	8753	M	1	0	0	4	0
20260927	4291318	cmp-a001-02-000000010764328	grp-a001-02-000000069047580	에너지바	nad-a001-02-000000553654554	bsn-a001-00-000000013604308	18	06	529514	M	2	0	0	3	0
20260927	4291318	cmp-a001-02-000000010764328	grp-a001-02-000000069047580	프로틴바	nad-a001-02-000000553654554	bsn-a001-00-000000013604308	18	99	529514	M	5	0	0	5	0
20260927	4291318	cmp-a001-02-000000010764328	grp-a001-02-000000069047580	프로틴	nad-a001-02-000000553654562	bsn-a001-00-000000013604308	18	07	8753	M	2	0	0	8	0
20260927	4291318	cmp-a001-02-000000010764328	grp-a001-02-000000069047580	황성주박사의암환자용동결곡물가루	nad-a001-02-000000541753996	bsn-a001-00-000000013604308	18	01	8753	M	1	0	0	3	0
20260927	4291318	cmp-a001-02-000000010764328	grp-a001-02-000000069047580	가루	nad-a001-02-000000541753997	bsn-a001-00-000000013604308	18	01	8753	M	1	0	0	1	0
20260927	4291318	cmp-a001-02-000000010764328	grp-a001-02-000000069047580	단백질쉐이크	nad-a001-02-000000553654562	bsn-a001-00-000000013604308	18	09	798056	M	2	0	0	2	0
20260927	4291318	cmp-a001-02-000000010764328	grp-a001-02-000000069047580	단백질바	nad-a001-02-000000553654559	bsn-a001-00-000000013604308	18	09	529514	M	4	0	0	12	0
20260927	4291318	cmp-a001-02-000000010764328	grp-a001-02-000000069047580	단백질보충제	nad-a001-02-000000553654562	bsn-a001-00-000000013604308	18	04	33421	M	1	0	0	7	0
20260927	4291318	cmp-a001-02-000000010764328	grp-a001-02-000000069047580	프로틴	nad-a001-02-000000553654562	bsn-a001-00-000000013604308	18	15	8753	M	5	0	0	14	0
20260927	4291318	cmp-a001-02-000000010764328	grp-a001-02-000000069047580	쉐이크	nad-a001-02-000000553654562	bsn-a001-00-000000013604308	18	99	417067	M	1	0	0	1	0
20260927	4291318	cmp-a001-02-000000010764328	grp-a001-02-000000069047580	스토어	nad-a001-02-000000541753996	bsn-a001-00-000000013604308	18	13	98128	M	6	0	0	15	0
20260927	4291318	cmp-a001-02-000000010764328	grp-a001-02-000000069047580	단백질보충제	nad-a001-02-000000553654562	bsn-a001-00-000000013604308	18	09	23123	P	1	0	0	1	0
20260927	4291318	cmp-a001-02-000000010764328	grp-a001-02-000000069047580	성인1일단백질섭취량	nad-a001-02-000000553654562	bsn-a001-00-000000013604308	18	06	612594	M	1	0	0	1	0
20260927	4291318	cmp-a001-02-000000010764328	grp-a001-02-000000069047580	스토어	nad-a001-02-000000541753996	bsn-a001-00-000000013604308	18	18	612594	M	3	0	0	16	0
20260927	4291318	cmp-a001-02-000000010764328	grp-a001-02-000000069047580	스토어	nad-a001-02-000000541753996	bsn-a001-00-000000013604308	18	08	98128	M	7	0	0	14	0
20260927	4291318	cmp-a001-02-000000010764328	grp-a001-02-000000069047580	프로틴	nad-a001-02-000000553654562	bsn-a001-00-000000013604308	18	10	8753	M	1	0	0	3	0
20260927	4291318	cmp-a001-02-000000010764328	grp-a001-02-000000069047580	곡물단백질	nad-a001-02-000000553654562	bsn-a001-00-000000013604308	18	03	33421	M	1	0	0	11	0
20260927	4291318	cmp-a001-02-000000010764328	grp-a001-02-000000069047580	프로틴	nad-a001-02-000000553654562	bsn-a001-00-000000013604308	18	08	137281	M	5	0	0	5	0
20260927	4291318	cmp-a001-02-000000010764328	grp-a001-02-000000069047580	황성주생식라이프밀	nad-a001-02-000000541754004	bsn-a001-00-000000013604308	18	16	8753	M	1	0	0	3	0
20260927	4291318	cmp-a001-02-000000010764328	grp-a001-02-000000069047580	가루	nad-a001-02-000000541753997	bsn-a001-00-000000013604308	18	99	98128	M	1	0	0	3	0
20260927	4291318	cmp-a001-02-000000010764328	grp-a001-02-000000069047580	단백질에너지바추천	nad-a001-02-000000553654554	bsn-a001-00-000000013604308	18	03	8753	M	1	0	0	1	0
20260927	4291318	cmp-a001-02-000000010764328	grp-a001-02-000000069047580	단백질프로틴바	nad-a001-02-000000553654559	bsn-a001-00-000000013604308	18	06	98128	M	1	0	0	4	0
20260927	4291318	cmp-a001-02-000000010764328	grp-a001-02-000000069047580	스토어	nad-a001-02-000000541754004	bsn-a001-00-000000013604308	18	15	98128	M	3	0	0	3	0
20260927	4291318	cmp-a001-02-000000010764328	grp-a001-02-000000069047580	사랑이	nad-a001-02-000000553654558	bsn-a001-00-000000013604308	18	11	529514	M	4	0	0	6	0
20260927	4291318	cmp-a001-02-000000010764328	grp-a001-02-000000069047580	단백질보충제	nad-a001-02-000000553654562	bsn-a001-00-000000013604308	18	02	791889	P	2	0	0	2	0
20260927	4291318	cmp-a001-02-000000010764328	grp-a001-02-000000069047580	가루	nad-a001-02-000000541753996	bsn-a001-00-000000013604308	18	01	8753	M	1	0	0	3	0
20260927	4291318	cmp-a001-02-000000010764328	grp-a001-02-000000069047580	피엑스추천템간식	nad-a001-02-000000553654554	bsn-a001-00-000000013604308	18	09	8753	M	1	0	0	1	0
20260927	4291318	cmp-a001-02-000000010764328	grp-a001-02-000000069047580	단백질쉐이크	nad-a001-02-000000553654562	bsn-a001-00-000000013604308	18	03	529514	M	11	0	0	21	0
20260927	4291318	cmp-a001-02-000000010764328	grp-a001-02-000000069047580	프로틴바	nad-a001-02-000000553654559	bsn-a001-00-000000013604308	18	15	529514	M	1	0	0	3	0
20260927	4291318	cmp-a001-02-000000010764328	grp-a001-02-000000069047580	ISP단백질	nad-a001-02-000000553654562	bsn-a001-00-000000013604308	18	09	8753	M	1	0	0	3	0
20260927	4291318	cmp-a001-02-000000010764328	grp-a001-02-000000069047580	황성주생식	nad-a001-02-000000541753997	bsn-a001-00-000000013604308	18	09	27758	P	2	0	0	4	0
20260927	4291318	cmp-a001-02-000000010764328	grp-a001-02-000000069047580	프로틴바	nad-a001-02-000000553654558	bsn-a001-00-000000013604308	18	09	768323	M	2	0	0	4	0
20260927	4291318	cmp-a001-02-000000010764328	grp-a001-02-000000069047580	황성주생식라이프밀	nad-a001-02-000000541753997	bsn-a001-00-000000013604308	18	16	8753	M	1	0	0	1	0
20260927	4291318	cmp-a001-02-000000010764328	grp-a001-02-000000069047580	젤리	nad-a001-02-000000541753985	bsn-a001-00-000000013604308	18	02	98128	M	13	0	0	29	0
20260927	4291318	cmp-a001-02-000000010764328	grp-a001-02-000000069047580	단백질쉐이크	nad-a001-02-000000553654562	bsn-a001-00-000000013604308	18	09	27758	P	2	0	0	6	0
20260927	4291318	cmp-a001-02-000000010764328	grp-a001-02-000000069047580	프로틴	nad-a001-02-000000553654562	bsn-a001-00-000000013604308	18	08	8753	M	6	0	0	19	0
20260927	4291318	cmp-a001-02-000000010764328	grp-a001-02-000000069047580	젤리	nad-a001-02-000000541753985	bsn-a001-00-000000013604308	18	08	768323	M	4	0	0	4	0
20260927	4291318	cmp-a001-02-000000010764328	grp-a001-02-000000069047580	황성주생식	nad-a001-02-000000541753988	bsn-a001-00-000000013604308	18	02	529514	M	7	0	0	35	0
20260927	4291318	cmp-a001-02-000000010764328	grp-a001-02-000000069047580	프로틴바	nad-a001-02-000000553654554	bsn-a001-00-000000013604308	18	09	27758	P	4	0	0	4	0
20260927	4291318	cmp-a001-02-000000010764328	grp-a001-02-000000069047580	저당간식칼로리	nad-a001-02-000000553654558	bsn-a001-00-000000013604308	18	99	8753	M	1	0	0	4	0
20260927	4291318	cmp-a001-02-000000010764328	grp-a001-02-000000069047580	프로틴	nad-a001-02-000000553654562	bsn-a001-00-000000013604308	18	11	684927	P	1	0	0	5	0
20260927	4291318	cmp-a001-02-000000010764328	grp-a001-02-000000069047580	에너지바	nad-a001-02-000000553654558	bsn-a001-00-000000013604308	18	10	33421	M	1	0	0	2	0
20260927	4291318	cmp-a001-02-000000010764328	grp-a001-02-000000069047580	단백질에너지바	nad-a001-02-000000553654558	bsn-a001-00-000000013604308	18	06	8753	M	1	0	0	4	0
20260927	4291318	cmp-a001-02-000000010764328	grp-a001-02-000000069047580	스토어	nad-a001-02-000000541753997	bsn-a001-00-000000013604308	13	02	98128	M	1	0	0	1	0
20260927	4291318	cmp-a001-02-000000010764328	grp-a001-02-000000069047580	황성주박사생식	nad-a001-02-000000541753996	bsn-a001-00-000000013604308	13	02	8753	M	1	1	4825	3	0
20260927	4291318	cmp-a001-02-000000010764328	grp-a001-02-000000069047580	단백질보충제	nad-a001-02-000000553654562	bsn-a001-00-000000013604308	13	09	529514	M	2	0	0	2	0
20260927	4291318	cmp-a001-02-000000010764328	grp-a001-02-000000069047580	프로틴	nad-a001-02-000000553654562	bsn-a001-00-000000013604308	13	03	529514	M	6	0	0	6	0
20260927	4291318	cmp-a001-02-000000010764328	grp-a001-02-000000069047580	황성주생식	nad-a001-02-000000541753988	bsn-a001-00-000000013604308	13	99	633013	M	1	0	0	6	0
20260927	4291318	cmp-a001-02-000000010764328	grp-a001-02-000000069047580	프로틴	nad-a001-02-000000553654562	bsn-a001-00-000000013604308	13	13	768323	M	2	0	0	2	0
20260927	4291318	cmp-a001-02-000000010764328	grp-a001-02-000000069047580	프로틴	nad-a001-02-000000553654562	bsn-a001-00-000000013604308	13	02	529514	M	5	0	0	5	0
20260927	4291318	cmp-a001-02-000000010764328	grp-a001-02-000000069047580	프로틴바	nad-a001-02-000000553654554	bsn-a001-00-000000013604308	13	08	98128	M	1	0	0	1	0
20260927	4291318	cmp-a001-02-000000010764328	grp-a001-02-000000069047580	프로틴	nad-a001-02-000000553654562	bsn-a001-00-000000013604308	13	02	768323	M	1	0	0	2	0
20260927	4291318	cmp-a001-02-000000010764328	grp-a001-02-000000069047580	황성주생식	nad-a001-02-000000541753988	bsn-a001-00-000000013604308	13	09	633013	M	1	0	0	6	0
20260927	4291318	cmp-a001-02-000000010764328	grp-a001-02-000000069047580	단백질바	nad-a001-02-000000553654559	bsn-a001-00-000000013604308	13	06	529514	M	2	0	0	6	0
20260927	4291318	cmp-a001-02-000000010764328	grp-a001-02-000000069047580	식물성단백질종류	nad-a001-02-000000553654562	bsn-a001-00-000000013604308	13	09	8753	M	1	0	0	3	0
20260927	4291318	cmp-a001-02-000000010764328	grp-a001-02-000000069047580	황성주박사생식	nad-a001-02-000000541754004	bsn-a001-00-000000013604308	13	02	8753	M	1	0	0	2	0
20260927	4291318	cmp-a001-02-000000010764328	grp-a001-02-000000069047580	프로틴	nad-a001-02-000000553654562	bsn-a001-00-000000013604308	13	08	529514	M	1	0	0	1	0
20260927	4291318	cmp-a001-02-000000010764328	grp-a001-02-000000069047580	프로틴	nad-a001-02-000000553654562	bsn-a001-00-000000013604308	13	11	768323	M	1	0	0	2	0
20260927	4291318	cmp-a001-02-000000010764328	grp-a001-02-000000069047580	젤리	nad-a001-02-000000541753985	bsn-a001-00-000000013604308	13	18	291244	M	2	0	0	2	0
20260927	4291318	cmp-a001-02-000000010764328	grp-a001-02-000000069047580	단백질프로틴	nad-a001-02-000000553654562	bsn-a001-00-000000013604308	13	08	529514	M	4	0	0	4	0
20260927	4291318	cmp-a001-02-000000010764328	grp-a001-02-000000069047580	생식가루	nad-a001-02-000000541753997	bsn-a001-00-000000013604308	13	99	8753	M	1	0	0	1	0
20260927	4291318	cmp-a001-02-000000010764328	grp-a001-02-000000069047580	단백질쉐이크	nad-a001-02-000000553654562	bsn-a001-00-000000013604308	13	02	529514	M	3	0	0	5	0
20260927	4291318	cmp-a001-02-000000010764328	grp-a001-02-000000069047580	영양식	nad-a001-02-000000541753965	bsn-a001-00-000000013604308	13	02	529514	M	4	0	0	10	0
20260927	4291318	cmp-a001-02-000000010764328	grp-a001-02-000000069047580	단백질쉐이크	nad-a001-02-000000553654562	bsn-a001-00-000000013604308	13	04	33421	M	1	0	0	6	0
20260927	4291318	cmp-a001-02-000000010764328	grp-a001-02-000000069047580	단백질파우더	nad-a001-02-000000553654562	bsn-a001-00-000000013604308	13	99	768323	M	1	0	0	2	0
20260927	4291318	cmp-a001-02-000000010764328	grp-a001-02-000000069047580	단백질쉐이크	nad-a001-02-000000553654562	bsn-a001-00-000000013604308	13	06	529514	M	1	0	0	3	0
20260927	4291318	cmp-a001-02-000000010764328	grp-a001-02-000000069047580	젤리	nad-a001-02-000000541753985	bsn-a001-00-000000013604308	13	09	23123	P	1	0	0	1	0
20260927	4291318	cmp-a001-02-000000010764328	grp-a001-02-000000069047580	프로틴	nad-a001-02-000000553654562	bsn-a001-00-000000013604308	13	09	529514	M	3	0	0	3	0
20260927	4291318	cmp-a001-02-000000010764328	grp-a001-02-000000069047580	스토어	nad-a001-02-000000541753997	bsn-a001-00-000000013604308	13	15	248824	P	1	0	0	1	0
20260927	4291318	cmp-a001-02-000000010764328	grp-a001-02-000000069047580	스토어	nad-a001-02-000000541753997	bsn-a001-00-000000013604308	13	11	98128	M	2	0	0	2	0
20260927	4291318	cmp-a001-02-000000010764328	grp-a001-02-000000069047580	사랑이	nad-a001-02-000000553654554	bsn-a001-00-000000013604308	13	99	529514	M	2	0	0	5	0
20260927	4291318	cmp-a001-02-000000010764328	grp-a001-02-000000069047580	황성주생식	nad-a001-02-000000541753997	bsn-a001-00-000000013604308	13	99	633013	M	1	0	0	1	0
20260927	4291318	cmp-a001-02-000000010764328	grp-a001-02-000000069047580	단백질쉐이크	nad-a001-02-000000553654562	bsn-a001-00-000000013604308	13	09	8753	M	2	0	0	10	0
20260927	4291318	cmp-a001-02-000000010764328	grp-a001-02-000000069047580	국산청국장분말	nad-a001-02-000000541754005	bsn-a001-00-000000013604308	13	09	341898	M	1	0	0	1	0
20260927	4291318	cmp-a001-02-000000010764328	grp-a001-02-000000069047580	황성주생식	nad-a001-02-000000541753996	bsn-a001-00-000000013604308	13	99	633013	M	1	0	0	3	0
20260927	4291318	cmp-a001-02-000000010764328	grp-a001-02-000000069047580	프로틴	nad-a001-02-000000553654562	bsn-a001-00-000000013604308	13	09	684927	P	1	0	0	2	0
20260927	4291318	cmp-a001-02-000000010764328	grp-a001-02-000000069047580	단백질	nad-a001-02-000000553654562	bsn-a001-00-000000013604308	13	09	8753	M	1	0	0	4	0
20260927	4291318	cmp-a001-02-000000010764328	grp-a001-02-000000069047580	도토리가루보관방법	nad-a001-02-000000541754004	bsn-a001-00-000000013604308	13	03	8753	M	2	0	0	4	0
20260927	4291318	cmp-a001-02-000000010764328	grp-a001-02-000000069047580	도토리가루보관방법	nad-a001-02-000000541753997	bsn-a001-00-000000013604308	13	03	8753	M	2	0	0	2	0
20260927	4291318	cmp-a001-02-000000010764328	grp-a001-02-000000069047580	단백질	nad-a001-02-000000553654562	bsn-a001-00-000000013604308	13	02	137281	M	1	0	0	1	0
20260927	4291318	cmp-a001-02-000000010764328	grp-a001-02-000000069047580	황성주생식	nad-a001-02-000000541754005	bsn-a001-00-000000013604308	13	09	633013	M	1	0	0	4	0
20260927	4291318	cmp-a001-02-000000010764328	grp-a001-02-000000069047580	황성주박사생식	nad-a001-02-000000541754005	bsn-a001-00-000000013604308	13	02	8753	M	1	0	0	4	0
20260927	4291318	cmp-a001-02-000000010764328	grp-a001-02-000000069047580	프로틴	nad-a001-02-000000553654562	bsn-a001-00-000000013604308	13	16	684926	M	2	0	0	18	0
20260927	4291318	cmp-a001-02-000000010764328	grp-a001-02-000000069047580	황성주생식	nad-a001-02-000000541754004	bsn-a001-00-000000013604308	13	99	633013	M	1	0	0	2	0
20260927	4291318	cmp-a001-02-000000010764328	grp-a001-02-000000069047580	프로틴바	nad-a001-02-000000553654558	bsn-a001-00-000000013604308	13	09	529514	M	2	0	0	3	0
20260927	4291318	cmp-a001-02-000000010764328	grp-a001-02-000000069047580	황성주생식	nad-a001-02-000000541753997	bsn-a001-00-000000013604308	13	09	633013	M	1	0	0	1	0
20260927	4291318	cmp-a001-02-000000010764328	grp-a001-02-000000069047580	단백질	nad-a001-02-000000553654562	bsn-a001-00-000000013604308	13	09	798055	P	1	0	0	2	0
20260927	4291318	cmp-a001-02-000000010764328	grp-a001-02-000000069047580	프로틴바	nad-a001-02-000000553654558	bsn-a001-00-000000013604308	13	08	98128	M	1	0	0	2	0
20260927	4291318	cmp-a001-02-000000010764328	grp-a001-02-000000069047580	단백질바	nad-a001-02-000000553654558	bsn-a001-00-000000013604308	13	06	529514	M	2	0	0	3	0
20260927	4291318	cmp-a001-02-000000010764328	grp-a001-02-000000069047580	프로틴바	nad-a001-02-000000553654559	bsn-a001-00-000000013604308	13	02	529514	M	8	0	0	24	0
20260927	4291318	cmp-a001-02-000000010764328	grp-a001-02-000000069047580	스토어	nad-a001-02-000000541753997	bsn-a001-00-000000013604308	13	01	98128	M	1	0	0	1	0
20260927	4291318	cmp-a001-02-000000010764328	grp-a001-02-000000069047580	젤리	nad-a001-02-000000541753985	bsn-a001-00-000000013604308	13	09	768323	M	1	0	0	1	0
20260927	4291318	cmp-a001-02-000000010764328	grp-a001-02-000000069047580	프로틴바	nad-a001-02-000000553654559	bsn-a001-00-000000013604308	13	08	98128	M	1	0	0	5	0
20260927	4291318	cmp-a001-02-000000010764328	grp-a001-02-000000069047580	프로틴바	nad-a001-02-000000553654559	bsn-a001-00-000000013604308	13	09	529514	M	2	0	0	6	0
20260927	4291318	cmp-a001-02-000000010764328	grp-a001-02-000000069047580	황성주생식	nad-a001-02-000000541753996	bsn-a001-00-000000013604308	13	09	633013	M	1	0	0	3	0
20260927	4291318	cmp-a001-02-000000010764328	grp-a001-02-000000069047580	사탕젤리	nad-a001-02-000000541753985	bsn-a001-00-000000013604308	13	09	87620	M	2	0	0	6	0
20260927	4291318	cmp-a001-02-000000010764328	grp-a001-02-000000069047580	프로틴바	nad-a001-02-000000553654554	bsn-a001-00-000000013604308	13	02	529514	M	8	0	0	14	0
20260927	4291318	cmp-a001-02-000000010764328	grp-a001-02-000000069047580	다이어트쉐이크	nad-a001-02-000000553654562	bsn-a001-00-000000013604308	13	09	768323	M	1	0	0	2	0
20260927	4291318	cmp-a001-02-000000010764328	grp-a001-02-000000069047580	황성주생식	nad-a001-02-000000541753997	bsn-a001-00-000000013604308	13	02	33421	M	1	0	0	4	0
20260927	4291318	cmp-a001-02-000000010764328	grp-a001-02-000000069047580	단백질섭취량	nad-a001-02-000000553654562	bsn-a001-00-000000013604308	13	11	8753	M	1	0	0	4	0
20260927	4291318	cmp-a001-02-000000010764328	grp-a001-02-000000069047580	단백질쉐이크	nad-a001-02-000000553654562	bsn-a001-00-000000013604308	13	18	8753	M	1	0	0	4	0
20260927	4291318	cmp-a001-02-000000010764328	grp-a001-02-000000069047580	프로틴바	nad-a001-02-000000553654554	bsn-a001-00-000000013604308	13	09	529514	M	2	0	0	3	0
20260927	4291318	cmp-a001-02-000000010764328	grp-a001-02-000000069047580	프로틴	nad-a001-02-000000553654562	bsn-a001-00-000000013604308	13	08	768323	M	1	0	0	3	0
20260927	4291318	cmp-a001-02-000000010764328	grp-a001-02-000000069047580	황성주생식	nad-a001-02-000000541753997	bsn-a001-00-000000013604308	13	04	684926	M	2	0	0	10	0
20260927	4291318	cmp-a001-02-000000010764328	grp-a001-02-000000069047580	5KG대두분리단백질	nad-a001-02-000000553654562	bsn-a001-00-000000013604308	13	06	33421	M	1	0	0	2	0
20260927	4291318	cmp-a001-02-000000010764328	grp-a001-02-000000069047580	단백질쉐이크	nad-a001-02-000000553654562	bsn-a001-00-000000013604308	13	09	529514	M	6	0	0	6	0
20260927	4291318	cmp-a001-02-000000010764328	grp-a001-02-000000069047580	단백질바	nad-a001-02-000000553654554	bsn-a001-00-000000013604308	13	06	529514	M	2	0	0	3	0
20260927	4291318	cmp-a001-02-000000010764328	grp-a001-02-000000069047580	젤리	nad-a001-02-000000541753985	bsn-a001-00-000000013604308	13	02	529514	M	2	0	0	2	0
20260927	4291318	cmp-a001-02-000000010764328	grp-a001-02-000000069047580	단백질보충제	nad-a001-02-000000553654562	bsn-a001-00-000000013604308	13	09	8753	M	1	0	0	6	0
20260927	4291318	cmp-a001-02-000000010764328	grp-a001-02-000000069047580	단백질	nad-a001-02-000000553654562	bsn-a001-00-000000013604308	13	09	87620	M	1	1	55	1	0
20260927	4291318	cmp-a001-02-000000010764328	grp-a001-02-000000069047580	프로틴	nad-a001-02-000000553654562	bsn-a001-00-000000013604308	13	02	98128	M	2	0	0	2	0
20260927	4291318	cmp-a001-02-000000010764328	grp-a001-02-000000069047580	젤리	nad-a001-02-000000541753985	bsn-a001-00-000000013604308	13	07	33421	M	1	0	0	3	0
20260927	4291318	cmp-a001-02-000000010764328	grp-a001-02-000000069047580	단백질쉐이크	nad-a001-02-000000553654562	bsn-a001-00-000000013604308	13	11	8753	M	1	0	0	5	0
20260927	4291318	cmp-a001-02-000000010764328	grp-a001-02-000000069047580	프로틴바	nad-a001-02-000000553654558	bsn-a001-00-000000013604308	13	02	529514	M	8	0	0	10	0
20260927	4291318	cmp-a001-02-000000010764328	grp-a001-02-000000069047580	단백질바	nad-a001-02-000000553654558	bsn-a001-00-000000013604308	13	15	33421	M	1	0	0	4	0
20260927	4291318	cmp-a001-02-000000010764328	grp-a001-02-000000069047580	쉐이크	nad-a001-02-000000553654562	bsn-a001-00-000000013604308	13	02	529514	M	7	0	0	7	0
20260927	4291318	cmp-a001-02-000000010764328	grp-a001-02-000000069047580	에너지바	nad-a001-02-000000553654558	bsn-a001-00-000000013604308	13	02	8753	M	1	0	0	3	0
20260927	4291318	cmp-a001-02-000000010764328	grp-a001-02-000000069047580	다이어트쉐이크	nad-a001-02-000000553654562	bsn-a001-00-000000013604308	13	02	768323	M	5	0	0	10	0
20260927	4291318	cmp-a001-02-000000010764328	grp-a001-02-000000069047580	사랑이	nad-a001-02-000000553654558	bsn-a001-00-000000013604308	13	99	529514	M	2	0	0	5	0
20260927	4291318	cmp-a001-02-000000010764328	grp-a001-02-000000069047580	단백질바	nad-a001-02-000000553654554	bsn-a001-00-000000013604308	13	15	33421	M	1	0	0	2	0
20260927	4291318	cmp-a001-02-000000010764328	grp-a001-02-000000069047580	프로틴	nad-a001-02-000000553654562	bsn-a001-00-000000013604308	13	99	768323	M	4	0	0	8	0
20260927	4291318	cmp-a001-02-000000010764328	grp-a001-02-000000069047580	황성주생식	nad-a001-02-000000541754004	bsn-a001-00-000000013604308	13	09	633013	M	1	0	0	2	0
20260927	4291318	cmp-a001-02-000000010764328	grp-a001-02-000000069047580	에너지바	nad-a001-02-000000553654554	bsn-a001-00-000000013604308	13	02	8753	M	1	0	0	1	0
20260927	4291318	cmp-a001-02-000000010764328	grp-a001-02-000000069047580	황성주박사생식	nad-a001-02-000000541753997	bsn-a001-00-000000013604308	13	02	8753	M	1	0	0	1	0
20260927	4291318	cmp-a001-02-000000010764328	grp-a001-02-000000069047580	5KG대두분리단백질	nad-a001-02-000000553654562	bsn-a001-00-000000013604308	13	06	8753	M	1	0	0	1	0
20260927	4291318	cmp-a001-02-000000010764328	grp-a001-02-000000069047580	황성주생식	nad-a001-02-000000541754005	bsn-a001-00-000000013604308	13	99	633013	M	1	0	0	4	0
20260927	4291318	cmp-a001-02-000000010764328	grp-a001-02-000000069047580	프로틴	nad-a001-02-000000553654562	bsn-a001-00-000000013604308	13	10	27758	P	1	0	0	4	0
20260927	4291318	cmp-a001-02-000000010764328	grp-a001-02-000000069047580	도토리가루보관방법	nad-a001-02-000000541753996	bsn-a001-00-000000013604308	13	03	8753	M	2	0	0	6	0
20260927	4291318	cmp-a001-02-000000010764328	grp-a001-02-000000069047580	단백질쉐이크	nad-a001-02-000000553654562	bsn-a001-00-000000013604308	13	99	529514	M	3	0	0	5	0
20260927	4291318	cmp-a001-02-000000010764328	grp-a001-02-000000069047580	단백질쉐이크	nad-a001-02-000000553654562	bsn-a001-00-000000013604308	13	02	612594	M	1	0	0	1	0
20260927	4291318	cmp-a001-02-000000010764328	grp-a001-02-000000069047580	스토어	nad-a001-02-000000541753997	bsn-a001-00-000000013604308	13	18	98128	M	2	0	0	2	0
20260927	4291318	cmp-a001-02-000000010764328	grp-a001-02-000000069047580	프로틴	nad-a001-02-000000553654562	bsn-a001-00-000000013604308	00	09	8753	M	1	0	0	4	0
20260927	4291318	cmp-a001-02-000000010764328	grp-a001-02-000000069047580	단백질쉐이크	nad-a001-02-000000553654562	bsn-a001-00-000000013604308	00	09	8753	M	1	0	0	5	0
20260927	4291318	cmp-a001-02-000000010764328	grp-a001-02-000000069047580	프로틴	nad-a001-02-000000553654562	bsn-a001-00-000000013604308	20	01	529514	M	18	0	0	18	0
20260927	4291318	cmp-a001-02-000000010764328	grp-a001-02-000000069047580	사랑이	nad-a001-02-000000553654554	bsn-a001-00-000000013604308	20	09	529514	M	2	0	0	3	0
20260927	4291318	cmp-a001-02-000000010764328	grp-a001-02-000000069047580	단백질쉐이크	nad-a001-02-000000553654562	bsn-a001-00-000000013604308	20	07	529514	M	6	0	0	7	0
20260927	4291318	cmp-a001-02-000000010764328	grp-a001-02-000000069047580	스토어	nad-a001-02-000000541753997	bsn-a001-00-000000013604308	20	11	98128	M	10	0	0	20	0
20260927	4291318	cmp-a001-02-000000010764328	grp-a001-02-000000069047580	에너지바	nad-a001-02-000000553654559	bsn-a001-00-000000013604308	20	00	23123	P	1	0	0	7	0
20260927	4291318	cmp-a001-02-000000010764328	grp-a001-02-000000069047580	동결건조생식	nad-a001-02-000000541753997	bsn-a001-00-000000013604308	20	10	8753	M	1	0	0	1	0
20260927	4291318	cmp-a001-02-000000010764328	grp-a001-02-000000069047580	영양	nad-a001-02-000000541753965	bsn-a001-00-000000013604308	20	14	98128	M	1	0	0	3	0
20260927	4291318	cmp-a001-02-000000010764328	grp-a001-02-000000069047580	단백질보충제	nad-a001-02-000000553654562	bsn-a001-00-000000013604308	20	17	8753	M	2	0	0	10	0
20260927	4291318	cmp-a001-02-000000010764328	grp-a001-02-000000069047580	사랑할수록	nad-a001-02-000000553654558	bsn-a001-00-000000013604308	20	03	612594	M	1	0	0	3	0
20260927	4291318	cmp-a001-02-000000010764328	grp-a001-02-000000069047580	단백질보충제	nad-a001-02-000000553654562	bsn-a001-00-000000013604308	20	13	612594	M	1	0	0	1	0
20260927	4291318	cmp-a001-02-000000010764328	grp-a001-02-000000069047580	PROTEIN	nad-a001-02-000000553654562	bsn-a001-00-000000013604308	20	08	529514	M	1	0	0	1	0
20260927	4291318	cmp-a001-02-000000010764328	grp-a001-02-000000069047580	황성주생식	nad-a001-02-000000541753988	bsn-a001-00-000000013604308	20	02	8753	M	1	2	2454	8	0
20260927	4291318	cmp-a001-02-000000010764328	grp-a001-02-000000069047580	단백질바	nad-a001-02-000000553654554	bsn-a001-00-000000013604308	20	10	11068	P	1	0	0	2	0
20260927	4291318	cmp-a001-02-000000010764328	grp-a001-02-000000069047580	황성주생식	nad-a001-02-000000541754005	bsn-a001-00-000000013604308	20	99	633013	M	1	0	0	3	0
20260927	4291318	cmp-a001-02-000000010764328	grp-a001-02-000000069047580	단백질쉐이크	nad-a001-02-000000553654562	bsn-a001-00-000000013604308	20	16	529514	M	3	0	0	4	0
20260927	4291318	cmp-a001-02-000000010764328	grp-a001-02-000000069047580	식사대용쉐이크	nad-a001-02-000000553654562	bsn-a001-00-000000013604308	20	00	33421	M	1	0	0	8	0
20260927	4291318	cmp-a001-02-000000010764328	grp-a001-02-000000069047580	황성주생식	nad-a001-02-000000541753988	bsn-a001-00-000000013604308	20	99	633013	M	1	0	0	5	0
20260927	4291318	cmp-a001-02-000000010764328	grp-a001-02-000000069047580	황성주생식	nad-a001-02-000000541754005	bsn-a001-00-000000013604308	20	09	8753	M	1	0	0	6	0
20260927	4291318	cmp-a001-02-000000010764328	grp-a001-02-000000069047580	스토어	nad-a001-02-000000541754004	bsn-a001-00-000000013604308	20	04	98128	M	1	0	0	1	0
20260927	4291318	cmp-a001-02-000000010764328	grp-a001-02-000000069047580	젤리	nad-a001-02-000000541753985	bsn-a001-00-000000013604308	20	17	8753	M	1	0	0	3	0
20260927	4291318	cmp-a001-02-000000010764328	grp-a001-02-000000069047580	프로틴	nad-a001-02-000000553654562	bsn-a001-00-000000013604308	20	07	8753	M	3	0	0	12	0
20260927	4291318	cmp-a001-02-000000010764328	grp-a001-02-000000069047580	프로틴순위	nad-a001-02-000000553654562	bsn-a001-00-000000013604308	20	02	8753	M	1	0	0	5	0
20260927	4291318	cmp-a001-02-000000010764328	grp-a001-02-000000069047580	프로틴	nad-a001-02-000000553654562	bsn-a001-00-000000013604308	20	08	768323	M	5	0	0	10	0
20260927	4291318	cmp-a001-02-000000010764328	grp-a001-02-000000069047580	단백질바	nad-a001-02-000000553654559	bsn-a001-00-000000013604308	20	02	529514	M	3	0	0	9	0
20260927	4291318	cmp-a001-02-000000010764328	grp-a001-02-000000069047580	단백질프로틴추천	nad-a001-02-000000553654562	bsn-a001-00-000000013604308	20	02	8753	M	1	0	0	6	0
20260927	4291318	cmp-a001-02-000000010764328	grp-a001-02-000000069047580	에너지바	nad-a001-02-000000553654554	bsn-a001-00-000000013604308	20	02	27758	P	1	0	0	1	0
20260927	4291318	cmp-a001-02-000000010764328	grp-a001-02-000000069047580	균형영양식	nad-a001-02-000000541753965	bsn-a001-00-000000013604308	20	02	529514	M	1	0	0	2	0
20260927	4291318	cmp-a001-02-000000010764328	grp-a001-02-000000069047580	단백질쉐이크	nad-a001-02-000000553654562	bsn-a001-00-000000013604308	20	03	684926	M	1	0	0	16	0
20260927	4291318	cmp-a001-02-000000010764328	grp-a001-02-000000069047580	식사대용	nad-a001-02-000000553654562	bsn-a001-00-000000013604308	20	15	8753	M	1	0	0	4	0
20260927	4291318	cmp-a001-02-000000010764328	grp-a001-02-000000069047580	사랑하고	nad-a001-02-000000553654554	bsn-a001-00-000000013604308	20	02	98128	M	1	0	0	1	0
20260927	4291318	cmp-a001-02-000000010764328	grp-a001-02-000000069047580	곡물단백질	nad-a001-02-000000553654562	bsn-a001-00-000000013604308	20	02	8753	M	1	0	0	6	0
20260927	4291318	cmp-a001-02-000000010764328	grp-a001-02-000000069047580	사랑	nad-a001-02-000000553654558	bsn-a001-00-000000013604308	20	15	98128	M	2	0	0	6	0
20260927	4291318	cmp-a001-02-000000010764328	grp-a001-02-000000069047580	식물성단백질파우더	nad-a001-02-000000553654562	bsn-a001-00-000000013604308	20	00	805759	P	1	0	0	2	0
20260927	4291318	cmp-a001-02-000000010764328	grp-a001-02-000000069047580	다이어트쉐이크	nad-a001-02-000000553654562	bsn-a001-00-000000013604308	20	99	768323	M	1	0	0	2	0
20260927	4291318	cmp-a001-02-000000010764328	grp-a001-02-000000069047580	단백질섭취량	nad-a001-02-000000553654562	bsn-a001-00-000000013604308	20	03	8753	M	1	0	0	5	0
20260927	4291318	cmp-a001-02-000000010764328	grp-a001-02-000000069047580	단백질보충제	nad-a001-02-000000553654562	bsn-a001-00-000000013604308	20	02	684926	M	4	0	0	30	0
20260927	4291318	cmp-a001-02-000000010764328	grp-a001-02-000000069047580	젤리	nad-a001-02-000000541753985	bsn-a001-00-000000013604308	20	07	87620	M	1	0	0	2	0
20260927	4291318	cmp-a001-02-000000010764328	grp-a001-02-000000069047580	다이어트쉐이크	nad-a001-02-000000553654562	bsn-a001-00-000000013604308	20	04	8753	M	1	0	0	4	0
20260927	4291318	cmp-a001-02-000000010764328	grp-a001-02-000000069047580	젤리	nad-a001-02-000000541753985	bsn-a001-00-000000013604308	20	09	684926	M	2	0	0	8	0
20260927	4291318	cmp-a001-02-000000010764328	grp-a001-02-000000069047580	단백질간식	nad-a001-02-000000553654558	bsn-a001-00-000000013604308	20	13	684927	P	2	0	0	2	0
20260927	4291318	cmp-a001-02-000000010764328	grp-a001-02-000000069047580	프로틴	nad-a001-02-000000553654562	bsn-a001-00-000000013604308	20	09	8753	M	2	0	0	10	0
20260927	4291318	cmp-a001-02-000000010764328	grp-a001-02-000000069047580	사탕젤리	nad-a001-02-000000541753985	bsn-a001-00-000000013604308	20	03	87620	M	1	0	0	2	0
20260927	4291318	cmp-a001-02-000000010764328	grp-a001-02-000000069047580	쉐이크	nad-a001-02-000000553654562	bsn-a001-00-000000013604308	20	11	529514	M	2	0	0	2	0
20260927	4291318	cmp-a001-02-000000010764328	grp-a001-02-000000069047580	황성주생식	nad-a001-02-000000541754004	bsn-a001-00-000000013604308	20	99	633013	M	1	0	0	2	0
20260927	4291318	cmp-a001-02-000000010764328	grp-a001-02-000000069047580	에너지바	nad-a001-02-000000553654559	bsn-a001-00-000000013604308	20	02	529514	M	2	0	0	6	0
20260927	4291318	cmp-a001-02-000000010764328	grp-a001-02-000000069047580	단백질바	nad-a001-02-000000553654554	bsn-a001-00-000000013604308	20	09	33421	M	1	0	0	1	0
20260927	4291318	cmp-a001-02-000000010764328	grp-a001-02-000000069047580	단백질바	nad-a001-02-000000553654554	bsn-a001-00-000000013604308	20	10	27758	P	1	0	0	2	0
20260927	4291318	cmp-a001-02-000000010764328	grp-a001-02-000000069047580	단백질쉐이크	nad-a001-02-000000553654562	bsn-a001-00-000000013604308	20	02	33421	M	2	0	0	13	0
20260927	4291318	cmp-a001-02-000000010764328	grp-a001-02-000000069047580	젤리	nad-a001-02-000000541753985	bsn-a001-00-000000013604308	20	06	612594	M	1	0	0	1	0
20260927	4291318	cmp-a001-02-000000010764328	grp-a001-02-000000069047580	사랑	nad-a001-02-000000553654554	bsn-a001-00-000000013604308	20	08	137281	M	3	0	0	3	0
20260927	4291318	cmp-a001-02-000000010764328	grp-a001-02-000000069047580	에너지바	nad-a001-02-000000553654554	bsn-a001-00-000000013604308	20	09	791889	P	1	0	0	1	0
20260927	4291318	cmp-a001-02-000000010764328	grp-a001-02-000000069047580	균형영양식	nad-a001-02-000000541753965	bsn-a001-00-000000013604308	20	18	529514	M	2	0	0	4	0
20260927	4291318	cmp-a001-02-000000010764328	grp-a001-02-000000069047580	황성주생식	nad-a001-02-000000541753997	bsn-a001-00-000000013604308	20	07	633013	M	2	0	0	2	0
20260927	4291318	cmp-a001-02-000000010764328	grp-a001-02-000000069047580	단백질바	nad-a001-02-000000553654559	bsn-a001-00-000000013604308	20	01	798056	M	2	0	0	6	0
20260927	4291318	cmp-a001-02-000000010764328	grp-a001-02-000000069047580	단백질쉐이크	nad-a001-02-000000553654562	bsn-a001-00-000000013604308	20	04	8753	M	5	0	0	17	0
20260927	4291318	cmp-a001-02-000000010764328	grp-a001-02-000000069047580	황성주생식	nad-a001-02-000000541754005	bsn-a001-00-000000013604308	20	08	33421	M	4	0	0	7	0
20260927	4291318	cmp-a001-02-000000010764328	grp-a001-02-000000069047580	프로틴	nad-a001-02-000000553654562	bsn-a001-00-000000013604308	20	08	137281	M	3	0	0	3	0
20260927	4291318	cmp-a001-02-000000010764328	grp-a001-02-000000069047580	스토어	nad-a001-02-000000541753996	bsn-a001-00-000000013604308	20	11	98128	M	10	0	0	30	0
20260927	4291318	cmp-a001-02-000000010764328	grp-a001-02-000000069047580	곡물쉐이크단백질	nad-a001-02-000000553654562	bsn-a001-00-000000013604308	20	02	8753	M	1	0	0	3	0
20260927	4291318	cmp-a001-02-000000010764328	grp-a001-02-000000069047580	단백질쉐이크	nad-a001-02-000000553654562	bsn-a001-00-000000013604308	20	11	529514	M	12	0	0	22	0
20260927	4291318	cmp-a001-02-000000010764328	grp-a001-02-000000069047580	사랑님	nad-a001-02-000000553654554	bsn-a001-00-000000013604308	20	02	529514	M	3	0	0	5	0
20260927	4291318	cmp-a001-02-000000010764328	grp-a001-02-000000069047580	황성주생식	nad-a001-02-000000541753997	bsn-a001-00-000000013604308	20	02	633013	M	1	0	0	1	0
20260927	4291318	cmp-a001-02-000000010764328	grp-a001-02-000000069047580	네이버스토어	nad-a001-02-000000541753996	bsn-a001-00-000000013604308	20	00	805759	P	1	0	0	7	0
20260927	4291318	cmp-a001-02-000000010764328	grp-a001-02-000000069047580	단백질쉐이크	nad-a001-02-000000553654562	bsn-a001-00-000000013604308	20	18	98128	M	2	0	0	2	0
20260927	4291318	cmp-a001-02-000000010764328	grp-a001-02-000000069047580	프로틴	nad-a001-02-000000553654562	bsn-a001-00-000000013604308	20	02	529514	M	63	0	0	63	0
20260927	4291318	cmp-a001-02-000000010764328	grp-a001-02-000000069047580	에너지바	nad-a001-02-000000553654559	bsn-a001-00-000000013604308	20	18	98128	M	2	0	0	10	0
20260927	4291318	cmp-a001-02-000000010764328	grp-a001-02-000000069047580	제리	nad-a001-02-000000541753985	bsn-a001-00-000000013604308	20	08	98128	M	2	0	0	2	0
20260927	4291318	cmp-a001-02-000000010764328	grp-a001-02-000000069047580	에너지바	nad-a001-02-000000553654554	bsn-a001-00-000000013604308	20	02	529514	M	2	0	0	3	0
20260927	4291318	cmp-a001-02-000000010764328	grp-a001-02-000000069047580	스토어	nad-a001-02-000000541753997	bsn-a001-00-000000013604308	20	13	98128	M	2	0	0	4	0
20260927	4291318	cmp-a001-02-000000010764328	grp-a001-02-000000069047580	황성주생식	nad-a001-02-000000541753996	bsn-a001-00-000000013604308	20	02	8753	M	2	0	0	8	0
20260927	4291318	cmp-a001-02-000000010764328	grp-a001-02-000000069047580	프로틴바	nad-a001-02-000000553654558	bsn-a001-00-000000013604308	20	02	27758	P	3	0	0	9	0
20260927	4291318	cmp-a001-02-000000010764328	grp-a001-02-000000069047580	사랑	nad-a001-02-000000553654554	bsn-a001-00-000000013604308	20	09	98128	M	4	0	0	8	0
20260927	4291318	cmp-a001-02-000000010764328	grp-a001-02-000000069047580	단백질바	nad-a001-02-000000553654558	bsn-a001-00-000000013604308	20	08	529514	M	3	0	0	4	0
20260927	4291318	cmp-a001-02-000000010764328	grp-a001-02-000000069047580	황성주생식	nad-a001-02-000000541754004	bsn-a001-00-000000013604308	20	02	33421	M	2	0	0	4	0
20260927	4291318	cmp-a001-02-000000010764328	grp-a001-02-000000069047580	단백질쉐이크	nad-a001-02-000000553654562	bsn-a001-00-000000013604308	20	18	27758	P	1	0	0	4	0
20260927	4291318	cmp-a001-02-000000010764328	grp-a001-02-000000069047580	다이어트쉐이크	nad-a001-02-000000553654562	bsn-a001-00-000000013604308	20	03	768323	M	1	0	0	2	0
20260927	4291318	cmp-a001-02-000000010764328	grp-a001-02-000000069047580	젤리	nad-a001-02-000000541753985	bsn-a001-00-000000013604308	20	10	98128	M	4	0	0	4	0
20260927	4291318	cmp-a001-02-000000010764328	grp-a001-02-000000069047580	에너지바	nad-a001-02-000000553654559	bsn-a001-00-000000013604308	20	99	612594	M	1	1	616	3	0
20260927	4291318	cmp-a001-02-000000010764328	grp-a001-02-000000069047580	제주한라봉젤리	nad-a001-02-000000541753985	bsn-a001-00-000000013604308	20	09	370822	P	1	0	0	2	0
20260927	4291318	cmp-a001-02-000000010764328	grp-a001-02-000000069047580	단백질보충제	nad-a001-02-000000553654562	bsn-a001-00-000000013604308	20	99	529514	M	15	0	0	15	0
20260927	4291318	cmp-a001-02-000000010764328	grp-a001-02-000000069047580	다이어트쉐이크	nad-a001-02-000000553654562	bsn-a001-00-000000013604308	20	99	529514	M	6	0	0	6	0
20260927	4291318	cmp-a001-02-000000010764328	grp-a001-02-000000069047580	단백질보충제추천	nad-a001-02-000000553654562	bsn-a001-00-000000013604308	20	09	8753	M	1	0	0	4	0
20260927	4291318	cmp-a001-02-000000010764328	grp-a001-02-000000069047580	다이어트쉐이크	nad-a001-02-000000553654562	bsn-a001-00-000000013604308	20	18	768323	M	2	0	0	4	0
20260927	4291318	cmp-a001-02-000000010764328	grp-a001-02-000000069047580	프로틴쉐이크	nad-a001-02-000000553654562	bsn-a001-00-000000013604308	20	04	529514	M	4	0	0	4	0
20260927	4291318	cmp-a001-02-000000010764328	grp-a001-02-000000069047580	단백질바	nad-a001-02-000000553654558	bsn-a001-00-000000013604308	20	10	11068	P	1	0	0	6	0
20260927	4291318	cmp-a001-02-000000010764328	grp-a001-02-000000069047580	단백질쉐이크	nad-a001-02-000000553654562	bsn-a001-00-000000013604308	20	02	98128	M	1	0	0	1	0
20260927	4291318	cmp-a001-02-000000010764328	grp-a001-02-000000069047580	단백질	nad-a001-02-000000553654562	bsn-a001-00-000000013604308	20	18	98128	M	1	0	0	1	0
20260927	4291318	cmp-a001-02-000000010764328	grp-a001-02-000000069047580	단백질	nad-a001-02-000000553654562	bsn-a001-00-000000013604308	20	01	98128	M	3	0	0	3	0
20260927	4291318	cmp-a001-02-000000010764328	grp-a001-02-000000069047580	프로틴바	nad-a001-02-000000553654559	bsn-a001-00-000000013604308	20	04	768323	M	1	0	0	5	0
20260927	4291318	cmp-a001-02-000000010764328	grp-a001-02-000000069047580	스토어	nad-a001-02-000000541754004	bsn-a001-00-000000013604308	20	10	98128	M	3	0	0	3	0
20260927	4291318	cmp-a001-02-000000010764328	grp-a001-02-000000069047580	스토어	nad-a001-02-000000541754004	bsn-a001-00-000000013604308	20	14	98128	M	2	0	0	2	0
20260927	4291318	cmp-a001-02-000000010764328	grp-a001-02-000000069047580	단백질쉐이크는언제먹는게재일좋은가요	nad-a001-02-000000553654562	bsn-a001-00-000000013604308	20	06	8753	M	1	0	0	5	0
20260927	4291318	cmp-a001-02-000000010764328	grp-a001-02-000000069047580	프로틴	nad-a001-02-000000553654562	bsn-a001-00-000000013604308	20	99	684926	M	2	0	0	12	0
20260927	4291318	cmp-a001-02-000000010764328	grp-a001-02-000000069047580	프로틴바	nad-a001-02-000000553654554	bsn-a001-00-000000013604308	20	02	27758	P	3	0	0	3	0
20260927	4291318	cmp-a001-02-000000010764328	grp-a001-02-000000069047580	황성주생식	nad-a001-02-000000541753997	bsn-a001-00-000000013604308	20	11	633013	M	1	0	0	1	0
20260927	4291318	cmp-a001-02-000000010764328	grp-a001-02-000000069047580	젤리	nad-a001-02-000000541753985	bsn-a001-00-000000013604308	20	18	33421	M	1	0	0	4	0
20260927	4291318	cmp-a001-02-000000010764328	grp-a001-02-000000069047580	다이어트쉐이크	nad-a001-02-000000553654562	bsn-a001-00-000000013604308	20	13	768323	M	2	0	0	4	0
20260927	4291318	cmp-a001-02-000000010764328	grp-a001-02-000000069047580	단백질보충제	nad-a001-02-000000553654562	bsn-a001-00-000000013604308	20	13	8753	M	1	0	0	6	0
20260927	4291318	cmp-a001-02-000000010764328	grp-a001-02-000000069047580	실온보관간식단백질	nad-a001-02-000000553654558	bsn-a001-00-000000013604308	20	15	8753	M	1	0	0	2	0
20260927	4291318	cmp-a001-02-000000010764328	grp-a001-02-000000069047580	단백질	nad-a001-02-000000553654562	bsn-a001-00-000000013604308	20	02	137281	M	1	0	0	1	0
20260927	4291318	cmp-a001-02-000000010764328	grp-a001-02-000000069047580	가루	nad-a001-02-000000541753996	bsn-a001-00-000000013604308	20	09	529514	M	4	0	0	12	0
20260927	4291318	cmp-a001-02-000000010764328	grp-a001-02-000000069047580	프로틴	nad-a001-02-000000553654562	bsn-a001-00-000000013604308	20	06	33421	M	2	0	0	12	0
20260927	4291318	cmp-a001-02-000000010764328	grp-a001-02-000000069047580	에너지바	nad-a001-02-000000553654554	bsn-a001-00-000000013604308	20	11	87620	M	1	0	0	1	0
20260927	4291318	cmp-a001-02-000000010764328	grp-a001-02-000000069047580	에너지바	nad-a001-02-000000553654559	bsn-a001-00-000000013604308	20	11	33421	M	1	0	0	6	0
20260927	4291318	cmp-a001-02-000000010764328	grp-a001-02-000000069047580	황성주생식	nad-a001-02-000000541753997	bsn-a001-00-000000013604308	20	01	8753	M	2	0	0	2	0
20260927	4291318	cmp-a001-02-000000010764328	grp-a001-02-000000069047580	스토어	nad-a001-02-000000541753997	bsn-a001-00-000000013604308	20	14	98128	M	1	0	0	2	0
20260927	4291318	cmp-a001-02-000000010764328	grp-a001-02-000000069047580	단백질파우더	nad-a001-02-000000553654562	bsn-a001-00-000000013604308	20	09	768323	M	2	0	0	4	0
20260927	4291318	cmp-a001-02-000000010764328	grp-a001-02-000000069047580	단백질보충제	nad-a001-02-000000553654562	bsn-a001-00-000000013604308	20	03	8753	M	2	0	0	19	0
20260927	4291318	cmp-a001-02-000000010764328	grp-a001-02-000000069047580	푸룬젤리	nad-a001-02-000000541753985	bsn-a001-00-000000013604308	20	15	8753	M	1	0	0	3	0
20260927	4291318	cmp-a001-02-000000010764328	grp-a001-02-000000069047580	에너지바	nad-a001-02-000000553654554	bsn-a001-00-000000013604308	20	02	8753	M	1	0	0	1	0
20260927	4291318	cmp-a001-02-000000010764328	grp-a001-02-000000069047580	젤리	nad-a001-02-000000541753985	bsn-a001-00-000000013604308	20	15	8753	M	2	0	0	5	0
20260927	4291318	cmp-a001-02-000000010764328	grp-a001-02-000000069047580	프로틴	nad-a001-02-000000553654562	bsn-a001-00-000000013604308	20	09	768323	M	25	0	0	54	0
20260927	4291318	cmp-a001-02-000000010764328	grp-a001-02-000000069047580	사랑님	nad-a001-02-000000553654558	bsn-a001-00-000000013604308	20	02	529514	M	3	0	0	4	0
20260927	4291318	cmp-a001-02-000000010764328	grp-a001-02-000000069047580	황성주생식	nad-a001-02-000000541753988	bsn-a001-00-000000013604308	20	02	33421	M	2	0	0	10	0
20260927	4291318	cmp-a001-02-000000010764328	grp-a001-02-000000069047580	프로틴	nad-a001-02-000000553654562	bsn-a001-00-000000013604308	20	13	8753	M	1	0	0	4	0
20260927	4291318	cmp-a001-02-000000010764328	grp-a001-02-000000069047580	가루	nad-a001-02-000000541753997	bsn-a001-00-000000013604308	20	03	137281	M	1	0	0	1	0
20260927	4291318	cmp-a001-02-000000010764328	grp-a001-02-000000069047580	단백질	nad-a001-02-000000553654562	bsn-a001-00-000000013604308	20	17	98128	M	1	0	0	1	0
20260927	4291318	cmp-a001-02-000000010764328	grp-a001-02-000000069047580	사랑할수록	nad-a001-02-000000553654558	bsn-a001-00-000000013604308	20	08	612594	M	1	0	0	3	0
20260927	4291318	cmp-a001-02-000000010764328	grp-a001-02-000000069047580	젤리	nad-a001-02-000000541753985	bsn-a001-00-000000013604308	20	13	684926	M	1	0	0	2	0
20260927	4291318	cmp-a001-02-000000010764328	grp-a001-02-000000069047580	프로틴	nad-a001-02-000000553654562	bsn-a001-00-000000013604308	20	02	684927	P	2	0	0	6	0
20260927	4291318	cmp-a001-02-000000010764328	grp-a001-02-000000069047580	스토어	nad-a001-02-000000541753997	bsn-a001-00-000000013604308	20	18	98128	M	1	0	0	2	0
20260927	4291318	cmp-a001-02-000000010764328	grp-a001-02-000000069047580	단백질보충제	nad-a001-02-000000553654562	bsn-a001-00-000000013604308	20	18	8753	M	3	0	0	23	0
20260927	4291318	cmp-a001-02-000000010764328	grp-a001-02-000000069047580	프로틴	nad-a001-02-000000553654562	bsn-a001-00-000000013604308	20	06	529514	M	12	0	0	12	0
20260927	4291318	cmp-a001-02-000000010764328	grp-a001-02-000000069047580	단백질바살	nad-a001-02-000000553654554	bsn-a001-00-000000013604308	20	18	8753	M	1	0	0	1	0
20260927	4291318	cmp-a001-02-000000010764328	grp-a001-02-000000069047580	단백질바	nad-a001-02-000000553654558	bsn-a001-00-000000013604308	20	01	798056	M	2	0	0	4	0
20260927	4291318	cmp-a001-02-000000010764328	grp-a001-02-000000069047580	쉐이크	nad-a001-02-000000553654562	bsn-a001-00-000000013604308	20	01	98128	M	5	0	0	5	0
20260927	4291318	cmp-a001-02-000000010764328	grp-a001-02-000000069047580	단백질쉐이크	nad-a001-02-000000553654562	bsn-a001-00-000000013604308	20	08	33421	M	1	0	0	7	0
20260927	4291318	cmp-a001-02-000000010764328	grp-a001-02-000000069047580	동결건조생식추천	nad-a001-02-000000541753997	bsn-a001-00-000000013604308	20	10	8753	M	1	0	0	1	0
20260927	4291318	cmp-a001-02-000000010764328	grp-a001-02-000000069047580	가루	nad-a001-02-000000541754004	bsn-a001-00-000000013604308	20	02	137281	M	6	0	0	12	0
20260927	4291318	cmp-a001-02-000000010764328	grp-a001-02-000000069047580	황성주생식	nad-a001-02-000000541753988	bsn-a001-00-000000013604308	20	09	633013	M	5	0	0	27	0
20260927	4291318	cmp-a001-02-000000010764328	grp-a001-02-000000069047580	하루단백질섭취량	nad-a001-02-000000553654562	bsn-a001-00-000000013604308	20	03	8753	M	1	0	0	3	0
20260927	4291318	cmp-a001-02-000000010764328	grp-a001-02-000000069047580	동결건조생식	nad-a001-02-000000541754005	bsn-a001-00-000000013604308	20	10	8753	M	1	0	0	5	0
20260927	4291318	cmp-a001-02-000000010764328	grp-a001-02-000000069047580	가루	nad-a001-02-000000541753988	bsn-a001-00-000000013604308	20	09	529514	M	4	0	0	46	0
20260927	4291318	cmp-a001-02-000000010764328	grp-a001-02-000000069047580	동결건조생식추천	nad-a001-02-000000541754005	bsn-a001-00-000000013604308	20	10	8753	M	1	0	0	5	0
20260927	4291318	cmp-a001-02-000000010764328	grp-a001-02-000000069047580	초로시작하는과자	nad-a001-02-000000553654554	bsn-a001-00-000000013604308	20	15	8753	M	1	0	0	2	0
20260927	4291318	cmp-a001-02-000000010764328	grp-a001-02-000000069047580	프로틴	nad-a001-02-000000553654562	bsn-a001-00-000000013604308	20	06	8753	M	2	0	0	8	0
20260927	4291318	cmp-a001-02-000000010764328	grp-a001-02-000000069047580	가루	nad-a001-02-000000541753997	bsn-a001-00-000000013604308	20	09	529514	M	4	0	0	4	0
20260927	4291318	cmp-a001-02-000000010764328	grp-a001-02-000000069047580	다이어트쉐이크	nad-a001-02-000000553654562	bsn-a001-00-000000013604308	20	06	768323	M	2	0	0	3	0
20260927	4291318	cmp-a001-02-000000010764328	grp-a001-02-000000069047580	사랑은	nad-a001-02-000000553654554	bsn-a001-00-000000013604308	20	09	98128	M	2	0	0	4	0
20260927	4291318	cmp-a001-02-000000010764328	grp-a001-02-000000069047580	에너지바	nad-a001-02-000000553654558	bsn-a001-00-000000013604308	20	18	87620	M	2	0	0	4	0
20260927	4291318	cmp-a001-02-000000010764328	grp-a001-02-000000069047580	단백질쉐이크	nad-a001-02-000000553654562	bsn-a001-00-000000013604308	20	04	98128	M	6	0	0	6	0
20260927	4291318	cmp-a001-02-000000010764328	grp-a001-02-000000069047580	에너지바	nad-a001-02-000000553654554	bsn-a001-00-000000013604308	20	02	33421	M	2	0	0	2	0
20260927	4291318	cmp-a001-02-000000010764328	grp-a001-02-000000069047580	단백질보충제	nad-a001-02-000000553654562	bsn-a001-00-000000013604308	20	01	33421	M	1	0	0	6	0
20260927	4291318	cmp-a001-02-000000010764328	grp-a001-02-000000069047580	에너지바	nad-a001-02-000000553654559	bsn-a001-00-000000013604308	20	09	33421	M	1	0	0	6	0
20260927	4291318	cmp-a001-02-000000010764328	grp-a001-02-000000069047580	단백질곡물	nad-a001-02-000000553654562	bsn-a001-00-000000013604308	20	11	8753	M	1	0	0	1	0
20260927	4291318	cmp-a001-02-000000010764328	grp-a001-02-000000069047580	젤리	nad-a001-02-000000541753985	bsn-a001-00-000000013604308	20	03	768323	M	2	0	0	2	0
20260927	4291318	cmp-a001-02-000000010764328	grp-a001-02-000000069047580	황성주생식	nad-a001-02-000000541754004	bsn-a001-00-000000013604308	20	01	684924	M	1	0	0	1	0
20260927	4291318	cmp-a001-02-000000010764328	grp-a001-02-000000069047580	에너지바구아바	nad-a001-02-000000553654558	bsn-a001-00-000000013604308	20	07	8753	M	2	0	0	8	0
20260927	4291318	cmp-a001-02-000000010764328	grp-a001-02-000000069047580	프로틴	nad-a001-02-000000553654562	bsn-a001-00-000000013604308	20	04	768323	M	6	0	0	13	0
20260927	4291318	cmp-a001-02-000000010764328	grp-a001-02-000000069047580	단백질쉐이크	nad-a001-02-000000553654562	bsn-a001-00-000000013604308	20	99	8753	M	2	0	0	8	0
20260927	4291318	cmp-a001-02-000000010764328	grp-a001-02-000000069047580	단백질바	nad-a001-02-000000553654558	bsn-a001-00-000000013604308	20	18	529514	M	2	0	0	3	0
20260927	4291318	cmp-a001-02-000000010764328	grp-a001-02-000000069047580	단백질보충제	nad-a001-02-000000553654562	bsn-a001-00-000000013604308	20	01	8753	M	1	0	0	4	0
20260927	4291318	cmp-a001-02-000000010764328	grp-a001-02-000000069047580	실온보관간식단백질	nad-a001-02-000000553654554	bsn-a001-00-000000013604308	20	15	8753	M	1	0	0	1	0
20260927	4291318	cmp-a001-02-000000010764328	grp-a001-02-000000069047580	에너지바	nad-a001-02-000000553654558	bsn-a001-00-000000013604308	20	18	98128	M	2	0	0	4	0
20260927	4291318	cmp-a001-02-000000010764328	grp-a001-02-000000069047580	프로틴바	nad-a001-02-000000553654558	bsn-a001-00-000000013604308	20	02	768323	M	3	0	0	6	0
20260927	4291318	cmp-a001-02-000000010764328	grp-a001-02-000000069047580	스토어	nad-a001-02-000000541753997	bsn-a001-00-000000013604308	20	03	98128	M	5	0	0	10	0
20260927	4291318	cmp-a001-02-000000010764328	grp-a001-02-000000069047580	생식가루	nad-a001-02-000000541754004	bsn-a001-00-000000013604308	20	03	8753	M	1	0	0	2	0
20260927	4291318	cmp-a001-02-000000010764328	grp-a001-02-000000069047580	쑥떡프로틴바	nad-a001-02-000000553654554	bsn-a001-00-000000013604308	20	09	8753	M	1	0	0	2	0
20260927	4291318	cmp-a001-02-000000010764328	grp-a001-02-000000069047580	다이어트쉐이크	nad-a001-02-000000553654562	bsn-a001-00-000000013604308	20	01	768323	M	1	0	0	2	0
20260927	4291318	cmp-a001-02-000000010764328	grp-a001-02-000000069047580	에너지바	nad-a001-02-000000553654558	bsn-a001-00-000000013604308	20	00	23123	P	1	0	0	2	0
20260927	4291318	cmp-a001-02-000000010764328	grp-a001-02-000000069047580	동결건조생식추천	nad-a001-02-000000541753996	bsn-a001-00-000000013604308	20	10	8753	M	1	0	0	4	0
20260927	4291318	cmp-a001-02-000000010764328	grp-a001-02-000000069047580	단백질쉐이크	nad-a001-02-000000553654562	bsn-a001-00-000000013604308	20	02	8753	M	10	1	3869	55	0
20260927	4291318	cmp-a001-02-000000010764328	grp-a001-02-000000069047580	단백질쉐이크	nad-a001-02-000000553654562	bsn-a001-00-000000013604308	20	08	8753	M	1	0	0	8	0
20260927	4291318	cmp-a001-02-000000010764328	grp-a001-02-000000069047580	단백질쉐이크	nad-a001-02-000000553654562	bsn-a001-00-000000013604308	20	10	529514	M	2	0	0	2	0
20260927	4291318	cmp-a001-02-000000010764328	grp-a001-02-000000069047580	에너지바	nad-a001-02-000000553654559	bsn-a001-00-000000013604308	20	02	684927	P	2	0	0	10	0
20260927	4291318	cmp-a001-02-000000010764328	grp-a001-02-000000069047580	단백질파우더	nad-a001-02-000000553654562	bsn-a001-00-000000013604308	20	13	8753	M	1	0	0	4	0
20260927	4291318	cmp-a001-02-000000010764328	grp-a001-02-000000069047580	젤리	nad-a001-02-000000541753985	bsn-a001-00-000000013604308	20	09	529514	M	11	0	0	12	0
20260927	4291318	cmp-a001-02-000000010764328	grp-a001-02-000000069047580	스토어	nad-a001-02-000000541753997	bsn-a001-00-000000013604308	20	02	11068	P	1	0	0	16	0
20260927	4291318	cmp-a001-02-000000010764328	grp-a001-02-000000069047580	황성주생식	nad-a001-02-000000541753997	bsn-a001-00-000000013604308	20	02	8753	M	2	0	0	2	0
20260927	4291318	cmp-a001-02-000000010764328	grp-a001-02-000000069047580	단백질보충제	nad-a001-02-000000553654562	bsn-a001-00-000000013604308	20	04	8753	M	4	0	0	20	0
20260927	4291318	cmp-a001-02-000000010764328	grp-a001-02-000000069047580	황성주생식	nad-a001-02-000000541754004	bsn-a001-00-000000013604308	20	11	633013	M	1	0	0	2	0
20260927	4291318	cmp-a001-02-000000010764328	grp-a001-02-000000069047580	젤리	nad-a001-02-000000541753985	bsn-a001-00-000000013604308	20	02	8753	M	7	0	0	16	0
20260927	4291318	cmp-a001-02-000000010764328	grp-a001-02-000000069047580	젤리	nad-a001-02-000000541753985	bsn-a001-00-000000013604308	20	09	684927	P	3	0	0	21	0
20260927	4291318	cmp-a001-02-000000010764328	grp-a001-02-000000069047580	에너지바	nad-a001-02-000000553654558	bsn-a001-00-000000013604308	20	11	8753	M	1	0	0	2	0
20260927	4291318	cmp-a001-02-000000010764328	grp-a001-02-000000069047580	단백질쉐이크	nad-a001-02-000000553654562	bsn-a001-00-000000013604308	20	11	8753	M	2	1	3355	6	0
20260927	4291318	cmp-a001-02-000000010764328	grp-a001-02-000000069047580	황성주생식	nad-a001-02-000000541753996	bsn-a001-00-000000013604308	20	02	33421	M	2	0	0	7	0
20260927	4291318	cmp-a001-02-000000010764328	grp-a001-02-000000069047580	케잌용프로틴파우더	nad-a001-02-000000553654562	bsn-a001-00-000000013604308	20	09	8753	M	1	0	0	5	0
20260927	4291318	cmp-a001-02-000000010764328	grp-a001-02-000000069047580	가루	nad-a001-02-000000541754004	bsn-a001-00-000000013604308	20	09	529514	M	4	0	0	8	0
20260927	4291318	cmp-a001-02-000000010764328	grp-a001-02-000000069047580	프로틴	nad-a001-02-000000553654562	bsn-a001-00-000000013604308	20	03	137281	M	2	0	0	2	0
20260927	4291318	cmp-a001-02-000000010764328	grp-a001-02-000000069047580	단백질보충제	nad-a001-02-000000553654562	bsn-a001-00-000000013604308	20	18	684926	M	2	0	0	8	0
20260927	4291318	cmp-a001-02-000000010764328	grp-a001-02-000000069047580	사랑	nad-a001-02-000000553654558	bsn-a001-00-000000013604308	20	09	98128	M	4	0	0	12	0
20260927	4291318	cmp-a001-02-000000010764328	grp-a001-02-000000069047580	사랑하라	nad-a001-02-000000553654554	bsn-a001-00-000000013604308	20	00	248824	P	8	0	0	20	0
20260927	4291318	cmp-a001-02-000000010764328	grp-a001-02-000000069047580	프로틴	nad-a001-02-000000553654562	bsn-a001-00-000000013604308	20	02	768323	M	25	0	0	62	0
20260927	4291318	cmp-a001-02-000000010764328	grp-a001-02-000000069047580	단백질	nad-a001-02-000000553654562	bsn-a001-00-000000013604308	20	08	684926	M	2	0	0	16	0
20260927	4291318	cmp-a001-02-000000010764328	grp-a001-02-000000069047580	황성주생식	nad-a001-02-000000541753996	bsn-a001-00-000000013604308	20	11	633013	M	1	0	0	3	0
20260927	4291318	cmp-a001-02-000000010764328	grp-a001-02-000000069047580	황성주생식	nad-a001-02-000000541754005	bsn-a001-00-000000013604308	20	02	8753	M	1	0	0	3	0
20260927	4291318	cmp-a001-02-000000010764328	grp-a001-02-000000069047580	에너지바구아바	nad-a001-02-000000553654554	bsn-a001-00-000000013604308	20	07	8753	M	2	0	0	2	0
20260927	4291318	cmp-a001-02-000000010764328	grp-a001-02-000000069047580	단백질	nad-a001-02-000000553654562	bsn-a001-00-000000013604308	20	17	768323	M	1	0	0	1	0
20260927	4291318	cmp-a001-02-000000010764328	grp-a001-02-000000069047580	단백질	nad-a001-02-000000553654562	bsn-a001-00-000000013604308	20	17	27758	P	1	0	0	4	0
20260927	4291318	cmp-a001-02-000000010764328	grp-a001-02-000000069047580	스토어	nad-a001-02-000000541754004	bsn-a001-00-000000013604308	20	08	98128	M	4	0	0	4	0
20260927	4291318	cmp-a001-02-000000010764328	grp-a001-02-000000069047580	프로틴추천	nad-a001-02-000000553654562	bsn-a001-00-000000013604308	20	18	8753	M	1	0	0	4	0
20260927	4291318	cmp-a001-02-000000010764328	grp-a001-02-000000069047580	생식가루	nad-a001-02-000000541753996	bsn-a001-00-000000013604308	20	02	8753	M	1	0	0	3	0
20260927	4291318	cmp-a001-02-000000010764328	grp-a001-02-000000069047580	사랑하라	nad-a001-02-000000553654554	bsn-a001-00-000000013604308	20	02	98128	M	4	0	0	7	0
20260927	4291318	cmp-a001-02-000000010764328	grp-a001-02-000000069047580	젤리	nad-a001-02-000000541753985	bsn-a001-00-000000013604308	20	16	768323	M	2	0	0	2	0
20260927	4291318	cmp-a001-02-000000010764328	grp-a001-02-000000069047580	프로틴단백질	nad-a001-02-000000553654562	bsn-a001-00-000000013604308	20	09	8753	M	1	0	0	4	0
20260927	4291318	cmp-a001-02-000000010764328	grp-a001-02-000000069047580	PROTEIN	nad-a001-02-000000553654562	bsn-a001-00-000000013604308	20	02	8753	M	1	0	0	6	0
20260927	4291318	cmp-a001-02-000000010764328	grp-a001-02-000000069047580	단백질바	nad-a001-02-000000553654558	bsn-a001-00-000000013604308	20	18	33421	M	2	0	0	4	0
20260927	4291318	cmp-a001-02-000000010764328	grp-a001-02-000000069047580	경수진단백질바	nad-a001-02-000000553654554	bsn-a001-00-000000013604308	20	15	8753	M	1	0	0	1	0
20260927	4291318	cmp-a001-02-000000010764328	grp-a001-02-000000069047580	에너지바	nad-a001-02-000000553654554	bsn-a001-00-000000013604308	20	13	8753	M	1	0	0	1	0
20260927	4291318	cmp-a001-02-000000010764328	grp-a001-02-000000069047580	식물성프로틴	nad-a001-02-000000553654562	bsn-a001-00-000000013604308	20	10	8753	M	1	0	0	3	0
20260927	4291318	cmp-a001-02-000000010764328	grp-a001-02-000000069047580	에너지바	nad-a001-02-000000553654558	bsn-a001-00-000000013604308	20	02	27758	P	1	0	0	2	0
20260927	4291318	cmp-a001-02-000000010764328	grp-a001-02-000000069047580	단백질쉐이크	nad-a001-02-000000553654562	bsn-a001-00-000000013604308	20	14	529514	M	2	0	0	2	0
20260927	4291318	cmp-a001-02-000000010764328	grp-a001-02-000000069047580	네이버스토어	nad-a001-02-000000541753997	bsn-a001-00-000000013604308	20	00	805759	P	1	0	0	3	0
20260927	4291318	cmp-a001-02-000000010764328	grp-a001-02-000000069047580	황성주생식	nad-a001-02-000000541754005	bsn-a001-00-000000013604308	20	01	529514	M	3	0	0	9	0
20260927	4291318	cmp-a001-02-000000010764328	grp-a001-02-000000069047580	단백질바	nad-a001-02-000000553654554	bsn-a001-00-000000013604308	20	18	33421	M	2	0	0	2	0
20260927	4291318	cmp-a001-02-000000010764328	grp-a001-02-000000069047580	사랑님	nad-a001-02-000000553654554	bsn-a001-00-000000013604308	20	09	529514	M	1	0	0	2	0
20260927	4291318	cmp-a001-02-000000010764328	grp-a001-02-000000069047580	단백질바	nad-a001-02-000000553654554	bsn-a001-00-000000013604308	20	00	27758	P	2	0	0	2	0
20260927	4291318	cmp-a001-02-000000010764328	grp-a001-02-000000069047580	에너지바구아바	nad-a001-02-000000553654558	bsn-a001-00-000000013604308	20	07	33421	M	1	0	0	4	0
20260927	4291318	cmp-a001-02-000000010764328	grp-a001-02-000000069047580	동결건조생식	nad-a001-02-000000541753996	bsn-a001-00-000000013604308	20	10	8753	M	1	0	0	4	0
20260927	4291318	cmp-a001-02-000000010764328	grp-a001-02-000000069047580	단백질	nad-a001-02-000000553654562	bsn-a001-00-000000013604308	20	13	529514	M	2	0	0	2	0
20260927	4291318	cmp-a001-02-000000010764328	grp-a001-02-000000069047580	단백질파우더	nad-a001-02-000000553654562	bsn-a001-00-000000013604308	20	01	8753	M	1	0	0	4	0
20260927	4291318	cmp-a001-02-000000010764328	grp-a001-02-000000069047580	단백질쉐이크	nad-a001-02-000000553654562	bsn-a001-00-000000013604308	20	09	529514	M	60	0	0	64	0
20260927	4291318	cmp-a001-02-000000010764328	grp-a001-02-000000069047580	다이어트쉐이크	nad-a001-02-000000553654562	bsn-a001-00-000000013604308	20	01	529514	M	2	0	0	2	0
20260927	4291318	cmp-a001-02-000000010764328	grp-a001-02-000000069047580	단백질보충제	nad-a001-02-000000553654562	bsn-a001-00-000000013604308	20	08	8753	M	1	0	0	4	0
20260927	4291318	cmp-a001-02-000000010764328	grp-a001-02-000000069047580	황성주생식	nad-a001-02-000000541753997	bsn-a001-00-000000013604308	20	02	33421	M	2	1	5090	2	0
20260927	4291318	cmp-a001-02-000000010764328	grp-a001-02-000000069047580	젤리	nad-a001-02-000000541753985	bsn-a001-00-000000013604308	20	09	23123	P	1	0	0	1	0
20260927	4291318	cmp-a001-02-000000010764328	grp-a001-02-000000069047580	황성주프로틴	nad-a001-02-000000553654562	bsn-a001-00-000000013604308	20	03	684924	M	1	0	0	1	0
20260927	4291318	cmp-a001-02-000000010764328	grp-a001-02-000000069047580	쉐이크	nad-a001-02-000000553654562	bsn-a001-00-000000013604308	20	99	529514	M	10	0	0	10	0
20260927	4291318	cmp-a001-02-000000010764328	grp-a001-02-000000069047580	식사대용쉐이크	nad-a001-02-000000553654562	bsn-a001-00-000000013604308	20	09	11068	P	1	0	0	3	0
20260927	4291318	cmp-a001-02-000000010764328	grp-a001-02-000000069047580	단백질간식	nad-a001-02-000000553654554	bsn-a001-00-000000013604308	20	13	27758	P	1	0	0	1	0
20260927	4291318	cmp-a001-02-000000010764328	grp-a001-02-000000069047580	에너지바	nad-a001-02-000000553654558	bsn-a001-00-000000013604308	20	11	33421	M	1	0	0	2	0
20260927	4291318	cmp-a001-02-000000010764328	grp-a001-02-000000069047580	쑥떡프로틴바	nad-a001-02-000000553654558	bsn-a001-00-000000013604308	20	09	8753	M	1	0	0	7	0
20260927	4291318	cmp-a001-02-000000010764328	grp-a001-02-000000069047580	쉐이크	nad-a001-02-000000553654562	bsn-a001-00-000000013604308	20	18	98128	M	3	0	0	3	0
20260927	4291318	cmp-a001-02-000000010764328	grp-a001-02-000000069047580	프로틴	nad-a001-02-000000553654562	bsn-a001-00-000000013604308	20	02	684926	M	1	0	0	7	0
20260927	4291318	cmp-a001-02-000000010764328	grp-a001-02-000000069047580	에너지바	nad-a001-02-000000553654559	bsn-a001-00-000000013604308	20	99	291244	M	2	0	0	8	0
20260927	4291318	cmp-a001-02-000000010764328	grp-a001-02-000000069047580	쉐이크	nad-a001-02-000000553654562	bsn-a001-00-000000013604308	20	02	98128	M	4	0	0	4	0
20260927	4291318	cmp-a001-02-000000010764328	grp-a001-02-000000069047580	균형영양식	nad-a001-02-000000541753965	bsn-a001-00-000000013604308	20	16	529514	M	2	0	0	5	0
20260927	4291318	cmp-a001-02-000000010764328	grp-a001-02-000000069047580	동결건조생식	nad-a001-02-000000541754004	bsn-a001-00-000000013604308	20	10	8753	M	1	0	0	2	0
20260927	4291318	cmp-a001-02-000000010764328	grp-a001-02-000000069047580	도토리가루보관하는방법	nad-a001-02-000000541753996	bsn-a001-00-000000013604308	20	02	8753	M	1	0	0	3	0
20260927	4291318	cmp-a001-02-000000010764328	grp-a001-02-000000069047580	단백질바	nad-a001-02-000000553654554	bsn-a001-00-000000013604308	20	08	529514	M	3	0	0	5	0
20260927	4291318	cmp-a001-02-000000010764328	grp-a001-02-000000069047580	황성주생식	nad-a001-02-000000541754005	bsn-a001-00-000000013604308	20	09	633013	M	5	0	0	18	0
20260927	4291318	cmp-a001-02-000000010764328	grp-a001-02-000000069047580	젤리	nad-a001-02-000000541753985	bsn-a001-00-000000013604308	20	17	529514	M	2	0	0	2	0
20260927	4291318	cmp-a001-02-000000010764328	grp-a001-02-000000069047580	황성주생식	nad-a001-02-000000541754004	bsn-a001-00-000000013604308	20	08	33421	M	1	0	0	2	0
20260927	4291318	cmp-a001-02-000000010764328	grp-a001-02-000000069047580	단백질보충제	nad-a001-02-000000553654562	bsn-a001-00-000000013604308	20	09	529514	M	35	0	0	35	0
20260927	4291318	cmp-a001-02-000000010764328	grp-a001-02-000000069047580	대두단백질	nad-a001-02-000000553654562	bsn-a001-00-000000013604308	20	18	8753	M	1	0	0	2	0
20260927	4291318	cmp-a001-02-000000010764328	grp-a001-02-000000069047580	젤리	nad-a001-02-000000541753985	bsn-a001-00-000000013604308	20	03	33421	M	1	0	0	3	0
20260927	4291318	cmp-a001-02-000000010764328	grp-a001-02-000000069047580	황성주생식라이프밀	nad-a001-02-000000541754004	bsn-a001-00-000000013604308	20	08	33421	M	1	0	0	2	0
20260927	4291318	cmp-a001-02-000000010764328	grp-a001-02-000000069047580	황성주생식	nad-a001-02-000000541754005	bsn-a001-00-000000013604308	20	11	633013	M	1	0	0	4	0
20260927	4291318	cmp-a001-02-000000010764328	grp-a001-02-000000069047580	단백질파우더	nad-a001-02-000000553654562	bsn-a001-00-000000013604308	20	09	8753	M	1	0	0	4	0
20260927	4291318	cmp-a001-02-000000010764328	grp-a001-02-000000069047580	프로틴	nad-a001-02-000000553654562	bsn-a001-00-000000013604308	20	07	529514	M	7	0	0	7	0
20260927	4291318	cmp-a001-02-000000010764328	grp-a001-02-000000069047580	단백질바	nad-a001-02-000000553654558	bsn-a001-00-000000013604308	20	16	8753	M	1	0	0	8	0
20260927	4291318	cmp-a001-02-000000010764328	grp-a001-02-000000069047580	프로틴	nad-a001-02-000000553654562	bsn-a001-00-000000013604308	20	09	529514	M	62	0	0	62	0
20260927	4291318	cmp-a001-02-000000010764328	grp-a001-02-000000069047580	단백질보충제	nad-a001-02-000000553654562	bsn-a001-00-000000013604308	20	11	529514	M	10	0	0	10	0
20260927	4291318	cmp-a001-02-000000010764328	grp-a001-02-000000069047580	단백질바	nad-a001-02-000000553654558	bsn-a001-00-000000013604308	20	08	33421	M	1	0	0	2	0
20260927	4291318	cmp-a001-02-000000010764328	grp-a001-02-000000069047580	쉐이크	nad-a001-02-000000553654562	bsn-a001-00-000000013604308	20	99	98128	M	9	0	0	9	0
20260927	4291318	cmp-a001-02-000000010764328	grp-a001-02-000000069047580	프로틴바	nad-a001-02-000000553654558	bsn-a001-00-000000013604308	20	09	27758	P	5	0	0	15	0
20260927	4291318	cmp-a001-02-000000010764328	grp-a001-02-000000069047580	단백질쉐이크다이어트	nad-a001-02-000000553654562	bsn-a001-00-000000013604308	20	02	8753	M	1	0	0	5	0
20260927	4291318	cmp-a001-02-000000010764328	grp-a001-02-000000069047580	단백질보충제	nad-a001-02-000000553654562	bsn-a001-00-000000013604308	20	02	8753	M	6	0	0	26	0
20260927	4291318	cmp-a001-02-000000010764328	grp-a001-02-000000069047580	황성주생식	nad-a001-02-000000541753997	bsn-a001-00-000000013604308	20	08	33421	M	4	0	0	7	0
20260927	4291318	cmp-a001-02-000000010764328	grp-a001-02-000000069047580	에너지바	nad-a001-02-000000553654558	bsn-a001-00-000000013604308	20	09	33421	M	1	0	0	2	0
20260927	4291318	cmp-a001-02-000000010764328	grp-a001-02-000000069047580	사랑이	nad-a001-02-000000553654554	bsn-a001-00-000000013604308	20	99	529514	M	4	0	0	6	0
20260927	4291318	cmp-a001-02-000000010764328	grp-a001-02-000000069047580	스토어	nad-a001-02-000000541754004	bsn-a001-00-000000013604308	20	06	98128	M	7	0	0	7	0
20260927	4291318	cmp-a001-02-000000010764328	grp-a001-02-000000069047580	식사대용단백질쉐이크	nad-a001-02-000000553654562	bsn-a001-00-000000013604308	20	09	612593	P	1	0	0	1	0
20260927	4291318	cmp-a001-02-000000010764328	grp-a001-02-000000069047580	단백질바	nad-a001-02-000000553654558	bsn-a001-00-000000013604308	20	09	33421	M	1	0	0	2	0
20260927	4291318	cmp-a001-02-000000010764328	grp-a001-02-000000069047580	가루	nad-a001-02-000000541753997	bsn-a001-00-000000013604308	20	02	137281	M	6	0	0	6	0
20260927	4291318	cmp-a001-02-000000010764328	grp-a001-02-000000069047580	파우더쉐이크	nad-a001-02-000000553654562	bsn-a001-00-000000013604308	20	09	8753	M	1	0	0	4	0
20260927	4291318	cmp-a001-02-000000010764328	grp-a001-02-000000069047580	프로틴파우더	nad-a001-02-000000553654562	bsn-a001-00-000000013604308	20	01	529514	M	1	0	0	1	0
20260927	4291318	cmp-a001-02-000000010764328	grp-a001-02-000000069047580	스토어	nad-a001-02-000000541753996	bsn-a001-00-000000013604308	20	10	98128	M	2	0	0	6	0
20260927	4291318	cmp-a001-02-000000010764328	grp-a001-02-000000069047580	단백질바	nad-a001-02-000000553654554	bsn-a001-00-000000013604308	20	16	8753	M	1	0	0	1	0
20260927	4291318	cmp-a001-02-000000010764328	grp-a001-02-000000069047580	쉐이크	nad-a001-02-000000553654562	bsn-a001-00-000000013604308	20	08	98128	M	2	0	0	2	0
20260927	4291318	cmp-a001-02-000000010764328	grp-a001-02-000000069047580	단백질바	nad-a001-02-000000553654554	bsn-a001-00-000000013604308	20	01	8753	M	2	0	0	2	0
20260927	4291318	cmp-a001-02-000000010764328	grp-a001-02-000000069047580	사랑하라	nad-a001-02-000000553654558	bsn-a001-00-000000013604308	20	02	98128	M	4	0	0	12	0
20260927	4291318	cmp-a001-02-000000010764328	grp-a001-02-000000069047580	스토어	nad-a001-02-000000541753996	bsn-a001-00-000000013604308	20	18	98128	M	1	0	0	3	0
20260927	4291318	cmp-a001-02-000000010764328	grp-a001-02-000000069047580	프로틴	nad-a001-02-000000553654562	bsn-a001-00-000000013604308	20	10	768323	M	1	0	0	2	0
20260927	4291318	cmp-a001-02-000000010764328	grp-a001-02-000000069047580	엄마사랑해	nad-a001-02-000000553654559	bsn-a001-00-000000013604308	20	18	612594	M	1	0	0	5	0
20260927	4291318	cmp-a001-02-000000010764328	grp-a001-02-000000069047580	프로틴바	nad-a001-02-000000553654554	bsn-a001-00-000000013604308	20	02	768323	M	3	0	0	3	0
20260927	4291318	cmp-a001-02-000000010764328	grp-a001-02-000000069047580	다이어트쉐이크	nad-a001-02-000000553654562	bsn-a001-00-000000013604308	20	02	529514	M	7	0	0	7	0
20260927	4291318	cmp-a001-02-000000010764328	grp-a001-02-000000069047580	단백질간식	nad-a001-02-000000553654554	bsn-a001-00-000000013604308	20	04	8753	M	2	0	0	2	0
20260927	4291318	cmp-a001-02-000000010764328	grp-a001-02-000000069047580	황성주생식	nad-a001-02-000000541753988	bsn-a001-00-000000013604308	20	01	529514	M	3	0	0	15	0
20260927	4291318	cmp-a001-02-000000010764328	grp-a001-02-000000069047580	단백질바	nad-a001-02-000000553654559	bsn-a001-00-000000013604308	20	04	529514	M	2	0	0	6	0
20260927	4291318	cmp-a001-02-000000010764328	grp-a001-02-000000069047580	젤리	nad-a001-02-000000541753985	bsn-a001-00-000000013604308	20	09	8753	M	7	0	0	15	0
20260927	4291318	cmp-a001-02-000000010764328	grp-a001-02-000000069047580	단백질바	nad-a001-02-000000553654558	bsn-a001-00-000000013604308	20	09	529514	M	2	0	0	3	0
20260927	4291318	cmp-a001-02-000000010764328	grp-a001-02-000000069047580	프로틴	nad-a001-02-000000553654562	bsn-a001-00-000000013604308	20	01	98128	M	2	0	0	2	0
20260927	4291318	cmp-a001-02-000000010764328	grp-a001-02-000000069047580	프로틴추천	nad-a001-02-000000553654562	bsn-a001-00-000000013604308	20	02	8753	M	1	0	0	3	0
20260927	4291318	cmp-a001-02-000000010764328	grp-a001-02-000000069047580	단백질쉐이크	nad-a001-02-000000553654562	bsn-a001-00-000000013604308	20	08	612594	M	1	0	0	1	0
20260927	4291318	cmp-a001-02-000000010764328	grp-a001-02-000000069047580	스토어	nad-a001-02-000000541754004	bsn-a001-00-000000013604308	20	02	98128	M	34	0	0	34	0
20260927	4291318	cmp-a001-02-000000010764328	grp-a001-02-000000069047580	황성주생식라이프밀	nad-a001-02-000000541753988	bsn-a001-00-000000013604308	20	08	33421	M	1	0	0	5	0
20260927	4291318	cmp-a001-02-000000010764328	grp-a001-02-000000069047580	사랑할수록	nad-a001-02-000000553654554	bsn-a001-00-000000013604308	20	08	612594	M	1	0	0	2	0
20260927	4291318	cmp-a001-02-000000010764328	grp-a001-02-000000069047580	PROTEIN	nad-a001-02-000000553654562	bsn-a001-00-000000013604308	20	02	529514	M	4	0	0	4	0
20260927	4291318	cmp-a001-02-000000010764328	grp-a001-02-000000069047580	보충제	nad-a001-02-000000553654562	bsn-a001-00-000000013604308	20	09	529514	M	7	0	0	7	0
20260927	4291318	cmp-a001-02-000000010764328	grp-a001-02-000000069047580	스토어	nad-a001-02-000000541753997	bsn-a001-00-000000013604308	20	02	98128	M	20	0	0	40	0
20260927	4291318	cmp-a001-02-000000010764328	grp-a001-02-000000069047580	젤리	nad-a001-02-000000541753985	bsn-a001-00-000000013604308	20	07	529514	M	2	0	0	2	0
20260927	4291318	cmp-a001-02-000000010764328	grp-a001-02-000000069047580	단백질쉐이크	nad-a001-02-000000553654562	bsn-a001-00-000000013604308	20	15	33421	M	1	0	0	3	0
20260927	4291318	cmp-a001-02-000000010764328	grp-a001-02-000000069047580	프로틴단백질	nad-a001-02-000000553654562	bsn-a001-00-000000013604308	20	02	529514	M	2	0	0	2	0
20260927	4291318	cmp-a001-02-000000010764328	grp-a001-02-000000069047580	단백질보충제추천	nad-a001-02-000000553654562	bsn-a001-00-000000013604308	20	09	33421	M	1	0	0	7	0
20260927	4291318	cmp-a001-02-000000010764328	grp-a001-02-000000069047580	사랑	nad-a001-02-000000553654558	bsn-a001-00-000000013604308	20	99	98128	M	6	0	0	18	0
20260927	4291318	cmp-a001-02-000000010764328	grp-a001-02-000000069047580	쉐이크	nad-a001-02-000000553654562	bsn-a001-00-000000013604308	20	03	8753	M	1	0	0	2	0
20260927	4291318	cmp-a001-02-000000010764328	grp-a001-02-000000069047580	프로틴쉐이크	nad-a001-02-000000553654562	bsn-a001-00-000000013604308	20	02	529514	M	8	0	0	8	0
20260927	4291318	cmp-a001-02-000000010764328	grp-a001-02-000000069047580	스토어	nad-a001-02-000000541754004	bsn-a001-00-000000013604308	20	03	98128	M	9	0	0	9	0
20260927	4291318	cmp-a001-02-000000010764328	grp-a001-02-000000069047580	황성주생식	nad-a001-02-000000541753996	bsn-a001-00-000000013604308	20	08	33421	M	1	0	0	3	0
20260927	4291318	cmp-a001-02-000000010764328	grp-a001-02-000000069047580	식물성단백질파우더	nad-a001-02-000000553654562	bsn-a001-00-000000013604308	20	15	8753	M	1	0	0	3	0
20260927	4291318	cmp-a001-02-000000010764328	grp-a001-02-000000069047580	단백질쉐이크	nad-a001-02-000000553654562	bsn-a001-00-000000013604308	20	15	8753	M	3	0	0	13	0
20260927	4291318	cmp-a001-02-000000010764328	grp-a001-02-000000069047580	프로틴파우더	nad-a001-02-000000553654562	bsn-a001-00-000000013604308	20	09	529514	M	5	0	0	5	0
20260927	4291318	cmp-a001-02-000000010764328	grp-a001-02-000000069047580	보충제	nad-a001-02-000000553654562	bsn-a001-00-000000013604308	20	04	529514	M	6	0	0	6	0
20260927	4291318	cmp-a001-02-000000010764328	grp-a001-02-000000069047580	단백질파우더	nad-a001-02-000000553654562	bsn-a001-00-000000013604308	20	03	8753	M	1	0	0	4	0
20260927	4291318	cmp-a001-02-000000010764328	grp-a001-02-000000069047580	쉐이크다이어트	nad-a001-02-000000553654562	bsn-a001-00-000000013604308	20	02	8753	M	1	0	0	6	0
20260927	4291318	cmp-a001-02-000000010764328	grp-a001-02-000000069047580	쉐이크	nad-a001-02-000000553654562	bsn-a001-00-000000013604308	20	03	98128	M	2	0	0	2	0
20260927	4291318	cmp-a001-02-000000010764328	grp-a001-02-000000069047580	에너지바	nad-a001-02-000000553654558	bsn-a001-00-000000013604308	20	02	33421	M	2	0	0	4	0
20260927	4291318	cmp-a001-02-000000010764328	grp-a001-02-000000069047580	프로틴	nad-a001-02-000000553654562	bsn-a001-00-000000013604308	20	11	8753	M	1	0	0	5	0
20260927	4291318	cmp-a001-02-000000010764328	grp-a001-02-000000069047580	황성주프로틴	nad-a001-02-000000553654562	bsn-a001-00-000000013604308	20	03	8753	M	1	0	0	1	0
20260927	4291318	cmp-a001-02-000000010764328	grp-a001-02-000000069047580	단백질간식종류	nad-a001-02-000000553654558	bsn-a001-00-000000013604308	20	09	8753	M	1	0	0	2	0
20260927	4291318	cmp-a001-02-000000010764328	grp-a001-02-000000069047580	단백질보충제	nad-a001-02-000000553654562	bsn-a001-00-000000013604308	20	02	23123	P	1	0	0	2	0
20260927	4291318	cmp-a001-02-000000010764328	grp-a001-02-000000069047580	단백질쉐이크	nad-a001-02-000000553654562	bsn-a001-00-000000013604308	20	01	98128	M	4	0	0	4	0
20260927	4291318	cmp-a001-02-000000010764328	grp-a001-02-000000069047580	단백질바	nad-a001-02-000000553654559	bsn-a001-00-000000013604308	20	07	529514	M	4	0	0	12	0
20260927	4291318	cmp-a001-02-000000010764328	grp-a001-02-000000069047580	에너지바	nad-a001-02-000000553654554	bsn-a001-00-000000013604308	20	11	33421	M	1	0	0	1	0
20260927	4291318	cmp-a001-02-000000010764328	grp-a001-02-000000069047580	단백질	nad-a001-02-000000553654562	bsn-a001-00-000000013604308	20	01	684926	M	2	0	0	12	0
20260927	4291318	cmp-a001-02-000000010764328	grp-a001-02-000000069047580	프로틴	nad-a001-02-000000553654562	bsn-a001-00-000000013604308	20	03	768323	M	19	0	0	43	0
20260927	4291318	cmp-a001-02-000000010764328	grp-a001-02-000000069047580	프로틴	nad-a001-02-000000553654562	bsn-a001-00-000000013604308	20	15	768323	M	2	0	0	5	0
20260927	4291318	cmp-a001-02-000000010764328	grp-a001-02-000000069047580	곡물맛단백질파우더포대	nad-a001-02-000000553654562	bsn-a001-00-000000013604308	20	02	27758	P	1	0	0	3	0
20260927	4291318	cmp-a001-02-000000010764328	grp-a001-02-000000069047580	다이어트쉐이크	nad-a001-02-000000553654562	bsn-a001-00-000000013604308	20	09	768323	M	6	0	0	12	0
20260927	4291318	cmp-a001-02-000000010764328	grp-a001-02-000000069047580	단백질간식	nad-a001-02-000000553654558	bsn-a001-00-000000013604308	20	13	684925	P	1	0	0	1	0
20260927	4291318	cmp-a001-02-000000010764328	grp-a001-02-000000069047580	단백질간식	nad-a001-02-000000553654558	bsn-a001-00-000000013604308	20	02	8753	M	1	0	0	3	0
20260927	4291318	cmp-a001-02-000000010764328	grp-a001-02-000000069047580	엄마사랑해	nad-a001-02-000000553654554	bsn-a001-00-000000013604308	20	18	612594	M	1	0	0	2	0
20260927	4291318	cmp-a001-02-000000010764328	grp-a001-02-000000069047580	단백질쉐이크	nad-a001-02-000000553654562	bsn-a001-00-000000013604308	20	02	529514	M	57	0	0	79	0
20260927	4291318	cmp-a001-02-000000010764328	grp-a001-02-000000069047580	스토어	nad-a001-02-000000541753997	bsn-a001-00-000000013604308	20	10	98128	M	2	0	0	4	0
20260927	4291318	cmp-a001-02-000000010764328	grp-a001-02-000000069047580	프로틴	nad-a001-02-000000553654562	bsn-a001-00-000000013604308	20	09	684927	P	2	0	0	2	0
20260927	4291318	cmp-a001-02-000000010764328	grp-a001-02-000000069047580	프로틴	nad-a001-02-000000553654562	bsn-a001-00-000000013604308	20	13	529514	M	3	0	0	3	0
20260927	4291318	cmp-a001-02-000000010764328	grp-a001-02-000000069047580	단백질쉐이크	nad-a001-02-000000553654562	bsn-a001-00-000000013604308	20	03	11068	P	1	0	0	6	0
20260927	4291318	cmp-a001-02-000000010764328	grp-a001-02-000000069047580	황성주생식	nad-a001-02-000000541754004	bsn-a001-00-000000013604308	20	09	633013	M	5	0	0	10	0
20260927	4291318	cmp-a001-02-000000010764328	grp-a001-02-000000069047580	단백질파우더	nad-a001-02-000000553654562	bsn-a001-00-000000013604308	20	01	529514	M	1	0	0	1	0
20260927	4291318	cmp-a001-02-000000010764328	grp-a001-02-000000069047580	스토어	nad-a001-02-000000541753996	bsn-a001-00-000000013604308	20	09	98128	M	18	0	0	54	0
20260927	4291318	cmp-a001-02-000000010764328	grp-a001-02-000000069047580	사랑	nad-a001-02-000000553654554	bsn-a001-00-000000013604308	20	09	612594	M	1	0	0	2	0
20260927	4291318	cmp-a001-02-000000010764328	grp-a001-02-000000069047580	사랑이	nad-a001-02-000000553654558	bsn-a001-00-000000013604308	20	09	529514	M	2	0	0	3	0
20260927	4291318	cmp-a001-02-000000010764328	grp-a001-02-000000069047580	황성주생식	nad-a001-02-000000541753997	bsn-a001-00-000000013604308	20	99	633013	M	1	0	0	1	0
20260927	4291318	cmp-a001-02-000000010764328	grp-a001-02-000000069047580	인기젤리	nad-a001-02-000000541753985	bsn-a001-00-000000013604308	20	02	8753	M	1	0	0	18	0
20260927	4291318	cmp-a001-02-000000010764328	grp-a001-02-000000069047580	단백질보충제	nad-a001-02-000000553654562	bsn-a001-00-000000013604308	20	02	791889	P	2	0	0	2	0
20260927	4291318	cmp-a001-02-000000010764328	grp-a001-02-000000069047580	사랑한다면	nad-a001-02-000000553654558	bsn-a001-00-000000013604308	20	09	612593	P	1	0	0	8	0
20260927	4291318	cmp-a001-02-000000010764328	grp-a001-02-000000069047580	단백질바	nad-a001-02-000000553654554	bsn-a001-00-000000013604308	20	09	529514	M	2	0	0	3	0
20260927	4291318	cmp-a001-02-000000010764328	grp-a001-02-000000069047580	단백질간식	nad-a001-02-000000553654558	bsn-a001-00-000000013604308	20	04	684924	M	1	0	0	1	0
20260927	4291318	cmp-a001-02-000000010764328	grp-a001-02-000000069047580	스토어	nad-a001-02-000000541753997	bsn-a001-00-000000013604308	20	04	98128	M	1	0	0	2	0
20260927	4291318	cmp-a001-02-000000010764328	grp-a001-02-000000069047580	단백질보충제	nad-a001-02-000000553654562	bsn-a001-00-000000013604308	20	14	33421	M	1	0	0	6	0
20260927	4291318	cmp-a001-02-000000010764328	grp-a001-02-000000069047580	단백질간식	nad-a001-02-000000553654554	bsn-a001-00-000000013604308	20	02	8753	M	1	0	0	1	0
20260927	4291318	cmp-a001-02-000000010764328	grp-a001-02-000000069047580	프로틴쉐이크	nad-a001-02-000000553654562	bsn-a001-00-000000013604308	20	08	529514	M	1	0	0	1	0
20260927	4291318	cmp-a001-02-000000010764328	grp-a001-02-000000069047580	에너지바	nad-a001-02-000000553654558	bsn-a001-00-000000013604308	20	03	33421	M	1	0	0	2	0
20260927	4291318	cmp-a001-02-000000010764328	grp-a001-02-000000069047580	에너지바	nad-a001-02-000000553654554	bsn-a001-00-000000013604308	20	09	8753	M	1	0	0	1	0
20260927	4291318	cmp-a001-02-000000010764328	grp-a001-02-000000069047580	단백질	nad-a001-02-000000553654562	bsn-a001-00-000000013604308	20	04	8753	M	2	0	0	9	0
20260927	4291318	cmp-a001-02-000000010764328	grp-a001-02-000000069047580	프로틴	nad-a001-02-000000553654562	bsn-a001-00-000000013604308	20	11	291244	M	10	0	0	10	0
20260927	4291318	cmp-a001-02-000000010764328	grp-a001-02-000000069047580	쉐이크	nad-a001-02-000000553654562	bsn-a001-00-000000013604308	20	09	8753	M	1	0	0	1	0
20260927	4291318	cmp-a001-02-000000010764328	grp-a001-02-000000069047580	단백질쉐이크	nad-a001-02-000000553654562	bsn-a001-00-000000013604308	20	04	529514	M	15	0	0	30	0
20260927	4291318	cmp-a001-02-000000010764328	grp-a001-02-000000069047580	프로틴	nad-a001-02-000000553654562	bsn-a001-00-000000013604308	20	03	684926	M	4	0	0	30	0
20260927	4291318	cmp-a001-02-000000010764328	grp-a001-02-000000069047580	단백질쉐이크	nad-a001-02-000000553654562	bsn-a001-00-000000013604308	20	18	8753	M	2	0	0	14	0
20260927	4291318	cmp-a001-02-000000010764328	grp-a001-02-000000069047580	하루단백질섭취량	nad-a001-02-000000553654562	bsn-a001-00-000000013604308	20	08	8753	M	1	0	0	5	0
20260927	4291318	cmp-a001-02-000000010764328	grp-a001-02-000000069047580	프로틴	nad-a001-02-000000553654562	bsn-a001-00-000000013604308	20	99	291244	M	1	0	0	1	0
20260927	4291318	cmp-a001-02-000000010764328	grp-a001-02-000000069047580	단백질쉐이크	nad-a001-02-000000553654562	bsn-a001-00-000000013604308	20	09	8753	M	7	0	0	31	0
20260927	4291318	cmp-a001-02-000000010764328	grp-a001-02-000000069047580	단백질바	nad-a001-02-000000553654558	bsn-a001-00-000000013604308	20	02	529514	M	3	0	0	4	0
20260927	4291318	cmp-a001-02-000000010764328	grp-a001-02-000000069047580	프로틴	nad-a001-02-000000553654562	bsn-a001-00-000000013604308	20	15	8753	M	1	0	0	6	0
20260927	4291318	cmp-a001-02-000000010764328	grp-a001-02-000000069047580	식물성단백질	nad-a001-02-000000553654562	bsn-a001-00-000000013604308	20	09	8753	M	1	0	0	4	0
20260927	4291318	cmp-a001-02-000000010764328	grp-a001-02-000000069047580	단백질바	nad-a001-02-000000553654554	bsn-a001-00-000000013604308	20	99	8753	M	1	0	0	2	0
20260927	4291318	cmp-a001-02-000000010764328	grp-a001-02-000000069047580	다이어트쉐이크	nad-a001-02-000000553654562	bsn-a001-00-000000013604308	20	09	684926	M	2	0	0	10	0
20260927	4291318	cmp-a001-02-000000010764328	grp-a001-02-000000069047580	단백질	nad-a001-02-000000553654562	bsn-a001-00-000000013604308	20	02	8753	M	1	0	0	1	0
20260927	4291318	cmp-a001-02-000000010764328	grp-a001-02-000000069047580	에너지바	nad-a001-02-000000553654554	bsn-a001-00-000000013604308	20	09	33421	M	1	0	0	1	0
20260927	4291318	cmp-a001-02-000000010764328	grp-a001-02-000000069047580	프로틴	nad-a001-02-000000553654562	bsn-a001-00-000000013604308	20	99	768323	M	18	0	0	40	0
20260927	4291318	cmp-a001-02-000000010764328	grp-a001-02-000000069047580	에너지바	nad-a001-02-000000553654558	bsn-a001-00-000000013604308	20	99	612594	M	1	0	0	2	0
20260927	4291318	cmp-a001-02-000000010764328	grp-a001-02-000000069047580	단백질보충제	nad-a001-02-000000553654562	bsn-a001-00-000000013604308	20	14	8753	M	2	0	0	7	0
20260927	4291318	cmp-a001-02-000000010764328	grp-a001-02-000000069047580	에너지바	nad-a001-02-000000553654559	bsn-a001-00-000000013604308	20	09	791889	P	1	0	0	3	0
20260927	4291318	cmp-a001-02-000000010764328	grp-a001-02-000000069047580	스토어	nad-a001-02-000000541754004	bsn-a001-00-000000013604308	20	99	98128	M	6	0	0	6	0
20260927	4291318	cmp-a001-02-000000010764328	grp-a001-02-000000069047580	프로틴	nad-a001-02-000000553654562	bsn-a001-00-000000013604308	20	13	768323	M	3	0	0	6	0
20260927	4291318	cmp-a001-02-000000010764328	grp-a001-02-000000069047580	단백질바	nad-a001-02-000000553654558	bsn-a001-00-000000013604308	20	04	529514	M	2	0	0	3	0
20260927	4291318	cmp-a001-02-000000010764328	grp-a001-02-000000069047580	단백질쉐이크	nad-a001-02-000000553654562	bsn-a001-00-000000013604308	20	18	529514	M	3	0	0	4	0
20260927	4291318	cmp-a001-02-000000010764328	grp-a001-02-000000069047580	프로틴보충제	nad-a001-02-000000553654562	bsn-a001-00-000000013604308	20	09	529514	M	1	0	0	2	0
20260927	4291318	cmp-a001-02-000000010764328	grp-a001-02-000000069047580	단백질바	nad-a001-02-000000553654559	bsn-a001-00-000000013604308	20	09	529514	M	2	0	0	6	0
20260927	4291318	cmp-a001-02-000000010764328	grp-a001-02-000000069047580	황성주생식	nad-a001-02-000000541753997	bsn-a001-00-000000013604308	20	09	633013	M	5	0	0	5	0
20260927	4291318	cmp-a001-02-000000010764328	grp-a001-02-000000069047580	쉐이크	nad-a001-02-000000553654562	bsn-a001-00-000000013604308	20	01	8753	M	1	0	0	5	0
20260927	4291318	cmp-a001-02-000000010764328	grp-a001-02-000000069047580	단백질바추천	nad-a001-02-000000553654554	bsn-a001-00-000000013604308	20	02	8753	M	1	0	0	2	0
20260927	4291318	cmp-a001-02-000000010764328	grp-a001-02-000000069047580	단백질프로틴	nad-a001-02-000000553654562	bsn-a001-00-000000013604308	20	02	529514	M	2	0	0	2	0
20260927	4291318	cmp-a001-02-000000010764328	grp-a001-02-000000069047580	황성주생식	nad-a001-02-000000541753988	bsn-a001-00-000000013604308	20	08	33421	M	1	0	0	5	0
20260927	4291318	cmp-a001-02-000000010764328	grp-a001-02-000000069047580	사랑	nad-a001-02-000000553654558	bsn-a001-00-000000013604308	20	08	98128	M	4	0	0	12	0
20260927	4291318	cmp-a001-02-000000010764328	grp-a001-02-000000069047580	단백질보충제	nad-a001-02-000000553654562	bsn-a001-00-000000013604308	20	09	87620	M	1	0	0	1	0
20260927	4291318	cmp-a001-02-000000010764328	grp-a001-02-000000069047580	황성주생식	nad-a001-02-000000541754005	bsn-a001-00-000000013604308	20	01	8753	M	2	0	0	10	0
20260927	4291318	cmp-a001-02-000000010764328	grp-a001-02-000000069047580	에너지바	nad-a001-02-000000553654554	bsn-a001-00-000000013604308	20	99	612594	M	1	0	0	1	0
20260927	4291318	cmp-a001-02-000000010764328	grp-a001-02-000000069047580	젤리	nad-a001-02-000000541753985	bsn-a001-00-000000013604308	20	02	768323	M	8	0	0	8	0
20260927	4291318	cmp-a001-02-000000010764328	grp-a001-02-000000069047580	젤리	nad-a001-02-000000541753985	bsn-a001-00-000000013604308	20	06	8753	M	1	0	0	3	0
20260927	4291318	cmp-a001-02-000000010764328	grp-a001-02-000000069047580	쉐이크	nad-a001-02-000000553654562	bsn-a001-00-000000013604308	20	17	98128	M	1	0	0	1	0
20260927	4291318	cmp-a001-02-000000010764328	grp-a001-02-000000069047580	에너지바	nad-a001-02-000000553654554	bsn-a001-00-000000013604308	20	16	8753	M	1	0	0	1	0
20260927	4291318	cmp-a001-02-000000010764328	grp-a001-02-000000069047580	스토어	nad-a001-02-000000541753997	bsn-a001-00-000000013604308	20	09	98128	M	18	0	0	36	0
20260927	4291318	cmp-a001-02-000000010764328	grp-a001-02-000000069047580	단백질간식	nad-a001-02-000000553654559	bsn-a001-00-000000013604308	20	04	8753	M	1	0	0	6	0
20260927	4291318	cmp-a001-02-000000010764328	grp-a001-02-000000069047580	단백질보충제	nad-a001-02-000000553654562	bsn-a001-00-000000013604308	20	09	8753	M	2	0	0	9	0
20260927	4291318	cmp-a001-02-000000010764328	grp-a001-02-000000069047580	다이어트쉐이크	nad-a001-02-000000553654562	bsn-a001-00-000000013604308	20	15	8753	M	1	0	0	3	0
20260927	4291318	cmp-a001-02-000000010764328	grp-a001-02-000000069047580	프로틴	nad-a001-02-000000553654562	bsn-a001-00-000000013604308	20	02	8753	M	11	0	0	49	0
20260927	4291318	cmp-a001-02-000000010764328	grp-a001-02-000000069047580	사랑	nad-a001-02-000000553654554	bsn-a001-00-000000013604308	20	02	248824	P	1	0	0	3	0
20260927	4291318	cmp-a001-02-000000010764328	grp-a001-02-000000069047580	에너지바	nad-a001-02-000000553654554	bsn-a001-00-000000013604308	20	03	33421	M	1	0	0	1	0
20260927	4291318	cmp-a001-02-000000010764328	grp-a001-02-000000069047580	젤리	nad-a001-02-000000541753985	bsn-a001-00-000000013604308	20	08	87620	M	1	0	0	2	0
20260927	4291318	cmp-a001-02-000000010764328	grp-a001-02-000000069047580	황성주영양식	nad-a001-02-000000541753965	bsn-a001-00-000000013604308	20	02	684926	M	1	0	0	3	0
20260927	4291318	cmp-a001-02-000000010764328	grp-a001-02-000000069047580	프로틴쉐이크	nad-a001-02-000000553654562	bsn-a001-00-000000013604308	20	04	11068	P	1	0	0	8	0
20260927	4291318	cmp-a001-02-000000010764328	grp-a001-02-000000069047580	스토어	nad-a001-02-000000541753997	bsn-a001-00-000000013604308	20	08	98128	M	2	0	0	4	0
20260927	4291318	cmp-a001-02-000000010764328	grp-a001-02-000000069047580	에너지바	nad-a001-02-000000553654558	bsn-a001-00-000000013604308	20	13	8753	M	1	0	0	2	0
20260927	4291318	cmp-a001-02-000000010764328	grp-a001-02-000000069047580	단백질쉐이크냉장보관	nad-a001-02-000000553654562	bsn-a001-00-000000013604308	20	02	8753	M	1	0	0	5	0
20260927	4291318	cmp-a001-02-000000010764328	grp-a001-02-000000069047580	단백질쉐이크	nad-a001-02-000000553654562	bsn-a001-00-000000013604308	20	09	791889	P	1	0	0	1	0
20260927	4291318	cmp-a001-02-000000010764328	grp-a001-02-000000069047580	스토어	nad-a001-02-000000541753996	bsn-a001-00-000000013604308	20	08	98128	M	2	0	0	6	0
20260927	4291318	cmp-a001-02-000000010764328	grp-a001-02-000000069047580	단백질	nad-a001-02-000000553654562	bsn-a001-00-000000013604308	20	01	529514	M	9	0	0	9	0
20260927	4291318	cmp-a001-02-000000010764328	grp-a001-02-000000069047580	에너지바	nad-a001-02-000000553654558	bsn-a001-00-000000013604308	20	99	291244	M	4	0	0	8	0
20260927	4291318	cmp-a001-02-000000010764328	grp-a001-02-000000069047580	사랑	nad-a001-02-000000553654558	bsn-a001-00-000000013604308	20	02	248824	P	1	0	0	6	0
20260927	4291318	cmp-a001-02-000000010764328	grp-a001-02-000000069047580	사랑	nad-a001-02-000000553654554	bsn-a001-00-000000013604308	20	02	98128	M	4	0	0	8	0
20260927	4291318	cmp-a001-02-000000010764328	grp-a001-02-000000069047580	젤리	nad-a001-02-000000541753985	bsn-a001-00-000000013604308	20	13	768323	M	1	0	0	1	0
20260927	4291318	cmp-a001-02-000000010764328	grp-a001-02-000000069047580	단백질보충제	nad-a001-02-000000553654562	bsn-a001-00-000000013604308	20	04	529514	M	5	0	0	5	0
20260927	4291318	cmp-a001-02-000000010764328	grp-a001-02-000000069047580	다이어트쉐이크	nad-a001-02-000000553654562	bsn-a001-00-000000013604308	20	02	768323	M	2	0	0	4	0
20260927	4291318	cmp-a001-02-000000010764328	grp-a001-02-000000069047580	프로틴파우더	nad-a001-02-000000553654562	bsn-a001-00-000000013604308	20	02	8753	M	1	0	0	6	0
20260927	4291318	cmp-a001-02-000000010764328	grp-a001-02-000000069047580	프로틴	nad-a001-02-000000553654562	bsn-a001-00-000000013604308	20	02	33421	M	1	0	0	5	0
20260927	4291318	cmp-a001-02-000000010764328	grp-a001-02-000000069047580	단백질바	nad-a001-02-000000553654554	bsn-a001-00-000000013604308	20	01	798056	M	2	0	0	2	0
20260927	4291318	cmp-a001-02-000000010764328	grp-a001-02-000000069047580	식사대용단백질	nad-a001-02-000000553654562	bsn-a001-00-000000013604308	20	04	8753	M	1	0	0	4	0
20260927	4291318	cmp-a001-02-000000010764328	grp-a001-02-000000069047580	균형영양식	nad-a001-02-000000541753965	bsn-a001-00-000000013604308	20	09	529514	M	5	0	0	10	0
20260927	4291318	cmp-a001-02-000000010764328	grp-a001-02-000000069047580	사랑이	nad-a001-02-000000553654554	bsn-a001-00-000000013604308	20	14	529514	M	8	0	0	13	0
20260927	4291318	cmp-a001-02-000000010764328	grp-a001-02-000000069047580	임당간식과자	nad-a001-02-000000553654554	bsn-a001-00-000000013604308	20	18	8753	M	1	0	0	1	0
20260927	4291318	cmp-a001-02-000000010764328	grp-a001-02-000000069047580	스토어	nad-a001-02-000000541753996	bsn-a001-00-000000013604308	20	02	98128	M	20	0	0	60	0
20260927	4291318	cmp-a001-02-000000010764328	grp-a001-02-000000069047580	단백질바	nad-a001-02-000000553654558	bsn-a001-00-000000013604308	20	07	529514	M	4	0	0	6	0
20260927	4291318	cmp-a001-02-000000010764328	grp-a001-02-000000069047580	식사대용단백질쉐이크	nad-a001-02-000000553654562	bsn-a001-00-000000013604308	20	04	8753	M	1	0	0	4	0
20260927	4291318	cmp-a001-02-000000010764328	grp-a001-02-000000069047580	쉐이크	nad-a001-02-000000553654562	bsn-a001-00-000000013604308	20	99	8753	M	2	0	0	4	0
20260927	4291318	cmp-a001-02-000000010764328	grp-a001-02-000000069047580	생식가루	nad-a001-02-000000541754005	bsn-a001-00-000000013604308	20	02	8753	M	1	0	0	4	0
20260927	4291318	cmp-a001-02-000000010764328	grp-a001-02-000000069047580	스토어	nad-a001-02-000000541753996	bsn-a001-00-000000013604308	20	14	98128	M	1	0	0	3	0
20260927	4291318	cmp-a001-02-000000010764328	grp-a001-02-000000069047580	균형영양식	nad-a001-02-000000541753965	bsn-a001-00-000000013604308	20	03	529514	M	1	0	0	2	0
20260927	4291318	cmp-a001-02-000000010764328	grp-a001-02-000000069047580	프로틴바	nad-a001-02-000000553654554	bsn-a001-00-000000013604308	20	09	27758	P	5	0	0	5	0
20260927	4291318	cmp-a001-02-000000010764328	grp-a001-02-000000069047580	젤리	nad-a001-02-000000541753985	bsn-a001-00-000000013604308	20	18	8753	M	3	0	0	10	0
20260927	4291318	cmp-a001-02-000000010764328	grp-a001-02-000000069047580	단백질바	nad-a001-02-000000553654558	bsn-a001-00-000000013604308	20	02	11068	P	1	0	0	10	0
20260927	4291318	cmp-a001-02-000000010764328	grp-a001-02-000000069047580	단백질간식	nad-a001-02-000000553654558	bsn-a001-00-000000013604308	20	04	8753	M	2	0	0	6	0
20260927	4291318	cmp-a001-02-000000010764328	grp-a001-02-000000069047580	식물성단백질	nad-a001-02-000000553654562	bsn-a001-00-000000013604308	20	15	529514	M	2	0	0	4	0
20260927	4291318	cmp-a001-02-000000010764328	grp-a001-02-000000069047580	엄마사랑해	nad-a001-02-000000553654558	bsn-a001-00-000000013604308	20	18	612594	M	1	0	0	3	0
20260927	4291318	cmp-a001-02-000000010764328	grp-a001-02-000000069047580	프로틴	nad-a001-02-000000553654562	bsn-a001-00-000000013604308	20	06	768323	M	2	0	0	4	0
20260927	4291318	cmp-a001-02-000000010764328	grp-a001-02-000000069047580	황성주생식라이프밀	nad-a001-02-000000541754005	bsn-a001-00-000000013604308	20	08	33421	M	1	0	0	4	0
20260927	4291318	cmp-a001-02-000000010764328	grp-a001-02-000000069047580	식물성단백질	nad-a001-02-000000553654562	bsn-a001-00-000000013604308	20	03	8753	M	2	0	0	8	0
20260927	4291318	cmp-a001-02-000000010764328	grp-a001-02-000000069047580	식사대용	nad-a001-02-000000553654562	bsn-a001-00-000000013604308	20	00	33421	M	2	0	0	12	0
20260927	4291318	cmp-a001-02-000000010764328	grp-a001-02-000000069047580	단백질바	nad-a001-02-000000553654559	bsn-a001-00-000000013604308	20	18	529514	M	2	0	0	6	0
20260927	4291318	cmp-a001-02-000000010764328	grp-a001-02-000000069047580	단백질바	nad-a001-02-000000553654554	bsn-a001-00-000000013604308	20	18	529514	M	2	0	0	3	0
20260927	4291318	cmp-a001-02-000000010764328	grp-a001-02-000000069047580	쉐이크	nad-a001-02-000000553654562	bsn-a001-00-000000013604308	20	04	684927	P	2	0	0	4	0
20260927	4291318	cmp-a001-02-000000010764328	grp-a001-02-000000069047580	젤리	nad-a001-02-000000541753985	bsn-a001-00-000000013604308	20	09	98128	M	3	0	0	3	0
20260927	4291318	cmp-a001-02-000000010764328	grp-a001-02-000000069047580	프로틴	nad-a001-02-000000553654562	bsn-a001-00-000000013604308	20	10	529514	M	9	0	0	9	0
20260927	4291318	cmp-a001-02-000000010764328	grp-a001-02-000000069047580	프로틴단백질	nad-a001-02-000000553654562	bsn-a001-00-000000013604308	20	02	8753	M	1	0	0	4	0
20260927	4291318	cmp-a001-02-000000010764328	grp-a001-02-000000069047580	프로틴바	nad-a001-02-000000553654559	bsn-a001-00-000000013604308	20	99	768323	M	2	0	0	7	0
20260927	4291318	cmp-a001-02-000000010764328	grp-a001-02-000000069047580	네이버스토어	nad-a001-02-000000541754004	bsn-a001-00-000000013604308	20	00	805759	P	1	0	0	6	0
20260927	4291318	cmp-a001-02-000000010764328	grp-a001-02-000000069047580	쉐이크	nad-a001-02-000000553654562	bsn-a001-00-000000013604308	20	16	529514	M	4	0	0	4	0
20260927	4291318	cmp-a001-02-000000010764328	grp-a001-02-000000069047580	다이어트쉐이크	nad-a001-02-000000553654562	bsn-a001-00-000000013604308	20	06	8753	M	1	1	3866	4	0
20260927	4291318	cmp-a001-02-000000010764328	grp-a001-02-000000069047580	가루박사	nad-a001-02-000000541753997	bsn-a001-00-000000013604308	20	09	8753	M	1	0	0	1	0
20260927	4291318	cmp-a001-02-000000010764328	grp-a001-02-000000069047580	에너지바	nad-a001-02-000000553654558	bsn-a001-00-000000013604308	20	16	8753	M	1	0	0	3	0
20260927	4291318	cmp-a001-02-000000010764328	grp-a001-02-000000069047580	프로틴	nad-a001-02-000000553654562	bsn-a001-00-000000013604308	20	02	27758	P	1	0	0	2	0
20260927	4291318	cmp-a001-02-000000010764328	grp-a001-02-000000069047580	젤리	nad-a001-02-000000541753985	bsn-a001-00-000000013604308	20	04	27758	P	1	0	0	4	0
20260927	4291318	cmp-a001-02-000000010764328	grp-a001-02-000000069047580	생식가루	nad-a001-02-000000541754004	bsn-a001-00-000000013604308	20	02	8753	M	1	0	0	2	0
20260927	4291318	cmp-a001-02-000000010764328	grp-a001-02-000000069047580	황성주생식	nad-a001-02-000000541754005	bsn-a001-00-000000013604308	20	02	633013	M	1	0	0	4	0
20260927	4291318	cmp-a001-02-000000010764328	grp-a001-02-000000069047580	단백질쉐이크	nad-a001-02-000000553654562	bsn-a001-00-000000013604308	20	99	98128	M	8	0	0	8	0
20260927	4291318	cmp-a001-02-000000010764328	grp-a001-02-000000069047580	황성주생식	nad-a001-02-000000541754005	bsn-a001-00-000000013604308	20	07	633013	M	2	0	0	7	0
20260927	4291318	cmp-a001-02-000000010764328	grp-a001-02-000000069047580	스토어	nad-a001-02-000000541753996	bsn-a001-00-000000013604308	20	03	98128	M	5	0	0	15	0
20260927	4291318	cmp-a001-02-000000010764328	grp-a001-02-000000069047580	식사대용	nad-a001-02-000000553654562	bsn-a001-00-000000013604308	20	00	8753	M	1	0	0	5	0
20260927	4291318	cmp-a001-02-000000010764328	grp-a001-02-000000069047580	스토어	nad-a001-02-000000541754004	bsn-a001-00-000000013604308	20	13	98128	M	2	0	0	2	0
20260927	4291318	cmp-a001-02-000000010764328	grp-a001-02-000000069047580	프로틴	nad-a001-02-000000553654562	bsn-a001-00-000000013604308	20	07	768323	M	1	0	0	3	0
20260927	4291318	cmp-a001-02-000000010764328	grp-a001-02-000000069047580	젤리	nad-a001-02-000000541753985	bsn-a001-00-000000013604308	20	01	33421	M	1	0	0	1	0
20260927	4291318	cmp-a001-02-000000010764328	grp-a001-02-000000069047580	가루	nad-a001-02-000000541754004	bsn-a001-00-000000013604308	20	03	137281	M	1	0	0	2	0
20260927	4291318	cmp-a001-02-000000010764328	grp-a001-02-000000069047580	황성주생식	nad-a001-02-000000541753997	bsn-a001-00-000000013604308	20	09	8753	M	1	1	6289	1	0
20260927	4291318	cmp-a001-02-000000010764328	grp-a001-02-000000069047580	사랑	nad-a001-02-000000553654558	bsn-a001-00-000000013604308	20	09	612594	M	1	0	0	3	0
20260927	4291318	cmp-a001-02-000000010764328	grp-a001-02-000000069047580	사랑님	nad-a001-02-000000553654558	bsn-a001-00-000000013604308	20	09	529514	M	1	0	0	1	0
20260927	4291318	cmp-a001-02-000000010764328	grp-a001-02-000000069047580	에너지바	nad-a001-02-000000553654554	bsn-a001-00-000000013604308	20	11	8753	M	1	0	0	1	0
20260927	4291318	cmp-a001-02-000000010764328	grp-a001-02-000000069047580	에너지바	nad-a001-02-000000553654559	bsn-a001-00-000000013604308	20	03	33421	M	1	0	0	6	0
20260927	4291318	cmp-a001-02-000000010764328	grp-a001-02-000000069047580	에너지바	nad-a001-02-000000553654559	bsn-a001-00-000000013604308	20	09	684926	M	2	0	0	20	0
20260927	4291318	cmp-a001-02-000000010764328	grp-a001-02-000000069047580	쉐이크	nad-a001-02-000000553654562	bsn-a001-00-000000013604308	20	04	98128	M	2	0	0	2	0
20260927	4291318	cmp-a001-02-000000010764328	grp-a001-02-000000069047580	프로틴바	nad-a001-02-000000553654554	bsn-a001-00-000000013604308	20	01	8753	M	1	0	0	1	0
20260927	4291318	cmp-a001-02-000000010764328	grp-a001-02-000000069047580	젤리	nad-a001-02-000000541753985	bsn-a001-00-000000013604308	20	03	8753	M	2	0	0	5	0
20260927	4291318	cmp-a001-02-000000010764328	grp-a001-02-000000069047580	단백질	nad-a001-02-000000553654562	bsn-a001-00-000000013604308	20	09	98128	M	1	0	0	1	0
20260927	4291318	cmp-a001-02-000000010764328	grp-a001-02-000000069047580	프로틴	nad-a001-02-000000553654562	bsn-a001-00-000000013604308	20	09	684926	M	5	0	0	33	0
20260927	4291318	cmp-a001-02-000000010764328	grp-a001-02-000000069047580	스토어	nad-a001-02-000000541753996	bsn-a001-00-000000013604308	20	04	98128	M	1	0	0	3	0
20260927	4291318	cmp-a001-02-000000010764328	grp-a001-02-000000069047580	단백질쉐이크	nad-a001-02-000000553654562	bsn-a001-00-000000013604308	20	06	529514	M	13	0	0	13	0
20260927	4291318	cmp-a001-02-000000010764328	grp-a001-02-000000069047580	균형영양식	nad-a001-02-000000541753965	bsn-a001-00-000000013604308	20	01	529514	M	3	0	0	6	0
20260927	4291318	cmp-a001-02-000000010764328	grp-a001-02-000000069047580	단백질바	nad-a001-02-000000553654559	bsn-a001-00-000000013604308	20	08	33421	M	1	0	0	14	0
20260927	4291318	cmp-a001-02-000000010764328	grp-a001-02-000000069047580	다이어트쉐이크스틱형	nad-a001-02-000000553654562	bsn-a001-00-000000013604308	20	09	8753	M	1	0	0	2	0
20260927	4291318	cmp-a001-02-000000010764328	grp-a001-02-000000069047580	다이어트쉐이크	nad-a001-02-000000553654562	bsn-a001-00-000000013604308	20	09	529514	M	2	0	0	2	0
20260927	4291318	cmp-a001-02-000000010764328	grp-a001-02-000000069047580	프로틴바	nad-a001-02-000000553654554	bsn-a001-00-000000013604308	20	99	768323	M	2	0	0	2	0
20260927	4291318	cmp-a001-02-000000010764328	grp-a001-02-000000069047580	단백질	nad-a001-02-000000553654562	bsn-a001-00-000000013604308	20	11	8753	M	1	0	0	4	0
20260927	4291318	cmp-a001-02-000000010764328	grp-a001-02-000000069047580	다이어트쉐이크	nad-a001-02-000000553654562	bsn-a001-00-000000013604308	20	11	768323	M	1	0	0	2	0
20260927	4291318	cmp-a001-02-000000010764328	grp-a001-02-000000069047580	황성주생식	nad-a001-02-000000541754005	bsn-a001-00-000000013604308	20	02	33421	M	2	0	0	7	0
20260927	4291318	cmp-a001-02-000000010764328	grp-a001-02-000000069047580	스토어	nad-a001-02-000000541753997	bsn-a001-00-000000013604308	20	03	8753	M	1	0	0	1	0
20260927	4291318	cmp-a001-02-000000010764328	grp-a001-02-000000069047580	프로틴	nad-a001-02-000000553654562	bsn-a001-00-000000013604308	20	00	8753	M	1	0	0	5	0
20260927	4291318	cmp-a001-02-000000010764328	grp-a001-02-000000069047580	에너지바	nad-a001-02-000000553654558	bsn-a001-00-000000013604308	20	02	8753	M	1	0	0	4	0
20260927	4291318	cmp-a001-02-000000010764328	grp-a001-02-000000069047580	단백질파우더	nad-a001-02-000000553654562	bsn-a001-00-000000013604308	20	15	8753	M	1	0	0	4	0
20260927	4291318	cmp-a001-02-000000010764328	grp-a001-02-000000069047580	단백질	nad-a001-02-000000553654562	bsn-a001-00-000000013604308	20	02	529514	M	3	0	0	3	0
20260927	4291318	cmp-a001-02-000000010764328	grp-a001-02-000000069047580	단백질많은간식	nad-a001-02-000000553654554	bsn-a001-00-000000013604308	20	03	8753	M	1	1	1501	1	0
20260927	4291318	cmp-a001-02-000000010764328	grp-a001-02-000000069047580	황성주생식	nad-a001-02-000000541754004	bsn-a001-00-000000013604308	20	02	633013	M	1	0	0	2	0
20260927	4291318	cmp-a001-02-000000010764328	grp-a001-02-000000069047580	쉐이크	nad-a001-02-000000553654562	bsn-a001-00-000000013604308	20	08	33421	M	1	0	0	5	0
20260927	4291318	cmp-a001-02-000000010764328	grp-a001-02-000000069047580	황성주생식	nad-a001-02-000000541753996	bsn-a001-00-000000013604308	20	99	633013	M	1	0	0	4	0
20260927	4291318	cmp-a001-02-000000010764328	grp-a001-02-000000069047580	단백질쉐이크	nad-a001-02-000000553654562	bsn-a001-00-000000013604308	20	99	529514	M	26	0	0	33	0
20260927	4291318	cmp-a001-02-000000010764328	grp-a001-02-000000069047580	쉐이크단백질	nad-a001-02-000000553654562	bsn-a001-00-000000013604308	20	17	98128	M	2	0	0	2	0
20260927	4291318	cmp-a001-02-000000010764328	grp-a001-02-000000069047580	황성주생식라이프밀	nad-a001-02-000000541754004	bsn-a001-00-000000013604308	20	08	341898	M	1	0	0	1	0
20260927	4291318	cmp-a001-02-000000010764328	grp-a001-02-000000069047580	사랑	nad-a001-02-000000553654558	bsn-a001-00-000000013604308	20	02	98128	M	4	0	0	12	0
20260927	4291318	cmp-a001-02-000000010764328	grp-a001-02-000000069047580	도토리가루보관하는방법	nad-a001-02-000000541754005	bsn-a001-00-000000013604308	20	02	8753	M	1	0	0	4	0
20260927	4291318	cmp-a001-02-000000010764328	grp-a001-02-000000069047580	단백질바	nad-a001-02-000000553654559	bsn-a001-00-000000013604308	20	09	33421	M	1	0	0	14	0
20260927	4291318	cmp-a001-02-000000010764328	grp-a001-02-000000069047580	프로틴바	nad-a001-02-000000553654554	bsn-a001-00-000000013604308	20	04	768323	M	1	0	0	1	0
20260927	4291318	cmp-a001-02-000000010764328	grp-a001-02-000000069047580	도토리가루보관하는방법	nad-a001-02-000000541753997	bsn-a001-00-000000013604308	20	02	8753	M	1	0	0	1	0
20260927	4291318	cmp-a001-02-000000010764328	grp-a001-02-000000069047580	균형영양식	nad-a001-02-000000541753965	bsn-a001-00-000000013604308	20	06	529514	M	3	0	0	7	0
20260927	4291318	cmp-a001-02-000000010764328	grp-a001-02-000000069047580	단백질	nad-a001-02-000000553654562	bsn-a001-00-000000013604308	20	99	98128	M	5	0	0	5	0
20260927	4291318	cmp-a001-02-000000010764328	grp-a001-02-000000069047580	단백질보충제	nad-a001-02-000000553654562	bsn-a001-00-000000013604308	20	03	23123	P	2	0	0	2	0
20260927	4291318	cmp-a001-02-000000010764328	grp-a001-02-000000069047580	스낵데이	nad-a001-02-000000553654558	bsn-a001-00-000000013604308	20	01	8753	M	1	0	0	3	0
20260927	4291318	cmp-a001-02-000000010764328	grp-a001-02-000000069047580	스토어	nad-a001-02-000000541754004	bsn-a001-00-000000013604308	20	11	98128	M	15	0	0	15	0
20260927	4291318	cmp-a001-02-000000010764328	grp-a001-02-000000069047580	단백질	nad-a001-02-000000553654562	bsn-a001-00-000000013604308	20	09	529514	M	6	0	0	6	0
20260927	4291318	cmp-a001-02-000000010764328	grp-a001-02-000000069047580	프로틴	nad-a001-02-000000553654562	bsn-a001-00-000000013604308	20	99	98128	M	2	0	0	2	0
20260927	4291318	cmp-a001-02-000000010764328	grp-a001-02-000000069047580	단백질바	nad-a001-02-000000553654559	bsn-a001-00-000000013604308	20	08	529514	M	3	0	0	9	0
20260927	4291318	cmp-a001-02-000000010764328	grp-a001-02-000000069047580	프로틴쉐이크	nad-a001-02-000000553654562	bsn-a001-00-000000013604308	20	18	529514	M	22	0	0	22	0
20260927	4291318	cmp-a001-02-000000010764328	grp-a001-02-000000069047580	단백질	nad-a001-02-000000553654562	bsn-a001-00-000000013604308	20	99	137281	M	3	0	0	3	0
20260927	4291318	cmp-a001-02-000000010764328	grp-a001-02-000000069047580	스토어	nad-a001-02-000000541753996	bsn-a001-00-000000013604308	20	06	98128	M	4	0	0	12	0
20260927	4291318	cmp-a001-02-000000010764328	grp-a001-02-000000069047580	에너지바	nad-a001-02-000000553654558	bsn-a001-00-000000013604308	20	11	87620	M	1	0	0	2	0
20260927	4291318	cmp-a001-02-000000010764328	grp-a001-02-000000069047580	프로틴	nad-a001-02-000000553654562	bsn-a001-00-000000013604308	20	03	8753	M	1	0	0	2	0
20260927	4291318	cmp-a001-02-000000010764328	grp-a001-02-000000069047580	단백질보충제	nad-a001-02-000000553654562	bsn-a001-00-000000013604308	20	09	791889	P	1	0	0	1	0
20260927	4291318	cmp-a001-02-000000010764328	grp-a001-02-000000069047580	황성주생식	nad-a001-02-000000541754005	bsn-a001-00-000000013604308	20	02	341898	M	1	0	0	1	0
20260927	4291318	cmp-a001-02-000000010764328	grp-a001-02-000000069047580	식물성단백질	nad-a001-02-000000553654562	bsn-a001-00-000000013604308	20	02	8753	M	1	0	0	5	0
20260927	4291318	cmp-a001-02-000000010764328	grp-a001-02-000000069047580	단백질바	nad-a001-02-000000553654554	bsn-a001-00-000000013604308	20	02	11068	P	1	0	0	2	0
20260927	4291318	cmp-a001-02-000000010764328	grp-a001-02-000000069047580	단백질바	nad-a001-02-000000553654554	bsn-a001-00-000000013604308	20	02	27758	P	2	0	0	2	0
20260927	4291318	cmp-a001-02-000000010764328	grp-a001-02-000000069047580	단백질바	nad-a001-02-000000553654554	bsn-a001-00-000000013604308	20	07	529514	M	4	0	0	6	0
20260927	4291318	cmp-a001-02-000000010764328	grp-a001-02-000000069047580	네이버스토어	nad-a001-02-000000541753997	bsn-a001-00-000000013604308	20	11	335738	P	1	0	0	5	0
20260927	4291318	cmp-a001-02-000000010764328	grp-a001-02-000000069047580	에너지바	nad-a001-02-000000553654554	bsn-a001-00-000000013604308	20	18	98128	M	2	0	0	2	0
20260927	4291318	cmp-a001-02-000000010764328	grp-a001-02-000000069047580	사랑이	nad-a001-02-000000553654558	bsn-a001-00-000000013604308	20	99	529514	M	4	0	0	6	0
20260927	4291318	cmp-a001-02-000000010764328	grp-a001-02-000000069047580	사랑이	nad-a001-02-000000553654558	bsn-a001-00-000000013604308	20	14	529514	M	8	0	0	11	0
20260927	4291318	cmp-a001-02-000000010764328	grp-a001-02-000000069047580	단백질쉐이크	nad-a001-02-000000553654562	bsn-a001-00-000000013604308	20	16	8753	M	1	0	0	6	0
20260927	4291318	cmp-a001-02-000000010764328	grp-a001-02-000000069047580	프로틴	nad-a001-02-000000553654562	bsn-a001-00-000000013604308	20	18	529514	M	18	0	0	18	0
20260927	4291318	cmp-a001-02-000000010764328	grp-a001-02-000000069047580	프로틴	nad-a001-02-000000553654562	bsn-a001-00-000000013604308	20	18	768323	M	14	0	0	34	0
20260927	4291318	cmp-a001-02-000000010764328	grp-a001-02-000000069047580	젤리	nad-a001-02-000000541753985	bsn-a001-00-000000013604308	20	04	768323	M	1	0	0	1	0
20260927	4291318	cmp-a001-02-000000010764328	grp-a001-02-000000069047580	프로틴바	nad-a001-02-000000553654558	bsn-a001-00-000000013604308	20	04	768323	M	1	0	0	2	0
20260927	4291318	cmp-a001-02-000000010764328	grp-a001-02-000000069047580	프로틴쉐이크	nad-a001-02-000000553654562	bsn-a001-00-000000013604308	20	01	98128	M	6	0	0	6	0
20260927	4291318	cmp-a001-02-000000010764328	grp-a001-02-000000069047580	젤리	nad-a001-02-000000541753985	bsn-a001-00-000000013604308	20	04	684925	P	1	0	0	1	0
20260927	4291318	cmp-a001-02-000000010764328	grp-a001-02-000000069047580	생식가루	nad-a001-02-000000541753997	bsn-a001-00-000000013604308	20	02	8753	M	1	0	0	1	0
20260927	4291318	cmp-a001-02-000000010764328	grp-a001-02-000000069047580	프로틴쉐이크	nad-a001-02-000000553654562	bsn-a001-00-000000013604308	20	18	8753	M	2	0	0	11	0
20260927	4291318	cmp-a001-02-000000010764328	grp-a001-02-000000069047580	스토어	nad-a001-02-000000541754004	bsn-a001-00-000000013604308	20	18	98128	M	2	0	0	2	0
20260927	4291318	cmp-a001-02-000000010764328	grp-a001-02-000000069047580	황성주생식	nad-a001-02-000000541754004	bsn-a001-00-000000013604308	20	02	8753	M	2	0	0	4	0
20260927	4291318	cmp-a001-02-000000010764328	grp-a001-02-000000069047580	쉐이크	nad-a001-02-000000553654562	bsn-a001-00-000000013604308	20	09	529514	M	12	0	0	12	0
20260927	4291318	cmp-a001-02-000000010764328	grp-a001-02-000000069047580	단백질보충제	nad-a001-02-000000553654562	bsn-a001-00-000000013604308	20	09	791888	M	4	0	0	4	0
20260927	4291318	cmp-a001-02-000000010764328	grp-a001-02-000000069047580	단백질쉐이크	nad-a001-02-000000553654562	bsn-a001-00-000000013604308	20	03	529514	M	9	0	0	13	0
20260927	4291318	cmp-a001-02-000000010764328	grp-a001-02-000000069047580	스토어	nad-a001-02-000000541753997	bsn-a001-00-000000013604308	20	06	98128	M	4	0	0	8	0
20260927	4291318	cmp-a001-02-000000010764328	grp-a001-02-000000069047580	프로틴	nad-a001-02-000000553654562	bsn-a001-00-000000013604308	20	15	529514	M	19	0	0	19	0
20260927	4291318	cmp-a001-02-000000010764328	grp-a001-02-000000069047580	황성주생식	nad-a001-02-000000541753997	bsn-a001-00-000000013604308	20	01	529514	M	3	0	0	3	0
20260927	4291318	cmp-a001-02-000000010764328	grp-a001-02-000000069047580	에너지바	nad-a001-02-000000553654554	bsn-a001-00-000000013604308	20	00	23123	P	1	0	0	1	0
20260927	4291318	cmp-a001-02-000000010764328	grp-a001-02-000000069047580	프로틴	nad-a001-02-000000553654562	bsn-a001-00-000000013604308	20	08	529514	M	18	0	0	18	0
20260927	4291318	cmp-a001-02-000000010764328	grp-a001-02-000000069047580	생식가루	nad-a001-02-000000541753997	bsn-a001-00-000000013604308	20	03	8753	M	1	0	0	1	0
20260927	4291318	cmp-a001-02-000000010764328	grp-a001-02-000000069047580	사랑	nad-a001-02-000000553654558	bsn-a001-00-000000013604308	20	08	137281	M	3	0	0	6	0
20260927	4291318	cmp-a001-02-000000010764328	grp-a001-02-000000069047580	젤리	nad-a001-02-000000541753985	bsn-a001-00-000000013604308	20	01	8753	M	1	0	0	2	0
20260927	4291318	cmp-a001-02-000000010764328	grp-a001-02-000000069047580	단백질간식	nad-a001-02-000000553654558	bsn-a001-00-000000013604308	20	13	27758	P	1	0	0	3	0
20260927	4291318	cmp-a001-02-000000010764328	grp-a001-02-000000069047580	프로틴파우더	nad-a001-02-000000553654562	bsn-a001-00-000000013604308	20	01	8753	M	1	0	0	6	0
20260927	4291318	cmp-a001-02-000000010764328	grp-a001-02-000000069047580	프로틴	nad-a001-02-000000553654562	bsn-a001-00-000000013604308	20	04	529514	M	17	0	0	17	0
20260927	4291318	cmp-a001-02-000000010764328	grp-a001-02-000000069047580	단백질바	nad-a001-02-000000553654554	bsn-a001-00-000000013604308	20	02	529514	M	3	0	0	5	0
20260927	4291318	cmp-a001-02-000000010764328	grp-a001-02-000000069047580	단백질보충제	nad-a001-02-000000553654562	bsn-a001-00-000000013604308	20	09	33421	M	1	0	0	10	0
20260927	4291318	cmp-a001-02-000000010764328	grp-a001-02-000000069047580	프로틴	nad-a001-02-000000553654562	bsn-a001-00-000000013604308	20	99	529514	M	21	0	0	21	0
20260927	4291318	cmp-a001-02-000000010764328	grp-a001-02-000000069047580	단백질쉐이크	nad-a001-02-000000553654562	bsn-a001-00-000000013604308	20	09	98128	M	2	0	0	2	0
20260927	4291318	cmp-a001-02-000000010764328	grp-a001-02-000000069047580	도토리가루보관하는방법	nad-a001-02-000000541754004	bsn-a001-00-000000013604308	20	02	8753	M	1	0	0	2	0
20260927	4291318	cmp-a001-02-000000010764328	grp-a001-02-000000069047580	제리	nad-a001-02-000000541753985	bsn-a001-00-000000013604308	20	99	98128	M	4	0	0	4	0
20260927	4291318	cmp-a001-02-000000010764328	grp-a001-02-000000069047580	사랑	nad-a001-02-000000553654554	bsn-a001-00-000000013604308	20	08	98128	M	4	0	0	8	0
20260927	4291318	cmp-a001-02-000000010764328	grp-a001-02-000000069047580	단백질보충제	nad-a001-02-000000553654562	bsn-a001-00-000000013604308	20	03	87620	M	1	0	0	1	0
20260927	4291318	cmp-a001-02-000000010764328	grp-a001-02-000000069047580	스토어	nad-a001-02-000000541753997	bsn-a001-00-000000013604308	20	99	98128	M	4	0	0	8	0
20260927	4291318	cmp-a001-02-000000010764328	grp-a001-02-000000069047580	젤리	nad-a001-02-000000541753985	bsn-a001-00-000000013604308	20	11	23123	P	1	0	0	1	0
20260927	4291318	cmp-a001-02-000000010764328	grp-a001-02-000000069047580	단백질	nad-a001-02-000000553654562	bsn-a001-00-000000013604308	20	09	684926	M	1	0	0	7	0
20260927	4291318	cmp-a001-02-000000010764328	grp-a001-02-000000069047580	프로틴단백질	nad-a001-02-000000553654562	bsn-a001-00-000000013604308	20	04	8753	M	1	0	0	6	0
20260927	4291318	cmp-a001-02-000000010764328	grp-a001-02-000000069047580	제리	nad-a001-02-000000541753985	bsn-a001-00-000000013604308	20	09	98128	M	6	0	0	6	0
20260927	4291318	cmp-a001-02-000000010764328	grp-a001-02-000000069047580	사랑은	nad-a001-02-000000553654558	bsn-a001-00-000000013604308	20	09	98128	M	2	0	0	6	0
20260927	4291318	cmp-a001-02-000000010764328	grp-a001-02-000000069047580	황성주생식	nad-a001-02-000000541753988	bsn-a001-00-000000013604308	20	02	633013	M	1	0	0	5	0
20260927	4291318	cmp-a001-02-000000010764328	grp-a001-02-000000069047580	단백질간식종류	nad-a001-02-000000553654554	bsn-a001-00-000000013604308	20	09	8753	M	1	0	0	1	0
20260927	4291318	cmp-a001-02-000000010764328	grp-a001-02-000000069047580	단백질바	nad-a001-02-000000553654558	bsn-a001-00-000000013604308	20	00	27758	P	2	0	0	4	0
20260927	4291318	cmp-a001-02-000000010764328	grp-a001-02-000000069047580	사랑아요	nad-a001-02-000000553654558	bsn-a001-00-000000013604308	20	09	98128	M	1	0	0	3	0
20260927	4291318	cmp-a001-02-000000010764328	grp-a001-02-000000069047580	생식가루	nad-a001-02-000000541754005	bsn-a001-00-000000013604308	20	03	8753	M	1	0	0	4	0
20260927	4291318	cmp-a001-02-000000010764328	grp-a001-02-000000069047580	프로틴파우더	nad-a001-02-000000553654562	bsn-a001-00-000000013604308	20	09	8753	M	1	0	0	6	0
20260927	4291318	cmp-a001-02-000000010764328	grp-a001-02-000000069047580	단백질간식	nad-a001-02-000000553654559	bsn-a001-00-000000013604308	20	02	8753	M	1	0	0	6	0
20260927	4291318	cmp-a001-02-000000010764328	grp-a001-02-000000069047580	프로틴	nad-a001-02-000000553654562	bsn-a001-00-000000013604308	20	99	137281	M	2	0	0	2	0
20260927	4291318	cmp-a001-02-000000010764328	grp-a001-02-000000069047580	프로틴바	nad-a001-02-000000553654559	bsn-a001-00-000000013604308	20	02	768323	M	3	0	0	9	0
20260927	4291318	cmp-a001-02-000000010764328	grp-a001-02-000000069047580	에너지바	nad-a001-02-000000553654558	bsn-a001-00-000000013604308	20	09	791889	P	1	0	0	2	0
20260927	4291318	cmp-a001-02-000000010764328	grp-a001-02-000000069047580	프로틴쉐이크	nad-a001-02-000000553654562	bsn-a001-00-000000013604308	20	09	8753	M	1	0	0	5	0
20260927	4291318	cmp-a001-02-000000010764328	grp-a001-02-000000069047580	황성주생식	nad-a001-02-000000541753988	bsn-a001-00-000000013604308	20	07	633013	M	2	0	0	10	0
20260927	4291318	cmp-a001-02-000000010764328	grp-a001-02-000000069047580	하루단백질섭취량	nad-a001-02-000000553654562	bsn-a001-00-000000013604308	20	04	8753	M	1	0	0	5	0
20260927	4291318	cmp-a001-02-000000010764328	grp-a001-02-000000069047580	황성주생식	nad-a001-02-000000541753996	bsn-a001-00-000000013604308	20	09	633013	M	5	0	0	17	0
20260927	4291318	cmp-a001-02-000000010764328	grp-a001-02-000000069047580	사랑할수록	nad-a001-02-000000553654554	bsn-a001-00-000000013604308	20	03	612594	M	1	0	0	2	0
20260927	4291318	cmp-a001-02-000000010764328	grp-a001-02-000000069047580	단백질바	nad-a001-02-000000553654554	bsn-a001-00-000000013604308	20	08	33421	M	1	0	0	1	0
20260927	4291318	cmp-a001-02-000000010764328	grp-a001-02-000000069047580	황성주생식	nad-a001-02-000000541753988	bsn-a001-00-000000013604308	20	11	633013	M	1	0	0	5	0
20260927	4291318	cmp-a001-02-000000010764328	grp-a001-02-000000069047580	단백질	nad-a001-02-000000553654562	bsn-a001-00-000000013604308	20	18	529514	M	6	0	0	6	0
20260927	4291318	cmp-a001-02-000000010764328	grp-a001-02-000000069047580	프로틴	nad-a001-02-000000553654562	bsn-a001-00-000000013604308	20	03	529514	M	40	0	0	40	0
20260927	4291318	cmp-a001-02-000000010764328	grp-a001-02-000000069047580	단백질	nad-a001-02-000000553654562	bsn-a001-00-000000013604308	20	04	98128	M	2	0	0	2	0
20260927	4291318	cmp-a001-02-000000010764328	grp-a001-02-000000069047580	쉐이크	nad-a001-02-000000553654562	bsn-a001-00-000000013604308	20	09	98128	M	5	0	0	5	0
20260927	4291318	cmp-a001-02-000000010764328	grp-a001-02-000000069047580	젤리	nad-a001-02-000000541753985	bsn-a001-00-000000013604308	20	09	768323	M	1	0	0	1	0
20260927	4291318	cmp-a001-02-000000010764328	grp-a001-02-000000069047580	사랑하고	nad-a001-02-000000553654558	bsn-a001-00-000000013604308	20	02	98128	M	1	0	0	3	0
20260927	4291318	cmp-a001-02-000000010764328	grp-a001-02-000000069047580	사랑한다면	nad-a001-02-000000553654554	bsn-a001-00-000000013604308	20	09	612593	P	1	0	0	5	0
20260927	4291318	cmp-a001-02-000000010764328	grp-a001-02-000000069047580	다이어트쉐이크	nad-a001-02-000000553654562	bsn-a001-00-000000013604308	20	08	768323	M	3	0	0	6	0
20260927	4291318	cmp-a001-02-000000010764328	grp-a001-02-000000069047580	프로틴단백질	nad-a001-02-000000553654562	bsn-a001-00-000000013604308	20	99	98128	M	2	0	0	2	0
20260927	4291318	cmp-a001-02-000000010764328	grp-a001-02-000000069047580	프로틴	nad-a001-02-000000553654562	bsn-a001-00-000000013604308	20	16	529514	M	4	0	0	4	0
20260927	4291318	cmp-a001-02-000000010764328	grp-a001-02-000000069047580	젤리	nad-a001-02-000000541753985	bsn-a001-00-000000013604308	20	10	529514	M	1	0	0	1	0
20260927	4291318	cmp-a001-02-000000010764328	grp-a001-02-000000069047580	황성주생식	nad-a001-02-000000541753996	bsn-a001-00-000000013604308	20	07	633013	M	2	0	0	7	0
20260927	4291318	cmp-a001-02-000000010764328	grp-a001-02-000000069047580	사랑	nad-a001-02-000000553654554	bsn-a001-00-000000013604308	20	99	98128	M	6	0	0	12	0
20260927	4291318	cmp-a001-02-000000010764328	grp-a001-02-000000069047580	황성주생식	nad-a001-02-000000541754004	bsn-a001-00-000000013604308	20	07	633013	M	2	0	0	4	0
20260927	4291318	cmp-a001-02-000000010764328	grp-a001-02-000000069047580	젤리	nad-a001-02-000000541753985	bsn-a001-00-000000013604308	20	18	529514	M	3	0	0	4	0
20260927	4291318	cmp-a001-02-000000010764328	grp-a001-02-000000069047580	황성주생식	nad-a001-02-000000541753996	bsn-a001-00-000000013604308	20	01	8753	M	2	0	0	8	0
20260927	4291318	cmp-a001-02-000000010764328	grp-a001-02-000000069047580	에너지바	nad-a001-02-000000553654558	bsn-a001-00-000000013604308	20	09	8753	M	1	0	0	4	0
20260927	4291318	cmp-a001-02-000000010764328	grp-a001-02-000000069047580	가루	nad-a001-02-000000541754005	bsn-a001-00-000000013604308	20	09	529514	M	4	0	0	16	0
20260927	4291318	cmp-a001-02-000000010764328	grp-a001-02-000000069047580	에너지바	nad-a001-02-000000553654554	bsn-a001-00-000000013604308	20	18	87620	M	2	0	0	2	0
20260927	4291318	cmp-a001-02-000000010764328	grp-a001-02-000000069047580	식물성단백질쉐이크	nad-a001-02-000000553654562	bsn-a001-00-000000013604308	20	11	8753	M	1	0	0	4	0
20260927	4291318	cmp-a001-02-000000010764328	grp-a001-02-000000069047580	단백질바	nad-a001-02-000000553654554	bsn-a001-00-000000013604308	20	04	529514	M	2	0	0	3	0
20260927	4291318	cmp-a001-02-000000010764328	grp-a001-02-000000069047580	에너지바구아바	nad-a001-02-000000553654554	bsn-a001-00-000000013604308	20	07	33421	M	1	0	0	1	0
20260927	4291318	cmp-a001-02-000000010764328	grp-a001-02-000000069047580	프로틴바	nad-a001-02-000000553654558	bsn-a001-00-000000013604308	20	99	768323	M	2	0	0	4	0
20260927	4291318	cmp-a001-02-000000010764328	grp-a001-02-000000069047580	단백질보충제	nad-a001-02-000000553654562	bsn-a001-00-000000013604308	20	02	529514	M	5	0	0	5	0
20260927	4291318	cmp-a001-02-000000010764328	grp-a001-02-000000069047580	스낵데이	nad-a001-02-000000553654554	bsn-a001-00-000000013604308	20	01	8753	M	1	0	0	1	0
20260927	4291318	cmp-a001-02-000000010764328	grp-a001-02-000000069047580	프로틴	nad-a001-02-000000553654562	bsn-a001-00-000000013604308	20	11	768323	M	6	0	0	12	0
20260927	4291318	cmp-a001-02-000000010764328	grp-a001-02-000000069047580	젤리	nad-a001-02-000000541753985	bsn-a001-00-000000013604308	20	02	23123	P	1	0	0	2	0
20260927	4291318	cmp-a001-02-000000010764328	grp-a001-02-000000069047580	프로틴쉐이크	nad-a001-02-000000553654562	bsn-a001-00-000000013604308	20	09	529514	M	4	0	0	4	0
20260927	4291318	cmp-a001-02-000000010764328	grp-a001-02-000000069047580	스토어	nad-a001-02-000000541754004	bsn-a001-00-000000013604308	20	09	98128	M	27	0	0	27	0
20260927	4291318	cmp-a001-02-000000010764328	grp-a001-02-000000069047580	황성주생식	nad-a001-02-000000541754004	bsn-a001-00-000000013604308	20	01	529514	M	3	0	0	6	0
20260927	4291318	cmp-a001-02-000000010764328	grp-a001-02-000000069047580	황성주생식	nad-a001-02-000000541753996	bsn-a001-00-000000013604308	20	02	633013	M	1	0	0	3	0
20260927	4291318	cmp-a001-02-000000010764328	grp-a001-02-000000069047580	에너지바	nad-a001-02-000000553654558	bsn-a001-00-000000013604308	20	02	529514	M	2	0	0	3	0
20260927	4291318	cmp-a001-02-000000010764328	grp-a001-02-000000069047580	프로틴	nad-a001-02-000000553654562	bsn-a001-00-000000013604308	20	02	137281	M	5	0	0	5	0
20260927	4291318	cmp-a001-02-000000010764328	grp-a001-02-000000069047580	식물성단백질	nad-a001-02-000000553654562	bsn-a001-00-000000013604308	20	03	33421	M	1	0	0	4	0
20260927	4291318	cmp-a001-02-000000010764328	grp-a001-02-000000069047580	단백질많은간식	nad-a001-02-000000553654558	bsn-a001-00-000000013604308	20	03	8753	M	1	0	0	2	0
20260927	4291318	cmp-a001-02-000000010764328	grp-a001-02-000000069047580	단백질쉐이크	nad-a001-02-000000553654562	bsn-a001-00-000000013604308	20	13	529514	M	15	0	0	22	0
20260927	4291318	cmp-a001-02-000000010764328	grp-a001-02-000000069047580	동결건조생식추천	nad-a001-02-000000541754004	bsn-a001-00-000000013604308	20	10	8753	M	1	0	0	2	0
20260927	4291318	cmp-a001-02-000000010764328	grp-a001-02-000000069047580	스토어	nad-a001-02-000000541753996	bsn-a001-00-000000013604308	20	13	98128	M	2	0	0	6	0
20260927	4291318	cmp-a001-02-000000010764328	grp-a001-02-000000069047580	젤리	nad-a001-02-000000541753985	bsn-a001-00-000000013604308	20	99	768323	M	1	0	0	1	0
20260927	4291318	cmp-a001-02-000000010764328	grp-a001-02-000000069047580	사랑	nad-a001-02-000000553654554	bsn-a001-00-000000013604308	20	15	98128	M	2	0	0	4	0
20260927	4291318	cmp-a001-02-000000010764328	grp-a001-02-000000069047580	황성주생식라이프밀	nad-a001-02-000000541753996	bsn-a001-00-000000013604308	20	08	33421	M	1	0	0	3	0
20260927	4291318	cmp-a001-02-000000010764328	grp-a001-02-000000069047580	단백질간식	nad-a001-02-000000553654559	bsn-a001-00-000000013604308	20	13	684927	P	2	0	0	16	0
20260927	4291318	cmp-a001-02-000000010764328	grp-a001-02-000000069047580	에너지바	nad-a001-02-000000553654559	bsn-a001-00-000000013604308	20	02	33421	M	2	0	0	12	0
20260927	4291318	cmp-a001-02-000000010764328	grp-a001-02-000000069047580	식물성단백질	nad-a001-02-000000553654562	bsn-a001-00-000000013604308	20	99	8753	M	2	0	0	8	0
20260927	4291318	cmp-a001-02-000000010764328	grp-a001-02-000000069047580	황성주생식라이프밀	nad-a001-02-000000541753997	bsn-a001-00-000000013604308	20	08	33421	M	1	0	0	1	0
20260927	4291318	cmp-a001-02-000000010764328	grp-a001-02-000000069047580	황성주생식	nad-a001-02-000000541754004	bsn-a001-00-000000013604308	20	08	341898	M	8	0	0	8	0
20260927	4291318	cmp-a001-02-000000010764328	grp-a001-02-000000069047580	스토어	nad-a001-02-000000541753996	bsn-a001-00-000000013604308	20	99	98128	M	4	0	0	12	0
20260927	4291318	cmp-a001-02-000000010764328	grp-a001-02-000000069047580	균형영양식	nad-a001-02-000000541753965	bsn-a001-00-000000013604308	20	04	529514	M	2	0	0	4	0
20260927	4291318	cmp-a001-02-000000010764328	grp-a001-02-000000069047580	황성주생식	nad-a001-02-000000541753996	bsn-a001-00-000000013604308	20	01	529514	M	3	0	0	12	0
20260927	4291318	cmp-a001-02-000000010764328	grp-a001-02-000000069047580	단백질보충제	nad-a001-02-000000553654562	bsn-a001-00-000000013604308	20	02	33421	M	1	0	0	8	0
20260927	4291318	cmp-a001-02-000000010764328	grp-a001-02-000000069047580	단백질쉐이크냉장보관	nad-a001-02-000000553654562	bsn-a001-00-000000013604308	20	13	8753	M	1	0	0	3	0
20260927	4291318	cmp-a001-02-000000010764328	grp-a001-02-000000069047580	에너지바	nad-a001-02-000000553654554	bsn-a001-00-000000013604308	20	99	291244	M	4	0	0	4	0
20260927	4291318	cmp-a001-02-000000010764328	grp-a001-02-000000069047580	단백질쉐이크	nad-a001-02-000000553654562	bsn-a001-00-000000013604308	20	03	8753	M	3	0	0	20	0
20260927	4291318	cmp-a001-02-000000010764328	grp-a001-02-000000069047580	단백질보충제	nad-a001-02-000000553654562	bsn-a001-00-000000013604308	20	15	529514	M	1	0	0	1	0
20260927	4291318	cmp-a001-02-000000010764328	grp-a001-02-000000069047580	단백질쉐이크	nad-a001-02-000000553654562	bsn-a001-00-000000013604308	20	09	684926	M	2	0	0	22	0
20260927	4291318	cmp-a001-02-000000010764328	grp-a001-02-000000069047580	45키로하루단백질섭취	nad-a001-02-000000553654562	bsn-a001-00-000000013604308	20	14	8753	M	1	0	0	4	0
20260927	4291318	cmp-a001-02-000000010764328	grp-a001-02-000000069047580	단백질쉐이크	nad-a001-02-000000553654562	bsn-a001-00-000000013604308	20	08	529514	M	7	0	0	13	0
20260927	4291318	cmp-a001-02-000000010764328	grp-a001-02-000000069047580	쉐이크	nad-a001-02-000000553654562	bsn-a001-00-000000013604308	20	09	137281	M	2	0	0	2	0
20260927	4291318	cmp-a001-02-000000010764328	grp-a001-02-000000069047580	단백질쉐이크	nad-a001-02-000000553654562	bsn-a001-00-000000013604308	20	01	8753	M	2	0	0	18	0
20260927	4291318	cmp-a001-02-000000010764328	grp-a001-02-000000069047580	사랑아요	nad-a001-02-000000553654554	bsn-a001-00-000000013604308	20	09	98128	M	1	0	0	2	0
20260927	4291318	cmp-a001-02-000000010764328	grp-a001-02-000000069047580	생식가루	nad-a001-02-000000541753996	bsn-a001-00-000000013604308	20	03	8753	M	1	0	0	3	0
20260927	4291318	cmp-a001-02-000000010764328	grp-a001-02-000000069047580	단백질바	nad-a001-02-000000553654554	bsn-a001-00-000000013604308	20	10	8753	M	2	0	0	3	0
20260927	4291318	cmp-a001-02-000000010764328	grp-a001-02-000000069047580	쉐이크	nad-a001-02-000000553654562	bsn-a001-00-000000013604308	20	08	8753	M	1	0	0	6	0
20260927	4291318	cmp-a001-02-000000010764328	grp-a001-02-000000069047580	황성주생식	nad-a001-02-000000541753997	bsn-a001-00-000000013604308	11	09	424040	M	2	0	0	2	0
