20260708	4291318	cmp-a001-02-000000010764328	grp-a001-02-000000069047580	스토어	nad-a001-02-000000541753997	bsn-a001-00-000000013604308	03	09	248824	P	2	0	0	12	0
20260708	4291318	cmp-a001-02-000000010764328	grp-a001-02-000000069047580	스토어	nad-a001-02-000000541753966	bsn-a001-00-000000013604308	03	09	98128	M	5	0	0	29	0
20260708	4291318	cmp-a001-02-000000010764328	grp-a001-02-000000069047580	프로틴	nad-a001-02-000000541753972	bsn-a001-00-000000013604308	03	09	768323	M	13	0	0	130	0
20260708	4291318	cmp-a001-02-000000010764328	grp-a001-02-000000069047580	프로틴	nad-a001-02-000000541753977	bsn-a001-00-000000013604308	03	11	768323	M	4	0	0	18	0
20260708	4291318	cmp-a001-02-000000010764328	grp-a001-02-000000069047580	프로틴	nad-a001-02-000000541753990	bsn-a001-00-000000013604308	03	18	529514	M	11	0	0	22	0
20260708	4291318	cmp-a001-02-000000010764328	grp-a001-02-000000069047580	프로틴	nad-a001-02-000000541753977	bsn-a001-00-000000013604308	03	03	768323	M	1	0	0	6	0
20260708	4291318	cmp-a001-02-000000010764328	grp-a001-02-000000069047580	프로틴	nad-a001-02-000000541753990	bsn-a001-00-000000013604308	03	09	137281	M	4	0	0	8	0
20260708	4291318	cmp-a001-02-000000010764328	grp-a001-02-000000069047580	프로틴	nad-a001-02-000000541753972	bsn-a001-00-000000013604308	03	09	529514	M	13	0	0	73	0
20260708	4291318	cmp-a001-02-000000010764328	grp-a001-02-000000069047580	단백질보충제	nad-a001-02-000000541753970	bsn-a001-00-000000013604308	03	06	529514	M	4	0	0	17	0
20260708	4291318	cmp-a001-02-000000010764328	grp-a001-02-000000069047580	프로틴	nad-a001-02-000000541753976	bsn-a001-00-000000013604308	03	07	768323	M	2	0	0	12	0
20260708	4291318	cmp-a001-02-000000010764328	grp-a001-02-000000069047580	프로틴	nad-a001-02-000000541753974	bsn-a001-00-000000013604308	03	06	768323	M	2	0	0	22	0
20260708	4291318	cmp-a001-02-000000010764328	grp-a001-02-000000069047580	프로틴	nad-a001-02-000000541753989	bsn-a001-00-000000013604308	03	09	768323	M	13	0	0	117	0
20260708	4291318	cmp-a001-02-000000010764328	grp-a001-02-000000069047580	프로틴	nad-a001-02-000000541753970	bsn-a001-00-000000013604308	03	08	768323	M	1	0	0	7	0
20260708	4291318	cmp-a001-02-000000010764328	grp-a001-02-000000069047580	프로틴	nad-a001-02-000000541753970	bsn-a001-00-000000013604308	03	02	98128	M	1	0	0	5	0
20260708	4291318	cmp-a001-02-000000010764328	grp-a001-02-000000069047580	스토어	nad-a001-02-000000541754004	bsn-a001-00-000000013604308	03	07	98128	M	1	0	0	4	0
20260708	4291318	cmp-a001-02-000000010764328	grp-a001-02-000000069047580	프로틴	nad-a001-02-000000541753980	bsn-a001-00-000000013604308	03	08	529514	M	1	0	0	5	0
20260708	4291318	cmp-a001-02-000000010764328	grp-a001-02-000000069047580	견과류	nad-a001-02-000000541753960	bsn-a001-00-000000013604308	03	04	529514	M	1	0	0	11	0
20260708	4291318	cmp-a001-02-000000010764328	grp-a001-02-000000069047580	스토어	nad-a001-02-000000541753967	bsn-a001-00-000000013604308	03	13	98128	M	1	0	0	5	0
20260708	4291318	cmp-a001-02-000000010764328	grp-a001-02-000000069047580	사랑하라	nad-a001-02-000000541753983	bsn-a001-00-000000013604308	03	00	98128	M	1	0	0	8	0
20260708	4291318	cmp-a001-02-000000010764328	grp-a001-02-000000069047580	보충제	nad-a001-02-000000541753977	bsn-a001-00-000000013604308	03	18	529514	M	4	0	0	21	0
20260708	4291318	cmp-a001-02-000000010764328	grp-a001-02-000000069047580	단백질쉐이크	nad-a001-02-000000541753972	bsn-a001-00-000000013604308	03	03	529514	M	2	0	0	43	0
20260708	4291318	cmp-a001-02-000000010764328	grp-a001-02-000000069047580	프로틴	nad-a001-02-000000541753980	bsn-a001-00-000000013604308	03	09	768323	M	13	0	0	69	0
20260708	4291318	cmp-a001-02-000000010764328	grp-a001-02-000000069047580	프로틴	nad-a001-02-000000541753980	bsn-a001-00-000000013604308	03	99	768323	M	9	0	0	54	0
20260708	4291318	cmp-a001-02-000000010764328	grp-a001-02-000000069047580	프로틴	nad-a001-02-000000541753972	bsn-a001-00-000000013604308	03	03	768323	M	1	0	0	10	0
20260708	4291318	cmp-a001-02-000000010764328	grp-a001-02-000000069047580	프로틴단백질	nad-a001-02-000000541753976	bsn-a001-00-000000013604308	03	09	529514	M	1	0	0	3	0
20260708	4291318	cmp-a001-02-000000010764328	grp-a001-02-000000069047580	프로틴	nad-a001-02-000000541753974	bsn-a001-00-000000013604308	03	15	529514	M	2	0	0	10	0
20260708	4291318	cmp-a001-02-000000010764328	grp-a001-02-000000069047580	프로틴	nad-a001-02-000000541753989	bsn-a001-00-000000013604308	03	18	529514	M	8	0	0	20	0
20260708	4291318	cmp-a001-02-000000010764328	grp-a001-02-000000069047580	프로틴	nad-a001-02-000000541753974	bsn-a001-00-000000013604308	03	03	768323	M	1	0	0	11	0
20260708	4291318	cmp-a001-02-000000010764328	grp-a001-02-000000069047580	프로틴	nad-a001-02-000000541753972	bsn-a001-00-000000013604308	03	02	529514	M	14	0	0	79	0
20260708	4291318	cmp-a001-02-000000010764328	grp-a001-02-000000069047580	단백질보충제	nad-a001-02-000000541753989	bsn-a001-00-000000013604308	03	02	87620	M	1	0	0	2	0
20260708	4291318	cmp-a001-02-000000010764328	grp-a001-02-000000069047580	프로틴	nad-a001-02-000000541753980	bsn-a001-00-000000013604308	03	07	768323	M	2	0	0	10	0
20260708	4291318	cmp-a001-02-000000010764328	grp-a001-02-000000069047580	단백질쉐이크	nad-a001-02-000000541753983	bsn-a001-00-000000013604308	03	02	529514	M	1	0	0	21	0
20260708	4291318	cmp-a001-02-000000010764328	grp-a001-02-000000069047580	하루견과	nad-a001-02-000000541753959	bsn-a001-00-000000013604308	03	02	529514	M	7	0	0	26	0
20260708	4291318	cmp-a001-02-000000010764328	grp-a001-02-000000069047580	프로틴	nad-a001-02-000000541753977	bsn-a001-00-000000013604308	03	07	768323	M	2	0	0	8	0
20260708	4291318	cmp-a001-02-000000010764328	grp-a001-02-000000069047580	스토어	nad-a001-02-000000541754004	bsn-a001-00-000000013604308	03	09	98128	M	4	0	0	16	0
20260708	4291318	cmp-a001-02-000000010764328	grp-a001-02-000000069047580	단백질쉐이크	nad-a001-02-000000541753989	bsn-a001-00-000000013604308	03	09	529514	M	8	0	0	149	0
20260708	4291318	cmp-a001-02-000000010764328	grp-a001-02-000000069047580	보충제	nad-a001-02-000000541753972	bsn-a001-00-000000013604308	03	14	529514	M	4	0	0	26	0
20260708	4291318	cmp-a001-02-000000010764328	grp-a001-02-000000069047580	프로틴	nad-a001-02-000000541753989	bsn-a001-00-000000013604308	03	08	529514	M	1	0	0	2	0
20260708	4291318	cmp-a001-02-000000010764328	grp-a001-02-000000069047580	영양식	nad-a001-02-000000541753964	bsn-a001-00-000000013604308	03	15	529514	M	2	0	0	11	0
20260708	4291318	cmp-a001-02-000000010764328	grp-a001-02-000000069047580	견과류	nad-a001-02-000000541753959	bsn-a001-00-000000013604308	03	04	529514	M	1	0	0	11	0
20260708	4291318	cmp-a001-02-000000010764328	grp-a001-02-000000069047580	프로틴	nad-a001-02-000000541753977	bsn-a001-00-000000013604308	03	18	529514	M	7	0	0	27	0
20260708	4291318	cmp-a001-02-000000010764328	grp-a001-02-000000069047580	프로틴	nad-a001-02-000000541753972	bsn-a001-00-000000013604308	03	07	768323	M	2	0	0	20	0
20260708	4291318	cmp-a001-02-000000010764328	grp-a001-02-000000069047580	프로틴	nad-a001-02-000000541753970	bsn-a001-00-000000013604308	03	99	529514	M	1	0	0	2	0
20260708	4291318	cmp-a001-02-000000010764328	grp-a001-02-000000069047580	스토어	nad-a001-02-000000541753967	bsn-a001-00-000000013604308	03	07	98128	M	5	0	0	21	0
20260708	4291318	cmp-a001-02-000000010764328	grp-a001-02-000000069047580	프로틴	nad-a001-02-000000541753980	bsn-a001-00-000000013604308	03	17	529514	M	3	0	0	16	0
20260708	4291318	cmp-a001-02-000000010764328	grp-a001-02-000000069047580	프로틴	nad-a001-02-000000541753980	bsn-a001-00-000000013604308	03	03	529514	M	2	0	0	9	0
20260708	4291318	cmp-a001-02-000000010764328	grp-a001-02-000000069047580	단백질쉐이크	nad-a001-02-000000541753970	bsn-a001-00-000000013604308	03	11	529514	M	2	0	0	39	0
20260708	4291318	cmp-a001-02-000000010764328	grp-a001-02-000000069047580	프로틴	nad-a001-02-000000541753974	bsn-a001-00-000000013604308	03	17	529514	M	3	0	0	9	0
20260708	4291318	cmp-a001-02-000000010764328	grp-a001-02-000000069047580	다이어트쉐이크	nad-a001-02-000000541753976	bsn-a001-00-000000013604308	03	02	768323	M	1	0	0	20	0
20260708	4291318	cmp-a001-02-000000010764328	grp-a001-02-000000069047580	스토어	nad-a001-02-000000541753988	bsn-a001-00-000000013604308	03	09	98128	M	5	0	0	15	0
20260708	4291318	cmp-a001-02-000000010764328	grp-a001-02-000000069047580	균형영양식	nad-a001-02-000000541753965	bsn-a001-00-000000013604308	03	13	529514	M	4	0	0	24	0
20260708	4291318	cmp-a001-02-000000010764328	grp-a001-02-000000069047580	프로틴	nad-a001-02-000000541753989	bsn-a001-00-000000013604308	03	18	768323	M	3	0	0	26	0
20260708	4291318	cmp-a001-02-000000010764328	grp-a001-02-000000069047580	보충제	nad-a001-02-000000541753976	bsn-a001-00-000000013604308	03	18	529514	M	3	0	0	12	0
20260708	4291318	cmp-a001-02-000000010764328	grp-a001-02-000000069047580	쉐이크	nad-a001-02-000000541753970	bsn-a001-00-000000013604308	03	13	529514	M	1	0	0	5	0
20260708	4291318	cmp-a001-02-000000010764328	grp-a001-02-000000069047580	스토어	nad-a001-02-000000541753967	bsn-a001-00-000000013604308	03	06	98128	M	1	0	0	4	0
20260708	4291318	cmp-a001-02-000000010764328	grp-a001-02-000000069047580	보충제	nad-a001-02-000000541753976	bsn-a001-00-000000013604308	03	99	529514	M	2	0	0	6	0
20260708	4291318	cmp-a001-02-000000010764328	grp-a001-02-000000069047580	프로틴	nad-a001-02-000000541753970	bsn-a001-00-000000013604308	03	13	768323	M	1	0	0	7	0
20260708	4291318	cmp-a001-02-000000010764328	grp-a001-02-000000069047580	프로틴	nad-a001-02-000000541753974	bsn-a001-00-000000013604308	03	02	529514	M	11	0	0	36	0
20260708	4291318	cmp-a001-02-000000010764328	grp-a001-02-000000069047580	보충제	nad-a001-02-000000541753974	bsn-a001-00-000000013604308	03	99	529514	M	2	0	0	7	0
20260708	4291318	cmp-a001-02-000000010764328	grp-a001-02-000000069047580	단백질파우더	nad-a001-02-000000541753983	bsn-a001-00-000000013604308	03	04	529514	M	1	0	0	3	0
20260708	4291318	cmp-a001-02-000000010764328	grp-a001-02-000000069047580	보충제	nad-a001-02-000000541753970	bsn-a001-00-000000013604308	03	18	529514	M	3	0	0	15	0
20260708	4291318	cmp-a001-02-000000010764328	grp-a001-02-000000069047580	단백질쉐이크	nad-a001-02-000000541753983	bsn-a001-00-000000013604308	03	03	529514	M	3	0	0	55	0
20260708	4291318	cmp-a001-02-000000010764328	grp-a001-02-000000069047580	단백질쉐이크	nad-a001-02-000000541753977	bsn-a001-00-000000013604308	03	06	529514	M	1	0	0	22	0
20260708	4291318	cmp-a001-02-000000010764328	grp-a001-02-000000069047580	쉐이크	nad-a001-02-000000541753974	bsn-a001-00-000000013604308	03	02	529514	M	2	0	0	6	0
20260708	4291318	cmp-a001-02-000000010764328	grp-a001-02-000000069047580	단백질쉐이크	nad-a001-02-000000541753989	bsn-a001-00-000000013604308	03	03	529514	M	2	0	0	37	0
20260708	4291318	cmp-a001-02-000000010764328	grp-a001-02-000000069047580	프로틴단백질	nad-a001-02-000000541753972	bsn-a001-00-000000013604308	03	02	98128	M	1	0	0	9	0
20260708	4291318	cmp-a001-02-000000010764328	grp-a001-02-000000069047580	프로틴	nad-a001-02-000000541753974	bsn-a001-00-000000013604308	03	03	529514	M	1	0	0	2	0
20260708	4291318	cmp-a001-02-000000010764328	grp-a001-02-000000069047580	스토어	nad-a001-02-000000541753967	bsn-a001-00-000000013604308	03	03	98128	M	1	0	0	4	0
20260708	4291318	cmp-a001-02-000000010764328	grp-a001-02-000000069047580	단백질쉐이크파우치	nad-a001-02-000000541753974	bsn-a001-00-000000013604308	03	02	529514	M	1	0	0	25	0
20260708	4291318	cmp-a001-02-000000010764328	grp-a001-02-000000069047580	스토어	nad-a001-02-000000541753966	bsn-a001-00-000000013604308	03	11	98128	M	4	0	0	23	0
20260708	4291318	cmp-a001-02-000000010764328	grp-a001-02-000000069047580	프로틴	nad-a001-02-000000541753989	bsn-a001-00-000000013604308	03	07	529514	M	1	0	0	2	0
20260708	4291318	cmp-a001-02-000000010764328	grp-a001-02-000000069047580	단백질쉐이크	nad-a001-02-000000541753970	bsn-a001-00-000000013604308	03	02	529514	M	9	0	0	183	0
20260708	4291318	cmp-a001-02-000000010764328	grp-a001-02-000000069047580	단백질	nad-a001-02-000000541753989	bsn-a001-00-000000013604308	03	02	529514	M	2	0	0	6	0
20260708	4291318	cmp-a001-02-000000010764328	grp-a001-02-000000069047580	프로틴	nad-a001-02-000000541753990	bsn-a001-00-000000013604308	03	17	529514	M	5	0	0	11	0
20260708	4291318	cmp-a001-02-000000010764328	grp-a001-02-000000069047580	프로틴	nad-a001-02-000000541753990	bsn-a001-00-000000013604308	03	16	529514	M	1	0	0	3	0
20260708	4291318	cmp-a001-02-000000010764328	grp-a001-02-000000069047580	프로틴	nad-a001-02-000000541753970	bsn-a001-00-000000013604308	03	07	768323	M	2	0	0	14	0
20260708	4291318	cmp-a001-02-000000010764328	grp-a001-02-000000069047580	식사대용	nad-a001-02-000000541753990	bsn-a001-00-000000013604308	03	00	798056	M	1	0	0	5	0
20260708	4291318	cmp-a001-02-000000010764328	grp-a001-02-000000069047580	견과류	nad-a001-02-000000541753960	bsn-a001-00-000000013604308	03	09	529514	M	3	0	0	34	0
20260708	4291318	cmp-a001-02-000000010764328	grp-a001-02-000000069047580	프로틴	nad-a001-02-000000541753983	bsn-a001-00-000000013604308	03	08	768323	M	4	0	0	17	0
20260708	4291318	cmp-a001-02-000000010764328	grp-a001-02-000000069047580	프로틴	nad-a001-02-000000541753989	bsn-a001-00-000000013604308	03	08	768323	M	1	0	0	9	0
20260708	4291318	cmp-a001-02-000000010764328	grp-a001-02-000000069047580	단백질쉐이크	nad-a001-02-000000541753989	bsn-a001-00-000000013604308	03	06	529514	M	2	0	0	36	0
20260708	4291318	cmp-a001-02-000000010764328	grp-a001-02-000000069047580	다이어트쉐이크	nad-a001-02-000000541753970	bsn-a001-00-000000013604308	03	02	529514	M	1	0	0	17	0
20260708	4291318	cmp-a001-02-000000010764328	grp-a001-02-000000069047580	단백질쉐이크파우치	nad-a001-02-000000541753983	bsn-a001-00-000000013604308	03	02	529514	M	1	0	0	28	0
20260708	4291318	cmp-a001-02-000000010764328	grp-a001-02-000000069047580	단백질보충제	nad-a001-02-000000541753980	bsn-a001-00-000000013604308	03	06	529514	M	8	0	0	43	0
20260708	4291318	cmp-a001-02-000000010764328	grp-a001-02-000000069047580	단백질쉐이크	nad-a001-02-000000541753977	bsn-a001-00-000000013604308	03	08	529514	M	2	0	0	38	0
20260708	4291318	cmp-a001-02-000000010764328	grp-a001-02-000000069047580	견과류	nad-a001-02-000000541753960	bsn-a001-00-000000013604308	03	15	529514	M	1	0	0	11	0
20260708	4291318	cmp-a001-02-000000010764328	grp-a001-02-000000069047580	단백질보충제	nad-a001-02-000000541753974	bsn-a001-00-000000013604308	03	06	529514	M	7	0	0	29	0
20260708	4291318	cmp-a001-02-000000010764328	grp-a001-02-000000069047580	든든한간식견과류	nad-a001-02-000000541753959	bsn-a001-00-000000013604308	03	09	11068	P	1	0	0	6	0
20260708	4291318	cmp-a001-02-000000010764328	grp-a001-02-000000069047580	보충제	nad-a001-02-000000541753977	bsn-a001-00-000000013604308	03	14	529514	M	4	0	0	18	0
20260708	4291318	cmp-a001-02-000000010764328	grp-a001-02-000000069047580	스토어	nad-a001-02-000000541753988	bsn-a001-00-000000013604308	03	09	248824	P	2	0	0	2	0
20260708	4291318	cmp-a001-02-000000010764328	grp-a001-02-000000069047580	가루	nad-a001-02-000000541753966	bsn-a001-00-000000013604308	03	09	684927	P	2	0	0	10	0
20260708	4291318	cmp-a001-02-000000010764328	grp-a001-02-000000069047580	프로틴	nad-a001-02-000000541753980	bsn-a001-00-000000013604308	03	02	529514	M	14	0	0	69	0
20260708	4291318	cmp-a001-02-000000010764328	grp-a001-02-000000069047580	프로틴	nad-a001-02-000000541753980	bsn-a001-00-000000013604308	03	13	768323	M	1	0	0	5	0
20260708	4291318	cmp-a001-02-000000010764328	grp-a001-02-000000069047580	단백질쉐이크	nad-a001-02-000000541753980	bsn-a001-00-000000013604308	03	09	529514	M	6	0	0	127	0
20260708	4291318	cmp-a001-02-000000010764328	grp-a001-02-000000069047580	스토어	nad-a001-02-000000541754004	bsn-a001-00-000000013604308	03	13	98128	M	1	0	0	4	0
20260708	4291318	cmp-a001-02-000000010764328	grp-a001-02-000000069047580	프로틴	nad-a001-02-000000541753977	bsn-a001-00-000000013604308	03	09	529514	M	12	0	0	57	0
20260708	4291318	cmp-a001-02-000000010764328	grp-a001-02-000000069047580	프로틴	nad-a001-02-000000541753970	bsn-a001-00-000000013604308	03	11	768323	M	4	0	0	30	0
20260708	4291318	cmp-a001-02-000000010764328	grp-a001-02-000000069047580	스토어	nad-a001-02-000000541753988	bsn-a001-00-000000013604308	03	03	98128	M	1	0	0	3	0
20260708	4291318	cmp-a001-02-000000010764328	grp-a001-02-000000069047580	단백질쉐이크	nad-a001-02-000000541753974	bsn-a001-00-000000013604308	03	11	529514	M	4	0	0	79	0
20260708	4291318	cmp-a001-02-000000010764328	grp-a001-02-000000069047580	견과류	nad-a001-02-000000541753960	bsn-a001-00-000000013604308	03	13	529514	M	1	0	0	11	0
20260708	4291318	cmp-a001-02-000000010764328	grp-a001-02-000000069047580	젤리	nad-a001-02-000000541753986	bsn-a001-00-000000013604308	03	09	529514	M	2	0	0	15	0
20260708	4291318	cmp-a001-02-000000010764328	grp-a001-02-000000069047580	다이어트쉐이크	nad-a001-02-000000541753980	bsn-a001-00-000000013604308	03	02	529514	M	1	0	0	19	0
20260708	4291318	cmp-a001-02-000000010764328	grp-a001-02-000000069047580	스토어	nad-a001-02-000000541753997	bsn-a001-00-000000013604308	03	18	98128	M	1	0	0	7	0
20260708	4291318	cmp-a001-02-000000010764328	grp-a001-02-000000069047580	프로틴	nad-a001-02-000000541753976	bsn-a001-00-000000013604308	03	11	768323	M	4	0	0	24	0
20260708	4291318	cmp-a001-02-000000010764328	grp-a001-02-000000069047580	프로틴	nad-a001-02-000000541753976	bsn-a001-00-000000013604308	03	18	529514	M	8	0	0	20	0
20260708	4291318	cmp-a001-02-000000010764328	grp-a001-02-000000069047580	프로틴	nad-a001-02-000000541753976	bsn-a001-00-000000013604308	03	15	529514	M	4	0	0	9	0
20260708	4291318	cmp-a001-02-000000010764328	grp-a001-02-000000069047580	프로틴쉐이크	nad-a001-02-000000541753977	bsn-a001-00-000000013604308	03	18	529514	M	2	0	0	12	0
20260708	4291318	cmp-a001-02-000000010764328	grp-a001-02-000000069047580	프로틴단백질	nad-a001-02-000000541753976	bsn-a001-00-000000013604308	03	02	98128	M	1	0	0	6	0
20260708	4291318	cmp-a001-02-000000010764328	grp-a001-02-000000069047580	단백질쉐이크	nad-a001-02-000000541753980	bsn-a001-00-000000013604308	03	16	529514	M	1	0	0	21	0
20260708	4291318	cmp-a001-02-000000010764328	grp-a001-02-000000069047580	단백질쉐이크	nad-a001-02-000000541753974	bsn-a001-00-000000013604308	03	16	529514	M	1	0	0	18	0
20260708	4291318	cmp-a001-02-000000010764328	grp-a001-02-000000069047580	프로틴	nad-a001-02-000000541753977	bsn-a001-00-000000013604308	03	09	768323	M	13	0	0	54	0
20260708	4291318	cmp-a001-02-000000010764328	grp-a001-02-000000069047580	프로틴단백질	nad-a001-02-000000541753977	bsn-a001-00-000000013604308	03	02	98128	M	1	0	0	7	0
20260708	4291318	cmp-a001-02-000000010764328	grp-a001-02-000000069047580	단백질보충제	nad-a001-02-000000541753977	bsn-a001-00-000000013604308	03	02	87620	M	1	0	0	4	0
20260708	4291318	cmp-a001-02-000000010764328	grp-a001-02-000000069047580	프로틴	nad-a001-02-000000541753976	bsn-a001-00-000000013604308	03	03	768323	M	1	0	0	7	0
20260708	4291318	cmp-a001-02-000000010764328	grp-a001-02-000000069047580	단백질쉐이크파우치	nad-a001-02-000000541753977	bsn-a001-00-000000013604308	03	02	529514	M	2	0	0	52	0
20260708	4291318	cmp-a001-02-000000010764328	grp-a001-02-000000069047580	단백질보충제	nad-a001-02-000000541753972	bsn-a001-00-000000013604308	03	06	529514	M	8	0	0	52	0
20260708	4291318	cmp-a001-02-000000010764328	grp-a001-02-000000069047580	단백질	nad-a001-02-000000541753976	bsn-a001-00-000000013604308	03	14	529514	M	2	0	0	9	0
20260708	4291318	cmp-a001-02-000000010764328	grp-a001-02-000000069047580	견과류	nad-a001-02-000000541753959	bsn-a001-00-000000013604308	03	09	529514	M	3	0	0	33	0
20260708	4291318	cmp-a001-02-000000010764328	grp-a001-02-000000069047580	프로틴	nad-a001-02-000000541753989	bsn-a001-00-000000013604308	03	09	529514	M	9	0	0	19	0
20260708	4291318	cmp-a001-02-000000010764328	grp-a001-02-000000069047580	단백질	nad-a001-02-000000541753989	bsn-a001-00-000000013604308	03	14	529514	M	4	0	0	12	0
20260708	4291318	cmp-a001-02-000000010764328	grp-a001-02-000000069047580	프로틴	nad-a001-02-000000541753970	bsn-a001-00-000000013604308	03	17	529514	M	3	0	0	13	0
20260708	4291318	cmp-a001-02-000000010764328	grp-a001-02-000000069047580	단백질	nad-a001-02-000000541753972	bsn-a001-00-000000013604308	03	02	529514	M	3	0	0	14	0
20260708	4291318	cmp-a001-02-000000010764328	grp-a001-02-000000069047580	프로틴	nad-a001-02-000000541753990	bsn-a001-00-000000013604308	03	03	768323	M	1	0	0	4	0
20260708	4291318	cmp-a001-02-000000010764328	grp-a001-02-000000069047580	스토어	nad-a001-02-000000541754004	bsn-a001-00-000000013604308	03	02	98128	M	2	0	0	8	0
20260708	4291318	cmp-a001-02-000000010764328	grp-a001-02-000000069047580	프로틴	nad-a001-02-000000541753970	bsn-a001-00-000000013604308	03	99	768323	M	7	0	0	49	0
20260708	4291318	cmp-a001-02-000000010764328	grp-a001-02-000000069047580	단백질쉐이크	nad-a001-02-000000541753972	bsn-a001-00-000000013604308	03	08	529514	M	2	0	0	40	0
20260708	4291318	cmp-a001-02-000000010764328	grp-a001-02-000000069047580	프로틴	nad-a001-02-000000541753983	bsn-a001-00-000000013604308	03	09	768323	M	17	0	0	67	0
20260708	4291318	cmp-a001-02-000000010764328	grp-a001-02-000000069047580	보충제	nad-a001-02-000000541753974	bsn-a001-00-000000013604308	03	02	529514	M	6	0	0	22	0
20260708	4291318	cmp-a001-02-000000010764328	grp-a001-02-000000069047580	단백질쉐이크	nad-a001-02-000000541753976	bsn-a001-00-000000013604308	03	02	529514	M	12	0	0	243	0
20260708	4291318	cmp-a001-02-000000010764328	grp-a001-02-000000069047580	사랑이	nad-a001-02-000000541753974	bsn-a001-00-000000013604308	03	16	529514	M	2	0	0	33	0
20260708	4291318	cmp-a001-02-000000010764328	grp-a001-02-000000069047580	단백질	nad-a001-02-000000541753974	bsn-a001-00-000000013604308	03	18	529514	M	9	0	0	47	0
20260708	4291318	cmp-a001-02-000000010764328	grp-a001-02-000000069047580	가루	nad-a001-02-000000541753996	bsn-a001-00-000000013604308	03	09	684927	P	2	0	0	4	0
20260708	4291318	cmp-a001-02-000000010764328	grp-a001-02-000000069047580	스토어	nad-a001-02-000000541753988	bsn-a001-00-000000013604308	03	13	98128	M	1	0	0	3	0
20260708	4291318	cmp-a001-02-000000010764328	grp-a001-02-000000069047580	단백질쉐이크	nad-a001-02-000000541753977	bsn-a001-00-000000013604308	03	02	529514	M	14	0	0	293	0
20260708	4291318	cmp-a001-02-000000010764328	grp-a001-02-000000069047580	단백질	nad-a001-02-000000541753976	bsn-a001-00-000000013604308	03	02	529514	M	2	0	0	8	0
20260708	4291318	cmp-a001-02-000000010764328	grp-a001-02-000000069047580	보충제	nad-a001-02-000000541753974	bsn-a001-00-000000013604308	03	18	529514	M	1	0	0	2	0
20260708	4291318	cmp-a001-02-000000010764328	grp-a001-02-000000069047580	다이어트쉐이크	nad-a001-02-000000541753980	bsn-a001-00-000000013604308	03	02	768323	M	1	0	0	19	0
20260708	4291318	cmp-a001-02-000000010764328	grp-a001-02-000000069047580	구운견과	nad-a001-02-000000541753959	bsn-a001-00-000000013604308	03	02	33421	M	1	0	0	5	0
20260708	4291318	cmp-a001-02-000000010764328	grp-a001-02-000000069047580	보충제	nad-a001-02-000000541753990	bsn-a001-00-000000013604308	03	18	529514	M	3	0	0	6	0
20260708	4291318	cmp-a001-02-000000010764328	grp-a001-02-000000069047580	쉐이크	nad-a001-02-000000541753977	bsn-a001-00-000000013604308	03	13	529514	M	1	0	0	6	0
20260708	4291318	cmp-a001-02-000000010764328	grp-a001-02-000000069047580	단백질보충제	nad-a001-02-000000541753990	bsn-a001-00-000000013604308	03	08	11068	P	1	0	0	16	0
20260708	4291318	cmp-a001-02-000000010764328	grp-a001-02-000000069047580	보충제	nad-a001-02-000000541753990	bsn-a001-00-000000013604308	03	99	529514	M	4	0	0	8	0
20260708	4291318	cmp-a001-02-000000010764328	grp-a001-02-000000069047580	프로틴	nad-a001-02-000000541753970	bsn-a001-00-000000013604308	03	08	529514	M	2	0	0	9	0
20260708	4291318	cmp-a001-02-000000010764328	grp-a001-02-000000069047580	단백질쉐이크파우치	nad-a001-02-000000541753972	bsn-a001-00-000000013604308	03	02	529514	M	2	0	0	54	0
20260708	4291318	cmp-a001-02-000000010764328	grp-a001-02-000000069047580	프로틴	nad-a001-02-000000541753990	bsn-a001-00-000000013604308	03	02	529514	M	9	0	0	21	0
20260708	4291318	cmp-a001-02-000000010764328	grp-a001-02-000000069047580	쉐이크	nad-a001-02-000000541753977	bsn-a001-00-000000013604308	03	02	529514	M	1	0	0	4	0
20260708	4291318	cmp-a001-02-000000010764328	grp-a001-02-000000069047580	프로틴단백질	nad-a001-02-000000541753989	bsn-a001-00-000000013604308	03	02	98128	M	1	0	0	2	0
20260708	4291318	cmp-a001-02-000000010764328	grp-a001-02-000000069047580	견과류	nad-a001-02-000000541753959	bsn-a001-00-000000013604308	03	10	529514	M	1	0	0	11	0
20260708	4291318	cmp-a001-02-000000010764328	grp-a001-02-000000069047580	프로틴	nad-a001-02-000000541753990	bsn-a001-00-000000013604308	03	16	768323	M	1	0	0	5	0
20260708	4291318	cmp-a001-02-000000010764328	grp-a001-02-000000069047580	프로틴단백질	nad-a001-02-000000541753980	bsn-a001-00-000000013604308	03	09	529514	M	2	0	0	12	0
20260708	4291318	cmp-a001-02-000000010764328	grp-a001-02-000000069047580	프로틴	nad-a001-02-000000541753977	bsn-a001-00-000000013604308	03	06	768323	M	2	0	0	8	0
20260708	4291318	cmp-a001-02-000000010764328	grp-a001-02-000000069047580	프로틴	nad-a001-02-000000541753970	bsn-a001-00-000000013604308	03	16	529514	M	1	0	0	4	0
20260708	4291318	cmp-a001-02-000000010764328	grp-a001-02-000000069047580	스토어	nad-a001-02-000000541753997	bsn-a001-00-000000013604308	03	02	98128	M	2	0	0	14	0
20260708	4291318	cmp-a001-02-000000010764328	grp-a001-02-000000069047580	단백질쉐이크	nad-a001-02-000000541753990	bsn-a001-00-000000013604308	03	16	529514	M	1	0	0	18	0
20260708	4291318	cmp-a001-02-000000010764328	grp-a001-02-000000069047580	프로틴	nad-a001-02-000000541753970	bsn-a001-00-000000013604308	03	06	768323	M	2	0	0	14	0
20260708	4291318	cmp-a001-02-000000010764328	grp-a001-02-000000069047580	단백질쉐이크	nad-a001-02-000000541753976	bsn-a001-00-000000013604308	03	06	529514	M	1	0	0	19	0
20260708	4291318	cmp-a001-02-000000010764328	grp-a001-02-000000069047580	단백질보충제	nad-a001-02-000000541753983	bsn-a001-00-000000013604308	03	02	529514	M	2	0	0	4	0
20260708	4291318	cmp-a001-02-000000010764328	grp-a001-02-000000069047580	다이어트쉐이크	nad-a001-02-000000541753970	bsn-a001-00-000000013604308	03	99	529514	M	2	0	0	35	0
20260708	4291318	cmp-a001-02-000000010764328	grp-a001-02-000000069047580	프로틴	nad-a001-02-000000541753980	bsn-a001-00-000000013604308	03	11	768323	M	4	0	0	24	0
20260708	4291318	cmp-a001-02-000000010764328	grp-a001-02-000000069047580	스토어	nad-a001-02-000000541753967	bsn-a001-00-000000013604308	03	18	98128	M	1	0	0	5	0
20260708	4291318	cmp-a001-02-000000010764328	grp-a001-02-000000069047580	프로틴	nad-a001-02-000000541753974	bsn-a001-00-000000013604308	03	07	768323	M	2	0	0	22	0
20260708	4291318	cmp-a001-02-000000010764328	grp-a001-02-000000069047580	가루	nad-a001-02-000000541754004	bsn-a001-00-000000013604308	03	09	684927	P	2	0	0	2	0
20260708	4291318	cmp-a001-02-000000010764328	grp-a001-02-000000069047580	견과류	nad-a001-02-000000541753959	bsn-a001-00-000000013604308	03	03	529514	M	1	0	0	11	0
20260708	4291318	cmp-a001-02-000000010764328	grp-a001-02-000000069047580	프로틴	nad-a001-02-000000541753970	bsn-a001-00-000000013604308	03	15	529514	M	2	0	0	8	0
20260708	4291318	cmp-a001-02-000000010764328	grp-a001-02-000000069047580	야채가루	nad-a001-02-000000541753988	bsn-a001-00-000000013604308	03	07	8753	M	1	0	0	3	0
20260708	4291318	cmp-a001-02-000000010764328	grp-a001-02-000000069047580	프로틴	nad-a001-02-000000541753974	bsn-a001-00-000000013604308	03	18	529514	M	4	0	0	14	0
20260708	4291318	cmp-a001-02-000000010764328	grp-a001-02-000000069047580	단백질쉐이크	nad-a001-02-000000541753989	bsn-a001-00-000000013604308	03	02	529514	M	11	0	0	203	0
20260708	4291318	cmp-a001-02-000000010764328	grp-a001-02-000000069047580	프로틴	nad-a001-02-000000541753989	bsn-a001-00-000000013604308	03	03	768323	M	1	0	0	5	0
20260708	4291318	cmp-a001-02-000000010764328	grp-a001-02-000000069047580	균형영양식	nad-a001-02-000000541753965	bsn-a001-00-000000013604308	03	09	87620	M	2	0	0	14	0
20260708	4291318	cmp-a001-02-000000010764328	grp-a001-02-000000069047580	보충제	nad-a001-02-000000541753977	bsn-a001-00-000000013604308	03	99	529514	M	4	0	0	15	0
20260708	4291318	cmp-a001-02-000000010764328	grp-a001-02-000000069047580	프로틴	nad-a001-02-000000541753977	bsn-a001-00-000000013604308	03	08	768323	M	2	0	0	10	0
20260708	4291318	cmp-a001-02-000000010764328	grp-a001-02-000000069047580	영양식	nad-a001-02-000000541753965	bsn-a001-00-000000013604308	03	15	529514	M	1	0	0	9	0
20260708	4291318	cmp-a001-02-000000010764328	grp-a001-02-000000069047580	HIGHPROTEIN초코	nad-a001-02-000000541754000	bsn-a001-00-000000013604308	03	00	8753	M	1	0	0	3	0
20260708	4291318	cmp-a001-02-000000010764328	grp-a001-02-000000069047580	프로틴	nad-a001-02-000000541753972	bsn-a001-00-000000013604308	03	11	768323	M	4	0	0	40	0
20260708	4291318	cmp-a001-02-000000010764328	grp-a001-02-000000069047580	단백질쉐이크	nad-a001-02-000000541753983	bsn-a001-00-000000013604308	03	06	529514	M	1	0	0	18	0
20260708	4291318	cmp-a001-02-000000010764328	grp-a001-02-000000069047580	프로틴	nad-a001-02-000000541753977	bsn-a001-00-000000013604308	03	15	529514	M	2	0	0	9	0
20260708	4291318	cmp-a001-02-000000010764328	grp-a001-02-000000069047580	프로틴쉐이크	nad-a001-02-000000541753990	bsn-a001-00-000000013604308	03	18	529514	M	1	0	0	4	0
20260708	4291318	cmp-a001-02-000000010764328	grp-a001-02-000000069047580	프로틴	nad-a001-02-000000541753983	bsn-a001-00-000000013604308	03	09	291244	M	1	0	0	6	0
20260708	4291318	cmp-a001-02-000000010764328	grp-a001-02-000000069047580	프로틴	nad-a001-02-000000541753989	bsn-a001-00-000000013604308	03	03	529514	M	1	0	0	2	0
20260708	4291318	cmp-a001-02-000000010764328	grp-a001-02-000000069047580	프로틴	nad-a001-02-000000541753990	bsn-a001-00-000000013604308	03	02	98128	M	1	0	0	3	0
20260708	4291318	cmp-a001-02-000000010764328	grp-a001-02-000000069047580	스토어	nad-a001-02-000000541753988	bsn-a001-00-000000013604308	03	18	98128	M	1	0	0	3	0
20260708	4291318	cmp-a001-02-000000010764328	grp-a001-02-000000069047580	단백질쉐이크	nad-a001-02-000000541753976	bsn-a001-00-000000013604308	03	09	529514	M	6	0	0	116	0
20260708	4291318	cmp-a001-02-000000010764328	grp-a001-02-000000069047580	프로틴	nad-a001-02-000000541753976	bsn-a001-00-000000013604308	03	18	768323	M	3	0	0	17	0
20260708	4291318	cmp-a001-02-000000010764328	grp-a001-02-000000069047580	프로틴	nad-a001-02-000000541753976	bsn-a001-00-000000013604308	03	03	529514	M	2	0	0	7	0
20260708	4291318	cmp-a001-02-000000010764328	grp-a001-02-000000069047580	프로틴	nad-a001-02-000000541753974	bsn-a001-00-000000013604308	03	02	768323	M	14	0	0	153	0
20260708	4291318	cmp-a001-02-000000010764328	grp-a001-02-000000069047580	견과류	nad-a001-02-000000541753959	bsn-a001-00-000000013604308	03	02	529514	M	10	0	0	116	0
20260708	4291318	cmp-a001-02-000000010764328	grp-a001-02-000000069047580	프로틴	nad-a001-02-000000541753980	bsn-a001-00-000000013604308	03	03	768323	M	1	0	0	9	0
20260708	4291318	cmp-a001-02-000000010764328	grp-a001-02-000000069047580	프로틴쉐이크	nad-a001-02-000000541753974	bsn-a001-00-000000013604308	03	02	529514	M	1	0	0	7	0
20260708	4291318	cmp-a001-02-000000010764328	grp-a001-02-000000069047580	대상푸드	nad-a001-02-000000541753963	bsn-a001-00-000000013604308	03	06	33421	M	1	0	0	10	0
20260708	4291318	cmp-a001-02-000000010764328	grp-a001-02-000000069047580	프로틴	nad-a001-02-000000541753983	bsn-a001-00-000000013604308	03	99	768323	M	3	0	0	10	0
20260708	4291318	cmp-a001-02-000000010764328	grp-a001-02-000000069047580	프로틴	nad-a001-02-000000541753972	bsn-a001-00-000000013604308	03	08	768323	M	1	0	0	10	0
20260708	4291318	cmp-a001-02-000000010764328	grp-a001-02-000000069047580	단백질	nad-a001-02-000000541753972	bsn-a001-00-000000013604308	03	02	768323	M	1	0	0	16	0
20260708	4291318	cmp-a001-02-000000010764328	grp-a001-02-000000069047580	단백질	nad-a001-02-000000541753977	bsn-a001-00-000000013604308	03	02	529514	M	3	0	0	13	0
20260708	4291318	cmp-a001-02-000000010764328	grp-a001-02-000000069047580	보충제	nad-a001-02-000000541753972	bsn-a001-00-000000013604308	03	99	529514	M	5	0	0	22	0
20260708	4291318	cmp-a001-02-000000010764328	grp-a001-02-000000069047580	영양식	nad-a001-02-000000541754002	bsn-a001-00-000000013604308	03	15	529514	M	1	0	0	8	0
20260708	4291318	cmp-a001-02-000000010764328	grp-a001-02-000000069047580	프로틴	nad-a001-02-000000541753976	bsn-a001-00-000000013604308	03	07	529514	M	1	0	0	3	0
20260708	4291318	cmp-a001-02-000000010764328	grp-a001-02-000000069047580	견과류	nad-a001-02-000000541753960	bsn-a001-00-000000013604308	03	99	529514	M	2	0	0	23	0
20260708	4291318	cmp-a001-02-000000010764328	grp-a001-02-000000069047580	프로틴	nad-a001-02-000000541753970	bsn-a001-00-000000013604308	03	02	529514	M	11	0	0	41	0
20260708	4291318	cmp-a001-02-000000010764328	grp-a001-02-000000069047580	단백질	nad-a001-02-000000541753974	bsn-a001-00-000000013604308	03	14	529514	M	4	0	0	16	0
20260708	4291318	cmp-a001-02-000000010764328	grp-a001-02-000000069047580	단백질보충제	nad-a001-02-000000541753976	bsn-a001-00-000000013604308	03	02	87620	M	1	0	0	7	0
20260708	4291318	cmp-a001-02-000000010764328	grp-a001-02-000000069047580	프로틴	nad-a001-02-000000541753983	bsn-a001-00-000000013604308	03	13	768323	M	1	0	0	4	0
20260708	4291318	cmp-a001-02-000000010764328	grp-a001-02-000000069047580	프로틴	nad-a001-02-000000541753983	bsn-a001-00-000000013604308	03	02	768323	M	1	0	0	4	0
20260708	4291318	cmp-a001-02-000000010764328	grp-a001-02-000000069047580	프로틴	nad-a001-02-000000541753976	bsn-a001-00-000000013604308	03	09	768323	M	13	0	0	78	0
20260708	4291318	cmp-a001-02-000000010764328	grp-a001-02-000000069047580	스토어	nad-a001-02-000000541753966	bsn-a001-00-000000013604308	03	06	98128	M	1	0	0	5	0
20260708	4291318	cmp-a001-02-000000010764328	grp-a001-02-000000069047580	프로틴	nad-a001-02-000000541753977	bsn-a001-00-000000013604308	03	99	529514	M	2	0	0	7	0
20260708	4291318	cmp-a001-02-000000010764328	grp-a001-02-000000069047580	프로틴	nad-a001-02-000000541753970	bsn-a001-00-000000013604308	03	02	768323	M	14	0	0	99	0
20260708	4291318	cmp-a001-02-000000010764328	grp-a001-02-000000069047580	단백질	nad-a001-02-000000541753983	bsn-a001-00-000000013604308	03	99	529514	M	3	0	0	9	0
20260708	4291318	cmp-a001-02-000000010764328	grp-a001-02-000000069047580	단백질보충제	nad-a001-02-000000541753976	bsn-a001-00-000000013604308	03	06	529514	M	3	0	0	9	0
20260708	4291318	cmp-a001-02-000000010764328	grp-a001-02-000000069047580	생식가루	nad-a001-02-000000541753996	bsn-a001-00-000000013604308	03	07	8753	M	1	0	0	1	0
20260708	4291318	cmp-a001-02-000000010764328	grp-a001-02-000000069047580	단백질보충제	nad-a001-02-000000541753990	bsn-a001-00-000000013604308	03	02	87620	M	1	0	0	1	0
20260708	4291318	cmp-a001-02-000000010764328	grp-a001-02-000000069047580	프로틴	nad-a001-02-000000541753976	bsn-a001-00-000000013604308	03	09	529514	M	11	0	0	36	0
20260708	4291318	cmp-a001-02-000000010764328	grp-a001-02-000000069047580	프로틴단백질	nad-a001-02-000000541753990	bsn-a001-00-000000013604308	03	09	529514	M	1	0	0	2	0
20260708	4291318	cmp-a001-02-000000010764328	grp-a001-02-000000069047580	단백질쉐이크	nad-a001-02-000000541753990	bsn-a001-00-000000013604308	03	02	529514	M	19	0	0	347	0
20260708	4291318	cmp-a001-02-000000010764328	grp-a001-02-000000069047580	견과	nad-a001-02-000000541753959	bsn-a001-00-000000013604308	03	02	529514	M	2	0	0	13	0
20260708	4291318	cmp-a001-02-000000010764328	grp-a001-02-000000069047580	생식가루	nad-a001-02-000000541754004	bsn-a001-00-000000013604308	03	07	8753	M	1	0	0	3	0
20260708	4291318	cmp-a001-02-000000010764328	grp-a001-02-000000069047580	단백질쉐이크	nad-a001-02-000000541753976	bsn-a001-00-000000013604308	03	11	529514	M	4	0	0	76	0
20260708	4291318	cmp-a001-02-000000010764328	grp-a001-02-000000069047580	프로틴	nad-a001-02-000000541753972	bsn-a001-00-000000013604308	03	99	768323	M	7	0	0	67	0
20260708	4291318	cmp-a001-02-000000010764328	grp-a001-02-000000069047580	단백질쉐이크	nad-a001-02-000000541753977	bsn-a001-00-000000013604308	03	03	529514	M	1	0	0	22	0
20260708	4291318	cmp-a001-02-000000010764328	grp-a001-02-000000069047580	견과류	nad-a001-02-000000541753960	bsn-a001-00-000000013604308	03	11	529514	M	1	0	0	12	0
20260708	4291318	cmp-a001-02-000000010764328	grp-a001-02-000000069047580	프로틴	nad-a001-02-000000541753989	bsn-a001-00-000000013604308	03	06	768323	M	2	0	0	18	0
20260708	4291318	cmp-a001-02-000000010764328	grp-a001-02-000000069047580	프로틴	nad-a001-02-000000541753974	bsn-a001-00-000000013604308	03	02	98128	M	1	0	0	4	0
20260708	4291318	cmp-a001-02-000000010764328	grp-a001-02-000000069047580	보충제	nad-a001-02-000000541753972	bsn-a001-00-000000013604308	03	18	529514	M	4	0	0	24	0
20260708	4291318	cmp-a001-02-000000010764328	grp-a001-02-000000069047580	프로틴	nad-a001-02-000000541753977	bsn-a001-00-000000013604308	03	13	768323	M	1	0	0	4	0
20260708	4291318	cmp-a001-02-000000010764328	grp-a001-02-000000069047580	프로틴	nad-a001-02-000000541753990	bsn-a001-00-000000013604308	03	09	768323	M	30	0	0	178	0
20260708	4291318	cmp-a001-02-000000010764328	grp-a001-02-000000069047580	단백질	nad-a001-02-000000541753974	bsn-a001-00-000000013604308	03	02	768323	M	1	0	0	11	0
20260708	4291318	cmp-a001-02-000000010764328	grp-a001-02-000000069047580	견과류	nad-a001-02-000000541753959	bsn-a001-00-000000013604308	03	07	529514	M	2	0	0	22	0
20260708	4291318	cmp-a001-02-000000010764328	grp-a001-02-000000069047580	단백질쉐이크	nad-a001-02-000000541753977	bsn-a001-00-000000013604308	03	11	529514	M	5	0	0	102	0
20260708	4291318	cmp-a001-02-000000010764328	grp-a001-02-000000069047580	프로틴	nad-a001-02-000000541753976	bsn-a001-00-000000013604308	03	08	529514	M	1	0	0	5	0
20260708	4291318	cmp-a001-02-000000010764328	grp-a001-02-000000069047580	스토어	nad-a001-02-000000541753988	bsn-a001-00-000000013604308	03	11	98128	M	4	0	0	12	0
20260708	4291318	cmp-a001-02-000000010764328	grp-a001-02-000000069047580	단백질쉐이크	nad-a001-02-000000541753972	bsn-a001-00-000000013604308	03	09	529514	M	4	0	0	86	0
20260708	4291318	cmp-a001-02-000000010764328	grp-a001-02-000000069047580	스토어	nad-a001-02-000000541753967	bsn-a001-00-000000013604308	03	09	98128	M	5	0	0	24	0
20260708	4291318	cmp-a001-02-000000010764328	grp-a001-02-000000069047580	단백질쉐이크	nad-a001-02-000000541753972	bsn-a001-00-000000013604308	03	11	529514	M	2	0	0	42	0
20260708	4291318	cmp-a001-02-000000010764328	grp-a001-02-000000069047580	프로틴	nad-a001-02-000000541753989	bsn-a001-00-000000013604308	03	17	529514	M	1	0	0	2	0
20260708	4291318	cmp-a001-02-000000010764328	grp-a001-02-000000069047580	단백질보충제	nad-a001-02-000000541753977	bsn-a001-00-000000013604308	03	06	529514	M	7	0	0	35	0
20260708	4291318	cmp-a001-02-000000010764328	grp-a001-02-000000069047580	쉐이크	nad-a001-02-000000541753980	bsn-a001-00-000000013604308	03	02	529514	M	1	0	0	5	0
20260708	4291318	cmp-a001-02-000000010764328	grp-a001-02-000000069047580	프로틴	nad-a001-02-000000541753972	bsn-a001-00-000000013604308	03	03	529514	M	1	0	0	6	0
20260708	4291318	cmp-a001-02-000000010764328	grp-a001-02-000000069047580	단백질보충제	nad-a001-02-000000541753989	bsn-a001-00-000000013604308	03	06	529514	M	7	0	0	19	0
20260708	4291318	cmp-a001-02-000000010764328	grp-a001-02-000000069047580	프로틴	nad-a001-02-000000541753989	bsn-a001-00-000000013604308	03	02	768323	M	14	0	0	126	0
20260708	4291318	cmp-a001-02-000000010764328	grp-a001-02-000000069047580	프로틴쉐이크	nad-a001-02-000000541753990	bsn-a001-00-000000013604308	03	02	529514	M	1	0	0	4	0
20260708	4291318	cmp-a001-02-000000010764328	grp-a001-02-000000069047580	프로틴단백질	nad-a001-02-000000541753974	bsn-a001-00-000000013604308	03	09	529514	M	2	0	0	9	0
20260708	4291318	cmp-a001-02-000000010764328	grp-a001-02-000000069047580	황성주생식	nad-a001-02-000000541754005	bsn-a001-00-000000013604308	03	02	529514	M	1	0	0	12	0
20260708	4291318	cmp-a001-02-000000010764328	grp-a001-02-000000069047580	든든한간식견과류	nad-a001-02-000000541753960	bsn-a001-00-000000013604308	03	09	11068	P	1	0	0	2	0
20260708	4291318	cmp-a001-02-000000010764328	grp-a001-02-000000069047580	구운견과	nad-a001-02-000000541753960	bsn-a001-00-000000013604308	03	02	33421	M	1	0	0	3	0
20260708	4291318	cmp-a001-02-000000010764328	grp-a001-02-000000069047580	프로틴	nad-a001-02-000000541753990	bsn-a001-00-000000013604308	03	99	768323	M	10	0	0	54	0
20260708	4291318	cmp-a001-02-000000010764328	grp-a001-02-000000069047580	프로틴	nad-a001-02-000000541753990	bsn-a001-00-000000013604308	03	06	768323	M	2	0	0	16	0
20260708	4291318	cmp-a001-02-000000010764328	grp-a001-02-000000069047580	견과류	nad-a001-02-000000541753959	bsn-a001-00-000000013604308	03	18	529514	M	1	0	0	11	0
20260708	4291318	cmp-a001-02-000000010764328	grp-a001-02-000000069047580	단백질	nad-a001-02-000000541753980	bsn-a001-00-000000013604308	03	18	529514	M	10	0	0	72	0
20260708	4291318	cmp-a001-02-000000010764328	grp-a001-02-000000069047580	쉐이크	nad-a001-02-000000541753983	bsn-a001-00-000000013604308	03	02	529514	M	5	0	0	13	0
20260708	4291318	cmp-a001-02-000000010764328	grp-a001-02-000000069047580	보충제	nad-a001-02-000000541753972	bsn-a001-00-000000013604308	03	02	529514	M	3	0	0	19	0
20260708	4291318	cmp-a001-02-000000010764328	grp-a001-02-000000069047580	견과류	nad-a001-02-000000541753960	bsn-a001-00-000000013604308	03	07	529514	M	1	0	0	12	0
20260708	4291318	cmp-a001-02-000000010764328	grp-a001-02-000000069047580	보충제	nad-a001-02-000000541753980	bsn-a001-00-000000013604308	03	02	529514	M	5	0	0	26	0
20260708	4291318	cmp-a001-02-000000010764328	grp-a001-02-000000069047580	단백질쉐이크	nad-a001-02-000000541753972	bsn-a001-00-000000013604308	03	06	529514	M	1	0	0	24	0
20260708	4291318	cmp-a001-02-000000010764328	grp-a001-02-000000069047580	단백질보충제	nad-a001-02-000000541753990	bsn-a001-00-000000013604308	03	06	529514	M	8	0	0	16	0
20260708	4291318	cmp-a001-02-000000010764328	grp-a001-02-000000069047580	단백질쉐이크	nad-a001-02-000000541753970	bsn-a001-00-000000013604308	03	06	529514	M	1	0	0	20	0
20260708	4291318	cmp-a001-02-000000010764328	grp-a001-02-000000069047580	프로틴	nad-a001-02-000000541753977	bsn-a001-00-000000013604308	03	18	768323	M	3	0	0	13	0
20260708	4291318	cmp-a001-02-000000010764328	grp-a001-02-000000069047580	쉐이크	nad-a001-02-000000541753972	bsn-a001-00-000000013604308	03	02	529514	M	1	0	0	3	0
20260708	4291318	cmp-a001-02-000000010764328	grp-a001-02-000000069047580	단백질	nad-a001-02-000000541753990	bsn-a001-00-000000013604308	03	18	529514	M	8	0	0	24	0
20260708	4291318	cmp-a001-02-000000010764328	grp-a001-02-000000069047580	프로틴	nad-a001-02-000000541753989	bsn-a001-00-000000013604308	03	99	529514	M	1	0	0	3	0
20260708	4291318	cmp-a001-02-000000010764328	grp-a001-02-000000069047580	프로틴	nad-a001-02-000000541753990	bsn-a001-00-000000013604308	03	13	768323	M	2	0	0	13	0
20260708	4291318	cmp-a001-02-000000010764328	grp-a001-02-000000069047580	보충제	nad-a001-02-000000541753990	bsn-a001-00-000000013604308	03	02	529514	M	1	0	0	2	0
20260708	4291318	cmp-a001-02-000000010764328	grp-a001-02-000000069047580	프로틴	nad-a001-02-000000541753976	bsn-a001-00-000000013604308	03	02	529514	M	11	0	0	35	0
20260708	4291318	cmp-a001-02-000000010764328	grp-a001-02-000000069047580	단백질쉐이크	nad-a001-02-000000541753970	bsn-a001-00-000000013604308	03	03	529514	M	2	0	0	39	0
20260708	4291318	cmp-a001-02-000000010764328	grp-a001-02-000000069047580	프로틴	nad-a001-02-000000541753976	bsn-a001-00-000000013604308	03	06	768323	M	2	0	0	12	0
20260708	4291318	cmp-a001-02-000000010764328	grp-a001-02-000000069047580	보충제	nad-a001-02-000000541753980	bsn-a001-00-000000013604308	03	18	529514	M	5	0	0	22	0
20260708	4291318	cmp-a001-02-000000010764328	grp-a001-02-000000069047580	견과류	nad-a001-02-000000541753959	bsn-a001-00-000000013604308	03	99	529514	M	4	0	0	44	0
20260708	4291318	cmp-a001-02-000000010764328	grp-a001-02-000000069047580	프로틴	nad-a001-02-000000541753990	bsn-a001-00-000000013604308	03	15	529514	M	5	0	0	10	0
20260708	4291318	cmp-a001-02-000000010764328	grp-a001-02-000000069047580	가루	nad-a001-02-000000541753997	bsn-a001-00-000000013604308	03	09	684927	P	2	0	0	22	0
20260708	4291318	cmp-a001-02-000000010764328	grp-a001-02-000000069047580	쉐이크	nad-a001-02-000000541753976	bsn-a001-00-000000013604308	03	13	529514	M	1	0	0	4	0
20260708	4291318	cmp-a001-02-000000010764328	grp-a001-02-000000069047580	단백질쉐이크	nad-a001-02-000000541753974	bsn-a001-00-000000013604308	03	06	529514	M	1	0	0	21	0
20260708	4291318	cmp-a001-02-000000010764328	grp-a001-02-000000069047580	사랑이	nad-a001-02-000000541753980	bsn-a001-00-000000013604308	03	16	529514	M	1	0	0	16	0
20260708	4291318	cmp-a001-02-000000010764328	grp-a001-02-000000069047580	단백질쉐이크	nad-a001-02-000000541753989	bsn-a001-00-000000013604308	03	11	529514	M	3	0	0	55	0
20260708	4291318	cmp-a001-02-000000010764328	grp-a001-02-000000069047580	단백질쉐이크	nad-a001-02-000000541753980	bsn-a001-00-000000013604308	03	06	529514	M	2	0	0	42	0
20260708	4291318	cmp-a001-02-000000010764328	grp-a001-02-000000069047580	보충제	nad-a001-02-000000541753989	bsn-a001-00-000000013604308	03	14	529514	M	4	0	0	10	0
20260708	4291318	cmp-a001-02-000000010764328	grp-a001-02-000000069047580	황성주생식	nad-a001-02-000000541753988	bsn-a001-00-000000013604308	03	06	8753	M	1	0	0	1	0
20260708	4291318	cmp-a001-02-000000010764328	grp-a001-02-000000069047580	다이어트쉐이크	nad-a001-02-000000541753977	bsn-a001-00-000000013604308	03	02	768323	M	1	0	0	18	0
20260708	4291318	cmp-a001-02-000000010764328	grp-a001-02-000000069047580	단백질쉐이크	nad-a001-02-000000541753970	bsn-a001-00-000000013604308	03	16	529514	M	2	0	0	38	0
20260708	4291318	cmp-a001-02-000000010764328	grp-a001-02-000000069047580	프로틴	nad-a001-02-000000541753990	bsn-a001-00-000000013604308	03	02	768323	M	15	0	0	108	0
20260708	4291318	cmp-a001-02-000000010764328	grp-a001-02-000000069047580	다이어트쉐이크	nad-a001-02-000000541753972	bsn-a001-00-000000013604308	03	99	529514	M	1	0	0	19	0
20260708	4291318	cmp-a001-02-000000010764328	grp-a001-02-000000069047580	단백질쉐이크	nad-a001-02-000000541753974	bsn-a001-00-000000013604308	03	08	529514	M	1	0	0	19	0
20260708	4291318	cmp-a001-02-000000010764328	grp-a001-02-000000069047580	단백질쉐이크	nad-a001-02-000000541753983	bsn-a001-00-000000013604308	03	99	529514	M	2	0	0	36	0
20260708	4291318	cmp-a001-02-000000010764328	grp-a001-02-000000069047580	프로틴	nad-a001-02-000000541753972	bsn-a001-00-000000013604308	03	99	529514	M	2	0	0	11	0
20260708	4291318	cmp-a001-02-000000010764328	grp-a001-02-000000069047580	다이어트쉐이크	nad-a001-02-000000541753990	bsn-a001-00-000000013604308	03	02	529514	M	1	0	0	16	0
20260708	4291318	cmp-a001-02-000000010764328	grp-a001-02-000000069047580	프로틴	nad-a001-02-000000541753974	bsn-a001-00-000000013604308	03	99	768323	M	7	0	0	74	0
20260708	4291318	cmp-a001-02-000000010764328	grp-a001-02-000000069047580	프로틴	nad-a001-02-000000541753980	bsn-a001-00-000000013604308	03	02	98128	M	1	0	0	8	0
20260708	4291318	cmp-a001-02-000000010764328	grp-a001-02-000000069047580	단백질	nad-a001-02-000000541753970	bsn-a001-00-000000013604308	03	02	768323	M	1	0	0	12	0
20260708	4291318	cmp-a001-02-000000010764328	grp-a001-02-000000069047580	균형영양식	nad-a001-02-000000541754002	bsn-a001-00-000000013604308	03	13	529514	M	2	0	0	12	0
20260708	4291318	cmp-a001-02-000000010764328	grp-a001-02-000000069047580	단백질쉐이크	nad-a001-02-000000541753977	bsn-a001-00-000000013604308	03	16	529514	M	1	0	0	20	0
20260708	4291318	cmp-a001-02-000000010764328	grp-a001-02-000000069047580	견과류	nad-a001-02-000000541753959	bsn-a001-00-000000013604308	03	08	529514	M	1	0	0	11	0
20260708	4291318	cmp-a001-02-000000010764328	grp-a001-02-000000069047580	스토어	nad-a001-02-000000541753997	bsn-a001-00-000000013604308	03	11	98128	M	3	0	0	21	0
20260708	4291318	cmp-a001-02-000000010764328	grp-a001-02-000000069047580	쉐이크	nad-a001-02-000000541753989	bsn-a001-00-000000013604308	03	13	529514	M	1	0	0	3	0
20260708	4291318	cmp-a001-02-000000010764328	grp-a001-02-000000069047580	쉐이크	nad-a001-02-000000541753990	bsn-a001-00-000000013604308	03	13	529514	M	1	0	0	2	0
20260708	4291318	cmp-a001-02-000000010764328	grp-a001-02-000000069047580	프로틴	nad-a001-02-000000541753990	bsn-a001-00-000000013604308	03	09	529514	M	11	0	0	24	0
20260708	4291318	cmp-a001-02-000000010764328	grp-a001-02-000000069047580	프로틴	nad-a001-02-000000541753970	bsn-a001-00-000000013604308	03	03	768323	M	1	0	0	8	0
20260708	4291318	cmp-a001-02-000000010764328	grp-a001-02-000000069047580	프로틴	nad-a001-02-000000541753977	bsn-a001-00-000000013604308	03	02	529514	M	11	0	0	53	0
20260708	4291318	cmp-a001-02-000000010764328	grp-a001-02-000000069047580	스토어	nad-a001-02-000000541753997	bsn-a001-00-000000013604308	03	07	98128	M	1	0	0	7	0
20260708	4291318	cmp-a001-02-000000010764328	grp-a001-02-000000069047580	단백질쉐이크	nad-a001-02-000000541753972	bsn-a001-00-000000013604308	03	16	529514	M	1	0	0	22	0
20260708	4291318	cmp-a001-02-000000010764328	grp-a001-02-000000069047580	보충제	nad-a001-02-000000541753989	bsn-a001-00-000000013604308	03	99	529514	M	3	0	0	8	0
20260708	4291318	cmp-a001-02-000000010764328	grp-a001-02-000000069047580	프로틴	nad-a001-02-000000541753983	bsn-a001-00-000000013604308	03	08	529514	M	1	0	0	4	0
20260708	4291318	cmp-a001-02-000000010764328	grp-a001-02-000000069047580	프로틴쉐이크	nad-a001-02-000000541753976	bsn-a001-00-000000013604308	03	18	529514	M	1	0	0	4	0
20260708	4291318	cmp-a001-02-000000010764328	grp-a001-02-000000069047580	식사대용	nad-a001-02-000000541753989	bsn-a001-00-000000013604308	03	00	798056	M	1	0	0	8	0
20260708	4291318	cmp-a001-02-000000010764328	grp-a001-02-000000069047580	가루	nad-a001-02-000000541753967	bsn-a001-00-000000013604308	03	09	684927	P	2	0	0	8	0
20260708	4291318	cmp-a001-02-000000010764328	grp-a001-02-000000069047580	황성주생식	nad-a001-02-000000541753967	bsn-a001-00-000000013604308	03	06	8753	M	1	0	0	2	0
20260708	4291318	cmp-a001-02-000000010764328	grp-a001-02-000000069047580	프로틴	nad-a001-02-000000541753977	bsn-a001-00-000000013604308	03	07	529514	M	1	0	0	5	0
20260708	4291318	cmp-a001-02-000000010764328	grp-a001-02-000000069047580	프로틴	nad-a001-02-000000541753980	bsn-a001-00-000000013604308	03	15	529514	M	5	0	0	18	0
20260708	4291318	cmp-a001-02-000000010764328	grp-a001-02-000000069047580	보충제	nad-a001-02-000000541753977	bsn-a001-00-000000013604308	03	02	529514	M	2	0	0	9	0
20260708	4291318	cmp-a001-02-000000010764328	grp-a001-02-000000069047580	프로틴	nad-a001-02-000000541753974	bsn-a001-00-000000013604308	03	11	768323	M	4	0	0	44	0
20260708	4291318	cmp-a001-02-000000010764328	grp-a001-02-000000069047580	프로틴	nad-a001-02-000000541753974	bsn-a001-00-000000013604308	03	13	768323	M	1	0	0	11	0
20260708	4291318	cmp-a001-02-000000010764328	grp-a001-02-000000069047580	단백질	nad-a001-02-000000541753989	bsn-a001-00-000000013604308	03	02	768323	M	1	0	0	10	0
20260708	4291318	cmp-a001-02-000000010764328	grp-a001-02-000000069047580	스토어	nad-a001-02-000000541753967	bsn-a001-00-000000013604308	03	09	248824	P	2	0	0	8	0
20260708	4291318	cmp-a001-02-000000010764328	grp-a001-02-000000069047580	스토어	nad-a001-02-000000541753988	bsn-a001-00-000000013604308	03	02	98128	M	4	0	0	12	0
20260708	4291318	cmp-a001-02-000000010764328	grp-a001-02-000000069047580	단백질파우더	nad-a001-02-000000541753990	bsn-a001-00-000000013604308	03	04	529514	M	2	0	0	4	0
20260708	4291318	cmp-a001-02-000000010764328	grp-a001-02-000000069047580	단백질보충제	nad-a001-02-000000541753977	bsn-a001-00-000000013604308	03	08	529514	M	1	0	0	4	0
20260708	4291318	cmp-a001-02-000000010764328	grp-a001-02-000000069047580	프로틴	nad-a001-02-000000541753974	bsn-a001-00-000000013604308	03	08	768323	M	2	0	0	20	0
20260708	4291318	cmp-a001-02-000000010764328	grp-a001-02-000000069047580	보충제	nad-a001-02-000000541753989	bsn-a001-00-000000013604308	03	02	529514	M	6	0	0	13	0
20260708	4291318	cmp-a001-02-000000010764328	grp-a001-02-000000069047580	프로틴	nad-a001-02-000000541753972	bsn-a001-00-000000013604308	03	13	768323	M	1	0	0	10	0
20260708	4291318	cmp-a001-02-000000010764328	grp-a001-02-000000069047580	이롬생식	nad-a001-02-000000541753997	bsn-a001-00-000000013604308	03	00	684924	M	1	0	0	1	0
20260708	4291318	cmp-a001-02-000000010764328	grp-a001-02-000000069047580	프로틴	nad-a001-02-000000541753983	bsn-a001-00-000000013604308	03	16	768323	M	1	0	0	4	0
20260708	4291318	cmp-a001-02-000000010764328	grp-a001-02-000000069047580	단백질쉐이크	nad-a001-02-000000541753990	bsn-a001-00-000000013604308	03	03	529514	M	2	0	0	36	0
20260708	4291318	cmp-a001-02-000000010764328	grp-a001-02-000000069047580	단백질	nad-a001-02-000000541753990	bsn-a001-00-000000013604308	03	02	768323	M	1	0	0	9	0
20260708	4291318	cmp-a001-02-000000010764328	grp-a001-02-000000069047580	단백질쉐이크파우치	nad-a001-02-000000541753980	bsn-a001-00-000000013604308	03	02	529514	M	2	0	0	56	0
20260708	4291318	cmp-a001-02-000000010764328	grp-a001-02-000000069047580	프로틴	nad-a001-02-000000541753983	bsn-a001-00-000000013604308	03	17	529514	M	4	0	0	19	0
20260708	4291318	cmp-a001-02-000000010764328	grp-a001-02-000000069047580	견과류	nad-a001-02-000000541753960	bsn-a001-00-000000013604308	03	03	529514	M	1	0	0	12	0
20260708	4291318	cmp-a001-02-000000010764328	grp-a001-02-000000069047580	사랑이	nad-a001-02-000000541753977	bsn-a001-00-000000013604308	03	16	529514	M	2	0	0	30	0
20260708	4291318	cmp-a001-02-000000010764328	grp-a001-02-000000069047580	프로틴	nad-a001-02-000000541753990	bsn-a001-00-000000013604308	03	08	768323	M	5	0	0	27	0
20260708	4291318	cmp-a001-02-000000010764328	grp-a001-02-000000069047580	프로틴	nad-a001-02-000000541753990	bsn-a001-00-000000013604308	03	07	768323	M	2	0	0	16	0
20260708	4291318	cmp-a001-02-000000010764328	grp-a001-02-000000069047580	단백질쉐이크파우치	nad-a001-02-000000541753975	bsn-a001-00-000000013604308	03	02	529514	M	1	0	0	25	0
20260708	4291318	cmp-a001-02-000000010764328	grp-a001-02-000000069047580	프로틴	nad-a001-02-000000541753974	bsn-a001-00-000000013604308	03	09	529514	M	11	0	0	39	0
20260708	4291318	cmp-a001-02-000000010764328	grp-a001-02-000000069047580	스토어	nad-a001-02-000000541753988	bsn-a001-00-000000013604308	03	07	98128	M	5	0	0	15	0
20260708	4291318	cmp-a001-02-000000010764328	grp-a001-02-000000069047580	단백질	nad-a001-02-000000541753974	bsn-a001-00-000000013604308	03	02	529514	M	2	0	0	6	0
20260708	4291318	cmp-a001-02-000000010764328	grp-a001-02-000000069047580	단백질	nad-a001-02-000000541753972	bsn-a001-00-000000013604308	03	18	529514	M	9	0	0	71	0
20260708	4291318	cmp-a001-02-000000010764328	grp-a001-02-000000069047580	스토어	nad-a001-02-000000541754004	bsn-a001-00-000000013604308	03	18	98128	M	1	0	0	4	0
20260708	4291318	cmp-a001-02-000000010764328	grp-a001-02-000000069047580	단백질쉐이크	nad-a001-02-000000541753974	bsn-a001-00-000000013604308	03	03	529514	M	1	0	0	21	0
20260708	4291318	cmp-a001-02-000000010764328	grp-a001-02-000000069047580	식사대용선식	nad-a001-02-000000541753988	bsn-a001-00-000000013604308	03	03	341893	M	1	1	2482	1	0
20260708	4291318	cmp-a001-02-000000010764328	grp-a001-02-000000069047580	보충제	nad-a001-02-000000541753976	bsn-a001-00-000000013604308	03	14	529514	M	4	0	0	12	0
20260708	4291318	cmp-a001-02-000000010764328	grp-a001-02-000000069047580	프로틴쉐이크	nad-a001-02-000000541753976	bsn-a001-00-000000013604308	03	02	529514	M	1	0	0	6	0
20260708	4291318	cmp-a001-02-000000010764328	grp-a001-02-000000069047580	보충제	nad-a001-02-000000541753990	bsn-a001-00-000000013604308	03	14	529514	M	4	0	0	8	0
20260708	4291318	cmp-a001-02-000000010764328	grp-a001-02-000000069047580	황성주생식	nad-a001-02-000000541753966	bsn-a001-00-000000013604308	03	06	8753	M	1	0	0	3	0
20260708	4291318	cmp-a001-02-000000010764328	grp-a001-02-000000069047580	프로틴	nad-a001-02-000000541753974	bsn-a001-00-000000013604308	03	99	529514	M	2	0	0	7	0
20260708	4291318	cmp-a001-02-000000010764328	grp-a001-02-000000069047580	단백질	nad-a001-02-000000541753980	bsn-a001-00-000000013604308	03	02	529514	M	4	0	0	20	0
20260708	4291318	cmp-a001-02-000000010764328	grp-a001-02-000000069047580	스토어	nad-a001-02-000000541754004	bsn-a001-00-000000013604308	03	11	98128	M	3	0	0	12	0
20260708	4291318	cmp-a001-02-000000010764328	grp-a001-02-000000069047580	단백질쉐이크	nad-a001-02-000000541753980	bsn-a001-00-000000013604308	03	02	529514	M	11	0	0	233	0
20260708	4291318	cmp-a001-02-000000010764328	grp-a001-02-000000069047580	프로틴	nad-a001-02-000000541753989	bsn-a001-00-000000013604308	03	02	98128	M	1	0	0	2	0
20260708	4291318	cmp-a001-02-000000010764328	grp-a001-02-000000069047580	프로틴	nad-a001-02-000000541753974	bsn-a001-00-000000013604308	03	08	529514	M	2	0	0	6	0
20260708	4291318	cmp-a001-02-000000010764328	grp-a001-02-000000069047580	다이어트쉐이크	nad-a001-02-000000541753990	bsn-a001-00-000000013604308	03	99	529514	M	2	0	0	32	0
20260708	4291318	cmp-a001-02-000000010764328	grp-a001-02-000000069047580	프로틴	nad-a001-02-000000541753990	bsn-a001-00-000000013604308	03	03	529514	M	1	0	0	3	0
20260708	4291318	cmp-a001-02-000000010764328	grp-a001-02-000000069047580	프로틴	nad-a001-02-000000541753972	bsn-a001-00-000000013604308	03	18	768323	M	3	0	0	29	0
20260708	4291318	cmp-a001-02-000000010764328	grp-a001-02-000000069047580	프로틴	nad-a001-02-000000541753989	bsn-a001-00-000000013604308	03	99	768323	M	7	0	0	56	0
20260708	4291318	cmp-a001-02-000000010764328	grp-a001-02-000000069047580	이롬황성주생식	nad-a001-02-000000541753997	bsn-a001-00-000000013604308	03	06	684924	M	1	0	0	1	0
20260708	4291318	cmp-a001-02-000000010764328	grp-a001-02-000000069047580	보충제	nad-a001-02-000000541753970	bsn-a001-00-000000013604308	03	14	529514	M	2	0	0	8	0
20260708	4291318	cmp-a001-02-000000010764328	grp-a001-02-000000069047580	스토어	nad-a001-02-000000541753966	bsn-a001-00-000000013604308	03	09	248824	P	2	0	0	10	0
20260708	4291318	cmp-a001-02-000000010764328	grp-a001-02-000000069047580	스토어	nad-a001-02-000000541753966	bsn-a001-00-000000013604308	03	07	98128	M	5	0	0	26	0
20260708	4291318	cmp-a001-02-000000010764328	grp-a001-02-000000069047580	프로틴	nad-a001-02-000000541753980	bsn-a001-00-000000013604308	03	18	529514	M	9	0	0	38	0
20260708	4291318	cmp-a001-02-000000010764328	grp-a001-02-000000069047580	프로틴	nad-a001-02-000000541753980	bsn-a001-00-000000013604308	03	07	529514	M	1	0	0	4	0
20260708	4291318	cmp-a001-02-000000010764328	grp-a001-02-000000069047580	프로틴	nad-a001-02-000000541753977	bsn-a001-00-000000013604308	03	02	98128	M	1	0	0	7	0
20260708	4291318	cmp-a001-02-000000010764328	grp-a001-02-000000069047580	단백질보충제	nad-a001-02-000000541753990	bsn-a001-00-000000013604308	03	08	529514	M	2	0	0	4	0
20260708	4291318	cmp-a001-02-000000010764328	grp-a001-02-000000069047580	프로틴	nad-a001-02-000000541753972	bsn-a001-00-000000013604308	03	02	768323	M	14	0	0	138	0
20260708	4291318	cmp-a001-02-000000010764328	grp-a001-02-000000069047580	프로틴	nad-a001-02-000000541753989	bsn-a001-00-000000013604308	03	07	768323	M	2	0	0	18	0
20260708	4291318	cmp-a001-02-000000010764328	grp-a001-02-000000069047580	단백질	nad-a001-02-000000541753976	bsn-a001-00-000000013604308	03	02	768323	M	1	0	0	14	0
20260708	4291318	cmp-a001-02-000000010764328	grp-a001-02-000000069047580	스토어	nad-a001-02-000000541753966	bsn-a001-00-000000013604308	03	18	98128	M	1	0	0	6	0
20260708	4291318	cmp-a001-02-000000010764328	grp-a001-02-000000069047580	프로틴	nad-a001-02-000000541753989	bsn-a001-00-000000013604308	03	16	529514	M	1	0	0	2	0
20260708	4291318	cmp-a001-02-000000010764328	grp-a001-02-000000069047580	스토어	nad-a001-02-000000541753967	bsn-a001-00-000000013604308	03	02	98128	M	4	0	0	18	0
20260708	4291318	cmp-a001-02-000000010764328	grp-a001-02-000000069047580	프로틴쉐이크	nad-a001-02-000000541753970	bsn-a001-00-000000013604308	03	18	529514	M	2	0	0	10	0
20260708	4291318	cmp-a001-02-000000010764328	grp-a001-02-000000069047580	황성주생식	nad-a001-02-000000541753996	bsn-a001-00-000000013604308	03	06	8753	M	1	0	0	4	0
20260708	4291318	cmp-a001-02-000000010764328	grp-a001-02-000000069047580	프로틴	nad-a001-02-000000541753980	bsn-a001-00-000000013604308	03	02	768323	M	14	0	0	73	0
20260708	4291318	cmp-a001-02-000000010764328	grp-a001-02-000000069047580	황성주생식	nad-a001-02-000000541754004	bsn-a001-00-000000013604308	03	06	341893	M	1	0	0	12	0
20260708	4291318	cmp-a001-02-000000010764328	grp-a001-02-000000069047580	프로틴	nad-a001-02-000000541753990	bsn-a001-00-000000013604308	03	09	291244	M	4	0	0	19	0
20260708	4291318	cmp-a001-02-000000010764328	grp-a001-02-000000069047580	프로틴	nad-a001-02-000000541753972	bsn-a001-00-000000013604308	03	06	768323	M	2	0	0	20	0
20260708	4291318	cmp-a001-02-000000010764328	grp-a001-02-000000069047580	프로틴	nad-a001-02-000000541753970	bsn-a001-00-000000013604308	03	09	529514	M	9	0	0	34	0
20260708	4291318	cmp-a001-02-000000010764328	grp-a001-02-000000069047580	대상푸드	nad-a001-02-000000541753964	bsn-a001-00-000000013604308	03	06	33421	M	1	0	0	7	0
20260708	4291318	cmp-a001-02-000000010764328	grp-a001-02-000000069047580	프로틴단백질	nad-a001-02-000000541753970	bsn-a001-00-000000013604308	03	02	98128	M	1	0	0	5	0
20260708	4291318	cmp-a001-02-000000010764328	grp-a001-02-000000069047580	스토어	nad-a001-02-000000541753966	bsn-a001-00-000000013604308	03	02	98128	M	4	0	0	22	0
20260708	4291318	cmp-a001-02-000000010764328	grp-a001-02-000000069047580	단백질보충제	nad-a001-02-000000541753974	bsn-a001-00-000000013604308	03	02	87620	M	1	0	0	6	0
20260708	4291318	cmp-a001-02-000000010764328	grp-a001-02-000000069047580	단백질	nad-a001-02-000000541753980	bsn-a001-00-000000013604308	03	14	529514	M	2	0	0	12	0
20260708	4291318	cmp-a001-02-000000010764328	grp-a001-02-000000069047580	하루견과	nad-a001-02-000000541753960	bsn-a001-00-000000013604308	03	09	529514	M	2	0	0	2	0
20260708	4291318	cmp-a001-02-000000010764328	grp-a001-02-000000069047580	프로틴	nad-a001-02-000000541753976	bsn-a001-00-000000013604308	03	13	768323	M	1	0	0	6	0
20260708	4291318	cmp-a001-02-000000010764328	grp-a001-02-000000069047580	스토어	nad-a001-02-000000541753997	bsn-a001-00-000000013604308	03	13	98128	M	1	0	0	7	0
20260708	4291318	cmp-a001-02-000000010764328	grp-a001-02-000000069047580	프로틴	nad-a001-02-000000541753980	bsn-a001-00-000000013604308	03	08	768323	M	2	0	0	13	0
20260708	4291318	cmp-a001-02-000000010764328	grp-a001-02-000000069047580	단백질쉐이크	nad-a001-02-000000541753974	bsn-a001-00-000000013604308	03	09	529514	M	7	0	0	133	0
20260708	4291318	cmp-a001-02-000000010764328	grp-a001-02-000000069047580	프로틴	nad-a001-02-000000541753974	bsn-a001-00-000000013604308	03	18	768323	M	3	0	0	32	0
20260708	4291318	cmp-a001-02-000000010764328	grp-a001-02-000000069047580	균형영양식	nad-a001-02-000000541753964	bsn-a001-00-000000013604308	03	13	529514	M	2	0	0	10	0
20260708	4291318	cmp-a001-02-000000010764328	grp-a001-02-000000069047580	프로틴단백질	nad-a001-02-000000541753989	bsn-a001-00-000000013604308	03	09	529514	M	2	0	0	5	0
20260708	4291318	cmp-a001-02-000000010764328	grp-a001-02-000000069047580	스토어	nad-a001-02-000000541753997	bsn-a001-00-000000013604308	03	09	98128	M	4	0	0	28	0
20260708	4291318	cmp-a001-02-000000010764328	grp-a001-02-000000069047580	단백질	nad-a001-02-000000541753980	bsn-a001-00-000000013604308	03	02	768323	M	1	0	0	15	0
20260708	4291318	cmp-a001-02-000000010764328	grp-a001-02-000000069047580	HIGHPROTEIN초코	nad-a001-02-000000541753989	bsn-a001-00-000000013604308	03	00	8753	M	1	0	0	2	0
20260708	4291318	cmp-a001-02-000000010764328	grp-a001-02-000000069047580	보충제	nad-a001-02-000000541753980	bsn-a001-00-000000013604308	03	99	529514	M	1	0	0	5	0
20260708	4291318	cmp-a001-02-000000010764328	grp-a001-02-000000069047580	젤리	nad-a001-02-000000541753986	bsn-a001-00-000000013604308	03	08	529514	M	8	0	0	83	0
20260708	4291318	cmp-a001-02-000000010764328	grp-a001-02-000000069047580	프로틴	nad-a001-02-000000541753990	bsn-a001-00-000000013604308	03	18	768323	M	3	0	0	15	0
20260708	4291318	cmp-a001-02-000000010764328	grp-a001-02-000000069047580	단백질	nad-a001-02-000000541753970	bsn-a001-00-000000013604308	03	14	529514	M	2	0	0	7	0
20260708	4291318	cmp-a001-02-000000010764328	grp-a001-02-000000069047580	가루	nad-a001-02-000000541753988	bsn-a001-00-000000013604308	03	09	684927	P	2	0	0	6	0
20260708	4291318	cmp-a001-02-000000010764328	grp-a001-02-000000069047580	프로틴	nad-a001-02-000000541753970	bsn-a001-00-000000013604308	03	07	529514	M	2	0	0	7	0
20260708	4291318	cmp-a001-02-000000010764328	grp-a001-02-000000069047580	단백질쉐이크	nad-a001-02-000000541753972	bsn-a001-00-000000013604308	03	02	529514	M	12	0	0	266	0
20260708	4291318	cmp-a001-02-000000010764328	grp-a001-02-000000069047580	프로틴쉐이크	nad-a001-02-000000541753989	bsn-a001-00-000000013604308	03	02	529514	M	1	0	0	5	0
20260708	4291318	cmp-a001-02-000000010764328	grp-a001-02-000000069047580	프로틴	nad-a001-02-000000541753980	bsn-a001-00-000000013604308	03	09	529514	M	11	0	0	52	0
20260708	4291318	cmp-a001-02-000000010764328	grp-a001-02-000000069047580	프로틴	nad-a001-02-000000541753980	bsn-a001-00-000000013604308	03	18	768323	M	3	0	0	18	0
20260708	4291318	cmp-a001-02-000000010764328	grp-a001-02-000000069047580	프로틴	nad-a001-02-000000541753972	bsn-a001-00-000000013604308	03	15	529514	M	4	0	0	16	0
20260708	4291318	cmp-a001-02-000000010764328	grp-a001-02-000000069047580	건강한견과	nad-a001-02-000000541753960	bsn-a001-00-000000013604308	03	09	11068	P	1	0	0	8	0
20260708	4291318	cmp-a001-02-000000010764328	grp-a001-02-000000069047580	단백질쉐이크	nad-a001-02-000000541753980	bsn-a001-00-000000013604308	03	11	529514	M	3	0	0	66	0
20260708	4291318	cmp-a001-02-000000010764328	grp-a001-02-000000069047580	단백질보충제	nad-a001-02-000000541753989	bsn-a001-00-000000013604308	03	08	529514	M	1	0	0	3	0
20260708	4291318	cmp-a001-02-000000010764328	grp-a001-02-000000069047580	프로틴	nad-a001-02-000000541753976	bsn-a001-00-000000013604308	03	02	768323	M	14	0	0	83	0
20260708	4291318	cmp-a001-02-000000010764328	grp-a001-02-000000069047580	단백질쉐이크	nad-a001-02-000000541753990	bsn-a001-00-000000013604308	03	11	529514	M	2	0	0	37	0
20260708	4291318	cmp-a001-02-000000010764328	grp-a001-02-000000069047580	프로틴	nad-a001-02-000000541753972	bsn-a001-00-000000013604308	03	18	529514	M	7	0	0	37	0
20260708	4291318	cmp-a001-02-000000010764328	grp-a001-02-000000069047580	스토어	nad-a001-02-000000541753966	bsn-a001-00-000000013604308	03	13	98128	M	1	0	0	6	0
20260708	4291318	cmp-a001-02-000000010764328	grp-a001-02-000000069047580	단백질	nad-a001-02-000000541753977	bsn-a001-00-000000013604308	03	14	529514	M	2	0	0	10	0
20260708	4291318	cmp-a001-02-000000010764328	grp-a001-02-000000069047580	견과	nad-a001-02-000000541753960	bsn-a001-00-000000013604308	03	02	529514	M	1	0	0	6	0
20260708	4291318	cmp-a001-02-000000010764328	grp-a001-02-000000069047580	단백질쉐이크	nad-a001-02-000000541753990	bsn-a001-00-000000013604308	03	06	529514	M	1	0	0	18	0
20260708	4291318	cmp-a001-02-000000010764328	grp-a001-02-000000069047580	프로틴	nad-a001-02-000000541753976	bsn-a001-00-000000013604308	03	17	529514	M	6	0	0	18	0
20260708	4291318	cmp-a001-02-000000010764328	grp-a001-02-000000069047580	프로틴	nad-a001-02-000000541753977	bsn-a001-00-000000013604308	03	99	768323	M	9	0	0	39	0
20260708	4291318	cmp-a001-02-000000010764328	grp-a001-02-000000069047580	프로틴쉐이크	nad-a001-02-000000541753977	bsn-a001-00-000000013604308	03	02	529514	M	1	0	0	8	0
20260708	4291318	cmp-a001-02-000000010764328	grp-a001-02-000000069047580	단백질쉐이크	nad-a001-02-000000541753977	bsn-a001-00-000000013604308	03	09	529514	M	7	0	0	144	0
20260708	4291318	cmp-a001-02-000000010764328	grp-a001-02-000000069047580	프로틴	nad-a001-02-000000541753990	bsn-a001-00-000000013604308	03	08	529514	M	1	0	0	3	0
20260708	4291318	cmp-a001-02-000000010764328	grp-a001-02-000000069047580	프로틴	nad-a001-02-000000541753974	bsn-a001-00-000000013604308	03	07	529514	M	1	0	0	2	0
20260708	4291318	cmp-a001-02-000000010764328	grp-a001-02-000000069047580	프로틴	nad-a001-02-000000541753989	bsn-a001-00-000000013604308	03	02	529514	M	15	0	0	32	0
20260708	4291318	cmp-a001-02-000000010764328	grp-a001-02-000000069047580	단백질보충제	nad-a001-02-000000541753980	bsn-a001-00-000000013604308	03	08	529514	M	2	0	0	8	0
20260708	4291318	cmp-a001-02-000000010764328	grp-a001-02-000000069047580	프로틴	nad-a001-02-000000541753972	bsn-a001-00-000000013604308	03	17	529514	M	1	0	0	6	0
20260708	4291318	cmp-a001-02-000000010764328	grp-a001-02-000000069047580	프로틴단백질	nad-a001-02-000000541753970	bsn-a001-00-000000013604308	03	09	529514	M	1	0	0	4	0
20260708	4291318	cmp-a001-02-000000010764328	grp-a001-02-000000069047580	단백질쉐이크	nad-a001-02-000000541753970	bsn-a001-00-000000013604308	03	09	529514	M	8	0	0	160	0
20260708	4291318	cmp-a001-02-000000010764328	grp-a001-02-000000069047580	단백질보충제	nad-a001-02-000000541753980	bsn-a001-00-000000013604308	03	02	87620	M	1	0	0	5	0
20260708	4291318	cmp-a001-02-000000010764328	grp-a001-02-000000069047580	쉐이크	nad-a001-02-000000541753990	bsn-a001-00-000000013604308	03	02	529514	M	6	0	0	12	0
20260708	4291318	cmp-a001-02-000000010764328	grp-a001-02-000000069047580	스토어	nad-a001-02-000000541754004	bsn-a001-00-000000013604308	03	09	248824	P	2	0	0	6	0
20260708	4291318	cmp-a001-02-000000010764328	grp-a001-02-000000069047580	단백질	nad-a001-02-000000541753989	bsn-a001-00-000000013604308	03	18	529514	M	9	0	0	33	0
20260708	4291318	cmp-a001-02-000000010764328	grp-a001-02-000000069047580	다이어트쉐이크	nad-a001-02-000000541753989	bsn-a001-00-000000013604308	03	99	529514	M	1	0	0	17	0
20260708	4291318	cmp-a001-02-000000010764328	grp-a001-02-000000069047580	스토어	nad-a001-02-000000541753988	bsn-a001-00-000000013604308	03	06	98128	M	1	0	0	3	0
20260708	4291318	cmp-a001-02-000000010764328	grp-a001-02-000000069047580	다이어트쉐이크	nad-a001-02-000000541753974	bsn-a001-00-000000013604308	03	99	529514	M	1	0	0	18	0
20260708	4291318	cmp-a001-02-000000010764328	grp-a001-02-000000069047580	프로틴	nad-a001-02-000000541753980	bsn-a001-00-000000013604308	03	06	768323	M	2	0	0	10	0
20260708	4291318	cmp-a001-02-000000010764328	grp-a001-02-000000069047580	다이어트쉐이크	nad-a001-02-000000541753983	bsn-a001-00-000000013604308	03	02	768323	M	3	0	0	54	0
20260708	4291318	cmp-a001-02-000000010764328	grp-a001-02-000000069047580	균형영양식	nad-a001-02-000000541753964	bsn-a001-00-000000013604308	03	09	87620	M	2	0	0	2	0
20260708	4291318	cmp-a001-02-000000010764328	grp-a001-02-000000069047580	프로틴	nad-a001-02-000000541753977	bsn-a001-00-000000013604308	03	17	529514	M	3	0	0	14	0
20260708	4291318	cmp-a001-02-000000010764328	grp-a001-02-000000069047580	프로틴	nad-a001-02-000000541753983	bsn-a001-00-000000013604308	03	99	529514	M	6	0	0	13	0
20260708	4291318	cmp-a001-02-000000010764328	grp-a001-02-000000069047580	프로틴단백질	nad-a001-02-000000541753977	bsn-a001-00-000000013604308	03	09	529514	M	1	0	0	5	0
20260708	4291318	cmp-a001-02-000000010764328	grp-a001-02-000000069047580	프로틴	nad-a001-02-000000541753970	bsn-a001-00-000000013604308	03	18	768323	M	3	0	0	22	0
20260708	4291318	cmp-a001-02-000000010764328	grp-a001-02-000000069047580	프로틴단백질	nad-a001-02-000000541753974	bsn-a001-00-000000013604308	03	02	98128	M	1	0	0	4	0
20260708	4291318	cmp-a001-02-000000010764328	grp-a001-02-000000069047580	보충제	nad-a001-02-000000541753974	bsn-a001-00-000000013604308	03	14	529514	M	2	0	0	8	0
20260708	4291318	cmp-a001-02-000000010764328	grp-a001-02-000000069047580	단백질보충제	nad-a001-02-000000541753970	bsn-a001-00-000000013604308	03	02	87620	M	1	0	0	8	0
20260708	4291318	cmp-a001-02-000000010764328	grp-a001-02-000000069047580	견과류	nad-a001-02-000000541753960	bsn-a001-00-000000013604308	03	02	529514	M	15	0	0	167	0
20260708	4291318	cmp-a001-02-000000010764328	grp-a001-02-000000069047580	다이어트쉐이크	nad-a001-02-000000541753980	bsn-a001-00-000000013604308	03	99	529514	M	1	0	0	19	0
20260708	4291318	cmp-a001-02-000000010764328	grp-a001-02-000000069047580	단백질	nad-a001-02-000000541753977	bsn-a001-00-000000013604308	03	02	768323	M	1	0	0	13	0
20260708	4291318	cmp-a001-02-000000010764328	grp-a001-02-000000069047580	스토어	nad-a001-02-000000541753967	bsn-a001-00-000000013604308	03	11	98128	M	4	0	0	19	0
20260708	4291318	cmp-a001-02-000000010764328	grp-a001-02-000000069047580	젤리	nad-a001-02-000000541753986	bsn-a001-00-000000013604308	03	06	529514	M	2	0	0	15	0
20260708	4291318	cmp-a001-02-000000010764328	grp-a001-02-000000069047580	프로틴단백질	nad-a001-02-000000541753980	bsn-a001-00-000000013604308	03	02	98128	M	1	0	0	8	0
20260708	4291318	cmp-a001-02-000000010764328	grp-a001-02-000000069047580	하루견과	nad-a001-02-000000541753960	bsn-a001-00-000000013604308	03	02	529514	M	6	0	0	23	0
20260708	4291318	cmp-a001-02-000000010764328	grp-a001-02-000000069047580	보충제	nad-a001-02-000000541753980	bsn-a001-00-000000013604308	03	14	529514	M	6	0	0	32	0
20260708	4291318	cmp-a001-02-000000010764328	grp-a001-02-000000069047580	프로틴	nad-a001-02-000000541753989	bsn-a001-00-000000013604308	03	13	768323	M	1	0	0	9	0
20260708	4291318	cmp-a001-02-000000010764328	grp-a001-02-000000069047580	HIGHPROTEIN초코	nad-a001-02-000000541753990	bsn-a001-00-000000013604308	03	00	8753	M	1	0	0	1	0
20260708	4291318	cmp-a001-02-000000010764328	grp-a001-02-000000069047580	프로틴	nad-a001-02-000000541753974	bsn-a001-00-000000013604308	03	09	768323	M	13	0	0	143	0
20260708	4291318	cmp-a001-02-000000010764328	grp-a001-02-000000069047580	생식가루	nad-a001-02-000000541753988	bsn-a001-00-000000013604308	03	07	8753	M	1	0	0	4	0
20260708	4291318	cmp-a001-02-000000010764328	grp-a001-02-000000069047580	프로틴	nad-a001-02-000000541753990	bsn-a001-00-000000013604308	03	99	529514	M	5	0	0	10	0
20260708	4291318	cmp-a001-02-000000010764328	grp-a001-02-000000069047580	프로틴	nad-a001-02-000000541753972	bsn-a001-00-000000013604308	03	08	529514	M	2	0	0	14	0
20260708	4291318	cmp-a001-02-000000010764328	grp-a001-02-000000069047580	프로틴	nad-a001-02-000000541753970	bsn-a001-00-000000013604308	03	18	529514	M	9	0	0	34	0
20260708	4291318	cmp-a001-02-000000010764328	grp-a001-02-000000069047580	프로틴	nad-a001-02-000000541753977	bsn-a001-00-000000013604308	03	08	529514	M	1	0	0	7	0
20260708	4291318	cmp-a001-02-000000010764328	grp-a001-02-000000069047580	프로틴쉐이크	nad-a001-02-000000541753980	bsn-a001-00-000000013604308	03	02	529514	M	1	0	0	9	0
20260708	4291318	cmp-a001-02-000000010764328	grp-a001-02-000000069047580	쉐이크	nad-a001-02-000000541753970	bsn-a001-00-000000013604308	03	02	529514	M	3	0	0	6	0
20260708	4291318	cmp-a001-02-000000010764328	grp-a001-02-000000069047580	프로틴	nad-a001-02-000000541753989	bsn-a001-00-000000013604308	03	15	529514	M	2	0	0	6	0
20260708	4291318	cmp-a001-02-000000010764328	grp-a001-02-000000069047580	황성주생식	nad-a001-02-000000541753967	bsn-a001-00-000000013604308	03	02	529514	M	1	0	0	2	0
20260708	4291318	cmp-a001-02-000000010764328	grp-a001-02-000000069047580	단백질	nad-a001-02-000000541753977	bsn-a001-00-000000013604308	03	18	529514	M	8	0	0	49	0
20260708	4291318	cmp-a001-02-000000010764328	grp-a001-02-000000069047580	단백질	nad-a001-02-000000541753970	bsn-a001-00-000000013604308	03	18	529514	M	8	0	0	41	0
20260708	4291318	cmp-a001-02-000000010764328	grp-a001-02-000000069047580	프로틴	nad-a001-02-000000541753977	bsn-a001-00-000000013604308	03	02	768323	M	14	0	0	57	0
20260708	4291318	cmp-a001-02-000000010764328	grp-a001-02-000000069047580	프로틴	nad-a001-02-000000541753976	bsn-a001-00-000000013604308	03	08	768323	M	2	0	0	13	0
20260708	4291318	cmp-a001-02-000000010764328	grp-a001-02-000000069047580	단백질보충제	nad-a001-02-000000541753972	bsn-a001-00-000000013604308	03	08	529514	M	2	0	0	10	0
20260708	4291318	cmp-a001-02-000000010764328	grp-a001-02-000000069047580	다이어트쉐이크	nad-a001-02-000000541753977	bsn-a001-00-000000013604308	03	02	529514	M	1	0	0	18	0
20260708	4291318	cmp-a001-02-000000010764328	grp-a001-02-000000069047580	프로틴	nad-a001-02-000000541753972	bsn-a001-00-000000013604308	03	02	98128	M	1	0	0	9	0
20260708	4291318	cmp-a001-02-000000010764328	grp-a001-02-000000069047580	단백질쉐이크	nad-a001-02-000000541753983	bsn-a001-00-000000013604308	03	09	529514	M	10	0	0	183	0
20260708	4291318	cmp-a001-02-000000010764328	grp-a001-02-000000069047580	견과류	nad-a001-02-000000541753959	bsn-a001-00-000000013604308	03	11	529514	M	1	0	0	11	0
20260708	4291318	cmp-a001-02-000000010764328	grp-a001-02-000000069047580	프로틴쉐이크	nad-a001-02-000000541753980	bsn-a001-00-000000013604308	03	18	529514	M	1	0	0	7	0
20260708	4291318	cmp-a001-02-000000010764328	grp-a001-02-000000069047580	프로틴	nad-a001-02-000000541753989	bsn-a001-00-000000013604308	03	11	768323	M	4	0	0	36	0
20260708	4291318	cmp-a001-02-000000010764328	grp-a001-02-000000069047580	프로틴	nad-a001-02-000000541753976	bsn-a001-00-000000013604308	03	99	768323	M	9	0	0	52	0
20260708	4291318	cmp-a001-02-000000010764328	grp-a001-02-000000069047580	프로틴	nad-a001-02-000000541753976	bsn-a001-00-000000013604308	03	02	98128	M	1	0	0	6	0
20260708	4291318	cmp-a001-02-000000010764328	grp-a001-02-000000069047580	스토어	nad-a001-02-000000541753966	bsn-a001-00-000000013604308	03	03	98128	M	1	0	0	5	0
20260708	4291318	cmp-a001-02-000000010764328	grp-a001-02-000000069047580	단백질쉐이크파우치	nad-a001-02-000000541753976	bsn-a001-00-000000013604308	03	02	529514	M	3	0	0	76	0
20260708	4291318	cmp-a001-02-000000010764328	grp-a001-02-000000069047580	단백질쉐이크	nad-a001-02-000000541753990	bsn-a001-00-000000013604308	03	09	529514	M	14	0	0	252	0
20260708	4291318	cmp-a001-02-000000010764328	grp-a001-02-000000069047580	프로틴	nad-a001-02-000000541753980	bsn-a001-00-000000013604308	03	99	529514	M	2	0	0	9	0
20260708	4291318	cmp-a001-02-000000010764328	grp-a001-02-000000069047580	프로틴	nad-a001-02-000000541753970	bsn-a001-00-000000013604308	03	09	768323	M	13	0	0	93	0
20260708	4291318	cmp-a001-02-000000010764328	grp-a001-02-000000069047580	프로틴	nad-a001-02-000000541753977	bsn-a001-00-000000013604308	03	16	529514	M	1	0	0	5	0
20260708	4291318	cmp-a001-02-000000010764328	grp-a001-02-000000069047580	프로틴	nad-a001-02-000000541753990	bsn-a001-00-000000013604308	03	11	768323	M	4	0	0	24	0
20260708	4291318	cmp-a001-02-000000010764328	grp-a001-02-000000069047580	프로틴단백질	nad-a001-02-000000541753990	bsn-a001-00-000000013604308	03	02	98128	M	1	0	0	3	0
20260708	4291318	cmp-a001-02-000000010764328	grp-a001-02-000000069047580	프로틴	nad-a001-02-000000541753983	bsn-a001-00-000000013604308	03	18	529514	M	8	0	0	20	0
20260708	4291318	cmp-a001-02-000000010764328	grp-a001-02-000000069047580	이롬황성주생식	nad-a001-02-000000541753997	bsn-a001-00-000000013604308	03	06	684926	M	2	0	0	2	0
20260708	4291318	cmp-a001-02-000000010764328	grp-a001-02-000000069047580	보충제	nad-a001-02-000000541753976	bsn-a001-00-000000013604308	03	02	529514	M	4	0	0	13	0
20260708	4291318	cmp-a001-02-000000010764328	grp-a001-02-000000069047580	보충제	nad-a001-02-000000541753989	bsn-a001-00-000000013604308	03	18	529514	M	4	0	0	11	0
20260708	4291318	cmp-a001-02-000000010764328	grp-a001-02-000000069047580	단백질	nad-a001-02-000000541753976	bsn-a001-00-000000013604308	03	18	529514	M	12	0	0	53	0
20260708	4291318	cmp-a001-02-000000010764328	grp-a001-02-000000069047580	단백질쉐이크	nad-a001-02-000000541753974	bsn-a001-00-000000013604308	03	02	529514	M	9	0	0	176	0
20260708	4291318	cmp-a001-02-000000010764328	grp-a001-02-000000069047580	프로틴	nad-a001-02-000000541753980	bsn-a001-00-000000013604308	03	16	529514	M	1	0	0	6	0
20260708	4291318	cmp-a001-02-000000010764328	grp-a001-02-000000069047580	단백질쉐이크파우치	nad-a001-02-000000541753970	bsn-a001-00-000000013604308	03	02	529514	M	2	0	0	53	0
20260708	4291318	cmp-a001-02-000000010764328	grp-a001-02-000000069047580	다이어트쉐이크	nad-a001-02-000000541753990	bsn-a001-00-000000013604308	03	02	768323	M	3	0	0	57	0
20260708	4291318	cmp-a001-02-000000010764328	grp-a001-02-000000069047580	단백질쉐이크	nad-a001-02-000000541753976	bsn-a001-00-000000013604308	03	08	529514	M	1	0	0	18	0
20260708	4291318	cmp-a001-02-000000010764328	grp-a001-02-000000069047580	사랑이	nad-a001-02-000000541753976	bsn-a001-00-000000013604308	03	16	529514	M	2	0	0	28	0
20260708	4291318	cmp-a001-02-000000010764328	grp-a001-02-000000069047580	프로틴	nad-a001-02-000000541753981	bsn-a001-00-000000013604308	11	09	137281	M	9	0	0	18	0
20260708	4291318	cmp-a001-02-000000010764328	grp-a001-02-000000069047580	프로틴	nad-a001-02-000000541753981	bsn-a001-00-000000013604308	11	07	529514	M	2	0	0	6	0
20260708	4291318	cmp-a001-02-000000010764328	grp-a001-02-000000069047580	프로틴	nad-a001-02-000000541754000	bsn-a001-00-000000013604308	11	15	768323	M	1	0	0	6	0
20260708	4291318	cmp-a001-02-000000010764328	grp-a001-02-000000069047580	프로틴	nad-a001-02-000000541753979	bsn-a001-00-000000013604308	11	08	529514	M	3	0	0	9	0
20260708	4291318	cmp-a001-02-000000010764328	grp-a001-02-000000069047580	가루	nad-a001-02-000000541753996	bsn-a001-00-000000013604308	11	01	684924	M	1	0	0	1	0
20260708	4291318	cmp-a001-02-000000010764328	grp-a001-02-000000069047580	시리얼	nad-a001-02-000000541753991	bsn-a001-00-000000013604308	11	18	529514	M	1	0	0	3	0
20260708	4291318	cmp-a001-02-000000010764328	grp-a001-02-000000069047580	단백질보충제	nad-a001-02-000000541753979	bsn-a001-00-000000013604308	11	03	529514	M	1	0	0	4	0
20260708	4291318	cmp-a001-02-000000010764328	grp-a001-02-000000069047580	프로틴	nad-a001-02-000000541753984	bsn-a001-00-000000013604308	11	03	98128	M	1	0	0	4	0
20260708	4291318	cmp-a001-02-000000010764328	grp-a001-02-000000069047580	건강분말	nad-a001-02-000000541754001	bsn-a001-00-000000013604308	11	17	768323	M	2	0	0	20	0
20260708	4291318	cmp-a001-02-000000010764328	grp-a001-02-000000069047580	하루견과	nad-a001-02-000000541753960	bsn-a001-00-000000013604308	11	16	556927	P	1	0	0	1	0
20260708	4291318	cmp-a001-02-000000010764328	grp-a001-02-000000069047580	황성주생식	nad-a001-02-000000541754004	bsn-a001-00-000000013604308	11	02	27758	P	1	0	0	2	0
20260708	4291318	cmp-a001-02-000000010764328	grp-a001-02-000000069047580	시리얼	nad-a001-02-000000541753991	bsn-a001-00-000000013604308	11	06	529514	M	4	0	0	12	0
20260708	4291318	cmp-a001-02-000000010764328	grp-a001-02-000000069047580	프로틴파우치	nad-a001-02-000000541753969	bsn-a001-00-000000013604308	11	09	11068	P	1	0	0	12	0
20260708	4291318	cmp-a001-02-000000010764328	grp-a001-02-000000069047580	프로틴	nad-a001-02-000000541753979	bsn-a001-00-000000013604308	11	15	768323	M	1	0	0	7	0
20260708	4291318	cmp-a001-02-000000010764328	grp-a001-02-000000069047580	황성주생식	nad-a001-02-000000541753996	bsn-a001-00-000000013604308	11	18	8753	M	2	0	0	2	0
20260708	4291318	cmp-a001-02-000000010764328	grp-a001-02-000000069047580	프로틴	nad-a001-02-000000541753979	bsn-a001-00-000000013604308	11	99	529514	M	22	0	0	76	0
20260708	4291318	cmp-a001-02-000000010764328	grp-a001-02-000000069047580	선식	nad-a001-02-000000541753968	bsn-a001-00-000000013604308	11	09	341893	M	1	0	0	5	0
20260708	4291318	cmp-a001-02-000000010764328	grp-a001-02-000000069047580	프로틴파우치	nad-a001-02-000000541753981	bsn-a001-00-000000013604308	11	09	11068	P	1	0	0	4	0
20260708	4291318	cmp-a001-02-000000010764328	grp-a001-02-000000069047580	과자	nad-a001-02-000000541753991	bsn-a001-00-000000013604308	11	11	529514	M	3	0	0	12	0
20260708	4291318	cmp-a001-02-000000010764328	grp-a001-02-000000069047580	과자	nad-a001-02-000000541753991	bsn-a001-00-000000013604308	11	03	529514	M	1	0	0	4	0
20260708	4291318	cmp-a001-02-000000010764328	grp-a001-02-000000069047580	프로틴	nad-a001-02-000000541753984	bsn-a001-00-000000013604308	11	16	768323	M	1	0	0	5	0
20260708	4291318	cmp-a001-02-000000010764328	grp-a001-02-000000069047580	단백질보충제	nad-a001-02-000000541753984	bsn-a001-00-000000013604308	11	02	529514	M	2	0	0	6	0
20260708	4291318	cmp-a001-02-000000010764328	grp-a001-02-000000069047580	프로틴	nad-a001-02-000000541753981	bsn-a001-00-000000013604308	11	03	768323	M	1	0	0	5	0
20260708	4291318	cmp-a001-02-000000010764328	grp-a001-02-000000069047580	프로틴	nad-a001-02-000000541754000	bsn-a001-00-000000013604308	11	13	768323	M	2	0	0	10	0
20260708	4291318	cmp-a001-02-000000010764328	grp-a001-02-000000069047580	프로틴파우치	nad-a001-02-000000541753984	bsn-a001-00-000000013604308	11	09	11068	P	1	0	0	7	0
20260708	4291318	cmp-a001-02-000000010764328	grp-a001-02-000000069047580	사랑으로	nad-a001-02-000000541753991	bsn-a001-00-000000013604308	11	99	529514	M	1	0	0	7	0
20260708	4291318	cmp-a001-02-000000010764328	grp-a001-02-000000069047580	시리얼	nad-a001-02-000000541753991	bsn-a001-00-000000013604308	11	07	768323	M	1	0	0	19	0
20260708	4291318	cmp-a001-02-000000010764328	grp-a001-02-000000069047580	황성주생식	nad-a001-02-000000541753988	bsn-a001-00-000000013604308	11	01	8753	M	1	0	0	5	0
20260708	4291318	cmp-a001-02-000000010764328	grp-a001-02-000000069047580	프로틴	nad-a001-02-000000541754000	bsn-a001-00-000000013604308	11	06	768323	M	1	0	0	3	0
20260708	4291318	cmp-a001-02-000000010764328	grp-a001-02-000000069047580	단백질바	nad-a001-02-000000541753991	bsn-a001-00-000000013604308	11	02	684927	P	1	0	0	2	0
20260708	4291318	cmp-a001-02-000000010764328	grp-a001-02-000000069047580	단백질보충제	nad-a001-02-000000541754000	bsn-a001-00-000000013604308	11	09	23123	P	1	0	0	6	0
20260708	4291318	cmp-a001-02-000000010764328	grp-a001-02-000000069047580	건강분말	nad-a001-02-000000541753993	bsn-a001-00-000000013604308	11	09	768323	M	1	0	0	14	0
20260708	4291318	cmp-a001-02-000000010764328	grp-a001-02-000000069047580	프로틴	nad-a001-02-000000541753981	bsn-a001-00-000000013604308	11	99	529514	M	24	0	0	69	0
20260708	4291318	cmp-a001-02-000000010764328	grp-a001-02-000000069047580	황성주생식	nad-a001-02-000000541753966	bsn-a001-00-000000013604308	11	02	27758	P	1	0	0	3	0
20260708	4291318	cmp-a001-02-000000010764328	grp-a001-02-000000069047580	생식가루	nad-a001-02-000000541753966	bsn-a001-00-000000013604308	11	09	27758	P	1	0	0	3	0
20260708	4291318	cmp-a001-02-000000010764328	grp-a001-02-000000069047580	단백질보충제골드	nad-a001-02-000000541753989	bsn-a001-00-000000013604308	11	11	8753	M	1	0	0	1	0
20260708	4291318	cmp-a001-02-000000010764328	grp-a001-02-000000069047580	프로틴	nad-a001-02-000000541754000	bsn-a001-00-000000013604308	11	08	768323	M	5	0	0	28	0
20260708	4291318	cmp-a001-02-000000010764328	grp-a001-02-000000069047580	단백질바	nad-a001-02-000000541753991	bsn-a001-00-000000013604308	11	02	529514	M	8	0	0	34	0
20260708	4291318	cmp-a001-02-000000010764328	grp-a001-02-000000069047580	프로틴	nad-a001-02-000000541754000	bsn-a001-00-000000013604308	11	03	98128	M	1	0	0	2	0
20260708	4291318	cmp-a001-02-000000010764328	grp-a001-02-000000069047580	프로틴	nad-a001-02-000000541753981	bsn-a001-00-000000013604308	11	09	98128	M	7	0	0	23	0
20260708	4291318	cmp-a001-02-000000010764328	grp-a001-02-000000069047580	프로틴쉐이크	nad-a001-02-000000541754000	bsn-a001-00-000000013604308	11	07	529514	M	1	0	0	4	0
20260708	4291318	cmp-a001-02-000000010764328	grp-a001-02-000000069047580	황성주생식	nad-a001-02-000000541753988	bsn-a001-00-000000013604308	11	18	27758	P	1	0	0	3	0
20260708	4291318	cmp-a001-02-000000010764328	grp-a001-02-000000069047580	쿠팡아침대용추천	nad-a001-02-000000541753967	bsn-a001-00-000000013604308	11	07	8753	M	1	0	0	3	0
20260708	4291318	cmp-a001-02-000000010764328	grp-a001-02-000000069047580	황성주생식	nad-a001-02-000000541753996	bsn-a001-00-000000013604308	11	09	529514	M	3	0	0	7	0
20260708	4291318	cmp-a001-02-000000010764328	grp-a001-02-000000069047580	쉐이크	nad-a001-02-000000541753979	bsn-a001-00-000000013604308	11	09	98128	M	2	0	0	8	0
20260708	4291318	cmp-a001-02-000000010764328	grp-a001-02-000000069047580	프로틴	nad-a001-02-000000541753984	bsn-a001-00-000000013604308	11	06	529514	M	1	0	0	2	0
20260708	4291318	cmp-a001-02-000000010764328	grp-a001-02-000000069047580	황성주생식	nad-a001-02-000000541753966	bsn-a001-00-000000013604308	11	09	27758	P	2	0	0	6	0
20260708	4291318	cmp-a001-02-000000010764328	grp-a001-02-000000069047580	야채가루	nad-a001-02-000000541753967	bsn-a001-00-000000013604308	11	11	684926	M	1	0	0	1	0
20260708	4291318	cmp-a001-02-000000010764328	grp-a001-02-000000069047580	단백질보충제	nad-a001-02-000000541753981	bsn-a001-00-000000013604308	11	03	98128	M	2	0	0	7	0
20260708	4291318	cmp-a001-02-000000010764328	grp-a001-02-000000069047580	쉐이크	nad-a001-02-000000541753984	bsn-a001-00-000000013604308	11	09	529514	M	3	0	0	9	0
20260708	4291318	cmp-a001-02-000000010764328	grp-a001-02-000000069047580	황성주영양식	nad-a001-02-000000541753963	bsn-a001-00-000000013604308	11	15	684925	P	1	0	0	1	0
20260708	4291318	cmp-a001-02-000000010764328	grp-a001-02-000000069047580	황성주생식	nad-a001-02-000000541753966	bsn-a001-00-000000013604308	11	18	8753	M	2	0	0	8	0
20260708	4291318	cmp-a001-02-000000010764328	grp-a001-02-000000069047580	프로틴쉐이크	nad-a001-02-000000541754000	bsn-a001-00-000000013604308	11	99	529514	M	1	0	0	4	0
20260708	4291318	cmp-a001-02-000000010764328	grp-a001-02-000000069047580	단백질보충제	nad-a001-02-000000541754000	bsn-a001-00-000000013604308	11	02	529514	M	2	0	0	4	0
20260708	4291318	cmp-a001-02-000000010764328	grp-a001-02-000000069047580	단백질보충제	nad-a001-02-000000541753981	bsn-a001-00-000000013604308	11	10	529514	M	1	0	0	3	0
20260708	4291318	cmp-a001-02-000000010764328	grp-a001-02-000000069047580	프로틴	nad-a001-02-000000541753984	bsn-a001-00-000000013604308	11	06	768323	M	1	0	0	5	0
20260708	4291318	cmp-a001-02-000000010764328	grp-a001-02-000000069047580	단백질	nad-a001-02-000000541754000	bsn-a001-00-000000013604308	11	09	529514	M	12	0	0	36	0
20260708	4291318	cmp-a001-02-000000010764328	grp-a001-02-000000069047580	프로틴	nad-a001-02-000000541753979	bsn-a001-00-000000013604308	11	09	98128	M	7	0	0	31	0
20260708	4291318	cmp-a001-02-000000010764328	grp-a001-02-000000069047580	프로틴	nad-a001-02-000000541753984	bsn-a001-00-000000013604308	11	99	529514	M	25	0	0	61	0
20260708	4291318	cmp-a001-02-000000010764328	grp-a001-02-000000069047580	프로틴	nad-a001-02-000000541753984	bsn-a001-00-000000013604308	11	01	768323	M	1	0	0	5	0
20260708	4291318	cmp-a001-02-000000010764328	grp-a001-02-000000069047580	황성주생식	nad-a001-02-000000541753996	bsn-a001-00-000000013604308	11	09	27758	P	2	0	0	2	0
20260708	4291318	cmp-a001-02-000000010764328	grp-a001-02-000000069047580	프로틴	nad-a001-02-000000541753981	bsn-a001-00-000000013604308	11	06	768323	M	1	0	0	4	0
20260708	4291318	cmp-a001-02-000000010764328	grp-a001-02-000000069047580	황성주생식	nad-a001-02-000000541753996	bsn-a001-00-000000013604308	11	14	8753	M	1	0	0	1	0
20260708	4291318	cmp-a001-02-000000010764328	grp-a001-02-000000069047580	건강분말	nad-a001-02-000000541753994	bsn-a001-00-000000013604308	11	17	768323	M	2	0	0	24	0
20260708	4291318	cmp-a001-02-000000010764328	grp-a001-02-000000069047580	황성주생식	nad-a001-02-000000541753988	bsn-a001-00-000000013604308	11	09	529514	M	2	0	0	7	0
20260708	4291318	cmp-a001-02-000000010764328	grp-a001-02-000000069047580	프로틴	nad-a001-02-000000541753979	bsn-a001-00-000000013604308	11	03	98128	M	1	0	0	5	0
20260708	4291318	cmp-a001-02-000000010764328	grp-a001-02-000000069047580	생식가루추천	nad-a001-02-000000541753996	bsn-a001-00-000000013604308	11	02	27758	P	1	0	0	1	0
20260708	4291318	cmp-a001-02-000000010764328	grp-a001-02-000000069047580	프로틴	nad-a001-02-000000541754000	bsn-a001-00-000000013604308	11	18	529514	M	4	0	0	8	0
20260708	4291318	cmp-a001-02-000000010764328	grp-a001-02-000000069047580	단백질보충제	nad-a001-02-000000541753984	bsn-a001-00-000000013604308	11	16	23123	P	6	0	0	34	0
20260708	4291318	cmp-a001-02-000000010764328	grp-a001-02-000000069047580	단백질보충제	nad-a001-02-000000541753981	bsn-a001-00-000000013604308	11	08	529514	M	1	0	0	2	0
20260708	4291318	cmp-a001-02-000000010764328	grp-a001-02-000000069047580	단백질보충제	nad-a001-02-000000541753984	bsn-a001-00-000000013604308	11	03	529514	M	2	0	0	5	0
20260708	4291318	cmp-a001-02-000000010764328	grp-a001-02-000000069047580	황성주생식	nad-a001-02-000000541753967	bsn-a001-00-000000013604308	11	09	529514	M	3	0	0	4	0
20260708	4291318	cmp-a001-02-000000010764328	grp-a001-02-000000069047580	과자	nad-a001-02-000000541753991	bsn-a001-00-000000013604308	11	14	529514	M	2	0	0	8	0
20260708	4291318	cmp-a001-02-000000010764328	grp-a001-02-000000069047580	단백질보충제	nad-a001-02-000000541753984	bsn-a001-00-000000013604308	11	10	529514	M	2	0	0	4	0
20260708	4291318	cmp-a001-02-000000010764328	grp-a001-02-000000069047580	과자	nad-a001-02-000000541753991	bsn-a001-00-000000013604308	11	99	529514	M	3	0	0	12	0
20260708	4291318	cmp-a001-02-000000010764328	grp-a001-02-000000069047580	단백질보충제	nad-a001-02-000000541753979	bsn-a001-00-000000013604308	11	18	791888	M	2	0	0	6	0
20260708	4291318	cmp-a001-02-000000010764328	grp-a001-02-000000069047580	쿠팡아침대용추천	nad-a001-02-000000541753966	bsn-a001-00-000000013604308	11	07	8753	M	1	0	0	4	0
20260708	4291318	cmp-a001-02-000000010764328	grp-a001-02-000000069047580	프로틴쉐이크	nad-a001-02-000000541754000	bsn-a001-00-000000013604308	11	99	633013	M	2	0	0	8	0
20260708	4291318	cmp-a001-02-000000010764328	grp-a001-02-000000069047580	황성주생식	nad-a001-02-000000541754004	bsn-a001-00-000000013604308	11	09	27758	P	2	0	0	4	0
20260708	4291318	cmp-a001-02-000000010764328	grp-a001-02-000000069047580	황성주영양식	nad-a001-02-000000541754003	bsn-a001-00-000000013604308	11	15	27758	P	1	0	0	1	0
20260708	4291318	cmp-a001-02-000000010764328	grp-a001-02-000000069047580	프로틴	nad-a001-02-000000541753984	bsn-a001-00-000000013604308	11	09	768323	M	19	0	0	102	0
20260708	4291318	cmp-a001-02-000000010764328	grp-a001-02-000000069047580	쉐이크	nad-a001-02-000000541753981	bsn-a001-00-000000013604308	11	09	529514	M	4	0	0	10	0
20260708	4291318	cmp-a001-02-000000010764328	grp-a001-02-000000069047580	황성주생식	nad-a001-02-000000541753988	bsn-a001-00-000000013604308	11	18	341898	M	1	0	0	2	0
20260708	4291318	cmp-a001-02-000000010764328	grp-a001-02-000000069047580	건강분말	nad-a001-02-000000541754001	bsn-a001-00-000000013604308	11	09	768323	M	1	0	0	10	0
20260708	4291318	cmp-a001-02-000000010764328	grp-a001-02-000000069047580	단백질보충제	nad-a001-02-000000541754000	bsn-a001-00-000000013604308	11	16	23123	P	6	0	0	32	0
20260708	4291318	cmp-a001-02-000000010764328	grp-a001-02-000000069047580	시리얼	nad-a001-02-000000541753991	bsn-a001-00-000000013604308	11	02	768323	M	9	0	0	171	0
20260708	4291318	cmp-a001-02-000000010764328	grp-a001-02-000000069047580	황성주생식	nad-a001-02-000000541754004	bsn-a001-00-000000013604308	11	18	33421	M	1	0	0	4	0
20260708	4291318	cmp-a001-02-000000010764328	grp-a001-02-000000069047580	건강분말	nad-a001-02-000000541753994	bsn-a001-00-000000013604308	11	09	768323	M	1	0	0	13	0
20260708	4291318	cmp-a001-02-000000010764328	grp-a001-02-000000069047580	시리얼	nad-a001-02-000000541753991	bsn-a001-00-000000013604308	11	16	768323	M	1	0	0	19	0
20260708	4291318	cmp-a001-02-000000010764328	grp-a001-02-000000069047580	다이어트견과류	nad-a001-02-000000541753960	bsn-a001-00-000000013604308	11	13	11068	P	1	0	0	1	0
20260708	4291318	cmp-a001-02-000000010764328	grp-a001-02-000000069047580	황성주생식	nad-a001-02-000000541753967	bsn-a001-00-000000013604308	11	14	8753	M	1	0	0	3	0
20260708	4291318	cmp-a001-02-000000010764328	grp-a001-02-000000069047580	단백질쉐이크초코	nad-a001-02-000000541753981	bsn-a001-00-000000013604308	11	06	529514	M	2	0	0	16	0
20260708	4291318	cmp-a001-02-000000010764328	grp-a001-02-000000069047580	건강분말	nad-a001-02-000000541753961	bsn-a001-00-000000013604308	11	99	768323	M	1	0	0	9	0
20260708	4291318	cmp-a001-02-000000010764328	grp-a001-02-000000069047580	프로틴	nad-a001-02-000000541754000	bsn-a001-00-000000013604308	11	01	768323	M	1	0	0	3	0
20260708	4291318	cmp-a001-02-000000010764328	grp-a001-02-000000069047580	황성주박사의1일영양건강식	nad-a001-02-000000541753962	bsn-a001-00-000000013604308	11	07	33421	M	1	0	0	3	0
20260708	4291318	cmp-a001-02-000000010764328	grp-a001-02-000000069047580	바나나다이어트	nad-a001-02-000000541753973	bsn-a001-00-000000013604308	11	02	27758	P	1	0	0	1	0
20260708	4291318	cmp-a001-02-000000010764328	grp-a001-02-000000069047580	프로틴	nad-a001-02-000000541753984	bsn-a001-00-000000013604308	11	10	98128	M	1	0	0	4	0
20260708	4291318	cmp-a001-02-000000010764328	grp-a001-02-000000069047580	시리얼	nad-a001-02-000000541753991	bsn-a001-00-000000013604308	11	15	768323	M	1	0	0	19	0
20260708	4291318	cmp-a001-02-000000010764328	grp-a001-02-000000069047580	황성주라이프밀	nad-a001-02-000000541753967	bsn-a001-00-000000013604308	11	09	8753	M	1	0	0	3	0
20260708	4291318	cmp-a001-02-000000010764328	grp-a001-02-000000069047580	쿠팡아침대용추천	nad-a001-02-000000541753967	bsn-a001-00-000000013604308	11	02	27758	P	1	0	0	2	0
20260708	4291318	cmp-a001-02-000000010764328	grp-a001-02-000000069047580	프로틴	nad-a001-02-000000541753984	bsn-a001-00-000000013604308	11	18	768323	M	3	0	0	15	0
20260708	4291318	cmp-a001-02-000000010764328	grp-a001-02-000000069047580	프로틴쉐이크	nad-a001-02-000000541754000	bsn-a001-00-000000013604308	11	09	529514	M	3	0	0	12	0
20260708	4291318	cmp-a001-02-000000010764328	grp-a001-02-000000069047580	시리얼	nad-a001-02-000000541753991	bsn-a001-00-000000013604308	11	11	768323	M	2	0	0	39	0
20260708	4291318	cmp-a001-02-000000010764328	grp-a001-02-000000069047580	저분자콜라겐	nad-a001-02-000000541753987	bsn-a001-00-000000013604308	11	09	529514	M	1	0	0	7	0
20260708	4291318	cmp-a001-02-000000010764328	grp-a001-02-000000069047580	시리얼	nad-a001-02-000000541753991	bsn-a001-00-000000013604308	11	02	529514	M	20	0	0	60	0
20260708	4291318	cmp-a001-02-000000010764328	grp-a001-02-000000069047580	단백질보충제	nad-a001-02-000000541753981	bsn-a001-00-000000013604308	11	18	791888	M	2	0	0	12	0
20260708	4291318	cmp-a001-02-000000010764328	grp-a001-02-000000069047580	프로틴	nad-a001-02-000000541753979	bsn-a001-00-000000013604308	11	02	684926	M	3	0	0	20	0
20260708	4291318	cmp-a001-02-000000010764328	grp-a001-02-000000069047580	프로틴	nad-a001-02-000000541753984	bsn-a001-00-000000013604308	11	03	768323	M	1	0	0	6	0
20260708	4291318	cmp-a001-02-000000010764328	grp-a001-02-000000069047580	단백질보충제	nad-a001-02-000000541753981	bsn-a001-00-000000013604308	11	99	529514	M	2	0	0	5	0
20260708	4291318	cmp-a001-02-000000010764328	grp-a001-02-000000069047580	프로틴바	nad-a001-02-000000541753991	bsn-a001-00-000000013604308	11	00	23123	P	1	0	0	6	0
20260708	4291318	cmp-a001-02-000000010764328	grp-a001-02-000000069047580	단백질보충제	nad-a001-02-000000541754000	bsn-a001-00-000000013604308	11	03	529514	M	1	0	0	2	0
20260708	4291318	cmp-a001-02-000000010764328	grp-a001-02-000000069047580	프로틴	nad-a001-02-000000541753979	bsn-a001-00-000000013604308	11	18	768323	M	3	0	0	21	0
20260708	4291318	cmp-a001-02-000000010764328	grp-a001-02-000000069047580	프로틴	nad-a001-02-000000541753984	bsn-a001-00-000000013604308	11	02	768323	M	15	0	0	80	0
20260708	4291318	cmp-a001-02-000000010764328	grp-a001-02-000000069047580	황성주생식	nad-a001-02-000000541753988	bsn-a001-00-000000013604308	11	18	33421	M	2	0	0	8	0
20260708	4291318	cmp-a001-02-000000010764328	grp-a001-02-000000069047580	단백질쉐이크파우치	nad-a001-02-000000541753981	bsn-a001-00-000000013604308	11	13	529514	M	2	0	0	52	0
20260708	4291318	cmp-a001-02-000000010764328	grp-a001-02-000000069047580	황성주생식	nad-a001-02-000000541753967	bsn-a001-00-000000013604308	11	01	8753	M	1	0	0	3	0
20260708	4291318	cmp-a001-02-000000010764328	grp-a001-02-000000069047580	서울우유한끼식사데일리케어	nad-a001-02-000000541753963	bsn-a001-00-000000013604308	11	07	341893	M	1	0	0	3	0
20260708	4291318	cmp-a001-02-000000010764328	grp-a001-02-000000069047580	프로틴	nad-a001-02-000000541753979	bsn-a001-00-000000013604308	11	07	529514	M	5	0	0	14	0
20260708	4291318	cmp-a001-02-000000010764328	grp-a001-02-000000069047580	생식구매	nad-a001-02-000000541753996	bsn-a001-00-000000013604308	11	04	684925	P	1	0	0	1	0
20260708	4291318	cmp-a001-02-000000010764328	grp-a001-02-000000069047580	쉐이크	nad-a001-02-000000541754000	bsn-a001-00-000000013604308	11	02	529514	M	2	0	0	4	0
20260708	4291318	cmp-a001-02-000000010764328	grp-a001-02-000000069047580	황성주생식	nad-a001-02-000000541754005	bsn-a001-00-000000013604308	11	18	33421	M	1	0	0	7	0
20260708	4291318	cmp-a001-02-000000010764328	grp-a001-02-000000069047580	프로틴바	nad-a001-02-000000541753991	bsn-a001-00-000000013604308	11	02	23123	P	1	0	0	6	0
20260708	4291318	cmp-a001-02-000000010764328	grp-a001-02-000000069047580	황성주생식	nad-a001-02-000000541754004	bsn-a001-00-000000013604308	11	14	8753	M	1	0	0	2	0
20260708	4291318	cmp-a001-02-000000010764328	grp-a001-02-000000069047580	단백질바	nad-a001-02-000000541753991	bsn-a001-00-000000013604308	11	99	684926	M	1	0	0	4	0
20260708	4291318	cmp-a001-02-000000010764328	grp-a001-02-000000069047580	가루	nad-a001-02-000000541753996	bsn-a001-00-000000013604308	11	02	27758	P	1	0	0	1	0
20260708	4291318	cmp-a001-02-000000010764328	grp-a001-02-000000069047580	건강분말	nad-a001-02-000000541753993	bsn-a001-00-000000013604308	11	99	768323	M	1	0	0	14	0
20260708	4291318	cmp-a001-02-000000010764328	grp-a001-02-000000069047580	프로틴	nad-a001-02-000000541753979	bsn-a001-00-000000013604308	11	01	768323	M	1	0	0	6	0
20260708	4291318	cmp-a001-02-000000010764328	grp-a001-02-000000069047580	단백질	nad-a001-02-000000541753979	bsn-a001-00-000000013604308	11	09	529514	M	1	0	0	5	0
20260708	4291318	cmp-a001-02-000000010764328	grp-a001-02-000000069047580	황성주생식	nad-a001-02-000000541754004	bsn-a001-00-000000013604308	11	18	8753	M	2	0	0	4	0
20260708	4291318	cmp-a001-02-000000010764328	grp-a001-02-000000069047580	다이어트견과류	nad-a001-02-000000541753960	bsn-a001-00-000000013604308	11	13	27758	P	1	0	0	1	0
20260708	4291318	cmp-a001-02-000000010764328	grp-a001-02-000000069047580	단백질쉐이크	nad-a001-02-000000541754000	bsn-a001-00-000000013604308	11	09	633013	M	1	0	0	18	0
20260708	4291318	cmp-a001-02-000000010764328	grp-a001-02-000000069047580	프로틴	nad-a001-02-000000541753981	bsn-a001-00-000000013604308	11	18	768323	M	3	0	0	12	0
20260708	4291318	cmp-a001-02-000000010764328	grp-a001-02-000000069047580	단백질쉐이크	nad-a001-02-000000541754000	bsn-a001-00-000000013604308	11	07	529514	M	2	0	0	36	0
20260708	4291318	cmp-a001-02-000000010764328	grp-a001-02-000000069047580	시리얼	nad-a001-02-000000541753991	bsn-a001-00-000000013604308	11	13	529514	M	3	0	0	9	0
20260708	4291318	cmp-a001-02-000000010764328	grp-a001-02-000000069047580	바나나다이어트	nad-a001-02-000000541753972	bsn-a001-00-000000013604308	11	03	684925	P	1	0	0	1	0
20260708	4291318	cmp-a001-02-000000010764328	grp-a001-02-000000069047580	프로틴	nad-a001-02-000000541754000	bsn-a001-00-000000013604308	11	99	529514	M	17	0	0	34	0
20260708	4291318	cmp-a001-02-000000010764328	grp-a001-02-000000069047580	야채톡	nad-a001-02-000000541753988	bsn-a001-00-000000013604308	11	03	341893	M	2	0	0	18	0
20260708	4291318	cmp-a001-02-000000010764328	grp-a001-02-000000069047580	야채가루	nad-a001-02-000000541753988	bsn-a001-00-000000013604308	11	11	684926	M	1	1	3522	3	0
20260708	4291318	cmp-a001-02-000000010764328	grp-a001-02-000000069047580	황성주생식	nad-a001-02-000000541753988	bsn-a001-00-000000013604308	11	01	341893	M	1	1	645	1	0
20260708	4291318	cmp-a001-02-000000010764328	grp-a001-02-000000069047580	건강분말	nad-a001-02-000000541753961	bsn-a001-00-000000013604308	11	17	768323	M	2	0	0	26	0
20260708	4291318	cmp-a001-02-000000010764328	grp-a001-02-000000069047580	시리얼	nad-a001-02-000000541753991	bsn-a001-00-000000013604308	11	03	529514	M	3	0	0	9	0
20260708	4291318	cmp-a001-02-000000010764328	grp-a001-02-000000069047580	프로틴	nad-a001-02-000000541754000	bsn-a001-00-000000013604308	11	02	529514	M	8	0	0	16	0
20260708	4291318	cmp-a001-02-000000010764328	grp-a001-02-000000069047580	황성주생식	nad-a001-02-000000541753988	bsn-a001-00-000000013604308	11	14	8753	M	1	0	0	5	0
20260708	4291318	cmp-a001-02-000000010764328	grp-a001-02-000000069047580	황성주생식	nad-a001-02-000000541753996	bsn-a001-00-000000013604308	11	18	27758	P	1	0	0	1	0
20260708	4291318	cmp-a001-02-000000010764328	grp-a001-02-000000069047580	프로틴	nad-a001-02-000000541753981	bsn-a001-00-000000013604308	11	09	768323	M	19	0	0	83	0
20260708	4291318	cmp-a001-02-000000010764328	grp-a001-02-000000069047580	콜라겐	nad-a001-02-000000541753987	bsn-a001-00-000000013604308	11	09	98128	M	1	0	0	9	0
20260708	4291318	cmp-a001-02-000000010764328	grp-a001-02-000000069047580	단백질쉐이크	nad-a001-02-000000541754000	bsn-a001-00-000000013604308	11	11	529514	M	10	0	0	180	0
20260708	4291318	cmp-a001-02-000000010764328	grp-a001-02-000000069047580	단백질쉐이크	nad-a001-02-000000541754000	bsn-a001-00-000000013604308	11	09	529514	M	12	0	0	216	0
20260708	4291318	cmp-a001-02-000000010764328	grp-a001-02-000000069047580	프로틴파우치	nad-a001-02-000000541753971	bsn-a001-00-000000013604308	11	09	11068	P	1	0	0	5	0
20260708	4291318	cmp-a001-02-000000010764328	grp-a001-02-000000069047580	바나나다이어트	nad-a001-02-000000541753972	bsn-a001-00-000000013604308	11	02	684925	P	1	0	0	1	0
20260708	4291318	cmp-a001-02-000000010764328	grp-a001-02-000000069047580	단백질보충제	nad-a001-02-000000541754000	bsn-a001-00-000000013604308	11	18	791888	M	2	0	0	8	0
20260708	4291318	cmp-a001-02-000000010764328	grp-a001-02-000000069047580	프로틴	nad-a001-02-000000541754000	bsn-a001-00-000000013604308	11	09	529514	M	29	0	0	58	0
20260708	4291318	cmp-a001-02-000000010764328	grp-a001-02-000000069047580	쉐이크	nad-a001-02-000000541753984	bsn-a001-00-000000013604308	11	11	529514	M	3	0	0	8	0
20260708	4291318	cmp-a001-02-000000010764328	grp-a001-02-000000069047580	생식가루	nad-a001-02-000000541753996	bsn-a001-00-000000013604308	11	09	27758	P	1	0	0	1	0
20260708	4291318	cmp-a001-02-000000010764328	grp-a001-02-000000069047580	라이프밀	nad-a001-02-000000541753967	bsn-a001-00-000000013604308	11	09	529514	M	2	0	0	4	0
20260708	4291318	cmp-a001-02-000000010764328	grp-a001-02-000000069047580	바나나다이어트	nad-a001-02-000000541753972	bsn-a001-00-000000013604308	11	02	27758	P	1	0	0	2	0
20260708	4291318	cmp-a001-02-000000010764328	grp-a001-02-000000069047580	단백질보충제	nad-a001-02-000000541753979	bsn-a001-00-000000013604308	11	02	529514	M	2	0	0	9	0
20260708	4291318	cmp-a001-02-000000010764328	grp-a001-02-000000069047580	황성주생식	nad-a001-02-000000541753996	bsn-a001-00-000000013604308	11	02	684925	P	1	0	0	1	0
20260708	4291318	cmp-a001-02-000000010764328	grp-a001-02-000000069047580	건강분말	nad-a001-02-000000541753994	bsn-a001-00-000000013604308	11	99	768323	M	1	0	0	13	0
20260708	4291318	cmp-a001-02-000000010764328	grp-a001-02-000000069047580	건강분말	nad-a001-02-000000541754001	bsn-a001-00-000000013604308	11	99	768323	M	1	0	0	10	0
20260708	4291318	cmp-a001-02-000000010764328	grp-a001-02-000000069047580	프로틴	nad-a001-02-000000541753979	bsn-a001-00-000000013604308	11	06	768323	M	1	0	0	6	0
20260708	4291318	cmp-a001-02-000000010764328	grp-a001-02-000000069047580	건강분말	nad-a001-02-000000541753993	bsn-a001-00-000000013604308	11	17	768323	M	2	0	0	28	0
20260708	4291318	cmp-a001-02-000000010764328	grp-a001-02-000000069047580	황성주생식	nad-a001-02-000000541753966	bsn-a001-00-000000013604308	11	01	8753	M	1	0	0	4	0
20260708	4291318	cmp-a001-02-000000010764328	grp-a001-02-000000069047580	단백질보충제	nad-a001-02-000000541753984	bsn-a001-00-000000013604308	11	99	529514	M	1	0	0	2	0
20260708	4291318	cmp-a001-02-000000010764328	grp-a001-02-000000069047580	쉐이크	nad-a001-02-000000541753981	bsn-a001-00-000000013604308	11	09	98128	M	2	0	0	7	0
20260708	4291318	cmp-a001-02-000000010764328	grp-a001-02-000000069047580	프로틴	nad-a001-02-000000541753984	bsn-a001-00-000000013604308	11	99	768323	M	15	0	0	80	0
20260708	4291318	cmp-a001-02-000000010764328	grp-a001-02-000000069047580	단백질바	nad-a001-02-000000541753991	bsn-a001-00-000000013604308	11	02	684926	M	1	0	0	10	0
20260708	4291318	cmp-a001-02-000000010764328	grp-a001-02-000000069047580	시리얼	nad-a001-02-000000541753991	bsn-a001-00-000000013604308	11	99	529514	M	14	0	0	42	0
20260708	4291318	cmp-a001-02-000000010764328	grp-a001-02-000000069047580	프로틴	nad-a001-02-000000541753981	bsn-a001-00-000000013604308	11	18	529514	M	3	0	0	11	0
20260708	4291318	cmp-a001-02-000000010764328	grp-a001-02-000000069047580	과자	nad-a001-02-000000541753991	bsn-a001-00-000000013604308	11	15	529514	M	10	0	0	35	0
20260708	4291318	cmp-a001-02-000000010764328	grp-a001-02-000000069047580	하루견과	nad-a001-02-000000541753960	bsn-a001-00-000000013604308	11	10	341893	M	1	0	0	2	0
20260708	4291318	cmp-a001-02-000000010764328	grp-a001-02-000000069047580	황성주생식	nad-a001-02-000000541753966	bsn-a001-00-000000013604308	11	18	33421	M	2	0	0	5	0
20260708	4291318	cmp-a001-02-000000010764328	grp-a001-02-000000069047580	씨리얼	nad-a001-02-000000541753991	bsn-a001-00-000000013604308	11	18	529514	M	4	0	0	16	0
20260708	4291318	cmp-a001-02-000000010764328	grp-a001-02-000000069047580	프로틴	nad-a001-02-000000541753979	bsn-a001-00-000000013604308	11	09	768323	M	19	0	0	132	0
20260708	4291318	cmp-a001-02-000000010764328	grp-a001-02-000000069047580	황성주생식	nad-a001-02-000000541754004	bsn-a001-00-000000013604308	11	18	27758	P	1	0	0	2	0
20260708	4291318	cmp-a001-02-000000010764328	grp-a001-02-000000069047580	단백질쉐이크초코	nad-a001-02-000000541753981	bsn-a001-00-000000013604308	11	09	529514	M	1	0	0	8	0
20260708	4291318	cmp-a001-02-000000010764328	grp-a001-02-000000069047580	바나나다이어트	nad-a001-02-000000541753972	bsn-a001-00-000000013604308	11	03	27758	P	1	0	0	2	0
20260708	4291318	cmp-a001-02-000000010764328	grp-a001-02-000000069047580	프로틴바	nad-a001-02-000000541753991	bsn-a001-00-000000013604308	11	99	529514	M	1	0	0	4	0
20260708	4291318	cmp-a001-02-000000010764328	grp-a001-02-000000069047580	가루	nad-a001-02-000000541753996	bsn-a001-00-000000013604308	11	01	8753	M	1	0	0	1	0
20260708	4291318	cmp-a001-02-000000010764328	grp-a001-02-000000069047580	프로틴	nad-a001-02-000000541753979	bsn-a001-00-000000013604308	11	13	768323	M	2	0	0	14	0
20260708	4291318	cmp-a001-02-000000010764328	grp-a001-02-000000069047580	황성주생식	nad-a001-02-000000541753988	bsn-a001-00-000000013604308	11	15	529514	M	1	0	0	4	0
20260708	4291318	cmp-a001-02-000000010764328	grp-a001-02-000000069047580	프로틴	nad-a001-02-000000541753984	bsn-a001-00-000000013604308	11	08	529514	M	2	0	0	5	0
20260708	4291318	cmp-a001-02-000000010764328	grp-a001-02-000000069047580	프로틴	nad-a001-02-000000541753981	bsn-a001-00-000000013604308	11	09	529514	M	21	0	0	62	0
20260708	4291318	cmp-a001-02-000000010764328	grp-a001-02-000000069047580	프로틴쉐이크	nad-a001-02-000000541754000	bsn-a001-00-000000013604308	11	06	529514	M	4	0	0	16	0
20260708	4291318	cmp-a001-02-000000010764328	grp-a001-02-000000069047580	황성주생식	nad-a001-02-000000541753967	bsn-a001-00-000000013604308	11	15	529514	M	1	0	0	2	0
20260708	4291318	cmp-a001-02-000000010764328	grp-a001-02-000000069047580	사랑하라	nad-a001-02-000000541753981	bsn-a001-00-000000013604308	11	00	248824	P	1	0	0	9	0
20260708	4291318	cmp-a001-02-000000010764328	grp-a001-02-000000069047580	황성주생식	nad-a001-02-000000541753966	bsn-a001-00-000000013604308	11	18	341893	M	1	0	0	1	0
20260708	4291318	cmp-a001-02-000000010764328	grp-a001-02-000000069047580	황성주라이프밀	nad-a001-02-000000541754004	bsn-a001-00-000000013604308	11	09	8753	M	1	0	0	2	0
20260708	4291318	cmp-a001-02-000000010764328	grp-a001-02-000000069047580	단백질쉐이크파우치	nad-a001-02-000000541753975	bsn-a001-00-000000013604308	11	13	529514	M	2	0	0	48	0
20260708	4291318	cmp-a001-02-000000010764328	grp-a001-02-000000069047580	프로틴	nad-a001-02-000000541753981	bsn-a001-00-000000013604308	11	06	529514	M	3	0	0	8	0
20260708	4291318	cmp-a001-02-000000010764328	grp-a001-02-000000069047580	프로틴	nad-a001-02-000000541753984	bsn-a001-00-000000013604308	11	15	768323	M	1	0	0	5	0
20260708	4291318	cmp-a001-02-000000010764328	grp-a001-02-000000069047580	시리얼	nad-a001-02-000000541753991	bsn-a001-00-000000013604308	11	09	529514	M	18	0	0	54	0
20260708	4291318	cmp-a001-02-000000010764328	grp-a001-02-000000069047580	단백질쉐이크파우치	nad-a001-02-000000541753984	bsn-a001-00-000000013604308	11	13	529514	M	1	0	0	26	0
20260708	4291318	cmp-a001-02-000000010764328	grp-a001-02-000000069047580	쉐이크	nad-a001-02-000000541754000	bsn-a001-00-000000013604308	11	09	98128	M	2	0	0	4	0
20260708	4291318	cmp-a001-02-000000010764328	grp-a001-02-000000069047580	황성주영양식	nad-a001-02-000000541753963	bsn-a001-00-000000013604308	11	15	27758	P	1	0	0	2	0
20260708	4291318	cmp-a001-02-000000010764328	grp-a001-02-000000069047580	단백질보충제골드	nad-a001-02-000000541753989	bsn-a001-00-000000013604308	11	11	684924	M	1	0	0	1	0
20260708	4291318	cmp-a001-02-000000010764328	grp-a001-02-000000069047580	바나나쉐이크	nad-a001-02-000000541753973	bsn-a001-00-000000013604308	11	18	27758	P	1	0	0	2	0
20260708	4291318	cmp-a001-02-000000010764328	grp-a001-02-000000069047580	단백질보충제골드	nad-a001-02-000000541753990	bsn-a001-00-000000013604308	11	11	8753	M	1	0	0	2	0
20260708	4291318	cmp-a001-02-000000010764328	grp-a001-02-000000069047580	황성주생식	nad-a001-02-000000541753966	bsn-a001-00-000000013604308	11	15	529514	M	1	0	0	3	0
20260708	4291318	cmp-a001-02-000000010764328	grp-a001-02-000000069047580	균형영양식	nad-a001-02-000000541753964	bsn-a001-00-000000013604308	11	04	529514	M	1	0	0	5	0
20260708	4291318	cmp-a001-02-000000010764328	grp-a001-02-000000069047580	라이프밀	nad-a001-02-000000541754005	bsn-a001-00-000000013604308	11	09	529514	M	2	0	0	14	0
20260708	4291318	cmp-a001-02-000000010764328	grp-a001-02-000000069047580	단백질보충제	nad-a001-02-000000541753984	bsn-a001-00-000000013604308	11	03	98128	M	2	0	0	9	0
20260708	4291318	cmp-a001-02-000000010764328	grp-a001-02-000000069047580	프로틴	nad-a001-02-000000541753981	bsn-a001-00-000000013604308	11	08	768323	M	5	0	0	21	0
20260708	4291318	cmp-a001-02-000000010764328	grp-a001-02-000000069047580	프로틴	nad-a001-02-000000541754000	bsn-a001-00-000000013604308	11	02	768323	M	15	0	0	80	0
20260708	4291318	cmp-a001-02-000000010764328	grp-a001-02-000000069047580	시리얼	nad-a001-02-000000541753991	bsn-a001-00-000000013604308	11	07	529514	M	3	0	0	9	0
20260708	4291318	cmp-a001-02-000000010764328	grp-a001-02-000000069047580	시리얼	nad-a001-02-000000541753991	bsn-a001-00-000000013604308	11	04	768323	M	1	0	0	20	0
20260708	4291318	cmp-a001-02-000000010764328	grp-a001-02-000000069047580	콜라겐	nad-a001-02-000000541753987	bsn-a001-00-000000013604308	11	07	768323	M	3	0	0	27	0
20260708	4291318	cmp-a001-02-000000010764328	grp-a001-02-000000069047580	단백질쉐이크	nad-a001-02-000000541754000	bsn-a001-00-000000013604308	11	02	529514	M	33	0	0	594	0
20260708	4291318	cmp-a001-02-000000010764328	grp-a001-02-000000069047580	35G	nad-a001-02-000000541753991	bsn-a001-00-000000013604308	11	07	529514	M	2	0	0	32	0
20260708	4291318	cmp-a001-02-000000010764328	grp-a001-02-000000069047580	프로틴	nad-a001-02-000000541754000	bsn-a001-00-000000013604308	11	99	768323	M	15	0	0	80	0
20260708	4291318	cmp-a001-02-000000010764328	grp-a001-02-000000069047580	황성주생식	nad-a001-02-000000541753966	bsn-a001-00-000000013604308	11	14	8753	M	1	0	0	4	0
20260708	4291318	cmp-a001-02-000000010764328	grp-a001-02-000000069047580	시리얼	nad-a001-02-000000541753991	bsn-a001-00-000000013604308	11	08	529514	M	2	0	0	6	0
20260708	4291318	cmp-a001-02-000000010764328	grp-a001-02-000000069047580	프로틴	nad-a001-02-000000541753984	bsn-a001-00-000000013604308	11	10	529514	M	1	0	0	2	0
20260708	4291318	cmp-a001-02-000000010764328	grp-a001-02-000000069047580	프로틴	nad-a001-02-000000541753979	bsn-a001-00-000000013604308	11	08	768323	M	5	0	0	35	0
20260708	4291318	cmp-a001-02-000000010764328	grp-a001-02-000000069047580	라이프밀	nad-a001-02-000000541753996	bsn-a001-00-000000013604308	11	09	529514	M	1	0	0	3	0
20260708	4291318	cmp-a001-02-000000010764328	grp-a001-02-000000069047580	황성주생식	nad-a001-02-000000541753996	bsn-a001-00-000000013604308	11	01	8753	M	1	0	0	1	0
20260708	4291318	cmp-a001-02-000000010764328	grp-a001-02-000000069047580	프로틴	nad-a001-02-000000541754000	bsn-a001-00-000000013604308	11	06	529514	M	2	0	0	4	0
20260708	4291318	cmp-a001-02-000000010764328	grp-a001-02-000000069047580	다이어트쉐이크	nad-a001-02-000000541754000	bsn-a001-00-000000013604308	11	11	529514	M	2	0	0	32	0
20260708	4291318	cmp-a001-02-000000010764328	grp-a001-02-000000069047580	쉐이크	nad-a001-02-000000541753981	bsn-a001-00-000000013604308	11	11	529514	M	3	0	0	8	0
20260708	4291318	cmp-a001-02-000000010764328	grp-a001-02-000000069047580	황성주생식	nad-a001-02-000000541754004	bsn-a001-00-000000013604308	11	18	684925	P	1	0	0	1	0
20260708	4291318	cmp-a001-02-000000010764328	grp-a001-02-000000069047580	프로틴	nad-a001-02-000000541753979	bsn-a001-00-000000013604308	11	06	529514	M	4	0	0	12	0
20260708	4291318	cmp-a001-02-000000010764328	grp-a001-02-000000069047580	라이프밀	nad-a001-02-000000541754004	bsn-a001-00-000000013604308	11	09	529514	M	4	0	0	4	0
20260708	4291318	cmp-a001-02-000000010764328	grp-a001-02-000000069047580	프로틴	nad-a001-02-000000541753984	bsn-a001-00-000000013604308	11	09	529514	M	25	0	0	70	0
20260708	4291318	cmp-a001-02-000000010764328	grp-a001-02-000000069047580	단백질보충제	nad-a001-02-000000541753979	bsn-a001-00-000000013604308	11	03	98128	M	2	0	0	8	0
20260708	4291318	cmp-a001-02-000000010764328	grp-a001-02-000000069047580	단백질보충제	nad-a001-02-000000541753981	bsn-a001-00-000000013604308	11	16	23123	P	6	0	0	26	0
20260708	4291318	cmp-a001-02-000000010764328	grp-a001-02-000000069047580	쉐이크	nad-a001-02-000000541753979	bsn-a001-00-000000013604308	11	11	529514	M	3	0	0	11	0
20260708	4291318	cmp-a001-02-000000010764328	grp-a001-02-000000069047580	다이어트견과류	nad-a001-02-000000541753959	bsn-a001-00-000000013604308	11	13	27758	P	1	0	0	2	0
20260708	4291318	cmp-a001-02-000000010764328	grp-a001-02-000000069047580	과자	nad-a001-02-000000541753991	bsn-a001-00-000000013604308	11	02	529514	M	9	0	0	20	0
20260708	4291318	cmp-a001-02-000000010764328	grp-a001-02-000000069047580	라이프밀	nad-a001-02-000000541753996	bsn-a001-00-000000013604308	11	09	8753	M	1	0	0	1	0
20260708	4291318	cmp-a001-02-000000010764328	grp-a001-02-000000069047580	황성주생식	nad-a001-02-000000541753997	bsn-a001-00-000000013604308	11	09	529514	M	1	0	0	5	0
20260708	4291318	cmp-a001-02-000000010764328	grp-a001-02-000000069047580	황성주생식	nad-a001-02-000000541753967	bsn-a001-00-000000013604308	11	18	8753	M	2	0	0	6	0
20260708	4291318	cmp-a001-02-000000010764328	grp-a001-02-000000069047580	프로틴	nad-a001-02-000000541753984	bsn-a001-00-000000013604308	11	07	529514	M	1	0	0	2	0
20260708	4291318	cmp-a001-02-000000010764328	grp-a001-02-000000069047580	황성주생식	nad-a001-02-000000541753968	bsn-a001-00-000000013604308	11	18	33421	M	2	0	0	12	0
20260708	4291318	cmp-a001-02-000000010764328	grp-a001-02-000000069047580	황성주생식	nad-a001-02-000000541754004	bsn-a001-00-000000013604308	11	15	529514	M	1	0	0	1	0
20260708	4291318	cmp-a001-02-000000010764328	grp-a001-02-000000069047580	시리얼	nad-a001-02-000000541753991	bsn-a001-00-000000013604308	11	04	529514	M	5	0	0	15	0
20260708	4291318	cmp-a001-02-000000010764328	grp-a001-02-000000069047580	단백질보충제	nad-a001-02-000000541753979	bsn-a001-00-000000013604308	11	09	529514	M	1	0	0	4	0
20260708	4291318	cmp-a001-02-000000010764328	grp-a001-02-000000069047580	황성주박사의1일영양건강식	nad-a001-02-000000541753963	bsn-a001-00-000000013604308	11	07	684924	M	1	0	0	1	0
20260708	4291318	cmp-a001-02-000000010764328	grp-a001-02-000000069047580	건강분말	nad-a001-02-000000541753995	bsn-a001-00-000000013604308	11	17	768323	M	2	0	0	22	0
20260708	4291318	cmp-a001-02-000000010764328	grp-a001-02-000000069047580	프로틴	nad-a001-02-000000541753979	bsn-a001-00-000000013604308	11	18	529514	M	3	0	0	12	0
20260708	4291318	cmp-a001-02-000000010764328	grp-a001-02-000000069047580	프로틴	nad-a001-02-000000541753981	bsn-a001-00-000000013604308	11	08	529514	M	4	0	0	11	0
20260708	4291318	cmp-a001-02-000000010764328	grp-a001-02-000000069047580	쉐이크	nad-a001-02-000000541753979	bsn-a001-00-000000013604308	11	02	529514	M	1	0	0	3	0
20260708	4291318	cmp-a001-02-000000010764328	grp-a001-02-000000069047580	황성주생식	nad-a001-02-000000541753988	bsn-a001-00-000000013604308	11	18	8753	M	1	0	0	5	0
20260708	4291318	cmp-a001-02-000000010764328	grp-a001-02-000000069047580	프로틴	nad-a001-02-000000541753981	bsn-a001-00-000000013604308	11	16	768323	M	1	0	0	4	0
20260708	4291318	cmp-a001-02-000000010764328	grp-a001-02-000000069047580	바나나다이어트	nad-a001-02-000000541753973	bsn-a001-00-000000013604308	11	03	27758	P	1	0	0	1	0
20260708	4291318	cmp-a001-02-000000010764328	grp-a001-02-000000069047580	야채가루	nad-a001-02-000000541753966	bsn-a001-00-000000013604308	11	11	684926	M	1	0	0	2	0
20260708	4291318	cmp-a001-02-000000010764328	grp-a001-02-000000069047580	과자	nad-a001-02-000000541753991	bsn-a001-00-000000013604308	11	99	98128	M	1	0	0	4	0
20260708	4291318	cmp-a001-02-000000010764328	grp-a001-02-000000069047580	프로틴파우치	nad-a001-02-000000541753975	bsn-a001-00-000000013604308	11	09	11068	P	1	0	0	8	0
20260708	4291318	cmp-a001-02-000000010764328	grp-a001-02-000000069047580	단백질보충제	nad-a001-02-000000541753984	bsn-a001-00-000000013604308	11	09	23123	P	1	0	0	5	0
20260708	4291318	cmp-a001-02-000000010764328	grp-a001-02-000000069047580	과자	nad-a001-02-000000541753991	bsn-a001-00-000000013604308	11	09	529514	M	52	0	0	171	0
20260708	4291318	cmp-a001-02-000000010764328	grp-a001-02-000000069047580	프로틴	nad-a001-02-000000541754000	bsn-a001-00-000000013604308	11	09	98128	M	7	0	0	14	0
20260708	4291318	cmp-a001-02-000000010764328	grp-a001-02-000000069047580	황성주라이프밀	nad-a001-02-000000541753966	bsn-a001-00-000000013604308	11	09	8753	M	1	0	0	4	0
20260708	4291318	cmp-a001-02-000000010764328	grp-a001-02-000000069047580	프로틴	nad-a001-02-000000541753984	bsn-a001-00-000000013604308	11	02	529514	M	7	0	0	20	0
20260708	4291318	cmp-a001-02-000000010764328	grp-a001-02-000000069047580	단백질보충제	nad-a001-02-000000541753974	bsn-a001-00-000000013604308	11	02	684926	M	1	0	0	6	0
20260708	4291318	cmp-a001-02-000000010764328	grp-a001-02-000000069047580	단백질보충제	nad-a001-02-000000541753981	bsn-a001-00-000000013604308	11	03	529514	M	2	0	0	7	0
20260708	4291318	cmp-a001-02-000000010764328	grp-a001-02-000000069047580	쉐이크	nad-a001-02-000000541753984	bsn-a001-00-000000013604308	11	09	98128	M	2	0	0	9	0
20260708	4291318	cmp-a001-02-000000010764328	grp-a001-02-000000069047580	황성주생식	nad-a001-02-000000541753966	bsn-a001-00-000000013604308	11	09	684925	P	2	0	0	2	0
20260708	4291318	cmp-a001-02-000000010764328	grp-a001-02-000000069047580	생식가루추천	nad-a001-02-000000541754004	bsn-a001-00-000000013604308	11	02	27758	P	1	0	0	2	0
20260708	4291318	cmp-a001-02-000000010764328	grp-a001-02-000000069047580	황성주생식	nad-a001-02-000000541754005	bsn-a001-00-000000013604308	11	02	8753	M	1	0	0	8	0
20260708	4291318	cmp-a001-02-000000010764328	grp-a001-02-000000069047580	프로틴	nad-a001-02-000000541753984	bsn-a001-00-000000013604308	11	18	529514	M	6	0	0	16	0
20260708	4291318	cmp-a001-02-000000010764328	grp-a001-02-000000069047580	황성주생식	nad-a001-02-000000541753996	bsn-a001-00-000000013604308	11	02	8753	M	1	0	0	1	0
20260708	4291318	cmp-a001-02-000000010764328	grp-a001-02-000000069047580	단백질쉐이크파우치	nad-a001-02-000000541753969	bsn-a001-00-000000013604308	11	13	529514	M	1	0	0	26	0
20260708	4291318	cmp-a001-02-000000010764328	grp-a001-02-000000069047580	황성주박사의1일영양건강식	nad-a001-02-000000541753963	bsn-a001-00-000000013604308	11	07	33421	M	1	0	0	1	0
20260708	4291318	cmp-a001-02-000000010764328	grp-a001-02-000000069047580	이롬황성주생식	nad-a001-02-000000541753997	bsn-a001-00-000000013604308	11	01	684926	M	1	0	0	1	0
20260708	4291318	cmp-a001-02-000000010764328	grp-a001-02-000000069047580	시리얼	nad-a001-02-000000541753991	bsn-a001-00-000000013604308	11	15	529514	M	4	0	0	12	0
20260708	4291318	cmp-a001-02-000000010764328	grp-a001-02-000000069047580	프로틴	nad-a001-02-000000541753981	bsn-a001-00-000000013604308	11	02	529514	M	6	0	0	18	0
20260708	4291318	cmp-a001-02-000000010764328	grp-a001-02-000000069047580	프로틴파우치	nad-a001-02-000000541753979	bsn-a001-00-000000013604308	11	09	11068	P	1	0	0	1	0
20260708	4291318	cmp-a001-02-000000010764328	grp-a001-02-000000069047580	프로틴	nad-a001-02-000000541753979	bsn-a001-00-000000013604308	11	02	768323	M	15	0	0	105	0
20260708	4291318	cmp-a001-02-000000010764328	grp-a001-02-000000069047580	생식가루	nad-a001-02-000000541754004	bsn-a001-00-000000013604308	11	09	27758	P	1	0	0	2	0
20260708	4291318	cmp-a001-02-000000010764328	grp-a001-02-000000069047580	쉐이크	nad-a001-02-000000541753984	bsn-a001-00-000000013604308	11	02	529514	M	4	0	0	14	0
20260708	4291318	cmp-a001-02-000000010764328	grp-a001-02-000000069047580	프로틴	nad-a001-02-000000541753979	bsn-a001-00-000000013604308	11	10	98128	M	1	0	0	5	0
20260708	4291318	cmp-a001-02-000000010764328	grp-a001-02-000000069047580	프로틴	nad-a001-02-000000541754000	bsn-a001-00-000000013604308	11	07	529514	M	2	0	0	4	0
20260708	4291318	cmp-a001-02-000000010764328	grp-a001-02-000000069047580	단백질바	nad-a001-02-000000541753991	bsn-a001-00-000000013604308	11	08	684926	M	2	0	0	24	0
20260708	4291318	cmp-a001-02-000000010764328	grp-a001-02-000000069047580	황성주라이프밀	nad-a001-02-000000541753988	bsn-a001-00-000000013604308	11	09	8753	M	1	0	0	5	0
20260708	4291318	cmp-a001-02-000000010764328	grp-a001-02-000000069047580	프로틴	nad-a001-02-000000541754000	bsn-a001-00-000000013604308	11	08	529514	M	3	0	0	6	0
20260708	4291318	cmp-a001-02-000000010764328	grp-a001-02-000000069047580	단백질쉐이크	nad-a001-02-000000541754000	bsn-a001-00-000000013604308	11	08	529514	M	8	0	0	144	0
20260708	4291318	cmp-a001-02-000000010764328	grp-a001-02-000000069047580	프로틴	nad-a001-02-000000541753984	bsn-a001-00-000000013604308	11	13	768323	M	2	0	0	11	0
20260708	4291318	cmp-a001-02-000000010764328	grp-a001-02-000000069047580	프로틴	nad-a001-02-000000541753981	bsn-a001-00-000000013604308	11	03	98128	M	1	0	0	3	0
20260708	4291318	cmp-a001-02-000000010764328	grp-a001-02-000000069047580	황성주생식	nad-a001-02-000000541753996	bsn-a001-00-000000013604308	11	02	27758	P	1	0	0	1	0
20260708	4291318	cmp-a001-02-000000010764328	grp-a001-02-000000069047580	황성주라이프밀	nad-a001-02-000000541753996	bsn-a001-00-000000013604308	11	09	8753	M	1	0	0	1	0
20260708	4291318	cmp-a001-02-000000010764328	grp-a001-02-000000069047580	쉐이크	nad-a001-02-000000541754000	bsn-a001-00-000000013604308	11	09	529514	M	3	0	0	6	0
20260708	4291318	cmp-a001-02-000000010764328	grp-a001-02-000000069047580	건강분말	nad-a001-02-000000541753995	bsn-a001-00-000000013604308	11	09	768323	M	1	0	0	15	0
20260708	4291318	cmp-a001-02-000000010764328	grp-a001-02-000000069047580	건강분말	nad-a001-02-000000541753961	bsn-a001-00-000000013604308	11	09	768323	M	1	0	0	9	0
20260708	4291318	cmp-a001-02-000000010764328	grp-a001-02-000000069047580	프로틴	nad-a001-02-000000541753981	bsn-a001-00-000000013604308	11	13	768323	M	2	0	0	9	0
20260708	4291318	cmp-a001-02-000000010764328	grp-a001-02-000000069047580	프로틴	nad-a001-02-000000541753979	bsn-a001-00-000000013604308	11	02	529514	M	9	0	0	35	0
20260708	4291318	cmp-a001-02-000000010764328	grp-a001-02-000000069047580	황성주생식	nad-a001-02-000000541753966	bsn-a001-00-000000013604308	11	18	341898	M	1	0	0	2	0
20260708	4291318	cmp-a001-02-000000010764328	grp-a001-02-000000069047580	단백질보충제	nad-a001-02-000000541754000	bsn-a001-00-000000013604308	11	09	529514	M	1	0	0	2	0
20260708	4291318	cmp-a001-02-000000010764328	grp-a001-02-000000069047580	프로틴바	nad-a001-02-000000541753991	bsn-a001-00-000000013604308	11	02	529514	M	3	0	0	13	0
20260708	4291318	cmp-a001-02-000000010764328	grp-a001-02-000000069047580	황성주생식	nad-a001-02-000000541754004	bsn-a001-00-000000013604308	11	01	8753	M	1	0	0	2	0
20260708	4291318	cmp-a001-02-000000010764328	grp-a001-02-000000069047580	황성주박사의1일영양건강식	nad-a001-02-000000541754003	bsn-a001-00-000000013604308	11	07	33421	M	1	0	0	2	0
20260708	4291318	cmp-a001-02-000000010764328	grp-a001-02-000000069047580	프로틴	nad-a001-02-000000541753981	bsn-a001-00-000000013604308	11	10	98128	M	1	0	0	3	0
20260708	4291318	cmp-a001-02-000000010764328	grp-a001-02-000000069047580	프로틴	nad-a001-02-000000541753979	bsn-a001-00-000000013604308	11	04	529514	M	1	0	0	3	0
20260708	4291318	cmp-a001-02-000000010764328	grp-a001-02-000000069047580	단백질쉐이크	nad-a001-02-000000541754000	bsn-a001-00-000000013604308	11	00	529514	M	2	0	0	36	0
20260708	4291318	cmp-a001-02-000000010764328	grp-a001-02-000000069047580	황성주생식	nad-a001-02-000000541753967	bsn-a001-00-000000013604308	11	18	33421	M	2	0	0	3	0
20260708	4291318	cmp-a001-02-000000010764328	grp-a001-02-000000069047580	황성주박사의1일1생식	nad-a001-02-000000541753997	bsn-a001-00-000000013604308	11	02	8753	M	1	0	0	3	0
20260708	4291318	cmp-a001-02-000000010764328	grp-a001-02-000000069047580	단백질보충제	nad-a001-02-000000541753984	bsn-a001-00-000000013604308	11	18	791888	M	2	0	0	14	0
20260708	4291318	cmp-a001-02-000000010764328	grp-a001-02-000000069047580	다이어트견과류	nad-a001-02-000000541753959	bsn-a001-00-000000013604308	11	13	684925	P	1	0	0	1	0
20260708	4291318	cmp-a001-02-000000010764328	grp-a001-02-000000069047580	프로틴	nad-a001-02-000000541754000	bsn-a001-00-000000013604308	11	10	98128	M	1	0	0	2	0
20260708	4291318	cmp-a001-02-000000010764328	grp-a001-02-000000069047580	단백질보충제	nad-a001-02-000000541753981	bsn-a001-00-000000013604308	11	02	529514	M	1	0	0	4	0
20260708	4291318	cmp-a001-02-000000010764328	grp-a001-02-000000069047580	시리얼	nad-a001-02-000000541753991	bsn-a001-00-000000013604308	11	09	768323	M	5	0	0	97	0
20260708	4291318	cmp-a001-02-000000010764328	grp-a001-02-000000069047580	사랑하라	nad-a001-02-000000541753979	bsn-a001-00-000000013604308	11	00	248824	P	1	0	0	7	0
20260708	4291318	cmp-a001-02-000000010764328	grp-a001-02-000000069047580	프로틴	nad-a001-02-000000541753981	bsn-a001-00-000000013604308	11	15	768323	M	1	0	0	4	0
20260708	4291318	cmp-a001-02-000000010764328	grp-a001-02-000000069047580	쿠팡아침대용추천	nad-a001-02-000000541753966	bsn-a001-00-000000013604308	11	02	27758	P	1	0	0	1	0
20260708	4291318	cmp-a001-02-000000010764328	grp-a001-02-000000069047580	시리얼	nad-a001-02-000000541753991	bsn-a001-00-000000013604308	11	09	684926	M	1	0	0	37	0
20260708	4291318	cmp-a001-02-000000010764328	grp-a001-02-000000069047580	시리얼	nad-a001-02-000000541753991	bsn-a001-00-000000013604308	11	10	529514	M	2	0	0	6	0
20260708	4291318	cmp-a001-02-000000010764328	grp-a001-02-000000069047580	프로틴	nad-a001-02-000000541753981	bsn-a001-00-000000013604308	11	10	529514	M	1	0	0	3	0
20260708	4291318	cmp-a001-02-000000010764328	grp-a001-02-000000069047580	라이프밀	nad-a001-02-000000541753997	bsn-a001-00-000000013604308	11	09	529514	M	3	0	0	10	0
20260708	4291318	cmp-a001-02-000000010764328	grp-a001-02-000000069047580	단백질쉐이크파우치	nad-a001-02-000000541753979	bsn-a001-00-000000013604308	11	13	529514	M	1	0	0	28	0
20260708	4291318	cmp-a001-02-000000010764328	grp-a001-02-000000069047580	황성주생식	nad-a001-02-000000541753988	bsn-a001-00-000000013604308	11	14	341893	M	1	0	0	1	0
20260708	4291318	cmp-a001-02-000000010764328	grp-a001-02-000000069047580	단백질파우더	nad-a001-02-000000541754000	bsn-a001-00-000000013604308	11	09	791888	M	2	0	0	8	0
20260708	4291318	cmp-a001-02-000000010764328	grp-a001-02-000000069047580	프로틴	nad-a001-02-000000541753979	bsn-a001-00-000000013604308	11	16	768323	M	1	0	0	7	0
20260708	4291318	cmp-a001-02-000000010764328	grp-a001-02-000000069047580	쉐이크	nad-a001-02-000000541754000	bsn-a001-00-000000013604308	11	11	529514	M	4	0	0	8	0
20260708	4291318	cmp-a001-02-000000010764328	grp-a001-02-000000069047580	프로틴	nad-a001-02-000000541754000	bsn-a001-00-000000013604308	11	18	768323	M	3	0	0	18	0
20260708	4291318	cmp-a001-02-000000010764328	grp-a001-02-000000069047580	시리얼	nad-a001-02-000000541753991	bsn-a001-00-000000013604308	11	03	768323	M	3	0	0	59	0
20260708	4291318	cmp-a001-02-000000010764328	grp-a001-02-000000069047580	황성주생식	nad-a001-02-000000541753996	bsn-a001-00-000000013604308	11	18	33421	M	1	0	0	1	0
20260708	4291318	cmp-a001-02-000000010764328	grp-a001-02-000000069047580	황성주박사의1일1생식	nad-a001-02-000000541753996	bsn-a001-00-000000013604308	11	02	8753	M	1	0	0	2	0
20260708	4291318	cmp-a001-02-000000010764328	grp-a001-02-000000069047580	황성주생식	nad-a001-02-000000541753997	bsn-a001-00-000000013604308	11	18	33421	M	1	0	0	6	0
20260708	4291318	cmp-a001-02-000000010764328	grp-a001-02-000000069047580	균형영양식	nad-a001-02-000000541753964	bsn-a001-00-000000013604308	11	00	87620	M	1	0	0	3	0
20260708	4291318	cmp-a001-02-000000010764328	grp-a001-02-000000069047580	프로틴	nad-a001-02-000000541753981	bsn-a001-00-000000013604308	11	02	768323	M	15	0	0	65	0
20260708	4291318	cmp-a001-02-000000010764328	grp-a001-02-000000069047580	라이프밀	nad-a001-02-000000541753988	bsn-a001-00-000000013604308	11	09	529514	M	2	0	0	4	0
20260708	4291318	cmp-a001-02-000000010764328	grp-a001-02-000000069047580	과자	nad-a001-02-000000541753991	bsn-a001-00-000000013604308	11	01	529514	M	1	0	0	4	0
20260708	4291318	cmp-a001-02-000000010764328	grp-a001-02-000000069047580	단백질바	nad-a001-02-000000541753991	bsn-a001-00-000000013604308	11	01	529514	M	1	0	0	4	0
20260708	4291318	cmp-a001-02-000000010764328	grp-a001-02-000000069047580	프로틴	nad-a001-02-000000541753979	bsn-a001-00-000000013604308	11	03	768323	M	1	0	0	7	0
20260708	4291318	cmp-a001-02-000000010764328	grp-a001-02-000000069047580	가루	nad-a001-02-000000541753996	bsn-a001-00-000000013604308	11	02	684925	P	1	0	0	1	0
20260708	4291318	cmp-a001-02-000000010764328	grp-a001-02-000000069047580	프로틴	nad-a001-02-000000541753984	bsn-a001-00-000000013604308	11	08	768323	M	5	0	0	26	0
20260708	4291318	cmp-a001-02-000000010764328	grp-a001-02-000000069047580	단백질쉐이크	nad-a001-02-000000541754000	bsn-a001-00-000000013604308	11	14	529514	M	1	0	0	18	0
20260708	4291318	cmp-a001-02-000000010764328	grp-a001-02-000000069047580	단백질보충제	nad-a001-02-000000541753979	bsn-a001-00-000000013604308	11	99	529514	M	1	0	0	4	0
20260708	4291318	cmp-a001-02-000000010764328	grp-a001-02-000000069047580	프로틴	nad-a001-02-000000541754000	bsn-a001-00-000000013604308	11	16	768323	M	1	0	0	6	0
20260708	4291318	cmp-a001-02-000000010764328	grp-a001-02-000000069047580	단백질보충제	nad-a001-02-000000541753979	bsn-a001-00-000000013604308	11	10	529514	M	1	0	0	4	0
20260708	4291318	cmp-a001-02-000000010764328	grp-a001-02-000000069047580	황성주박사의1일1생식	nad-a001-02-000000541753996	bsn-a001-00-000000013604308	11	02	684924	M	1	0	0	1	0
20260708	4291318	cmp-a001-02-000000010764328	grp-a001-02-000000069047580	시리얼	nad-a001-02-000000541753991	bsn-a001-00-000000013604308	11	14	529514	M	3	0	0	9	0
20260708	4291318	cmp-a001-02-000000010764328	grp-a001-02-000000069047580	프로틴파우치	nad-a001-02-000000541753970	bsn-a001-00-000000013604308	11	09	11068	P	1	0	0	2	0
20260708	4291318	cmp-a001-02-000000010764328	grp-a001-02-000000069047580	건강분말	nad-a001-02-000000541753995	bsn-a001-00-000000013604308	11	99	768323	M	1	0	0	15	0
20260708	4291318	cmp-a001-02-000000010764328	grp-a001-02-000000069047580	단백질쉐이크	nad-a001-02-000000541753989	bsn-a001-00-000000013604308	11	09	341893	M	1	0	0	1	0
20260708	4291318	cmp-a001-02-000000010764328	grp-a001-02-000000069047580	시리얼	nad-a001-02-000000541753991	bsn-a001-00-000000013604308	11	11	529514	M	3	0	0	9	0
20260708	4291318	cmp-a001-02-000000010764328	grp-a001-02-000000069047580	단백질쉐이크	nad-a001-02-000000541754000	bsn-a001-00-000000013604308	11	13	529514	M	1	0	0	18	0
20260708	4291318	cmp-a001-02-000000010764328	grp-a001-02-000000069047580	견과	nad-a001-02-000000541753959	bsn-a001-00-000000013604308	11	11	684926	M	1	0	0	2	0
20260708	4291318	cmp-a001-02-000000010764328	grp-a001-02-000000069047580	프로틴	nad-a001-02-000000541753984	bsn-a001-00-000000013604308	11	09	98128	M	7	0	0	30	0
20260708	4291318	cmp-a001-02-000000010764328	grp-a001-02-000000069047580	과자	nad-a001-02-000000541753991	bsn-a001-00-000000013604308	11	99	768323	M	1	0	0	3	0
20260708	4291318	cmp-a001-02-000000010764328	grp-a001-02-000000069047580	프로틴	nad-a001-02-000000541753981	bsn-a001-00-000000013604308	11	99	768323	M	15	0	0	65	0
20260708	4291318	cmp-a001-02-000000010764328	grp-a001-02-000000069047580	프로틴	nad-a001-02-000000541753979	bsn-a001-00-000000013604308	11	99	768323	M	15	0	0	105	0
20260708	4291318	cmp-a001-02-000000010764328	grp-a001-02-000000069047580	다이어트견과류	nad-a001-02-000000541753959	bsn-a001-00-000000013604308	11	13	11068	P	1	1	768	2	0
20260708	4291318	cmp-a001-02-000000010764328	grp-a001-02-000000069047580	단백질	nad-a001-02-000000541753981	bsn-a001-00-000000013604308	11	09	529514	M	7	0	0	27	0
20260708	4291318	cmp-a001-02-000000010764328	grp-a001-02-000000069047580	쉐이크	nad-a001-02-000000541753981	bsn-a001-00-000000013604308	11	02	529514	M	6	0	0	14	0
20260708	4291318	cmp-a001-02-000000010764328	grp-a001-02-000000069047580	시리얼	nad-a001-02-000000541753991	bsn-a001-00-000000013604308	11	00	529514	M	1	0	0	3	0
20260708	4291318	cmp-a001-02-000000010764328	grp-a001-02-000000069047580	황성주박사의1일영양건강식	nad-a001-02-000000541754003	bsn-a001-00-000000013604308	11	07	8753	M	1	0	0	2	0
20260708	4291318	cmp-a001-02-000000010764328	grp-a001-02-000000069047580	단백질쉐이크	nad-a001-02-000000541754000	bsn-a001-00-000000013604308	11	99	529514	M	2	0	0	36	0
20260708	4291318	cmp-a001-02-000000010764328	grp-a001-02-000000069047580	프로틴	nad-a001-02-000000541754000	bsn-a001-00-000000013604308	11	09	768323	M	19	0	0	97	0
20260708	4291318	cmp-a001-02-000000010764328	grp-a001-02-000000069047580	프로틴	nad-a001-02-000000541754000	bsn-a001-00-000000013604308	11	03	768323	M	1	0	0	4	0
20260708	4291318	cmp-a001-02-000000010764328	grp-a001-02-000000069047580	단백질보충제	nad-a001-02-000000541753981	bsn-a001-00-000000013604308	11	09	23123	P	1	0	0	4	0
20260708	4291318	cmp-a001-02-000000010764328	grp-a001-02-000000069047580	프로틴	nad-a001-02-000000541753981	bsn-a001-00-000000013604308	11	01	768323	M	1	0	0	4	0
20260708	4291318	cmp-a001-02-000000010764328	grp-a001-02-000000069047580	시리얼	nad-a001-02-000000541753991	bsn-a001-00-000000013604308	11	01	529514	M	4	0	0	12	0
20260708	4291318	cmp-a001-02-000000010764328	grp-a001-02-000000069047580	단백질보충제	nad-a001-02-000000541753984	bsn-a001-00-000000013604308	11	09	529514	M	1	0	0	3	0
20260708	4291318	cmp-a001-02-000000010764328	grp-a001-02-000000069047580	프로틴쉐이크	nad-a001-02-000000541754000	bsn-a001-00-000000013604308	11	02	529514	M	5	0	0	20	0
20260708	4291318	cmp-a001-02-000000010764328	grp-a001-02-000000069047580	시리얼	nad-a001-02-000000541753991	bsn-a001-00-000000013604308	11	16	529514	M	2	0	0	6	0
20260708	4291318	cmp-a001-02-000000010764328	grp-a001-02-000000069047580	프로틴	nad-a001-02-000000541753979	bsn-a001-00-000000013604308	11	10	529514	M	1	0	0	4	0
20260708	4291318	cmp-a001-02-000000010764328	grp-a001-02-000000069047580	프로틴쉐이크	nad-a001-02-000000541754000	bsn-a001-00-000000013604308	11	02	98128	M	2	0	0	8	0
20260708	4291318	cmp-a001-02-000000010764328	grp-a001-02-000000069047580	생식가루추천	nad-a001-02-000000541753996	bsn-a001-00-000000013604308	11	02	684925	P	1	0	0	1	0
20260708	4291318	cmp-a001-02-000000010764328	grp-a001-02-000000069047580	프로틴	nad-a001-02-000000541753984	bsn-a001-00-000000013604308	11	04	529514	M	1	0	0	2	0
20260708	4291318	cmp-a001-02-000000010764328	grp-a001-02-000000069047580	과자	nad-a001-02-000000541753991	bsn-a001-00-000000013604308	11	16	768323	M	2	0	0	6	0
20260708	4291318	cmp-a001-02-000000010764328	grp-a001-02-000000069047580	영양식	nad-a001-02-000000541753964	bsn-a001-00-000000013604308	11	03	684927	P	2	0	0	2	0
20260708	4291318	cmp-a001-02-000000010764328	grp-a001-02-000000069047580	시리얼	nad-a001-02-000000541753991	bsn-a001-00-000000013604308	11	08	768323	M	5	0	0	97	0
20260708	4291318	cmp-a001-02-000000010764328	grp-a001-02-000000069047580	단백질보충제	nad-a001-02-000000541753979	bsn-a001-00-000000013604308	11	16	23123	P	2	0	0	12	0
20260708	4291318	cmp-a001-02-000000010764328	grp-a001-02-000000069047580	사랑으로	nad-a001-02-000000541753991	bsn-a001-00-000000013604308	11	13	529514	M	2	0	0	12	0
20260708	4291318	cmp-a001-02-000000010764328	grp-a001-02-000000069047580	황성주생식	nad-a001-02-000000541754004	bsn-a001-00-000000013604308	11	09	529514	M	1	0	0	1	0
20260708	4291318	cmp-a001-02-000000010764328	grp-a001-02-000000069047580	단백질쉐이크파우치	nad-a001-02-000000541753970	bsn-a001-00-000000013604308	11	13	529514	M	1	0	0	25	0
20260708	4291318	cmp-a001-02-000000010764328	grp-a001-02-000000069047580	단백질	nad-a001-02-000000541753984	bsn-a001-00-000000013604308	11	09	529514	M	4	0	0	16	0
20260708	4291318	cmp-a001-02-000000010764328	grp-a001-02-000000069047580	프로틴	nad-a001-02-000000541753979	bsn-a001-00-000000013604308	11	09	529514	M	24	0	0	92	0
20260708	4291318	cmp-a001-02-000000010764328	grp-a001-02-000000069047580	라이프밀	nad-a001-02-000000541753968	bsn-a001-00-000000013604308	11	09	529514	M	3	0	0	17	0
20260708	4291318	cmp-a001-02-000000010764328	grp-a001-02-000000069047580	단백질보충제	nad-a001-02-000000541754000	bsn-a001-00-000000013604308	11	03	98128	M	2	0	0	4	0
20260708	4291318	cmp-a001-02-000000010432615	grp-a001-02-000000064422129	황성주생식	nad-a001-02-000000494208910	bsn-a001-00-000000013604308	13	02	529514	M	1	0	0	1	0
20260708	4291318	cmp-a001-02-000000010432615	grp-a001-02-000000064422129	몸신의탄생생식	nad-a001-02-000000494208910	bsn-a001-00-000000013604308	13	16	8753	M	1	0	0	3	0
20260708	4291318	cmp-a001-02-000000010432615	grp-a001-02-000000064422129	시리얼	nad-a001-02-000000494208904	bsn-a001-00-000000013604308	13	04	529514	M	1	0	0	3	0
20260708	4291318	cmp-a001-02-000000010432615	grp-a001-02-000000064422129	시리얼	nad-a001-02-000000494208904	bsn-a001-00-000000013604308	13	06	529514	M	2	0	0	6	0
20260708	4291318	cmp-a001-02-000000010432615	grp-a001-02-000000064422129	스토어	nad-a001-02-000000494208910	bsn-a001-00-000000013604308	13	09	98128	M	5	0	0	11	0
20260708	4291318	cmp-a001-02-000000010432615	grp-a001-02-000000064422129	프로틴바	nad-a001-02-000000494208904	bsn-a001-00-000000013604308	13	02	529514	M	1	0	0	3	0
20260708	4291318	cmp-a001-02-000000010432615	grp-a001-02-000000064422129	황성주생식	nad-a001-02-000000494208910	bsn-a001-00-000000013604308	13	02	684925	P	1	0	0	1	0
20260708	4291318	cmp-a001-02-000000010432615	grp-a001-02-000000064422129	시리얼	nad-a001-02-000000494208904	bsn-a001-00-000000013604308	13	03	529514	M	3	0	0	9	0
20260708	4291318	cmp-a001-02-000000010432615	grp-a001-02-000000064422129	프로틴바	nad-a001-02-000000494208904	bsn-a001-00-000000013604308	13	02	684927	P	1	0	0	24	0
20260708	4291318	cmp-a001-02-000000010432615	grp-a001-02-000000064422129	시리얼	nad-a001-02-000000494208904	bsn-a001-00-000000013604308	13	13	529514	M	1	0	0	3	0
20260708	4291318	cmp-a001-02-000000010432615	grp-a001-02-000000064422129	황성주생식	nad-a001-02-000000494208910	bsn-a001-00-000000013604308	13	99	612594	M	1	1	6050	1	0
20260708	4291318	cmp-a001-02-000000010432615	grp-a001-02-000000064422129	시리얼	nad-a001-02-000000494208904	bsn-a001-00-000000013604308	13	08	529514	M	4	0	0	12	0
20260708	4291318	cmp-a001-02-000000010432615	grp-a001-02-000000064422129	황성주생식	nad-a001-02-000000494208910	bsn-a001-00-000000013604308	13	18	684924	M	1	0	0	1	0
20260708	4291318	cmp-a001-02-000000010432615	grp-a001-02-000000064422129	황성주생식	nad-a001-02-000000494208910	bsn-a001-00-000000013604308	13	18	8753	M	2	0	0	2	0
20260708	4291318	cmp-a001-02-000000010432615	grp-a001-02-000000064422129	스토어	nad-a001-02-000000494208910	bsn-a001-00-000000013604308	13	99	98128	M	6	0	0	15	0
20260708	4291318	cmp-a001-02-000000010432615	grp-a001-02-000000064422129	단백질바	nad-a001-02-000000494208904	bsn-a001-00-000000013604308	13	16	529514	M	1	0	0	3	0
20260708	4291318	cmp-a001-02-000000010432615	grp-a001-02-000000064422129	황성주생식	nad-a001-02-000000494208911	bsn-a001-00-000000013604308	13	02	27758	P	1	0	0	3	0
20260708	4291318	cmp-a001-02-000000010432615	grp-a001-02-000000064422129	가루	nad-a001-02-000000494208910	bsn-a001-00-000000013604308	13	07	609155	M	1	0	0	1	0
20260708	4291318	cmp-a001-02-000000010432615	grp-a001-02-000000064422129	흑임자가루보관방법	nad-a001-02-000000494208910	bsn-a001-00-000000013604308	13	03	8753	M	1	0	0	1	0
20260708	4291318	cmp-a001-02-000000010432615	grp-a001-02-000000064422129	생식가루	nad-a001-02-000000494208910	bsn-a001-00-000000013604308	13	02	8753	M	1	0	0	1	0
20260708	4291318	cmp-a001-02-000000010432615	grp-a001-02-000000064422129	황성주생식	nad-a001-02-000000494209022	bsn-a001-00-000000013604308	13	18	8753	M	1	0	0	4	0
20260708	4291318	cmp-a001-02-000000010432615	grp-a001-02-000000064422129	분말	nad-a001-02-000000494208910	bsn-a001-00-000000013604308	13	16	335738	P	1	0	0	1	0
20260708	4291318	cmp-a001-02-000000010432615	grp-a001-02-000000064422129	스토어	nad-a001-02-000000494208910	bsn-a001-00-000000013604308	13	03	98128	M	1	0	0	3	0
20260708	4291318	cmp-a001-02-000000010432615	grp-a001-02-000000064422129	황성주생식	nad-a001-02-000000494208911	bsn-a001-00-000000013604308	13	99	612594	M	1	0	0	6	0
20260708	4291318	cmp-a001-02-000000010432615	grp-a001-02-000000064422129	황성주생식	nad-a001-02-000000494209021	bsn-a001-00-000000013604308	13	02	27758	P	1	0	0	2	0
20260708	4291318	cmp-a001-02-000000010432615	grp-a001-02-000000064422129	시리얼	nad-a001-02-000000494208904	bsn-a001-00-000000013604308	13	01	529514	M	1	0	0	3	0
20260708	4291318	cmp-a001-02-000000010432615	grp-a001-02-000000064422129	산골총각영웅생식	nad-a001-02-000000494208910	bsn-a001-00-000000013604308	13	11	27758	P	1	0	0	1	0
20260708	4291318	cmp-a001-02-000000010432615	grp-a001-02-000000064422129	시리얼	nad-a001-02-000000494208904	bsn-a001-00-000000013604308	13	09	529514	M	10	0	0	30	0
20260708	4291318	cmp-a001-02-000000010432615	grp-a001-02-000000064422129	시리얼	nad-a001-02-000000494208904	bsn-a001-00-000000013604308	13	99	529514	M	9	0	0	27	0
20260708	4291318	cmp-a001-02-000000010432615	grp-a001-02-000000064422129	시리얼	nad-a001-02-000000494208904	bsn-a001-00-000000013604308	13	02	529514	M	7	0	0	21	0
20260708	4291318	cmp-a001-02-000000010432615	grp-a001-02-000000064422129	시리얼	nad-a001-02-000000494208904	bsn-a001-00-000000013604308	13	16	529514	M	1	0	0	3	0
20260708	4291318	cmp-a001-02-000000010432615	grp-a001-02-000000064422129	시리얼	nad-a001-02-000000494208904	bsn-a001-00-000000013604308	13	15	529514	M	4	0	0	12	0
20260708	4291318	cmp-a001-02-000000010432615	grp-a001-02-000000064422129	황성주생식	nad-a001-02-000000494208910	bsn-a001-00-000000013604308	13	02	27758	P	1	0	0	1	0
20260708	4291318	cmp-a001-02-000000010432615	grp-a001-02-000000064422129	스토어	nad-a001-02-000000494208910	bsn-a001-00-000000013604308	13	02	98128	M	1	0	0	3	0
20260708	4291318	cmp-a001-02-000000010432615	grp-a001-02-000000064422129	단백질바	nad-a001-02-000000494208904	bsn-a001-00-000000013604308	13	09	529514	M	1	0	0	3	0
20260708	4291318	cmp-a001-02-000000010432615	grp-a001-02-000000064422129	시리얼	nad-a001-02-000000494208904	bsn-a001-00-000000013604308	13	07	529514	M	2	0	0	6	0
20260708	4291318	cmp-a001-02-000000010432615	grp-a001-02-000000064422129	황성주생식	nad-a001-02-000000494209022	bsn-a001-00-000000013604308	13	99	612594	M	1	0	0	8	0
20260708	4291318	cmp-a001-02-000000010432615	grp-a001-02-000000064422129	황성주생식	nad-a001-02-000000494208911	bsn-a001-00-000000013604308	13	18	8753	M	1	0	0	3	0
20260708	4291318	cmp-a001-02-000000010432615	grp-a001-02-000000064422129	황성주건강식	nad-a001-02-000000494209020	bsn-a001-00-000000013604308	13	99	612594	M	1	0	0	1	0
20260708	4291318	cmp-a001-02-000000010432615	grp-a001-02-000000064422129	황성주생식	nad-a001-02-000000494209021	bsn-a001-00-000000013604308	13	18	8753	M	1	0	0	2	0
20260708	4291318	cmp-a001-02-000000010432615	grp-a001-02-000000064422129	황성주생식	nad-a001-02-000000494209022	bsn-a001-00-000000013604308	13	02	529514	M	1	0	0	7	0
20260708	4291318	cmp-a001-02-000000010432615	grp-a001-02-000000064422129	황성주생식	nad-a001-02-000000494209021	bsn-a001-00-000000013604308	12	02	8753	M	1	0	0	2	0
20260708	4291318	cmp-a001-02-000000010764328	grp-a001-02-000000069047580	단백질파우더	nad-a001-02-000000541754000	bsn-a001-00-000000013604308	12	99	529514	M	1	0	0	2	0
20260708	4291318	cmp-a001-02-000000010764328	grp-a001-02-000000069047580	프로틴	nad-a001-02-000000541753984	bsn-a001-00-000000013604308	12	11	768323	M	1	0	0	6	0
20260708	4291318	cmp-a001-02-000000010764328	grp-a001-02-000000069047580	황성주생식	nad-a001-02-000000541753988	bsn-a001-00-000000013604308	12	02	8753	M	1	0	0	5	0
20260708	4291318	cmp-a001-02-000000010764328	grp-a001-02-000000069047580	야채가루	nad-a001-02-000000541753966	bsn-a001-00-000000013604308	12	15	8753	M	2	0	0	4	0
20260708	4291318	cmp-a001-02-000000010764328	grp-a001-02-000000069047580	다이어트쉐이크	nad-a001-02-000000541754000	bsn-a001-00-000000013604308	12	99	529514	M	1	0	0	2	0
20260708	4291318	cmp-a001-02-000000010764328	grp-a001-02-000000069047580	단백질쉐이크	nad-a001-02-000000541754000	bsn-a001-00-000000013604308	12	09	529514	M	29	0	0	58	0
20260708	4291318	cmp-a001-02-000000010764328	grp-a001-02-000000069047580	단백질보충제	nad-a001-02-000000541753984	bsn-a001-00-000000013604308	12	09	23123	P	1	0	0	6	0
20260708	4291318	cmp-a001-02-000000010432615	grp-a001-02-000000064422129	스토어	nad-a001-02-000000494208910	bsn-a001-00-000000013604308	12	99	137281	M	1	0	0	1	0
20260708	4291318	cmp-a001-02-000000010764328	grp-a001-02-000000069047580	프로틴	nad-a001-02-000000541753979	bsn-a001-00-000000013604308	12	15	768323	M	1	0	0	7	0
20260708	4291318	cmp-a001-02-000000010432615	grp-a001-02-000000064422129	시리얼	nad-a001-02-000000494208904	bsn-a001-00-000000013604308	12	03	529514	M	9	0	0	29	0
20260708	4291318	cmp-a001-02-000000010764328	grp-a001-02-000000069047580	쉐이크	nad-a001-02-000000541754000	bsn-a001-00-000000013604308	12	09	529514	M	12	0	0	24	0
20260708	4291318	cmp-a001-02-000000010764328	grp-a001-02-000000069047580	단백질	nad-a001-02-000000541754000	bsn-a001-00-000000013604308	12	06	529514	M	4	0	0	12	0
20260708	4291318	cmp-a001-02-000000010764328	grp-a001-02-000000069047580	단백질	nad-a001-02-000000541753979	bsn-a001-00-000000013604308	12	03	529514	M	4	0	0	16	0
20260708	4291318	cmp-a001-02-000000010764328	grp-a001-02-000000069047580	프로틴	nad-a001-02-000000541754000	bsn-a001-00-000000013604308	12	02	23123	P	2	0	0	10	0
20260708	4291318	cmp-a001-02-000000010764328	grp-a001-02-000000069047580	과자	nad-a001-02-000000541753991	bsn-a001-00-000000013604308	12	16	529514	M	3	0	0	9	0
20260708	4291318	cmp-a001-02-000000010764328	grp-a001-02-000000069047580	쉐이크	nad-a001-02-000000541753984	bsn-a001-00-000000013604308	12	08	98128	M	4	0	0	16	0
20260708	4291318	cmp-a001-02-000000010764328	grp-a001-02-000000069047580	황성주생식	nad-a001-02-000000541753968	bsn-a001-00-000000013604308	12	08	8753	M	1	0	0	7	0
20260708	4291318	cmp-a001-02-000000010432615	grp-a001-02-000000064422129	균형생식	nad-a001-02-000000494209020	bsn-a001-00-000000013604308	12	18	33421	M	1	0	0	2	0
20260708	4291318	cmp-a001-02-000000010432615	grp-a001-02-000000064422129	스토어	nad-a001-02-000000494208910	bsn-a001-00-000000013604308	12	04	98128	M	2	0	0	5	0
20260708	4291318	cmp-a001-02-000000010764328	grp-a001-02-000000069047580	단백질	nad-a001-02-000000541753984	bsn-a001-00-000000013604308	12	09	98128	M	3	0	0	15	0
20260708	4291318	cmp-a001-02-000000010764328	grp-a001-02-000000069047580	쉐이크	nad-a001-02-000000541753981	bsn-a001-00-000000013604308	12	02	529514	M	3	0	0	9	0
20260708	4291318	cmp-a001-02-000000010764328	grp-a001-02-000000069047580	프로틴	nad-a001-02-000000541754000	bsn-a001-00-000000013604308	12	06	529514	M	3	0	0	6	0
20260708	4291318	cmp-a001-02-000000010764328	grp-a001-02-000000069047580	황성주생식	nad-a001-02-000000541754005	bsn-a001-00-000000013604308	12	08	33421	M	1	0	0	7	0
20260708	4291318	cmp-a001-02-000000010764328	grp-a001-02-000000069047580	프로틴	nad-a001-02-000000541753984	bsn-a001-00-000000013604308	12	06	768323	M	1	0	0	6	0
20260708	4291318	cmp-a001-02-000000010432615	grp-a001-02-000000064422129	라이프밀	nad-a001-02-000000494208911	bsn-a001-00-000000013604308	12	09	529514	M	1	0	0	3	0
20260708	4291318	cmp-a001-02-000000010764328	grp-a001-02-000000069047580	프로틴파우치	nad-a001-02-000000541753973	bsn-a001-00-000000013604308	12	02	805759	P	1	0	0	16	0
20260708	4291318	cmp-a001-02-000000010764328	grp-a001-02-000000069047580	프로틴	nad-a001-02-000000541753979	bsn-a001-00-000000013604308	12	02	529514	M	19	0	0	67	0
20260708	4291318	cmp-a001-02-000000010764328	grp-a001-02-000000069047580	프로틴	nad-a001-02-000000541754000	bsn-a001-00-000000013604308	12	11	529514	M	2	0	0	4	0
20260708	4291318	cmp-a001-02-000000010432615	grp-a001-02-000000064422129	황성주생식	nad-a001-02-000000494209021	bsn-a001-00-000000013604308	12	13	8753	M	1	0	0	2	0
20260708	4291318	cmp-a001-02-000000010764328	grp-a001-02-000000069047580	과자	nad-a001-02-000000541753991	bsn-a001-00-000000013604308	12	99	98128	M	1	0	0	3	0
20260708	4291318	cmp-a001-02-000000010432615	grp-a001-02-000000064422129	시리얼	nad-a001-02-000000494208904	bsn-a001-00-000000013604308	12	15	529514	M	14	0	0	43	0
20260708	4291318	cmp-a001-02-000000010764328	grp-a001-02-000000069047580	프로틴바	nad-a001-02-000000541753991	bsn-a001-00-000000013604308	12	99	529514	M	4	0	0	15	0
20260708	4291318	cmp-a001-02-000000010764328	grp-a001-02-000000069047580	다이어트젤리	nad-a001-02-000000541753987	bsn-a001-00-000000013604308	12	11	529514	M	1	0	0	10	0
20260708	4291318	cmp-a001-02-000000010764328	grp-a001-02-000000069047580	황성주라이프밀	nad-a001-02-000000541754004	bsn-a001-00-000000013604308	12	08	33421	M	1	0	0	3	0
20260708	4291318	cmp-a001-02-000000010764328	grp-a001-02-000000069047580	단백질	nad-a001-02-000000541753979	bsn-a001-00-000000013604308	12	99	529514	M	7	0	0	30	0
20260708	4291318	cmp-a001-02-000000010764328	grp-a001-02-000000069047580	황성주라이프밀	nad-a001-02-000000541753996	bsn-a001-00-000000013604308	12	08	33421	M	1	0	0	1	0
20260708	4291318	cmp-a001-02-000000010764328	grp-a001-02-000000069047580	황성주생식	nad-a001-02-000000541753996	bsn-a001-00-000000013604308	12	08	33421	M	1	0	0	1	0
20260708	4291318	cmp-a001-02-000000010764328	grp-a001-02-000000069047580	쉐이크	nad-a001-02-000000541753984	bsn-a001-00-000000013604308	12	13	98128	M	2	0	0	8	0
20260708	4291318	cmp-a001-02-000000010764328	grp-a001-02-000000069047580	황성주생식	nad-a001-02-000000541753988	bsn-a001-00-000000013604308	12	08	341893	M	1	0	0	2	0
20260708	4291318	cmp-a001-02-000000010432615	grp-a001-02-000000064422129	프로틴바	nad-a001-02-000000494208904	bsn-a001-00-000000013604308	12	11	529514	M	2	0	0	7	0
20260708	4291318	cmp-a001-02-000000010432615	grp-a001-02-000000064422129	동결건조라즈베리가루	nad-a001-02-000000494208910	bsn-a001-00-000000013604308	12	01	8753	M	1	0	0	2	0
20260708	4291318	cmp-a001-02-000000010764328	grp-a001-02-000000069047580	황성주라이프밀	nad-a001-02-000000541753968	bsn-a001-00-000000013604308	12	08	33421	M	1	0	0	8	0
20260708	4291318	cmp-a001-02-000000010764328	grp-a001-02-000000069047580	쉐이크	nad-a001-02-000000541753984	bsn-a001-00-000000013604308	12	02	98128	M	3	0	0	12	0
20260708	4291318	cmp-a001-02-000000010764328	grp-a001-02-000000069047580	단백질보충제	nad-a001-02-000000541754000	bsn-a001-00-000000013604308	12	09	529514	M	6	0	0	12	0
20260708	4291318	cmp-a001-02-000000010764328	grp-a001-02-000000069047580	단백질	nad-a001-02-000000541753984	bsn-a001-00-000000013604308	12	07	529514	M	4	0	0	15	0
20260708	4291318	cmp-a001-02-000000010432615	grp-a001-02-000000064422129	생식가루비교	nad-a001-02-000000494208910	bsn-a001-00-000000013604308	12	02	684924	M	1	0	0	1	0
20260708	4291318	cmp-a001-02-000000010764328	grp-a001-02-000000069047580	단백질	nad-a001-02-000000541753984	bsn-a001-00-000000013604308	12	02	684927	P	2	0	0	66	0
20260708	4291318	cmp-a001-02-000000010432615	grp-a001-02-000000064422129	황성주박사1일	nad-a001-02-000000494208909	bsn-a001-00-000000013604308	12	02	33421	M	1	0	0	10	0
20260708	4291318	cmp-a001-02-000000010764328	grp-a001-02-000000069047580	단백질	nad-a001-02-000000541753981	bsn-a001-00-000000013604308	12	07	529514	M	9	0	0	33	0
20260708	4291318	cmp-a001-02-000000010764328	grp-a001-02-000000069047580	프로틴	nad-a001-02-000000541754000	bsn-a001-00-000000013604308	12	13	768323	M	3	0	0	16	0
20260708	4291318	cmp-a001-02-000000010432615	grp-a001-02-000000064422129	단백질바	nad-a001-02-000000494208904	bsn-a001-00-000000013604308	12	02	529514	M	4	0	0	15	0
20260708	4291318	cmp-a001-02-000000010764328	grp-a001-02-000000069047580	단백질쉐이크파우치	nad-a001-02-000000541753971	bsn-a001-00-000000013604308	12	02	27758	P	2	0	0	2	0
20260708	4291318	cmp-a001-02-000000010764328	grp-a001-02-000000069047580	브라질너트하루견과	nad-a001-02-000000541753960	bsn-a001-00-000000013604308	12	09	341893	M	1	0	0	10	0
20260708	4291318	cmp-a001-02-000000010764328	grp-a001-02-000000069047580	단백질	nad-a001-02-000000541753984	bsn-a001-00-000000013604308	12	03	529514	M	3	0	0	13	0
20260708	4291318	cmp-a001-02-000000010764328	grp-a001-02-000000069047580	프로틴	nad-a001-02-000000541753979	bsn-a001-00-000000013604308	12	99	768323	M	14	0	0	95	0
20260708	4291318	cmp-a001-02-000000010764328	grp-a001-02-000000069047580	프로틴	nad-a001-02-000000541754000	bsn-a001-00-000000013604308	12	03	768323	M	1	0	0	5	0
20260708	4291318	cmp-a001-02-000000010432615	grp-a001-02-000000064422129	황성주생식	nad-a001-02-000000494208910	bsn-a001-00-000000013604308	12	13	8753	M	1	0	0	1	0
20260708	4291318	cmp-a001-02-000000010432615	grp-a001-02-000000064422129	라이프밀	nad-a001-02-000000494209021	bsn-a001-00-000000013604308	12	09	529514	M	1	0	0	2	0
20260708	4291318	cmp-a001-02-000000010432615	grp-a001-02-000000064422129	황성주박사1일	nad-a001-02-000000494208907	bsn-a001-00-000000013604308	12	02	33421	M	1	0	0	5	0
20260708	4291318	cmp-a001-02-000000010764328	grp-a001-02-000000069047580	황성주생식	nad-a001-02-000000541754004	bsn-a001-00-000000013604308	12	99	8753	M	1	0	0	2	0
20260708	4291318	cmp-a001-02-000000010764328	grp-a001-02-000000069047580	35G	nad-a001-02-000000541753991	bsn-a001-00-000000013604308	12	09	529514	M	1	0	0	15	0
20260708	4291318	cmp-a001-02-000000010764328	grp-a001-02-000000069047580	시리얼	nad-a001-02-000000541753991	bsn-a001-00-000000013604308	12	15	529514	M	1	0	0	3	0
20260708	4291318	cmp-a001-02-000000010764328	grp-a001-02-000000069047580	프로틴	nad-a001-02-000000541753981	bsn-a001-00-000000013604308	12	01	768323	M	2	0	0	8	0
20260708	4291318	cmp-a001-02-000000010764328	grp-a001-02-000000069047580	프로틴	nad-a001-02-000000541753981	bsn-a001-00-000000013604308	12	09	768323	M	38	0	0	144	0
20260708	4291318	cmp-a001-02-000000010764328	grp-a001-02-000000069047580	동결야채가루	nad-a001-02-000000541753966	bsn-a001-00-000000013604308	12	02	8753	M	1	0	0	2	0
20260708	4291318	cmp-a001-02-000000010764328	grp-a001-02-000000069047580	프로틴	nad-a001-02-000000541753981	bsn-a001-00-000000013604308	12	02	529514	M	18	0	0	48	0
20260708	4291318	cmp-a001-02-000000010764328	grp-a001-02-000000069047580	단백질쉐이크파우치	nad-a001-02-000000541753971	bsn-a001-00-000000013604308	12	02	8753	M	1	1	1867	3	0
20260708	4291318	cmp-a001-02-000000010764328	grp-a001-02-000000069047580	프로틴	nad-a001-02-000000541753981	bsn-a001-00-000000013604308	12	13	529514	M	3	0	0	9	0
20260708	4291318	cmp-a001-02-000000010764328	grp-a001-02-000000069047580	황성주생식	nad-a001-02-000000541754005	bsn-a001-00-000000013604308	12	08	8753	M	1	0	0	8	0
20260708	4291318	cmp-a001-02-000000010764328	grp-a001-02-000000069047580	단백질쉐이크파우치	nad-a001-02-000000541753981	bsn-a001-00-000000013604308	12	02	529514	M	2	0	0	26	0
20260708	4291318	cmp-a001-02-000000010764328	grp-a001-02-000000069047580	프로틴	nad-a001-02-000000541754000	bsn-a001-00-000000013604308	12	02	529514	M	21	0	0	42	0
20260708	4291318	cmp-a001-02-000000010764328	grp-a001-02-000000069047580	영양	nad-a001-02-000000541753963	bsn-a001-00-000000013604308	12	07	612593	P	1	0	0	2	0
20260708	4291318	cmp-a001-02-000000010764328	grp-a001-02-000000069047580	단백질	nad-a001-02-000000541753984	bsn-a001-00-000000013604308	12	08	98128	M	3	0	0	15	0
20260708	4291318	cmp-a001-02-000000010764328	grp-a001-02-000000069047580	프로틴	nad-a001-02-000000541753981	bsn-a001-00-000000013604308	12	99	529514	M	27	0	0	76	0
20260708	4291318	cmp-a001-02-000000010764328	grp-a001-02-000000069047580	시리얼	nad-a001-02-000000541753991	bsn-a001-00-000000013604308	12	18	768323	M	1	0	0	19	0
20260708	4291318	cmp-a001-02-000000010764328	grp-a001-02-000000069047580	식물성단백질	nad-a001-02-000000541753984	bsn-a001-00-000000013604308	12	09	529514	M	1	0	0	1	0
20260708	4291318	cmp-a001-02-000000010764328	grp-a001-02-000000069047580	단백질보충제	nad-a001-02-000000541753981	bsn-a001-00-000000013604308	12	09	23123	P	1	0	0	5	0
20260708	4291318	cmp-a001-02-000000010764328	grp-a001-02-000000069047580	황성주생식설사	nad-a001-02-000000541753996	bsn-a001-00-000000013604308	12	99	27758	P	1	0	0	1	0
20260708	4291318	cmp-a001-02-000000010432615	grp-a001-02-000000064422129	스토어	nad-a001-02-000000494208910	bsn-a001-00-000000013604308	12	01	98128	M	13	0	0	35	0
20260708	4291318	cmp-a001-02-000000010764328	grp-a001-02-000000069047580	생식가루	nad-a001-02-000000541753996	bsn-a001-00-000000013604308	12	02	8753	M	3	0	0	3	0
20260708	4291318	cmp-a001-02-000000010764328	grp-a001-02-000000069047580	단백질바	nad-a001-02-000000541753991	bsn-a001-00-000000013604308	12	09	529514	M	1	0	0	5	0
20260708	4291318	cmp-a001-02-000000010764328	grp-a001-02-000000069047580	시리얼	nad-a001-02-000000541753991	bsn-a001-00-000000013604308	12	08	529514	M	5	0	0	15	0
20260708	4291318	cmp-a001-02-000000010764328	grp-a001-02-000000069047580	프로틴	nad-a001-02-000000541754000	bsn-a001-00-000000013604308	12	01	768323	M	2	0	0	12	0
20260708	4291318	cmp-a001-02-000000010764328	grp-a001-02-000000069047580	황성주생식	nad-a001-02-000000541753996	bsn-a001-00-000000013604308	12	18	8753	M	1	0	0	1	0
20260708	4291318	cmp-a001-02-000000010432615	grp-a001-02-000000064422129	스토어	nad-a001-02-000000494208910	bsn-a001-00-000000013604308	12	17	98128	M	3	0	0	9	0
20260708	4291318	cmp-a001-02-000000010764328	grp-a001-02-000000069047580	단백질	nad-a001-02-000000541753984	bsn-a001-00-000000013604308	12	06	98128	M	4	0	0	20	0
20260708	4291318	cmp-a001-02-000000010764328	grp-a001-02-000000069047580	과자	nad-a001-02-000000541753991	bsn-a001-00-000000013604308	12	99	529514	M	6	0	0	18	0
20260708	4291318	cmp-a001-02-000000010432615	grp-a001-02-000000064422129	단백질바	nad-a001-02-000000494208904	bsn-a001-00-000000013604308	12	09	529514	M	3	0	0	11	0
20260708	4291318	cmp-a001-02-000000010764328	grp-a001-02-000000069047580	하루견과	nad-a001-02-000000541753960	bsn-a001-00-000000013604308	12	09	341893	M	3	0	0	5	0
20260708	4291318	cmp-a001-02-000000010764328	grp-a001-02-000000069047580	시리얼	nad-a001-02-000000541753991	bsn-a001-00-000000013604308	12	03	529514	M	7	0	0	22	0
20260708	4291318	cmp-a001-02-000000010764328	grp-a001-02-000000069047580	단백질바	nad-a001-02-000000541753991	bsn-a001-00-000000013604308	12	09	11068	P	1	0	0	2	0
20260708	4291318	cmp-a001-02-000000010764328	grp-a001-02-000000069047580	아침식사대용추천	nad-a001-02-000000541753967	bsn-a001-00-000000013604308	12	04	684925	P	2	0	0	2	0
20260708	4291318	cmp-a001-02-000000010764328	grp-a001-02-000000069047580	영양	nad-a001-02-000000541753962	bsn-a001-00-000000013604308	12	07	612593	P	1	0	0	4	0
20260708	4291318	cmp-a001-02-000000010432615	grp-a001-02-000000064422129	스토어	nad-a001-02-000000494208910	bsn-a001-00-000000013604308	12	02	248824	P	1	0	0	1	0
20260708	4291318	cmp-a001-02-000000010764328	grp-a001-02-000000069047580	프로틴파우더파우치	nad-a001-02-000000541753979	bsn-a001-00-000000013604308	12	02	11068	P	1	0	0	1	0
20260708	4291318	cmp-a001-02-000000010764328	grp-a001-02-000000069047580	단백질	nad-a001-02-000000541753981	bsn-a001-00-000000013604308	12	99	529514	M	7	0	0	24	0
20260708	4291318	cmp-a001-02-000000010764328	grp-a001-02-000000069047580	프로틴	nad-a001-02-000000541753981	bsn-a001-00-000000013604308	12	02	23123	P	2	0	0	12	0
20260708	4291318	cmp-a001-02-000000010764328	grp-a001-02-000000069047580	프로틴	nad-a001-02-000000541754000	bsn-a001-00-000000013604308	12	09	98128	M	1	0	0	2	0
20260708	4291318	cmp-a001-02-000000010764328	grp-a001-02-000000069047580	시리얼	nad-a001-02-000000541753991	bsn-a001-00-000000013604308	12	16	768323	M	1	0	0	19	0
20260708	4291318	cmp-a001-02-000000010764328	grp-a001-02-000000069047580	동결건조야채가루	nad-a001-02-000000541753988	bsn-a001-00-000000013604308	12	09	27758	P	1	0	0	3	0
20260708	4291318	cmp-a001-02-000000010764328	grp-a001-02-000000069047580	프로틴	nad-a001-02-000000541753979	bsn-a001-00-000000013604308	12	13	529514	M	1	0	0	3	0
20260708	4291318	cmp-a001-02-000000010764328	grp-a001-02-000000069047580	쉐이크	nad-a001-02-000000541753979	bsn-a001-00-000000013604308	12	02	98128	M	3	0	0	15	0
20260708	4291318	cmp-a001-02-000000010764328	grp-a001-02-000000069047580	단백질	nad-a001-02-000000541753979	bsn-a001-00-000000013604308	12	09	529514	M	6	0	0	26	0
20260708	4291318	cmp-a001-02-000000010764328	grp-a001-02-000000069047580	대상식품	nad-a001-02-000000541753963	bsn-a001-00-000000013604308	12	15	684924	M	1	0	0	1	0
20260708	4291318	cmp-a001-02-000000010764328	grp-a001-02-000000069047580	파우치박사기소	nad-a001-02-000000541753971	bsn-a001-00-000000013604308	12	11	8753	M	2	0	0	6	0
20260708	4291318	cmp-a001-02-000000010764328	grp-a001-02-000000069047580	황성주라이프밀	nad-a001-02-000000541753967	bsn-a001-00-000000013604308	12	08	33421	M	1	0	0	2	0
20260708	4291318	cmp-a001-02-000000010432615	grp-a001-02-000000064422129	스토어	nad-a001-02-000000494208910	bsn-a001-00-000000013604308	12	09	98128	M	32	0	0	83	0
20260708	4291318	cmp-a001-02-000000010764328	grp-a001-02-000000069047580	건강분말	nad-a001-02-000000541753995	bsn-a001-00-000000013604308	12	02	768323	M	3	0	0	54	0
20260708	4291318	cmp-a001-02-000000010764328	grp-a001-02-000000069047580	단백질쉐이크	nad-a001-02-000000541754000	bsn-a001-00-000000013604308	12	02	529514	M	11	0	0	22	0
20260708	4291318	cmp-a001-02-000000010432615	grp-a001-02-000000064422129	분말	nad-a001-02-000000494208910	bsn-a001-00-000000013604308	12	01	8753	M	1	0	0	3	0
20260708	4291318	cmp-a001-02-000000010432615	grp-a001-02-000000064422129	황성주생식	nad-a001-02-000000494208910	bsn-a001-00-000000013604308	12	09	8753	M	2	0	0	2	0
20260708	4291318	cmp-a001-02-000000010764328	grp-a001-02-000000069047580	프로틴	nad-a001-02-000000541753981	bsn-a001-00-000000013604308	12	15	529514	M	6	0	0	15	0
20260708	4291318	cmp-a001-02-000000010764328	grp-a001-02-000000069047580	단백질쉐이크파우치	nad-a001-02-000000541753981	bsn-a001-00-000000013604308	12	02	341893	M	1	0	0	20	0
20260708	4291318	cmp-a001-02-000000010764328	grp-a001-02-000000069047580	과자	nad-a001-02-000000541753991	bsn-a001-00-000000013604308	12	11	529514	M	2	0	0	6	0
20260708	4291318	cmp-a001-02-000000010432615	grp-a001-02-000000064422129	스토어	nad-a001-02-000000494208910	bsn-a001-00-000000013604308	12	02	98128	M	15	0	0	40	0
20260708	4291318	cmp-a001-02-000000010764328	grp-a001-02-000000069047580	프로틴	nad-a001-02-000000541753979	bsn-a001-00-000000013604308	12	02	23123	P	2	0	0	14	0
20260708	4291318	cmp-a001-02-000000010764328	grp-a001-02-000000069047580	프로틴	nad-a001-02-000000541754000	bsn-a001-00-000000013604308	12	99	768323	M	14	0	0	72	0
20260708	4291318	cmp-a001-02-000000010764328	grp-a001-02-000000069047580	프로틴	nad-a001-02-000000541753981	bsn-a001-00-000000013604308	12	03	768323	M	1	0	0	4	0
20260708	4291318	cmp-a001-02-000000010764328	grp-a001-02-000000069047580	과자할인	nad-a001-02-000000541753991	bsn-a001-00-000000013604308	12	99	529514	M	2	0	0	6	0
20260708	4291318	cmp-a001-02-000000010764328	grp-a001-02-000000069047580	황성주생식	nad-a001-02-000000541754004	bsn-a001-00-000000013604308	12	08	341893	M	1	0	0	1	0
20260708	4291318	cmp-a001-02-000000010764328	grp-a001-02-000000069047580	프로틴	nad-a001-02-000000541754000	bsn-a001-00-000000013604308	12	02	684927	P	1	0	0	14	0
20260708	4291318	cmp-a001-02-000000010764328	grp-a001-02-000000069047580	황성주생식	nad-a001-02-000000541753988	bsn-a001-00-000000013604308	12	08	27758	P	1	0	0	3	0
20260708	4291318	cmp-a001-02-000000010764328	grp-a001-02-000000069047580	단백질쉐이크파우치	nad-a001-02-000000541753981	bsn-a001-00-000000013604308	12	09	529514	M	2	0	0	25	0
20260708	4291318	cmp-a001-02-000000010432615	grp-a001-02-000000064422129	황성주라이프밀	nad-a001-02-000000494208911	bsn-a001-00-000000013604308	12	08	8753	M	1	1	1567	4	0
20260708	4291318	cmp-a001-02-000000010764328	grp-a001-02-000000069047580	황성주라이프밀	nad-a001-02-000000541753966	bsn-a001-00-000000013604308	12	08	33421	M	1	0	0	4	0
20260708	4291318	cmp-a001-02-000000010764328	grp-a001-02-000000069047580	프로틴	nad-a001-02-000000541753984	bsn-a001-00-000000013604308	12	10	768323	M	2	0	0	12	0
20260708	4291318	cmp-a001-02-000000010764328	grp-a001-02-000000069047580	단백질	nad-a001-02-000000541753984	bsn-a001-00-000000013604308	12	99	529514	M	3	0	0	11	0
20260708	4291318	cmp-a001-02-000000010764328	grp-a001-02-000000069047580	프로틴	nad-a001-02-000000541753981	bsn-a001-00-000000013604308	12	18	529514	M	1	0	0	2	0
20260708	4291318	cmp-a001-02-000000010432615	grp-a001-02-000000064422129	스토어	nad-a001-02-000000494208910	bsn-a001-00-000000013604308	12	13	98128	M	3	0	0	8	0
20260708	4291318	cmp-a001-02-000000010432615	grp-a001-02-000000064422129	황성주박사1일	nad-a001-02-000000494209017	bsn-a001-00-000000013604308	12	02	33421	M	1	0	0	9	0
20260708	4291318	cmp-a001-02-000000010432615	grp-a001-02-000000064422129	균형영양식	nad-a001-02-000000494209017	bsn-a001-00-000000013604308	12	09	529514	M	4	0	0	50	0
20260708	4291318	cmp-a001-02-000000010764328	grp-a001-02-000000069047580	프로틴	nad-a001-02-000000541753979	bsn-a001-00-000000013604308	12	09	529514	M	46	0	0	159	0
20260708	4291318	cmp-a001-02-000000010764328	grp-a001-02-000000069047580	쉐이크	nad-a001-02-000000541753981	bsn-a001-00-000000013604308	12	02	98128	M	3	0	0	9	0
20260708	4291318	cmp-a001-02-000000010764328	grp-a001-02-000000069047580	황성주생식	nad-a001-02-000000541753996	bsn-a001-00-000000013604308	12	02	27758	P	1	0	0	1	0
20260708	4291318	cmp-a001-02-000000010764328	grp-a001-02-000000069047580	과자	nad-a001-02-000000541753991	bsn-a001-00-000000013604308	12	18	529514	M	2	0	0	6	0
20260708	4291318	cmp-a001-02-000000010764328	grp-a001-02-000000069047580	황성주박사영양	nad-a001-02-000000541753964	bsn-a001-00-000000013604308	12	13	8753	M	2	1	4740	4	0
20260708	4291318	cmp-a001-02-000000010764328	grp-a001-02-000000069047580	프로틴	nad-a001-02-000000541754000	bsn-a001-00-000000013604308	12	09	768323	M	38	0	0	200	0
20260708	4291318	cmp-a001-02-000000010764328	grp-a001-02-000000069047580	황성주생식	nad-a001-02-000000541753966	bsn-a001-00-000000013604308	12	18	8753	M	1	0	0	4	0
20260708	4291318	cmp-a001-02-000000010764328	grp-a001-02-000000069047580	견과류	nad-a001-02-000000541753959	bsn-a001-00-000000013604308	12	02	341893	M	1	0	0	1	0
20260708	4291318	cmp-a001-02-000000010764328	grp-a001-02-000000069047580	김훈하동결가루	nad-a001-02-000000541754004	bsn-a001-00-000000013604308	12	02	8753	M	2	0	0	4	0
20260708	4291318	cmp-a001-02-000000010764328	grp-a001-02-000000069047580	프로틴	nad-a001-02-000000541753979	bsn-a001-00-000000013604308	12	08	768323	M	4	0	0	28	0
20260708	4291318	cmp-a001-02-000000010764328	grp-a001-02-000000069047580	단호박단백질	nad-a001-02-000000541753976	bsn-a001-00-000000013604308	12	14	8753	M	1	0	0	2	0
20260708	4291318	cmp-a001-02-000000010764328	grp-a001-02-000000069047580	단백질쉐이크	nad-a001-02-000000541754000	bsn-a001-00-000000013604308	12	99	529514	M	11	0	0	22	0
20260708	4291318	cmp-a001-02-000000010764328	grp-a001-02-000000069047580	프로틴	nad-a001-02-000000541753979	bsn-a001-00-000000013604308	12	08	529514	M	4	0	0	14	0
20260708	4291318	cmp-a001-02-000000010432615	grp-a001-02-000000064422129	황성주생식	nad-a001-02-000000494208911	bsn-a001-00-000000013604308	12	13	8753	M	1	0	0	3	0
20260708	4291318	cmp-a001-02-000000010764328	grp-a001-02-000000069047580	바나나다이어트	nad-a001-02-000000541753972	bsn-a001-00-000000013604308	12	03	684924	M	1	0	0	1	0
20260708	4291318	cmp-a001-02-000000010764328	grp-a001-02-000000069047580	황성주생식	nad-a001-02-000000541753988	bsn-a001-00-000000013604308	12	08	8753	M	1	0	0	5	0
20260708	4291318	cmp-a001-02-000000010432615	grp-a001-02-000000064422129	분말	nad-a001-02-000000494208910	bsn-a001-00-000000013604308	12	99	98128	M	1	0	0	9	0
20260708	4291318	cmp-a001-02-000000010764328	grp-a001-02-000000069047580	콜라겐	nad-a001-02-000000541753987	bsn-a001-00-000000013604308	12	01	633013	M	1	0	0	11	0
20260708	4291318	cmp-a001-02-000000010764328	grp-a001-02-000000069047580	쉐이크	nad-a001-02-000000541754000	bsn-a001-00-000000013604308	12	13	98128	M	2	0	0	4	0
20260708	4291318	cmp-a001-02-000000010764328	grp-a001-02-000000069047580	프로틴	nad-a001-02-000000541753984	bsn-a001-00-000000013604308	12	09	248824	P	1	0	0	7	0
20260708	4291318	cmp-a001-02-000000010764328	grp-a001-02-000000069047580	하루견과	nad-a001-02-000000541753960	bsn-a001-00-000000013604308	12	11	341893	M	1	0	0	1	0
20260708	4291318	cmp-a001-02-000000010764328	grp-a001-02-000000069047580	프로틴	nad-a001-02-000000541753984	bsn-a001-00-000000013604308	12	13	768323	M	3	0	0	13	0
20260708	4291318	cmp-a001-02-000000010764328	grp-a001-02-000000069047580	단백질	nad-a001-02-000000541753979	bsn-a001-00-000000013604308	12	02	98128	M	1	0	0	6	0
20260708	4291318	cmp-a001-02-000000010764328	grp-a001-02-000000069047580	황성주생식	nad-a001-02-000000541753967	bsn-a001-00-000000013604308	12	08	33421	M	1	0	0	2	0
20260708	4291318	cmp-a001-02-000000010432615	grp-a001-02-000000064422129	라이프밀	nad-a001-02-000000494208910	bsn-a001-00-000000013604308	12	09	529514	M	2	0	0	2	0
20260708	4291318	cmp-a001-02-000000010764328	grp-a001-02-000000069047580	단백질	nad-a001-02-000000541753981	bsn-a001-00-000000013604308	12	08	98128	M	3	0	0	12	0
20260708	4291318	cmp-a001-02-000000010764328	grp-a001-02-000000069047580	단백질보충제	nad-a001-02-000000541753984	bsn-a001-00-000000013604308	12	02	23123	P	3	0	0	22	0
20260708	4291318	cmp-a001-02-000000010764328	grp-a001-02-000000069047580	프로틴	nad-a001-02-000000541753979	bsn-a001-00-000000013604308	12	09	768323	M	38	0	0	254	0
20260708	4291318	cmp-a001-02-000000010764328	grp-a001-02-000000069047580	프로틴	nad-a001-02-000000541753984	bsn-a001-00-000000013604308	12	02	768323	M	21	0	0	113	0
20260708	4291318	cmp-a001-02-000000010764328	grp-a001-02-000000069047580	프로틴	nad-a001-02-000000541753984	bsn-a001-00-000000013604308	12	15	768323	M	1	0	0	6	0
20260708	4291318	cmp-a001-02-000000010764328	grp-a001-02-000000069047580	단백질보충제	nad-a001-02-000000541754000	bsn-a001-00-000000013604308	12	03	529514	M	2	0	0	4	0
20260708	4291318	cmp-a001-02-000000010764328	grp-a001-02-000000069047580	단백질쉐이크	nad-a001-02-000000541754000	bsn-a001-00-000000013604308	12	04	529514	M	3	0	0	6	0
20260708	4291318	cmp-a001-02-000000010764328	grp-a001-02-000000069047580	야채가루	nad-a001-02-000000541753966	bsn-a001-00-000000013604308	12	15	684924	M	1	0	0	1	0
20260708	4291318	cmp-a001-02-000000010764328	grp-a001-02-000000069047580	35G	nad-a001-02-000000541753991	bsn-a001-00-000000013604308	12	11	529514	M	1	0	0	14	0
20260708	4291318	cmp-a001-02-000000010764328	grp-a001-02-000000069047580	단백질보충제	nad-a001-02-000000541754000	bsn-a001-00-000000013604308	12	02	684927	P	1	0	0	15	0
20260708	4291318	cmp-a001-02-000000010764328	grp-a001-02-000000069047580	프로틴파우치	nad-a001-02-000000541753972	bsn-a001-00-000000013604308	12	02	805759	P	1	0	0	17	0
20260708	4291318	cmp-a001-02-000000010764328	grp-a001-02-000000069047580	황성주라이프밀	nad-a001-02-000000541753988	bsn-a001-00-000000013604308	12	08	8753	M	1	0	0	5	0
20260708	4291318	cmp-a001-02-000000010764328	grp-a001-02-000000069047580	동결건조야채가루추천	nad-a001-02-000000541753966	bsn-a001-00-000000013604308	12	08	27758	P	1	0	0	1	0
20260708	4291318	cmp-a001-02-000000010764328	grp-a001-02-000000069047580	프로틴	nad-a001-02-000000541754000	bsn-a001-00-000000013604308	12	09	137281	M	1	0	0	2	0
20260708	4291318	cmp-a001-02-000000010764328	grp-a001-02-000000069047580	황성주생식	nad-a001-02-000000541754004	bsn-a001-00-000000013604308	12	02	8753	M	1	0	0	2	0
20260708	4291318	cmp-a001-02-000000010764328	grp-a001-02-000000069047580	말린팽이버섯분말	nad-a001-02-000000541753967	bsn-a001-00-000000013604308	12	03	341893	M	1	0	0	5	0
20260708	4291318	cmp-a001-02-000000010764328	grp-a001-02-000000069047580	건강분말	nad-a001-02-000000541754001	bsn-a001-00-000000013604308	12	13	768323	M	1	0	0	16	0
20260708	4291318	cmp-a001-02-000000010764328	grp-a001-02-000000069047580	시리얼	nad-a001-02-000000541753991	bsn-a001-00-000000013604308	12	18	529514	M	5	0	0	15	0
20260708	4291318	cmp-a001-02-000000010764328	grp-a001-02-000000069047580	단호박단백질	nad-a001-02-000000541753978	bsn-a001-00-000000013604308	12	16	684924	M	1	0	0	1	0
20260708	4291318	cmp-a001-02-000000010764328	grp-a001-02-000000069047580	프로틴바	nad-a001-02-000000541753991	bsn-a001-00-000000013604308	12	02	87620	M	1	0	0	3	0
20260708	4291318	cmp-a001-02-000000010764328	grp-a001-02-000000069047580	프로틴	nad-a001-02-000000541753979	bsn-a001-00-000000013604308	12	15	529514	M	7	0	0	24	0
20260708	4291318	cmp-a001-02-000000010764328	grp-a001-02-000000069047580	하루견과	nad-a001-02-000000541753960	bsn-a001-00-000000013604308	12	04	341893	M	1	0	0	1	0
20260708	4291318	cmp-a001-02-000000010764328	grp-a001-02-000000069047580	이롬황성주생식	nad-a001-02-000000541753997	bsn-a001-00-000000013604308	12	18	684926	M	1	0	0	1	0
20260708	4291318	cmp-a001-02-000000010432615	grp-a001-02-000000064422129	황성주생식	nad-a001-02-000000494208910	bsn-a001-00-000000013604308	12	08	684925	P	1	0	0	1	0
20260708	4291318	cmp-a001-02-000000010764328	grp-a001-02-000000069047580	프로틴	nad-a001-02-000000541753979	bsn-a001-00-000000013604308	12	18	768323	M	6	0	0	41	0
20260708	4291318	cmp-a001-02-000000010432615	grp-a001-02-000000064422129	2000년도유행푸드브랜드	nad-a001-02-000000494208910	bsn-a001-00-000000013604308	12	11	8753	M	1	0	0	3	0
20260708	4291318	cmp-a001-02-000000010764328	grp-a001-02-000000069047580	고구마단백질쉐이크	nad-a001-02-000000541753970	bsn-a001-00-000000013604308	12	07	8753	M	1	0	0	2	0
20260708	4291318	cmp-a001-02-000000010764328	grp-a001-02-000000069047580	과자	nad-a001-02-000000541753991	bsn-a001-00-000000013604308	12	02	529514	M	12	0	0	36	0
20260708	4291318	cmp-a001-02-000000010764328	grp-a001-02-000000069047580	야채가루	nad-a001-02-000000541753988	bsn-a001-00-000000013604308	12	15	8753	M	2	0	0	7	0
20260708	4291318	cmp-a001-02-000000010764328	grp-a001-02-000000069047580	환자식	nad-a001-02-000000541753964	bsn-a001-00-000000013604308	12	02	684926	M	2	0	0	2	0
20260708	4291318	cmp-a001-02-000000010764328	grp-a001-02-000000069047580	씨리얼	nad-a001-02-000000541753991	bsn-a001-00-000000013604308	12	09	684926	M	1	0	0	11	0
20260708	4291318	cmp-a001-02-000000010432615	grp-a001-02-000000064422129	시리얼	nad-a001-02-000000494208904	bsn-a001-00-000000013604308	12	99	529514	M	60	0	0	193	0
20260708	4291318	cmp-a001-02-000000010764328	grp-a001-02-000000069047580	과자	nad-a001-02-000000541753991	bsn-a001-00-000000013604308	12	13	529514	M	5	0	0	15	0
20260708	4291318	cmp-a001-02-000000010764328	grp-a001-02-000000069047580	건강분말	nad-a001-02-000000541753961	bsn-a001-00-000000013604308	12	02	768323	M	3	0	0	44	0
20260708	4291318	cmp-a001-02-000000010764328	grp-a001-02-000000069047580	황성주생식	nad-a001-02-000000541753996	bsn-a001-00-000000013604308	12	08	8753	M	1	0	0	1	0
20260708	4291318	cmp-a001-02-000000010764328	grp-a001-02-000000069047580	단백질쉐이크파우치	nad-a001-02-000000541753971	bsn-a001-00-000000013604308	12	09	27758	P	1	0	0	3	0
20260708	4291318	cmp-a001-02-000000010764328	grp-a001-02-000000069047580	프로틴	nad-a001-02-000000541754000	bsn-a001-00-000000013604308	12	08	529514	M	4	0	0	8	0
20260708	4291318	cmp-a001-02-000000010764328	grp-a001-02-000000069047580	황성주선식	nad-a001-02-000000541753988	bsn-a001-00-000000013604308	12	16	341893	M	1	0	0	1	0
20260708	4291318	cmp-a001-02-000000010764328	grp-a001-02-000000069047580	프로틴	nad-a001-02-000000541753984	bsn-a001-00-000000013604308	12	02	684927	P	1	0	0	15	0
20260708	4291318	cmp-a001-02-000000010764328	grp-a001-02-000000069047580	단백질	nad-a001-02-000000541753981	bsn-a001-00-000000013604308	12	06	98128	M	4	0	0	16	0
20260708	4291318	cmp-a001-02-000000010764328	grp-a001-02-000000069047580	쉐이크	nad-a001-02-000000541753981	bsn-a001-00-000000013604308	12	08	98128	M	4	0	0	12	0
20260708	4291318	cmp-a001-02-000000010764328	grp-a001-02-000000069047580	시리얼	nad-a001-02-000000541753991	bsn-a001-00-000000013604308	12	07	529514	M	3	0	0	9	0
20260708	4291318	cmp-a001-02-000000010764328	grp-a001-02-000000069047580	프로틴쉐이크	nad-a001-02-000000541754000	bsn-a001-00-000000013604308	12	18	529514	M	9	0	0	18	0
20260708	4291318	cmp-a001-02-000000010764328	grp-a001-02-000000069047580	황성주생식	nad-a001-02-000000541753996	bsn-a001-00-000000013604308	12	08	27758	P	1	0	0	1	0
20260708	4291318	cmp-a001-02-000000010764328	grp-a001-02-000000069047580	프로틴	nad-a001-02-000000541753979	bsn-a001-00-000000013604308	12	03	529514	M	3	0	0	9	0
20260708	4291318	cmp-a001-02-000000010764328	grp-a001-02-000000069047580	대상식품	nad-a001-02-000000541753964	bsn-a001-00-000000013604308	12	15	8753	M	1	0	0	1	0
20260708	4291318	cmp-a001-02-000000010432615	grp-a001-02-000000064422129	스토어	nad-a001-02-000000494208910	bsn-a001-00-000000013604308	12	15	98128	M	6	0	0	14	0
20260708	4291318	cmp-a001-02-000000010764328	grp-a001-02-000000069047580	시리얼	nad-a001-02-000000541753991	bsn-a001-00-000000013604308	12	16	529514	M	2	0	0	6	0
20260708	4291318	cmp-a001-02-000000010764328	grp-a001-02-000000069047580	프로틴	nad-a001-02-000000541754000	bsn-a001-00-000000013604308	12	07	684927	P	1	0	0	14	0
20260708	4291318	cmp-a001-02-000000010432615	grp-a001-02-000000064422129	황성주생식	nad-a001-02-000000494208911	bsn-a001-00-000000013604308	12	02	8753	M	1	0	0	5	0
20260708	4291318	cmp-a001-02-000000010432615	grp-a001-02-000000064422129	시리얼	nad-a001-02-000000494208904	bsn-a001-00-000000013604308	12	06	529514	M	8	0	0	25	0
20260708	4291318	cmp-a001-02-000000010764328	grp-a001-02-000000069047580	가루	nad-a001-02-000000541753996	bsn-a001-00-000000013604308	12	09	8753	M	1	0	0	1	0
20260708	4291318	cmp-a001-02-000000010432615	grp-a001-02-000000064422129	황성주라이프밀	nad-a001-02-000000494209021	bsn-a001-00-000000013604308	12	08	8753	M	1	0	0	2	0
20260708	4291318	cmp-a001-02-000000010764328	grp-a001-02-000000069047580	쉐이크	nad-a001-02-000000541753981	bsn-a001-00-000000013604308	12	06	98128	M	5	0	0	15	0
20260708	4291318	cmp-a001-02-000000010432615	grp-a001-02-000000064422129	시리얼	nad-a001-02-000000494208904	bsn-a001-00-000000013604308	12	04	529514	M	15	0	0	48	0
20260708	4291318	cmp-a001-02-000000010764328	grp-a001-02-000000069047580	동결야채가루	nad-a001-02-000000541753967	bsn-a001-00-000000013604308	12	02	8753	M	1	0	0	1	0
20260708	4291318	cmp-a001-02-000000010764328	grp-a001-02-000000069047580	단백질	nad-a001-02-000000541753984	bsn-a001-00-000000013604308	12	09	529514	M	9	0	0	35	0
20260708	4291318	cmp-a001-02-000000010764328	grp-a001-02-000000069047580	단백질바	nad-a001-02-000000541753991	bsn-a001-00-000000013604308	12	02	529514	M	1	0	0	5	0
20260708	4291318	cmp-a001-02-000000010764328	grp-a001-02-000000069047580	단백질쉐이크파우치	nad-a001-02-000000541753972	bsn-a001-00-000000013604308	12	02	529514	M	1	0	0	14	0
20260708	4291318	cmp-a001-02-000000010764328	grp-a001-02-000000069047580	단백질쉐이크	nad-a001-02-000000541754000	bsn-a001-00-000000013604308	12	02	98128	M	3	0	0	6	0
20260708	4291318	cmp-a001-02-000000010764328	grp-a001-02-000000069047580	프로틴	nad-a001-02-000000541754000	bsn-a001-00-000000013604308	12	15	768323	M	1	0	0	5	0
20260708	4291318	cmp-a001-02-000000010764328	grp-a001-02-000000069047580	프로틴	nad-a001-02-000000541753984	bsn-a001-00-000000013604308	12	09	529514	M	35	0	0	102	0
20260708	4291318	cmp-a001-02-000000010764328	grp-a001-02-000000069047580	단백질	nad-a001-02-000000541753979	bsn-a001-00-000000013604308	12	02	684927	P	4	0	0	31	0
20260708	4291318	cmp-a001-02-000000010764328	grp-a001-02-000000069047580	시리얼	nad-a001-02-000000541753991	bsn-a001-00-000000013604308	12	04	529514	M	4	0	0	12	0
20260708	4291318	cmp-a001-02-000000010764328	grp-a001-02-000000069047580	라이프밀	nad-a001-02-000000541754004	bsn-a001-00-000000013604308	12	11	27758	P	1	0	0	2	0
20260708	4291318	cmp-a001-02-000000010764328	grp-a001-02-000000069047580	단백질	nad-a001-02-000000541754000	bsn-a001-00-000000013604308	12	02	98128	M	1	0	0	3	0
20260708	4291318	cmp-a001-02-000000010764328	grp-a001-02-000000069047580	프로틴	nad-a001-02-000000541754000	bsn-a001-00-000000013604308	12	09	529514	M	39	0	0	78	0
20260708	4291318	cmp-a001-02-000000010764328	grp-a001-02-000000069047580	아침생식	nad-a001-02-000000541753966	bsn-a001-00-000000013604308	12	03	684925	P	1	0	0	1	0
20260708	4291318	cmp-a001-02-000000010764328	grp-a001-02-000000069047580	단백질바	nad-a001-02-000000541753991	bsn-a001-00-000000013604308	12	11	11068	P	2	0	0	4	0
20260708	4291318	cmp-a001-02-000000010432615	grp-a001-02-000000064422129	황성주생식	nad-a001-02-000000494208910	bsn-a001-00-000000013604308	12	02	684925	P	1	0	0	1	0
20260708	4291318	cmp-a001-02-000000010764328	grp-a001-02-000000069047580	프로틴파우치	nad-a001-02-000000541753969	bsn-a001-00-000000013604308	12	02	805759	P	1	0	0	18	0
20260708	4291318	cmp-a001-02-000000010764328	grp-a001-02-000000069047580	식물성단백질	nad-a001-02-000000541753979	bsn-a001-00-000000013604308	12	09	529514	M	1	0	0	2	0
20260708	4291318	cmp-a001-02-000000010432615	grp-a001-02-000000064422129	가루	nad-a001-02-000000494209021	bsn-a001-00-000000013604308	12	02	684927	P	1	0	0	2	0
20260708	4291318	cmp-a001-02-000000010764328	grp-a001-02-000000069047580	프로틴	nad-a001-02-000000541754000	bsn-a001-00-000000013604308	12	11	768323	M	1	0	0	5	0
20260708	4291318	cmp-a001-02-000000010432615	grp-a001-02-000000064422129	시리얼	nad-a001-02-000000494208904	bsn-a001-00-000000013604308	12	01	529514	M	5	0	0	16	0
20260708	4291318	cmp-a001-02-000000010764328	grp-a001-02-000000069047580	동결건조야채가루추천	nad-a001-02-000000541753967	bsn-a001-00-000000013604308	12	08	27758	P	1	0	0	2	0
20260708	4291318	cmp-a001-02-000000010764328	grp-a001-02-000000069047580	쉐이크	nad-a001-02-000000541754000	bsn-a001-00-000000013604308	12	99	529514	M	3	0	0	6	0
20260708	4291318	cmp-a001-02-000000010432615	grp-a001-02-000000064422129	스토어	nad-a001-02-000000494208910	bsn-a001-00-000000013604308	12	18	98128	M	1	0	0	3	0
20260708	4291318	cmp-a001-02-000000010764328	grp-a001-02-000000069047580	프로틴	nad-a001-02-000000541753981	bsn-a001-00-000000013604308	12	08	768323	M	4	0	0	16	0
20260708	4291318	cmp-a001-02-000000010432615	grp-a001-02-000000064422129	균형생식	nad-a001-02-000000494209017	bsn-a001-00-000000013604308	12	18	33421	M	1	0	0	4	0
20260708	4291318	cmp-a001-02-000000010432615	grp-a001-02-000000064422129	단백질바	nad-a001-02-000000494208904	bsn-a001-00-000000013604308	12	16	684926	M	1	0	0	18	0
20260708	4291318	cmp-a001-02-000000010764328	grp-a001-02-000000069047580	프로틴파우치	nad-a001-02-000000541753975	bsn-a001-00-000000013604308	12	02	805759	P	1	0	0	4	0
20260708	4291318	cmp-a001-02-000000010764328	grp-a001-02-000000069047580	프로틴파우치	nad-a001-02-000000541753976	bsn-a001-00-000000013604308	12	02	805759	P	1	0	0	12	0
20260708	4291318	cmp-a001-02-000000010764328	grp-a001-02-000000069047580	단백질쉐이크	nad-a001-02-000000541754000	bsn-a001-00-000000013604308	12	18	529514	M	5	0	0	10	0
20260708	4291318	cmp-a001-02-000000010764328	grp-a001-02-000000069047580	단호박단백질	nad-a001-02-000000541753976	bsn-a001-00-000000013604308	12	09	8753	M	1	0	0	2	0
20260708	4291318	cmp-a001-02-000000010432615	grp-a001-02-000000064422129	분말	nad-a001-02-000000494209021	bsn-a001-00-000000013604308	12	99	98128	M	1	0	0	10	0
20260708	4291318	cmp-a001-02-000000010764328	grp-a001-02-000000069047580	고구마단백질	nad-a001-02-000000541753976	bsn-a001-00-000000013604308	12	09	8753	M	2	0	0	8	0
20260708	4291318	cmp-a001-02-000000010764328	grp-a001-02-000000069047580	황성주생식	nad-a001-02-000000541753967	bsn-a001-00-000000013604308	12	04	8753	M	1	0	0	3	0
20260708	4291318	cmp-a001-02-000000010764328	grp-a001-02-000000069047580	프로틴	nad-a001-02-000000541753984	bsn-a001-00-000000013604308	12	99	768323	M	14	0	0	75	0
20260708	4291318	cmp-a001-02-000000010764328	grp-a001-02-000000069047580	프로틴	nad-a001-02-000000541754000	bsn-a001-00-000000013604308	12	06	768323	M	1	0	0	5	0
20260708	4291318	cmp-a001-02-000000010764328	grp-a001-02-000000069047580	프로틴	nad-a001-02-000000541754000	bsn-a001-00-000000013604308	12	02	768323	M	21	0	0	114	0
20260708	4291318	cmp-a001-02-000000010432615	grp-a001-02-000000064422129	황성주생식당뇨	nad-a001-02-000000494208910	bsn-a001-00-000000013604308	12	07	27758	P	1	0	0	2	0
20260708	4291318	cmp-a001-02-000000010764328	grp-a001-02-000000069047580	쉐이크	nad-a001-02-000000541753979	bsn-a001-00-000000013604308	12	13	98128	M	2	0	0	10	0
20260708	4291318	cmp-a001-02-000000010764328	grp-a001-02-000000069047580	황성주생식	nad-a001-02-000000541753988	bsn-a001-00-000000013604308	12	04	341893	M	1	0	0	1	0
20260708	4291318	cmp-a001-02-000000010764328	grp-a001-02-000000069047580	프로틴파우치	nad-a001-02-000000541753970	bsn-a001-00-000000013604308	12	02	805759	P	1	0	0	10	0
20260708	4291318	cmp-a001-02-000000010432615	grp-a001-02-000000064422129	스토어	nad-a001-02-000000494208910	bsn-a001-00-000000013604308	12	16	98128	M	3	0	0	8	0
20260708	4291318	cmp-a001-02-000000010432615	grp-a001-02-000000064422129	황성주생식	nad-a001-02-000000494209021	bsn-a001-00-000000013604308	12	09	8753	M	2	0	0	4	0
20260708	4291318	cmp-a001-02-000000010764328	grp-a001-02-000000069047580	프로틴	nad-a001-02-000000541754000	bsn-a001-00-000000013604308	12	10	768323	M	2	0	0	10	0
20260708	4291318	cmp-a001-02-000000010764328	grp-a001-02-000000069047580	라이프밀	nad-a001-02-000000541753996	bsn-a001-00-000000013604308	12	11	27758	P	1	0	0	1	0
20260708	4291318	cmp-a001-02-000000010764328	grp-a001-02-000000069047580	단백질쉐이크파우치	nad-a001-02-000000541753975	bsn-a001-00-000000013604308	12	02	529514	M	2	0	0	20	0
20260708	4291318	cmp-a001-02-000000010764328	grp-a001-02-000000069047580	단백질쉐이크파우치	nad-a001-02-000000541753970	bsn-a001-00-000000013604308	12	02	529514	M	2	0	0	23	0
20260708	4291318	cmp-a001-02-000000010764328	grp-a001-02-000000069047580	쉐이크	nad-a001-02-000000541753984	bsn-a001-00-000000013604308	12	09	98128	M	4	0	0	16	0
20260708	4291318	cmp-a001-02-000000010764328	grp-a001-02-000000069047580	야채가루	nad-a001-02-000000541753988	bsn-a001-00-000000013604308	12	09	8753	M	1	0	0	4	0
20260708	4291318	cmp-a001-02-000000010432615	grp-a001-02-000000064422129	시리얼	nad-a001-02-000000494208904	bsn-a001-00-000000013604308	12	13	529514	M	9	0	0	27	0
20260708	4291318	cmp-a001-02-000000010764328	grp-a001-02-000000069047580	쉐이크	nad-a001-02-000000541753984	bsn-a001-00-000000013604308	12	02	529514	M	4	0	0	13	0
20260708	4291318	cmp-a001-02-000000010764328	grp-a001-02-000000069047580	황성주생식	nad-a001-02-000000541754004	bsn-a001-00-000000013604308	12	18	8753	M	1	0	0	2	0
20260708	4291318	cmp-a001-02-000000010432615	grp-a001-02-000000064422129	시리얼	nad-a001-02-000000494208904	bsn-a001-00-000000013604308	12	17	529514	M	1	0	0	3	0
20260708	4291318	cmp-a001-02-000000010764328	grp-a001-02-000000069047580	단백질보충제	nad-a001-02-000000541753981	bsn-a001-00-000000013604308	12	09	529514	M	7	0	0	22	0
20260708	4291318	cmp-a001-02-000000010432615	grp-a001-02-000000064422129	황성주박사1일	nad-a001-02-000000494208910	bsn-a001-00-000000013604308	12	02	33421	M	1	0	0	1	0
20260708	4291318	cmp-a001-02-000000010764328	grp-a001-02-000000069047580	황성주박사1일	nad-a001-02-000000541753963	bsn-a001-00-000000013604308	12	02	8753	M	1	0	0	3	0
20260708	4291318	cmp-a001-02-000000010432615	grp-a001-02-000000064422129	시리얼	nad-a001-02-000000494208904	bsn-a001-00-000000013604308	12	14	529514	M	1	0	0	3	0
20260708	4291318	cmp-a001-02-000000010764328	grp-a001-02-000000069047580	바나나다이어트	nad-a001-02-000000541753973	bsn-a001-00-000000013604308	12	03	8753	M	1	0	0	1	0
20260708	4291318	cmp-a001-02-000000010764328	grp-a001-02-000000069047580	프로틴	nad-a001-02-000000541753979	bsn-a001-00-000000013604308	12	11	768323	M	1	0	0	7	0
20260708	4291318	cmp-a001-02-000000010764328	grp-a001-02-000000069047580	고구마단백질쉐이크	nad-a001-02-000000541753976	bsn-a001-00-000000013604308	12	07	8753	M	1	0	0	3	0
20260708	4291318	cmp-a001-02-000000010764328	grp-a001-02-000000069047580	시리얼	nad-a001-02-000000541753991	bsn-a001-00-000000013604308	12	01	529514	M	3	0	0	9	0
20260708	4291318	cmp-a001-02-000000010764328	grp-a001-02-000000069047580	단백질	nad-a001-02-000000541753981	bsn-a001-00-000000013604308	12	03	529514	M	4	0	0	15	0
20260708	4291318	cmp-a001-02-000000010764328	grp-a001-02-000000069047580	황성주라이프밀	nad-a001-02-000000541753966	bsn-a001-00-000000013604308	12	08	8753	M	1	0	0	4	0
20260708	4291318	cmp-a001-02-000000010764328	grp-a001-02-000000069047580	황성주박사1일	nad-a001-02-000000541753996	bsn-a001-00-000000013604308	12	02	8753	M	1	0	0	1	0
20260708	4291318	cmp-a001-02-000000010764328	grp-a001-02-000000069047580	김훈하동결가루	nad-a001-02-000000541753996	bsn-a001-00-000000013604308	12	02	8753	M	2	0	0	2	0
20260708	4291318	cmp-a001-02-000000010764328	grp-a001-02-000000069047580	단백질바	nad-a001-02-000000541753991	bsn-a001-00-000000013604308	12	00	11068	P	1	0	0	4	0
20260708	4291318	cmp-a001-02-000000010764328	grp-a001-02-000000069047580	시리얼	nad-a001-02-000000541753991	bsn-a001-00-000000013604308	12	04	768323	M	1	0	0	19	0
20260708	4291318	cmp-a001-02-000000010764328	grp-a001-02-000000069047580	황성주생식설사	nad-a001-02-000000541754004	bsn-a001-00-000000013604308	12	99	27758	P	1	0	0	2	0
20260708	4291318	cmp-a001-02-000000010432615	grp-a001-02-000000064422129	시리얼	nad-a001-02-000000494208904	bsn-a001-00-000000013604308	12	02	529514	M	58	0	0	188	0
20260708	4291318	cmp-a001-02-000000010432615	grp-a001-02-000000064422129	스토어	nad-a001-02-000000494208910	bsn-a001-00-000000013604308	12	11	98128	M	5	0	0	15	0
20260708	4291318	cmp-a001-02-000000010432615	grp-a001-02-000000064422129	스토어	nad-a001-02-000000494208910	bsn-a001-00-000000013604308	12	02	335738	P	2	0	0	14	0
20260708	4291318	cmp-a001-02-000000010764328	grp-a001-02-000000069047580	저분자콜라겐	nad-a001-02-000000541753987	bsn-a001-00-000000013604308	12	06	529514	M	3	0	0	21	0
20260708	4291318	cmp-a001-02-000000010764328	grp-a001-02-000000069047580	쉐이크	nad-a001-02-000000541753979	bsn-a001-00-000000013604308	12	08	98128	M	4	0	0	20	0
20260708	4291318	cmp-a001-02-000000010764328	grp-a001-02-000000069047580	단백질	nad-a001-02-000000541754000	bsn-a001-00-000000013604308	12	06	98128	M	4	0	0	12	0
20260708	4291318	cmp-a001-02-000000010432615	grp-a001-02-000000064422129	황성주라이프밀	nad-a001-02-000000494208910	bsn-a001-00-000000013604308	12	08	8753	M	1	0	0	1	0
20260708	4291318	cmp-a001-02-000000010764328	grp-a001-02-000000069047580	과자	nad-a001-02-000000541753991	bsn-a001-00-000000013604308	12	06	529514	M	14	0	0	42	0
20260708	4291318	cmp-a001-02-000000010764328	grp-a001-02-000000069047580	균형영양식	nad-a001-02-000000541753964	bsn-a001-00-000000013604308	12	02	87620	M	1	0	0	1	0
20260708	4291318	cmp-a001-02-000000010764328	grp-a001-02-000000069047580	프로틴	nad-a001-02-000000541754000	bsn-a001-00-000000013604308	12	09	248824	P	1	0	0	4	0
20260708	4291318	cmp-a001-02-000000010764328	grp-a001-02-000000069047580	단백질	nad-a001-02-000000541753979	bsn-a001-00-000000013604308	12	06	98128	M	4	0	0	24	0
20260708	4291318	cmp-a001-02-000000010764328	grp-a001-02-000000069047580	프로틴파우더	nad-a001-02-000000541754000	bsn-a001-00-000000013604308	12	09	529514	M	1	0	0	3	0
20260708	4291318	cmp-a001-02-000000010764328	grp-a001-02-000000069047580	황성주생식	nad-a001-02-000000541753997	bsn-a001-00-000000013604308	12	08	8753	M	1	0	0	6	0
20260708	4291318	cmp-a001-02-000000010432615	grp-a001-02-000000064422129	가루	nad-a001-02-000000494208911	bsn-a001-00-000000013604308	12	02	684927	P	1	0	0	4	0
20260708	4291318	cmp-a001-02-000000010432615	grp-a001-02-000000064422129	황성주생식	nad-a001-02-000000494209021	bsn-a001-00-000000013604308	12	01	8753	M	1	0	0	2	0
20260708	4291318	cmp-a001-02-000000010764328	grp-a001-02-000000069047580	프로틴	nad-a001-02-000000541753981	bsn-a001-00-000000013604308	12	06	529514	M	2	0	0	5	0
20260708	4291318	cmp-a001-02-000000010764328	grp-a001-02-000000069047580	쉐이크	nad-a001-02-000000541754000	bsn-a001-00-000000013604308	12	08	98128	M	4	0	0	8	0
20260708	4291318	cmp-a001-02-000000010764328	grp-a001-02-000000069047580	황성주생식	nad-a001-02-000000541753967	bsn-a001-00-000000013604308	12	08	8753	M	1	0	0	3	0
20260708	4291318	cmp-a001-02-000000010764328	grp-a001-02-000000069047580	단백질	nad-a001-02-000000541753981	bsn-a001-00-000000013604308	12	09	98128	M	3	0	0	12	0
20260708	4291318	cmp-a001-02-000000010764328	grp-a001-02-000000069047580	프로틴	nad-a001-02-000000541753984	bsn-a001-00-000000013604308	12	03	529514	M	3	0	0	8	0
20260708	4291318	cmp-a001-02-000000010764328	grp-a001-02-000000069047580	과자	nad-a001-02-000000541753991	bsn-a001-00-000000013604308	12	09	529514	M	18	0	0	54	0
20260708	4291318	cmp-a001-02-000000010764328	grp-a001-02-000000069047580	프로틴	nad-a001-02-000000541753984	bsn-a001-00-000000013604308	12	08	529514	M	4	0	0	10	0
20260708	4291318	cmp-a001-02-000000010432615	grp-a001-02-000000064422129	시리얼	nad-a001-02-000000494208904	bsn-a001-00-000000013604308	12	07	529514	M	8	0	0	24	0
20260708	4291318	cmp-a001-02-000000010764328	grp-a001-02-000000069047580	황성주생식	nad-a001-02-000000541753988	bsn-a001-00-000000013604308	12	04	8753	M	1	0	0	5	0
20260708	4291318	cmp-a001-02-000000010764328	grp-a001-02-000000069047580	단백질	nad-a001-02-000000541754000	bsn-a001-00-000000013604308	12	07	529514	M	6	0	0	18	0
20260708	4291318	cmp-a001-02-000000010764328	grp-a001-02-000000069047580	시리얼	nad-a001-02-000000541753991	bsn-a001-00-000000013604308	12	09	529514	M	28	0	0	84	0
20260708	4291318	cmp-a001-02-000000010764328	grp-a001-02-000000069047580	단백질보충제	nad-a001-02-000000541754000	bsn-a001-00-000000013604308	12	18	529514	M	2	0	0	4	0
20260708	4291318	cmp-a001-02-000000010764328	grp-a001-02-000000069047580	황성주라이프밀	nad-a001-02-000000541753997	bsn-a001-00-000000013604308	12	08	33421	M	1	0	0	6	0
20260708	4291318	cmp-a001-02-000000010764328	grp-a001-02-000000069047580	시리얼	nad-a001-02-000000541753991	bsn-a001-00-000000013604308	12	10	529514	M	1	0	0	3	0
20260708	4291318	cmp-a001-02-000000010764328	grp-a001-02-000000069047580	건강분말	nad-a001-02-000000541753995	bsn-a001-00-000000013604308	12	13	768323	M	1	0	0	18	0
20260708	4291318	cmp-a001-02-000000010764328	grp-a001-02-000000069047580	프로틴	nad-a001-02-000000541753981	bsn-a001-00-000000013604308	12	13	768323	M	3	0	0	10	0
20260708	4291318	cmp-a001-02-000000010432615	grp-a001-02-000000064422129	스토어	nad-a001-02-000000494208910	bsn-a001-00-000000013604308	12	07	98128	M	3	0	0	9	0
20260708	4291318	cmp-a001-02-000000010764328	grp-a001-02-000000069047580	쉐이크	nad-a001-02-000000541754000	bsn-a001-00-000000013604308	12	09	98128	M	4	0	0	8	0
20260708	4291318	cmp-a001-02-000000010764328	grp-a001-02-000000069047580	프로틴	nad-a001-02-000000541753981	bsn-a001-00-000000013604308	12	02	768323	M	21	0	0	85	0
20260708	4291318	cmp-a001-02-000000010764328	grp-a001-02-000000069047580	프로틴	nad-a001-02-000000541753979	bsn-a001-00-000000013604308	12	04	529514	M	1	0	0	3	0
20260708	4291318	cmp-a001-02-000000010764328	grp-a001-02-000000069047580	프로틴파우더파우치	nad-a001-02-000000541753981	bsn-a001-00-000000013604308	12	02	11068	P	1	0	0	2	0
20260708	4291318	cmp-a001-02-000000010764328	grp-a001-02-000000069047580	프로틴	nad-a001-02-000000541753979	bsn-a001-00-000000013604308	12	11	529514	M	1	0	0	3	0
20260708	4291318	cmp-a001-02-000000010764328	grp-a001-02-000000069047580	하루견과	nad-a001-02-000000541753959	bsn-a001-00-000000013604308	12	09	341893	M	1	0	0	1	0
20260708	4291318	cmp-a001-02-000000010764328	grp-a001-02-000000069047580	단백질쉐이크파우치	nad-a001-02-000000541753976	bsn-a001-00-000000013604308	12	02	529514	M	1	0	0	11	0
20260708	4291318	cmp-a001-02-000000010764328	grp-a001-02-000000069047580	단백질쉐이크	nad-a001-02-000000541754000	bsn-a001-00-000000013604308	12	06	98128	M	4	0	0	8	0
20260708	4291318	cmp-a001-02-000000010764328	grp-a001-02-000000069047580	쉐이크	nad-a001-02-000000541754000	bsn-a001-00-000000013604308	12	02	98128	M	3	0	0	6	0
20260708	4291318	cmp-a001-02-000000010764328	grp-a001-02-000000069047580	건강분말	nad-a001-02-000000541753994	bsn-a001-00-000000013604308	12	13	768323	M	1	0	0	17	0
20260708	4291318	cmp-a001-02-000000010764328	grp-a001-02-000000069047580	쉐이크	nad-a001-02-000000541753979	bsn-a001-00-000000013604308	12	06	98128	M	5	0	0	25	0
20260708	4291318	cmp-a001-02-000000010764328	grp-a001-02-000000069047580	균형영양식	nad-a001-02-000000541753964	bsn-a001-00-000000013604308	12	09	529514	M	1	0	0	7	0
20260708	4291318	cmp-a001-02-000000010764328	grp-a001-02-000000069047580	프로틴	nad-a001-02-000000541753984	bsn-a001-00-000000013604308	12	04	529514	M	2	0	0	5	0
20260708	4291318	cmp-a001-02-000000010764328	grp-a001-02-000000069047580	프로틴	nad-a001-02-000000541753979	bsn-a001-00-000000013604308	12	01	768323	M	2	0	0	14	0
20260708	4291318	cmp-a001-02-000000010764328	grp-a001-02-000000069047580	프로틴	nad-a001-02-000000541753979	bsn-a001-00-000000013604308	12	99	529514	M	21	0	0	68	0
20260708	4291318	cmp-a001-02-000000010432615	grp-a001-02-000000064422129	황성주생식	nad-a001-02-000000494208910	bsn-a001-00-000000013604308	12	07	27758	P	1	1	6620	1	0
20260708	4291318	cmp-a001-02-000000010764328	grp-a001-02-000000069047580	동결건조야채가루	nad-a001-02-000000541753966	bsn-a001-00-000000013604308	12	09	27758	P	1	0	0	1	0
20260708	4291318	cmp-a001-02-000000010432615	grp-a001-02-000000064422129	영양식	nad-a001-02-000000494209017	bsn-a001-00-000000013604308	12	09	529514	M	1	0	0	12	0
20260708	4291318	cmp-a001-02-000000010764328	grp-a001-02-000000069047580	쉐이크	nad-a001-02-000000541754000	bsn-a001-00-000000013604308	12	06	98128	M	5	0	0	10	0
20260708	4291318	cmp-a001-02-000000010764328	grp-a001-02-000000069047580	프로틴	nad-a001-02-000000541753981	bsn-a001-00-000000013604308	12	18	768323	M	6	0	0	23	0
20260708	4291318	cmp-a001-02-000000010764328	grp-a001-02-000000069047580	아침생식	nad-a001-02-000000541753967	bsn-a001-00-000000013604308	12	03	27758	P	1	0	0	2	0
20260708	4291318	cmp-a001-02-000000010764328	grp-a001-02-000000069047580	HIGHONE	nad-a001-02-000000541753989	bsn-a001-00-000000013604308	12	99	8753	M	1	0	0	4	0
20260708	4291318	cmp-a001-02-000000010764328	grp-a001-02-000000069047580	영양	nad-a001-02-000000541753964	bsn-a001-00-000000013604308	12	07	612593	P	1	0	0	1	0
20260708	4291318	cmp-a001-02-000000010764328	grp-a001-02-000000069047580	단백질	nad-a001-02-000000541754000	bsn-a001-00-000000013604308	12	02	529514	M	1	0	0	3	0
20260708	4291318	cmp-a001-02-000000010764328	grp-a001-02-000000069047580	프로틴	nad-a001-02-000000541753984	bsn-a001-00-000000013604308	12	02	23123	P	2	0	0	16	0
20260708	4291318	cmp-a001-02-000000010764328	grp-a001-02-000000069047580	단백질보충제	nad-a001-02-000000541754000	bsn-a001-00-000000013604308	12	14	612593	P	1	0	0	16	0
20260708	4291318	cmp-a001-02-000000010432615	grp-a001-02-000000064422129	라이프밀	nad-a001-02-000000494208910	bsn-a001-00-000000013604308	12	02	633013	M	1	0	0	1	0
20260708	4291318	cmp-a001-02-000000010764328	grp-a001-02-000000069047580	황성주생식	nad-a001-02-000000541753988	bsn-a001-00-000000013604308	12	18	8753	M	1	0	0	5	0
20260708	4291318	cmp-a001-02-000000010764328	grp-a001-02-000000069047580	단백질쉐이크파우치	nad-a001-02-000000541753969	bsn-a001-00-000000013604308	12	09	529514	M	2	0	0	26	0
20260708	4291318	cmp-a001-02-000000010764328	grp-a001-02-000000069047580	단백질보충제	nad-a001-02-000000541754000	bsn-a001-00-000000013604308	12	02	87620	M	2	0	0	4	0
20260708	4291318	cmp-a001-02-000000010764328	grp-a001-02-000000069047580	프로틴	nad-a001-02-000000541753984	bsn-a001-00-000000013604308	12	03	768323	M	1	0	0	6	0
20260708	4291318	cmp-a001-02-000000010764328	grp-a001-02-000000069047580	단백질	nad-a001-02-000000541754000	bsn-a001-00-000000013604308	12	03	529514	M	6	0	0	18	0
20260708	4291318	cmp-a001-02-000000010764328	grp-a001-02-000000069047580	단백질쉐이크파우치	nad-a001-02-000000541753979	bsn-a001-00-000000013604308	12	02	529514	M	1	0	0	15	0
20260708	4291318	cmp-a001-02-000000010764328	grp-a001-02-000000069047580	동결가루	nad-a001-02-000000541753967	bsn-a001-00-000000013604308	12	02	8753	M	1	0	0	3	0
20260708	4291318	cmp-a001-02-000000010764328	grp-a001-02-000000069047580	단백질	nad-a001-02-000000541753984	bsn-a001-00-000000013604308	12	02	98128	M	1	0	0	5	0
20260708	4291318	cmp-a001-02-000000010432615	grp-a001-02-000000064422129	황성주생식	nad-a001-02-000000494208910	bsn-a001-00-000000013604308	12	01	8753	M	1	0	0	1	0
20260708	4291318	cmp-a001-02-000000010764328	grp-a001-02-000000069047580	단백질쉐이크	nad-a001-02-000000541754000	bsn-a001-00-000000013604308	12	09	98128	M	3	0	0	6	0
20260708	4291318	cmp-a001-02-000000010764328	grp-a001-02-000000069047580	프로틴	nad-a001-02-000000541754000	bsn-a001-00-000000013604308	12	99	529514	M	18	0	0	36	0
20260708	4291318	cmp-a001-02-000000010764328	grp-a001-02-000000069047580	단백질쉐이크파우치	nad-a001-02-000000541753972	bsn-a001-00-000000013604308	12	09	529514	M	2	0	0	27	0
20260708	4291318	cmp-a001-02-000000010432615	grp-a001-02-000000064422129	단백질바	nad-a001-02-000000494208904	bsn-a001-00-000000013604308	12	99	529514	M	5	0	0	39	0
20260708	4291318	cmp-a001-02-000000010764328	grp-a001-02-000000069047580	프로틴바	nad-a001-02-000000541753991	bsn-a001-00-000000013604308	12	09	529514	M	4	0	0	14	0
20260708	4291318	cmp-a001-02-000000010764328	grp-a001-02-000000069047580	프로틴	nad-a001-02-000000541753984	bsn-a001-00-000000013604308	12	11	529514	M	2	0	0	5	0
20260708	4291318	cmp-a001-02-000000010432615	grp-a001-02-000000064422129	프로틴바	nad-a001-02-000000494208904	bsn-a001-00-000000013604308	12	09	529514	M	6	0	0	24	0
20260708	4291318	cmp-a001-02-000000010764328	grp-a001-02-000000069047580	단백질	nad-a001-02-000000541753979	bsn-a001-00-000000013604308	12	07	529514	M	9	0	0	40	0
20260708	4291318	cmp-a001-02-000000010764328	grp-a001-02-000000069047580	프로틴	nad-a001-02-000000541754000	bsn-a001-00-000000013604308	12	03	529514	M	2	0	0	4	0
20260708	4291318	cmp-a001-02-000000010764328	grp-a001-02-000000069047580	단백질	nad-a001-02-000000541753981	bsn-a001-00-000000013604308	12	02	98128	M	1	0	0	4	0
20260708	4291318	cmp-a001-02-000000010764328	grp-a001-02-000000069047580	다이어트보충제	nad-a001-02-000000541753989	bsn-a001-00-000000013604308	12	15	341893	M	1	0	0	1	0
20260708	4291318	cmp-a001-02-000000010764328	grp-a001-02-000000069047580	황성주라이프밀	nad-a001-02-000000541754004	bsn-a001-00-000000013604308	12	08	8753	M	1	0	0	2	0
20260708	4291318	cmp-a001-02-000000010764328	grp-a001-02-000000069047580	황성주생식	nad-a001-02-000000541753967	bsn-a001-00-000000013604308	12	99	8753	M	1	0	0	3	0
20260708	4291318	cmp-a001-02-000000010764328	grp-a001-02-000000069047580	시리얼	nad-a001-02-000000541753991	bsn-a001-00-000000013604308	12	99	768323	M	5	0	0	95	0
20260708	4291318	cmp-a001-02-000000010764328	grp-a001-02-000000069047580	동결건조야채가루	nad-a001-02-000000541753966	bsn-a001-00-000000013604308	12	09	684925	P	1	0	0	1	0
20260708	4291318	cmp-a001-02-000000010764328	grp-a001-02-000000069047580	단백질쉐이크파우치	nad-a001-02-000000541753979	bsn-a001-00-000000013604308	12	09	529514	M	3	0	0	40	0
20260708	4291318	cmp-a001-02-000000010764328	grp-a001-02-000000069047580	다이어트젤리	nad-a001-02-000000541753987	bsn-a001-00-000000013604308	12	00	529514	M	1	0	0	10	0
20260708	4291318	cmp-a001-02-000000010764328	grp-a001-02-000000069047580	프로틴	nad-a001-02-000000541753981	bsn-a001-00-000000013604308	12	09	98128	M	1	0	0	3	0
20260708	4291318	cmp-a001-02-000000010764328	grp-a001-02-000000069047580	시리얼	nad-a001-02-000000541753991	bsn-a001-00-000000013604308	12	08	768323	M	3	0	0	57	0
20260708	4291318	cmp-a001-02-000000010764328	grp-a001-02-000000069047580	프로틴	nad-a001-02-000000541753984	bsn-a001-00-000000013604308	12	13	529514	M	2	0	0	5	0
20260708	4291318	cmp-a001-02-000000010764328	grp-a001-02-000000069047580	황성주박사1일영양건강식	nad-a001-02-000000541754003	bsn-a001-00-000000013604308	12	02	8753	M	1	0	0	2	0
20260708	4291318	cmp-a001-02-000000010764328	grp-a001-02-000000069047580	단백질쉐이크파우치	nad-a001-02-000000541753975	bsn-a001-00-000000013604308	12	09	529514	M	2	0	0	20	0
20260708	4291318	cmp-a001-02-000000010764328	grp-a001-02-000000069047580	고구마단백질	nad-a001-02-000000541753970	bsn-a001-00-000000013604308	12	09	8753	M	2	0	0	4	0
20260708	4291318	cmp-a001-02-000000010764328	grp-a001-02-000000069047580	프로틴	nad-a001-02-000000541754000	bsn-a001-00-000000013604308	12	04	529514	M	1	0	0	2	0
20260708	4291318	cmp-a001-02-000000010764328	grp-a001-02-000000069047580	프로프룻스토어	nad-a001-02-000000541753987	bsn-a001-00-000000013604308	12	02	8753	M	1	0	0	3	0
20260708	4291318	cmp-a001-02-000000010764328	grp-a001-02-000000069047580	프로틴	nad-a001-02-000000541754000	bsn-a001-00-000000013604308	12	15	529514	M	4	0	0	8	0
20260708	4291318	cmp-a001-02-000000010764328	grp-a001-02-000000069047580	김훈하동결가루	nad-a001-02-000000541753967	bsn-a001-00-000000013604308	12	02	8753	M	2	0	0	6	0
20260708	4291318	cmp-a001-02-000000010764328	grp-a001-02-000000069047580	쉐이크	nad-a001-02-000000541753979	bsn-a001-00-000000013604308	12	09	98128	M	4	0	0	20	0
20260708	4291318	cmp-a001-02-000000010764328	grp-a001-02-000000069047580	프로틴	nad-a001-02-000000541753981	bsn-a001-00-000000013604308	12	09	248824	P	1	0	0	5	0
20260708	4291318	cmp-a001-02-000000010432615	grp-a001-02-000000064422129	황성주박사1일	nad-a001-02-000000494209020	bsn-a001-00-000000013604308	12	02	33421	M	1	0	0	4	0
20260708	4291318	cmp-a001-02-000000010764328	grp-a001-02-000000069047580	황성주라이프밀	nad-a001-02-000000541753996	bsn-a001-00-000000013604308	12	08	8753	M	1	0	0	1	0
20260708	4291318	cmp-a001-02-000000010764328	grp-a001-02-000000069047580	황성주생식	nad-a001-02-000000541753996	bsn-a001-00-000000013604308	12	99	8753	M	1	0	0	1	0
20260708	4291318	cmp-a001-02-000000010764328	grp-a001-02-000000069047580	프로틴	nad-a001-02-000000541753981	bsn-a001-00-000000013604308	12	11	768323	M	1	0	0	4	0
20260708	4291318	cmp-a001-02-000000010432615	grp-a001-02-000000064422129	시리얼	nad-a001-02-000000494208904	bsn-a001-00-000000013604308	12	18	529514	M	8	0	0	24	0
20260708	4291318	cmp-a001-02-000000010764328	grp-a001-02-000000069047580	프로틴	nad-a001-02-000000541753979	bsn-a001-00-000000013604308	12	09	98128	M	1	0	0	5	0
20260708	4291318	cmp-a001-02-000000010764328	grp-a001-02-000000069047580	황성주생식	nad-a001-02-000000541753966	bsn-a001-00-000000013604308	12	02	8753	M	1	0	0	4	0
20260708	4291318	cmp-a001-02-000000010764328	grp-a001-02-000000069047580	프로틴쉐이크	nad-a001-02-000000541754000	bsn-a001-00-000000013604308	12	09	529514	M	2	0	0	4	0
20260708	4291318	cmp-a001-02-000000010432615	grp-a001-02-000000064422129	가루	nad-a001-02-000000494208910	bsn-a001-00-000000013604308	12	02	684927	P	1	0	0	1	0
20260708	4291318	cmp-a001-02-000000010432615	grp-a001-02-000000064422129	황성주생식	nad-a001-02-000000494208911	bsn-a001-00-000000013604308	12	09	8753	M	2	0	0	6	0
20260708	4291318	cmp-a001-02-000000010764328	grp-a001-02-000000069047580	단백질쉐이크	nad-a001-02-000000541754000	bsn-a001-00-000000013604308	12	10	529514	M	2	0	0	4	0
20260708	4291318	cmp-a001-02-000000010764328	grp-a001-02-000000069047580	프로틴	nad-a001-02-000000541753979	bsn-a001-00-000000013604308	12	13	768323	M	3	0	0	19	0
20260708	4291318	cmp-a001-02-000000010764328	grp-a001-02-000000069047580	단백질쉐이크파우치	nad-a001-02-000000541753969	bsn-a001-00-000000013604308	12	02	529514	M	2	0	0	26	0
20260708	4291318	cmp-a001-02-000000010764328	grp-a001-02-000000069047580	황성주박사1일영양건강식	nad-a001-02-000000541753963	bsn-a001-00-000000013604308	12	02	8753	M	1	0	0	1	0
20260708	4291318	cmp-a001-02-000000010432615	grp-a001-02-000000064422129	황성주박사1일	nad-a001-02-000000494208908	bsn-a001-00-000000013604308	12	02	33421	M	1	0	0	8	0
20260708	4291318	cmp-a001-02-000000010764328	grp-a001-02-000000069047580	아침식사대용추천	nad-a001-02-000000541753967	bsn-a001-00-000000013604308	12	18	684924	M	1	0	0	1	0
20260708	4291318	cmp-a001-02-000000010764328	grp-a001-02-000000069047580	프로틴	nad-a001-02-000000541753984	bsn-a001-00-000000013604308	12	01	768323	M	2	0	0	10	0
20260708	4291318	cmp-a001-02-000000010764328	grp-a001-02-000000069047580	프로틴	nad-a001-02-000000541753981	bsn-a001-00-000000013604308	12	10	768323	M	2	0	0	8	0
20260708	4291318	cmp-a001-02-000000010764328	grp-a001-02-000000069047580	건강분말	nad-a001-02-000000541754001	bsn-a001-00-000000013604308	12	02	768323	M	3	0	0	49	0
20260708	4291318	cmp-a001-02-000000010764328	grp-a001-02-000000069047580	황성주생식	nad-a001-02-000000541753997	bsn-a001-00-000000013604308	12	08	33421	M	1	0	0	6	0
20260708	4291318	cmp-a001-02-000000010764328	grp-a001-02-000000069047580	단백질쉐이크	nad-a001-02-000000541754000	bsn-a001-00-000000013604308	12	08	98128	M	5	0	0	10	0
20260708	4291318	cmp-a001-02-000000010764328	grp-a001-02-000000069047580	단백질보충제	nad-a001-02-000000541753979	bsn-a001-00-000000013604308	12	02	23123	P	2	0	0	14	0
20260708	4291318	cmp-a001-02-000000010764328	grp-a001-02-000000069047580	단백질	nad-a001-02-000000541754000	bsn-a001-00-000000013604308	12	08	98128	M	3	0	0	9	0
20260708	4291318	cmp-a001-02-000000010764328	grp-a001-02-000000069047580	시리얼	nad-a001-02-000000541753991	bsn-a001-00-000000013604308	12	02	768323	M	1	0	0	19	0
20260708	4291318	cmp-a001-02-000000010764328	grp-a001-02-000000069047580	프로틴	nad-a001-02-000000541753981	bsn-a001-00-000000013604308	12	06	768323	M	1	0	0	4	0
20260708	4291318	cmp-a001-02-000000010764328	grp-a001-02-000000069047580	콜라겐젤리	nad-a001-02-000000541753987	bsn-a001-00-000000013604308	12	02	11068	P	1	0	0	5	0
20260708	4291318	cmp-a001-02-000000010764328	grp-a001-02-000000069047580	대상식품	nad-a001-02-000000541753963	bsn-a001-00-000000013604308	12	15	8753	M	1	0	0	2	0
20260708	4291318	cmp-a001-02-000000010432615	grp-a001-02-000000064422129	분말	nad-a001-02-000000494208910	bsn-a001-00-000000013604308	12	01	684924	M	1	0	0	1	0
20260708	4291318	cmp-a001-02-000000010764328	grp-a001-02-000000069047580	단백질쉐이크초코	nad-a001-02-000000541753981	bsn-a001-00-000000013604308	12	08	529514	M	1	0	0	8	0
20260708	4291318	cmp-a001-02-000000010432615	grp-a001-02-000000064422129	황성주생식	nad-a001-02-000000494208910	bsn-a001-00-000000013604308	12	07	684925	P	1	0	0	1	0
20260708	4291318	cmp-a001-02-000000010764328	grp-a001-02-000000069047580	황성주생식	nad-a001-02-000000541753988	bsn-a001-00-000000013604308	12	08	33421	M	1	0	0	5	0
20260708	4291318	cmp-a001-02-000000010764328	grp-a001-02-000000069047580	바나나다이어트	nad-a001-02-000000541753972	bsn-a001-00-000000013604308	12	03	8753	M	1	0	0	2	0
20260708	4291318	cmp-a001-02-000000010764328	grp-a001-02-000000069047580	프로틴	nad-a001-02-000000541753981	bsn-a001-00-000000013604308	12	15	768323	M	1	0	0	4	0
20260708	4291318	cmp-a001-02-000000010764328	grp-a001-02-000000069047580	단백질	nad-a001-02-000000541753979	bsn-a001-00-000000013604308	12	08	98128	M	3	0	0	18	0
20260708	4291318	cmp-a001-02-000000010764328	grp-a001-02-000000069047580	프로틴	nad-a001-02-000000541753984	bsn-a001-00-000000013604308	12	08	768323	M	4	0	0	23	0
20260708	4291318	cmp-a001-02-000000010764328	grp-a001-02-000000069047580	프로틴	nad-a001-02-000000541753981	bsn-a001-00-000000013604308	12	09	529514	M	33	0	0	90	0
20260708	4291318	cmp-a001-02-000000010764328	grp-a001-02-000000069047580	시리얼	nad-a001-02-000000541753991	bsn-a001-00-000000013604308	12	06	529514	M	3	0	0	9	0
20260708	4291318	cmp-a001-02-000000010764328	grp-a001-02-000000069047580	동결가루	nad-a001-02-000000541754004	bsn-a001-00-000000013604308	12	02	8753	M	1	0	0	2	0
20260708	4291318	cmp-a001-02-000000010432615	grp-a001-02-000000064422129	씨리얼	nad-a001-02-000000494208904	bsn-a001-00-000000013604308	12	99	529514	M	1	0	0	5	0
20260708	4291318	cmp-a001-02-000000010432615	grp-a001-02-000000064422129	스토어	nad-a001-02-000000494208910	bsn-a001-00-000000013604308	12	03	98128	M	1	0	0	3	0
20260708	4291318	cmp-a001-02-000000010432615	grp-a001-02-000000064422129	시리얼	nad-a001-02-000000494208904	bsn-a001-00-000000013604308	12	16	529514	M	8	0	0	25	0
20260708	4291318	cmp-a001-02-000000010432615	grp-a001-02-000000064422129	스토어	nad-a001-02-000000494208910	bsn-a001-00-000000013604308	12	99	98128	M	16	0	0	44	0
20260708	4291318	cmp-a001-02-000000010764328	grp-a001-02-000000069047580	동결야채가루	nad-a001-02-000000541753988	bsn-a001-00-000000013604308	12	02	8753	M	1	0	0	4	0
20260708	4291318	cmp-a001-02-000000010764328	grp-a001-02-000000069047580	프로틴쉐이크	nad-a001-02-000000541754000	bsn-a001-00-000000013604308	12	09	98128	M	1	0	0	2	0
20260708	4291318	cmp-a001-02-000000010432615	grp-a001-02-000000064422129	생식가루	nad-a001-02-000000494208910	bsn-a001-00-000000013604308	12	11	8753	M	1	0	0	1	0
20260708	4291318	cmp-a001-02-000000010432615	grp-a001-02-000000064422129	단백질바	nad-a001-02-000000494208904	bsn-a001-00-000000013604308	12	01	529514	M	2	0	0	7	0
20260708	4291318	cmp-a001-02-000000010432615	grp-a001-02-000000064422129	이롬황성주영양식	nad-a001-02-000000494209017	bsn-a001-00-000000013604308	12	08	341893	M	1	0	0	3	0
20260708	4291318	cmp-a001-02-000000010432615	grp-a001-02-000000064422129	라이프밀	nad-a001-02-000000494209022	bsn-a001-00-000000013604308	12	02	633013	M	1	0	0	7	0
20260708	4291318	cmp-a001-02-000000010432615	grp-a001-02-000000064422129	라이프밀	nad-a001-02-000000494209021	bsn-a001-00-000000013604308	12	02	633013	M	1	0	0	2	0
20260708	4291318	cmp-a001-02-000000010764328	grp-a001-02-000000069047580	다이어트견과류	nad-a001-02-000000541753960	bsn-a001-00-000000013604308	12	02	8753	M	2	0	0	6	0
20260708	4291318	cmp-a001-02-000000010432615	grp-a001-02-000000064422129	시리얼	nad-a001-02-000000494208904	bsn-a001-00-000000013604308	12	09	529514	M	79	0	0	257	0
20260708	4291318	cmp-a001-02-000000010764328	grp-a001-02-000000069047580	프로틴	nad-a001-02-000000541753979	bsn-a001-00-000000013604308	12	10	768323	M	2	0	0	14	0
20260708	4291318	cmp-a001-02-000000010764328	grp-a001-02-000000069047580	황성주박사1일영양건강식	nad-a001-02-000000541753963	bsn-a001-00-000000013604308	12	02	684924	M	1	0	0	1	0
20260708	4291318	cmp-a001-02-000000010764328	grp-a001-02-000000069047580	단백질쉐이크파우치	nad-a001-02-000000541753976	bsn-a001-00-000000013604308	12	09	529514	M	2	0	0	23	0
20260708	4291318	cmp-a001-02-000000010764328	grp-a001-02-000000069047580	단백질쉐이크	nad-a001-02-000000541754000	bsn-a001-00-000000013604308	12	11	529514	M	7	0	0	14	0
20260708	4291318	cmp-a001-02-000000010764328	grp-a001-02-000000069047580	단백질쉐이크	nad-a001-02-000000541754000	bsn-a001-00-000000013604308	12	07	529514	M	2	0	0	4	0
20260708	4291318	cmp-a001-02-000000010764328	grp-a001-02-000000069047580	단백질보충제	nad-a001-02-000000541754000	bsn-a001-00-000000013604308	12	02	23123	P	2	0	0	10	0
20260708	4291318	cmp-a001-02-000000010764328	grp-a001-02-000000069047580	프로틴	nad-a001-02-000000541753981	bsn-a001-00-000000013604308	12	99	768323	M	14	0	0	54	0
20260708	4291318	cmp-a001-02-000000010764328	grp-a001-02-000000069047580	시리얼	nad-a001-02-000000541753991	bsn-a001-00-000000013604308	12	14	768323	M	1	0	0	19	0
20260708	4291318	cmp-a001-02-000000010764328	grp-a001-02-000000069047580	프로틴	nad-a001-02-000000541753984	bsn-a001-00-000000013604308	12	09	768323	M	38	0	0	190	0
20260708	4291318	cmp-a001-02-000000010764328	grp-a001-02-000000069047580	단백질쉐이크	nad-a001-02-000000541754000	bsn-a001-00-000000013604308	12	13	529514	M	1	0	0	2	0
20260708	4291318	cmp-a001-02-000000010764328	grp-a001-02-000000069047580	동결건조야채가루추천	nad-a001-02-000000541753966	bsn-a001-00-000000013604308	12	08	684925	P	1	0	0	1	0
20260708	4291318	cmp-a001-02-000000010764328	grp-a001-02-000000069047580	건강분말	nad-a001-02-000000541753994	bsn-a001-00-000000013604308	12	02	768323	M	3	0	0	53	0
20260708	4291318	cmp-a001-02-000000010764328	grp-a001-02-000000069047580	쉐이크	nad-a001-02-000000541753979	bsn-a001-00-000000013604308	12	09	529514	M	19	0	0	65	0
20260708	4291318	cmp-a001-02-000000010764328	grp-a001-02-000000069047580	파우치박사기소	nad-a001-02-000000541753974	bsn-a001-00-000000013604308	12	11	8753	M	2	0	0	4	0
20260708	4291318	cmp-a001-02-000000010764328	grp-a001-02-000000069047580	시리얼	nad-a001-02-000000541753991	bsn-a001-00-000000013604308	12	11	768323	M	1	0	0	19	0
20260708	4291318	cmp-a001-02-000000010764328	grp-a001-02-000000069047580	환자식	nad-a001-02-000000541753962	bsn-a001-00-000000013604308	12	02	684926	M	2	0	0	6	0
20260708	4291318	cmp-a001-02-000000010764328	grp-a001-02-000000069047580	단호박단백질	nad-a001-02-000000541753976	bsn-a001-00-000000013604308	12	16	8753	M	1	0	0	2	0
20260708	4291318	cmp-a001-02-000000010764328	grp-a001-02-000000069047580	쉐이크	nad-a001-02-000000541753979	bsn-a001-00-000000013604308	12	02	529514	M	4	0	0	17	0
20260708	4291318	cmp-a001-02-000000010764328	grp-a001-02-000000069047580	야채가루	nad-a001-02-000000541753967	bsn-a001-00-000000013604308	12	09	8753	M	1	0	0	1	0
20260708	4291318	cmp-a001-02-000000010764328	grp-a001-02-000000069047580	야채가루	nad-a001-02-000000541753966	bsn-a001-00-000000013604308	12	09	8753	M	1	1	4218	2	0
20260708	4291318	cmp-a001-02-000000010764328	grp-a001-02-000000069047580	생식가루	nad-a001-02-000000541753996	bsn-a001-00-000000013604308	12	99	8753	M	1	1	7844	1	0
20260708	4291318	cmp-a001-02-000000010764328	grp-a001-02-000000069047580	황성주생식	nad-a001-02-000000541753966	bsn-a001-00-000000013604308	12	18	341893	M	1	0	0	1	0
20260708	4291318	cmp-a001-02-000000010764328	grp-a001-02-000000069047580	황성주박사영양	nad-a001-02-000000541753996	bsn-a001-00-000000013604308	12	13	8753	M	2	0	0	2	0
20260708	4291318	cmp-a001-02-000000010764328	grp-a001-02-000000069047580	황성주박사영양	nad-a001-02-000000541753963	bsn-a001-00-000000013604308	12	13	8753	M	2	0	0	6	0
20260708	4291318	cmp-a001-02-000000010764328	grp-a001-02-000000069047580	단백질	nad-a001-02-000000541753979	bsn-a001-00-000000013604308	12	06	529514	M	5	0	0	21	0
20260708	4291318	cmp-a001-02-000000010764328	grp-a001-02-000000069047580	단백질쉐이크	nad-a001-02-000000541754000	bsn-a001-00-000000013604308	12	02	684927	P	1	0	0	21	0
20260708	4291318	cmp-a001-02-000000010764328	grp-a001-02-000000069047580	단백질보충제	nad-a001-02-000000541753981	bsn-a001-00-000000013604308	12	02	23123	P	3	0	0	17	0
20260708	4291318	cmp-a001-02-000000010764328	grp-a001-02-000000069047580	프로틴쉐이크	nad-a001-02-000000541754000	bsn-a001-00-000000013604308	12	01	529514	M	1	0	0	2	0
20260708	4291318	cmp-a001-02-000000010764328	grp-a001-02-000000069047580	단백질	nad-a001-02-000000541753981	bsn-a001-00-000000013604308	12	09	529514	M	5	0	0	18	0
20260708	4291318	cmp-a001-02-000000010764328	grp-a001-02-000000069047580	동결가루	nad-a001-02-000000541753966	bsn-a001-00-000000013604308	12	02	8753	M	1	0	0	4	0
20260708	4291318	cmp-a001-02-000000010764328	grp-a001-02-000000069047580	프로틴	nad-a001-02-000000541753984	bsn-a001-00-000000013604308	12	06	529514	M	1	0	0	3	0
20260708	4291318	cmp-a001-02-000000010764328	grp-a001-02-000000069047580	시리얼	nad-a001-02-000000541753991	bsn-a001-00-000000013604308	12	09	768323	M	8	0	0	152	0
20260708	4291318	cmp-a001-02-000000010764328	grp-a001-02-000000069047580	프로틴	nad-a001-02-000000541753984	bsn-a001-00-000000013604308	12	02	529514	M	19	0	0	47	0
20260708	4291318	cmp-a001-02-000000010764328	grp-a001-02-000000069047580	시리얼	nad-a001-02-000000541753991	bsn-a001-00-000000013604308	12	08	684927	P	2	0	0	8	0
20260708	4291318	cmp-a001-02-000000010432615	grp-a001-02-000000064422129	씨리얼	nad-a001-02-000000494208904	bsn-a001-00-000000013604308	12	18	529514	M	3	0	0	15	0
20260708	4291318	cmp-a001-02-000000010764328	grp-a001-02-000000069047580	건강분말	nad-a001-02-000000541753961	bsn-a001-00-000000013604308	12	13	768323	M	1	0	0	14	0
20260708	4291318	cmp-a001-02-000000010764328	grp-a001-02-000000069047580	단백질	nad-a001-02-000000541753981	bsn-a001-00-000000013604308	12	06	529514	M	1	0	0	4	0
20260708	4291318	cmp-a001-02-000000010764328	grp-a001-02-000000069047580	단백질	nad-a001-02-000000541753981	bsn-a001-00-000000013604308	12	02	684927	P	4	0	0	54	0
20260708	4291318	cmp-a001-02-000000010764328	grp-a001-02-000000069047580	황성주생식	nad-a001-02-000000541753996	bsn-a001-00-000000013604308	12	02	8753	M	2	0	0	2	0
20260708	4291318	cmp-a001-02-000000010764328	grp-a001-02-000000069047580	건강분말	nad-a001-02-000000541753993	bsn-a001-00-000000013604308	12	02	768323	M	3	0	0	50	0
20260708	4291318	cmp-a001-02-000000010432615	grp-a001-02-000000064422129	시리얼	nad-a001-02-000000494208904	bsn-a001-00-000000013604308	12	11	529514	M	17	0	0	54	0
20260708	4291318	cmp-a001-02-000000010764328	grp-a001-02-000000069047580	쉐이크	nad-a001-02-000000541753979	bsn-a001-00-000000013604308	12	99	529514	M	4	0	0	16	0
20260708	4291318	cmp-a001-02-000000010764328	grp-a001-02-000000069047580	단백질쉐이크	nad-a001-02-000000541754000	bsn-a001-00-000000013604308	12	01	529514	M	4	0	0	8	0
20260708	4291318	cmp-a001-02-000000010764328	grp-a001-02-000000069047580	시리얼	nad-a001-02-000000541753991	bsn-a001-00-000000013604308	12	11	529514	M	3	0	0	9	0
20260708	4291318	cmp-a001-02-000000010432615	grp-a001-02-000000064422129	라이프밀	nad-a001-02-000000494208911	bsn-a001-00-000000013604308	12	02	633013	M	1	0	0	3	0
20260708	4291318	cmp-a001-02-000000010764328	grp-a001-02-000000069047580	황성주생식	nad-a001-02-000000541753966	bsn-a001-00-000000013604308	12	08	8753	M	1	0	0	4	0
20260708	4291318	cmp-a001-02-000000010764328	grp-a001-02-000000069047580	QUEST단백질바초코	nad-a001-02-000000541753991	bsn-a001-00-000000013604308	12	02	27758	P	1	0	0	2	0
20260708	4291318	cmp-a001-02-000000010764328	grp-a001-02-000000069047580	황성주생식	nad-a001-02-000000541754004	bsn-a001-00-000000013604308	12	04	8753	M	1	0	0	2	0
20260708	4291318	cmp-a001-02-000000010764328	grp-a001-02-000000069047580	단호박단백질	nad-a001-02-000000541753978	bsn-a001-00-000000013604308	12	16	8753	M	1	0	0	3	0
20260708	4291318	cmp-a001-02-000000010764328	grp-a001-02-000000069047580	동결가루	nad-a001-02-000000541753996	bsn-a001-00-000000013604308	12	02	8753	M	1	0	0	1	0
20260708	4291318	cmp-a001-02-000000010764328	grp-a001-02-000000069047580	쉐이크	nad-a001-02-000000541753984	bsn-a001-00-000000013604308	12	06	98128	M	5	0	0	20	0
20260708	4291318	cmp-a001-02-000000010764328	grp-a001-02-000000069047580	프로틴	nad-a001-02-000000541753984	bsn-a001-00-000000013604308	12	15	529514	M	2	0	0	5	0
20260708	4291318	cmp-a001-02-000000010764328	grp-a001-02-000000069047580	황성주생식	nad-a001-02-000000541753968	bsn-a001-00-000000013604308	12	08	33421	M	1	0	0	8	0
20260708	4291318	cmp-a001-02-000000010764328	grp-a001-02-000000069047580	쉐이크	nad-a001-02-000000541753984	bsn-a001-00-000000013604308	12	99	529514	M	5	0	0	15	0
20260708	4291318	cmp-a001-02-000000010764328	grp-a001-02-000000069047580	프로틴	nad-a001-02-000000541753981	bsn-a001-00-000000013604308	12	08	529514	M	4	0	0	12	0
20260708	4291318	cmp-a001-02-000000010432615	grp-a001-02-000000064422129	시리얼	nad-a001-02-000000494208904	bsn-a001-00-000000013604308	12	08	529514	M	13	0	0	42	0
20260708	4291318	cmp-a001-02-000000010764328	grp-a001-02-000000069047580	다이어트견과류	nad-a001-02-000000541753959	bsn-a001-00-000000013604308	12	02	8753	M	2	0	0	4	0
20260708	4291318	cmp-a001-02-000000010764328	grp-a001-02-000000069047580	단백질쉐이크	nad-a001-02-000000541754000	bsn-a001-00-000000013604308	12	08	529514	M	13	0	0	26	0
20260708	4291318	cmp-a001-02-000000010764328	grp-a001-02-000000069047580	동결가루	nad-a001-02-000000541753996	bsn-a001-00-000000013604308	12	02	684924	M	1	0	0	1	0
20260708	4291318	cmp-a001-02-000000010764328	grp-a001-02-000000069047580	황성주생식	nad-a001-02-000000541754004	bsn-a001-00-000000013604308	12	08	27758	P	1	0	0	2	0
20260708	4291318	cmp-a001-02-000000010764328	grp-a001-02-000000069047580	견과류	nad-a001-02-000000541753959	bsn-a001-00-000000013604308	12	01	341893	M	1	0	0	2	0
20260708	4291318	cmp-a001-02-000000010432615	grp-a001-02-000000064422129	황성주생식	nad-a001-02-000000494208910	bsn-a001-00-000000013604308	12	02	8753	M	1	0	0	1	0
20260708	4291318	cmp-a001-02-000000010764328	grp-a001-02-000000069047580	단백질	nad-a001-02-000000541754000	bsn-a001-00-000000013604308	12	02	684927	P	2	0	0	30	0
20260708	4291318	cmp-a001-02-000000010764328	grp-a001-02-000000069047580	프로틴	nad-a001-02-000000541753981	bsn-a001-00-000000013604308	12	03	529514	M	2	0	0	4	0
20260708	4291318	cmp-a001-02-000000010432615	grp-a001-02-000000064422129	라이프밀	nad-a001-02-000000494208910	bsn-a001-00-000000013604308	12	11	684925	P	1	0	0	1	0
20260708	4291318	cmp-a001-02-000000010764328	grp-a001-02-000000069047580	황성주생식	nad-a001-02-000000541754004	bsn-a001-00-000000013604308	12	08	8753	M	1	0	0	2	0
20260708	4291318	cmp-a001-02-000000010764328	grp-a001-02-000000069047580	야채가루	nad-a001-02-000000541753967	bsn-a001-00-000000013604308	12	15	8753	M	2	0	0	2	0
20260708	4291318	cmp-a001-02-000000010764328	grp-a001-02-000000069047580	동결건조야채가루	nad-a001-02-000000541753967	bsn-a001-00-000000013604308	12	09	27758	P	1	0	0	2	0
20260708	4291318	cmp-a001-02-000000010764328	grp-a001-02-000000069047580	프로틴	nad-a001-02-000000541754000	bsn-a001-00-000000013604308	12	18	768323	M	6	0	0	31	0
20260708	4291318	cmp-a001-02-000000010764328	grp-a001-02-000000069047580	프로틴	nad-a001-02-000000541753984	bsn-a001-00-000000013604308	12	18	768323	M	6	0	0	33	0
20260708	4291318	cmp-a001-02-000000010764328	grp-a001-02-000000069047580	쉐이크	nad-a001-02-000000541753981	bsn-a001-00-000000013604308	12	09	529514	M	10	0	0	25	0
20260708	4291318	cmp-a001-02-000000010764328	grp-a001-02-000000069047580	프로틴파우치	nad-a001-02-000000541753971	bsn-a001-00-000000013604308	12	02	805759	P	1	0	0	7	0
20260708	4291318	cmp-a001-02-000000010764328	grp-a001-02-000000069047580	황성주라이프밀	nad-a001-02-000000541753967	bsn-a001-00-000000013604308	12	08	8753	M	1	0	0	3	0
20260708	4291318	cmp-a001-02-000000010764328	grp-a001-02-000000069047580	단백질쉐이크파우치	nad-a001-02-000000541753970	bsn-a001-00-000000013604308	12	09	529514	M	3	0	0	31	0
20260708	4291318	cmp-a001-02-000000010764328	grp-a001-02-000000069047580	쉐이크	nad-a001-02-000000541753981	bsn-a001-00-000000013604308	12	99	529514	M	4	0	0	9	0
20260708	4291318	cmp-a001-02-000000010764328	grp-a001-02-000000069047580	쉐이크	nad-a001-02-000000541754000	bsn-a001-00-000000013604308	12	02	529514	M	6	0	0	12	0
20260708	4291318	cmp-a001-02-000000010764328	grp-a001-02-000000069047580	황성주라이프밀	nad-a001-02-000000541753988	bsn-a001-00-000000013604308	12	08	33421	M	1	0	0	5	0
20260708	4291318	cmp-a001-02-000000010764328	grp-a001-02-000000069047580	식물성단백질	nad-a001-02-000000541754000	bsn-a001-00-000000013604308	12	09	529514	M	1	0	0	1	0
20260708	4291318	cmp-a001-02-000000010432615	grp-a001-02-000000064422129	프로틴바	nad-a001-02-000000494208904	bsn-a001-00-000000013604308	12	02	529514	M	5	0	0	37	0
20260708	4291318	cmp-a001-02-000000010764328	grp-a001-02-000000069047580	프로틴	nad-a001-02-000000541754000	bsn-a001-00-000000013604308	12	08	768323	M	4	0	0	21	0
20260708	4291318	cmp-a001-02-000000010432615	grp-a001-02-000000064422129	시리얼	nad-a001-02-000000494208904	bsn-a001-00-000000013604308	12	10	529514	M	4	0	0	12	0
20260708	4291318	cmp-a001-02-000000010432615	grp-a001-02-000000064422129	프로틴바	nad-a001-02-000000494208904	bsn-a001-00-000000013604308	12	99	529514	M	7	0	0	25	0
20260708	4291318	cmp-a001-02-000000010432615	grp-a001-02-000000064422129	스토어	nad-a001-02-000000494208910	bsn-a001-00-000000013604308	12	10	98128	M	1	0	0	3	0
20260708	4291318	cmp-a001-02-000000010764328	grp-a001-02-000000069047580	프로틴	nad-a001-02-000000541753979	bsn-a001-00-000000013604308	12	06	768323	M	1	0	0	7	0
20260708	4291318	cmp-a001-02-000000010764328	grp-a001-02-000000069047580	단백질보충제	nad-a001-02-000000541754000	bsn-a001-00-000000013604308	12	04	87620	M	1	0	0	2	0
20260708	4291318	cmp-a001-02-000000010764328	grp-a001-02-000000069047580	단백질	nad-a001-02-000000541754000	bsn-a001-00-000000013604308	12	09	529514	M	8	0	0	24	0
20260708	4291318	cmp-a001-02-000000010764328	grp-a001-02-000000069047580	황성주생식	nad-a001-02-000000541753966	bsn-a001-00-000000013604308	12	99	341893	M	1	0	0	1	0
20260708	4291318	cmp-a001-02-000000010764328	grp-a001-02-000000069047580	단백질	nad-a001-02-000000541753984	bsn-a001-00-000000013604308	12	06	529514	M	1	0	0	4	0
20260708	4291318	cmp-a001-02-000000010764328	grp-a001-02-000000069047580	황성주박사1일	nad-a001-02-000000541753964	bsn-a001-00-000000013604308	12	02	8753	M	1	0	0	2	0
20260708	4291318	cmp-a001-02-000000010764328	grp-a001-02-000000069047580	쉐이크	nad-a001-02-000000541753984	bsn-a001-00-000000013604308	12	09	529514	M	13	0	0	31	0
20260708	4291318	cmp-a001-02-000000010764328	grp-a001-02-000000069047580	프로틴	nad-a001-02-000000541753979	bsn-a001-00-000000013604308	12	02	768323	M	21	0	0	146	0
20260708	4291318	cmp-a001-02-000000010764328	grp-a001-02-000000069047580	프로틴	nad-a001-02-000000541753979	bsn-a001-00-000000013604308	12	09	248824	P	1	0	0	6	0
20260708	4291318	cmp-a001-02-000000010764328	grp-a001-02-000000069047580	황성주생식	nad-a001-02-000000541753996	bsn-a001-00-000000013604308	12	04	8753	M	1	0	0	1	0
20260708	4291318	cmp-a001-02-000000010764328	grp-a001-02-000000069047580	단백질	nad-a001-02-000000541754000	bsn-a001-00-000000013604308	12	09	98128	M	3	0	0	9	0
20260708	4291318	cmp-a001-02-000000010764328	grp-a001-02-000000069047580	프로틴바	nad-a001-02-000000541753991	bsn-a001-00-000000013604308	12	02	529514	M	2	0	0	7	0
20260708	4291318	cmp-a001-02-000000010764328	grp-a001-02-000000069047580	저분자콜라겐	nad-a001-02-000000541753987	bsn-a001-00-000000013604308	12	09	529514	M	1	0	0	7	0
20260708	4291318	cmp-a001-02-000000010764328	grp-a001-02-000000069047580	프로틴	nad-a001-02-000000541753984	bsn-a001-00-000000013604308	12	09	98128	M	1	0	0	4	0
20260708	4291318	cmp-a001-02-000000010764328	grp-a001-02-000000069047580	프로틴	nad-a001-02-000000541753984	bsn-a001-00-000000013604308	12	99	529514	M	24	0	0	67	0
20260708	4291318	cmp-a001-02-000000010764328	grp-a001-02-000000069047580	황성주라이프밀	nad-a001-02-000000541754005	bsn-a001-00-000000013604308	12	08	33421	M	1	0	0	7	0
20260708	4291318	cmp-a001-02-000000010764328	grp-a001-02-000000069047580	아침생식	nad-a001-02-000000541753988	bsn-a001-00-000000013604308	12	03	27758	P	1	0	0	3	0
20260708	4291318	cmp-a001-02-000000010764328	grp-a001-02-000000069047580	단백질쉐이크파우치	nad-a001-02-000000541753973	bsn-a001-00-000000013604308	12	09	529514	M	2	0	0	23	0
20260708	4291318	cmp-a001-02-000000010764328	grp-a001-02-000000069047580	프로틴	nad-a001-02-000000541753979	bsn-a001-00-000000013604308	12	03	768323	M	1	0	0	7	0
20260708	4291318	cmp-a001-02-000000010764328	grp-a001-02-000000069047580	콜라겐	nad-a001-02-000000541753987	bsn-a001-00-000000013604308	12	09	529514	M	1	0	0	9	0
20260708	4291318	cmp-a001-02-000000010764328	grp-a001-02-000000069047580	단호박단백질	nad-a001-02-000000541753978	bsn-a001-00-000000013604308	12	14	8753	M	1	0	0	3	0
20260708	4291318	cmp-a001-02-000000010764328	grp-a001-02-000000069047580	프로틴	nad-a001-02-000000541753984	bsn-a001-00-000000013604308	12	07	684927	P	1	0	0	16	0
20260708	4291318	cmp-a001-02-000000010764328	grp-a001-02-000000069047580	시리얼	nad-a001-02-000000541753991	bsn-a001-00-000000013604308	12	99	529514	M	25	0	0	83	0
20260708	4291318	cmp-a001-02-000000010432615	grp-a001-02-000000064422129	스토어	nad-a001-02-000000494208910	bsn-a001-00-000000013604308	12	00	98128	M	2	0	0	6	0
20260708	4291318	cmp-a001-02-000000010764328	grp-a001-02-000000069047580	단호박단백질	nad-a001-02-000000541753970	bsn-a001-00-000000013604308	12	14	8753	M	1	0	0	1	0
20260708	4291318	cmp-a001-02-000000010764328	grp-a001-02-000000069047580	시리얼	nad-a001-02-000000541753991	bsn-a001-00-000000013604308	12	03	768323	M	1	0	0	19	0
20260708	4291318	cmp-a001-02-000000010764328	grp-a001-02-000000069047580	단백질쉐이크파우치	nad-a001-02-000000541753971	bsn-a001-00-000000013604308	12	09	529514	M	1	0	0	11	0
20260708	4291318	cmp-a001-02-000000010764328	grp-a001-02-000000069047580	단백질쉐이크파우치	nad-a001-02-000000541753979	bsn-a001-00-000000013604308	12	02	27758	P	1	0	0	2	0
20260708	4291318	cmp-a001-02-000000010764328	grp-a001-02-000000069047580	황성주생식	nad-a001-02-000000541753966	bsn-a001-00-000000013604308	12	08	33421	M	1	0	0	4	0
20260708	4291318	cmp-a001-02-000000010764328	grp-a001-02-000000069047580	단백질보충제	nad-a001-02-000000541753979	bsn-a001-00-000000013604308	12	09	529514	M	6	0	0	22	0
20260708	4291318	cmp-a001-02-000000010764328	grp-a001-02-000000069047580	프로틴파우더파우치	nad-a001-02-000000541753984	bsn-a001-00-000000013604308	12	02	11068	P	1	0	0	3	0
20260708	4291318	cmp-a001-02-000000010764328	grp-a001-02-000000069047580	단백질쉐이크초코	nad-a001-02-000000541753981	bsn-a001-00-000000013604308	12	09	529514	M	2	0	0	16	0
20260708	4291318	cmp-a001-02-000000010764328	grp-a001-02-000000069047580	쉐이크	nad-a001-02-000000541753981	bsn-a001-00-000000013604308	12	13	98128	M	2	0	0	6	0
20260708	4291318	cmp-a001-02-000000010764328	grp-a001-02-000000069047580	단백질바	nad-a001-02-000000541753991	bsn-a001-00-000000013604308	12	11	684926	M	1	0	0	7	0
20260708	4291318	cmp-a001-02-000000010432615	grp-a001-02-000000064422129	스토어	nad-a001-02-000000494208910	bsn-a001-00-000000013604308	12	08	98128	M	2	0	0	6	0
20260708	4291318	cmp-a001-02-000000010764328	grp-a001-02-000000069047580	황성주생식	nad-a001-02-000000541753966	bsn-a001-00-000000013604308	12	04	8753	M	1	0	0	4	0
20260708	4291318	cmp-a001-02-000000010764328	grp-a001-02-000000069047580	황성주생식	nad-a001-02-000000541753966	bsn-a001-00-000000013604308	12	99	8753	M	1	0	0	4	0
20260708	4291318	cmp-a001-02-000000010764328	grp-a001-02-000000069047580	아침생식	nad-a001-02-000000541753966	bsn-a001-00-000000013604308	12	03	27758	P	1	0	0	1	0
20260708	4291318	cmp-a001-02-000000010764328	grp-a001-02-000000069047580	생식가루	nad-a001-02-000000541753996	bsn-a001-00-000000013604308	12	99	684924	M	1	0	0	1	0
20260708	4291318	cmp-a001-02-000000010764328	grp-a001-02-000000069047580	단백질	nad-a001-02-000000541753979	bsn-a001-00-000000013604308	12	09	98128	M	3	0	0	18	0
20260708	4291318	cmp-a001-02-000000010764328	grp-a001-02-000000069047580	단백질보충제	nad-a001-02-000000541753984	bsn-a001-00-000000013604308	12	09	529514	M	9	0	0	21	0
20260708	4291318	cmp-a001-02-000000010764328	grp-a001-02-000000069047580	쉐이크	nad-a001-02-000000541753981	bsn-a001-00-000000013604308	12	09	98128	M	4	0	0	12	0
20260708	4291318	cmp-a001-02-000000010764328	grp-a001-02-000000069047580	황성주생식	nad-a001-02-000000541754004	bsn-a001-00-000000013604308	12	08	33421	M	1	0	0	3	0
20260708	4291318	cmp-a001-02-000000010764328	grp-a001-02-000000069047580	프로프룻스토어	nad-a001-02-000000541753985	bsn-a001-00-000000013604308	12	02	8753	M	1	0	0	2	0
20260708	4291318	cmp-a001-02-000000010764328	grp-a001-02-000000069047580	황성주생식	nad-a001-02-000000541753967	bsn-a001-00-000000013604308	12	02	8753	M	1	0	0	3	0
20260708	4291318	cmp-a001-02-000000010764328	grp-a001-02-000000069047580	단호박단백질	nad-a001-02-000000541753970	bsn-a001-00-000000013604308	12	16	8753	M	1	0	0	1	0
20260708	4291318	cmp-a001-02-000000010764328	grp-a001-02-000000069047580	황성주생식	nad-a001-02-000000541754004	bsn-a001-00-000000013604308	12	02	27758	P	1	0	0	2	0
20260708	4291318	cmp-a001-02-000000010764328	grp-a001-02-000000069047580	프로틴	nad-a001-02-000000541754000	bsn-a001-00-000000013604308	12	13	529514	M	1	0	0	2	0
20260708	4291318	cmp-a001-02-000000010764328	grp-a001-02-000000069047580	시리얼	nad-a001-02-000000541753991	bsn-a001-00-000000013604308	12	02	529514	M	19	0	0	57	0
20260708	4291318	cmp-a001-02-000000010764328	grp-a001-02-000000069047580	단백질	nad-a001-02-000000541754000	bsn-a001-00-000000013604308	12	99	529514	M	4	0	0	12	0
20260708	4291318	cmp-a001-02-000000010764328	grp-a001-02-000000069047580	황성주생식	nad-a001-02-000000541753967	bsn-a001-00-000000013604308	12	18	8753	M	1	0	0	3	0
20260708	4291318	cmp-a001-02-000000010764328	grp-a001-02-000000069047580	건강분말	nad-a001-02-000000541753993	bsn-a001-00-000000013604308	12	13	768323	M	1	0	0	15	0
20260708	4291318	cmp-a001-02-000000010764328	grp-a001-02-000000069047580	시리얼	nad-a001-02-000000541753991	bsn-a001-00-000000013604308	12	17	23123	P	1	0	0	8	0
20260708	4291318	cmp-a001-02-000000010764328	grp-a001-02-000000069047580	황성주박사1일	nad-a001-02-000000541754004	bsn-a001-00-000000013604308	12	02	8753	M	1	0	0	4	0
20260708	4291318	cmp-a001-02-000000010764328	grp-a001-02-000000069047580	프로틴쉐이크	nad-a001-02-000000541754000	bsn-a001-00-000000013604308	12	02	529514	M	1	0	0	2	0
20260708	4291318	cmp-a001-02-000000010764328	grp-a001-02-000000069047580	단호박단백질	nad-a001-02-000000541753970	bsn-a001-00-000000013604308	12	09	8753	M	1	0	0	1	0
20260708	4291318	cmp-a001-02-000000010764328	grp-a001-02-000000069047580	황성주박사1일영양건강식	nad-a001-02-000000541753962	bsn-a001-00-000000013604308	12	02	8753	M	1	0	0	3	0
20260708	4291318	cmp-a001-02-000000010764328	grp-a001-02-000000069047580	프로틴	nad-a001-02-000000541753979	bsn-a001-00-000000013604308	12	06	529514	M	2	0	0	6	0
20260708	4291318	cmp-a001-02-000000010432615	grp-a001-02-000000064422129	스토어	nad-a001-02-000000494208910	bsn-a001-00-000000013604308	23	06	98128	M	2	0	0	4	0
20260708	4291318	cmp-a001-02-000000010432615	grp-a001-02-000000064422129	스토어	nad-a001-02-000000494208910	bsn-a001-00-000000013604308	23	07	98128	M	1	0	0	2	0
20260708	4291318	cmp-a001-02-000000010432615	grp-a001-02-000000064422129	황성주생식	nad-a001-02-000000494208911	bsn-a001-00-000000013604308	23	04	27758	P	2	0	0	6	0
20260708	4291318	cmp-a001-02-000000010432615	grp-a001-02-000000064422129	스토어	nad-a001-02-000000494208910	bsn-a001-00-000000013604308	23	16	98128	M	3	0	0	6	0
20260708	4291318	cmp-a001-02-000000010432615	grp-a001-02-000000064422129	스토어	nad-a001-02-000000494208910	bsn-a001-00-000000013604308	23	15	98128	M	1	0	0	2	0
20260708	4291318	cmp-a001-02-000000010432615	grp-a001-02-000000064422129	황성주생식	nad-a001-02-000000494209021	bsn-a001-00-000000013604308	23	02	8753	M	1	0	0	2	0
20260708	4291318	cmp-a001-02-000000010432615	grp-a001-02-000000064422129	단백질바	nad-a001-02-000000494208904	bsn-a001-00-000000013604308	23	09	529514	M	5	0	0	20	0
20260708	4291318	cmp-a001-02-000000010432615	grp-a001-02-000000064422129	동결건조생식	nad-a001-02-000000494209021	bsn-a001-00-000000013604308	23	09	8753	M	1	0	0	2	0
20260708	4291318	cmp-a001-02-000000010432615	grp-a001-02-000000064422129	씨리얼	nad-a001-02-000000494208904	bsn-a001-00-000000013604308	23	18	529514	M	1	0	0	5	0
20260708	4291318	cmp-a001-02-000000010432615	grp-a001-02-000000064422129	시리얼	nad-a001-02-000000494208904	bsn-a001-00-000000013604308	23	99	529514	M	17	0	0	51	0
20260708	4291318	cmp-a001-02-000000010432615	grp-a001-02-000000064422129	시리얼	nad-a001-02-000000494208904	bsn-a001-00-000000013604308	23	17	529514	M	1	0	0	3	0
20260708	4291318	cmp-a001-02-000000010432615	grp-a001-02-000000064422129	시리얼	nad-a001-02-000000494208904	bsn-a001-00-000000013604308	23	03	529514	M	8	0	0	24	0
20260708	4291318	cmp-a001-02-000000010432615	grp-a001-02-000000064422129	동결건조생식	nad-a001-02-000000494209022	bsn-a001-00-000000013604308	23	09	8753	M	1	0	0	5	0
20260708	4291318	cmp-a001-02-000000010432615	grp-a001-02-000000064422129	황성주영양식	nad-a001-02-000000494209020	bsn-a001-00-000000013604308	23	02	8753	M	1	0	0	1	0
20260708	4291318	cmp-a001-02-000000010432615	grp-a001-02-000000064422129	스토어	nad-a001-02-000000494208910	bsn-a001-00-000000013604308	23	11	335738	P	1	0	0	1	0
20260708	4291318	cmp-a001-02-000000010432615	grp-a001-02-000000064422129	황성주생식	nad-a001-02-000000494209022	bsn-a001-00-000000013604308	23	02	8753	M	1	0	0	4	0
20260708	4291318	cmp-a001-02-000000010432615	grp-a001-02-000000064422129	균형영양식	nad-a001-02-000000494209017	bsn-a001-00-000000013604308	23	09	529514	M	1	0	0	7	0
20260708	4291318	cmp-a001-02-000000010432615	grp-a001-02-000000064422129	황성주영양식	nad-a001-02-000000494209017	bsn-a001-00-000000013604308	23	02	684924	M	1	0	0	1	0
20260708	4291318	cmp-a001-02-000000010432615	grp-a001-02-000000064422129	시리얼	nad-a001-02-000000494208904	bsn-a001-00-000000013604308	23	15	529514	M	5	0	0	15	0
20260708	4291318	cmp-a001-02-000000010432615	grp-a001-02-000000064422129	프로틴바	nad-a001-02-000000494208904	bsn-a001-00-000000013604308	23	09	248824	P	1	0	0	4	0
20260708	4291318	cmp-a001-02-000000010432615	grp-a001-02-000000064422129	인간단성생식	nad-a001-02-000000494208910	bsn-a001-00-000000013604308	23	04	8753	M	1	0	0	1	0
20260708	4291318	cmp-a001-02-000000010432615	grp-a001-02-000000064422129	시리얼	nad-a001-02-000000494208904	bsn-a001-00-000000013604308	23	01	529514	M	1	0	0	3	0
20260708	4291318	cmp-a001-02-000000010432615	grp-a001-02-000000064422129	시리얼	nad-a001-02-000000494208904	bsn-a001-00-000000013604308	23	18	529514	M	4	0	0	12	0
20260708	4291318	cmp-a001-02-000000010432615	grp-a001-02-000000064422129	황성주생식	nad-a001-02-000000494209021	bsn-a001-00-000000013604308	23	04	27758	P	2	0	0	4	0
20260708	4291318	cmp-a001-02-000000010432615	grp-a001-02-000000064422129	프로틴바	nad-a001-02-000000494208904	bsn-a001-00-000000013604308	23	06	529514	M	1	0	0	3	0
20260708	4291318	cmp-a001-02-000000010432615	grp-a001-02-000000064422129	씨리얼	nad-a001-02-000000494208904	bsn-a001-00-000000013604308	23	09	529514	M	2	0	0	10	0
20260708	4291318	cmp-a001-02-000000010432615	grp-a001-02-000000064422129	황성주생식	nad-a001-02-000000494208910	bsn-a001-00-000000013604308	23	04	684925	P	2	0	0	2	0
20260708	4291318	cmp-a001-02-000000010432615	grp-a001-02-000000064422129	시리얼	nad-a001-02-000000494208904	bsn-a001-00-000000013604308	23	02	529514	M	19	0	0	57	0
20260708	4291318	cmp-a001-02-000000010432615	grp-a001-02-000000064422129	동결건조생식	nad-a001-02-000000494208911	bsn-a001-00-000000013604308	23	09	8753	M	1	0	0	4	0
20260708	4291318	cmp-a001-02-000000010432615	grp-a001-02-000000064422129	스토어	nad-a001-02-000000494208910	bsn-a001-00-000000013604308	23	13	98128	M	4	0	0	7	0
20260708	4291318	cmp-a001-02-000000010432615	grp-a001-02-000000064422129	프로틴바	nad-a001-02-000000494208904	bsn-a001-00-000000013604308	23	02	87620	M	2	0	0	7	0
20260708	4291318	cmp-a001-02-000000010432615	grp-a001-02-000000064422129	동결건조생식	nad-a001-02-000000494208910	bsn-a001-00-000000013604308	23	09	8753	M	1	0	0	1	0
20260708	4291318	cmp-a001-02-000000010432615	grp-a001-02-000000064422129	스토어	nad-a001-02-000000494208910	bsn-a001-00-000000013604308	23	02	98128	M	23	0	0	46	0
20260708	4291318	cmp-a001-02-000000010432615	grp-a001-02-000000064422129	황성주영양식	nad-a001-02-000000494209017	bsn-a001-00-000000013604308	23	02	8753	M	1	1	525	2	0
20260708	4291318	cmp-a001-02-000000010432615	grp-a001-02-000000064422129	쉐이크	nad-a001-02-000000494209013	bsn-a001-00-000000013604308	23	02	341893	M	1	0	0	4	0
20260708	4291318	cmp-a001-02-000000010432615	grp-a001-02-000000064422129	시리얼	nad-a001-02-000000494208904	bsn-a001-00-000000013604308	23	11	529514	M	2	0	0	6	0
20260708	4291318	cmp-a001-02-000000010432615	grp-a001-02-000000064422129	시리얼	nad-a001-02-000000494208904	bsn-a001-00-000000013604308	23	09	529514	M	23	0	0	69	0
20260708	4291318	cmp-a001-02-000000010432615	grp-a001-02-000000064422129	시리얼	nad-a001-02-000000494208904	bsn-a001-00-000000013604308	23	06	529514	M	2	0	0	6	0
20260708	4291318	cmp-a001-02-000000010432615	grp-a001-02-000000064422129	스토어	nad-a001-02-000000494208910	bsn-a001-00-000000013604308	23	03	98128	M	2	0	0	4	0
20260708	4291318	cmp-a001-02-000000010432615	grp-a001-02-000000064422129	황성주영양식	nad-a001-02-000000494209020	bsn-a001-00-000000013604308	23	02	341893	M	2	0	0	4	0
20260708	4291318	cmp-a001-02-000000010432615	grp-a001-02-000000064422129	스토어	nad-a001-02-000000494208910	bsn-a001-00-000000013604308	23	11	98128	M	1	0	0	2	0
20260708	4291318	cmp-a001-02-000000010432615	grp-a001-02-000000064422129	단백질바	nad-a001-02-000000494208904	bsn-a001-00-000000013604308	23	02	529514	M	3	0	0	10	0
20260708	4291318	cmp-a001-02-000000010432615	grp-a001-02-000000064422129	시리얼	nad-a001-02-000000494208904	bsn-a001-00-000000013604308	23	13	529514	M	4	0	0	12	0
20260708	4291318	cmp-a001-02-000000010432615	grp-a001-02-000000064422129	스토어	nad-a001-02-000000494208910	bsn-a001-00-000000013604308	23	02	248824	P	2	0	0	2	0
20260708	4291318	cmp-a001-02-000000010432615	grp-a001-02-000000064422129	스토어	nad-a001-02-000000494208910	bsn-a001-00-000000013604308	23	09	98128	M	20	0	0	40	0
20260708	4291318	cmp-a001-02-000000010432615	grp-a001-02-000000064422129	프로틴바	nad-a001-02-000000494208904	bsn-a001-00-000000013604308	23	02	529514	M	3	0	0	10	0
20260708	4291318	cmp-a001-02-000000010432615	grp-a001-02-000000064422129	스토어	nad-a001-02-000000494208910	bsn-a001-00-000000013604308	23	99	98128	M	1	0	0	2	0
20260708	4291318	cmp-a001-02-000000010432615	grp-a001-02-000000064422129	영양식	nad-a001-02-000000494209017	bsn-a001-00-000000013604308	23	15	529514	M	1	0	0	9	0
20260708	4291318	cmp-a001-02-000000010432615	grp-a001-02-000000064422129	스토어	nad-a001-02-000000494208910	bsn-a001-00-000000013604308	23	01	98128	M	2	0	0	4	0
20260708	4291318	cmp-a001-02-000000010432615	grp-a001-02-000000064422129	스토어	nad-a001-02-000000494208910	bsn-a001-00-000000013604308	23	08	98128	M	1	0	0	2	0
20260708	4291318	cmp-a001-02-000000010432615	grp-a001-02-000000064422129	생식가루	nad-a001-02-000000494209021	bsn-a001-00-000000013604308	23	99	8753	M	1	0	0	4	0
20260708	4291318	cmp-a001-02-000000010432615	grp-a001-02-000000064422129	황성주생식	nad-a001-02-000000494208910	bsn-a001-00-000000013604308	23	04	27758	P	2	0	0	2	0
20260708	4291318	cmp-a001-02-000000010432615	grp-a001-02-000000064422129	황성주프로틴골드	nad-a001-02-000000494209013	bsn-a001-00-000000013604308	23	02	612594	M	1	0	0	1	0
20260708	4291318	cmp-a001-02-000000010432615	grp-a001-02-000000064422129	시리얼	nad-a001-02-000000494208904	bsn-a001-00-000000013604308	23	04	529514	M	6	0	0	18	0
20260708	4291318	cmp-a001-02-000000010432615	grp-a001-02-000000064422129	프로틴바	nad-a001-02-000000494208904	bsn-a001-00-000000013604308	23	13	684927	P	1	0	0	9	0
20260708	4291318	cmp-a001-02-000000010432615	grp-a001-02-000000064422129	생식가루	nad-a001-02-000000494208910	bsn-a001-00-000000013604308	23	99	341893	M	1	1	2826	1	0
20260708	4291318	cmp-a001-02-000000010432615	grp-a001-02-000000064422129	생식가루	nad-a001-02-000000494208910	bsn-a001-00-000000013604308	23	99	8753	M	1	0	0	1	0
20260708	4291318	cmp-a001-02-000000010432615	grp-a001-02-000000064422129	시리얼	nad-a001-02-000000494208904	bsn-a001-00-000000013604308	23	08	529514	M	3	0	0	9	0
20260708	4291318	cmp-a001-02-000000010432615	grp-a001-02-000000064422129	황성주생식	nad-a001-02-000000494208910	bsn-a001-00-000000013604308	23	02	8753	M	1	0	0	1	0
20260708	4291318	cmp-a001-02-000000010432615	grp-a001-02-000000064422129	시리얼	nad-a001-02-000000494208904	bsn-a001-00-000000013604308	23	07	529514	M	3	0	0	9	0
20260708	4291318	cmp-a001-02-000000010432615	grp-a001-02-000000064422129	식품분말제조원	nad-a001-02-000000494208910	bsn-a001-00-000000013604308	23	09	8753	M	1	0	0	1	0
20260708	4291318	cmp-a001-02-000000010432615	grp-a001-02-000000064422129	프로틴바	nad-a001-02-000000494208904	bsn-a001-00-000000013604308	23	16	529514	M	3	0	0	12	0
20260708	4291318	cmp-a001-02-000000010432615	grp-a001-02-000000064422129	시리얼	nad-a001-02-000000494208904	bsn-a001-00-000000013604308	23	09	791888	M	1	0	0	4	0
20260708	4291318	cmp-a001-02-000000010432615	grp-a001-02-000000064422129	황성주생식	nad-a001-02-000000494208911	bsn-a001-00-000000013604308	23	02	8753	M	1	0	0	3	0
20260708	4291318	cmp-a001-02-000000010432615	grp-a001-02-000000064422129	시리얼	nad-a001-02-000000494208904	bsn-a001-00-000000013604308	23	10	529514	M	3	0	0	9	0
20260708	4291318	cmp-a001-02-000000010432615	grp-a001-02-000000064422129	시리얼	nad-a001-02-000000494208904	bsn-a001-00-000000013604308	23	16	529514	M	4	0	0	12	0
20260708	4291318	cmp-a001-02-000000010764328	grp-a001-02-000000069047580	견과류	nad-a001-02-000000541753959	bsn-a001-00-000000013604308	01	18	529514	M	4	0	0	37	0
20260708	4291318	cmp-a001-02-000000010764328	grp-a001-02-000000069047580	황성주생식	nad-a001-02-000000541753968	bsn-a001-00-000000013604308	01	03	8753	M	2	0	0	18	0
20260708	4291318	cmp-a001-02-000000010764328	grp-a001-02-000000069047580	프로틴	nad-a001-02-000000541753990	bsn-a001-00-000000013604308	01	04	768323	M	1	0	0	5	0
20260708	4291318	cmp-a001-02-000000010764328	grp-a001-02-000000069047580	황성주라이프밀	nad-a001-02-000000541753996	bsn-a001-00-000000013604308	01	18	684924	M	1	0	0	1	0
20260708	4291318	cmp-a001-02-000000010764328	grp-a001-02-000000069047580	다이어트쉐이크	nad-a001-02-000000541753990	bsn-a001-00-000000013604308	01	01	768323	M	2	0	0	38	0
20260708	4291318	cmp-a001-02-000000010764328	grp-a001-02-000000069047580	단백질쉐이크	nad-a001-02-000000541753983	bsn-a001-00-000000013604308	01	08	529514	M	1	0	0	17	0
20260708	4291318	cmp-a001-02-000000010764328	grp-a001-02-000000069047580	프로틴	nad-a001-02-000000541753990	bsn-a001-00-000000013604308	01	99	529514	M	9	0	0	18	0
20260708	4291318	cmp-a001-02-000000010764328	grp-a001-02-000000069047580	스토어	nad-a001-02-000000541753967	bsn-a001-00-000000013604308	01	09	98128	M	2	0	0	6	0
20260708	4291318	cmp-a001-02-000000010764328	grp-a001-02-000000069047580	하루견과	nad-a001-02-000000541753960	bsn-a001-00-000000013604308	01	09	529514	M	2	0	0	3	0
20260708	4291318	cmp-a001-02-000000010764328	grp-a001-02-000000069047580	단백질쉐이크	nad-a001-02-000000541753990	bsn-a001-00-000000013604308	01	16	529514	M	7	0	0	126	0
20260708	4291318	cmp-a001-02-000000010764328	grp-a001-02-000000069047580	황성주라이프밀	nad-a001-02-000000541753996	bsn-a001-00-000000013604308	01	18	8753	M	1	0	0	1	0
20260708	4291318	cmp-a001-02-000000010764328	grp-a001-02-000000069047580	프로틴	nad-a001-02-000000541753983	bsn-a001-00-000000013604308	01	06	768323	M	2	0	0	8	0
20260708	4291318	cmp-a001-02-000000010764328	grp-a001-02-000000069047580	견과류	nad-a001-02-000000541753959	bsn-a001-00-000000013604308	01	08	529514	M	4	0	0	38	0
20260708	4291318	cmp-a001-02-000000010764328	grp-a001-02-000000069047580	황성주라이프밀	nad-a001-02-000000541753988	bsn-a001-00-000000013604308	01	18	8753	M	1	0	0	2	0
20260708	4291318	cmp-a001-02-000000010764328	grp-a001-02-000000069047580	사랑	nad-a001-02-000000541753983	bsn-a001-00-000000013604308	01	16	98128	M	3	0	0	21	0
20260708	4291318	cmp-a001-02-000000010764328	grp-a001-02-000000069047580	단백질쉐이크	nad-a001-02-000000541753983	bsn-a001-00-000000013604308	01	99	529514	M	3	0	0	54	0
20260708	4291318	cmp-a001-02-000000010764328	grp-a001-02-000000069047580	프로틴	nad-a001-02-000000541753983	bsn-a001-00-000000013604308	01	99	768323	M	5	0	0	20	0
20260708	4291318	cmp-a001-02-000000010764328	grp-a001-02-000000069047580	스토어	nad-a001-02-000000541753966	bsn-a001-00-000000013604308	01	02	98128	M	5	0	0	20	0
20260708	4291318	cmp-a001-02-000000010764328	grp-a001-02-000000069047580	프로틴바	nad-a001-02-000000541753991	bsn-a001-00-000000013604308	01	15	684927	P	1	0	0	20	0
20260708	4291318	cmp-a001-02-000000010764328	grp-a001-02-000000069047580	단백질보충제	nad-a001-02-000000541753990	bsn-a001-00-000000013604308	01	02	529514	M	3	0	0	6	0
20260708	4291318	cmp-a001-02-000000010764328	grp-a001-02-000000069047580	프로틴	nad-a001-02-000000541753983	bsn-a001-00-000000013604308	01	18	768323	M	1	0	0	4	0
20260708	4291318	cmp-a001-02-000000010764328	grp-a001-02-000000069047580	단백질쉐이크	nad-a001-02-000000541753983	bsn-a001-00-000000013604308	01	09	529514	M	28	0	0	507	0
20260708	4291318	cmp-a001-02-000000010764328	grp-a001-02-000000069047580	스토어	nad-a001-02-000000541753988	bsn-a001-00-000000013604308	01	01	98128	M	2	0	0	6	0
20260708	4291318	cmp-a001-02-000000010764328	grp-a001-02-000000069047580	프로틴	nad-a001-02-000000541753990	bsn-a001-00-000000013604308	01	02	137281	M	1	0	0	2	0
20260708	4291318	cmp-a001-02-000000010764328	grp-a001-02-000000069047580	견과류	nad-a001-02-000000541753959	bsn-a001-00-000000013604308	01	09	529514	M	15	0	0	140	0
20260708	4291318	cmp-a001-02-000000010764328	grp-a001-02-000000069047580	단백질파우더바나나	nad-a001-02-000000541753972	bsn-a001-00-000000013604308	01	09	684926	M	2	0	0	14	0
20260708	4291318	cmp-a001-02-000000010764328	grp-a001-02-000000069047580	프로틴	nad-a001-02-000000541753983	bsn-a001-00-000000013604308	01	06	529514	M	9	0	0	26	0
20260708	4291318	cmp-a001-02-000000010764328	grp-a001-02-000000069047580	사랑	nad-a001-02-000000541753983	bsn-a001-00-000000013604308	01	15	98128	M	4	0	0	28	0
20260708	4291318	cmp-a001-02-000000010764328	grp-a001-02-000000069047580	견과류	nad-a001-02-000000541753959	bsn-a001-00-000000013604308	01	04	529514	M	1	0	0	9	0
20260708	4291318	cmp-a001-02-000000010764328	grp-a001-02-000000069047580	단백질쉐이크초코	nad-a001-02-000000541753980	bsn-a001-00-000000013604308	01	09	529514	M	4	0	0	42	0
20260708	4291318	cmp-a001-02-000000010764328	grp-a001-02-000000069047580	균형영양식	nad-a001-02-000000541753964	bsn-a001-00-000000013604308	01	13	529514	M	1	0	0	3	0
20260708	4291318	cmp-a001-02-000000010764328	grp-a001-02-000000069047580	스토어	nad-a001-02-000000541753967	bsn-a001-00-000000013604308	01	02	98128	M	5	0	0	15	0
20260708	4291318	cmp-a001-02-000000010764328	grp-a001-02-000000069047580	스토어	nad-a001-02-000000541753967	bsn-a001-00-000000013604308	01	03	98128	M	1	0	0	3	0
20260708	4291318	cmp-a001-02-000000010764328	grp-a001-02-000000069047580	단백질보충제	nad-a001-02-000000541753990	bsn-a001-00-000000013604308	01	03	529514	M	2	0	0	4	0
20260708	4291318	cmp-a001-02-000000010764328	grp-a001-02-000000069047580	스토어	nad-a001-02-000000541753966	bsn-a001-00-000000013604308	01	11	98128	M	1	0	0	4	0
20260708	4291318	cmp-a001-02-000000010764328	grp-a001-02-000000069047580	프로틴	nad-a001-02-000000541753990	bsn-a001-00-000000013604308	01	11	137281	M	2	0	0	4	0
20260708	4291318	cmp-a001-02-000000010764328	grp-a001-02-000000069047580	견과류	nad-a001-02-000000541753959	bsn-a001-00-000000013604308	01	06	529514	M	4	0	0	38	0
20260708	4291318	cmp-a001-02-000000010764328	grp-a001-02-000000069047580	다이어트쉐이크	nad-a001-02-000000541753983	bsn-a001-00-000000013604308	01	10	529514	M	1	0	0	16	0
20260708	4291318	cmp-a001-02-000000010764328	grp-a001-02-000000069047580	단백질보충제	nad-a001-02-000000541753990	bsn-a001-00-000000013604308	01	09	684927	P	1	0	0	5	0
20260708	4291318	cmp-a001-02-000000010764328	grp-a001-02-000000069047580	견과류세트	nad-a001-02-000000541753959	bsn-a001-00-000000013604308	01	07	529514	M	2	0	0	16	0
20260708	4291318	cmp-a001-02-000000010764328	grp-a001-02-000000069047580	프로틴쉐이크	nad-a001-02-000000541753990	bsn-a001-00-000000013604308	01	02	529514	M	3	0	0	9	0
20260708	4291318	cmp-a001-02-000000010764328	grp-a001-02-000000069047580	스토어	nad-a001-02-000000541753988	bsn-a001-00-000000013604308	01	99	98128	M	1	0	0	3	0
20260708	4291318	cmp-a001-02-000000010764328	grp-a001-02-000000069047580	환자식	nad-a001-02-000000541754003	bsn-a001-00-000000013604308	01	02	609155	M	2	0	0	8	0
20260708	4291318	cmp-a001-02-000000010764328	grp-a001-02-000000069047580	프로틴	nad-a001-02-000000541753983	bsn-a001-00-000000013604308	01	99	529514	M	13	0	0	34	0
20260708	4291318	cmp-a001-02-000000010764328	grp-a001-02-000000069047580	단백질쉐이크	nad-a001-02-000000541753990	bsn-a001-00-000000013604308	01	07	529514	M	1	0	0	18	0
20260708	4291318	cmp-a001-02-000000010764328	grp-a001-02-000000069047580	단백질쉐이크	nad-a001-02-000000541753990	bsn-a001-00-000000013604308	01	15	529514	M	13	0	0	234	0
20260708	4291318	cmp-a001-02-000000010764328	grp-a001-02-000000069047580	단백질보충제	nad-a001-02-000000541753990	bsn-a001-00-000000013604308	01	08	529514	M	1	0	0	2	0
20260708	4291318	cmp-a001-02-000000010764328	grp-a001-02-000000069047580	다이어트쉐이크	nad-a001-02-000000541753983	bsn-a001-00-000000013604308	01	02	529514	M	2	0	0	33	0
20260708	4291318	cmp-a001-02-000000010764328	grp-a001-02-000000069047580	채소가루	nad-a001-02-000000541753967	bsn-a001-00-000000013604308	01	00	8753	M	1	0	0	4	0
20260708	4291318	cmp-a001-02-000000010764328	grp-a001-02-000000069047580	젤리	nad-a001-02-000000541753986	bsn-a001-00-000000013604308	01	02	529514	M	8	0	0	59	0
20260708	4291318	cmp-a001-02-000000010764328	grp-a001-02-000000069047580	쉐이크	nad-a001-02-000000541753983	bsn-a001-00-000000013604308	01	09	529514	M	1	0	0	2	0
20260708	4291318	cmp-a001-02-000000010764328	grp-a001-02-000000069047580	견과류	nad-a001-02-000000541753959	bsn-a001-00-000000013604308	01	07	529514	M	1	0	0	9	0
20260708	4291318	cmp-a001-02-000000010764328	grp-a001-02-000000069047580	프로틴	nad-a001-02-000000541753990	bsn-a001-00-000000013604308	01	13	529514	M	1	0	0	2	0
20260708	4291318	cmp-a001-02-000000010764328	grp-a001-02-000000069047580	하루견과	nad-a001-02-000000541753959	bsn-a001-00-000000013604308	01	09	529514	M	2	0	0	3	0
20260708	4291318	cmp-a001-02-000000010764328	grp-a001-02-000000069047580	단백질쉐이크	nad-a001-02-000000541753990	bsn-a001-00-000000013604308	01	08	529514	M	1	0	0	17	0
20260708	4291318	cmp-a001-02-000000010764328	grp-a001-02-000000069047580	스토어	nad-a001-02-000000541753988	bsn-a001-00-000000013604308	01	07	98128	M	2	0	0	6	0
20260708	4291318	cmp-a001-02-000000010764328	grp-a001-02-000000069047580	프로틴	nad-a001-02-000000541753983	bsn-a001-00-000000013604308	01	02	529514	M	19	0	0	52	0
20260708	4291318	cmp-a001-02-000000010764328	grp-a001-02-000000069047580	황성주프로틴골드쉐이크	nad-a001-02-000000541753980	bsn-a001-00-000000013604308	01	06	8753	M	1	0	0	4	0
20260708	4291318	cmp-a001-02-000000010764328	grp-a001-02-000000069047580	프로틴쉐이크	nad-a001-02-000000541753983	bsn-a001-00-000000013604308	01	99	529514	M	1	0	0	4	0
20260708	4291318	cmp-a001-02-000000010764328	grp-a001-02-000000069047580	보충제	nad-a001-02-000000541753990	bsn-a001-00-000000013604308	01	02	137281	M	9	0	0	18	0
20260708	4291318	cmp-a001-02-000000010764328	grp-a001-02-000000069047580	단백질쉐이크	nad-a001-02-000000541753990	bsn-a001-00-000000013604308	01	10	529514	M	1	0	0	17	0
20260708	4291318	cmp-a001-02-000000010764328	grp-a001-02-000000069047580	스토어	nad-a001-02-000000541753966	bsn-a001-00-000000013604308	01	16	98128	M	1	0	0	4	0
20260708	4291318	cmp-a001-02-000000010764328	grp-a001-02-000000069047580	스토어	nad-a001-02-000000541753988	bsn-a001-00-000000013604308	01	16	98128	M	2	0	0	5	0
20260708	4291318	cmp-a001-02-000000010764328	grp-a001-02-000000069047580	프로틴	nad-a001-02-000000541753983	bsn-a001-00-000000013604308	01	04	529514	M	1	0	0	3	0
20260708	4291318	cmp-a001-02-000000010764328	grp-a001-02-000000069047580	단백질쉐이크	nad-a001-02-000000541753983	bsn-a001-00-000000013604308	01	16	529514	M	5	0	0	93	0
20260708	4291318	cmp-a001-02-000000010764328	grp-a001-02-000000069047580	사랑	nad-a001-02-000000541753983	bsn-a001-00-000000013604308	01	06	98128	M	1	0	0	7	0
20260708	4291318	cmp-a001-02-000000010764328	grp-a001-02-000000069047580	스토어	nad-a001-02-000000541753967	bsn-a001-00-000000013604308	01	16	98128	M	1	0	0	3	0
20260708	4291318	cmp-a001-02-000000010764328	grp-a001-02-000000069047580	스토어	nad-a001-02-000000541753966	bsn-a001-00-000000013604308	01	03	98128	M	1	0	0	4	0
20260708	4291318	cmp-a001-02-000000010764328	grp-a001-02-000000069047580	다이어트쉐이크	nad-a001-02-000000541753983	bsn-a001-00-000000013604308	01	01	768323	M	2	0	0	36	0
20260708	4291318	cmp-a001-02-000000010764328	grp-a001-02-000000069047580	균형영양식	nad-a001-02-000000541754002	bsn-a001-00-000000013604308	01	13	529514	M	1	0	0	6	0
20260708	4291318	cmp-a001-02-000000010764328	grp-a001-02-000000069047580	프로틴	nad-a001-02-000000541753983	bsn-a001-00-000000013604308	01	01	768323	M	1	0	0	4	0
20260708	4291318	cmp-a001-02-000000010764328	grp-a001-02-000000069047580	스토어	nad-a001-02-000000541753966	bsn-a001-00-000000013604308	01	11	248824	P	1	0	0	5	0
20260708	4291318	cmp-a001-02-000000010764328	grp-a001-02-000000069047580	견과류	nad-a001-02-000000541753959	bsn-a001-00-000000013604308	01	10	529514	M	1	0	0	9	0
20260708	4291318	cmp-a001-02-000000010764328	grp-a001-02-000000069047580	황성주생식	nad-a001-02-000000541753996	bsn-a001-00-000000013604308	01	18	8753	M	1	0	0	1	0
20260708	4291318	cmp-a001-02-000000010764328	grp-a001-02-000000069047580	견과류	nad-a001-02-000000541753959	bsn-a001-00-000000013604308	01	16	529514	M	2	0	0	19	0
20260708	4291318	cmp-a001-02-000000010764328	grp-a001-02-000000069047580	단백질파우더바나나	nad-a001-02-000000541753977	bsn-a001-00-000000013604308	01	09	684926	M	2	0	0	12	0
20260708	4291318	cmp-a001-02-000000010764328	grp-a001-02-000000069047580	단백질	nad-a001-02-000000541753990	bsn-a001-00-000000013604308	01	07	529514	M	2	0	0	6	0
20260708	4291318	cmp-a001-02-000000010764328	grp-a001-02-000000069047580	프로틴	nad-a001-02-000000541753983	bsn-a001-00-000000013604308	01	09	768323	M	13	0	0	48	0
20260708	4291318	cmp-a001-02-000000010764328	grp-a001-02-000000069047580	프로틴	nad-a001-02-000000541753983	bsn-a001-00-000000013604308	01	11	768323	M	4	0	0	16	0
20260708	4291318	cmp-a001-02-000000010764328	grp-a001-02-000000069047580	프로틴	nad-a001-02-000000541753983	bsn-a001-00-000000013604308	01	07	768323	M	4	0	0	16	0
20260708	4291318	cmp-a001-02-000000010764328	grp-a001-02-000000069047580	견과류	nad-a001-02-000000541753960	bsn-a001-00-000000013604308	01	01	529514	M	1	0	0	8	0
20260708	4291318	cmp-a001-02-000000010764328	grp-a001-02-000000069047580	견과류	nad-a001-02-000000541753959	bsn-a001-00-000000013604308	01	02	529514	M	13	0	0	125	0
20260708	4291318	cmp-a001-02-000000010764328	grp-a001-02-000000069047580	쉐이크	nad-a001-02-000000541753990	bsn-a001-00-000000013604308	01	09	98128	M	1	0	0	5	0
20260708	4291318	cmp-a001-02-000000010764328	grp-a001-02-000000069047580	프로틴	nad-a001-02-000000541753990	bsn-a001-00-000000013604308	01	09	529514	M	10	0	0	20	0
20260708	4291318	cmp-a001-02-000000010764328	grp-a001-02-000000069047580	스토어	nad-a001-02-000000541753988	bsn-a001-00-000000013604308	01	11	248824	P	1	0	0	1	0
20260708	4291318	cmp-a001-02-000000010764328	grp-a001-02-000000069047580	프로틴	nad-a001-02-000000541753983	bsn-a001-00-000000013604308	01	13	768323	M	1	0	0	4	0
20260708	4291318	cmp-a001-02-000000010764328	grp-a001-02-000000069047580	프로틴	nad-a001-02-000000541753990	bsn-a001-00-000000013604308	01	02	768323	M	14	0	0	68	0
20260708	4291318	cmp-a001-02-000000010764328	grp-a001-02-000000069047580	사랑인지	nad-a001-02-000000541753983	bsn-a001-00-000000013604308	01	09	98128	M	1	0	0	10	0
20260708	4291318	cmp-a001-02-000000010764328	grp-a001-02-000000069047580	황성주생식	nad-a001-02-000000541753996	bsn-a001-00-000000013604308	01	18	684924	M	1	0	0	1	0
20260708	4291318	cmp-a001-02-000000010764328	grp-a001-02-000000069047580	프로틴	nad-a001-02-000000541753983	bsn-a001-00-000000013604308	01	15	529514	M	3	0	0	7	0
20260708	4291318	cmp-a001-02-000000010764328	grp-a001-02-000000069047580	프로틴	nad-a001-02-000000541753990	bsn-a001-00-000000013604308	01	14	768323	M	1	0	0	5	0
20260708	4291318	cmp-a001-02-000000010764328	grp-a001-02-000000069047580	하루견과	nad-a001-02-000000541753959	bsn-a001-00-000000013604308	01	18	529514	M	2	0	0	4	0
20260708	4291318	cmp-a001-02-000000010764328	grp-a001-02-000000069047580	견과류	nad-a001-02-000000541753959	bsn-a001-00-000000013604308	01	15	529514	M	1	0	0	10	0
20260708	4291318	cmp-a001-02-000000010764328	grp-a001-02-000000069047580	스토어	nad-a001-02-000000541753988	bsn-a001-00-000000013604308	01	09	98128	M	8	0	0	22	0
20260708	4291318	cmp-a001-02-000000010764328	grp-a001-02-000000069047580	단백질보충제	nad-a001-02-000000541753983	bsn-a001-00-000000013604308	01	02	529514	M	4	0	0	8	0
20260708	4291318	cmp-a001-02-000000010764328	grp-a001-02-000000069047580	프로틴	nad-a001-02-000000541753990	bsn-a001-00-000000013604308	01	99	768323	M	5	0	0	25	0
20260708	4291318	cmp-a001-02-000000010764328	grp-a001-02-000000069047580	황성주라이프밀	nad-a001-02-000000541753967	bsn-a001-00-000000013604308	01	18	8753	M	1	0	0	4	0
20260708	4291318	cmp-a001-02-000000010764328	grp-a001-02-000000069047580	견과류	nad-a001-02-000000541753960	bsn-a001-00-000000013604308	01	14	529514	M	2	0	0	17	0
20260708	4291318	cmp-a001-02-000000010764328	grp-a001-02-000000069047580	프로틴	nad-a001-02-000000541753990	bsn-a001-00-000000013604308	01	15	768323	M	2	0	0	10	0
20260708	4291318	cmp-a001-02-000000010764328	grp-a001-02-000000069047580	단백질	nad-a001-02-000000541753990	bsn-a001-00-000000013604308	01	99	529514	M	8	0	0	29	0
20260708	4291318	cmp-a001-02-000000010764328	grp-a001-02-000000069047580	단백질보충제	nad-a001-02-000000541753983	bsn-a001-00-000000013604308	01	03	529514	M	1	0	0	3	0
20260708	4291318	cmp-a001-02-000000010764328	grp-a001-02-000000069047580	단백질쉐이크	nad-a001-02-000000541753983	bsn-a001-00-000000013604308	01	13	98128	M	1	0	0	18	0
20260708	4291318	cmp-a001-02-000000010764328	grp-a001-02-000000069047580	견과류	nad-a001-02-000000541753959	bsn-a001-00-000000013604308	01	03	529514	M	2	0	0	19	0
20260708	4291318	cmp-a001-02-000000010764328	grp-a001-02-000000069047580	프로틴	nad-a001-02-000000541753990	bsn-a001-00-000000013604308	01	06	529514	M	13	0	0	26	0
20260708	4291318	cmp-a001-02-000000010764328	grp-a001-02-000000069047580	단백질쉐이크	nad-a001-02-000000541753990	bsn-a001-00-000000013604308	01	99	529514	M	1	0	0	17	0
20260708	4291318	cmp-a001-02-000000010764328	grp-a001-02-000000069047580	프로틴	nad-a001-02-000000541753990	bsn-a001-00-000000013604308	01	01	98128	M	1	0	0	2	0
20260708	4291318	cmp-a001-02-000000010764328	grp-a001-02-000000069047580	스토어	nad-a001-02-000000541753966	bsn-a001-00-000000013604308	01	10	98128	M	1	0	0	4	0
20260708	4291318	cmp-a001-02-000000010764328	grp-a001-02-000000069047580	황성주프로틴골드쉐이크	nad-a001-02-000000541753975	bsn-a001-00-000000013604308	01	06	8753	M	1	1	594	1	0
20260708	4291318	cmp-a001-02-000000010764328	grp-a001-02-000000069047580	환자식	nad-a001-02-000000541753964	bsn-a001-00-000000013604308	01	02	609155	M	2	0	0	4	0
20260708	4291318	cmp-a001-02-000000010764328	grp-a001-02-000000069047580	단백질파우더	nad-a001-02-000000541753990	bsn-a001-00-000000013604308	01	09	768323	M	2	0	0	11	0
20260708	4291318	cmp-a001-02-000000010764328	grp-a001-02-000000069047580	단백질쉐이크	nad-a001-02-000000541753990	bsn-a001-00-000000013604308	01	09	529514	M	36	0	0	621	0
20260708	4291318	cmp-a001-02-000000010764328	grp-a001-02-000000069047580	스토어	nad-a001-02-000000541753967	bsn-a001-00-000000013604308	01	10	98128	M	1	0	0	3	0
20260708	4291318	cmp-a001-02-000000010764328	grp-a001-02-000000069047580	스토어	nad-a001-02-000000541753988	bsn-a001-00-000000013604308	01	02	98128	M	11	0	0	28	0
20260708	4291318	cmp-a001-02-000000010764328	grp-a001-02-000000069047580	하루견과	nad-a001-02-000000541753960	bsn-a001-00-000000013604308	01	18	529514	M	1	0	0	2	0
20260708	4291318	cmp-a001-02-000000010764328	grp-a001-02-000000069047580	프로틴	nad-a001-02-000000541753990	bsn-a001-00-000000013604308	01	15	529514	M	1	0	0	2	0
20260708	4291318	cmp-a001-02-000000010764328	grp-a001-02-000000069047580	젤리	nad-a001-02-000000541753986	bsn-a001-00-000000013604308	01	00	87620	M	1	0	0	6	0
20260708	4291318	cmp-a001-02-000000010764328	grp-a001-02-000000069047580	프로틴쉐이크	nad-a001-02-000000541753990	bsn-a001-00-000000013604308	01	99	529514	M	1	0	0	3	0
20260708	4291318	cmp-a001-02-000000010764328	grp-a001-02-000000069047580	스토어	nad-a001-02-000000541753988	bsn-a001-00-000000013604308	01	03	98128	M	1	0	0	2	0
20260708	4291318	cmp-a001-02-000000010764328	grp-a001-02-000000069047580	야채분말	nad-a001-02-000000541753988	bsn-a001-00-000000013604308	01	00	8753	M	1	0	0	3	0
20260708	4291318	cmp-a001-02-000000010764328	grp-a001-02-000000069047580	프로틴	nad-a001-02-000000541753983	bsn-a001-00-000000013604308	01	09	529514	M	12	0	0	27	0
20260708	4291318	cmp-a001-02-000000010764328	grp-a001-02-000000069047580	프로틴	nad-a001-02-000000541753990	bsn-a001-00-000000013604308	01	13	768323	M	1	0	0	5	0
20260708	4291318	cmp-a001-02-000000010764328	grp-a001-02-000000069047580	황성주생식	nad-a001-02-000000541754004	bsn-a001-00-000000013604308	01	03	8753	M	2	1	894	4	0
20260708	4291318	cmp-a001-02-000000010764328	grp-a001-02-000000069047580	생식가루	nad-a001-02-000000541753988	bsn-a001-00-000000013604308	01	09	8753	M	1	0	0	5	0
20260708	4291318	cmp-a001-02-000000010764328	grp-a001-02-000000069047580	프로틴	nad-a001-02-000000541753990	bsn-a001-00-000000013604308	01	11	768323	M	4	0	0	20	0
20260708	4291318	cmp-a001-02-000000010764328	grp-a001-02-000000069047580	단백질파우더	nad-a001-02-000000541753983	bsn-a001-00-000000013604308	01	09	529514	M	4	0	0	12	0
20260708	4291318	cmp-a001-02-000000010764328	grp-a001-02-000000069047580	단백질쉐이크	nad-a001-02-000000541753983	bsn-a001-00-000000013604308	01	07	529514	M	1	0	0	18	0
20260708	4291318	cmp-a001-02-000000010764328	grp-a001-02-000000069047580	단백질보충제	nad-a001-02-000000541753983	bsn-a001-00-000000013604308	01	02	87620	M	1	0	0	3	0
20260708	4291318	cmp-a001-02-000000010764328	grp-a001-02-000000069047580	프로틴	nad-a001-02-000000541753983	bsn-a001-00-000000013604308	01	15	768323	M	2	0	0	8	0
20260708	4291318	cmp-a001-02-000000010764328	grp-a001-02-000000069047580	프로틴	nad-a001-02-000000541753983	bsn-a001-00-000000013604308	01	16	98128	M	1	0	0	3	0
20260708	4291318	cmp-a001-02-000000010764328	grp-a001-02-000000069047580	단백질파우더	nad-a001-02-000000541753983	bsn-a001-00-000000013604308	01	09	768323	M	2	0	0	9	0
20260708	4291318	cmp-a001-02-000000010764328	grp-a001-02-000000069047580	프로틴	nad-a001-02-000000541753990	bsn-a001-00-000000013604308	01	09	768323	M	13	0	0	61	0
20260708	4291318	cmp-a001-02-000000010764328	grp-a001-02-000000069047580	사랑	nad-a001-02-000000541753983	bsn-a001-00-000000013604308	01	03	98128	M	1	0	0	7	0
20260708	4291318	cmp-a001-02-000000010764328	grp-a001-02-000000069047580	프로틴	nad-a001-02-000000541753983	bsn-a001-00-000000013604308	01	01	98128	M	1	0	0	3	0
20260708	4291318	cmp-a001-02-000000010764328	grp-a001-02-000000069047580	프로틴쉐이크	nad-a001-02-000000541753990	bsn-a001-00-000000013604308	01	17	529514	M	1	0	0	4	0
20260708	4291318	cmp-a001-02-000000010764328	grp-a001-02-000000069047580	프로틴	nad-a001-02-000000541753983	bsn-a001-00-000000013604308	01	16	768323	M	1	0	0	4	0
20260708	4291318	cmp-a001-02-000000010764328	grp-a001-02-000000069047580	프로틴파우더	nad-a001-02-000000541753983	bsn-a001-00-000000013604308	01	06	529514	M	1	0	0	7	0
20260708	4291318	cmp-a001-02-000000010764328	grp-a001-02-000000069047580	프로틴	nad-a001-02-000000541753990	bsn-a001-00-000000013604308	01	01	529514	M	1	0	0	2	0
20260708	4291318	cmp-a001-02-000000010764328	grp-a001-02-000000069047580	프로틴	nad-a001-02-000000541753990	bsn-a001-00-000000013604308	01	07	768323	M	4	0	0	20	0
20260708	4291318	cmp-a001-02-000000010764328	grp-a001-02-000000069047580	다이어트쉐이크	nad-a001-02-000000541753990	bsn-a001-00-000000013604308	01	02	529514	M	1	0	0	16	0
20260708	4291318	cmp-a001-02-000000010764328	grp-a001-02-000000069047580	스토어	nad-a001-02-000000541753967	bsn-a001-00-000000013604308	01	11	248824	P	1	0	0	4	0
20260708	4291318	cmp-a001-02-000000010764328	grp-a001-02-000000069047580	프로틴	nad-a001-02-000000541753990	bsn-a001-00-000000013604308	01	02	529514	M	26	0	0	52	0
20260708	4291318	cmp-a001-02-000000010764328	grp-a001-02-000000069047580	동결건조야채분말	nad-a001-02-000000541753966	bsn-a001-00-000000013604308	01	09	684925	P	1	1	4753	1	0
20260708	4291318	cmp-a001-02-000000010764328	grp-a001-02-000000069047580	단백질	nad-a001-02-000000541753983	bsn-a001-00-000000013604308	01	07	529514	M	2	0	0	8	0
20260708	4291318	cmp-a001-02-000000010764328	grp-a001-02-000000069047580	견과류	nad-a001-02-000000541753959	bsn-a001-00-000000013604308	01	14	529514	M	1	0	0	8	0
20260708	4291318	cmp-a001-02-000000010764328	grp-a001-02-000000069047580	스토어	nad-a001-02-000000541753966	bsn-a001-00-000000013604308	01	09	98128	M	2	0	0	8	0
20260708	4291318	cmp-a001-02-000000010764328	grp-a001-02-000000069047580	프로틴	nad-a001-02-000000541753990	bsn-a001-00-000000013604308	01	06	768323	M	2	0	0	10	0
20260708	4291318	cmp-a001-02-000000010764328	grp-a001-02-000000069047580	황성주생식	nad-a001-02-000000541754004	bsn-a001-00-000000013604308	01	18	8753	M	1	0	0	3	0
20260708	4291318	cmp-a001-02-000000010764328	grp-a001-02-000000069047580	단백질쉐이크	nad-a001-02-000000541753990	bsn-a001-00-000000013604308	01	13	98128	M	1	0	0	17	0
20260708	4291318	cmp-a001-02-000000010764328	grp-a001-02-000000069047580	스토어	nad-a001-02-000000541753967	bsn-a001-00-000000013604308	01	11	98128	M	1	0	0	3	0
20260708	4291318	cmp-a001-02-000000010764328	grp-a001-02-000000069047580	황성주생식	nad-a001-02-000000541753988	bsn-a001-00-000000013604308	01	03	8753	M	2	1	1827	2	0
20260708	4291318	cmp-a001-02-000000010764328	grp-a001-02-000000069047580	프로틴	nad-a001-02-000000541753990	bsn-a001-00-000000013604308	01	01	768323	M	1	0	0	5	0
20260708	4291318	cmp-a001-02-000000010764328	grp-a001-02-000000069047580	단백질보충제	nad-a001-02-000000541753990	bsn-a001-00-000000013604308	01	02	87620	M	1	0	0	1	0
20260708	4291318	cmp-a001-02-000000010764328	grp-a001-02-000000069047580	프로틴	nad-a001-02-000000541753983	bsn-a001-00-000000013604308	01	18	529514	M	4	0	0	11	0
20260708	4291318	cmp-a001-02-000000010764328	grp-a001-02-000000069047580	황성주생식	nad-a001-02-000000541753988	bsn-a001-00-000000013604308	01	18	8753	M	1	0	0	2	0
20260708	4291318	cmp-a001-02-000000010764328	grp-a001-02-000000069047580	스토어	nad-a001-02-000000541753988	bsn-a001-00-000000013604308	01	10	98128	M	1	0	0	2	0
20260708	4291318	cmp-a001-02-000000010764328	grp-a001-02-000000069047580	야채분말	nad-a001-02-000000541753967	bsn-a001-00-000000013604308	01	00	8753	M	1	0	0	4	0
20260708	4291318	cmp-a001-02-000000010764328	grp-a001-02-000000069047580	프로틴	nad-a001-02-000000541753990	bsn-a001-00-000000013604308	01	03	768323	M	5	0	0	25	0
20260708	4291318	cmp-a001-02-000000010764328	grp-a001-02-000000069047580	황성주생식	nad-a001-02-000000541753997	bsn-a001-00-000000013604308	01	03	8753	M	2	0	0	6	0
20260708	4291318	cmp-a001-02-000000010764328	grp-a001-02-000000069047580	스토어	nad-a001-02-000000541753988	bsn-a001-00-000000013604308	01	09	248824	P	1	0	0	1	0
20260708	4291318	cmp-a001-02-000000010764328	grp-a001-02-000000069047580	견과류	nad-a001-02-000000541753959	bsn-a001-00-000000013604308	01	00	529514	M	1	0	0	6	0
20260708	4291318	cmp-a001-02-000000010764328	grp-a001-02-000000069047580	단백질쉐이크	nad-a001-02-000000541753983	bsn-a001-00-000000013604308	01	02	529514	M	24	0	0	426	0
20260708	4291318	cmp-a001-02-000000010764328	grp-a001-02-000000069047580	프로틴	nad-a001-02-000000541753990	bsn-a001-00-000000013604308	01	04	529514	M	1	0	0	2	0
20260708	4291318	cmp-a001-02-000000010764328	grp-a001-02-000000069047580	단백질쉐이크초코	nad-a001-02-000000541753980	bsn-a001-00-000000013604308	01	02	529514	M	1	0	0	9	0
20260708	4291318	cmp-a001-02-000000010764328	grp-a001-02-000000069047580	프로틴	nad-a001-02-000000541753990	bsn-a001-00-000000013604308	01	18	529514	M	4	0	0	8	0
20260708	4291318	cmp-a001-02-000000010764328	grp-a001-02-000000069047580	프로틴	nad-a001-02-000000541753990	bsn-a001-00-000000013604308	01	09	137281	M	3	0	0	6	0
20260708	4291318	cmp-a001-02-000000010764328	grp-a001-02-000000069047580	프로틴	nad-a001-02-000000541753990	bsn-a001-00-000000013604308	01	16	98128	M	1	0	0	2	0
20260708	4291318	cmp-a001-02-000000010764328	grp-a001-02-000000069047580	단백질쉐이크	nad-a001-02-000000541753983	bsn-a001-00-000000013604308	01	15	529514	M	9	0	0	168	0
20260708	4291318	cmp-a001-02-000000010764328	grp-a001-02-000000069047580	단백질	nad-a001-02-000000541753983	bsn-a001-00-000000013604308	01	99	529514	M	10	0	0	39	0
20260708	4291318	cmp-a001-02-000000010764328	grp-a001-02-000000069047580	프로틴	nad-a001-02-000000541753983	bsn-a001-00-000000013604308	01	02	768323	M	14	0	0	56	0
20260708	4291318	cmp-a001-02-000000010764328	grp-a001-02-000000069047580	동결건조야채분말	nad-a001-02-000000541753966	bsn-a001-00-000000013604308	01	09	27758	P	1	0	0	2	0
20260708	4291318	cmp-a001-02-000000010764328	grp-a001-02-000000069047580	야채가루	nad-a001-02-000000541753988	bsn-a001-00-000000013604308	01	00	8753	M	1	0	0	2	0
20260708	4291318	cmp-a001-02-000000010764328	grp-a001-02-000000069047580	스토어	nad-a001-02-000000541753988	bsn-a001-00-000000013604308	01	11	98128	M	1	0	0	2	0
20260708	4291318	cmp-a001-02-000000010764328	grp-a001-02-000000069047580	프로틴	nad-a001-02-000000541753990	bsn-a001-00-000000013604308	01	10	529514	M	2	0	0	4	0
20260708	4291318	cmp-a001-02-000000010764328	grp-a001-02-000000069047580	프로틴	nad-a001-02-000000541753990	bsn-a001-00-000000013604308	01	15	684926	M	1	0	0	10	0
20260708	4291318	cmp-a001-02-000000010764328	grp-a001-02-000000069047580	프로틴	nad-a001-02-000000541753983	bsn-a001-00-000000013604308	01	04	768323	M	1	0	0	4	0
20260708	4291318	cmp-a001-02-000000010764328	grp-a001-02-000000069047580	황성주라이프밀	nad-a001-02-000000541754004	bsn-a001-00-000000013604308	01	18	8753	M	1	0	0	3	0
20260708	4291318	cmp-a001-02-000000010764328	grp-a001-02-000000069047580	단백질쉐이크	nad-a001-02-000000541753990	bsn-a001-00-000000013604308	01	02	529514	M	33	0	0	567	0
20260708	4291318	cmp-a001-02-000000010764328	grp-a001-02-000000069047580	하루견과	nad-a001-02-000000541753960	bsn-a001-00-000000013604308	01	08	529514	M	2	0	0	3	0
20260708	4291318	cmp-a001-02-000000010764328	grp-a001-02-000000069047580	프로틴	nad-a001-02-000000541753983	bsn-a001-00-000000013604308	01	14	768323	M	1	0	0	4	0
20260708	4291318	cmp-a001-02-000000010764328	grp-a001-02-000000069047580	스토어	nad-a001-02-000000541753988	bsn-a001-00-000000013604308	01	17	98128	M	1	0	0	3	0
20260708	4291318	cmp-a001-02-000000010764328	grp-a001-02-000000069047580	동결건조야채분말	nad-a001-02-000000541753988	bsn-a001-00-000000013604308	01	09	27758	P	1	0	0	1	0
20260708	4291318	cmp-a001-02-000000010764328	grp-a001-02-000000069047580	동결건조야채분말	nad-a001-02-000000541753967	bsn-a001-00-000000013604308	01	09	27758	P	1	0	0	3	0
20260708	4291318	cmp-a001-02-000000010764328	grp-a001-02-000000069047580	견과류	nad-a001-02-000000541753959	bsn-a001-00-000000013604308	01	99	529514	M	4	0	0	38	0
20260708	4291318	cmp-a001-02-000000010764328	grp-a001-02-000000069047580	프로틴	nad-a001-02-000000541753983	bsn-a001-00-000000013604308	01	03	768323	M	5	0	0	20	0
20260708	4291318	cmp-a001-02-000000010764328	grp-a001-02-000000069047580	채소가루	nad-a001-02-000000541753988	bsn-a001-00-000000013604308	01	00	8753	M	1	0	0	2	0
20260708	4291318	cmp-a001-02-000000010764328	grp-a001-02-000000069047580	단백질쉐이크	nad-a001-02-000000541753983	bsn-a001-00-000000013604308	01	10	529514	M	2	0	0	34	0
20260708	4291318	cmp-a001-02-000000010764328	grp-a001-02-000000069047580	단백질파우더	nad-a001-02-000000541753990	bsn-a001-00-000000013604308	01	09	529514	M	4	0	0	8	0
20260708	4291318	cmp-a001-02-000000010764328	grp-a001-02-000000069047580	프로틴바	nad-a001-02-000000541753992	bsn-a001-00-000000013604308	01	15	684927	P	1	0	0	23	0
20260708	4291318	cmp-a001-02-000000010764328	grp-a001-02-000000069047580	단백질	nad-a001-02-000000541753983	bsn-a001-00-000000013604308	01	09	529514	M	9	0	0	31	0
20260708	4291318	cmp-a001-02-000000010764328	grp-a001-02-000000069047580	황성주생식	nad-a001-02-000000541753967	bsn-a001-00-000000013604308	01	18	8753	M	1	0	0	4	0
20260708	4291318	cmp-a001-02-000000010764328	grp-a001-02-000000069047580	단백질보충제	nad-a001-02-000000541753983	bsn-a001-00-000000013604308	01	08	529514	M	2	0	0	5	0
20260708	4291318	cmp-a001-02-000000010764328	grp-a001-02-000000069047580	쉐이크	nad-a001-02-000000541753990	bsn-a001-00-000000013604308	01	09	529514	M	3	0	0	6	0
20260708	4291318	cmp-a001-02-000000010764328	grp-a001-02-000000069047580	프로틴	nad-a001-02-000000541753990	bsn-a001-00-000000013604308	01	18	768323	M	1	0	0	5	0
20260708	4291318	cmp-a001-02-000000010764328	grp-a001-02-000000069047580	견과류	nad-a001-02-000000541753959	bsn-a001-00-000000013604308	01	13	529514	M	2	0	0	19	0
20260708	4291318	cmp-a001-02-000000010764328	grp-a001-02-000000069047580	프로틴	nad-a001-02-000000541753990	bsn-a001-00-000000013604308	01	16	768323	M	1	0	0	5	0
20260708	4291318	cmp-a001-02-000000010764328	grp-a001-02-000000069047580	단백질	nad-a001-02-000000541753990	bsn-a001-00-000000013604308	01	09	529514	M	4	0	0	12	0
20260708	4291318	cmp-a001-02-000000010764328	grp-a001-02-000000069047580	견과류	nad-a001-02-000000541753959	bsn-a001-00-000000013604308	01	11	529514	M	4	0	0	38	0
20260708	4291318	cmp-a001-02-000000010764328	grp-a001-02-000000069047580	프로틴쉐이크	nad-a001-02-000000541753983	bsn-a001-00-000000013604308	01	02	529514	M	3	0	0	11	0
20260708	4291318	cmp-a001-02-000000010764328	grp-a001-02-000000069047580	생식가루	nad-a001-02-000000541753996	bsn-a001-00-000000013604308	01	09	8753	M	1	0	0	2	0
20260708	4291318	cmp-a001-02-000000010432615	grp-a001-02-000000064422129	1일1생식	nad-a001-02-000000494208911	bsn-a001-00-000000013604308	22	13	8753	M	1	0	0	3	0
20260708	4291318	cmp-a001-02-000000010432615	grp-a001-02-000000064422129	황성주박사의생식	nad-a001-02-000000494209021	bsn-a001-00-000000013604308	22	04	8753	M	1	0	0	2	0
20260708	4291318	cmp-a001-02-000000010432615	grp-a001-02-000000064422129	라이프밀	nad-a001-02-000000494208910	bsn-a001-00-000000013604308	22	99	529514	M	1	0	0	1	0
20260708	4291318	cmp-a001-02-000000010432615	grp-a001-02-000000064422129	단백질바	nad-a001-02-000000494208904	bsn-a001-00-000000013604308	22	04	529514	M	3	0	0	15	0
20260708	4291318	cmp-a001-02-000000010432615	grp-a001-02-000000064422129	황성주생식라이프밀	nad-a001-02-000000494208910	bsn-a001-00-000000013604308	22	04	8753	M	1	0	0	1	0
20260708	4291318	cmp-a001-02-000000010432615	grp-a001-02-000000064422129	균형영양식	nad-a001-02-000000494209017	bsn-a001-00-000000013604308	22	13	529514	M	2	0	0	18	0
20260708	4291318	cmp-a001-02-000000010432615	grp-a001-02-000000064422129	단백질바	nad-a001-02-000000494208904	bsn-a001-00-000000013604308	22	08	23123	P	1	0	0	6	0
20260708	4291318	cmp-a001-02-000000010432615	grp-a001-02-000000064422129	스토어	nad-a001-02-000000494208910	bsn-a001-00-000000013604308	22	09	335738	P	1	0	0	1	0
20260708	4291318	cmp-a001-02-000000010432615	grp-a001-02-000000064422129	스토어	nad-a001-02-000000494208910	bsn-a001-00-000000013604308	22	02	98128	M	45	0	0	156	0
20260708	4291318	cmp-a001-02-000000010432615	grp-a001-02-000000064422129	시리얼	nad-a001-02-000000494208904	bsn-a001-00-000000013604308	22	08	529514	M	16	0	0	48	0
20260708	4291318	cmp-a001-02-000000010432615	grp-a001-02-000000064422129	프로틴바	nad-a001-02-000000494208904	bsn-a001-00-000000013604308	22	18	529514	M	2	0	0	7	0
20260708	4291318	cmp-a001-02-000000010432615	grp-a001-02-000000064422129	스토어	nad-a001-02-000000494208910	bsn-a001-00-000000013604308	22	11	98128	M	8	0	0	27	0
20260708	4291318	cmp-a001-02-000000010432615	grp-a001-02-000000064422129	단백질바	nad-a001-02-000000494208904	bsn-a001-00-000000013604308	22	02	684926	M	1	0	0	11	0
20260708	4291318	cmp-a001-02-000000010432615	grp-a001-02-000000064422129	생식가루	nad-a001-02-000000494209021	bsn-a001-00-000000013604308	22	99	87620	M	2	0	0	6	0
20260708	4291318	cmp-a001-02-000000010432615	grp-a001-02-000000064422129	스토어	nad-a001-02-000000494208910	bsn-a001-00-000000013604308	22	06	98128	M	1	0	0	4	0
20260708	4291318	cmp-a001-02-000000010432615	grp-a001-02-000000064422129	시리얼	nad-a001-02-000000494208904	bsn-a001-00-000000013604308	22	16	529514	M	7	0	0	21	0
20260708	4291318	cmp-a001-02-000000010432615	grp-a001-02-000000064422129	단백질바성분	nad-a001-02-000000494208904	bsn-a001-00-000000013604308	22	03	8753	M	1	0	0	9	0
20260708	4291318	cmp-a001-02-000000010432615	grp-a001-02-000000064422129	생식가루	nad-a001-02-000000494208911	bsn-a001-00-000000013604308	22	09	8753	M	1	0	0	5	0
20260708	4291318	cmp-a001-02-000000010432615	grp-a001-02-000000064422129	황성주생식	nad-a001-02-000000494209022	bsn-a001-00-000000013604308	22	15	8753	M	1	0	0	4	0
20260708	4291318	cmp-a001-02-000000010432615	grp-a001-02-000000064422129	생식가루	nad-a001-02-000000494209021	bsn-a001-00-000000013604308	22	09	8753	M	1	0	0	4	0
20260708	4291318	cmp-a001-02-000000010432615	grp-a001-02-000000064422129	황성주생식	nad-a001-02-000000494209021	bsn-a001-00-000000013604308	22	04	633013	M	4	0	0	8	0
20260708	4291318	cmp-a001-02-000000010432615	grp-a001-02-000000064422129	시리얼	nad-a001-02-000000494208904	bsn-a001-00-000000013604308	22	09	529514	M	81	0	0	243	0
20260708	4291318	cmp-a001-02-000000010432615	grp-a001-02-000000064422129	황성주생식라이프밀	nad-a001-02-000000494209021	bsn-a001-00-000000013604308	22	04	8753	M	1	0	0	2	0
20260708	4291318	cmp-a001-02-000000010432615	grp-a001-02-000000064422129	스토어	nad-a001-02-000000494208910	bsn-a001-00-000000013604308	22	99	98128	M	15	0	0	59	0
20260708	4291318	cmp-a001-02-000000010432615	grp-a001-02-000000064422129	단백질바	nad-a001-02-000000494208904	bsn-a001-00-000000013604308	22	02	529514	M	10	0	0	41	0
20260708	4291318	cmp-a001-02-000000010432615	grp-a001-02-000000064422129	황성주라이프밀	nad-a001-02-000000494209022	bsn-a001-00-000000013604308	22	09	8753	M	1	0	0	4	0
20260708	4291318	cmp-a001-02-000000010432615	grp-a001-02-000000064422129	황성주생식라이프밀	nad-a001-02-000000494209021	bsn-a001-00-000000013604308	22	09	8753	M	1	0	0	2	0
20260708	4291318	cmp-a001-02-000000010432615	grp-a001-02-000000064422129	생식가루	nad-a001-02-000000494208911	bsn-a001-00-000000013604308	22	99	87620	M	2	0	0	8	0
20260708	4291318	cmp-a001-02-000000010432615	grp-a001-02-000000064422129	스낵데이	nad-a001-02-000000494208904	bsn-a001-00-000000013604308	22	06	8753	M	1	0	0	1	0
20260708	4291318	cmp-a001-02-000000010432615	grp-a001-02-000000064422129	황성주생식라이프밀	nad-a001-02-000000494209022	bsn-a001-00-000000013604308	22	09	8753	M	1	0	0	4	0
20260708	4291318	cmp-a001-02-000000010432615	grp-a001-02-000000064422129	황성주라이프밀	nad-a001-02-000000494209021	bsn-a001-00-000000013604308	22	09	8753	M	4	0	0	8	0
20260708	4291318	cmp-a001-02-000000010432615	grp-a001-02-000000064422129	황석주생식	nad-a001-02-000000494208910	bsn-a001-00-000000013604308	22	09	8753	M	1	0	0	1	0
20260708	4291318	cmp-a001-02-000000010432615	grp-a001-02-000000064422129	스낵데이	nad-a001-02-000000494208904	bsn-a001-00-000000013604308	22	06	684924	M	1	0	0	1	0
20260708	4291318	cmp-a001-02-000000010432615	grp-a001-02-000000064422129	단백질바	nad-a001-02-000000494208904	bsn-a001-00-000000013604308	22	06	529514	M	1	0	0	4	0
20260708	4291318	cmp-a001-02-000000010432615	grp-a001-02-000000064422129	황성주이롬생식	nad-a001-02-000000494208911	bsn-a001-00-000000013604308	22	08	684925	P	1	0	0	1	0
20260708	4291318	cmp-a001-02-000000010432615	grp-a001-02-000000064422129	씨리얼	nad-a001-02-000000494208904	bsn-a001-00-000000013604308	22	04	529514	M	1	0	0	5	0
20260708	4291318	cmp-a001-02-000000010432615	grp-a001-02-000000064422129	생식가루	nad-a001-02-000000494209022	bsn-a001-00-000000013604308	22	09	8753	M	1	0	0	8	0
20260708	4291318	cmp-a001-02-000000010432615	grp-a001-02-000000064422129	1일1생식	nad-a001-02-000000494208910	bsn-a001-00-000000013604308	22	13	8753	M	1	0	0	1	0
20260708	4291318	cmp-a001-02-000000010432615	grp-a001-02-000000064422129	황성주생식	nad-a001-02-000000494208911	bsn-a001-00-000000013604308	22	15	8753	M	1	0	0	3	0
20260708	4291318	cmp-a001-02-000000010432615	grp-a001-02-000000064422129	시리얼	nad-a001-02-000000494208904	bsn-a001-00-000000013604308	22	02	529514	M	66	1	55	198	0
20260708	4291318	cmp-a001-02-000000010432615	grp-a001-02-000000064422129	스토어	nad-a001-02-000000494208910	bsn-a001-00-000000013604308	22	08	98128	M	3	0	0	9	0
20260708	4291318	cmp-a001-02-000000010432615	grp-a001-02-000000064422129	시리얼	nad-a001-02-000000494208904	bsn-a001-00-000000013604308	22	15	529514	M	13	0	0	39	0
20260708	4291318	cmp-a001-02-000000010432615	grp-a001-02-000000064422129	시리얼	nad-a001-02-000000494208904	bsn-a001-00-000000013604308	22	99	529514	M	30	0	0	90	0
20260708	4291318	cmp-a001-02-000000010432615	grp-a001-02-000000064422129	생식가루	nad-a001-02-000000494209022	bsn-a001-00-000000013604308	22	99	87620	M	2	0	0	16	0
20260708	4291318	cmp-a001-02-000000010432615	grp-a001-02-000000064422129	스토어	nad-a001-02-000000494208910	bsn-a001-00-000000013604308	22	07	98128	M	2	0	0	7	0
20260708	4291318	cmp-a001-02-000000010432615	grp-a001-02-000000064422129	가루	nad-a001-02-000000494208910	bsn-a001-00-000000013604308	22	11	98128	M	1	0	0	6	0
20260708	4291318	cmp-a001-02-000000010432615	grp-a001-02-000000064422129	단백질바	nad-a001-02-000000494208904	bsn-a001-00-000000013604308	22	02	23123	P	1	0	0	6	0
20260708	4291318	cmp-a001-02-000000010432615	grp-a001-02-000000064422129	프로틴바	nad-a001-02-000000494208904	bsn-a001-00-000000013604308	22	09	23123	P	1	0	0	4	0
20260708	4291318	cmp-a001-02-000000010432615	grp-a001-02-000000064422129	시리얼	nad-a001-02-000000494208904	bsn-a001-00-000000013604308	22	01	529514	M	8	0	0	24	0
20260708	4291318	cmp-a001-02-000000010432615	grp-a001-02-000000064422129	황성주생식	nad-a001-02-000000494208910	bsn-a001-00-000000013604308	22	04	8753	M	1	0	0	1	0
20260708	4291318	cmp-a001-02-000000010432615	grp-a001-02-000000064422129	황성주생식	nad-a001-02-000000494209022	bsn-a001-00-000000013604308	22	04	633013	M	4	0	0	16	0
20260708	4291318	cmp-a001-02-000000010432615	grp-a001-02-000000064422129	황성주생식	nad-a001-02-000000494208910	bsn-a001-00-000000013604308	22	04	633013	M	4	0	0	4	0
20260708	4291318	cmp-a001-02-000000010432615	grp-a001-02-000000064422129	시리얼	nad-a001-02-000000494208904	bsn-a001-00-000000013604308	22	11	529514	M	17	0	0	51	0
20260708	4291318	cmp-a001-02-000000010432615	grp-a001-02-000000064422129	균형영양식	nad-a001-02-000000494209017	bsn-a001-00-000000013604308	22	09	529514	M	1	0	0	9	0
20260708	4291318	cmp-a001-02-000000010432615	grp-a001-02-000000064422129	황성주생식	nad-a001-02-000000494209021	bsn-a001-00-000000013604308	22	06	8753	M	3	0	0	6	0
20260708	4291318	cmp-a001-02-000000010432615	grp-a001-02-000000064422129	씨리얼	nad-a001-02-000000494208904	bsn-a001-00-000000013604308	22	18	529514	M	1	0	0	5	0
20260708	4291318	cmp-a001-02-000000010432615	grp-a001-02-000000064422129	스토어	nad-a001-02-000000494208910	bsn-a001-00-000000013604308	22	15	98128	M	4	0	0	16	0
20260708	4291318	cmp-a001-02-000000010432615	grp-a001-02-000000064422129	시리얼	nad-a001-02-000000494208904	bsn-a001-00-000000013604308	22	00	529514	M	1	0	0	3	0
20260708	4291318	cmp-a001-02-000000010432615	grp-a001-02-000000064422129	가루	nad-a001-02-000000494208910	bsn-a001-00-000000013604308	22	02	8753	M	1	0	0	1	0
20260708	4291318	cmp-a001-02-000000010432615	grp-a001-02-000000064422129	황성주박사의생식	nad-a001-02-000000494209022	bsn-a001-00-000000013604308	22	04	8753	M	1	0	0	4	0
20260708	4291318	cmp-a001-02-000000010432615	grp-a001-02-000000064422129	황성주생식라이프밀이롬뉴밀플러스	nad-a001-02-000000494209021	bsn-a001-00-000000013604308	22	02	556927	P	1	0	0	1	0
20260708	4291318	cmp-a001-02-000000010432615	grp-a001-02-000000064422129	스토어	nad-a001-02-000000494208910	bsn-a001-00-000000013604308	22	03	98128	M	10	0	0	34	0
20260708	4291318	cmp-a001-02-000000010432615	grp-a001-02-000000064422129	시리얼	nad-a001-02-000000494208904	bsn-a001-00-000000013604308	22	06	529514	M	11	0	0	33	0
20260708	4291318	cmp-a001-02-000000010432615	grp-a001-02-000000064422129	시리얼	nad-a001-02-000000494208904	bsn-a001-00-000000013604308	22	99	23123	P	1	0	0	5	0
20260708	4291318	cmp-a001-02-000000010432615	grp-a001-02-000000064422129	황성주생식	nad-a001-02-000000494208911	bsn-a001-00-000000013604308	22	06	8753	M	3	0	0	9	0
20260708	4291318	cmp-a001-02-000000010432615	grp-a001-02-000000064422129	황성주생식	nad-a001-02-000000494209022	bsn-a001-00-000000013604308	22	04	8753	M	1	0	0	4	0
20260708	4291318	cmp-a001-02-000000010432615	grp-a001-02-000000064422129	라이프밀	nad-a001-02-000000494209022	bsn-a001-00-000000013604308	22	99	529514	M	1	0	0	1	0
20260708	4291318	cmp-a001-02-000000010432615	grp-a001-02-000000064422129	스토어	nad-a001-02-000000494208910	bsn-a001-00-000000013604308	22	02	248824	P	1	0	0	1	0
20260708	4291318	cmp-a001-02-000000010432615	grp-a001-02-000000064422129	균형영양식	nad-a001-02-000000494209017	bsn-a001-00-000000013604308	22	01	529514	M	3	0	0	29	0
20260708	4291318	cmp-a001-02-000000010432615	grp-a001-02-000000064422129	황성주라이프밀	nad-a001-02-000000494208911	bsn-a001-00-000000013604308	22	09	8753	M	4	0	0	12	0
20260708	4291318	cmp-a001-02-000000010432615	grp-a001-02-000000064422129	균형영양식	nad-a001-02-000000494209017	bsn-a001-00-000000013604308	22	99	529514	M	2	0	0	19	0
20260708	4291318	cmp-a001-02-000000010432615	grp-a001-02-000000064422129	생식가루	nad-a001-02-000000494208910	bsn-a001-00-000000013604308	22	09	8753	M	1	0	0	1	0
20260708	4291318	cmp-a001-02-000000010432615	grp-a001-02-000000064422129	이롬생식	nad-a001-02-000000494208911	bsn-a001-00-000000013604308	22	18	684925	P	1	0	0	1	0
20260708	4291318	cmp-a001-02-000000010432615	grp-a001-02-000000064422129	황성주박사의생식	nad-a001-02-000000494208911	bsn-a001-00-000000013604308	22	04	8753	M	1	0	0	3	0
20260708	4291318	cmp-a001-02-000000010432615	grp-a001-02-000000064422129	가루	nad-a001-02-000000494209021	bsn-a001-00-000000013604308	22	11	98128	M	1	0	0	8	0
20260708	4291318	cmp-a001-02-000000010432615	grp-a001-02-000000064422129	시리얼	nad-a001-02-000000494208904	bsn-a001-00-000000013604308	22	13	529514	M	6	0	0	18	0
20260708	4291318	cmp-a001-02-000000010432615	grp-a001-02-000000064422129	라이프밀	nad-a001-02-000000494209021	bsn-a001-00-000000013604308	22	99	529514	M	2	0	0	3	0
20260708	4291318	cmp-a001-02-000000010432615	grp-a001-02-000000064422129	생식가루	nad-a001-02-000000494208910	bsn-a001-00-000000013604308	22	02	33421	M	1	0	0	1	0
20260708	4291318	cmp-a001-02-000000010432615	grp-a001-02-000000064422129	프로틴바	nad-a001-02-000000494208904	bsn-a001-00-000000013604308	22	99	529514	M	25	0	0	108	0
20260708	4291318	cmp-a001-02-000000010432615	grp-a001-02-000000064422129	황성주생식	nad-a001-02-000000494208911	bsn-a001-00-000000013604308	22	09	633013	M	1	0	0	3	0
20260708	4291318	cmp-a001-02-000000010432615	grp-a001-02-000000064422129	단백질바	nad-a001-02-000000494208904	bsn-a001-00-000000013604308	22	09	529514	M	19	0	0	67	0
20260708	4291318	cmp-a001-02-000000010432615	grp-a001-02-000000064422129	프로틴바	nad-a001-02-000000494208904	bsn-a001-00-000000013604308	22	01	529514	M	1	0	0	4	0
20260708	4291318	cmp-a001-02-000000010432615	grp-a001-02-000000064422129	황석주생식	nad-a001-02-000000494209021	bsn-a001-00-000000013604308	22	09	8753	M	1	0	0	2	0
20260708	4291318	cmp-a001-02-000000010432615	grp-a001-02-000000064422129	생식가루	nad-a001-02-000000494208911	bsn-a001-00-000000013604308	22	02	33421	M	1	0	0	4	0
20260708	4291318	cmp-a001-02-000000010432615	grp-a001-02-000000064422129	황성주생식	nad-a001-02-000000494208910	bsn-a001-00-000000013604308	22	06	8753	M	3	1	2724	3	0
20260708	4291318	cmp-a001-02-000000010432615	grp-a001-02-000000064422129	황성주생식라이프밀	nad-a001-02-000000494209022	bsn-a001-00-000000013604308	22	04	8753	M	1	0	0	4	0
20260708	4291318	cmp-a001-02-000000010432615	grp-a001-02-000000064422129	단백질바	nad-a001-02-000000494208904	bsn-a001-00-000000013604308	22	01	529514	M	2	0	0	7	0
20260708	4291318	cmp-a001-02-000000010432615	grp-a001-02-000000064422129	영양	nad-a001-02-000000494209017	bsn-a001-00-000000013604308	22	02	529514	M	1	0	0	8	0
20260708	4291318	cmp-a001-02-000000010432615	grp-a001-02-000000064422129	가루	nad-a001-02-000000494208910	bsn-a001-00-000000013604308	22	09	8753	M	2	0	0	2	0
20260708	4291318	cmp-a001-02-000000010432615	grp-a001-02-000000064422129	스토어	nad-a001-02-000000494208910	bsn-a001-00-000000013604308	22	10	335738	P	1	0	0	1	0
20260708	4291318	cmp-a001-02-000000010432615	grp-a001-02-000000064422129	스토어	nad-a001-02-000000494208910	bsn-a001-00-000000013604308	22	01	98128	M	2	0	0	6	0
20260708	4291318	cmp-a001-02-000000010432615	grp-a001-02-000000064422129	생식가루	nad-a001-02-000000494209021	bsn-a001-00-000000013604308	22	02	33421	M	1	0	0	3	0
20260708	4291318	cmp-a001-02-000000010432615	grp-a001-02-000000064422129	시리얼	nad-a001-02-000000494208904	bsn-a001-00-000000013604308	22	07	529514	M	7	0	0	21	0
20260708	4291318	cmp-a001-02-000000010432615	grp-a001-02-000000064422129	영양식	nad-a001-02-000000494209017	bsn-a001-00-000000013604308	22	09	684926	M	1	0	0	2	0
20260708	4291318	cmp-a001-02-000000010432615	grp-a001-02-000000064422129	황성주생식	nad-a001-02-000000494209021	bsn-a001-00-000000013604308	22	15	8753	M	1	0	0	2	0
20260708	4291318	cmp-a001-02-000000010432615	grp-a001-02-000000064422129	스토어	nad-a001-02-000000494208910	bsn-a001-00-000000013604308	22	04	98128	M	8	0	0	28	0
20260708	4291318	cmp-a001-02-000000010432615	grp-a001-02-000000064422129	최저가박사	nad-a001-02-000000494208910	bsn-a001-00-000000013604308	22	11	27758	P	1	0	0	2	0
20260708	4291318	cmp-a001-02-000000010432615	grp-a001-02-000000064422129	프로틴바	nad-a001-02-000000494208904	bsn-a001-00-000000013604308	22	11	529514	M	6	0	0	42	0
20260708	4291318	cmp-a001-02-000000010432615	grp-a001-02-000000064422129	생식가루	nad-a001-02-000000494209022	bsn-a001-00-000000013604308	22	02	33421	M	1	0	0	7	0
20260708	4291318	cmp-a001-02-000000010432615	grp-a001-02-000000064422129	스토어	nad-a001-02-000000494208910	bsn-a001-00-000000013604308	22	09	98128	M	32	0	0	113	0
20260708	4291318	cmp-a001-02-000000010432615	grp-a001-02-000000064422129	스토어	nad-a001-02-000000494208910	bsn-a001-00-000000013604308	22	13	98128	M	2	0	0	7	0
20260708	4291318	cmp-a001-02-000000010432615	grp-a001-02-000000064422129	이롬생식	nad-a001-02-000000494208911	bsn-a001-00-000000013604308	22	08	684925	P	1	0	0	1	0
20260708	4291318	cmp-a001-02-000000010432615	grp-a001-02-000000064422129	시리얼	nad-a001-02-000000494208904	bsn-a001-00-000000013604308	22	03	529514	M	23	0	0	69	0
20260708	4291318	cmp-a001-02-000000010432615	grp-a001-02-000000064422129	라이프밀	nad-a001-02-000000494208911	bsn-a001-00-000000013604308	22	99	529514	M	2	0	0	3	0
20260708	4291318	cmp-a001-02-000000010432615	grp-a001-02-000000064422129	황성주생식	nad-a001-02-000000494209022	bsn-a001-00-000000013604308	22	09	8753	M	1	0	0	4	0
20260708	4291318	cmp-a001-02-000000010432615	grp-a001-02-000000064422129	스토어	nad-a001-02-000000494208910	bsn-a001-00-000000013604308	22	18	98128	M	2	0	0	8	0
20260708	4291318	cmp-a001-02-000000010432615	grp-a001-02-000000064422129	1일1생식	nad-a001-02-000000494209021	bsn-a001-00-000000013604308	22	13	8753	M	1	0	0	2	0
20260708	4291318	cmp-a001-02-000000010432615	grp-a001-02-000000064422129	황성주생식	nad-a001-02-000000494209021	bsn-a001-00-000000013604308	22	04	8753	M	1	0	0	2	0
20260708	4291318	cmp-a001-02-000000010432615	grp-a001-02-000000064422129	단백질바	nad-a001-02-000000494208904	bsn-a001-00-000000013604308	22	00	684927	P	1	0	0	10	0
20260708	4291318	cmp-a001-02-000000010432615	grp-a001-02-000000064422129	시리얼	nad-a001-02-000000494208904	bsn-a001-00-000000013604308	22	10	529514	M	8	0	0	24	0
20260708	4291318	cmp-a001-02-000000010432615	grp-a001-02-000000064422129	황성주생식	nad-a001-02-000000494208910	bsn-a001-00-000000013604308	22	15	8753	M	1	0	0	1	0
20260708	4291318	cmp-a001-02-000000010432615	grp-a001-02-000000064422129	황성주생식	nad-a001-02-000000494208910	bsn-a001-00-000000013604308	22	09	684924	M	1	0	0	1	0
20260708	4291318	cmp-a001-02-000000010432615	grp-a001-02-000000064422129	황성주생식	nad-a001-02-000000494209022	bsn-a001-00-000000013604308	22	06	341893	M	1	0	0	1	0
20260708	4291318	cmp-a001-02-000000010432615	grp-a001-02-000000064422129	선식추천	nad-a001-02-000000494209021	bsn-a001-00-000000013604308	22	02	341893	M	1	0	0	1	0
20260708	4291318	cmp-a001-02-000000010432615	grp-a001-02-000000064422129	스토어	nad-a001-02-000000494208910	bsn-a001-00-000000013604308	22	17	98128	M	1	0	0	3	0
20260708	4291318	cmp-a001-02-000000010432615	grp-a001-02-000000064422129	황성주생식라이프밀	nad-a001-02-000000494208911	bsn-a001-00-000000013604308	22	04	8753	M	1	0	0	3	0
20260708	4291318	cmp-a001-02-000000010432615	grp-a001-02-000000064422129	채소분말	nad-a001-02-000000494209021	bsn-a001-00-000000013604308	22	11	341893	M	1	0	0	1	0
20260708	4291318	cmp-a001-02-000000010432615	grp-a001-02-000000064422129	1일1생식	nad-a001-02-000000494209022	bsn-a001-00-000000013604308	22	13	8753	M	1	0	0	4	0
20260708	4291318	cmp-a001-02-000000010432615	grp-a001-02-000000064422129	황성주생식	nad-a001-02-000000494208911	bsn-a001-00-000000013604308	22	09	8753	M	1	0	0	3	0
20260708	4291318	cmp-a001-02-000000010432615	grp-a001-02-000000064422129	프로틴바	nad-a001-02-000000494208904	bsn-a001-00-000000013604308	22	09	529514	M	12	0	0	61	0
20260708	4291318	cmp-a001-02-000000010432615	grp-a001-02-000000064422129	시리얼	nad-a001-02-000000494208904	bsn-a001-00-000000013604308	22	14	529514	M	5	0	0	15	0
20260708	4291318	cmp-a001-02-000000010432615	grp-a001-02-000000064422129	씨리얼	nad-a001-02-000000494208904	bsn-a001-00-000000013604308	22	09	529514	M	1	0	0	5	0
20260708	4291318	cmp-a001-02-000000010432615	grp-a001-02-000000064422129	황성주생식	nad-a001-02-000000494208911	bsn-a001-00-000000013604308	22	04	8753	M	1	0	0	3	0
20260708	4291318	cmp-a001-02-000000010432615	grp-a001-02-000000064422129	단백질바	nad-a001-02-000000494208904	bsn-a001-00-000000013604308	22	08	529514	M	15	0	0	76	0
20260708	4291318	cmp-a001-02-000000010432615	grp-a001-02-000000064422129	황성주생식	nad-a001-02-000000494208910	bsn-a001-00-000000013604308	22	09	8753	M	1	0	0	1	0
20260708	4291318	cmp-a001-02-000000010432615	grp-a001-02-000000064422129	가루	nad-a001-02-000000494208910	bsn-a001-00-000000013604308	22	09	684924	M	2	0	0	2	0
20260708	4291318	cmp-a001-02-000000010432615	grp-a001-02-000000064422129	시리얼	nad-a001-02-000000494208904	bsn-a001-00-000000013604308	22	17	529514	M	8	0	0	24	0
20260708	4291318	cmp-a001-02-000000010432615	grp-a001-02-000000064422129	시리얼	nad-a001-02-000000494208904	bsn-a001-00-000000013604308	22	18	529514	M	12	0	0	36	0
20260708	4291318	cmp-a001-02-000000010432615	grp-a001-02-000000064422129	스토어	nad-a001-02-000000494208910	bsn-a001-00-000000013604308	22	02	335738	P	3	0	0	6	0
20260708	4291318	cmp-a001-02-000000010432615	grp-a001-02-000000064422129	황성주생식	nad-a001-02-000000494209021	bsn-a001-00-000000013604308	22	09	8753	M	1	0	0	2	0
20260708	4291318	cmp-a001-02-000000010432615	grp-a001-02-000000064422129	다이어트24시간브랜드	nad-a001-02-000000494209013	bsn-a001-00-000000013604308	22	09	8753	M	1	0	0	2	0
20260708	4291318	cmp-a001-02-000000010432615	grp-a001-02-000000064422129	황성주생식	nad-a001-02-000000494209021	bsn-a001-00-000000013604308	22	09	633013	M	1	0	0	2	0
20260708	4291318	cmp-a001-02-000000010432615	grp-a001-02-000000064422129	황석주생식	nad-a001-02-000000494208911	bsn-a001-00-000000013604308	22	09	8753	M	1	0	0	3	0
20260708	4291318	cmp-a001-02-000000010432615	grp-a001-02-000000064422129	프로틴바	nad-a001-02-000000494208904	bsn-a001-00-000000013604308	22	02	529514	M	10	0	0	38	0
20260708	4291318	cmp-a001-02-000000010432615	grp-a001-02-000000064422129	단백질바	nad-a001-02-000000494208904	bsn-a001-00-000000013604308	22	16	529514	M	5	0	0	17	0
20260708	4291318	cmp-a001-02-000000010432615	grp-a001-02-000000064422129	단백질바	nad-a001-02-000000494208904	bsn-a001-00-000000013604308	22	99	529514	M	2	0	0	6	0
20260708	4291318	cmp-a001-02-000000010432615	grp-a001-02-000000064422129	황성주라이프밀	nad-a001-02-000000494208910	bsn-a001-00-000000013604308	22	09	8753	M	4	0	0	4	0
20260708	4291318	cmp-a001-02-000000010432615	grp-a001-02-000000064422129	스토어	nad-a001-02-000000494208910	bsn-a001-00-000000013604308	22	11	248824	P	1	0	0	1	0
20260708	4291318	cmp-a001-02-000000010432615	grp-a001-02-000000064422129	황성주생식	nad-a001-02-000000494209022	bsn-a001-00-000000013604308	22	09	633013	M	1	0	0	4	0
20260708	4291318	cmp-a001-02-000000010432615	grp-a001-02-000000064422129	생식가루	nad-a001-02-000000494208910	bsn-a001-00-000000013604308	22	99	87620	M	2	0	0	2	0
20260708	4291318	cmp-a001-02-000000010432615	grp-a001-02-000000064422129	동결건조분말나티아	nad-a001-02-000000494208910	bsn-a001-00-000000013604308	22	13	8753	M	2	0	0	4	0
20260708	4291318	cmp-a001-02-000000010432615	grp-a001-02-000000064422129	황성주박사의생식	nad-a001-02-000000494208910	bsn-a001-00-000000013604308	22	04	8753	M	1	0	0	1	0
20260708	4291318	cmp-a001-02-000000010432615	grp-a001-02-000000064422129	균형영양식	nad-a001-02-000000494209017	bsn-a001-00-000000013604308	22	02	529514	M	1	0	0	10	0
20260708	4291318	cmp-a001-02-000000010432615	grp-a001-02-000000064422129	시리얼	nad-a001-02-000000494208904	bsn-a001-00-000000013604308	22	04	529514	M	11	0	0	33	0
20260708	4291318	cmp-a001-02-000000010432615	grp-a001-02-000000064422129	황성주생식	nad-a001-02-000000494208910	bsn-a001-00-000000013604308	22	09	633013	M	1	0	0	1	0
20260708	4291318	cmp-a001-02-000000010432615	grp-a001-02-000000064422129	황성주생식라이프밀	nad-a001-02-000000494208911	bsn-a001-00-000000013604308	22	09	8753	M	1	0	0	3	0
20260708	4291318	cmp-a001-02-000000010432615	grp-a001-02-000000064422129	황성주생식	nad-a001-02-000000494209022	bsn-a001-00-000000013604308	22	06	8753	M	3	1	778	12	0
20260708	4291318	cmp-a001-02-000000010432615	grp-a001-02-000000064422129	단백질바	nad-a001-02-000000494208904	bsn-a001-00-000000013604308	22	07	529514	M	1	0	0	3	0
20260708	4291318	cmp-a001-02-000000010432615	grp-a001-02-000000064422129	황성주생식라이프밀	nad-a001-02-000000494208910	bsn-a001-00-000000013604308	22	09	8753	M	1	0	0	1	0
20260708	4291318	cmp-a001-02-000000010432615	grp-a001-02-000000064422129	황성주생식	nad-a001-02-000000494208911	bsn-a001-00-000000013604308	22	04	633013	M	4	0	0	12	0
20260708	4291318	cmp-a001-02-000000010764328	grp-a001-02-000000069047580	단호박단백질	nad-a001-02-000000541753978	bsn-a001-00-000000013604308	09	09	684924	M	1	0	0	1	0
20260708	4291318	cmp-a001-02-000000010764328	grp-a001-02-000000069047580	황성주생식	nad-a001-02-000000541753966	bsn-a001-00-000000013604308	09	99	8753	M	1	0	0	4	0
20260708	4291318	cmp-a001-02-000000010764328	grp-a001-02-000000069047580	프로틴	nad-a001-02-000000541753984	bsn-a001-00-000000013604308	09	07	768323	M	2	0	0	10	0
20260708	4291318	cmp-a001-02-000000010764328	grp-a001-02-000000069047580	생식가루	nad-a001-02-000000541753996	bsn-a001-00-000000013604308	09	07	8753	M	1	0	0	1	0
20260708	4291318	cmp-a001-02-000000010764328	grp-a001-02-000000069047580	단백질쉐이크고구마	nad-a001-02-000000541753970	bsn-a001-00-000000013604308	09	18	8753	M	1	0	0	2	0
20260708	4291318	cmp-a001-02-000000010764328	grp-a001-02-000000069047580	단백질쉐이크	nad-a001-02-000000541754000	bsn-a001-00-000000013604308	09	18	529514	M	2	0	0	36	0
20260708	4291318	cmp-a001-02-000000010764328	grp-a001-02-000000069047580	프로틴	nad-a001-02-000000541753984	bsn-a001-00-000000013604308	09	02	768323	M	16	0	0	83	0
20260708	4291318	cmp-a001-02-000000010764328	grp-a001-02-000000069047580	프로틴	nad-a001-02-000000541753979	bsn-a001-00-000000013604308	09	13	768323	M	1	0	0	6	0
20260708	4291318	cmp-a001-02-000000010764328	grp-a001-02-000000069047580	과자	nad-a001-02-000000541753991	bsn-a001-00-000000013604308	09	99	529514	M	2	0	0	8	0
20260708	4291318	cmp-a001-02-000000010764328	grp-a001-02-000000069047580	황성주생식	nad-a001-02-000000541754004	bsn-a001-00-000000013604308	09	04	33421	M	1	0	0	4	0
20260708	4291318	cmp-a001-02-000000010764328	grp-a001-02-000000069047580	황성주생식	nad-a001-02-000000541753996	bsn-a001-00-000000013604308	09	02	8753	M	1	1	4239	1	0
20260708	4291318	cmp-a001-02-000000010764328	grp-a001-02-000000069047580	시리얼	nad-a001-02-000000541753991	bsn-a001-00-000000013604308	09	14	529514	M	2	0	0	6	0
20260708	4291318	cmp-a001-02-000000010764328	grp-a001-02-000000069047580	프로틴	nad-a001-02-000000541753984	bsn-a001-00-000000013604308	09	08	529514	M	5	0	0	15	0
20260708	4291318	cmp-a001-02-000000010764328	grp-a001-02-000000069047580	프로틴	nad-a001-02-000000541753984	bsn-a001-00-000000013604308	09	10	768323	M	2	0	0	11	0
20260708	4291318	cmp-a001-02-000000010764328	grp-a001-02-000000069047580	프로틴	nad-a001-02-000000541753979	bsn-a001-00-000000013604308	09	07	768323	M	2	0	0	14	0
20260708	4291318	cmp-a001-02-000000010764328	grp-a001-02-000000069047580	생식가루	nad-a001-02-000000541753967	bsn-a001-00-000000013604308	09	02	8753	M	1	0	0	4	0
20260708	4291318	cmp-a001-02-000000010764328	grp-a001-02-000000069047580	건강분말	nad-a001-02-000000541754001	bsn-a001-00-000000013604308	09	07	768323	M	1	0	0	15	0
20260708	4291318	cmp-a001-02-000000010764328	grp-a001-02-000000069047580	프로틴	nad-a001-02-000000541754000	bsn-a001-00-000000013604308	09	03	768323	M	2	0	0	10	0
20260708	4291318	cmp-a001-02-000000010764328	grp-a001-02-000000069047580	프로틴	nad-a001-02-000000541754000	bsn-a001-00-000000013604308	09	09	98128	M	4	0	0	8	0
20260708	4291318	cmp-a001-02-000000010764328	grp-a001-02-000000069047580	황성주생식	nad-a001-02-000000541753996	bsn-a001-00-000000013604308	09	04	33421	M	1	0	0	1	0
20260708	4291318	cmp-a001-02-000000010764328	grp-a001-02-000000069047580	단백질	nad-a001-02-000000541753984	bsn-a001-00-000000013604308	09	99	529514	M	2	0	0	7	0
20260708	4291318	cmp-a001-02-000000010764328	grp-a001-02-000000069047580	프로틴	nad-a001-02-000000541753979	bsn-a001-00-000000013604308	09	11	768323	M	5	0	0	35	0
20260708	4291318	cmp-a001-02-000000010764328	grp-a001-02-000000069047580	황성주생식	nad-a001-02-000000541753988	bsn-a001-00-000000013604308	09	02	8753	M	1	0	0	5	0
20260708	4291318	cmp-a001-02-000000010764328	grp-a001-02-000000069047580	쉐이크	nad-a001-02-000000541753984	bsn-a001-00-000000013604308	09	02	98128	M	1	0	0	4	0
20260708	4291318	cmp-a001-02-000000010764328	grp-a001-02-000000069047580	쉐이크	nad-a001-02-000000541753979	bsn-a001-00-000000013604308	09	08	529514	M	4	0	0	13	0
20260708	4291318	cmp-a001-02-000000010764328	grp-a001-02-000000069047580	라이프밀브랜드스토어	nad-a001-02-000000541754004	bsn-a001-00-000000013604308	09	02	8753	M	1	0	0	2	0
20260708	4291318	cmp-a001-02-000000010764328	grp-a001-02-000000069047580	프로틴	nad-a001-02-000000541753979	bsn-a001-00-000000013604308	09	09	684927	P	2	0	0	14	0
20260708	4291318	cmp-a001-02-000000010764328	grp-a001-02-000000069047580	프로틴	nad-a001-02-000000541753984	bsn-a001-00-000000013604308	09	01	768323	M	2	0	0	11	0
20260708	4291318	cmp-a001-02-000000010764328	grp-a001-02-000000069047580	쉐이크	nad-a001-02-000000541754000	bsn-a001-00-000000013604308	09	08	529514	M	5	0	0	10	0
20260708	4291318	cmp-a001-02-000000010764328	grp-a001-02-000000069047580	단호박단백질	nad-a001-02-000000541753976	bsn-a001-00-000000013604308	09	09	8753	M	1	0	0	2	0
20260708	4291318	cmp-a001-02-000000010764328	grp-a001-02-000000069047580	35G	nad-a001-02-000000541753991	bsn-a001-00-000000013604308	09	02	529514	M	5	0	0	71	0
20260708	4291318	cmp-a001-02-000000010764328	grp-a001-02-000000069047580	라이프밀브랜드스토어	nad-a001-02-000000541753967	bsn-a001-00-000000013604308	09	02	8753	M	1	0	0	4	0
20260708	4291318	cmp-a001-02-000000010764328	grp-a001-02-000000069047580	프로틴	nad-a001-02-000000541754000	bsn-a001-00-000000013604308	09	09	529514	M	3	0	0	6	0
20260708	4291318	cmp-a001-02-000000010764328	grp-a001-02-000000069047580	황성주생식	nad-a001-02-000000541753988	bsn-a001-00-000000013604308	09	99	8753	M	1	0	0	5	0
20260708	4291318	cmp-a001-02-000000010764328	grp-a001-02-000000069047580	다이어트쉐이크	nad-a001-02-000000541754000	bsn-a001-00-000000013604308	09	02	529514	M	2	0	0	32	0
20260708	4291318	cmp-a001-02-000000010764328	grp-a001-02-000000069047580	프로틴	nad-a001-02-000000541753979	bsn-a001-00-000000013604308	09	99	768323	M	4	0	0	27	0
20260708	4291318	cmp-a001-02-000000010764328	grp-a001-02-000000069047580	프로틴	nad-a001-02-000000541753981	bsn-a001-00-000000013604308	09	14	768323	M	1	0	0	4	0
20260708	4291318	cmp-a001-02-000000010764328	grp-a001-02-000000069047580	시리얼	nad-a001-02-000000541753991	bsn-a001-00-000000013604308	09	02	768323	M	1	0	0	20	0
20260708	4291318	cmp-a001-02-000000010764328	grp-a001-02-000000069047580	황성주생식	nad-a001-02-000000541753966	bsn-a001-00-000000013604308	09	11	8753	M	1	0	0	4	0
20260708	4291318	cmp-a001-02-000000010764328	grp-a001-02-000000069047580	시리얼	nad-a001-02-000000541753991	bsn-a001-00-000000013604308	09	09	768323	M	1	0	0	20	0
20260708	4291318	cmp-a001-02-000000010764328	grp-a001-02-000000069047580	건강분말	nad-a001-02-000000541753995	bsn-a001-00-000000013604308	09	07	768323	M	1	0	0	18	0
20260708	4291318	cmp-a001-02-000000010764328	grp-a001-02-000000069047580	프로틴	nad-a001-02-000000541754000	bsn-a001-00-000000013604308	09	11	768323	M	5	0	0	26	0
20260708	4291318	cmp-a001-02-000000010764328	grp-a001-02-000000069047580	프로틴	nad-a001-02-000000541753981	bsn-a001-00-000000013604308	09	04	137281	M	4	0	0	8	0
20260708	4291318	cmp-a001-02-000000010764328	grp-a001-02-000000069047580	황성주생식	nad-a001-02-000000541753996	bsn-a001-00-000000013604308	09	04	8753	M	2	0	0	2	0
20260708	4291318	cmp-a001-02-000000010764328	grp-a001-02-000000069047580	다이어트젤리	nad-a001-02-000000541753987	bsn-a001-00-000000013604308	09	11	529514	M	1	0	0	10	0
20260708	4291318	cmp-a001-02-000000010764328	grp-a001-02-000000069047580	야채가루	nad-a001-02-000000541753966	bsn-a001-00-000000013604308	09	07	8753	M	1	0	0	5	0
20260708	4291318	cmp-a001-02-000000010764328	grp-a001-02-000000069047580	황성주생식	nad-a001-02-000000541754004	bsn-a001-00-000000013604308	09	02	8753	M	1	0	0	2	0
20260708	4291318	cmp-a001-02-000000010764328	grp-a001-02-000000069047580	프로틴	nad-a001-02-000000541753981	bsn-a001-00-000000013604308	09	14	529514	M	5	0	0	16	0
20260708	4291318	cmp-a001-02-000000010764328	grp-a001-02-000000069047580	프로틴	nad-a001-02-000000541754000	bsn-a001-00-000000013604308	09	01	768323	M	2	0	0	11	0
20260708	4291318	cmp-a001-02-000000010764328	grp-a001-02-000000069047580	단백질쉐이크파우치	nad-a001-02-000000541753979	bsn-a001-00-000000013604308	09	07	11068	P	1	0	0	3	0
20260708	4291318	cmp-a001-02-000000010764328	grp-a001-02-000000069047580	프로틴	nad-a001-02-000000541753984	bsn-a001-00-000000013604308	09	09	529514	M	3	0	0	8	0
20260708	4291318	cmp-a001-02-000000010764328	grp-a001-02-000000069047580	단호박단백질	nad-a001-02-000000541753978	bsn-a001-00-000000013604308	09	09	8753	M	1	0	0	3	0
20260708	4291318	cmp-a001-02-000000010764328	grp-a001-02-000000069047580	건강분말	nad-a001-02-000000541753961	bsn-a001-00-000000013604308	09	03	768323	M	1	0	0	13	0
20260708	4291318	cmp-a001-02-000000010764328	grp-a001-02-000000069047580	프로틴	nad-a001-02-000000541754000	bsn-a001-00-000000013604308	09	08	768323	M	4	0	0	21	0
20260708	4291318	cmp-a001-02-000000010764328	grp-a001-02-000000069047580	단백질보충제	nad-a001-02-000000541753979	bsn-a001-00-000000013604308	09	09	529514	M	1	0	0	3	0
20260708	4291318	cmp-a001-02-000000010764328	grp-a001-02-000000069047580	프로틴	nad-a001-02-000000541753979	bsn-a001-00-000000013604308	09	14	529514	M	4	0	0	12	0
20260708	4291318	cmp-a001-02-000000010764328	grp-a001-02-000000069047580	시리얼	nad-a001-02-000000541753991	bsn-a001-00-000000013604308	09	09	529514	M	13	0	0	39	0
20260708	4291318	cmp-a001-02-000000010764328	grp-a001-02-000000069047580	황성주생식28포	nad-a001-02-000000541753967	bsn-a001-00-000000013604308	09	06	8753	M	1	0	0	1	0
20260708	4291318	cmp-a001-02-000000010764328	grp-a001-02-000000069047580	프로틴	nad-a001-02-000000541753984	bsn-a001-00-000000013604308	09	01	529514	M	4	0	0	15	0
20260708	4291318	cmp-a001-02-000000010764328	grp-a001-02-000000069047580	황성주생식	nad-a001-02-000000541753967	bsn-a001-00-000000013604308	09	09	8753	M	2	0	0	6	0
20260708	4291318	cmp-a001-02-000000010764328	grp-a001-02-000000069047580	단백질	nad-a001-02-000000541754000	bsn-a001-00-000000013604308	09	09	137281	M	1	0	0	2	0
20260708	4291318	cmp-a001-02-000000010764328	grp-a001-02-000000069047580	건강분말	nad-a001-02-000000541753961	bsn-a001-00-000000013604308	09	07	768323	M	1	0	0	14	0
20260708	4291318	cmp-a001-02-000000010764328	grp-a001-02-000000069047580	프로틴	nad-a001-02-000000541753981	bsn-a001-00-000000013604308	09	02	529514	M	2	0	0	5	0
20260708	4291318	cmp-a001-02-000000010764328	grp-a001-02-000000069047580	프로틴	nad-a001-02-000000541754000	bsn-a001-00-000000013604308	09	07	768323	M	2	0	0	12	0
20260708	4291318	cmp-a001-02-000000010764328	grp-a001-02-000000069047580	프로틴	nad-a001-02-000000541753984	bsn-a001-00-000000013604308	09	14	768323	M	1	0	0	5	0
20260708	4291318	cmp-a001-02-000000010764328	grp-a001-02-000000069047580	단백질	nad-a001-02-000000541754000	bsn-a001-00-000000013604308	09	09	98128	M	1	0	0	3	0
20260708	4291318	cmp-a001-02-000000010764328	grp-a001-02-000000069047580	단백질쉐이크	nad-a001-02-000000541754000	bsn-a001-00-000000013604308	09	16	529514	M	1	0	0	18	0
20260708	4291318	cmp-a001-02-000000010764328	grp-a001-02-000000069047580	황성주1일영양건강식	nad-a001-02-000000541753963	bsn-a001-00-000000013604308	09	02	27758	P	1	0	0	2	0
20260708	4291318	cmp-a001-02-000000010764328	grp-a001-02-000000069047580	단백질	nad-a001-02-000000541753981	bsn-a001-00-000000013604308	09	99	529514	M	1	0	0	3	0
20260708	4291318	cmp-a001-02-000000010764328	grp-a001-02-000000069047580	시리얼	nad-a001-02-000000541753991	bsn-a001-00-000000013604308	09	03	529514	M	2	0	0	6	0
20260708	4291318	cmp-a001-02-000000010764328	grp-a001-02-000000069047580	단백질	nad-a001-02-000000541753981	bsn-a001-00-000000013604308	09	09	98128	M	1	0	0	4	0
20260708	4291318	cmp-a001-02-000000010764328	grp-a001-02-000000069047580	시리얼	nad-a001-02-000000541753991	bsn-a001-00-000000013604308	09	16	529514	M	1	0	0	3	0
20260708	4291318	cmp-a001-02-000000010764328	grp-a001-02-000000069047580	과자	nad-a001-02-000000541753991	bsn-a001-00-000000013604308	09	11	529514	M	4	0	0	12	0
20260708	4291318	cmp-a001-02-000000010764328	grp-a001-02-000000069047580	프로틴	nad-a001-02-000000541753979	bsn-a001-00-000000013604308	09	99	529514	M	5	0	0	15	0
20260708	4291318	cmp-a001-02-000000010764328	grp-a001-02-000000069047580	야채가루	nad-a001-02-000000541753967	bsn-a001-00-000000013604308	09	07	8753	M	1	0	0	4	0
20260708	4291318	cmp-a001-02-000000010764328	grp-a001-02-000000069047580	시리얼	nad-a001-02-000000541753991	bsn-a001-00-000000013604308	09	11	768323	M	2	0	0	40	0
20260708	4291318	cmp-a001-02-000000010764328	grp-a001-02-000000069047580	프로틴	nad-a001-02-000000541753981	bsn-a001-00-000000013604308	09	18	768323	M	2	0	0	8	0
20260708	4291318	cmp-a001-02-000000010764328	grp-a001-02-000000069047580	프로틴	nad-a001-02-000000541753981	bsn-a001-00-000000013604308	09	03	768323	M	2	0	0	7	0
20260708	4291318	cmp-a001-02-000000010764328	grp-a001-02-000000069047580	단백질	nad-a001-02-000000541754000	bsn-a001-00-000000013604308	09	09	529514	M	9	0	0	27	0
20260708	4291318	cmp-a001-02-000000010764328	grp-a001-02-000000069047580	프로틴	nad-a001-02-000000541753979	bsn-a001-00-000000013604308	09	11	529514	M	1	0	0	3	0
20260708	4291318	cmp-a001-02-000000010764328	grp-a001-02-000000069047580	쿠팡아침대용	nad-a001-02-000000541753967	bsn-a001-00-000000013604308	09	07	27758	P	1	0	0	2	0
20260708	4291318	cmp-a001-02-000000010764328	grp-a001-02-000000069047580	황성주생식	nad-a001-02-000000541754004	bsn-a001-00-000000013604308	09	02	341893	M	1	0	0	1	0
20260708	4291318	cmp-a001-02-000000010764328	grp-a001-02-000000069047580	프로틴	nad-a001-02-000000541753979	bsn-a001-00-000000013604308	09	06	768323	M	5	0	0	35	0
20260708	4291318	cmp-a001-02-000000010764328	grp-a001-02-000000069047580	생식추천	nad-a001-02-000000541753996	bsn-a001-00-000000013604308	09	02	684924	M	1	0	0	1	0
20260708	4291318	cmp-a001-02-000000010764328	grp-a001-02-000000069047580	단백질	nad-a001-02-000000541753979	bsn-a001-00-000000013604308	09	09	98128	M	1	0	0	6	0
20260708	4291318	cmp-a001-02-000000010764328	grp-a001-02-000000069047580	단백질쉐이크	nad-a001-02-000000541754000	bsn-a001-00-000000013604308	09	06	529514	M	2	0	0	36	0
20260708	4291318	cmp-a001-02-000000010764328	grp-a001-02-000000069047580	과자	nad-a001-02-000000541753991	bsn-a001-00-000000013604308	09	03	529514	M	1	0	0	4	0
20260708	4291318	cmp-a001-02-000000010764328	grp-a001-02-000000069047580	단백질파우치	nad-a001-02-000000541753981	bsn-a001-00-000000013604308	09	09	11068	P	1	0	0	3	0
20260708	4291318	cmp-a001-02-000000010764328	grp-a001-02-000000069047580	황성주생식	nad-a001-02-000000541753997	bsn-a001-00-000000013604308	09	04	33421	M	1	0	0	6	0
20260708	4291318	cmp-a001-02-000000010764328	grp-a001-02-000000069047580	단백질보충제	nad-a001-02-000000541753979	bsn-a001-00-000000013604308	09	99	529514	M	6	0	0	15	0
20260708	4291318	cmp-a001-02-000000010764328	grp-a001-02-000000069047580	단백질바	nad-a001-02-000000541753991	bsn-a001-00-000000013604308	09	02	529514	M	4	0	0	14	0
20260708	4291318	cmp-a001-02-000000010764328	grp-a001-02-000000069047580	프로틴	nad-a001-02-000000541753984	bsn-a001-00-000000013604308	09	03	768323	M	2	0	0	10	0
20260708	4291318	cmp-a001-02-000000010764328	grp-a001-02-000000069047580	프로틴	nad-a001-02-000000541753984	bsn-a001-00-000000013604308	09	06	768323	M	5	0	0	27	0
20260708	4291318	cmp-a001-02-000000010764328	grp-a001-02-000000069047580	황성주생식	nad-a001-02-000000541754004	bsn-a001-00-000000013604308	09	99	8753	M	1	0	0	2	0
20260708	4291318	cmp-a001-02-000000010764328	grp-a001-02-000000069047580	황성주생식	nad-a001-02-000000541754005	bsn-a001-00-000000013604308	09	04	33421	M	1	0	0	8	0
20260708	4291318	cmp-a001-02-000000010764328	grp-a001-02-000000069047580	생식가루	nad-a001-02-000000541753967	bsn-a001-00-000000013604308	09	07	8753	M	1	0	0	4	0
20260708	4291318	cmp-a001-02-000000010764328	grp-a001-02-000000069047580	단백질	nad-a001-02-000000541753979	bsn-a001-00-000000013604308	09	99	529514	M	2	0	0	8	0
20260708	4291318	cmp-a001-02-000000010764328	grp-a001-02-000000069047580	과자	nad-a001-02-000000541753991	bsn-a001-00-000000013604308	09	09	529514	M	11	0	0	32	0
20260708	4291318	cmp-a001-02-000000010764328	grp-a001-02-000000069047580	프로틴	nad-a001-02-000000541753984	bsn-a001-00-000000013604308	09	15	529514	M	1	0	0	3	0
20260708	4291318	cmp-a001-02-000000010764328	grp-a001-02-000000069047580	프로틴	nad-a001-02-000000541754000	bsn-a001-00-000000013604308	09	02	768323	M	16	0	0	83	0
20260708	4291318	cmp-a001-02-000000010764328	grp-a001-02-000000069047580	원데이발란스견과류	nad-a001-02-000000541753960	bsn-a001-00-000000013604308	09	04	341893	M	1	0	0	12	0
20260708	4291318	cmp-a001-02-000000010764328	grp-a001-02-000000069047580	프로틴	nad-a001-02-000000541753984	bsn-a001-00-000000013604308	09	11	768323	M	5	0	0	29	0
20260708	4291318	cmp-a001-02-000000010764328	grp-a001-02-000000069047580	프로틴	nad-a001-02-000000541753979	bsn-a001-00-000000013604308	09	08	529514	M	2	0	0	9	0
20260708	4291318	cmp-a001-02-000000010764328	grp-a001-02-000000069047580	프로틴	nad-a001-02-000000541753979	bsn-a001-00-000000013604308	09	18	768323	M	2	0	0	14	0
20260708	4291318	cmp-a001-02-000000010764328	grp-a001-02-000000069047580	단백질보충제	nad-a001-02-000000541754000	bsn-a001-00-000000013604308	09	03	529514	M	5	0	0	10	0
20260708	4291318	cmp-a001-02-000000010764328	grp-a001-02-000000069047580	프로틴	nad-a001-02-000000541753984	bsn-a001-00-000000013604308	09	13	768323	M	1	0	0	5	0
20260708	4291318	cmp-a001-02-000000010764328	grp-a001-02-000000069047580	황성주생식	nad-a001-02-000000541754004	bsn-a001-00-000000013604308	09	06	8753	M	1	0	0	2	0
20260708	4291318	cmp-a001-02-000000010764328	grp-a001-02-000000069047580	황성주생식	nad-a001-02-000000541753967	bsn-a001-00-000000013604308	09	02	8753	M	1	0	0	3	0
20260708	4291318	cmp-a001-02-000000010764328	grp-a001-02-000000069047580	건강분말	nad-a001-02-000000541753994	bsn-a001-00-000000013604308	09	03	768323	M	2	0	0	36	0
20260708	4291318	cmp-a001-02-000000010764328	grp-a001-02-000000069047580	프로틴	nad-a001-02-000000541753979	bsn-a001-00-000000013604308	09	09	98128	M	4	0	0	18	0
20260708	4291318	cmp-a001-02-000000010764328	grp-a001-02-000000069047580	야채가루	nad-a001-02-000000541753967	bsn-a001-00-000000013604308	09	02	8753	M	1	0	0	2	0
20260708	4291318	cmp-a001-02-000000010764328	grp-a001-02-000000069047580	단백질바	nad-a001-02-000000541753991	bsn-a001-00-000000013604308	09	99	529514	M	2	0	0	13	0
20260708	4291318	cmp-a001-02-000000010764328	grp-a001-02-000000069047580	건강분말	nad-a001-02-000000541753993	bsn-a001-00-000000013604308	09	07	768323	M	1	0	0	17	0
20260708	4291318	cmp-a001-02-000000010764328	grp-a001-02-000000069047580	황성주생식	nad-a001-02-000000541753988	bsn-a001-00-000000013604308	09	04	33421	M	1	0	0	5	0
20260708	4291318	cmp-a001-02-000000010764328	grp-a001-02-000000069047580	프로틴	nad-a001-02-000000541753979	bsn-a001-00-000000013604308	09	09	768323	M	23	0	0	159	0
20260708	4291318	cmp-a001-02-000000010764328	grp-a001-02-000000069047580	단백질쉐이크바나나	nad-a001-02-000000541753972	bsn-a001-00-000000013604308	09	02	8753	M	1	0	0	2	0
20260708	4291318	cmp-a001-02-000000010764328	grp-a001-02-000000069047580	단백질쉐이크파우치	nad-a001-02-000000541753981	bsn-a001-00-000000013604308	09	99	684926	M	1	0	0	8	0
20260708	4291318	cmp-a001-02-000000010764328	grp-a001-02-000000069047580	단백질	nad-a001-02-000000541754000	bsn-a001-00-000000013604308	09	16	529514	M	3	0	0	9	0
20260708	4291318	cmp-a001-02-000000010764328	grp-a001-02-000000069047580	황성주생식	nad-a001-02-000000541753988	bsn-a001-00-000000013604308	09	99	341893	M	1	0	0	1	0
20260708	4291318	cmp-a001-02-000000010764328	grp-a001-02-000000069047580	프로틴	nad-a001-02-000000541753979	bsn-a001-00-000000013604308	09	00	768323	M	1	0	0	7	0
20260708	4291318	cmp-a001-02-000000010764328	grp-a001-02-000000069047580	프로틴	nad-a001-02-000000541753984	bsn-a001-00-000000013604308	09	08	98128	M	2	0	0	8	0
20260708	4291318	cmp-a001-02-000000010764328	grp-a001-02-000000069047580	과자	nad-a001-02-000000541753991	bsn-a001-00-000000013604308	09	09	98128	M	1	0	0	4	0
20260708	4291318	cmp-a001-02-000000010764328	grp-a001-02-000000069047580	프로틴	nad-a001-02-000000541753981	bsn-a001-00-000000013604308	09	09	98128	M	4	0	0	14	0
20260708	4291318	cmp-a001-02-000000010764328	grp-a001-02-000000069047580	건강분말	nad-a001-02-000000541753995	bsn-a001-00-000000013604308	09	03	768323	M	2	0	0	37	0
20260708	4291318	cmp-a001-02-000000010764328	grp-a001-02-000000069047580	황성주생식	nad-a001-02-000000541753967	bsn-a001-00-000000013604308	09	04	8753	M	2	0	0	6	0
20260708	4291318	cmp-a001-02-000000010764328	grp-a001-02-000000069047580	시리얼	nad-a001-02-000000541753991	bsn-a001-00-000000013604308	09	11	529514	M	3	0	0	9	0
20260708	4291318	cmp-a001-02-000000010764328	grp-a001-02-000000069047580	프로틴	nad-a001-02-000000541754000	bsn-a001-00-000000013604308	09	01	529514	M	5	0	0	10	0
20260708	4291318	cmp-a001-02-000000010764328	grp-a001-02-000000069047580	프로틴	nad-a001-02-000000541753981	bsn-a001-00-000000013604308	09	07	768323	M	2	0	0	8	0
20260708	4291318	cmp-a001-02-000000010764328	grp-a001-02-000000069047580	프로틴	nad-a001-02-000000541753984	bsn-a001-00-000000013604308	09	18	768323	M	2	0	0	11	0
20260708	4291318	cmp-a001-02-000000010764328	grp-a001-02-000000069047580	황성주생식	nad-a001-02-000000541753967	bsn-a001-00-000000013604308	09	99	8753	M	1	0	0	3	0
20260708	4291318	cmp-a001-02-000000010764328	grp-a001-02-000000069047580	프로틴	nad-a001-02-000000541753981	bsn-a001-00-000000013604308	09	08	768323	M	4	0	0	14	0
20260708	4291318	cmp-a001-02-000000010764328	grp-a001-02-000000069047580	단백질쉐이크파우치	nad-a001-02-000000541753981	bsn-a001-00-000000013604308	09	07	11068	P	1	0	0	4	0
20260708	4291318	cmp-a001-02-000000010764328	grp-a001-02-000000069047580	프로틴	nad-a001-02-000000541754000	bsn-a001-00-000000013604308	09	99	529514	M	4	0	0	8	0
20260708	4291318	cmp-a001-02-000000010764328	grp-a001-02-000000069047580	프로틴	nad-a001-02-000000541753981	bsn-a001-00-000000013604308	09	09	529514	M	3	0	0	10	0
20260708	4291318	cmp-a001-02-000000010764328	grp-a001-02-000000069047580	황성주생식28포	nad-a001-02-000000541753968	bsn-a001-00-000000013604308	09	06	8753	M	1	0	0	4	0
20260708	4291318	cmp-a001-02-000000010764328	grp-a001-02-000000069047580	프로틴	nad-a001-02-000000541753979	bsn-a001-00-000000013604308	09	07	529514	M	1	0	0	2	0
20260708	4291318	cmp-a001-02-000000010764328	grp-a001-02-000000069047580	라이프밀브랜드스토어	nad-a001-02-000000541753966	bsn-a001-00-000000013604308	09	02	8753	M	1	0	0	3	0
20260708	4291318	cmp-a001-02-000000010764328	grp-a001-02-000000069047580	단백질쉐이크	nad-a001-02-000000541754000	bsn-a001-00-000000013604308	09	09	529514	M	12	0	0	216	0
20260708	4291318	cmp-a001-02-000000010764328	grp-a001-02-000000069047580	프로틴	nad-a001-02-000000541754000	bsn-a001-00-000000013604308	09	13	768323	M	1	0	0	4	0
20260708	4291318	cmp-a001-02-000000010764328	grp-a001-02-000000069047580	단백질보충제	nad-a001-02-000000541753981	bsn-a001-00-000000013604308	09	02	23123	P	1	0	0	4	0
20260708	4291318	cmp-a001-02-000000010764328	grp-a001-02-000000069047580	황성주생식	nad-a001-02-000000541753996	bsn-a001-00-000000013604308	09	04	684924	M	2	0	0	2	0
20260708	4291318	cmp-a001-02-000000010764328	grp-a001-02-000000069047580	단백질보충제	nad-a001-02-000000541754000	bsn-a001-00-000000013604308	09	02	23123	P	1	0	0	6	0
20260708	4291318	cmp-a001-02-000000010764328	grp-a001-02-000000069047580	황성주1일영양건강식	nad-a001-02-000000541754003	bsn-a001-00-000000013604308	09	02	27758	P	1	0	0	1	0
20260708	4291318	cmp-a001-02-000000010764328	grp-a001-02-000000069047580	시리얼	nad-a001-02-000000541753991	bsn-a001-00-000000013604308	09	01	529514	M	3	0	0	9	0
20260708	4291318	cmp-a001-02-000000010764328	grp-a001-02-000000069047580	단백질	nad-a001-02-000000541754000	bsn-a001-00-000000013604308	09	99	529514	M	1	0	0	3	0
20260708	4291318	cmp-a001-02-000000010764328	grp-a001-02-000000069047580	시리얼	nad-a001-02-000000541753991	bsn-a001-00-000000013604308	09	06	529514	M	2	0	0	6	0
20260708	4291318	cmp-a001-02-000000010764328	grp-a001-02-000000069047580	프로틴	nad-a001-02-000000541754000	bsn-a001-00-000000013604308	09	08	98128	M	2	0	0	4	0
20260708	4291318	cmp-a001-02-000000010764328	grp-a001-02-000000069047580	황성주생식80	nad-a001-02-000000541754004	bsn-a001-00-000000013604308	09	02	8753	M	1	1	1709	2	0
20260708	4291318	cmp-a001-02-000000010764328	grp-a001-02-000000069047580	단백질보충제	nad-a001-02-000000541753984	bsn-a001-00-000000013604308	09	02	23123	P	1	0	0	5	0
20260708	4291318	cmp-a001-02-000000010764328	grp-a001-02-000000069047580	프로틴	nad-a001-02-000000541753979	bsn-a001-00-000000013604308	09	15	529514	M	1	0	0	5	0
20260708	4291318	cmp-a001-02-000000010764328	grp-a001-02-000000069047580	단백질쉐이크바나나	nad-a001-02-000000541753972	bsn-a001-00-000000013604308	09	02	684924	M	1	0	0	1	0
20260708	4291318	cmp-a001-02-000000010764328	grp-a001-02-000000069047580	영양식	nad-a001-02-000000541753964	bsn-a001-00-000000013604308	09	09	529514	M	2	0	0	14	0
20260708	4291318	cmp-a001-02-000000010764328	grp-a001-02-000000069047580	프로틴	nad-a001-02-000000541754000	bsn-a001-00-000000013604308	09	09	768323	M	23	0	0	127	0
20260708	4291318	cmp-a001-02-000000010764328	grp-a001-02-000000069047580	아침식사대용추천	nad-a001-02-000000541753967	bsn-a001-00-000000013604308	09	13	684925	P	1	0	0	1	0
20260708	4291318	cmp-a001-02-000000010764328	grp-a001-02-000000069047580	황성주생식80	nad-a001-02-000000541753967	bsn-a001-00-000000013604308	09	02	8753	M	1	1	1662	3	0
20260708	4291318	cmp-a001-02-000000010764328	grp-a001-02-000000069047580	프로틴	nad-a001-02-000000541754000	bsn-a001-00-000000013604308	09	06	768323	M	5	0	0	28	0
20260708	4291318	cmp-a001-02-000000010764328	grp-a001-02-000000069047580	프로틴	nad-a001-02-000000541753984	bsn-a001-00-000000013604308	09	09	684927	P	1	0	0	35	0
20260708	4291318	cmp-a001-02-000000010764328	grp-a001-02-000000069047580	쉐이크	nad-a001-02-000000541753979	bsn-a001-00-000000013604308	09	02	98128	M	1	0	0	5	0
20260708	4291318	cmp-a001-02-000000010764328	grp-a001-02-000000069047580	생식가루	nad-a001-02-000000541753966	bsn-a001-00-000000013604308	09	07	8753	M	1	0	0	5	0
20260708	4291318	cmp-a001-02-000000010764328	grp-a001-02-000000069047580	황성주생식	nad-a001-02-000000541753966	bsn-a001-00-000000013604308	09	09	8753	M	2	0	0	8	0
20260708	4291318	cmp-a001-02-000000010764328	grp-a001-02-000000069047580	프로틴	nad-a001-02-000000541753984	bsn-a001-00-000000013604308	09	04	768323	M	2	0	0	11	0
20260708	4291318	cmp-a001-02-000000010764328	grp-a001-02-000000069047580	프로틴	nad-a001-02-000000541753979	bsn-a001-00-000000013604308	09	02	529514	M	4	0	0	12	0
20260708	4291318	cmp-a001-02-000000010764328	grp-a001-02-000000069047580	시리얼	nad-a001-02-000000541753991	bsn-a001-00-000000013604308	09	99	529514	M	7	0	0	21	0
20260708	4291318	cmp-a001-02-000000010764328	grp-a001-02-000000069047580	황성주생식	nad-a001-02-000000541753967	bsn-a001-00-000000013604308	09	06	8753	M	1	0	0	3	0
20260708	4291318	cmp-a001-02-000000010764328	grp-a001-02-000000069047580	단호박탄수화물단백질	nad-a001-02-000000541753970	bsn-a001-00-000000013604308	09	08	27758	P	1	0	0	2	0
20260708	4291318	cmp-a001-02-000000010764328	grp-a001-02-000000069047580	프로틴	nad-a001-02-000000541753981	bsn-a001-00-000000013604308	09	13	768323	M	1	0	0	3	0
20260708	4291318	cmp-a001-02-000000010764328	grp-a001-02-000000069047580	단백질파우치	nad-a001-02-000000541753984	bsn-a001-00-000000013604308	09	09	11068	P	1	0	0	4	0
20260708	4291318	cmp-a001-02-000000010764328	grp-a001-02-000000069047580	프로틴	nad-a001-02-000000541753981	bsn-a001-00-000000013604308	09	15	684927	P	1	0	0	7	0
20260708	4291318	cmp-a001-02-000000010764328	grp-a001-02-000000069047580	쉐이크	nad-a001-02-000000541753981	bsn-a001-00-000000013604308	09	02	98128	M	1	0	0	3	0
20260708	4291318	cmp-a001-02-000000010764328	grp-a001-02-000000069047580	단백질쉐이크초코	nad-a001-02-000000541753981	bsn-a001-00-000000013604308	09	99	529514	M	1	0	0	10	0
20260708	4291318	cmp-a001-02-000000010764328	grp-a001-02-000000069047580	프로틴	nad-a001-02-000000541753979	bsn-a001-00-000000013604308	09	04	768323	M	2	0	0	14	0
20260708	4291318	cmp-a001-02-000000010764328	grp-a001-02-000000069047580	라이프밀브랜드스토어	nad-a001-02-000000541753996	bsn-a001-00-000000013604308	09	02	8753	M	1	0	0	1	0
20260708	4291318	cmp-a001-02-000000010764328	grp-a001-02-000000069047580	균형영양식	nad-a001-02-000000541753964	bsn-a001-00-000000013604308	09	09	529514	M	2	0	0	12	0
20260708	4291318	cmp-a001-02-000000010764328	grp-a001-02-000000069047580	프로틴	nad-a001-02-000000541753981	bsn-a001-00-000000013604308	09	08	529514	M	5	0	0	13	0
20260708	4291318	cmp-a001-02-000000010764328	grp-a001-02-000000069047580	프로틴	nad-a001-02-000000541753979	bsn-a001-00-000000013604308	09	02	768323	M	16	0	0	108	0
20260708	4291318	cmp-a001-02-000000010764328	grp-a001-02-000000069047580	시리얼	nad-a001-02-000000541753991	bsn-a001-00-000000013604308	09	08	529514	M	1	0	0	3	0
20260708	4291318	cmp-a001-02-000000010764328	grp-a001-02-000000069047580	생식가루	nad-a001-02-000000541754004	bsn-a001-00-000000013604308	09	02	8753	M	1	0	0	3	0
20260708	4291318	cmp-a001-02-000000010764328	grp-a001-02-000000069047580	시리얼	nad-a001-02-000000541753991	bsn-a001-00-000000013604308	09	07	529514	M	4	0	0	12	0
20260708	4291318	cmp-a001-02-000000010764328	grp-a001-02-000000069047580	프로틴	nad-a001-02-000000541754000	bsn-a001-00-000000013604308	09	08	529514	M	3	0	0	6	0
20260708	4291318	cmp-a001-02-000000010764328	grp-a001-02-000000069047580	황성주생식	nad-a001-02-000000541754004	bsn-a001-00-000000013604308	09	09	8753	M	2	0	0	4	0
20260708	4291318	cmp-a001-02-000000010764328	grp-a001-02-000000069047580	과자	nad-a001-02-000000541753991	bsn-a001-00-000000013604308	09	02	529514	M	1	0	0	4	0
20260708	4291318	cmp-a001-02-000000010764328	grp-a001-02-000000069047580	단백질파우치	nad-a001-02-000000541753979	bsn-a001-00-000000013604308	09	09	11068	P	1	0	0	1	0
20260708	4291318	cmp-a001-02-000000010764328	grp-a001-02-000000069047580	프로틴	nad-a001-02-000000541754000	bsn-a001-00-000000013604308	09	10	768323	M	2	0	0	11	0
20260708	4291318	cmp-a001-02-000000010764328	grp-a001-02-000000069047580	단백질보충제	nad-a001-02-000000541754000	bsn-a001-00-000000013604308	09	99	529514	M	3	0	0	6	0
20260708	4291318	cmp-a001-02-000000010764328	grp-a001-02-000000069047580	단백질보충제	nad-a001-02-000000541753981	bsn-a001-00-000000013604308	09	09	23123	P	3	0	0	13	0
20260708	4291318	cmp-a001-02-000000010764328	grp-a001-02-000000069047580	프로틴	nad-a001-02-000000541753979	bsn-a001-00-000000013604308	09	10	768323	M	2	0	0	14	0
20260708	4291318	cmp-a001-02-000000010764328	grp-a001-02-000000069047580	프로틴	nad-a001-02-000000541754000	bsn-a001-00-000000013604308	09	11	529514	M	1	0	0	2	0
20260708	4291318	cmp-a001-02-000000010764328	grp-a001-02-000000069047580	시리얼	nad-a001-02-000000541753991	bsn-a001-00-000000013604308	09	18	529514	M	3	0	0	9	0
20260708	4291318	cmp-a001-02-000000010764328	grp-a001-02-000000069047580	황성주생식	nad-a001-02-000000541753988	bsn-a001-00-000000013604308	09	09	8753	M	1	0	0	5	0
20260708	4291318	cmp-a001-02-000000010764328	grp-a001-02-000000069047580	프로틴	nad-a001-02-000000541754000	bsn-a001-00-000000013604308	09	99	768323	M	4	0	0	21	0
20260708	4291318	cmp-a001-02-000000010764328	grp-a001-02-000000069047580	프로틴	nad-a001-02-000000541754000	bsn-a001-00-000000013604308	09	00	768323	M	1	0	0	6	0
20260708	4291318	cmp-a001-02-000000010764328	grp-a001-02-000000069047580	단백질쉐이크파우치	nad-a001-02-000000541753979	bsn-a001-00-000000013604308	09	99	684926	M	1	0	0	7	0
20260708	4291318	cmp-a001-02-000000010764328	grp-a001-02-000000069047580	프로틴	nad-a001-02-000000541753984	bsn-a001-00-000000013604308	09	14	529514	M	5	0	0	13	0
20260708	4291318	cmp-a001-02-000000010764328	grp-a001-02-000000069047580	단백질	nad-a001-02-000000541753981	bsn-a001-00-000000013604308	09	09	529514	M	11	0	0	44	0
20260708	4291318	cmp-a001-02-000000010764328	grp-a001-02-000000069047580	쉐이크	nad-a001-02-000000541754000	bsn-a001-00-000000013604308	09	02	98128	M	1	0	0	2	0
20260708	4291318	cmp-a001-02-000000010764328	grp-a001-02-000000069047580	황성주생식	nad-a001-02-000000541753966	bsn-a001-00-000000013604308	09	08	341893	M	2	0	0	2	0
20260708	4291318	cmp-a001-02-000000010764328	grp-a001-02-000000069047580	단백질	nad-a001-02-000000541753984	bsn-a001-00-000000013604308	09	09	529514	M	7	0	0	25	0
20260708	4291318	cmp-a001-02-000000010764328	grp-a001-02-000000069047580	프로틴	nad-a001-02-000000541753984	bsn-a001-00-000000013604308	09	08	768323	M	4	0	0	19	0
20260708	4291318	cmp-a001-02-000000010764328	grp-a001-02-000000069047580	단호박단백질	nad-a001-02-000000541753970	bsn-a001-00-000000013604308	09	09	8753	M	1	0	0	1	0
20260708	4291318	cmp-a001-02-000000010764328	grp-a001-02-000000069047580	과자	nad-a001-02-000000541753991	bsn-a001-00-000000013604308	09	04	529514	M	2	0	0	7	0
20260708	4291318	cmp-a001-02-000000010764328	grp-a001-02-000000069047580	프로틴	nad-a001-02-000000541753984	bsn-a001-00-000000013604308	09	09	98128	M	4	0	0	16	0
20260708	4291318	cmp-a001-02-000000010764328	grp-a001-02-000000069047580	시리얼	nad-a001-02-000000541753991	bsn-a001-00-000000013604308	09	10	768323	M	1	0	0	20	0
20260708	4291318	cmp-a001-02-000000010764328	grp-a001-02-000000069047580	프로틴바	nad-a001-02-000000541753991	bsn-a001-00-000000013604308	09	02	684926	M	1	0	0	3	0
20260708	4291318	cmp-a001-02-000000010764328	grp-a001-02-000000069047580	황성주생식	nad-a001-02-000000541753996	bsn-a001-00-000000013604308	09	11	8753	M	1	0	0	1	0
20260708	4291318	cmp-a001-02-000000010764328	grp-a001-02-000000069047580	프로틴	nad-a001-02-000000541753984	bsn-a001-00-000000013604308	09	09	768323	M	23	0	0	121	0
20260708	4291318	cmp-a001-02-000000010764328	grp-a001-02-000000069047580	단백질	nad-a001-02-000000541753979	bsn-a001-00-000000013604308	09	16	529514	M	3	0	0	12	0
20260708	4291318	cmp-a001-02-000000010764328	grp-a001-02-000000069047580	황성주생식	nad-a001-02-000000541753967	bsn-a001-00-000000013604308	09	11	8753	M	1	0	0	3	0
20260708	4291318	cmp-a001-02-000000010764328	grp-a001-02-000000069047580	프로틴	nad-a001-02-000000541753981	bsn-a001-00-000000013604308	09	09	684927	P	1	0	0	15	0
20260708	4291318	cmp-a001-02-000000010764328	grp-a001-02-000000069047580	콜라겐	nad-a001-02-000000541753987	bsn-a001-00-000000013604308	09	18	768323	M	1	0	0	11	0
20260708	4291318	cmp-a001-02-000000010764328	grp-a001-02-000000069047580	가성비생식산도	nad-a001-02-000000541753996	bsn-a001-00-000000013604308	09	10	8753	M	1	0	0	3	0
20260708	4291318	cmp-a001-02-000000010764328	grp-a001-02-000000069047580	프로틴	nad-a001-02-000000541753981	bsn-a001-00-000000013604308	09	02	768323	M	16	0	0	62	0
20260708	4291318	cmp-a001-02-000000010764328	grp-a001-02-000000069047580	황성주1일영양건강식	nad-a001-02-000000541753963	bsn-a001-00-000000013604308	09	02	684925	P	1	0	0	1	0
20260708	4291318	cmp-a001-02-000000010764328	grp-a001-02-000000069047580	단백질보충제	nad-a001-02-000000541754000	bsn-a001-00-000000013604308	09	09	529514	M	1	0	0	2	0
20260708	4291318	cmp-a001-02-000000010764328	grp-a001-02-000000069047580	단백질파우치	nad-a001-02-000000541753970	bsn-a001-00-000000013604308	09	09	11068	P	1	0	0	2	0
20260708	4291318	cmp-a001-02-000000010764328	grp-a001-02-000000069047580	황성주생식28포	nad-a001-02-000000541753988	bsn-a001-00-000000013604308	09	06	8753	M	1	1	999	3	0
20260708	4291318	cmp-a001-02-000000010764328	grp-a001-02-000000069047580	시리얼	nad-a001-02-000000541753991	bsn-a001-00-000000013604308	09	13	529514	M	2	0	0	6	0
20260708	4291318	cmp-a001-02-000000010764328	grp-a001-02-000000069047580	건강분말	nad-a001-02-000000541753993	bsn-a001-00-000000013604308	09	03	768323	M	2	0	0	38	0
20260708	4291318	cmp-a001-02-000000010764328	grp-a001-02-000000069047580	건강분말	nad-a001-02-000000541754001	bsn-a001-00-000000013604308	09	03	768323	M	2	0	0	31	0
20260708	4291318	cmp-a001-02-000000010764328	grp-a001-02-000000069047580	황성주생식	nad-a001-02-000000541753988	bsn-a001-00-000000013604308	09	09	341893	M	1	0	0	1	0
20260708	4291318	cmp-a001-02-000000010764328	grp-a001-02-000000069047580	프로틴	nad-a001-02-000000541754000	bsn-a001-00-000000013604308	09	02	529514	M	2	0	0	4	0
20260708	4291318	cmp-a001-02-000000010764328	grp-a001-02-000000069047580	황성주생식	nad-a001-02-000000541754004	bsn-a001-00-000000013604308	09	04	8753	M	2	0	0	4	0
20260708	4291318	cmp-a001-02-000000010764328	grp-a001-02-000000069047580	황성주생식	nad-a001-02-000000541753966	bsn-a001-00-000000013604308	09	04	8753	M	2	0	0	8	0
20260708	4291318	cmp-a001-02-000000010764328	grp-a001-02-000000069047580	시리얼	nad-a001-02-000000541753991	bsn-a001-00-000000013604308	09	04	529514	M	3	0	0	9	0
20260708	4291318	cmp-a001-02-000000010764328	grp-a001-02-000000069047580	황성주생식	nad-a001-02-000000541753966	bsn-a001-00-000000013604308	09	02	8753	M	1	0	0	4	0
20260708	4291318	cmp-a001-02-000000010764328	grp-a001-02-000000069047580	프로틴	nad-a001-02-000000541753979	bsn-a001-00-000000013604308	09	08	768323	M	4	0	0	26	0
20260708	4291318	cmp-a001-02-000000010764328	grp-a001-02-000000069047580	단백질쉐이크	nad-a001-02-000000541754000	bsn-a001-00-000000013604308	09	02	529514	M	6	0	0	108	0
20260708	4291318	cmp-a001-02-000000010764328	grp-a001-02-000000069047580	건강분말	nad-a001-02-000000541753994	bsn-a001-00-000000013604308	09	07	768323	M	1	0	0	16	0
20260708	4291318	cmp-a001-02-000000010764328	grp-a001-02-000000069047580	프로틴	nad-a001-02-000000541753981	bsn-a001-00-000000013604308	09	01	768323	M	2	0	0	8	0
20260708	4291318	cmp-a001-02-000000010764328	grp-a001-02-000000069047580	프로틴	nad-a001-02-000000541754000	bsn-a001-00-000000013604308	09	18	768323	M	2	0	0	11	0
20260708	4291318	cmp-a001-02-000000010764328	grp-a001-02-000000069047580	단백질쉐이크파우치	nad-a001-02-000000541753984	bsn-a001-00-000000013604308	09	99	684926	M	1	0	0	12	0
20260708	4291318	cmp-a001-02-000000010764328	grp-a001-02-000000069047580	단백질	nad-a001-02-000000541753981	bsn-a001-00-000000013604308	09	16	529514	M	2	0	0	8	0
20260708	4291318	cmp-a001-02-000000010764328	grp-a001-02-000000069047580	아침식사대용추천	nad-a001-02-000000541753967	bsn-a001-00-000000013604308	09	09	684925	P	1	0	0	1	0
20260708	4291318	cmp-a001-02-000000010764328	grp-a001-02-000000069047580	단백질바	nad-a001-02-000000541753991	bsn-a001-00-000000013604308	09	07	11068	P	1	0	0	3	0
20260708	4291318	cmp-a001-02-000000010764328	grp-a001-02-000000069047580	프로틴	nad-a001-02-000000541753984	bsn-a001-00-000000013604308	09	99	529514	M	4	0	0	11	0
20260708	4291318	cmp-a001-02-000000010764328	grp-a001-02-000000069047580	프로틴	nad-a001-02-000000541753979	bsn-a001-00-000000013604308	09	01	529514	M	4	0	0	14	0
20260708	4291318	cmp-a001-02-000000010764328	grp-a001-02-000000069047580	프로틴	nad-a001-02-000000541753981	bsn-a001-00-000000013604308	09	06	768323	M	5	0	0	20	0
20260708	4291318	cmp-a001-02-000000010764328	grp-a001-02-000000069047580	단백질파우더	nad-a001-02-000000541754000	bsn-a001-00-000000013604308	09	09	98128	M	1	0	0	2	0
20260708	4291318	cmp-a001-02-000000010764328	grp-a001-02-000000069047580	황성주생식	nad-a001-02-000000541753996	bsn-a001-00-000000013604308	09	06	8753	M	1	0	0	1	0
20260708	4291318	cmp-a001-02-000000010764328	grp-a001-02-000000069047580	과자	nad-a001-02-000000541753991	bsn-a001-00-000000013604308	09	15	529514	M	1	0	0	3	0
20260708	4291318	cmp-a001-02-000000010764328	grp-a001-02-000000069047580	단백질파우치	nad-a001-02-000000541753971	bsn-a001-00-000000013604308	09	09	11068	P	1	0	0	5	0
20260708	4291318	cmp-a001-02-000000010764328	grp-a001-02-000000069047580	시리얼	nad-a001-02-000000541753991	bsn-a001-00-000000013604308	09	15	529514	M	3	0	0	9	0
20260708	4291318	cmp-a001-02-000000010764328	grp-a001-02-000000069047580	프로틴	nad-a001-02-000000541753981	bsn-a001-00-000000013604308	09	01	529514	M	4	0	0	11	0
20260708	4291318	cmp-a001-02-000000010764328	grp-a001-02-000000069047580	프로틴	nad-a001-02-000000541754000	bsn-a001-00-000000013604308	09	15	529514	M	2	0	0	4	0
20260708	4291318	cmp-a001-02-000000010764328	grp-a001-02-000000069047580	단백질파우치	nad-a001-02-000000541753971	bsn-a001-00-000000013604308	09	09	27758	P	1	0	0	3	0
20260708	4291318	cmp-a001-02-000000010764328	grp-a001-02-000000069047580	프로틴	nad-a001-02-000000541753981	bsn-a001-00-000000013604308	09	10	768323	M	2	0	0	8	0
20260708	4291318	cmp-a001-02-000000010764328	grp-a001-02-000000069047580	프로틴	nad-a001-02-000000541753979	bsn-a001-00-000000013604308	09	03	768323	M	2	0	0	13	0
20260708	4291318	cmp-a001-02-000000010764328	grp-a001-02-000000069047580	생식가루	nad-a001-02-000000541753996	bsn-a001-00-000000013604308	09	02	684924	M	1	0	0	1	0
20260708	4291318	cmp-a001-02-000000010764328	grp-a001-02-000000069047580	과자	nad-a001-02-000000541753991	bsn-a001-00-000000013604308	09	07	529514	M	2	0	0	6	0
20260708	4291318	cmp-a001-02-000000010764328	grp-a001-02-000000069047580	프로틴	nad-a001-02-000000541754000	bsn-a001-00-000000013604308	09	14	529514	M	4	0	0	8	0
20260708	4291318	cmp-a001-02-000000010764328	grp-a001-02-000000069047580	쉐이크	nad-a001-02-000000541753984	bsn-a001-00-000000013604308	09	08	529514	M	3	0	0	7	0
20260708	4291318	cmp-a001-02-000000010764328	grp-a001-02-000000069047580	황성주생식80	nad-a001-02-000000541753996	bsn-a001-00-000000013604308	09	02	8753	M	1	0	0	1	0
20260708	4291318	cmp-a001-02-000000010764328	grp-a001-02-000000069047580	프로틴	nad-a001-02-000000541753981	bsn-a001-00-000000013604308	09	04	768323	M	2	0	0	8	0
20260708	4291318	cmp-a001-02-000000010764328	grp-a001-02-000000069047580	시리얼	nad-a001-02-000000541753991	bsn-a001-00-000000013604308	09	02	529514	M	7	0	0	21	0
20260708	4291318	cmp-a001-02-000000010764328	grp-a001-02-000000069047580	프로틴	nad-a001-02-000000541753981	bsn-a001-00-000000013604308	09	08	98128	M	2	0	0	8	0
20260708	4291318	cmp-a001-02-000000010764328	grp-a001-02-000000069047580	단백질쉐이크파우치	nad-a001-02-000000541753971	bsn-a001-00-000000013604308	09	16	33421	M	1	0	0	5	0
20260708	4291318	cmp-a001-02-000000010764328	grp-a001-02-000000069047580	구운구운견과무염	nad-a001-02-000000541753960	bsn-a001-00-000000013604308	09	02	8753	M	1	0	0	4	0
20260708	4291318	cmp-a001-02-000000010764328	grp-a001-02-000000069047580	다이어트쉐이크	nad-a001-02-000000541754000	bsn-a001-00-000000013604308	09	09	768323	M	2	0	0	36	0
20260708	4291318	cmp-a001-02-000000010764328	grp-a001-02-000000069047580	단백질파우치	nad-a001-02-000000541753975	bsn-a001-00-000000013604308	09	09	11068	P	1	0	0	6	0
20260708	4291318	cmp-a001-02-000000010764328	grp-a001-02-000000069047580	쉐이크	nad-a001-02-000000541753981	bsn-a001-00-000000013604308	09	08	529514	M	4	0	0	11	0
20260708	4291318	cmp-a001-02-000000010764328	grp-a001-02-000000069047580	단백질보충제	nad-a001-02-000000541754000	bsn-a001-00-000000013604308	09	02	87620	M	1	0	0	2	0
20260708	4291318	cmp-a001-02-000000010764328	grp-a001-02-000000069047580	단백질	nad-a001-02-000000541753979	bsn-a001-00-000000013604308	09	09	529514	M	8	0	0	40	0
20260708	4291318	cmp-a001-02-000000010764328	grp-a001-02-000000069047580	단백질보충제	nad-a001-02-000000541754000	bsn-a001-00-000000013604308	09	09	23123	P	3	0	0	16	0
20260708	4291318	cmp-a001-02-000000010764328	grp-a001-02-000000069047580	신상과자	nad-a001-02-000000541753991	bsn-a001-00-000000013604308	09	99	529514	M	1	0	0	4	0
20260708	4291318	cmp-a001-02-000000010764328	grp-a001-02-000000069047580	과자	nad-a001-02-000000541753991	bsn-a001-00-000000013604308	09	01	529514	M	1	0	0	4	0
20260708	4291318	cmp-a001-02-000000010764328	grp-a001-02-000000069047580	황성주생식	nad-a001-02-000000541754004	bsn-a001-00-000000013604308	09	11	8753	M	1	1	3503	2	0
20260708	4291318	cmp-a001-02-000000010764328	grp-a001-02-000000069047580	황성주생식80	nad-a001-02-000000541753966	bsn-a001-00-000000013604308	09	02	8753	M	1	0	0	4	0
20260708	4291318	cmp-a001-02-000000010764328	grp-a001-02-000000069047580	프로틴	nad-a001-02-000000541754000	bsn-a001-00-000000013604308	09	09	684927	P	1	0	0	34	0
20260708	4291318	cmp-a001-02-000000010764328	grp-a001-02-000000069047580	단백질보충제	nad-a001-02-000000541753979	bsn-a001-00-000000013604308	09	02	87620	M	1	0	0	3	0
20260708	4291318	cmp-a001-02-000000010764328	grp-a001-02-000000069047580	황성주생식	nad-a001-02-000000541753988	bsn-a001-00-000000013604308	09	06	341893	M	1	1	730	1	0
20260708	4291318	cmp-a001-02-000000010764328	grp-a001-02-000000069047580	야채가루	nad-a001-02-000000541753966	bsn-a001-00-000000013604308	09	02	8753	M	1	0	0	4	0
20260708	4291318	cmp-a001-02-000000010764328	grp-a001-02-000000069047580	프로틴	nad-a001-02-000000541753984	bsn-a001-00-000000013604308	09	02	529514	M	3	0	0	7	0
20260708	4291318	cmp-a001-02-000000010764328	grp-a001-02-000000069047580	프로틴	nad-a001-02-000000541753979	bsn-a001-00-000000013604308	09	01	768323	M	2	0	0	14	0
20260708	4291318	cmp-a001-02-000000010764328	grp-a001-02-000000069047580	이롬황성주생식	nad-a001-02-000000541753997	bsn-a001-00-000000013604308	09	09	684924	M	1	0	0	1	0
20260708	4291318	cmp-a001-02-000000010764328	grp-a001-02-000000069047580	프로틴바	nad-a001-02-000000541753991	bsn-a001-00-000000013604308	09	13	11068	P	1	0	0	2	0
20260708	4291318	cmp-a001-02-000000010764328	grp-a001-02-000000069047580	단백질보충제	nad-a001-02-000000541753979	bsn-a001-00-000000013604308	09	09	23123	P	1	0	0	6	0
20260708	4291318	cmp-a001-02-000000010764328	grp-a001-02-000000069047580	프로틴	nad-a001-02-000000541753984	bsn-a001-00-000000013604308	09	00	768323	M	1	0	0	5	0
20260708	4291318	cmp-a001-02-000000010764328	grp-a001-02-000000069047580	단백질보충제	nad-a001-02-000000541753979	bsn-a001-00-000000013604308	09	03	529514	M	4	0	0	11	0
20260708	4291318	cmp-a001-02-000000010764328	grp-a001-02-000000069047580	생식가루	nad-a001-02-000000541754004	bsn-a001-00-000000013604308	09	07	8753	M	1	0	0	3	0
20260708	4291318	cmp-a001-02-000000010764328	grp-a001-02-000000069047580	황성주생식	nad-a001-02-000000541753966	bsn-a001-00-000000013604308	09	06	8753	M	1	0	0	4	0
20260708	4291318	cmp-a001-02-000000010764328	grp-a001-02-000000069047580	단백질쉐이크바나나	nad-a001-02-000000541753973	bsn-a001-00-000000013604308	09	02	8753	M	1	0	0	1	0
20260708	4291318	cmp-a001-02-000000010764328	grp-a001-02-000000069047580	단백질	nad-a001-02-000000541753984	bsn-a001-00-000000013604308	09	09	98128	M	1	0	0	5	0
20260708	4291318	cmp-a001-02-000000010764328	grp-a001-02-000000069047580	단호박탄수화물단백질	nad-a001-02-000000541753976	bsn-a001-00-000000013604308	09	08	27758	P	1	0	0	1	0
20260708	4291318	cmp-a001-02-000000010764328	grp-a001-02-000000069047580	프로틴	nad-a001-02-000000541753981	bsn-a001-00-000000013604308	09	00	768323	M	1	0	0	4	0
20260708	4291318	cmp-a001-02-000000010764328	grp-a001-02-000000069047580	프로틴	nad-a001-02-000000541754000	bsn-a001-00-000000013604308	09	14	768323	M	1	0	0	6	0
20260708	4291318	cmp-a001-02-000000010764328	grp-a001-02-000000069047580	프로틴	nad-a001-02-000000541754000	bsn-a001-00-000000013604308	09	04	768323	M	2	0	0	11	0
20260708	4291318	cmp-a001-02-000000010764328	grp-a001-02-000000069047580	황성주생식	nad-a001-02-000000541753996	bsn-a001-00-000000013604308	09	09	8753	M	2	0	0	2	0
20260708	4291318	cmp-a001-02-000000010764328	grp-a001-02-000000069047580	황성주생식28포	nad-a001-02-000000541753966	bsn-a001-00-000000013604308	09	06	8753	M	1	0	0	2	0
20260708	4291318	cmp-a001-02-000000010764328	grp-a001-02-000000069047580	단백질	nad-a001-02-000000541753984	bsn-a001-00-000000013604308	09	16	529514	M	2	0	0	6	0
20260708	4291318	cmp-a001-02-000000010764328	grp-a001-02-000000069047580	프로틴	nad-a001-02-000000541753981	bsn-a001-00-000000013604308	09	11	768323	M	5	0	0	20	0
20260708	4291318	cmp-a001-02-000000010764328	grp-a001-02-000000069047580	프로틴	nad-a001-02-000000541753984	bsn-a001-00-000000013604308	09	99	768323	M	4	0	0	21	0
20260708	4291318	cmp-a001-02-000000010764328	grp-a001-02-000000069047580	프로틴	nad-a001-02-000000541753981	bsn-a001-00-000000013604308	09	15	529514	M	1	0	0	4	0
20260708	4291318	cmp-a001-02-000000010764328	grp-a001-02-000000069047580	황성주생식	nad-a001-02-000000541753967	bsn-a001-00-000000013604308	09	04	33421	M	1	0	0	2	0
20260708	4291318	cmp-a001-02-000000010764328	grp-a001-02-000000069047580	프로틴	nad-a001-02-000000541753981	bsn-a001-00-000000013604308	09	09	768323	M	23	0	0	91	0
20260708	4291318	cmp-a001-02-000000010764328	grp-a001-02-000000069047580	황성주생식	nad-a001-02-000000541753966	bsn-a001-00-000000013604308	09	11	341893	M	1	0	0	1	0
20260708	4291318	cmp-a001-02-000000010764328	grp-a001-02-000000069047580	생식가루	nad-a001-02-000000541753996	bsn-a001-00-000000013604308	09	02	8753	M	1	0	0	1	0
20260708	4291318	cmp-a001-02-000000010764328	grp-a001-02-000000069047580	황성주생식	nad-a001-02-000000541753967	bsn-a001-00-000000013604308	09	02	341893	M	1	0	0	2	0
20260708	4291318	cmp-a001-02-000000010764328	grp-a001-02-000000069047580	쿠팡아침대용	nad-a001-02-000000541753966	bsn-a001-00-000000013604308	09	07	27758	P	1	0	0	1	0
20260708	4291318	cmp-a001-02-000000010764328	grp-a001-02-000000069047580	프로틴	nad-a001-02-000000541753979	bsn-a001-00-000000013604308	09	15	684927	P	1	0	0	4	0
20260708	4291318	cmp-a001-02-000000010764328	grp-a001-02-000000069047580	단백질바	nad-a001-02-000000541753991	bsn-a001-00-000000013604308	09	00	684927	P	1	0	0	5	0
20260708	4291318	cmp-a001-02-000000010764328	grp-a001-02-000000069047580	프로틴	nad-a001-02-000000541753979	bsn-a001-00-000000013604308	09	08	98128	M	2	0	0	8	0
20260708	4291318	cmp-a001-02-000000010764328	grp-a001-02-000000069047580	프로틴	nad-a001-02-000000541753981	bsn-a001-00-000000013604308	09	99	768323	M	4	0	0	15	0
20260708	4291318	cmp-a001-02-000000010764328	grp-a001-02-000000069047580	단백질쉐이크	nad-a001-02-000000541753974	bsn-a001-00-000000013604308	09	08	341893	M	1	0	0	9	0
20260708	4291318	cmp-a001-02-000000010764328	grp-a001-02-000000069047580	단백질보충제	nad-a001-02-000000541753984	bsn-a001-00-000000013604308	09	09	23123	P	3	0	0	17	0
20260708	4291318	cmp-a001-02-000000010764328	grp-a001-02-000000069047580	프로틴바	nad-a001-02-000000541753991	bsn-a001-00-000000013604308	09	02	529514	M	1	0	0	3	0
20260708	4291318	cmp-a001-02-000000010764328	grp-a001-02-000000069047580	단백질쉐이크	nad-a001-02-000000541754000	bsn-a001-00-000000013604308	09	99	529514	M	5	0	0	90	0
20260708	4291318	cmp-a001-02-000000010764328	grp-a001-02-000000069047580	황성주생식	nad-a001-02-000000541753966	bsn-a001-00-000000013604308	09	04	33421	M	1	0	0	3	0
20260708	4291318	cmp-a001-02-000000010764328	grp-a001-02-000000069047580	황성주생식	nad-a001-02-000000541753996	bsn-a001-00-000000013604308	09	99	8753	M	1	0	0	1	0
20260708	4291318	cmp-a001-02-000000010764328	grp-a001-02-000000069047580	프로틴	nad-a001-02-000000541753979	bsn-a001-00-000000013604308	09	14	768323	M	1	0	0	7	0
20260708	4291318	cmp-a001-02-000000010432615	grp-a001-02-000000064422129	황성주생식	nad-a001-02-000000494208910	bsn-a001-00-000000013604308	00	11	684926	M	0	1	11360	0	0
20260708	4291318	cmp-a001-02-000000010764328	grp-a001-02-000000069047580	단백질바	nad-a001-02-000000541753991	bsn-a001-00-000000013604308	15	09	529514	M	5	0	0	29	0
20260708	4291318	cmp-a001-02-000000010764328	grp-a001-02-000000069047580	프로틴	nad-a001-02-000000541754000	bsn-a001-00-000000013604308	15	08	529514	M	2	0	0	4	0
20260708	4291318	cmp-a001-02-000000010764328	grp-a001-02-000000069047580	균형영양식	nad-a001-02-000000541753964	bsn-a001-00-000000013604308	15	02	529514	M	3	0	0	18	0
20260708	4291318	cmp-a001-02-000000010432615	grp-a001-02-000000064422129	네이버스토어	nad-a001-02-000000494208910	bsn-a001-00-000000013604308	15	02	335738	P	2	0	0	2	0
20260708	4291318	cmp-a001-02-000000010432615	grp-a001-02-000000064422129	라이프밀	nad-a001-02-000000494208911	bsn-a001-00-000000013604308	15	15	529514	M	4	0	0	11	0
20260708	4291318	cmp-a001-02-000000010764328	grp-a001-02-000000069047580	아침식사캄파뉴	nad-a001-02-000000541753966	bsn-a001-00-000000013604308	15	09	27758	P	1	0	0	1	0
20260708	4291318	cmp-a001-02-000000010764328	grp-a001-02-000000069047580	단호박단백질	nad-a001-02-000000541753976	bsn-a001-00-000000013604308	15	02	27758	P	1	0	0	1	0
20260708	4291318	cmp-a001-02-000000010764328	grp-a001-02-000000069047580	프로틴	nad-a001-02-000000541753989	bsn-a001-00-000000013604308	15	99	768323	M	4	0	0	32	0
20260708	4291318	cmp-a001-02-000000010764328	grp-a001-02-000000069047580	프로틴	nad-a001-02-000000541754000	bsn-a001-00-000000013604308	15	03	768323	M	1	0	0	6	0
20260708	4291318	cmp-a001-02-000000010764328	grp-a001-02-000000069047580	단백질쉐이크	nad-a001-02-000000541753979	bsn-a001-00-000000013604308	15	02	11068	P	1	0	0	11	0
20260708	4291318	cmp-a001-02-000000010432615	grp-a001-02-000000064422129	스토어	nad-a001-02-000000494209017	bsn-a001-00-000000013604308	15	99	98128	M	4	0	0	32	0
20260708	4291318	cmp-a001-02-000000010764328	grp-a001-02-000000069047580	프로틴	nad-a001-02-000000541753984	bsn-a001-00-000000013604308	15	08	529514	M	4	0	0	10	0
20260708	4291318	cmp-a001-02-000000010764328	grp-a001-02-000000069047580	젤리스틱\	nad-a001-02-000000541753987	bsn-a001-00-000000013604308	15	02	11068	P	2	0	0	10	0
20260708	4291318	cmp-a001-02-000000010764328	grp-a001-02-000000069047580	프로틴	nad-a001-02-000000541753981	bsn-a001-00-000000013604308	15	02	768323	M	14	0	0	57	0
20260708	4291318	cmp-a001-02-000000010764328	grp-a001-02-000000069047580	프로틴	nad-a001-02-000000541753981	bsn-a001-00-000000013604308	15	15	768323	M	4	0	0	16	0
20260708	4291318	cmp-a001-02-000000010432615	grp-a001-02-000000064422129	만능야채톡	nad-a001-02-000000494209021	bsn-a001-00-000000013604308	15	02	370822	P	1	0	0	1	0
20260708	4291318	cmp-a001-02-000000010764328	grp-a001-02-000000069047580	영양식	nad-a001-02-000000541753964	bsn-a001-00-000000013604308	15	99	529514	M	1	0	0	7	0
20260708	4291318	cmp-a001-02-000000010764328	grp-a001-02-000000069047580	단백질보충제	nad-a001-02-000000541754000	bsn-a001-00-000000013604308	15	18	529514	M	2	0	0	4	0
20260708	4291318	cmp-a001-02-000000010432615	grp-a001-02-000000064422129	스토어	nad-a001-02-000000494208907	bsn-a001-00-000000013604308	15	00	98128	M	1	0	0	10	0
20260708	4291318	cmp-a001-02-000000010764328	grp-a001-02-000000069047580	네이버스토어	nad-a001-02-000000541753967	bsn-a001-00-000000013604308	15	99	612593	P	1	0	0	16	0
20260708	4291318	cmp-a001-02-000000010764328	grp-a001-02-000000069047580	프로틴	nad-a001-02-000000541754000	bsn-a001-00-000000013604308	15	06	768323	M	3	0	0	17	0
20260708	4291318	cmp-a001-02-000000010764328	grp-a001-02-000000069047580	프로틴	nad-a001-02-000000541754000	bsn-a001-00-000000013604308	15	06	529514	M	2	0	0	5	0
20260708	4291318	cmp-a001-02-000000010432615	grp-a001-02-000000064422129	단백질바	nad-a001-02-000000494208904	bsn-a001-00-000000013604308	15	04	684926	M	1	0	0	7	0
20260708	4291318	cmp-a001-02-000000010764328	grp-a001-02-000000069047580	단백질	nad-a001-02-000000541753981	bsn-a001-00-000000013604308	15	99	529514	M	10	0	0	55	0
20260708	4291318	cmp-a001-02-000000010432615	grp-a001-02-000000064422129	네이버스토어	nad-a001-02-000000494208910	bsn-a001-00-000000013604308	15	99	798056	M	1	0	0	1	0
20260708	4291318	cmp-a001-02-000000010764328	grp-a001-02-000000069047580	스토어	nad-a001-02-000000541753966	bsn-a001-00-000000013604308	15	99	98128	M	1	0	0	9	0
20260708	4291318	cmp-a001-02-000000010764328	grp-a001-02-000000069047580	단백질	nad-a001-02-000000541753981	bsn-a001-00-000000013604308	15	09	529514	M	2	0	0	12	0
20260708	4291318	cmp-a001-02-000000010764328	grp-a001-02-000000069047580	프로틴	nad-a001-02-000000541753984	bsn-a001-00-000000013604308	15	18	768323	M	1	0	0	5	0
20260708	4291318	cmp-a001-02-000000010764328	grp-a001-02-000000069047580	단백질	nad-a001-02-000000541753984	bsn-a001-00-000000013604308	15	99	529514	M	10	0	0	60	0
20260708	4291318	cmp-a001-02-000000010764328	grp-a001-02-000000069047580	단백질쉐이크	nad-a001-02-000000541753979	bsn-a001-00-000000013604308	15	06	98128	M	2	0	0	13	0
20260708	4291318	cmp-a001-02-000000010432615	grp-a001-02-000000064422129	스토어	nad-a001-02-000000494208910	bsn-a001-00-000000013604308	15	03	335738	P	1	0	0	2	0
20260708	4291318	cmp-a001-02-000000010764328	grp-a001-02-000000069047580	단백질쉐이크	nad-a001-02-000000541754000	bsn-a001-00-000000013604308	15	99	529514	M	7	0	0	29	0
20260708	4291318	cmp-a001-02-000000010432615	grp-a001-02-000000064422129	네이버스토어	nad-a001-02-000000494209021	bsn-a001-00-000000013604308	15	99	798056	M	1	0	0	3	0
20260708	4291318	cmp-a001-02-000000010432615	grp-a001-02-000000064422129	단백질바	nad-a001-02-000000494208904	bsn-a001-00-000000013604308	15	02	684926	M	1	0	0	4	0
20260708	4291318	cmp-a001-02-000000010764328	grp-a001-02-000000069047580	단백질쉐이크	nad-a001-02-000000541753989	bsn-a001-00-000000013604308	15	11	529514	M	2	0	0	8	0
20260708	4291318	cmp-a001-02-000000010764328	grp-a001-02-000000069047580	단백질쉐이크	nad-a001-02-000000541753979	bsn-a001-00-000000013604308	15	08	529514	M	8	0	0	43	0
20260708	4291318	cmp-a001-02-000000010764328	grp-a001-02-000000069047580	프로틴	nad-a001-02-000000541753981	bsn-a001-00-000000013604308	15	01	529514	M	5	0	0	15	0
20260708	4291318	cmp-a001-02-000000010764328	grp-a001-02-000000069047580	균형영양식	nad-a001-02-000000541753964	bsn-a001-00-000000013604308	15	09	23123	P	1	0	0	5	0
20260708	4291318	cmp-a001-02-000000010764328	grp-a001-02-000000069047580	사랑으로	nad-a001-02-000000541753991	bsn-a001-00-000000013604308	15	13	529514	M	1	0	0	7	0
20260708	4291318	cmp-a001-02-000000010764328	grp-a001-02-000000069047580	황성주생식	nad-a001-02-000000541753967	bsn-a001-00-000000013604308	15	11	8753	M	1	0	0	3	0
20260708	4291318	cmp-a001-02-000000010764328	grp-a001-02-000000069047580	시리얼	nad-a001-02-000000541753991	bsn-a001-00-000000013604308	15	15	529514	M	1	0	0	3	0
20260708	4291318	cmp-a001-02-000000010764328	grp-a001-02-000000069047580	라이프밀	nad-a001-02-000000541754004	bsn-a001-00-000000013604308	15	02	684925	P	1	0	0	1	0
20260708	4291318	cmp-a001-02-000000010432615	grp-a001-02-000000064422129	분말건조	nad-a001-02-000000494209021	bsn-a001-00-000000013604308	15	04	11068	P	1	0	0	7	0
20260708	4291318	cmp-a001-02-000000010432615	grp-a001-02-000000064422129	스토어	nad-a001-02-000000494209017	bsn-a001-00-000000013604308	15	03	98128	M	2	0	0	16	0
20260708	4291318	cmp-a001-02-000000010432615	grp-a001-02-000000064422129	프로틴바	nad-a001-02-000000494208904	bsn-a001-00-000000013604308	15	15	684926	M	1	0	0	3	0
20260708	4291318	cmp-a001-02-000000010764328	grp-a001-02-000000069047580	프로틴	nad-a001-02-000000541753989	bsn-a001-00-000000013604308	15	15	684926	M	1	0	0	4	0
20260708	4291318	cmp-a001-02-000000010432615	grp-a001-02-000000064422129	시리얼	nad-a001-02-000000494208904	bsn-a001-00-000000013604308	15	07	529514	M	5	0	0	15	0
20260708	4291318	cmp-a001-02-000000010764328	grp-a001-02-000000069047580	시리얼	nad-a001-02-000000541753991	bsn-a001-00-000000013604308	15	99	529514	M	18	0	0	63	0
20260708	4291318	cmp-a001-02-000000010764328	grp-a001-02-000000069047580	라이프밀	nad-a001-02-000000541753967	bsn-a001-00-000000013604308	15	10	633013	M	1	0	0	3	0
20260708	4291318	cmp-a001-02-000000010432615	grp-a001-02-000000064422129	스토어	nad-a001-02-000000494208910	bsn-a001-00-000000013604308	15	00	98128	M	1	0	0	6	0
20260708	4291318	cmp-a001-02-000000010764328	grp-a001-02-000000069047580	프로틴	nad-a001-02-000000541753984	bsn-a001-00-000000013604308	15	04	768323	M	1	0	0	5	0
20260708	4291318	cmp-a001-02-000000010432615	grp-a001-02-000000064422129	황성주생식	nad-a001-02-000000494208910	bsn-a001-00-000000013604308	15	00	633013	M	1	0	0	1	0
20260708	4291318	cmp-a001-02-000000010432615	grp-a001-02-000000064422129	스토어	nad-a001-02-000000494209017	bsn-a001-00-000000013604308	15	11	98128	M	1	0	0	8	0
20260708	4291318	cmp-a001-02-000000010432615	grp-a001-02-000000064422129	과자	nad-a001-02-000000494208904	bsn-a001-00-000000013604308	15	17	684926	M	1	0	0	26	0
20260708	4291318	cmp-a001-02-000000010764328	grp-a001-02-000000069047580	단백질쉐이크	nad-a001-02-000000541754000	bsn-a001-00-000000013604308	15	09	98128	M	1	0	0	4	0
20260708	4291318	cmp-a001-02-000000010764328	grp-a001-02-000000069047580	단백질	nad-a001-02-000000541753979	bsn-a001-00-000000013604308	15	03	684926	M	1	0	0	10	0
20260708	4291318	cmp-a001-02-000000010764328	grp-a001-02-000000069047580	단백질쉐이크	nad-a001-02-000000541753990	bsn-a001-00-000000013604308	15	09	341898	M	1	0	0	1	0
20260708	4291318	cmp-a001-02-000000010764328	grp-a001-02-000000069047580	하루견과	nad-a001-02-000000541753960	bsn-a001-00-000000013604308	15	09	370822	P	1	0	0	4	0
20260708	4291318	cmp-a001-02-000000010764328	grp-a001-02-000000069047580	프로틴	nad-a001-02-000000541753979	bsn-a001-00-000000013604308	15	18	768323	M	1	0	0	7	0
20260708	4291318	cmp-a001-02-000000010432615	grp-a001-02-000000064422129	네이버스토어	nad-a001-02-000000494208911	bsn-a001-00-000000013604308	15	99	798056	M	1	0	0	6	0
20260708	4291318	cmp-a001-02-000000010764328	grp-a001-02-000000069047580	단백질파우더	nad-a001-02-000000541753979	bsn-a001-00-000000013604308	15	02	768323	M	1	0	0	8	0
20260708	4291318	cmp-a001-02-000000010764328	grp-a001-02-000000069047580	단백질쉐이크	nad-a001-02-000000541753979	bsn-a001-00-000000013604308	15	09	529514	M	12	0	0	82	0
20260708	4291318	cmp-a001-02-000000010432615	grp-a001-02-000000064422129	과자	nad-a001-02-000000494208904	bsn-a001-00-000000013604308	15	06	529514	M	3	0	0	9	0
20260708	4291318	cmp-a001-02-000000010764328	grp-a001-02-000000069047580	쉐이크	nad-a001-02-000000541753981	bsn-a001-00-000000013604308	15	02	529514	M	10	0	0	35	0
20260708	4291318	cmp-a001-02-000000010432615	grp-a001-02-000000064422129	네이버스토어	nad-a001-02-000000494208910	bsn-a001-00-000000013604308	15	09	335738	P	1	0	0	1	0
20260708	4291318	cmp-a001-02-000000010432615	grp-a001-02-000000064422129	과자	nad-a001-02-000000494208904	bsn-a001-00-000000013604308	15	11	529514	M	2	0	0	6	0
20260708	4291318	cmp-a001-02-000000010764328	grp-a001-02-000000069047580	아침식사대용당뇨	nad-a001-02-000000541753966	bsn-a001-00-000000013604308	15	18	8753	M	1	0	0	3	0
20260708	4291318	cmp-a001-02-000000010764328	grp-a001-02-000000069047580	보충제	nad-a001-02-000000541754000	bsn-a001-00-000000013604308	15	08	529514	M	6	0	0	12	0
20260708	4291318	cmp-a001-02-000000010764328	grp-a001-02-000000069047580	프로틴	nad-a001-02-000000541753979	bsn-a001-00-000000013604308	15	10	768323	M	1	0	0	7	0
20260708	4291318	cmp-a001-02-000000010764328	grp-a001-02-000000069047580	단백질쉐이크	nad-a001-02-000000541753979	bsn-a001-00-000000013604308	15	09	684927	P	1	0	0	18	0
20260708	4291318	cmp-a001-02-000000010764328	grp-a001-02-000000069047580	시리얼	nad-a001-02-000000541753991	bsn-a001-00-000000013604308	15	06	529514	M	2	0	0	7	0
20260708	4291318	cmp-a001-02-000000010764328	grp-a001-02-000000069047580	생식가루	nad-a001-02-000000541753996	bsn-a001-00-000000013604308	15	09	27758	P	1	0	0	1	0
20260708	4291318	cmp-a001-02-000000010764328	grp-a001-02-000000069047580	프로틴	nad-a001-02-000000541753979	bsn-a001-00-000000013604308	15	03	768323	M	1	0	0	7	0
20260708	4291318	cmp-a001-02-000000010764328	grp-a001-02-000000069047580	황성주생식	nad-a001-02-000000541753967	bsn-a001-00-000000013604308	15	02	8753	M	3	0	0	9	0
20260708	4291318	cmp-a001-02-000000010764328	grp-a001-02-000000069047580	단백질보충제	nad-a001-02-000000541753984	bsn-a001-00-000000013604308	15	08	529514	M	1	0	0	2	0
20260708	4291318	cmp-a001-02-000000010764328	grp-a001-02-000000069047580	쉐이크	nad-a001-02-000000541753989	bsn-a001-00-000000013604308	15	08	98128	M	1	0	0	3	0
20260708	4291318	cmp-a001-02-000000010764328	grp-a001-02-000000069047580	단백질쉐이크	nad-a001-02-000000541753989	bsn-a001-00-000000013604308	15	99	529514	M	1	0	0	4	0
20260708	4291318	cmp-a001-02-000000010764328	grp-a001-02-000000069047580	단백질쉐이크	nad-a001-02-000000541753979	bsn-a001-00-000000013604308	15	99	529514	M	4	0	0	21	0
20260708	4291318	cmp-a001-02-000000010764328	grp-a001-02-000000069047580	단백질	nad-a001-02-000000541753979	bsn-a001-00-000000013604308	15	09	529514	M	3	0	0	17	0
20260708	4291318	cmp-a001-02-000000010764328	grp-a001-02-000000069047580	단백질보충제	nad-a001-02-000000541753984	bsn-a001-00-000000013604308	15	09	87620	M	2	0	0	8	0
20260708	4291318	cmp-a001-02-000000010764328	grp-a001-02-000000069047580	프로틴	nad-a001-02-000000541753981	bsn-a001-00-000000013604308	15	17	529514	M	4	0	0	13	0
20260708	4291318	cmp-a001-02-000000010764328	grp-a001-02-000000069047580	쉐이크	nad-a001-02-000000541754000	bsn-a001-00-000000013604308	15	08	98128	M	1	0	0	4	0
20260708	4291318	cmp-a001-02-000000010764328	grp-a001-02-000000069047580	프로틴	nad-a001-02-000000541753979	bsn-a001-00-000000013604308	15	18	529514	M	2	0	0	6	0
20260708	4291318	cmp-a001-02-000000010764328	grp-a001-02-000000069047580	프로틴	nad-a001-02-000000541753981	bsn-a001-00-000000013604308	15	06	768323	M	3	0	0	11	0
20260708	4291318	cmp-a001-02-000000010764328	grp-a001-02-000000069047580	프로틴	nad-a001-02-000000541753989	bsn-a001-00-000000013604308	15	15	768323	M	3	0	0	23	0
20260708	4291318	cmp-a001-02-000000010764328	grp-a001-02-000000069047580	라이프밀	nad-a001-02-000000541753966	bsn-a001-00-000000013604308	15	15	529514	M	2	0	0	4	0
20260708	4291318	cmp-a001-02-000000010432615	grp-a001-02-000000064422129	스토어	nad-a001-02-000000494209017	bsn-a001-00-000000013604308	15	08	98128	M	1	0	0	8	0
20260708	4291318	cmp-a001-02-000000010432615	grp-a001-02-000000064422129	사랑	nad-a001-02-000000494208904	bsn-a001-00-000000013604308	15	09	98128	M	2	0	0	14	0
20260708	4291318	cmp-a001-02-000000010764328	grp-a001-02-000000069047580	단백질	nad-a001-02-000000541753984	bsn-a001-00-000000013604308	15	09	98128	M	1	0	0	7	0
20260708	4291318	cmp-a001-02-000000010432615	grp-a001-02-000000064422129	가루	nad-a001-02-000000494208910	bsn-a001-00-000000013604308	15	01	8753	M	1	0	0	3	0
20260708	4291318	cmp-a001-02-000000010764328	grp-a001-02-000000069047580	단백질보충제	nad-a001-02-000000541753989	bsn-a001-00-000000013604308	15	08	684926	M	1	0	0	2	0
20260708	4291318	cmp-a001-02-000000010764328	grp-a001-02-000000069047580	프로틴	nad-a001-02-000000541753979	bsn-a001-00-000000013604308	15	01	768323	M	2	0	0	15	0
20260708	4291318	cmp-a001-02-000000010764328	grp-a001-02-000000069047580	프로틴	nad-a001-02-000000541753979	bsn-a001-00-000000013604308	15	07	529514	M	3	0	0	11	0
20260708	4291318	cmp-a001-02-000000010432615	grp-a001-02-000000064422129	과자	nad-a001-02-000000494208904	bsn-a001-00-000000013604308	15	09	529514	M	11	0	0	33	0
20260708	4291318	cmp-a001-02-000000010764328	grp-a001-02-000000069047580	사랑이	nad-a001-02-000000541753991	bsn-a001-00-000000013604308	15	99	529514	M	1	0	0	9	0
20260708	4291318	cmp-a001-02-000000010764328	grp-a001-02-000000069047580	프로틴	nad-a001-02-000000541753981	bsn-a001-00-000000013604308	15	09	137281	M	1	0	0	2	0
20260708	4291318	cmp-a001-02-000000010764328	grp-a001-02-000000069047580	건강분말	nad-a001-02-000000541753961	bsn-a001-00-000000013604308	15	11	768323	M	1	0	0	17	0
20260708	4291318	cmp-a001-02-000000010764328	grp-a001-02-000000069047580	프로틴	nad-a001-02-000000541753979	bsn-a001-00-000000013604308	15	08	529514	M	5	0	0	18	0
20260708	4291318	cmp-a001-02-000000010432615	grp-a001-02-000000064422129	스토어	nad-a001-02-000000494208910	bsn-a001-00-000000013604308	15	11	98128	M	1	0	0	5	0
20260708	4291318	cmp-a001-02-000000010432615	grp-a001-02-000000064422129	스토어	nad-a001-02-000000494209022	bsn-a001-00-000000013604308	15	99	98128	M	4	0	0	36	0
20260708	4291318	cmp-a001-02-000000010764328	grp-a001-02-000000069047580	프로틴	nad-a001-02-000000541754000	bsn-a001-00-000000013604308	15	04	768323	M	1	0	0	6	0
20260708	4291318	cmp-a001-02-000000010764328	grp-a001-02-000000069047580	과자	nad-a001-02-000000541753991	bsn-a001-00-000000013604308	15	03	529514	M	4	0	0	13	0
20260708	4291318	cmp-a001-02-000000010764328	grp-a001-02-000000069047580	단백질쉐이크	nad-a001-02-000000541754000	bsn-a001-00-000000013604308	15	06	529514	M	18	0	0	72	0
20260708	4291318	cmp-a001-02-000000010764328	grp-a001-02-000000069047580	프로틴	nad-a001-02-000000541754000	bsn-a001-00-000000013604308	15	11	768323	M	4	0	0	21	0
20260708	4291318	cmp-a001-02-000000010764328	grp-a001-02-000000069047580	프로틴	nad-a001-02-000000541753979	bsn-a001-00-000000013604308	15	03	529514	M	2	0	0	7	0
20260708	4291318	cmp-a001-02-000000010764328	grp-a001-02-000000069047580	쉐이크	nad-a001-02-000000541754000	bsn-a001-00-000000013604308	15	02	529514	M	11	0	0	33	0
20260708	4291318	cmp-a001-02-000000010432615	grp-a001-02-000000064422129	스토어	nad-a001-02-000000494209021	bsn-a001-00-000000013604308	15	00	98128	M	1	0	0	8	0
20260708	4291318	cmp-a001-02-000000010764328	grp-a001-02-000000069047580	단백질쉐이크	nad-a001-02-000000541753989	bsn-a001-00-000000013604308	15	09	529514	M	15	0	0	60	0
20260708	4291318	cmp-a001-02-000000010432615	grp-a001-02-000000064422129	스토어	nad-a001-02-000000494208911	bsn-a001-00-000000013604308	15	11	98128	M	1	0	0	10	0
20260708	4291318	cmp-a001-02-000000010764328	grp-a001-02-000000069047580	프로틴	nad-a001-02-000000541753981	bsn-a001-00-000000013604308	15	07	529514	M	2	0	0	8	0
20260708	4291318	cmp-a001-02-000000010432615	grp-a001-02-000000064422129	스토어	nad-a001-02-000000494209022	bsn-a001-00-000000013604308	15	11	98128	M	1	0	0	9	0
20260708	4291318	cmp-a001-02-000000010764328	grp-a001-02-000000069047580	프로틴	nad-a001-02-000000541753979	bsn-a001-00-000000013604308	15	01	529514	M	6	0	0	24	0
20260708	4291318	cmp-a001-02-000000010764328	grp-a001-02-000000069047580	저분자콜라겐	nad-a001-02-000000541753987	bsn-a001-00-000000013604308	15	18	529514	M	1	0	0	7	0
20260708	4291318	cmp-a001-02-000000010764328	grp-a001-02-000000069047580	단백질쉐이크	nad-a001-02-000000541753981	bsn-a001-00-000000013604308	15	99	529514	M	2	0	0	11	0
20260708	4291318	cmp-a001-02-000000010764328	grp-a001-02-000000069047580	프로틴	nad-a001-02-000000541753981	bsn-a001-00-000000013604308	15	99	529514	M	33	0	0	93	0
20260708	4291318	cmp-a001-02-000000010432615	grp-a001-02-000000064422129	사랑하라	nad-a001-02-000000494208904	bsn-a001-00-000000013604308	15	09	98128	M	1	0	0	6	0
20260708	4291318	cmp-a001-02-000000010764328	grp-a001-02-000000069047580	단백질쉐이크	nad-a001-02-000000541753981	bsn-a001-00-000000013604308	15	18	529514	M	3	0	0	18	0
20260708	4291318	cmp-a001-02-000000010764328	grp-a001-02-000000069047580	아침식사대용당뇨	nad-a001-02-000000541753967	bsn-a001-00-000000013604308	15	18	8753	M	1	0	0	2	0
20260708	4291318	cmp-a001-02-000000010764328	grp-a001-02-000000069047580	프로틴	nad-a001-02-000000541753979	bsn-a001-00-000000013604308	15	99	529514	M	40	0	0	148	0
20260708	4291318	cmp-a001-02-000000010432615	grp-a001-02-000000064422129	라이프밀	nad-a001-02-000000494209022	bsn-a001-00-000000013604308	15	15	529514	M	2	0	0	11	0
20260708	4291318	cmp-a001-02-000000010764328	grp-a001-02-000000069047580	시리얼	nad-a001-02-000000541753991	bsn-a001-00-000000013604308	15	07	529514	M	4	0	0	13	0
20260708	4291318	cmp-a001-02-000000010764328	grp-a001-02-000000069047580	황성주생식	nad-a001-02-000000541753996	bsn-a001-00-000000013604308	15	11	8753	M	1	0	0	1	0
20260708	4291318	cmp-a001-02-000000010764328	grp-a001-02-000000069047580	프로틴파우치	nad-a001-02-000000541753981	bsn-a001-00-000000013604308	15	04	684927	P	1	0	0	29	0
20260708	4291318	cmp-a001-02-000000010764328	grp-a001-02-000000069047580	프로틴	nad-a001-02-000000541753989	bsn-a001-00-000000013604308	15	09	768323	M	4	0	0	29	0
20260708	4291318	cmp-a001-02-000000010764328	grp-a001-02-000000069047580	단백질보충제	nad-a001-02-000000541753981	bsn-a001-00-000000013604308	15	02	529514	M	1	0	0	3	0
20260708	4291318	cmp-a001-02-000000010432615	grp-a001-02-000000064422129	2개	nad-a001-02-000000494208911	bsn-a001-00-000000013604308	15	15	529514	M	1	0	0	6	0
20260708	4291318	cmp-a001-02-000000010764328	grp-a001-02-000000069047580	시리얼	nad-a001-02-000000541753991	bsn-a001-00-000000013604308	15	09	768323	M	2	0	0	40	0
20260708	4291318	cmp-a001-02-000000010764328	grp-a001-02-000000069047580	단백질쉐이크파우치	nad-a001-02-000000541753979	bsn-a001-00-000000013604308	15	09	11068	P	1	0	0	7	0
20260708	4291318	cmp-a001-02-000000010764328	grp-a001-02-000000069047580	프로틴	nad-a001-02-000000541753979	bsn-a001-00-000000013604308	15	02	529514	M	17	0	0	63	0
20260708	4291318	cmp-a001-02-000000010764328	grp-a001-02-000000069047580	프로틴	nad-a001-02-000000541753984	bsn-a001-00-000000013604308	15	17	529514	M	1	0	0	2	0
20260708	4291318	cmp-a001-02-000000010764328	grp-a001-02-000000069047580	단백질파우더	nad-a001-02-000000541754000	bsn-a001-00-000000013604308	15	02	768323	M	1	0	0	7	0
20260708	4291318	cmp-a001-02-000000010764328	grp-a001-02-000000069047580	35G	nad-a001-02-000000541753991	bsn-a001-00-000000013604308	15	09	529514	M	2	0	0	36	0
20260708	4291318	cmp-a001-02-000000010764328	grp-a001-02-000000069047580	바나나맛	nad-a001-02-000000541753982	bsn-a001-00-000000013604308	15	16	684926	M	1	0	0	4	0
20260708	4291318	cmp-a001-02-000000010764328	grp-a001-02-000000069047580	프로틴	nad-a001-02-000000541753984	bsn-a001-00-000000013604308	15	01	529514	M	3	0	0	9	0
20260708	4291318	cmp-a001-02-000000010432615	grp-a001-02-000000064422129	스토어	nad-a001-02-000000494209021	bsn-a001-00-000000013604308	15	06	98128	M	1	0	0	7	0
20260708	4291318	cmp-a001-02-000000010764328	grp-a001-02-000000069047580	단백질보충제	nad-a001-02-000000541753984	bsn-a001-00-000000013604308	15	18	529514	M	2	0	0	8	0
20260708	4291318	cmp-a001-02-000000010764328	grp-a001-02-000000069047580	단백질쉐이크	nad-a001-02-000000541753981	bsn-a001-00-000000013604308	15	08	529514	M	4	0	0	21	0
20260708	4291318	cmp-a001-02-000000010764328	grp-a001-02-000000069047580	다이어트할때견과류	nad-a001-02-000000541753959	bsn-a001-00-000000013604308	15	11	27758	P	1	0	0	2	0
20260708	4291318	cmp-a001-02-000000010764328	grp-a001-02-000000069047580	단백질쉐이크	nad-a001-02-000000541753979	bsn-a001-00-000000013604308	15	11	529514	M	3	0	0	19	0
20260708	4291318	cmp-a001-02-000000010432615	grp-a001-02-000000064422129	스토어	nad-a001-02-000000494208910	bsn-a001-00-000000013604308	15	07	335738	P	1	0	0	1	0
20260708	4291318	cmp-a001-02-000000010764328	grp-a001-02-000000069047580	프로틴	nad-a001-02-000000541753981	bsn-a001-00-000000013604308	15	11	768323	M	4	0	0	13	0
20260708	4291318	cmp-a001-02-000000010764328	grp-a001-02-000000069047580	프로틴파우치	nad-a001-02-000000541753984	bsn-a001-00-000000013604308	15	04	684927	P	1	0	0	36	0
20260708	4291318	cmp-a001-02-000000010764328	grp-a001-02-000000069047580	바나나맛	nad-a001-02-000000541753973	bsn-a001-00-000000013604308	15	16	684926	M	1	0	0	3	0
20260708	4291318	cmp-a001-02-000000010432615	grp-a001-02-000000064422129	분말건조	nad-a001-02-000000494208910	bsn-a001-00-000000013604308	15	04	11068	P	1	0	0	1	0
20260708	4291318	cmp-a001-02-000000010764328	grp-a001-02-000000069047580	단호박단백질	nad-a001-02-000000541753970	bsn-a001-00-000000013604308	15	02	684925	P	1	0	0	1	0
20260708	4291318	cmp-a001-02-000000010764328	grp-a001-02-000000069047580	프로틴	nad-a001-02-000000541753984	bsn-a001-00-000000013604308	15	04	529514	M	13	0	0	37	0
20260708	4291318	cmp-a001-02-000000010432615	grp-a001-02-000000064422129	스토어	nad-a001-02-000000494208910	bsn-a001-00-000000013604308	15	06	98128	M	1	0	0	5	0
20260708	4291318	cmp-a001-02-000000010764328	grp-a001-02-000000069047580	프로틴	nad-a001-02-000000541753979	bsn-a001-00-000000013604308	15	14	529514	M	1	0	0	3	0
20260708	4291318	cmp-a001-02-000000010432615	grp-a001-02-000000064422129	시리얼	nad-a001-02-000000494208904	bsn-a001-00-000000013604308	15	18	529514	M	7	0	0	21	0
20260708	4291318	cmp-a001-02-000000010764328	grp-a001-02-000000069047580	프로틴	nad-a001-02-000000541753984	bsn-a001-00-000000013604308	15	99	529514	M	32	0	0	97	0
20260708	4291318	cmp-a001-02-000000010432615	grp-a001-02-000000064422129	단백질바	nad-a001-02-000000494208904	bsn-a001-00-000000013604308	15	02	684927	P	1	0	0	16	0
20260708	4291318	cmp-a001-02-000000010764328	grp-a001-02-000000069047580	라이프밀	nad-a001-02-000000541754005	bsn-a001-00-000000013604308	15	15	529514	M	1	0	0	8	0
20260708	4291318	cmp-a001-02-000000010764328	grp-a001-02-000000069047580	건강분말	nad-a001-02-000000541753995	bsn-a001-00-000000013604308	15	02	768323	M	6	0	0	100	0
20260708	4291318	cmp-a001-02-000000010764328	grp-a001-02-000000069047580	프로틴	nad-a001-02-000000541753981	bsn-a001-00-000000013604308	15	10	768323	M	1	0	0	4	0
20260708	4291318	cmp-a001-02-000000010764328	grp-a001-02-000000069047580	과자	nad-a001-02-000000541753991	bsn-a001-00-000000013604308	15	08	529514	M	1	0	0	3	0
20260708	4291318	cmp-a001-02-000000010764328	grp-a001-02-000000069047580	라이프밀	nad-a001-02-000000541753966	bsn-a001-00-000000013604308	15	10	633013	M	1	0	0	4	0
20260708	4291318	cmp-a001-02-000000010764328	grp-a001-02-000000069047580	황성주생식	nad-a001-02-000000541753996	bsn-a001-00-000000013604308	15	09	8753	M	1	0	0	1	0
20260708	4291318	cmp-a001-02-000000010764328	grp-a001-02-000000069047580	라이프밀	nad-a001-02-000000541753996	bsn-a001-00-000000013604308	15	15	529514	M	4	0	0	12	0
20260708	4291318	cmp-a001-02-000000010432615	grp-a001-02-000000064422129	황성주생식	nad-a001-02-000000494208910	bsn-a001-00-000000013604308	15	02	8753	M	3	1	6122	3	0
20260708	4291318	cmp-a001-02-000000010432615	grp-a001-02-000000064422129	스토어	nad-a001-02-000000494208910	bsn-a001-00-000000013604308	15	16	27758	P	1	0	0	1	0
20260708	4291318	cmp-a001-02-000000010764328	grp-a001-02-000000069047580	프로틴	nad-a001-02-000000541753979	bsn-a001-00-000000013604308	15	04	684927	P	1	0	0	12	0
20260708	4291318	cmp-a001-02-000000010764328	grp-a001-02-000000069047580	황성주생식	nad-a001-02-000000541753988	bsn-a001-00-000000013604308	15	00	633013	M	1	0	0	6	0
20260708	4291318	cmp-a001-02-000000010764328	grp-a001-02-000000069047580	프로틴	nad-a001-02-000000541754000	bsn-a001-00-000000013604308	15	04	529514	M	10	0	0	20	0
20260708	4291318	cmp-a001-02-000000010764328	grp-a001-02-000000069047580	단백질보충제	nad-a001-02-000000541754000	bsn-a001-00-000000013604308	15	09	529514	M	9	0	0	22	0
20260708	4291318	cmp-a001-02-000000010432615	grp-a001-02-000000064422129	황성주생식	nad-a001-02-000000494209021	bsn-a001-00-000000013604308	15	00	633013	M	1	0	0	2	0
20260708	4291318	cmp-a001-02-000000010764328	grp-a001-02-000000069047580	단백질쉐이크	nad-a001-02-000000541753984	bsn-a001-00-000000013604308	15	18	529514	M	2	0	0	10	0
20260708	4291318	cmp-a001-02-000000010432615	grp-a001-02-000000064422129	씨리얼	nad-a001-02-000000494208904	bsn-a001-00-000000013604308	15	99	529514	M	1	0	0	5	0
20260708	4291318	cmp-a001-02-000000010432615	grp-a001-02-000000064422129	스토어	nad-a001-02-000000494208911	bsn-a001-00-000000013604308	15	06	98128	M	1	0	0	10	0
20260708	4291318	cmp-a001-02-000000010764328	grp-a001-02-000000069047580	황성주생식	nad-a001-02-000000541753967	bsn-a001-00-000000013604308	15	09	8753	M	1	0	0	3	0
20260708	4291318	cmp-a001-02-000000010764328	grp-a001-02-000000069047580	프로틴	nad-a001-02-000000541754000	bsn-a001-00-000000013604308	15	07	529514	M	3	0	0	7	0
20260708	4291318	cmp-a001-02-000000010764328	grp-a001-02-000000069047580	단백질쉐이크	nad-a001-02-000000541753984	bsn-a001-00-000000013604308	15	06	98128	M	1	0	0	8	0
20260708	4291318	cmp-a001-02-000000010764328	grp-a001-02-000000069047580	라이프밀	nad-a001-02-000000541753988	bsn-a001-00-000000013604308	15	10	633013	M	1	0	0	6	0
20260708	4291318	cmp-a001-02-000000010764328	grp-a001-02-000000069047580	프로틴	nad-a001-02-000000541753989	bsn-a001-00-000000013604308	15	02	529514	M	2	0	0	4	0
20260708	4291318	cmp-a001-02-000000010764328	grp-a001-02-000000069047580	단백질쉐이크	nad-a001-02-000000541754000	bsn-a001-00-000000013604308	15	09	798056	M	1	0	0	15	0
20260708	4291318	cmp-a001-02-000000010432615	grp-a001-02-000000064422129	스토어	nad-a001-02-000000494209017	bsn-a001-00-000000013604308	15	06	98128	M	1	0	0	8	0
20260708	4291318	cmp-a001-02-000000010432615	grp-a001-02-000000064422129	생식가루	nad-a001-02-000000494208910	bsn-a001-00-000000013604308	15	02	8753	M	1	1	5011	1	0
20260708	4291318	cmp-a001-02-000000010764328	grp-a001-02-000000069047580	프로틴	nad-a001-02-000000541753984	bsn-a001-00-000000013604308	15	99	768323	M	10	0	0	50	0
20260708	4291318	cmp-a001-02-000000010764328	grp-a001-02-000000069047580	프로틴	nad-a001-02-000000541753989	bsn-a001-00-000000013604308	15	06	529514	M	1	0	0	2	0
20260708	4291318	cmp-a001-02-000000010432615	grp-a001-02-000000064422129	황성주영양식	nad-a001-02-000000494209020	bsn-a001-00-000000013604308	15	11	8753	M	1	0	0	3	0
20260708	4291318	cmp-a001-02-000000010764328	grp-a001-02-000000069047580	프로틴	nad-a001-02-000000541753989	bsn-a001-00-000000013604308	15	17	529514	M	3	0	0	6	0
20260708	4291318	cmp-a001-02-000000010764328	grp-a001-02-000000069047580	시리얼	nad-a001-02-000000541753991	bsn-a001-00-000000013604308	15	08	529514	M	8	0	0	28	0
20260708	4291318	cmp-a001-02-000000010764328	grp-a001-02-000000069047580	단백질쉐이크	nad-a001-02-000000541753984	bsn-a001-00-000000013604308	15	02	529514	M	7	0	0	42	0
20260708	4291318	cmp-a001-02-000000010432615	grp-a001-02-000000064422129	스토어	nad-a001-02-000000494208910	bsn-a001-00-000000013604308	15	13	98128	M	1	0	0	6	0
20260708	4291318	cmp-a001-02-000000010764328	grp-a001-02-000000069047580	단백질쉐이크	nad-a001-02-000000541753989	bsn-a001-00-000000013604308	15	08	529514	M	9	0	0	36	0
20260708	4291318	cmp-a001-02-000000010432615	grp-a001-02-000000064422129	라이프밀	nad-a001-02-000000494209022	bsn-a001-00-000000013604308	15	10	633013	M	1	0	0	7	0
20260708	4291318	cmp-a001-02-000000010432615	grp-a001-02-000000064422129	스토어	nad-a001-02-000000494209021	bsn-a001-00-000000013604308	15	08	98128	M	1	0	0	7	0
20260708	4291318	cmp-a001-02-000000010764328	grp-a001-02-000000069047580	단백질쉐이크	nad-a001-02-000000541754000	bsn-a001-00-000000013604308	15	18	529514	M	6	0	0	26	0
20260708	4291318	cmp-a001-02-000000010764328	grp-a001-02-000000069047580	씨리얼	nad-a001-02-000000541753991	bsn-a001-00-000000013604308	15	18	529514	M	1	0	0	6	0
20260708	4291318	cmp-a001-02-000000010764328	grp-a001-02-000000069047580	단백질	nad-a001-02-000000541754000	bsn-a001-00-000000013604308	15	09	98128	M	1	0	0	5	0
20260708	4291318	cmp-a001-02-000000010764328	grp-a001-02-000000069047580	프로틴파우치	nad-a001-02-000000541753970	bsn-a001-00-000000013604308	15	04	684927	P	1	0	0	30	0
20260708	4291318	cmp-a001-02-000000010432615	grp-a001-02-000000064422129	시리얼	nad-a001-02-000000494208904	bsn-a001-00-000000013604308	15	06	529514	M	3	0	0	9	0
20260708	4291318	cmp-a001-02-000000010764328	grp-a001-02-000000069047580	황성주생식	nad-a001-02-000000541754004	bsn-a001-00-000000013604308	15	09	8753	M	1	0	0	2	0
20260708	4291318	cmp-a001-02-000000010764328	grp-a001-02-000000069047580	사랑이	nad-a001-02-000000541753981	bsn-a001-00-000000013604308	15	99	529514	M	1	0	0	8	0
20260708	4291318	cmp-a001-02-000000010764328	grp-a001-02-000000069047580	프로틴	nad-a001-02-000000541754000	bsn-a001-00-000000013604308	15	99	529514	M	37	0	0	83	0
20260708	4291318	cmp-a001-02-000000010764328	grp-a001-02-000000069047580	프로틴	nad-a001-02-000000541753981	bsn-a001-00-000000013604308	15	03	529514	M	1	0	0	3	0
20260708	4291318	cmp-a001-02-000000010764328	grp-a001-02-000000069047580	생식가루	nad-a001-02-000000541753966	bsn-a001-00-000000013604308	15	09	27758	P	1	0	0	3	0
20260708	4291318	cmp-a001-02-000000010764328	grp-a001-02-000000069047580	프로틴	nad-a001-02-000000541753979	bsn-a001-00-000000013604308	15	08	768323	M	2	0	0	15	0
20260708	4291318	cmp-a001-02-000000010764328	grp-a001-02-000000069047580	프로틴	nad-a001-02-000000541753989	bsn-a001-00-000000013604308	15	11	137281	M	1	0	0	2	0
20260708	4291318	cmp-a001-02-000000010764328	grp-a001-02-000000069047580	프로틴	nad-a001-02-000000541753989	bsn-a001-00-000000013604308	15	09	529514	M	14	0	0	28	0
20260708	4291318	cmp-a001-02-000000010432615	grp-a001-02-000000064422129	스토어	nad-a001-02-000000494209021	bsn-a001-00-000000013604308	15	11	98128	M	1	0	0	7	0
20260708	4291318	cmp-a001-02-000000010764328	grp-a001-02-000000069047580	황성주영양식	nad-a001-02-000000541753963	bsn-a001-00-000000013604308	15	11	8753	M	1	0	0	2	0
20260708	4291318	cmp-a001-02-000000010764328	grp-a001-02-000000069047580	시리얼	nad-a001-02-000000541753991	bsn-a001-00-000000013604308	15	99	768323	M	1	0	0	20	0
20260708	4291318	cmp-a001-02-000000010764328	grp-a001-02-000000069047580	과자	nad-a001-02-000000541753991	bsn-a001-00-000000013604308	15	09	529514	M	13	0	0	43	0
20260708	4291318	cmp-a001-02-000000010764328	grp-a001-02-000000069047580	사랑이	nad-a001-02-000000541753981	bsn-a001-00-000000013604308	15	09	529514	M	3	0	0	20	0
20260708	4291318	cmp-a001-02-000000010764328	grp-a001-02-000000069047580	단백질보충제	nad-a001-02-000000541753984	bsn-a001-00-000000013604308	15	06	529514	M	1	0	0	2	0
20260708	4291318	cmp-a001-02-000000010432615	grp-a001-02-000000064422129	스토어	nad-a001-02-000000494208911	bsn-a001-00-000000013604308	15	99	98128	M	4	0	0	40	0
20260708	4291318	cmp-a001-02-000000010764328	grp-a001-02-000000069047580	사랑이	nad-a001-02-000000541753984	bsn-a001-00-000000013604308	15	99	529514	M	2	0	0	19	0
20260708	4291318	cmp-a001-02-000000010764328	grp-a001-02-000000069047580	프로틴	nad-a001-02-000000541754000	bsn-a001-00-000000013604308	15	02	529514	M	8	0	0	18	0
20260708	4291318	cmp-a001-02-000000010432615	grp-a001-02-000000064422129	프로틴바	nad-a001-02-000000494208904	bsn-a001-00-000000013604308	15	10	529514	M	4	0	0	16	0
20260708	4291318	cmp-a001-02-000000010432615	grp-a001-02-000000064422129	스토어	nad-a001-02-000000494208911	bsn-a001-00-000000013604308	15	02	98128	M	12	0	0	120	0
20260708	4291318	cmp-a001-02-000000010764328	grp-a001-02-000000069047580	단백질쉐이크	nad-a001-02-000000541754000	bsn-a001-00-000000013604308	15	06	98128	M	2	0	0	10	0
20260708	4291318	cmp-a001-02-000000010764328	grp-a001-02-000000069047580	단백질	nad-a001-02-000000541753981	bsn-a001-00-000000013604308	15	02	529514	M	1	0	0	5	0
20260708	4291318	cmp-a001-02-000000010764328	grp-a001-02-000000069047580	단백질쉐이크	nad-a001-02-000000541753981	bsn-a001-00-000000013604308	15	02	529514	M	6	0	0	36	0
20260708	4291318	cmp-a001-02-000000010764328	grp-a001-02-000000069047580	프로틴	nad-a001-02-000000541753979	bsn-a001-00-000000013604308	15	15	684926	M	2	0	0	60	0
20260708	4291318	cmp-a001-02-000000010764328	grp-a001-02-000000069047580	생식가루	nad-a001-02-000000541753967	bsn-a001-00-000000013604308	15	02	8753	M	1	0	0	4	0
20260708	4291318	cmp-a001-02-000000010764328	grp-a001-02-000000069047580	단백질파우더	nad-a001-02-000000541753984	bsn-a001-00-000000013604308	15	02	768323	M	1	0	0	6	0
20260708	4291318	cmp-a001-02-000000010432615	grp-a001-02-000000064422129	과자	nad-a001-02-000000494208904	bsn-a001-00-000000013604308	15	03	529514	M	4	0	0	14	0
20260708	4291318	cmp-a001-02-000000010764328	grp-a001-02-000000069047580	프로틴	nad-a001-02-000000541753989	bsn-a001-00-000000013604308	15	13	768323	M	2	0	0	14	0
20260708	4291318	cmp-a001-02-000000010764328	grp-a001-02-000000069047580	건강분말	nad-a001-02-000000541753993	bsn-a001-00-000000013604308	15	02	768323	M	6	0	0	99	0
20260708	4291318	cmp-a001-02-000000010764328	grp-a001-02-000000069047580	단백질쉐이크파우치	nad-a001-02-000000541753979	bsn-a001-00-000000013604308	15	09	684927	P	2	0	0	18	0
20260708	4291318	cmp-a001-02-000000010764328	grp-a001-02-000000069047580	과자	nad-a001-02-000000541753991	bsn-a001-00-000000013604308	15	13	529514	M	6	0	0	21	0
20260708	4291318	cmp-a001-02-000000010764328	grp-a001-02-000000069047580	황성주생식	nad-a001-02-000000541754004	bsn-a001-00-000000013604308	15	11	8753	M	1	0	0	2	0
20260708	4291318	cmp-a001-02-000000010764328	grp-a001-02-000000069047580	프로틴	nad-a001-02-000000541754000	bsn-a001-00-000000013604308	15	18	529514	M	1	0	0	2	0
20260708	4291318	cmp-a001-02-000000010432615	grp-a001-02-000000064422129	스토어	nad-a001-02-000000494209022	bsn-a001-00-000000013604308	15	03	98128	M	2	0	0	18	0
20260708	4291318	cmp-a001-02-000000010432615	grp-a001-02-000000064422129	시리얼	nad-a001-02-000000494208904	bsn-a001-00-000000013604308	15	99	529514	M	23	0	0	69	0
20260708	4291318	cmp-a001-02-000000010764328	grp-a001-02-000000069047580	황성주발효식품	nad-a001-02-000000541754003	bsn-a001-00-000000013604308	15	01	8753	M	1	0	0	2	0
20260708	4291318	cmp-a001-02-000000010432615	grp-a001-02-000000064422129	사랑으로	nad-a001-02-000000494208904	bsn-a001-00-000000013604308	15	13	529514	M	2	0	0	12	0
20260708	4291318	cmp-a001-02-000000010764328	grp-a001-02-000000069047580	견과류가다이어트에미치는영향알려주세요	nad-a001-02-000000541753959	bsn-a001-00-000000013604308	15	01	8753	M	1	0	0	2	0
20260708	4291318	cmp-a001-02-000000010764328	grp-a001-02-000000069047580	프로틴	nad-a001-02-000000541753981	bsn-a001-00-000000013604308	15	04	768323	M	1	0	0	4	0
20260708	4291318	cmp-a001-02-000000010764328	grp-a001-02-000000069047580	단백질쉐이크	nad-a001-02-000000541753981	bsn-a001-00-000000013604308	15	06	98128	M	2	0	0	13	0
20260708	4291318	cmp-a001-02-000000010764328	grp-a001-02-000000069047580	단백질	nad-a001-02-000000541754000	bsn-a001-00-000000013604308	15	15	529514	M	2	0	0	11	0
20260708	4291318	cmp-a001-02-000000010764328	grp-a001-02-000000069047580	프로틴	nad-a001-02-000000541753981	bsn-a001-00-000000013604308	15	09	768323	M	15	0	0	56	0
20260708	4291318	cmp-a001-02-000000010764328	grp-a001-02-000000069047580	과자	nad-a001-02-000000541753991	bsn-a001-00-000000013604308	15	14	529514	M	1	0	0	3	0
20260708	4291318	cmp-a001-02-000000010764328	grp-a001-02-000000069047580	프로틴쉐이크	nad-a001-02-000000541754000	bsn-a001-00-000000013604308	15	08	529514	M	2	0	0	8	0
20260708	4291318	cmp-a001-02-000000010764328	grp-a001-02-000000069047580	프로틴파우치	nad-a001-02-000000541753971	bsn-a001-00-000000013604308	15	04	684927	P	1	0	0	15	0
20260708	4291318	cmp-a001-02-000000010764328	grp-a001-02-000000069047580	단백질보충제	nad-a001-02-000000541753984	bsn-a001-00-000000013604308	15	09	529514	M	10	0	0	33	0
20260708	4291318	cmp-a001-02-000000010432615	grp-a001-02-000000064422129	사랑이	nad-a001-02-000000494208904	bsn-a001-00-000000013604308	15	09	529514	M	3	0	0	18	0
20260708	4291318	cmp-a001-02-000000010764328	grp-a001-02-000000069047580	프로틴바	nad-a001-02-000000541753991	bsn-a001-00-000000013604308	15	10	529514	M	5	0	0	18	0
20260708	4291318	cmp-a001-02-000000010432615	grp-a001-02-000000064422129	네이버스토어	nad-a001-02-000000494208910	bsn-a001-00-000000013604308	15	14	335738	P	1	0	0	1	0
20260708	4291318	cmp-a001-02-000000010432615	grp-a001-02-000000064422129	라이프밀	nad-a001-02-000000494208910	bsn-a001-00-000000013604308	15	10	633013	M	1	0	0	1	0
20260708	4291318	cmp-a001-02-000000010432615	grp-a001-02-000000064422129	씨리얼	nad-a001-02-000000494208904	bsn-a001-00-000000013604308	15	09	87620	M	1	0	0	6	0
20260708	4291318	cmp-a001-02-000000010764328	grp-a001-02-000000069047580	사랑	nad-a001-02-000000541753979	bsn-a001-00-000000013604308	15	09	612593	P	1	0	0	24	0
20260708	4291318	cmp-a001-02-000000010432615	grp-a001-02-000000064422129	스토어	nad-a001-02-000000494209022	bsn-a001-00-000000013604308	15	09	98128	M	5	0	0	45	0
20260708	4291318	cmp-a001-02-000000010764328	grp-a001-02-000000069047580	단백질보충제	nad-a001-02-000000541754000	bsn-a001-00-000000013604308	15	08	529514	M	2	0	0	4	0
20260708	4291318	cmp-a001-02-000000010764328	grp-a001-02-000000069047580	프로틴	nad-a001-02-000000541754000	bsn-a001-00-000000013604308	15	01	768323	M	2	0	0	12	0
20260708	4291318	cmp-a001-02-000000010764328	grp-a001-02-000000069047580	프로틴쉐이크	nad-a001-02-000000541754000	bsn-a001-00-000000013604308	15	06	529514	M	2	0	0	8	0
20260708	4291318	cmp-a001-02-000000010764328	grp-a001-02-000000069047580	프로틴	nad-a001-02-000000541753984	bsn-a001-00-000000013604308	15	01	768323	M	2	0	0	10	0
20260708	4291318	cmp-a001-02-000000010764328	grp-a001-02-000000069047580	프로틴	nad-a001-02-000000541753981	bsn-a001-00-000000013604308	15	01	768323	M	2	0	0	8	0
20260708	4291318	cmp-a001-02-000000010432615	grp-a001-02-000000064422129	스토어	nad-a001-02-000000494208910	bsn-a001-00-000000013604308	15	11	335738	P	1	0	0	1	0
20260708	4291318	cmp-a001-02-000000010432615	grp-a001-02-000000064422129	단백질바	nad-a001-02-000000494208903	bsn-a001-00-000000013604308	15	09	529514	M	5	0	0	20	0
20260708	4291318	cmp-a001-02-000000010764328	grp-a001-02-000000069047580	시리얼	nad-a001-02-000000541753991	bsn-a001-00-000000013604308	15	18	768323	M	1	0	0	20	0
20260708	4291318	cmp-a001-02-000000010764328	grp-a001-02-000000069047580	프로틴쉐이크	nad-a001-02-000000541753981	bsn-a001-00-000000013604308	15	99	529514	M	2	0	0	11	0
20260708	4291318	cmp-a001-02-000000010432615	grp-a001-02-000000064422129	스토어	nad-a001-02-000000494208911	bsn-a001-00-000000013604308	15	08	98128	M	1	0	0	10	0
20260708	4291318	cmp-a001-02-000000010764328	grp-a001-02-000000069047580	프로틴	nad-a001-02-000000541753984	bsn-a001-00-000000013604308	15	03	768323	M	1	0	0	5	0
20260708	4291318	cmp-a001-02-000000010764328	grp-a001-02-000000069047580	스토어	nad-a001-02-000000541753988	bsn-a001-00-000000013604308	15	15	98128	M	2	0	0	16	0
20260708	4291318	cmp-a001-02-000000010432615	grp-a001-02-000000064422129	사랑	nad-a001-02-000000494208904	bsn-a001-00-000000013604308	15	99	98128	M	2	0	0	14	0
20260708	4291318	cmp-a001-02-000000010764328	grp-a001-02-000000069047580	과자	nad-a001-02-000000541753991	bsn-a001-00-000000013604308	15	02	529514	M	19	0	0	59	0
20260708	4291318	cmp-a001-02-000000010764328	grp-a001-02-000000069047580	씨리얼	nad-a001-02-000000541753991	bsn-a001-00-000000013604308	15	09	87620	M	1	0	0	8	0
20260708	4291318	cmp-a001-02-000000010764328	grp-a001-02-000000069047580	시리얼	nad-a001-02-000000541753991	bsn-a001-00-000000013604308	15	13	529514	M	4	0	0	14	0
20260708	4291318	cmp-a001-02-000000010764328	grp-a001-02-000000069047580	프로틴	nad-a001-02-000000541753984	bsn-a001-00-000000013604308	15	07	768323	M	1	0	0	5	0
20260708	4291318	cmp-a001-02-000000010764328	grp-a001-02-000000069047580	프로틴	nad-a001-02-000000541753984	bsn-a001-00-000000013604308	15	13	768323	M	6	0	0	29	0
20260708	4291318	cmp-a001-02-000000010764328	grp-a001-02-000000069047580	프로틴	nad-a001-02-000000541754000	bsn-a001-00-000000013604308	15	01	529514	M	10	0	0	21	0
20260708	4291318	cmp-a001-02-000000010432615	grp-a001-02-000000064422129	스토어	nad-a001-02-000000494209021	bsn-a001-00-000000013604308	15	99	98128	M	4	0	0	28	0
20260708	4291318	cmp-a001-02-000000010764328	grp-a001-02-000000069047580	프로틴	nad-a001-02-000000541753984	bsn-a001-00-000000013604308	15	06	768323	M	3	0	0	14	0
20260708	4291318	cmp-a001-02-000000010764328	grp-a001-02-000000069047580	프로틴	nad-a001-02-000000541753984	bsn-a001-00-000000013604308	15	15	529514	M	1	0	0	3	0
20260708	4291318	cmp-a001-02-000000010764328	grp-a001-02-000000069047580	프로틴	nad-a001-02-000000541753981	bsn-a001-00-000000013604308	15	08	768323	M	2	0	0	8	0
20260708	4291318	cmp-a001-02-000000010764328	grp-a001-02-000000069047580	라이프밀	nad-a001-02-000000541753996	bsn-a001-00-000000013604308	15	02	27758	P	1	0	0	1	0
20260708	4291318	cmp-a001-02-000000010764328	grp-a001-02-000000069047580	프로틴	nad-a001-02-000000541754000	bsn-a001-00-000000013604308	15	02	768323	M	14	0	0	82	0
20260708	4291318	cmp-a001-02-000000010764328	grp-a001-02-000000069047580	바나나맛	nad-a001-02-000000541753977	bsn-a001-00-000000013604308	15	16	684926	M	1	0	0	6	0
20260708	4291318	cmp-a001-02-000000010764328	grp-a001-02-000000069047580	단백질보충제	nad-a001-02-000000541753984	bsn-a001-00-000000013604308	15	02	529514	M	1	0	0	3	0
20260708	4291318	cmp-a001-02-000000010764328	grp-a001-02-000000069047580	스토어	nad-a001-02-000000541753966	bsn-a001-00-000000013604308	15	15	98128	M	2	0	0	18	0
20260708	4291318	cmp-a001-02-000000010764328	grp-a001-02-000000069047580	프로틴	nad-a001-02-000000541753979	bsn-a001-00-000000013604308	15	11	768323	M	4	0	0	26	0
20260708	4291318	cmp-a001-02-000000010764328	grp-a001-02-000000069047580	과자	nad-a001-02-000000541753991	bsn-a001-00-000000013604308	15	99	529514	M	1	0	0	3	0
20260708	4291318	cmp-a001-02-000000010432615	grp-a001-02-000000064422129	라이프밀	nad-a001-02-000000494208910	bsn-a001-00-000000013604308	15	11	529514	M	1	0	0	1	0
20260708	4291318	cmp-a001-02-000000010764328	grp-a001-02-000000069047580	프로틴	nad-a001-02-000000541753989	bsn-a001-00-000000013604308	15	07	768323	M	1	0	0	7	0
20260708	4291318	cmp-a001-02-000000010764328	grp-a001-02-000000069047580	단백질보충제	nad-a001-02-000000541753979	bsn-a001-00-000000013604308	15	09	87620	M	2	0	0	12	0
20260708	4291318	cmp-a001-02-000000010432615	grp-a001-02-000000064422129	라이프밀	nad-a001-02-000000494208910	bsn-a001-00-000000013604308	15	15	529514	M	1	0	0	1	0
20260708	4291318	cmp-a001-02-000000010764328	grp-a001-02-000000069047580	프로틴	nad-a001-02-000000541753984	bsn-a001-00-000000013604308	15	09	529514	M	31	0	0	77	0
20260708	4291318	cmp-a001-02-000000010764328	grp-a001-02-000000069047580	저분자콜라겐	nad-a001-02-000000541753987	bsn-a001-00-000000013604308	15	99	529514	M	1	0	0	7	0
20260708	4291318	cmp-a001-02-000000010432615	grp-a001-02-000000064422129	단백질바	nad-a001-02-000000494208904	bsn-a001-00-000000013604308	15	09	529514	M	8	0	0	49	0
20260708	4291318	cmp-a001-02-000000010764328	grp-a001-02-000000069047580	단백질	nad-a001-02-000000541754000	bsn-a001-00-000000013604308	15	99	529514	M	10	0	0	50	0
20260708	4291318	cmp-a001-02-000000010432615	grp-a001-02-000000064422129	스토어	nad-a001-02-000000494209017	bsn-a001-00-000000013604308	15	01	98128	M	1	0	0	8	0
20260708	4291318	cmp-a001-02-000000010764328	grp-a001-02-000000069047580	프로틴	nad-a001-02-000000541754000	bsn-a001-00-000000013604308	15	03	529514	M	3	0	0	7	0
20260708	4291318	cmp-a001-02-000000010432615	grp-a001-02-000000064422129	사랑이	nad-a001-02-000000494208904	bsn-a001-00-000000013604308	15	18	529514	M	1	0	0	8	0
20260708	4291318	cmp-a001-02-000000010764328	grp-a001-02-000000069047580	프로틴	nad-a001-02-000000541754000	bsn-a001-00-000000013604308	15	10	768323	M	1	0	0	6	0
20260708	4291318	cmp-a001-02-000000010764328	grp-a001-02-000000069047580	프로틴	nad-a001-02-000000541754000	bsn-a001-00-000000013604308	15	17	529514	M	4	0	0	10	0
20260708	4291318	cmp-a001-02-000000010432615	grp-a001-02-000000064422129	스토어	nad-a001-02-000000494208910	bsn-a001-00-000000013604308	15	01	98128	M	1	0	0	5	0
20260708	4291318	cmp-a001-02-000000010764328	grp-a001-02-000000069047580	프로틴파우치	nad-a001-02-000000541753979	bsn-a001-00-000000013604308	15	04	684927	P	1	0	0	28	0
20260708	4291318	cmp-a001-02-000000010764328	grp-a001-02-000000069047580	프로틴	nad-a001-02-000000541754000	bsn-a001-00-000000013604308	15	18	768323	M	1	0	0	6	0
20260708	4291318	cmp-a001-02-000000010764328	grp-a001-02-000000069047580	시리얼	nad-a001-02-000000541753991	bsn-a001-00-000000013604308	15	00	529514	M	1	0	0	3	0
20260708	4291318	cmp-a001-02-000000010432615	grp-a001-02-000000064422129	생식가루	nad-a001-02-000000494209021	bsn-a001-00-000000013604308	15	02	8753	M	1	0	0	3	0
20260708	4291318	cmp-a001-02-000000010764328	grp-a001-02-000000069047580	프로틴	nad-a001-02-000000541753981	bsn-a001-00-000000013604308	15	18	529514	M	3	0	0	6	0
20260708	4291318	cmp-a001-02-000000010764328	grp-a001-02-000000069047580	단백질보충제	nad-a001-02-000000541754000	bsn-a001-00-000000013604308	15	99	529514	M	5	0	0	10	0
20260708	4291318	cmp-a001-02-000000010432615	grp-a001-02-000000064422129	균형영양식	nad-a001-02-000000494209017	bsn-a001-00-000000013604308	15	02	529514	M	3	0	0	31	0
20260708	4291318	cmp-a001-02-000000010764328	grp-a001-02-000000069047580	네이버스토어	nad-a001-02-000000541753988	bsn-a001-00-000000013604308	15	99	612593	P	1	0	0	18	0
20260708	4291318	cmp-a001-02-000000010764328	grp-a001-02-000000069047580	사랑으로	nad-a001-02-000000541753979	bsn-a001-00-000000013604308	15	13	529514	M	2	0	0	16	0
20260708	4291318	cmp-a001-02-000000010432615	grp-a001-02-000000064422129	시리얼	nad-a001-02-000000494208904	bsn-a001-00-000000013604308	15	09	529514	M	28	0	0	84	0
20260708	4291318	cmp-a001-02-000000010764328	grp-a001-02-000000069047580	프로틴	nad-a001-02-000000541753989	bsn-a001-00-000000013604308	15	04	529514	M	4	0	0	8	0
20260708	4291318	cmp-a001-02-000000010764328	grp-a001-02-000000069047580	단백질보충제	nad-a001-02-000000541753981	bsn-a001-00-000000013604308	15	09	529514	M	6	0	0	15	0
20260708	4291318	cmp-a001-02-000000010764328	grp-a001-02-000000069047580	프로틴	nad-a001-02-000000541753989	bsn-a001-00-000000013604308	15	01	529514	M	1	0	0	2	0
20260708	4291318	cmp-a001-02-000000010764328	grp-a001-02-000000069047580	프로틴	nad-a001-02-000000541753989	bsn-a001-00-000000013604308	15	99	529514	M	16	0	0	32	0
20260708	4291318	cmp-a001-02-000000010764328	grp-a001-02-000000069047580	프로틴	nad-a001-02-000000541753989	bsn-a001-00-000000013604308	15	08	529514	M	2	0	0	4	0
20260708	4291318	cmp-a001-02-000000010432615	grp-a001-02-000000064422129	황성주생식	nad-a001-02-000000494208911	bsn-a001-00-000000013604308	15	00	633013	M	1	0	0	5	0
20260708	4291318	cmp-a001-02-000000010764328	grp-a001-02-000000069047580	프로틴	nad-a001-02-000000541753981	bsn-a001-00-000000013604308	15	03	768323	M	1	0	0	4	0
20260708	4291318	cmp-a001-02-000000010764328	grp-a001-02-000000069047580	단백질	nad-a001-02-000000541753979	bsn-a001-00-000000013604308	15	02	529514	M	2	0	0	12	0
20260708	4291318	cmp-a001-02-000000010764328	grp-a001-02-000000069047580	프로틴파우치	nad-a001-02-000000541753969	bsn-a001-00-000000013604308	15	04	684927	P	1	0	0	21	0
20260708	4291318	cmp-a001-02-000000010432615	grp-a001-02-000000064422129	황성주생식	nad-a001-02-000000494208910	bsn-a001-00-000000013604308	15	15	684925	P	1	0	0	1	0
20260708	4291318	cmp-a001-02-000000010764328	grp-a001-02-000000069047580	스토어	nad-a001-02-000000541753966	bsn-a001-00-000000013604308	15	09	98128	M	7	0	0	63	0
20260708	4291318	cmp-a001-02-000000010764328	grp-a001-02-000000069047580	프로틴	nad-a001-02-000000541753979	bsn-a001-00-000000013604308	15	04	768323	M	1	0	0	7	0
20260708	4291318	cmp-a001-02-000000010764328	grp-a001-02-000000069047580	프로틴	nad-a001-02-000000541753984	bsn-a001-00-000000013604308	15	06	529514	M	1	0	0	4	0
20260708	4291318	cmp-a001-02-000000010432615	grp-a001-02-000000064422129	시리얼	nad-a001-02-000000494208904	bsn-a001-00-000000013604308	15	08	529514	M	8	0	0	24	0
20260708	4291318	cmp-a001-02-000000010764328	grp-a001-02-000000069047580	프로틴	nad-a001-02-000000541754000	bsn-a001-00-000000013604308	15	09	529514	M	23	0	0	51	0
20260708	4291318	cmp-a001-02-000000010764328	grp-a001-02-000000069047580	프로틴	nad-a001-02-000000541753984	bsn-a001-00-000000013604308	15	18	529514	M	1	0	0	3	0
20260708	4291318	cmp-a001-02-000000010764328	grp-a001-02-000000069047580	파우치외쉐이크	nad-a001-02-000000541753971	bsn-a001-00-000000013604308	15	09	33421	M	1	0	0	8	0
20260708	4291318	cmp-a001-02-000000010764328	grp-a001-02-000000069047580	쉐이크	nad-a001-02-000000541753981	bsn-a001-00-000000013604308	15	08	98128	M	1	0	0	5	0
20260708	4291318	cmp-a001-02-000000010764328	grp-a001-02-000000069047580	사랑이	nad-a001-02-000000541753984	bsn-a001-00-000000013604308	15	16	529514	M	2	0	0	16	0
20260708	4291318	cmp-a001-02-000000010764328	grp-a001-02-000000069047580	단호박단백질	nad-a001-02-000000541753970	bsn-a001-00-000000013604308	15	02	27758	P	1	0	0	2	0
20260708	4291318	cmp-a001-02-000000010764328	grp-a001-02-000000069047580	프로틴	nad-a001-02-000000541753979	bsn-a001-00-000000013604308	15	07	768323	M	1	0	0	8	0
20260708	4291318	cmp-a001-02-000000010432615	grp-a001-02-000000064422129	과자	nad-a001-02-000000494208904	bsn-a001-00-000000013604308	15	02	529514	M	15	0	0	49	0
20260708	4291318	cmp-a001-02-000000010432615	grp-a001-02-000000064422129	2개	nad-a001-02-000000494208911	bsn-a001-00-000000013604308	15	99	529514	M	1	0	0	6	0
20260708	4291318	cmp-a001-02-000000010432615	grp-a001-02-000000064422129	스토어	nad-a001-02-000000494209021	bsn-a001-00-000000013604308	15	03	98128	M	2	0	0	14	0
20260708	4291318	cmp-a001-02-000000010432615	grp-a001-02-000000064422129	스토어	nad-a001-02-000000494208910	bsn-a001-00-000000013604308	15	09	27758	P	3	0	0	4	0
20260708	4291318	cmp-a001-02-000000010764328	grp-a001-02-000000069047580	쉐이크	nad-a001-02-000000541753979	bsn-a001-00-000000013604308	15	02	529514	M	13	0	0	56	0
20260708	4291318	cmp-a001-02-000000010764328	grp-a001-02-000000069047580	단백질보충제	nad-a001-02-000000541754000	bsn-a001-00-000000013604308	15	06	684927	P	1	0	0	30	0
20260708	4291318	cmp-a001-02-000000010764328	grp-a001-02-000000069047580	단백질쉐이크	nad-a001-02-000000541753984	bsn-a001-00-000000013604308	15	08	529514	M	5	0	0	27	0
20260708	4291318	cmp-a001-02-000000010432615	grp-a001-02-000000064422129	영양식	nad-a001-02-000000494209017	bsn-a001-00-000000013604308	15	99	529514	M	1	0	0	12	0
20260708	4291318	cmp-a001-02-000000010764328	grp-a001-02-000000069047580	프로틴	nad-a001-02-000000541753979	bsn-a001-00-000000013604308	15	09	529514	M	34	0	0	125	0
20260708	4291318	cmp-a001-02-000000010764328	grp-a001-02-000000069047580	단백질보충제	nad-a001-02-000000541753979	bsn-a001-00-000000013604308	15	03	529514	M	1	0	0	4	0
20260708	4291318	cmp-a001-02-000000010764328	grp-a001-02-000000069047580	프로틴	nad-a001-02-000000541754000	bsn-a001-00-000000013604308	15	07	768323	M	1	0	0	6	0
20260708	4291318	cmp-a001-02-000000010764328	grp-a001-02-000000069047580	프로틴	nad-a001-02-000000541753979	bsn-a001-00-000000013604308	15	17	529514	M	1	0	0	3	0
20260708	4291318	cmp-a001-02-000000010764328	grp-a001-02-000000069047580	프로틴	nad-a001-02-000000541753989	bsn-a001-00-000000013604308	15	02	768323	M	10	0	0	73	0
20260708	4291318	cmp-a001-02-000000010764328	grp-a001-02-000000069047580	사랑이	nad-a001-02-000000541753991	bsn-a001-00-000000013604308	15	16	529514	M	3	0	0	23	0
20260708	4291318	cmp-a001-02-000000010764328	grp-a001-02-000000069047580	프로틴바	nad-a001-02-000000541753991	bsn-a001-00-000000013604308	15	02	529514	M	2	0	0	8	0
20260708	4291318	cmp-a001-02-000000010764328	grp-a001-02-000000069047580	다이어트쉐이크	nad-a001-02-000000541754000	bsn-a001-00-000000013604308	15	02	529514	M	1	0	0	2	0
20260708	4291318	cmp-a001-02-000000010764328	grp-a001-02-000000069047580	단백질보충제	nad-a001-02-000000541753984	bsn-a001-00-000000013604308	15	99	529514	M	4	0	0	12	0
20260708	4291318	cmp-a001-02-000000010432615	grp-a001-02-000000064422129	2개	nad-a001-02-000000494208911	bsn-a001-00-000000013604308	15	02	529514	M	1	0	0	6	0
20260708	4291318	cmp-a001-02-000000010432615	grp-a001-02-000000064422129	사랑이	nad-a001-02-000000494208904	bsn-a001-00-000000013604308	15	03	529514	M	2	0	0	14	0
20260708	4291318	cmp-a001-02-000000010764328	grp-a001-02-000000069047580	프로틴	nad-a001-02-000000541753979	bsn-a001-00-000000013604308	15	06	768323	M	3	0	0	20	0
20260708	4291318	cmp-a001-02-000000010764328	grp-a001-02-000000069047580	라이프밀	nad-a001-02-000000541754004	bsn-a001-00-000000013604308	15	15	529514	M	2	0	0	2	0
20260708	4291318	cmp-a001-02-000000010432615	grp-a001-02-000000064422129	스토어	nad-a001-02-000000494209017	bsn-a001-00-000000013604308	15	00	98128	M	1	0	0	9	0
20260708	4291318	cmp-a001-02-000000010764328	grp-a001-02-000000069047580	프로틴	nad-a001-02-000000541753979	bsn-a001-00-000000013604308	15	06	529514	M	1	0	0	3	0
20260708	4291318	cmp-a001-02-000000010764328	grp-a001-02-000000069047580	프로틴	nad-a001-02-000000541753981	bsn-a001-00-000000013604308	15	08	529514	M	3	0	0	8	0
20260708	4291318	cmp-a001-02-000000010432615	grp-a001-02-000000064422129	사랑이	nad-a001-02-000000494208904	bsn-a001-00-000000013604308	15	16	529514	M	2	0	0	13	0
20260708	4291318	cmp-a001-02-000000010764328	grp-a001-02-000000069047580	보충제	nad-a001-02-000000541753989	bsn-a001-00-000000013604308	15	09	529514	M	1	0	0	2	0
20260708	4291318	cmp-a001-02-000000010764328	grp-a001-02-000000069047580	단백질쉐이크	nad-a001-02-000000541754000	bsn-a001-00-000000013604308	15	08	529514	M	3	0	0	14	0
20260708	4291318	cmp-a001-02-000000010764328	grp-a001-02-000000069047580	사랑이	nad-a001-02-000000541753981	bsn-a001-00-000000013604308	15	16	529514	M	1	0	0	8	0
20260708	4291318	cmp-a001-02-000000010764328	grp-a001-02-000000069047580	다이어트젤리	nad-a001-02-000000541753987	bsn-a001-00-000000013604308	15	09	529514	M	3	0	0	30	0
20260708	4291318	cmp-a001-02-000000010764328	grp-a001-02-000000069047580	보충제	nad-a001-02-000000541753979	bsn-a001-00-000000013604308	15	09	529514	M	1	0	0	4	0
20260708	4291318	cmp-a001-02-000000010764328	grp-a001-02-000000069047580	다이어트할때단호박좋은점	nad-a001-02-000000541753976	bsn-a001-00-000000013604308	15	18	8753	M	1	0	0	1	0
20260708	4291318	cmp-a001-02-000000010764328	grp-a001-02-000000069047580	프로틴	nad-a001-02-000000541753981	bsn-a001-00-000000013604308	15	02	529514	M	14	0	0	37	0
20260708	4291318	cmp-a001-02-000000010432615	grp-a001-02-000000064422129	스토어	nad-a001-02-000000494208910	bsn-a001-00-000000013604308	15	15	98128	M	2	0	0	12	0
20260708	4291318	cmp-a001-02-000000010764328	grp-a001-02-000000069047580	프로틴	nad-a001-02-000000541754000	bsn-a001-00-000000013604308	15	15	768323	M	4	0	0	24	0
20260708	4291318	cmp-a001-02-000000010432615	grp-a001-02-000000064422129	황성주생식	nad-a001-02-000000494208911	bsn-a001-00-000000013604308	15	02	8753	M	2	0	0	10	0
20260708	4291318	cmp-a001-02-000000010432615	grp-a001-02-000000064422129	스토어	nad-a001-02-000000494208910	bsn-a001-00-000000013604308	15	09	98128	M	12	0	0	67	0
20260708	4291318	cmp-a001-02-000000010764328	grp-a001-02-000000069047580	시리얼	nad-a001-02-000000541753991	bsn-a001-00-000000013604308	15	02	768323	M	1	0	0	20	0
20260708	4291318	cmp-a001-02-000000010764328	grp-a001-02-000000069047580	스토어	nad-a001-02-000000541753988	bsn-a001-00-000000013604308	15	13	98128	M	1	0	0	8	0
20260708	4291318	cmp-a001-02-000000010432615	grp-a001-02-000000064422129	스토어	nad-a001-02-000000494208911	bsn-a001-00-000000013604308	15	03	98128	M	2	0	0	20	0
20260708	4291318	cmp-a001-02-000000010764328	grp-a001-02-000000069047580	과자	nad-a001-02-000000541753991	bsn-a001-00-000000013604308	15	06	768323	M	1	0	0	3	0
20260708	4291318	cmp-a001-02-000000010764328	grp-a001-02-000000069047580	황성주생식	nad-a001-02-000000541753996	bsn-a001-00-000000013604308	15	09	684924	M	1	0	0	1	0
20260708	4291318	cmp-a001-02-000000010764328	grp-a001-02-000000069047580	단백질쉐이크	nad-a001-02-000000541754000	bsn-a001-00-000000013604308	15	11	529514	M	1	0	0	4	0
20260708	4291318	cmp-a001-02-000000010764328	grp-a001-02-000000069047580	황성주생식	nad-a001-02-000000541754004	bsn-a001-00-000000013604308	15	02	8753	M	1	0	0	2	0
20260708	4291318	cmp-a001-02-000000010764328	grp-a001-02-000000069047580	스토어	nad-a001-02-000000541753966	bsn-a001-00-000000013604308	15	13	98128	M	1	0	0	9	0
20260708	4291318	cmp-a001-02-000000010764328	grp-a001-02-000000069047580	황성주생식	nad-a001-02-000000541753966	bsn-a001-00-000000013604308	15	02	8753	M	3	0	0	12	0
20260708	4291318	cmp-a001-02-000000010764328	grp-a001-02-000000069047580	단백질쉐이크	nad-a001-02-000000541753979	bsn-a001-00-000000013604308	15	18	529514	M	2	0	0	14	0
20260708	4291318	cmp-a001-02-000000010764328	grp-a001-02-000000069047580	단백질쉐이크	nad-a001-02-000000541753981	bsn-a001-00-000000013604308	15	11	529514	M	2	0	0	11	0
20260708	4291318	cmp-a001-02-000000010764328	grp-a001-02-000000069047580	황성주생식	nad-a001-02-000000541753967	bsn-a001-00-000000013604308	15	00	633013	M	1	0	0	3	0
20260708	4291318	cmp-a001-02-000000010432615	grp-a001-02-000000064422129	사랑	nad-a001-02-000000494208904	bsn-a001-00-000000013604308	15	04	98128	M	1	0	0	7	0
20260708	4291318	cmp-a001-02-000000010764328	grp-a001-02-000000069047580	단백질바	nad-a001-02-000000541753991	bsn-a001-00-000000013604308	15	04	684926	M	1	0	0	8	0
20260708	4291318	cmp-a001-02-000000010764328	grp-a001-02-000000069047580	건강분말	nad-a001-02-000000541754001	bsn-a001-00-000000013604308	15	11	768323	M	1	0	0	14	0
20260708	4291318	cmp-a001-02-000000010764328	grp-a001-02-000000069047580	단백질보충제	nad-a001-02-000000541753979	bsn-a001-00-000000013604308	15	99	529514	M	2	0	0	7	0
20260708	4291318	cmp-a001-02-000000010764328	grp-a001-02-000000069047580	스토어	nad-a001-02-000000541753988	bsn-a001-00-000000013604308	15	09	98128	M	7	0	0	56	0
20260708	4291318	cmp-a001-02-000000010764328	grp-a001-02-000000069047580	단백질보충제	nad-a001-02-000000541754000	bsn-a001-00-000000013604308	15	03	529514	M	2	0	0	4	0
20260708	4291318	cmp-a001-02-000000010764328	grp-a001-02-000000069047580	쉐이크	nad-a001-02-000000541753979	bsn-a001-00-000000013604308	15	08	98128	M	1	0	0	7	0
20260708	4291318	cmp-a001-02-000000010432615	grp-a001-02-000000064422129	사랑	nad-a001-02-000000494208904	bsn-a001-00-000000013604308	15	10	98128	M	1	0	0	7	0
20260708	4291318	cmp-a001-02-000000010764328	grp-a001-02-000000069047580	프로틴쉐이크	nad-a001-02-000000541754000	bsn-a001-00-000000013604308	15	99	529514	M	1	0	0	5	0
20260708	4291318	cmp-a001-02-000000010432615	grp-a001-02-000000064422129	프로틴바	nad-a001-02-000000494208904	bsn-a001-00-000000013604308	15	09	529514	M	4	0	0	14	0
20260708	4291318	cmp-a001-02-000000010764328	grp-a001-02-000000069047580	프로틴	nad-a001-02-000000541753981	bsn-a001-00-000000013604308	15	13	768323	M	6	0	0	23	0
20260708	4291318	cmp-a001-02-000000010764328	grp-a001-02-000000069047580	과자	nad-a001-02-000000541753991	bsn-a001-00-000000013604308	15	11	529514	M	4	0	0	14	0
20260708	4291318	cmp-a001-02-000000010764328	grp-a001-02-000000069047580	황성주생식	nad-a001-02-000000541753966	bsn-a001-00-000000013604308	15	09	8753	M	1	0	0	4	0
20260708	4291318	cmp-a001-02-000000010432615	grp-a001-02-000000064422129	2개	nad-a001-02-000000494208911	bsn-a001-00-000000013604308	15	09	529514	M	2	0	0	12	0
20260708	4291318	cmp-a001-02-000000010764328	grp-a001-02-000000069047580	프로틴	nad-a001-02-000000541753981	bsn-a001-00-000000013604308	15	18	137281	M	2	0	0	4	0
20260708	4291318	cmp-a001-02-000000010764328	grp-a001-02-000000069047580	과자	nad-a001-02-000000541753991	bsn-a001-00-000000013604308	15	06	529514	M	1	0	0	4	0
20260708	4291318	cmp-a001-02-000000010764328	grp-a001-02-000000069047580	사랑으로	nad-a001-02-000000541753981	bsn-a001-00-000000013604308	15	13	529514	M	1	0	0	7	0
20260708	4291318	cmp-a001-02-000000010764328	grp-a001-02-000000069047580	단백질쉐이크	nad-a001-02-000000541753989	bsn-a001-00-000000013604308	15	08	684926	M	1	0	0	1	0
20260708	4291318	cmp-a001-02-000000010432615	grp-a001-02-000000064422129	시리얼	nad-a001-02-000000494208904	bsn-a001-00-000000013604308	15	03	529514	M	7	0	0	21	0
20260708	4291318	cmp-a001-02-000000010432615	grp-a001-02-000000064422129	스토어	nad-a001-02-000000494208910	bsn-a001-00-000000013604308	15	03	98128	M	2	0	0	10	0
20260708	4291318	cmp-a001-02-000000010764328	grp-a001-02-000000069047580	아침식사캄파뉴	nad-a001-02-000000541753967	bsn-a001-00-000000013604308	15	09	27758	P	1	0	0	2	0
20260708	4291318	cmp-a001-02-000000010764328	grp-a001-02-000000069047580	단백질	nad-a001-02-000000541754000	bsn-a001-00-000000013604308	15	09	529514	M	3	0	0	15	0
20260708	4291318	cmp-a001-02-000000010764328	grp-a001-02-000000069047580	단백질보충제	nad-a001-02-000000541753981	bsn-a001-00-000000013604308	15	18	529514	M	5	0	0	13	0
20260708	4291318	cmp-a001-02-000000010764328	grp-a001-02-000000069047580	시리얼	nad-a001-02-000000541753991	bsn-a001-00-000000013604308	15	04	529514	M	4	0	0	14	0
20260708	4291318	cmp-a001-02-000000010764328	grp-a001-02-000000069047580	프로틴	nad-a001-02-000000541754000	bsn-a001-00-000000013604308	15	13	768323	M	6	0	0	35	0
20260708	4291318	cmp-a001-02-000000010764328	grp-a001-02-000000069047580	황성주생식	nad-a001-02-000000541753996	bsn-a001-00-000000013604308	15	02	8753	M	1	0	0	1	0
20260708	4291318	cmp-a001-02-000000010764328	grp-a001-02-000000069047580	저분자콜라겐	nad-a001-02-000000541753987	bsn-a001-00-000000013604308	15	15	791889	P	1	0	0	3	0
20260708	4291318	cmp-a001-02-000000010764328	grp-a001-02-000000069047580	프로틴쉐이크	nad-a001-02-000000541754000	bsn-a001-00-000000013604308	15	09	529514	M	2	0	0	8	0
20260708	4291318	cmp-a001-02-000000010764328	grp-a001-02-000000069047580	보충제	nad-a001-02-000000541753984	bsn-a001-00-000000013604308	15	09	529514	M	1	0	0	3	0
20260708	4291318	cmp-a001-02-000000010764328	grp-a001-02-000000069047580	단백질보충	nad-a001-02-000000541754000	bsn-a001-00-000000013604308	15	09	33421	M	1	0	0	24	0
20260708	4291318	cmp-a001-02-000000010764328	grp-a001-02-000000069047580	프로틴	nad-a001-02-000000541753981	bsn-a001-00-000000013604308	15	09	529514	M	37	0	0	107	0
20260708	4291318	cmp-a001-02-000000010764328	grp-a001-02-000000069047580	건강분말	nad-a001-02-000000541753993	bsn-a001-00-000000013604308	15	11	768323	M	1	0	0	18	0
20260708	4291318	cmp-a001-02-000000010764328	grp-a001-02-000000069047580	프로틴	nad-a001-02-000000541753989	bsn-a001-00-000000013604308	15	11	768323	M	3	0	0	20	0
20260708	4291318	cmp-a001-02-000000010764328	grp-a001-02-000000069047580	시리얼	nad-a001-02-000000541753991	bsn-a001-00-000000013604308	15	02	529514	M	24	0	0	83	0
20260708	4291318	cmp-a001-02-000000010764328	grp-a001-02-000000069047580	단백질보충제	nad-a001-02-000000541753979	bsn-a001-00-000000013604308	15	08	529514	M	2	0	0	4	0
20260708	4291318	cmp-a001-02-000000010764328	grp-a001-02-000000069047580	건강분말	nad-a001-02-000000541753994	bsn-a001-00-000000013604308	15	11	768323	M	1	0	0	16	0
20260708	4291318	cmp-a001-02-000000010764328	grp-a001-02-000000069047580	단백질보충제	nad-a001-02-000000541753989	bsn-a001-00-000000013604308	15	09	529514	M	8	0	0	16	0
20260708	4291318	cmp-a001-02-000000010432615	grp-a001-02-000000064422129	스토어	nad-a001-02-000000494209017	bsn-a001-00-000000013604308	15	09	98128	M	5	0	0	40	0
20260708	4291318	cmp-a001-02-000000010764328	grp-a001-02-000000069047580	생식가루	nad-a001-02-000000541754004	bsn-a001-00-000000013604308	15	09	27758	P	1	0	0	2	0
20260708	4291318	cmp-a001-02-000000010764328	grp-a001-02-000000069047580	단백질보충제	nad-a001-02-000000541753981	bsn-a001-00-000000013604308	15	09	87620	M	2	0	0	10	0
20260708	4291318	cmp-a001-02-000000010764328	grp-a001-02-000000069047580	단백질보충제	nad-a001-02-000000541753979	bsn-a001-00-000000013604308	15	09	529514	M	15	0	0	54	0
20260708	4291318	cmp-a001-02-000000010764328	grp-a001-02-000000069047580	사랑이	nad-a001-02-000000541753979	bsn-a001-00-000000013604308	15	09	529514	M	1	0	0	7	0
20260708	4291318	cmp-a001-02-000000010764328	grp-a001-02-000000069047580	프로틴	nad-a001-02-000000541753989	bsn-a001-00-000000013604308	15	08	768323	M	1	0	0	7	0
20260708	4291318	cmp-a001-02-000000010764328	grp-a001-02-000000069047580	프로틴	nad-a001-02-000000541753981	bsn-a001-00-000000013604308	15	18	768323	M	1	0	0	4	0
20260708	4291318	cmp-a001-02-000000010432615	grp-a001-02-000000064422129	씨리얼	nad-a001-02-000000494208904	bsn-a001-00-000000013604308	15	18	529514	M	1	0	0	5	0
20260708	4291318	cmp-a001-02-000000010764328	grp-a001-02-000000069047580	시리얼	nad-a001-02-000000541753991	bsn-a001-00-000000013604308	15	10	529514	M	1	0	0	4	0
20260708	4291318	cmp-a001-02-000000010432615	grp-a001-02-000000064422129	프로틴바	nad-a001-02-000000494208904	bsn-a001-00-000000013604308	15	02	529514	M	4	0	0	15	0
20260708	4291318	cmp-a001-02-000000010432615	grp-a001-02-000000064422129	스토어	nad-a001-02-000000494209022	bsn-a001-00-000000013604308	15	06	98128	M	1	0	0	9	0
20260708	4291318	cmp-a001-02-000000010764328	grp-a001-02-000000069047580	단백질바	nad-a001-02-000000541753991	bsn-a001-00-000000013604308	15	02	684926	M	1	0	0	6	0
20260708	4291318	cmp-a001-02-000000010764328	grp-a001-02-000000069047580	사랑이	nad-a001-02-000000541753979	bsn-a001-00-000000013604308	15	16	529514	M	2	0	0	18	0
20260708	4291318	cmp-a001-02-000000010764328	grp-a001-02-000000069047580	쉐이크	nad-a001-02-000000541753984	bsn-a001-00-000000013604308	15	08	98128	M	1	0	0	6	0
20260708	4291318	cmp-a001-02-000000010764328	grp-a001-02-000000069047580	쉐이크	nad-a001-02-000000541753981	bsn-a001-00-000000013604308	15	04	529514	M	1	0	0	3	0
20260708	4291318	cmp-a001-02-000000010432615	grp-a001-02-000000064422129	스토어	nad-a001-02-000000494209022	bsn-a001-00-000000013604308	15	08	98128	M	1	0	0	9	0
20260708	4291318	cmp-a001-02-000000010432615	grp-a001-02-000000064422129	황성주생식	nad-a001-02-000000494208910	bsn-a001-00-000000013604308	15	15	27758	P	1	0	0	1	0
20260708	4291318	cmp-a001-02-000000010432615	grp-a001-02-000000064422129	황성주생식	nad-a001-02-000000494209021	bsn-a001-00-000000013604308	15	02	8753	M	2	0	0	4	0
20260708	4291318	cmp-a001-02-000000010764328	grp-a001-02-000000069047580	프로틴	nad-a001-02-000000541753979	bsn-a001-00-000000013604308	15	09	768323	M	15	0	0	103	0
20260708	4291318	cmp-a001-02-000000010764328	grp-a001-02-000000069047580	단백질보충제	nad-a001-02-000000541753981	bsn-a001-00-000000013604308	15	03	529514	M	1	0	0	4	0
20260708	4291318	cmp-a001-02-000000010764328	grp-a001-02-000000069047580	단백질쉐이크	nad-a001-02-000000541754000	bsn-a001-00-000000013604308	15	01	529514	M	2	0	0	8	0
20260708	4291318	cmp-a001-02-000000010764328	grp-a001-02-000000069047580	프로틴	nad-a001-02-000000541754000	bsn-a001-00-000000013604308	15	15	529514	M	1	0	0	2	0
20260708	4291318	cmp-a001-02-000000010764328	grp-a001-02-000000069047580	프로틴	nad-a001-02-000000541754000	bsn-a001-00-000000013604308	15	99	768323	M	10	0	0	60	0
20260708	4291318	cmp-a001-02-000000010764328	grp-a001-02-000000069047580	단백질보충제	nad-a001-02-000000541753989	bsn-a001-00-000000013604308	15	18	529514	M	1	0	0	2	0
20260708	4291318	cmp-a001-02-000000010432615	grp-a001-02-000000064422129	라이프밀	nad-a001-02-000000494209021	bsn-a001-00-000000013604308	15	10	633013	M	1	0	0	2	0
20260708	4291318	cmp-a001-02-000000010764328	grp-a001-02-000000069047580	단백질	nad-a001-02-000000541753984	bsn-a001-00-000000013604308	15	09	529514	M	3	0	0	20	0
20260708	4291318	cmp-a001-02-000000010432615	grp-a001-02-000000064422129	스토어	nad-a001-02-000000494209021	bsn-a001-00-000000013604308	15	01	98128	M	1	0	0	7	0
20260708	4291318	cmp-a001-02-000000010764328	grp-a001-02-000000069047580	프로틴바	nad-a001-02-000000541753991	bsn-a001-00-000000013604308	15	99	529514	M	12	0	0	83	0
20260708	4291318	cmp-a001-02-000000010764328	grp-a001-02-000000069047580	단백질	nad-a001-02-000000541753981	bsn-a001-00-000000013604308	15	15	529514	M	3	0	0	16	0
20260708	4291318	cmp-a001-02-000000010764328	grp-a001-02-000000069047580	황성주생식	nad-a001-02-000000541753988	bsn-a001-00-000000013604308	15	02	8753	M	1	0	0	5	0
20260708	4291318	cmp-a001-02-000000010432615	grp-a001-02-000000064422129	시리얼	nad-a001-02-000000494208904	bsn-a001-00-000000013604308	15	10	529514	M	2	0	0	6	0
20260708	4291318	cmp-a001-02-000000010764328	grp-a001-02-000000069047580	시리얼	nad-a001-02-000000541753991	bsn-a001-00-000000013604308	15	14	529514	M	2	0	0	8	0
20260708	4291318	cmp-a001-02-000000010764328	grp-a001-02-000000069047580	단백질쉐이크	nad-a001-02-000000541753989	bsn-a001-00-000000013604308	15	18	529514	M	2	0	0	8	0
20260708	4291318	cmp-a001-02-000000010432615	grp-a001-02-000000064422129	시리얼	nad-a001-02-000000494208904	bsn-a001-00-000000013604308	15	04	529514	M	3	0	0	9	0
20260708	4291318	cmp-a001-02-000000010764328	grp-a001-02-000000069047580	단백질쉐이크	nad-a001-02-000000541754000	bsn-a001-00-000000013604308	15	03	529514	M	1	0	0	4	0
20260708	4291318	cmp-a001-02-000000010764328	grp-a001-02-000000069047580	건강분말	nad-a001-02-000000541753994	bsn-a001-00-000000013604308	15	02	768323	M	6	0	0	95	0
20260708	4291318	cmp-a001-02-000000010764328	grp-a001-02-000000069047580	단백질파우더	nad-a001-02-000000541753981	bsn-a001-00-000000013604308	15	02	768323	M	1	0	0	5	0
20260708	4291318	cmp-a001-02-000000010764328	grp-a001-02-000000069047580	프로틴쉐이크	nad-a001-02-000000541753989	bsn-a001-00-000000013604308	15	99	529514	M	1	0	0	4	0
20260708	4291318	cmp-a001-02-000000010764328	grp-a001-02-000000069047580	황성주발효식품	nad-a001-02-000000541753963	bsn-a001-00-000000013604308	15	01	8753	M	1	0	0	1	0
20260708	4291318	cmp-a001-02-000000010764328	grp-a001-02-000000069047580	프로틴	nad-a001-02-000000541753984	bsn-a001-00-000000013604308	15	02	768323	M	14	0	0	71	0
20260708	4291318	cmp-a001-02-000000010764328	grp-a001-02-000000069047580	프로틴	nad-a001-02-000000541754000	bsn-a001-00-000000013604308	15	14	529514	M	1	0	0	2	0
20260708	4291318	cmp-a001-02-000000010432615	grp-a001-02-000000064422129	단백질바	nad-a001-02-000000494208904	bsn-a001-00-000000013604308	15	00	684926	M	1	0	0	9	0
20260708	4291318	cmp-a001-02-000000010764328	grp-a001-02-000000069047580	프로틴	nad-a001-02-000000541753984	bsn-a001-00-000000013604308	15	11	768323	M	4	0	0	17	0
20260708	4291318	cmp-a001-02-000000010764328	grp-a001-02-000000069047580	프로틴	nad-a001-02-000000541753989	bsn-a001-00-000000013604308	15	08	684926	M	1	0	0	8	0
20260708	4291318	cmp-a001-02-000000010432615	grp-a001-02-000000064422129	스토어	nad-a001-02-000000494209022	bsn-a001-00-000000013604308	15	02	98128	M	12	0	0	108	0
20260708	4291318	cmp-a001-02-000000010432615	grp-a001-02-000000064422129	과자	nad-a001-02-000000494208904	bsn-a001-00-000000013604308	15	07	529514	M	1	0	0	3	0
20260708	4291318	cmp-a001-02-000000010764328	grp-a001-02-000000069047580	단백질쉐이크	nad-a001-02-000000541753984	bsn-a001-00-000000013604308	15	09	529514	M	23	0	0	115	0
20260708	4291318	cmp-a001-02-000000010764328	grp-a001-02-000000069047580	프로틴	nad-a001-02-000000541753984	bsn-a001-00-000000013604308	15	15	768323	M	4	0	0	20	0
20260708	4291318	cmp-a001-02-000000010764328	grp-a001-02-000000069047580	프로틴	nad-a001-02-000000541753984	bsn-a001-00-000000013604308	15	07	529514	M	3	0	0	10	0
20260708	4291318	cmp-a001-02-000000010432615	grp-a001-02-000000064422129	프로틴바	nad-a001-02-000000494208903	bsn-a001-00-000000013604308	15	99	529514	M	13	0	0	65	0
20260708	4291318	cmp-a001-02-000000010764328	grp-a001-02-000000069047580	라이프밀	nad-a001-02-000000541753968	bsn-a001-00-000000013604308	15	11	529514	M	1	0	0	6	0
20260708	4291318	cmp-a001-02-000000010432615	grp-a001-02-000000064422129	사랑하라	nad-a001-02-000000494208904	bsn-a001-00-000000013604308	15	06	98128	M	3	0	0	18	0
20260708	4291318	cmp-a001-02-000000010764328	grp-a001-02-000000069047580	프로틴	nad-a001-02-000000541753984	bsn-a001-00-000000013604308	15	10	768323	M	1	0	0	5	0
20260708	4291318	cmp-a001-02-000000010764328	grp-a001-02-000000069047580	시리얼	nad-a001-02-000000541753991	bsn-a001-00-000000013604308	15	09	529514	M	39	0	0	132	0
20260708	4291318	cmp-a001-02-000000010432615	grp-a001-02-000000064422129	황성주생식	nad-a001-02-000000494208910	bsn-a001-00-000000013604308	15	11	8753	M	1	0	0	1	0
20260708	4291318	cmp-a001-02-000000010432615	grp-a001-02-000000064422129	스토어	nad-a001-02-000000494209021	bsn-a001-00-000000013604308	15	09	98128	M	5	0	0	34	0
20260708	4291318	cmp-a001-02-000000010764328	grp-a001-02-000000069047580	시리얼	nad-a001-02-000000541753991	bsn-a001-00-000000013604308	15	11	529514	M	9	0	0	32	0
20260708	4291318	cmp-a001-02-000000010764328	grp-a001-02-000000069047580	단백질쉐이크	nad-a001-02-000000541753989	bsn-a001-00-000000013604308	15	06	98128	M	2	0	0	8	0
20260708	4291318	cmp-a001-02-000000010764328	grp-a001-02-000000069047580	프로틴	nad-a001-02-000000541753979	bsn-a001-00-000000013604308	15	04	529514	M	16	0	0	51	0
20260708	4291318	cmp-a001-02-000000010432615	grp-a001-02-000000064422129	스토어	nad-a001-02-000000494209021	bsn-a001-00-000000013604308	15	02	98128	M	12	0	0	84	0
20260708	4291318	cmp-a001-02-000000010764328	grp-a001-02-000000069047580	단백질쉐이크초코	nad-a001-02-000000541753981	bsn-a001-00-000000013604308	15	09	529514	M	1	0	0	8	0
20260708	4291318	cmp-a001-02-000000010764328	grp-a001-02-000000069047580	프로틴	nad-a001-02-000000541753979	bsn-a001-00-000000013604308	15	99	768323	M	10	0	0	70	0
20260708	4291318	cmp-a001-02-000000010764328	grp-a001-02-000000069047580	사랑이	nad-a001-02-000000541753991	bsn-a001-00-000000013604308	15	09	529514	M	1	0	0	8	0
20260708	4291318	cmp-a001-02-000000010764328	grp-a001-02-000000069047580	단백질	nad-a001-02-000000541753989	bsn-a001-00-000000013604308	15	03	684926	M	1	0	0	2	0
20260708	4291318	cmp-a001-02-000000010764328	grp-a001-02-000000069047580	단백질쉐이크	nad-a001-02-000000541753979	bsn-a001-00-000000013604308	15	03	529514	M	1	0	0	4	0
20260708	4291318	cmp-a001-02-000000010432615	grp-a001-02-000000064422129	황성주생식	nad-a001-02-000000494209021	bsn-a001-00-000000013604308	15	15	27758	P	1	0	0	2	0
20260708	4291318	cmp-a001-02-000000010764328	grp-a001-02-000000069047580	단백질쉐이크	nad-a001-02-000000541753979	bsn-a001-00-000000013604308	15	02	529514	M	5	0	0	31	0
20260708	4291318	cmp-a001-02-000000010764328	grp-a001-02-000000069047580	단백질보충제	nad-a001-02-000000541753981	bsn-a001-00-000000013604308	15	99	529514	M	2	0	0	8	0
20260708	4291318	cmp-a001-02-000000010764328	grp-a001-02-000000069047580	황성주생식	nad-a001-02-000000541753988	bsn-a001-00-000000013604308	15	11	8753	M	1	0	0	5	0
20260708	4291318	cmp-a001-02-000000010764328	grp-a001-02-000000069047580	단백질쉐이크	nad-a001-02-000000541754000	bsn-a001-00-000000013604308	15	15	529514	M	1	0	0	4	0
20260708	4291318	cmp-a001-02-000000010764328	grp-a001-02-000000069047580	황성주발효식품	nad-a001-02-000000541753962	bsn-a001-00-000000013604308	15	01	8753	M	1	0	0	3	0
20260708	4291318	cmp-a001-02-000000010764328	grp-a001-02-000000069047580	건강분말	nad-a001-02-000000541753995	bsn-a001-00-000000013604308	15	11	768323	M	1	0	0	15	0
20260708	4291318	cmp-a001-02-000000010432615	grp-a001-02-000000064422129	스토어	nad-a001-02-000000494209017	bsn-a001-00-000000013604308	15	02	98128	M	12	0	0	96	0
20260708	4291318	cmp-a001-02-000000010764328	grp-a001-02-000000069047580	프로틴	nad-a001-02-000000541753981	bsn-a001-00-000000013604308	15	99	768323	M	10	0	0	40	0
20260708	4291318	cmp-a001-02-000000010432615	grp-a001-02-000000064422129	스토어	nad-a001-02-000000494208910	bsn-a001-00-000000013604308	15	14	335738	P	3	0	0	5	0
20260708	4291318	cmp-a001-02-000000010432615	grp-a001-02-000000064422129	스토어	nad-a001-02-000000494208911	bsn-a001-00-000000013604308	15	01	98128	M	1	0	0	10	0
20260708	4291318	cmp-a001-02-000000010764328	grp-a001-02-000000069047580	단백질	nad-a001-02-000000541753989	bsn-a001-00-000000013604308	15	03	341893	M	1	0	0	4	0
20260708	4291318	cmp-a001-02-000000010432615	grp-a001-02-000000064422129	사랑	nad-a001-02-000000494208904	bsn-a001-00-000000013604308	15	06	98128	M	3	0	0	21	0
20260708	4291318	cmp-a001-02-000000010764328	grp-a001-02-000000069047580	프로틴파우치	nad-a001-02-000000541753975	bsn-a001-00-000000013604308	15	04	684927	P	1	0	0	18	0
20260708	4291318	cmp-a001-02-000000010764328	grp-a001-02-000000069047580	고메넛츠	nad-a001-02-000000541753959	bsn-a001-00-000000013604308	15	18	370822	P	1	0	0	1	0
20260708	4291318	cmp-a001-02-000000010764328	grp-a001-02-000000069047580	바나나다이어트	nad-a001-02-000000541753973	bsn-a001-00-000000013604308	15	03	8753	M	1	0	0	3	0
20260708	4291318	cmp-a001-02-000000010764328	grp-a001-02-000000069047580	프로틴쉐이크	nad-a001-02-000000541753979	bsn-a001-00-000000013604308	15	99	529514	M	1	0	0	6	0
20260708	4291318	cmp-a001-02-000000010764328	grp-a001-02-000000069047580	스토어	nad-a001-02-000000541753988	bsn-a001-00-000000013604308	15	99	98128	M	1	0	0	8	0
20260708	4291318	cmp-a001-02-000000010764328	grp-a001-02-000000069047580	단백질	nad-a001-02-000000541753979	bsn-a001-00-000000013604308	15	15	529514	M	2	0	0	14	0
20260708	4291318	cmp-a001-02-000000010764328	grp-a001-02-000000069047580	시리얼	nad-a001-02-000000541753991	bsn-a001-00-000000013604308	15	03	529514	M	6	0	0	22	0
20260708	4291318	cmp-a001-02-000000010432615	grp-a001-02-000000064422129	네이버스토어	nad-a001-02-000000494208910	bsn-a001-00-000000013604308	15	02	612594	M	1	0	0	1	0
20260708	4291318	cmp-a001-02-000000010764328	grp-a001-02-000000069047580	단백질	nad-a001-02-000000541753989	bsn-a001-00-000000013604308	15	15	529514	M	1	0	0	5	0
20260708	4291318	cmp-a001-02-000000010432615	grp-a001-02-000000064422129	스토어	nad-a001-02-000000494208910	bsn-a001-00-000000013604308	15	08	98128	M	1	0	0	5	0
20260708	4291318	cmp-a001-02-000000010764328	grp-a001-02-000000069047580	프로틴	nad-a001-02-000000541753979	bsn-a001-00-000000013604308	15	13	768323	M	6	0	0	43	0
20260708	4291318	cmp-a001-02-000000010764328	grp-a001-02-000000069047580	프로틴	nad-a001-02-000000541753989	bsn-a001-00-000000013604308	15	04	684927	P	1	0	0	3	0
20260708	4291318	cmp-a001-02-000000010432615	grp-a001-02-000000064422129	시리얼	nad-a001-02-000000494208904	bsn-a001-00-000000013604308	15	13	529514	M	3	0	0	9	0
20260708	4291318	cmp-a001-02-000000010764328	grp-a001-02-000000069047580	황성주생식	nad-a001-02-000000541753966	bsn-a001-00-000000013604308	15	11	8753	M	1	0	0	4	0
20260708	4291318	cmp-a001-02-000000010764328	grp-a001-02-000000069047580	황성주영양식	nad-a001-02-000000541753964	bsn-a001-00-000000013604308	15	11	8753	M	1	1	4625	1	0
20260708	4291318	cmp-a001-02-000000010432615	grp-a001-02-000000064422129	스토어	nad-a001-02-000000494208910	bsn-a001-00-000000013604308	15	99	98128	M	5	0	0	26	0
20260708	4291318	cmp-a001-02-000000010432615	grp-a001-02-000000064422129	라이프밀	nad-a001-02-000000494208911	bsn-a001-00-000000013604308	15	11	529514	M	1	0	0	4	0
20260708	4291318	cmp-a001-02-000000010764328	grp-a001-02-000000069047580	단백질쉐이크	nad-a001-02-000000541754000	bsn-a001-00-000000013604308	15	13	529514	M	1	0	0	4	0
20260708	4291318	cmp-a001-02-000000010764328	grp-a001-02-000000069047580	프로틴	nad-a001-02-000000541753979	bsn-a001-00-000000013604308	15	15	768323	M	4	0	0	29	0
20260708	4291318	cmp-a001-02-000000010764328	grp-a001-02-000000069047580	다이어트할때단호박좋은점	nad-a001-02-000000541753970	bsn-a001-00-000000013604308	15	18	8753	M	1	0	0	2	0
20260708	4291318	cmp-a001-02-000000010764328	grp-a001-02-000000069047580	시리얼	nad-a001-02-000000541753991	bsn-a001-00-000000013604308	15	16	529514	M	5	0	0	17	0
20260708	4291318	cmp-a001-02-000000010432615	grp-a001-02-000000064422129	시리얼	nad-a001-02-000000494208904	bsn-a001-00-000000013604308	15	16	529514	M	2	0	0	6	0
20260708	4291318	cmp-a001-02-000000010764328	grp-a001-02-000000069047580	프로틴	nad-a001-02-000000541753984	bsn-a001-00-000000013604308	15	02	529514	M	15	0	0	38	0
20260708	4291318	cmp-a001-02-000000010764328	grp-a001-02-000000069047580	쉐이크	nad-a001-02-000000541753984	bsn-a001-00-000000013604308	15	02	529514	M	10	0	0	41	0
20260708	4291318	cmp-a001-02-000000010432615	grp-a001-02-000000064422129	라이프밀	nad-a001-02-000000494209021	bsn-a001-00-000000013604308	15	11	529514	M	2	0	0	3	0
20260708	4291318	cmp-a001-02-000000010764328	grp-a001-02-000000069047580	단호박단백질함유량	nad-a001-02-000000541753976	bsn-a001-00-000000013604308	15	02	27758	P	1	0	0	1	0
20260708	4291318	cmp-a001-02-000000010432615	grp-a001-02-000000064422129	라이프밀	nad-a001-02-000000494208911	bsn-a001-00-000000013604308	15	10	633013	M	1	0	0	5	0
20260708	4291318	cmp-a001-02-000000010432615	grp-a001-02-000000064422129	이롬황성주생식	nad-a001-02-000000494208911	bsn-a001-00-000000013604308	15	16	684927	P	1	0	0	1	0
20260708	4291318	cmp-a001-02-000000010764328	grp-a001-02-000000069047580	단백질	nad-a001-02-000000541753979	bsn-a001-00-000000013604308	15	99	529514	M	8	0	0	48	0
20260708	4291318	cmp-a001-02-000000010432615	grp-a001-02-000000064422129	시리얼	nad-a001-02-000000494208904	bsn-a001-00-000000013604308	15	01	529514	M	1	0	0	3	0
20260708	4291318	cmp-a001-02-000000010764328	grp-a001-02-000000069047580	라이프밀	nad-a001-02-000000541753988	bsn-a001-00-000000013604308	15	15	529514	M	2	0	0	11	0
20260708	4291318	cmp-a001-02-000000010764328	grp-a001-02-000000069047580	단백질보충제	nad-a001-02-000000541753981	bsn-a001-00-000000013604308	15	08	529514	M	2	0	0	5	0
20260708	4291318	cmp-a001-02-000000010764328	grp-a001-02-000000069047580	단백질	nad-a001-02-000000541753984	bsn-a001-00-000000013604308	15	15	529514	M	2	0	0	12	0
20260708	4291318	cmp-a001-02-000000010764328	grp-a001-02-000000069047580	단백질보충제	nad-a001-02-000000541754000	bsn-a001-00-000000013604308	15	09	87620	M	2	0	0	6	0
20260708	4291318	cmp-a001-02-000000010764328	grp-a001-02-000000069047580	단백질쉐이크파우치	nad-a001-02-000000541753981	bsn-a001-00-000000013604308	15	09	684927	P	1	0	0	8	0
20260708	4291318	cmp-a001-02-000000010764328	grp-a001-02-000000069047580	건강분말	nad-a001-02-000000541754001	bsn-a001-00-000000013604308	15	02	768323	M	6	0	0	96	0
20260708	4291318	cmp-a001-02-000000010764328	grp-a001-02-000000069047580	프로틴	nad-a001-02-000000541753989	bsn-a001-00-000000013604308	15	03	529514	M	1	0	0	2	0
20260708	4291318	cmp-a001-02-000000010764328	grp-a001-02-000000069047580	라이프밀	nad-a001-02-000000541753967	bsn-a001-00-000000013604308	15	15	529514	M	3	0	0	8	0
20260708	4291318	cmp-a001-02-000000010764328	grp-a001-02-000000069047580	바나나맛	nad-a001-02-000000541753972	bsn-a001-00-000000013604308	15	16	684926	M	1	0	0	2	0
20260708	4291318	cmp-a001-02-000000010432615	grp-a001-02-000000064422129	시리얼	nad-a001-02-000000494208904	bsn-a001-00-000000013604308	15	11	529514	M	7	0	0	21	0
20260708	4291318	cmp-a001-02-000000010432615	grp-a001-02-000000064422129	라이프밀	nad-a001-02-000000494209021	bsn-a001-00-000000013604308	15	15	529514	M	2	0	0	2	0
20260708	4291318	cmp-a001-02-000000010764328	grp-a001-02-000000069047580	네이버스토어	nad-a001-02-000000541753966	bsn-a001-00-000000013604308	15	99	612593	P	1	0	0	12	0
20260708	4291318	cmp-a001-02-000000010432615	grp-a001-02-000000064422129	스토어	nad-a001-02-000000494208911	bsn-a001-00-000000013604308	15	09	98128	M	5	0	0	50	0
20260708	4291318	cmp-a001-02-000000010764328	grp-a001-02-000000069047580	라이프밀	nad-a001-02-000000541753988	bsn-a001-00-000000013604308	15	11	529514	M	1	0	0	5	0
20260708	4291318	cmp-a001-02-000000010764328	grp-a001-02-000000069047580	프로틴	nad-a001-02-000000541753981	bsn-a001-00-000000013604308	15	07	768323	M	1	0	0	4	0
20260708	4291318	cmp-a001-02-000000010764328	grp-a001-02-000000069047580	라이프밀	nad-a001-02-000000541753997	bsn-a001-00-000000013604308	15	11	529514	M	1	0	0	3	0
20260708	4291318	cmp-a001-02-000000010764328	grp-a001-02-000000069047580	프로틴쉐이크	nad-a001-02-000000541753984	bsn-a001-00-000000013604308	15	99	529514	M	1	0	0	4	0
20260708	4291318	cmp-a001-02-000000010432615	grp-a001-02-000000064422129	스토어	nad-a001-02-000000494209022	bsn-a001-00-000000013604308	15	01	98128	M	1	0	0	9	0
20260708	4291318	cmp-a001-02-000000010764328	grp-a001-02-000000069047580	황성주생식	nad-a001-02-000000541753988	bsn-a001-00-000000013604308	15	15	27758	P	1	0	0	3	0
20260708	4291318	cmp-a001-02-000000010764328	grp-a001-02-000000069047580	프로틴바	nad-a001-02-000000541753991	bsn-a001-00-000000013604308	15	15	684926	M	1	0	0	5	0
20260708	4291318	cmp-a001-02-000000010764328	grp-a001-02-000000069047580	프로틴	nad-a001-02-000000541753989	bsn-a001-00-000000013604308	15	01	768323	M	2	0	0	15	0
20260708	4291318	cmp-a001-02-000000010432615	grp-a001-02-000000064422129	과자	nad-a001-02-000000494208904	bsn-a001-00-000000013604308	15	08	529514	M	2	0	0	6	0
20260708	4291318	cmp-a001-02-000000010764328	grp-a001-02-000000069047580	프로틴	nad-a001-02-000000541753979	bsn-a001-00-000000013604308	15	02	768323	M	14	0	0	105	0
20260708	4291318	cmp-a001-02-000000010764328	grp-a001-02-000000069047580	프로틴	nad-a001-02-000000541753984	bsn-a001-00-000000013604308	15	08	768323	M	2	0	0	10	0
20260708	4291318	cmp-a001-02-000000010764328	grp-a001-02-000000069047580	프로틴	nad-a001-02-000000541753989	bsn-a001-00-000000013604308	15	07	529514	M	3	0	0	6	0
20260708	4291318	cmp-a001-02-000000010432615	grp-a001-02-000000064422129	황성주생식	nad-a001-02-000000494209022	bsn-a001-00-000000013604308	15	00	633013	M	1	0	0	7	0
20260708	4291318	cmp-a001-02-000000010764328	grp-a001-02-000000069047580	단백질보충제	nad-a001-02-000000541753984	bsn-a001-00-000000013604308	15	03	529514	M	2	0	0	6	0
20260708	4291318	cmp-a001-02-000000010764328	grp-a001-02-000000069047580	단백질쉐이크	nad-a001-02-000000541753989	bsn-a001-00-000000013604308	15	09	798056	M	1	0	0	4	0
20260708	4291318	cmp-a001-02-000000010432615	grp-a001-02-000000064422129	시리얼	nad-a001-02-000000494208904	bsn-a001-00-000000013604308	15	02	529514	M	19	0	0	57	0
20260708	4291318	cmp-a001-02-000000010764328	grp-a001-02-000000069047580	단백질보충제	nad-a001-02-000000541753981	bsn-a001-00-000000013604308	15	06	529514	M	2	0	0	5	0
20260708	4291318	cmp-a001-02-000000010764328	grp-a001-02-000000069047580	견과류가다이어트에미치는영향알려주세요	nad-a001-02-000000541753960	bsn-a001-00-000000013604308	15	01	8753	M	1	0	0	1	0
20260708	4291318	cmp-a001-02-000000010764328	grp-a001-02-000000069047580	라이프밀	nad-a001-02-000000541753968	bsn-a001-00-000000013604308	15	15	529514	M	3	0	0	21	0
20260708	4291318	cmp-a001-02-000000010764328	grp-a001-02-000000069047580	단백질	nad-a001-02-000000541753981	bsn-a001-00-000000013604308	15	09	98128	M	1	0	0	6	0
20260708	4291318	cmp-a001-02-000000010764328	grp-a001-02-000000069047580	다이어트할때견과류	nad-a001-02-000000541753960	bsn-a001-00-000000013604308	15	11	27758	P	1	0	0	1	0
20260708	4291318	cmp-a001-02-000000010764328	grp-a001-02-000000069047580	단백질쉐이크	nad-a001-02-000000541753979	bsn-a001-00-000000013604308	15	09	798056	M	1	0	0	13	0
20260708	4291318	cmp-a001-02-000000010764328	grp-a001-02-000000069047580	시리얼	nad-a001-02-000000541753991	bsn-a001-00-000000013604308	15	18	529514	M	7	0	0	25	0
20260708	4291318	cmp-a001-02-000000010764328	grp-a001-02-000000069047580	단백질쉐이크	nad-a001-02-000000541754000	bsn-a001-00-000000013604308	15	09	529514	M	38	0	0	162	0
20260708	4291318	cmp-a001-02-000000010764328	grp-a001-02-000000069047580	단백질	nad-a001-02-000000541753979	bsn-a001-00-000000013604308	15	09	98128	M	1	0	0	8	0
20260708	4291318	cmp-a001-02-000000010764328	grp-a001-02-000000069047580	단백질쉐이크	nad-a001-02-000000541753984	bsn-a001-00-000000013604308	15	11	529514	M	2	0	0	10	0
20260708	4291318	cmp-a001-02-000000010764328	grp-a001-02-000000069047580	프로틴	nad-a001-02-000000541754000	bsn-a001-00-000000013604308	15	09	768323	M	15	0	0	86	0
20260708	4291318	cmp-a001-02-000000010764328	grp-a001-02-000000069047580	생식가루	nad-a001-02-000000541753996	bsn-a001-00-000000013604308	15	09	684925	P	1	0	0	1	0
20260708	4291318	cmp-a001-02-000000010764328	grp-a001-02-000000069047580	프로틴	nad-a001-02-000000541754000	bsn-a001-00-000000013604308	15	08	768323	M	2	0	0	12	0
20260708	4291318	cmp-a001-02-000000010432615	grp-a001-02-000000064422129	네이버스토어	nad-a001-02-000000494208910	bsn-a001-00-000000013604308	15	99	612594	M	1	0	0	1	0
20260708	4291318	cmp-a001-02-000000010764328	grp-a001-02-000000069047580	단백질쉐이크	nad-a001-02-000000541753989	bsn-a001-00-000000013604308	15	02	529514	M	7	0	0	28	0
20260708	4291318	cmp-a001-02-000000010764328	grp-a001-02-000000069047580	단백질보충제	nad-a001-02-000000541753979	bsn-a001-00-000000013604308	15	18	529514	M	3	0	0	12	0
20260708	4291318	cmp-a001-02-000000010764328	grp-a001-02-000000069047580	황성주생식	nad-a001-02-000000541753966	bsn-a001-00-000000013604308	15	00	633013	M	1	0	0	4	0
20260708	4291318	cmp-a001-02-000000010432615	grp-a001-02-000000064422129	스토어	nad-a001-02-000000494208910	bsn-a001-00-000000013604308	15	16	335738	P	1	0	0	1	0
20260708	4291318	cmp-a001-02-000000010432615	grp-a001-02-000000064422129	시리얼	nad-a001-02-000000494208904	bsn-a001-00-000000013604308	15	14	529514	M	3	0	0	9	0
20260708	4291318	cmp-a001-02-000000010432615	grp-a001-02-000000064422129	과자	nad-a001-02-000000494208904	bsn-a001-00-000000013604308	15	13	529514	M	5	0	0	15	0
20260708	4291318	cmp-a001-02-000000010764328	grp-a001-02-000000069047580	단백질쉐이크	nad-a001-02-000000541753981	bsn-a001-00-000000013604308	15	09	529514	M	15	0	0	86	0
20260708	4291318	cmp-a001-02-000000010764328	grp-a001-02-000000069047580	라이프밀	nad-a001-02-000000541753966	bsn-a001-00-000000013604308	15	11	529514	M	2	0	0	5	0
20260708	4291318	cmp-a001-02-000000010764328	grp-a001-02-000000069047580	단백질쉐이크	nad-a001-02-000000541754000	bsn-a001-00-000000013604308	15	02	529514	M	13	0	0	58	0
20260708	4291318	cmp-a001-02-000000010764328	grp-a001-02-000000069047580	프로틴	nad-a001-02-000000541753981	bsn-a001-00-000000013604308	15	04	529514	M	7	0	0	20	0
20260708	4291318	cmp-a001-02-000000010432615	grp-a001-02-000000064422129	프로틴바	nad-a001-02-000000494208904	bsn-a001-00-000000013604308	15	99	529514	M	17	0	0	99	0
20260708	4291318	cmp-a001-02-000000010432615	grp-a001-02-000000064422129	동결건조하고싶다뜻	nad-a001-02-000000494208910	bsn-a001-00-000000013604308	15	08	27758	P	1	0	0	1	0
20260708	4291318	cmp-a001-02-000000010764328	grp-a001-02-000000069047580	프로틴	nad-a001-02-000000541753984	bsn-a001-00-000000013604308	15	09	768323	M	15	0	0	71	0
20260708	4291318	cmp-a001-02-000000010764328	grp-a001-02-000000069047580	프로틴	nad-a001-02-000000541754000	bsn-a001-00-000000013604308	15	02	137281	M	3	0	0	6	0
20260708	4291318	cmp-a001-02-000000010764328	grp-a001-02-000000069047580	건강분말	nad-a001-02-000000541753961	bsn-a001-00-000000013604308	15	02	768323	M	6	0	0	92	0
20260708	4291318	cmp-a001-02-000000010764328	grp-a001-02-000000069047580	단백질보충제	nad-a001-02-000000541754000	bsn-a001-00-000000013604308	15	02	529514	M	2	0	0	4	0
20260708	4291318	cmp-a001-02-000000010432615	grp-a001-02-000000064422129	스토어	nad-a001-02-000000494208910	bsn-a001-00-000000013604308	15	02	98128	M	12	0	0	60	0
20260708	4291318	cmp-a001-02-000000010764328	grp-a001-02-000000069047580	단백질	nad-a001-02-000000541753984	bsn-a001-00-000000013604308	15	02	529514	M	1	0	0	5	0
20260708	4291318	cmp-a001-02-000000010764328	grp-a001-02-000000069047580	단백질보충제	nad-a001-02-000000541753979	bsn-a001-00-000000013604308	15	06	529514	M	1	0	0	4	0
20260708	4291318	cmp-a001-02-000000010764328	grp-a001-02-000000069047580	생식추천	nad-a001-02-000000541753996	bsn-a001-00-000000013604308	10	02	684924	M	1	0	0	1	0
20260708	4291318	cmp-a001-02-000000010432615	grp-a001-02-000000064422129	생식황성주	nad-a001-02-000000494208910	bsn-a001-00-000000013604308	17	02	684924	M	0	1	6725	0	0
20260708	4291318	cmp-a001-02-000000010764328	grp-a001-02-000000069047580	단백질	nad-a001-02-000000541754000	bsn-a001-00-000000013604308	16	08	98128	M	3	0	0	15	0
20260708	4291318	cmp-a001-02-000000010432615	grp-a001-02-000000064422129	라이프밀	nad-a001-02-000000494208910	bsn-a001-00-000000013604308	16	04	633013	M	2	0	0	2	0
20260708	4291318	cmp-a001-02-000000010764328	grp-a001-02-000000069047580	단백질쉐이크	nad-a001-02-000000541754000	bsn-a001-00-000000013604308	16	10	529514	M	2	0	0	8	0
20260708	4291318	cmp-a001-02-000000010432615	grp-a001-02-000000064422129	시리얼	nad-a001-02-000000494208904	bsn-a001-00-000000013604308	16	13	529514	M	1	0	0	3	0
20260708	4291318	cmp-a001-02-000000010432615	grp-a001-02-000000064422129	스토어	nad-a001-02-000000494208911	bsn-a001-00-000000013604308	16	13	98128	M	1	0	0	9	0
20260708	4291318	cmp-a001-02-000000010764328	grp-a001-02-000000069047580	프로틴	nad-a001-02-000000541753984	bsn-a001-00-000000013604308	16	07	768323	M	1	0	0	4	0
20260708	4291318	cmp-a001-02-000000010764328	grp-a001-02-000000069047580	황성주생식라이프밀	nad-a001-02-000000541753988	bsn-a001-00-000000013604308	16	02	8753	M	1	0	0	4	0
20260708	4291318	cmp-a001-02-000000010764328	grp-a001-02-000000069047580	단백질	nad-a001-02-000000541753981	bsn-a001-00-000000013604308	16	09	98128	M	1	0	0	6	0
20260708	4291318	cmp-a001-02-000000010764328	grp-a001-02-000000069047580	황성주라이프밀	nad-a001-02-000000541754005	bsn-a001-00-000000013604308	16	07	8753	M	1	0	0	8	0
20260708	4291318	cmp-a001-02-000000010764328	grp-a001-02-000000069047580	프로틴	nad-a001-02-000000541753981	bsn-a001-00-000000013604308	16	99	529514	M	20	0	0	48	0
20260708	4291318	cmp-a001-02-000000010764328	grp-a001-02-000000069047580	단백질보충제	nad-a001-02-000000541753981	bsn-a001-00-000000013604308	16	18	791888	M	1	0	0	6	0
20260708	4291318	cmp-a001-02-000000010764328	grp-a001-02-000000069047580	단백질보충제	nad-a001-02-000000541754000	bsn-a001-00-000000013604308	16	18	791888	M	1	0	0	5	0
20260708	4291318	cmp-a001-02-000000010764328	grp-a001-02-000000069047580	프로틴	nad-a001-02-000000541753984	bsn-a001-00-000000013604308	16	11	768323	M	4	0	0	18	0
20260708	4291318	cmp-a001-02-000000010764328	grp-a001-02-000000069047580	쉐이크	nad-a001-02-000000541753984	bsn-a001-00-000000013604308	16	02	529514	M	1	0	0	6	0
20260708	4291318	cmp-a001-02-000000010764328	grp-a001-02-000000069047580	프로틴	nad-a001-02-000000541753981	bsn-a001-00-000000013604308	16	18	529514	M	2	0	0	4	0
20260708	4291318	cmp-a001-02-000000010764328	grp-a001-02-000000069047580	분말	nad-a001-02-000000541754004	bsn-a001-00-000000013604308	16	18	11068	P	1	0	0	2	0
20260708	4291318	cmp-a001-02-000000010764328	grp-a001-02-000000069047580	황성주생식	nad-a001-02-000000541753996	bsn-a001-00-000000013604308	16	13	8753	M	1	0	0	1	0
20260708	4291318	cmp-a001-02-000000010764328	grp-a001-02-000000069047580	박사가사랑한	nad-a001-02-000000541753974	bsn-a001-00-000000013604308	16	09	529514	M	1	0	0	5	0
20260708	4291318	cmp-a001-02-000000010432615	grp-a001-02-000000064422129	황성주생식라이프밀	nad-a001-02-000000494208910	bsn-a001-00-000000013604308	16	18	8753	M	1	0	0	1	0
20260708	4291318	cmp-a001-02-000000010764328	grp-a001-02-000000069047580	프로틴	nad-a001-02-000000541754000	bsn-a001-00-000000013604308	16	04	529514	M	5	0	0	10	0
20260708	4291318	cmp-a001-02-000000010764328	grp-a001-02-000000069047580	프로틴쉐이크	nad-a001-02-000000541754000	bsn-a001-00-000000013604308	16	99	529514	M	1	0	0	4	0
20260708	4291318	cmp-a001-02-000000010764328	grp-a001-02-000000069047580	단백질바	nad-a001-02-000000541753991	bsn-a001-00-000000013604308	16	04	23123	P	1	0	0	4	0
20260708	4291318	cmp-a001-02-000000010764328	grp-a001-02-000000069047580	쉐이크	nad-a001-02-000000541753981	bsn-a001-00-000000013604308	16	02	98128	M	1	0	0	4	0
20260708	4291318	cmp-a001-02-000000010764328	grp-a001-02-000000069047580	황성주생식라이프밀	nad-a001-02-000000541754004	bsn-a001-00-000000013604308	16	18	33421	M	1	0	0	2	0
20260708	4291318	cmp-a001-02-000000010764328	grp-a001-02-000000069047580	과자	nad-a001-02-000000541753991	bsn-a001-00-000000013604308	16	18	768323	M	1	0	0	2	0
20260708	4291318	cmp-a001-02-000000010764328	grp-a001-02-000000069047580	황성주생식	nad-a001-02-000000541754004	bsn-a001-00-000000013604308	16	99	33421	M	1	0	0	2	0
20260708	4291318	cmp-a001-02-000000010764328	grp-a001-02-000000069047580	선식생식차이	nad-a001-02-000000541753996	bsn-a001-00-000000013604308	16	07	27758	P	1	0	0	1	0
20260708	4291318	cmp-a001-02-000000010432615	grp-a001-02-000000064422129	스토어	nad-a001-02-000000494209022	bsn-a001-00-000000013604308	16	18	98128	M	3	0	0	25	0
20260708	4291318	cmp-a001-02-000000010432615	grp-a001-02-000000064422129	황성주생식라이프밀	nad-a001-02-000000494208910	bsn-a001-00-000000013604308	16	15	8753	M	1	0	0	1	0
20260708	4291318	cmp-a001-02-000000010764328	grp-a001-02-000000069047580	프로틴바	nad-a001-02-000000541753991	bsn-a001-00-000000013604308	16	02	87620	M	1	0	0	6	0
20260708	4291318	cmp-a001-02-000000010764328	grp-a001-02-000000069047580	단백질	nad-a001-02-000000541753984	bsn-a001-00-000000013604308	16	02	684927	P	1	0	0	10	0
20260708	4291318	cmp-a001-02-000000010764328	grp-a001-02-000000069047580	프로틴	nad-a001-02-000000541753979	bsn-a001-00-000000013604308	16	06	529514	M	3	0	0	8	0
20260708	4291318	cmp-a001-02-000000010764328	grp-a001-02-000000069047580	라이프밀	nad-a001-02-000000541753997	bsn-a001-00-000000013604308	16	09	612593	P	1	0	0	6	0
20260708	4291318	cmp-a001-02-000000010764328	grp-a001-02-000000069047580	황성주생식	nad-a001-02-000000541753966	bsn-a001-00-000000013604308	16	02	8753	M	4	1	3590	18	0
20260708	4291318	cmp-a001-02-000000010764328	grp-a001-02-000000069047580	단백질바	nad-a001-02-000000541753991	bsn-a001-00-000000013604308	16	09	684926	M	2	0	0	14	0
20260708	4291318	cmp-a001-02-000000010764328	grp-a001-02-000000069047580	프로틴	nad-a001-02-000000541753981	bsn-a001-00-000000013604308	16	02	768323	M	15	0	0	62	0
20260708	4291318	cmp-a001-02-000000010432615	grp-a001-02-000000064422129	인기과자	nad-a001-02-000000494208904	bsn-a001-00-000000013604308	16	99	529514	M	1	0	0	3	0
20260708	4291318	cmp-a001-02-000000010432615	grp-a001-02-000000064422129	스토어	nad-a001-02-000000494208910	bsn-a001-00-000000013604308	16	09	335738	P	1	0	0	1	0
20260708	4291318	cmp-a001-02-000000010764328	grp-a001-02-000000069047580	황성주생식	nad-a001-02-000000541753988	bsn-a001-00-000000013604308	16	02	8753	M	3	0	0	12	0
20260708	4291318	cmp-a001-02-000000010764328	grp-a001-02-000000069047580	선식생식차이	nad-a001-02-000000541754004	bsn-a001-00-000000013604308	16	07	27758	P	1	0	0	2	0
20260708	4291318	cmp-a001-02-000000010764328	grp-a001-02-000000069047580	박사가사랑한	nad-a001-02-000000541753982	bsn-a001-00-000000013604308	16	09	529514	M	1	0	0	8	0
20260708	4291318	cmp-a001-02-000000010432615	grp-a001-02-000000064422129	프로틴바	nad-a001-02-000000494208903	bsn-a001-00-000000013604308	16	99	529514	M	1	0	0	5	0
20260708	4291318	cmp-a001-02-000000010764328	grp-a001-02-000000069047580	황성주생식	nad-a001-02-000000541753966	bsn-a001-00-000000013604308	16	99	33421	M	2	0	0	7	0
20260708	4291318	cmp-a001-02-000000010764328	grp-a001-02-000000069047580	황성주생식	nad-a001-02-000000541753988	bsn-a001-00-000000013604308	16	18	8753	M	4	0	0	16	0
20260708	4291318	cmp-a001-02-000000010764328	grp-a001-02-000000069047580	라이프밀	nad-a001-02-000000541753966	bsn-a001-00-000000013604308	16	02	633013	M	2	0	0	8	0
20260708	4291318	cmp-a001-02-000000010764328	grp-a001-02-000000069047580	프로틴	nad-a001-02-000000541754000	bsn-a001-00-000000013604308	16	11	529514	M	1	0	0	2	0
20260708	4291318	cmp-a001-02-000000010764328	grp-a001-02-000000069047580	단백질보충제	nad-a001-02-000000541754000	bsn-a001-00-000000013604308	16	01	87620	M	1	0	0	4	0
20260708	4291318	cmp-a001-02-000000010764328	grp-a001-02-000000069047580	황성주라이프밀	nad-a001-02-000000541753996	bsn-a001-00-000000013604308	16	03	8753	M	2	0	0	2	0
20260708	4291318	cmp-a001-02-000000010432615	grp-a001-02-000000064422129	시리얼	nad-a001-02-000000494208904	bsn-a001-00-000000013604308	16	02	529514	M	20	0	0	60	0
20260708	4291318	cmp-a001-02-000000010764328	grp-a001-02-000000069047580	황성주라이프밀	nad-a001-02-000000541753997	bsn-a001-00-000000013604308	16	07	8753	M	1	0	0	6	0
20260708	4291318	cmp-a001-02-000000010764328	grp-a001-02-000000069047580	단백질보충제	nad-a001-02-000000541754000	bsn-a001-00-000000013604308	16	02	684927	P	1	0	0	11	0
20260708	4291318	cmp-a001-02-000000010432615	grp-a001-02-000000064422129	스토어	nad-a001-02-000000494209022	bsn-a001-00-000000013604308	16	99	98128	M	3	0	0	24	0
20260708	4291318	cmp-a001-02-000000010432615	grp-a001-02-000000064422129	프로틴바	nad-a001-02-000000494208903	bsn-a001-00-000000013604308	16	09	529514	M	3	0	0	16	0
20260708	4291318	cmp-a001-02-000000010764328	grp-a001-02-000000069047580	프로틴	nad-a001-02-000000541754000	bsn-a001-00-000000013604308	16	02	768323	M	15	0	0	85	0
20260708	4291318	cmp-a001-02-000000010764328	grp-a001-02-000000069047580	아침생식변비에	nad-a001-02-000000541753966	bsn-a001-00-000000013604308	16	09	27758	P	1	0	0	2	0
20260708	4291318	cmp-a001-02-000000010764328	grp-a001-02-000000069047580	프로틴	nad-a001-02-000000541753984	bsn-a001-00-000000013604308	16	99	768323	M	15	0	0	61	0
20260708	4291318	cmp-a001-02-000000010764328	grp-a001-02-000000069047580	견과류세트	nad-a001-02-000000541753960	bsn-a001-00-000000013604308	16	02	341893	M	1	0	0	2	0
20260708	4291318	cmp-a001-02-000000010764328	grp-a001-02-000000069047580	환자식	nad-a001-02-000000541753964	bsn-a001-00-000000013604308	16	02	8753	M	1	0	0	2	0
20260708	4291318	cmp-a001-02-000000010432615	grp-a001-02-000000064422129	사랑	nad-a001-02-000000494208904	bsn-a001-00-000000013604308	16	99	98128	M	1	0	0	7	0
20260708	4291318	cmp-a001-02-000000010764328	grp-a001-02-000000069047580	황성주생식	nad-a001-02-000000541753967	bsn-a001-00-000000013604308	16	02	8753	M	5	2	5298	15	0
20260708	4291318	cmp-a001-02-000000010764328	grp-a001-02-000000069047580	시리얼	nad-a001-02-000000541753991	bsn-a001-00-000000013604308	16	07	529514	M	6	0	0	21	0
20260708	4291318	cmp-a001-02-000000010764328	grp-a001-02-000000069047580	프로틴	nad-a001-02-000000541753984	bsn-a001-00-000000013604308	16	02	768323	M	15	0	0	63	0
20260708	4291318	cmp-a001-02-000000010764328	grp-a001-02-000000069047580	라이프밀	nad-a001-02-000000541753988	bsn-a001-00-000000013604308	16	04	633013	M	2	0	0	10	0
20260708	4291318	cmp-a001-02-000000010432615	grp-a001-02-000000064422129	황성주생식	nad-a001-02-000000494208911	bsn-a001-00-000000013604308	16	99	33421	M	1	0	0	6	0
20260708	4291318	cmp-a001-02-000000010764328	grp-a001-02-000000069047580	라이프밀	nad-a001-02-000000541754004	bsn-a001-00-000000013604308	16	04	633013	M	2	0	0	4	0
20260708	4291318	cmp-a001-02-000000010764328	grp-a001-02-000000069047580	식물성단백질	nad-a001-02-000000541754000	bsn-a001-00-000000013604308	16	09	529514	M	3	0	0	7	0
20260708	4291318	cmp-a001-02-000000010764328	grp-a001-02-000000069047580	프로틴	nad-a001-02-000000541754000	bsn-a001-00-000000013604308	16	06	98128	M	1	0	0	2	0
20260708	4291318	cmp-a001-02-000000010764328	grp-a001-02-000000069047580	단백질보충제	nad-a001-02-000000541753984	bsn-a001-00-000000013604308	16	99	87620	M	1	0	0	3	0
20260708	4291318	cmp-a001-02-000000010764328	grp-a001-02-000000069047580	단백질	nad-a001-02-000000541754000	bsn-a001-00-000000013604308	16	09	529514	M	1	0	0	5	0
20260708	4291318	cmp-a001-02-000000010764328	grp-a001-02-000000069047580	황성주생식	nad-a001-02-000000541753967	bsn-a001-00-000000013604308	16	99	27758	P	1	0	0	3	0
20260708	4291318	cmp-a001-02-000000010432615	grp-a001-02-000000064422129	사랑	nad-a001-02-000000494208904	bsn-a001-00-000000013604308	16	04	98128	M	1	0	0	7	0
20260708	4291318	cmp-a001-02-000000010764328	grp-a001-02-000000069047580	단백질보충제	nad-a001-02-000000541753979	bsn-a001-00-000000013604308	16	18	529514	M	1	0	0	3	0
20260708	4291318	cmp-a001-02-000000010432615	grp-a001-02-000000064422129	스토어	nad-a001-02-000000494209021	bsn-a001-00-000000013604308	16	08	98128	M	1	0	0	6	0
20260708	4291318	cmp-a001-02-000000010764328	grp-a001-02-000000069047580	황성주생식라이프밀	nad-a001-02-000000541753996	bsn-a001-00-000000013604308	16	99	8753	M	1	0	0	1	0
20260708	4291318	cmp-a001-02-000000010432615	grp-a001-02-000000064422129	스토어	nad-a001-02-000000494209021	bsn-a001-00-000000013604308	16	09	98128	M	8	0	0	45	0
20260708	4291318	cmp-a001-02-000000010432615	grp-a001-02-000000064422129	황성주생식라이프밀	nad-a001-02-000000494209022	bsn-a001-00-000000013604308	16	18	33421	M	1	0	0	8	0
20260708	4291318	cmp-a001-02-000000010764328	grp-a001-02-000000069047580	황성주발효생식	nad-a001-02-000000541753962	bsn-a001-00-000000013604308	16	02	8753	M	1	0	0	2	0
20260708	4291318	cmp-a001-02-000000010764328	grp-a001-02-000000069047580	황성주생식	nad-a001-02-000000541754004	bsn-a001-00-000000013604308	16	11	33421	M	1	0	0	2	0
20260708	4291318	cmp-a001-02-000000010764328	grp-a001-02-000000069047580	프로틴	nad-a001-02-000000541754000	bsn-a001-00-000000013604308	16	14	529514	M	1	0	0	2	0
20260708	4291318	cmp-a001-02-000000010764328	grp-a001-02-000000069047580	황성주생식	nad-a001-02-000000541754004	bsn-a001-00-000000013604308	16	08	8753	M	1	0	0	2	0
20260708	4291318	cmp-a001-02-000000010432615	grp-a001-02-000000064422129	균형영양식	nad-a001-02-000000494209017	bsn-a001-00-000000013604308	16	09	529514	M	3	0	0	33	0
20260708	4291318	cmp-a001-02-000000010764328	grp-a001-02-000000069047580	단백질	nad-a001-02-000000541754000	bsn-a001-00-000000013604308	16	06	98128	M	1	0	0	5	0
20260708	4291318	cmp-a001-02-000000010764328	grp-a001-02-000000069047580	건강분말	nad-a001-02-000000541753961	bsn-a001-00-000000013604308	16	99	768323	M	1	0	0	15	0
20260708	4291318	cmp-a001-02-000000010764328	grp-a001-02-000000069047580	황성주생식	nad-a001-02-000000541754004	bsn-a001-00-000000013604308	16	03	8753	M	1	0	0	3	0
20260708	4291318	cmp-a001-02-000000010764328	grp-a001-02-000000069047580	단백질	nad-a001-02-000000541754000	bsn-a001-00-000000013604308	16	16	529514	M	6	0	0	30	0
20260708	4291318	cmp-a001-02-000000010764328	grp-a001-02-000000069047580	황성주라이프밀	nad-a001-02-000000541753988	bsn-a001-00-000000013604308	16	03	8753	M	2	0	0	8	0
20260708	4291318	cmp-a001-02-000000010764328	grp-a001-02-000000069047580	라이프밀	nad-a001-02-000000541753968	bsn-a001-00-000000013604308	16	04	633013	M	2	0	0	16	0
20260708	4291318	cmp-a001-02-000000010764328	grp-a001-02-000000069047580	프로틴	nad-a001-02-000000541753979	bsn-a001-00-000000013604308	16	08	529514	M	2	0	0	6	0
20260708	4291318	cmp-a001-02-000000010764328	grp-a001-02-000000069047580	프로틴	nad-a001-02-000000541753981	bsn-a001-00-000000013604308	16	06	768323	M	8	0	0	38	0
20260708	4291318	cmp-a001-02-000000010764328	grp-a001-02-000000069047580	건조정선제분	nad-a001-02-000000541753996	bsn-a001-00-000000013604308	16	18	27758	P	1	0	0	1	0
20260708	4291318	cmp-a001-02-000000010432615	grp-a001-02-000000064422129	박사가사랑한	nad-a001-02-000000494208903	bsn-a001-00-000000013604308	16	09	529514	M	1	0	0	4	0
20260708	4291318	cmp-a001-02-000000010764328	grp-a001-02-000000069047580	프로틴	nad-a001-02-000000541753979	bsn-a001-00-000000013604308	16	02	684926	M	2	0	0	18	0
20260708	4291318	cmp-a001-02-000000010764328	grp-a001-02-000000069047580	황성주생식라이프밀	nad-a001-02-000000541753966	bsn-a001-00-000000013604308	16	99	8753	M	1	0	0	5	0
20260708	4291318	cmp-a001-02-000000010764328	grp-a001-02-000000069047580	황성주프로틴골드	nad-a001-02-000000541753989	bsn-a001-00-000000013604308	16	02	684924	M	1	0	0	1	0
20260708	4291318	cmp-a001-02-000000010764328	grp-a001-02-000000069047580	프로틴	nad-a001-02-000000541754000	bsn-a001-00-000000013604308	16	15	529514	M	2	0	0	4	0
20260708	4291318	cmp-a001-02-000000010764328	grp-a001-02-000000069047580	프로틴	nad-a001-02-000000541753981	bsn-a001-00-000000013604308	16	99	768323	M	15	0	0	65	0
20260708	4291318	cmp-a001-02-000000010764328	grp-a001-02-000000069047580	단백질쉐이크	nad-a001-02-000000541754000	bsn-a001-00-000000013604308	16	13	529514	M	1	0	0	4	0
20260708	4291318	cmp-a001-02-000000010764328	grp-a001-02-000000069047580	단백질	nad-a001-02-000000541753979	bsn-a001-00-000000013604308	16	06	98128	M	1	0	0	8	0
20260708	4291318	cmp-a001-02-000000010764328	grp-a001-02-000000069047580	황성주생식	nad-a001-02-000000541754004	bsn-a001-00-000000013604308	16	13	8753	M	3	0	0	6	0
20260708	4291318	cmp-a001-02-000000010764328	grp-a001-02-000000069047580	황성주생식	nad-a001-02-000000541754004	bsn-a001-00-000000013604308	16	99	27758	P	1	0	0	2	0
20260708	4291318	cmp-a001-02-000000010432615	grp-a001-02-000000064422129	스토어	nad-a001-02-000000494208910	bsn-a001-00-000000013604308	16	18	98128	M	3	0	0	11	0
20260708	4291318	cmp-a001-02-000000010764328	grp-a001-02-000000069047580	단백질	nad-a001-02-000000541753981	bsn-a001-00-000000013604308	16	16	529514	M	4	0	0	23	0
20260708	4291318	cmp-a001-02-000000010764328	grp-a001-02-000000069047580	프로틴	nad-a001-02-000000541753981	bsn-a001-00-000000013604308	16	15	341893	M	1	0	0	16	0
20260708	4291318	cmp-a001-02-000000010764328	grp-a001-02-000000069047580	라이프밀	nad-a001-02-000000541753967	bsn-a001-00-000000013604308	16	99	529514	M	1	0	0	2	0
20260708	4291318	cmp-a001-02-000000010432615	grp-a001-02-000000064422129	스토어	nad-a001-02-000000494209022	bsn-a001-00-000000013604308	16	08	98128	M	1	0	0	8	0
20260708	4291318	cmp-a001-02-000000010764328	grp-a001-02-000000069047580	인기과자	nad-a001-02-000000541753991	bsn-a001-00-000000013604308	16	99	529514	M	1	0	0	3	0
20260708	4291318	cmp-a001-02-000000010764328	grp-a001-02-000000069047580	황성주생식	nad-a001-02-000000541754005	bsn-a001-00-000000013604308	16	99	8753	M	1	0	0	8	0
20260708	4291318	cmp-a001-02-000000010764328	grp-a001-02-000000069047580	단백질파우더	nad-a001-02-000000541754000	bsn-a001-00-000000013604308	16	06	529514	M	1	0	0	2	0
20260708	4291318	cmp-a001-02-000000010764328	grp-a001-02-000000069047580	프로틴	nad-a001-02-000000541753979	bsn-a001-00-000000013604308	16	13	768323	M	1	0	0	7	0
20260708	4291318	cmp-a001-02-000000010432615	grp-a001-02-000000064422129	스토어	nad-a001-02-000000494209017	bsn-a001-00-000000013604308	16	08	98128	M	1	0	0	7	0
20260708	4291318	cmp-a001-02-000000010764328	grp-a001-02-000000069047580	프로틴	nad-a001-02-000000541754000	bsn-a001-00-000000013604308	16	13	768323	M	1	0	0	6	0
20260708	4291318	cmp-a001-02-000000010764328	grp-a001-02-000000069047580	식품리보플라빈분말	nad-a001-02-000000541753996	bsn-a001-00-000000013604308	16	16	27758	P	1	0	0	1	0
20260708	4291318	cmp-a001-02-000000010432615	grp-a001-02-000000064422129	사랑이	nad-a001-02-000000494208904	bsn-a001-00-000000013604308	16	09	529514	M	3	0	0	22	0
20260708	4291318	cmp-a001-02-000000010764328	grp-a001-02-000000069047580	단백질	nad-a001-02-000000541754000	bsn-a001-00-000000013604308	16	01	529514	M	1	0	0	5	0
20260708	4291318	cmp-a001-02-000000010432615	grp-a001-02-000000064422129	황성주라이프밀	nad-a001-02-000000494208911	bsn-a001-00-000000013604308	16	99	529514	M	3	0	0	11	0
20260708	4291318	cmp-a001-02-000000010764328	grp-a001-02-000000069047580	건강분말	nad-a001-02-000000541753993	bsn-a001-00-000000013604308	16	06	768323	M	1	0	0	15	0
20260708	4291318	cmp-a001-02-000000010764328	grp-a001-02-000000069047580	황성주라이프밀	nad-a001-02-000000541754004	bsn-a001-00-000000013604308	16	03	8753	M	2	0	0	4	0
20260708	4291318	cmp-a001-02-000000010764328	grp-a001-02-000000069047580	황성주생식	nad-a001-02-000000541753988	bsn-a001-00-000000013604308	16	99	341893	M	1	0	0	1	0
20260708	4291318	cmp-a001-02-000000010764328	grp-a001-02-000000069047580	황성주1일1생식뉴밀	nad-a001-02-000000541753966	bsn-a001-00-000000013604308	16	02	370822	P	1	0	0	2	0
20260708	4291318	cmp-a001-02-000000010764328	grp-a001-02-000000069047580	단백질	nad-a001-02-000000541753984	bsn-a001-00-000000013604308	16	08	98128	M	3	0	0	21	0
20260708	4291318	cmp-a001-02-000000010764328	grp-a001-02-000000069047580	프로틴	nad-a001-02-000000541754000	bsn-a001-00-000000013604308	16	01	768323	M	1	0	0	6	0
20260708	4291318	cmp-a001-02-000000010764328	grp-a001-02-000000069047580	단백질보충제	nad-a001-02-000000541753981	bsn-a001-00-000000013604308	16	09	23123	P	1	0	0	5	0
20260708	4291318	cmp-a001-02-000000010764328	grp-a001-02-000000069047580	황성주생식라이프밀	nad-a001-02-000000541753967	bsn-a001-00-000000013604308	16	11	612594	M	1	0	0	3	0
20260708	4291318	cmp-a001-02-000000010764328	grp-a001-02-000000069047580	황성주생식라이프밀	nad-a001-02-000000541753966	bsn-a001-00-000000013604308	16	18	8753	M	1	0	0	5	0
20260708	4291318	cmp-a001-02-000000010432615	grp-a001-02-000000064422129	스토어	nad-a001-02-000000494209017	bsn-a001-00-000000013604308	16	18	98128	M	3	0	0	21	0
20260708	4291318	cmp-a001-02-000000010764328	grp-a001-02-000000069047580	단백질보충제	nad-a001-02-000000541753979	bsn-a001-00-000000013604308	16	99	529514	M	3	0	0	11	0
20260708	4291318	cmp-a001-02-000000010764328	grp-a001-02-000000069047580	황성주생식	nad-a001-02-000000541753966	bsn-a001-00-000000013604308	16	18	8753	M	2	1	1759	10	0
20260708	4291318	cmp-a001-02-000000010432615	grp-a001-02-000000064422129	스토어	nad-a001-02-000000494209017	bsn-a001-00-000000013604308	16	13	98128	M	1	0	0	7	0
20260708	4291318	cmp-a001-02-000000010764328	grp-a001-02-000000069047580	단백질보충제	nad-a001-02-000000541753979	bsn-a001-00-000000013604308	16	99	23123	P	1	0	0	8	0
20260708	4291318	cmp-a001-02-000000010764328	grp-a001-02-000000069047580	프로틴	nad-a001-02-000000541753981	bsn-a001-00-000000013604308	16	04	529514	M	4	0	0	10	0
20260708	4291318	cmp-a001-02-000000010764328	grp-a001-02-000000069047580	단백질쉐이크	nad-a001-02-000000541754000	bsn-a001-00-000000013604308	16	18	529514	M	2	0	0	8	0
20260708	4291318	cmp-a001-02-000000010432615	grp-a001-02-000000064422129	시리얼	nad-a001-02-000000494208904	bsn-a001-00-000000013604308	16	10	529514	M	2	0	0	6	0
20260708	4291318	cmp-a001-02-000000010764328	grp-a001-02-000000069047580	단백질쉐이크	nad-a001-02-000000541754000	bsn-a001-00-000000013604308	16	99	529514	M	24	0	0	96	0
20260708	4291318	cmp-a001-02-000000010764328	grp-a001-02-000000069047580	단백질	nad-a001-02-000000541753981	bsn-a001-00-000000013604308	16	15	529514	M	1	0	0	5	0
20260708	4291318	cmp-a001-02-000000010432615	grp-a001-02-000000064422129	과자	nad-a001-02-000000494208904	bsn-a001-00-000000013604308	16	03	529514	M	1	0	0	2	0
20260708	4291318	cmp-a001-02-000000010432615	grp-a001-02-000000064422129	황성주생식	nad-a001-02-000000494208911	bsn-a001-00-000000013604308	16	02	529514	M	1	0	0	5	0
20260708	4291318	cmp-a001-02-000000010764328	grp-a001-02-000000069047580	프로틴	nad-a001-02-000000541753984	bsn-a001-00-000000013604308	16	08	768323	M	6	0	0	26	0
20260708	4291318	cmp-a001-02-000000010764328	grp-a001-02-000000069047580	황성주라이프밀	nad-a001-02-000000541754005	bsn-a001-00-000000013604308	16	99	529514	M	3	0	0	29	0
20260708	4291318	cmp-a001-02-000000010432615	grp-a001-02-000000064422129	황성주생식라이프밀	nad-a001-02-000000494209022	bsn-a001-00-000000013604308	16	11	612594	M	1	0	0	8	0
20260708	4291318	cmp-a001-02-000000010764328	grp-a001-02-000000069047580	프로틴	nad-a001-02-000000541753984	bsn-a001-00-000000013604308	16	07	529514	M	5	0	0	11	0
20260708	4291318	cmp-a001-02-000000010432615	grp-a001-02-000000064422129	황성주라이프밀	nad-a001-02-000000494208910	bsn-a001-00-000000013604308	16	99	529514	M	1	0	0	1	0
20260708	4291318	cmp-a001-02-000000010764328	grp-a001-02-000000069047580	프로틴	nad-a001-02-000000541753979	bsn-a001-00-000000013604308	16	02	768323	M	15	0	0	100	0
20260708	4291318	cmp-a001-02-000000010764328	grp-a001-02-000000069047580	닭가슴살분말	nad-a001-02-000000541753966	bsn-a001-00-000000013604308	16	09	370822	P	1	0	0	1	0
20260708	4291318	cmp-a001-02-000000010764328	grp-a001-02-000000069047580	프로틴	nad-a001-02-000000541753981	bsn-a001-00-000000013604308	16	09	529514	M	54	0	0	139	0
20260708	4291318	cmp-a001-02-000000010764328	grp-a001-02-000000069047580	단백질쉐이크파우치	nad-a001-02-000000541753979	bsn-a001-00-000000013604308	16	09	529514	M	1	0	0	13	0
20260708	4291318	cmp-a001-02-000000010764328	grp-a001-02-000000069047580	프로틴	nad-a001-02-000000541754000	bsn-a001-00-000000013604308	16	16	768323	M	4	0	0	21	0
20260708	4291318	cmp-a001-02-000000010764328	grp-a001-02-000000069047580	식물성단백질	nad-a001-02-000000541753984	bsn-a001-00-000000013604308	16	15	529514	M	3	0	0	12	0
20260708	4291318	cmp-a001-02-000000010764328	grp-a001-02-000000069047580	단백질쉐이크초코	nad-a001-02-000000541753981	bsn-a001-00-000000013604308	16	99	529514	M	3	0	0	24	0
20260708	4291318	cmp-a001-02-000000010764328	grp-a001-02-000000069047580	라이프밀	nad-a001-02-000000541753968	bsn-a001-00-000000013604308	16	16	633013	M	6	0	0	48	0
20260708	4291318	cmp-a001-02-000000010764328	grp-a001-02-000000069047580	콜라겐	nad-a001-02-000000541753987	bsn-a001-00-000000013604308	16	11	768323	M	1	0	0	15	0
20260708	4291318	cmp-a001-02-000000010764328	grp-a001-02-000000069047580	라이프밀	nad-a001-02-000000541753968	bsn-a001-00-000000013604308	16	02	11068	P	1	0	0	7	0
20260708	4291318	cmp-a001-02-000000010764328	grp-a001-02-000000069047580	라이프밀	nad-a001-02-000000541753996	bsn-a001-00-000000013604308	16	09	612593	P	1	0	0	1	0
20260708	4291318	cmp-a001-02-000000010764328	grp-a001-02-000000069047580	영양식	nad-a001-02-000000541753964	bsn-a001-00-000000013604308	16	15	529514	M	2	0	0	14	0
20260708	4291318	cmp-a001-02-000000010432615	grp-a001-02-000000064422129	균형영양식	nad-a001-02-000000494209017	bsn-a001-00-000000013604308	16	09	23123	P	1	0	0	9	0
20260708	4291318	cmp-a001-02-000000010432615	grp-a001-02-000000064422129	사랑	nad-a001-02-000000494208904	bsn-a001-00-000000013604308	16	02	98128	M	3	0	0	21	0
20260708	4291318	cmp-a001-02-000000010764328	grp-a001-02-000000069047580	황성주영양식	nad-a001-02-000000541753964	bsn-a001-00-000000013604308	16	09	8753	M	2	1	3670	2	0
20260708	4291318	cmp-a001-02-000000010764328	grp-a001-02-000000069047580	프로틴	nad-a001-02-000000541753984	bsn-a001-00-000000013604308	16	09	529514	M	57	0	0	173	0
20260708	4291318	cmp-a001-02-000000010764328	grp-a001-02-000000069047580	프로틴	nad-a001-02-000000541754000	bsn-a001-00-000000013604308	16	18	768323	M	1	0	0	6	0
20260708	4291318	cmp-a001-02-000000010764328	grp-a001-02-000000069047580	프로틴	nad-a001-02-000000541753979	bsn-a001-00-000000013604308	16	18	768323	M	1	0	0	7	0
20260708	4291318	cmp-a001-02-000000010764328	grp-a001-02-000000069047580	프로틴	nad-a001-02-000000541753979	bsn-a001-00-000000013604308	16	01	529514	M	4	0	0	13	0
20260708	4291318	cmp-a001-02-000000010432615	grp-a001-02-000000064422129	스토어	nad-a001-02-000000494208910	bsn-a001-00-000000013604308	16	13	98128	M	1	0	0	5	0
20260708	4291318	cmp-a001-02-000000010764328	grp-a001-02-000000069047580	쉐이크	nad-a001-02-000000541753984	bsn-a001-00-000000013604308	16	09	529514	M	12	0	0	48	0
20260708	4291318	cmp-a001-02-000000010764328	grp-a001-02-000000069047580	프로틴	nad-a001-02-000000541753981	bsn-a001-00-000000013604308	16	09	768323	M	20	0	0	93	0
20260708	4291318	cmp-a001-02-000000010432615	grp-a001-02-000000064422129	네이버스토어	nad-a001-02-000000494208910	bsn-a001-00-000000013604308	16	11	335738	P	2	0	0	2	0
20260708	4291318	cmp-a001-02-000000010432615	grp-a001-02-000000064422129	스토어	nad-a001-02-000000494208911	bsn-a001-00-000000013604308	16	18	98128	M	3	0	0	26	0
20260708	4291318	cmp-a001-02-000000010764328	grp-a001-02-000000069047580	프로틴	nad-a001-02-000000541753984	bsn-a001-00-000000013604308	16	04	529514	M	3	0	0	9	0
20260708	4291318	cmp-a001-02-000000010764328	grp-a001-02-000000069047580	단백질쉐이크	nad-a001-02-000000541753989	bsn-a001-00-000000013604308	16	99	341893	M	1	0	0	7	0
20260708	4291318	cmp-a001-02-000000010764328	grp-a001-02-000000069047580	프로틴	nad-a001-02-000000541753981	bsn-a001-00-000000013604308	16	15	768323	M	2	0	0	9	0
20260708	4291318	cmp-a001-02-000000010764328	grp-a001-02-000000069047580	황성주생식	nad-a001-02-000000541753996	bsn-a001-00-000000013604308	16	03	8753	M	1	0	0	1	0
20260708	4291318	cmp-a001-02-000000010764328	grp-a001-02-000000069047580	프로틴	nad-a001-02-000000541754000	bsn-a001-00-000000013604308	16	09	529514	M	54	0	0	109	0
20260708	4291318	cmp-a001-02-000000010764328	grp-a001-02-000000069047580	구운간식미국산	nad-a001-02-000000541753960	bsn-a001-00-000000013604308	16	02	8753	M	1	0	0	1	0
20260708	4291318	cmp-a001-02-000000010764328	grp-a001-02-000000069047580	쉐이크	nad-a001-02-000000541753979	bsn-a001-00-000000013604308	16	02	98128	M	1	0	0	6	0
20260708	4291318	cmp-a001-02-000000010764328	grp-a001-02-000000069047580	라이프밀	nad-a001-02-000000541753966	bsn-a001-00-000000013604308	16	18	633013	M	2	0	0	8	0
20260708	4291318	cmp-a001-02-000000010432615	grp-a001-02-000000064422129	황성주생식	nad-a001-02-000000494208910	bsn-a001-00-000000013604308	16	99	8753	M	2	0	0	2	0
20260708	4291318	cmp-a001-02-000000010764328	grp-a001-02-000000069047580	과자	nad-a001-02-000000541753991	bsn-a001-00-000000013604308	16	13	529514	M	1	0	0	2	0
20260708	4291318	cmp-a001-02-000000010432615	grp-a001-02-000000064422129	스토어	nad-a001-02-000000494209022	bsn-a001-00-000000013604308	16	10	98128	M	1	0	0	8	0
20260708	4291318	cmp-a001-02-000000010764328	grp-a001-02-000000069047580	라이프밀	nad-a001-02-000000541753988	bsn-a001-00-000000013604308	16	16	633013	M	6	0	0	30	0
20260708	4291318	cmp-a001-02-000000010764328	grp-a001-02-000000069047580	프로틴단백질	nad-a001-02-000000541754000	bsn-a001-00-000000013604308	16	06	98128	M	1	0	0	2	0
20260708	4291318	cmp-a001-02-000000010764328	grp-a001-02-000000069047580	식물성단백질	nad-a001-02-000000541753984	bsn-a001-00-000000013604308	16	09	529514	M	3	0	0	10	0
20260708	4291318	cmp-a001-02-000000010764328	grp-a001-02-000000069047580	프로틴	nad-a001-02-000000541754000	bsn-a001-00-000000013604308	16	13	529514	M	3	0	0	6	0
20260708	4291318	cmp-a001-02-000000010764328	grp-a001-02-000000069047580	프로틴바	nad-a001-02-000000541753991	bsn-a001-00-000000013604308	16	99	529514	M	1	0	0	3	0
20260708	4291318	cmp-a001-02-000000010764328	grp-a001-02-000000069047580	단백질쉐이크파우치	nad-a001-02-000000541753975	bsn-a001-00-000000013604308	16	09	529514	M	1	0	0	10	0
20260708	4291318	cmp-a001-02-000000010764328	grp-a001-02-000000069047580	프로틴	nad-a001-02-000000541753981	bsn-a001-00-000000013604308	16	03	768323	M	1	0	0	5	0
20260708	4291318	cmp-a001-02-000000010764328	grp-a001-02-000000069047580	단백질쉐이크초코	nad-a001-02-000000541753981	bsn-a001-00-000000013604308	16	14	529514	M	4	0	0	32	0
20260708	4291318	cmp-a001-02-000000010764328	grp-a001-02-000000069047580	단호박단백질	nad-a001-02-000000541753976	bsn-a001-00-000000013604308	16	08	8753	M	1	0	0	3	0
20260708	4291318	cmp-a001-02-000000010432615	grp-a001-02-000000064422129	스토어	nad-a001-02-000000494208910	bsn-a001-00-000000013604308	16	15	98128	M	4	0	0	16	0
20260708	4291318	cmp-a001-02-000000010764328	grp-a001-02-000000069047580	식물성단백질	nad-a001-02-000000541753979	bsn-a001-00-000000013604308	16	15	529514	M	1	0	0	4	0
20260708	4291318	cmp-a001-02-000000010764328	grp-a001-02-000000069047580	프로틴	nad-a001-02-000000541753979	bsn-a001-00-000000013604308	16	15	768323	M	2	0	0	12	0
20260708	4291318	cmp-a001-02-000000010764328	grp-a001-02-000000069047580	프로틴	nad-a001-02-000000541754000	bsn-a001-00-000000013604308	16	02	98128	M	1	0	0	2	0
20260708	4291318	cmp-a001-02-000000010764328	grp-a001-02-000000069047580	동결건조분말	nad-a001-02-000000541754004	bsn-a001-00-000000013604308	16	03	8753	M	1	0	0	2	0
20260708	4291318	cmp-a001-02-000000010432615	grp-a001-02-000000064422129	황성주생식	nad-a001-02-000000494209021	bsn-a001-00-000000013604308	16	09	529514	M	3	0	0	5	0
20260708	4291318	cmp-a001-02-000000010764328	grp-a001-02-000000069047580	라이프밀	nad-a001-02-000000541753967	bsn-a001-00-000000013604308	16	09	612593	P	1	0	0	3	0
20260708	4291318	cmp-a001-02-000000010764328	grp-a001-02-000000069047580	프로틴	nad-a001-02-000000541753984	bsn-a001-00-000000013604308	16	02	529514	M	12	0	0	35	0
20260708	4291318	cmp-a001-02-000000010764328	grp-a001-02-000000069047580	단백질보충제	nad-a001-02-000000541753984	bsn-a001-00-000000013604308	16	18	529514	M	2	0	0	7	0
20260708	4291318	cmp-a001-02-000000010764328	grp-a001-02-000000069047580	단호박단백질	nad-a001-02-000000541753970	bsn-a001-00-000000013604308	16	08	8753	M	1	0	0	1	0
20260708	4291318	cmp-a001-02-000000010764328	grp-a001-02-000000069047580	라이프밀	nad-a001-02-000000541753968	bsn-a001-00-000000013604308	16	09	612593	P	1	0	0	7	0
20260708	4291318	cmp-a001-02-000000010764328	grp-a001-02-000000069047580	프로틴	nad-a001-02-000000541753981	bsn-a001-00-000000013604308	16	10	768323	M	1	0	0	5	0
20260708	4291318	cmp-a001-02-000000010764328	grp-a001-02-000000069047580	분말	nad-a001-02-000000541754004	bsn-a001-00-000000013604308	16	18	27758	P	1	0	0	2	0
20260708	4291318	cmp-a001-02-000000010764328	grp-a001-02-000000069047580	시리얼	nad-a001-02-000000541753991	bsn-a001-00-000000013604308	16	18	529514	M	2	0	0	7	0
20260708	4291318	cmp-a001-02-000000010764328	grp-a001-02-000000069047580	프로틴	nad-a001-02-000000541753981	bsn-a001-00-000000013604308	16	06	529514	M	3	0	0	8	0
20260708	4291318	cmp-a001-02-000000010432615	grp-a001-02-000000064422129	과자	nad-a001-02-000000494208904	bsn-a001-00-000000013604308	16	08	529514	M	2	0	0	4	0
20260708	4291318	cmp-a001-02-000000010764328	grp-a001-02-000000069047580	단백질쉐이크	nad-a001-02-000000541754000	bsn-a001-00-000000013604308	16	09	529514	M	27	0	0	108	0
20260708	4291318	cmp-a001-02-000000010764328	grp-a001-02-000000069047580	쉐이크	nad-a001-02-000000541753984	bsn-a001-00-000000013604308	16	08	98128	M	2	0	0	10	0
20260708	4291318	cmp-a001-02-000000010764328	grp-a001-02-000000069047580	프로틴	nad-a001-02-000000541753984	bsn-a001-00-000000013604308	16	03	768323	M	1	0	0	4	0
20260708	4291318	cmp-a001-02-000000010764328	grp-a001-02-000000069047580	라이프밀	nad-a001-02-000000541753966	bsn-a001-00-000000013604308	16	99	529514	M	1	0	0	3	0
20260708	4291318	cmp-a001-02-000000010764328	grp-a001-02-000000069047580	황성주생식라이프밀	nad-a001-02-000000541753967	bsn-a001-00-000000013604308	16	99	8753	M	1	0	0	3	0
20260708	4291318	cmp-a001-02-000000010764328	grp-a001-02-000000069047580	황성주생식	nad-a001-02-000000541753988	bsn-a001-00-000000013604308	16	09	8753	M	4	0	0	16	0
20260708	4291318	cmp-a001-02-000000010764328	grp-a001-02-000000069047580	단백질	nad-a001-02-000000541754000	bsn-a001-00-000000013604308	16	02	684927	P	1	0	0	8	0
20260708	4291318	cmp-a001-02-000000010432615	grp-a001-02-000000064422129	라이프밀	nad-a001-02-000000494208911	bsn-a001-00-000000013604308	16	09	633013	M	1	0	0	6	0
20260708	4291318	cmp-a001-02-000000010764328	grp-a001-02-000000069047580	단호박단백질	nad-a001-02-000000541753978	bsn-a001-00-000000013604308	16	08	8753	M	1	0	0	4	0
20260708	4291318	cmp-a001-02-000000010764328	grp-a001-02-000000069047580	황성주생식라이프밀	nad-a001-02-000000541753996	bsn-a001-00-000000013604308	16	09	612593	P	1	0	0	1	0
20260708	4291318	cmp-a001-02-000000010764328	grp-a001-02-000000069047580	시리얼	nad-a001-02-000000541753991	bsn-a001-00-000000013604308	16	17	529514	M	1	0	0	4	0
20260708	4291318	cmp-a001-02-000000010764328	grp-a001-02-000000069047580	라이프밀	nad-a001-02-000000541753967	bsn-a001-00-000000013604308	16	09	633013	M	1	0	0	3	0
20260708	4291318	cmp-a001-02-000000010432615	grp-a001-02-000000064422129	스토어	nad-a001-02-000000494209017	bsn-a001-00-000000013604308	16	07	98128	M	2	0	0	14	0
20260708	4291318	cmp-a001-02-000000010764328	grp-a001-02-000000069047580	황성주생식라이프밀	nad-a001-02-000000541753967	bsn-a001-00-000000013604308	16	18	33421	M	2	0	0	4	0
20260708	4291318	cmp-a001-02-000000010764328	grp-a001-02-000000069047580	쉐이크	nad-a001-02-000000541753979	bsn-a001-00-000000013604308	16	09	529514	M	11	0	0	52	0
20260708	4291318	cmp-a001-02-000000010764328	grp-a001-02-000000069047580	단백질	nad-a001-02-000000541753979	bsn-a001-00-000000013604308	16	02	684927	P	1	0	0	2	0
20260708	4291318	cmp-a001-02-000000010764328	grp-a001-02-000000069047580	황성주프로틴골드	nad-a001-02-000000541754000	bsn-a001-00-000000013604308	16	02	8753	M	1	1	1397	2	0
20260708	4291318	cmp-a001-02-000000010764328	grp-a001-02-000000069047580	프로틴	nad-a001-02-000000541753979	bsn-a001-00-000000013604308	16	02	98128	M	1	0	0	5	0
20260708	4291318	cmp-a001-02-000000010764328	grp-a001-02-000000069047580	프로틴	nad-a001-02-000000541754000	bsn-a001-00-000000013604308	16	09	768323	M	20	0	0	113	0
20260708	4291318	cmp-a001-02-000000010764328	grp-a001-02-000000069047580	프로틴	nad-a001-02-000000541753981	bsn-a001-00-000000013604308	16	02	684926	M	1	0	0	21	0
20260708	4291318	cmp-a001-02-000000010764328	grp-a001-02-000000069047580	프로틴	nad-a001-02-000000541753979	bsn-a001-00-000000013604308	16	06	98128	M	1	0	0	5	0
20260708	4291318	cmp-a001-02-000000010432615	grp-a001-02-000000064422129	스토어	nad-a001-02-000000494209021	bsn-a001-00-000000013604308	16	06	98128	M	2	0	0	10	0
20260708	4291318	cmp-a001-02-000000010764328	grp-a001-02-000000069047580	프로틴	nad-a001-02-000000541754000	bsn-a001-00-000000013604308	16	99	529514	M	20	0	0	40	0
20260708	4291318	cmp-a001-02-000000010764328	grp-a001-02-000000069047580	라이프밀	nad-a001-02-000000541753966	bsn-a001-00-000000013604308	16	06	633013	M	1	0	0	4	0
20260708	4291318	cmp-a001-02-000000010432615	grp-a001-02-000000064422129	과자	nad-a001-02-000000494208904	bsn-a001-00-000000013604308	16	18	529514	M	3	0	0	7	0
20260708	4291318	cmp-a001-02-000000010764328	grp-a001-02-000000069047580	황성주생식	nad-a001-02-000000541753968	bsn-a001-00-000000013604308	16	18	33421	M	2	0	0	15	0
20260708	4291318	cmp-a001-02-000000010764328	grp-a001-02-000000069047580	콜라겐젤리	nad-a001-02-000000541753987	bsn-a001-00-000000013604308	16	09	529514	M	3	0	0	17	0
20260708	4291318	cmp-a001-02-000000010764328	grp-a001-02-000000069047580	생식가루	nad-a001-02-000000541754004	bsn-a001-00-000000013604308	16	03	8753	M	1	0	0	2	0
20260708	4291318	cmp-a001-02-000000010764328	grp-a001-02-000000069047580	단백질쉐이크파우치	nad-a001-02-000000541753971	bsn-a001-00-000000013604308	16	03	612593	P	1	0	0	23	0
20260708	4291318	cmp-a001-02-000000010764328	grp-a001-02-000000069047580	단백질보충제	nad-a001-02-000000541753984	bsn-a001-00-000000013604308	16	13	529514	M	5	0	0	15	0
20260708	4291318	cmp-a001-02-000000010764328	grp-a001-02-000000069047580	황성주생식	nad-a001-02-000000541753988	bsn-a001-00-000000013604308	16	13	8753	M	3	0	0	12	0
20260708	4291318	cmp-a001-02-000000010432615	grp-a001-02-000000064422129	스토어	nad-a001-02-000000494208911	bsn-a001-00-000000013604308	16	99	98128	M	3	0	0	27	0
20260708	4291318	cmp-a001-02-000000010764328	grp-a001-02-000000069047580	시리얼	nad-a001-02-000000541753991	bsn-a001-00-000000013604308	16	16	768323	M	2	0	0	40	0
20260708	4291318	cmp-a001-02-000000010764328	grp-a001-02-000000069047580	프로틴쉐이크	nad-a001-02-000000541754000	bsn-a001-00-000000013604308	16	09	529514	M	5	0	0	20	0
20260708	4291318	cmp-a001-02-000000010764328	grp-a001-02-000000069047580	분말	nad-a001-02-000000541753996	bsn-a001-00-000000013604308	16	18	11068	P	1	0	0	1	0
20260708	4291318	cmp-a001-02-000000010432615	grp-a001-02-000000064422129	황성주생식	nad-a001-02-000000494208910	bsn-a001-00-000000013604308	16	18	33421	M	2	0	0	2	0
20260708	4291318	cmp-a001-02-000000010432615	grp-a001-02-000000064422129	황성주라이프밀	nad-a001-02-000000494208911	bsn-a001-00-000000013604308	16	09	684927	P	1	0	0	6	0
20260708	4291318	cmp-a001-02-000000010432615	grp-a001-02-000000064422129	스토어	nad-a001-02-000000494209017	bsn-a001-00-000000013604308	16	11	98128	M	1	0	0	7	0
20260708	4291318	cmp-a001-02-000000010432615	grp-a001-02-000000064422129	스토어	nad-a001-02-000000494209022	bsn-a001-00-000000013604308	16	13	98128	M	1	0	0	8	0
20260708	4291318	cmp-a001-02-000000010432615	grp-a001-02-000000064422129	라이프밀	nad-a001-02-000000494208910	bsn-a001-00-000000013604308	16	09	633013	M	1	0	0	1	0
20260708	4291318	cmp-a001-02-000000010764328	grp-a001-02-000000069047580	식물성단백질	nad-a001-02-000000541753989	bsn-a001-00-000000013604308	16	09	529514	M	2	0	0	4	0
20260708	4291318	cmp-a001-02-000000010432615	grp-a001-02-000000064422129	시리얼	nad-a001-02-000000494208904	bsn-a001-00-000000013604308	16	16	529514	M	3	0	0	9	0
20260708	4291318	cmp-a001-02-000000010764328	grp-a001-02-000000069047580	분말	nad-a001-02-000000541753996	bsn-a001-00-000000013604308	16	18	684925	P	1	0	0	1	0
20260708	4291318	cmp-a001-02-000000010764328	grp-a001-02-000000069047580	황성주라이프밀	nad-a001-02-000000541753966	bsn-a001-00-000000013604308	16	99	529514	M	3	0	0	10	0
20260708	4291318	cmp-a001-02-000000010764328	grp-a001-02-000000069047580	단백질보충제	nad-a001-02-000000541753979	bsn-a001-00-000000013604308	16	01	529514	M	2	0	0	6	0
20260708	4291318	cmp-a001-02-000000010764328	grp-a001-02-000000069047580	황성주영양식	nad-a001-02-000000541753963	bsn-a001-00-000000013604308	16	09	8753	M	2	0	0	4	0
20260708	4291318	cmp-a001-02-000000010432615	grp-a001-02-000000064422129	라이프밀	nad-a001-02-000000494209022	bsn-a001-00-000000013604308	16	18	633013	M	2	0	0	14	0
20260708	4291318	cmp-a001-02-000000010764328	grp-a001-02-000000069047580	황성주영양식	nad-a001-02-000000541753962	bsn-a001-00-000000013604308	16	02	8753	M	1	0	0	3	0
20260708	4291318	cmp-a001-02-000000010764328	grp-a001-02-000000069047580	과자	nad-a001-02-000000541753991	bsn-a001-00-000000013604308	16	04	87620	M	1	0	0	3	0
20260708	4291318	cmp-a001-02-000000010764328	grp-a001-02-000000069047580	황성주생식	nad-a001-02-000000541754005	bsn-a001-00-000000013604308	16	02	529514	M	2	0	0	20	0
20260708	4291318	cmp-a001-02-000000010432615	grp-a001-02-000000064422129	황성주생식라이프밀	nad-a001-02-000000494208911	bsn-a001-00-000000013604308	16	18	33421	M	1	0	0	6	0
20260708	4291318	cmp-a001-02-000000010764328	grp-a001-02-000000069047580	단백질보충제	nad-a001-02-000000541753979	bsn-a001-00-000000013604308	16	16	87620	M	1	0	0	6	0
20260708	4291318	cmp-a001-02-000000010764328	grp-a001-02-000000069047580	황성주생식라이프밀	nad-a001-02-000000541754004	bsn-a001-00-000000013604308	16	99	8753	M	1	0	0	2	0
20260708	4291318	cmp-a001-02-000000010432615	grp-a001-02-000000064422129	스토어	nad-a001-02-000000494208911	bsn-a001-00-000000013604308	16	11	98128	M	1	0	0	9	0
20260708	4291318	cmp-a001-02-000000010764328	grp-a001-02-000000069047580	야채분말	nad-a001-02-000000541753988	bsn-a001-00-000000013604308	16	16	27758	P	1	0	0	3	0
20260708	4291318	cmp-a001-02-000000010764328	grp-a001-02-000000069047580	견과류세트	nad-a001-02-000000541753959	bsn-a001-00-000000013604308	16	09	341893	M	1	0	0	2	0
20260708	4291318	cmp-a001-02-000000010764328	grp-a001-02-000000069047580	과자	nad-a001-02-000000541753991	bsn-a001-00-000000013604308	16	03	529514	M	2	0	0	5	0
20260708	4291318	cmp-a001-02-000000010764328	grp-a001-02-000000069047580	황성주생식	nad-a001-02-000000541754004	bsn-a001-00-000000013604308	16	11	8753	M	3	0	0	7	0
20260708	4291318	cmp-a001-02-000000010764328	grp-a001-02-000000069047580	단백질보충제	nad-a001-02-000000541753979	bsn-a001-00-000000013604308	16	18	791888	M	1	0	0	4	0
20260708	4291318	cmp-a001-02-000000010764328	grp-a001-02-000000069047580	단백질보충제	nad-a001-02-000000541753981	bsn-a001-00-000000013604308	16	01	87620	M	1	0	0	5	0
20260708	4291318	cmp-a001-02-000000010764328	grp-a001-02-000000069047580	생식가루	nad-a001-02-000000541753996	bsn-a001-00-000000013604308	16	02	8753	M	1	0	0	1	0
20260708	4291318	cmp-a001-02-000000010764328	grp-a001-02-000000069047580	프로틴	nad-a001-02-000000541753981	bsn-a001-00-000000013604308	16	11	768323	M	4	0	0	17	0
20260708	4291318	cmp-a001-02-000000010764328	grp-a001-02-000000069047580	분말	nad-a001-02-000000541753996	bsn-a001-00-000000013604308	16	18	27758	P	1	0	0	1	0
20260708	4291318	cmp-a001-02-000000010764328	grp-a001-02-000000069047580	라이프밀	nad-a001-02-000000541753966	bsn-a001-00-000000013604308	16	09	612593	P	1	0	0	4	0
20260708	4291318	cmp-a001-02-000000010764328	grp-a001-02-000000069047580	황성주생식	nad-a001-02-000000541753988	bsn-a001-00-000000013604308	16	02	529514	M	2	0	0	8	0
20260708	4291318	cmp-a001-02-000000010432615	grp-a001-02-000000064422129	스토어	nad-a001-02-000000494208910	bsn-a001-00-000000013604308	16	06	98128	M	2	0	0	8	0
20260708	4291318	cmp-a001-02-000000010764328	grp-a001-02-000000069047580	황성주생식	nad-a001-02-000000541753996	bsn-a001-00-000000013604308	16	99	8753	M	2	0	0	2	0
20260708	4291318	cmp-a001-02-000000010764328	grp-a001-02-000000069047580	황성주생식	nad-a001-02-000000541753996	bsn-a001-00-000000013604308	16	99	684925	P	1	0	0	1	0
20260708	4291318	cmp-a001-02-000000010764328	grp-a001-02-000000069047580	분말	nad-a001-02-000000541753988	bsn-a001-00-000000013604308	16	18	11068	P	1	0	0	5	0
20260708	4291318	cmp-a001-02-000000010764328	grp-a001-02-000000069047580	건강분말	nad-a001-02-000000541753995	bsn-a001-00-000000013604308	16	99	768323	M	1	0	0	19	0
20260708	4291318	cmp-a001-02-000000010764328	grp-a001-02-000000069047580	프로틴	nad-a001-02-000000541753981	bsn-a001-00-000000013604308	16	02	98128	M	1	0	0	3	0
20260708	4291318	cmp-a001-02-000000010764328	grp-a001-02-000000069047580	황성주생식라이프밀	nad-a001-02-000000541753966	bsn-a001-00-000000013604308	16	09	612593	P	1	0	0	4	0
20260708	4291318	cmp-a001-02-000000010432615	grp-a001-02-000000064422129	시리얼	nad-a001-02-000000494208904	bsn-a001-00-000000013604308	16	06	529514	M	3	0	0	9	0
20260708	4291318	cmp-a001-02-000000010764328	grp-a001-02-000000069047580	단백질보충제	nad-a001-02-000000541754000	bsn-a001-00-000000013604308	16	11	684926	M	1	0	0	5	0
20260708	4291318	cmp-a001-02-000000010764328	grp-a001-02-000000069047580	황성주생식라이프밀	nad-a001-02-000000541753967	bsn-a001-00-000000013604308	16	09	612593	P	1	0	0	3	0
20260708	4291318	cmp-a001-02-000000010432615	grp-a001-02-000000064422129	스토어	nad-a001-02-000000494208911	bsn-a001-00-000000013604308	16	15	98128	M	4	0	0	36	0
20260708	4291318	cmp-a001-02-000000010764328	grp-a001-02-000000069047580	프로틴	nad-a001-02-000000541753981	bsn-a001-00-000000013604308	16	02	137281	M	4	0	0	8	0
20260708	4291318	cmp-a001-02-000000010764328	grp-a001-02-000000069047580	단백질쉐이크파우치	nad-a001-02-000000541753984	bsn-a001-00-000000013604308	16	09	529514	M	1	0	0	14	0
20260708	4291318	cmp-a001-02-000000010432615	grp-a001-02-000000064422129	시리얼	nad-a001-02-000000494208904	bsn-a001-00-000000013604308	16	15	529514	M	3	0	0	9	0
20260708	4291318	cmp-a001-02-000000010432615	grp-a001-02-000000064422129	과자	nad-a001-02-000000494208904	bsn-a001-00-000000013604308	16	04	87620	M	1	0	0	2	0
20260708	4291318	cmp-a001-02-000000010764328	grp-a001-02-000000069047580	분말	nad-a001-02-000000541753966	bsn-a001-00-000000013604308	16	18	11068	P	1	0	0	4	0
20260708	4291318	cmp-a001-02-000000010764328	grp-a001-02-000000069047580	황성주생식	nad-a001-02-000000541753966	bsn-a001-00-000000013604308	16	02	341893	M	1	0	0	6	0
20260708	4291318	cmp-a001-02-000000010764328	grp-a001-02-000000069047580	단백질보충제	nad-a001-02-000000541753979	bsn-a001-00-000000013604308	16	13	529514	M	2	0	0	6	0
20260708	4291318	cmp-a001-02-000000010432615	grp-a001-02-000000064422129	네이버스토어	nad-a001-02-000000494209021	bsn-a001-00-000000013604308	16	09	612593	P	1	0	0	22	0
20260708	4291318	cmp-a001-02-000000010764328	grp-a001-02-000000069047580	프로틴	nad-a001-02-000000541754000	bsn-a001-00-000000013604308	16	01	529514	M	4	0	0	8	0
20260708	4291318	cmp-a001-02-000000010764328	grp-a001-02-000000069047580	라이프밀	nad-a001-02-000000541753996	bsn-a001-00-000000013604308	16	99	529514	M	1	0	0	1	0
20260708	4291318	cmp-a001-02-000000010764328	grp-a001-02-000000069047580	식물성단백질	nad-a001-02-000000541753979	bsn-a001-00-000000013604308	16	09	529514	M	2	0	0	7	0
20260708	4291318	cmp-a001-02-000000010764328	grp-a001-02-000000069047580	황성주생식라이프밀	nad-a001-02-000000541753968	bsn-a001-00-000000013604308	16	09	612593	P	1	0	0	7	0
20260708	4291318	cmp-a001-02-000000010764328	grp-a001-02-000000069047580	박사가사랑한	nad-a001-02-000000541753981	bsn-a001-00-000000013604308	16	09	529514	M	1	0	0	9	0
20260708	4291318	cmp-a001-02-000000010764328	grp-a001-02-000000069047580	황성주생식	nad-a001-02-000000541753968	bsn-a001-00-000000013604308	16	11	33421	M	1	0	0	8	0
20260708	4291318	cmp-a001-02-000000010432615	grp-a001-02-000000064422129	황성주라이프밀	nad-a001-02-000000494208910	bsn-a001-00-000000013604308	16	07	684924	M	1	0	0	1	0
20260708	4291318	cmp-a001-02-000000010764328	grp-a001-02-000000069047580	라이프밀	nad-a001-02-000000541753997	bsn-a001-00-000000013604308	16	02	11068	P	4	0	0	24	0
20260708	4291318	cmp-a001-02-000000010764328	grp-a001-02-000000069047580	단백질	nad-a001-02-000000541753979	bsn-a001-00-000000013604308	16	09	529514	M	6	0	0	40	0
20260708	4291318	cmp-a001-02-000000010764328	grp-a001-02-000000069047580	단백질	nad-a001-02-000000541753984	bsn-a001-00-000000013604308	16	01	529514	M	1	0	0	6	0
20260708	4291318	cmp-a001-02-000000010764328	grp-a001-02-000000069047580	단백질	nad-a001-02-000000541753981	bsn-a001-00-000000013604308	16	08	529514	M	10	0	0	59	0
20260708	4291318	cmp-a001-02-000000010764328	grp-a001-02-000000069047580	황성주건강식	nad-a001-02-000000541753963	bsn-a001-00-000000013604308	16	09	27758	P	1	0	0	2	0
20260708	4291318	cmp-a001-02-000000010764328	grp-a001-02-000000069047580	황성주생식	nad-a001-02-000000541753996	bsn-a001-00-000000013604308	16	02	684924	M	1	0	0	1	0
20260708	4291318	cmp-a001-02-000000010764328	grp-a001-02-000000069047580	프로틴	nad-a001-02-000000541753981	bsn-a001-00-000000013604308	16	16	768323	M	4	0	0	13	0
20260708	4291318	cmp-a001-02-000000010764328	grp-a001-02-000000069047580	영양식	nad-a001-02-000000541753964	bsn-a001-00-000000013604308	16	09	529514	M	1	0	0	2	0
20260708	4291318	cmp-a001-02-000000010432615	grp-a001-02-000000064422129	라이프밀	nad-a001-02-000000494209022	bsn-a001-00-000000013604308	16	04	633013	M	2	0	0	14	0
20260708	4291318	cmp-a001-02-000000010764328	grp-a001-02-000000069047580	단백질보충제	nad-a001-02-000000541753984	bsn-a001-00-000000013604308	16	99	23123	P	1	0	0	9	0
20260708	4291318	cmp-a001-02-000000010764328	grp-a001-02-000000069047580	단백질보충제	nad-a001-02-000000541753981	bsn-a001-00-000000013604308	16	18	529514	M	1	0	0	5	0
20260708	4291318	cmp-a001-02-000000010764328	grp-a001-02-000000069047580	프로틴	nad-a001-02-000000541753981	bsn-a001-00-000000013604308	16	07	768323	M	1	0	0	5	0
20260708	4291318	cmp-a001-02-000000010764328	grp-a001-02-000000069047580	황성주발효생식	nad-a001-02-000000541753963	bsn-a001-00-000000013604308	16	02	8753	M	1	0	0	3	0
20260708	4291318	cmp-a001-02-000000010432615	grp-a001-02-000000064422129	라이프밀	nad-a001-02-000000494209022	bsn-a001-00-000000013604308	16	02	633013	M	2	0	0	14	0
20260708	4291318	cmp-a001-02-000000010432615	grp-a001-02-000000064422129	시리얼	nad-a001-02-000000494208904	bsn-a001-00-000000013604308	16	08	529514	M	4	0	0	12	0
20260708	4291318	cmp-a001-02-000000010764328	grp-a001-02-000000069047580	라이프밀	nad-a001-02-000000541753988	bsn-a001-00-000000013604308	16	02	633013	M	2	0	0	10	0
20260708	4291318	cmp-a001-02-000000010432615	grp-a001-02-000000064422129	라이프밀	nad-a001-02-000000494209022	bsn-a001-00-000000013604308	16	16	633013	M	6	0	0	42	0
20260708	4291318	cmp-a001-02-000000010764328	grp-a001-02-000000069047580	단백질보충제	nad-a001-02-000000541753984	bsn-a001-00-000000013604308	16	16	87620	M	1	0	0	3	0
20260708	4291318	cmp-a001-02-000000010432615	grp-a001-02-000000064422129	생식황성주	nad-a001-02-000000494208910	bsn-a001-00-000000013604308	16	02	684924	M	1	0	0	1	0
20260708	4291318	cmp-a001-02-000000010764328	grp-a001-02-000000069047580	단백질보충제	nad-a001-02-000000541753981	bsn-a001-00-000000013604308	16	02	529514	M	1	0	0	5	0
20260708	4291318	cmp-a001-02-000000010432615	grp-a001-02-000000064422129	황성주생식	nad-a001-02-000000494208910	bsn-a001-00-000000013604308	16	09	529514	M	2	0	0	2	0
20260708	4291318	cmp-a001-02-000000010432615	grp-a001-02-000000064422129	황성주라이프밀	nad-a001-02-000000494208910	bsn-a001-00-000000013604308	16	09	684927	P	1	0	0	1	0
20260708	4291318	cmp-a001-02-000000010764328	grp-a001-02-000000069047580	야채가루	nad-a001-02-000000541753988	bsn-a001-00-000000013604308	16	09	8753	M	1	0	0	2	0
20260708	4291318	cmp-a001-02-000000010764328	grp-a001-02-000000069047580	단백질쉐이크	nad-a001-02-000000541754000	bsn-a001-00-000000013604308	16	11	529514	M	4	0	0	16	0
20260708	4291318	cmp-a001-02-000000010764328	grp-a001-02-000000069047580	하루견과	nad-a001-02-000000541753960	bsn-a001-00-000000013604308	16	18	341893	M	1	0	0	1	0
20260708	4291318	cmp-a001-02-000000010764328	grp-a001-02-000000069047580	황성주생식라이프밀	nad-a001-02-000000541753967	bsn-a001-00-000000013604308	16	02	8753	M	1	0	0	3	0
20260708	4291318	cmp-a001-02-000000010432615	grp-a001-02-000000064422129	스토어	nad-a001-02-000000494208911	bsn-a001-00-000000013604308	16	08	98128	M	1	0	0	9	0
20260708	4291318	cmp-a001-02-000000010432615	grp-a001-02-000000064422129	스토어	nad-a001-02-000000494208910	bsn-a001-00-000000013604308	16	07	98128	M	2	0	0	8	0
20260708	4291318	cmp-a001-02-000000010764328	grp-a001-02-000000069047580	단백질보충제	nad-a001-02-000000541753984	bsn-a001-00-000000013604308	16	09	23123	P	1	0	0	6	0
20260708	4291318	cmp-a001-02-000000010764328	grp-a001-02-000000069047580	단백질보충제	nad-a001-02-000000541753981	bsn-a001-00-000000013604308	16	99	23123	P	1	0	0	7	0
20260708	4291318	cmp-a001-02-000000010764328	grp-a001-02-000000069047580	단백질	nad-a001-02-000000541753981	bsn-a001-00-000000013604308	16	08	98128	M	3	0	0	18	0
20260708	4291318	cmp-a001-02-000000010764328	grp-a001-02-000000069047580	과자	nad-a001-02-000000541753991	bsn-a001-00-000000013604308	16	02	529514	M	4	0	0	9	0
20260708	4291318	cmp-a001-02-000000010432615	grp-a001-02-000000064422129	황성주1일1생식뉴밀	nad-a001-02-000000494209021	bsn-a001-00-000000013604308	16	02	370822	P	1	0	0	1	0
20260708	4291318	cmp-a001-02-000000010764328	grp-a001-02-000000069047580	분말	nad-a001-02-000000541753967	bsn-a001-00-000000013604308	16	18	11068	P	1	0	0	3	0
20260708	4291318	cmp-a001-02-000000010432615	grp-a001-02-000000064422129	라이프밀	nad-a001-02-000000494208911	bsn-a001-00-000000013604308	16	04	633013	M	2	0	0	12	0
20260708	4291318	cmp-a001-02-000000010764328	grp-a001-02-000000069047580	셀렉스프로틴	nad-a001-02-000000541753974	bsn-a001-00-000000013604308	16	13	370822	P	1	0	0	1	0
20260708	4291318	cmp-a001-02-000000010764328	grp-a001-02-000000069047580	단백질쉐이크파우치	nad-a001-02-000000541753975	bsn-a001-00-000000013604308	16	03	612593	P	1	0	0	20	0
20260708	4291318	cmp-a001-02-000000010764328	grp-a001-02-000000069047580	라이프밀	nad-a001-02-000000541754004	bsn-a001-00-000000013604308	16	02	633013	M	2	0	0	4	0
20260708	4291318	cmp-a001-02-000000010764328	grp-a001-02-000000069047580	프로틴	nad-a001-02-000000541753981	bsn-a001-00-000000013604308	16	08	98128	M	3	0	0	9	0
20260708	4291318	cmp-a001-02-000000010764328	grp-a001-02-000000069047580	건강분말	nad-a001-02-000000541753961	bsn-a001-00-000000013604308	16	06	768323	M	1	0	0	14	0
20260708	4291318	cmp-a001-02-000000010432615	grp-a001-02-000000064422129	스토어	nad-a001-02-000000494209017	bsn-a001-00-000000013604308	16	15	98128	M	4	0	0	28	0
20260708	4291318	cmp-a001-02-000000010764328	grp-a001-02-000000069047580	프로틴	nad-a001-02-000000541753984	bsn-a001-00-000000013604308	16	06	768323	M	8	0	0	34	0
20260708	4291318	cmp-a001-02-000000010764328	grp-a001-02-000000069047580	단백질쉐이크	nad-a001-02-000000541754000	bsn-a001-00-000000013604308	16	15	529514	M	16	0	0	64	0
20260708	4291318	cmp-a001-02-000000010764328	grp-a001-02-000000069047580	단백질보충제	nad-a001-02-000000541754000	bsn-a001-00-000000013604308	16	13	529514	M	3	0	0	6	0
20260708	4291318	cmp-a001-02-000000010764328	grp-a001-02-000000069047580	라이프밀	nad-a001-02-000000541754005	bsn-a001-00-000000013604308	16	09	612593	P	1	0	0	8	0
20260708	4291318	cmp-a001-02-000000010764328	grp-a001-02-000000069047580	라이프밀	nad-a001-02-000000541753988	bsn-a001-00-000000013604308	16	09	612593	P	1	0	0	5	0
20260708	4291318	cmp-a001-02-000000010764328	grp-a001-02-000000069047580	프로틴	nad-a001-02-000000541753984	bsn-a001-00-000000013604308	16	10	768323	M	1	0	0	4	0
20260708	4291318	cmp-a001-02-000000010764328	grp-a001-02-000000069047580	황성주생식	nad-a001-02-000000541753968	bsn-a001-00-000000013604308	16	99	33421	M	1	0	0	8	0
20260708	4291318	cmp-a001-02-000000010764328	grp-a001-02-000000069047580	황성주생식	nad-a001-02-000000541753988	bsn-a001-00-000000013604308	16	99	8753	M	4	0	0	16	0
20260708	4291318	cmp-a001-02-000000010764328	grp-a001-02-000000069047580	황성주라이프밀	nad-a001-02-000000541753968	bsn-a001-00-000000013604308	16	07	8753	M	1	0	0	7	0
20260708	4291318	cmp-a001-02-000000010432615	grp-a001-02-000000064422129	라이프밀	nad-a001-02-000000494208911	bsn-a001-00-000000013604308	16	16	633013	M	6	0	0	36	0
20260708	4291318	cmp-a001-02-000000010764328	grp-a001-02-000000069047580	황성주생식라이프밀	nad-a001-02-000000541753988	bsn-a001-00-000000013604308	16	09	612593	P	1	0	0	5	0
20260708	4291318	cmp-a001-02-000000010764328	grp-a001-02-000000069047580	시리얼	nad-a001-02-000000541753991	bsn-a001-00-000000013604308	16	13	529514	M	2	0	0	6	0
20260708	4291318	cmp-a001-02-000000010432615	grp-a001-02-000000064422129	황성주생식	nad-a001-02-000000494208910	bsn-a001-00-000000013604308	16	11	33421	M	1	0	0	1	0
20260708	4291318	cmp-a001-02-000000010432615	grp-a001-02-000000064422129	황성주생식	nad-a001-02-000000494208910	bsn-a001-00-000000013604308	16	06	8753	M	1	1	5408	1	0
20260708	4291318	cmp-a001-02-000000010432615	grp-a001-02-000000064422129	과자	nad-a001-02-000000494208904	bsn-a001-00-000000013604308	16	02	529514	M	3	0	0	7	0
20260708	4291318	cmp-a001-02-000000010764328	grp-a001-02-000000069047580	라이프밀	nad-a001-02-000000541754004	bsn-a001-00-000000013604308	16	09	684926	M	2	0	0	4	0
20260708	4291318	cmp-a001-02-000000010432615	grp-a001-02-000000064422129	네이버스토어	nad-a001-02-000000494208910	bsn-a001-00-000000013604308	16	06	335738	P	1	0	0	1	0
20260708	4291318	cmp-a001-02-000000010432615	grp-a001-02-000000064422129	스토어	nad-a001-02-000000494209017	bsn-a001-00-000000013604308	16	10	98128	M	1	0	0	7	0
20260708	4291318	cmp-a001-02-000000010764328	grp-a001-02-000000069047580	환자식	nad-a001-02-000000541753963	bsn-a001-00-000000013604308	16	09	27758	P	1	0	0	1	0
20260708	4291318	cmp-a001-02-000000010764328	grp-a001-02-000000069047580	단백질쉐이크	nad-a001-02-000000541754000	bsn-a001-00-000000013604308	16	01	529514	M	2	0	0	8	0
20260708	4291318	cmp-a001-02-000000010764328	grp-a001-02-000000069047580	라이프밀	nad-a001-02-000000541754004	bsn-a001-00-000000013604308	16	06	633013	M	1	0	0	2	0
20260708	4291318	cmp-a001-02-000000010764328	grp-a001-02-000000069047580	황성주생식	nad-a001-02-000000541753988	bsn-a001-00-000000013604308	16	11	8753	M	4	0	0	17	0
20260708	4291318	cmp-a001-02-000000010432615	grp-a001-02-000000064422129	인기과자	nad-a001-02-000000494208904	bsn-a001-00-000000013604308	16	02	529514	M	2	0	0	6	0
20260708	4291318	cmp-a001-02-000000010432615	grp-a001-02-000000064422129	황성주생식라이프밀	nad-a001-02-000000494208910	bsn-a001-00-000000013604308	16	11	612594	M	1	0	0	1	0
20260708	4291318	cmp-a001-02-000000010432615	grp-a001-02-000000064422129	스토어	nad-a001-02-000000494208910	bsn-a001-00-000000013604308	16	00	612593	P	1	0	0	18	0
20260708	4291318	cmp-a001-02-000000010764328	grp-a001-02-000000069047580	건강분말	nad-a001-02-000000541753993	bsn-a001-00-000000013604308	16	99	768323	M	1	0	0	16	0
20260708	4291318	cmp-a001-02-000000010764328	grp-a001-02-000000069047580	단백질쉐이크파우치	nad-a001-02-000000541753970	bsn-a001-00-000000013604308	16	03	612593	P	1	0	0	21	0
20260708	4291318	cmp-a001-02-000000010764328	grp-a001-02-000000069047580	황성주생식라이프밀	nad-a001-02-000000541753988	bsn-a001-00-000000013604308	16	15	8753	M	1	0	0	4	0
20260708	4291318	cmp-a001-02-000000010432615	grp-a001-02-000000064422129	황성주생식	nad-a001-02-000000494208911	bsn-a001-00-000000013604308	16	09	529514	M	1	0	0	4	0
20260708	4291318	cmp-a001-02-000000010432615	grp-a001-02-000000064422129	과자	nad-a001-02-000000494208904	bsn-a001-00-000000013604308	16	99	529514	M	6	0	0	12	0
20260708	4291318	cmp-a001-02-000000010764328	grp-a001-02-000000069047580	프로틴	nad-a001-02-000000541753984	bsn-a001-00-000000013604308	16	01	529514	M	3	0	0	9	0
20260708	4291318	cmp-a001-02-000000010432615	grp-a001-02-000000064422129	황성주생식	nad-a001-02-000000494208910	bsn-a001-00-000000013604308	16	09	8753	M	4	1	5408	4	0
20260708	4291318	cmp-a001-02-000000010764328	grp-a001-02-000000069047580	단백질	nad-a001-02-000000541753981	bsn-a001-00-000000013604308	16	13	98128	M	1	0	0	7	0
20260708	4291318	cmp-a001-02-000000010764328	grp-a001-02-000000069047580	황성주생식	nad-a001-02-000000541753988	bsn-a001-00-000000013604308	16	08	8753	M	1	0	0	4	0
20260708	4291318	cmp-a001-02-000000010764328	grp-a001-02-000000069047580	생식가루	nad-a001-02-000000541753996	bsn-a001-00-000000013604308	16	03	8753	M	1	0	0	1	0
20260708	4291318	cmp-a001-02-000000010764328	grp-a001-02-000000069047580	라이프밀	nad-a001-02-000000541753966	bsn-a001-00-000000013604308	16	09	684926	M	2	0	0	8	0
20260708	4291318	cmp-a001-02-000000010764328	grp-a001-02-000000069047580	식물성단백질	nad-a001-02-000000541753981	bsn-a001-00-000000013604308	16	09	529514	M	1	0	0	4	0
20260708	4291318	cmp-a001-02-000000010764328	grp-a001-02-000000069047580	분말	nad-a001-02-000000541754004	bsn-a001-00-000000013604308	16	03	8753	M	1	0	0	4	0
20260708	4291318	cmp-a001-02-000000010764328	grp-a001-02-000000069047580	단백질	nad-a001-02-000000541753979	bsn-a001-00-000000013604308	16	13	98128	M	1	0	0	8	0
20260708	4291318	cmp-a001-02-000000010764328	grp-a001-02-000000069047580	단백질바	nad-a001-02-000000541753991	bsn-a001-00-000000013604308	16	02	529514	M	4	0	0	16	0
20260708	4291318	cmp-a001-02-000000010764328	grp-a001-02-000000069047580	황성주생식라이프밀	nad-a001-02-000000541754004	bsn-a001-00-000000013604308	16	11	612594	M	1	0	0	2	0
20260708	4291318	cmp-a001-02-000000010764328	grp-a001-02-000000069047580	황성주생식	nad-a001-02-000000541753966	bsn-a001-00-000000013604308	16	09	8753	M	4	0	0	20	0
20260708	4291318	cmp-a001-02-000000010432615	grp-a001-02-000000064422129	2개	nad-a001-02-000000494208911	bsn-a001-00-000000013604308	16	09	529514	M	7	0	0	49	0
20260708	4291318	cmp-a001-02-000000010764328	grp-a001-02-000000069047580	과자	nad-a001-02-000000541753991	bsn-a001-00-000000013604308	16	04	529514	M	5	0	0	13	0
20260708	4291318	cmp-a001-02-000000010764328	grp-a001-02-000000069047580	쉐이크	nad-a001-02-000000541754000	bsn-a001-00-000000013604308	16	09	529514	M	13	0	0	39	0
20260708	4291318	cmp-a001-02-000000010764328	grp-a001-02-000000069047580	황성주생식라이프밀	nad-a001-02-000000541753966	bsn-a001-00-000000013604308	16	18	33421	M	1	0	0	4	0
20260708	4291318	cmp-a001-02-000000010764328	grp-a001-02-000000069047580	단백질	nad-a001-02-000000541753981	bsn-a001-00-000000013604308	16	02	684927	P	1	0	0	4	0
20260708	4291318	cmp-a001-02-000000010432615	grp-a001-02-000000064422129	황성주생식	nad-a001-02-000000494209021	bsn-a001-00-000000013604308	16	99	341898	M	1	0	0	1	0
20260708	4291318	cmp-a001-02-000000010432615	grp-a001-02-000000064422129	라이프밀	nad-a001-02-000000494208911	bsn-a001-00-000000013604308	16	18	633013	M	2	0	0	12	0
20260708	4291318	cmp-a001-02-000000010764328	grp-a001-02-000000069047580	라이프밀	nad-a001-02-000000541753988	bsn-a001-00-000000013604308	16	09	684926	M	3	0	0	11	0
20260708	4291318	cmp-a001-02-000000010764328	grp-a001-02-000000069047580	황성주라이프밀	nad-a001-02-000000541753988	bsn-a001-00-000000013604308	16	07	8753	M	1	0	0	5	0
20260708	4291318	cmp-a001-02-000000010432615	grp-a001-02-000000064422129	황성주생식	nad-a001-02-000000494208910	bsn-a001-00-000000013604308	16	18	8753	M	2	0	0	2	0
20260708	4291318	cmp-a001-02-000000010432615	grp-a001-02-000000064422129	스토어	nad-a001-02-000000494208910	bsn-a001-00-000000013604308	16	10	98128	M	1	0	0	4	0
20260708	4291318	cmp-a001-02-000000010764328	grp-a001-02-000000069047580	황성주생식	nad-a001-02-000000541754004	bsn-a001-00-000000013604308	16	02	8753	M	6	1	5178	13	0
20260708	4291318	cmp-a001-02-000000010764328	grp-a001-02-000000069047580	라이프밀	nad-a001-02-000000541754004	bsn-a001-00-000000013604308	16	02	11068	P	4	0	0	8	0
20260708	4291318	cmp-a001-02-000000010764328	grp-a001-02-000000069047580	견과류	nad-a001-02-000000541753960	bsn-a001-00-000000013604308	16	09	684926	M	1	0	0	1	0
20260708	4291318	cmp-a001-02-000000010764328	grp-a001-02-000000069047580	황성주생식라이프밀	nad-a001-02-000000541754004	bsn-a001-00-000000013604308	16	09	612593	P	1	0	0	2	0
20260708	4291318	cmp-a001-02-000000010432615	grp-a001-02-000000064422129	네이버스토어	nad-a001-02-000000494209021	bsn-a001-00-000000013604308	16	10	612593	P	1	0	0	21	0
20260708	4291318	cmp-a001-02-000000010764328	grp-a001-02-000000069047580	35G	nad-a001-02-000000541753991	bsn-a001-00-000000013604308	16	99	529514	M	3	0	0	52	0
20260708	4291318	cmp-a001-02-000000010432615	grp-a001-02-000000064422129	스토어	nad-a001-02-000000494209021	bsn-a001-00-000000013604308	16	99	98128	M	3	0	0	17	0
20260708	4291318	cmp-a001-02-000000010764328	grp-a001-02-000000069047580	황성주생식	nad-a001-02-000000541753967	bsn-a001-00-000000013604308	16	06	8753	M	1	0	0	3	0
20260708	4291318	cmp-a001-02-000000010432615	grp-a001-02-000000064422129	황성주생식	nad-a001-02-000000494208910	bsn-a001-00-000000013604308	16	02	684924	M	2	0	0	2	0
20260708	4291318	cmp-a001-02-000000010764328	grp-a001-02-000000069047580	시리얼	nad-a001-02-000000541753991	bsn-a001-00-000000013604308	16	09	768323	M	2	0	0	40	0
20260708	4291318	cmp-a001-02-000000010432615	grp-a001-02-000000064422129	스토어	nad-a001-02-000000494208910	bsn-a001-00-000000013604308	16	14	335738	P	1	0	0	2	0
20260708	4291318	cmp-a001-02-000000010764328	grp-a001-02-000000069047580	프로틴	nad-a001-02-000000541754000	bsn-a001-00-000000013604308	16	11	768323	M	4	0	0	24	0
20260708	4291318	cmp-a001-02-000000010764328	grp-a001-02-000000069047580	황성주생식	nad-a001-02-000000541753997	bsn-a001-00-000000013604308	16	99	8753	M	1	0	0	6	0
20260708	4291318	cmp-a001-02-000000010764328	grp-a001-02-000000069047580	황성주라이프밀	nad-a001-02-000000541753967	bsn-a001-00-000000013604308	16	99	529514	M	3	0	0	5	0
20260708	4291318	cmp-a001-02-000000010432615	grp-a001-02-000000064422129	스토어	nad-a001-02-000000494209021	bsn-a001-00-000000013604308	16	11	98128	M	1	0	0	5	0
20260708	4291318	cmp-a001-02-000000010764328	grp-a001-02-000000069047580	시리얼	nad-a001-02-000000541753991	bsn-a001-00-000000013604308	16	02	768323	M	3	0	0	60	0
20260708	4291318	cmp-a001-02-000000010764328	grp-a001-02-000000069047580	황성주생식	nad-a001-02-000000541753968	bsn-a001-00-000000013604308	16	09	8753	M	1	0	0	7	0
20260708	4291318	cmp-a001-02-000000010432615	grp-a001-02-000000064422129	과자	nad-a001-02-000000494208904	bsn-a001-00-000000013604308	16	13	529514	M	2	0	0	4	0
20260708	4291318	cmp-a001-02-000000010764328	grp-a001-02-000000069047580	황성주생식라이프밀	nad-a001-02-000000541754005	bsn-a001-00-000000013604308	16	09	612593	P	1	0	0	8	0
20260708	4291318	cmp-a001-02-000000010432615	grp-a001-02-000000064422129	시리얼	nad-a001-02-000000494208904	bsn-a001-00-000000013604308	16	04	529514	M	6	0	0	18	0
20260708	4291318	cmp-a001-02-000000010764328	grp-a001-02-000000069047580	동결건조분말	nad-a001-02-000000541753996	bsn-a001-00-000000013604308	16	03	8753	M	1	0	0	1	0
20260708	4291318	cmp-a001-02-000000010764328	grp-a001-02-000000069047580	과자	nad-a001-02-000000541753991	bsn-a001-00-000000013604308	16	09	529514	M	7	0	0	20	0
20260708	4291318	cmp-a001-02-000000010764328	grp-a001-02-000000069047580	단백질	nad-a001-02-000000541754000	bsn-a001-00-000000013604308	16	08	529514	M	13	0	0	65	0
20260708	4291318	cmp-a001-02-000000010764328	grp-a001-02-000000069047580	황성주생식	nad-a001-02-000000541754004	bsn-a001-00-000000013604308	16	99	8753	M	3	1	3135	6	0
20260708	4291318	cmp-a001-02-000000010764328	grp-a001-02-000000069047580	황성주생식	nad-a001-02-000000541753967	bsn-a001-00-000000013604308	16	08	8753	M	1	0	0	3	0
20260708	4291318	cmp-a001-02-000000010432615	grp-a001-02-000000064422129	네이버스토어	nad-a001-02-000000494208910	bsn-a001-00-000000013604308	16	10	612593	P	1	0	0	7	0
20260708	4291318	cmp-a001-02-000000010764328	grp-a001-02-000000069047580	프로틴	nad-a001-02-000000541754000	bsn-a001-00-000000013604308	16	07	529514	M	3	0	0	6	0
20260708	4291318	cmp-a001-02-000000010764328	grp-a001-02-000000069047580	프로틴	nad-a001-02-000000541753984	bsn-a001-00-000000013604308	16	02	98128	M	1	0	0	4	0
20260708	4291318	cmp-a001-02-000000010432615	grp-a001-02-000000064422129	시리얼	nad-a001-02-000000494208904	bsn-a001-00-000000013604308	16	99	529514	M	28	0	0	84	0
20260708	4291318	cmp-a001-02-000000010764328	grp-a001-02-000000069047580	보충제	nad-a001-02-000000541754000	bsn-a001-00-000000013604308	16	09	137281	M	2	0	0	4	0
20260708	4291318	cmp-a001-02-000000010764328	grp-a001-02-000000069047580	프로틴쉐이크	nad-a001-02-000000541754000	bsn-a001-00-000000013604308	16	08	98128	M	2	0	0	8	0
20260708	4291318	cmp-a001-02-000000010764328	grp-a001-02-000000069047580	과자	nad-a001-02-000000541753991	bsn-a001-00-000000013604308	16	99	529514	M	8	0	0	18	0
20260708	4291318	cmp-a001-02-000000010764328	grp-a001-02-000000069047580	라이프밀	nad-a001-02-000000541753967	bsn-a001-00-000000013604308	16	02	11068	P	4	0	0	12	0
20260708	4291318	cmp-a001-02-000000010764328	grp-a001-02-000000069047580	황성주라이프밀	nad-a001-02-000000541753968	bsn-a001-00-000000013604308	16	09	684927	P	1	0	0	8	0
20260708	4291318	cmp-a001-02-000000010764328	grp-a001-02-000000069047580	건강분말	nad-a001-02-000000541753994	bsn-a001-00-000000013604308	16	99	768323	M	1	0	0	18	0
20260708	4291318	cmp-a001-02-000000010432615	grp-a001-02-000000064422129	라이프밀	nad-a001-02-000000494208910	bsn-a001-00-000000013604308	16	09	684926	M	2	0	0	2	0
20260708	4291318	cmp-a001-02-000000010764328	grp-a001-02-000000069047580	라이프밀	nad-a001-02-000000541753968	bsn-a001-00-000000013604308	16	18	633013	M	2	0	0	16	0
20260708	4291318	cmp-a001-02-000000010432615	grp-a001-02-000000064422129	분말	nad-a001-02-000000494208910	bsn-a001-00-000000013604308	16	03	8753	M	1	0	0	1	0
20260708	4291318	cmp-a001-02-000000010764328	grp-a001-02-000000069047580	프로틴	nad-a001-02-000000541753984	bsn-a001-00-000000013604308	16	09	768323	M	20	0	0	80	0
20260708	4291318	cmp-a001-02-000000010764328	grp-a001-02-000000069047580	다이어트바나나	nad-a001-02-000000541753973	bsn-a001-00-000000013604308	16	02	8753	M	1	0	0	1	0
20260708	4291318	cmp-a001-02-000000010432615	grp-a001-02-000000064422129	스토어	nad-a001-02-000000494209022	bsn-a001-00-000000013604308	16	11	98128	M	1	0	0	8	0
20260708	4291318	cmp-a001-02-000000010764328	grp-a001-02-000000069047580	프로틴	nad-a001-02-000000541753981	bsn-a001-00-000000013604308	16	01	529514	M	4	0	0	10	0
20260708	4291318	cmp-a001-02-000000010764328	grp-a001-02-000000069047580	황성주생식라이프밀	nad-a001-02-000000541753968	bsn-a001-00-000000013604308	16	11	612594	M	1	0	0	7	0
20260708	4291318	cmp-a001-02-000000010764328	grp-a001-02-000000069047580	라이프밀	nad-a001-02-000000541753988	bsn-a001-00-000000013604308	16	18	633013	M	2	0	0	10	0
20260708	4291318	cmp-a001-02-000000010764328	grp-a001-02-000000069047580	단백질보충제	nad-a001-02-000000541753979	bsn-a001-00-000000013604308	16	99	87620	M	1	0	0	6	0
20260708	4291318	cmp-a001-02-000000010764328	grp-a001-02-000000069047580	라이프밀	nad-a001-02-000000541753966	bsn-a001-00-000000013604308	16	09	633013	M	1	0	0	4	0
20260708	4291318	cmp-a001-02-000000010764328	grp-a001-02-000000069047580	라이프밀	nad-a001-02-000000541754004	bsn-a001-00-000000013604308	16	09	8753	M	1	0	0	2	0
20260708	4291318	cmp-a001-02-000000010764328	grp-a001-02-000000069047580	단백질보충제	nad-a001-02-000000541753981	bsn-a001-00-000000013604308	16	16	87620	M	1	0	0	5	0
20260708	4291318	cmp-a001-02-000000010764328	grp-a001-02-000000069047580	황성주생식	nad-a001-02-000000541753988	bsn-a001-00-000000013604308	16	99	341898	M	1	0	0	1	0
20260708	4291318	cmp-a001-02-000000010764328	grp-a001-02-000000069047580	프로틴	nad-a001-02-000000541753984	bsn-a001-00-000000013604308	16	06	529514	M	2	0	0	5	0
20260708	4291318	cmp-a001-02-000000010764328	grp-a001-02-000000069047580	동결건조분말	nad-a001-02-000000541753967	bsn-a001-00-000000013604308	16	03	8753	M	1	0	0	3	0
20260708	4291318	cmp-a001-02-000000010764328	grp-a001-02-000000069047580	황성주생식	nad-a001-02-000000541753988	bsn-a001-00-000000013604308	16	11	33421	M	1	0	0	5	0
20260708	4291318	cmp-a001-02-000000010764328	grp-a001-02-000000069047580	황성주생식	nad-a001-02-000000541753966	bsn-a001-00-000000013604308	16	18	33421	M	3	0	0	11	0
20260708	4291318	cmp-a001-02-000000010764328	grp-a001-02-000000069047580	단백질쉐이크초코	nad-a001-02-000000541753981	bsn-a001-00-000000013604308	16	02	529514	M	5	0	0	40	0
20260708	4291318	cmp-a001-02-000000010764328	grp-a001-02-000000069047580	단백질보충제	nad-a001-02-000000541754000	bsn-a001-00-000000013604308	16	09	11068	P	1	0	0	15	0
20260708	4291318	cmp-a001-02-000000010432615	grp-a001-02-000000064422129	스토어	nad-a001-02-000000494209021	bsn-a001-00-000000013604308	16	18	98128	M	3	0	0	15	0
20260708	4291318	cmp-a001-02-000000010764328	grp-a001-02-000000069047580	라이프밀	nad-a001-02-000000541753967	bsn-a001-00-000000013604308	16	16	633013	M	6	0	0	18	0
20260708	4291318	cmp-a001-02-000000010764328	grp-a001-02-000000069047580	프로틴	nad-a001-02-000000541753984	bsn-a001-00-000000013604308	16	16	768323	M	4	0	0	17	0
20260708	4291318	cmp-a001-02-000000010432615	grp-a001-02-000000064422129	스토어	nad-a001-02-000000494208910	bsn-a001-00-000000013604308	16	99	98128	M	3	0	0	14	0
20260708	4291318	cmp-a001-02-000000010432615	grp-a001-02-000000064422129	과자	nad-a001-02-000000494208904	bsn-a001-00-000000013604308	16	11	529514	M	3	0	0	6	0
20260708	4291318	cmp-a001-02-000000010764328	grp-a001-02-000000069047580	황성주생식	nad-a001-02-000000541753996	bsn-a001-00-000000013604308	16	99	27758	P	1	0	0	1	0
20260708	4291318	cmp-a001-02-000000010764328	grp-a001-02-000000069047580	단백질쉐이크파우치	nad-a001-02-000000541753971	bsn-a001-00-000000013604308	16	02	8753	M	1	0	0	4	0
20260708	4291318	cmp-a001-02-000000010764328	grp-a001-02-000000069047580	건강분말	nad-a001-02-000000541754001	bsn-a001-00-000000013604308	16	99	768323	M	1	0	0	17	0
20260708	4291318	cmp-a001-02-000000010432615	grp-a001-02-000000064422129	스토어	nad-a001-02-000000494208911	bsn-a001-00-000000013604308	16	06	98128	M	2	0	0	18	0
20260708	4291318	cmp-a001-02-000000010764328	grp-a001-02-000000069047580	단백질보충제	nad-a001-02-000000541753981	bsn-a001-00-000000013604308	16	99	529514	M	2	0	0	7	0
20260708	4291318	cmp-a001-02-000000010764328	grp-a001-02-000000069047580	라이프밀	nad-a001-02-000000541753967	bsn-a001-00-000000013604308	16	06	633013	M	1	0	0	3	0
20260708	4291318	cmp-a001-02-000000010764328	grp-a001-02-000000069047580	단백질보충제	nad-a001-02-000000541754000	bsn-a001-00-000000013604308	16	09	529514	M	7	0	0	14	0
20260708	4291318	cmp-a001-02-000000010432615	grp-a001-02-000000064422129	스토어	nad-a001-02-000000494208911	bsn-a001-00-000000013604308	16	02	98128	M	17	0	0	151	0
20260708	4291318	cmp-a001-02-000000010432615	grp-a001-02-000000064422129	스토어	nad-a001-02-000000494208910	bsn-a001-00-000000013604308	16	09	27758	P	1	0	0	1	0
20260708	4291318	cmp-a001-02-000000010432615	grp-a001-02-000000064422129	시리얼	nad-a001-02-000000494208904	bsn-a001-00-000000013604308	16	01	529514	M	5	0	0	15	0
20260708	4291318	cmp-a001-02-000000010764328	grp-a001-02-000000069047580	야채분말	nad-a001-02-000000541753967	bsn-a001-00-000000013604308	16	16	684925	P	1	0	0	1	0
20260708	4291318	cmp-a001-02-000000010764328	grp-a001-02-000000069047580	프로틴	nad-a001-02-000000541754000	bsn-a001-00-000000013604308	16	08	529514	M	2	0	0	4	0
20260708	4291318	cmp-a001-02-000000010432615	grp-a001-02-000000064422129	네이버스토어	nad-a001-02-000000494208910	bsn-a001-00-000000013604308	16	08	335738	P	1	0	0	1	0
20260708	4291318	cmp-a001-02-000000010764328	grp-a001-02-000000069047580	라이프밀	nad-a001-02-000000541754004	bsn-a001-00-000000013604308	16	16	633013	M	6	0	0	12	0
20260708	4291318	cmp-a001-02-000000010764328	grp-a001-02-000000069047580	프로틴	nad-a001-02-000000541753981	bsn-a001-00-000000013604308	16	02	529514	M	10	0	0	25	0
20260708	4291318	cmp-a001-02-000000010764328	grp-a001-02-000000069047580	생식가루	nad-a001-02-000000541753988	bsn-a001-00-000000013604308	16	03	8753	M	1	0	0	4	0
20260708	4291318	cmp-a001-02-000000010764328	grp-a001-02-000000069047580	프로틴	nad-a001-02-000000541753979	bsn-a001-00-000000013604308	16	15	529514	M	2	0	0	8	0
20260708	4291318	cmp-a001-02-000000010764328	grp-a001-02-000000069047580	단백질	nad-a001-02-000000541753981	bsn-a001-00-000000013604308	16	06	98128	M	1	0	0	6	0
20260708	4291318	cmp-a001-02-000000010764328	grp-a001-02-000000069047580	야채가루	nad-a001-02-000000541753966	bsn-a001-00-000000013604308	16	09	8753	M	1	0	0	3	0
20260708	4291318	cmp-a001-02-000000010432615	grp-a001-02-000000064422129	스토어	nad-a001-02-000000494208910	bsn-a001-00-000000013604308	16	08	98128	M	1	0	0	5	0
20260708	4291318	cmp-a001-02-000000010764328	grp-a001-02-000000069047580	황성주생식	nad-a001-02-000000541753967	bsn-a001-00-000000013604308	16	11	8753	M	3	1	3325	10	0
20260708	4291318	cmp-a001-02-000000010764328	grp-a001-02-000000069047580	식물성단백질	nad-a001-02-000000541754000	bsn-a001-00-000000013604308	16	15	529514	M	3	0	0	8	0
20260708	4291318	cmp-a001-02-000000010764328	grp-a001-02-000000069047580	황성주라이프밀	nad-a001-02-000000541753988	bsn-a001-00-000000013604308	16	09	684927	P	1	0	0	5	0
20260708	4291318	cmp-a001-02-000000010764328	grp-a001-02-000000069047580	단백질	nad-a001-02-000000541754000	bsn-a001-00-000000013604308	16	99	529514	M	1	0	0	5	0
20260708	4291318	cmp-a001-02-000000010764328	grp-a001-02-000000069047580	쉐이크	nad-a001-02-000000541754000	bsn-a001-00-000000013604308	16	02	98128	M	1	0	0	3	0
20260708	4291318	cmp-a001-02-000000010432615	grp-a001-02-000000064422129	라이프밀	nad-a001-02-000000494208910	bsn-a001-00-000000013604308	16	18	633013	M	2	0	0	2	0
20260708	4291318	cmp-a001-02-000000010764328	grp-a001-02-000000069047580	프로틴	nad-a001-02-000000541753984	bsn-a001-00-000000013604308	16	08	529514	M	2	0	0	5	0
20260708	4291318	cmp-a001-02-000000010764328	grp-a001-02-000000069047580	황성주생식	nad-a001-02-000000541753996	bsn-a001-00-000000013604308	16	11	8753	M	1	0	0	1	0
20260708	4291318	cmp-a001-02-000000010764328	grp-a001-02-000000069047580	생식황성주	nad-a001-02-000000541753996	bsn-a001-00-000000013604308	16	02	8753	M	1	0	0	1	0
20260708	4291318	cmp-a001-02-000000010764328	grp-a001-02-000000069047580	황성주영양식	nad-a001-02-000000541753963	bsn-a001-00-000000013604308	16	02	8753	M	1	0	0	2	0
20260708	4291318	cmp-a001-02-000000010764328	grp-a001-02-000000069047580	저분자콜라겐	nad-a001-02-000000541753987	bsn-a001-00-000000013604308	16	02	529514	M	1	0	0	7	0
20260708	4291318	cmp-a001-02-000000010764328	grp-a001-02-000000069047580	황성주영양식	nad-a001-02-000000541753963	bsn-a001-00-000000013604308	16	02	684924	M	1	0	0	1	0
20260708	4291318	cmp-a001-02-000000010764328	grp-a001-02-000000069047580	단백질	nad-a001-02-000000541753981	bsn-a001-00-000000013604308	16	09	529514	M	9	0	0	50	0
20260708	4291318	cmp-a001-02-000000010764328	grp-a001-02-000000069047580	황성주생식	nad-a001-02-000000541753966	bsn-a001-00-000000013604308	16	09	529514	M	2	0	0	5	0
20260708	4291318	cmp-a001-02-000000010764328	grp-a001-02-000000069047580	시리얼	nad-a001-02-000000541753991	bsn-a001-00-000000013604308	16	15	529514	M	2	0	0	7	0
20260708	4291318	cmp-a001-02-000000010764328	grp-a001-02-000000069047580	이롬황성주생식	nad-a001-02-000000541753997	bsn-a001-00-000000013604308	16	99	684924	M	1	0	0	1	0
20260708	4291318	cmp-a001-02-000000010432615	grp-a001-02-000000064422129	이롬황성주생식	nad-a001-02-000000494209021	bsn-a001-00-000000013604308	16	99	341893	M	1	0	0	3	0
20260708	4291318	cmp-a001-02-000000010764328	grp-a001-02-000000069047580	단백질쉐이크초코	nad-a001-02-000000541753981	bsn-a001-00-000000013604308	16	09	529514	M	2	0	0	16	0
20260708	4291318	cmp-a001-02-000000010432615	grp-a001-02-000000064422129	스토어	nad-a001-02-000000494209021	bsn-a001-00-000000013604308	16	02	98128	M	17	0	0	91	0
20260708	4291318	cmp-a001-02-000000010432615	grp-a001-02-000000064422129	라이프밀	nad-a001-02-000000494208910	bsn-a001-00-000000013604308	16	16	633013	M	6	0	0	6	0
20260708	4291318	cmp-a001-02-000000010432615	grp-a001-02-000000064422129	황성주생식	nad-a001-02-000000494208910	bsn-a001-00-000000013604308	16	08	8753	M	1	0	0	1	0
20260708	4291318	cmp-a001-02-000000010764328	grp-a001-02-000000069047580	프로틴	nad-a001-02-000000541753981	bsn-a001-00-000000013604308	16	01	768323	M	1	0	0	5	0
20260708	4291318	cmp-a001-02-000000010432615	grp-a001-02-000000064422129	라이프밀	nad-a001-02-000000494209022	bsn-a001-00-000000013604308	16	09	684926	M	2	0	0	14	0
20260708	4291318	cmp-a001-02-000000010764328	grp-a001-02-000000069047580	단백질	nad-a001-02-000000541753984	bsn-a001-00-000000013604308	16	09	98128	M	1	0	0	7	0
20260708	4291318	cmp-a001-02-000000010764328	grp-a001-02-000000069047580	황성주생식	nad-a001-02-000000541753988	bsn-a001-00-000000013604308	16	18	33421	M	3	0	0	12	0
20260708	4291318	cmp-a001-02-000000010764328	grp-a001-02-000000069047580	과자	nad-a001-02-000000541753991	bsn-a001-00-000000013604308	16	08	529514	M	1	0	0	3	0
20260708	4291318	cmp-a001-02-000000010764328	grp-a001-02-000000069047580	시리얼	nad-a001-02-000000541753991	bsn-a001-00-000000013604308	16	10	529514	M	2	0	0	7	0
20260708	4291318	cmp-a001-02-000000010764328	grp-a001-02-000000069047580	단백질	nad-a001-02-000000541753979	bsn-a001-00-000000013604308	16	16	529514	M	6	0	0	38	0
20260708	4291318	cmp-a001-02-000000010764328	grp-a001-02-000000069047580	라이프밀	nad-a001-02-000000541754004	bsn-a001-00-000000013604308	16	09	633013	M	1	0	0	2	0
20260708	4291318	cmp-a001-02-000000010764328	grp-a001-02-000000069047580	황성주생식	nad-a001-02-000000541753966	bsn-a001-00-000000013604308	16	99	8753	M	4	0	0	18	0
20260708	4291318	cmp-a001-02-000000010764328	grp-a001-02-000000069047580	프로틴	nad-a001-02-000000541753979	bsn-a001-00-000000013604308	16	06	768323	M	8	0	0	56	0
20260708	4291318	cmp-a001-02-000000010432615	grp-a001-02-000000064422129	황성주생식라이프밀	nad-a001-02-000000494208910	bsn-a001-00-000000013604308	16	18	33421	M	1	0	0	1	0
20260708	4291318	cmp-a001-02-000000010764328	grp-a001-02-000000069047580	쉐이크	nad-a001-02-000000541754000	bsn-a001-00-000000013604308	16	08	98128	M	2	0	0	6	0
20260708	4291318	cmp-a001-02-000000010764328	grp-a001-02-000000069047580	황성주생식라이프밀	nad-a001-02-000000541753988	bsn-a001-00-000000013604308	16	18	8753	M	1	0	0	4	0
20260708	4291318	cmp-a001-02-000000010432615	grp-a001-02-000000064422129	프로틴바	nad-a001-02-000000494208904	bsn-a001-00-000000013604308	16	02	529514	M	1	0	0	3	0
20260708	4291318	cmp-a001-02-000000010764328	grp-a001-02-000000069047580	프로틴바	nad-a001-02-000000541753991	bsn-a001-00-000000013604308	16	09	529514	M	1	0	0	4	0
20260708	4291318	cmp-a001-02-000000010764328	grp-a001-02-000000069047580	황성주생식	nad-a001-02-000000541753967	bsn-a001-00-000000013604308	16	18	8753	M	4	0	0	12	0
20260708	4291318	cmp-a001-02-000000010764328	grp-a001-02-000000069047580	단백질보충제	nad-a001-02-000000541754000	bsn-a001-00-000000013604308	16	16	87620	M	1	0	0	4	0
20260708	4291318	cmp-a001-02-000000010764328	grp-a001-02-000000069047580	단백질쉐이크	nad-a001-02-000000541754000	bsn-a001-00-000000013604308	16	03	529514	M	1	0	0	4	0
20260708	4291318	cmp-a001-02-000000010432615	grp-a001-02-000000064422129	시리얼	nad-a001-02-000000494208904	bsn-a001-00-000000013604308	16	07	529514	M	3	0	0	9	0
20260708	4291318	cmp-a001-02-000000010764328	grp-a001-02-000000069047580	황성주생식	nad-a001-02-000000541754005	bsn-a001-00-000000013604308	16	09	8753	M	1	0	0	8	0
20260708	4291318	cmp-a001-02-000000010764328	grp-a001-02-000000069047580	프로틴	nad-a001-02-000000541753981	bsn-a001-00-000000013604308	16	07	529514	M	4	0	0	8	0
20260708	4291318	cmp-a001-02-000000010764328	grp-a001-02-000000069047580	프로틴	nad-a001-02-000000541754000	bsn-a001-00-000000013604308	16	03	768323	M	1	0	0	6	0
20260708	4291318	cmp-a001-02-000000010764328	grp-a001-02-000000069047580	프로틴	nad-a001-02-000000541753981	bsn-a001-00-000000013604308	16	08	768323	M	6	0	0	25	0
20260708	4291318	cmp-a001-02-000000010764328	grp-a001-02-000000069047580	프로틴	nad-a001-02-000000541753979	bsn-a001-00-000000013604308	16	14	529514	M	1	0	0	4	0
20260708	4291318	cmp-a001-02-000000010432615	grp-a001-02-000000064422129	라이프밀	nad-a001-02-000000494208911	bsn-a001-00-000000013604308	16	06	633013	M	1	0	0	6	0
20260708	4291318	cmp-a001-02-000000010432615	grp-a001-02-000000064422129	사랑하라	nad-a001-02-000000494208904	bsn-a001-00-000000013604308	16	06	98128	M	6	0	0	19	0
20260708	4291318	cmp-a001-02-000000010764328	grp-a001-02-000000069047580	다이어트쉐이크	nad-a001-02-000000541754000	bsn-a001-00-000000013604308	16	02	768323	M	1	0	0	4	0
20260708	4291318	cmp-a001-02-000000010764328	grp-a001-02-000000069047580	황성주생식	nad-a001-02-000000541753966	bsn-a001-00-000000013604308	16	13	8753	M	3	0	0	15	0
20260708	4291318	cmp-a001-02-000000010764328	grp-a001-02-000000069047580	황성주생식	nad-a001-02-000000541753967	bsn-a001-00-000000013604308	16	02	529514	M	2	0	0	6	0
20260708	4291318	cmp-a001-02-000000010764328	grp-a001-02-000000069047580	황성주생식라이프밀	nad-a001-02-000000541753968	bsn-a001-00-000000013604308	16	18	33421	M	1	0	0	7	0
20260708	4291318	cmp-a001-02-000000010764328	grp-a001-02-000000069047580	단백질	nad-a001-02-000000541753984	bsn-a001-00-000000013604308	16	06	98128	M	1	0	0	7	0
20260708	4291318	cmp-a001-02-000000010432615	grp-a001-02-000000064422129	사랑이	nad-a001-02-000000494208904	bsn-a001-00-000000013604308	16	99	529514	M	2	0	0	12	0
20260708	4291318	cmp-a001-02-000000010764328	grp-a001-02-000000069047580	단백질쉐이크파우치	nad-a001-02-000000541753969	bsn-a001-00-000000013604308	16	09	529514	M	1	0	0	12	0
20260708	4291318	cmp-a001-02-000000010764328	grp-a001-02-000000069047580	단백질보충제	nad-a001-02-000000541753984	bsn-a001-00-000000013604308	16	01	529514	M	2	0	0	6	0
20260708	4291318	cmp-a001-02-000000010764328	grp-a001-02-000000069047580	라이프밀	nad-a001-02-000000541753966	bsn-a001-00-000000013604308	16	02	11068	P	4	0	0	16	0
20260708	4291318	cmp-a001-02-000000010764328	grp-a001-02-000000069047580	황성주생식라이프밀	nad-a001-02-000000541753967	bsn-a001-00-000000013604308	16	15	8753	M	1	0	0	3	0
20260708	4291318	cmp-a001-02-000000010764328	grp-a001-02-000000069047580	프로틴	nad-a001-02-000000541753981	bsn-a001-00-000000013604308	16	13	768323	M	1	0	0	5	0
20260708	4291318	cmp-a001-02-000000010432615	grp-a001-02-000000064422129	스토어	nad-a001-02-000000494208911	bsn-a001-00-000000013604308	16	10	98128	M	1	0	0	9	0
20260708	4291318	cmp-a001-02-000000010764328	grp-a001-02-000000069047580	황성주생식	nad-a001-02-000000541753967	bsn-a001-00-000000013604308	16	18	33421	M	3	0	0	7	0
20260708	4291318	cmp-a001-02-000000010432615	grp-a001-02-000000064422129	황성주생식	nad-a001-02-000000494208910	bsn-a001-00-000000013604308	16	02	529514	M	2	0	0	2	0
20260708	4291318	cmp-a001-02-000000010764328	grp-a001-02-000000069047580	라이프밀	nad-a001-02-000000541753967	bsn-a001-00-000000013604308	16	02	633013	M	2	0	0	6	0
20260708	4291318	cmp-a001-02-000000010764328	grp-a001-02-000000069047580	단백질보충제	nad-a001-02-000000541754000	bsn-a001-00-000000013604308	16	99	23123	P	1	0	0	6	0
20260708	4291318	cmp-a001-02-000000010764328	grp-a001-02-000000069047580	단백질보충제	nad-a001-02-000000541754000	bsn-a001-00-000000013604308	16	99	87620	M	1	0	0	4	0
20260708	4291318	cmp-a001-02-000000010764328	grp-a001-02-000000069047580	황성주생식	nad-a001-02-000000541754004	bsn-a001-00-000000013604308	16	06	8753	M	1	0	0	2	0
20260708	4291318	cmp-a001-02-000000010432615	grp-a001-02-000000064422129	라이프밀	nad-a001-02-000000494208910	bsn-a001-00-000000013604308	16	99	529514	M	1	0	0	1	0
20260708	4291318	cmp-a001-02-000000010764328	grp-a001-02-000000069047580	박사가사랑한	nad-a001-02-000000541753984	bsn-a001-00-000000013604308	16	09	529514	M	1	0	0	10	0
20260708	4291318	cmp-a001-02-000000010764328	grp-a001-02-000000069047580	쉐이크	nad-a001-02-000000541753979	bsn-a001-00-000000013604308	16	02	529514	M	1	0	0	4	0
20260708	4291318	cmp-a001-02-000000010432615	grp-a001-02-000000064422129	황성주생식	nad-a001-02-000000494208910	bsn-a001-00-000000013604308	16	11	8753	M	3	1	6660	3	0
20260708	4291318	cmp-a001-02-000000010764328	grp-a001-02-000000069047580	프로틴	nad-a001-02-000000541753979	bsn-a001-00-000000013604308	16	07	768323	M	1	0	0	7	0
20260708	4291318	cmp-a001-02-000000010764328	grp-a001-02-000000069047580	건강분말	nad-a001-02-000000541754001	bsn-a001-00-000000013604308	16	06	768323	M	1	0	0	20	0
20260708	4291318	cmp-a001-02-000000010764328	grp-a001-02-000000069047580	단백질보충제	nad-a001-02-000000541753984	bsn-a001-00-000000013604308	16	01	87620	M	1	0	0	3	0
20260708	4291318	cmp-a001-02-000000010764328	grp-a001-02-000000069047580	하루견과류	nad-a001-02-000000541753960	bsn-a001-00-000000013604308	16	13	370822	P	1	0	0	4	0
20260708	4291318	cmp-a001-02-000000010764328	grp-a001-02-000000069047580	단백질쉐이크파우치	nad-a001-02-000000541753970	bsn-a001-00-000000013604308	16	09	529514	M	1	0	0	11	0
20260708	4291318	cmp-a001-02-000000010432615	grp-a001-02-000000064422129	스토어	nad-a001-02-000000494209017	bsn-a001-00-000000013604308	16	99	98128	M	3	0	0	21	0
20260708	4291318	cmp-a001-02-000000010432615	grp-a001-02-000000064422129	프로틴바	nad-a001-02-000000494208904	bsn-a001-00-000000013604308	16	09	529514	M	4	0	0	35	0
20260708	4291318	cmp-a001-02-000000010764328	grp-a001-02-000000069047580	프로틴바	nad-a001-02-000000541753991	bsn-a001-00-000000013604308	16	02	529514	M	1	0	0	3	0
20260708	4291318	cmp-a001-02-000000010764328	grp-a001-02-000000069047580	시리얼	nad-a001-02-000000541753991	bsn-a001-00-000000013604308	16	04	529514	M	7	0	0	24	0
20260708	4291318	cmp-a001-02-000000010764328	grp-a001-02-000000069047580	단백질쉐이크	nad-a001-02-000000541754000	bsn-a001-00-000000013604308	16	13	98128	M	1	0	0	4	0
20260708	4291318	cmp-a001-02-000000010764328	grp-a001-02-000000069047580	프로틴	nad-a001-02-000000541753984	bsn-a001-00-000000013604308	16	13	768323	M	1	0	0	4	0
20260708	4291318	cmp-a001-02-000000010764328	grp-a001-02-000000069047580	프로틴	nad-a001-02-000000541753981	bsn-a001-00-000000013604308	16	18	768323	M	1	0	0	5	0
20260708	4291318	cmp-a001-02-000000010764328	grp-a001-02-000000069047580	단백질쉐이크파우치	nad-a001-02-000000541753971	bsn-a001-00-000000013604308	16	09	529514	M	1	0	0	11	0
20260708	4291318	cmp-a001-02-000000010764328	grp-a001-02-000000069047580	단백질쉐이크파우치	nad-a001-02-000000541753981	bsn-a001-00-000000013604308	16	99	684926	M	1	0	0	8	0
20260708	4291318	cmp-a001-02-000000010764328	grp-a001-02-000000069047580	쉐이크	nad-a001-02-000000541753981	bsn-a001-00-000000013604308	16	02	529514	M	1	0	0	5	0
20260708	4291318	cmp-a001-02-000000010764328	grp-a001-02-000000069047580	단백질	nad-a001-02-000000541753979	bsn-a001-00-000000013604308	16	01	529514	M	1	0	0	7	0
20260708	4291318	cmp-a001-02-000000010764328	grp-a001-02-000000069047580	프로틴	nad-a001-02-000000541754000	bsn-a001-00-000000013604308	16	08	98128	M	3	0	0	6	0
20260708	4291318	cmp-a001-02-000000010764328	grp-a001-02-000000069047580	단백질쉐이크파우치	nad-a001-02-000000541753984	bsn-a001-00-000000013604308	16	99	684926	M	1	0	0	7	0
20260708	4291318	cmp-a001-02-000000010432615	grp-a001-02-000000064422129	생식가루	nad-a001-02-000000494208910	bsn-a001-00-000000013604308	16	02	684924	M	1	0	0	1	0
20260708	4291318	cmp-a001-02-000000010432615	grp-a001-02-000000064422129	황성주생식	nad-a001-02-000000494209022	bsn-a001-00-000000013604308	16	09	529514	M	2	0	0	8	0
20260708	4291318	cmp-a001-02-000000010764328	grp-a001-02-000000069047580	단백질쉐이크	nad-a001-02-000000541754000	bsn-a001-00-000000013604308	16	08	529514	M	3	0	0	12	0
20260708	4291318	cmp-a001-02-000000010432615	grp-a001-02-000000064422129	황성주생식	nad-a001-02-000000494209022	bsn-a001-00-000000013604308	16	18	33421	M	2	0	0	15	0
20260708	4291318	cmp-a001-02-000000010432615	grp-a001-02-000000064422129	스토어	nad-a001-02-000000494209021	bsn-a001-00-000000013604308	16	07	98128	M	2	0	0	10	0
20260708	4291318	cmp-a001-02-000000010432615	grp-a001-02-000000064422129	라이프밀	nad-a001-02-000000494209022	bsn-a001-00-000000013604308	16	09	633013	M	1	0	0	7	0
20260708	4291318	cmp-a001-02-000000010432615	grp-a001-02-000000064422129	라이프밀	nad-a001-02-000000494208911	bsn-a001-00-000000013604308	16	02	633013	M	2	0	0	12	0
20260708	4291318	cmp-a001-02-000000010764328	grp-a001-02-000000069047580	라이프밀	nad-a001-02-000000541753988	bsn-a001-00-000000013604308	16	99	529514	M	2	0	0	7	0
20260708	4291318	cmp-a001-02-000000010432615	grp-a001-02-000000064422129	황성주생식	nad-a001-02-000000494209021	bsn-a001-00-000000013604308	16	18	341898	M	1	0	0	3	0
20260708	4291318	cmp-a001-02-000000010764328	grp-a001-02-000000069047580	바나나다이어트	nad-a001-02-000000541753973	bsn-a001-00-000000013604308	16	02	8753	M	1	0	0	4	0
20260708	4291318	cmp-a001-02-000000010764328	grp-a001-02-000000069047580	프로틴	nad-a001-02-000000541754000	bsn-a001-00-000000013604308	16	06	529514	M	3	0	0	6	0
20260708	4291318	cmp-a001-02-000000010764328	grp-a001-02-000000069047580	저분자콜라겐	nad-a001-02-000000541753987	bsn-a001-00-000000013604308	16	09	529514	M	4	0	0	28	0
20260708	4291318	cmp-a001-02-000000010432615	grp-a001-02-000000064422129	네이버스토어	nad-a001-02-000000494208910	bsn-a001-00-000000013604308	16	18	335738	P	1	0	0	1	0
20260708	4291318	cmp-a001-02-000000010764328	grp-a001-02-000000069047580	황성주생식	nad-a001-02-000000541754005	bsn-a001-00-000000013604308	16	99	33421	M	1	0	0	7	0
20260708	4291318	cmp-a001-02-000000010764328	grp-a001-02-000000069047580	단백질보충제	nad-a001-02-000000541753984	bsn-a001-00-000000013604308	16	99	529514	M	4	0	0	12	0
20260708	4291318	cmp-a001-02-000000010764328	grp-a001-02-000000069047580	황성주생식	nad-a001-02-000000541753988	bsn-a001-00-000000013604308	16	06	8753	M	1	0	0	4	0
20260708	4291318	cmp-a001-02-000000010764328	grp-a001-02-000000069047580	황성주생식	nad-a001-02-000000541753966	bsn-a001-00-000000013604308	16	11	33421	M	1	0	0	4	0
20260708	4291318	cmp-a001-02-000000010764328	grp-a001-02-000000069047580	과자할인	nad-a001-02-000000541753991	bsn-a001-00-000000013604308	16	09	529514	M	1	0	0	3	0
20260708	4291318	cmp-a001-02-000000010764328	grp-a001-02-000000069047580	하루견과꿀땅콩	nad-a001-02-000000541753960	bsn-a001-00-000000013604308	16	09	370822	P	1	0	0	1	0
20260708	4291318	cmp-a001-02-000000010432615	grp-a001-02-000000064422129	황성주생식	nad-a001-02-000000494208911	bsn-a001-00-000000013604308	16	18	33421	M	2	0	0	12	0
20260708	4291318	cmp-a001-02-000000010764328	grp-a001-02-000000069047580	황성주생식	nad-a001-02-000000541753997	bsn-a001-00-000000013604308	16	09	8753	M	1	0	0	6	0
20260708	4291318	cmp-a001-02-000000010764328	grp-a001-02-000000069047580	라이프밀	nad-a001-02-000000541754004	bsn-a001-00-000000013604308	16	09	612593	P	1	0	0	2	0
20260708	4291318	cmp-a001-02-000000010764328	grp-a001-02-000000069047580	황성주생식	nad-a001-02-000000541753966	bsn-a001-00-000000013604308	16	06	8753	M	1	0	0	5	0
20260708	4291318	cmp-a001-02-000000010432615	grp-a001-02-000000064422129	스토어	nad-a001-02-000000494208911	bsn-a001-00-000000013604308	16	07	98128	M	2	0	0	18	0
20260708	4291318	cmp-a001-02-000000010764328	grp-a001-02-000000069047580	황성주발효생식	nad-a001-02-000000541754003	bsn-a001-00-000000013604308	16	02	8753	M	1	0	0	1	0
20260708	4291318	cmp-a001-02-000000010764328	grp-a001-02-000000069047580	프로틴	nad-a001-02-000000541754000	bsn-a001-00-000000013604308	16	08	768323	M	6	0	0	35	0
20260708	4291318	cmp-a001-02-000000010764328	grp-a001-02-000000069047580	단백질쉐이크	nad-a001-02-000000541754000	bsn-a001-00-000000013604308	16	04	529514	M	1	0	0	4	0
20260708	4291318	cmp-a001-02-000000010764328	grp-a001-02-000000069047580	황성주생식라이프밀	nad-a001-02-000000541753988	bsn-a001-00-000000013604308	16	18	33421	M	2	0	0	7	0
20260708	4291318	cmp-a001-02-000000010432615	grp-a001-02-000000064422129	시리얼	nad-a001-02-000000494208904	bsn-a001-00-000000013604308	16	03	529514	M	3	0	0	9	0
20260708	4291318	cmp-a001-02-000000010764328	grp-a001-02-000000069047580	초코쉐이크	nad-a001-02-000000541753981	bsn-a001-00-000000013604308	16	99	529514	M	1	0	0	7	0
20260708	4291318	cmp-a001-02-000000010764328	grp-a001-02-000000069047580	다이어트쉐이크	nad-a001-02-000000541754000	bsn-a001-00-000000013604308	16	09	768323	M	1	0	0	4	0
20260708	4291318	cmp-a001-02-000000010764328	grp-a001-02-000000069047580	단백질쉐이크파우치	nad-a001-02-000000541753973	bsn-a001-00-000000013604308	16	09	529514	M	2	0	0	23	0
20260708	4291318	cmp-a001-02-000000010432615	grp-a001-02-000000064422129	프로틴바	nad-a001-02-000000494208904	bsn-a001-00-000000013604308	16	99	529514	M	1	0	0	4	0
20260708	4291318	cmp-a001-02-000000010764328	grp-a001-02-000000069047580	시리얼	nad-a001-02-000000541753991	bsn-a001-00-000000013604308	16	11	529514	M	4	0	0	14	0
20260708	4291318	cmp-a001-02-000000010764328	grp-a001-02-000000069047580	시리얼	nad-a001-02-000000541753991	bsn-a001-00-000000013604308	16	99	768323	M	2	0	0	40	0
20260708	4291318	cmp-a001-02-000000010764328	grp-a001-02-000000069047580	단백질	nad-a001-02-000000541753984	bsn-a001-00-000000013604308	16	13	98128	M	1	0	0	6	0
20260708	4291318	cmp-a001-02-000000010764328	grp-a001-02-000000069047580	시리얼	nad-a001-02-000000541753991	bsn-a001-00-000000013604308	16	03	529514	M	8	0	0	27	0
20260708	4291318	cmp-a001-02-000000010764328	grp-a001-02-000000069047580	건강분말	nad-a001-02-000000541753995	bsn-a001-00-000000013604308	16	06	768323	M	1	0	0	18	0
20260708	4291318	cmp-a001-02-000000010764328	grp-a001-02-000000069047580	엄마의하루쉐이크	nad-a001-02-000000541753971	bsn-a001-00-000000013604308	16	15	8753	M	1	0	0	1	0
20260708	4291318	cmp-a001-02-000000010764328	grp-a001-02-000000069047580	프로틴	nad-a001-02-000000541754000	bsn-a001-00-000000013604308	16	10	768323	M	1	0	0	6	0
20260708	4291318	cmp-a001-02-000000010764328	grp-a001-02-000000069047580	프로틴	nad-a001-02-000000541753979	bsn-a001-00-000000013604308	16	11	768323	M	4	0	0	25	0
20260708	4291318	cmp-a001-02-000000010764328	grp-a001-02-000000069047580	라이프밀	nad-a001-02-000000541754004	bsn-a001-00-000000013604308	16	18	633013	M	2	0	0	4	0
20260708	4291318	cmp-a001-02-000000010432615	grp-a001-02-000000064422129	스토어	nad-a001-02-000000494209021	bsn-a001-00-000000013604308	16	10	98128	M	1	0	0	5	0
20260708	4291318	cmp-a001-02-000000010764328	grp-a001-02-000000069047580	라이프밀	nad-a001-02-000000541753966	bsn-a001-00-000000013604308	16	04	633013	M	2	0	0	8	0
20260708	4291318	cmp-a001-02-000000010764328	grp-a001-02-000000069047580	황성주생식	nad-a001-02-000000541753967	bsn-a001-00-000000013604308	16	99	8753	M	4	1	2670	11	0
20260708	4291318	cmp-a001-02-000000010764328	grp-a001-02-000000069047580	황성주생식	nad-a001-02-000000541754004	bsn-a001-00-000000013604308	16	02	529514	M	1	0	0	2	0
20260708	4291318	cmp-a001-02-000000010764328	grp-a001-02-000000069047580	황성주생식	nad-a001-02-000000541753968	bsn-a001-00-000000013604308	16	09	529514	M	1	0	0	8	0
20260708	4291318	cmp-a001-02-000000010764328	grp-a001-02-000000069047580	프로틴	nad-a001-02-000000541753979	bsn-a001-00-000000013604308	16	16	768323	M	4	0	0	25	0
20260708	4291318	cmp-a001-02-000000010764328	grp-a001-02-000000069047580	프로틴	nad-a001-02-000000541753984	bsn-a001-00-000000013604308	16	06	98128	M	1	0	0	4	0
20260708	4291318	cmp-a001-02-000000010764328	grp-a001-02-000000069047580	엄마의하루쉐이크	nad-a001-02-000000541753972	bsn-a001-00-000000013604308	16	15	684924	M	1	0	0	1	0
20260708	4291318	cmp-a001-02-000000010764328	grp-a001-02-000000069047580	프로틴	nad-a001-02-000000541753979	bsn-a001-00-000000013604308	16	99	529514	M	17	0	0	58	0
20260708	4291318	cmp-a001-02-000000010764328	grp-a001-02-000000069047580	단백질	nad-a001-02-000000541753981	bsn-a001-00-000000013604308	16	15	684927	P	1	0	0	12	0
20260708	4291318	cmp-a001-02-000000010764328	grp-a001-02-000000069047580	황성주생식	nad-a001-02-000000541753966	bsn-a001-00-000000013604308	16	11	341893	M	1	0	0	6	0
20260708	4291318	cmp-a001-02-000000010764328	grp-a001-02-000000069047580	프로틴	nad-a001-02-000000541754000	bsn-a001-00-000000013604308	16	04	291244	M	5	0	0	25	0
20260708	4291318	cmp-a001-02-000000010764328	grp-a001-02-000000069047580	시리얼	nad-a001-02-000000541753991	bsn-a001-00-000000013604308	16	04	768323	M	1	0	0	20	0
20260708	4291318	cmp-a001-02-000000010432615	grp-a001-02-000000064422129	2개	nad-a001-02-000000494208911	bsn-a001-00-000000013604308	16	02	529514	M	4	0	0	28	0
20260708	4291318	cmp-a001-02-000000010764328	grp-a001-02-000000069047580	쉐이크	nad-a001-02-000000541754000	bsn-a001-00-000000013604308	16	02	529514	M	1	0	0	3	0
20260708	4291318	cmp-a001-02-000000010764328	grp-a001-02-000000069047580	단백질보충제	nad-a001-02-000000541754000	bsn-a001-00-000000013604308	16	18	529514	M	2	0	0	4	0
20260708	4291318	cmp-a001-02-000000010764328	grp-a001-02-000000069047580	황성주생식	nad-a001-02-000000541753967	bsn-a001-00-000000013604308	16	99	33421	M	2	0	0	4	0
20260708	4291318	cmp-a001-02-000000010432615	grp-a001-02-000000064422129	생식가루	nad-a001-02-000000494208910	bsn-a001-00-000000013604308	16	03	684924	M	1	0	0	1	0
20260708	4291318	cmp-a001-02-000000010764328	grp-a001-02-000000069047580	프로틴	nad-a001-02-000000541753979	bsn-a001-00-000000013604308	16	03	768323	M	1	0	0	7	0
20260708	4291318	cmp-a001-02-000000010764328	grp-a001-02-000000069047580	프로틴	nad-a001-02-000000541753981	bsn-a001-00-000000013604308	16	06	98128	M	1	0	0	3	0
20260708	4291318	cmp-a001-02-000000010764328	grp-a001-02-000000069047580	프로틴	nad-a001-02-000000541753979	bsn-a001-00-000000013604308	16	08	98128	M	3	0	0	15	0
20260708	4291318	cmp-a001-02-000000010764328	grp-a001-02-000000069047580	황성주생식	nad-a001-02-000000541753967	bsn-a001-00-000000013604308	16	18	341898	M	2	0	0	4	0
20260708	4291318	cmp-a001-02-000000010764328	grp-a001-02-000000069047580	황성주생식	nad-a001-02-000000541753997	bsn-a001-00-000000013604308	16	09	529514	M	1	0	0	5	0
20260708	4291318	cmp-a001-02-000000010764328	grp-a001-02-000000069047580	황성주생식라이프밀	nad-a001-02-000000541753966	bsn-a001-00-000000013604308	16	11	612594	M	1	0	0	4	0
20260708	4291318	cmp-a001-02-000000010764328	grp-a001-02-000000069047580	라이프밀	nad-a001-02-000000541754005	bsn-a001-00-000000013604308	16	02	11068	P	1	0	0	8	0
20260708	4291318	cmp-a001-02-000000010764328	grp-a001-02-000000069047580	라이프밀	nad-a001-02-000000541753967	bsn-a001-00-000000013604308	16	18	633013	M	2	0	0	6	0
20260708	4291318	cmp-a001-02-000000010764328	grp-a001-02-000000069047580	황성주라이프밀	nad-a001-02-000000541753966	bsn-a001-00-000000013604308	16	07	8753	M	1	0	0	4	0
20260708	4291318	cmp-a001-02-000000010764328	grp-a001-02-000000069047580	황성주생식	nad-a001-02-000000541754004	bsn-a001-00-000000013604308	16	18	33421	M	2	0	0	4	0
20260708	4291318	cmp-a001-02-000000010764328	grp-a001-02-000000069047580	생식황성주	nad-a001-02-000000541754004	bsn-a001-00-000000013604308	16	02	8753	M	1	0	0	3	0
20260708	4291318	cmp-a001-02-000000010432615	grp-a001-02-000000064422129	황성주생식	nad-a001-02-000000494209022	bsn-a001-00-000000013604308	16	11	33421	M	1	0	0	9	0
20260708	4291318	cmp-a001-02-000000010764328	grp-a001-02-000000069047580	황석주생식컴온블프	nad-a001-02-000000541753996	bsn-a001-00-000000013604308	16	02	8753	M	1	0	0	1	0
20260708	4291318	cmp-a001-02-000000010764328	grp-a001-02-000000069047580	프로틴	nad-a001-02-000000541753984	bsn-a001-00-000000013604308	16	02	684926	M	1	0	0	29	0
20260708	4291318	cmp-a001-02-000000010432615	grp-a001-02-000000064422129	네이버스토어	nad-a001-02-000000494208910	bsn-a001-00-000000013604308	16	09	612593	P	1	0	0	7	0
20260708	4291318	cmp-a001-02-000000010764328	grp-a001-02-000000069047580	시리얼	nad-a001-02-000000541753991	bsn-a001-00-000000013604308	16	99	529514	M	21	0	0	75	0
20260708	4291318	cmp-a001-02-000000010432615	grp-a001-02-000000064422129	황성주생식	nad-a001-02-000000494208910	bsn-a001-00-000000013604308	16	13	8753	M	2	0	0	2	0
20260708	4291318	cmp-a001-02-000000010764328	grp-a001-02-000000069047580	황성주영양식	nad-a001-02-000000541753964	bsn-a001-00-000000013604308	16	02	8753	M	1	1	5617	1	0
20260708	4291318	cmp-a001-02-000000010764328	grp-a001-02-000000069047580	황성주라이프밀	nad-a001-02-000000541754004	bsn-a001-00-000000013604308	16	07	8753	M	1	0	0	2	0
20260708	4291318	cmp-a001-02-000000010764328	grp-a001-02-000000069047580	라이프밀	nad-a001-02-000000541753988	bsn-a001-00-000000013604308	16	06	633013	M	1	0	0	5	0
20260708	4291318	cmp-a001-02-000000010432615	grp-a001-02-000000064422129	황성주생식	nad-a001-02-000000494209021	bsn-a001-00-000000013604308	16	02	529514	M	1	0	0	2	0
20260708	4291318	cmp-a001-02-000000010432615	grp-a001-02-000000064422129	네이버스토어	nad-a001-02-000000494208910	bsn-a001-00-000000013604308	16	02	335738	P	1	0	0	1	0
20260708	4291318	cmp-a001-02-000000010764328	grp-a001-02-000000069047580	단백질	nad-a001-02-000000541753979	bsn-a001-00-000000013604308	16	08	529514	M	12	0	0	82	0
20260708	4291318	cmp-a001-02-000000010764328	grp-a001-02-000000069047580	황성주생식	nad-a001-02-000000541753996	bsn-a001-00-000000013604308	16	18	8753	M	2	0	0	2	0
20260708	4291318	cmp-a001-02-000000010764328	grp-a001-02-000000069047580	황성주건강식	nad-a001-02-000000541753963	bsn-a001-00-000000013604308	16	09	684925	P	1	0	0	1	0
20260708	4291318	cmp-a001-02-000000010432615	grp-a001-02-000000064422129	라이프밀	nad-a001-02-000000494209022	bsn-a001-00-000000013604308	16	06	633013	M	1	0	0	7	0
20260708	4291318	cmp-a001-02-000000010764328	grp-a001-02-000000069047580	황성주생식	nad-a001-02-000000541753988	bsn-a001-00-000000013604308	16	99	33421	M	2	0	0	7	0
20260708	4291318	cmp-a001-02-000000010764328	grp-a001-02-000000069047580	시리얼	nad-a001-02-000000541753991	bsn-a001-00-000000013604308	16	09	529514	M	34	0	0	121	0
20260708	4291318	cmp-a001-02-000000010764328	grp-a001-02-000000069047580	라이프밀	nad-a001-02-000000541753968	bsn-a001-00-000000013604308	16	09	684926	M	2	0	0	16	0
20260708	4291318	cmp-a001-02-000000010764328	grp-a001-02-000000069047580	단백질보충제	nad-a001-02-000000541753979	bsn-a001-00-000000013604308	16	09	529514	M	4	0	0	13	0
20260708	4291318	cmp-a001-02-000000010764328	grp-a001-02-000000069047580	황성주생식	nad-a001-02-000000541754004	bsn-a001-00-000000013604308	16	18	8753	M	4	0	0	8	0
20260708	4291318	cmp-a001-02-000000010764328	grp-a001-02-000000069047580	프로틴	nad-a001-02-000000541754000	bsn-a001-00-000000013604308	16	15	768323	M	2	0	0	13	0
20260708	4291318	cmp-a001-02-000000010432615	grp-a001-02-000000064422129	라이프밀	nad-a001-02-000000494208910	bsn-a001-00-000000013604308	16	02	633013	M	2	0	0	2	0
20260708	4291318	cmp-a001-02-000000010432615	grp-a001-02-000000064422129	황성주생식	nad-a001-02-000000494209021	bsn-a001-00-000000013604308	16	02	341893	M	2	0	0	5	0
20260708	4291318	cmp-a001-02-000000010432615	grp-a001-02-000000064422129	스토어	nad-a001-02-000000494209017	bsn-a001-00-000000013604308	16	02	98128	M	17	0	0	119	0
20260708	4291318	cmp-a001-02-000000010764328	grp-a001-02-000000069047580	황성주라이프밀	nad-a001-02-000000541754004	bsn-a001-00-000000013604308	16	09	684927	P	1	0	0	2	0
20260708	4291318	cmp-a001-02-000000010764328	grp-a001-02-000000069047580	프로틴	nad-a001-02-000000541753979	bsn-a001-00-000000013604308	16	07	529514	M	9	0	0	24	0
20260708	4291318	cmp-a001-02-000000010764328	grp-a001-02-000000069047580	라이프밀	nad-a001-02-000000541753966	bsn-a001-00-000000013604308	16	09	8753	M	1	0	0	5	0
20260708	4291318	cmp-a001-02-000000010764328	grp-a001-02-000000069047580	단백질보충제	nad-a001-02-000000541753981	bsn-a001-00-000000013604308	16	99	87620	M	1	0	0	5	0
20260708	4291318	cmp-a001-02-000000010764328	grp-a001-02-000000069047580	균형영양식	nad-a001-02-000000541753964	bsn-a001-00-000000013604308	16	09	529514	M	2	0	0	10	0
20260708	4291318	cmp-a001-02-000000010764328	grp-a001-02-000000069047580	단백질보충제	nad-a001-02-000000541754000	bsn-a001-00-000000013604308	16	99	529514	M	2	0	0	4	0
20260708	4291318	cmp-a001-02-000000010432615	grp-a001-02-000000064422129	단백질바	nad-a001-02-000000494208904	bsn-a001-00-000000013604308	16	02	529514	M	4	0	0	15	0
20260708	4291318	cmp-a001-02-000000010764328	grp-a001-02-000000069047580	단백질바	nad-a001-02-000000541753991	bsn-a001-00-000000013604308	16	16	684926	M	1	0	0	3	0
20260708	4291318	cmp-a001-02-000000010432615	grp-a001-02-000000064422129	영양식	nad-a001-02-000000494209017	bsn-a001-00-000000013604308	16	15	529514	M	1	0	0	12	0
20260708	4291318	cmp-a001-02-000000010432615	grp-a001-02-000000064422129	스토어	nad-a001-02-000000494208910	bsn-a001-00-000000013604308	16	02	98128	M	17	0	0	72	0
20260708	4291318	cmp-a001-02-000000010764328	grp-a001-02-000000069047580	프로틴	nad-a001-02-000000541753984	bsn-a001-00-000000013604308	16	13	529514	M	4	0	0	14	0
20260708	4291318	cmp-a001-02-000000010432615	grp-a001-02-000000064422129	스토어	nad-a001-02-000000494208910	bsn-a001-00-000000013604308	16	09	98128	M	8	0	0	37	0
20260708	4291318	cmp-a001-02-000000010432615	grp-a001-02-000000064422129	과자	nad-a001-02-000000494208904	bsn-a001-00-000000013604308	16	06	529514	M	5	0	0	10	0
20260708	4291318	cmp-a001-02-000000010764328	grp-a001-02-000000069047580	황성주생식	nad-a001-02-000000541753967	bsn-a001-00-000000013604308	16	11	33421	M	1	0	0	3	0
20260708	4291318	cmp-a001-02-000000010764328	grp-a001-02-000000069047580	단백질보충제	nad-a001-02-000000541753979	bsn-a001-00-000000013604308	16	01	87620	M	1	0	0	6	0
20260708	4291318	cmp-a001-02-000000010764328	grp-a001-02-000000069047580	식물성단백질	nad-a001-02-000000541753989	bsn-a001-00-000000013604308	16	15	529514	M	2	0	0	4	0
20260708	4291318	cmp-a001-02-000000010432615	grp-a001-02-000000064422129	과자	nad-a001-02-000000494208904	bsn-a001-00-000000013604308	16	04	529514	M	6	0	0	12	0
20260708	4291318	cmp-a001-02-000000010432615	grp-a001-02-000000064422129	사랑	nad-a001-02-000000494208904	bsn-a001-00-000000013604308	16	09	98128	M	2	0	0	14	0
20260708	4291318	cmp-a001-02-000000010432615	grp-a001-02-000000064422129	단백질바	nad-a001-02-000000494208904	bsn-a001-00-000000013604308	16	00	684926	M	1	0	0	12	0
20260708	4291318	cmp-a001-02-000000010432615	grp-a001-02-000000064422129	황성주라이프밀	nad-a001-02-000000494209022	bsn-a001-00-000000013604308	16	09	684927	P	1	0	0	7	0
20260708	4291318	cmp-a001-02-000000010432615	grp-a001-02-000000064422129	스토어	nad-a001-02-000000494208911	bsn-a001-00-000000013604308	16	09	98128	M	8	0	0	72	0
20260708	4291318	cmp-a001-02-000000010432615	grp-a001-02-000000064422129	단백질바	nad-a001-02-000000494208904	bsn-a001-00-000000013604308	16	16	684926	M	1	0	0	6	0
20260708	4291318	cmp-a001-02-000000010764328	grp-a001-02-000000069047580	단백질	nad-a001-02-000000541754000	bsn-a001-00-000000013604308	16	13	98128	M	1	0	0	5	0
20260708	4291318	cmp-a001-02-000000010764328	grp-a001-02-000000069047580	황성주생식라이프밀	nad-a001-02-000000541753988	bsn-a001-00-000000013604308	16	11	612594	M	1	0	0	5	0
20260708	4291318	cmp-a001-02-000000010764328	grp-a001-02-000000069047580	견과류	nad-a001-02-000000541753959	bsn-a001-00-000000013604308	16	09	341893	M	1	0	0	4	0
20260708	4291318	cmp-a001-02-000000010764328	grp-a001-02-000000069047580	엄마의하루쉐이크	nad-a001-02-000000541753969	bsn-a001-00-000000013604308	16	15	8753	M	1	0	0	2	0
20260708	4291318	cmp-a001-02-000000010432615	grp-a001-02-000000064422129	네이버스토어	nad-a001-02-000000494208910	bsn-a001-00-000000013604308	16	09	335738	P	1	0	0	1	0
20260708	4291318	cmp-a001-02-000000010764328	grp-a001-02-000000069047580	황성주생식라이프밀	nad-a001-02-000000541753997	bsn-a001-00-000000013604308	16	09	612593	P	1	0	0	6	0
20260708	4291318	cmp-a001-02-000000010764328	grp-a001-02-000000069047580	황성주생식	nad-a001-02-000000541753968	bsn-a001-00-000000013604308	16	99	8753	M	1	0	0	7	0
20260708	4291318	cmp-a001-02-000000010764328	grp-a001-02-000000069047580	박사가사랑한	nad-a001-02-000000541753976	bsn-a001-00-000000013604308	16	09	529514	M	1	0	0	7	0
20260708	4291318	cmp-a001-02-000000010764328	grp-a001-02-000000069047580	프로틴	nad-a001-02-000000541753981	bsn-a001-00-000000013604308	16	14	529514	M	1	0	0	2	0
20260708	4291318	cmp-a001-02-000000010764328	grp-a001-02-000000069047580	하루견과	nad-a001-02-000000541753960	bsn-a001-00-000000013604308	16	02	370822	P	1	0	0	3	0
20260708	4291318	cmp-a001-02-000000010764328	grp-a001-02-000000069047580	라이프밀	nad-a001-02-000000541753988	bsn-a001-00-000000013604308	16	02	11068	P	4	0	0	20	0
20260708	4291318	cmp-a001-02-000000010432615	grp-a001-02-000000064422129	시리얼	nad-a001-02-000000494208904	bsn-a001-00-000000013604308	16	17	529514	M	1	0	0	3	0
20260708	4291318	cmp-a001-02-000000010432615	grp-a001-02-000000064422129	스토어	nad-a001-02-000000494209021	bsn-a001-00-000000013604308	16	15	98128	M	4	0	0	20	0
20260708	4291318	cmp-a001-02-000000010764328	grp-a001-02-000000069047580	단백질보충제	nad-a001-02-000000541753981	bsn-a001-00-000000013604308	16	09	529514	M	4	0	0	13	0
20260708	4291318	cmp-a001-02-000000010764328	grp-a001-02-000000069047580	시리얼	nad-a001-02-000000541753991	bsn-a001-00-000000013604308	16	06	529514	M	4	0	0	13	0
20260708	4291318	cmp-a001-02-000000010432615	grp-a001-02-000000064422129	시리얼	nad-a001-02-000000494208904	bsn-a001-00-000000013604308	16	18	529514	M	4	0	0	12	0
20260708	4291318	cmp-a001-02-000000010764328	grp-a001-02-000000069047580	과자	nad-a001-02-000000541753991	bsn-a001-00-000000013604308	16	18	529514	M	1	0	0	2	0
20260708	4291318	cmp-a001-02-000000010764328	grp-a001-02-000000069047580	단백질보충제	nad-a001-02-000000541753984	bsn-a001-00-000000013604308	16	18	791888	M	1	0	0	8	0
20260708	4291318	cmp-a001-02-000000010764328	grp-a001-02-000000069047580	쉐이크	nad-a001-02-000000541753981	bsn-a001-00-000000013604308	16	09	529514	M	13	0	0	50	0
20260708	4291318	cmp-a001-02-000000010764328	grp-a001-02-000000069047580	프로틴	nad-a001-02-000000541753984	bsn-a001-00-000000013604308	16	15	768323	M	2	0	0	10	0
20260708	4291318	cmp-a001-02-000000010764328	grp-a001-02-000000069047580	황성주생식	nad-a001-02-000000541753966	bsn-a001-00-000000013604308	16	11	8753	M	2	0	0	9	0
20260708	4291318	cmp-a001-02-000000010432615	grp-a001-02-000000064422129	스토어	nad-a001-02-000000494209017	bsn-a001-00-000000013604308	16	06	98128	M	2	0	0	14	0
20260708	4291318	cmp-a001-02-000000010764328	grp-a001-02-000000069047580	프로틴	nad-a001-02-000000541753984	bsn-a001-00-000000013604308	16	14	529514	M	3	0	0	8	0
20260708	4291318	cmp-a001-02-000000010764328	grp-a001-02-000000069047580	단백질	nad-a001-02-000000541753984	bsn-a001-00-000000013604308	16	09	529514	M	9	0	0	51	0
20260708	4291318	cmp-a001-02-000000010764328	grp-a001-02-000000069047580	단백질	nad-a001-02-000000541753979	bsn-a001-00-000000013604308	16	09	98128	M	1	0	0	8	0
20260708	4291318	cmp-a001-02-000000010764328	grp-a001-02-000000069047580	프로틴	nad-a001-02-000000541753979	bsn-a001-00-000000013604308	16	02	529514	M	14	0	0	46	0
20260708	4291318	cmp-a001-02-000000010764328	grp-a001-02-000000069047580	라이프밀	nad-a001-02-000000541753967	bsn-a001-00-000000013604308	16	09	8753	M	1	0	0	3	0
20260708	4291318	cmp-a001-02-000000010764328	grp-a001-02-000000069047580	프로틴	nad-a001-02-000000541753979	bsn-a001-00-000000013604308	16	01	768323	M	1	0	0	7	0
20260708	4291318	cmp-a001-02-000000010764328	grp-a001-02-000000069047580	균형영양식	nad-a001-02-000000541753964	bsn-a001-00-000000013604308	16	09	23123	P	1	0	0	1	0
20260708	4291318	cmp-a001-02-000000010764328	grp-a001-02-000000069047580	환자식	nad-a001-02-000000541753964	bsn-a001-00-000000013604308	16	09	684925	P	1	0	0	1	0
20260708	4291318	cmp-a001-02-000000010764328	grp-a001-02-000000069047580	황성주생식	nad-a001-02-000000541753988	bsn-a001-00-000000013604308	16	03	8753	M	1	0	0	5	0
20260708	4291318	cmp-a001-02-000000010764328	grp-a001-02-000000069047580	황성주생식	nad-a001-02-000000541753996	bsn-a001-00-000000013604308	16	02	8753	M	6	1	3181	6	0
20260708	4291318	cmp-a001-02-000000010432615	grp-a001-02-000000064422129	라이프밀	nad-a001-02-000000494208910	bsn-a001-00-000000013604308	16	06	633013	M	1	0	0	1	0
20260708	4291318	cmp-a001-02-000000010432615	grp-a001-02-000000064422129	시리얼	nad-a001-02-000000494208904	bsn-a001-00-000000013604308	16	11	529514	M	9	0	0	27	0
20260708	4291318	cmp-a001-02-000000010764328	grp-a001-02-000000069047580	라이프밀	nad-a001-02-000000541753968	bsn-a001-00-000000013604308	16	09	633013	M	1	0	0	8	0
20260708	4291318	cmp-a001-02-000000010432615	grp-a001-02-000000064422129	황성주생식	nad-a001-02-000000494208910	bsn-a001-00-000000013604308	16	99	684924	M	1	0	0	1	0
20260708	4291318	cmp-a001-02-000000010764328	grp-a001-02-000000069047580	단백질보충제	nad-a001-02-000000541753981	bsn-a001-00-000000013604308	16	13	529514	M	2	0	0	6	0
20260708	4291318	cmp-a001-02-000000010432615	grp-a001-02-000000064422129	단백질바	nad-a001-02-000000494208903	bsn-a001-00-000000013604308	16	02	529514	M	1	0	0	5	0
20260708	4291318	cmp-a001-02-000000010764328	grp-a001-02-000000069047580	프로틴	nad-a001-02-000000541753984	bsn-a001-00-000000013604308	16	18	529514	M	2	0	0	6	0
20260708	4291318	cmp-a001-02-000000010764328	grp-a001-02-000000069047580	프로틴	nad-a001-02-000000541753979	bsn-a001-00-000000013604308	16	04	529514	M	6	0	0	17	0
20260708	4291318	cmp-a001-02-000000010764328	grp-a001-02-000000069047580	황성주라이프밀	nad-a001-02-000000541753966	bsn-a001-00-000000013604308	16	09	684927	P	1	0	0	4	0
20260708	4291318	cmp-a001-02-000000010764328	grp-a001-02-000000069047580	콜라겐스틱	nad-a001-02-000000541753987	bsn-a001-00-000000013604308	16	09	529514	M	4	0	0	24	0
20260708	4291318	cmp-a001-02-000000010764328	grp-a001-02-000000069047580	단백질쉐이크	nad-a001-02-000000541754000	bsn-a001-00-000000013604308	16	09	98128	M	1	0	0	4	0
20260708	4291318	cmp-a001-02-000000010764328	grp-a001-02-000000069047580	프로틴	nad-a001-02-000000541753979	bsn-a001-00-000000013604308	16	99	768323	M	15	0	0	98	0
20260708	4291318	cmp-a001-02-000000010764328	grp-a001-02-000000069047580	프로틴	nad-a001-02-000000541753984	bsn-a001-00-000000013604308	16	18	768323	M	1	0	0	4	0
20260708	4291318	cmp-a001-02-000000010764328	grp-a001-02-000000069047580	라이프밀	nad-a001-02-000000541753997	bsn-a001-00-000000013604308	16	09	684926	M	2	0	0	12	0
20260708	4291318	cmp-a001-02-000000010432615	grp-a001-02-000000064422129	스토어	nad-a001-02-000000494209022	bsn-a001-00-000000013604308	16	06	98128	M	2	0	0	16	0
20260708	4291318	cmp-a001-02-000000010432615	grp-a001-02-000000064422129	스토어	nad-a001-02-000000494209022	bsn-a001-00-000000013604308	16	09	98128	M	8	0	0	64	0
20260708	4291318	cmp-a001-02-000000010764328	grp-a001-02-000000069047580	과자	nad-a001-02-000000541753991	bsn-a001-00-000000013604308	16	11	529514	M	6	0	0	13	0
20260708	4291318	cmp-a001-02-000000010764328	grp-a001-02-000000069047580	식물성단백질	nad-a001-02-000000541753981	bsn-a001-00-000000013604308	16	15	529514	M	3	0	0	14	0
20260708	4291318	cmp-a001-02-000000010764328	grp-a001-02-000000069047580	단백질쉐이크파우치	nad-a001-02-000000541753972	bsn-a001-00-000000013604308	16	09	529514	M	2	0	0	28	0
20260708	4291318	cmp-a001-02-000000010764328	grp-a001-02-000000069047580	쉐이크	nad-a001-02-000000541753981	bsn-a001-00-000000013604308	16	08	98128	M	2	0	0	8	0
20260708	4291318	cmp-a001-02-000000010764328	grp-a001-02-000000069047580	황성주라이프밀	nad-a001-02-000000541753966	bsn-a001-00-000000013604308	16	03	8753	M	2	0	0	10	0
20260708	4291318	cmp-a001-02-000000010764328	grp-a001-02-000000069047580	단백질	nad-a001-02-000000541753984	bsn-a001-00-000000013604308	16	16	529514	M	4	0	0	21	0
20260708	4291318	cmp-a001-02-000000010764328	grp-a001-02-000000069047580	라이프밀	nad-a001-02-000000541753968	bsn-a001-00-000000013604308	16	02	633013	M	2	0	0	16	0
20260708	4291318	cmp-a001-02-000000010764328	grp-a001-02-000000069047580	프로틴	nad-a001-02-000000541753984	bsn-a001-00-000000013604308	16	99	529514	M	24	0	0	65	0
20260708	4291318	cmp-a001-02-000000010764328	grp-a001-02-000000069047580	식물성단백질	nad-a001-02-000000541754000	bsn-a001-00-000000013604308	16	02	529514	M	1	0	0	3	0
20260708	4291318	cmp-a001-02-000000010764328	grp-a001-02-000000069047580	프로틴	nad-a001-02-000000541754000	bsn-a001-00-000000013604308	16	02	529514	M	17	0	0	34	0
20260708	4291318	cmp-a001-02-000000010764328	grp-a001-02-000000069047580	야채분말	nad-a001-02-000000541753967	bsn-a001-00-000000013604308	16	16	27758	P	1	0	0	1	0
20260708	4291318	cmp-a001-02-000000010764328	grp-a001-02-000000069047580	식물성단백질	nad-a001-02-000000541753984	bsn-a001-00-000000013604308	16	02	529514	M	1	0	0	4	0
20260708	4291318	cmp-a001-02-000000010764328	grp-a001-02-000000069047580	건강분말	nad-a001-02-000000541753994	bsn-a001-00-000000013604308	16	06	768323	M	1	0	0	16	0
20260708	4291318	cmp-a001-02-000000010764328	grp-a001-02-000000069047580	황성주건강식	nad-a001-02-000000541754003	bsn-a001-00-000000013604308	16	09	27758	P	1	1	5767	1	0
20260708	4291318	cmp-a001-02-000000010432615	grp-a001-02-000000064422129	황성주생식	nad-a001-02-000000494208910	bsn-a001-00-000000013604308	16	99	33421	M	1	0	0	1	0
20260708	4291318	cmp-a001-02-000000010764328	grp-a001-02-000000069047580	생식가루	nad-a001-02-000000541754004	bsn-a001-00-000000013604308	16	02	8753	M	1	0	0	2	0
20260708	4291318	cmp-a001-02-000000010432615	grp-a001-02-000000064422129	스토어	nad-a001-02-000000494209017	bsn-a001-00-000000013604308	16	09	98128	M	8	0	0	56	0
20260708	4291318	cmp-a001-02-000000010764328	grp-a001-02-000000069047580	시리얼	nad-a001-02-000000541753991	bsn-a001-00-000000013604308	16	02	529514	M	27	0	0	91	0
20260708	4291318	cmp-a001-02-000000010432615	grp-a001-02-000000064422129	프로틴바	nad-a001-02-000000494208903	bsn-a001-00-000000013604308	16	02	529514	M	2	0	0	8	0
20260708	4291318	cmp-a001-02-000000010764328	grp-a001-02-000000069047580	단백질	nad-a001-02-000000541754000	bsn-a001-00-000000013604308	16	09	98128	M	1	0	0	5	0
20260708	4291318	cmp-a001-02-000000010764328	grp-a001-02-000000069047580	견과류간식	nad-a001-02-000000541753960	bsn-a001-00-000000013604308	16	02	684924	M	1	0	0	1	0
20260708	4291318	cmp-a001-02-000000010432615	grp-a001-02-000000064422129	황성주라이프밀	nad-a001-02-000000494209021	bsn-a001-00-000000013604308	16	99	529514	M	1	0	0	2	0
20260708	4291318	cmp-a001-02-000000010432615	grp-a001-02-000000064422129	라이프밀	nad-a001-02-000000494208910	bsn-a001-00-000000013604308	16	09	8753	M	1	0	0	1	0
20260708	4291318	cmp-a001-02-000000010764328	grp-a001-02-000000069047580	단백질보충제	nad-a001-02-000000541753981	bsn-a001-00-000000013604308	16	01	529514	M	2	0	0	6	0
20260708	4291318	cmp-a001-02-000000010764328	grp-a001-02-000000069047580	라이프밀	nad-a001-02-000000541753988	bsn-a001-00-000000013604308	16	09	8753	M	1	1	2463	4	0
20260708	4291318	cmp-a001-02-000000010764328	grp-a001-02-000000069047580	식물성단백질	nad-a001-02-000000541753989	bsn-a001-00-000000013604308	16	02	8753	M	1	0	0	1	0
20260708	4291318	cmp-a001-02-000000010764328	grp-a001-02-000000069047580	프로틴	nad-a001-02-000000541753981	bsn-a001-00-000000013604308	16	15	529514	M	2	0	0	6	0
20260708	4291318	cmp-a001-02-000000010764328	grp-a001-02-000000069047580	단백질바	nad-a001-02-000000541753991	bsn-a001-00-000000013604308	16	09	11068	P	1	0	0	4	0
20260708	4291318	cmp-a001-02-000000010432615	grp-a001-02-000000064422129	황성주생식라이프밀	nad-a001-02-000000494208911	bsn-a001-00-000000013604308	16	11	612594	M	1	0	0	6	0
20260708	4291318	cmp-a001-02-000000010764328	grp-a001-02-000000069047580	황성주생식라이프밀	nad-a001-02-000000541753988	bsn-a001-00-000000013604308	16	99	8753	M	1	0	0	4	0
20260708	4291318	cmp-a001-02-000000010432615	grp-a001-02-000000064422129	라이프밀	nad-a001-02-000000494208911	bsn-a001-00-000000013604308	16	99	529514	M	1	0	0	4	0
20260708	4291318	cmp-a001-02-000000010764328	grp-a001-02-000000069047580	단백질쉐이크파우치	nad-a001-02-000000541753979	bsn-a001-00-000000013604308	16	99	684926	M	1	0	0	9	0
20260708	4291318	cmp-a001-02-000000010764328	grp-a001-02-000000069047580	프로틴	nad-a001-02-000000541753979	bsn-a001-00-000000013604308	16	08	768323	M	6	0	0	38	0
20260708	4291318	cmp-a001-02-000000010764328	grp-a001-02-000000069047580	황성주생식	nad-a001-02-000000541753967	bsn-a001-00-000000013604308	16	09	8753	M	4	0	0	12	0
20260708	4291318	cmp-a001-02-000000010764328	grp-a001-02-000000069047580	프로틴	nad-a001-02-000000541753984	bsn-a001-00-000000013604308	16	08	98128	M	3	0	0	12	0
20260708	4291318	cmp-a001-02-000000010764328	grp-a001-02-000000069047580	프로틴	nad-a001-02-000000541754000	bsn-a001-00-000000013604308	16	07	768323	M	1	0	0	6	0
20260708	4291318	cmp-a001-02-000000010764328	grp-a001-02-000000069047580	단백질쉐이크	nad-a001-02-000000541753990	bsn-a001-00-000000013604308	16	18	341893	M	1	0	0	2	0
20260708	4291318	cmp-a001-02-000000010764328	grp-a001-02-000000069047580	다이어트쉐이크	nad-a001-02-000000541753974	bsn-a001-00-000000013604308	16	11	370822	P	1	0	0	14	0
20260708	4291318	cmp-a001-02-000000010764328	grp-a001-02-000000069047580	쉐이크	nad-a001-02-000000541753979	bsn-a001-00-000000013604308	16	08	98128	M	2	0	0	12	0
20260708	4291318	cmp-a001-02-000000010764328	grp-a001-02-000000069047580	단백질	nad-a001-02-000000541753984	bsn-a001-00-000000013604308	16	08	529514	M	11	0	0	69	0
20260708	4291318	cmp-a001-02-000000010432615	grp-a001-02-000000064422129	과자할인	nad-a001-02-000000494208904	bsn-a001-00-000000013604308	16	09	529514	M	1	0	0	3	0
20260708	4291318	cmp-a001-02-000000010764328	grp-a001-02-000000069047580	황성주생식라이프밀	nad-a001-02-000000541753966	bsn-a001-00-000000013604308	16	15	8753	M	1	0	0	5	0
20260708	4291318	cmp-a001-02-000000010764328	grp-a001-02-000000069047580	단백질	nad-a001-02-000000541753979	bsn-a001-00-000000013604308	16	15	684927	P	1	0	0	6	0
20260708	4291318	cmp-a001-02-000000010764328	grp-a001-02-000000069047580	황성주라이프밀	nad-a001-02-000000541753967	bsn-a001-00-000000013604308	16	03	8753	M	2	0	0	6	0
20260708	4291318	cmp-a001-02-000000010764328	grp-a001-02-000000069047580	라이프밀	nad-a001-02-000000541753967	bsn-a001-00-000000013604308	16	04	633013	M	2	0	0	6	0
20260708	4291318	cmp-a001-02-000000010764328	grp-a001-02-000000069047580	황성주라이프밀	nad-a001-02-000000541753967	bsn-a001-00-000000013604308	16	07	8753	M	1	0	0	3	0
20260708	4291318	cmp-a001-02-000000010764328	grp-a001-02-000000069047580	단백질	nad-a001-02-000000541753979	bsn-a001-00-000000013604308	16	09	684926	M	1	0	0	11	0
20260708	4291318	cmp-a001-02-000000010764328	grp-a001-02-000000069047580	아침생식변비에	nad-a001-02-000000541753967	bsn-a001-00-000000013604308	16	09	27758	P	1	0	0	1	0
20260708	4291318	cmp-a001-02-000000010764328	grp-a001-02-000000069047580	황성주라이프밀	nad-a001-02-000000541753968	bsn-a001-00-000000013604308	16	99	529514	M	3	0	0	18	0
20260708	4291318	cmp-a001-02-000000010764328	grp-a001-02-000000069047580	시리얼	nad-a001-02-000000541753991	bsn-a001-00-000000013604308	16	16	529514	M	1	0	0	3	0
20260708	4291318	cmp-a001-02-000000010764328	grp-a001-02-000000069047580	시리얼	nad-a001-02-000000541753991	bsn-a001-00-000000013604308	16	01	529514	M	6	0	0	22	0
20260708	4291318	cmp-a001-02-000000010432615	grp-a001-02-000000064422129	과자	nad-a001-02-000000494208904	bsn-a001-00-000000013604308	16	09	529514	M	9	0	0	18	0
20260708	4291318	cmp-a001-02-000000010764328	grp-a001-02-000000069047580	건조정선제분	nad-a001-02-000000541754004	bsn-a001-00-000000013604308	16	18	27758	P	1	0	0	2	0
20260708	4291318	cmp-a001-02-000000010764328	grp-a001-02-000000069047580	황성주생식라이프밀	nad-a001-02-000000541753967	bsn-a001-00-000000013604308	16	18	8753	M	1	0	0	3	0
20260708	4291318	cmp-a001-02-000000010432615	grp-a001-02-000000064422129	황성주생식	nad-a001-02-000000494208911	bsn-a001-00-000000013604308	16	11	33421	M	1	0	0	6	0
20260708	4291318	cmp-a001-02-000000010764328	grp-a001-02-000000069047580	라이프밀	nad-a001-02-000000541753966	bsn-a001-00-000000013604308	16	16	633013	M	6	0	0	24	0
20260708	4291318	cmp-a001-02-000000010764328	grp-a001-02-000000069047580	라이프밀	nad-a001-02-000000541753988	bsn-a001-00-000000013604308	16	09	633013	M	1	0	0	5	0
20260708	4291318	cmp-a001-02-000000010432615	grp-a001-02-000000064422129	황성주생식	nad-a001-02-000000494209021	bsn-a001-00-000000013604308	16	11	341893	M	1	0	0	5	0
20260708	4291318	cmp-a001-02-000000010764328	grp-a001-02-000000069047580	박사가사랑한	nad-a001-02-000000541753978	bsn-a001-00-000000013604308	16	09	529514	M	1	0	0	11	0
20260708	4291318	cmp-a001-02-000000010764328	grp-a001-02-000000069047580	황성주생식	nad-a001-02-000000541753967	bsn-a001-00-000000013604308	16	03	8753	M	1	0	0	4	0
20260708	4291318	cmp-a001-02-000000010764328	grp-a001-02-000000069047580	식물성단백질	nad-a001-02-000000541753989	bsn-a001-00-000000013604308	16	02	529514	M	1	0	0	2	0
20260708	4291318	cmp-a001-02-000000010432615	grp-a001-02-000000064422129	스토어	nad-a001-02-000000494209022	bsn-a001-00-000000013604308	16	02	98128	M	17	0	0	138	0
20260708	4291318	cmp-a001-02-000000010764328	grp-a001-02-000000069047580	단백질바	nad-a001-02-000000541753991	bsn-a001-00-000000013604308	16	00	684926	M	1	0	0	5	0
20260708	4291318	cmp-a001-02-000000010764328	grp-a001-02-000000069047580	박사가사랑한	nad-a001-02-000000541753971	bsn-a001-00-000000013604308	16	09	529514	M	1	0	0	6	0
20260708	4291318	cmp-a001-02-000000010764328	grp-a001-02-000000069047580	단백질보충제	nad-a001-02-000000541753984	bsn-a001-00-000000013604308	16	02	529514	M	1	0	0	3	0
20260708	4291318	cmp-a001-02-000000010432615	grp-a001-02-000000064422129	스토어	nad-a001-02-000000494209022	bsn-a001-00-000000013604308	16	15	98128	M	4	0	0	32	0
20260708	4291318	cmp-a001-02-000000010432615	grp-a001-02-000000064422129	사랑이	nad-a001-02-000000494208904	bsn-a001-00-000000013604308	16	16	529514	M	2	0	0	12	0
20260708	4291318	cmp-a001-02-000000010764328	grp-a001-02-000000069047580	황성주생식라이프밀	nad-a001-02-000000541754004	bsn-a001-00-000000013604308	16	18	8753	M	1	0	0	2	0
20260708	4291318	cmp-a001-02-000000010432615	grp-a001-02-000000064422129	2개	nad-a001-02-000000494208911	bsn-a001-00-000000013604308	16	15	529514	M	3	0	0	21	0
20260708	4291318	cmp-a001-02-000000010432615	grp-a001-02-000000064422129	스토어	nad-a001-02-000000494208910	bsn-a001-00-000000013604308	16	13	335738	P	1	0	0	1	0
20260708	4291318	cmp-a001-02-000000010432615	grp-a001-02-000000064422129	스토어	nad-a001-02-000000494209021	bsn-a001-00-000000013604308	16	13	98128	M	1	0	0	6	0
20260708	4291318	cmp-a001-02-000000010764328	grp-a001-02-000000069047580	쉐이크	nad-a001-02-000000541753984	bsn-a001-00-000000013604308	16	02	98128	M	1	0	0	5	0
20260708	4291318	cmp-a001-02-000000010764328	grp-a001-02-000000069047580	야채분말	nad-a001-02-000000541753966	bsn-a001-00-000000013604308	16	16	27758	P	1	0	0	2	0
20260708	4291318	cmp-a001-02-000000010764328	grp-a001-02-000000069047580	엄마의하루쉐이크	nad-a001-02-000000541753974	bsn-a001-00-000000013604308	16	15	8753	M	1	0	0	3	0
20260708	4291318	cmp-a001-02-000000010764328	grp-a001-02-000000069047580	프로틴	nad-a001-02-000000541753979	bsn-a001-00-000000013604308	16	09	768323	M	20	0	0	134	0
20260708	4291318	cmp-a001-02-000000010764328	grp-a001-02-000000069047580	야채가루	nad-a001-02-000000541753967	bsn-a001-00-000000013604308	16	09	8753	M	1	0	0	1	0
20260708	4291318	cmp-a001-02-000000010764328	grp-a001-02-000000069047580	환자식	nad-a001-02-000000541753962	bsn-a001-00-000000013604308	16	09	27758	P	1	0	0	3	0
20260708	4291318	cmp-a001-02-000000010764328	grp-a001-02-000000069047580	단백질쉐이크파우치	nad-a001-02-000000541753981	bsn-a001-00-000000013604308	16	09	529514	M	1	0	0	15	0
20260708	4291318	cmp-a001-02-000000010764328	grp-a001-02-000000069047580	인기과자	nad-a001-02-000000541753991	bsn-a001-00-000000013604308	16	02	529514	M	1	0	0	2	0
20260708	4291318	cmp-a001-02-000000010764328	grp-a001-02-000000069047580	단백질	nad-a001-02-000000541753979	bsn-a001-00-000000013604308	16	08	98128	M	3	0	0	24	0
20260708	4291318	cmp-a001-02-000000010764328	grp-a001-02-000000069047580	라이프밀	nad-a001-02-000000541753996	bsn-a001-00-000000013604308	16	02	11068	P	4	0	0	4	0
20260708	4291318	cmp-a001-02-000000010764328	grp-a001-02-000000069047580	황성주생식	nad-a001-02-000000541753966	bsn-a001-00-000000013604308	16	18	341893	M	2	0	0	2	0
20260708	4291318	cmp-a001-02-000000010764328	grp-a001-02-000000069047580	단백질보충제	nad-a001-02-000000541754000	bsn-a001-00-000000013604308	16	02	529514	M	2	0	0	4	0
20260708	4291318	cmp-a001-02-000000010764328	grp-a001-02-000000069047580	단백질보충제	nad-a001-02-000000541753984	bsn-a001-00-000000013604308	16	09	529514	M	6	0	0	19	0
20260708	4291318	cmp-a001-02-000000010764328	grp-a001-02-000000069047580	생식가루	nad-a001-02-000000541753967	bsn-a001-00-000000013604308	16	02	8753	M	1	0	0	3	0
20260708	4291318	cmp-a001-02-000000010764328	grp-a001-02-000000069047580	프로틴	nad-a001-02-000000541754000	bsn-a001-00-000000013604308	16	99	768323	M	15	0	0	86	0
20260708	4291318	cmp-a001-02-000000010432615	grp-a001-02-000000064422129	스토어	nad-a001-02-000000494209022	bsn-a001-00-000000013604308	16	07	98128	M	2	0	0	16	0
20260708	4291318	cmp-a001-02-000000010764328	grp-a001-02-000000069047580	생식가루	nad-a001-02-000000541753967	bsn-a001-00-000000013604308	16	03	8753	M	1	0	0	3	0
20260708	4291318	cmp-a001-02-000000010764328	grp-a001-02-000000069047580	프로틴	nad-a001-02-000000541753979	bsn-a001-00-000000013604308	16	09	529514	M	65	0	0	219	0
20260708	4291318	cmp-a001-02-000000010764328	grp-a001-02-000000069047580	단백질보충제	nad-a001-02-000000541754000	bsn-a001-00-000000013604308	16	99	684927	P	1	0	0	9	0
20260708	4291318	cmp-a001-02-000000010764328	grp-a001-02-000000069047580	프로틴	nad-a001-02-000000541753981	bsn-a001-00-000000013604308	16	13	529514	M	4	0	0	11	0
20260708	4291318	cmp-a001-02-000000010764328	grp-a001-02-000000069047580	황성주생식	nad-a001-02-000000541753966	bsn-a001-00-000000013604308	16	08	8753	M	1	0	0	5	0
20260708	4291318	cmp-a001-02-000000010764328	grp-a001-02-000000069047580	황성주라이프밀	nad-a001-02-000000541753967	bsn-a001-00-000000013604308	16	09	684927	P	1	0	0	3	0
20260708	4291318	cmp-a001-02-000000010764328	grp-a001-02-000000069047580	단백질	nad-a001-02-000000541754000	bsn-a001-00-000000013604308	16	09	684926	M	1	0	0	12	0
20260708	4291318	cmp-a001-02-000000010764328	grp-a001-02-000000069047580	식물성단백질	nad-a001-02-000000541753981	bsn-a001-00-000000013604308	16	02	529514	M	1	0	0	5	0
20260708	4291318	cmp-a001-02-000000010764328	grp-a001-02-000000069047580	과자	nad-a001-02-000000541753991	bsn-a001-00-000000013604308	16	06	529514	M	6	0	0	14	0
20260708	4291318	cmp-a001-02-000000010764328	grp-a001-02-000000069047580	이롬황성주생식	nad-a001-02-000000541753997	bsn-a001-00-000000013604308	16	09	684926	M	1	0	0	1	0
20260708	4291318	cmp-a001-02-000000010432615	grp-a001-02-000000064422129	시리얼	nad-a001-02-000000494208904	bsn-a001-00-000000013604308	16	09	529514	M	42	0	0	126	0
20260708	4291318	cmp-a001-02-000000010764328	grp-a001-02-000000069047580	라이프밀	nad-a001-02-000000541753968	bsn-a001-00-000000013604308	16	06	633013	M	1	0	0	8	0
20260708	4291318	cmp-a001-02-000000010764328	grp-a001-02-000000069047580	프로틴	nad-a001-02-000000541754000	bsn-a001-00-000000013604308	16	06	768323	M	8	0	0	48	0
20260708	4291318	cmp-a001-02-000000010764328	grp-a001-02-000000069047580	단백질보충제	nad-a001-02-000000541753979	bsn-a001-00-000000013604308	16	02	529514	M	2	0	0	7	0
20260708	4291318	cmp-a001-02-000000010764328	grp-a001-02-000000069047580	단백질쉐이크	nad-a001-02-000000541754000	bsn-a001-00-000000013604308	16	08	98128	M	5	0	0	20	0
20260708	4291318	cmp-a001-02-000000010432615	grp-a001-02-000000064422129	라이프밀	nad-a001-02-000000494209022	bsn-a001-00-000000013604308	16	99	529514	M	2	0	0	9	0
20260708	4291318	cmp-a001-02-000000010764328	grp-a001-02-000000069047580	황성주영양식	nad-a001-02-000000541753965	bsn-a001-00-000000013604308	16	09	8753	M	2	0	0	8	0
20260708	4291318	cmp-a001-02-000000010764328	grp-a001-02-000000069047580	프로틴쉐이크	nad-a001-02-000000541754000	bsn-a001-00-000000013604308	16	02	529514	M	1	0	0	4	0
20260708	4291318	cmp-a001-02-000000010764328	grp-a001-02-000000069047580	시리얼	nad-a001-02-000000541753991	bsn-a001-00-000000013604308	16	18	768323	M	1	0	0	20	0
20260708	4291318	cmp-a001-02-000000010764328	grp-a001-02-000000069047580	단백질쉐이크	nad-a001-02-000000541754000	bsn-a001-00-000000013604308	16	02	529514	M	14	0	0	56	0
20260708	4291318	cmp-a001-02-000000010432615	grp-a001-02-000000064422129	2개	nad-a001-02-000000494208911	bsn-a001-00-000000013604308	16	99	529514	M	5	0	0	35	0
20260708	4291318	cmp-a001-02-000000010764328	grp-a001-02-000000069047580	황성주생식	nad-a001-02-000000541754004	bsn-a001-00-000000013604308	16	09	8753	M	3	0	0	6	0
20260708	4291318	cmp-a001-02-000000010764328	grp-a001-02-000000069047580	황성주라이프밀	nad-a001-02-000000541753996	bsn-a001-00-000000013604308	16	07	8753	M	1	0	0	1	0
20260708	4291318	cmp-a001-02-000000010432615	grp-a001-02-000000064422129	스토어	nad-a001-02-000000494208910	bsn-a001-00-000000013604308	16	11	98128	M	1	0	0	4	0
20260708	4291318	cmp-a001-02-000000010764328	grp-a001-02-000000069047580	황성주프로틴골드	nad-a001-02-000000541753989	bsn-a001-00-000000013604308	16	02	8753	M	1	1	1298	3	0
20260708	4291318	cmp-a001-02-000000010764328	grp-a001-02-000000069047580	황성주생식	nad-a001-02-000000541753988	bsn-a001-00-000000013604308	16	09	529514	M	2	0	0	7	0
20260708	4291318	cmp-a001-02-000000010764328	grp-a001-02-000000069047580	프로틴	nad-a001-02-000000541753984	bsn-a001-00-000000013604308	16	01	768323	M	1	0	0	4	0
20260708	4291318	cmp-a001-02-000000010764328	grp-a001-02-000000069047580	시리얼	nad-a001-02-000000541753991	bsn-a001-00-000000013604308	16	08	529514	M	6	0	0	21	0
20260708	4291318	cmp-a001-02-000000010764328	grp-a001-02-000000069047580	황성주생식라이프밀	nad-a001-02-000000541753966	bsn-a001-00-000000013604308	16	02	8753	M	1	0	0	5	0
20260708	4291318	cmp-a001-02-000000010764328	grp-a001-02-000000069047580	프로틴	nad-a001-02-000000541753979	bsn-a001-00-000000013604308	16	10	768323	M	1	0	0	7	0
20260708	4291318	cmp-a001-02-000000010764328	grp-a001-02-000000069047580	황성주영양식	nad-a001-02-000000541754003	bsn-a001-00-000000013604308	16	09	8753	M	2	0	0	6	0
20260708	4291318	cmp-a001-02-000000010764328	grp-a001-02-000000069047580	환자식	nad-a001-02-000000541753964	bsn-a001-00-000000013604308	16	09	27758	P	1	0	0	2	0
20260708	4291318	cmp-a001-02-000000010764328	grp-a001-02-000000069047580	프로틴	nad-a001-02-000000541753979	bsn-a001-00-000000013604308	16	13	529514	M	1	0	0	2	0
20260708	4291318	cmp-a001-02-000000010764328	grp-a001-02-000000069047580	황성주생식	nad-a001-02-000000541753967	bsn-a001-00-000000013604308	16	13	8753	M	3	0	0	9	0
20260708	4291318	cmp-a001-02-000000010432615	grp-a001-02-000000064422129	황성주생식라이프밀	nad-a001-02-000000494208910	bsn-a001-00-000000013604308	16	02	8753	M	1	0	0	1	0
20260708	4291318	cmp-a001-02-000000010764328	grp-a001-02-000000069047580	라이프밀	nad-a001-02-000000541753967	bsn-a001-00-000000013604308	16	09	684926	M	2	0	0	6	0
20260708	4291318	cmp-a001-02-000000010764328	grp-a001-02-000000069047580	황성주생식라이프밀	nad-a001-02-000000541754004	bsn-a001-00-000000013604308	18	18	8753	M	1	0	0	2	0
20260708	4291318	cmp-a001-02-000000010764328	grp-a001-02-000000069047580	황성주생식라이프밀	nad-a001-02-000000541753966	bsn-a001-00-000000013604308	18	18	8753	M	1	0	0	5	0
20260708	4291318	cmp-a001-02-000000010764328	grp-a001-02-000000069047580	황성주생식라이프밀	nad-a001-02-000000541753988	bsn-a001-00-000000013604308	18	18	8753	M	1	0	0	4	0
20260708	4291318	cmp-a001-02-000000010432615	grp-a001-02-000000064422129	황성주생식라이프밀	nad-a001-02-000000494208910	bsn-a001-00-000000013604308	18	18	8753	M	1	0	0	1	0
20260708	4291318	cmp-a001-02-000000010764328	grp-a001-02-000000069047580	황성주생식라이프밀	nad-a001-02-000000541753967	bsn-a001-00-000000013604308	18	18	8753	M	1	0	0	3	0
20260708	4291318	cmp-a001-02-000000010432615	grp-a001-02-000000064422129	라이프밀	nad-a001-02-000000494209022	bsn-a001-00-000000013604308	07	02	8753	M	1	0	0	5	0
20260708	4291318	cmp-a001-02-000000010432615	grp-a001-02-000000064422129	황성주생식	nad-a001-02-000000494208910	bsn-a001-00-000000013604308	07	18	8753	M	2	0	0	2	0
20260708	4291318	cmp-a001-02-000000010432615	grp-a001-02-000000064422129	황성주라이프밀	nad-a001-02-000000494208910	bsn-a001-00-000000013604308	07	02	27758	P	1	0	0	1	0
20260708	4291318	cmp-a001-02-000000010432615	grp-a001-02-000000064422129	라이프밀	nad-a001-02-000000494209021	bsn-a001-00-000000013604308	07	02	8753	M	1	0	0	2	0
20260708	4291318	cmp-a001-02-000000010432615	grp-a001-02-000000064422129	황성주생식	nad-a001-02-000000494209021	bsn-a001-00-000000013604308	07	15	8753	M	2	1	882	4	0
20260708	4291318	cmp-a001-02-000000010432615	grp-a001-02-000000064422129	황성주생식	nad-a001-02-000000494209021	bsn-a001-00-000000013604308	07	04	8753	M	2	1	1250	4	0
20260708	4291318	cmp-a001-02-000000010432615	grp-a001-02-000000064422129	균형영양식	nad-a001-02-000000494209017	bsn-a001-00-000000013604308	07	13	529514	M	1	0	0	3	0
20260708	4291318	cmp-a001-02-000000010432615	grp-a001-02-000000064422129	황성주생식라이프밀	nad-a001-02-000000494209021	bsn-a001-00-000000013604308	07	02	341898	M	1	0	0	2	0
20260708	4291318	cmp-a001-02-000000010432615	grp-a001-02-000000064422129	황성주생식	nad-a001-02-000000494209021	bsn-a001-00-000000013604308	07	99	612594	M	1	0	0	2	0
20260708	4291318	cmp-a001-02-000000010432615	grp-a001-02-000000064422129	황성주생식	nad-a001-02-000000494208910	bsn-a001-00-000000013604308	07	09	8753	M	2	1	1871	2	0
20260708	4291318	cmp-a001-02-000000010432615	grp-a001-02-000000064422129	라이프밀	nad-a001-02-000000494208911	bsn-a001-00-000000013604308	07	02	33421	M	1	0	0	3	0
20260708	4291318	cmp-a001-02-000000010432615	grp-a001-02-000000064422129	황성주생식	nad-a001-02-000000494208911	bsn-a001-00-000000013604308	07	08	8753	M	1	1	808	3	0
20260708	4291318	cmp-a001-02-000000010432615	grp-a001-02-000000064422129	황성주생식라이프밀	nad-a001-02-000000494208910	bsn-a001-00-000000013604308	07	02	612594	M	1	0	0	1	0
20260708	4291318	cmp-a001-02-000000010432615	grp-a001-02-000000064422129	황성주생식	nad-a001-02-000000494209021	bsn-a001-00-000000013604308	07	14	8753	M	1	0	0	2	0
20260708	4291318	cmp-a001-02-000000010432615	grp-a001-02-000000064422129	황성주생식	nad-a001-02-000000494209021	bsn-a001-00-000000013604308	07	01	8753	M	2	0	0	4	0
20260708	4291318	cmp-a001-02-000000010432615	grp-a001-02-000000064422129	단백질바	nad-a001-02-000000494208904	bsn-a001-00-000000013604308	07	09	529514	M	1	0	0	3	0
20260708	4291318	cmp-a001-02-000000010432615	grp-a001-02-000000064422129	황성주생식	nad-a001-02-000000494208910	bsn-a001-00-000000013604308	07	06	8753	M	1	0	0	1	0
20260708	4291318	cmp-a001-02-000000010432615	grp-a001-02-000000064422129	황성주1일1생식라이프밀	nad-a001-02-000000494208911	bsn-a001-00-000000013604308	07	03	8753	M	1	0	0	3	0
20260708	4291318	cmp-a001-02-000000010432615	grp-a001-02-000000064422129	황성주생식	nad-a001-02-000000494208911	bsn-a001-00-000000013604308	07	02	33421	M	1	0	0	3	0
20260708	4291318	cmp-a001-02-000000010432615	grp-a001-02-000000064422129	황성주생식	nad-a001-02-000000494209022	bsn-a001-00-000000013604308	07	99	612594	M	1	0	0	5	0
20260708	4291318	cmp-a001-02-000000010432615	grp-a001-02-000000064422129	스토어	nad-a001-02-000000494208910	bsn-a001-00-000000013604308	07	15	98128	M	1	0	0	2	0
20260708	4291318	cmp-a001-02-000000010432615	grp-a001-02-000000064422129	스토어	nad-a001-02-000000494208910	bsn-a001-00-000000013604308	07	03	98128	M	3	0	0	6	0
20260708	4291318	cmp-a001-02-000000010432615	grp-a001-02-000000064422129	황성주라이프밀	nad-a001-02-000000494208911	bsn-a001-00-000000013604308	07	10	8753	M	1	0	0	3	0
20260708	4291318	cmp-a001-02-000000010432615	grp-a001-02-000000064422129	황성주생식	nad-a001-02-000000494208911	bsn-a001-00-000000013604308	07	07	8753	M	1	0	0	9	0
20260708	4291318	cmp-a001-02-000000010432615	grp-a001-02-000000064422129	라이프밀	nad-a001-02-000000494208911	bsn-a001-00-000000013604308	07	07	633013	M	1	0	0	3	0
20260708	4291318	cmp-a001-02-000000010432615	grp-a001-02-000000064422129	황성주생식라이프밀	nad-a001-02-000000494208910	bsn-a001-00-000000013604308	07	02	684924	M	1	0	0	1	0
20260708	4291318	cmp-a001-02-000000010432615	grp-a001-02-000000064422129	황성주라이프밀	nad-a001-02-000000494208910	bsn-a001-00-000000013604308	07	09	8753	M	1	0	0	1	0
20260708	4291318	cmp-a001-02-000000010432615	grp-a001-02-000000064422129	황성주라이프밀	nad-a001-02-000000494208910	bsn-a001-00-000000013604308	07	02	8753	M	2	0	0	2	0
20260708	4291318	cmp-a001-02-000000010432615	grp-a001-02-000000064422129	황성주1일1생식라이프밀	nad-a001-02-000000494209021	bsn-a001-00-000000013604308	07	03	341893	M	1	0	0	2	0
20260708	4291318	cmp-a001-02-000000010432615	grp-a001-02-000000064422129	황성주라이프밀	nad-a001-02-000000494208911	bsn-a001-00-000000013604308	07	09	8753	M	1	0	0	3	0
20260708	4291318	cmp-a001-02-000000010432615	grp-a001-02-000000064422129	라이프밀	nad-a001-02-000000494209022	bsn-a001-00-000000013604308	07	18	633013	M	1	0	0	4	0
20260708	4291318	cmp-a001-02-000000010432615	grp-a001-02-000000064422129	라이프밀	nad-a001-02-000000494208910	bsn-a001-00-000000013604308	07	18	633013	M	1	0	0	1	0
20260708	4291318	cmp-a001-02-000000010432615	grp-a001-02-000000064422129	황성주생식	nad-a001-02-000000494209022	bsn-a001-00-000000013604308	07	99	8753	M	1	0	0	5	0
20260708	4291318	cmp-a001-02-000000010432615	grp-a001-02-000000064422129	황성주라이프밀	nad-a001-02-000000494208911	bsn-a001-00-000000013604308	07	13	8753	M	1	0	0	4	0
20260708	4291318	cmp-a001-02-000000010432615	grp-a001-02-000000064422129	황성주생식	nad-a001-02-000000494208910	bsn-a001-00-000000013604308	07	15	8753	M	2	1	1871	2	0
20260708	4291318	cmp-a001-02-000000010432615	grp-a001-02-000000064422129	단백질바	nad-a001-02-000000494208904	bsn-a001-00-000000013604308	07	02	529514	M	3	0	0	11	0
20260708	4291318	cmp-a001-02-000000010432615	grp-a001-02-000000064422129	황성주생식라이프밀	nad-a001-02-000000494208911	bsn-a001-00-000000013604308	07	18	8753	M	1	0	0	3	0
20260708	4291318	cmp-a001-02-000000010432615	grp-a001-02-000000064422129	황성주생식	nad-a001-02-000000494208911	bsn-a001-00-000000013604308	07	02	8753	M	2	0	0	12	0
20260708	4291318	cmp-a001-02-000000010432615	grp-a001-02-000000064422129	황성주라이프밀영양식	nad-a001-02-000000494209020	bsn-a001-00-000000013604308	07	02	27758	P	1	0	0	2	0
20260708	4291318	cmp-a001-02-000000010432615	grp-a001-02-000000064422129	황성주생식라이프밀	nad-a001-02-000000494208910	bsn-a001-00-000000013604308	07	18	684924	M	1	0	0	1	0
20260708	4291318	cmp-a001-02-000000010432615	grp-a001-02-000000064422129	황성주1일1생식라이프밀	nad-a001-02-000000494208910	bsn-a001-00-000000013604308	07	03	8753	M	1	1	2067	1	0
20260708	4291318	cmp-a001-02-000000010432615	grp-a001-02-000000064422129	황성주생식라이프밀	nad-a001-02-000000494208911	bsn-a001-00-000000013604308	07	02	8753	M	7	0	0	22	0
20260708	4291318	cmp-a001-02-000000010432615	grp-a001-02-000000064422129	라이프밀	nad-a001-02-000000494208911	bsn-a001-00-000000013604308	07	18	633013	M	1	0	0	3	0
20260708	4291318	cmp-a001-02-000000010432615	grp-a001-02-000000064422129	황성주라이프밀영양식	nad-a001-02-000000494209020	bsn-a001-00-000000013604308	07	02	684925	P	1	0	0	1	0
20260708	4291318	cmp-a001-02-000000010432615	grp-a001-02-000000064422129	황성주생식영양식	nad-a001-02-000000494209020	bsn-a001-00-000000013604308	07	02	8753	M	1	0	0	2	0
20260708	4291318	cmp-a001-02-000000010432615	grp-a001-02-000000064422129	시리얼	nad-a001-02-000000494208904	bsn-a001-00-000000013604308	07	03	529514	M	1	0	0	3	0
20260708	4291318	cmp-a001-02-000000010432615	grp-a001-02-000000064422129	황성주생식라이프밀	nad-a001-02-000000494209021	bsn-a001-00-000000013604308	07	15	8753	M	1	0	0	2	0
20260708	4291318	cmp-a001-02-000000010432615	grp-a001-02-000000064422129	황성주생식	nad-a001-02-000000494208910	bsn-a001-00-000000013604308	07	01	8753	M	2	0	0	2	0
20260708	4291318	cmp-a001-02-000000010432615	grp-a001-02-000000064422129	황성주생식라이프밀	nad-a001-02-000000494209021	bsn-a001-00-000000013604308	07	02	612594	M	1	0	0	2	0
20260708	4291318	cmp-a001-02-000000010432615	grp-a001-02-000000064422129	황성주생식	nad-a001-02-000000494208910	bsn-a001-00-000000013604308	07	02	33421	M	1	0	0	1	0
20260708	4291318	cmp-a001-02-000000010432615	grp-a001-02-000000064422129	황성주생식	nad-a001-02-000000494208910	bsn-a001-00-000000013604308	07	02	8753	M	4	0	0	4	0
20260708	4291318	cmp-a001-02-000000010432615	grp-a001-02-000000064422129	동결건조생식	nad-a001-02-000000494208910	bsn-a001-00-000000013604308	07	04	8753	M	1	0	0	1	0
20260708	4291318	cmp-a001-02-000000010432615	grp-a001-02-000000064422129	동결건조생식	nad-a001-02-000000494209021	bsn-a001-00-000000013604308	07	04	8753	M	1	0	0	3	0
20260708	4291318	cmp-a001-02-000000010432615	grp-a001-02-000000064422129	황성주생식	nad-a001-02-000000494208911	bsn-a001-00-000000013604308	07	99	612594	M	1	0	0	3	0
20260708	4291318	cmp-a001-02-000000010432615	grp-a001-02-000000064422129	라이프밀	nad-a001-02-000000494209021	bsn-a001-00-000000013604308	07	02	33421	M	1	0	0	2	0
20260708	4291318	cmp-a001-02-000000010432615	grp-a001-02-000000064422129	황성주생식라이프밀	nad-a001-02-000000494208910	bsn-a001-00-000000013604308	07	15	8753	M	1	0	0	1	0
20260708	4291318	cmp-a001-02-000000010432615	grp-a001-02-000000064422129	황성주라이프밀	nad-a001-02-000000494209022	bsn-a001-00-000000013604308	07	09	8753	M	1	0	0	4	0
20260708	4291318	cmp-a001-02-000000010432615	grp-a001-02-000000064422129	황성주생식	nad-a001-02-000000494209022	bsn-a001-00-000000013604308	07	18	8753	M	2	0	0	8	0
20260708	4291318	cmp-a001-02-000000010432615	grp-a001-02-000000064422129	황성주생식	nad-a001-02-000000494208911	bsn-a001-00-000000013604308	07	14	8753	M	1	0	0	3	0
20260708	4291318	cmp-a001-02-000000010432615	grp-a001-02-000000064422129	황성주라이프밀	nad-a001-02-000000494209021	bsn-a001-00-000000013604308	07	02	8753	M	2	0	0	4	0
20260708	4291318	cmp-a001-02-000000010432615	grp-a001-02-000000064422129	황성주생식	nad-a001-02-000000494209022	bsn-a001-00-000000013604308	07	04	8753	M	2	0	0	10	0
20260708	4291318	cmp-a001-02-000000010432615	grp-a001-02-000000064422129	라이프밀	nad-a001-02-000000494209021	bsn-a001-00-000000013604308	07	07	633013	M	1	0	0	2	0
20260708	4291318	cmp-a001-02-000000010432615	grp-a001-02-000000064422129	스토어	nad-a001-02-000000494208910	bsn-a001-00-000000013604308	07	09	98128	M	2	0	0	4	0
20260708	4291318	cmp-a001-02-000000010432615	grp-a001-02-000000064422129	황성주생식	nad-a001-02-000000494209021	bsn-a001-00-000000013604308	07	02	33421	M	1	0	0	2	0
20260708	4291318	cmp-a001-02-000000010432615	grp-a001-02-000000064422129	황성주생식	nad-a001-02-000000494209021	bsn-a001-00-000000013604308	07	02	8753	M	4	1	1325	8	0
20260708	4291318	cmp-a001-02-000000010432615	grp-a001-02-000000064422129	시리얼	nad-a001-02-000000494208904	bsn-a001-00-000000013604308	07	02	529514	M	9	0	0	27	0
20260708	4291318	cmp-a001-02-000000010432615	grp-a001-02-000000064422129	스토어	nad-a001-02-000000494208910	bsn-a001-00-000000013604308	07	02	98128	M	2	0	0	4	0
20260708	4291318	cmp-a001-02-000000010432615	grp-a001-02-000000064422129	균형영양식	nad-a001-02-000000494209017	bsn-a001-00-000000013604308	07	09	529514	M	1	0	0	3	0
20260708	4291318	cmp-a001-02-000000010432615	grp-a001-02-000000064422129	황성주라이프밀	nad-a001-02-000000494208910	bsn-a001-00-000000013604308	07	10	8753	M	1	1	2607	1	0
20260708	4291318	cmp-a001-02-000000010432615	grp-a001-02-000000064422129	황성주라이프밀	nad-a001-02-000000494208910	bsn-a001-00-000000013604308	07	13	8753	M	1	0	0	1	0
20260708	4291318	cmp-a001-02-000000010432615	grp-a001-02-000000064422129	황성주영양식	nad-a001-02-000000494209020	bsn-a001-00-000000013604308	07	02	8753	M	1	0	0	1	0
20260708	4291318	cmp-a001-02-000000010432615	grp-a001-02-000000064422129	황성주생식라이프밀	nad-a001-02-000000494208911	bsn-a001-00-000000013604308	07	02	33421	M	1	0	0	3	0
20260708	4291318	cmp-a001-02-000000010432615	grp-a001-02-000000064422129	라이프밀	nad-a001-02-000000494209021	bsn-a001-00-000000013604308	07	18	633013	M	1	0	0	2	0
20260708	4291318	cmp-a001-02-000000010432615	grp-a001-02-000000064422129	라이프밀	nad-a001-02-000000494209022	bsn-a001-00-000000013604308	07	02	33421	M	1	0	0	4	0
20260708	4291318	cmp-a001-02-000000010432615	grp-a001-02-000000064422129	스토어	nad-a001-02-000000494208910	bsn-a001-00-000000013604308	07	08	98128	M	1	0	0	2	0
20260708	4291318	cmp-a001-02-000000010432615	grp-a001-02-000000064422129	황성주영양식	nad-a001-02-000000494209017	bsn-a001-00-000000013604308	07	02	8753	M	1	0	0	4	0
20260708	4291318	cmp-a001-02-000000010432615	grp-a001-02-000000064422129	황성주생식라이프밀	nad-a001-02-000000494209022	bsn-a001-00-000000013604308	07	02	8753	M	3	0	0	12	0
20260708	4291318	cmp-a001-02-000000010432615	grp-a001-02-000000064422129	황성주라이프밀	nad-a001-02-000000494209021	bsn-a001-00-000000013604308	07	09	8753	M	1	0	0	2	0
20260708	4291318	cmp-a001-02-000000010432615	grp-a001-02-000000064422129	프로틴바	nad-a001-02-000000494208904	bsn-a001-00-000000013604308	07	99	529514	M	1	0	0	10	0
20260708	4291318	cmp-a001-02-000000010432615	grp-a001-02-000000064422129	시리얼	nad-a001-02-000000494208904	bsn-a001-00-000000013604308	07	18	529514	M	3	0	0	9	0
20260708	4291318	cmp-a001-02-000000010432615	grp-a001-02-000000064422129	시리얼	nad-a001-02-000000494208904	bsn-a001-00-000000013604308	07	09	529514	M	7	0	0	21	0
20260708	4291318	cmp-a001-02-000000010432615	grp-a001-02-000000064422129	황성주생식라이프밀	nad-a001-02-000000494209022	bsn-a001-00-000000013604308	07	02	33421	M	1	0	0	6	0
20260708	4291318	cmp-a001-02-000000010432615	grp-a001-02-000000064422129	황성주생식라이프밀	nad-a001-02-000000494209021	bsn-a001-00-000000013604308	07	18	8753	M	1	0	0	2	0
20260708	4291318	cmp-a001-02-000000010432615	grp-a001-02-000000064422129	황성주이롬생식	nad-a001-02-000000494208911	bsn-a001-00-000000013604308	07	09	684924	M	1	0	0	1	0
20260708	4291318	cmp-a001-02-000000010432615	grp-a001-02-000000064422129	황성주생식	nad-a001-02-000000494208910	bsn-a001-00-000000013604308	07	99	612594	M	1	0	0	1	0
20260708	4291318	cmp-a001-02-000000010432615	grp-a001-02-000000064422129	황성주생식라이프밀	nad-a001-02-000000494208911	bsn-a001-00-000000013604308	07	02	612594	M	1	0	0	3	0
20260708	4291318	cmp-a001-02-000000010432615	grp-a001-02-000000064422129	황성주생식라이프밀	nad-a001-02-000000494209022	bsn-a001-00-000000013604308	07	02	612594	M	1	0	0	5	0
20260708	4291318	cmp-a001-02-000000010432615	grp-a001-02-000000064422129	황성주영양식	nad-a001-02-000000494209017	bsn-a001-00-000000013604308	07	18	8753	M	1	0	0	4	0
20260708	4291318	cmp-a001-02-000000010432615	grp-a001-02-000000064422129	황성주생식	nad-a001-02-000000494208910	bsn-a001-00-000000013604308	07	04	8753	M	2	0	0	2	0
20260708	4291318	cmp-a001-02-000000010432615	grp-a001-02-000000064422129	황성주생식	nad-a001-02-000000494209021	bsn-a001-00-000000013604308	07	07	8753	M	1	0	0	2	0
20260708	4291318	cmp-a001-02-000000010432615	grp-a001-02-000000064422129	황성주생식	nad-a001-02-000000494209021	bsn-a001-00-000000013604308	07	99	8753	M	1	0	0	2	0
20260708	4291318	cmp-a001-02-000000010432615	grp-a001-02-000000064422129	시리얼	nad-a001-02-000000494208904	bsn-a001-00-000000013604308	07	11	529514	M	1	0	0	3	0
20260708	4291318	cmp-a001-02-000000010432615	grp-a001-02-000000064422129	황성주생식	nad-a001-02-000000494209021	bsn-a001-00-000000013604308	07	09	8753	M	2	0	0	4	0
20260708	4291318	cmp-a001-02-000000010432615	grp-a001-02-000000064422129	라이프밀	nad-a001-02-000000494208910	bsn-a001-00-000000013604308	07	02	33421	M	1	0	0	1	0
20260708	4291318	cmp-a001-02-000000010432615	grp-a001-02-000000064422129	라이프밀	nad-a001-02-000000494209022	bsn-a001-00-000000013604308	07	07	633013	M	1	0	0	4	0
20260708	4291318	cmp-a001-02-000000010432615	grp-a001-02-000000064422129	황성주생식	nad-a001-02-000000494208910	bsn-a001-00-000000013604308	07	15	684924	M	1	0	0	1	0
20260708	4291318	cmp-a001-02-000000010432615	grp-a001-02-000000064422129	황성주생식라이프밀	nad-a001-02-000000494208910	bsn-a001-00-000000013604308	07	18	8753	M	1	0	0	1	0
20260708	4291318	cmp-a001-02-000000010432615	grp-a001-02-000000064422129	황성주라이프밀영양식	nad-a001-02-000000494208910	bsn-a001-00-000000013604308	07	02	27758	P	1	0	0	1	0
20260708	4291318	cmp-a001-02-000000010432615	grp-a001-02-000000064422129	황성주생식	nad-a001-02-000000494208911	bsn-a001-00-000000013604308	07	06	8753	M	1	0	0	3	0
20260708	4291318	cmp-a001-02-000000010432615	grp-a001-02-000000064422129	프로틴바	nad-a001-02-000000494208904	bsn-a001-00-000000013604308	07	06	529514	M	1	0	0	3	0
20260708	4291318	cmp-a001-02-000000010432615	grp-a001-02-000000064422129	황성주생식	nad-a001-02-000000494209022	bsn-a001-00-000000013604308	07	02	33421	M	1	0	0	10	0
20260708	4291318	cmp-a001-02-000000010432615	grp-a001-02-000000064422129	동결건조생식	nad-a001-02-000000494208910	bsn-a001-00-000000013604308	07	04	684924	M	1	0	0	1	0
20260708	4291318	cmp-a001-02-000000010432615	grp-a001-02-000000064422129	황성주1일1생식라이프밀	nad-a001-02-000000494209022	bsn-a001-00-000000013604308	07	03	8753	M	1	0	0	4	0
20260708	4291318	cmp-a001-02-000000010432615	grp-a001-02-000000064422129	황성주라이프밀	nad-a001-02-000000494209021	bsn-a001-00-000000013604308	07	10	8753	M	1	0	0	2	0
20260708	4291318	cmp-a001-02-000000010432615	grp-a001-02-000000064422129	시리얼	nad-a001-02-000000494208904	bsn-a001-00-000000013604308	07	01	529514	M	5	0	0	15	0
20260708	4291318	cmp-a001-02-000000010432615	grp-a001-02-000000064422129	시리얼	nad-a001-02-000000494208904	bsn-a001-00-000000013604308	07	13	529514	M	4	0	0	12	0
20260708	4291318	cmp-a001-02-000000010432615	grp-a001-02-000000064422129	황성주라이프밀	nad-a001-02-000000494209022	bsn-a001-00-000000013604308	07	10	8753	M	1	0	0	4	0
20260708	4291318	cmp-a001-02-000000010432615	grp-a001-02-000000064422129	황성주라이프밀	nad-a001-02-000000494208911	bsn-a001-00-000000013604308	07	02	8753	M	2	0	0	8	0
20260708	4291318	cmp-a001-02-000000010432615	grp-a001-02-000000064422129	박사단백질쉐이크	nad-a001-02-000000494209013	bsn-a001-00-000000013604308	07	01	8753	M	1	0	0	3	0
20260708	4291318	cmp-a001-02-000000010432615	grp-a001-02-000000064422129	영양식	nad-a001-02-000000494209017	bsn-a001-00-000000013604308	07	09	529514	M	2	0	0	10	0
20260708	4291318	cmp-a001-02-000000010432615	grp-a001-02-000000064422129	황성주라이프밀	nad-a001-02-000000494208910	bsn-a001-00-000000013604308	07	09	684924	M	1	0	0	1	0
20260708	4291318	cmp-a001-02-000000010432615	grp-a001-02-000000064422129	황성주라이프밀	nad-a001-02-000000494209021	bsn-a001-00-000000013604308	07	13	8753	M	1	0	0	2	0
20260708	4291318	cmp-a001-02-000000010432615	grp-a001-02-000000064422129	라이프밀	nad-a001-02-000000494208910	bsn-a001-00-000000013604308	07	07	633013	M	1	0	0	1	0
20260708	4291318	cmp-a001-02-000000010432615	grp-a001-02-000000064422129	황성주생식라이프밀	nad-a001-02-000000494208911	bsn-a001-00-000000013604308	07	15	8753	M	1	0	0	4	0
20260708	4291318	cmp-a001-02-000000010432615	grp-a001-02-000000064422129	황성주생식	nad-a001-02-000000494208911	bsn-a001-00-000000013604308	07	09	8753	M	2	0	0	6	0
20260708	4291318	cmp-a001-02-000000010432615	grp-a001-02-000000064422129	황성주라이프밀	nad-a001-02-000000494209021	bsn-a001-00-000000013604308	07	02	27758	P	1	0	0	2	0
20260708	4291318	cmp-a001-02-000000010432615	grp-a001-02-000000064422129	황성주생식라이프밀	nad-a001-02-000000494208910	bsn-a001-00-000000013604308	07	02	8753	M	7	0	0	7	0
20260708	4291318	cmp-a001-02-000000010432615	grp-a001-02-000000064422129	시리얼	nad-a001-02-000000494208904	bsn-a001-00-000000013604308	07	08	529514	M	5	0	0	15	0
20260708	4291318	cmp-a001-02-000000010432615	grp-a001-02-000000064422129	라이프밀	nad-a001-02-000000494208911	bsn-a001-00-000000013604308	07	02	8753	M	1	0	0	3	0
20260708	4291318	cmp-a001-02-000000010432615	grp-a001-02-000000064422129	황성주생식	nad-a001-02-000000494208910	bsn-a001-00-000000013604308	07	18	684924	M	2	0	0	2	0
20260708	4291318	cmp-a001-02-000000010432615	grp-a001-02-000000064422129	프로틴바	nad-a001-02-000000494208904	bsn-a001-00-000000013604308	07	09	529514	M	1	0	0	3	0
20260708	4291318	cmp-a001-02-000000010432615	grp-a001-02-000000064422129	시리얼	nad-a001-02-000000494208904	bsn-a001-00-000000013604308	07	15	529514	M	2	0	0	6	0
20260708	4291318	cmp-a001-02-000000010432615	grp-a001-02-000000064422129	황성주생식	nad-a001-02-000000494208910	bsn-a001-00-000000013604308	07	14	8753	M	1	0	0	1	0
20260708	4291318	cmp-a001-02-000000010432615	grp-a001-02-000000064422129	황성주생식	nad-a001-02-000000494209021	bsn-a001-00-000000013604308	07	18	8753	M	2	1	1737	4	0
20260708	4291318	cmp-a001-02-000000010432615	grp-a001-02-000000064422129	시리얼	nad-a001-02-000000494208904	bsn-a001-00-000000013604308	07	99	529514	M	5	0	0	15	0
20260708	4291318	cmp-a001-02-000000010432615	grp-a001-02-000000064422129	황성주생식	nad-a001-02-000000494209021	bsn-a001-00-000000013604308	07	06	8753	M	1	0	0	2	0
20260708	4291318	cmp-a001-02-000000010432615	grp-a001-02-000000064422129	황성주생식라이프밀	nad-a001-02-000000494209021	bsn-a001-00-000000013604308	07	02	33421	M	1	0	0	2	0
20260708	4291318	cmp-a001-02-000000010432615	grp-a001-02-000000064422129	시리얼	nad-a001-02-000000494208904	bsn-a001-00-000000013604308	07	16	529514	M	1	0	0	3	0
20260708	4291318	cmp-a001-02-000000010432615	grp-a001-02-000000064422129	황성주생식	nad-a001-02-000000494208911	bsn-a001-00-000000013604308	07	04	8753	M	2	0	0	6	0
20260708	4291318	cmp-a001-02-000000010432615	grp-a001-02-000000064422129	황성주영양식	nad-a001-02-000000494209020	bsn-a001-00-000000013604308	07	18	8753	M	1	0	0	1	0
20260708	4291318	cmp-a001-02-000000010432615	grp-a001-02-000000064422129	황성주생식	nad-a001-02-000000494208911	bsn-a001-00-000000013604308	07	18	8753	M	2	0	0	6	0
20260708	4291318	cmp-a001-02-000000010432615	grp-a001-02-000000064422129	황성주생식영양식	nad-a001-02-000000494208910	bsn-a001-00-000000013604308	07	02	8753	M	1	0	0	1	0
20260708	4291318	cmp-a001-02-000000010432615	grp-a001-02-000000064422129	황성주생식	nad-a001-02-000000494208911	bsn-a001-00-000000013604308	07	99	8753	M	1	0	0	3	0
20260708	4291318	cmp-a001-02-000000010432615	grp-a001-02-000000064422129	황성주라이프밀	nad-a001-02-000000494208910	bsn-a001-00-000000013604308	07	02	684925	P	1	0	0	1	0
20260708	4291318	cmp-a001-02-000000010432615	grp-a001-02-000000064422129	황성주생식	nad-a001-02-000000494208911	bsn-a001-00-000000013604308	07	15	8753	M	2	0	0	6	0
20260708	4291318	cmp-a001-02-000000010432615	grp-a001-02-000000064422129	황성주생식라이프밀	nad-a001-02-000000494209021	bsn-a001-00-000000013604308	07	02	8753	M	7	1	883	14	0
20260708	4291318	cmp-a001-02-000000010432615	grp-a001-02-000000064422129	황성주1일1생식라이프밀	nad-a001-02-000000494209021	bsn-a001-00-000000013604308	07	03	8753	M	1	0	0	2	0
20260708	4291318	cmp-a001-02-000000010432615	grp-a001-02-000000064422129	황성주생식	nad-a001-02-000000494208910	bsn-a001-00-000000013604308	07	02	684924	M	1	0	0	1	0
20260708	4291318	cmp-a001-02-000000010432615	grp-a001-02-000000064422129	스토어	nad-a001-02-000000494208910	bsn-a001-00-000000013604308	07	13	98128	M	2	0	0	4	0
20260708	4291318	cmp-a001-02-000000010432615	grp-a001-02-000000064422129	황성주생식	nad-a001-02-000000494209022	bsn-a001-00-000000013604308	07	15	8753	M	1	0	0	4	0
20260708	4291318	cmp-a001-02-000000010432615	grp-a001-02-000000064422129	황성주생식라이프밀	nad-a001-02-000000494209022	bsn-a001-00-000000013604308	07	18	8753	M	1	0	0	4	0
20260708	4291318	cmp-a001-02-000000010432615	grp-a001-02-000000064422129	황성주생식	nad-a001-02-000000494208910	bsn-a001-00-000000013604308	07	08	8753	M	2	1	1295	2	0
20260708	4291318	cmp-a001-02-000000010432615	grp-a001-02-000000064422129	황성주생식	nad-a001-02-000000494209022	bsn-a001-00-000000013604308	07	02	8753	M	1	0	0	4	0
20260708	4291318	cmp-a001-02-000000010432615	grp-a001-02-000000064422129	황성주생식	nad-a001-02-000000494209021	bsn-a001-00-000000013604308	07	08	8753	M	2	0	0	4	0
20260708	4291318	cmp-a001-02-000000010432615	grp-a001-02-000000064422129	황성주생식	nad-a001-02-000000494208910	bsn-a001-00-000000013604308	07	08	684924	M	1	0	0	1	0
20260708	4291318	cmp-a001-02-000000010432615	grp-a001-02-000000064422129	황성주생식	nad-a001-02-000000494208910	bsn-a001-00-000000013604308	07	07	8753	M	1	1	1295	1	0
20260708	4291318	cmp-a001-02-000000010432615	grp-a001-02-000000064422129	라이프밀	nad-a001-02-000000494208910	bsn-a001-00-000000013604308	07	02	8753	M	1	0	0	1	0
20260708	4291318	cmp-a001-02-000000010432615	grp-a001-02-000000064422129	황성주생식	nad-a001-02-000000494208910	bsn-a001-00-000000013604308	07	99	8753	M	1	1	2632	1	0
20260708	4291318	cmp-a001-02-000000010432615	grp-a001-02-000000064422129	황성주생식라이프밀	nad-a001-02-000000494208910	bsn-a001-00-000000013604308	07	02	33421	M	1	0	0	1	0
20260708	4291318	cmp-a001-02-000000010432615	grp-a001-02-000000064422129	황성주박사생식	nad-a001-02-000000494208910	bsn-a001-00-000000013604308	21	18	8753	M	1	0	0	1	0
20260708	4291318	cmp-a001-02-000000010432615	grp-a001-02-000000064422129	스토어	nad-a001-02-000000494208910	bsn-a001-00-000000013604308	21	13	335738	P	1	0	0	5	0
20260708	4291318	cmp-a001-02-000000010432615	grp-a001-02-000000064422129	생식가루	nad-a001-02-000000494208910	bsn-a001-00-000000013604308	21	02	8753	M	1	0	0	1	0
20260708	4291318	cmp-a001-02-000000010432615	grp-a001-02-000000064422129	생식가루	nad-a001-02-000000494208910	bsn-a001-00-000000013604308	21	15	8753	M	1	0	0	1	0
20260708	4291318	cmp-a001-02-000000010432615	grp-a001-02-000000064422129	황성주박사의1일1생식뉴밀+스페셜	nad-a001-02-000000494208910	bsn-a001-00-000000013604308	21	09	341898	M	1	0	0	1	0
20260708	4291318	cmp-a001-02-000000010432615	grp-a001-02-000000064422129	가루	nad-a001-02-000000494208910	bsn-a001-00-000000013604308	21	03	248824	P	3	0	0	3	0
20260708	4291318	cmp-a001-02-000000010432615	grp-a001-02-000000064422129	황성주생식	nad-a001-02-000000494208911	bsn-a001-00-000000013604308	21	04	8753	M	2	0	0	6	0
20260708	4291318	cmp-a001-02-000000010432615	grp-a001-02-000000064422129	스토어	nad-a001-02-000000494208910	bsn-a001-00-000000013604308	21	02	98128	M	44	0	0	176	0
20260708	4291318	cmp-a001-02-000000010432615	grp-a001-02-000000064422129	황성주생식	nad-a001-02-000000494208910	bsn-a001-00-000000013604308	21	03	8753	M	1	0	0	1	0
20260708	4291318	cmp-a001-02-000000010432615	grp-a001-02-000000064422129	시리얼	nad-a001-02-000000494208904	bsn-a001-00-000000013604308	21	09	529514	M	108	0	0	324	0
20260708	4291318	cmp-a001-02-000000010432615	grp-a001-02-000000064422129	황성주생식라이프밀	nad-a001-02-000000494208910	bsn-a001-00-000000013604308	21	11	684924	M	1	0	0	1	0
20260708	4291318	cmp-a001-02-000000010432615	grp-a001-02-000000064422129	황성주생식	nad-a001-02-000000494209022	bsn-a001-00-000000013604308	21	09	612594	M	1	0	0	4	0
20260708	4291318	cmp-a001-02-000000010432615	grp-a001-02-000000064422129	스토어	nad-a001-02-000000494208910	bsn-a001-00-000000013604308	21	03	98128	M	4	0	0	16	0
20260708	4291318	cmp-a001-02-000000010432615	grp-a001-02-000000064422129	황성주라이프밀	nad-a001-02-000000494209021	bsn-a001-00-000000013604308	21	03	8753	M	1	0	0	2	0
20260708	4291318	cmp-a001-02-000000010432615	grp-a001-02-000000064422129	시리얼	nad-a001-02-000000494208904	bsn-a001-00-000000013604308	21	00	529514	M	2	0	0	6	0
20260708	4291318	cmp-a001-02-000000010432615	grp-a001-02-000000064422129	황성주생식라이프밀	nad-a001-02-000000494209022	bsn-a001-00-000000013604308	21	11	8753	M	1	0	0	4	0
20260708	4291318	cmp-a001-02-000000010432615	grp-a001-02-000000064422129	황성주라이프밀	nad-a001-02-000000494209021	bsn-a001-00-000000013604308	21	02	8753	M	3	1	1486	6	0
20260708	4291318	cmp-a001-02-000000010432615	grp-a001-02-000000064422129	프로틴바	nad-a001-02-000000494208904	bsn-a001-00-000000013604308	21	15	529514	M	2	0	0	7	0
20260708	4291318	cmp-a001-02-000000010432615	grp-a001-02-000000064422129	스토어	nad-a001-02-000000494208910	bsn-a001-00-000000013604308	21	00	612593	P	1	0	0	20	0
20260708	4291318	cmp-a001-02-000000010432615	grp-a001-02-000000064422129	황성주생식	nad-a001-02-000000494209021	bsn-a001-00-000000013604308	21	15	8753	M	1	0	0	2	0
20260708	4291318	cmp-a001-02-000000010432615	grp-a001-02-000000064422129	스토어	nad-a001-02-000000494208910	bsn-a001-00-000000013604308	21	00	98128	M	2	0	0	5	0
20260708	4291318	cmp-a001-02-000000010432615	grp-a001-02-000000064422129	균형영양식	nad-a001-02-000000494209017	bsn-a001-00-000000013604308	21	13	529514	M	1	0	0	11	0
20260708	4291318	cmp-a001-02-000000010432615	grp-a001-02-000000064422129	시리얼	nad-a001-02-000000494208904	bsn-a001-00-000000013604308	21	04	529514	M	18	0	0	54	0
20260708	4291318	cmp-a001-02-000000010432615	grp-a001-02-000000064422129	스토어	nad-a001-02-000000494208910	bsn-a001-00-000000013604308	21	08	529514	M	7	0	0	7	0
20260708	4291318	cmp-a001-02-000000010432615	grp-a001-02-000000064422129	황성주라이프밀	nad-a001-02-000000494208911	bsn-a001-00-000000013604308	21	03	8753	M	1	0	0	3	0
20260708	4291318	cmp-a001-02-000000010432615	grp-a001-02-000000064422129	스토어	nad-a001-02-000000494208910	bsn-a001-00-000000013604308	21	11	98128	M	9	0	0	36	0
20260708	4291318	cmp-a001-02-000000010432615	grp-a001-02-000000064422129	동결건조나티아가루	nad-a001-02-000000494208910	bsn-a001-00-000000013604308	21	02	8753	M	1	0	0	4	0
20260708	4291318	cmp-a001-02-000000010432615	grp-a001-02-000000064422129	라이프밀	nad-a001-02-000000494208910	bsn-a001-00-000000013604308	21	02	529514	M	1	0	0	1	0
20260708	4291318	cmp-a001-02-000000010432615	grp-a001-02-000000064422129	식사대용선식	nad-a001-02-000000494209021	bsn-a001-00-000000013604308	21	08	370822	P	1	0	0	1	0
20260708	4291318	cmp-a001-02-000000010432615	grp-a001-02-000000064422129	스토어	nad-a001-02-000000494208910	bsn-a001-00-000000013604308	21	08	98128	M	17	0	0	68	0
20260708	4291318	cmp-a001-02-000000010432615	grp-a001-02-000000064422129	스토어	nad-a001-02-000000494208910	bsn-a001-00-000000013604308	21	15	98128	M	1	0	0	4	0
20260708	4291318	cmp-a001-02-000000010432615	grp-a001-02-000000064422129	시리얼	nad-a001-02-000000494208904	bsn-a001-00-000000013604308	21	08	529514	M	17	0	0	51	0
20260708	4291318	cmp-a001-02-000000010432615	grp-a001-02-000000064422129	황성주생식	nad-a001-02-000000494209021	bsn-a001-00-000000013604308	21	18	87620	M	1	0	0	2	0
20260708	4291318	cmp-a001-02-000000010432615	grp-a001-02-000000064422129	생식가루	nad-a001-02-000000494208910	bsn-a001-00-000000013604308	21	11	684924	M	1	0	0	1	0
20260708	4291318	cmp-a001-02-000000010432615	grp-a001-02-000000064422129	황성주라이프밀	nad-a001-02-000000494209022	bsn-a001-00-000000013604308	21	09	8753	M	1	0	0	4	0
20260708	4291318	cmp-a001-02-000000010432615	grp-a001-02-000000064422129	단백질바	nad-a001-02-000000494208904	bsn-a001-00-000000013604308	21	99	529514	M	3	0	0	11	0
20260708	4291318	cmp-a001-02-000000010432615	grp-a001-02-000000064422129	균형영양식	nad-a001-02-000000494209017	bsn-a001-00-000000013604308	21	99	529514	M	1	0	0	13	0
20260708	4291318	cmp-a001-02-000000010432615	grp-a001-02-000000064422129	황성주생식	nad-a001-02-000000494209021	bsn-a001-00-000000013604308	21	03	8753	M	1	0	0	2	0
20260708	4291318	cmp-a001-02-000000010432615	grp-a001-02-000000064422129	황성주생식	nad-a001-02-000000494208911	bsn-a001-00-000000013604308	21	09	612594	M	1	0	0	3	0
20260708	4291318	cmp-a001-02-000000010432615	grp-a001-02-000000064422129	황성주생식	nad-a001-02-000000494209022	bsn-a001-00-000000013604308	21	02	8753	M	3	0	0	12	0
20260708	4291318	cmp-a001-02-000000010432615	grp-a001-02-000000064422129	단백질바	nad-a001-02-000000494208904	bsn-a001-00-000000013604308	21	00	684927	P	1	0	0	24	0
20260708	4291318	cmp-a001-02-000000010432615	grp-a001-02-000000064422129	황성주제품	nad-a001-02-000000494209013	bsn-a001-00-000000013604308	21	03	8753	M	1	0	0	3	0
20260708	4291318	cmp-a001-02-000000010432615	grp-a001-02-000000064422129	시리얼	nad-a001-02-000000494208904	bsn-a001-00-000000013604308	21	13	529514	M	8	0	0	24	0
20260708	4291318	cmp-a001-02-000000010432615	grp-a001-02-000000064422129	라이프밀	nad-a001-02-000000494208911	bsn-a001-00-000000013604308	21	02	529514	M	2	0	0	5	0
20260708	4291318	cmp-a001-02-000000010432615	grp-a001-02-000000064422129	황성주생식라이프밀	nad-a001-02-000000494209021	bsn-a001-00-000000013604308	21	09	8753	M	2	0	0	4	0
20260708	4291318	cmp-a001-02-000000010432615	grp-a001-02-000000064422129	황성주생식	nad-a001-02-000000494208910	bsn-a001-00-000000013604308	21	02	8753	M	3	0	0	3	0
20260708	4291318	cmp-a001-02-000000010432615	grp-a001-02-000000064422129	황성주라이프밀	nad-a001-02-000000494209022	bsn-a001-00-000000013604308	21	02	8753	M	3	0	0	12	0
20260708	4291318	cmp-a001-02-000000010432615	grp-a001-02-000000064422129	라이프밀	nad-a001-02-000000494209021	bsn-a001-00-000000013604308	21	02	529514	M	2	0	0	3	0
20260708	4291318	cmp-a001-02-000000010432615	grp-a001-02-000000064422129	황성주생식	nad-a001-02-000000494208910	bsn-a001-00-000000013604308	21	09	684924	M	1	0	0	1	0
20260708	4291318	cmp-a001-02-000000010432615	grp-a001-02-000000064422129	스토어	nad-a001-02-000000494208910	bsn-a001-00-000000013604308	21	17	98128	M	2	0	0	8	0
20260708	4291318	cmp-a001-02-000000010432615	grp-a001-02-000000064422129	황성주생식	nad-a001-02-000000494208910	bsn-a001-00-000000013604308	21	02	529514	M	1	0	0	1	0
20260708	4291318	cmp-a001-02-000000010432615	grp-a001-02-000000064422129	프로틴바	nad-a001-02-000000494208904	bsn-a001-00-000000013604308	21	01	529514	M	2	0	0	10	0
20260708	4291318	cmp-a001-02-000000010432615	grp-a001-02-000000064422129	균형영양식	nad-a001-02-000000494209017	bsn-a001-00-000000013604308	21	02	529514	M	3	0	0	39	0
20260708	4291318	cmp-a001-02-000000010432615	grp-a001-02-000000064422129	프로틴바	nad-a001-02-000000494208904	bsn-a001-00-000000013604308	21	09	529514	M	9	0	0	40	0
20260708	4291318	cmp-a001-02-000000010432615	grp-a001-02-000000064422129	스토어	nad-a001-02-000000494208910	bsn-a001-00-000000013604308	21	11	335738	P	1	0	0	5	0
20260708	4291318	cmp-a001-02-000000010432615	grp-a001-02-000000064422129	스토어	nad-a001-02-000000494208910	bsn-a001-00-000000013604308	21	18	98128	M	12	0	0	48	0
20260708	4291318	cmp-a001-02-000000010432615	grp-a001-02-000000064422129	시리얼	nad-a001-02-000000494208904	bsn-a001-00-000000013604308	21	10	529514	M	9	0	0	27	0
20260708	4291318	cmp-a001-02-000000010432615	grp-a001-02-000000064422129	이롬황성주생식	nad-a001-02-000000494208911	bsn-a001-00-000000013604308	21	13	684926	M	1	1	732	1	0
20260708	4291318	cmp-a001-02-000000010432615	grp-a001-02-000000064422129	황성주라이프밀	nad-a001-02-000000494209021	bsn-a001-00-000000013604308	21	02	341893	M	1	0	0	1	0
20260708	4291318	cmp-a001-02-000000010432615	grp-a001-02-000000064422129	단백질바	nad-a001-02-000000494208904	bsn-a001-00-000000013604308	21	08	529514	M	4	0	0	14	0
20260708	4291318	cmp-a001-02-000000010432615	grp-a001-02-000000064422129	황성주박사생식	nad-a001-02-000000494208911	bsn-a001-00-000000013604308	21	18	8753	M	1	0	0	3	0
20260708	4291318	cmp-a001-02-000000010432615	grp-a001-02-000000064422129	스토어	nad-a001-02-000000494208910	bsn-a001-00-000000013604308	21	04	98128	M	6	0	0	24	0
20260708	4291318	cmp-a001-02-000000010432615	grp-a001-02-000000064422129	황성주생식	nad-a001-02-000000494209021	bsn-a001-00-000000013604308	21	09	8753	M	4	0	0	10	0
20260708	4291318	cmp-a001-02-000000010432615	grp-a001-02-000000064422129	황성주박사생식	nad-a001-02-000000494209022	bsn-a001-00-000000013604308	21	18	8753	M	1	1	240	4	0
20260708	4291318	cmp-a001-02-000000010432615	grp-a001-02-000000064422129	황성주생식	nad-a001-02-000000494208910	bsn-a001-00-000000013604308	21	04	684924	M	1	0	0	1	0
20260708	4291318	cmp-a001-02-000000010432615	grp-a001-02-000000064422129	인간단성생식	nad-a001-02-000000494208910	bsn-a001-00-000000013604308	21	04	8753	M	1	0	0	1	0
20260708	4291318	cmp-a001-02-000000010432615	grp-a001-02-000000064422129	황성주생식	nad-a001-02-000000494209022	bsn-a001-00-000000013604308	21	18	87620	M	1	0	0	4	0
20260708	4291318	cmp-a001-02-000000010432615	grp-a001-02-000000064422129	황성주생식	nad-a001-02-000000494208911	bsn-a001-00-000000013604308	21	09	529514	M	2	0	0	5	0
20260708	4291318	cmp-a001-02-000000010432615	grp-a001-02-000000064422129	황성주생식	nad-a001-02-000000494208910	bsn-a001-00-000000013604308	21	15	8753	M	1	0	0	1	0
20260708	4291318	cmp-a001-02-000000010432615	grp-a001-02-000000064422129	스토어	nad-a001-02-000000494208910	bsn-a001-00-000000013604308	21	09	335738	P	2	0	0	6	0
20260708	4291318	cmp-a001-02-000000010432615	grp-a001-02-000000064422129	시리얼	nad-a001-02-000000494208904	bsn-a001-00-000000013604308	21	06	529514	M	21	0	0	63	0
20260708	4291318	cmp-a001-02-000000010432615	grp-a001-02-000000064422129	황성주생식	nad-a001-02-000000494208910	bsn-a001-00-000000013604308	21	09	529514	M	6	0	0	6	0
20260708	4291318	cmp-a001-02-000000010432615	grp-a001-02-000000064422129	스토어	nad-a001-02-000000494208910	bsn-a001-00-000000013604308	21	06	335738	P	1	0	0	1	0
20260708	4291318	cmp-a001-02-000000010432615	grp-a001-02-000000064422129	황성주라이프밀	nad-a001-02-000000494209021	bsn-a001-00-000000013604308	21	99	8753	M	1	0	0	2	0
20260708	4291318	cmp-a001-02-000000010432615	grp-a001-02-000000064422129	목포황성주생식	nad-a001-02-000000494209021	bsn-a001-00-000000013604308	21	09	8753	M	1	0	0	2	0
20260708	4291318	cmp-a001-02-000000010432615	grp-a001-02-000000064422129	황성주생식	nad-a001-02-000000494208911	bsn-a001-00-000000013604308	21	03	8753	M	1	0	0	3	0
20260708	4291318	cmp-a001-02-000000010432615	grp-a001-02-000000064422129	황성주박사생식	nad-a001-02-000000494209021	bsn-a001-00-000000013604308	21	18	8753	M	1	0	0	2	0
20260708	4291318	cmp-a001-02-000000010432615	grp-a001-02-000000064422129	스토어	nad-a001-02-000000494208910	bsn-a001-00-000000013604308	21	13	98128	M	8	0	0	32	0
20260708	4291318	cmp-a001-02-000000010432615	grp-a001-02-000000064422129	스토어	nad-a001-02-000000494208910	bsn-a001-00-000000013604308	21	16	98128	M	3	0	0	12	0
20260708	4291318	cmp-a001-02-000000010432615	grp-a001-02-000000064422129	황성주생식	nad-a001-02-000000494208911	bsn-a001-00-000000013604308	21	08	8753	M	1	0	0	3	0
20260708	4291318	cmp-a001-02-000000010432615	grp-a001-02-000000064422129	프로틴바	nad-a001-02-000000494208904	bsn-a001-00-000000013604308	21	99	529514	M	14	0	0	55	0
20260708	4291318	cmp-a001-02-000000010432615	grp-a001-02-000000064422129	황성주이롬생식	nad-a001-02-000000494208911	bsn-a001-00-000000013604308	21	04	684926	M	2	0	0	2	0
20260708	4291318	cmp-a001-02-000000010432615	grp-a001-02-000000064422129	스토어	nad-a001-02-000000494208910	bsn-a001-00-000000013604308	21	09	98128	M	71	0	0	284	0
20260708	4291318	cmp-a001-02-000000010432615	grp-a001-02-000000064422129	시리얼	nad-a001-02-000000494208904	bsn-a001-00-000000013604308	21	15	529514	M	18	0	0	54	0
20260708	4291318	cmp-a001-02-000000010432615	grp-a001-02-000000064422129	황성주제품	nad-a001-02-000000494209017	bsn-a001-00-000000013604308	21	03	684924	M	1	0	0	1	0
20260708	4291318	cmp-a001-02-000000010432615	grp-a001-02-000000064422129	생식가루	nad-a001-02-000000494208910	bsn-a001-00-000000013604308	21	11	8753	M	1	0	0	1	0
20260708	4291318	cmp-a001-02-000000010432615	grp-a001-02-000000064422129	황성주생식	nad-a001-02-000000494208911	bsn-a001-00-000000013604308	21	10	8753	M	1	0	0	3	0
20260708	4291318	cmp-a001-02-000000010432615	grp-a001-02-000000064422129	황성주생식라이프밀	nad-a001-02-000000494208911	bsn-a001-00-000000013604308	21	11	8753	M	1	0	0	3	0
20260708	4291318	cmp-a001-02-000000010432615	grp-a001-02-000000064422129	황성주생식	nad-a001-02-000000494209021	bsn-a001-00-000000013604308	21	09	529514	M	1	0	0	2	0
20260708	4291318	cmp-a001-02-000000010432615	grp-a001-02-000000064422129	시리얼	nad-a001-02-000000494208904	bsn-a001-00-000000013604308	21	14	529514	M	7	0	0	21	0
20260708	4291318	cmp-a001-02-000000010432615	grp-a001-02-000000064422129	황성주생식라이프밀	nad-a001-02-000000494208910	bsn-a001-00-000000013604308	21	11	8753	M	1	0	0	1	0
20260708	4291318	cmp-a001-02-000000010432615	grp-a001-02-000000064422129	황성주생식	nad-a001-02-000000494208910	bsn-a001-00-000000013604308	21	15	684924	M	1	1	1596	1	0
20260708	4291318	cmp-a001-02-000000010432615	grp-a001-02-000000064422129	황성주생식	nad-a001-02-000000494208910	bsn-a001-00-000000013604308	21	09	612594	M	1	0	0	1	0
20260708	4291318	cmp-a001-02-000000010432615	grp-a001-02-000000064422129	황성주라이프밀	nad-a001-02-000000494209022	bsn-a001-00-000000013604308	21	99	8753	M	1	0	0	4	0
20260708	4291318	cmp-a001-02-000000010432615	grp-a001-02-000000064422129	시리얼	nad-a001-02-000000494208904	bsn-a001-00-000000013604308	21	11	529514	M	17	0	0	51	0
20260708	4291318	cmp-a001-02-000000010432615	grp-a001-02-000000064422129	목포황성주생식	nad-a001-02-000000494208911	bsn-a001-00-000000013604308	21	09	8753	M	1	0	0	3	0
20260708	4291318	cmp-a001-02-000000010432615	grp-a001-02-000000064422129	황성주생식라이프밀	nad-a001-02-000000494209021	bsn-a001-00-000000013604308	21	11	8753	M	1	0	0	2	0
20260708	4291318	cmp-a001-02-000000010432615	grp-a001-02-000000064422129	스토어	nad-a001-02-000000494208910	bsn-a001-00-000000013604308	21	03	805759	P	1	0	0	2	0
20260708	4291318	cmp-a001-02-000000010432615	grp-a001-02-000000064422129	균형영양식	nad-a001-02-000000494209017	bsn-a001-00-000000013604308	21	02	87620	M	1	0	0	5	0
20260708	4291318	cmp-a001-02-000000010432615	grp-a001-02-000000064422129	황성주생식	nad-a001-02-000000494209021	bsn-a001-00-000000013604308	21	02	8753	M	3	0	0	6	0
20260708	4291318	cmp-a001-02-000000010432615	grp-a001-02-000000064422129	황성주생식	nad-a001-02-000000494209022	bsn-a001-00-000000013604308	21	09	8753	M	2	0	0	8	0
20260708	4291318	cmp-a001-02-000000010432615	grp-a001-02-000000064422129	씨리얼	nad-a001-02-000000494208904	bsn-a001-00-000000013604308	21	18	529514	M	4	0	0	20	0
20260708	4291318	cmp-a001-02-000000010432615	grp-a001-02-000000064422129	황성주생식	nad-a001-02-000000494208911	bsn-a001-00-000000013604308	21	02	529514	M	1	0	0	2	0
20260708	4291318	cmp-a001-02-000000010432615	grp-a001-02-000000064422129	시리얼	nad-a001-02-000000494208904	bsn-a001-00-000000013604308	21	16	529514	M	7	0	0	21	0
20260708	4291318	cmp-a001-02-000000010432615	grp-a001-02-000000064422129	황성주제품	nad-a001-02-000000494209020	bsn-a001-00-000000013604308	21	03	8753	M	1	0	0	1	0
20260708	4291318	cmp-a001-02-000000010432615	grp-a001-02-000000064422129	생식가루	nad-a001-02-000000494208910	bsn-a001-00-000000013604308	21	02	684924	M	1	0	0	1	0
20260708	4291318	cmp-a001-02-000000010432615	grp-a001-02-000000064422129	스토어	nad-a001-02-000000494208910	bsn-a001-00-000000013604308	21	07	98128	M	4	0	0	16	0
20260708	4291318	cmp-a001-02-000000010432615	grp-a001-02-000000064422129	황성주생식	nad-a001-02-000000494209022	bsn-a001-00-000000013604308	21	09	529514	M	6	0	0	15	0
20260708	4291318	cmp-a001-02-000000010432615	grp-a001-02-000000064422129	단백질바	nad-a001-02-000000494208904	bsn-a001-00-000000013604308	21	09	529514	M	8	0	0	31	0
20260708	4291318	cmp-a001-02-000000010432615	grp-a001-02-000000064422129	가루	nad-a001-02-000000494209021	bsn-a001-00-000000013604308	21	03	248824	P	3	0	0	12	0
20260708	4291318	cmp-a001-02-000000010432615	grp-a001-02-000000064422129	스토어	nad-a001-02-000000494208910	bsn-a001-00-000000013604308	21	01	98128	M	9	0	0	36	0
20260708	4291318	cmp-a001-02-000000010432615	grp-a001-02-000000064422129	스토어	nad-a001-02-000000494208910	bsn-a001-00-000000013604308	21	16	335738	P	3	0	0	13	0
20260708	4291318	cmp-a001-02-000000010432615	grp-a001-02-000000064422129	스토어	nad-a001-02-000000494208910	bsn-a001-00-000000013604308	21	18	335738	P	1	0	0	2	0
20260708	4291318	cmp-a001-02-000000010432615	grp-a001-02-000000064422129	스토어	nad-a001-02-000000494208910	bsn-a001-00-000000013604308	21	99	98128	M	36	0	0	144	0
20260708	4291318	cmp-a001-02-000000010432615	grp-a001-02-000000064422129	스토어	nad-a001-02-000000494208910	bsn-a001-00-000000013604308	21	03	335738	P	2	0	0	3	0
20260708	4291318	cmp-a001-02-000000010432615	grp-a001-02-000000064422129	황성주생식	nad-a001-02-000000494208911	bsn-a001-00-000000013604308	21	02	8753	M	3	0	0	9	0
20260708	4291318	cmp-a001-02-000000010432615	grp-a001-02-000000064422129	단백질바	nad-a001-02-000000494208904	bsn-a001-00-000000013604308	21	01	529514	M	4	0	0	15	0
20260708	4291318	cmp-a001-02-000000010432615	grp-a001-02-000000064422129	황성주라이프밀	nad-a001-02-000000494208910	bsn-a001-00-000000013604308	21	09	8753	M	4	0	0	4	0
20260708	4291318	cmp-a001-02-000000010432615	grp-a001-02-000000064422129	황성주제품	nad-a001-02-000000494209017	bsn-a001-00-000000013604308	21	03	8753	M	1	0	0	2	0
20260708	4291318	cmp-a001-02-000000010432615	grp-a001-02-000000064422129	황성주생식	nad-a001-02-000000494208911	bsn-a001-00-000000013604308	21	09	8753	M	4	1	1171	14	0
20260708	4291318	cmp-a001-02-000000010432615	grp-a001-02-000000064422129	황성주생식	nad-a001-02-000000494208911	bsn-a001-00-000000013604308	21	18	87620	M	1	0	0	3	0
20260708	4291318	cmp-a001-02-000000010432615	grp-a001-02-000000064422129	황성주라이프밀	nad-a001-02-000000494208910	bsn-a001-00-000000013604308	21	03	684924	M	1	0	0	1	0
20260708	4291318	cmp-a001-02-000000010432615	grp-a001-02-000000064422129	황성주라이프밀	nad-a001-02-000000494208910	bsn-a001-00-000000013604308	21	02	8753	M	3	0	0	3	0
20260708	4291318	cmp-a001-02-000000010432615	grp-a001-02-000000064422129	가루	nad-a001-02-000000494208910	bsn-a001-00-000000013604308	21	02	609155	M	1	0	0	1	0
20260708	4291318	cmp-a001-02-000000010432615	grp-a001-02-000000064422129	균형영양식	nad-a001-02-000000494209017	bsn-a001-00-000000013604308	21	09	529514	M	4	0	0	52	0
20260708	4291318	cmp-a001-02-000000010432615	grp-a001-02-000000064422129	황성주라이프밀	nad-a001-02-000000494208910	bsn-a001-00-000000013604308	21	03	8753	M	1	0	0	1	0
20260708	4291318	cmp-a001-02-000000010432615	grp-a001-02-000000064422129	황성주라이프밀	nad-a001-02-000000494208911	bsn-a001-00-000000013604308	21	09	8753	M	4	0	0	12	0
20260708	4291318	cmp-a001-02-000000010432615	grp-a001-02-000000064422129	시리얼	nad-a001-02-000000494208904	bsn-a001-00-000000013604308	21	18	529514	M	26	0	0	78	0
20260708	4291318	cmp-a001-02-000000010432615	grp-a001-02-000000064422129	황성주생식	nad-a001-02-000000494209022	bsn-a001-00-000000013604308	21	04	8753	M	2	0	0	9	0
20260708	4291318	cmp-a001-02-000000010432615	grp-a001-02-000000064422129	황성주생식	nad-a001-02-000000494208910	bsn-a001-00-000000013604308	21	08	8753	M	1	0	0	1	0
20260708	4291318	cmp-a001-02-000000010432615	grp-a001-02-000000064422129	목포황성주생식	nad-a001-02-000000494208910	bsn-a001-00-000000013604308	21	09	8753	M	1	0	0	1	0
20260708	4291318	cmp-a001-02-000000010432615	grp-a001-02-000000064422129	황성주생식	nad-a001-02-000000494209021	bsn-a001-00-000000013604308	21	04	8753	M	2	0	0	4	0
20260708	4291318	cmp-a001-02-000000010432615	grp-a001-02-000000064422129	시리얼	nad-a001-02-000000494208904	bsn-a001-00-000000013604308	21	17	529514	M	4	0	0	12	0
20260708	4291318	cmp-a001-02-000000010432615	grp-a001-02-000000064422129	스토어	nad-a001-02-000000494208910	bsn-a001-00-000000013604308	21	02	137281	M	3	0	0	3	0
20260708	4291318	cmp-a001-02-000000010432615	grp-a001-02-000000064422129	생식가루	nad-a001-02-000000494209021	bsn-a001-00-000000013604308	21	02	8753	M	1	0	0	4	0
20260708	4291318	cmp-a001-02-000000010432615	grp-a001-02-000000064422129	시리얼	nad-a001-02-000000494208904	bsn-a001-00-000000013604308	21	02	529514	M	97	0	0	291	0
20260708	4291318	cmp-a001-02-000000010432615	grp-a001-02-000000064422129	황성주생식라이프밀	nad-a001-02-000000494208910	bsn-a001-00-000000013604308	21	09	8753	M	2	0	0	2	0
20260708	4291318	cmp-a001-02-000000010432615	grp-a001-02-000000064422129	황성주생식라이프밀	nad-a001-02-000000494209022	bsn-a001-00-000000013604308	21	09	8753	M	2	0	0	8	0
20260708	4291318	cmp-a001-02-000000010432615	grp-a001-02-000000064422129	스토어	nad-a001-02-000000494208910	bsn-a001-00-000000013604308	21	06	98128	M	7	0	0	28	0
20260708	4291318	cmp-a001-02-000000010432615	grp-a001-02-000000064422129	스토어	nad-a001-02-000000494208910	bsn-a001-00-000000013604308	21	10	98128	M	2	0	0	8	0
20260708	4291318	cmp-a001-02-000000010432615	grp-a001-02-000000064422129	이롬생식	nad-a001-02-000000494208911	bsn-a001-00-000000013604308	21	04	684926	M	1	0	0	1	0
20260708	4291318	cmp-a001-02-000000010432615	grp-a001-02-000000064422129	씨리얼	nad-a001-02-000000494208904	bsn-a001-00-000000013604308	21	09	529514	M	1	0	0	5	0
20260708	4291318	cmp-a001-02-000000010432615	grp-a001-02-000000064422129	황성주라이프밀	nad-a001-02-000000494209022	bsn-a001-00-000000013604308	21	03	8753	M	1	0	0	4	0
20260708	4291318	cmp-a001-02-000000010432615	grp-a001-02-000000064422129	시리얼	nad-a001-02-000000494208904	bsn-a001-00-000000013604308	21	03	529514	M	23	0	0	69	0
20260708	4291318	cmp-a001-02-000000010432615	grp-a001-02-000000064422129	황성주생식	nad-a001-02-000000494209021	bsn-a001-00-000000013604308	21	09	612594	M	1	0	0	2	0
20260708	4291318	cmp-a001-02-000000010432615	grp-a001-02-000000064422129	스토어	nad-a001-02-000000494208910	bsn-a001-00-000000013604308	21	10	335738	P	1	0	0	2	0
20260708	4291318	cmp-a001-02-000000010432615	grp-a001-02-000000064422129	황성주생식라이프밀	nad-a001-02-000000494208911	bsn-a001-00-000000013604308	21	09	8753	M	2	0	0	6	0
20260708	4291318	cmp-a001-02-000000010432615	grp-a001-02-000000064422129	시리얼	nad-a001-02-000000494208904	bsn-a001-00-000000013604308	21	99	529514	M	52	0	0	156	0
20260708	4291318	cmp-a001-02-000000010432615	grp-a001-02-000000064422129	식품브랜드콜라보레이션	nad-a001-02-000000494208910	bsn-a001-00-000000013604308	21	02	27758	P	1	0	0	1	0
20260708	4291318	cmp-a001-02-000000010432615	grp-a001-02-000000064422129	시리얼	nad-a001-02-000000494208904	bsn-a001-00-000000013604308	21	07	529514	M	11	0	0	33	0
20260708	4291318	cmp-a001-02-000000010432615	grp-a001-02-000000064422129	가루동결건조나티아	nad-a001-02-000000494208910	bsn-a001-00-000000013604308	21	09	8753	M	1	0	0	4	0
20260708	4291318	cmp-a001-02-000000010432615	grp-a001-02-000000064422129	시리얼	nad-a001-02-000000494208904	bsn-a001-00-000000013604308	21	01	529514	M	4	0	0	12	0
20260708	4291318	cmp-a001-02-000000010432615	grp-a001-02-000000064422129	생식가루효능	nad-a001-02-000000494208910	bsn-a001-00-000000013604308	21	15	8753	M	2	0	0	2	0
20260708	4291318	cmp-a001-02-000000010432615	grp-a001-02-000000064422129	생식가루	nad-a001-02-000000494208910	bsn-a001-00-000000013604308	21	15	684924	M	1	0	0	1	0
20260708	4291318	cmp-a001-02-000000010432615	grp-a001-02-000000064422129	황성주라이프밀	nad-a001-02-000000494209021	bsn-a001-00-000000013604308	21	09	8753	M	4	0	0	8	0
20260708	4291318	cmp-a001-02-000000010432615	grp-a001-02-000000064422129	황성주라이프밀	nad-a001-02-000000494208910	bsn-a001-00-000000013604308	21	99	8753	M	1	0	0	1	0
20260708	4291318	cmp-a001-02-000000010432615	grp-a001-02-000000064422129	황성주생식	nad-a001-02-000000494208910	bsn-a001-00-000000013604308	21	10	8753	M	1	0	0	1	0
20260708	4291318	cmp-a001-02-000000010432615	grp-a001-02-000000064422129	단백질바	nad-a001-02-000000494208904	bsn-a001-00-000000013604308	21	02	529514	M	10	0	0	44	0
20260708	4291318	cmp-a001-02-000000010432615	grp-a001-02-000000064422129	황성주생식	nad-a001-02-000000494209022	bsn-a001-00-000000013604308	21	10	8753	M	1	0	0	4	0
20260708	4291318	cmp-a001-02-000000010432615	grp-a001-02-000000064422129	황성주생식	nad-a001-02-000000494209021	bsn-a001-00-000000013604308	21	10	8753	M	1	0	0	2	0
20260708	4291318	cmp-a001-02-000000010432615	grp-a001-02-000000064422129	황성주생식	nad-a001-02-000000494208910	bsn-a001-00-000000013604308	21	09	8753	M	4	0	0	4	0
20260708	4291318	cmp-a001-02-000000010432615	grp-a001-02-000000064422129	영양식	nad-a001-02-000000494209017	bsn-a001-00-000000013604308	21	09	529514	M	1	0	0	11	0
20260708	4291318	cmp-a001-02-000000010432615	grp-a001-02-000000064422129	황성주생식	nad-a001-02-000000494209021	bsn-a001-00-000000013604308	21	08	8753	M	1	0	0	2	0
20260708	4291318	cmp-a001-02-000000010432615	grp-a001-02-000000064422129	황성주생식	nad-a001-02-000000494209022	bsn-a001-00-000000013604308	21	15	8753	M	1	0	0	4	0
20260708	4291318	cmp-a001-02-000000010432615	grp-a001-02-000000064422129	황성주라이프밀	nad-a001-02-000000494208911	bsn-a001-00-000000013604308	21	99	8753	M	1	0	0	3	0
20260708	4291318	cmp-a001-02-000000010432615	grp-a001-02-000000064422129	황성주생식	nad-a001-02-000000494209022	bsn-a001-00-000000013604308	21	03	8753	M	1	1	783	4	0
20260708	4291318	cmp-a001-02-000000010432615	grp-a001-02-000000064422129	황성주생식	nad-a001-02-000000494208910	bsn-a001-00-000000013604308	21	04	8753	M	2	0	0	2	0
20260708	4291318	cmp-a001-02-000000010432615	grp-a001-02-000000064422129	황성주생식	nad-a001-02-000000494208910	bsn-a001-00-000000013604308	21	18	87620	M	1	0	0	1	0
20260708	4291318	cmp-a001-02-000000010432615	grp-a001-02-000000064422129	황성주생식	nad-a001-02-000000494208911	bsn-a001-00-000000013604308	21	15	8753	M	1	0	0	3	0
20260708	4291318	cmp-a001-02-000000010432615	grp-a001-02-000000064422129	황성주라이프밀	nad-a001-02-000000494208911	bsn-a001-00-000000013604308	21	02	8753	M	3	0	0	9	0
20260708	4291318	cmp-a001-02-000000010432615	grp-a001-02-000000064422129	프로틴바	nad-a001-02-000000494208904	bsn-a001-00-000000013604308	21	02	529514	M	4	0	0	16	0
20260708	4291318	cmp-a001-02-000000010432615	grp-a001-02-000000064422129	황성주생식	nad-a001-02-000000494209022	bsn-a001-00-000000013604308	21	08	8753	M	1	0	0	4	0
20260708	4291318	cmp-a001-02-000000010432615	grp-a001-02-000000064422129	단백질바	nad-a001-02-000000494208904	bsn-a001-00-000000013604308	21	16	529514	M	2	0	0	7	0
20260708	4291318	cmp-a001-02-000000010432615	grp-a001-02-000000064422129	스토어	nad-a001-02-000000494208910	bsn-a001-00-000000013604308	21	02	335738	P	7	0	0	12	0
20260708	4291318	cmp-a001-02-000000010432615	grp-a001-02-000000064422129	시리얼	nad-a001-02-000000494208904	bsn-a001-00-000000013604308	14	04	529514	M	16	0	0	48	0
20260708	4291318	cmp-a001-02-000000010432615	grp-a001-02-000000064422129	영양식	nad-a001-02-000000494209017	bsn-a001-00-000000013604308	14	09	529514	M	1	0	0	11	0
20260708	4291318	cmp-a001-02-000000010432615	grp-a001-02-000000064422129	생식가루	nad-a001-02-000000494208910	bsn-a001-00-000000013604308	14	03	684924	M	2	0	0	2	0
20260708	4291318	cmp-a001-02-000000010432615	grp-a001-02-000000064422129	균형영양식	nad-a001-02-000000494209017	bsn-a001-00-000000013604308	14	09	87620	M	1	0	0	4	0
20260708	4291318	cmp-a001-02-000000010432615	grp-a001-02-000000064422129	황성주생식	nad-a001-02-000000494209021	bsn-a001-00-000000013604308	14	15	612594	M	1	0	0	2	0
20260708	4291318	cmp-a001-02-000000010432615	grp-a001-02-000000064422129	분말	nad-a001-02-000000494208910	bsn-a001-00-000000013604308	14	02	27758	P	1	0	0	1	0
20260708	4291318	cmp-a001-02-000000010432615	grp-a001-02-000000064422129	황성주라이프밀	nad-a001-02-000000494209022	bsn-a001-00-000000013604308	14	09	23123	P	1	0	0	8	0
20260708	4291318	cmp-a001-02-000000010432615	grp-a001-02-000000064422129	시리얼	nad-a001-02-000000494208904	bsn-a001-00-000000013604308	14	11	529514	M	17	0	0	51	0
20260708	4291318	cmp-a001-02-000000010432615	grp-a001-02-000000064422129	황성주라이프밀	nad-a001-02-000000494209022	bsn-a001-00-000000013604308	14	09	791889	P	1	0	0	7	0
20260708	4291318	cmp-a001-02-000000010432615	grp-a001-02-000000064422129	황성주생식라이프밀	nad-a001-02-000000494208911	bsn-a001-00-000000013604308	14	08	612594	M	1	0	0	3	0
20260708	4291318	cmp-a001-02-000000010432615	grp-a001-02-000000064422129	스토어	nad-a001-02-000000494208910	bsn-a001-00-000000013604308	14	11	335738	P	1	0	0	4	0
20260708	4291318	cmp-a001-02-000000010432615	grp-a001-02-000000064422129	황성주생식	nad-a001-02-000000494208910	bsn-a001-00-000000013604308	14	15	612594	M	1	0	0	1	0
20260708	4291318	cmp-a001-02-000000010432615	grp-a001-02-000000064422129	시리얼	nad-a001-02-000000494208904	bsn-a001-00-000000013604308	14	01	529514	M	15	0	0	45	0
20260708	4291318	cmp-a001-02-000000010432615	grp-a001-02-000000064422129	분말	nad-a001-02-000000494208910	bsn-a001-00-000000013604308	14	00	612593	P	1	0	0	2	0
20260708	4291318	cmp-a001-02-000000010432615	grp-a001-02-000000064422129	황성주생식라이프밀	nad-a001-02-000000494209021	bsn-a001-00-000000013604308	14	08	612594	M	1	0	0	2	0
20260708	4291318	cmp-a001-02-000000010432615	grp-a001-02-000000064422129	황성주라이프밀	nad-a001-02-000000494208910	bsn-a001-00-000000013604308	14	09	11068	P	1	0	0	1	0
20260708	4291318	cmp-a001-02-000000010432615	grp-a001-02-000000064422129	황성주박사영양식	nad-a001-02-000000494209017	bsn-a001-00-000000013604308	14	03	8753	M	1	0	0	2	0
20260708	4291318	cmp-a001-02-000000010432615	grp-a001-02-000000064422129	시리얼	nad-a001-02-000000494208904	bsn-a001-00-000000013604308	14	03	529514	M	18	0	0	54	0
20260708	4291318	cmp-a001-02-000000010432615	grp-a001-02-000000064422129	스토어	nad-a001-02-000000494208910	bsn-a001-00-000000013604308	14	04	335738	P	1	0	0	1	0
20260708	4291318	cmp-a001-02-000000010432615	grp-a001-02-000000064422129	에프앤디	nad-a001-02-000000494208909	bsn-a001-00-000000013604308	14	09	684926	M	1	0	0	4	0
20260708	4291318	cmp-a001-02-000000010432615	grp-a001-02-000000064422129	황성주라이프밀	nad-a001-02-000000494208911	bsn-a001-00-000000013604308	14	13	8753	M	1	0	0	3	0
20260708	4291318	cmp-a001-02-000000010432615	grp-a001-02-000000064422129	라이프밀	nad-a001-02-000000494208910	bsn-a001-00-000000013604308	14	13	529514	M	1	0	0	1	0
20260708	4291318	cmp-a001-02-000000010432615	grp-a001-02-000000064422129	황성주박사1일생식	nad-a001-02-000000494208910	bsn-a001-00-000000013604308	14	02	684924	M	1	0	0	1	0
20260708	4291318	cmp-a001-02-000000010432615	grp-a001-02-000000064422129	황성주영양플러스	nad-a001-02-000000494209020	bsn-a001-00-000000013604308	14	01	27758	P	1	0	0	1	0
20260708	4291318	cmp-a001-02-000000010432615	grp-a001-02-000000064422129	씨리얼	nad-a001-02-000000494208904	bsn-a001-00-000000013604308	14	99	87620	M	1	0	0	7	0
20260708	4291318	cmp-a001-02-000000010432615	grp-a001-02-000000064422129	균형영양식	nad-a001-02-000000494209017	bsn-a001-00-000000013604308	14	02	529514	M	1	0	0	11	0
20260708	4291318	cmp-a001-02-000000010432615	grp-a001-02-000000064422129	프로틴바	nad-a001-02-000000494208904	bsn-a001-00-000000013604308	14	02	529514	M	49	0	0	251	0
20260708	4291318	cmp-a001-02-000000010432615	grp-a001-02-000000064422129	단백질바	nad-a001-02-000000494208904	bsn-a001-00-000000013604308	14	11	529514	M	2	0	0	8	0
20260708	4291318	cmp-a001-02-000000010432615	grp-a001-02-000000064422129	황성주생식	nad-a001-02-000000494209021	bsn-a001-00-000000013604308	14	00	633013	M	1	0	0	2	0
20260708	4291318	cmp-a001-02-000000010432615	grp-a001-02-000000064422129	시리얼	nad-a001-02-000000494208904	bsn-a001-00-000000013604308	14	18	529514	M	16	0	0	48	0
20260708	4291318	cmp-a001-02-000000010432615	grp-a001-02-000000064422129	황성주생식	nad-a001-02-000000494208911	bsn-a001-00-000000013604308	14	09	8753	M	3	0	0	9	0
20260708	4291318	cmp-a001-02-000000010432615	grp-a001-02-000000064422129	생식가루	nad-a001-02-000000494208911	bsn-a001-00-000000013604308	14	03	684926	M	1	0	0	3	0
20260708	4291318	cmp-a001-02-000000010432615	grp-a001-02-000000064422129	황성주생식	nad-a001-02-000000494209021	bsn-a001-00-000000013604308	14	06	8753	M	1	0	0	2	0
20260708	4291318	cmp-a001-02-000000010432615	grp-a001-02-000000064422129	영양식	nad-a001-02-000000494209017	bsn-a001-00-000000013604308	14	99	529514	M	1	0	0	11	0
20260708	4291318	cmp-a001-02-000000010432615	grp-a001-02-000000064422129	황성주생식	nad-a001-02-000000494209022	bsn-a001-00-000000013604308	14	09	8753	M	3	0	0	12	0
20260708	4291318	cmp-a001-02-000000010432615	grp-a001-02-000000064422129	황성주생식	nad-a001-02-000000494208911	bsn-a001-00-000000013604308	14	06	8753	M	1	0	0	3	0
20260708	4291318	cmp-a001-02-000000010432615	grp-a001-02-000000064422129	황성주생식	nad-a001-02-000000494209021	bsn-a001-00-000000013604308	14	15	805760	M	1	0	0	2	0
20260708	4291318	cmp-a001-02-000000010432615	grp-a001-02-000000064422129	스토어	nad-a001-02-000000494208910	bsn-a001-00-000000013604308	14	99	98128	M	24	0	0	99	0
20260708	4291318	cmp-a001-02-000000010432615	grp-a001-02-000000064422129	스토어	nad-a001-02-000000494208910	bsn-a001-00-000000013604308	14	10	98128	M	2	0	0	8	0
20260708	4291318	cmp-a001-02-000000010432615	grp-a001-02-000000064422129	라이프밀	nad-a001-02-000000494208910	bsn-a001-00-000000013604308	14	15	529514	M	1	0	0	1	0
20260708	4291318	cmp-a001-02-000000010432615	grp-a001-02-000000064422129	프로틴바	nad-a001-02-000000494208904	bsn-a001-00-000000013604308	14	07	529514	M	1	0	0	3	0
20260708	4291318	cmp-a001-02-000000010432615	grp-a001-02-000000064422129	시리얼	nad-a001-02-000000494208904	bsn-a001-00-000000013604308	14	99	529514	M	96	0	0	288	0
20260708	4291318	cmp-a001-02-000000010432615	grp-a001-02-000000064422129	황성주생식	nad-a001-02-000000494208910	bsn-a001-00-000000013604308	14	09	684924	M	4	0	0	4	0
20260708	4291318	cmp-a001-02-000000010432615	grp-a001-02-000000064422129	황성주생식	nad-a001-02-000000494208911	bsn-a001-00-000000013604308	14	02	8753	M	3	1	806	9	0
20260708	4291318	cmp-a001-02-000000010432615	grp-a001-02-000000064422129	황성주박사1일생식	nad-a001-02-000000494208910	bsn-a001-00-000000013604308	14	02	8753	M	1	0	0	1	0
20260708	4291318	cmp-a001-02-000000010432615	grp-a001-02-000000064422129	가루	nad-a001-02-000000494208910	bsn-a001-00-000000013604308	14	01	8753	M	2	0	0	5	0
20260708	4291318	cmp-a001-02-000000010432615	grp-a001-02-000000064422129	황성주생식라이프밀	nad-a001-02-000000494208911	bsn-a001-00-000000013604308	14	01	8753	M	1	0	0	3	0
20260708	4291318	cmp-a001-02-000000010432615	grp-a001-02-000000064422129	에프앤디	nad-a001-02-000000494208908	bsn-a001-00-000000013604308	14	09	684926	M	1	0	0	2	0
20260708	4291318	cmp-a001-02-000000010432615	grp-a001-02-000000064422129	황성주생식	nad-a001-02-000000494208911	bsn-a001-00-000000013604308	14	15	612594	M	1	1	631	3	0
20260708	4291318	cmp-a001-02-000000010432615	grp-a001-02-000000064422129	황성주라이프밀프리미엄	nad-a001-02-000000494208910	bsn-a001-00-000000013604308	14	13	8753	M	1	1	1937	1	0
20260708	4291318	cmp-a001-02-000000010432615	grp-a001-02-000000064422129	스토어	nad-a001-02-000000494208910	bsn-a001-00-000000013604308	14	09	335738	P	2	0	0	3	0
20260708	4291318	cmp-a001-02-000000010432615	grp-a001-02-000000064422129	생식가루	nad-a001-02-000000494208910	bsn-a001-00-000000013604308	14	09	8753	M	2	0	0	2	0
20260708	4291318	cmp-a001-02-000000010432615	grp-a001-02-000000064422129	황성주생식	nad-a001-02-000000494208910	bsn-a001-00-000000013604308	14	11	8753	M	3	0	0	3	0
20260708	4291318	cmp-a001-02-000000010432615	grp-a001-02-000000064422129	생식가루	nad-a001-02-000000494209022	bsn-a001-00-000000013604308	14	03	684926	M	1	0	0	6	0
20260708	4291318	cmp-a001-02-000000010432615	grp-a001-02-000000064422129	프로틴바	nad-a001-02-000000494208904	bsn-a001-00-000000013604308	14	10	529514	M	1	0	0	4	0
20260708	4291318	cmp-a001-02-000000010432615	grp-a001-02-000000064422129	황성주생식	nad-a001-02-000000494209022	bsn-a001-00-000000013604308	14	00	633013	M	1	0	0	7	0
20260708	4291318	cmp-a001-02-000000010432615	grp-a001-02-000000064422129	황성주1일영양건강식	nad-a001-02-000000494209020	bsn-a001-00-000000013604308	14	02	8753	M	1	0	0	1	0
20260708	4291318	cmp-a001-02-000000010432615	grp-a001-02-000000064422129	생식가루	nad-a001-02-000000494208910	bsn-a001-00-000000013604308	14	18	8753	M	1	0	0	1	0
20260708	4291318	cmp-a001-02-000000010432615	grp-a001-02-000000064422129	생식가루	nad-a001-02-000000494208910	bsn-a001-00-000000013604308	14	03	684926	M	1	0	0	1	0
20260708	4291318	cmp-a001-02-000000010432615	grp-a001-02-000000064422129	황성주프로틴골드	nad-a001-02-000000494209013	bsn-a001-00-000000013604308	14	02	684925	P	1	0	0	1	0
20260708	4291318	cmp-a001-02-000000010432615	grp-a001-02-000000064422129	황성주라이프밀	nad-a001-02-000000494208910	bsn-a001-00-000000013604308	14	09	529514	M	1	0	0	1	0
20260708	4291318	cmp-a001-02-000000010432615	grp-a001-02-000000064422129	전첨분말	nad-a001-02-000000494208910	bsn-a001-00-000000013604308	14	18	27758	P	1	0	0	1	0
20260708	4291318	cmp-a001-02-000000010432615	grp-a001-02-000000064422129	황성주박사영양식	nad-a001-02-000000494209020	bsn-a001-00-000000013604308	14	03	8753	M	1	0	0	1	0
20260708	4291318	cmp-a001-02-000000010432615	grp-a001-02-000000064422129	가성비생식산도	nad-a001-02-000000494208910	bsn-a001-00-000000013604308	14	11	8753	M	1	0	0	2	0
20260708	4291318	cmp-a001-02-000000010432615	grp-a001-02-000000064422129	황성주생식	nad-a001-02-000000494208910	bsn-a001-00-000000013604308	14	15	805760	M	1	0	0	1	0
20260708	4291318	cmp-a001-02-000000010432615	grp-a001-02-000000064422129	황성주라이프밀	nad-a001-02-000000494208910	bsn-a001-00-000000013604308	14	08	8753	M	1	0	0	1	0
20260708	4291318	cmp-a001-02-000000010432615	grp-a001-02-000000064422129	생식가루	nad-a001-02-000000494209021	bsn-a001-00-000000013604308	14	03	684926	M	1	0	0	2	0
20260708	4291318	cmp-a001-02-000000010432615	grp-a001-02-000000064422129	황성주생식	nad-a001-02-000000494209022	bsn-a001-00-000000013604308	14	15	612594	M	1	0	0	4	0
20260708	4291318	cmp-a001-02-000000010432615	grp-a001-02-000000064422129	분말	nad-a001-02-000000494209021	bsn-a001-00-000000013604308	14	00	612593	P	1	0	0	6	0
20260708	4291318	cmp-a001-02-000000010432615	grp-a001-02-000000064422129	황성주라이프밀	nad-a001-02-000000494209022	bsn-a001-00-000000013604308	14	13	8753	M	1	0	0	4	0
20260708	4291318	cmp-a001-02-000000010432615	grp-a001-02-000000064422129	생식가루	nad-a001-02-000000494208910	bsn-a001-00-000000013604308	14	09	684924	M	3	0	0	3	0
20260708	4291318	cmp-a001-02-000000010432615	grp-a001-02-000000064422129	황성주생식	nad-a001-02-000000494208911	bsn-a001-00-000000013604308	14	15	805760	M	1	0	0	3	0
20260708	4291318	cmp-a001-02-000000010432615	grp-a001-02-000000064422129	이롬황성주생식	nad-a001-02-000000494208911	bsn-a001-00-000000013604308	14	08	684924	M	1	0	0	1	0
20260708	4291318	cmp-a001-02-000000010432615	grp-a001-02-000000064422129	브랜드스토어	nad-a001-02-000000494208910	bsn-a001-00-000000013604308	14	99	11068	P	1	0	0	1	0
20260708	4291318	cmp-a001-02-000000010432615	grp-a001-02-000000064422129	생식가루	nad-a001-02-000000494208910	bsn-a001-00-000000013604308	14	03	8753	M	2	0	0	2	0
20260708	4291318	cmp-a001-02-000000010432615	grp-a001-02-000000064422129	황성주라이프밀	nad-a001-02-000000494209022	bsn-a001-00-000000013604308	14	09	684927	P	2	0	0	16	0
20260708	4291318	cmp-a001-02-000000010432615	grp-a001-02-000000064422129	균형영양식	nad-a001-02-000000494209017	bsn-a001-00-000000013604308	14	99	529514	M	1	0	0	8	0
20260708	4291318	cmp-a001-02-000000010432615	grp-a001-02-000000064422129	단백질바	nad-a001-02-000000494208904	bsn-a001-00-000000013604308	14	09	529514	M	6	0	0	56	0
20260708	4291318	cmp-a001-02-000000010432615	grp-a001-02-000000064422129	분말	nad-a001-02-000000494208910	bsn-a001-00-000000013604308	14	02	684925	P	1	0	0	1	0
20260708	4291318	cmp-a001-02-000000010432615	grp-a001-02-000000064422129	균형영양식	nad-a001-02-000000494209017	bsn-a001-00-000000013604308	14	13	529514	M	4	0	0	52	0
20260708	4291318	cmp-a001-02-000000010432615	grp-a001-02-000000064422129	황성주생식	nad-a001-02-000000494209021	bsn-a001-00-000000013604308	14	02	8753	M	3	0	0	6	0
20260708	4291318	cmp-a001-02-000000010432615	grp-a001-02-000000064422129	스토어	nad-a001-02-000000494208910	bsn-a001-00-000000013604308	14	06	98128	M	1	0	0	4	0
20260708	4291318	cmp-a001-02-000000010432615	grp-a001-02-000000064422129	코코넛가루분말	nad-a001-02-000000494209021	bsn-a001-00-000000013604308	14	02	27758	P	1	0	0	2	0
20260708	4291318	cmp-a001-02-000000010432615	grp-a001-02-000000064422129	생식가루	nad-a001-02-000000494208910	bsn-a001-00-000000013604308	14	11	8753	M	1	0	0	3	0
20260708	4291318	cmp-a001-02-000000010432615	grp-a001-02-000000064422129	시리얼	nad-a001-02-000000494208904	bsn-a001-00-000000013604308	14	15	529514	M	19	0	0	59	0
20260708	4291318	cmp-a001-02-000000010432615	grp-a001-02-000000064422129	황성주라이프밀	nad-a001-02-000000494208910	bsn-a001-00-000000013604308	14	13	8753	M	1	0	0	1	0
20260708	4291318	cmp-a001-02-000000010432615	grp-a001-02-000000064422129	황성주생식라이프밀	nad-a001-02-000000494208910	bsn-a001-00-000000013604308	14	01	8753	M	1	0	0	1	0
20260708	4291318	cmp-a001-02-000000010432615	grp-a001-02-000000064422129	황성주생식	nad-a001-02-000000494208910	bsn-a001-00-000000013604308	14	02	8753	M	12	0	0	12	0
20260708	4291318	cmp-a001-02-000000010432615	grp-a001-02-000000064422129	가루	nad-a001-02-000000494208910	bsn-a001-00-000000013604308	14	02	8753	M	1	0	0	2	0
20260708	4291318	cmp-a001-02-000000010432615	grp-a001-02-000000064422129	이롬황성주생식	nad-a001-02-000000494208911	bsn-a001-00-000000013604308	14	18	684927	P	1	0	0	1	0
20260708	4291318	cmp-a001-02-000000010432615	grp-a001-02-000000064422129	황성주라이프밀	nad-a001-02-000000494209021	bsn-a001-00-000000013604308	14	08	8753	M	1	0	0	2	0
20260708	4291318	cmp-a001-02-000000010432615	grp-a001-02-000000064422129	아기생식	nad-a001-02-000000494208911	bsn-a001-00-000000013604308	14	09	8753	M	2	0	0	8	0
20260708	4291318	cmp-a001-02-000000010432615	grp-a001-02-000000064422129	스토어	nad-a001-02-000000494208910	bsn-a001-00-000000013604308	14	03	335738	P	4	0	0	18	0
20260708	4291318	cmp-a001-02-000000010432615	grp-a001-02-000000064422129	스토어	nad-a001-02-000000494208910	bsn-a001-00-000000013604308	14	00	98128	M	1	0	0	5	0
20260708	4291318	cmp-a001-02-000000010432615	grp-a001-02-000000064422129	스토어	nad-a001-02-000000494208910	bsn-a001-00-000000013604308	14	04	98128	M	1	0	0	5	0
20260708	4291318	cmp-a001-02-000000010432615	grp-a001-02-000000064422129	황성주생식	nad-a001-02-000000494208911	bsn-a001-00-000000013604308	14	09	684926	M	1	0	0	3	0
20260708	4291318	cmp-a001-02-000000010432615	grp-a001-02-000000064422129	단백질바	nad-a001-02-000000494208904	bsn-a001-00-000000013604308	14	99	684927	P	1	0	0	9	0
20260708	4291318	cmp-a001-02-000000010432615	grp-a001-02-000000064422129	황성주프로틴골드	nad-a001-02-000000494209013	bsn-a001-00-000000013604308	14	02	27758	P	1	0	0	1	0
20260708	4291318	cmp-a001-02-000000010432615	grp-a001-02-000000064422129	시리얼	nad-a001-02-000000494208904	bsn-a001-00-000000013604308	14	13	529514	M	5	0	0	15	0
20260708	4291318	cmp-a001-02-000000010432615	grp-a001-02-000000064422129	황성주생식라이프밀	nad-a001-02-000000494209022	bsn-a001-00-000000013604308	14	01	8753	M	1	0	0	4	0
20260708	4291318	cmp-a001-02-000000010432615	grp-a001-02-000000064422129	황성주1일영양건강식	nad-a001-02-000000494209020	bsn-a001-00-000000013604308	14	02	684924	M	1	0	0	1	0
20260708	4291318	cmp-a001-02-000000010432615	grp-a001-02-000000064422129	쿠팡황성주생식	nad-a001-02-000000494208911	bsn-a001-00-000000013604308	14	09	8753	M	1	0	0	3	0
20260708	4291318	cmp-a001-02-000000010432615	grp-a001-02-000000064422129	프로틴바	nad-a001-02-000000494208904	bsn-a001-00-000000013604308	14	18	529514	M	2	0	0	7	0
20260708	4291318	cmp-a001-02-000000010432615	grp-a001-02-000000064422129	황성주생식	nad-a001-02-000000494208910	bsn-a001-00-000000013604308	14	02	684924	M	7	0	0	7	0
20260708	4291318	cmp-a001-02-000000010432615	grp-a001-02-000000064422129	황성주생식	nad-a001-02-000000494209021	bsn-a001-00-000000013604308	14	09	684926	M	1	0	0	2	0
20260708	4291318	cmp-a001-02-000000010432615	grp-a001-02-000000064422129	황성주생식	nad-a001-02-000000494209022	bsn-a001-00-000000013604308	14	02	8753	M	2	0	0	12	0
20260708	4291318	cmp-a001-02-000000010432615	grp-a001-02-000000064422129	스토어	nad-a001-02-000000494208910	bsn-a001-00-000000013604308	14	17	98128	M	2	0	0	8	0
20260708	4291318	cmp-a001-02-000000010432615	grp-a001-02-000000064422129	황성주라이프밀프리미엄	nad-a001-02-000000494209020	bsn-a001-00-000000013604308	14	13	8753	M	1	0	0	3	0
20260708	4291318	cmp-a001-02-000000010432615	grp-a001-02-000000064422129	스토어	nad-a001-02-000000494208910	bsn-a001-00-000000013604308	14	13	98128	M	3	0	0	14	0
20260708	4291318	cmp-a001-02-000000010432615	grp-a001-02-000000064422129	단백질바	nad-a001-02-000000494208904	bsn-a001-00-000000013604308	14	02	684927	P	2	0	0	19	0
20260708	4291318	cmp-a001-02-000000010432615	grp-a001-02-000000064422129	공복가성비생식	nad-a001-02-000000494208911	bsn-a001-00-000000013604308	14	09	33421	M	1	0	0	8	0
20260708	4291318	cmp-a001-02-000000010432615	grp-a001-02-000000064422129	황성주생식	nad-a001-02-000000494208910	bsn-a001-00-000000013604308	14	13	8753	M	1	0	0	2	0
20260708	4291318	cmp-a001-02-000000010432615	grp-a001-02-000000064422129	황성주라이프밀	nad-a001-02-000000494208910	bsn-a001-00-000000013604308	14	09	791889	P	1	0	0	1	0
20260708	4291318	cmp-a001-02-000000010432615	grp-a001-02-000000064422129	공복가성비생식	nad-a001-02-000000494208910	bsn-a001-00-000000013604308	14	09	33421	M	1	0	0	1	0
20260708	4291318	cmp-a001-02-000000010432615	grp-a001-02-000000064422129	프로틴바	nad-a001-02-000000494208904	bsn-a001-00-000000013604308	14	09	529514	M	18	0	0	61	0
20260708	4291318	cmp-a001-02-000000010432615	grp-a001-02-000000064422129	유사분열무성생식	nad-a001-02-000000494208910	bsn-a001-00-000000013604308	14	08	8753	M	1	0	0	2	0
20260708	4291318	cmp-a001-02-000000010432615	grp-a001-02-000000064422129	생식이롬	nad-a001-02-000000494208911	bsn-a001-00-000000013604308	14	06	684924	M	1	0	0	1	0
20260708	4291318	cmp-a001-02-000000010432615	grp-a001-02-000000064422129	가루식사대용	nad-a001-02-000000494208910	bsn-a001-00-000000013604308	14	15	8753	M	1	0	0	1	0
20260708	4291318	cmp-a001-02-000000010432615	grp-a001-02-000000064422129	쿠팡황성주생식	nad-a001-02-000000494208910	bsn-a001-00-000000013604308	14	09	8753	M	1	0	0	1	0
20260708	4291318	cmp-a001-02-000000010432615	grp-a001-02-000000064422129	코코넛가루분말	nad-a001-02-000000494208910	bsn-a001-00-000000013604308	14	02	27758	P	1	0	0	1	0
20260708	4291318	cmp-a001-02-000000010432615	grp-a001-02-000000064422129	씨리얼	nad-a001-02-000000494208904	bsn-a001-00-000000013604308	14	18	529514	M	2	0	0	10	0
20260708	4291318	cmp-a001-02-000000010432615	grp-a001-02-000000064422129	생식가루	nad-a001-02-000000494209021	bsn-a001-00-000000013604308	14	09	8753	M	2	0	0	8	0
20260708	4291318	cmp-a001-02-000000010432615	grp-a001-02-000000064422129	쿠팡황성주생식	nad-a001-02-000000494209021	bsn-a001-00-000000013604308	14	09	8753	M	1	0	0	2	0
20260708	4291318	cmp-a001-02-000000010432615	grp-a001-02-000000064422129	스토어	nad-a001-02-000000494208910	bsn-a001-00-000000013604308	14	14	335738	P	1	0	0	2	0
20260708	4291318	cmp-a001-02-000000010432615	grp-a001-02-000000064422129	이롬생식	nad-a001-02-000000494208911	bsn-a001-00-000000013604308	14	08	684924	M	1	0	0	1	0
20260708	4291318	cmp-a001-02-000000010432615	grp-a001-02-000000064422129	시리얼	nad-a001-02-000000494208904	bsn-a001-00-000000013604308	14	09	529514	M	148	0	0	444	0
20260708	4291318	cmp-a001-02-000000010432615	grp-a001-02-000000064422129	시리얼	nad-a001-02-000000494208904	bsn-a001-00-000000013604308	14	16	529514	M	9	0	0	27	0
20260708	4291318	cmp-a001-02-000000010432615	grp-a001-02-000000064422129	스토어	nad-a001-02-000000494208910	bsn-a001-00-000000013604308	14	02	335738	P	1	0	0	1	0
20260708	4291318	cmp-a001-02-000000010432615	grp-a001-02-000000064422129	황성주라이프밀프리미엄	nad-a001-02-000000494209021	bsn-a001-00-000000013604308	14	13	8753	M	1	0	0	2	0
20260708	4291318	cmp-a001-02-000000010432615	grp-a001-02-000000064422129	황성주생식	nad-a001-02-000000494209022	bsn-a001-00-000000013604308	14	09	684926	M	1	0	0	4	0
20260708	4291318	cmp-a001-02-000000010432615	grp-a001-02-000000064422129	황성주생식	nad-a001-02-000000494209022	bsn-a001-00-000000013604308	14	13	8753	M	1	0	0	8	0
20260708	4291318	cmp-a001-02-000000010432615	grp-a001-02-000000064422129	황성주생식	nad-a001-02-000000494209021	bsn-a001-00-000000013604308	14	11	8753	M	3	0	0	6	0
20260708	4291318	cmp-a001-02-000000010432615	grp-a001-02-000000064422129	단백질바	nad-a001-02-000000494208904	bsn-a001-00-000000013604308	14	99	529514	M	1	0	0	3	0
20260708	4291318	cmp-a001-02-000000010432615	grp-a001-02-000000064422129	영양	nad-a001-02-000000494209017	bsn-a001-00-000000013604308	14	16	98128	M	1	0	0	9	0
20260708	4291318	cmp-a001-02-000000010432615	grp-a001-02-000000064422129	황성주라이프밀	nad-a001-02-000000494208911	bsn-a001-00-000000013604308	14	09	684927	P	2	0	0	6	0
20260708	4291318	cmp-a001-02-000000010432615	grp-a001-02-000000064422129	단백질바	nad-a001-02-000000494208904	bsn-a001-00-000000013604308	14	99	684926	M	1	0	0	17	0
20260708	4291318	cmp-a001-02-000000010432615	grp-a001-02-000000064422129	황성주박사1일생식	nad-a001-02-000000494208911	bsn-a001-00-000000013604308	14	02	8753	M	1	0	0	3	0
20260708	4291318	cmp-a001-02-000000010432615	grp-a001-02-000000064422129	황성주라이프밀프리미엄	nad-a001-02-000000494208911	bsn-a001-00-000000013604308	14	13	8753	M	1	0	0	4	0
20260708	4291318	cmp-a001-02-000000010432615	grp-a001-02-000000064422129	황성주생식라이프밀	nad-a001-02-000000494208910	bsn-a001-00-000000013604308	14	08	612594	M	1	0	0	1	0
20260708	4291318	cmp-a001-02-000000010432615	grp-a001-02-000000064422129	황성주라이프밀	nad-a001-02-000000494208910	bsn-a001-00-000000013604308	14	09	684927	P	2	0	0	2	0
20260708	4291318	cmp-a001-02-000000010432615	grp-a001-02-000000064422129	스토어	nad-a001-02-000000494208910	bsn-a001-00-000000013604308	14	02	98128	M	16	0	0	70	0
20260708	4291318	cmp-a001-02-000000010432615	grp-a001-02-000000064422129	스토어	nad-a001-02-000000494208910	bsn-a001-00-000000013604308	14	08	98128	M	1	0	0	4	0
20260708	4291318	cmp-a001-02-000000010432615	grp-a001-02-000000064422129	스토어	nad-a001-02-000000494208910	bsn-a001-00-000000013604308	14	06	137281	M	3	0	0	3	0
20260708	4291318	cmp-a001-02-000000010432615	grp-a001-02-000000064422129	황성주생식	nad-a001-02-000000494209022	bsn-a001-00-000000013604308	14	15	805760	M	1	0	0	4	0
20260708	4291318	cmp-a001-02-000000010432615	grp-a001-02-000000064422129	황성주생식	nad-a001-02-000000494208910	bsn-a001-00-000000013604308	14	04	8753	M	1	0	0	1	0
20260708	4291318	cmp-a001-02-000000010432615	grp-a001-02-000000064422129	단백질바	nad-a001-02-000000494208904	bsn-a001-00-000000013604308	14	00	684926	M	1	0	0	11	0
20260708	4291318	cmp-a001-02-000000010432615	grp-a001-02-000000064422129	생식황성주	nad-a001-02-000000494208910	bsn-a001-00-000000013604308	14	02	27758	P	1	0	0	1	0
20260708	4291318	cmp-a001-02-000000010432615	grp-a001-02-000000064422129	스토어	nad-a001-02-000000494208910	bsn-a001-00-000000013604308	14	03	98128	M	2	0	0	8	0
20260708	4291318	cmp-a001-02-000000010432615	grp-a001-02-000000064422129	황성주생식	nad-a001-02-000000494209022	bsn-a001-00-000000013604308	14	02	529514	M	1	0	0	7	0
20260708	4291318	cmp-a001-02-000000010432615	grp-a001-02-000000064422129	황성주라이프밀	nad-a001-02-000000494208910	bsn-a001-00-000000013604308	14	09	23123	P	1	0	0	1	0
20260708	4291318	cmp-a001-02-000000010432615	grp-a001-02-000000064422129	스토어	nad-a001-02-000000494208910	bsn-a001-00-000000013604308	14	15	98128	M	3	0	0	13	0
20260708	4291318	cmp-a001-02-000000010432615	grp-a001-02-000000064422129	황성주생식	nad-a001-02-000000494208911	bsn-a001-00-000000013604308	14	00	633013	M	1	0	0	3	0
20260708	4291318	cmp-a001-02-000000010432615	grp-a001-02-000000064422129	생식황성주	nad-a001-02-000000494209021	bsn-a001-00-000000013604308	14	02	27758	P	1	0	0	2	0
20260708	4291318	cmp-a001-02-000000010432615	grp-a001-02-000000064422129	스토어	nad-a001-02-000000494208910	bsn-a001-00-000000013604308	14	06	335738	P	1	0	0	1	0
20260708	4291318	cmp-a001-02-000000010432615	grp-a001-02-000000064422129	프로틴바	nad-a001-02-000000494208904	bsn-a001-00-000000013604308	14	99	529514	M	5	0	0	18	0
20260708	4291318	cmp-a001-02-000000010432615	grp-a001-02-000000064422129	라이프밀	nad-a001-02-000000494209021	bsn-a001-00-000000013604308	14	02	529514	M	1	0	0	1	0
20260708	4291318	cmp-a001-02-000000010432615	grp-a001-02-000000064422129	시리얼	nad-a001-02-000000494208904	bsn-a001-00-000000013604308	14	07	529514	M	14	0	0	42	0
20260708	4291318	cmp-a001-02-000000010432615	grp-a001-02-000000064422129	황성주라이프밀	nad-a001-02-000000494209021	bsn-a001-00-000000013604308	14	13	8753	M	1	0	0	2	0
20260708	4291318	cmp-a001-02-000000010432615	grp-a001-02-000000064422129	황성주생식	nad-a001-02-000000494208910	bsn-a001-00-000000013604308	14	06	8753	M	1	0	0	1	0
20260708	4291318	cmp-a001-02-000000010432615	grp-a001-02-000000064422129	황성주생식	nad-a001-02-000000494209021	bsn-a001-00-000000013604308	14	09	8753	M	3	0	0	6	0
20260708	4291318	cmp-a001-02-000000010432615	grp-a001-02-000000064422129	황성주라이프밀	nad-a001-02-000000494208911	bsn-a001-00-000000013604308	14	08	8753	M	1	0	0	3	0
20260708	4291318	cmp-a001-02-000000010432615	grp-a001-02-000000064422129	라이프밀	nad-a001-02-000000494208911	bsn-a001-00-000000013604308	14	13	529514	M	1	0	0	1	0
20260708	4291318	cmp-a001-02-000000010432615	grp-a001-02-000000064422129	시리얼	nad-a001-02-000000494208904	bsn-a001-00-000000013604308	14	06	529514	M	13	0	0	39	0
20260708	4291318	cmp-a001-02-000000010432615	grp-a001-02-000000064422129	황성주생식	nad-a001-02-000000494208910	bsn-a001-00-000000013604308	14	09	684926	M	1	0	0	1	0
20260708	4291318	cmp-a001-02-000000010432615	grp-a001-02-000000064422129	스토어	nad-a001-02-000000494208910	bsn-a001-00-000000013604308	14	11	98128	M	3	0	0	14	0
20260708	4291318	cmp-a001-02-000000010432615	grp-a001-02-000000064422129	단백질바	nad-a001-02-000000494208904	bsn-a001-00-000000013604308	14	15	529514	M	1	0	0	3	0
20260708	4291318	cmp-a001-02-000000010432615	grp-a001-02-000000064422129	시리얼	nad-a001-02-000000494208904	bsn-a001-00-000000013604308	14	14	529514	M	4	0	0	12	0
20260708	4291318	cmp-a001-02-000000010432615	grp-a001-02-000000064422129	시리얼	nad-a001-02-000000494208904	bsn-a001-00-000000013604308	14	02	529514	M	96	0	0	291	0
20260708	4291318	cmp-a001-02-000000010432615	grp-a001-02-000000064422129	야채가루	nad-a001-02-000000494208910	bsn-a001-00-000000013604308	14	02	341893	M	1	0	0	1	0
20260708	4291318	cmp-a001-02-000000010432615	grp-a001-02-000000064422129	시리얼	nad-a001-02-000000494208904	bsn-a001-00-000000013604308	14	08	529514	M	20	0	0	60	0
20260708	4291318	cmp-a001-02-000000010432615	grp-a001-02-000000064422129	황성주생식	nad-a001-02-000000494208910	bsn-a001-00-000000013604308	14	09	8753	M	4	0	0	4	0
20260708	4291318	cmp-a001-02-000000010432615	grp-a001-02-000000064422129	스토어	nad-a001-02-000000494208910	bsn-a001-00-000000013604308	14	09	98128	M	34	0	0	140	0
20260708	4291318	cmp-a001-02-000000010432615	grp-a001-02-000000064422129	시리얼	nad-a001-02-000000494208904	bsn-a001-00-000000013604308	14	17	529514	M	3	0	0	9	0
20260708	4291318	cmp-a001-02-000000010432615	grp-a001-02-000000064422129	황성주라이프밀	nad-a001-02-000000494208911	bsn-a001-00-000000013604308	14	09	791889	P	1	0	0	6	0
20260708	4291318	cmp-a001-02-000000010432615	grp-a001-02-000000064422129	황성주생식라이프밀	nad-a001-02-000000494209021	bsn-a001-00-000000013604308	14	01	8753	M	1	0	0	2	0
20260708	4291318	cmp-a001-02-000000010432615	grp-a001-02-000000064422129	스토어	nad-a001-02-000000494208910	bsn-a001-00-000000013604308	14	18	98128	M	1	0	0	4	0
20260708	4291318	cmp-a001-02-000000010432615	grp-a001-02-000000064422129	아기생식	nad-a001-02-000000494209020	bsn-a001-00-000000013604308	14	09	8753	M	2	0	0	6	0
20260708	4291318	cmp-a001-02-000000010432615	grp-a001-02-000000064422129	시리얼	nad-a001-02-000000494208904	bsn-a001-00-000000013604308	14	10	529514	M	6	0	0	18	0
20260708	4291318	cmp-a001-02-000000010432615	grp-a001-02-000000064422129	생식가루	nad-a001-02-000000494208910	bsn-a001-00-000000013604308	14	02	684924	M	1	0	0	1	0
20260708	4291318	cmp-a001-02-000000010432615	grp-a001-02-000000064422129	황성주라이프밀	nad-a001-02-000000494209021	bsn-a001-00-000000013604308	14	09	684927	P	2	0	0	4	0
20260708	4291318	cmp-a001-02-000000010432615	grp-a001-02-000000064422129	에프앤디	nad-a001-02-000000494208907	bsn-a001-00-000000013604308	14	09	684926	M	1	0	0	1	0
20260708	4291318	cmp-a001-02-000000010432615	grp-a001-02-000000064422129	공복가성비생식	nad-a001-02-000000494209021	bsn-a001-00-000000013604308	14	09	33421	M	1	0	0	6	0
20260708	4291318	cmp-a001-02-000000010432615	grp-a001-02-000000064422129	균형영양식	nad-a001-02-000000494209017	bsn-a001-00-000000013604308	14	09	529514	M	1	0	0	12	0
20260708	4291318	cmp-a001-02-000000010432615	grp-a001-02-000000064422129	생식가루	nad-a001-02-000000494209021	bsn-a001-00-000000013604308	14	03	8753	M	1	0	0	4	0
20260708	4291318	cmp-a001-02-000000010432615	grp-a001-02-000000064422129	공복가성비생식	nad-a001-02-000000494208910	bsn-a001-00-000000013604308	14	09	8753	M	1	0	0	2	0
20260708	4291318	cmp-a001-02-000000010432615	grp-a001-02-000000064422129	말토덱스트린	nad-a001-02-000000494208910	bsn-a001-00-000000013604308	14	09	370822	P	1	0	0	1	0
20260708	4291318	cmp-a001-02-000000010432615	grp-a001-02-000000064422129	라이프밀	nad-a001-02-000000494209022	bsn-a001-00-000000013604308	14	15	529514	M	1	0	0	1	0
20260708	4291318	cmp-a001-02-000000010432615	grp-a001-02-000000064422129	라이프밀	nad-a001-02-000000494208910	bsn-a001-00-000000013604308	14	09	27758	P	1	0	0	1	0
20260708	4291318	cmp-a001-02-000000010432615	grp-a001-02-000000064422129	에프앤디	nad-a001-02-000000494209014	bsn-a001-00-000000013604308	14	09	684926	M	1	0	0	12	0
20260708	4291318	cmp-a001-02-000000010432615	grp-a001-02-000000064422129	황성주생식	nad-a001-02-000000494208910	bsn-a001-00-000000013604308	14	00	633013	M	1	0	0	1	0
20260708	4291318	cmp-a001-02-000000010432615	grp-a001-02-000000064422129	단백질바	nad-a001-02-000000494208904	bsn-a001-00-000000013604308	14	02	529514	M	7	0	0	27	0
20260708	4291318	cmp-a001-02-000000010432615	grp-a001-02-000000064422129	황성주박사1일생식	nad-a001-02-000000494209021	bsn-a001-00-000000013604308	14	02	8753	M	1	0	0	2	0
20260708	4291318	cmp-a001-02-000000010432615	grp-a001-02-000000064422129	프로틴바	nad-a001-02-000000494208904	bsn-a001-00-000000013604308	14	17	529514	M	3	0	0	11	0
20260708	4291318	cmp-a001-02-000000010432615	grp-a001-02-000000064422129	황성주영양플러스	nad-a001-02-000000494209017	bsn-a001-00-000000013604308	14	01	27758	P	1	0	0	2	0
20260708	4291318	cmp-a001-02-000000010432615	grp-a001-02-000000064422129	아기생식	nad-a001-02-000000494209021	bsn-a001-00-000000013604308	14	09	8753	M	2	0	0	4	0
20260708	4291318	cmp-a001-02-000000010432615	grp-a001-02-000000064422129	황성주생식라이프밀	nad-a001-02-000000494209022	bsn-a001-00-000000013604308	14	08	612594	M	1	0	0	4	0
20260708	4291318	cmp-a001-02-000000010432615	grp-a001-02-000000064422129	라이프밀	nad-a001-02-000000494208910	bsn-a001-00-000000013604308	14	09	684925	P	1	0	0	1	0
20260708	4291318	cmp-a001-02-000000010432615	grp-a001-02-000000064422129	생식황성주	nad-a001-02-000000494208910	bsn-a001-00-000000013604308	14	02	684925	P	1	0	0	1	0
20260708	4291318	cmp-a001-02-000000010432615	grp-a001-02-000000064422129	씨리얼	nad-a001-02-000000494208904	bsn-a001-00-000000013604308	14	01	529514	M	6	0	0	31	0
20260708	4291318	cmp-a001-02-000000010432615	grp-a001-02-000000064422129	라이프밀	nad-a001-02-000000494209022	bsn-a001-00-000000013604308	14	02	529514	M	2	0	0	3	0
20260708	4291318	cmp-a001-02-000000010432615	grp-a001-02-000000064422129	생식가루	nad-a001-02-000000494208910	bsn-a001-00-000000013604308	14	02	8753	M	1	0	0	1	0
20260708	4291318	cmp-a001-02-000000010432615	grp-a001-02-000000064422129	아기생식	nad-a001-02-000000494208910	bsn-a001-00-000000013604308	14	09	8753	M	2	0	0	2	0
20260708	4291318	cmp-a001-02-000000010432615	grp-a001-02-000000064422129	프로틴바	nad-a001-02-000000494208904	bsn-a001-00-000000013604308	14	08	529514	M	1	0	0	4	0
