20260829	4291318	cmp-a001-02-000000010764328	grp-a001-02-000000069047580	에너지바	nad-a001-02-000000553654558	bsn-a001-00-000000013604308	19	10	8753	M	2	0	0	7	0
20260829	4291318	cmp-a001-02-000000010764328	grp-a001-02-000000069047580	장염설사단백질바	nad-a001-02-000000553654554	bsn-a001-00-000000013604308	19	02	8753	M	1	0	0	1	0
20260829	4291318	cmp-a001-02-000000010764328	grp-a001-02-000000069047580	견과류	nad-a001-02-000000541753999	bsn-a001-00-000000013604308	19	15	529514	M	29	0	0	29	0
20260829	4291318	cmp-a001-02-000000010764328	grp-a001-02-000000069047580	견과	nad-a001-02-000000541753959	bsn-a001-00-000000013604308	19	11	684926	M	2	0	0	6	0
20260829	4291318	cmp-a001-02-000000010764328	grp-a001-02-000000069047580	젤리	nad-a001-02-000000541753985	bsn-a001-00-000000013604308	19	08	684926	M	2	0	0	16	0
20260829	4291318	cmp-a001-02-000000010764328	grp-a001-02-000000069047580	단백질쉐이크	nad-a001-02-000000553654562	bsn-a001-00-000000013604308	19	01	98128	M	6	0	0	6	0
20260829	4291318	cmp-a001-02-000000010764328	grp-a001-02-000000069047580	갓	nad-a001-02-000000541753999	bsn-a001-00-000000013604308	19	02	8753	M	3	0	0	8	0
20260829	4291318	cmp-a001-02-000000010764328	grp-a001-02-000000069047580	청주간식포장	nad-a001-02-000000541753960	bsn-a001-00-000000013604308	19	16	8753	M	1	0	0	1	0
20260829	4291318	cmp-a001-02-000000010764328	grp-a001-02-000000069047580	단백질바	nad-a001-02-000000553654559	bsn-a001-00-000000013604308	19	01	529514	M	2	0	0	7	0
20260829	4291318	cmp-a001-02-000000010764328	grp-a001-02-000000069047580	다이어트쉐이크	nad-a001-02-000000553654562	bsn-a001-00-000000013604308	19	99	768323	M	1	0	0	2	0
20260829	4291318	cmp-a001-02-000000010764328	grp-a001-02-000000069047580	젤리	nad-a001-02-000000541753985	bsn-a001-00-000000013604308	19	09	8753	M	4	0	0	8	0
20260829	4291318	cmp-a001-02-000000010764328	grp-a001-02-000000069047580	하루견과	nad-a001-02-000000541753960	bsn-a001-00-000000013604308	19	18	8753	M	2	0	0	6	0
20260829	4291318	cmp-a001-02-000000010764328	grp-a001-02-000000069047580	젤리	nad-a001-02-000000541753985	bsn-a001-00-000000013604308	19	11	137281	M	10	0	0	10	0
20260829	4291318	cmp-a001-02-000000010764328	grp-a001-02-000000069047580	영양식	nad-a001-02-000000541753965	bsn-a001-00-000000013604308	19	02	609155	M	1	0	0	2	0
20260829	4291318	cmp-a001-02-000000010764328	grp-a001-02-000000069047580	견과류세트	nad-a001-02-000000541753999	bsn-a001-00-000000013604308	19	18	529514	M	6	0	0	15	0
20260829	4291318	cmp-a001-02-000000010764328	grp-a001-02-000000069047580	프로틴	nad-a001-02-000000553654562	bsn-a001-00-000000013604308	19	01	768323	M	7	0	0	19	0
20260829	4291318	cmp-a001-02-000000010764328	grp-a001-02-000000069047580	견과류	nad-a001-02-000000541753960	bsn-a001-00-000000013604308	19	02	529514	M	174	0	0	522	0
20260829	4291318	cmp-a001-02-000000010764328	grp-a001-02-000000069047580	단백질바	nad-a001-02-000000553654554	bsn-a001-00-000000013604308	19	08	8753	M	1	0	0	3	0
20260829	4291318	cmp-a001-02-000000010764328	grp-a001-02-000000069047580	프로틴	nad-a001-02-000000553654562	bsn-a001-00-000000013604308	19	00	768323	M	1	0	0	2	0
20260829	4291318	cmp-a001-02-000000010764328	grp-a001-02-000000069047580	프로틴바	nad-a001-02-000000553654558	bsn-a001-00-000000013604308	19	02	529514	M	21	0	0	42	0
20260829	4291318	cmp-a001-02-000000010764328	grp-a001-02-000000069047580	단백질보충제	nad-a001-02-000000553654562	bsn-a001-00-000000013604308	19	11	612594	M	1	0	0	1	0
20260829	4291318	cmp-a001-02-000000010764328	grp-a001-02-000000069047580	단백질파우더	nad-a001-02-000000553654562	bsn-a001-00-000000013604308	19	02	8753	M	1	0	0	24	0
20260829	4291318	cmp-a001-02-000000010764328	grp-a001-02-000000069047580	중국중량간식	nad-a001-02-000000541753959	bsn-a001-00-000000013604308	19	00	8753	M	1	0	0	2	0
20260829	4291318	cmp-a001-02-000000010764328	grp-a001-02-000000069047580	올영세일프로틴바	nad-a001-02-000000553654554	bsn-a001-00-000000013604308	19	02	8753	M	1	0	0	1	0
20260829	4291318	cmp-a001-02-000000010764328	grp-a001-02-000000069047580	단백질바	nad-a001-02-000000553654554	bsn-a001-00-000000013604308	19	02	529514	M	12	0	0	12	0
20260829	4291318	cmp-a001-02-000000010764328	grp-a001-02-000000069047580	단백질보충제	nad-a001-02-000000553654562	bsn-a001-00-000000013604308	19	08	87620	M	1	0	0	1	0
20260829	4291318	cmp-a001-02-000000010764328	grp-a001-02-000000069047580	하루	nad-a001-02-000000541753959	bsn-a001-00-000000013604308	19	09	529514	M	1	0	0	4	0
20260829	4291318	cmp-a001-02-000000010764328	grp-a001-02-000000069047580	하루만	nad-a001-02-000000553654562	bsn-a001-00-000000013604308	19	99	529514	M	2	0	0	15	0
20260829	4291318	cmp-a001-02-000000010764328	grp-a001-02-000000069047580	젤리	nad-a001-02-000000541753985	bsn-a001-00-000000013604308	19	06	768323	M	1	0	0	3	0
20260829	4291318	cmp-a001-02-000000010764328	grp-a001-02-000000069047580	에너지바	nad-a001-02-000000553654554	bsn-a001-00-000000013604308	19	09	23123	P	5	0	0	5	0
20260829	4291318	cmp-a001-02-000000010764328	grp-a001-02-000000069047580	황성주생식	nad-a001-02-000000541753997	bsn-a001-00-000000013604308	19	02	633013	M	1	0	0	1	0
20260829	4291318	cmp-a001-02-000000010764328	grp-a001-02-000000069047580	갓	nad-a001-02-000000541753960	bsn-a001-00-000000013604308	19	18	8753	M	1	0	0	2	0
20260829	4291318	cmp-a001-02-000000010764328	grp-a001-02-000000069047580	가루	nad-a001-02-000000541754004	bsn-a001-00-000000013604308	19	07	8753	M	1	0	0	2	0
20260829	4291318	cmp-a001-02-000000010764328	grp-a001-02-000000069047580	프로틴바	nad-a001-02-000000553654554	bsn-a001-00-000000013604308	19	03	23123	P	1	0	0	1	0
20260829	4291318	cmp-a001-02-000000010764328	grp-a001-02-000000069047580	황성주생식	nad-a001-02-000000541753988	bsn-a001-00-000000013604308	19	02	633013	M	1	0	0	5	0
20260829	4291318	cmp-a001-02-000000010764328	grp-a001-02-000000069047580	에너지바	nad-a001-02-000000553654554	bsn-a001-00-000000013604308	19	00	27758	P	2	0	0	4	0
20260829	4291318	cmp-a001-02-000000010764328	grp-a001-02-000000069047580	너츠브라더블랙라벨	nad-a001-02-000000541753959	bsn-a001-00-000000013604308	19	08	341893	M	1	0	0	1	0
20260829	4291318	cmp-a001-02-000000010764328	grp-a001-02-000000069047580	떠먹는초코크런치	nad-a001-02-000000553654554	bsn-a001-00-000000013604308	19	02	8753	M	1	0	0	1	0
20260829	4291318	cmp-a001-02-000000010764328	grp-a001-02-000000069047580	에너지바	nad-a001-02-000000553654554	bsn-a001-00-000000013604308	19	99	529514	M	4	0	0	4	0
20260829	4291318	cmp-a001-02-000000010764328	grp-a001-02-000000069047580	프로틴	nad-a001-02-000000553654562	bsn-a001-00-000000013604308	19	10	529514	M	5	0	0	5	0
20260829	4291318	cmp-a001-02-000000010764328	grp-a001-02-000000069047580	하루견과	nad-a001-02-000000541753959	bsn-a001-00-000000013604308	19	09	529514	M	14	0	0	28	0
20260829	4291318	cmp-a001-02-000000010764328	grp-a001-02-000000069047580	단백질바	nad-a001-02-000000553654558	bsn-a001-00-000000013604308	19	02	529514	M	12	0	0	24	0
20260829	4291318	cmp-a001-02-000000010764328	grp-a001-02-000000069047580	황성주생식라이프밀	nad-a001-02-000000541753997	bsn-a001-00-000000013604308	19	09	612594	M	2	0	0	2	0
20260829	4291318	cmp-a001-02-000000010764328	grp-a001-02-000000069047580	쉐이크	nad-a001-02-000000553654562	bsn-a001-00-000000013604308	19	03	529514	M	4	0	0	8	0
20260829	4291318	cmp-a001-02-000000010764328	grp-a001-02-000000069047580	제리	nad-a001-02-000000541753985	bsn-a001-00-000000013604308	19	06	8753	M	1	0	0	3	0
20260829	4291318	cmp-a001-02-000000010764328	grp-a001-02-000000069047580	견과류	nad-a001-02-000000541753959	bsn-a001-00-000000013604308	19	06	8753	M	2	0	0	8	0
20260829	4291318	cmp-a001-02-000000010764328	grp-a001-02-000000069047580	단백질	nad-a001-02-000000553654562	bsn-a001-00-000000013604308	19	06	98128	M	1	0	0	1	0
20260829	4291318	cmp-a001-02-000000010764328	grp-a001-02-000000069047580	스토어	nad-a001-02-000000541753997	bsn-a001-00-000000013604308	19	11	98128	M	2	0	0	2	0
20260829	4291318	cmp-a001-02-000000010764328	grp-a001-02-000000069047580	갓	nad-a001-02-000000541753959	bsn-a001-00-000000013604308	19	04	8753	M	1	0	0	2	0
20260829	4291318	cmp-a001-02-000000010764328	grp-a001-02-000000069047580	하루	nad-a001-02-000000541753999	bsn-a001-00-000000013604308	19	09	98128	M	2	0	0	4	0
20260829	4291318	cmp-a001-02-000000010764328	grp-a001-02-000000069047580	갓	nad-a001-02-000000541753999	bsn-a001-00-000000013604308	19	99	8753	M	2	0	0	6	0
20260829	4291318	cmp-a001-02-000000010764328	grp-a001-02-000000069047580	프로틴바	nad-a001-02-000000553654558	bsn-a001-00-000000013604308	19	17	529514	M	6	0	0	12	0
20260829	4291318	cmp-a001-02-000000010764328	grp-a001-02-000000069047580	하루견과	nad-a001-02-000000541753960	bsn-a001-00-000000013604308	19	10	87620	M	1	0	0	3	0
20260829	4291318	cmp-a001-02-000000010764328	grp-a001-02-000000069047580	견과류세트	nad-a001-02-000000541753999	bsn-a001-00-000000013604308	19	99	529514	M	2	0	0	5	0
20260829	4291318	cmp-a001-02-000000010764328	grp-a001-02-000000069047580	견과	nad-a001-02-000000541753999	bsn-a001-00-000000013604308	19	07	137281	M	6	0	0	12	0
20260829	4291318	cmp-a001-02-000000010764328	grp-a001-02-000000069047580	프로틴바	nad-a001-02-000000553654558	bsn-a001-00-000000013604308	19	00	23123	P	1	0	0	4	0
20260829	4291318	cmp-a001-02-000000010764328	grp-a001-02-000000069047580	단백질	nad-a001-02-000000553654562	bsn-a001-00-000000013604308	19	10	98128	M	1	0	0	1	0
20260829	4291318	cmp-a001-02-000000010764328	grp-a001-02-000000069047580	견과류	nad-a001-02-000000541753960	bsn-a001-00-000000013604308	19	13	529514	M	49	0	0	143	0
20260829	4291318	cmp-a001-02-000000010764328	grp-a001-02-000000069047580	하루견과	nad-a001-02-000000541753960	bsn-a001-00-000000013604308	19	15	8753	M	1	0	0	2	0
20260829	4291318	cmp-a001-02-000000010764328	grp-a001-02-000000069047580	에너지바	nad-a001-02-000000553654559	bsn-a001-00-000000013604308	19	02	11068	P	1	0	0	8	0
20260829	4291318	cmp-a001-02-000000010764328	grp-a001-02-000000069047580	보충제	nad-a001-02-000000553654562	bsn-a001-00-000000013604308	19	09	529514	M	15	0	0	15	0
20260829	4291318	cmp-a001-02-000000010764328	grp-a001-02-000000069047580	에너지바	nad-a001-02-000000553654558	bsn-a001-00-000000013604308	19	09	8753	M	1	0	0	5	0
20260829	4291318	cmp-a001-02-000000010764328	grp-a001-02-000000069047580	프로틴바	nad-a001-02-000000553654554	bsn-a001-00-000000013604308	19	00	23123	P	1	0	0	1	0
20260829	4291318	cmp-a001-02-000000010764328	grp-a001-02-000000069047580	견과류	nad-a001-02-000000541753959	bsn-a001-00-000000013604308	19	18	529514	M	37	0	0	74	0
20260829	4291318	cmp-a001-02-000000010764328	grp-a001-02-000000069047580	치플레크런치플레	nad-a001-02-000000553654554	bsn-a001-00-000000013604308	19	09	8753	M	1	0	0	2	0
20260829	4291318	cmp-a001-02-000000010764328	grp-a001-02-000000069047580	당뇨인단백질바	nad-a001-02-000000553654554	bsn-a001-00-000000013604308	19	08	8753	M	1	0	0	1	0
20260829	4291318	cmp-a001-02-000000010764328	grp-a001-02-000000069047580	견과류세트	nad-a001-02-000000541753960	bsn-a001-00-000000013604308	19	09	684924	M	1	0	0	1	0
20260829	4291318	cmp-a001-02-000000010764328	grp-a001-02-000000069047580	칼로리바	nad-a001-02-000000553654558	bsn-a001-00-000000013604308	19	13	8753	M	1	0	0	3	0
20260829	4291318	cmp-a001-02-000000010764328	grp-a001-02-000000069047580	에너지바	nad-a001-02-000000553654554	bsn-a001-00-000000013604308	19	01	529514	M	2	0	0	2	0
20260829	4291318	cmp-a001-02-000000010764328	grp-a001-02-000000069047580	견과류	nad-a001-02-000000541753999	bsn-a001-00-000000013604308	19	14	8753	M	3	0	0	3	0
20260829	4291318	cmp-a001-02-000000010764328	grp-a001-02-000000069047580	하루	nad-a001-02-000000541753960	bsn-a001-00-000000013604308	19	15	612594	M	1	0	0	8	0
20260829	4291318	cmp-a001-02-000000010764328	grp-a001-02-000000069047580	견과류	nad-a001-02-000000541753959	bsn-a001-00-000000013604308	19	11	529514	M	32	0	0	64	0
20260829	4291318	cmp-a001-02-000000010764328	grp-a001-02-000000069047580	견과류	nad-a001-02-000000541753959	bsn-a001-00-000000013604308	19	03	684924	M	1	0	0	1	0
20260829	4291318	cmp-a001-02-000000010764328	grp-a001-02-000000069047580	단백질보충제	nad-a001-02-000000553654562	bsn-a001-00-000000013604308	19	09	23123	P	2	0	0	4	0
20260829	4291318	cmp-a001-02-000000010764328	grp-a001-02-000000069047580	먹기좋은선물용견과류	nad-a001-02-000000541753960	bsn-a001-00-000000013604308	19	18	8753	M	1	0	0	1	0
20260829	4291318	cmp-a001-02-000000010764328	grp-a001-02-000000069047580	견과류	nad-a001-02-000000541753999	bsn-a001-00-000000013604308	19	08	529514	M	24	0	0	24	0
20260829	4291318	cmp-a001-02-000000010764328	grp-a001-02-000000069047580	중국중량간식	nad-a001-02-000000541753960	bsn-a001-00-000000013604308	19	00	8753	M	1	0	0	3	0
20260829	4291318	cmp-a001-02-000000010764328	grp-a001-02-000000069047580	하루견과	nad-a001-02-000000541753959	bsn-a001-00-000000013604308	19	99	529514	M	16	0	0	32	0
20260829	4291318	cmp-a001-02-000000010764328	grp-a001-02-000000069047580	제리	nad-a001-02-000000541753985	bsn-a001-00-000000013604308	19	16	137281	M	9	0	0	9	0
20260829	4291318	cmp-a001-02-000000010764328	grp-a001-02-000000069047580	단백질바	nad-a001-02-000000553654554	bsn-a001-00-000000013604308	19	14	8753	M	3	0	0	9	0
20260829	4291318	cmp-a001-02-000000010764328	grp-a001-02-000000069047580	하루견과	nad-a001-02-000000541753960	bsn-a001-00-000000013604308	19	99	529514	M	16	0	0	48	0
20260829	4291318	cmp-a001-02-000000010764328	grp-a001-02-000000069047580	가든오브라이프유기농프로틴	nad-a001-02-000000553654562	bsn-a001-00-000000013604308	19	02	341893	M	1	0	0	2	0
20260829	4291318	cmp-a001-02-000000010764328	grp-a001-02-000000069047580	프로틴	nad-a001-02-000000553654562	bsn-a001-00-000000013604308	19	07	768323	M	15	0	0	40	0
20260829	4291318	cmp-a001-02-000000010764328	grp-a001-02-000000069047580	하루	nad-a001-02-000000541753959	bsn-a001-00-000000013604308	19	09	612593	P	1	0	0	8	0
20260829	4291318	cmp-a001-02-000000010764328	grp-a001-02-000000069047580	황성주라이프밀1일1생식VS데일리	nad-a001-02-000000541753988	bsn-a001-00-000000013604308	19	99	8753	M	1	0	0	1	0
20260829	4291318	cmp-a001-02-000000010764328	grp-a001-02-000000069047580	단백질보충제	nad-a001-02-000000553654562	bsn-a001-00-000000013604308	19	10	33421	M	1	0	0	4	0
20260829	4291318	cmp-a001-02-000000010764328	grp-a001-02-000000069047580	프로틴바	nad-a001-02-000000553654558	bsn-a001-00-000000013604308	19	02	768323	M	4	0	0	15	0
20260829	4291318	cmp-a001-02-000000010764328	grp-a001-02-000000069047580	견과류	nad-a001-02-000000541753959	bsn-a001-00-000000013604308	19	09	33421	M	4	0	0	16	0
20260829	4291318	cmp-a001-02-000000010764328	grp-a001-02-000000069047580	에너지바	nad-a001-02-000000553654559	bsn-a001-00-000000013604308	19	02	684926	M	4	0	0	38	0
20260829	4291318	cmp-a001-02-000000010764328	grp-a001-02-000000069047580	프로틴	nad-a001-02-000000553654562	bsn-a001-00-000000013604308	19	04	529514	M	6	0	0	6	0
20260829	4291318	cmp-a001-02-000000010764328	grp-a001-02-000000069047580	하루	nad-a001-02-000000541753960	bsn-a001-00-000000013604308	19	09	98128	M	2	0	0	8	0
20260829	4291318	cmp-a001-02-000000010764328	grp-a001-02-000000069047580	견과류	nad-a001-02-000000541753959	bsn-a001-00-000000013604308	19	13	8753	M	1	0	0	4	0
20260829	4291318	cmp-a001-02-000000010764328	grp-a001-02-000000069047580	프로틴	nad-a001-02-000000553654562	bsn-a001-00-000000013604308	19	06	529514	M	13	0	0	13	0
20260829	4291318	cmp-a001-02-000000010764328	grp-a001-02-000000069047580	단백질보충제	nad-a001-02-000000553654562	bsn-a001-00-000000013604308	19	06	87620	M	3	0	0	3	0
20260829	4291318	cmp-a001-02-000000010764328	grp-a001-02-000000069047580	견과류	nad-a001-02-000000541753999	bsn-a001-00-000000013604308	19	14	529514	M	13	0	0	13	0
20260829	4291318	cmp-a001-02-000000010764328	grp-a001-02-000000069047580	견과류	nad-a001-02-000000541753959	bsn-a001-00-000000013604308	19	99	8753	M	1	0	0	4	0
20260829	4291318	cmp-a001-02-000000010764328	grp-a001-02-000000069047580	하루견과	nad-a001-02-000000541753999	bsn-a001-00-000000013604308	19	01	529514	M	2	0	0	2	0
20260829	4291318	cmp-a001-02-000000010764328	grp-a001-02-000000069047580	다이어트쉐이크	nad-a001-02-000000553654562	bsn-a001-00-000000013604308	19	09	768323	M	12	0	0	16	0
20260829	4291318	cmp-a001-02-000000010764328	grp-a001-02-000000069047580	가루	nad-a001-02-000000541753997	bsn-a001-00-000000013604308	19	00	8753	M	1	0	0	2	0
20260829	4291318	cmp-a001-02-000000010764328	grp-a001-02-000000069047580	갓	nad-a001-02-000000541753959	bsn-a001-00-000000013604308	19	09	8753	M	3	0	0	5	0
20260829	4291318	cmp-a001-02-000000010764328	grp-a001-02-000000069047580	단백질	nad-a001-02-000000553654562	bsn-a001-00-000000013604308	19	01	684926	M	1	0	0	20	0
20260829	4291318	cmp-a001-02-000000010764328	grp-a001-02-000000069047580	갓	nad-a001-02-000000541753999	bsn-a001-00-000000013604308	19	09	684924	M	1	0	0	1	0
20260829	4291318	cmp-a001-02-000000010764328	grp-a001-02-000000069047580	다이어트브랜드	nad-a001-02-000000553654562	bsn-a001-00-000000013604308	19	09	684924	M	1	0	0	1	0
20260829	4291318	cmp-a001-02-000000010764328	grp-a001-02-000000069047580	하루견과	nad-a001-02-000000541753960	bsn-a001-00-000000013604308	19	04	8753	M	2	0	0	4	0
20260829	4291318	cmp-a001-02-000000010764328	grp-a001-02-000000069047580	프로틴	nad-a001-02-000000553654562	bsn-a001-00-000000013604308	19	13	768323	M	12	0	0	30	0
20260829	4291318	cmp-a001-02-000000010764328	grp-a001-02-000000069047580	견과류	nad-a001-02-000000541753960	bsn-a001-00-000000013604308	19	02	768323	M	1	0	0	3	0
20260829	4291318	cmp-a001-02-000000010764328	grp-a001-02-000000069047580	견과류	nad-a001-02-000000541753959	bsn-a001-00-000000013604308	19	06	684924	M	2	0	0	2	0
20260829	4291318	cmp-a001-02-000000010764328	grp-a001-02-000000069047580	견과류	nad-a001-02-000000541753959	bsn-a001-00-000000013604308	19	04	684926	M	4	0	0	10	0
20260829	4291318	cmp-a001-02-000000010764328	grp-a001-02-000000069047580	하루견과	nad-a001-02-000000541753959	bsn-a001-00-000000013604308	19	03	684926	M	2	0	0	8	0
20260829	4291318	cmp-a001-02-000000010764328	grp-a001-02-000000069047580	간식간식	nad-a001-02-000000553654558	bsn-a001-00-000000013604308	19	02	98128	M	1	0	0	2	0
20260829	4291318	cmp-a001-02-000000010764328	grp-a001-02-000000069047580	다이어트쉐이크	nad-a001-02-000000553654562	bsn-a001-00-000000013604308	19	10	768323	M	3	0	0	5	0
20260829	4291318	cmp-a001-02-000000010764328	grp-a001-02-000000069047580	하루	nad-a001-02-000000553654562	bsn-a001-00-000000013604308	19	09	612594	M	2	0	0	6	0
20260829	4291318	cmp-a001-02-000000010764328	grp-a001-02-000000069047580	식용금가루	nad-a001-02-000000541753997	bsn-a001-00-000000013604308	19	10	341893	M	1	0	0	1	0
20260829	4291318	cmp-a001-02-000000010764328	grp-a001-02-000000069047580	젤리	nad-a001-02-000000541753985	bsn-a001-00-000000013604308	19	03	8753	M	1	0	0	2	0
20260829	4291318	cmp-a001-02-000000010764328	grp-a001-02-000000069047580	견과	nad-a001-02-000000541753999	bsn-a001-00-000000013604308	19	11	684926	M	2	0	0	4	0
20260829	4291318	cmp-a001-02-000000010764328	grp-a001-02-000000069047580	견과세트	nad-a001-02-000000541753960	bsn-a001-00-000000013604308	19	09	768323	M	2	0	0	6	0
20260829	4291318	cmp-a001-02-000000010764328	grp-a001-02-000000069047580	프로틴바	nad-a001-02-000000553654558	bsn-a001-00-000000013604308	19	11	98128	M	1	0	0	2	0
20260829	4291318	cmp-a001-02-000000010764328	grp-a001-02-000000069047580	중증치매에좋은견과류	nad-a001-02-000000541753960	bsn-a001-00-000000013604308	19	15	8753	M	1	0	0	2	0
20260829	4291318	cmp-a001-02-000000010764328	grp-a001-02-000000069047580	하루견과	nad-a001-02-000000541753960	bsn-a001-00-000000013604308	19	04	529514	M	4	0	0	12	0
20260829	4291318	cmp-a001-02-000000010764328	grp-a001-02-000000069047580	프로틴	nad-a001-02-000000553654562	bsn-a001-00-000000013604308	19	09	529514	M	184	0	0	184	0
20260829	4291318	cmp-a001-02-000000010764328	grp-a001-02-000000069047580	단백질쉐이크	nad-a001-02-000000553654562	bsn-a001-00-000000013604308	19	15	529514	M	15	0	0	15	0
20260829	4291318	cmp-a001-02-000000010764328	grp-a001-02-000000069047580	하루	nad-a001-02-000000541753960	bsn-a001-00-000000013604308	19	07	98128	M	2	0	0	8	0
20260829	4291318	cmp-a001-02-000000010764328	grp-a001-02-000000069047580	하루견과	nad-a001-02-000000541753999	bsn-a001-00-000000013604308	19	09	684924	M	3	0	0	3	0
20260829	4291318	cmp-a001-02-000000010764328	grp-a001-02-000000069047580	프로틴	nad-a001-02-000000553654562	bsn-a001-00-000000013604308	19	13	137281	M	3	0	0	3	0
20260829	4291318	cmp-a001-02-000000010764328	grp-a001-02-000000069047580	갓구운하루견과	nad-a001-02-000000541753959	bsn-a001-00-000000013604308	19	06	8753	M	1	1	1454	3	0
20260829	4291318	cmp-a001-02-000000010764328	grp-a001-02-000000069047580	갓구운	nad-a001-02-000000541753960	bsn-a001-00-000000013604308	19	09	612594	M	1	0	0	3	0
20260829	4291318	cmp-a001-02-000000010764328	grp-a001-02-000000069047580	에너지바	nad-a001-02-000000553654559	bsn-a001-00-000000013604308	19	99	529514	M	4	0	0	12	0
20260829	4291318	cmp-a001-02-000000010764328	grp-a001-02-000000069047580	하루견과	nad-a001-02-000000541753959	bsn-a001-00-000000013604308	19	18	8753	M	2	0	0	8	0
20260829	4291318	cmp-a001-02-000000010764328	grp-a001-02-000000069047580	단백질보충제	nad-a001-02-000000553654562	bsn-a001-00-000000013604308	19	02	791889	P	2	0	0	2	0
20260829	4291318	cmp-a001-02-000000010764328	grp-a001-02-000000069047580	젤리	nad-a001-02-000000541753985	bsn-a001-00-000000013604308	19	99	98128	M	1	0	0	2	0
20260829	4291318	cmp-a001-02-000000010764328	grp-a001-02-000000069047580	견과	nad-a001-02-000000541753999	bsn-a001-00-000000013604308	19	10	529514	M	11	0	0	16	0
20260829	4291318	cmp-a001-02-000000010764328	grp-a001-02-000000069047580	단백질보충제	nad-a001-02-000000553654562	bsn-a001-00-000000013604308	19	06	529514	M	4	0	0	4	0
20260829	4291318	cmp-a001-02-000000010764328	grp-a001-02-000000069047580	가루	nad-a001-02-000000541753997	bsn-a001-00-000000013604308	19	07	8753	M	1	0	0	1	0
20260829	4291318	cmp-a001-02-000000010764328	grp-a001-02-000000069047580	갓	nad-a001-02-000000541753960	bsn-a001-00-000000013604308	19	99	8753	M	2	0	0	4	0
20260829	4291318	cmp-a001-02-000000010764328	grp-a001-02-000000069047580	메디슨벨샐러드젤리	nad-a001-02-000000541753985	bsn-a001-00-000000013604308	19	18	341893	M	1	0	0	6	0
20260829	4291318	cmp-a001-02-000000010764328	grp-a001-02-000000069047580	단백질보충제	nad-a001-02-000000553654562	bsn-a001-00-000000013604308	19	09	684925	P	1	0	0	1	0
20260829	4291318	cmp-a001-02-000000010764328	grp-a001-02-000000069047580	가루	nad-a001-02-000000541754004	bsn-a001-00-000000013604308	19	15	529514	M	4	0	0	12	0
20260829	4291318	cmp-a001-02-000000010764328	grp-a001-02-000000069047580	하루	nad-a001-02-000000541753960	bsn-a001-00-000000013604308	19	11	137281	M	4	0	0	4	0
20260829	4291318	cmp-a001-02-000000010764328	grp-a001-02-000000069047580	보의당통곡물한끼	nad-a001-02-000000541754004	bsn-a001-00-000000013604308	19	18	341893	M	1	0	0	1	0
20260829	4291318	cmp-a001-02-000000010764328	grp-a001-02-000000069047580	단백질파우더	nad-a001-02-000000553654562	bsn-a001-00-000000013604308	19	04	33421	M	1	0	0	12	0
20260829	4291318	cmp-a001-02-000000010764328	grp-a001-02-000000069047580	견과류추천	nad-a001-02-000000541753999	bsn-a001-00-000000013604308	19	06	8753	M	1	0	0	2	0
20260829	4291318	cmp-a001-02-000000010764328	grp-a001-02-000000069047580	하루	nad-a001-02-000000541753999	bsn-a001-00-000000013604308	19	09	529514	M	1	0	0	3	0
20260829	4291318	cmp-a001-02-000000010764328	grp-a001-02-000000069047580	하루견과	nad-a001-02-000000541753999	bsn-a001-00-000000013604308	19	04	529514	M	4	0	0	4	0
20260829	4291318	cmp-a001-02-000000010764328	grp-a001-02-000000069047580	단백질보충제	nad-a001-02-000000553654562	bsn-a001-00-000000013604308	19	99	33421	M	1	0	0	1	0
20260829	4291318	cmp-a001-02-000000010764328	grp-a001-02-000000069047580	쉐이크	nad-a001-02-000000553654562	bsn-a001-00-000000013604308	19	01	98128	M	5	0	0	5	0
20260829	4291318	cmp-a001-02-000000010764328	grp-a001-02-000000069047580	젤리	nad-a001-02-000000541753985	bsn-a001-00-000000013604308	19	18	8753	M	3	0	0	6	0
20260829	4291318	cmp-a001-02-000000010764328	grp-a001-02-000000069047580	하루견과	nad-a001-02-000000541753959	bsn-a001-00-000000013604308	19	09	684926	M	2	0	0	6	0
20260829	4291318	cmp-a001-02-000000010764328	grp-a001-02-000000069047580	견과세트	nad-a001-02-000000541753959	bsn-a001-00-000000013604308	19	01	27758	P	1	0	0	4	0
20260829	4291318	cmp-a001-02-000000010764328	grp-a001-02-000000069047580	단백질바	nad-a001-02-000000553654558	bsn-a001-00-000000013604308	19	02	8753	M	2	0	0	11	0
20260829	4291318	cmp-a001-02-000000010764328	grp-a001-02-000000069047580	단백질바	nad-a001-02-000000553654558	bsn-a001-00-000000013604308	19	01	8753	M	1	0	0	6	0
20260829	4291318	cmp-a001-02-000000010764328	grp-a001-02-000000069047580	견과류	nad-a001-02-000000541753960	bsn-a001-00-000000013604308	19	18	529514	M	37	0	0	111	0
20260829	4291318	cmp-a001-02-000000010764328	grp-a001-02-000000069047580	견과류	nad-a001-02-000000541753999	bsn-a001-00-000000013604308	19	17	529514	M	8	0	0	8	0
20260829	4291318	cmp-a001-02-000000010764328	grp-a001-02-000000069047580	PX견과류	nad-a001-02-000000541753960	bsn-a001-00-000000013604308	19	02	8753	M	2	0	0	2	0
20260829	4291318	cmp-a001-02-000000010764328	grp-a001-02-000000069047580	단백질바	nad-a001-02-000000553654554	bsn-a001-00-000000013604308	19	11	8753	M	1	0	0	2	0
20260829	4291318	cmp-a001-02-000000010764328	grp-a001-02-000000069047580	단백질쉐이크	nad-a001-02-000000553654562	bsn-a001-00-000000013604308	19	03	98128	M	2	0	0	5	0
20260829	4291318	cmp-a001-02-000000010764328	grp-a001-02-000000069047580	젤리	nad-a001-02-000000541753985	bsn-a001-00-000000013604308	19	99	87620	M	2	0	0	2	0
20260829	4291318	cmp-a001-02-000000010764328	grp-a001-02-000000069047580	견과류	nad-a001-02-000000541753959	bsn-a001-00-000000013604308	19	02	8753	M	7	0	0	23	0
20260829	4291318	cmp-a001-02-000000010764328	grp-a001-02-000000069047580	하루견과	nad-a001-02-000000541753960	bsn-a001-00-000000013604308	19	01	529514	M	2	0	0	6	0
20260829	4291318	cmp-a001-02-000000010764328	grp-a001-02-000000069047580	황성주생식	nad-a001-02-000000541754004	bsn-a001-00-000000013604308	19	09	8753	M	2	0	0	4	0
20260829	4291318	cmp-a001-02-000000010764328	grp-a001-02-000000069047580	견과류	nad-a001-02-000000541753959	bsn-a001-00-000000013604308	19	08	684925	P	1	0	0	1	0
20260829	4291318	cmp-a001-02-000000010764328	grp-a001-02-000000069047580	가루	nad-a001-02-000000541753996	bsn-a001-00-000000013604308	19	00	684924	M	1	0	0	1	0
20260829	4291318	cmp-a001-02-000000010764328	grp-a001-02-000000069047580	젤리	nad-a001-02-000000541753985	bsn-a001-00-000000013604308	19	08	768323	M	2	0	0	9	0
20260829	4291318	cmp-a001-02-000000010764328	grp-a001-02-000000069047580	견과류	nad-a001-02-000000541753959	bsn-a001-00-000000013604308	19	08	684926	M	5	0	0	15	0
20260829	4291318	cmp-a001-02-000000010764328	grp-a001-02-000000069047580	칼로리바	nad-a001-02-000000553654558	bsn-a001-00-000000013604308	19	02	8753	M	1	0	0	3	0
20260829	4291318	cmp-a001-02-000000010764328	grp-a001-02-000000069047580	엄궁농산물시장견과류	nad-a001-02-000000541753959	bsn-a001-00-000000013604308	19	08	8753	M	1	0	0	3	0
20260829	4291318	cmp-a001-02-000000010764328	grp-a001-02-000000069047580	PX견과류	nad-a001-02-000000541753999	bsn-a001-00-000000013604308	19	02	8753	M	2	0	0	4	0
20260829	4291318	cmp-a001-02-000000010764328	grp-a001-02-000000069047580	견과류비교	nad-a001-02-000000541753999	bsn-a001-00-000000013604308	19	09	684925	P	1	0	0	1	0
20260829	4291318	cmp-a001-02-000000010764328	grp-a001-02-000000069047580	90칼로리단백질바	nad-a001-02-000000553654554	bsn-a001-00-000000013604308	19	09	8753	M	1	0	0	1	0
20260829	4291318	cmp-a001-02-000000010764328	grp-a001-02-000000069047580	젤리	nad-a001-02-000000541753985	bsn-a001-00-000000013604308	19	09	87620	M	1	0	0	2	0
20260829	4291318	cmp-a001-02-000000010764328	grp-a001-02-000000069047580	황성주생식	nad-a001-02-000000541754005	bsn-a001-00-000000013604308	19	13	805760	M	1	0	0	5	0
20260829	4291318	cmp-a001-02-000000010764328	grp-a001-02-000000069047580	견과류	nad-a001-02-000000541753959	bsn-a001-00-000000013604308	19	03	8753	M	3	0	0	12	0
20260829	4291318	cmp-a001-02-000000010764328	grp-a001-02-000000069047580	견과류추천	nad-a001-02-000000541753959	bsn-a001-00-000000013604308	19	06	8753	M	1	0	0	4	0
20260829	4291318	cmp-a001-02-000000010764328	grp-a001-02-000000069047580	단백질	nad-a001-02-000000553654562	bsn-a001-00-000000013604308	19	99	684927	P	1	0	0	9	0
20260829	4291318	cmp-a001-02-000000010764328	grp-a001-02-000000069047580	젤리	nad-a001-02-000000541753985	bsn-a001-00-000000013604308	19	16	98128	M	2	0	0	3	0
20260829	4291318	cmp-a001-02-000000010764328	grp-a001-02-000000069047580	단백질바	nad-a001-02-000000553654554	bsn-a001-00-000000013604308	19	09	768323	M	3	0	0	3	0
20260829	4291318	cmp-a001-02-000000010764328	grp-a001-02-000000069047580	단백질바	nad-a001-02-000000553654554	bsn-a001-00-000000013604308	19	01	8753	M	3	0	0	6	0
20260829	4291318	cmp-a001-02-000000010764328	grp-a001-02-000000069047580	단백질바	nad-a001-02-000000553654558	bsn-a001-00-000000013604308	19	03	11068	P	1	0	0	4	0
20260829	4291318	cmp-a001-02-000000010764328	grp-a001-02-000000069047580	견과류	nad-a001-02-000000541753959	bsn-a001-00-000000013604308	19	03	529514	M	74	0	0	146	0
20260829	4291318	cmp-a001-02-000000010764328	grp-a001-02-000000069047580	하루견과	nad-a001-02-000000541753999	bsn-a001-00-000000013604308	19	11	684926	M	1	0	0	2	0
20260829	4291318	cmp-a001-02-000000010764328	grp-a001-02-000000069047580	견과세트	nad-a001-02-000000541753999	bsn-a001-00-000000013604308	19	99	768323	M	4	0	0	11	0
20260829	4291318	cmp-a001-02-000000010764328	grp-a001-02-000000069047580	견과류	nad-a001-02-000000541753959	bsn-a001-00-000000013604308	19	17	529514	M	8	0	0	16	0
20260829	4291318	cmp-a001-02-000000010764328	grp-a001-02-000000069047580	프로틴	nad-a001-02-000000553654562	bsn-a001-00-000000013604308	19	08	684926	M	2	0	0	22	0
20260829	4291318	cmp-a001-02-000000010764328	grp-a001-02-000000069047580	견과류세트	nad-a001-02-000000541753960	bsn-a001-00-000000013604308	19	02	8753	M	4	0	0	9	0
20260829	4291318	cmp-a001-02-000000010764328	grp-a001-02-000000069047580	황성주생식	nad-a001-02-000000541753996	bsn-a001-00-000000013604308	19	09	8753	M	2	0	0	6	0
20260829	4291318	cmp-a001-02-000000010764328	grp-a001-02-000000069047580	초코브라우니보관방법	nad-a001-02-000000553654554	bsn-a001-00-000000013604308	19	09	8753	M	1	0	0	1	0
20260829	4291318	cmp-a001-02-000000010764328	grp-a001-02-000000069047580	가루야가루야	nad-a001-02-000000541754004	bsn-a001-00-000000013604308	19	02	8753	M	1	0	0	2	0
20260829	4291318	cmp-a001-02-000000010764328	grp-a001-02-000000069047580	하루견과	nad-a001-02-000000541753999	bsn-a001-00-000000013604308	19	00	684924	M	1	0	0	1	0
20260829	4291318	cmp-a001-02-000000010764328	grp-a001-02-000000069047580	하루만	nad-a001-02-000000541753999	bsn-a001-00-000000013604308	19	01	529514	M	1	0	0	2	0
20260829	4291318	cmp-a001-02-000000010764328	grp-a001-02-000000069047580	균형영양식	nad-a001-02-000000541753965	bsn-a001-00-000000013604308	19	99	529514	M	6	0	0	21	0
20260829	4291318	cmp-a001-02-000000010764328	grp-a001-02-000000069047580	갓	nad-a001-02-000000541753999	bsn-a001-00-000000013604308	19	08	291244	M	2	0	0	5	0
20260829	4291318	cmp-a001-02-000000010764328	grp-a001-02-000000069047580	견과세트	nad-a001-02-000000541753999	bsn-a001-00-000000013604308	19	09	768323	M	2	0	0	4	0
20260829	4291318	cmp-a001-02-000000010764328	grp-a001-02-000000069047580	두쫀쿠단백질바	nad-a001-02-000000553654554	bsn-a001-00-000000013604308	19	09	8753	M	1	0	0	4	0
20260829	4291318	cmp-a001-02-000000010764328	grp-a001-02-000000069047580	단백질바	nad-a001-02-000000553654554	bsn-a001-00-000000013604308	19	08	11068	P	1	0	0	1	0
20260829	4291318	cmp-a001-02-000000010764328	grp-a001-02-000000069047580	견과	nad-a001-02-000000541753999	bsn-a001-00-000000013604308	19	09	529514	M	3	0	0	7	0
20260829	4291318	cmp-a001-02-000000010764328	grp-a001-02-000000069047580	갓구운	nad-a001-02-000000541753999	bsn-a001-00-000000013604308	19	09	612594	M	1	0	0	2	0
20260829	4291318	cmp-a001-02-000000010764328	grp-a001-02-000000069047580	황성주생식	nad-a001-02-000000541753996	bsn-a001-00-000000013604308	19	04	684926	M	1	0	0	4	0
20260829	4291318	cmp-a001-02-000000010764328	grp-a001-02-000000069047580	견과류	nad-a001-02-000000541753999	bsn-a001-00-000000013604308	19	02	529514	M	174	0	0	174	0
20260829	4291318	cmp-a001-02-000000010764328	grp-a001-02-000000069047580	프로틴바	nad-a001-02-000000553654554	bsn-a001-00-000000013604308	19	10	529514	M	2	0	0	2	0
20260829	4291318	cmp-a001-02-000000010764328	grp-a001-02-000000069047580	견과류세트	nad-a001-02-000000541753960	bsn-a001-00-000000013604308	19	18	529514	M	6	0	0	30	0
20260829	4291318	cmp-a001-02-000000010764328	grp-a001-02-000000069047580	견과류	nad-a001-02-000000541753999	bsn-a001-00-000000013604308	19	06	8753	M	2	0	0	3	0
20260829	4291318	cmp-a001-02-000000010764328	grp-a001-02-000000069047580	하루	nad-a001-02-000000553654562	bsn-a001-00-000000013604308	19	07	98128	M	2	0	0	10	0
20260829	4291318	cmp-a001-02-000000010764328	grp-a001-02-000000069047580	단백질바	nad-a001-02-000000553654558	bsn-a001-00-000000013604308	19	00	27758	P	2	0	0	6	0
20260829	4291318	cmp-a001-02-000000010764328	grp-a001-02-000000069047580	프로틴바	nad-a001-02-000000553654559	bsn-a001-00-000000013604308	19	09	684926	M	1	0	0	11	0
20260829	4291318	cmp-a001-02-000000010764328	grp-a001-02-000000069047580	하루	nad-a001-02-000000541753959	bsn-a001-00-000000013604308	19	11	612594	M	1	0	0	1	0
20260829	4291318	cmp-a001-02-000000010764328	grp-a001-02-000000069047580	젤리	nad-a001-02-000000541753985	bsn-a001-00-000000013604308	19	13	529514	M	4	0	0	4	0
20260829	4291318	cmp-a001-02-000000010764328	grp-a001-02-000000069047580	에너지바	nad-a001-02-000000553654554	bsn-a001-00-000000013604308	19	03	8753	M	1	0	0	1	0
20260829	4291318	cmp-a001-02-000000010764328	grp-a001-02-000000069047580	프로틴바	nad-a001-02-000000553654554	bsn-a001-00-000000013604308	19	99	529514	M	4	0	0	4	0
20260829	4291318	cmp-a001-02-000000010764328	grp-a001-02-000000069047580	간식간식	nad-a001-02-000000553654554	bsn-a001-00-000000013604308	19	02	98128	M	1	0	0	1	0
20260829	4291318	cmp-a001-02-000000010764328	grp-a001-02-000000069047580	견과류	nad-a001-02-000000541753960	bsn-a001-00-000000013604308	19	15	529514	M	29	0	0	87	0
20260829	4291318	cmp-a001-02-000000010764328	grp-a001-02-000000069047580	단백질보충제	nad-a001-02-000000553654562	bsn-a001-00-000000013604308	19	15	23123	P	2	0	0	2	0
20260829	4291318	cmp-a001-02-000000010764328	grp-a001-02-000000069047580	견과	nad-a001-02-000000541753959	bsn-a001-00-000000013604308	19	01	529514	M	2	0	0	3	0
20260829	4291318	cmp-a001-02-000000010764328	grp-a001-02-000000069047580	단백질	nad-a001-02-000000553654562	bsn-a001-00-000000013604308	19	09	529514	M	11	0	0	15	0
20260829	4291318	cmp-a001-02-000000010764328	grp-a001-02-000000069047580	하루견과	nad-a001-02-000000541753959	bsn-a001-00-000000013604308	19	00	23123	P	3	0	0	9	0
20260829	4291318	cmp-a001-02-000000010764328	grp-a001-02-000000069047580	견과세트	nad-a001-02-000000541753959	bsn-a001-00-000000013604308	19	16	768323	M	1	0	0	1	0
20260829	4291318	cmp-a001-02-000000010764328	grp-a001-02-000000069047580	야채분말	nad-a001-02-000000541753988	bsn-a001-00-000000013604308	19	08	341893	M	1	0	0	3	0
20260829	4291318	cmp-a001-02-000000010764328	grp-a001-02-000000069047580	단백질바	nad-a001-02-000000553654554	bsn-a001-00-000000013604308	19	13	11068	P	1	0	0	1	0
20260829	4291318	cmp-a001-02-000000010764328	grp-a001-02-000000069047580	하루견과	nad-a001-02-000000541753959	bsn-a001-00-000000013604308	19	07	684926	M	4	0	0	19	0
20260829	4291318	cmp-a001-02-000000010764328	grp-a001-02-000000069047580	쉐이크	nad-a001-02-000000553654562	bsn-a001-00-000000013604308	19	00	612593	P	1	0	0	1	0
20260829	4291318	cmp-a001-02-000000010764328	grp-a001-02-000000069047580	하루견과	nad-a001-02-000000541753999	bsn-a001-00-000000013604308	19	01	8753	M	1	0	0	1	0
20260829	4291318	cmp-a001-02-000000010764328	grp-a001-02-000000069047580	중국중량간식	nad-a001-02-000000541753999	bsn-a001-00-000000013604308	19	00	8753	M	1	0	0	1	0
20260829	4291318	cmp-a001-02-000000010764328	grp-a001-02-000000069047580	젤리	nad-a001-02-000000541753985	bsn-a001-00-000000013604308	19	04	8753	M	1	0	0	2	0
20260829	4291318	cmp-a001-02-000000010764328	grp-a001-02-000000069047580	에너지바	nad-a001-02-000000553654554	bsn-a001-00-000000013604308	19	15	529514	M	2	0	0	2	0
20260829	4291318	cmp-a001-02-000000010764328	grp-a001-02-000000069047580	견과류	nad-a001-02-000000541753959	bsn-a001-00-000000013604308	19	02	768323	M	1	0	0	2	0
20260829	4291318	cmp-a001-02-000000010764328	grp-a001-02-000000069047580	생식가루	nad-a001-02-000000541753997	bsn-a001-00-000000013604308	19	02	8753	M	2	0	0	4	0
20260829	4291318	cmp-a001-02-000000010764328	grp-a001-02-000000069047580	하루견과	nad-a001-02-000000541753999	bsn-a001-00-000000013604308	19	02	11068	P	3	0	0	9	0
20260829	4291318	cmp-a001-02-000000010764328	grp-a001-02-000000069047580	젤리	nad-a001-02-000000541753985	bsn-a001-00-000000013604308	19	18	684924	M	1	0	0	1	0
20260829	4291318	cmp-a001-02-000000010764328	grp-a001-02-000000069047580	하루	nad-a001-02-000000541753960	bsn-a001-00-000000013604308	19	09	137281	M	48	0	0	48	0
20260829	4291318	cmp-a001-02-000000010764328	grp-a001-02-000000069047580	하루견과	nad-a001-02-000000541753959	bsn-a001-00-000000013604308	19	11	8753	M	2	0	0	8	0
20260829	4291318	cmp-a001-02-000000010764328	grp-a001-02-000000069047580	견과류	nad-a001-02-000000541753960	bsn-a001-00-000000013604308	19	13	33421	M	1	0	0	2	0
20260829	4291318	cmp-a001-02-000000010764328	grp-a001-02-000000069047580	갓	nad-a001-02-000000541753959	bsn-a001-00-000000013604308	19	02	612594	M	1	0	0	1	0
20260829	4291318	cmp-a001-02-000000010764328	grp-a001-02-000000069047580	프로틴	nad-a001-02-000000553654562	bsn-a001-00-000000013604308	19	16	529514	M	20	0	0	20	0
20260829	4291318	cmp-a001-02-000000010764328	grp-a001-02-000000069047580	황성주생식	nad-a001-02-000000541753997	bsn-a001-00-000000013604308	19	99	612594	M	2	0	0	2	0
20260829	4291318	cmp-a001-02-000000010764328	grp-a001-02-000000069047580	프로틴쉐이크	nad-a001-02-000000553654562	bsn-a001-00-000000013604308	19	02	529514	M	6	0	0	6	0
20260829	4291318	cmp-a001-02-000000010764328	grp-a001-02-000000069047580	하루견과	nad-a001-02-000000541753999	bsn-a001-00-000000013604308	19	02	529514	M	15	0	0	20	0
20260829	4291318	cmp-a001-02-000000010764328	grp-a001-02-000000069047580	하루견과	nad-a001-02-000000541753999	bsn-a001-00-000000013604308	19	11	8753	M	3	0	0	3	0
20260829	4291318	cmp-a001-02-000000010764328	grp-a001-02-000000069047580	견과류추천	nad-a001-02-000000541753960	bsn-a001-00-000000013604308	19	06	8753	M	1	0	0	3	0
20260829	4291318	cmp-a001-02-000000010764328	grp-a001-02-000000069047580	하루견과	nad-a001-02-000000541753959	bsn-a001-00-000000013604308	19	18	684924	M	1	0	0	1	0
20260829	4291318	cmp-a001-02-000000010764328	grp-a001-02-000000069047580	에너지바	nad-a001-02-000000553654558	bsn-a001-00-000000013604308	19	09	33421	M	1	0	0	5	0
20260829	4291318	cmp-a001-02-000000010764328	grp-a001-02-000000069047580	하루견과	nad-a001-02-000000541753959	bsn-a001-00-000000013604308	19	15	8753	M	1	0	0	4	0
20260829	4291318	cmp-a001-02-000000010764328	grp-a001-02-000000069047580	황성주생식	nad-a001-02-000000541754005	bsn-a001-00-000000013604308	19	02	8753	M	1	0	0	4	0
20260829	4291318	cmp-a001-02-000000010764328	grp-a001-02-000000069047580	단백질보충제	nad-a001-02-000000553654562	bsn-a001-00-000000013604308	19	10	612594	M	1	0	0	1	0
20260829	4291318	cmp-a001-02-000000010764328	grp-a001-02-000000069047580	갓	nad-a001-02-000000541753999	bsn-a001-00-000000013604308	19	11	335738	P	1	0	0	1	0
20260829	4291318	cmp-a001-02-000000010764328	grp-a001-02-000000069047580	하루견과	nad-a001-02-000000541753999	bsn-a001-00-000000013604308	19	09	27758	P	2	0	0	3	0
20260829	4291318	cmp-a001-02-000000010764328	grp-a001-02-000000069047580	제리	nad-a001-02-000000541753985	bsn-a001-00-000000013604308	19	99	98128	M	3	0	0	6	0
20260829	4291318	cmp-a001-02-000000010764328	grp-a001-02-000000069047580	견과류	nad-a001-02-000000541753959	bsn-a001-00-000000013604308	19	11	8753	M	1	0	0	3	0
20260829	4291318	cmp-a001-02-000000010764328	grp-a001-02-000000069047580	하루견과	nad-a001-02-000000541753959	bsn-a001-00-000000013604308	19	03	33421	M	1	0	0	5	0
20260829	4291318	cmp-a001-02-000000010764328	grp-a001-02-000000069047580	견과	nad-a001-02-000000541753960	bsn-a001-00-000000013604308	19	07	137281	M	6	0	0	6	0
20260829	4291318	cmp-a001-02-000000010764328	grp-a001-02-000000069047580	디저트39단백질바	nad-a001-02-000000553654554	bsn-a001-00-000000013604308	19	02	8753	M	1	0	0	3	0
20260829	4291318	cmp-a001-02-000000010764328	grp-a001-02-000000069047580	하루	nad-a001-02-000000553654562	bsn-a001-00-000000013604308	19	09	612593	P	1	0	0	10	0
20260829	4291318	cmp-a001-02-000000010764328	grp-a001-02-000000069047580	헬스단백질보충제	nad-a001-02-000000553654562	bsn-a001-00-000000013604308	19	09	341893	M	1	0	0	1	0
20260829	4291318	cmp-a001-02-000000010764328	grp-a001-02-000000069047580	에너지바	nad-a001-02-000000553654558	bsn-a001-00-000000013604308	19	09	612594	M	1	0	0	2	0
20260829	4291318	cmp-a001-02-000000010764328	grp-a001-02-000000069047580	하루	nad-a001-02-000000541753960	bsn-a001-00-000000013604308	19	13	137281	M	28	0	0	28	0
20260829	4291318	cmp-a001-02-000000010764328	grp-a001-02-000000069047580	단백질바	nad-a001-02-000000553654559	bsn-a001-00-000000013604308	19	15	529514	M	2	0	0	7	0
20260829	4291318	cmp-a001-02-000000010764328	grp-a001-02-000000069047580	하루견과	nad-a001-02-000000541753959	bsn-a001-00-000000013604308	19	04	33421	M	2	0	0	10	0
20260829	4291318	cmp-a001-02-000000010764328	grp-a001-02-000000069047580	하루견과	nad-a001-02-000000541753959	bsn-a001-00-000000013604308	19	13	684924	M	1	0	0	1	0
20260829	4291318	cmp-a001-02-000000010764328	grp-a001-02-000000069047580	견과류	nad-a001-02-000000541753999	bsn-a001-00-000000013604308	19	00	529514	M	3	0	0	3	0
20260829	4291318	cmp-a001-02-000000010764328	grp-a001-02-000000069047580	견과류세트	nad-a001-02-000000541753959	bsn-a001-00-000000013604308	19	02	529514	M	2	0	0	8	0
20260829	4291318	cmp-a001-02-000000010764328	grp-a001-02-000000069047580	하루견과	nad-a001-02-000000541753999	bsn-a001-00-000000013604308	19	09	87620	M	3	1	1681	3	0
20260829	4291318	cmp-a001-02-000000010764328	grp-a001-02-000000069047580	견과세트	nad-a001-02-000000541753999	bsn-a001-00-000000013604308	19	11	768323	M	1	0	0	2	0
20260829	4291318	cmp-a001-02-000000010764328	grp-a001-02-000000069047580	견과류	nad-a001-02-000000541753959	bsn-a001-00-000000013604308	19	10	529514	M	22	0	0	44	0
20260829	4291318	cmp-a001-02-000000010764328	grp-a001-02-000000069047580	견과류간식	nad-a001-02-000000541753960	bsn-a001-00-000000013604308	19	09	8753	M	1	0	0	2	0
20260829	4291318	cmp-a001-02-000000010764328	grp-a001-02-000000069047580	단백질바추천	nad-a001-02-000000553654558	bsn-a001-00-000000013604308	19	08	8753	M	1	0	0	5	0
20260829	4291318	cmp-a001-02-000000010764328	grp-a001-02-000000069047580	하루견과	nad-a001-02-000000541753959	bsn-a001-00-000000013604308	19	01	529514	M	2	0	0	4	0
20260829	4291318	cmp-a001-02-000000010764328	grp-a001-02-000000069047580	아이허브단백질바	nad-a001-02-000000553654554	bsn-a001-00-000000013604308	19	02	8753	M	1	0	0	1	0
20260829	4291318	cmp-a001-02-000000010764328	grp-a001-02-000000069047580	하루견과	nad-a001-02-000000541753999	bsn-a001-00-000000013604308	19	09	684926	M	2	0	0	2	0
20260829	4291318	cmp-a001-02-000000010764328	grp-a001-02-000000069047580	프로틴	nad-a001-02-000000553654562	bsn-a001-00-000000013604308	19	03	768323	M	23	0	0	54	0
20260829	4291318	cmp-a001-02-000000010764328	grp-a001-02-000000069047580	프로틴바	nad-a001-02-000000553654554	bsn-a001-00-000000013604308	19	11	768323	M	1	0	0	1	0
20260829	4291318	cmp-a001-02-000000010764328	grp-a001-02-000000069047580	견과류	nad-a001-02-000000541753959	bsn-a001-00-000000013604308	19	01	684924	M	1	0	0	1	0
20260829	4291318	cmp-a001-02-000000010764328	grp-a001-02-000000069047580	갓	nad-a001-02-000000541753959	bsn-a001-00-000000013604308	19	18	8753	M	1	0	0	1	0
20260829	4291318	cmp-a001-02-000000010764328	grp-a001-02-000000069047580	프로틴파우더	nad-a001-02-000000553654562	bsn-a001-00-000000013604308	19	02	529514	M	2	0	0	2	0
20260829	4291318	cmp-a001-02-000000010764328	grp-a001-02-000000069047580	엄궁농산물시장견과류	nad-a001-02-000000541753960	bsn-a001-00-000000013604308	19	08	8753	M	1	0	0	1	0
20260829	4291318	cmp-a001-02-000000010764328	grp-a001-02-000000069047580	단백질보충제	nad-a001-02-000000553654562	bsn-a001-00-000000013604308	19	09	87620	M	1	0	0	1	0
20260829	4291318	cmp-a001-02-000000010764328	grp-a001-02-000000069047580	프로틴바	nad-a001-02-000000553654554	bsn-a001-00-000000013604308	19	99	768323	M	1	0	0	1	0
20260829	4291318	cmp-a001-02-000000010764328	grp-a001-02-000000069047580	에너지바	nad-a001-02-000000553654559	bsn-a001-00-000000013604308	19	07	529514	M	8	0	0	24	0
20260829	4291318	cmp-a001-02-000000010764328	grp-a001-02-000000069047580	견과류	nad-a001-02-000000541753959	bsn-a001-00-000000013604308	19	16	684924	M	1	0	0	1	0
20260829	4291318	cmp-a001-02-000000010764328	grp-a001-02-000000069047580	견과류	nad-a001-02-000000541753959	bsn-a001-00-000000013604308	19	13	33421	M	1	0	0	4	0
20260829	4291318	cmp-a001-02-000000010764328	grp-a001-02-000000069047580	하루견과	nad-a001-02-000000541753960	bsn-a001-00-000000013604308	19	08	8753	M	2	0	0	6	0
20260829	4291318	cmp-a001-02-000000010764328	grp-a001-02-000000069047580	하루견과	nad-a001-02-000000541753959	bsn-a001-00-000000013604308	19	04	529514	M	4	0	0	8	0
20260829	4291318	cmp-a001-02-000000010764328	grp-a001-02-000000069047580	에너지바	nad-a001-02-000000553654554	bsn-a001-00-000000013604308	19	02	11068	P	3	0	0	6	0
20260829	4291318	cmp-a001-02-000000010764328	grp-a001-02-000000069047580	황성주생식	nad-a001-02-000000541754005	bsn-a001-00-000000013604308	19	00	8753	M	2	0	0	8	0
20260829	4291318	cmp-a001-02-000000010764328	grp-a001-02-000000069047580	견과류	nad-a001-02-000000541753999	bsn-a001-00-000000013604308	19	04	529514	M	35	0	0	35	0
20260829	4291318	cmp-a001-02-000000010764328	grp-a001-02-000000069047580	생식가루	nad-a001-02-000000541753996	bsn-a001-00-000000013604308	19	04	8753	M	1	0	0	3	0
20260829	4291318	cmp-a001-02-000000010764328	grp-a001-02-000000069047580	프로틴바	nad-a001-02-000000553654559	bsn-a001-00-000000013604308	19	10	529514	M	2	0	0	7	0
20260829	4291318	cmp-a001-02-000000010764328	grp-a001-02-000000069047580	에너지바	nad-a001-02-000000553654558	bsn-a001-00-000000013604308	19	99	8753	M	1	0	0	4	0
20260829	4291318	cmp-a001-02-000000010764328	grp-a001-02-000000069047580	쉐이크	nad-a001-02-000000553654562	bsn-a001-00-000000013604308	19	16	98128	M	4	0	0	4	0
20260829	4291318	cmp-a001-02-000000010764328	grp-a001-02-000000069047580	단백질바	nad-a001-02-000000553654559	bsn-a001-00-000000013604308	19	02	529514	M	12	0	0	42	0
20260829	4291318	cmp-a001-02-000000010764328	grp-a001-02-000000069047580	생식가루	nad-a001-02-000000541753997	bsn-a001-00-000000013604308	19	15	8753	M	1	1	6314	2	0
20260829	4291318	cmp-a001-02-000000010764328	grp-a001-02-000000069047580	분말	nad-a001-02-000000541753996	bsn-a001-00-000000013604308	19	09	8753	M	1	0	0	4	0
20260829	4291318	cmp-a001-02-000000010764328	grp-a001-02-000000069047580	스토어	nad-a001-02-000000541753997	bsn-a001-00-000000013604308	19	04	98128	M	7	0	0	7	0
20260829	4291318	cmp-a001-02-000000010764328	grp-a001-02-000000069047580	견과류세트	nad-a001-02-000000541753999	bsn-a001-00-000000013604308	19	09	529514	M	6	0	0	15	0
20260829	4291318	cmp-a001-02-000000010764328	grp-a001-02-000000069047580	견과	nad-a001-02-000000541753960	bsn-a001-00-000000013604308	19	09	529514	M	3	0	0	11	0
20260829	4291318	cmp-a001-02-000000010764328	grp-a001-02-000000069047580	견과세트	nad-a001-02-000000541753960	bsn-a001-00-000000013604308	19	02	768323	M	5	0	0	17	0
20260829	4291318	cmp-a001-02-000000010764328	grp-a001-02-000000069047580	하루견과	nad-a001-02-000000541753960	bsn-a001-00-000000013604308	19	09	529514	M	14	0	0	42	0
20260829	4291318	cmp-a001-02-000000010764328	grp-a001-02-000000069047580	견과류비교	nad-a001-02-000000541753999	bsn-a001-00-000000013604308	19	09	27758	P	1	0	0	2	0
20260829	4291318	cmp-a001-02-000000010764328	grp-a001-02-000000069047580	골드프로틴	nad-a001-02-000000553654562	bsn-a001-00-000000013604308	19	04	8753	M	1	0	0	1	0
20260829	4291318	cmp-a001-02-000000010764328	grp-a001-02-000000069047580	견과류	nad-a001-02-000000541753959	bsn-a001-00-000000013604308	19	07	8753	M	1	0	0	5	0
20260829	4291318	cmp-a001-02-000000010764328	grp-a001-02-000000069047580	견과	nad-a001-02-000000541753959	bsn-a001-00-000000013604308	19	02	684927	P	1	0	0	7	0
20260829	4291318	cmp-a001-02-000000010764328	grp-a001-02-000000069047580	프로틴쉐이크	nad-a001-02-000000553654562	bsn-a001-00-000000013604308	19	11	529514	M	6	0	0	6	0
20260829	4291318	cmp-a001-02-000000010764328	grp-a001-02-000000069047580	하루견과	nad-a001-02-000000541753999	bsn-a001-00-000000013604308	19	13	8753	M	1	0	0	2	0
20260829	4291318	cmp-a001-02-000000010764328	grp-a001-02-000000069047580	프로틴바	nad-a001-02-000000553654554	bsn-a001-00-000000013604308	19	09	529514	M	30	0	0	30	0
20260829	4291318	cmp-a001-02-000000010764328	grp-a001-02-000000069047580	황성주생식	nad-a001-02-000000541754004	bsn-a001-00-000000013604308	19	02	633013	M	1	0	0	3	0
20260829	4291318	cmp-a001-02-000000010764328	grp-a001-02-000000069047580	황성주생식	nad-a001-02-000000541753997	bsn-a001-00-000000013604308	19	13	805760	M	1	0	0	1	0
20260829	4291318	cmp-a001-02-000000010764328	grp-a001-02-000000069047580	견과류	nad-a001-02-000000541753999	bsn-a001-00-000000013604308	19	06	529514	M	38	0	0	38	0
20260829	4291318	cmp-a001-02-000000010764328	grp-a001-02-000000069047580	하루견과	nad-a001-02-000000541753959	bsn-a001-00-000000013604308	19	01	684924	M	1	0	0	1	0
20260829	4291318	cmp-a001-02-000000010764328	grp-a001-02-000000069047580	프로틴쉐이크	nad-a001-02-000000553654562	bsn-a001-00-000000013604308	19	16	529514	M	2	0	0	2	0
20260829	4291318	cmp-a001-02-000000010764328	grp-a001-02-000000069047580	하루	nad-a001-02-000000553654562	bsn-a001-00-000000013604308	19	09	529514	M	1	0	0	6	0
20260829	4291318	cmp-a001-02-000000010764328	grp-a001-02-000000069047580	두바이단백질바	nad-a001-02-000000553654554	bsn-a001-00-000000013604308	19	09	8753	M	1	0	0	2	0
20260829	4291318	cmp-a001-02-000000010764328	grp-a001-02-000000069047580	갓	nad-a001-02-000000541753959	bsn-a001-00-000000013604308	19	03	8753	M	1	0	0	2	0
20260829	4291318	cmp-a001-02-000000010764328	grp-a001-02-000000069047580	균형영양식	nad-a001-02-000000541753965	bsn-a001-00-000000013604308	19	06	529514	M	2	0	0	7	0
20260829	4291318	cmp-a001-02-000000010764328	grp-a001-02-000000069047580	이마트견과류	nad-a001-02-000000541753959	bsn-a001-00-000000013604308	19	04	341893	M	1	0	0	1	0
20260829	4291318	cmp-a001-02-000000010764328	grp-a001-02-000000069047580	견과류	nad-a001-02-000000541753999	bsn-a001-00-000000013604308	19	16	8753	M	1	0	0	1	0
20260829	4291318	cmp-a001-02-000000010764328	grp-a001-02-000000069047580	균형영양식	nad-a001-02-000000541753965	bsn-a001-00-000000013604308	19	09	529514	M	1	0	0	5	0
20260829	4291318	cmp-a001-02-000000010764328	grp-a001-02-000000069047580	프로틴바	nad-a001-02-000000553654558	bsn-a001-00-000000013604308	19	11	768323	M	1	0	0	5	0
20260829	4291318	cmp-a001-02-000000010764328	grp-a001-02-000000069047580	에너지바	nad-a001-02-000000553654554	bsn-a001-00-000000013604308	19	09	529514	M	2	0	0	2	0
20260829	4291318	cmp-a001-02-000000010764328	grp-a001-02-000000069047580	에너지바	nad-a001-02-000000553654559	bsn-a001-00-000000013604308	19	09	529514	M	2	0	0	6	0
20260829	4291318	cmp-a001-02-000000010764328	grp-a001-02-000000069047580	프로틴바	nad-a001-02-000000553654559	bsn-a001-00-000000013604308	19	02	768323	M	4	0	0	44	0
20260829	4291318	cmp-a001-02-000000010764328	grp-a001-02-000000069047580	하루견과	nad-a001-02-000000541753960	bsn-a001-00-000000013604308	19	00	8753	M	1	1	2440	2	0
20260829	4291318	cmp-a001-02-000000010764328	grp-a001-02-000000069047580	하루견과	nad-a001-02-000000541753959	bsn-a001-00-000000013604308	19	02	8753	M	3	0	0	15	0
20260829	4291318	cmp-a001-02-000000010764328	grp-a001-02-000000069047580	단백질	nad-a001-02-000000553654562	bsn-a001-00-000000013604308	19	02	33421	M	1	0	0	7	0
20260829	4291318	cmp-a001-02-000000010764328	grp-a001-02-000000069047580	하루	nad-a001-02-000000541753999	bsn-a001-00-000000013604308	19	99	137281	M	1	0	0	2	0
20260829	4291318	cmp-a001-02-000000010764328	grp-a001-02-000000069047580	단백질	nad-a001-02-000000553654562	bsn-a001-00-000000013604308	19	02	98128	M	3	0	0	3	0
20260829	4291318	cmp-a001-02-000000010764328	grp-a001-02-000000069047580	황성주생식	nad-a001-02-000000541753996	bsn-a001-00-000000013604308	19	99	612594	M	2	0	0	6	0
20260829	4291318	cmp-a001-02-000000010764328	grp-a001-02-000000069047580	단백질파우더	nad-a001-02-000000553654562	bsn-a001-00-000000013604308	19	03	33421	M	1	0	0	12	0
20260829	4291318	cmp-a001-02-000000010764328	grp-a001-02-000000069047580	하루	nad-a001-02-000000541753999	bsn-a001-00-000000013604308	19	08	612594	M	1	0	0	4	0
20260829	4291318	cmp-a001-02-000000010764328	grp-a001-02-000000069047580	젤리	nad-a001-02-000000541753985	bsn-a001-00-000000013604308	19	99	768323	M	1	0	0	2	0
20260829	4291318	cmp-a001-02-000000010764328	grp-a001-02-000000069047580	하루견과	nad-a001-02-000000541753959	bsn-a001-00-000000013604308	19	99	8753	M	1	0	0	4	0
20260829	4291318	cmp-a001-02-000000010764328	grp-a001-02-000000069047580	프로틴	nad-a001-02-000000553654562	bsn-a001-00-000000013604308	19	08	529514	M	37	0	0	37	0
20260829	4291318	cmp-a001-02-000000010764328	grp-a001-02-000000069047580	프로틴바과자	nad-a001-02-000000553654554	bsn-a001-00-000000013604308	19	09	8753	M	2	0	0	3	0
20260829	4291318	cmp-a001-02-000000010764328	grp-a001-02-000000069047580	생뮬무가루안전성	nad-a001-02-000000541753996	bsn-a001-00-000000013604308	19	02	8753	M	1	0	0	3	0
20260829	4291318	cmp-a001-02-000000010764328	grp-a001-02-000000069047580	하루	nad-a001-02-000000541753960	bsn-a001-00-000000013604308	19	08	137281	M	16	0	0	16	0
20260829	4291318	cmp-a001-02-000000010764328	grp-a001-02-000000069047580	하루견과	nad-a001-02-000000541753999	bsn-a001-00-000000013604308	19	08	8753	M	2	1	2426	4	0
20260829	4291318	cmp-a001-02-000000010764328	grp-a001-02-000000069047580	견과세트	nad-a001-02-000000541753959	bsn-a001-00-000000013604308	19	04	768323	M	1	0	0	1	0
20260829	4291318	cmp-a001-02-000000010764328	grp-a001-02-000000069047580	견과류	nad-a001-02-000000541753959	bsn-a001-00-000000013604308	19	15	529514	M	29	0	0	58	0
20260829	4291318	cmp-a001-02-000000010764328	grp-a001-02-000000069047580	프로틴	nad-a001-02-000000553654562	bsn-a001-00-000000013604308	19	09	684926	M	2	0	0	6	0
20260829	4291318	cmp-a001-02-000000010764328	grp-a001-02-000000069047580	젤리추천	nad-a001-02-000000541753985	bsn-a001-00-000000013604308	19	09	137281	M	2	0	0	4	0
20260829	4291318	cmp-a001-02-000000010764328	grp-a001-02-000000069047580	스토어	nad-a001-02-000000541753997	bsn-a001-00-000000013604308	19	01	98128	M	2	0	0	2	0
20260829	4291318	cmp-a001-02-000000010764328	grp-a001-02-000000069047580	견과류	nad-a001-02-000000541753999	bsn-a001-00-000000013604308	19	18	684926	M	2	0	0	2	0
20260829	4291318	cmp-a001-02-000000010764328	grp-a001-02-000000069047580	에너지바	nad-a001-02-000000553654558	bsn-a001-00-000000013604308	19	02	529514	M	2	0	0	4	0
20260829	4291318	cmp-a001-02-000000010764328	grp-a001-02-000000069047580	견과류	nad-a001-02-000000541753999	bsn-a001-00-000000013604308	19	07	8753	M	1	0	0	4	0
20260829	4291318	cmp-a001-02-000000010764328	grp-a001-02-000000069047580	황성주생식	nad-a001-02-000000541753997	bsn-a001-00-000000013604308	19	99	8753	M	1	1	6259	2	0
20260829	4291318	cmp-a001-02-000000010764328	grp-a001-02-000000069047580	견과류	nad-a001-02-000000541753959	bsn-a001-00-000000013604308	19	06	529514	M	38	0	0	76	0
20260829	4291318	cmp-a001-02-000000010764328	grp-a001-02-000000069047580	견과류	nad-a001-02-000000541753960	bsn-a001-00-000000013604308	19	09	8753	M	9	0	0	24	0
20260829	4291318	cmp-a001-02-000000010764328	grp-a001-02-000000069047580	단백질쉐이크	nad-a001-02-000000553654562	bsn-a001-00-000000013604308	19	06	98128	M	2	0	0	2	0
20260829	4291318	cmp-a001-02-000000010764328	grp-a001-02-000000069047580	쉐이크	nad-a001-02-000000553654562	bsn-a001-00-000000013604308	19	09	98128	M	7	0	0	7	0
20260829	4291318	cmp-a001-02-000000010764328	grp-a001-02-000000069047580	프로틴바	nad-a001-02-000000553654558	bsn-a001-00-000000013604308	19	02	98128	M	4	0	0	8	0
20260829	4291318	cmp-a001-02-000000010764328	grp-a001-02-000000069047580	단백질보충제	nad-a001-02-000000553654562	bsn-a001-00-000000013604308	19	15	529514	M	2	0	0	2	0
20260829	4291318	cmp-a001-02-000000010764328	grp-a001-02-000000069047580	단백질바	nad-a001-02-000000553654554	bsn-a001-00-000000013604308	19	99	8753	M	1	0	0	4	0
20260829	4291318	cmp-a001-02-000000010764328	grp-a001-02-000000069047580	견과류	nad-a001-02-000000541753960	bsn-a001-00-000000013604308	19	07	8753	M	1	0	0	3	0
20260829	4291318	cmp-a001-02-000000010764328	grp-a001-02-000000069047580	하루견과	nad-a001-02-000000541753999	bsn-a001-00-000000013604308	19	02	791889	P	1	0	0	2	0
20260829	4291318	cmp-a001-02-000000010764328	grp-a001-02-000000069047580	단백질바	nad-a001-02-000000553654559	bsn-a001-00-000000013604308	19	09	33421	M	1	0	0	4	0
20260829	4291318	cmp-a001-02-000000010764328	grp-a001-02-000000069047580	황성주생식	nad-a001-02-000000541754004	bsn-a001-00-000000013604308	19	02	8753	M	1	0	0	2	0
20260829	4291318	cmp-a001-02-000000010764328	grp-a001-02-000000069047580	하루견과	nad-a001-02-000000541753960	bsn-a001-00-000000013604308	19	04	33421	M	2	0	0	5	0
20260829	4291318	cmp-a001-02-000000010764328	grp-a001-02-000000069047580	갓	nad-a001-02-000000541753999	bsn-a001-00-000000013604308	19	18	8753	M	1	0	0	3	0
20260829	4291318	cmp-a001-02-000000010764328	grp-a001-02-000000069047580	다이어트쉐이크	nad-a001-02-000000553654562	bsn-a001-00-000000013604308	19	04	529514	M	2	0	0	2	0
20260829	4291318	cmp-a001-02-000000010764328	grp-a001-02-000000069047580	견과류	nad-a001-02-000000541753999	bsn-a001-00-000000013604308	19	08	27758	P	1	0	0	1	0
20260829	4291318	cmp-a001-02-000000010764328	grp-a001-02-000000069047580	견과류	nad-a001-02-000000541753999	bsn-a001-00-000000013604308	19	17	8753	M	1	0	0	3	0
20260829	4291318	cmp-a001-02-000000010764328	grp-a001-02-000000069047580	단백질바	nad-a001-02-000000553654554	bsn-a001-00-000000013604308	19	00	27758	P	2	0	0	4	0
20260829	4291318	cmp-a001-02-000000010764328	grp-a001-02-000000069047580	견과류	nad-a001-02-000000541753959	bsn-a001-00-000000013604308	19	13	684924	M	1	0	0	1	0
20260829	4291318	cmp-a001-02-000000010764328	grp-a001-02-000000069047580	두나미스하루견과	nad-a001-02-000000541753960	bsn-a001-00-000000013604308	19	02	341893	M	1	0	0	1	0
20260829	4291318	cmp-a001-02-000000010764328	grp-a001-02-000000069047580	에너지바	nad-a001-02-000000553654558	bsn-a001-00-000000013604308	19	11	8753	M	1	0	0	5	0
20260829	4291318	cmp-a001-02-000000010764328	grp-a001-02-000000069047580	젤리	nad-a001-02-000000541753985	bsn-a001-00-000000013604308	19	03	684924	M	1	0	0	1	0
20260829	4291318	cmp-a001-02-000000010764328	grp-a001-02-000000069047580	프로틴쉐이크	nad-a001-02-000000553654562	bsn-a001-00-000000013604308	19	18	529514	M	2	0	0	2	0
20260829	4291318	cmp-a001-02-000000010764328	grp-a001-02-000000069047580	하루	nad-a001-02-000000541753960	bsn-a001-00-000000013604308	19	09	612594	M	2	0	0	16	0
20260829	4291318	cmp-a001-02-000000010764328	grp-a001-02-000000069047580	엄마사랑해	nad-a001-02-000000553654554	bsn-a001-00-000000013604308	19	15	8753	M	1	0	0	1	0
20260829	4291318	cmp-a001-02-000000010764328	grp-a001-02-000000069047580	에너지바	nad-a001-02-000000553654558	bsn-a001-00-000000013604308	19	07	529514	M	8	0	0	16	0
20260829	4291318	cmp-a001-02-000000010764328	grp-a001-02-000000069047580	생식가루	nad-a001-02-000000541753997	bsn-a001-00-000000013604308	19	04	8753	M	1	0	0	1	0
20260829	4291318	cmp-a001-02-000000010764328	grp-a001-02-000000069047580	견과류	nad-a001-02-000000541753999	bsn-a001-00-000000013604308	19	01	684924	M	1	0	0	1	0
20260829	4291318	cmp-a001-02-000000010764328	grp-a001-02-000000069047580	젤리	nad-a001-02-000000541753985	bsn-a001-00-000000013604308	19	02	137281	M	26	0	0	26	0
20260829	4291318	cmp-a001-02-000000010764328	grp-a001-02-000000069047580	젤리	nad-a001-02-000000541753985	bsn-a001-00-000000013604308	19	02	27758	P	2	0	0	8	0
20260829	4291318	cmp-a001-02-000000010764328	grp-a001-02-000000069047580	단백질쉐이크	nad-a001-02-000000553654562	bsn-a001-00-000000013604308	19	01	529514	M	4	0	0	4	0
20260829	4291318	cmp-a001-02-000000010764328	grp-a001-02-000000069047580	프로틴	nad-a001-02-000000553654562	bsn-a001-00-000000013604308	19	06	684926	M	1	0	0	23	0
20260829	4291318	cmp-a001-02-000000010764328	grp-a001-02-000000069047580	단백질바	nad-a001-02-000000553654558	bsn-a001-00-000000013604308	19	99	529514	M	4	0	0	8	0
20260829	4291318	cmp-a001-02-000000010764328	grp-a001-02-000000069047580	견과류	nad-a001-02-000000541753999	bsn-a001-00-000000013604308	19	16	529514	M	20	0	0	20	0
20260829	4291318	cmp-a001-02-000000010764328	grp-a001-02-000000069047580	에너지바	nad-a001-02-000000553654554	bsn-a001-00-000000013604308	19	04	8753	M	1	0	0	2	0
20260829	4291318	cmp-a001-02-000000010764328	grp-a001-02-000000069047580	견과류	nad-a001-02-000000541753959	bsn-a001-00-000000013604308	19	01	529514	M	28	0	0	53	0
20260829	4291318	cmp-a001-02-000000010764328	grp-a001-02-000000069047580	단백질쉐이크	nad-a001-02-000000553654562	bsn-a001-00-000000013604308	19	99	529514	M	38	0	0	38	0
20260829	4291318	cmp-a001-02-000000010764328	grp-a001-02-000000069047580	에너지바	nad-a001-02-000000553654554	bsn-a001-00-000000013604308	19	09	612594	M	1	0	0	1	0
20260829	4291318	cmp-a001-02-000000010764328	grp-a001-02-000000069047580	단백질보충제	nad-a001-02-000000553654562	bsn-a001-00-000000013604308	19	99	612594	M	2	0	0	2	0
20260829	4291318	cmp-a001-02-000000010764328	grp-a001-02-000000069047580	견과류세트	nad-a001-02-000000541753999	bsn-a001-00-000000013604308	19	02	529514	M	2	0	0	5	0
20260829	4291318	cmp-a001-02-000000010764328	grp-a001-02-000000069047580	분말	nad-a001-02-000000541754004	bsn-a001-00-000000013604308	19	09	8753	M	1	0	0	3	0
20260829	4291318	cmp-a001-02-000000010764328	grp-a001-02-000000069047580	하루견과	nad-a001-02-000000541753959	bsn-a001-00-000000013604308	19	09	87620	M	3	0	0	9	0
20260829	4291318	cmp-a001-02-000000010764328	grp-a001-02-000000069047580	젤리	nad-a001-02-000000541753985	bsn-a001-00-000000013604308	19	02	684926	M	1	0	0	1	0
20260829	4291318	cmp-a001-02-000000010764328	grp-a001-02-000000069047580	프로틴	nad-a001-02-000000553654562	bsn-a001-00-000000013604308	19	15	768323	M	4	0	0	9	0
20260829	4291318	cmp-a001-02-000000010764328	grp-a001-02-000000069047580	견과류	nad-a001-02-000000541753959	bsn-a001-00-000000013604308	19	11	684926	M	1	0	0	3	0
20260829	4291318	cmp-a001-02-000000010764328	grp-a001-02-000000069047580	하루견과	nad-a001-02-000000541753959	bsn-a001-00-000000013604308	19	11	684924	M	2	0	0	2	0
20260829	4291318	cmp-a001-02-000000010764328	grp-a001-02-000000069047580	견과류세트	nad-a001-02-000000541753999	bsn-a001-00-000000013604308	19	09	8753	M	2	1	2598	2	0
20260829	4291318	cmp-a001-02-000000010764328	grp-a001-02-000000069047580	젤리	nad-a001-02-000000541753985	bsn-a001-00-000000013604308	19	16	684926	M	1	0	0	1	0
20260829	4291318	cmp-a001-02-000000010764328	grp-a001-02-000000069047580	견과	nad-a001-02-000000541753959	bsn-a001-00-000000013604308	19	10	529514	M	11	0	0	21	0
20260829	4291318	cmp-a001-02-000000010764328	grp-a001-02-000000069047580	젤리	nad-a001-02-000000541753985	bsn-a001-00-000000013604308	19	09	529514	M	2	0	0	4	0
20260829	4291318	cmp-a001-02-000000010764328	grp-a001-02-000000069047580	견과류	nad-a001-02-000000541753959	bsn-a001-00-000000013604308	19	03	684926	M	4	0	0	12	0
20260829	4291318	cmp-a001-02-000000010764328	grp-a001-02-000000069047580	견과류	nad-a001-02-000000541753960	bsn-a001-00-000000013604308	19	99	529514	M	156	0	0	466	0
20260829	4291318	cmp-a001-02-000000010764328	grp-a001-02-000000069047580	스토어	nad-a001-02-000000541753997	bsn-a001-00-000000013604308	19	08	98128	M	2	0	0	2	0
20260829	4291318	cmp-a001-02-000000010764328	grp-a001-02-000000069047580	하루견과	nad-a001-02-000000541753999	bsn-a001-00-000000013604308	19	09	529514	M	14	0	0	14	0
20260829	4291318	cmp-a001-02-000000010764328	grp-a001-02-000000069047580	견과류	nad-a001-02-000000541753999	bsn-a001-00-000000013604308	19	02	768323	M	1	0	0	1	0
20260829	4291318	cmp-a001-02-000000010764328	grp-a001-02-000000069047580	프로틴바	nad-a001-02-000000553654558	bsn-a001-00-000000013604308	19	08	529514	M	18	0	0	36	0
20260829	4291318	cmp-a001-02-000000010764328	grp-a001-02-000000069047580	황성주생식	nad-a001-02-000000541753997	bsn-a001-00-000000013604308	19	00	8753	M	2	0	0	2	0
20260829	4291318	cmp-a001-02-000000010764328	grp-a001-02-000000069047580	하루견과	nad-a001-02-000000541753999	bsn-a001-00-000000013604308	19	18	8753	M	2	0	0	2	0
20260829	4291318	cmp-a001-02-000000010764328	grp-a001-02-000000069047580	견과류보관방법	nad-a001-02-000000541753960	bsn-a001-00-000000013604308	19	13	8753	M	1	0	0	2	0
20260829	4291318	cmp-a001-02-000000010764328	grp-a001-02-000000069047580	단백질	nad-a001-02-000000553654562	bsn-a001-00-000000013604308	19	99	529514	M	16	0	0	16	0
20260829	4291318	cmp-a001-02-000000010764328	grp-a001-02-000000069047580	하루	nad-a001-02-000000541753959	bsn-a001-00-000000013604308	19	11	98128	M	1	0	0	3	0
20260829	4291318	cmp-a001-02-000000010764328	grp-a001-02-000000069047580	견과류쇼핑몰	nad-a001-02-000000541753999	bsn-a001-00-000000013604308	19	01	8753	M	1	0	0	2	0
20260829	4291318	cmp-a001-02-000000010764328	grp-a001-02-000000069047580	하루견과	nad-a001-02-000000541753959	bsn-a001-00-000000013604308	19	11	684926	M	1	0	0	8	0
20260829	4291318	cmp-a001-02-000000010764328	grp-a001-02-000000069047580	사탕젤리	nad-a001-02-000000541753985	bsn-a001-00-000000013604308	19	07	87620	M	1	0	0	2	0
20260829	4291318	cmp-a001-02-000000010764328	grp-a001-02-000000069047580	젤리	nad-a001-02-000000541753985	bsn-a001-00-000000013604308	19	03	137281	M	3	0	0	3	0
20260829	4291318	cmp-a001-02-000000010764328	grp-a001-02-000000069047580	하루견과	nad-a001-02-000000541753999	bsn-a001-00-000000013604308	19	07	8753	M	1	0	0	3	0
20260829	4291318	cmp-a001-02-000000010764328	grp-a001-02-000000069047580	프로틴쉐이크	nad-a001-02-000000553654562	bsn-a001-00-000000013604308	19	99	529514	M	4	0	0	4	0
20260829	4291318	cmp-a001-02-000000010764328	grp-a001-02-000000069047580	견과류	nad-a001-02-000000541753960	bsn-a001-00-000000013604308	19	16	8753	M	1	0	0	2	0
20260829	4291318	cmp-a001-02-000000010764328	grp-a001-02-000000069047580	스토어	nad-a001-02-000000541753997	bsn-a001-00-000000013604308	19	99	98128	M	5	0	0	5	0
20260829	4291318	cmp-a001-02-000000010764328	grp-a001-02-000000069047580	단백질바	nad-a001-02-000000553654558	bsn-a001-00-000000013604308	19	15	529514	M	2	0	0	4	0
20260829	4291318	cmp-a001-02-000000010764328	grp-a001-02-000000069047580	견과류쇼핑몰	nad-a001-02-000000541753959	bsn-a001-00-000000013604308	19	01	8753	M	1	0	0	4	0
20260829	4291318	cmp-a001-02-000000010764328	grp-a001-02-000000069047580	단백질보충제	nad-a001-02-000000553654562	bsn-a001-00-000000013604308	19	03	23123	P	1	0	0	2	0
20260829	4291318	cmp-a001-02-000000010764328	grp-a001-02-000000069047580	에너지바	nad-a001-02-000000553654558	bsn-a001-00-000000013604308	19	00	8753	M	2	0	0	6	0
20260829	4291318	cmp-a001-02-000000010764328	grp-a001-02-000000069047580	단백질	nad-a001-02-000000553654562	bsn-a001-00-000000013604308	19	01	98128	M	3	0	0	3	0
20260829	4291318	cmp-a001-02-000000010764328	grp-a001-02-000000069047580	하루견과	nad-a001-02-000000541753960	bsn-a001-00-000000013604308	19	09	8753	M	9	0	0	26	0
20260829	4291318	cmp-a001-02-000000010764328	grp-a001-02-000000069047580	단백질쉐이크	nad-a001-02-000000553654562	bsn-a001-00-000000013604308	19	16	98128	M	12	0	0	15	0
20260829	4291318	cmp-a001-02-000000010764328	grp-a001-02-000000069047580	갓	nad-a001-02-000000541753999	bsn-a001-00-000000013604308	19	02	684924	M	2	0	0	2	0
20260829	4291318	cmp-a001-02-000000010764328	grp-a001-02-000000069047580	젤리	nad-a001-02-000000541753985	bsn-a001-00-000000013604308	19	06	529514	M	2	0	0	4	0
20260829	4291318	cmp-a001-02-000000010764328	grp-a001-02-000000069047580	에너지바	nad-a001-02-000000553654558	bsn-a001-00-000000013604308	19	09	529514	M	2	0	0	4	0
20260829	4291318	cmp-a001-02-000000010764328	grp-a001-02-000000069047580	칼로리바	nad-a001-02-000000553654554	bsn-a001-00-000000013604308	19	13	684924	M	1	0	0	1	0
20260829	4291318	cmp-a001-02-000000010764328	grp-a001-02-000000069047580	견과류많이섭취	nad-a001-02-000000541753960	bsn-a001-00-000000013604308	19	09	8753	M	1	0	0	1	0
20260829	4291318	cmp-a001-02-000000010764328	grp-a001-02-000000069047580	식물성단백질	nad-a001-02-000000553654562	bsn-a001-00-000000013604308	19	99	529514	M	2	0	0	2	0
20260829	4291318	cmp-a001-02-000000010764328	grp-a001-02-000000069047580	단백질보충제	nad-a001-02-000000553654562	bsn-a001-00-000000013604308	19	18	684926	M	1	0	0	26	0
20260829	4291318	cmp-a001-02-000000010764328	grp-a001-02-000000069047580	견과류	nad-a001-02-000000541753959	bsn-a001-00-000000013604308	19	04	529514	M	35	0	0	70	0
20260829	4291318	cmp-a001-02-000000010764328	grp-a001-02-000000069047580	하루	nad-a001-02-000000541753999	bsn-a001-00-000000013604308	19	07	98128	M	2	0	0	4	0
20260829	4291318	cmp-a001-02-000000010764328	grp-a001-02-000000069047580	견과류	nad-a001-02-000000541753999	bsn-a001-00-000000013604308	19	02	684924	M	1	0	0	1	0
20260829	4291318	cmp-a001-02-000000010764328	grp-a001-02-000000069047580	단백질바	nad-a001-02-000000553654559	bsn-a001-00-000000013604308	19	99	529514	M	4	0	0	33	0
20260829	4291318	cmp-a001-02-000000010764328	grp-a001-02-000000069047580	견과류세트	nad-a001-02-000000541753959	bsn-a001-00-000000013604308	19	18	529514	M	6	0	0	24	0
20260829	4291318	cmp-a001-02-000000010764328	grp-a001-02-000000069047580	단백질바	nad-a001-02-000000553654558	bsn-a001-00-000000013604308	19	01	529514	M	2	0	0	4	0
20260829	4291318	cmp-a001-02-000000010764328	grp-a001-02-000000069047580	하루견과	nad-a001-02-000000541753999	bsn-a001-00-000000013604308	19	10	87620	M	1	0	0	1	0
20260829	4291318	cmp-a001-02-000000010764328	grp-a001-02-000000069047580	단백질	nad-a001-02-000000553654562	bsn-a001-00-000000013604308	19	16	98128	M	4	0	0	4	0
20260829	4291318	cmp-a001-02-000000010764328	grp-a001-02-000000069047580	프로틴바	nad-a001-02-000000553654554	bsn-a001-00-000000013604308	19	02	8753	M	6	0	0	13	0
20260829	4291318	cmp-a001-02-000000010764328	grp-a001-02-000000069047580	보충제	nad-a001-02-000000553654562	bsn-a001-00-000000013604308	19	08	137281	M	3	0	0	3	0
20260829	4291318	cmp-a001-02-000000010764328	grp-a001-02-000000069047580	견과류	nad-a001-02-000000541753960	bsn-a001-00-000000013604308	19	06	8753	M	2	0	0	6	0
20260829	4291318	cmp-a001-02-000000010764328	grp-a001-02-000000069047580	견과류	nad-a001-02-000000541753960	bsn-a001-00-000000013604308	19	06	529514	M	38	0	0	114	0
20260829	4291318	cmp-a001-02-000000010764328	grp-a001-02-000000069047580	견과류	nad-a001-02-000000541753999	bsn-a001-00-000000013604308	19	08	684926	M	5	0	0	5	0
20260829	4291318	cmp-a001-02-000000010764328	grp-a001-02-000000069047580	제리	nad-a001-02-000000541753985	bsn-a001-00-000000013604308	19	06	684924	M	1	0	0	1	0
20260829	4291318	cmp-a001-02-000000010764328	grp-a001-02-000000069047580	PROTEIN	nad-a001-02-000000553654562	bsn-a001-00-000000013604308	19	02	612594	M	1	0	0	2	0
20260829	4291318	cmp-a001-02-000000010764328	grp-a001-02-000000069047580	젤리	nad-a001-02-000000541753985	bsn-a001-00-000000013604308	19	07	529514	M	27	0	0	31	0
20260829	4291318	cmp-a001-02-000000010764328	grp-a001-02-000000069047580	황성주생식	nad-a001-02-000000541753996	bsn-a001-00-000000013604308	19	02	8753	M	1	0	0	3	0
20260829	4291318	cmp-a001-02-000000010764328	grp-a001-02-000000069047580	견과류	nad-a001-02-000000541753999	bsn-a001-00-000000013604308	19	01	529514	M	28	0	0	33	0
20260829	4291318	cmp-a001-02-000000010764328	grp-a001-02-000000069047580	프로틴바	nad-a001-02-000000553654559	bsn-a001-00-000000013604308	19	11	768323	M	1	0	0	11	0
20260829	4291318	cmp-a001-02-000000010764328	grp-a001-02-000000069047580	생식가루	nad-a001-02-000000541753996	bsn-a001-00-000000013604308	19	09	8753	M	1	0	0	3	0
20260829	4291318	cmp-a001-02-000000010764328	grp-a001-02-000000069047580	단백질	nad-a001-02-000000553654562	bsn-a001-00-000000013604308	19	09	98128	M	6	0	0	6	0
20260829	4291318	cmp-a001-02-000000010764328	grp-a001-02-000000069047580	하루견과	nad-a001-02-000000541753959	bsn-a001-00-000000013604308	19	13	8753	M	1	0	0	5	0
20260829	4291318	cmp-a001-02-000000010764328	grp-a001-02-000000069047580	원데이너츠풀스키친	nad-a001-02-000000541753999	bsn-a001-00-000000013604308	19	09	341898	M	1	0	0	1	0
20260829	4291318	cmp-a001-02-000000010764328	grp-a001-02-000000069047580	젤리	nad-a001-02-000000541753985	bsn-a001-00-000000013604308	19	08	98128	M	1	0	0	2	0
20260829	4291318	cmp-a001-02-000000010764328	grp-a001-02-000000069047580	견과류세트	nad-a001-02-000000541753959	bsn-a001-00-000000013604308	19	99	529514	M	2	0	0	8	0
20260829	4291318	cmp-a001-02-000000010764328	grp-a001-02-000000069047580	견과류	nad-a001-02-000000541753960	bsn-a001-00-000000013604308	19	04	33421	M	1	0	0	3	0
20260829	4291318	cmp-a001-02-000000010764328	grp-a001-02-000000069047580	견과류쇼핑몰	nad-a001-02-000000541753960	bsn-a001-00-000000013604308	19	01	8753	M	1	0	0	3	0
20260829	4291318	cmp-a001-02-000000010764328	grp-a001-02-000000069047580	견과류	nad-a001-02-000000541753959	bsn-a001-00-000000013604308	19	09	684924	M	7	0	0	7	0
20260829	4291318	cmp-a001-02-000000010764328	grp-a001-02-000000069047580	황성주생식	nad-a001-02-000000541753997	bsn-a001-00-000000013604308	19	09	8753	M	3	0	0	6	0
20260829	4291318	cmp-a001-02-000000010764328	grp-a001-02-000000069047580	다이어트쉐이크	nad-a001-02-000000553654562	bsn-a001-00-000000013604308	19	02	768323	M	3	0	0	4	0
20260829	4291318	cmp-a001-02-000000010764328	grp-a001-02-000000069047580	하루만	nad-a001-02-000000541753960	bsn-a001-00-000000013604308	19	01	529514	M	1	0	0	5	0
20260829	4291318	cmp-a001-02-000000010764328	grp-a001-02-000000069047580	프로틴바	nad-a001-02-000000553654554	bsn-a001-00-000000013604308	19	08	529514	M	18	0	0	18	0
20260829	4291318	cmp-a001-02-000000010764328	grp-a001-02-000000069047580	프로틴보충제	nad-a001-02-000000553654562	bsn-a001-00-000000013604308	19	02	529514	M	7	0	0	14	0
20260829	4291318	cmp-a001-02-000000010764328	grp-a001-02-000000069047580	프로틴	nad-a001-02-000000553654562	bsn-a001-00-000000013604308	19	02	137281	M	6	0	0	6	0
20260829	4291318	cmp-a001-02-000000010764328	grp-a001-02-000000069047580	단백질쉐이크	nad-a001-02-000000553654562	bsn-a001-00-000000013604308	19	09	529514	M	85	0	0	85	0
20260829	4291318	cmp-a001-02-000000010764328	grp-a001-02-000000069047580	프로틴쉐이크	nad-a001-02-000000553654562	bsn-a001-00-000000013604308	19	08	529514	M	2	0	0	2	0
20260829	4291318	cmp-a001-02-000000010764328	grp-a001-02-000000069047580	하루견과	nad-a001-02-000000541753999	bsn-a001-00-000000013604308	19	00	23123	P	3	0	0	6	0
20260829	4291318	cmp-a001-02-000000010764328	grp-a001-02-000000069047580	견과세트	nad-a001-02-000000541753960	bsn-a001-00-000000013604308	19	99	768323	M	4	0	0	15	0
20260829	4291318	cmp-a001-02-000000010764328	grp-a001-02-000000069047580	단백질바	nad-a001-02-000000553654554	bsn-a001-00-000000013604308	19	03	11068	P	1	0	0	1	0
20260829	4291318	cmp-a001-02-000000010764328	grp-a001-02-000000069047580	프로틴	nad-a001-02-000000553654562	bsn-a001-00-000000013604308	19	02	529514	M	148	0	0	148	0
20260829	4291318	cmp-a001-02-000000010764328	grp-a001-02-000000069047580	프로틴	nad-a001-02-000000553654562	bsn-a001-00-000000013604308	19	04	684927	P	2	0	0	6	0
20260829	4291318	cmp-a001-02-000000010764328	grp-a001-02-000000069047580	골다공증에좋은견과류	nad-a001-02-000000541753999	bsn-a001-00-000000013604308	19	02	8753	M	1	0	0	3	0
20260829	4291318	cmp-a001-02-000000010764328	grp-a001-02-000000069047580	젤리	nad-a001-02-000000541753985	bsn-a001-00-000000013604308	19	06	98128	M	2	0	0	3	0
20260829	4291318	cmp-a001-02-000000010764328	grp-a001-02-000000069047580	하루견과	nad-a001-02-000000541753960	bsn-a001-00-000000013604308	19	11	8753	M	3	0	0	7	0
20260829	4291318	cmp-a001-02-000000010764328	grp-a001-02-000000069047580	견과류	nad-a001-02-000000541753960	bsn-a001-00-000000013604308	19	01	529514	M	28	0	0	82	0
20260829	4291318	cmp-a001-02-000000010764328	grp-a001-02-000000069047580	하루견과시그니처	nad-a001-02-000000541753960	bsn-a001-00-000000013604308	19	09	341893	M	1	0	0	1	0
20260829	4291318	cmp-a001-02-000000010764328	grp-a001-02-000000069047580	스토어	nad-a001-02-000000541753997	bsn-a001-00-000000013604308	19	18	98128	M	4	0	0	4	0
20260829	4291318	cmp-a001-02-000000010764328	grp-a001-02-000000069047580	하루선식	nad-a001-02-000000541753997	bsn-a001-00-000000013604308	19	10	341893	M	1	0	0	1	0
20260829	4291318	cmp-a001-02-000000010764328	grp-a001-02-000000069047580	스토어	nad-a001-02-000000541753997	bsn-a001-00-000000013604308	19	16	98128	M	1	0	0	1	0
20260829	4291318	cmp-a001-02-000000010764328	grp-a001-02-000000069047580	견과류	nad-a001-02-000000541753960	bsn-a001-00-000000013604308	19	02	8753	M	8	0	0	21	0
20260829	4291318	cmp-a001-02-000000010764328	grp-a001-02-000000069047580	황성주생식	nad-a001-02-000000541753988	bsn-a001-00-000000013604308	19	00	8753	M	1	0	0	5	0
20260829	4291318	cmp-a001-02-000000010764328	grp-a001-02-000000069047580	단백질쉐이크	nad-a001-02-000000553654562	bsn-a001-00-000000013604308	19	08	98128	M	12	0	0	12	0
20260829	4291318	cmp-a001-02-000000010764328	grp-a001-02-000000069047580	단백질보충제	nad-a001-02-000000553654562	bsn-a001-00-000000013604308	19	04	529514	M	9	0	0	9	0
20260829	4291318	cmp-a001-02-000000010764328	grp-a001-02-000000069047580	에너지바	nad-a001-02-000000553654554	bsn-a001-00-000000013604308	19	02	8753	M	3	0	0	5	0
20260829	4291318	cmp-a001-02-000000010764328	grp-a001-02-000000069047580	젤리	nad-a001-02-000000541753985	bsn-a001-00-000000013604308	19	02	8753	M	3	0	0	8	0
20260829	4291318	cmp-a001-02-000000010764328	grp-a001-02-000000069047580	단백질바	nad-a001-02-000000553654558	bsn-a001-00-000000013604308	19	09	8753	M	2	0	0	5	0
20260829	4291318	cmp-a001-02-000000010764328	grp-a001-02-000000069047580	에너지바	nad-a001-02-000000553654559	bsn-a001-00-000000013604308	19	06	684926	M	1	0	0	6	0
20260829	4291318	cmp-a001-02-000000010764328	grp-a001-02-000000069047580	단백질바칼로리	nad-a001-02-000000553654554	bsn-a001-00-000000013604308	19	09	8753	M	1	0	0	2	0
20260829	4291318	cmp-a001-02-000000010764328	grp-a001-02-000000069047580	하루	nad-a001-02-000000541753960	bsn-a001-00-000000013604308	19	16	137281	M	1	0	0	1	0
20260829	4291318	cmp-a001-02-000000010764328	grp-a001-02-000000069047580	고마워요하루견과	nad-a001-02-000000541753959	bsn-a001-00-000000013604308	19	13	341893	M	1	0	0	1	0
20260829	4291318	cmp-a001-02-000000010764328	grp-a001-02-000000069047580	견과류	nad-a001-02-000000541753959	bsn-a001-00-000000013604308	19	99	529514	M	156	0	0	312	0
20260829	4291318	cmp-a001-02-000000010764328	grp-a001-02-000000069047580	균형영양식	nad-a001-02-000000541753965	bsn-a001-00-000000013604308	19	02	529514	M	2	0	0	7	0
20260829	4291318	cmp-a001-02-000000010764328	grp-a001-02-000000069047580	견과세트	nad-a001-02-000000541753959	bsn-a001-00-000000013604308	19	09	768323	M	2	0	0	2	0
20260829	4291318	cmp-a001-02-000000010764328	grp-a001-02-000000069047580	균형영양식	nad-a001-02-000000541753965	bsn-a001-00-000000013604308	19	15	529514	M	2	0	0	7	0
20260829	4291318	cmp-a001-02-000000010764328	grp-a001-02-000000069047580	프로틴	nad-a001-02-000000553654562	bsn-a001-00-000000013604308	19	99	768323	M	70	0	0	171	0
20260829	4291318	cmp-a001-02-000000010764328	grp-a001-02-000000069047580	프로틴	nad-a001-02-000000553654562	bsn-a001-00-000000013604308	19	10	768323	M	14	0	0	32	0
20260829	4291318	cmp-a001-02-000000010764328	grp-a001-02-000000069047580	ISP단백질	nad-a001-02-000000553654562	bsn-a001-00-000000013604308	19	07	11068	P	1	0	0	9	0
20260829	4291318	cmp-a001-02-000000010764328	grp-a001-02-000000069047580	프로틴바	nad-a001-02-000000553654559	bsn-a001-00-000000013604308	19	08	529514	M	18	0	0	98	0
20260829	4291318	cmp-a001-02-000000010764328	grp-a001-02-000000069047580	가루	nad-a001-02-000000541754005	bsn-a001-00-000000013604308	19	15	529514	M	4	0	0	20	0
20260829	4291318	cmp-a001-02-000000010764328	grp-a001-02-000000069047580	프로틴바	nad-a001-02-000000553654558	bsn-a001-00-000000013604308	19	03	23123	P	1	0	0	4	0
20260829	4291318	cmp-a001-02-000000010764328	grp-a001-02-000000069047580	견과류	nad-a001-02-000000541753959	bsn-a001-00-000000013604308	19	02	529514	M	174	0	0	348	0
20260829	4291318	cmp-a001-02-000000010764328	grp-a001-02-000000069047580	프로틴	nad-a001-02-000000553654562	bsn-a001-00-000000013604308	19	18	529514	M	4	0	0	4	0
20260829	4291318	cmp-a001-02-000000010764328	grp-a001-02-000000069047580	단백질쉐이크	nad-a001-02-000000553654562	bsn-a001-00-000000013604308	19	10	98128	M	2	0	0	2	0
20260829	4291318	cmp-a001-02-000000010764328	grp-a001-02-000000069047580	단백질보충제	nad-a001-02-000000553654562	bsn-a001-00-000000013604308	19	02	529514	M	2	0	0	2	0
20260829	4291318	cmp-a001-02-000000010764328	grp-a001-02-000000069047580	단백질쉐이크	nad-a001-02-000000553654562	bsn-a001-00-000000013604308	19	07	529514	M	33	0	0	33	0
20260829	4291318	cmp-a001-02-000000010764328	grp-a001-02-000000069047580	견과류	nad-a001-02-000000541753959	bsn-a001-00-000000013604308	19	09	684926	M	6	0	0	24	0
20260829	4291318	cmp-a001-02-000000010764328	grp-a001-02-000000069047580	견과류세트	nad-a001-02-000000541753960	bsn-a001-00-000000013604308	19	09	8753	M	2	0	0	4	0
20260829	4291318	cmp-a001-02-000000010764328	grp-a001-02-000000069047580	프로틴	nad-a001-02-000000553654562	bsn-a001-00-000000013604308	19	15	529514	M	7	0	0	7	0
20260829	4291318	cmp-a001-02-000000010764328	grp-a001-02-000000069047580	하루견과	nad-a001-02-000000541753960	bsn-a001-00-000000013604308	19	02	791889	P	1	0	0	3	0
20260829	4291318	cmp-a001-02-000000010764328	grp-a001-02-000000069047580	황성주생식라이프밀	nad-a001-02-000000541753996	bsn-a001-00-000000013604308	19	09	612594	M	2	0	0	6	0
20260829	4291318	cmp-a001-02-000000010764328	grp-a001-02-000000069047580	하루견과	nad-a001-02-000000541753960	bsn-a001-00-000000013604308	19	00	23123	P	3	0	0	3	0
20260829	4291318	cmp-a001-02-000000010764328	grp-a001-02-000000069047580	하루견과	nad-a001-02-000000541753960	bsn-a001-00-000000013604308	19	14	8753	M	1	0	0	4	0
20260829	4291318	cmp-a001-02-000000010764328	grp-a001-02-000000069047580	프로틴	nad-a001-02-000000553654562	bsn-a001-00-000000013604308	19	14	768323	M	6	0	0	17	0
20260829	4291318	cmp-a001-02-000000010764328	grp-a001-02-000000069047580	식물성단백질	nad-a001-02-000000553654562	bsn-a001-00-000000013604308	19	17	529514	M	6	0	0	6	0
20260829	4291318	cmp-a001-02-000000010764328	grp-a001-02-000000069047580	단백질보충제	nad-a001-02-000000553654562	bsn-a001-00-000000013604308	19	99	87620	M	7	0	0	7	0
20260829	4291318	cmp-a001-02-000000010764328	grp-a001-02-000000069047580	하루견과	nad-a001-02-000000541753999	bsn-a001-00-000000013604308	19	10	529514	M	2	0	0	2	0
20260829	4291318	cmp-a001-02-000000010764328	grp-a001-02-000000069047580	견과류세트	nad-a001-02-000000541753960	bsn-a001-00-000000013604308	19	99	529514	M	2	0	0	10	0
20260829	4291318	cmp-a001-02-000000010764328	grp-a001-02-000000069047580	하루견과	nad-a001-02-000000541753960	bsn-a001-00-000000013604308	19	09	87620	M	3	0	0	6	0
20260829	4291318	cmp-a001-02-000000010764328	grp-a001-02-000000069047580	견과류	nad-a001-02-000000541753959	bsn-a001-00-000000013604308	19	08	529514	M	24	0	0	48	0
20260829	4291318	cmp-a001-02-000000010764328	grp-a001-02-000000069047580	90칼로리단백질바	nad-a001-02-000000553654558	bsn-a001-00-000000013604308	19	09	8753	M	1	0	0	5	0
20260829	4291318	cmp-a001-02-000000010764328	grp-a001-02-000000069047580	견과류	nad-a001-02-000000541753999	bsn-a001-00-000000013604308	19	06	684926	M	1	0	0	1	0
20260829	4291318	cmp-a001-02-000000010764328	grp-a001-02-000000069047580	프로틴쉐이크	nad-a001-02-000000553654562	bsn-a001-00-000000013604308	19	10	529514	M	6	0	0	6	0
20260829	4291318	cmp-a001-02-000000010764328	grp-a001-02-000000069047580	단백질바	nad-a001-02-000000553654554	bsn-a001-00-000000013604308	19	15	529514	M	2	0	0	2	0
20260829	4291318	cmp-a001-02-000000010764328	grp-a001-02-000000069047580	청주간식포장	nad-a001-02-000000541753999	bsn-a001-00-000000013604308	19	16	8753	M	1	0	0	2	0
20260829	4291318	cmp-a001-02-000000010764328	grp-a001-02-000000069047580	견과류세트	nad-a001-02-000000541753959	bsn-a001-00-000000013604308	19	09	8753	M	2	0	0	6	0
20260829	4291318	cmp-a001-02-000000010764328	grp-a001-02-000000069047580	견과	nad-a001-02-000000541753959	bsn-a001-00-000000013604308	19	09	768323	M	1	0	0	2	0
20260829	4291318	cmp-a001-02-000000010764328	grp-a001-02-000000069047580	하루	nad-a001-02-000000541753960	bsn-a001-00-000000013604308	19	17	137281	M	2	0	0	2	0
20260829	4291318	cmp-a001-02-000000010764328	grp-a001-02-000000069047580	가루	nad-a001-02-000000541753996	bsn-a001-00-000000013604308	19	00	8753	M	1	0	0	4	0
20260829	4291318	cmp-a001-02-000000010764328	grp-a001-02-000000069047580	견과류	nad-a001-02-000000541753999	bsn-a001-00-000000013604308	19	03	529514	M	74	0	0	80	0
20260829	4291318	cmp-a001-02-000000010764328	grp-a001-02-000000069047580	하루견과	nad-a001-02-000000541753959	bsn-a001-00-000000013604308	19	10	87620	M	1	0	0	4	0
20260829	4291318	cmp-a001-02-000000010764328	grp-a001-02-000000069047580	하루견과	nad-a001-02-000000541753999	bsn-a001-00-000000013604308	19	11	529514	M	2	0	0	2	0
20260829	4291318	cmp-a001-02-000000010764328	grp-a001-02-000000069047580	견과류	nad-a001-02-000000541753959	bsn-a001-00-000000013604308	19	16	8753	M	1	0	0	3	0
20260829	4291318	cmp-a001-02-000000010764328	grp-a001-02-000000069047580	견과류	nad-a001-02-000000541753959	bsn-a001-00-000000013604308	19	07	684926	M	3	0	0	9	0
20260829	4291318	cmp-a001-02-000000010764328	grp-a001-02-000000069047580	단백질쉐이크	nad-a001-02-000000553654562	bsn-a001-00-000000013604308	19	17	529514	M	2	0	0	2	0
20260829	4291318	cmp-a001-02-000000010764328	grp-a001-02-000000069047580	사탕젤리	nad-a001-02-000000541753985	bsn-a001-00-000000013604308	19	18	87620	M	1	0	0	1	0
20260829	4291318	cmp-a001-02-000000010764328	grp-a001-02-000000069047580	견과류	nad-a001-02-000000541753999	bsn-a001-00-000000013604308	19	13	529514	M	49	0	0	52	0
20260829	4291318	cmp-a001-02-000000010764328	grp-a001-02-000000069047580	골다공증에좋은견과류	nad-a001-02-000000541753960	bsn-a001-00-000000013604308	19	02	8753	M	1	0	0	2	0
20260829	4291318	cmp-a001-02-000000010764328	grp-a001-02-000000069047580	프로틴바	nad-a001-02-000000553654558	bsn-a001-00-000000013604308	19	06	27758	P	1	0	0	4	0
20260829	4291318	cmp-a001-02-000000010764328	grp-a001-02-000000069047580	에너지바	nad-a001-02-000000553654558	bsn-a001-00-000000013604308	19	06	11068	P	2	0	0	8	0
20260829	4291318	cmp-a001-02-000000010764328	grp-a001-02-000000069047580	다이어트쉐이크	nad-a001-02-000000553654562	bsn-a001-00-000000013604308	19	15	768323	M	1	0	0	1	0
20260829	4291318	cmp-a001-02-000000010764328	grp-a001-02-000000069047580	젤리	nad-a001-02-000000541753985	bsn-a001-00-000000013604308	19	09	684924	M	3	0	0	3	0
20260829	4291318	cmp-a001-02-000000010764328	grp-a001-02-000000069047580	하루견과	nad-a001-02-000000541753960	bsn-a001-00-000000013604308	19	11	529514	M	2	0	0	6	0
20260829	4291318	cmp-a001-02-000000010764328	grp-a001-02-000000069047580	제리	nad-a001-02-000000541753985	bsn-a001-00-000000013604308	19	02	529514	M	3	0	0	5	0
20260829	4291318	cmp-a001-02-000000010764328	grp-a001-02-000000069047580	젤리	nad-a001-02-000000541753985	bsn-a001-00-000000013604308	19	08	529514	M	2	0	0	4	0
20260829	4291318	cmp-a001-02-000000010764328	grp-a001-02-000000069047580	프로틴바	nad-a001-02-000000553654554	bsn-a001-00-000000013604308	19	11	98128	M	2	0	0	2	0
20260829	4291318	cmp-a001-02-000000010764328	grp-a001-02-000000069047580	하루견과	nad-a001-02-000000541753999	bsn-a001-00-000000013604308	19	04	33421	M	2	0	0	3	0
20260829	4291318	cmp-a001-02-000000010764328	grp-a001-02-000000069047580	에너지바	nad-a001-02-000000553654558	bsn-a001-00-000000013604308	19	03	8753	M	1	0	0	4	0
20260829	4291318	cmp-a001-02-000000010764328	grp-a001-02-000000069047580	단백질쉐이크	nad-a001-02-000000553654562	bsn-a001-00-000000013604308	19	04	529514	M	33	0	0	33	0
20260829	4291318	cmp-a001-02-000000010764328	grp-a001-02-000000069047580	에너지바	nad-a001-02-000000553654559	bsn-a001-00-000000013604308	19	11	684926	M	2	0	0	22	0
20260829	4291318	cmp-a001-02-000000010764328	grp-a001-02-000000069047580	견과세트	nad-a001-02-000000541753999	bsn-a001-00-000000013604308	19	04	768323	M	1	0	0	2	0
20260829	4291318	cmp-a001-02-000000010764328	grp-a001-02-000000069047580	스토어	nad-a001-02-000000541753997	bsn-a001-00-000000013604308	19	18	612594	M	1	0	0	4	0
20260829	4291318	cmp-a001-02-000000010764328	grp-a001-02-000000069047580	코스트코단백질에너지바	nad-a001-02-000000553654554	bsn-a001-00-000000013604308	19	13	8753	M	1	0	0	1	0
20260829	4291318	cmp-a001-02-000000010764328	grp-a001-02-000000069047580	에너지바	nad-a001-02-000000553654554	bsn-a001-00-000000013604308	19	07	529514	M	8	0	0	8	0
20260829	4291318	cmp-a001-02-000000010764328	grp-a001-02-000000069047580	견과류	nad-a001-02-000000541753999	bsn-a001-00-000000013604308	19	03	8753	M	3	0	0	4	0
20260829	4291318	cmp-a001-02-000000010764328	grp-a001-02-000000069047580	견과류	nad-a001-02-000000541753999	bsn-a001-00-000000013604308	19	13	8753	M	1	0	0	1	0
20260829	4291318	cmp-a001-02-000000010764328	grp-a001-02-000000069047580	견과류	nad-a001-02-000000541753960	bsn-a001-00-000000013604308	19	99	8753	M	1	0	0	3	0
20260829	4291318	cmp-a001-02-000000010764328	grp-a001-02-000000069047580	견과류	nad-a001-02-000000541753999	bsn-a001-00-000000013604308	19	04	33421	M	1	0	0	1	0
20260829	4291318	cmp-a001-02-000000010764328	grp-a001-02-000000069047580	견과류	nad-a001-02-000000541753960	bsn-a001-00-000000013604308	19	17	529514	M	8	0	0	24	0
20260829	4291318	cmp-a001-02-000000010764328	grp-a001-02-000000069047580	황성주생식	nad-a001-02-000000541754005	bsn-a001-00-000000013604308	19	99	612594	M	2	0	0	10	0
20260829	4291318	cmp-a001-02-000000010764328	grp-a001-02-000000069047580	하루견과	nad-a001-02-000000541753959	bsn-a001-00-000000013604308	19	02	11068	P	3	0	0	15	0
20260829	4291318	cmp-a001-02-000000010764328	grp-a001-02-000000069047580	하루견과	nad-a001-02-000000541753960	bsn-a001-00-000000013604308	19	07	8753	M	1	0	0	4	0
20260829	4291318	cmp-a001-02-000000010764328	grp-a001-02-000000069047580	시리얼와요산	nad-a001-02-000000553654554	bsn-a001-00-000000013604308	19	18	8753	M	1	0	0	1	0
20260829	4291318	cmp-a001-02-000000010764328	grp-a001-02-000000069047580	가루	nad-a001-02-000000541753997	bsn-a001-00-000000013604308	19	07	684924	M	1	0	0	1	0
20260829	4291318	cmp-a001-02-000000010764328	grp-a001-02-000000069047580	다이어트쉐이크	nad-a001-02-000000553654562	bsn-a001-00-000000013604308	19	07	529514	M	4	0	0	4	0
20260829	4291318	cmp-a001-02-000000010764328	grp-a001-02-000000069047580	에너지바	nad-a001-02-000000553654554	bsn-a001-00-000000013604308	19	99	8753	M	1	0	0	2	0
20260829	4291318	cmp-a001-02-000000010764328	grp-a001-02-000000069047580	하루견과	nad-a001-02-000000541753999	bsn-a001-00-000000013604308	19	15	8753	M	1	0	0	1	0
20260829	4291318	cmp-a001-02-000000010764328	grp-a001-02-000000069047580	젤리	nad-a001-02-000000541753985	bsn-a001-00-000000013604308	19	15	684924	M	1	0	0	1	0
20260829	4291318	cmp-a001-02-000000010764328	grp-a001-02-000000069047580	생뮬무가루안전성	nad-a001-02-000000541754004	bsn-a001-00-000000013604308	19	02	8753	M	1	0	0	2	0
20260829	4291318	cmp-a001-02-000000010764328	grp-a001-02-000000069047580	견과류	nad-a001-02-000000541753959	bsn-a001-00-000000013604308	19	14	8753	M	3	0	0	9	0
20260829	4291318	cmp-a001-02-000000010764328	grp-a001-02-000000069047580	황성주생식	nad-a001-02-000000541753997	bsn-a001-00-000000013604308	19	02	8753	M	2	0	0	5	0
20260829	4291318	cmp-a001-02-000000010764328	grp-a001-02-000000069047580	단백질보충제	nad-a001-02-000000553654562	bsn-a001-00-000000013604308	19	17	87620	M	3	0	0	3	0
20260829	4291318	cmp-a001-02-000000010764328	grp-a001-02-000000069047580	가루	nad-a001-02-000000541753997	bsn-a001-00-000000013604308	19	15	529514	M	4	0	0	9	0
20260829	4291318	cmp-a001-02-000000010764328	grp-a001-02-000000069047580	견과류쇼핑몰	nad-a001-02-000000541753999	bsn-a001-00-000000013604308	19	01	684924	M	1	0	0	1	0
20260829	4291318	cmp-a001-02-000000010764328	grp-a001-02-000000069047580	하루견과	nad-a001-02-000000541753960	bsn-a001-00-000000013604308	19	02	11068	P	3	0	0	6	0
20260829	4291318	cmp-a001-02-000000010764328	grp-a001-02-000000069047580	견과류	nad-a001-02-000000541753999	bsn-a001-00-000000013604308	19	99	8753	M	1	0	0	1	0
20260829	4291318	cmp-a001-02-000000010764328	grp-a001-02-000000069047580	쉐이크	nad-a001-02-000000553654562	bsn-a001-00-000000013604308	19	04	529514	M	11	0	0	11	0
20260829	4291318	cmp-a001-02-000000010764328	grp-a001-02-000000069047580	백준호판매	nad-a001-02-000000541753996	bsn-a001-00-000000013604308	19	04	341898	M	1	0	0	2	0
20260829	4291318	cmp-a001-02-000000010764328	grp-a001-02-000000069047580	젤리	nad-a001-02-000000541753985	bsn-a001-00-000000013604308	19	99	27758	P	1	0	0	4	0
20260829	4291318	cmp-a001-02-000000010764328	grp-a001-02-000000069047580	초록박스초코과자씨리얼	nad-a001-02-000000553654554	bsn-a001-00-000000013604308	19	09	8753	M	1	0	0	1	0
20260829	4291318	cmp-a001-02-000000010764328	grp-a001-02-000000069047580	프로틴바	nad-a001-02-000000553654554	bsn-a001-00-000000013604308	19	02	529514	M	21	0	0	21	0
20260829	4291318	cmp-a001-02-000000010764328	grp-a001-02-000000069047580	견과류	nad-a001-02-000000541753960	bsn-a001-00-000000013604308	19	17	8753	M	1	0	0	2	0
20260829	4291318	cmp-a001-02-000000010764328	grp-a001-02-000000069047580	에너지바	nad-a001-02-000000553654559	bsn-a001-00-000000013604308	19	01	529514	M	2	0	0	6	0
20260829	4291318	cmp-a001-02-000000010764328	grp-a001-02-000000069047580	하루견과	nad-a001-02-000000541753999	bsn-a001-00-000000013604308	19	04	8753	M	2	0	0	4	0
20260829	4291318	cmp-a001-02-000000010764328	grp-a001-02-000000069047580	하루견과	nad-a001-02-000000541753999	bsn-a001-00-000000013604308	19	14	8753	M	1	0	0	3	0
20260829	4291318	cmp-a001-02-000000010764328	grp-a001-02-000000069047580	갓	nad-a001-02-000000541753960	bsn-a001-00-000000013604308	19	09	8753	M	3	0	0	8	0
20260829	4291318	cmp-a001-02-000000010764328	grp-a001-02-000000069047580	하루견과	nad-a001-02-000000541753999	bsn-a001-00-000000013604308	19	03	27758	P	1	0	0	1	0
20260829	4291318	cmp-a001-02-000000010764328	grp-a001-02-000000069047580	하루견과	nad-a001-02-000000541753959	bsn-a001-00-000000013604308	19	02	529514	M	15	0	0	33	0
20260829	4291318	cmp-a001-02-000000010764328	grp-a001-02-000000069047580	갓	nad-a001-02-000000541753960	bsn-a001-00-000000013604308	19	08	291244	M	2	0	0	4	0
20260829	4291318	cmp-a001-02-000000010764328	grp-a001-02-000000069047580	견과	nad-a001-02-000000541753959	bsn-a001-00-000000013604308	19	09	529514	M	3	0	0	7	0
20260829	4291318	cmp-a001-02-000000010764328	grp-a001-02-000000069047580	프로틴단백질	nad-a001-02-000000553654562	bsn-a001-00-000000013604308	19	99	529514	M	4	0	0	4	0
20260829	4291318	cmp-a001-02-000000010764328	grp-a001-02-000000069047580	영양식	nad-a001-02-000000541753965	bsn-a001-00-000000013604308	19	09	529514	M	2	0	0	6	0
20260829	4291318	cmp-a001-02-000000010764328	grp-a001-02-000000069047580	분말	nad-a001-02-000000541753997	bsn-a001-00-000000013604308	19	09	684924	M	1	0	0	1	0
20260829	4291318	cmp-a001-02-000000010764328	grp-a001-02-000000069047580	쉐이크	nad-a001-02-000000553654562	bsn-a001-00-000000013604308	19	04	791889	P	1	0	0	1	0
20260829	4291318	cmp-a001-02-000000010764328	grp-a001-02-000000069047580	하루견과	nad-a001-02-000000541753959	bsn-a001-00-000000013604308	19	11	529514	M	2	0	0	4	0
20260829	4291318	cmp-a001-02-000000010764328	grp-a001-02-000000069047580	단백질보충제	nad-a001-02-000000553654562	bsn-a001-00-000000013604308	19	13	791889	P	1	0	0	1	0
20260829	4291318	cmp-a001-02-000000010764328	grp-a001-02-000000069047580	제리	nad-a001-02-000000541753985	bsn-a001-00-000000013604308	19	08	137281	M	3	0	0	3	0
20260829	4291318	cmp-a001-02-000000010764328	grp-a001-02-000000069047580	황성주생식	nad-a001-02-000000541754004	bsn-a001-00-000000013604308	19	00	8753	M	2	1	4710	4	0
20260829	4291318	cmp-a001-02-000000010764328	grp-a001-02-000000069047580	하루	nad-a001-02-000000553654562	bsn-a001-00-000000013604308	19	11	98128	M	1	0	0	5	0
20260829	4291318	cmp-a001-02-000000010764328	grp-a001-02-000000069047580	유기농선식	nad-a001-02-000000541753997	bsn-a001-00-000000013604308	19	09	341898	M	2	0	0	2	0
20260829	4291318	cmp-a001-02-000000010764328	grp-a001-02-000000069047580	애플망고젤리	nad-a001-02-000000541753985	bsn-a001-00-000000013604308	19	99	341893	M	1	0	0	1	0
20260829	4291318	cmp-a001-02-000000010764328	grp-a001-02-000000069047580	젤리	nad-a001-02-000000541753985	bsn-a001-00-000000013604308	19	99	684924	M	2	0	0	2	0
20260829	4291318	cmp-a001-02-000000010764328	grp-a001-02-000000069047580	프로틴	nad-a001-02-000000553654562	bsn-a001-00-000000013604308	19	09	137281	M	3	0	0	3	0
20260829	4291318	cmp-a001-02-000000010764328	grp-a001-02-000000069047580	하루견과	nad-a001-02-000000541753999	bsn-a001-00-000000013604308	19	03	33421	M	1	0	0	1	0
20260829	4291318	cmp-a001-02-000000010764328	grp-a001-02-000000069047580	젤리	nad-a001-02-000000541753985	bsn-a001-00-000000013604308	19	09	768323	M	8	0	0	36	0
20260829	4291318	cmp-a001-02-000000010764328	grp-a001-02-000000069047580	단백질쉐이크	nad-a001-02-000000553654562	bsn-a001-00-000000013604308	19	11	529514	M	9	0	0	9	0
20260829	4291318	cmp-a001-02-000000010764328	grp-a001-02-000000069047580	에너지바	nad-a001-02-000000553654554	bsn-a001-00-000000013604308	19	09	33421	M	1	0	0	2	0
20260829	4291318	cmp-a001-02-000000010764328	grp-a001-02-000000069047580	견과류추천	nad-a001-02-000000541753960	bsn-a001-00-000000013604308	19	09	8753	M	3	0	0	9	0
20260829	4291318	cmp-a001-02-000000010764328	grp-a001-02-000000069047580	단백질보충제	nad-a001-02-000000553654562	bsn-a001-00-000000013604308	19	99	23123	P	1	0	0	2	0
20260829	4291318	cmp-a001-02-000000010764328	grp-a001-02-000000069047580	프로틴바	nad-a001-02-000000553654554	bsn-a001-00-000000013604308	19	17	529514	M	6	0	0	6	0
20260829	4291318	cmp-a001-02-000000010764328	grp-a001-02-000000069047580	견과류	nad-a001-02-000000541753999	bsn-a001-00-000000013604308	19	09	33421	M	4	1	2254	4	0
20260829	4291318	cmp-a001-02-000000010764328	grp-a001-02-000000069047580	단백질쉐이크	nad-a001-02-000000553654562	bsn-a001-00-000000013604308	19	99	8753	M	1	0	0	2	0
20260829	4291318	cmp-a001-02-000000010764328	grp-a001-02-000000069047580	젤리	nad-a001-02-000000541753985	bsn-a001-00-000000013604308	19	04	768323	M	1	0	0	2	0
20260829	4291318	cmp-a001-02-000000010764328	grp-a001-02-000000069047580	단백질쉐이크	nad-a001-02-000000553654562	bsn-a001-00-000000013604308	19	09	8753	M	1	0	0	14	0
20260829	4291318	cmp-a001-02-000000010764328	grp-a001-02-000000069047580	에너지바	nad-a001-02-000000553654559	bsn-a001-00-000000013604308	19	15	529514	M	2	0	0	6	0
20260829	4291318	cmp-a001-02-000000010764328	grp-a001-02-000000069047580	하루견과	nad-a001-02-000000541753999	bsn-a001-00-000000013604308	19	02	684924	M	1	0	0	1	0
20260829	4291318	cmp-a001-02-000000010764328	grp-a001-02-000000069047580	단백질바	nad-a001-02-000000553654558	bsn-a001-00-000000013604308	19	09	33421	M	1	0	0	2	0
20260829	4291318	cmp-a001-02-000000010764328	grp-a001-02-000000069047580	견과	nad-a001-02-000000541753999	bsn-a001-00-000000013604308	19	09	768323	M	1	0	0	1	0
20260829	4291318	cmp-a001-02-000000010764328	grp-a001-02-000000069047580	견과류세트	nad-a001-02-000000541753959	bsn-a001-00-000000013604308	19	08	8753	M	1	0	0	3	0
20260829	4291318	cmp-a001-02-000000010764328	grp-a001-02-000000069047580	젤리	nad-a001-02-000000541753985	bsn-a001-00-000000013604308	19	09	137281	M	7	0	0	7	0
20260829	4291318	cmp-a001-02-000000010764328	grp-a001-02-000000069047580	견과세트	nad-a001-02-000000541753959	bsn-a001-00-000000013604308	19	02	768323	M	5	0	0	6	0
20260829	4291318	cmp-a001-02-000000010764328	grp-a001-02-000000069047580	하루견과	nad-a001-02-000000541753999	bsn-a001-00-000000013604308	19	99	684924	M	1	0	0	1	0
20260829	4291318	cmp-a001-02-000000010764328	grp-a001-02-000000069047580	프로틴바	nad-a001-02-000000553654559	bsn-a001-00-000000013604308	19	17	529514	M	6	0	0	21	0
20260829	4291318	cmp-a001-02-000000010764328	grp-a001-02-000000069047580	쉐이크	nad-a001-02-000000553654562	bsn-a001-00-000000013604308	19	08	98128	M	6	0	0	6	0
20260829	4291318	cmp-a001-02-000000010764328	grp-a001-02-000000069047580	견과류	nad-a001-02-000000541753999	bsn-a001-00-000000013604308	19	10	529514	M	22	0	0	22	0
20260829	4291318	cmp-a001-02-000000010764328	grp-a001-02-000000069047580	견과류	nad-a001-02-000000541753959	bsn-a001-00-000000013604308	19	00	529514	M	3	0	0	6	0
20260829	4291318	cmp-a001-02-000000010764328	grp-a001-02-000000069047580	견과류	nad-a001-02-000000541753960	bsn-a001-00-000000013604308	19	08	27758	P	1	0	0	3	0
20260829	4291318	cmp-a001-02-000000010764328	grp-a001-02-000000069047580	하루	nad-a001-02-000000541753960	bsn-a001-00-000000013604308	19	08	612594	M	1	0	0	8	0
20260829	4291318	cmp-a001-02-000000010764328	grp-a001-02-000000069047580	견과류비교	nad-a001-02-000000541753960	bsn-a001-00-000000013604308	19	09	27758	P	1	0	0	4	0
20260829	4291318	cmp-a001-02-000000010764328	grp-a001-02-000000069047580	생식가루	nad-a001-02-000000541754004	bsn-a001-00-000000013604308	19	02	8753	M	2	0	0	2	0
20260829	4291318	cmp-a001-02-000000010764328	grp-a001-02-000000069047580	견과류	nad-a001-02-000000541753999	bsn-a001-00-000000013604308	19	01	8753	M	6	1	2679	9	0
20260829	4291318	cmp-a001-02-000000010764328	grp-a001-02-000000069047580	견과류세트	nad-a001-02-000000541753960	bsn-a001-00-000000013604308	19	08	8753	M	1	0	0	2	0
20260829	4291318	cmp-a001-02-000000010764328	grp-a001-02-000000069047580	하루만	nad-a001-02-000000541753959	bsn-a001-00-000000013604308	19	99	529514	M	2	0	0	8	0
20260829	4291318	cmp-a001-02-000000010764328	grp-a001-02-000000069047580	견과세트	nad-a001-02-000000541753959	bsn-a001-00-000000013604308	19	09	33421	M	2	0	0	14	0
20260829	4291318	cmp-a001-02-000000010764328	grp-a001-02-000000069047580	견과세트	nad-a001-02-000000541753960	bsn-a001-00-000000013604308	19	04	768323	M	1	0	0	3	0
20260829	4291318	cmp-a001-02-000000010764328	grp-a001-02-000000069047580	푸룬젤리효과	nad-a001-02-000000541753985	bsn-a001-00-000000013604308	19	09	8753	M	1	0	0	1	0
20260829	4291318	cmp-a001-02-000000010764328	grp-a001-02-000000069047580	젤리	nad-a001-02-000000541753985	bsn-a001-00-000000013604308	19	09	23123	P	4	0	0	8	0
20260829	4291318	cmp-a001-02-000000010764328	grp-a001-02-000000069047580	에너지바	nad-a001-02-000000553654554	bsn-a001-00-000000013604308	19	04	11068	P	1	0	0	2	0
20260829	4291318	cmp-a001-02-000000010764328	grp-a001-02-000000069047580	견과류	nad-a001-02-000000541753959	bsn-a001-00-000000013604308	19	00	8753	M	1	0	0	3	0
20260829	4291318	cmp-a001-02-000000010764328	grp-a001-02-000000069047580	단백질바	nad-a001-02-000000553654559	bsn-a001-00-000000013604308	19	09	768323	M	3	0	0	18	0
20260829	4291318	cmp-a001-02-000000010764328	grp-a001-02-000000069047580	단백질파우더	nad-a001-02-000000553654562	bsn-a001-00-000000013604308	19	99	768323	M	1	0	0	8	0
20260829	4291318	cmp-a001-02-000000010764328	grp-a001-02-000000069047580	하루	nad-a001-02-000000541753960	bsn-a001-00-000000013604308	19	09	612593	P	1	0	0	11	0
20260829	4291318	cmp-a001-02-000000010764328	grp-a001-02-000000069047580	견과류	nad-a001-02-000000541753999	bsn-a001-00-000000013604308	19	13	33421	M	1	0	0	1	0
20260829	4291318	cmp-a001-02-000000010764328	grp-a001-02-000000069047580	하루견과	nad-a001-02-000000541753960	bsn-a001-00-000000013604308	19	02	8753	M	3	0	0	8	0
20260829	4291318	cmp-a001-02-000000010764328	grp-a001-02-000000069047580	견과류	nad-a001-02-000000541753999	bsn-a001-00-000000013604308	19	09	529514	M	277	1	1805	277	0
20260829	4291318	cmp-a001-02-000000010764328	grp-a001-02-000000069047580	하루	nad-a001-02-000000541753960	bsn-a001-00-000000013604308	19	18	137281	M	15	0	0	15	0
20260829	4291318	cmp-a001-02-000000010764328	grp-a001-02-000000069047580	갓	nad-a001-02-000000541753999	bsn-a001-00-000000013604308	19	09	8753	M	2	0	0	8	0
20260829	4291318	cmp-a001-02-000000010764328	grp-a001-02-000000069047580	단백질쉐이크	nad-a001-02-000000553654562	bsn-a001-00-000000013604308	19	16	529514	M	17	0	0	17	0
20260829	4291318	cmp-a001-02-000000010764328	grp-a001-02-000000069047580	젤리	nad-a001-02-000000541753985	bsn-a001-00-000000013604308	19	10	98128	M	1	0	0	2	0
20260829	4291318	cmp-a001-02-000000010764328	grp-a001-02-000000069047580	하루견과	nad-a001-02-000000541753959	bsn-a001-00-000000013604308	19	01	8753	M	1	0	0	5	0
20260829	4291318	cmp-a001-02-000000010764328	grp-a001-02-000000069047580	견과류	nad-a001-02-000000541753999	bsn-a001-00-000000013604308	19	04	8753	M	3	0	0	4	0
20260829	4291318	cmp-a001-02-000000010764328	grp-a001-02-000000069047580	제리	nad-a001-02-000000541753985	bsn-a001-00-000000013604308	19	13	98128	M	1	0	0	2	0
20260829	4291318	cmp-a001-02-000000010764328	grp-a001-02-000000069047580	갓	nad-a001-02-000000541753960	bsn-a001-00-000000013604308	19	02	8753	M	3	0	0	4	0
20260829	4291318	cmp-a001-02-000000010764328	grp-a001-02-000000069047580	에너지바	nad-a001-02-000000553654559	bsn-a001-00-000000013604308	19	02	529514	M	2	0	0	6	0
20260829	4291318	cmp-a001-02-000000010764328	grp-a001-02-000000069047580	견과류	nad-a001-02-000000541753959	bsn-a001-00-000000013604308	19	16	529514	M	20	0	0	40	0
20260829	4291318	cmp-a001-02-000000010764328	grp-a001-02-000000069047580	견과류	nad-a001-02-000000541753959	bsn-a001-00-000000013604308	19	11	684924	M	1	0	0	1	0
20260829	4291318	cmp-a001-02-000000010764328	grp-a001-02-000000069047580	젤리	nad-a001-02-000000541753985	bsn-a001-00-000000013604308	19	15	98128	M	3	0	0	6	0
20260829	4291318	cmp-a001-02-000000010764328	grp-a001-02-000000069047580	하루	nad-a001-02-000000541753999	bsn-a001-00-000000013604308	19	15	612594	M	1	0	0	4	0
20260829	4291318	cmp-a001-02-000000010764328	grp-a001-02-000000069047580	견과류간식	nad-a001-02-000000541753959	bsn-a001-00-000000013604308	19	09	8753	M	1	0	0	4	0
20260829	4291318	cmp-a001-02-000000010764328	grp-a001-02-000000069047580	브랜드스토어	nad-a001-02-000000541753997	bsn-a001-00-000000013604308	19	08	8753	M	1	0	0	1	0
20260829	4291318	cmp-a001-02-000000010764328	grp-a001-02-000000069047580	단백질쉐이크	nad-a001-02-000000553654562	bsn-a001-00-000000013604308	19	10	529514	M	12	0	0	12	0
20260829	4291318	cmp-a001-02-000000010764328	grp-a001-02-000000069047580	견과류	nad-a001-02-000000541753960	bsn-a001-00-000000013604308	19	07	529514	M	52	0	0	154	0
20260829	4291318	cmp-a001-02-000000010764328	grp-a001-02-000000069047580	단백질바추천	nad-a001-02-000000553654554	bsn-a001-00-000000013604308	19	00	27758	P	1	0	0	3	0
20260829	4291318	cmp-a001-02-000000010764328	grp-a001-02-000000069047580	중증치매에좋은견과류	nad-a001-02-000000541753999	bsn-a001-00-000000013604308	19	15	8753	M	1	0	0	3	0
20260829	4291318	cmp-a001-02-000000010764328	grp-a001-02-000000069047580	견과류	nad-a001-02-000000541753959	bsn-a001-00-000000013604308	19	09	529514	M	277	0	0	554	0
20260829	4291318	cmp-a001-02-000000010764328	grp-a001-02-000000069047580	견과류	nad-a001-02-000000541753999	bsn-a001-00-000000013604308	19	09	8753	M	9	0	0	15	0
20260829	4291318	cmp-a001-02-000000010764328	grp-a001-02-000000069047580	견과류	nad-a001-02-000000541753959	bsn-a001-00-000000013604308	19	01	684926	M	3	0	0	6	0
20260829	4291318	cmp-a001-02-000000010764328	grp-a001-02-000000069047580	하루	nad-a001-02-000000541753999	bsn-a001-00-000000013604308	19	11	612594	M	1	0	0	4	0
20260829	4291318	cmp-a001-02-000000010764328	grp-a001-02-000000069047580	단백질쉐이크	nad-a001-02-000000553654562	bsn-a001-00-000000013604308	19	08	529514	M	6	0	0	6	0
20260829	4291318	cmp-a001-02-000000010764328	grp-a001-02-000000069047580	제리	nad-a001-02-000000541753985	bsn-a001-00-000000013604308	19	99	137281	M	2	0	0	2	0
20260829	4291318	cmp-a001-02-000000010764328	grp-a001-02-000000069047580	먹기좋은선물용견과류	nad-a001-02-000000541753959	bsn-a001-00-000000013604308	19	18	8753	M	1	0	0	3	0
20260829	4291318	cmp-a001-02-000000010764328	grp-a001-02-000000069047580	하이프로틴단백질바	nad-a001-02-000000553654554	bsn-a001-00-000000013604308	19	01	8753	M	1	0	0	3	0
20260829	4291318	cmp-a001-02-000000010764328	grp-a001-02-000000069047580	단백질바	nad-a001-02-000000553654558	bsn-a001-00-000000013604308	19	18	8753	M	1	0	0	3	0
20260829	4291318	cmp-a001-02-000000010764328	grp-a001-02-000000069047580	갓	nad-a001-02-000000541753960	bsn-a001-00-000000013604308	19	02	612594	M	1	0	0	3	0
20260829	4291318	cmp-a001-02-000000010764328	grp-a001-02-000000069047580	단백질	nad-a001-02-000000553654562	bsn-a001-00-000000013604308	19	18	529514	M	6	0	0	6	0
20260829	4291318	cmp-a001-02-000000010764328	grp-a001-02-000000069047580	젤리	nad-a001-02-000000541753985	bsn-a001-00-000000013604308	19	02	87620	M	1	0	0	2	0
20260829	4291318	cmp-a001-02-000000010764328	grp-a001-02-000000069047580	젤리	nad-a001-02-000000541753985	bsn-a001-00-000000013604308	19	99	137281	M	4	0	0	4	0
20260829	4291318	cmp-a001-02-000000010764328	grp-a001-02-000000069047580	하루	nad-a001-02-000000541753959	bsn-a001-00-000000013604308	19	15	612594	M	1	0	0	1	0
20260829	4291318	cmp-a001-02-000000010764328	grp-a001-02-000000069047580	프로틴바	nad-a001-02-000000553654558	bsn-a001-00-000000013604308	19	02	8753	M	2	0	0	10	0
20260829	4291318	cmp-a001-02-000000010764328	grp-a001-02-000000069047580	견과류	nad-a001-02-000000541753959	bsn-a001-00-000000013604308	19	09	8753	M	9	0	0	32	0
20260829	4291318	cmp-a001-02-000000010764328	grp-a001-02-000000069047580	다이어트쉐이크	nad-a001-02-000000553654562	bsn-a001-00-000000013604308	19	13	529514	M	2	0	0	2	0
20260829	4291318	cmp-a001-02-000000010764328	grp-a001-02-000000069047580	제리	nad-a001-02-000000541753985	bsn-a001-00-000000013604308	19	02	137281	M	5	0	0	5	0
20260829	4291318	cmp-a001-02-000000010764328	grp-a001-02-000000069047580	젤리	nad-a001-02-000000541753985	bsn-a001-00-000000013604308	19	11	98128	M	5	0	0	10	0
20260829	4291318	cmp-a001-02-000000010764328	grp-a001-02-000000069047580	단백질바추천	nad-a001-02-000000553654558	bsn-a001-00-000000013604308	19	00	27758	P	1	0	0	4	0
20260829	4291318	cmp-a001-02-000000010764328	grp-a001-02-000000069047580	가루	nad-a001-02-000000541753996	bsn-a001-00-000000013604308	19	15	529514	M	4	0	0	8	0
20260829	4291318	cmp-a001-02-000000010764328	grp-a001-02-000000069047580	다이어트쉐이크	nad-a001-02-000000553654562	bsn-a001-00-000000013604308	19	02	529514	M	4	0	0	4	0
20260829	4291318	cmp-a001-02-000000010764328	grp-a001-02-000000069047580	스토어	nad-a001-02-000000541753997	bsn-a001-00-000000013604308	19	02	98128	M	9	0	0	9	0
20260829	4291318	cmp-a001-02-000000010764328	grp-a001-02-000000069047580	피스타치오하루견과	nad-a001-02-000000541753960	bsn-a001-00-000000013604308	19	01	341893	M	1	0	0	1	0
20260829	4291318	cmp-a001-02-000000010764328	grp-a001-02-000000069047580	하루	nad-a001-02-000000541753999	bsn-a001-00-000000013604308	19	09	612593	P	1	0	0	13	0
20260829	4291318	cmp-a001-02-000000010764328	grp-a001-02-000000069047580	제리	nad-a001-02-000000541753985	bsn-a001-00-000000013604308	19	10	684924	M	1	0	0	1	0
20260829	4291318	cmp-a001-02-000000010764328	grp-a001-02-000000069047580	단백질바	nad-a001-02-000000553654558	bsn-a001-00-000000013604308	19	09	11068	P	2	0	0	8	0
20260829	4291318	cmp-a001-02-000000010764328	grp-a001-02-000000069047580	생식을처음먹으면	nad-a001-02-000000541753997	bsn-a001-00-000000013604308	19	04	8753	M	1	0	0	3	0
20260829	4291318	cmp-a001-02-000000010764328	grp-a001-02-000000069047580	에너지바	nad-a001-02-000000553654554	bsn-a001-00-000000013604308	19	09	11068	P	2	0	0	4	0
20260829	4291318	cmp-a001-02-000000010764328	grp-a001-02-000000069047580	견과류세트	nad-a001-02-000000541753960	bsn-a001-00-000000013604308	19	02	529514	M	2	0	0	10	0
20260829	4291318	cmp-a001-02-000000010764328	grp-a001-02-000000069047580	에너지바	nad-a001-02-000000553654558	bsn-a001-00-000000013604308	19	15	529514	M	2	0	0	4	0
20260829	4291318	cmp-a001-02-000000010764328	grp-a001-02-000000069047580	견과류	nad-a001-02-000000541753960	bsn-a001-00-000000013604308	19	03	529514	M	74	0	0	222	0
20260829	4291318	cmp-a001-02-000000010764328	grp-a001-02-000000069047580	견과류	nad-a001-02-000000541753959	bsn-a001-00-000000013604308	19	01	8753	M	6	0	0	21	0
20260829	4291318	cmp-a001-02-000000010764328	grp-a001-02-000000069047580	하루	nad-a001-02-000000541753960	bsn-a001-00-000000013604308	19	99	137281	M	27	0	0	27	0
20260829	4291318	cmp-a001-02-000000010764328	grp-a001-02-000000069047580	갓구운하루견과	nad-a001-02-000000541753960	bsn-a001-00-000000013604308	19	06	8753	M	1	0	0	1	0
20260829	4291318	cmp-a001-02-000000010764328	grp-a001-02-000000069047580	프로틴	nad-a001-02-000000553654562	bsn-a001-00-000000013604308	19	16	768323	M	15	0	0	36	0
20260829	4291318	cmp-a001-02-000000010764328	grp-a001-02-000000069047580	젤리	nad-a001-02-000000541753985	bsn-a001-00-000000013604308	19	15	8753	M	1	0	0	2	0
20260829	4291318	cmp-a001-02-000000010764328	grp-a001-02-000000069047580	어르신용에너지바	nad-a001-02-000000553654554	bsn-a001-00-000000013604308	19	02	8753	M	1	0	0	1	0
20260829	4291318	cmp-a001-02-000000010764328	grp-a001-02-000000069047580	에너지바	nad-a001-02-000000553654558	bsn-a001-00-000000013604308	19	04	33421	M	1	0	0	7	0
20260829	4291318	cmp-a001-02-000000010764328	grp-a001-02-000000069047580	에너지바	nad-a001-02-000000553654558	bsn-a001-00-000000013604308	19	99	23123	P	1	0	0	5	0
20260829	4291318	cmp-a001-02-000000010764328	grp-a001-02-000000069047580	이롬황성주생식	nad-a001-02-000000541754004	bsn-a001-00-000000013604308	19	18	341893	M	1	0	0	1	0
20260829	4291318	cmp-a001-02-000000010764328	grp-a001-02-000000069047580	견과세트	nad-a001-02-000000541753960	bsn-a001-00-000000013604308	19	16	768323	M	1	0	0	3	0
20260829	4291318	cmp-a001-02-000000010764328	grp-a001-02-000000069047580	견과류	nad-a001-02-000000541753959	bsn-a001-00-000000013604308	19	08	27758	P	1	0	0	2	0
20260829	4291318	cmp-a001-02-000000010764328	grp-a001-02-000000069047580	프로틴	nad-a001-02-000000553654562	bsn-a001-00-000000013604308	19	08	768323	M	32	0	0	88	0
20260829	4291318	cmp-a001-02-000000010764328	grp-a001-02-000000069047580	가루	nad-a001-02-000000541753996	bsn-a001-00-000000013604308	19	07	8753	M	1	0	0	4	0
20260829	4291318	cmp-a001-02-000000010764328	grp-a001-02-000000069047580	견과류	nad-a001-02-000000541753959	bsn-a001-00-000000013604308	19	18	684926	M	2	0	0	6	0
20260829	4291318	cmp-a001-02-000000010764328	grp-a001-02-000000069047580	하루견과	nad-a001-02-000000541753959	bsn-a001-00-000000013604308	19	10	529514	M	2	0	0	4	0
20260829	4291318	cmp-a001-02-000000010764328	grp-a001-02-000000069047580	프로틴바	nad-a001-02-000000553654559	bsn-a001-00-000000013604308	19	11	98128	M	1	0	0	4	0
20260829	4291318	cmp-a001-02-000000010764328	grp-a001-02-000000069047580	하루견과	nad-a001-02-000000541753959	bsn-a001-00-000000013604308	19	08	8753	M	2	0	0	8	0
20260829	4291318	cmp-a001-02-000000010764328	grp-a001-02-000000069047580	프로틴	nad-a001-02-000000553654562	bsn-a001-00-000000013604308	19	02	768323	M	117	0	0	276	0
20260829	4291318	cmp-a001-02-000000010764328	grp-a001-02-000000069047580	에너지바	nad-a001-02-000000553654559	bsn-a001-00-000000013604308	19	04	11068	P	1	0	0	9	0
20260829	4291318	cmp-a001-02-000000010764328	grp-a001-02-000000069047580	프로틴	nad-a001-02-000000553654562	bsn-a001-00-000000013604308	19	07	529514	M	5	0	0	5	0
20260829	4291318	cmp-a001-02-000000010764328	grp-a001-02-000000069047580	엄마사랑프로틴바	nad-a001-02-000000553654554	bsn-a001-00-000000013604308	19	01	8753	M	1	0	0	1	0
20260829	4291318	cmp-a001-02-000000010764328	grp-a001-02-000000069047580	하이큐초코과자	nad-a001-02-000000553654554	bsn-a001-00-000000013604308	19	04	8753	M	1	0	0	1	0
20260829	4291318	cmp-a001-02-000000010764328	grp-a001-02-000000069047580	단백질바	nad-a001-02-000000553654558	bsn-a001-00-000000013604308	19	13	11068	P	1	0	0	3	0
20260829	4291318	cmp-a001-02-000000010764328	grp-a001-02-000000069047580	견과	nad-a001-02-000000541753999	bsn-a001-00-000000013604308	19	02	684927	P	1	0	0	2	0
20260829	4291318	cmp-a001-02-000000010764328	grp-a001-02-000000069047580	견과류	nad-a001-02-000000541753959	bsn-a001-00-000000013604308	19	17	8753	M	1	0	0	4	0
20260829	4291318	cmp-a001-02-000000010764328	grp-a001-02-000000069047580	견과	nad-a001-02-000000541753960	bsn-a001-00-000000013604308	19	01	529514	M	2	0	0	6	0
20260829	4291318	cmp-a001-02-000000010764328	grp-a001-02-000000069047580	견과류	nad-a001-02-000000541753959	bsn-a001-00-000000013604308	19	02	684924	M	4	0	0	4	0
20260829	4291318	cmp-a001-02-000000010764328	grp-a001-02-000000069047580	에너지바	nad-a001-02-000000553654559	bsn-a001-00-000000013604308	19	09	11068	P	1	0	0	8	0
20260829	4291318	cmp-a001-02-000000010764328	grp-a001-02-000000069047580	스토어	nad-a001-02-000000541753997	bsn-a001-00-000000013604308	19	09	98128	M	34	0	0	34	0
20260829	4291318	cmp-a001-02-000000010764328	grp-a001-02-000000069047580	프로틴	nad-a001-02-000000553654562	bsn-a001-00-000000013604308	19	01	529514	M	5	0	0	5	0
20260829	4291318	cmp-a001-02-000000010764328	grp-a001-02-000000069047580	갓구운켄피	nad-a001-02-000000541753999	bsn-a001-00-000000013604308	19	09	8753	M	1	0	0	1	0
20260829	4291318	cmp-a001-02-000000010764328	grp-a001-02-000000069047580	스토어	nad-a001-02-000000541753997	bsn-a001-00-000000013604308	19	13	98128	M	4	0	0	4	0
20260829	4291318	cmp-a001-02-000000010764328	grp-a001-02-000000069047580	견과류추천	nad-a001-02-000000541753999	bsn-a001-00-000000013604308	19	09	8753	M	3	0	0	6	0
20260829	4291318	cmp-a001-02-000000010764328	grp-a001-02-000000069047580	다이어트쉐이크	nad-a001-02-000000553654562	bsn-a001-00-000000013604308	19	01	768323	M	1	0	0	1	0
20260829	4291318	cmp-a001-02-000000010764328	grp-a001-02-000000069047580	견과세트	nad-a001-02-000000541753959	bsn-a001-00-000000013604308	19	11	768323	M	1	0	0	1	0
20260829	4291318	cmp-a001-02-000000010764328	grp-a001-02-000000069047580	에너지바	nad-a001-02-000000553654559	bsn-a001-00-000000013604308	19	09	684927	P	1	0	0	7	0
20260829	4291318	cmp-a001-02-000000010764328	grp-a001-02-000000069047580	단백질바	nad-a001-02-000000553654554	bsn-a001-00-000000013604308	19	03	8753	M	2	0	0	4	0
20260829	4291318	cmp-a001-02-000000010764328	grp-a001-02-000000069047580	단백질바칼로리	nad-a001-02-000000553654554	bsn-a001-00-000000013604308	19	09	684924	M	1	0	0	1	0
20260829	4291318	cmp-a001-02-000000010764328	grp-a001-02-000000069047580	젤리	nad-a001-02-000000541753985	bsn-a001-00-000000013604308	19	99	8753	M	2	0	0	5	0
20260829	4291318	cmp-a001-02-000000010764328	grp-a001-02-000000069047580	단백질간식	nad-a001-02-000000553654558	bsn-a001-00-000000013604308	19	16	529514	M	3	0	0	9	0
20260829	4291318	cmp-a001-02-000000010764328	grp-a001-02-000000069047580	견과류	nad-a001-02-000000541753959	bsn-a001-00-000000013604308	19	04	33421	M	1	0	0	4	0
20260829	4291318	cmp-a001-02-000000010764328	grp-a001-02-000000069047580	에너지바	nad-a001-02-000000553654554	bsn-a001-00-000000013604308	19	02	529514	M	2	0	0	2	0
20260829	4291318	cmp-a001-02-000000010764328	grp-a001-02-000000069047580	먹기좋은선물용견과류	nad-a001-02-000000541753999	bsn-a001-00-000000013604308	19	18	8753	M	1	0	0	2	0
20260829	4291318	cmp-a001-02-000000010764328	grp-a001-02-000000069047580	단백질바	nad-a001-02-000000553654558	bsn-a001-00-000000013604308	19	09	529514	M	22	0	0	44	0
20260829	4291318	cmp-a001-02-000000010764328	grp-a001-02-000000069047580	에너지바	nad-a001-02-000000553654554	bsn-a001-00-000000013604308	19	10	8753	M	2	0	0	4	0
20260829	4291318	cmp-a001-02-000000010764328	grp-a001-02-000000069047580	프로틴바	nad-a001-02-000000553654554	bsn-a001-00-000000013604308	19	06	27758	P	2	0	0	4	0
20260829	4291318	cmp-a001-02-000000010764328	grp-a001-02-000000069047580	견과류	nad-a001-02-000000541753960	bsn-a001-00-000000013604308	19	14	8753	M	3	0	0	6	0
20260829	4291318	cmp-a001-02-000000010764328	grp-a001-02-000000069047580	에너지바	nad-a001-02-000000553654554	bsn-a001-00-000000013604308	19	09	8753	M	1	0	0	1	0
20260829	4291318	cmp-a001-02-000000010764328	grp-a001-02-000000069047580	프로틴	nad-a001-02-000000553654562	bsn-a001-00-000000013604308	19	09	791888	M	1	0	0	1	0
20260829	4291318	cmp-a001-02-000000010764328	grp-a001-02-000000069047580	단백질바	nad-a001-02-000000553654554	bsn-a001-00-000000013604308	19	09	529514	M	22	0	0	22	0
20260829	4291318	cmp-a001-02-000000010764328	grp-a001-02-000000069047580	프로틴바	nad-a001-02-000000553654559	bsn-a001-00-000000013604308	19	99	768323	M	1	0	0	16	0
20260829	4291318	cmp-a001-02-000000010764328	grp-a001-02-000000069047580	견과류	nad-a001-02-000000541753960	bsn-a001-00-000000013604308	19	10	529514	M	22	0	0	66	0
20260829	4291318	cmp-a001-02-000000010764328	grp-a001-02-000000069047580	쉐이크	nad-a001-02-000000553654562	bsn-a001-00-000000013604308	19	10	98128	M	1	0	0	1	0
20260829	4291318	cmp-a001-02-000000010764328	grp-a001-02-000000069047580	황성주생식	nad-a001-02-000000541753997	bsn-a001-00-000000013604308	19	02	33421	M	1	0	0	4	0
20260829	4291318	cmp-a001-02-000000010764328	grp-a001-02-000000069047580	프로틴	nad-a001-02-000000553654562	bsn-a001-00-000000013604308	19	06	768323	M	28	0	0	71	0
20260829	4291318	cmp-a001-02-000000010764328	grp-a001-02-000000069047580	갓구운켄피	nad-a001-02-000000541753959	bsn-a001-00-000000013604308	19	09	8753	M	1	0	0	3	0
20260829	4291318	cmp-a001-02-000000010764328	grp-a001-02-000000069047580	프로틴바할인	nad-a001-02-000000553654554	bsn-a001-00-000000013604308	19	11	8753	M	1	0	0	2	0
20260829	4291318	cmp-a001-02-000000010764328	grp-a001-02-000000069047580	에너지바	nad-a001-02-000000553654554	bsn-a001-00-000000013604308	19	06	11068	P	2	0	0	4	0
20260829	4291318	cmp-a001-02-000000010764328	grp-a001-02-000000069047580	프로틴바	nad-a001-02-000000553654559	bsn-a001-00-000000013604308	19	02	529514	M	21	0	0	123	0
20260829	4291318	cmp-a001-02-000000010764328	grp-a001-02-000000069047580	견과류	nad-a001-02-000000541753959	bsn-a001-00-000000013604308	19	04	8753	M	3	0	0	10	0
20260829	4291318	cmp-a001-02-000000010764328	grp-a001-02-000000069047580	황성주생식	nad-a001-02-000000541753996	bsn-a001-00-000000013604308	19	02	633013	M	1	0	0	2	0
20260829	4291318	cmp-a001-02-000000010764328	grp-a001-02-000000069047580	쉐이크	nad-a001-02-000000553654562	bsn-a001-00-000000013604308	19	06	98128	M	1	0	0	1	0
20260829	4291318	cmp-a001-02-000000010764328	grp-a001-02-000000069047580	하루	nad-a001-02-000000541753960	bsn-a001-00-000000013604308	19	02	137281	M	70	0	0	70	0
20260829	4291318	cmp-a001-02-000000010764328	grp-a001-02-000000069047580	하루만	nad-a001-02-000000553654562	bsn-a001-00-000000013604308	19	01	529514	M	1	0	0	9	0
20260829	4291318	cmp-a001-02-000000010764328	grp-a001-02-000000069047580	하루만	nad-a001-02-000000541753959	bsn-a001-00-000000013604308	19	01	529514	M	1	0	0	4	0
20260829	4291318	cmp-a001-02-000000010764328	grp-a001-02-000000069047580	스토어	nad-a001-02-000000541753997	bsn-a001-00-000000013604308	19	15	98128	M	2	0	0	2	0
20260829	4291318	cmp-a001-02-000000010764328	grp-a001-02-000000069047580	견과세트	nad-a001-02-000000541753960	bsn-a001-00-000000013604308	19	09	33421	M	2	0	0	6	0
20260829	4291318	cmp-a001-02-000000010764328	grp-a001-02-000000069047580	스토어	nad-a001-02-000000541753997	bsn-a001-00-000000013604308	19	03	98128	M	4	0	0	4	0
20260829	4291318	cmp-a001-02-000000010764328	grp-a001-02-000000069047580	프로틴바	nad-a001-02-000000553654559	bsn-a001-00-000000013604308	19	99	529514	M	4	0	0	14	0
20260829	4291318	cmp-a001-02-000000010764328	grp-a001-02-000000069047580	견과류	nad-a001-02-000000541753959	bsn-a001-00-000000013604308	19	02	684926	M	9	0	0	28	0
20260829	4291318	cmp-a001-02-000000010764328	grp-a001-02-000000069047580	젤리	nad-a001-02-000000541753985	bsn-a001-00-000000013604308	19	09	98128	M	5	0	0	9	0
20260829	4291318	cmp-a001-02-000000010764328	grp-a001-02-000000069047580	젤리	nad-a001-02-000000541753985	bsn-a001-00-000000013604308	19	06	8753	M	3	0	0	8	0
20260829	4291318	cmp-a001-02-000000010764328	grp-a001-02-000000069047580	젤리	nad-a001-02-000000541753985	bsn-a001-00-000000013604308	19	14	8753	M	1	0	0	4	0
20260829	4291318	cmp-a001-02-000000010764328	grp-a001-02-000000069047580	다이어트쉐이크	nad-a001-02-000000553654562	bsn-a001-00-000000013604308	19	13	768323	M	3	0	0	5	0
20260829	4291318	cmp-a001-02-000000010764328	grp-a001-02-000000069047580	견과류	nad-a001-02-000000541753999	bsn-a001-00-000000013604308	19	01	684926	M	3	0	0	3	0
20260829	4291318	cmp-a001-02-000000010764328	grp-a001-02-000000069047580	소고기약하게구운거	nad-a001-02-000000541753999	bsn-a001-00-000000013604308	19	18	8753	M	1	0	0	3	0
20260829	4291318	cmp-a001-02-000000010764328	grp-a001-02-000000069047580	젤리	nad-a001-02-000000541753985	bsn-a001-00-000000013604308	19	06	684924	M	2	0	0	2	0
20260829	4291318	cmp-a001-02-000000010764328	grp-a001-02-000000069047580	칼로리바	nad-a001-02-000000553654554	bsn-a001-00-000000013604308	19	13	8753	M	1	0	0	2	0
20260829	4291318	cmp-a001-02-000000010764328	grp-a001-02-000000069047580	견과류	nad-a001-02-000000541753959	bsn-a001-00-000000013604308	19	08	291244	M	2	0	0	4	0
20260829	4291318	cmp-a001-02-000000010764328	grp-a001-02-000000069047580	가루뿌린들명나방	nad-a001-02-000000541753997	bsn-a001-00-000000013604308	19	02	27758	P	1	0	0	3	0
20260829	4291318	cmp-a001-02-000000010764328	grp-a001-02-000000069047580	프로틴	nad-a001-02-000000553654562	bsn-a001-00-000000013604308	19	17	768323	M	2	0	0	6	0
20260829	4291318	cmp-a001-02-000000010764328	grp-a001-02-000000069047580	프로틴바	nad-a001-02-000000553654554	bsn-a001-00-000000013604308	19	07	529514	M	2	0	0	2	0
20260829	4291318	cmp-a001-02-000000010764328	grp-a001-02-000000069047580	하루	nad-a001-02-000000541753960	bsn-a001-00-000000013604308	19	15	137281	M	17	0	0	17	0
20260829	4291318	cmp-a001-02-000000010764328	grp-a001-02-000000069047580	견과류	nad-a001-02-000000541753960	bsn-a001-00-000000013604308	19	13	8753	M	1	0	0	2	0
20260829	4291318	cmp-a001-02-000000010764328	grp-a001-02-000000069047580	단백질바	nad-a001-02-000000553654554	bsn-a001-00-000000013604308	19	09	11068	P	3	0	0	8	0
20260829	4291318	cmp-a001-02-000000010764328	grp-a001-02-000000069047580	젤리	nad-a001-02-000000541753985	bsn-a001-00-000000013604308	19	11	768323	M	6	0	0	21	0
20260829	4291318	cmp-a001-02-000000010764328	grp-a001-02-000000069047580	칼로리바	nad-a001-02-000000553654559	bsn-a001-00-000000013604308	19	13	8753	M	1	0	0	4	0
20260829	4291318	cmp-a001-02-000000010764328	grp-a001-02-000000069047580	갓	nad-a001-02-000000541753959	bsn-a001-00-000000013604308	19	02	8753	M	3	0	0	6	0
20260829	4291318	cmp-a001-02-000000010764328	grp-a001-02-000000069047580	견과류	nad-a001-02-000000541753960	bsn-a001-00-000000013604308	19	09	33421	M	4	0	0	9	0
20260829	4291318	cmp-a001-02-000000010764328	grp-a001-02-000000069047580	갓	nad-a001-02-000000541753959	bsn-a001-00-000000013604308	19	99	8753	M	2	0	0	2	0
20260829	4291318	cmp-a001-02-000000010764328	grp-a001-02-000000069047580	단백질	nad-a001-02-000000553654562	bsn-a001-00-000000013604308	19	08	529514	M	8	0	0	8	0
20260829	4291318	cmp-a001-02-000000010764328	grp-a001-02-000000069047580	스토어	nad-a001-02-000000541753997	bsn-a001-00-000000013604308	19	00	98128	M	1	0	0	1	0
20260829	4291318	cmp-a001-02-000000010764328	grp-a001-02-000000069047580	프로틴	nad-a001-02-000000553654562	bsn-a001-00-000000013604308	19	99	529514	M	55	0	0	55	0
20260829	4291318	cmp-a001-02-000000010764328	grp-a001-02-000000069047580	단백질쉐이크	nad-a001-02-000000553654562	bsn-a001-00-000000013604308	19	09	98128	M	12	0	0	12	0
20260829	4291318	cmp-a001-02-000000010764328	grp-a001-02-000000069047580	단백질보충제	nad-a001-02-000000553654562	bsn-a001-00-000000013604308	19	99	529514	M	3	0	0	3	0
20260829	4291318	cmp-a001-02-000000010764328	grp-a001-02-000000069047580	제리	nad-a001-02-000000541753985	bsn-a001-00-000000013604308	19	09	684924	M	1	0	0	1	0
20260829	4291318	cmp-a001-02-000000010764328	grp-a001-02-000000069047580	균형영양식	nad-a001-02-000000541753965	bsn-a001-00-000000013604308	19	08	529514	M	2	0	0	7	0
20260829	4291318	cmp-a001-02-000000010764328	grp-a001-02-000000069047580	칼로리바	nad-a001-02-000000553654554	bsn-a001-00-000000013604308	19	02	8753	M	1	0	0	2	0
20260829	4291318	cmp-a001-02-000000010764328	grp-a001-02-000000069047580	단백질쉐이크	nad-a001-02-000000553654562	bsn-a001-00-000000013604308	19	06	33421	M	1	0	0	9	0
20260829	4291318	cmp-a001-02-000000010764328	grp-a001-02-000000069047580	견과	nad-a001-02-000000541753960	bsn-a001-00-000000013604308	19	09	768323	M	1	0	0	3	0
20260829	4291318	cmp-a001-02-000000010764328	grp-a001-02-000000069047580	젤리브랜드종류	nad-a001-02-000000541753985	bsn-a001-00-000000013604308	19	02	8753	M	1	0	0	1	0
20260829	4291318	cmp-a001-02-000000010764328	grp-a001-02-000000069047580	갓	nad-a001-02-000000541753999	bsn-a001-00-000000013604308	19	04	8753	M	1	0	0	3	0
20260829	4291318	cmp-a001-02-000000010764328	grp-a001-02-000000069047580	하루견과	nad-a001-02-000000541753959	bsn-a001-00-000000013604308	19	02	791889	P	1	0	0	1	0
20260829	4291318	cmp-a001-02-000000010764328	grp-a001-02-000000069047580	보의당통곡물한끼	nad-a001-02-000000541753988	bsn-a001-00-000000013604308	19	18	341893	M	1	0	0	13	0
20260829	4291318	cmp-a001-02-000000010764328	grp-a001-02-000000069047580	견과류	nad-a001-02-000000541753960	bsn-a001-00-000000013604308	19	16	529514	M	20	0	0	60	0
20260829	4291318	cmp-a001-02-000000010764328	grp-a001-02-000000069047580	단백질쉐이크	nad-a001-02-000000553654562	bsn-a001-00-000000013604308	19	02	98128	M	6	0	0	6	0
20260829	4291318	cmp-a001-02-000000010764328	grp-a001-02-000000069047580	갓구운켄피	nad-a001-02-000000541753960	bsn-a001-00-000000013604308	19	09	8753	M	1	0	0	2	0
20260829	4291318	cmp-a001-02-000000010764328	grp-a001-02-000000069047580	견과류	nad-a001-02-000000541753960	bsn-a001-00-000000013604308	19	14	529514	M	13	0	0	39	0
20260829	4291318	cmp-a001-02-000000010764328	grp-a001-02-000000069047580	가루	nad-a001-02-000000541754004	bsn-a001-00-000000013604308	19	00	8753	M	1	0	0	3	0
20260829	4291318	cmp-a001-02-000000010764328	grp-a001-02-000000069047580	사탕젤리	nad-a001-02-000000541753985	bsn-a001-00-000000013604308	19	02	87620	M	1	0	0	2	0
20260829	4291318	cmp-a001-02-000000010764328	grp-a001-02-000000069047580	생식가루	nad-a001-02-000000541753997	bsn-a001-00-000000013604308	19	09	8753	M	2	0	0	5	0
20260829	4291318	cmp-a001-02-000000010764328	grp-a001-02-000000069047580	식물성단백질	nad-a001-02-000000553654562	bsn-a001-00-000000013604308	19	02	529514	M	2	0	0	2	0
20260829	4291318	cmp-a001-02-000000010764328	grp-a001-02-000000069047580	견과류	nad-a001-02-000000541753960	bsn-a001-00-000000013604308	19	04	529514	M	35	0	0	105	0
20260829	4291318	cmp-a001-02-000000010764328	grp-a001-02-000000069047580	젤리	nad-a001-02-000000541753985	bsn-a001-00-000000013604308	19	02	684927	P	2	0	0	18	0
20260829	4291318	cmp-a001-02-000000010764328	grp-a001-02-000000069047580	견과류추천	nad-a001-02-000000541753959	bsn-a001-00-000000013604308	19	09	684924	M	3	0	0	3	0
20260829	4291318	cmp-a001-02-000000010764328	grp-a001-02-000000069047580	견과류	nad-a001-02-000000541753999	bsn-a001-00-000000013604308	19	18	529514	M	37	0	0	37	0
20260829	4291318	cmp-a001-02-000000010764328	grp-a001-02-000000069047580	견과류	nad-a001-02-000000541753960	bsn-a001-00-000000013604308	19	01	8753	M	6	0	0	15	0
20260829	4291318	cmp-a001-02-000000010764328	grp-a001-02-000000069047580	젤리	nad-a001-02-000000541753985	bsn-a001-00-000000013604308	19	13	137281	M	6	0	0	6	0
20260829	4291318	cmp-a001-02-000000010764328	grp-a001-02-000000069047580	하루	nad-a001-02-000000541753960	bsn-a001-00-000000013604308	19	06	137281	M	4	0	0	4	0
20260829	4291318	cmp-a001-02-000000010764328	grp-a001-02-000000069047580	단백질	nad-a001-02-000000553654562	bsn-a001-00-000000013604308	19	02	529514	M	49	0	0	61	0
20260829	4291318	cmp-a001-02-000000010764328	grp-a001-02-000000069047580	프로틴바	nad-a001-02-000000553654558	bsn-a001-00-000000013604308	19	99	768323	M	1	0	0	7	0
20260829	4291318	cmp-a001-02-000000010764328	grp-a001-02-000000069047580	청주간식포장	nad-a001-02-000000541753959	bsn-a001-00-000000013604308	19	16	8753	M	1	0	0	3	0
20260829	4291318	cmp-a001-02-000000010764328	grp-a001-02-000000069047580	웰뮨아나팜	nad-a001-02-000000541754005	bsn-a001-00-000000013604308	19	10	341893	M	1	0	0	1	0
20260829	4291318	cmp-a001-02-000000010764328	grp-a001-02-000000069047580	하루	nad-a001-02-000000541753960	bsn-a001-00-000000013604308	19	11	98128	M	1	0	0	4	0
20260829	4291318	cmp-a001-02-000000010764328	grp-a001-02-000000069047580	단백질보충제	nad-a001-02-000000553654562	bsn-a001-00-000000013604308	19	08	23123	P	4	0	0	5	0
20260829	4291318	cmp-a001-02-000000010764328	grp-a001-02-000000069047580	하루견과	nad-a001-02-000000541753959	bsn-a001-00-000000013604308	19	04	8753	M	1	0	0	4	0
20260829	4291318	cmp-a001-02-000000010764328	grp-a001-02-000000069047580	견과류	nad-a001-02-000000541753999	bsn-a001-00-000000013604308	19	02	684926	M	9	0	0	12	0
20260829	4291318	cmp-a001-02-000000010764328	grp-a001-02-000000069047580	프로틴	nad-a001-02-000000553654562	bsn-a001-00-000000013604308	19	04	768323	M	20	0	0	45	0
20260829	4291318	cmp-a001-02-000000010764328	grp-a001-02-000000069047580	단백질바	nad-a001-02-000000553654554	bsn-a001-00-000000013604308	19	18	8753	M	1	0	0	2	0
20260829	4291318	cmp-a001-02-000000010764328	grp-a001-02-000000069047580	프로틴파우더	nad-a001-02-000000553654562	bsn-a001-00-000000013604308	19	09	529514	M	7	0	0	13	0
20260829	4291318	cmp-a001-02-000000010764328	grp-a001-02-000000069047580	단백질바	nad-a001-02-000000553654554	bsn-a001-00-000000013604308	19	09	33421	M	2	0	0	3	0
20260829	4291318	cmp-a001-02-000000010764328	grp-a001-02-000000069047580	하루	nad-a001-02-000000553654562	bsn-a001-00-000000013604308	19	15	612594	M	1	0	0	3	0
20260829	4291318	cmp-a001-02-000000010764328	grp-a001-02-000000069047580	황성주생식	nad-a001-02-000000541753996	bsn-a001-00-000000013604308	19	13	805760	M	1	0	0	3	0
20260829	4291318	cmp-a001-02-000000010764328	grp-a001-02-000000069047580	생식가루	nad-a001-02-000000541753996	bsn-a001-00-000000013604308	19	02	8753	M	2	0	0	8	0
20260829	4291318	cmp-a001-02-000000010764328	grp-a001-02-000000069047580	견과류	nad-a001-02-000000541753959	bsn-a001-00-000000013604308	19	00	684924	M	1	0	0	1	0
20260829	4291318	cmp-a001-02-000000010764328	grp-a001-02-000000069047580	하루견과	nad-a001-02-000000541753999	bsn-a001-00-000000013604308	19	99	8753	M	1	0	0	1	0
20260829	4291318	cmp-a001-02-000000010764328	grp-a001-02-000000069047580	프로틴바	nad-a001-02-000000553654559	bsn-a001-00-000000013604308	19	09	529514	M	30	0	0	159	0
20260829	4291318	cmp-a001-02-000000010764328	grp-a001-02-000000069047580	견과류많이섭취	nad-a001-02-000000541753999	bsn-a001-00-000000013604308	19	09	8753	M	1	0	0	3	0
20260829	4291318	cmp-a001-02-000000010764328	grp-a001-02-000000069047580	분말	nad-a001-02-000000541753997	bsn-a001-00-000000013604308	19	09	8753	M	1	0	0	1	0
20260829	4291318	cmp-a001-02-000000010764328	grp-a001-02-000000069047580	인기에너지바	nad-a001-02-000000553654554	bsn-a001-00-000000013604308	19	11	8753	M	1	0	0	3	0
20260829	4291318	cmp-a001-02-000000010764328	grp-a001-02-000000069047580	갓	nad-a001-02-000000541753960	bsn-a001-00-000000013604308	19	03	8753	M	1	0	0	3	0
20260829	4291318	cmp-a001-02-000000010764328	grp-a001-02-000000069047580	하루만	nad-a001-02-000000541753960	bsn-a001-00-000000013604308	19	99	529514	M	2	0	0	10	0
20260829	4291318	cmp-a001-02-000000010764328	grp-a001-02-000000069047580	에너지바	nad-a001-02-000000553654554	bsn-a001-00-000000013604308	19	04	33421	M	1	0	0	4	0
20260829	4291318	cmp-a001-02-000000010764328	grp-a001-02-000000069047580	프로틴	nad-a001-02-000000553654562	bsn-a001-00-000000013604308	19	03	529514	M	13	0	0	13	0
20260829	4291318	cmp-a001-02-000000010764328	grp-a001-02-000000069047580	단백질간식	nad-a001-02-000000553654554	bsn-a001-00-000000013604308	19	16	529514	M	3	0	0	3	0
20260829	4291318	cmp-a001-02-000000010764328	grp-a001-02-000000069047580	프로틴	nad-a001-02-000000553654562	bsn-a001-00-000000013604308	19	09	8753	M	2	0	0	14	0
20260829	4291318	cmp-a001-02-000000010764328	grp-a001-02-000000069047580	단백질바	nad-a001-02-000000553654559	bsn-a001-00-000000013604308	19	09	8753	M	1	0	0	4	0
20260829	4291318	cmp-a001-02-000000010764328	grp-a001-02-000000069047580	견과류세트	nad-a001-02-000000541753999	bsn-a001-00-000000013604308	19	02	8753	M	4	0	0	7	0
20260829	4291318	cmp-a001-02-000000010764328	grp-a001-02-000000069047580	프로틴	nad-a001-02-000000553654562	bsn-a001-00-000000013604308	19	08	137281	M	6	0	0	6	0
20260829	4291318	cmp-a001-02-000000010764328	grp-a001-02-000000069047580	견과류	nad-a001-02-000000541753999	bsn-a001-00-000000013604308	19	08	291244	M	2	0	0	2	0
20260829	4291318	cmp-a001-02-000000010764328	grp-a001-02-000000069047580	견과류	nad-a001-02-000000541753999	bsn-a001-00-000000013604308	19	00	8753	M	1	0	0	1	0
20260829	4291318	cmp-a001-02-000000010764328	grp-a001-02-000000069047580	하루만	nad-a001-02-000000541753999	bsn-a001-00-000000013604308	19	99	529514	M	2	0	0	5	0
20260829	4291318	cmp-a001-02-000000010764328	grp-a001-02-000000069047580	하루	nad-a001-02-000000541753999	bsn-a001-00-000000013604308	19	11	98128	M	1	0	0	2	0
20260829	4291318	cmp-a001-02-000000010764328	grp-a001-02-000000069047580	단백질바	nad-a001-02-000000553654558	bsn-a001-00-000000013604308	19	14	8753	M	3	0	0	15	0
20260829	4291318	cmp-a001-02-000000010764328	grp-a001-02-000000069047580	견과류	nad-a001-02-000000541753960	bsn-a001-00-000000013604308	19	11	529514	M	32	0	0	96	0
20260829	4291318	cmp-a001-02-000000010764328	grp-a001-02-000000069047580	견과류세트	nad-a001-02-000000541753960	bsn-a001-00-000000013604308	19	09	529514	M	6	0	0	30	0
20260829	4291318	cmp-a001-02-000000010764328	grp-a001-02-000000069047580	하루견과	nad-a001-02-000000541753960	bsn-a001-00-000000013604308	19	02	529514	M	15	0	0	40	0
20260829	4291318	cmp-a001-02-000000010764328	grp-a001-02-000000069047580	에너지바	nad-a001-02-000000553654558	bsn-a001-00-000000013604308	19	01	529514	M	2	0	0	4	0
20260829	4291318	cmp-a001-02-000000010764328	grp-a001-02-000000069047580	프로틴쉐이크	nad-a001-02-000000553654562	bsn-a001-00-000000013604308	19	07	529514	M	2	0	0	2	0
20260829	4291318	cmp-a001-02-000000010764328	grp-a001-02-000000069047580	하루	nad-a001-02-000000553654562	bsn-a001-00-000000013604308	19	09	98128	M	2	0	0	10	0
20260829	4291318	cmp-a001-02-000000010764328	grp-a001-02-000000069047580	갓	nad-a001-02-000000541753959	bsn-a001-00-000000013604308	19	08	291244	M	2	0	0	5	0
20260829	4291318	cmp-a001-02-000000010764328	grp-a001-02-000000069047580	가루뿌린들명나방	nad-a001-02-000000541754004	bsn-a001-00-000000013604308	19	02	27758	P	1	0	0	1	0
20260829	4291318	cmp-a001-02-000000010764328	grp-a001-02-000000069047580	단백질쉐이크	nad-a001-02-000000553654562	bsn-a001-00-000000013604308	19	07	8753	M	1	0	0	13	0
20260829	4291318	cmp-a001-02-000000010764328	grp-a001-02-000000069047580	자판기초코과자	nad-a001-02-000000553654554	bsn-a001-00-000000013604308	19	02	8753	M	1	0	0	1	0
20260829	4291318	cmp-a001-02-000000010764328	grp-a001-02-000000069047580	다이어트브랜드	nad-a001-02-000000553654562	bsn-a001-00-000000013604308	19	09	8753	M	1	0	0	1	0
20260829	4291318	cmp-a001-02-000000010764328	grp-a001-02-000000069047580	단백질쉐이크	nad-a001-02-000000553654562	bsn-a001-00-000000013604308	19	99	33421	M	1	0	0	2	0
20260829	4291318	cmp-a001-02-000000010764328	grp-a001-02-000000069047580	젤리	nad-a001-02-000000541753985	bsn-a001-00-000000013604308	19	10	768323	M	1	0	0	6	0
20260829	4291318	cmp-a001-02-000000010764328	grp-a001-02-000000069047580	하루견과	nad-a001-02-000000541753960	bsn-a001-00-000000013604308	19	99	8753	M	1	0	0	2	0
20260829	4291318	cmp-a001-02-000000010764328	grp-a001-02-000000069047580	황성주생식라이프밀	nad-a001-02-000000541753997	bsn-a001-00-000000013604308	19	02	684926	M	1	0	0	5	0
20260829	4291318	cmp-a001-02-000000010764328	grp-a001-02-000000069047580	마이프로틴WPI	nad-a001-02-000000553654562	bsn-a001-00-000000013604308	19	09	341893	M	1	0	0	3	0
20260829	4291318	cmp-a001-02-000000010764328	grp-a001-02-000000069047580	에너지바	nad-a001-02-000000553654554	bsn-a001-00-000000013604308	19	11	8753	M	1	0	0	3	0
20260829	4291318	cmp-a001-02-000000010764328	grp-a001-02-000000069047580	다이어트쉐이크	nad-a001-02-000000553654562	bsn-a001-00-000000013604308	19	09	529514	M	12	0	0	12	0
20260829	4291318	cmp-a001-02-000000010764328	grp-a001-02-000000069047580	견과류	nad-a001-02-000000541753960	bsn-a001-00-000000013604308	19	03	8753	M	3	0	0	8	0
20260829	4291318	cmp-a001-02-000000010764328	grp-a001-02-000000069047580	균형영양식	nad-a001-02-000000541753965	bsn-a001-00-000000013604308	19	10	529514	M	2	0	0	7	0
20260829	4291318	cmp-a001-02-000000010764328	grp-a001-02-000000069047580	젤리	nad-a001-02-000000541753985	bsn-a001-00-000000013604308	19	15	529514	M	8	0	0	8	0
20260829	4291318	cmp-a001-02-000000010764328	grp-a001-02-000000069047580	견과세트	nad-a001-02-000000541753999	bsn-a001-00-000000013604308	19	02	768323	M	5	0	0	11	0
20260829	4291318	cmp-a001-02-000000010764328	grp-a001-02-000000069047580	견과류	nad-a001-02-000000541753999	bsn-a001-00-000000013604308	19	04	684926	M	4	0	0	4	0
20260829	4291318	cmp-a001-02-000000010764328	grp-a001-02-000000069047580	견과류	nad-a001-02-000000541753959	bsn-a001-00-000000013604308	19	13	529514	M	49	0	0	99	0
20260829	4291318	cmp-a001-02-000000010764328	grp-a001-02-000000069047580	황성주생식	nad-a001-02-000000541753997	bsn-a001-00-000000013604308	19	09	684926	M	2	0	0	8	0
20260829	4291318	cmp-a001-02-000000010764328	grp-a001-02-000000069047580	에너지바	nad-a001-02-000000553654559	bsn-a001-00-000000013604308	19	09	612594	M	1	0	0	4	0
20260829	4291318	cmp-a001-02-000000010764328	grp-a001-02-000000069047580	제리	nad-a001-02-000000541753985	bsn-a001-00-000000013604308	19	09	137281	M	3	0	0	3	0
20260829	4291318	cmp-a001-02-000000010764328	grp-a001-02-000000069047580	푸룬젤리	nad-a001-02-000000541753985	bsn-a001-00-000000013604308	19	09	8753	M	1	0	0	1	0
20260829	4291318	cmp-a001-02-000000010764328	grp-a001-02-000000069047580	단백질프로틴	nad-a001-02-000000553654562	bsn-a001-00-000000013604308	19	99	612594	M	1	0	0	2	0
20260829	4291318	cmp-a001-02-000000010764328	grp-a001-02-000000069047580	갓구운하루견과	nad-a001-02-000000541753999	bsn-a001-00-000000013604308	19	06	8753	M	1	0	0	2	0
20260829	4291318	cmp-a001-02-000000010764328	grp-a001-02-000000069047580	에너지바	nad-a001-02-000000553654558	bsn-a001-00-000000013604308	19	02	8753	M	2	0	0	9	0
20260829	4291318	cmp-a001-02-000000010764328	grp-a001-02-000000069047580	장염설사단백질바	nad-a001-02-000000553654558	bsn-a001-00-000000013604308	19	02	8753	M	1	0	0	3	0
20260829	4291318	cmp-a001-02-000000010764328	grp-a001-02-000000069047580	갓	nad-a001-02-000000541753959	bsn-a001-00-000000013604308	19	11	335738	P	1	0	0	2	0
20260829	4291318	cmp-a001-02-000000010764328	grp-a001-02-000000069047580	갓	nad-a001-02-000000541753960	bsn-a001-00-000000013604308	19	11	335738	P	1	0	0	3	0
20260829	4291318	cmp-a001-02-000000010764328	grp-a001-02-000000069047580	견과류	nad-a001-02-000000541753960	bsn-a001-00-000000013604308	19	00	8753	M	1	0	0	2	0
20260829	4291318	cmp-a001-02-000000010764328	grp-a001-02-000000069047580	하루견과	nad-a001-02-000000541753999	bsn-a001-00-000000013604308	19	99	529514	M	16	0	0	16	0
20260829	4291318	cmp-a001-02-000000010764328	grp-a001-02-000000069047580	에너지바	nad-a001-02-000000553654559	bsn-a001-00-000000013604308	19	09	33421	M	1	0	0	11	0
20260829	4291318	cmp-a001-02-000000010764328	grp-a001-02-000000069047580	제리	nad-a001-02-000000541753985	bsn-a001-00-000000013604308	19	11	137281	M	4	0	0	4	0
20260829	4291318	cmp-a001-02-000000010764328	grp-a001-02-000000069047580	견과류세트	nad-a001-02-000000541753959	bsn-a001-00-000000013604308	19	02	8753	M	4	0	0	14	0
20260829	4291318	cmp-a001-02-000000010764328	grp-a001-02-000000069047580	에너지바	nad-a001-02-000000553654554	bsn-a001-00-000000013604308	19	99	23123	P	1	0	0	1	0
20260829	4291318	cmp-a001-02-000000010764328	grp-a001-02-000000069047580	하루견과	nad-a001-02-000000541753999	bsn-a001-00-000000013604308	19	09	8753	M	9	1	2749	16	0
20260829	4291318	cmp-a001-02-000000010764328	grp-a001-02-000000069047580	생식가루	nad-a001-02-000000541754004	bsn-a001-00-000000013604308	19	04	8753	M	1	0	0	2	0
20260829	4291318	cmp-a001-02-000000010764328	grp-a001-02-000000069047580	하루	nad-a001-02-000000541753960	bsn-a001-00-000000013604308	19	09	529514	M	1	0	0	5	0
20260829	4291318	cmp-a001-02-000000010764328	grp-a001-02-000000069047580	견과류	nad-a001-02-000000541753999	bsn-a001-00-000000013604308	19	11	684926	M	1	0	0	1	0
20260829	4291318	cmp-a001-02-000000010764328	grp-a001-02-000000069047580	하루견과	nad-a001-02-000000541753999	bsn-a001-00-000000013604308	19	02	8753	M	3	0	0	4	0
20260829	4291318	cmp-a001-02-000000010764328	grp-a001-02-000000069047580	견과류	nad-a001-02-000000541753999	bsn-a001-00-000000013604308	19	03	684926	M	4	0	0	6	0
20260829	4291318	cmp-a001-02-000000010764328	grp-a001-02-000000069047580	하루견과	nad-a001-02-000000541753999	bsn-a001-00-000000013604308	19	02	27758	P	1	0	0	2	0
20260829	4291318	cmp-a001-02-000000010764328	grp-a001-02-000000069047580	사탕젤리	nad-a001-02-000000541753985	bsn-a001-00-000000013604308	19	04	87620	M	1	0	0	2	0
20260829	4291318	cmp-a001-02-000000010764328	grp-a001-02-000000069047580	에너지바	nad-a001-02-000000553654554	bsn-a001-00-000000013604308	19	00	8753	M	2	0	0	4	0
20260829	4291318	cmp-a001-02-000000010764328	grp-a001-02-000000069047580	단백질	nad-a001-02-000000553654562	bsn-a001-00-000000013604308	19	15	529514	M	5	0	0	5	0
20260829	4291318	cmp-a001-02-000000010764328	grp-a001-02-000000069047580	단백질쉐이크	nad-a001-02-000000553654562	bsn-a001-00-000000013604308	19	03	529514	M	24	0	0	24	0
20260829	4291318	cmp-a001-02-000000010764328	grp-a001-02-000000069047580	프로틴	nad-a001-02-000000553654562	bsn-a001-00-000000013604308	19	18	768323	M	28	0	0	70	0
20260829	4291318	cmp-a001-02-000000010764328	grp-a001-02-000000069047580	프로틴바	nad-a001-02-000000553654559	bsn-a001-00-000000013604308	19	02	98128	M	4	0	0	18	0
20260829	4291318	cmp-a001-02-000000010764328	grp-a001-02-000000069047580	단백질바	nad-a001-02-000000553654554	bsn-a001-00-000000013604308	19	09	8753	M	6	0	0	12	0
20260829	4291318	cmp-a001-02-000000010764328	grp-a001-02-000000069047580	브랜드스토어	nad-a001-02-000000541753996	bsn-a001-00-000000013604308	19	08	8753	M	1	0	0	4	0
20260829	4291318	cmp-a001-02-000000010764328	grp-a001-02-000000069047580	하루견과프리미엄	nad-a001-02-000000541753959	bsn-a001-00-000000013604308	19	01	341898	M	2	0	0	2	0
20260829	4291318	cmp-a001-02-000000010764328	grp-a001-02-000000069047580	견과류	nad-a001-02-000000541753959	bsn-a001-00-000000013604308	19	14	529514	M	13	0	0	26	0
20260829	4291318	cmp-a001-02-000000010764328	grp-a001-02-000000069047580	견과류	nad-a001-02-000000541753960	bsn-a001-00-000000013604308	19	09	529514	M	277	0	0	831	0
20260829	4291318	cmp-a001-02-000000010764328	grp-a001-02-000000069047580	단백질	nad-a001-02-000000553654562	bsn-a001-00-000000013604308	19	08	98128	M	6	0	0	6	0
20260829	4291318	cmp-a001-02-000000010764328	grp-a001-02-000000069047580	견과세트	nad-a001-02-000000541753999	bsn-a001-00-000000013604308	19	16	768323	M	1	0	0	2	0
20260829	4291318	cmp-a001-02-000000010764328	grp-a001-02-000000069047580	하루	nad-a001-02-000000541753999	bsn-a001-00-000000013604308	19	09	137281	M	3	0	0	6	0
20260829	4291318	cmp-a001-02-000000010764328	grp-a001-02-000000069047580	코스트코단백질에너지바	nad-a001-02-000000553654558	bsn-a001-00-000000013604308	19	13	8753	M	1	0	0	3	0
20260829	4291318	cmp-a001-02-000000010764328	grp-a001-02-000000069047580	에너지바	nad-a001-02-000000553654558	bsn-a001-00-000000013604308	19	00	27758	P	2	0	0	6	0
20260829	4291318	cmp-a001-02-000000010764328	grp-a001-02-000000069047580	프로틴단백질	nad-a001-02-000000553654562	bsn-a001-00-000000013604308	19	04	612594	M	1	0	0	2	0
20260829	4291318	cmp-a001-02-000000010764328	grp-a001-02-000000069047580	갓구운	nad-a001-02-000000541753959	bsn-a001-00-000000013604308	19	09	612594	M	1	0	0	1	0
20260829	4291318	cmp-a001-02-000000010764328	grp-a001-02-000000069047580	원주기업도견과류회사	nad-a001-02-000000541753999	bsn-a001-00-000000013604308	19	01	8753	M	1	0	0	3	0
20260829	4291318	cmp-a001-02-000000010764328	grp-a001-02-000000069047580	갓	nad-a001-02-000000541753999	bsn-a001-00-000000013604308	19	03	8753	M	1	0	0	4	0
20260829	4291318	cmp-a001-02-000000010764328	grp-a001-02-000000069047580	견과류	nad-a001-02-000000541753960	bsn-a001-00-000000013604308	19	00	529514	M	3	0	0	9	0
20260829	4291318	cmp-a001-02-000000010764328	grp-a001-02-000000069047580	견과류	nad-a001-02-000000541753999	bsn-a001-00-000000013604308	19	99	529514	M	156	0	0	158	0
20260829	4291318	cmp-a001-02-000000010764328	grp-a001-02-000000069047580	견과류	nad-a001-02-000000541753959	bsn-a001-00-000000013604308	19	14	684924	M	2	0	0	2	0
20260829	4291318	cmp-a001-02-000000010764328	grp-a001-02-000000069047580	엄마사랑프로틴바	nad-a001-02-000000553654558	bsn-a001-00-000000013604308	19	01	8753	M	1	0	0	2	0
20260829	4291318	cmp-a001-02-000000010764328	grp-a001-02-000000069047580	견과류	nad-a001-02-000000541753960	bsn-a001-00-000000013604308	19	08	291244	M	2	0	0	6	0
20260829	4291318	cmp-a001-02-000000010764328	grp-a001-02-000000069047580	단백질바	nad-a001-02-000000553654554	bsn-a001-00-000000013604308	19	99	529514	M	4	0	0	4	0
20260829	4291318	cmp-a001-02-000000010764328	grp-a001-02-000000069047580	엄궁농산물시장견과류	nad-a001-02-000000541753999	bsn-a001-00-000000013604308	19	08	8753	M	1	0	0	2	0
20260829	4291318	cmp-a001-02-000000010764328	grp-a001-02-000000069047580	프로틴쉐이크	nad-a001-02-000000553654562	bsn-a001-00-000000013604308	19	06	529514	M	2	0	0	2	0
20260829	4291318	cmp-a001-02-000000010764328	grp-a001-02-000000069047580	견과류세트	nad-a001-02-000000541753959	bsn-a001-00-000000013604308	19	09	529514	M	6	0	0	24	0
20260829	4291318	cmp-a001-02-000000010764328	grp-a001-02-000000069047580	에너지바	nad-a001-02-000000553654558	bsn-a001-00-000000013604308	19	04	11068	P	1	0	0	4	0
20260829	4291318	cmp-a001-02-000000010764328	grp-a001-02-000000069047580	프로틴	nad-a001-02-000000553654562	bsn-a001-00-000000013604308	19	11	768323	M	14	0	0	34	0
20260829	4291318	cmp-a001-02-000000010764328	grp-a001-02-000000069047580	하루	nad-a001-02-000000541753960	bsn-a001-00-000000013604308	19	10	137281	M	3	0	0	3	0
20260829	4291318	cmp-a001-02-000000010764328	grp-a001-02-000000069047580	견과류	nad-a001-02-000000541753999	bsn-a001-00-000000013604308	19	11	8753	M	2	0	0	4	0
20260829	4291318	cmp-a001-02-000000010764328	grp-a001-02-000000069047580	생식가루	nad-a001-02-000000541754004	bsn-a001-00-000000013604308	19	09	8753	M	1	0	0	2	0
20260829	4291318	cmp-a001-02-000000010764328	grp-a001-02-000000069047580	황성주생식	nad-a001-02-000000541753996	bsn-a001-00-000000013604308	19	09	684926	M	2	0	0	2	0
20260829	4291318	cmp-a001-02-000000010764328	grp-a001-02-000000069047580	하루	nad-a001-02-000000541753999	bsn-a001-00-000000013604308	19	02	137281	M	15	0	0	30	0
20260829	4291318	cmp-a001-02-000000010764328	grp-a001-02-000000069047580	프로틴	nad-a001-02-000000553654562	bsn-a001-00-000000013604308	19	13	529514	M	5	0	0	5	0
20260829	4291318	cmp-a001-02-000000010764328	grp-a001-02-000000069047580	쉐이크	nad-a001-02-000000553654562	bsn-a001-00-000000013604308	19	02	98128	M	3	0	0	3	0
20260829	4291318	cmp-a001-02-000000010764328	grp-a001-02-000000069047580	단백질바	nad-a001-02-000000553654554	bsn-a001-00-000000013604308	19	01	529514	M	2	0	0	2	0
20260829	4291318	cmp-a001-02-000000010764328	grp-a001-02-000000069047580	하루	nad-a001-02-000000541753960	bsn-a001-00-000000013604308	19	11	612594	M	1	0	0	8	0
20260829	4291318	cmp-a001-02-000000010764328	grp-a001-02-000000069047580	견과세트	nad-a001-02-000000541753960	bsn-a001-00-000000013604308	19	11	768323	M	1	0	0	3	0
20260829	4291318	cmp-a001-02-000000010764328	grp-a001-02-000000069047580	어르신용에너지바	nad-a001-02-000000553654558	bsn-a001-00-000000013604308	19	02	8753	M	1	0	0	3	0
20260829	4291318	cmp-a001-02-000000010764328	grp-a001-02-000000069047580	견과류	nad-a001-02-000000541753999	bsn-a001-00-000000013604308	19	09	684926	M	6	0	0	10	0
20260829	4291318	cmp-a001-02-000000010764328	grp-a001-02-000000069047580	하루	nad-a001-02-000000541753959	bsn-a001-00-000000013604308	19	08	612594	M	1	0	0	1	0
20260829	4291318	cmp-a001-02-000000010764328	grp-a001-02-000000069047580	에너지바	nad-a001-02-000000553654558	bsn-a001-00-000000013604308	19	02	11068	P	3	0	0	12	0
20260829	4291318	cmp-a001-02-000000010764328	grp-a001-02-000000069047580	황성주생식	nad-a001-02-000000541753997	bsn-a001-00-000000013604308	19	04	684926	M	1	0	0	6	0
20260829	4291318	cmp-a001-02-000000010764328	grp-a001-02-000000069047580	브랜드스토어	nad-a001-02-000000541754004	bsn-a001-00-000000013604308	19	08	8753	M	1	0	0	2	0
20260829	4291318	cmp-a001-02-000000010764328	grp-a001-02-000000069047580	갓	nad-a001-02-000000541753999	bsn-a001-00-000000013604308	19	02	612594	M	1	0	0	2	0
20260829	4291318	cmp-a001-02-000000010764328	grp-a001-02-000000069047580	하루견과	nad-a001-02-000000541753960	bsn-a001-00-000000013604308	19	03	33421	M	1	0	0	3	0
20260829	4291318	cmp-a001-02-000000010764328	grp-a001-02-000000069047580	프로틴	nad-a001-02-000000553654562	bsn-a001-00-000000013604308	19	09	768323	M	183	0	0	452	0
20260829	4291318	cmp-a001-02-000000010764328	grp-a001-02-000000069047580	견과세트	nad-a001-02-000000541753959	bsn-a001-00-000000013604308	19	99	768323	M	4	0	0	7	0
20260829	4291318	cmp-a001-02-000000010764328	grp-a001-02-000000069047580	견과류	nad-a001-02-000000541753960	bsn-a001-00-000000013604308	19	08	529514	M	24	0	0	72	0
20260829	4291318	cmp-a001-02-000000010764328	grp-a001-02-000000069047580	하루	nad-a001-02-000000541753959	bsn-a001-00-000000013604308	19	09	612594	M	2	0	0	2	0
20260829	4291318	cmp-a001-02-000000010764328	grp-a001-02-000000069047580	견과류	nad-a001-02-000000541753960	bsn-a001-00-000000013604308	19	04	8753	M	3	0	0	7	0
20260829	4291318	cmp-a001-02-000000010764328	grp-a001-02-000000069047580	견과류세트	nad-a001-02-000000541753960	bsn-a001-00-000000013604308	19	08	684924	M	1	0	0	1	0
20260829	4291318	cmp-a001-02-000000010764328	grp-a001-02-000000069047580	견과류세트	nad-a001-02-000000541753960	bsn-a001-00-000000013604308	19	02	684924	M	2	0	0	2	0
20260829	4291318	cmp-a001-02-000000010764328	grp-a001-02-000000069047580	프로틴바	nad-a001-02-000000553654554	bsn-a001-00-000000013604308	19	08	8753	M	1	0	0	4	0
20260829	4291318	cmp-a001-02-000000010764328	grp-a001-02-000000069047580	견과	nad-a001-02-000000541753999	bsn-a001-00-000000013604308	19	01	529514	M	2	0	0	3	0
20260829	4291318	cmp-a001-02-000000010764328	grp-a001-02-000000069047580	견과	nad-a001-02-000000541753960	bsn-a001-00-000000013604308	19	10	529514	M	11	0	0	29	0
20260829	4291318	cmp-a001-02-000000010764328	grp-a001-02-000000069047580	견과류간식	nad-a001-02-000000541753960	bsn-a001-00-000000013604308	19	09	684924	M	1	0	0	1	0
20260829	4291318	cmp-a001-02-000000010764328	grp-a001-02-000000069047580	견과세트	nad-a001-02-000000541753999	bsn-a001-00-000000013604308	19	09	33421	M	2	0	0	2	0
20260829	4291318	cmp-a001-02-000000010764328	grp-a001-02-000000069047580	에너지바	nad-a001-02-000000553654554	bsn-a001-00-000000013604308	19	99	291244	M	2	0	0	2	0
20260829	4291318	cmp-a001-02-000000010764328	grp-a001-02-000000069047580	단백질바추천	nad-a001-02-000000553654554	bsn-a001-00-000000013604308	19	08	8753	M	1	0	0	1	0
20260829	4291318	cmp-a001-02-000000010764328	grp-a001-02-000000069047580	프로틴바	nad-a001-02-000000553654554	bsn-a001-00-000000013604308	19	02	768323	M	4	0	0	4	0
20260829	4291318	cmp-a001-02-000000010764328	grp-a001-02-000000069047580	하루견과	nad-a001-02-000000541753999	bsn-a001-00-000000013604308	19	10	27758	P	1	0	0	1	0
20260829	4291318	cmp-a001-02-000000010764328	grp-a001-02-000000069047580	제리	nad-a001-02-000000541753985	bsn-a001-00-000000013604308	19	09	98128	M	2	0	0	4	0
20260829	4291318	cmp-a001-02-000000010764328	grp-a001-02-000000069047580	견과류	nad-a001-02-000000541753999	bsn-a001-00-000000013604308	19	07	529514	M	52	0	0	53	0
20260829	4291318	cmp-a001-02-000000010764328	grp-a001-02-000000069047580	프로틴	nad-a001-02-000000553654562	bsn-a001-00-000000013604308	19	99	684926	M	1	0	0	12	0
20260829	4291318	cmp-a001-02-000000010764328	grp-a001-02-000000069047580	황성주생식	nad-a001-02-000000541754005	bsn-a001-00-000000013604308	19	02	633013	M	1	0	0	4	0
20260829	4291318	cmp-a001-02-000000010764328	grp-a001-02-000000069047580	생뮬무가루안전성	nad-a001-02-000000541753997	bsn-a001-00-000000013604308	19	02	8753	M	1	0	0	1	0
20260829	4291318	cmp-a001-02-000000010764328	grp-a001-02-000000069047580	단백질쉐이크	nad-a001-02-000000553654562	bsn-a001-00-000000013604308	19	13	529514	M	12	0	0	12	0
20260829	4291318	cmp-a001-02-000000010764328	grp-a001-02-000000069047580	하루견과	nad-a001-02-000000541753999	bsn-a001-00-000000013604308	19	00	8753	M	1	0	0	1	0
20260829	4291318	cmp-a001-02-000000010764328	grp-a001-02-000000069047580	프로틴	nad-a001-02-000000553654562	bsn-a001-00-000000013604308	19	02	684927	P	3	0	0	5	0
20260829	4291318	cmp-a001-02-000000010764328	grp-a001-02-000000069047580	가루야가루야	nad-a001-02-000000541753997	bsn-a001-00-000000013604308	19	02	8753	M	1	0	0	1	0
20260829	4291318	cmp-a001-02-000000010764328	grp-a001-02-000000069047580	황성주생식라이프밀	nad-a001-02-000000541754005	bsn-a001-00-000000013604308	19	09	612594	M	2	0	0	10	0
20260829	4291318	cmp-a001-02-000000010764328	grp-a001-02-000000069047580	프로틴바	nad-a001-02-000000553654558	bsn-a001-00-000000013604308	19	09	529514	M	30	0	0	60	0
20260829	4291318	cmp-a001-02-000000010764328	grp-a001-02-000000069047580	하루견과	nad-a001-02-000000541753959	bsn-a001-00-000000013604308	19	09	8753	M	6	0	0	24	0
20260829	4291318	cmp-a001-02-000000010764328	grp-a001-02-000000069047580	하루	nad-a001-02-000000553654562	bsn-a001-00-000000013604308	19	11	612594	M	1	0	0	3	0
20260829	4291318	cmp-a001-02-000000010764328	grp-a001-02-000000069047580	쉐이크	nad-a001-02-000000553654562	bsn-a001-00-000000013604308	19	15	529514	M	5	0	0	7	0
20260829	4291318	cmp-a001-02-000000010764328	grp-a001-02-000000069047580	에너지바	nad-a001-02-000000553654559	bsn-a001-00-000000013604308	19	09	23123	P	4	0	0	18	0
20260829	4291318	cmp-a001-02-000000010764328	grp-a001-02-000000069047580	균형영양식	nad-a001-02-000000541753965	bsn-a001-00-000000013604308	19	01	529514	M	2	0	0	7	0
20260829	4291318	cmp-a001-02-000000010764328	grp-a001-02-000000069047580	하루견과	nad-a001-02-000000541753999	bsn-a001-00-000000013604308	19	00	341893	M	1	0	0	1	0
20260829	4291318	cmp-a001-02-000000010764328	grp-a001-02-000000069047580	프로틴바	nad-a001-02-000000553654558	bsn-a001-00-000000013604308	19	10	529514	M	2	0	0	4	0
20260829	4291318	cmp-a001-02-000000010764328	grp-a001-02-000000069047580	하루견과	nad-a001-02-000000541753959	bsn-a001-00-000000013604308	19	00	8753	M	1	0	0	4	0
20260829	4291318	cmp-a001-02-000000010764328	grp-a001-02-000000069047580	균형영양식	nad-a001-02-000000541753965	bsn-a001-00-000000013604308	19	13	529514	M	8	0	0	28	0
20260829	4291318	cmp-a001-02-000000010764328	grp-a001-02-000000069047580	프로틴바	nad-a001-02-000000553654559	bsn-a001-00-000000013604308	19	07	529514	M	2	0	0	7	0
20260829	4291318	cmp-a001-02-000000010764328	grp-a001-02-000000069047580	쉐이크	nad-a001-02-000000553654562	bsn-a001-00-000000013604308	19	09	529514	M	32	0	0	36	0
20260829	4291318	cmp-a001-02-000000010764328	grp-a001-02-000000069047580	프로틴쉐이크	nad-a001-02-000000553654562	bsn-a001-00-000000013604308	19	09	529514	M	17	0	0	17	0
20260829	4291318	cmp-a001-02-000000010764328	grp-a001-02-000000069047580	황성주생식	nad-a001-02-000000541753996	bsn-a001-00-000000013604308	19	00	8753	M	2	1	4334	6	0
20260829	4291318	cmp-a001-02-000000010764328	grp-a001-02-000000069047580	하루	nad-a001-02-000000541753959	bsn-a001-00-000000013604308	19	07	98128	M	2	0	0	6	0
20260829	4291318	cmp-a001-02-000000010764328	grp-a001-02-000000069047580	젤리	nad-a001-02-000000541753985	bsn-a001-00-000000013604308	19	03	768323	M	2	0	0	4	0
20260829	4291318	cmp-a001-02-000000010764328	grp-a001-02-000000069047580	하루견과	nad-a001-02-000000541753999	bsn-a001-00-000000013604308	19	03	684926	M	2	0	0	2	0
20260829	4291318	cmp-a001-02-000000010764328	grp-a001-02-000000069047580	하루	nad-a001-02-000000541753959	bsn-a001-00-000000013604308	19	09	98128	M	2	0	0	6	0
20260829	4291318	cmp-a001-02-000000010764328	grp-a001-02-000000069047580	갓	nad-a001-02-000000541753960	bsn-a001-00-000000013604308	19	04	8753	M	1	0	0	1	0
20260829	4291318	cmp-a001-02-000000010764328	grp-a001-02-000000069047580	프로틴바	nad-a001-02-000000553654558	bsn-a001-00-000000013604308	19	07	529514	M	2	0	0	4	0
20260829	4291318	cmp-a001-02-000000010764328	grp-a001-02-000000069047580	황성주생식라이프밀	nad-a001-02-000000541753996	bsn-a001-00-000000013604308	19	02	684926	M	1	0	0	4	0
20260829	4291318	cmp-a001-02-000000010764328	grp-a001-02-000000069047580	황성주생식	nad-a001-02-000000541754005	bsn-a001-00-000000013604308	19	09	8753	M	2	0	0	8	0
20260829	4291318	cmp-a001-02-000000010764328	grp-a001-02-000000069047580	에너지바	nad-a001-02-000000553654558	bsn-a001-00-000000013604308	19	09	23123	P	5	0	0	14	0
20260829	4291318	cmp-a001-02-000000010764328	grp-a001-02-000000069047580	프로틴바	nad-a001-02-000000553654558	bsn-a001-00-000000013604308	19	99	529514	M	4	0	0	8	0
20260829	4291318	cmp-a001-02-000000010764328	grp-a001-02-000000069047580	견과류	nad-a001-02-000000541753999	bsn-a001-00-000000013604308	19	02	8753	M	9	0	0	12	0
20260829	4291318	cmp-a001-02-000000010764328	grp-a001-02-000000069047580	견과류	nad-a001-02-000000541753999	bsn-a001-00-000000013604308	19	07	684926	M	3	0	0	5	0
20260829	4291318	cmp-a001-02-000000010764328	grp-a001-02-000000069047580	단백질바	nad-a001-02-000000553654558	bsn-a001-00-000000013604308	19	08	11068	P	1	0	0	3	0
20260829	4291318	cmp-a001-02-000000010764328	grp-a001-02-000000069047580	프로틴바	nad-a001-02-000000553654554	bsn-a001-00-000000013604308	19	02	98128	M	6	0	0	6	0
20260829	4291318	cmp-a001-02-000000010764328	grp-a001-02-000000069047580	단백질바	nad-a001-02-000000553654554	bsn-a001-00-000000013604308	19	02	8753	M	2	0	0	5	0
20260829	4291318	cmp-a001-02-000000010764328	grp-a001-02-000000069047580	견과류	nad-a001-02-000000541753999	bsn-a001-00-000000013604308	19	11	529514	M	32	0	0	32	0
20260829	4291318	cmp-a001-02-000000010764328	grp-a001-02-000000069047580	견과류	nad-a001-02-000000541753959	bsn-a001-00-000000013604308	19	07	529514	M	52	0	0	105	0
20260829	4291318	cmp-a001-02-000000010764328	grp-a001-02-000000069047580	단백질쉐이크	nad-a001-02-000000553654562	bsn-a001-00-000000013604308	19	02	529514	M	173	0	0	173	0
20260829	4291318	cmp-a001-02-000000010764328	grp-a001-02-000000069047580	칼로리바	nad-a001-02-000000553654554	bsn-a001-00-000000013604308	19	02	684924	M	1	0	0	1	0
20260829	4291318	cmp-a001-02-000000010764328	grp-a001-02-000000069047580	스토어	nad-a001-02-000000541753997	bsn-a001-00-000000013604308	19	10	98128	M	1	0	0	1	0
20260829	4291318	cmp-a001-02-000000010764328	grp-a001-02-000000069047580	단백질바	nad-a001-02-000000553654559	bsn-a001-00-000000013604308	19	09	529514	M	22	0	0	131	0
20260829	4291318	cmp-a001-02-000000010764328	grp-a001-02-000000069047580	WPI프로틴	nad-a001-02-000000553654562	bsn-a001-00-000000013604308	19	08	341893	M	1	0	0	5	0
20260829	4291318	cmp-a001-02-000000010764328	grp-a001-02-000000069047580	가루	nad-a001-02-000000541753988	bsn-a001-00-000000013604308	19	15	529514	M	4	0	0	48	0
20260829	4291318	cmp-a001-02-000000010764328	grp-a001-02-000000069047580	젤리	nad-a001-02-000000541753985	bsn-a001-00-000000013604308	19	10	8753	M	1	0	0	5	0
20260829	4291318	cmp-a001-02-000000010764328	grp-a001-02-000000069047580	단백질쉐이크	nad-a001-02-000000553654562	bsn-a001-00-000000013604308	19	06	529514	M	9	0	0	9	0
20260829	4291318	cmp-a001-02-000000010764328	grp-a001-02-000000069047580	견과보고서건	nad-a001-02-000000541753999	bsn-a001-00-000000013604308	19	18	8753	M	1	0	0	3	0
20260829	4291318	cmp-a001-02-000000010764328	grp-a001-02-000000069047580	단백질간식	nad-a001-02-000000553654559	bsn-a001-00-000000013604308	19	16	529514	M	3	0	0	21	0
20260829	4291318	cmp-a001-02-000000010764328	grp-a001-02-000000069047580	에너지바	nad-a001-02-000000553654558	bsn-a001-00-000000013604308	19	09	11068	P	1	0	0	4	0
20260829	4291318	cmp-a001-02-000000010764328	grp-a001-02-000000069047580	단백질보충제	nad-a001-02-000000553654562	bsn-a001-00-000000013604308	19	10	291244	M	2	0	0	2	0
20260829	4291318	cmp-a001-02-000000010764328	grp-a001-02-000000069047580	견과류	nad-a001-02-000000541753960	bsn-a001-00-000000013604308	19	11	8753	M	2	0	0	7	0
20260829	4291318	cmp-a001-02-000000010764328	grp-a001-02-000000069047580	견과류추천	nad-a001-02-000000541753959	bsn-a001-00-000000013604308	19	09	8753	M	3	0	0	12	0
20260829	4291318	cmp-a001-02-000000010764328	grp-a001-02-000000069047580	젤리	nad-a001-02-000000541753985	bsn-a001-00-000000013604308	19	02	529514	M	31	0	0	35	0
20260829	4291318	cmp-a001-02-000000010764328	grp-a001-02-000000069047580	단백질쉐이크	nad-a001-02-000000553654562	bsn-a001-00-000000013604308	19	18	529514	M	32	0	0	32	0
20260829	4291318	cmp-a001-02-000000010764328	grp-a001-02-000000069047580	단백질보충제	nad-a001-02-000000553654562	bsn-a001-00-000000013604308	19	09	529514	M	17	0	0	17	0
20260829	4291318	cmp-a001-02-000000010764328	grp-a001-02-000000069047580	하루견과	nad-a001-02-000000541753960	bsn-a001-00-000000013604308	19	01	8753	M	1	0	0	2	0
20260829	4291318	cmp-a001-02-000000010764328	grp-a001-02-000000069047580	견과류간식	nad-a001-02-000000541753999	bsn-a001-00-000000013604308	19	09	8753	M	1	0	0	3	0
20260829	4291318	cmp-a001-02-000000010764328	grp-a001-02-000000069047580	단백질바	nad-a001-02-000000553654558	bsn-a001-00-000000013604308	19	09	768323	M	3	0	0	6	0
20260829	4291318	cmp-a001-02-000000010764328	grp-a001-02-000000069047580	단백질쉐이크	nad-a001-02-000000553654562	bsn-a001-00-000000013604308	19	14	529514	M	4	0	0	4	0
20260829	4291318	cmp-a001-02-000000010764328	grp-a001-02-000000069047580	제리	nad-a001-02-000000541753985	bsn-a001-00-000000013604308	19	11	8753	M	3	0	0	15	0
20260829	4291318	cmp-a001-02-000000010764328	grp-a001-02-000000069047580	젤리	nad-a001-02-000000541753985	bsn-a001-00-000000013604308	19	02	684924	M	1	0	0	1	0
20260829	4291318	cmp-a001-02-000000010764328	grp-a001-02-000000069047580	단백질보충제	nad-a001-02-000000553654562	bsn-a001-00-000000013604308	19	08	529514	M	6	0	0	6	0
20260829	4291318	cmp-a001-02-000000010764328	grp-a001-02-000000069047580	젤리	nad-a001-02-000000541753985	bsn-a001-00-000000013604308	19	02	768323	M	4	0	0	14	0
20260829	4291318	cmp-a001-02-000000010764328	grp-a001-02-000000069047580	하루견과	nad-a001-02-000000541753960	bsn-a001-00-000000013604308	19	13	8753	M	1	0	0	3	0
20260829	4291318	cmp-a001-02-000000010764328	grp-a001-02-000000069047580	견과류세트	nad-a001-02-000000541753999	bsn-a001-00-000000013604308	19	08	8753	M	1	0	0	1	0
20260829	4291318	cmp-a001-02-000000010764328	grp-a001-02-000000069047580	하루	nad-a001-02-000000553654562	bsn-a001-00-000000013604308	19	08	612594	M	1	0	0	3	0
20260829	4291318	cmp-a001-02-000000010764328	grp-a001-02-000000069047580	에너지바	nad-a001-02-000000553654558	bsn-a001-00-000000013604308	19	99	529514	M	4	0	0	8	0
20260829	4291318	cmp-a001-02-000000010764328	grp-a001-02-000000069047580	하루	nad-a001-02-000000541753999	bsn-a001-00-000000013604308	19	09	612594	M	2	0	0	8	0
20260829	4291318	cmp-a001-02-000000010764328	grp-a001-02-000000069047580	젤리	nad-a001-02-000000541753985	bsn-a001-00-000000013604308	19	01	98128	M	1	0	0	2	0
20260829	4291318	cmp-a001-02-000000010764328	grp-a001-02-000000069047580	견과류	nad-a001-02-000000541753959	bsn-a001-00-000000013604308	19	06	684926	M	1	0	0	3	0
20260829	4291318	cmp-a001-02-000000010764328	grp-a001-02-000000069047580	하루견과	nad-a001-02-000000541753960	bsn-a001-00-000000013604308	19	10	529514	M	2	0	0	6	0
20260829	4291318	cmp-a001-02-000000010764328	grp-a001-02-000000069047580	젤리	nad-a001-02-000000541753985	bsn-a001-00-000000013604308	19	10	684927	P	2	0	0	10	0
20260829	4291318	cmp-a001-02-000000010764328	grp-a001-02-000000069047580	젤리	nad-a001-02-000000541753985	bsn-a001-00-000000013604308	19	99	529514	M	18	0	0	22	0
20260829	4291318	cmp-a001-02-000000010764328	grp-a001-02-000000069047580	하루견과	nad-a001-02-000000541753959	bsn-a001-00-000000013604308	07	02	684926	M	2	0	0	6	0
20260829	4291318	cmp-a001-02-000000010764328	grp-a001-02-000000069047580	황성주생식	nad-a001-02-000000541754004	bsn-a001-00-000000013604308	07	09	633013	M	2	0	0	4	0
20260829	4291318	cmp-a001-02-000000010764328	grp-a001-02-000000069047580	견과류	nad-a001-02-000000541753959	bsn-a001-00-000000013604308	07	09	684925	P	1	0	0	1	0
20260829	4291318	cmp-a001-02-000000010764328	grp-a001-02-000000069047580	프로틴	nad-a001-02-000000553654562	bsn-a001-00-000000013604308	07	02	529514	M	17	0	0	17	0
20260829	4291318	cmp-a001-02-000000010764328	grp-a001-02-000000069047580	생식가루	nad-a001-02-000000541754004	bsn-a001-00-000000013604308	07	03	8753	M	1	0	0	1	0
20260829	4291318	cmp-a001-02-000000010764328	grp-a001-02-000000069047580	칼로리바	nad-a001-02-000000553654554	bsn-a001-00-000000013604308	07	18	684924	M	2	0	0	2	0
20260829	4291318	cmp-a001-02-000000010764328	grp-a001-02-000000069047580	균형영양식	nad-a001-02-000000541753965	bsn-a001-00-000000013604308	07	10	529514	M	2	0	0	6	0
20260829	4291318	cmp-a001-02-000000010764328	grp-a001-02-000000069047580	단백질보충제	nad-a001-02-000000553654562	bsn-a001-00-000000013604308	07	08	87620	M	1	0	0	1	0
20260829	4291318	cmp-a001-02-000000010764328	grp-a001-02-000000069047580	다이어트쉐이크	nad-a001-02-000000553654562	bsn-a001-00-000000013604308	07	02	768323	M	2	0	0	5	0
20260829	4291318	cmp-a001-02-000000010764328	grp-a001-02-000000069047580	황성주생식	nad-a001-02-000000541753997	bsn-a001-00-000000013604308	07	08	633013	M	1	0	0	1	0
20260829	4291318	cmp-a001-02-000000010764328	grp-a001-02-000000069047580	이경제선식	nad-a001-02-000000541753997	bsn-a001-00-000000013604308	07	01	341893	M	1	0	0	2	0
20260829	4291318	cmp-a001-02-000000010764328	grp-a001-02-000000069047580	단백질바	nad-a001-02-000000553654554	bsn-a001-00-000000013604308	07	02	8753	M	1	0	0	1	0
20260829	4291318	cmp-a001-02-000000010764328	grp-a001-02-000000069047580	견과	nad-a001-02-000000541753960	bsn-a001-00-000000013604308	07	09	529514	M	2	0	0	5	0
20260829	4291318	cmp-a001-02-000000010764328	grp-a001-02-000000069047580	견과류	nad-a001-02-000000541753960	bsn-a001-00-000000013604308	07	16	529514	M	5	0	0	20	0
20260829	4291318	cmp-a001-02-000000010764328	grp-a001-02-000000069047580	견과류	nad-a001-02-000000541753999	bsn-a001-00-000000013604308	07	03	8753	M	1	0	0	5	0
20260829	4291318	cmp-a001-02-000000010764328	grp-a001-02-000000069047580	견과류	nad-a001-02-000000541753959	bsn-a001-00-000000013604308	07	11	529514	M	5	0	0	13	0
20260829	4291318	cmp-a001-02-000000010764328	grp-a001-02-000000069047580	견과류	nad-a001-02-000000541753959	bsn-a001-00-000000013604308	07	01	684924	M	1	0	0	1	0
20260829	4291318	cmp-a001-02-000000010764328	grp-a001-02-000000069047580	단백질쉐이크	nad-a001-02-000000553654562	bsn-a001-00-000000013604308	07	04	684926	M	1	0	0	34	0
20260829	4291318	cmp-a001-02-000000010764328	grp-a001-02-000000069047580	프로틴바	nad-a001-02-000000553654559	bsn-a001-00-000000013604308	07	99	529514	M	2	0	0	6	0
20260829	4291318	cmp-a001-02-000000010764328	grp-a001-02-000000069047580	단백질바	nad-a001-02-000000553654558	bsn-a001-00-000000013604308	07	07	529514	M	2	0	0	4	0
20260829	4291318	cmp-a001-02-000000010764328	grp-a001-02-000000069047580	단백질간식효능	nad-a001-02-000000553654559	bsn-a001-00-000000013604308	07	11	33421	M	1	0	0	11	0
20260829	4291318	cmp-a001-02-000000010764328	grp-a001-02-000000069047580	단백질바	nad-a001-02-000000553654554	bsn-a001-00-000000013604308	07	99	529514	M	2	0	0	2	0
20260829	4291318	cmp-a001-02-000000010764328	grp-a001-02-000000069047580	단백질쉐이크	nad-a001-02-000000553654562	bsn-a001-00-000000013604308	07	10	529514	M	6	0	0	6	0
20260829	4291318	cmp-a001-02-000000010764328	grp-a001-02-000000069047580	견과류	nad-a001-02-000000541753999	bsn-a001-00-000000013604308	07	06	8753	M	2	0	0	8	0
20260829	4291318	cmp-a001-02-000000010764328	grp-a001-02-000000069047580	동결건조생식	nad-a001-02-000000541753988	bsn-a001-00-000000013604308	07	14	341893	M	1	0	0	8	0
20260829	4291318	cmp-a001-02-000000010764328	grp-a001-02-000000069047580	쉐이크	nad-a001-02-000000553654562	bsn-a001-00-000000013604308	07	99	529514	M	4	0	0	4	0
20260829	4291318	cmp-a001-02-000000010764328	grp-a001-02-000000069047580	견과	nad-a001-02-000000541753999	bsn-a001-00-000000013604308	07	02	684924	M	1	0	0	1	0
20260829	4291318	cmp-a001-02-000000010764328	grp-a001-02-000000069047580	갓	nad-a001-02-000000541753960	bsn-a001-00-000000013604308	07	08	8753	M	1	0	0	1	0
20260829	4291318	cmp-a001-02-000000010764328	grp-a001-02-000000069047580	단백질	nad-a001-02-000000553654562	bsn-a001-00-000000013604308	07	09	529514	M	9	0	0	15	0
20260829	4291318	cmp-a001-02-000000010764328	grp-a001-02-000000069047580	하루견과	nad-a001-02-000000541753959	bsn-a001-00-000000013604308	07	10	8753	M	1	0	0	3	0
20260829	4291318	cmp-a001-02-000000010764328	grp-a001-02-000000069047580	단백질	nad-a001-02-000000553654562	bsn-a001-00-000000013604308	07	09	98128	M	6	0	0	6	0
20260829	4291318	cmp-a001-02-000000010764328	grp-a001-02-000000069047580	젤리	nad-a001-02-000000541753985	bsn-a001-00-000000013604308	07	08	529514	M	4	0	0	10	0
20260829	4291318	cmp-a001-02-000000010764328	grp-a001-02-000000069047580	하루견과	nad-a001-02-000000541753959	bsn-a001-00-000000013604308	07	99	529514	M	2	0	0	4	0
20260829	4291318	cmp-a001-02-000000010764328	grp-a001-02-000000069047580	프로틴	nad-a001-02-000000553654562	bsn-a001-00-000000013604308	07	99	87620	M	1	0	0	1	0
20260829	4291318	cmp-a001-02-000000010764328	grp-a001-02-000000069047580	하루견과	nad-a001-02-000000541753960	bsn-a001-00-000000013604308	07	14	8753	M	1	0	0	1	0
20260829	4291318	cmp-a001-02-000000010764328	grp-a001-02-000000069047580	하루견과	nad-a001-02-000000541753999	bsn-a001-00-000000013604308	07	18	529514	M	2	0	0	2	0
20260829	4291318	cmp-a001-02-000000010764328	grp-a001-02-000000069047580	황성주생식	nad-a001-02-000000541753997	bsn-a001-00-000000013604308	07	11	8753	M	1	1	6364	1	0
20260829	4291318	cmp-a001-02-000000010764328	grp-a001-02-000000069047580	인기에너지바	nad-a001-02-000000553654554	bsn-a001-00-000000013604308	07	02	8753	M	1	0	0	2	0
20260829	4291318	cmp-a001-02-000000010764328	grp-a001-02-000000069047580	젤리	nad-a001-02-000000541753985	bsn-a001-00-000000013604308	07	02	529514	M	4	0	0	10	0
20260829	4291318	cmp-a001-02-000000010764328	grp-a001-02-000000069047580	프로틴	nad-a001-02-000000553654562	bsn-a001-00-000000013604308	07	15	529514	M	4	0	0	4	0
20260829	4291318	cmp-a001-02-000000010764328	grp-a001-02-000000069047580	에너지바	nad-a001-02-000000553654558	bsn-a001-00-000000013604308	07	01	8753	M	3	0	0	18	0
20260829	4291318	cmp-a001-02-000000010764328	grp-a001-02-000000069047580	보의당통곡물	nad-a001-02-000000541753997	bsn-a001-00-000000013604308	07	02	341893	M	1	0	0	2	0
20260829	4291318	cmp-a001-02-000000010764328	grp-a001-02-000000069047580	프로틴바	nad-a001-02-000000553654558	bsn-a001-00-000000013604308	07	08	27758	P	1	0	0	3	0
20260829	4291318	cmp-a001-02-000000010764328	grp-a001-02-000000069047580	단백질바	nad-a001-02-000000553654554	bsn-a001-00-000000013604308	07	11	33421	M	1	0	0	2	0
20260829	4291318	cmp-a001-02-000000010764328	grp-a001-02-000000069047580	프로틴바	nad-a001-02-000000553654554	bsn-a001-00-000000013604308	07	03	768323	M	1	0	0	1	0
20260829	4291318	cmp-a001-02-000000010764328	grp-a001-02-000000069047580	프로틴바	nad-a001-02-000000553654554	bsn-a001-00-000000013604308	07	13	768323	M	2	0	0	2	0
20260829	4291318	cmp-a001-02-000000010764328	grp-a001-02-000000069047580	사탕젤리	nad-a001-02-000000541753985	bsn-a001-00-000000013604308	07	09	529514	M	4	0	0	14	0
20260829	4291318	cmp-a001-02-000000010764328	grp-a001-02-000000069047580	동결건조생식	nad-a001-02-000000541753997	bsn-a001-00-000000013604308	07	02	8753	M	1	0	0	3	0
20260829	4291318	cmp-a001-02-000000010764328	grp-a001-02-000000069047580	하루견과	nad-a001-02-000000541753999	bsn-a001-00-000000013604308	07	04	529514	M	2	0	0	2	0
20260829	4291318	cmp-a001-02-000000010764328	grp-a001-02-000000069047580	하루견과	nad-a001-02-000000541753999	bsn-a001-00-000000013604308	07	02	8753	M	5	1	1858	19	0
20260829	4291318	cmp-a001-02-000000010764328	grp-a001-02-000000069047580	단백질간식효능	nad-a001-02-000000553654554	bsn-a001-00-000000013604308	07	11	33421	M	1	0	0	2	0
20260829	4291318	cmp-a001-02-000000010764328	grp-a001-02-000000069047580	프로틴	nad-a001-02-000000553654562	bsn-a001-00-000000013604308	07	02	23123	P	1	0	0	2	0
20260829	4291318	cmp-a001-02-000000010764328	grp-a001-02-000000069047580	견과류	nad-a001-02-000000541753959	bsn-a001-00-000000013604308	07	01	529514	M	5	0	0	15	0
20260829	4291318	cmp-a001-02-000000010764328	grp-a001-02-000000069047580	견과	nad-a001-02-000000541753960	bsn-a001-00-000000013604308	07	11	8753	M	1	0	0	2	0
20260829	4291318	cmp-a001-02-000000010764328	grp-a001-02-000000069047580	칼로리바	nad-a001-02-000000553654559	bsn-a001-00-000000013604308	07	99	8753	M	1	0	0	4	0
20260829	4291318	cmp-a001-02-000000010764328	grp-a001-02-000000069047580	유기농생식	nad-a001-02-000000541753988	bsn-a001-00-000000013604308	07	99	341893	M	1	0	0	4	0
20260829	4291318	cmp-a001-02-000000010764328	grp-a001-02-000000069047580	황성주생식	nad-a001-02-000000541753997	bsn-a001-00-000000013604308	07	11	633013	M	4	0	0	4	0
20260829	4291318	cmp-a001-02-000000010764328	grp-a001-02-000000069047580	견과류	nad-a001-02-000000541753960	bsn-a001-00-000000013604308	07	04	529514	M	6	0	0	23	0
20260829	4291318	cmp-a001-02-000000010764328	grp-a001-02-000000069047580	견과류	nad-a001-02-000000541753959	bsn-a001-00-000000013604308	07	02	684924	M	3	0	0	3	0
20260829	4291318	cmp-a001-02-000000010764328	grp-a001-02-000000069047580	하루견과	nad-a001-02-000000541753960	bsn-a001-00-000000013604308	07	15	87620	M	2	0	0	4	0
20260829	4291318	cmp-a001-02-000000010764328	grp-a001-02-000000069047580	하루견과세트	nad-a001-02-000000541753959	bsn-a001-00-000000013604308	07	09	791888	M	1	0	0	2	0
20260829	4291318	cmp-a001-02-000000010764328	grp-a001-02-000000069047580	견과류	nad-a001-02-000000541753960	bsn-a001-00-000000013604308	07	10	529514	M	2	0	0	8	0
20260829	4291318	cmp-a001-02-000000010764328	grp-a001-02-000000069047580	견과류	nad-a001-02-000000541753999	bsn-a001-00-000000013604308	07	13	529514	M	9	0	0	18	0
20260829	4291318	cmp-a001-02-000000010764328	grp-a001-02-000000069047580	하루견과	nad-a001-02-000000541753999	bsn-a001-00-000000013604308	07	02	529514	M	8	0	0	8	0
20260829	4291318	cmp-a001-02-000000010764328	grp-a001-02-000000069047580	프로틴바	nad-a001-02-000000553654559	bsn-a001-00-000000013604308	07	09	768323	M	7	0	0	47	0
20260829	4291318	cmp-a001-02-000000010764328	grp-a001-02-000000069047580	야채분말가루	nad-a001-02-000000541753996	bsn-a001-00-000000013604308	07	18	341898	M	1	0	0	1	0
20260829	4291318	cmp-a001-02-000000010764328	grp-a001-02-000000069047580	견과류	nad-a001-02-000000541753999	bsn-a001-00-000000013604308	07	06	33421	M	1	0	0	2	0
20260829	4291318	cmp-a001-02-000000010764328	grp-a001-02-000000069047580	에너지바	nad-a001-02-000000553654558	bsn-a001-00-000000013604308	07	02	8753	M	2	0	0	8	0
20260829	4291318	cmp-a001-02-000000010764328	grp-a001-02-000000069047580	견과류	nad-a001-02-000000541753959	bsn-a001-00-000000013604308	07	09	11068	P	1	0	0	4	0
20260829	4291318	cmp-a001-02-000000010764328	grp-a001-02-000000069047580	견과류	nad-a001-02-000000541753960	bsn-a001-00-000000013604308	07	11	341898	M	1	0	0	1	0
20260829	4291318	cmp-a001-02-000000010764328	grp-a001-02-000000069047580	하루	nad-a001-02-000000541753960	bsn-a001-00-000000013604308	07	99	137281	M	6	0	0	6	0
20260829	4291318	cmp-a001-02-000000010764328	grp-a001-02-000000069047580	프로틴	nad-a001-02-000000553654562	bsn-a001-00-000000013604308	07	13	768323	M	18	0	0	47	0
20260829	4291318	cmp-a001-02-000000010764328	grp-a001-02-000000069047580	균형영양식	nad-a001-02-000000541753965	bsn-a001-00-000000013604308	07	02	529514	M	3	0	0	8	0
20260829	4291318	cmp-a001-02-000000010764328	grp-a001-02-000000069047580	황성주생식	nad-a001-02-000000541753996	bsn-a001-00-000000013604308	07	06	8753	M	3	0	0	12	0
20260829	4291318	cmp-a001-02-000000010764328	grp-a001-02-000000069047580	프로틴쉐이크	nad-a001-02-000000553654562	bsn-a001-00-000000013604308	07	06	529514	M	2	0	0	2	0
20260829	4291318	cmp-a001-02-000000010764328	grp-a001-02-000000069047580	생식가루	nad-a001-02-000000541753996	bsn-a001-00-000000013604308	07	03	8753	M	1	0	0	3	0
20260829	4291318	cmp-a001-02-000000010764328	grp-a001-02-000000069047580	단백질	nad-a001-02-000000553654562	bsn-a001-00-000000013604308	07	02	684926	M	1	0	0	14	0
20260829	4291318	cmp-a001-02-000000010764328	grp-a001-02-000000069047580	황성주생식	nad-a001-02-000000541753997	bsn-a001-00-000000013604308	07	09	684926	M	2	0	0	14	0
20260829	4291318	cmp-a001-02-000000010764328	grp-a001-02-000000069047580	견과	nad-a001-02-000000541753959	bsn-a001-00-000000013604308	07	09	529514	M	2	0	0	4	0
20260829	4291318	cmp-a001-02-000000010764328	grp-a001-02-000000069047580	견과류	nad-a001-02-000000541753959	bsn-a001-00-000000013604308	07	16	8753	M	2	0	0	8	0
20260829	4291318	cmp-a001-02-000000010764328	grp-a001-02-000000069047580	단백질바	nad-a001-02-000000553654559	bsn-a001-00-000000013604308	07	07	529514	M	2	0	0	6	0
20260829	4291318	cmp-a001-02-000000010764328	grp-a001-02-000000069047580	단백질쉐이크	nad-a001-02-000000553654562	bsn-a001-00-000000013604308	07	08	529514	M	2	0	0	2	0
20260829	4291318	cmp-a001-02-000000010764328	grp-a001-02-000000069047580	동결건조녹색가루	nad-a001-02-000000541753996	bsn-a001-00-000000013604308	07	09	8753	M	1	0	0	5	0
20260829	4291318	cmp-a001-02-000000010764328	grp-a001-02-000000069047580	에너지바	nad-a001-02-000000553654554	bsn-a001-00-000000013604308	07	01	8753	M	4	0	0	12	0
20260829	4291318	cmp-a001-02-000000010764328	grp-a001-02-000000069047580	견과류	nad-a001-02-000000541753999	bsn-a001-00-000000013604308	07	04	529514	M	5	0	0	10	0
20260829	4291318	cmp-a001-02-000000010764328	grp-a001-02-000000069047580	황성주생식	nad-a001-02-000000541753997	bsn-a001-00-000000013604308	07	09	633013	M	2	0	0	2	0
20260829	4291318	cmp-a001-02-000000010764328	grp-a001-02-000000069047580	코스트코에너지바초코	nad-a001-02-000000553654559	bsn-a001-00-000000013604308	07	01	8753	M	2	0	0	4	0
20260829	4291318	cmp-a001-02-000000010764328	grp-a001-02-000000069047580	단백질파우더	nad-a001-02-000000553654562	bsn-a001-00-000000013604308	07	07	529514	M	2	0	0	2	0
20260829	4291318	cmp-a001-02-000000010764328	grp-a001-02-000000069047580	프로틴	nad-a001-02-000000553654562	bsn-a001-00-000000013604308	07	99	768323	M	82	0	0	206	0
20260829	4291318	cmp-a001-02-000000010764328	grp-a001-02-000000069047580	단백질보충제	nad-a001-02-000000553654562	bsn-a001-00-000000013604308	07	18	529514	M	2	0	0	2	0
20260829	4291318	cmp-a001-02-000000010764328	grp-a001-02-000000069047580	프로틴	nad-a001-02-000000553654562	bsn-a001-00-000000013604308	07	17	768323	M	10	0	0	27	0
20260829	4291318	cmp-a001-02-000000010764328	grp-a001-02-000000069047580	견과류	nad-a001-02-000000541753959	bsn-a001-00-000000013604308	07	02	87620	M	1	0	0	3	0
20260829	4291318	cmp-a001-02-000000010764328	grp-a001-02-000000069047580	황성주생식	nad-a001-02-000000541753996	bsn-a001-00-000000013604308	07	09	633013	M	2	0	0	6	0
20260829	4291318	cmp-a001-02-000000010764328	grp-a001-02-000000069047580	견과류	nad-a001-02-000000541753959	bsn-a001-00-000000013604308	07	18	8753	M	2	0	0	10	0
20260829	4291318	cmp-a001-02-000000010764328	grp-a001-02-000000069047580	황성주생식	nad-a001-02-000000541753997	bsn-a001-00-000000013604308	07	03	8753	M	1	0	0	2	0
20260829	4291318	cmp-a001-02-000000010764328	grp-a001-02-000000069047580	단백질쉐이크	nad-a001-02-000000553654562	bsn-a001-00-000000013604308	07	03	529514	M	2	0	0	2	0
20260829	4291318	cmp-a001-02-000000010764328	grp-a001-02-000000069047580	견과류	nad-a001-02-000000541753960	bsn-a001-00-000000013604308	07	09	8753	M	2	0	0	2	0
20260829	4291318	cmp-a001-02-000000010764328	grp-a001-02-000000069047580	다이어트쉐이크	nad-a001-02-000000553654562	bsn-a001-00-000000013604308	07	99	87620	M	1	0	0	2	0
20260829	4291318	cmp-a001-02-000000010764328	grp-a001-02-000000069047580	하루	nad-a001-02-000000541753959	bsn-a001-00-000000013604308	07	02	137281	M	9	0	0	18	0
20260829	4291318	cmp-a001-02-000000010764328	grp-a001-02-000000069047580	프로틴	nad-a001-02-000000553654562	bsn-a001-00-000000013604308	07	08	529514	M	10	0	0	10	0
20260829	4291318	cmp-a001-02-000000010764328	grp-a001-02-000000069047580	황성주생식	nad-a001-02-000000541753996	bsn-a001-00-000000013604308	07	08	633013	M	1	0	0	3	0
20260829	4291318	cmp-a001-02-000000010764328	grp-a001-02-000000069047580	단백질쉐이크	nad-a001-02-000000553654562	bsn-a001-00-000000013604308	07	13	98128	M	4	0	0	4	0
20260829	4291318	cmp-a001-02-000000010764328	grp-a001-02-000000069047580	단백질보충제	nad-a001-02-000000553654562	bsn-a001-00-000000013604308	07	03	529514	M	2	0	0	2	0
20260829	4291318	cmp-a001-02-000000010764328	grp-a001-02-000000069047580	갓	nad-a001-02-000000541753959	bsn-a001-00-000000013604308	07	08	8753	M	1	0	0	5	0
20260829	4291318	cmp-a001-02-000000010764328	grp-a001-02-000000069047580	프로틴	nad-a001-02-000000553654562	bsn-a001-00-000000013604308	07	18	684927	P	2	0	0	14	0
20260829	4291318	cmp-a001-02-000000010764328	grp-a001-02-000000069047580	프로틴바	nad-a001-02-000000553654559	bsn-a001-00-000000013604308	07	02	529514	M	2	0	0	6	0
20260829	4291318	cmp-a001-02-000000010764328	grp-a001-02-000000069047580	에너지바	nad-a001-02-000000553654558	bsn-a001-00-000000013604308	07	09	8753	M	1	0	0	4	0
20260829	4291318	cmp-a001-02-000000010764328	grp-a001-02-000000069047580	가루	nad-a001-02-000000541753996	bsn-a001-00-000000013604308	07	02	8753	M	1	0	0	4	0
20260829	4291318	cmp-a001-02-000000010764328	grp-a001-02-000000069047580	견과류	nad-a001-02-000000541753959	bsn-a001-00-000000013604308	07	02	684926	M	1	0	0	2	0
20260829	4291318	cmp-a001-02-000000010764328	grp-a001-02-000000069047580	젤리	nad-a001-02-000000541753985	bsn-a001-00-000000013604308	07	08	768323	M	1	0	0	5	0
20260829	4291318	cmp-a001-02-000000010764328	grp-a001-02-000000069047580	쉐이크	nad-a001-02-000000553654562	bsn-a001-00-000000013604308	07	09	98128	M	8	0	0	8	0
20260829	4291318	cmp-a001-02-000000010764328	grp-a001-02-000000069047580	하루견과	nad-a001-02-000000541753960	bsn-a001-00-000000013604308	07	99	529514	M	2	0	0	6	0
20260829	4291318	cmp-a001-02-000000010764328	grp-a001-02-000000069047580	견과류	nad-a001-02-000000541753999	bsn-a001-00-000000013604308	07	09	529514	M	45	0	0	90	0
20260829	4291318	cmp-a001-02-000000010764328	grp-a001-02-000000069047580	견과류	nad-a001-02-000000541753960	bsn-a001-00-000000013604308	07	16	8753	M	2	0	0	4	0
20260829	4291318	cmp-a001-02-000000010764328	grp-a001-02-000000069047580	가루	nad-a001-02-000000541754004	bsn-a001-00-000000013604308	07	02	8753	M	1	0	0	2	0
20260829	4291318	cmp-a001-02-000000010764328	grp-a001-02-000000069047580	하루	nad-a001-02-000000541753999	bsn-a001-00-000000013604308	07	09	98128	M	1	0	0	1	0
20260829	4291318	cmp-a001-02-000000010764328	grp-a001-02-000000069047580	견과류	nad-a001-02-000000541753999	bsn-a001-00-000000013604308	07	17	684926	M	1	0	0	3	0
20260829	4291318	cmp-a001-02-000000010764328	grp-a001-02-000000069047580	견과류	nad-a001-02-000000541753999	bsn-a001-00-000000013604308	07	11	529514	M	3	0	0	6	0
20260829	4291318	cmp-a001-02-000000010764328	grp-a001-02-000000069047580	배우이세창생식	nad-a001-02-000000541753996	bsn-a001-00-000000013604308	07	17	8753	M	1	0	0	3	0
20260829	4291318	cmp-a001-02-000000010764328	grp-a001-02-000000069047580	견과류	nad-a001-02-000000541753999	bsn-a001-00-000000013604308	07	16	529514	M	5	0	0	10	0
20260829	4291318	cmp-a001-02-000000010764328	grp-a001-02-000000069047580	단백질바	nad-a001-02-000000553654554	bsn-a001-00-000000013604308	07	03	8753	M	1	0	0	3	0
20260829	4291318	cmp-a001-02-000000010764328	grp-a001-02-000000069047580	황성주생식	nad-a001-02-000000541754005	bsn-a001-00-000000013604308	07	09	633013	M	2	0	0	8	0
20260829	4291318	cmp-a001-02-000000010764328	grp-a001-02-000000069047580	하루	nad-a001-02-000000541753960	bsn-a001-00-000000013604308	07	02	137281	M	9	0	0	9	0
20260829	4291318	cmp-a001-02-000000010764328	grp-a001-02-000000069047580	견과	nad-a001-02-000000541753999	bsn-a001-00-000000013604308	07	15	684926	M	1	0	0	4	0
20260829	4291318	cmp-a001-02-000000010764328	grp-a001-02-000000069047580	견과류	nad-a001-02-000000541753960	bsn-a001-00-000000013604308	07	06	529514	M	3	0	0	12	0
20260829	4291318	cmp-a001-02-000000010764328	grp-a001-02-000000069047580	견과류	nad-a001-02-000000541753960	bsn-a001-00-000000013604308	07	03	529514	M	12	0	0	48	0
20260829	4291318	cmp-a001-02-000000010764328	grp-a001-02-000000069047580	프로틴	nad-a001-02-000000553654562	bsn-a001-00-000000013604308	07	18	529514	M	1	0	0	1	0
20260829	4291318	cmp-a001-02-000000010764328	grp-a001-02-000000069047580	하루	nad-a001-02-000000541753960	bsn-a001-00-000000013604308	07	07	137281	M	1	0	0	1	0
20260829	4291318	cmp-a001-02-000000010764328	grp-a001-02-000000069047580	하루견과	nad-a001-02-000000541753960	bsn-a001-00-000000013604308	07	02	27758	P	1	0	0	3	0
20260829	4291318	cmp-a001-02-000000010764328	grp-a001-02-000000069047580	쉐이크	nad-a001-02-000000553654562	bsn-a001-00-000000013604308	07	03	529514	M	2	0	0	4	0
20260829	4291318	cmp-a001-02-000000010764328	grp-a001-02-000000069047580	하루견과	nad-a001-02-000000541753999	bsn-a001-00-000000013604308	07	03	529514	M	8	0	0	8	0
20260829	4291318	cmp-a001-02-000000010764328	grp-a001-02-000000069047580	하루견과	nad-a001-02-000000541753959	bsn-a001-00-000000013604308	07	08	529514	M	2	0	0	4	0
20260829	4291318	cmp-a001-02-000000010764328	grp-a001-02-000000069047580	단백질간식효능	nad-a001-02-000000553654558	bsn-a001-00-000000013604308	07	11	33421	M	1	0	0	3	0
20260829	4291318	cmp-a001-02-000000010764328	grp-a001-02-000000069047580	견과류	nad-a001-02-000000541753960	bsn-a001-00-000000013604308	07	06	8753	M	2	0	0	2	0
20260829	4291318	cmp-a001-02-000000010764328	grp-a001-02-000000069047580	에너지바	nad-a001-02-000000553654558	bsn-a001-00-000000013604308	07	02	11068	P	1	0	0	3	0
20260829	4291318	cmp-a001-02-000000010764328	grp-a001-02-000000069047580	견과류	nad-a001-02-000000541753960	bsn-a001-00-000000013604308	07	13	529514	M	9	0	0	36	0
20260829	4291318	cmp-a001-02-000000010764328	grp-a001-02-000000069047580	단백질쉐이크	nad-a001-02-000000553654562	bsn-a001-00-000000013604308	07	04	529514	M	11	0	0	12	0
20260829	4291318	cmp-a001-02-000000010764328	grp-a001-02-000000069047580	생식가루	nad-a001-02-000000541754004	bsn-a001-00-000000013604308	07	09	8753	M	1	0	0	1	0
20260829	4291318	cmp-a001-02-000000010764328	grp-a001-02-000000069047580	견과류	nad-a001-02-000000541753960	bsn-a001-00-000000013604308	07	02	8753	M	4	0	0	7	0
20260829	4291318	cmp-a001-02-000000010764328	grp-a001-02-000000069047580	견과세트	nad-a001-02-000000541753960	bsn-a001-00-000000013604308	07	02	768323	M	4	0	0	12	0
20260829	4291318	cmp-a001-02-000000010764328	grp-a001-02-000000069047580	하루견과	nad-a001-02-000000541753959	bsn-a001-00-000000013604308	07	09	529514	M	14	0	0	28	0
20260829	4291318	cmp-a001-02-000000010764328	grp-a001-02-000000069047580	하루견과	nad-a001-02-000000541753959	bsn-a001-00-000000013604308	07	18	8753	M	4	0	0	11	0
20260829	4291318	cmp-a001-02-000000010764328	grp-a001-02-000000069047580	보충제	nad-a001-02-000000553654562	bsn-a001-00-000000013604308	07	13	529514	M	24	0	0	24	0
20260829	4291318	cmp-a001-02-000000010764328	grp-a001-02-000000069047580	프로틴바	nad-a001-02-000000553654554	bsn-a001-00-000000013604308	07	08	27758	P	1	0	0	2	0
20260829	4291318	cmp-a001-02-000000010764328	grp-a001-02-000000069047580	프로틴	nad-a001-02-000000553654562	bsn-a001-00-000000013604308	07	07	768323	M	20	0	0	47	0
20260829	4291318	cmp-a001-02-000000010764328	grp-a001-02-000000069047580	견과류	nad-a001-02-000000541753999	bsn-a001-00-000000013604308	07	13	8753	M	1	0	0	5	0
20260829	4291318	cmp-a001-02-000000010764328	grp-a001-02-000000069047580	견과류	nad-a001-02-000000541753999	bsn-a001-00-000000013604308	07	15	529514	M	7	0	0	14	0
20260829	4291318	cmp-a001-02-000000010764328	grp-a001-02-000000069047580	에너지바	nad-a001-02-000000553654559	bsn-a001-00-000000013604308	07	02	11068	P	1	0	0	7	0
20260829	4291318	cmp-a001-02-000000010764328	grp-a001-02-000000069047580	프로틴쉐이크	nad-a001-02-000000553654562	bsn-a001-00-000000013604308	07	02	529514	M	14	0	0	14	0
20260829	4291318	cmp-a001-02-000000010764328	grp-a001-02-000000069047580	젤리	nad-a001-02-000000541753985	bsn-a001-00-000000013604308	07	03	529514	M	2	0	0	5	0
20260829	4291318	cmp-a001-02-000000010764328	grp-a001-02-000000069047580	견과류	nad-a001-02-000000541753959	bsn-a001-00-000000013604308	07	10	529514	M	2	0	0	6	0
20260829	4291318	cmp-a001-02-000000010764328	grp-a001-02-000000069047580	단백질쉐이크	nad-a001-02-000000553654562	bsn-a001-00-000000013604308	07	09	98128	M	14	0	0	18	0
20260829	4291318	cmp-a001-02-000000010764328	grp-a001-02-000000069047580	프로틴	nad-a001-02-000000553654562	bsn-a001-00-000000013604308	07	99	529514	M	23	0	0	23	0
20260829	4291318	cmp-a001-02-000000010764328	grp-a001-02-000000069047580	하루견과세트	nad-a001-02-000000541753960	bsn-a001-00-000000013604308	07	09	791888	M	1	0	0	4	0
20260829	4291318	cmp-a001-02-000000010764328	grp-a001-02-000000069047580	견과류	nad-a001-02-000000541753959	bsn-a001-00-000000013604308	07	01	8753	M	3	0	0	8	0
20260829	4291318	cmp-a001-02-000000010764328	grp-a001-02-000000069047580	견과류추천	nad-a001-02-000000541753960	bsn-a001-00-000000013604308	07	10	8753	M	1	0	0	2	0
20260829	4291318	cmp-a001-02-000000010764328	grp-a001-02-000000069047580	견과	nad-a001-02-000000541753999	bsn-a001-00-000000013604308	07	11	8753	M	1	0	0	3	0
20260829	4291318	cmp-a001-02-000000010764328	grp-a001-02-000000069047580	견과류	nad-a001-02-000000541753959	bsn-a001-00-000000013604308	07	07	8753	M	1	0	0	4	0
20260829	4291318	cmp-a001-02-000000010764328	grp-a001-02-000000069047580	단백질쉐이크	nad-a001-02-000000553654562	bsn-a001-00-000000013604308	07	15	529514	M	10	0	0	12	0
20260829	4291318	cmp-a001-02-000000010764328	grp-a001-02-000000069047580	단백질	nad-a001-02-000000553654562	bsn-a001-00-000000013604308	07	11	529514	M	3	0	0	5	0
20260829	4291318	cmp-a001-02-000000010764328	grp-a001-02-000000069047580	프로틴	nad-a001-02-000000553654562	bsn-a001-00-000000013604308	07	16	768323	M	12	0	0	32	0
20260829	4291318	cmp-a001-02-000000010764328	grp-a001-02-000000069047580	프로틴바	nad-a001-02-000000553654558	bsn-a001-00-000000013604308	07	09	768323	M	7	0	0	14	0
20260829	4291318	cmp-a001-02-000000010764328	grp-a001-02-000000069047580	견과세트	nad-a001-02-000000541753960	bsn-a001-00-000000013604308	07	00	768323	M	1	0	0	2	0
20260829	4291318	cmp-a001-02-000000010764328	grp-a001-02-000000069047580	프로틴바	nad-a001-02-000000553654554	bsn-a001-00-000000013604308	07	03	529514	M	2	0	0	2	0
20260829	4291318	cmp-a001-02-000000010764328	grp-a001-02-000000069047580	프로틴	nad-a001-02-000000553654562	bsn-a001-00-000000013604308	07	03	529514	M	6	0	0	6	0
20260829	4291318	cmp-a001-02-000000010764328	grp-a001-02-000000069047580	황성주생식	nad-a001-02-000000541753996	bsn-a001-00-000000013604308	07	11	633013	M	4	0	0	12	0
20260829	4291318	cmp-a001-02-000000010764328	grp-a001-02-000000069047580	제리	nad-a001-02-000000541753985	bsn-a001-00-000000013604308	07	09	98128	M	1	0	0	2	0
20260829	4291318	cmp-a001-02-000000010764328	grp-a001-02-000000069047580	가루	nad-a001-02-000000541754004	bsn-a001-00-000000013604308	07	01	8753	M	3	0	0	6	0
20260829	4291318	cmp-a001-02-000000010764328	grp-a001-02-000000069047580	견과류	nad-a001-02-000000541753960	bsn-a001-00-000000013604308	07	02	87620	M	1	0	0	2	0
20260829	4291318	cmp-a001-02-000000010764328	grp-a001-02-000000069047580	하루견과	nad-a001-02-000000541753959	bsn-a001-00-000000013604308	07	15	87620	M	2	0	0	6	0
20260829	4291318	cmp-a001-02-000000010764328	grp-a001-02-000000069047580	견과류	nad-a001-02-000000541753960	bsn-a001-00-000000013604308	07	15	529514	M	7	0	0	28	0
20260829	4291318	cmp-a001-02-000000010764328	grp-a001-02-000000069047580	하루견과	nad-a001-02-000000541753960	bsn-a001-00-000000013604308	07	02	8753	M	5	0	0	5	0
20260829	4291318	cmp-a001-02-000000010764328	grp-a001-02-000000069047580	견과류	nad-a001-02-000000541753999	bsn-a001-00-000000013604308	07	07	529514	M	7	0	0	14	0
20260829	4291318	cmp-a001-02-000000010764328	grp-a001-02-000000069047580	견과류	nad-a001-02-000000541753960	bsn-a001-00-000000013604308	07	09	27758	P	1	0	0	2	0
20260829	4291318	cmp-a001-02-000000010764328	grp-a001-02-000000069047580	견과류	nad-a001-02-000000541753959	bsn-a001-00-000000013604308	07	02	529514	M	28	0	0	84	0
20260829	4291318	cmp-a001-02-000000010764328	grp-a001-02-000000069047580	견과류	nad-a001-02-000000541753959	bsn-a001-00-000000013604308	07	03	8753	M	1	0	0	4	0
20260829	4291318	cmp-a001-02-000000010764328	grp-a001-02-000000069047580	하루견과	nad-a001-02-000000541753999	bsn-a001-00-000000013604308	07	08	529514	M	2	0	0	2	0
20260829	4291318	cmp-a001-02-000000010764328	grp-a001-02-000000069047580	견과세트	nad-a001-02-000000541753960	bsn-a001-00-000000013604308	07	06	768323	M	1	0	0	3	0
20260829	4291318	cmp-a001-02-000000010764328	grp-a001-02-000000069047580	에너지바	nad-a001-02-000000553654554	bsn-a001-00-000000013604308	07	02	11068	P	1	0	0	2	0
20260829	4291318	cmp-a001-02-000000010764328	grp-a001-02-000000069047580	견과류	nad-a001-02-000000541753999	bsn-a001-00-000000013604308	07	08	684926	M	2	0	0	6	0
20260829	4291318	cmp-a001-02-000000010764328	grp-a001-02-000000069047580	황성주생식라이프밀	nad-a001-02-000000541754004	bsn-a001-00-000000013604308	07	02	684926	M	1	0	0	2	0
20260829	4291318	cmp-a001-02-000000010764328	grp-a001-02-000000069047580	계피가루	nad-a001-02-000000541753997	bsn-a001-00-000000013604308	07	02	341893	M	2	0	0	3	0
20260829	4291318	cmp-a001-02-000000010764328	grp-a001-02-000000069047580	볶은귀리가루	nad-a001-02-000000541753997	bsn-a001-00-000000013604308	07	09	341893	M	1	0	0	1	0
20260829	4291318	cmp-a001-02-000000010764328	grp-a001-02-000000069047580	견과류	nad-a001-02-000000541753999	bsn-a001-00-000000013604308	07	18	529514	M	11	0	0	22	0
20260829	4291318	cmp-a001-02-000000010764328	grp-a001-02-000000069047580	하루견과	nad-a001-02-000000541753999	bsn-a001-00-000000013604308	07	09	87620	M	1	0	0	1	0
20260829	4291318	cmp-a001-02-000000010764328	grp-a001-02-000000069047580	다이어트쉐이크	nad-a001-02-000000553654562	bsn-a001-00-000000013604308	07	99	529514	M	2	0	0	2	0
20260829	4291318	cmp-a001-02-000000010764328	grp-a001-02-000000069047580	견과류	nad-a001-02-000000541753959	bsn-a001-00-000000013604308	07	09	684924	M	1	0	0	1	0
20260829	4291318	cmp-a001-02-000000010764328	grp-a001-02-000000069047580	갓	nad-a001-02-000000541753999	bsn-a001-00-000000013604308	07	02	684926	M	1	0	0	4	0
20260829	4291318	cmp-a001-02-000000010764328	grp-a001-02-000000069047580	케일비트가루	nad-a001-02-000000541753997	bsn-a001-00-000000013604308	07	02	341893	M	1	0	0	1	0
20260829	4291318	cmp-a001-02-000000010764328	grp-a001-02-000000069047580	견과류	nad-a001-02-000000541753960	bsn-a001-00-000000013604308	07	01	529514	M	5	0	0	20	0
20260829	4291318	cmp-a001-02-000000010764328	grp-a001-02-000000069047580	하루견과	nad-a001-02-000000541753959	bsn-a001-00-000000013604308	07	09	684926	M	2	0	0	4	0
20260829	4291318	cmp-a001-02-000000010764328	grp-a001-02-000000069047580	견과류	nad-a001-02-000000541753960	bsn-a001-00-000000013604308	07	09	529514	M	45	0	0	180	0
20260829	4291318	cmp-a001-02-000000010764328	grp-a001-02-000000069047580	프로틴	nad-a001-02-000000553654562	bsn-a001-00-000000013604308	07	04	529514	M	18	0	0	18	0
20260829	4291318	cmp-a001-02-000000010764328	grp-a001-02-000000069047580	황성주생식	nad-a001-02-000000541753997	bsn-a001-00-000000013604308	07	15	684926	M	1	0	0	8	0
20260829	4291318	cmp-a001-02-000000010764328	grp-a001-02-000000069047580	견과류	nad-a001-02-000000541753999	bsn-a001-00-000000013604308	07	08	8753	M	1	0	0	4	0
20260829	4291318	cmp-a001-02-000000010764328	grp-a001-02-000000069047580	칼로리바	nad-a001-02-000000553654554	bsn-a001-00-000000013604308	07	18	8753	M	2	0	0	4	0
20260829	4291318	cmp-a001-02-000000010764328	grp-a001-02-000000069047580	견과류	nad-a001-02-000000541753959	bsn-a001-00-000000013604308	07	99	529514	M	28	0	0	84	0
20260829	4291318	cmp-a001-02-000000010764328	grp-a001-02-000000069047580	에너지바	nad-a001-02-000000553654559	bsn-a001-00-000000013604308	07	15	529514	M	2	0	0	6	0
20260829	4291318	cmp-a001-02-000000010764328	grp-a001-02-000000069047580	단백질간식	nad-a001-02-000000553654554	bsn-a001-00-000000013604308	07	99	8753	M	1	0	0	3	0
20260829	4291318	cmp-a001-02-000000010764328	grp-a001-02-000000069047580	황성주생식	nad-a001-02-000000541754004	bsn-a001-00-000000013604308	07	11	8753	M	1	0	0	2	0
20260829	4291318	cmp-a001-02-000000010764328	grp-a001-02-000000069047580	에너지바	nad-a001-02-000000553654554	bsn-a001-00-000000013604308	07	09	8753	M	1	0	0	2	0
20260829	4291318	cmp-a001-02-000000010764328	grp-a001-02-000000069047580	하루견과	nad-a001-02-000000541753960	bsn-a001-00-000000013604308	07	09	529514	M	14	0	0	42	0
20260829	4291318	cmp-a001-02-000000010764328	grp-a001-02-000000069047580	하루견과	nad-a001-02-000000541753999	bsn-a001-00-000000013604308	07	13	8753	M	1	0	0	5	0
20260829	4291318	cmp-a001-02-000000010764328	grp-a001-02-000000069047580	하루견과	nad-a001-02-000000541753999	bsn-a001-00-000000013604308	07	07	33421	M	1	0	0	4	0
20260829	4291318	cmp-a001-02-000000010764328	grp-a001-02-000000069047580	단백질바	nad-a001-02-000000553654559	bsn-a001-00-000000013604308	07	99	529514	M	2	0	0	6	0
20260829	4291318	cmp-a001-02-000000010764328	grp-a001-02-000000069047580	하루	nad-a001-02-000000541753959	bsn-a001-00-000000013604308	07	09	98128	M	1	0	0	2	0
20260829	4291318	cmp-a001-02-000000010764328	grp-a001-02-000000069047580	황성주생식	nad-a001-02-000000541753988	bsn-a001-00-000000013604308	07	09	633013	M	2	0	0	10	0
20260829	4291318	cmp-a001-02-000000010764328	grp-a001-02-000000069047580	에너지바	nad-a001-02-000000553654558	bsn-a001-00-000000013604308	07	15	529514	M	2	0	0	4	0
20260829	4291318	cmp-a001-02-000000010764328	grp-a001-02-000000069047580	단백질바	nad-a001-02-000000553654554	bsn-a001-00-000000013604308	07	09	529514	M	4	0	0	4	0
20260829	4291318	cmp-a001-02-000000010764328	grp-a001-02-000000069047580	하루만	nad-a001-02-000000553654562	bsn-a001-00-000000013604308	07	02	529514	M	1	0	0	4	0
20260829	4291318	cmp-a001-02-000000010764328	grp-a001-02-000000069047580	프로틴바	nad-a001-02-000000553654554	bsn-a001-00-000000013604308	07	02	8753	M	1	0	0	3	0
20260829	4291318	cmp-a001-02-000000010764328	grp-a001-02-000000069047580	견과류	nad-a001-02-000000541753959	bsn-a001-00-000000013604308	07	06	529514	M	3	0	0	9	0
20260829	4291318	cmp-a001-02-000000010764328	grp-a001-02-000000069047580	하루견과	nad-a001-02-000000541753959	bsn-a001-00-000000013604308	07	02	8753	M	5	0	0	10	0
20260829	4291318	cmp-a001-02-000000010764328	grp-a001-02-000000069047580	하루견과	nad-a001-02-000000541753999	bsn-a001-00-000000013604308	07	10	8753	M	1	0	0	5	0
20260829	4291318	cmp-a001-02-000000010764328	grp-a001-02-000000069047580	청년방앗간씨리얼	nad-a001-02-000000553654554	bsn-a001-00-000000013604308	07	02	8753	M	2	0	0	4	0
20260829	4291318	cmp-a001-02-000000010764328	grp-a001-02-000000069047580	단백질파우더	nad-a001-02-000000553654562	bsn-a001-00-000000013604308	07	18	529514	M	3	0	0	3	0
20260829	4291318	cmp-a001-02-000000010764328	grp-a001-02-000000069047580	견과류	nad-a001-02-000000541753999	bsn-a001-00-000000013604308	07	99	529514	M	28	0	0	56	0
20260829	4291318	cmp-a001-02-000000010764328	grp-a001-02-000000069047580	칼로리바후기	nad-a001-02-000000553654554	bsn-a001-00-000000013604308	07	13	8753	M	1	0	0	1	0
20260829	4291318	cmp-a001-02-000000010764328	grp-a001-02-000000069047580	혼합견과	nad-a001-02-000000541753999	bsn-a001-00-000000013604308	07	08	684926	M	2	0	0	10	0
20260829	4291318	cmp-a001-02-000000010764328	grp-a001-02-000000069047580	프로틴바	nad-a001-02-000000553654558	bsn-a001-00-000000013604308	07	09	529514	M	2	0	0	4	0
20260829	4291318	cmp-a001-02-000000010764328	grp-a001-02-000000069047580	단백질바	nad-a001-02-000000553654554	bsn-a001-00-000000013604308	07	00	27758	P	2	0	0	4	0
20260829	4291318	cmp-a001-02-000000010764328	grp-a001-02-000000069047580	황성주생식	nad-a001-02-000000541754004	bsn-a001-00-000000013604308	07	11	633013	M	4	0	0	8	0
20260829	4291318	cmp-a001-02-000000010764328	grp-a001-02-000000069047580	인기에너지바	nad-a001-02-000000553654558	bsn-a001-00-000000013604308	07	02	8753	M	1	0	0	3	0
20260829	4291318	cmp-a001-02-000000010764328	grp-a001-02-000000069047580	견과류	nad-a001-02-000000541753960	bsn-a001-00-000000013604308	07	02	529514	M	28	0	0	112	0
20260829	4291318	cmp-a001-02-000000010764328	grp-a001-02-000000069047580	선식쉐이크	nad-a001-02-000000541753996	bsn-a001-00-000000013604308	07	15	341893	M	1	0	0	2	0
20260829	4291318	cmp-a001-02-000000010764328	grp-a001-02-000000069047580	가루	nad-a001-02-000000541753997	bsn-a001-00-000000013604308	07	01	8753	M	3	0	0	3	0
20260829	4291318	cmp-a001-02-000000010764328	grp-a001-02-000000069047580	견과세트	nad-a001-02-000000541753959	bsn-a001-00-000000013604308	07	09	768323	M	6	0	0	11	0
20260829	4291318	cmp-a001-02-000000010764328	grp-a001-02-000000069047580	견과세트	nad-a001-02-000000541753999	bsn-a001-00-000000013604308	07	09	768323	M	6	0	0	7	0
20260829	4291318	cmp-a001-02-000000010764328	grp-a001-02-000000069047580	견과류	nad-a001-02-000000541753999	bsn-a001-00-000000013604308	07	01	529514	M	5	0	0	10	0
20260829	4291318	cmp-a001-02-000000010764328	grp-a001-02-000000069047580	단백질보충제	nad-a001-02-000000553654562	bsn-a001-00-000000013604308	07	02	684926	M	2	0	0	18	0
20260829	4291318	cmp-a001-02-000000010764328	grp-a001-02-000000069047580	하루견과	nad-a001-02-000000541753959	bsn-a001-00-000000013604308	07	07	684926	M	1	0	0	2	0
20260829	4291318	cmp-a001-02-000000010764328	grp-a001-02-000000069047580	하루	nad-a001-02-000000541753959	bsn-a001-00-000000013604308	07	06	137281	M	10	0	0	20	0
20260829	4291318	cmp-a001-02-000000010764328	grp-a001-02-000000069047580	하루견과	nad-a001-02-000000541753959	bsn-a001-00-000000013604308	07	07	8753	M	1	0	0	2	0
20260829	4291318	cmp-a001-02-000000010764328	grp-a001-02-000000069047580	하루견과	nad-a001-02-000000541753999	bsn-a001-00-000000013604308	07	15	87620	M	2	0	0	2	0
20260829	4291318	cmp-a001-02-000000010764328	grp-a001-02-000000069047580	견과류과잉섭취신장	nad-a001-02-000000541753960	bsn-a001-00-000000013604308	07	18	8753	M	1	0	0	2	0
20260829	4291318	cmp-a001-02-000000010764328	grp-a001-02-000000069047580	녹색생식분말	nad-a001-02-000000541753996	bsn-a001-00-000000013604308	07	09	341893	M	1	0	0	1	0
20260829	4291318	cmp-a001-02-000000010764328	grp-a001-02-000000069047580	견과류	nad-a001-02-000000541753959	bsn-a001-00-000000013604308	07	16	529514	M	5	0	0	15	0
20260829	4291318	cmp-a001-02-000000010764328	grp-a001-02-000000069047580	프로틴	nad-a001-02-000000553654562	bsn-a001-00-000000013604308	07	09	529514	M	11	0	0	11	0
20260829	4291318	cmp-a001-02-000000010764328	grp-a001-02-000000069047580	하루견과	nad-a001-02-000000541753960	bsn-a001-00-000000013604308	07	13	8753	M	1	0	0	1	0
20260829	4291318	cmp-a001-02-000000010764328	grp-a001-02-000000069047580	선식쉐이크	nad-a001-02-000000541753988	bsn-a001-00-000000013604308	07	15	341893	M	1	0	0	10	0
20260829	4291318	cmp-a001-02-000000010764328	grp-a001-02-000000069047580	하루견과	nad-a001-02-000000541753999	bsn-a001-00-000000013604308	07	18	8753	M	3	0	0	14	0
20260829	4291318	cmp-a001-02-000000010764328	grp-a001-02-000000069047580	견과류	nad-a001-02-000000541753959	bsn-a001-00-000000013604308	07	14	684926	M	2	0	0	4	0
20260829	4291318	cmp-a001-02-000000010764328	grp-a001-02-000000069047580	견과	nad-a001-02-000000541753959	bsn-a001-00-000000013604308	07	11	8753	M	1	0	0	4	0
20260829	4291318	cmp-a001-02-000000010764328	grp-a001-02-000000069047580	단백질쉐이크	nad-a001-02-000000553654562	bsn-a001-00-000000013604308	07	02	529514	M	29	0	0	39	0
20260829	4291318	cmp-a001-02-000000010764328	grp-a001-02-000000069047580	황성주생식	nad-a001-02-000000541754004	bsn-a001-00-000000013604308	07	04	8753	M	2	0	0	4	0
20260829	4291318	cmp-a001-02-000000010764328	grp-a001-02-000000069047580	프로틴바	nad-a001-02-000000553654559	bsn-a001-00-000000013604308	07	03	768323	M	1	0	0	4	0
20260829	4291318	cmp-a001-02-000000010764328	grp-a001-02-000000069047580	프로틴바	nad-a001-02-000000553654554	bsn-a001-00-000000013604308	07	09	768323	M	7	0	0	7	0
20260829	4291318	cmp-a001-02-000000010764328	grp-a001-02-000000069047580	견과류	nad-a001-02-000000541753999	bsn-a001-00-000000013604308	07	02	529514	M	28	0	0	56	0
20260829	4291318	cmp-a001-02-000000010764328	grp-a001-02-000000069047580	단백질	nad-a001-02-000000553654562	bsn-a001-00-000000013604308	07	13	98128	M	2	0	0	2	0
20260829	4291318	cmp-a001-02-000000010764328	grp-a001-02-000000069047580	단백질보충제	nad-a001-02-000000553654562	bsn-a001-00-000000013604308	07	02	87620	M	1	0	0	1	0
20260829	4291318	cmp-a001-02-000000010764328	grp-a001-02-000000069047580	젤리	nad-a001-02-000000541753985	bsn-a001-00-000000013604308	07	09	98128	M	1	0	0	2	0
20260829	4291318	cmp-a001-02-000000010764328	grp-a001-02-000000069047580	하루견과	nad-a001-02-000000541753999	bsn-a001-00-000000013604308	07	09	529514	M	14	0	0	14	0
20260829	4291318	cmp-a001-02-000000010764328	grp-a001-02-000000069047580	하루	nad-a001-02-000000541753959	bsn-a001-00-000000013604308	07	99	137281	M	6	0	0	12	0
20260829	4291318	cmp-a001-02-000000010764328	grp-a001-02-000000069047580	프로틴쉐이크	nad-a001-02-000000553654562	bsn-a001-00-000000013604308	07	18	529514	M	2	0	0	2	0
20260829	4291318	cmp-a001-02-000000010764328	grp-a001-02-000000069047580	견과	nad-a001-02-000000541753999	bsn-a001-00-000000013604308	07	09	529514	M	2	0	0	3	0
20260829	4291318	cmp-a001-02-000000010764328	grp-a001-02-000000069047580	프로틴	nad-a001-02-000000553654562	bsn-a001-00-000000013604308	07	01	684926	M	1	0	0	12	0
20260829	4291318	cmp-a001-02-000000010764328	grp-a001-02-000000069047580	하루견과	nad-a001-02-000000541753959	bsn-a001-00-000000013604308	07	02	529514	M	8	0	0	16	0
20260829	4291318	cmp-a001-02-000000010764328	grp-a001-02-000000069047580	프로틴바	nad-a001-02-000000553654558	bsn-a001-00-000000013604308	07	99	529514	M	2	0	0	4	0
20260829	4291318	cmp-a001-02-000000010764328	grp-a001-02-000000069047580	견과류추천	nad-a001-02-000000541753999	bsn-a001-00-000000013604308	07	07	8753	M	1	0	0	5	0
20260829	4291318	cmp-a001-02-000000010764328	grp-a001-02-000000069047580	하루	nad-a001-02-000000541753959	bsn-a001-00-000000013604308	07	10	137281	M	11	0	0	22	0
20260829	4291318	cmp-a001-02-000000010764328	grp-a001-02-000000069047580	쉐이크	nad-a001-02-000000553654562	bsn-a001-00-000000013604308	07	13	98128	M	2	0	0	2	0
20260829	4291318	cmp-a001-02-000000010764328	grp-a001-02-000000069047580	견과세트	nad-a001-02-000000541753959	bsn-a001-00-000000013604308	07	00	768323	M	1	0	0	3	0
20260829	4291318	cmp-a001-02-000000010764328	grp-a001-02-000000069047580	당뇨에너지바먹어도돼나요?	nad-a001-02-000000553654554	bsn-a001-00-000000013604308	07	02	8753	M	1	0	0	1	0
20260829	4291318	cmp-a001-02-000000010764328	grp-a001-02-000000069047580	칼로리바후기	nad-a001-02-000000553654559	bsn-a001-00-000000013604308	07	13	8753	M	1	0	0	3	0
20260829	4291318	cmp-a001-02-000000010764328	grp-a001-02-000000069047580	견과류	nad-a001-02-000000541753999	bsn-a001-00-000000013604308	07	02	87620	M	1	0	0	1	0
20260829	4291318	cmp-a001-02-000000010764328	grp-a001-02-000000069047580	황성주생식	nad-a001-02-000000541754005	bsn-a001-00-000000013604308	07	02	612594	M	1	0	0	5	0
20260829	4291318	cmp-a001-02-000000010764328	grp-a001-02-000000069047580	견과류	nad-a001-02-000000541753960	bsn-a001-00-000000013604308	07	08	8753	M	2	0	0	2	0
20260829	4291318	cmp-a001-02-000000010764328	grp-a001-02-000000069047580	프로틴	nad-a001-02-000000553654562	bsn-a001-00-000000013604308	07	00	768323	M	1	0	0	2	0
20260829	4291318	cmp-a001-02-000000010764328	grp-a001-02-000000069047580	하루견과	nad-a001-02-000000541753999	bsn-a001-00-000000013604308	07	02	633013	M	2	0	0	2	0
20260829	4291318	cmp-a001-02-000000010764328	grp-a001-02-000000069047580	단백질	nad-a001-02-000000553654562	bsn-a001-00-000000013604308	07	04	529514	M	8	0	0	13	0
20260829	4291318	cmp-a001-02-000000010764328	grp-a001-02-000000069047580	단백질파우더	nad-a001-02-000000553654562	bsn-a001-00-000000013604308	07	09	529514	M	2	0	0	2	0
20260829	4291318	cmp-a001-02-000000010764328	grp-a001-02-000000069047580	프로틴바	nad-a001-02-000000553654558	bsn-a001-00-000000013604308	07	03	768323	M	1	0	0	2	0
20260829	4291318	cmp-a001-02-000000010764328	grp-a001-02-000000069047580	단백질보충제	nad-a001-02-000000553654562	bsn-a001-00-000000013604308	07	02	791888	M	1	0	0	1	0
20260829	4291318	cmp-a001-02-000000010764328	grp-a001-02-000000069047580	단백질쉐이크	nad-a001-02-000000553654562	bsn-a001-00-000000013604308	07	11	529514	M	8	0	0	8	0
20260829	4291318	cmp-a001-02-000000010764328	grp-a001-02-000000069047580	다시다화자유가루	nad-a001-02-000000541753996	bsn-a001-00-000000013604308	07	03	8753	M	1	0	0	3	0
20260829	4291318	cmp-a001-02-000000010764328	grp-a001-02-000000069047580	하루견과	nad-a001-02-000000541753959	bsn-a001-00-000000013604308	07	07	33421	M	1	0	0	3	0
20260829	4291318	cmp-a001-02-000000010764328	grp-a001-02-000000069047580	견과류	nad-a001-02-000000541753960	bsn-a001-00-000000013604308	07	03	8753	M	1	0	0	1	0
20260829	4291318	cmp-a001-02-000000010764328	grp-a001-02-000000069047580	견과류	nad-a001-02-000000541753959	bsn-a001-00-000000013604308	07	15	529514	M	7	0	0	21	0
20260829	4291318	cmp-a001-02-000000010764328	grp-a001-02-000000069047580	젤리	nad-a001-02-000000541753985	bsn-a001-00-000000013604308	07	09	529514	M	2	0	0	5	0
20260829	4291318	cmp-a001-02-000000010764328	grp-a001-02-000000069047580	프로틴바	nad-a001-02-000000553654554	bsn-a001-00-000000013604308	07	02	768323	M	1	0	0	1	0
20260829	4291318	cmp-a001-02-000000010764328	grp-a001-02-000000069047580	오트리고메넛츠견과류	nad-a001-02-000000541753960	bsn-a001-00-000000013604308	07	16	341898	M	1	0	0	1	0
20260829	4291318	cmp-a001-02-000000010764328	grp-a001-02-000000069047580	견과류	nad-a001-02-000000541753960	bsn-a001-00-000000013604308	07	99	529514	M	28	0	0	112	0
20260829	4291318	cmp-a001-02-000000010764328	grp-a001-02-000000069047580	동결건조생식	nad-a001-02-000000541753997	bsn-a001-00-000000013604308	07	04	341898	M	1	0	0	1	0
20260829	4291318	cmp-a001-02-000000010764328	grp-a001-02-000000069047580	하루견과	nad-a001-02-000000541753999	bsn-a001-00-000000013604308	07	09	8753	M	1	0	0	5	0
20260829	4291318	cmp-a001-02-000000010764328	grp-a001-02-000000069047580	하루견과	nad-a001-02-000000541753959	bsn-a001-00-000000013604308	07	02	633013	M	2	0	0	6	0
20260829	4291318	cmp-a001-02-000000010764328	grp-a001-02-000000069047580	생식가루	nad-a001-02-000000541754004	bsn-a001-00-000000013604308	07	04	8753	M	1	0	0	1	0
20260829	4291318	cmp-a001-02-000000010764328	grp-a001-02-000000069047580	칼로리바후기	nad-a001-02-000000553654558	bsn-a001-00-000000013604308	07	13	8753	M	1	0	0	2	0
20260829	4291318	cmp-a001-02-000000010764328	grp-a001-02-000000069047580	하루견과	nad-a001-02-000000541753960	bsn-a001-00-000000013604308	07	18	8753	M	4	1	2520	4	0
20260829	4291318	cmp-a001-02-000000010764328	grp-a001-02-000000069047580	다시다화자유가루	nad-a001-02-000000541753997	bsn-a001-00-000000013604308	07	03	8753	M	1	0	0	2	0
20260829	4291318	cmp-a001-02-000000010764328	grp-a001-02-000000069047580	하루견과	nad-a001-02-000000541753960	bsn-a001-00-000000013604308	07	02	341893	M	1	0	0	1	0
20260829	4291318	cmp-a001-02-000000010764328	grp-a001-02-000000069047580	프로틴바	nad-a001-02-000000553654554	bsn-a001-00-000000013604308	07	09	529514	M	2	0	0	2	0
20260829	4291318	cmp-a001-02-000000010764328	grp-a001-02-000000069047580	황성주생식	nad-a001-02-000000541753997	bsn-a001-00-000000013604308	07	02	612594	M	1	0	0	1	0
20260829	4291318	cmp-a001-02-000000010764328	grp-a001-02-000000069047580	견과류	nad-a001-02-000000541753999	bsn-a001-00-000000013604308	07	09	8753	M	1	0	0	5	0
20260829	4291318	cmp-a001-02-000000010764328	grp-a001-02-000000069047580	하루견과	nad-a001-02-000000541753999	bsn-a001-00-000000013604308	07	07	8753	M	1	0	0	5	0
20260829	4291318	cmp-a001-02-000000010764328	grp-a001-02-000000069047580	하루	nad-a001-02-000000541753999	bsn-a001-00-000000013604308	07	04	98128	M	2	0	0	2	0
20260829	4291318	cmp-a001-02-000000010764328	grp-a001-02-000000069047580	쉐이크	nad-a001-02-000000553654562	bsn-a001-00-000000013604308	07	06	98128	M	1	0	0	1	0
20260829	4291318	cmp-a001-02-000000010764328	grp-a001-02-000000069047580	단백질	nad-a001-02-000000553654562	bsn-a001-00-000000013604308	07	06	98128	M	1	0	0	1	0
20260829	4291318	cmp-a001-02-000000010764328	grp-a001-02-000000069047580	단백질쉐이크	nad-a001-02-000000553654562	bsn-a001-00-000000013604308	07	18	529514	M	3	0	0	3	0
20260829	4291318	cmp-a001-02-000000010764328	grp-a001-02-000000069047580	견과세트	nad-a001-02-000000541753999	bsn-a001-00-000000013604308	07	00	768323	M	1	0	0	1	0
20260829	4291318	cmp-a001-02-000000010764328	grp-a001-02-000000069047580	유기농생식	nad-a001-02-000000541753988	bsn-a001-00-000000013604308	07	04	341893	M	2	0	0	8	0
20260829	4291318	cmp-a001-02-000000010764328	grp-a001-02-000000069047580	칼로리바	nad-a001-02-000000553654558	bsn-a001-00-000000013604308	07	99	8753	M	1	0	0	3	0
20260829	4291318	cmp-a001-02-000000010764328	grp-a001-02-000000069047580	하루	nad-a001-02-000000541753959	bsn-a001-00-000000013604308	07	07	137281	M	1	0	0	2	0
20260829	4291318	cmp-a001-02-000000010764328	grp-a001-02-000000069047580	젤리	nad-a001-02-000000541753985	bsn-a001-00-000000013604308	07	09	768323	M	2	0	0	9	0
20260829	4291318	cmp-a001-02-000000010764328	grp-a001-02-000000069047580	혼합견과	nad-a001-02-000000541753959	bsn-a001-00-000000013604308	07	08	684926	M	2	0	0	4	0
20260829	4291318	cmp-a001-02-000000010764328	grp-a001-02-000000069047580	단백질	nad-a001-02-000000553654562	bsn-a001-00-000000013604308	07	09	768323	M	1	0	0	1	0
20260829	4291318	cmp-a001-02-000000010764328	grp-a001-02-000000069047580	단백질쉐이크	nad-a001-02-000000553654562	bsn-a001-00-000000013604308	07	07	529514	M	2	0	0	2	0
20260829	4291318	cmp-a001-02-000000010764328	grp-a001-02-000000069047580	프로틴바	nad-a001-02-000000553654559	bsn-a001-00-000000013604308	07	13	768323	M	2	0	0	15	0
20260829	4291318	cmp-a001-02-000000010764328	grp-a001-02-000000069047580	견과세트	nad-a001-02-000000541753999	bsn-a001-00-000000013604308	07	99	768323	M	1	0	0	1	0
20260829	4291318	cmp-a001-02-000000010764328	grp-a001-02-000000069047580	다시다화자유가루	nad-a001-02-000000541754004	bsn-a001-00-000000013604308	07	03	8753	M	1	0	0	1	0
20260829	4291318	cmp-a001-02-000000010764328	grp-a001-02-000000069047580	황성주생식라이프밀	nad-a001-02-000000541753997	bsn-a001-00-000000013604308	07	08	684927	P	3	0	0	9	0
20260829	4291318	cmp-a001-02-000000010764328	grp-a001-02-000000069047580	견과세트	nad-a001-02-000000541753959	bsn-a001-00-000000013604308	07	99	768323	M	1	0	0	2	0
20260829	4291318	cmp-a001-02-000000010764328	grp-a001-02-000000069047580	프로틴	nad-a001-02-000000553654562	bsn-a001-00-000000013604308	07	13	529514	M	3	0	0	3	0
20260829	4291318	cmp-a001-02-000000010764328	grp-a001-02-000000069047580	하루견과	nad-a001-02-000000541753959	bsn-a001-00-000000013604308	07	01	8753	M	1	0	0	2	0
20260829	4291318	cmp-a001-02-000000010764328	grp-a001-02-000000069047580	견과류	nad-a001-02-000000541753960	bsn-a001-00-000000013604308	07	09	11068	P	1	0	0	2	0
20260829	4291318	cmp-a001-02-000000010764328	grp-a001-02-000000069047580	하루견과	nad-a001-02-000000541753959	bsn-a001-00-000000013604308	07	14	8753	M	1	0	0	2	0
20260829	4291318	cmp-a001-02-000000010764328	grp-a001-02-000000069047580	동결건조녹색가루	nad-a001-02-000000541754004	bsn-a001-00-000000013604308	07	09	8753	M	1	0	0	1	0
20260829	4291318	cmp-a001-02-000000010764328	grp-a001-02-000000069047580	프로틴	nad-a001-02-000000553654562	bsn-a001-00-000000013604308	07	14	768323	M	4	0	0	12	0
20260829	4291318	cmp-a001-02-000000010764328	grp-a001-02-000000069047580	황성주생식	nad-a001-02-000000541753997	bsn-a001-00-000000013604308	07	09	612594	M	2	0	0	2	0
20260829	4291318	cmp-a001-02-000000010764328	grp-a001-02-000000069047580	가루	nad-a001-02-000000541753997	bsn-a001-00-000000013604308	07	09	684924	M	1	0	0	1	0
20260829	4291318	cmp-a001-02-000000010764328	grp-a001-02-000000069047580	젤리	nad-a001-02-000000541753985	bsn-a001-00-000000013604308	07	03	33421	M	1	0	0	4	0
20260829	4291318	cmp-a001-02-000000010764328	grp-a001-02-000000069047580	하루견과	nad-a001-02-000000541753999	bsn-a001-00-000000013604308	07	99	529514	M	2	0	0	2	0
20260829	4291318	cmp-a001-02-000000010764328	grp-a001-02-000000069047580	하루	nad-a001-02-000000541753959	bsn-a001-00-000000013604308	07	04	98128	M	1	0	0	2	0
20260829	4291318	cmp-a001-02-000000010764328	grp-a001-02-000000069047580	견과류	nad-a001-02-000000541753999	bsn-a001-00-000000013604308	07	04	8753	M	2	0	0	9	0
20260829	4291318	cmp-a001-02-000000010764328	grp-a001-02-000000069047580	생식가루	nad-a001-02-000000541753997	bsn-a001-00-000000013604308	07	09	8753	M	1	0	0	2	0
20260829	4291318	cmp-a001-02-000000010764328	grp-a001-02-000000069047580	단백질쉐이크	nad-a001-02-000000553654562	bsn-a001-00-000000013604308	07	06	98128	M	2	0	0	2	0
20260829	4291318	cmp-a001-02-000000010764328	grp-a001-02-000000069047580	에너지바	nad-a001-02-000000553654558	bsn-a001-00-000000013604308	07	03	8753	M	1	0	0	4	0
20260829	4291318	cmp-a001-02-000000010764328	grp-a001-02-000000069047580	코스트코에너지바초코	nad-a001-02-000000553654554	bsn-a001-00-000000013604308	07	01	8753	M	2	0	0	2	0
20260829	4291318	cmp-a001-02-000000010764328	grp-a001-02-000000069047580	프로틴	nad-a001-02-000000553654562	bsn-a001-00-000000013604308	07	03	768323	M	27	0	0	73	0
20260829	4291318	cmp-a001-02-000000010764328	grp-a001-02-000000069047580	하루	nad-a001-02-000000553654562	bsn-a001-00-000000013604308	07	04	98128	M	1	0	0	5	0
20260829	4291318	cmp-a001-02-000000010764328	grp-a001-02-000000069047580	생식가루	nad-a001-02-000000541753997	bsn-a001-00-000000013604308	07	04	8753	M	1	0	0	2	0
20260829	4291318	cmp-a001-02-000000010764328	grp-a001-02-000000069047580	단백질바	nad-a001-02-000000553654554	bsn-a001-00-000000013604308	07	08	8753	M	2	0	0	4	0
20260829	4291318	cmp-a001-02-000000010764328	grp-a001-02-000000069047580	프로틴	nad-a001-02-000000553654562	bsn-a001-00-000000013604308	07	18	768323	M	22	0	0	63	0
20260829	4291318	cmp-a001-02-000000010764328	grp-a001-02-000000069047580	프로틴단백질	nad-a001-02-000000553654562	bsn-a001-00-000000013604308	07	13	341893	M	1	0	0	1	0
20260829	4291318	cmp-a001-02-000000010764328	grp-a001-02-000000069047580	견과류	nad-a001-02-000000541753959	bsn-a001-00-000000013604308	07	06	8753	M	2	0	0	4	0
20260829	4291318	cmp-a001-02-000000010764328	grp-a001-02-000000069047580	견과류	nad-a001-02-000000541753999	bsn-a001-00-000000013604308	07	09	27758	P	1	0	0	3	0
20260829	4291318	cmp-a001-02-000000010764328	grp-a001-02-000000069047580	견과류	nad-a001-02-000000541753960	bsn-a001-00-000000013604308	07	13	8753	M	1	0	0	1	0
20260829	4291318	cmp-a001-02-000000010764328	grp-a001-02-000000069047580	견과류	nad-a001-02-000000541753959	bsn-a001-00-000000013604308	07	09	8753	M	2	0	0	6	0
20260829	4291318	cmp-a001-02-000000010764328	grp-a001-02-000000069047580	단백질바	nad-a001-02-000000553654558	bsn-a001-00-000000013604308	07	02	529514	M	4	0	0	8	0
20260829	4291318	cmp-a001-02-000000010764328	grp-a001-02-000000069047580	견과류	nad-a001-02-000000541753960	bsn-a001-00-000000013604308	07	07	8753	M	1	0	0	2	0
20260829	4291318	cmp-a001-02-000000010764328	grp-a001-02-000000069047580	견과류	nad-a001-02-000000541753960	bsn-a001-00-000000013604308	07	06	33421	M	1	0	0	1	0
20260829	4291318	cmp-a001-02-000000010764328	grp-a001-02-000000069047580	견과류	nad-a001-02-000000541753959	bsn-a001-00-000000013604308	07	07	529514	M	7	0	0	21	0
20260829	4291318	cmp-a001-02-000000010764328	grp-a001-02-000000069047580	동결생식	nad-a001-02-000000541753997	bsn-a001-00-000000013604308	07	02	8753	M	1	0	0	3	0
20260829	4291318	cmp-a001-02-000000010764328	grp-a001-02-000000069047580	견과류	nad-a001-02-000000541753959	bsn-a001-00-000000013604308	07	17	8753	M	1	0	0	4	0
20260829	4291318	cmp-a001-02-000000010764328	grp-a001-02-000000069047580	단백질	nad-a001-02-000000553654562	bsn-a001-00-000000013604308	07	08	768323	M	1	0	0	1	0
20260829	4291318	cmp-a001-02-000000010764328	grp-a001-02-000000069047580	프로틴	nad-a001-02-000000553654562	bsn-a001-00-000000013604308	07	10	768323	M	5	0	0	14	0
20260829	4291318	cmp-a001-02-000000010764328	grp-a001-02-000000069047580	갓	nad-a001-02-000000541753999	bsn-a001-00-000000013604308	07	08	8753	M	1	0	0	6	0
20260829	4291318	cmp-a001-02-000000010764328	grp-a001-02-000000069047580	하루견과	nad-a001-02-000000541753999	bsn-a001-00-000000013604308	07	14	8753	M	1	0	0	5	0
20260829	4291318	cmp-a001-02-000000010764328	grp-a001-02-000000069047580	다이어트쉐이크	nad-a001-02-000000553654562	bsn-a001-00-000000013604308	07	09	768323	M	1	0	0	2	0
20260829	4291318	cmp-a001-02-000000010764328	grp-a001-02-000000069047580	견과류	nad-a001-02-000000541753960	bsn-a001-00-000000013604308	07	04	8753	M	2	0	0	2	0
20260829	4291318	cmp-a001-02-000000010764328	grp-a001-02-000000069047580	경성건강원포유산양유	nad-a001-02-000000553654562	bsn-a001-00-000000013604308	07	08	341893	M	1	0	0	3	0
20260829	4291318	cmp-a001-02-000000010764328	grp-a001-02-000000069047580	견과류과잉섭취신장	nad-a001-02-000000541753959	bsn-a001-00-000000013604308	07	18	8753	M	1	0	0	1	0
20260829	4291318	cmp-a001-02-000000010764328	grp-a001-02-000000069047580	쉐이크	nad-a001-02-000000553654562	bsn-a001-00-000000013604308	07	09	529514	M	1	0	0	1	0
20260829	4291318	cmp-a001-02-000000010764328	grp-a001-02-000000069047580	황성주생식	nad-a001-02-000000541754005	bsn-a001-00-000000013604308	07	04	8753	M	2	0	0	8	0
20260829	4291318	cmp-a001-02-000000010764328	grp-a001-02-000000069047580	하루견과	nad-a001-02-000000541753959	bsn-a001-00-000000013604308	07	09	87620	M	1	0	0	3	0
20260829	4291318	cmp-a001-02-000000010764328	grp-a001-02-000000069047580	단백질보충제	nad-a001-02-000000553654562	bsn-a001-00-000000013604308	07	09	87620	M	2	0	0	2	0
20260829	4291318	cmp-a001-02-000000010764328	grp-a001-02-000000069047580	젤리	nad-a001-02-000000541753985	bsn-a001-00-000000013604308	07	02	98128	M	1	0	0	2	0
20260829	4291318	cmp-a001-02-000000010764328	grp-a001-02-000000069047580	프로틴	nad-a001-02-000000553654562	bsn-a001-00-000000013604308	07	15	768323	M	7	0	0	20	0
20260829	4291318	cmp-a001-02-000000010764328	grp-a001-02-000000069047580	단백질보충제추천	nad-a001-02-000000553654562	bsn-a001-00-000000013604308	07	99	612594	M	1	0	0	2	0
20260829	4291318	cmp-a001-02-000000010764328	grp-a001-02-000000069047580	황성주생식	nad-a001-02-000000541753988	bsn-a001-00-000000013604308	07	08	633013	M	1	0	0	5	0
20260829	4291318	cmp-a001-02-000000010764328	grp-a001-02-000000069047580	프로틴바	nad-a001-02-000000553654559	bsn-a001-00-000000013604308	07	02	768323	M	1	0	0	5	0
20260829	4291318	cmp-a001-02-000000010764328	grp-a001-02-000000069047580	단백질보충제	nad-a001-02-000000553654562	bsn-a001-00-000000013604308	07	04	370822	P	1	0	0	1	0
20260829	4291318	cmp-a001-02-000000010764328	grp-a001-02-000000069047580	견과류	nad-a001-02-000000541753999	bsn-a001-00-000000013604308	07	17	529514	M	3	0	0	6	0
20260829	4291318	cmp-a001-02-000000010764328	grp-a001-02-000000069047580	견과류	nad-a001-02-000000541753959	bsn-a001-00-000000013604308	07	02	8753	M	4	0	0	16	0
20260829	4291318	cmp-a001-02-000000010764328	grp-a001-02-000000069047580	다이어트쉐이크	nad-a001-02-000000553654562	bsn-a001-00-000000013604308	07	02	529514	M	2	0	0	2	0
20260829	4291318	cmp-a001-02-000000010764328	grp-a001-02-000000069047580	단백질바	nad-a001-02-000000553654559	bsn-a001-00-000000013604308	07	09	529514	M	4	0	0	12	0
20260829	4291318	cmp-a001-02-000000010764328	grp-a001-02-000000069047580	견과류	nad-a001-02-000000541753960	bsn-a001-00-000000013604308	07	01	8753	M	3	0	0	4	0
20260829	4291318	cmp-a001-02-000000010764328	grp-a001-02-000000069047580	젤리	nad-a001-02-000000541753985	bsn-a001-00-000000013604308	07	99	137281	M	1	0	0	1	0
20260829	4291318	cmp-a001-02-000000010764328	grp-a001-02-000000069047580	생식가루	nad-a001-02-000000541753996	bsn-a001-00-000000013604308	07	09	8753	M	1	0	0	3	0
20260829	4291318	cmp-a001-02-000000010764328	grp-a001-02-000000069047580	젤리	nad-a001-02-000000541753985	bsn-a001-00-000000013604308	07	08	98128	M	1	0	0	2	0
20260829	4291318	cmp-a001-02-000000010764328	grp-a001-02-000000069047580	견과세트	nad-a001-02-000000541753960	bsn-a001-00-000000013604308	07	99	768323	M	1	0	0	3	0
20260829	4291318	cmp-a001-02-000000010764328	grp-a001-02-000000069047580	견과류	nad-a001-02-000000541753960	bsn-a001-00-000000013604308	07	17	8753	M	1	0	0	2	0
20260829	4291318	cmp-a001-02-000000010764328	grp-a001-02-000000069047580	견과류추천	nad-a001-02-000000541753959	bsn-a001-00-000000013604308	07	07	8753	M	1	0	0	3	0
20260829	4291318	cmp-a001-02-000000010764328	grp-a001-02-000000069047580	견과류	nad-a001-02-000000541753960	bsn-a001-00-000000013604308	07	11	529514	M	3	0	0	12	0
20260829	4291318	cmp-a001-02-000000010764328	grp-a001-02-000000069047580	견과류	nad-a001-02-000000541753959	bsn-a001-00-000000013604308	07	03	684926	M	2	0	0	2	0
20260829	4291318	cmp-a001-02-000000010764328	grp-a001-02-000000069047580	견과류	nad-a001-02-000000541753960	bsn-a001-00-000000013604308	07	07	529514	M	7	0	0	28	0
20260829	4291318	cmp-a001-02-000000010764328	grp-a001-02-000000069047580	단백질프로틴	nad-a001-02-000000553654562	bsn-a001-00-000000013604308	07	09	529514	M	2	0	0	2	0
20260829	4291318	cmp-a001-02-000000010764328	grp-a001-02-000000069047580	단백질바	nad-a001-02-000000553654554	bsn-a001-00-000000013604308	07	02	529514	M	4	0	0	4	0
20260829	4291318	cmp-a001-02-000000010764328	grp-a001-02-000000069047580	견과세트	nad-a001-02-000000541753959	bsn-a001-00-000000013604308	07	06	768323	M	1	0	0	2	0
20260829	4291318	cmp-a001-02-000000010764328	grp-a001-02-000000069047580	단백질쉐이크	nad-a001-02-000000553654562	bsn-a001-00-000000013604308	07	09	612594	M	1	0	0	1	0
20260829	4291318	cmp-a001-02-000000010764328	grp-a001-02-000000069047580	프로틴	nad-a001-02-000000553654562	bsn-a001-00-000000013604308	07	07	633013	M	2	0	0	2	0
20260829	4291318	cmp-a001-02-000000010764328	grp-a001-02-000000069047580	견과류	nad-a001-02-000000541753959	bsn-a001-00-000000013604308	07	17	684926	M	1	0	0	2	0
20260829	4291318	cmp-a001-02-000000010764328	grp-a001-02-000000069047580	견과류	nad-a001-02-000000541753999	bsn-a001-00-000000013604308	07	01	8753	M	2	0	0	9	0
20260829	4291318	cmp-a001-02-000000010764328	grp-a001-02-000000069047580	하루견과	nad-a001-02-000000541753960	bsn-a001-00-000000013604308	07	02	529514	M	8	0	0	24	0
20260829	4291318	cmp-a001-02-000000010764328	grp-a001-02-000000069047580	가루	nad-a001-02-000000541753997	bsn-a001-00-000000013604308	07	01	684924	M	1	0	0	1	0
20260829	4291318	cmp-a001-02-000000010764328	grp-a001-02-000000069047580	프로틴바타먹는	nad-a001-02-000000553654554	bsn-a001-00-000000013604308	07	02	8753	M	1	0	0	2	0
20260829	4291318	cmp-a001-02-000000010764328	grp-a001-02-000000069047580	견과류	nad-a001-02-000000541753999	bsn-a001-00-000000013604308	07	08	529514	M	7	0	0	14	0
20260829	4291318	cmp-a001-02-000000010764328	grp-a001-02-000000069047580	견과류	nad-a001-02-000000541753959	bsn-a001-00-000000013604308	07	03	529514	M	12	0	0	36	0
20260829	4291318	cmp-a001-02-000000010764328	grp-a001-02-000000069047580	프로틴	nad-a001-02-000000553654562	bsn-a001-00-000000013604308	07	11	768323	M	23	0	0	62	0
20260829	4291318	cmp-a001-02-000000010764328	grp-a001-02-000000069047580	하루견과	nad-a001-02-000000541753960	bsn-a001-00-000000013604308	07	03	529514	M	8	0	0	24	0
20260829	4291318	cmp-a001-02-000000010764328	grp-a001-02-000000069047580	프로틴쉐이크	nad-a001-02-000000553654562	bsn-a001-00-000000013604308	07	09	529514	M	10	0	0	10	0
20260829	4291318	cmp-a001-02-000000010764328	grp-a001-02-000000069047580	견과세트	nad-a001-02-000000541753999	bsn-a001-00-000000013604308	07	02	768323	M	4	0	0	4	0
20260829	4291318	cmp-a001-02-000000010764328	grp-a001-02-000000069047580	에너지바	nad-a001-02-000000553654554	bsn-a001-00-000000013604308	07	02	8753	M	2	0	0	4	0
20260829	4291318	cmp-a001-02-000000010764328	grp-a001-02-000000069047580	배우이세창생식	nad-a001-02-000000541753997	bsn-a001-00-000000013604308	07	17	8753	M	1	0	0	1	0
20260829	4291318	cmp-a001-02-000000010764328	grp-a001-02-000000069047580	젤리	nad-a001-02-000000541753985	bsn-a001-00-000000013604308	07	09	137281	M	4	0	0	4	0
20260829	4291318	cmp-a001-02-000000010764328	grp-a001-02-000000069047580	하루	nad-a001-02-000000541753960	bsn-a001-00-000000013604308	07	10	137281	M	11	0	0	11	0
20260829	4291318	cmp-a001-02-000000010764328	grp-a001-02-000000069047580	젤리	nad-a001-02-000000541753985	bsn-a001-00-000000013604308	07	11	137281	M	1	0	0	1	0
20260829	4291318	cmp-a001-02-000000010764328	grp-a001-02-000000069047580	하루견과	nad-a001-02-000000541753959	bsn-a001-00-000000013604308	07	04	529514	M	2	0	0	4	0
20260829	4291318	cmp-a001-02-000000010764328	grp-a001-02-000000069047580	에너지바	nad-a001-02-000000553654554	bsn-a001-00-000000013604308	07	03	8753	M	1	0	0	2	0
20260829	4291318	cmp-a001-02-000000010764328	grp-a001-02-000000069047580	견과류추천	nad-a001-02-000000541753959	bsn-a001-00-000000013604308	07	10	8753	M	1	0	0	1	0
20260829	4291318	cmp-a001-02-000000010764328	grp-a001-02-000000069047580	견과류판매순위	nad-a001-02-000000541753959	bsn-a001-00-000000013604308	07	04	8753	M	1	0	0	2	0
20260829	4291318	cmp-a001-02-000000010764328	grp-a001-02-000000069047580	프로틴바	nad-a001-02-000000553654558	bsn-a001-00-000000013604308	07	13	768323	M	2	0	0	4	0
20260829	4291318	cmp-a001-02-000000010764328	grp-a001-02-000000069047580	견과류	nad-a001-02-000000541753999	bsn-a001-00-000000013604308	07	10	529514	M	2	0	0	4	0
20260829	4291318	cmp-a001-02-000000010764328	grp-a001-02-000000069047580	칼로리바	nad-a001-02-000000553654554	bsn-a001-00-000000013604308	07	99	8753	M	1	0	0	1	0
20260829	4291318	cmp-a001-02-000000010764328	grp-a001-02-000000069047580	견과류	nad-a001-02-000000541753999	bsn-a001-00-000000013604308	07	06	529514	M	3	0	0	6	0
20260829	4291318	cmp-a001-02-000000010764328	grp-a001-02-000000069047580	견과류	nad-a001-02-000000541753999	bsn-a001-00-000000013604308	07	14	684926	M	2	0	0	8	0
20260829	4291318	cmp-a001-02-000000010764328	grp-a001-02-000000069047580	견과류	nad-a001-02-000000541753959	bsn-a001-00-000000013604308	07	18	529514	M	11	0	0	33	0
20260829	4291318	cmp-a001-02-000000010764328	grp-a001-02-000000069047580	하루견과	nad-a001-02-000000541753999	bsn-a001-00-000000013604308	07	01	8753	M	1	0	0	5	0
20260829	4291318	cmp-a001-02-000000010764328	grp-a001-02-000000069047580	황성주생식	nad-a001-02-000000541754005	bsn-a001-00-000000013604308	07	11	633013	M	4	0	0	16	0
20260829	4291318	cmp-a001-02-000000010764328	grp-a001-02-000000069047580	견과류판매순위	nad-a001-02-000000541753960	bsn-a001-00-000000013604308	07	04	8753	M	1	0	0	3	0
20260829	4291318	cmp-a001-02-000000010764328	grp-a001-02-000000069047580	견과류	nad-a001-02-000000541753959	bsn-a001-00-000000013604308	07	08	684926	M	2	0	0	8	0
20260829	4291318	cmp-a001-02-000000010764328	grp-a001-02-000000069047580	견과류	nad-a001-02-000000541753959	bsn-a001-00-000000013604308	07	09	529514	M	45	0	0	135	0
20260829	4291318	cmp-a001-02-000000010764328	grp-a001-02-000000069047580	하루견과	nad-a001-02-000000541753959	bsn-a001-00-000000013604308	07	03	529514	M	8	0	0	16	0
20260829	4291318	cmp-a001-02-000000010764328	grp-a001-02-000000069047580	황성주생식	nad-a001-02-000000541754005	bsn-a001-00-000000013604308	07	09	612594	M	2	0	0	10	0
20260829	4291318	cmp-a001-02-000000010764328	grp-a001-02-000000069047580	단백질바	nad-a001-02-000000553654558	bsn-a001-00-000000013604308	07	11	33421	M	1	0	0	6	0
20260829	4291318	cmp-a001-02-000000010764328	grp-a001-02-000000069047580	동결건조녹색가루	nad-a001-02-000000541753997	bsn-a001-00-000000013604308	07	09	8753	M	1	0	0	2	0
20260829	4291318	cmp-a001-02-000000010764328	grp-a001-02-000000069047580	녹색생식분말	nad-a001-02-000000541753997	bsn-a001-00-000000013604308	07	09	8753	M	1	1	6199	3	0
20260829	4291318	cmp-a001-02-000000010764328	grp-a001-02-000000069047580	견과세트	nad-a001-02-000000541753959	bsn-a001-00-000000013604308	07	08	768323	M	2	0	0	4	0
20260829	4291318	cmp-a001-02-000000010764328	grp-a001-02-000000069047580	프로틴	nad-a001-02-000000553654562	bsn-a001-00-000000013604308	07	01	768323	M	25	0	0	60	0
20260829	4291318	cmp-a001-02-000000010764328	grp-a001-02-000000069047580	프로틴바	nad-a001-02-000000553654554	bsn-a001-00-000000013604308	07	02	529514	M	2	0	0	2	0
20260829	4291318	cmp-a001-02-000000010764328	grp-a001-02-000000069047580	다이어트쉐이크	nad-a001-02-000000553654562	bsn-a001-00-000000013604308	07	09	529514	M	4	0	0	4	0
20260829	4291318	cmp-a001-02-000000010764328	grp-a001-02-000000069047580	프로틴단백질	nad-a001-02-000000553654562	bsn-a001-00-000000013604308	07	02	612594	M	1	0	0	3	0
20260829	4291318	cmp-a001-02-000000010764328	grp-a001-02-000000069047580	견과류	nad-a001-02-000000541753959	bsn-a001-00-000000013604308	07	04	529514	M	6	0	0	17	0
20260829	4291318	cmp-a001-02-000000010764328	grp-a001-02-000000069047580	쉐이크	nad-a001-02-000000553654562	bsn-a001-00-000000013604308	07	02	529514	M	14	0	0	24	0
20260829	4291318	cmp-a001-02-000000010764328	grp-a001-02-000000069047580	하루견과	nad-a001-02-000000541753960	bsn-a001-00-000000013604308	07	01	8753	M	1	0	0	1	0
20260829	4291318	cmp-a001-02-000000010764328	grp-a001-02-000000069047580	단백질프로틴	nad-a001-02-000000553654562	bsn-a001-00-000000013604308	07	10	529514	M	2	0	0	2	0
20260829	4291318	cmp-a001-02-000000010764328	grp-a001-02-000000069047580	단백질	nad-a001-02-000000553654562	bsn-a001-00-000000013604308	07	18	529514	M	4	0	0	6	0
20260829	4291318	cmp-a001-02-000000010764328	grp-a001-02-000000069047580	황성주생식	nad-a001-02-000000541753997	bsn-a001-00-000000013604308	07	06	8753	M	3	0	0	6	0
20260829	4291318	cmp-a001-02-000000010764328	grp-a001-02-000000069047580	견과류	nad-a001-02-000000541753999	bsn-a001-00-000000013604308	07	02	8753	M	3	0	0	13	0
20260829	4291318	cmp-a001-02-000000010764328	grp-a001-02-000000069047580	에너지바	nad-a001-02-000000553654554	bsn-a001-00-000000013604308	07	15	529514	M	2	0	0	2	0
20260829	4291318	cmp-a001-02-000000010764328	grp-a001-02-000000069047580	단백질쉐이크	nad-a001-02-000000553654562	bsn-a001-00-000000013604308	07	09	529514	M	49	0	0	59	0
20260829	4291318	cmp-a001-02-000000010764328	grp-a001-02-000000069047580	견과류	nad-a001-02-000000541753959	bsn-a001-00-000000013604308	07	04	8753	M	2	0	0	5	0
20260829	4291318	cmp-a001-02-000000010764328	grp-a001-02-000000069047580	하루견과	nad-a001-02-000000541753999	bsn-a001-00-000000013604308	07	15	529514	M	2	0	0	2	0
20260829	4291318	cmp-a001-02-000000010764328	grp-a001-02-000000069047580	하루견과	nad-a001-02-000000541753960	bsn-a001-00-000000013604308	07	09	8753	M	1	0	0	1	0
20260829	4291318	cmp-a001-02-000000010764328	grp-a001-02-000000069047580	하루	nad-a001-02-000000541753959	bsn-a001-00-000000013604308	07	09	137281	M	32	0	0	64	0
20260829	4291318	cmp-a001-02-000000010764328	grp-a001-02-000000069047580	황성주생식물량	nad-a001-02-000000541754005	bsn-a001-00-000000013604308	07	02	8753	M	1	0	0	3	0
20260829	4291318	cmp-a001-02-000000010764328	grp-a001-02-000000069047580	단백질바	nad-a001-02-000000553654558	bsn-a001-00-000000013604308	07	99	529514	M	2	0	0	4	0
20260829	4291318	cmp-a001-02-000000010764328	grp-a001-02-000000069047580	하루	nad-a001-02-000000541753960	bsn-a001-00-000000013604308	07	09	98128	M	1	0	0	3	0
20260829	4291318	cmp-a001-02-000000010764328	grp-a001-02-000000069047580	프로틴	nad-a001-02-000000553654562	bsn-a001-00-000000013604308	07	06	768323	M	13	0	0	37	0
20260829	4291318	cmp-a001-02-000000010764328	grp-a001-02-000000069047580	단백질보충제	nad-a001-02-000000553654562	bsn-a001-00-000000013604308	07	10	529514	M	8	0	0	8	0
20260829	4291318	cmp-a001-02-000000010764328	grp-a001-02-000000069047580	하루견과	nad-a001-02-000000541753960	bsn-a001-00-000000013604308	07	03	341893	M	1	0	0	2	0
20260829	4291318	cmp-a001-02-000000010764328	grp-a001-02-000000069047580	단백질보충제순위	nad-a001-02-000000553654562	bsn-a001-00-000000013604308	07	99	612594	M	1	0	0	2	0
20260829	4291318	cmp-a001-02-000000010764328	grp-a001-02-000000069047580	하루	nad-a001-02-000000541753960	bsn-a001-00-000000013604308	07	06	137281	M	10	0	0	10	0
20260829	4291318	cmp-a001-02-000000010764328	grp-a001-02-000000069047580	칼로리바	nad-a001-02-000000553654559	bsn-a001-00-000000013604308	07	18	8753	M	2	0	0	8	0
20260829	4291318	cmp-a001-02-000000010764328	grp-a001-02-000000069047580	하루견과	nad-a001-02-000000541753959	bsn-a001-00-000000013604308	07	18	529514	M	2	0	0	4	0
20260829	4291318	cmp-a001-02-000000010764328	grp-a001-02-000000069047580	하루견과	nad-a001-02-000000541753960	bsn-a001-00-000000013604308	07	18	529514	M	2	0	0	6	0
20260829	4291318	cmp-a001-02-000000010764328	grp-a001-02-000000069047580	칼로리바	nad-a001-02-000000553654558	bsn-a001-00-000000013604308	07	18	8753	M	2	0	0	6	0
20260829	4291318	cmp-a001-02-000000010764328	grp-a001-02-000000069047580	견과	nad-a001-02-000000541753959	bsn-a001-00-000000013604308	07	15	684926	M	1	0	0	5	0
20260829	4291318	cmp-a001-02-000000010764328	grp-a001-02-000000069047580	식사대용	nad-a001-02-000000553654562	bsn-a001-00-000000013604308	07	15	609155	M	1	0	0	1	0
20260829	4291318	cmp-a001-02-000000010764328	grp-a001-02-000000069047580	하루견과	nad-a001-02-000000541753960	bsn-a001-00-000000013604308	07	07	8753	M	1	0	0	1	0
20260829	4291318	cmp-a001-02-000000010764328	grp-a001-02-000000069047580	프로틴	nad-a001-02-000000553654562	bsn-a001-00-000000013604308	07	03	98128	M	2	0	0	2	0
20260829	4291318	cmp-a001-02-000000010764328	grp-a001-02-000000069047580	젤리	nad-a001-02-000000541753985	bsn-a001-00-000000013604308	07	06	768323	M	1	0	0	4	0
20260829	4291318	cmp-a001-02-000000010764328	grp-a001-02-000000069047580	황성주생식	nad-a001-02-000000541753996	bsn-a001-00-000000013604308	07	11	8753	M	1	0	0	3	0
20260829	4291318	cmp-a001-02-000000010764328	grp-a001-02-000000069047580	배우이세창생식	nad-a001-02-000000541754004	bsn-a001-00-000000013604308	07	17	8753	M	1	0	0	2	0
20260829	4291318	cmp-a001-02-000000010764328	grp-a001-02-000000069047580	가루	nad-a001-02-000000541753997	bsn-a001-00-000000013604308	07	02	8753	M	1	0	0	1	0
20260829	4291318	cmp-a001-02-000000010764328	grp-a001-02-000000069047580	하루견과	nad-a001-02-000000541753959	bsn-a001-00-000000013604308	07	09	8753	M	1	0	0	2	0
20260829	4291318	cmp-a001-02-000000010764328	grp-a001-02-000000069047580	프로틴바	nad-a001-02-000000553654558	bsn-a001-00-000000013604308	07	02	768323	M	1	0	0	2	0
20260829	4291318	cmp-a001-02-000000010764328	grp-a001-02-000000069047580	견과류	nad-a001-02-000000541753960	bsn-a001-00-000000013604308	07	18	8753	M	2	0	0	4	0
20260829	4291318	cmp-a001-02-000000010764328	grp-a001-02-000000069047580	견과세트	nad-a001-02-000000541753959	bsn-a001-00-000000013604308	07	02	768323	M	4	0	0	8	0
20260829	4291318	cmp-a001-02-000000010764328	grp-a001-02-000000069047580	단백질바	nad-a001-02-000000553654558	bsn-a001-00-000000013604308	07	00	27758	P	1	0	0	4	0
20260829	4291318	cmp-a001-02-000000010764328	grp-a001-02-000000069047580	견과류	nad-a001-02-000000541753999	bsn-a001-00-000000013604308	07	03	684926	M	2	0	0	6	0
20260829	4291318	cmp-a001-02-000000010764328	grp-a001-02-000000069047580	황성주생식	nad-a001-02-000000541753996	bsn-a001-00-000000013604308	07	02	612594	M	1	0	0	3	0
20260829	4291318	cmp-a001-02-000000010764328	grp-a001-02-000000069047580	견과류저녁에피하기	nad-a001-02-000000541753960	bsn-a001-00-000000013604308	07	04	8753	M	2	0	0	4	0
20260829	4291318	cmp-a001-02-000000010764328	grp-a001-02-000000069047580	프로틴	nad-a001-02-000000553654562	bsn-a001-00-000000013604308	07	09	768323	M	176	0	0	447	0
20260829	4291318	cmp-a001-02-000000010764328	grp-a001-02-000000069047580	견과류저녁에피하기	nad-a001-02-000000541753959	bsn-a001-00-000000013604308	07	04	8753	M	2	0	0	2	0
20260829	4291318	cmp-a001-02-000000010764328	grp-a001-02-000000069047580	단백질쉐이크	nad-a001-02-000000553654562	bsn-a001-00-000000013604308	07	02	98128	M	2	0	0	6	0
20260829	4291318	cmp-a001-02-000000010764328	grp-a001-02-000000069047580	단백질	nad-a001-02-000000553654562	bsn-a001-00-000000013604308	07	15	684926	M	1	0	0	11	0
20260829	4291318	cmp-a001-02-000000010764328	grp-a001-02-000000069047580	하루만	nad-a001-02-000000541753960	bsn-a001-00-000000013604308	07	02	529514	M	1	0	0	3	0
20260829	4291318	cmp-a001-02-000000010764328	grp-a001-02-000000069047580	단백질쉐이크	nad-a001-02-000000553654562	bsn-a001-00-000000013604308	07	99	529514	M	16	0	0	16	0
20260829	4291318	cmp-a001-02-000000010764328	grp-a001-02-000000069047580	유기농생식	nad-a001-02-000000541753997	bsn-a001-00-000000013604308	07	04	341893	M	1	0	0	1	0
20260829	4291318	cmp-a001-02-000000010764328	grp-a001-02-000000069047580	견과류추천	nad-a001-02-000000541753960	bsn-a001-00-000000013604308	07	07	8753	M	1	0	0	1	0
20260829	4291318	cmp-a001-02-000000010764328	grp-a001-02-000000069047580	야채분말가루	nad-a001-02-000000541754004	bsn-a001-00-000000013604308	07	18	341898	M	1	0	0	1	0
20260829	4291318	cmp-a001-02-000000010764328	grp-a001-02-000000069047580	하루견과	nad-a001-02-000000541753959	bsn-a001-00-000000013604308	07	15	529514	M	2	0	0	4	0
20260829	4291318	cmp-a001-02-000000010764328	grp-a001-02-000000069047580	유기농생식	nad-a001-02-000000541753997	bsn-a001-00-000000013604308	07	99	341893	M	1	0	0	1	0
20260829	4291318	cmp-a001-02-000000010764328	grp-a001-02-000000069047580	혼합견과	nad-a001-02-000000541753960	bsn-a001-00-000000013604308	07	08	684926	M	2	0	0	2	0
20260829	4291318	cmp-a001-02-000000010764328	grp-a001-02-000000069047580	견과류	nad-a001-02-000000541753959	bsn-a001-00-000000013604308	07	08	8753	M	2	0	0	5	0
20260829	4291318	cmp-a001-02-000000010764328	grp-a001-02-000000069047580	하루견과	nad-a001-02-000000541753960	bsn-a001-00-000000013604308	07	04	529514	M	2	0	0	6	0
20260829	4291318	cmp-a001-02-000000010764328	grp-a001-02-000000069047580	황성주생식	nad-a001-02-000000541754005	bsn-a001-00-000000013604308	07	08	633013	M	1	0	0	4	0
20260829	4291318	cmp-a001-02-000000010764328	grp-a001-02-000000069047580	견과류추천	nad-a001-02-000000541753999	bsn-a001-00-000000013604308	07	10	8753	M	1	0	0	5	0
20260829	4291318	cmp-a001-02-000000010764328	grp-a001-02-000000069047580	견과류	nad-a001-02-000000541753959	bsn-a001-00-000000013604308	07	10	8753	M	4	0	0	9	0
20260829	4291318	cmp-a001-02-000000010764328	grp-a001-02-000000069047580	칼로리바	nad-a001-02-000000553654554	bsn-a001-00-000000013604308	07	99	684924	M	1	0	0	1	0
20260829	4291318	cmp-a001-02-000000010764328	grp-a001-02-000000069047580	견과류	nad-a001-02-000000541753959	bsn-a001-00-000000013604308	07	13	529514	M	9	0	0	27	0
20260829	4291318	cmp-a001-02-000000010764328	grp-a001-02-000000069047580	황성주생식	nad-a001-02-000000541753996	bsn-a001-00-000000013604308	07	04	8753	M	2	0	0	6	0
20260829	4291318	cmp-a001-02-000000010764328	grp-a001-02-000000069047580	하루견과	nad-a001-02-000000541753959	bsn-a001-00-000000013604308	07	13	684924	M	1	0	0	1	0
20260829	4291318	cmp-a001-02-000000010764328	grp-a001-02-000000069047580	견과류추천	nad-a001-02-000000541753959	bsn-a001-00-000000013604308	07	07	684924	M	1	0	0	1	0
20260829	4291318	cmp-a001-02-000000010764328	grp-a001-02-000000069047580	하루견과	nad-a001-02-000000541753959	bsn-a001-00-000000013604308	07	13	8753	M	1	0	0	2	0
20260829	4291318	cmp-a001-02-000000010764328	grp-a001-02-000000069047580	단백질바	nad-a001-02-000000553654554	bsn-a001-00-000000013604308	07	11	8753	M	1	0	0	2	0
20260829	4291318	cmp-a001-02-000000010764328	grp-a001-02-000000069047580	하루견과	nad-a001-02-000000541753960	bsn-a001-00-000000013604308	07	15	529514	M	2	0	0	6	0
20260829	4291318	cmp-a001-02-000000010764328	grp-a001-02-000000069047580	견과세트	nad-a001-02-000000541753999	bsn-a001-00-000000013604308	07	08	768323	M	2	0	0	2	0
20260829	4291318	cmp-a001-02-000000010764328	grp-a001-02-000000069047580	단백질바	nad-a001-02-000000553654554	bsn-a001-00-000000013604308	07	07	529514	M	2	0	0	2	0
20260829	4291318	cmp-a001-02-000000010764328	grp-a001-02-000000069047580	황성주생식	nad-a001-02-000000541753996	bsn-a001-00-000000013604308	07	09	612594	M	2	0	0	6	0
20260829	4291318	cmp-a001-02-000000010764328	grp-a001-02-000000069047580	견과류	nad-a001-02-000000541753960	bsn-a001-00-000000013604308	07	18	529514	M	11	0	0	44	0
20260829	4291318	cmp-a001-02-000000010764328	grp-a001-02-000000069047580	견과류	nad-a001-02-000000541753959	bsn-a001-00-000000013604308	07	10	684924	M	2	0	0	2	0
20260829	4291318	cmp-a001-02-000000010764328	grp-a001-02-000000069047580	견과류	nad-a001-02-000000541753999	bsn-a001-00-000000013604308	07	03	529514	M	12	0	0	24	0
20260829	4291318	cmp-a001-02-000000010764328	grp-a001-02-000000069047580	황성주생식	nad-a001-02-000000541753997	bsn-a001-00-000000013604308	07	04	8753	M	2	1	6360	2	0
20260829	4291318	cmp-a001-02-000000010764328	grp-a001-02-000000069047580	단백질	nad-a001-02-000000553654562	bsn-a001-00-000000013604308	07	09	612594	M	1	0	0	2	0
20260829	4291318	cmp-a001-02-000000010764328	grp-a001-02-000000069047580	견과류	nad-a001-02-000000541753959	bsn-a001-00-000000013604308	07	08	529514	M	7	0	0	21	0
20260829	4291318	cmp-a001-02-000000010764328	grp-a001-02-000000069047580	하루만	nad-a001-02-000000541753959	bsn-a001-00-000000013604308	07	02	529514	M	1	0	0	2	0
20260829	4291318	cmp-a001-02-000000010764328	grp-a001-02-000000069047580	하루	nad-a001-02-000000541753960	bsn-a001-00-000000013604308	07	09	137281	M	32	0	0	32	0
20260829	4291318	cmp-a001-02-000000010764328	grp-a001-02-000000069047580	가루	nad-a001-02-000000541753996	bsn-a001-00-000000013604308	07	01	8753	M	2	0	0	8	0
20260829	4291318	cmp-a001-02-000000010764328	grp-a001-02-000000069047580	아마조니아파우더	nad-a001-02-000000553654562	bsn-a001-00-000000013604308	07	02	341893	M	1	0	0	1	0
20260829	4291318	cmp-a001-02-000000010764328	grp-a001-02-000000069047580	단백질바	nad-a001-02-000000553654559	bsn-a001-00-000000013604308	07	02	529514	M	4	0	0	12	0
20260829	4291318	cmp-a001-02-000000010764328	grp-a001-02-000000069047580	프로틴	nad-a001-02-000000553654562	bsn-a001-00-000000013604308	07	08	768323	M	42	0	0	109	0
20260829	4291318	cmp-a001-02-000000010764328	grp-a001-02-000000069047580	생식가루	nad-a001-02-000000541753996	bsn-a001-00-000000013604308	07	04	8753	M	1	0	0	3	0
20260829	4291318	cmp-a001-02-000000010764328	grp-a001-02-000000069047580	단백질파우더	nad-a001-02-000000553654562	bsn-a001-00-000000013604308	07	99	768323	M	1	0	0	2	0
20260829	4291318	cmp-a001-02-000000010764328	grp-a001-02-000000069047580	젤리	nad-a001-02-000000541753985	bsn-a001-00-000000013604308	07	11	768323	M	5	0	0	23	0
20260829	4291318	cmp-a001-02-000000010764328	grp-a001-02-000000069047580	프로틴	nad-a001-02-000000553654562	bsn-a001-00-000000013604308	07	10	529514	M	7	0	0	7	0
20260829	4291318	cmp-a001-02-000000010764328	grp-a001-02-000000069047580	가루	nad-a001-02-000000541753997	bsn-a001-00-000000013604308	07	09	8753	M	1	0	0	4	0
20260829	4291318	cmp-a001-02-000000010764328	grp-a001-02-000000069047580	견과류	nad-a001-02-000000541753959	bsn-a001-00-000000013604308	07	17	529514	M	3	0	0	9	0
20260829	4291318	cmp-a001-02-000000010764328	grp-a001-02-000000069047580	견과류	nad-a001-02-000000541753999	bsn-a001-00-000000013604308	07	09	11068	P	1	0	0	3	0
20260829	4291318	cmp-a001-02-000000010764328	grp-a001-02-000000069047580	생식가루	nad-a001-02-000000541753997	bsn-a001-00-000000013604308	07	03	8753	M	2	0	0	6	0
20260829	4291318	cmp-a001-02-000000010764328	grp-a001-02-000000069047580	단백질보충제	nad-a001-02-000000553654562	bsn-a001-00-000000013604308	07	99	612594	M	1	0	0	2	0
20260829	4291318	cmp-a001-02-000000010764328	grp-a001-02-000000069047580	하루견과	nad-a001-02-000000541753960	bsn-a001-00-000000013604308	07	02	633013	M	2	0	0	4	0
20260829	4291318	cmp-a001-02-000000010764328	grp-a001-02-000000069047580	생식가루	nad-a001-02-000000541753997	bsn-a001-00-000000013604308	07	02	8753	M	1	0	0	5	0
20260829	4291318	cmp-a001-02-000000010764328	grp-a001-02-000000069047580	나인플레이트견과	nad-a001-02-000000541753959	bsn-a001-00-000000013604308	07	09	341893	M	1	0	0	1	0
20260829	4291318	cmp-a001-02-000000010764328	grp-a001-02-000000069047580	하루견과	nad-a001-02-000000541753960	bsn-a001-00-000000013604308	07	10	8753	M	1	0	0	1	0
20260829	4291318	cmp-a001-02-000000010764328	grp-a001-02-000000069047580	견과류	nad-a001-02-000000541753999	bsn-a001-00-000000013604308	07	10	8753	M	1	0	0	4	0
20260829	4291318	cmp-a001-02-000000010764328	grp-a001-02-000000069047580	유기농생식	nad-a001-02-000000541753997	bsn-a001-00-000000013604308	07	08	341898	M	2	0	0	2	0
20260829	4291318	cmp-a001-02-000000010764328	grp-a001-02-000000069047580	하루	nad-a001-02-000000541753960	bsn-a001-00-000000013604308	07	04	98128	M	1	0	0	3	0
20260829	4291318	cmp-a001-02-000000010764328	grp-a001-02-000000069047580	견과류	nad-a001-02-000000541753960	bsn-a001-00-000000013604308	07	17	529514	M	3	0	0	12	0
20260829	4291318	cmp-a001-02-000000010764328	grp-a001-02-000000069047580	하루견과	nad-a001-02-000000541753960	bsn-a001-00-000000013604308	07	08	529514	M	2	0	0	6	0
20260829	4291318	cmp-a001-02-000000010764328	grp-a001-02-000000069047580	견과류	nad-a001-02-000000541753959	bsn-a001-00-000000013604308	07	06	33421	M	1	0	0	4	0
20260829	4291318	cmp-a001-02-000000010764328	grp-a001-02-000000069047580	하루견과	nad-a001-02-000000541753960	bsn-a001-00-000000013604308	07	09	87620	M	1	0	0	2	0
20260829	4291318	cmp-a001-02-000000010764328	grp-a001-02-000000069047580	황성주생식	nad-a001-02-000000541754004	bsn-a001-00-000000013604308	07	08	633013	M	1	0	0	2	0
20260829	4291318	cmp-a001-02-000000010764328	grp-a001-02-000000069047580	견과세트	nad-a001-02-000000541753960	bsn-a001-00-000000013604308	07	08	768323	M	2	0	0	6	0
20260829	4291318	cmp-a001-02-000000010764328	grp-a001-02-000000069047580	프로틴	nad-a001-02-000000553654562	bsn-a001-00-000000013604308	07	02	768323	M	128	0	0	327	0
20260829	4291318	cmp-a001-02-000000010764328	grp-a001-02-000000069047580	하루견과	nad-a001-02-000000541753960	bsn-a001-00-000000013604308	07	07	33421	M	1	0	0	2	0
20260829	4291318	cmp-a001-02-000000010764328	grp-a001-02-000000069047580	젤리	nad-a001-02-000000541753985	bsn-a001-00-000000013604308	07	11	529514	M	4	0	0	10	0
20260829	4291318	cmp-a001-02-000000010764328	grp-a001-02-000000069047580	다이어트쉐이크	nad-a001-02-000000553654562	bsn-a001-00-000000013604308	07	11	529514	M	2	0	0	2	0
20260829	4291318	cmp-a001-02-000000010764328	grp-a001-02-000000069047580	프로틴바	nad-a001-02-000000553654559	bsn-a001-00-000000013604308	07	09	529514	M	2	0	0	6	0
20260829	4291318	cmp-a001-02-000000010764328	grp-a001-02-000000069047580	프로틴	nad-a001-02-000000553654562	bsn-a001-00-000000013604308	07	04	8753	M	1	0	0	10	0
20260829	4291318	cmp-a001-02-000000010764328	grp-a001-02-000000069047580	젤리	nad-a001-02-000000541753985	bsn-a001-00-000000013604308	07	06	529514	M	2	0	0	5	0
20260829	4291318	cmp-a001-02-000000010764328	grp-a001-02-000000069047580	젤리	nad-a001-02-000000541753985	bsn-a001-00-000000013604308	07	02	8753	M	1	0	0	8	0
20260829	4291318	cmp-a001-02-000000010764328	grp-a001-02-000000069047580	하루	nad-a001-02-000000553654562	bsn-a001-00-000000013604308	07	09	98128	M	1	0	0	5	0
20260829	4291318	cmp-a001-02-000000010764328	grp-a001-02-000000069047580	실론시나몬	nad-a001-02-000000541753997	bsn-a001-00-000000013604308	07	09	341893	M	1	0	0	1	0
20260829	4291318	cmp-a001-02-000000010764328	grp-a001-02-000000069047580	젤리	nad-a001-02-000000541753985	bsn-a001-00-000000013604308	07	02	137281	M	15	0	0	15	0
20260829	4291318	cmp-a001-02-000000010764328	grp-a001-02-000000069047580	젤리	nad-a001-02-000000541753985	bsn-a001-00-000000013604308	07	15	768323	M	1	0	0	4	0
20260829	4291318	cmp-a001-02-000000010764328	grp-a001-02-000000069047580	견과류	nad-a001-02-000000541753959	bsn-a001-00-000000013604308	07	13	8753	M	1	0	0	3	0
20260829	4291318	cmp-a001-02-000000010764328	grp-a001-02-000000069047580	황성주생식	nad-a001-02-000000541753988	bsn-a001-00-000000013604308	07	11	633013	M	4	0	0	20	0
20260829	4291318	cmp-a001-02-000000010764328	grp-a001-02-000000069047580	프로틴	nad-a001-02-000000553654562	bsn-a001-00-000000013604308	07	04	768323	M	17	0	0	45	0
20260829	4291318	cmp-a001-02-000000010764328	grp-a001-02-000000069047580	견과	nad-a001-02-000000541753999	bsn-a001-00-000000013604308	07	11	684924	M	1	0	0	1	0
20260829	4291318	cmp-a001-02-000000010764328	grp-a001-02-000000069047580	견과세트	nad-a001-02-000000541753999	bsn-a001-00-000000013604308	07	06	768323	M	1	0	0	1	0
20260829	4291318	cmp-a001-02-000000010764328	grp-a001-02-000000069047580	황성주생식라이프밀	nad-a001-02-000000541753997	bsn-a001-00-000000013604308	07	02	684926	M	1	0	0	5	0
20260829	4291318	cmp-a001-02-000000010764328	grp-a001-02-000000069047580	단백질보충제	nad-a001-02-000000553654562	bsn-a001-00-000000013604308	07	11	529514	M	13	0	0	13	0
20260829	4291318	cmp-a001-02-000000010764328	grp-a001-02-000000069047580	동결건조녹색가루	nad-a001-02-000000541754005	bsn-a001-00-000000013604308	07	09	8753	M	1	0	0	6	0
20260829	4291318	cmp-a001-02-000000010764328	grp-a001-02-000000069047580	견과류	nad-a001-02-000000541753960	bsn-a001-00-000000013604308	07	08	529514	M	7	0	0	28	0
20260829	4291318	cmp-a001-02-000000010764328	grp-a001-02-000000069047580	견과류	nad-a001-02-000000541753960	bsn-a001-00-000000013604308	07	10	8753	M	4	0	0	5	0
20260829	4291318	cmp-a001-02-000000010764328	grp-a001-02-000000069047580	견과류	nad-a001-02-000000541753999	bsn-a001-00-000000013604308	07	02	684926	M	1	0	0	3	0
20260829	4291318	cmp-a001-02-000000010764328	grp-a001-02-000000069047580	프로틴바	nad-a001-02-000000553654558	bsn-a001-00-000000013604308	07	02	529514	M	2	0	0	4	0
20260829	4291318	cmp-a001-02-000000010764328	grp-a001-02-000000069047580	프로틴	nad-a001-02-000000553654562	bsn-a001-00-000000013604308	07	07	529514	M	25	0	0	25	0
20260829	4291318	cmp-a001-02-000000010764328	grp-a001-02-000000069047580	견과세트	nad-a001-02-000000541753960	bsn-a001-00-000000013604308	07	09	768323	M	6	0	0	18	0
20260829	4291318	cmp-a001-02-000000010764328	grp-a001-02-000000069047580	하루견과세트	nad-a001-02-000000541753999	bsn-a001-00-000000013604308	07	09	791888	M	1	0	0	3	0
20260829	4291318	cmp-a001-02-000000010764328	grp-a001-02-000000069047580	단백질파우더보관방법	nad-a001-02-000000553654562	bsn-a001-00-000000013604308	07	00	8753	M	1	0	0	1	0
20260829	4291318	cmp-a001-02-000000010764328	grp-a001-02-000000069047580	프로틴바	nad-a001-02-000000553654554	bsn-a001-00-000000013604308	07	99	529514	M	2	0	0	2	0
20260829	4291318	cmp-a001-02-000000010764328	grp-a001-02-000000069047580	프로틴바	nad-a001-02-000000553654559	bsn-a001-00-000000013604308	07	03	529514	M	2	0	0	6	0
20260829	4291318	cmp-a001-02-000000010764328	grp-a001-02-000000069047580	프로틴바	nad-a001-02-000000553654558	bsn-a001-00-000000013604308	07	03	529514	M	2	0	0	4	0
20260829	4291318	cmp-a001-02-000000010764328	grp-a001-02-000000069047580	균형영양식	nad-a001-02-000000541753965	bsn-a001-00-000000013604308	07	09	529514	M	2	0	0	6	0
20260829	4291318	cmp-a001-02-000000010764328	grp-a001-02-000000069047580	단백질바	nad-a001-02-000000553654558	bsn-a001-00-000000013604308	07	09	529514	M	4	0	0	8	0
20260829	4291318	cmp-a001-02-000000010764328	grp-a001-02-000000069047580	젤리	nad-a001-02-000000541753985	bsn-a001-00-000000013604308	07	02	768323	M	4	0	0	18	0
20260829	4291318	cmp-a001-02-000000010764328	grp-a001-02-000000069047580	황성주생식	nad-a001-02-000000541753997	bsn-a001-00-000000013604308	06	11	424040	M	1	0	0	1	0
20260829	4291318	cmp-a001-02-000000010764328	grp-a001-02-000000069047580	황성주생식	nad-a001-02-000000541754004	bsn-a001-00-000000013604308	20	09	8753	M	1	0	0	2	0
20260829	4291318	cmp-a001-02-000000010764328	grp-a001-02-000000069047580	PX견과류	nad-a001-02-000000541753960	bsn-a001-00-000000013604308	20	02	8753	M	1	0	0	1	0
20260829	4291318	cmp-a001-02-000000010764328	grp-a001-02-000000069047580	견과류	nad-a001-02-000000541753959	bsn-a001-00-000000013604308	20	09	8753	M	1	0	0	4	0
20260829	4291318	cmp-a001-02-000000010764328	grp-a001-02-000000069047580	견과류	nad-a001-02-000000541753959	bsn-a001-00-000000013604308	20	09	684924	M	1	0	0	1	0
20260829	4291318	cmp-a001-02-000000010764328	grp-a001-02-000000069047580	PX견과류	nad-a001-02-000000541753999	bsn-a001-00-000000013604308	20	02	8753	M	1	0	0	2	0
20260829	4291318	cmp-a001-02-000000010764328	grp-a001-02-000000069047580	푸룬젤리	nad-a001-02-000000541753985	bsn-a001-00-000000013604308	20	03	8753	M	1	0	0	2	0
20260829	4291318	cmp-a001-02-000000010764328	grp-a001-02-000000069047580	황성주생식	nad-a001-02-000000541754005	bsn-a001-00-000000013604308	20	09	8753	M	1	0	0	4	0
20260829	4291318	cmp-a001-02-000000010764328	grp-a001-02-000000069047580	하루견과	nad-a001-02-000000541753960	bsn-a001-00-000000013604308	20	09	8753	M	1	0	0	2	0
20260829	4291318	cmp-a001-02-000000010764328	grp-a001-02-000000069047580	황성주생식	nad-a001-02-000000541753997	bsn-a001-00-000000013604308	20	00	8753	M	1	0	0	1	0
20260829	4291318	cmp-a001-02-000000010764328	grp-a001-02-000000069047580	생식가루	nad-a001-02-000000541753997	bsn-a001-00-000000013604308	20	02	8753	M	1	0	0	1	0
20260829	4291318	cmp-a001-02-000000010764328	grp-a001-02-000000069047580	황성주생식	nad-a001-02-000000541753996	bsn-a001-00-000000013604308	20	00	8753	M	1	0	0	3	0
20260829	4291318	cmp-a001-02-000000010764328	grp-a001-02-000000069047580	황성주생식	nad-a001-02-000000541754005	bsn-a001-00-000000013604308	20	00	8753	M	1	0	0	4	0
20260829	4291318	cmp-a001-02-000000010764328	grp-a001-02-000000069047580	황성주생식	nad-a001-02-000000541753996	bsn-a001-00-000000013604308	20	09	8753	M	1	0	0	3	0
20260829	4291318	cmp-a001-02-000000010764328	grp-a001-02-000000069047580	하루견과	nad-a001-02-000000541753999	bsn-a001-00-000000013604308	20	09	8753	M	1	0	0	1	0
20260829	4291318	cmp-a001-02-000000010764328	grp-a001-02-000000069047580	황성주생식	nad-a001-02-000000541754004	bsn-a001-00-000000013604308	20	00	8753	M	1	0	0	2	0
20260829	4291318	cmp-a001-02-000000010764328	grp-a001-02-000000069047580	견과류	nad-a001-02-000000541753999	bsn-a001-00-000000013604308	20	09	8753	M	1	0	0	1	0
20260829	4291318	cmp-a001-02-000000010764328	grp-a001-02-000000069047580	견과류	nad-a001-02-000000541753960	bsn-a001-00-000000013604308	20	09	8753	M	1	0	0	3	0
20260829	4291318	cmp-a001-02-000000010764328	grp-a001-02-000000069047580	황성주생식	nad-a001-02-000000541753997	bsn-a001-00-000000013604308	20	09	8753	M	1	0	0	1	0
20260829	4291318	cmp-a001-02-000000010764328	grp-a001-02-000000069047580	생식가루	nad-a001-02-000000541754004	bsn-a001-00-000000013604308	20	02	8753	M	1	0	0	2	0
20260829	4291318	cmp-a001-02-000000010764328	grp-a001-02-000000069047580	생식가루	nad-a001-02-000000541753996	bsn-a001-00-000000013604308	20	02	8753	M	1	0	0	3	0
20260829	4291318	cmp-a001-02-000000010764328	grp-a001-02-000000069047580	하루견과	nad-a001-02-000000541753960	bsn-a001-00-000000013604308	21	02	8753	M	1	0	0	2	0
20260829	4291318	cmp-a001-02-000000010764328	grp-a001-02-000000069047580	하루견과	nad-a001-02-000000541753999	bsn-a001-00-000000013604308	21	02	8753	M	1	0	0	1	0
20260829	4291318	cmp-a001-02-000000010764328	grp-a001-02-000000069047580	하루견과	nad-a001-02-000000541753959	bsn-a001-00-000000013604308	21	02	8753	M	1	0	0	5	0
20260829	4291318	cmp-a001-02-000000010764328	grp-a001-02-000000069047580	하루견과	nad-a001-02-000000541753999	bsn-a001-00-000000013604308	21	02	684924	M	1	0	0	1	0
20260829	4291318	cmp-a001-02-000000010764328	grp-a001-02-000000069047580	단백질	nad-a001-02-000000553654562	bsn-a001-00-000000013604308	08	11	529514	M	1	0	0	1	0
20260829	4291318	cmp-a001-02-000000010764328	grp-a001-02-000000069047580	하루견과	nad-a001-02-000000541753999	bsn-a001-00-000000013604308	08	15	529514	M	2	0	0	2	0
20260829	4291318	cmp-a001-02-000000010764328	grp-a001-02-000000069047580	하루견과	nad-a001-02-000000541753959	bsn-a001-00-000000013604308	08	02	612594	M	1	0	0	2	0
20260829	4291318	cmp-a001-02-000000010764328	grp-a001-02-000000069047580	견과류	nad-a001-02-000000541753959	bsn-a001-00-000000013604308	08	03	529514	M	1	0	0	3	0
20260829	4291318	cmp-a001-02-000000010764328	grp-a001-02-000000069047580	프로틴	nad-a001-02-000000553654562	bsn-a001-00-000000013604308	08	14	768323	M	1	0	0	3	0
20260829	4291318	cmp-a001-02-000000010764328	grp-a001-02-000000069047580	프로틴	nad-a001-02-000000553654562	bsn-a001-00-000000013604308	08	02	768323	M	39	0	0	101	0
20260829	4291318	cmp-a001-02-000000010764328	grp-a001-02-000000069047580	다이어트프로틴쉐이크	nad-a001-02-000000553654562	bsn-a001-00-000000013604308	08	09	529514	M	1	0	0	2	0
20260829	4291318	cmp-a001-02-000000010764328	grp-a001-02-000000069047580	동결생식	nad-a001-02-000000541753997	bsn-a001-00-000000013604308	08	02	8753	M	1	0	0	3	0
20260829	4291318	cmp-a001-02-000000010764328	grp-a001-02-000000069047580	프로틴	nad-a001-02-000000553654562	bsn-a001-00-000000013604308	08	11	768323	M	10	0	0	23	0
20260829	4291318	cmp-a001-02-000000010764328	grp-a001-02-000000069047580	견과류	nad-a001-02-000000541753999	bsn-a001-00-000000013604308	08	10	529514	M	1	0	0	2	0
20260829	4291318	cmp-a001-02-000000010764328	grp-a001-02-000000069047580	단백질쉐이크	nad-a001-02-000000553654562	bsn-a001-00-000000013604308	08	99	529514	M	1	0	0	1	0
20260829	4291318	cmp-a001-02-000000010764328	grp-a001-02-000000069047580	단백질프로틴	nad-a001-02-000000553654562	bsn-a001-00-000000013604308	08	04	529514	M	2	0	0	2	0
20260829	4291318	cmp-a001-02-000000010764328	grp-a001-02-000000069047580	견과류	nad-a001-02-000000541753960	bsn-a001-00-000000013604308	08	03	529514	M	1	0	0	4	0
20260829	4291318	cmp-a001-02-000000010764328	grp-a001-02-000000069047580	하루견과	nad-a001-02-000000541753999	bsn-a001-00-000000013604308	08	09	529514	M	2	0	0	2	0
20260829	4291318	cmp-a001-02-000000010764328	grp-a001-02-000000069047580	견과류	nad-a001-02-000000541753960	bsn-a001-00-000000013604308	08	02	529514	M	3	0	0	12	0
20260829	4291318	cmp-a001-02-000000010764328	grp-a001-02-000000069047580	견과류	nad-a001-02-000000541753960	bsn-a001-00-000000013604308	08	06	529514	M	2	0	0	8	0
20260829	4291318	cmp-a001-02-000000010764328	grp-a001-02-000000069047580	하루견과	nad-a001-02-000000541753959	bsn-a001-00-000000013604308	08	09	529514	M	2	0	0	4	0
20260829	4291318	cmp-a001-02-000000010764328	grp-a001-02-000000069047580	프로틴	nad-a001-02-000000553654562	bsn-a001-00-000000013604308	08	08	768323	M	17	0	0	44	0
20260829	4291318	cmp-a001-02-000000010764328	grp-a001-02-000000069047580	견과류	nad-a001-02-000000541753999	bsn-a001-00-000000013604308	08	02	529514	M	3	0	0	6	0
20260829	4291318	cmp-a001-02-000000010764328	grp-a001-02-000000069047580	열매마을풂원하루견과	nad-a001-02-000000541753960	bsn-a001-00-000000013604308	08	09	8753	M	1	0	0	2	0
20260829	4291318	cmp-a001-02-000000010764328	grp-a001-02-000000069047580	황성주생식	nad-a001-02-000000541753997	bsn-a001-00-000000013604308	08	09	633013	M	1	0	0	1	0
20260829	4291318	cmp-a001-02-000000010764328	grp-a001-02-000000069047580	하루견과	nad-a001-02-000000541753960	bsn-a001-00-000000013604308	08	02	612594	M	1	0	0	4	0
20260829	4291318	cmp-a001-02-000000010764328	grp-a001-02-000000069047580	프로틴	nad-a001-02-000000553654562	bsn-a001-00-000000013604308	08	99	529514	M	11	0	0	11	0
20260829	4291318	cmp-a001-02-000000010764328	grp-a001-02-000000069047580	열매마을풂원하루견과	nad-a001-02-000000541753999	bsn-a001-00-000000013604308	08	09	8753	M	1	0	0	3	0
20260829	4291318	cmp-a001-02-000000010764328	grp-a001-02-000000069047580	견과류	nad-a001-02-000000541753959	bsn-a001-00-000000013604308	08	02	529514	M	3	0	0	9	0
20260829	4291318	cmp-a001-02-000000010764328	grp-a001-02-000000069047580	에너지바	nad-a001-02-000000553654554	bsn-a001-00-000000013604308	08	11	8753	M	1	0	0	4	0
20260829	4291318	cmp-a001-02-000000010764328	grp-a001-02-000000069047580	견과류	nad-a001-02-000000541753960	bsn-a001-00-000000013604308	08	16	529514	M	1	0	0	4	0
20260829	4291318	cmp-a001-02-000000010764328	grp-a001-02-000000069047580	PX견과류	nad-a001-02-000000541753960	bsn-a001-00-000000013604308	08	18	8753	M	1	0	0	1	0
20260829	4291318	cmp-a001-02-000000010764328	grp-a001-02-000000069047580	황성주생식	nad-a001-02-000000541753988	bsn-a001-00-000000013604308	08	09	633013	M	1	0	0	6	0
20260829	4291318	cmp-a001-02-000000010764328	grp-a001-02-000000069047580	견과류	nad-a001-02-000000541753960	bsn-a001-00-000000013604308	08	99	529514	M	3	0	0	12	0
20260829	4291318	cmp-a001-02-000000010764328	grp-a001-02-000000069047580	견과류	nad-a001-02-000000541753959	bsn-a001-00-000000013604308	08	07	684924	M	1	0	0	1	0
20260829	4291318	cmp-a001-02-000000010764328	grp-a001-02-000000069047580	견과류	nad-a001-02-000000541753960	bsn-a001-00-000000013604308	08	18	529514	M	2	0	0	8	0
20260829	4291318	cmp-a001-02-000000010764328	grp-a001-02-000000069047580	쉐이크	nad-a001-02-000000553654562	bsn-a001-00-000000013604308	08	02	529514	M	2	0	0	4	0
20260829	4291318	cmp-a001-02-000000010764328	grp-a001-02-000000069047580	젤리	nad-a001-02-000000541753985	bsn-a001-00-000000013604308	08	08	98128	M	2	0	0	4	0
20260829	4291318	cmp-a001-02-000000010764328	grp-a001-02-000000069047580	하루견과	nad-a001-02-000000541753960	bsn-a001-00-000000013604308	08	16	529514	M	2	0	0	6	0
20260829	4291318	cmp-a001-02-000000010764328	grp-a001-02-000000069047580	단백질보충제	nad-a001-02-000000553654562	bsn-a001-00-000000013604308	08	09	529514	M	4	0	0	4	0
20260829	4291318	cmp-a001-02-000000010764328	grp-a001-02-000000069047580	하루	nad-a001-02-000000541753959	bsn-a001-00-000000013604308	08	02	137281	M	20	0	0	40	0
20260829	4291318	cmp-a001-02-000000010764328	grp-a001-02-000000069047580	견과류	nad-a001-02-000000541753999	bsn-a001-00-000000013604308	08	18	529514	M	2	0	0	4	0
20260829	4291318	cmp-a001-02-000000010764328	grp-a001-02-000000069047580	견과세트	nad-a001-02-000000541753959	bsn-a001-00-000000013604308	08	02	768323	M	1	0	0	2	0
20260829	4291318	cmp-a001-02-000000010764328	grp-a001-02-000000069047580	프로틴	nad-a001-02-000000553654562	bsn-a001-00-000000013604308	08	16	768323	M	3	0	0	9	0
20260829	4291318	cmp-a001-02-000000010764328	grp-a001-02-000000069047580	하루	nad-a001-02-000000541753960	bsn-a001-00-000000013604308	08	02	137281	M	20	0	0	20	0
20260829	4291318	cmp-a001-02-000000010764328	grp-a001-02-000000069047580	단백질바	nad-a001-02-000000553654559	bsn-a001-00-000000013604308	08	09	529514	M	2	0	0	6	0
20260829	4291318	cmp-a001-02-000000010764328	grp-a001-02-000000069047580	식물성단백질	nad-a001-02-000000553654562	bsn-a001-00-000000013604308	08	10	529514	M	2	0	0	2	0
20260829	4291318	cmp-a001-02-000000010764328	grp-a001-02-000000069047580	견과류	nad-a001-02-000000541753960	bsn-a001-00-000000013604308	08	02	11068	P	2	0	0	2	0
20260829	4291318	cmp-a001-02-000000010764328	grp-a001-02-000000069047580	프로틴	nad-a001-02-000000553654562	bsn-a001-00-000000013604308	08	01	768323	M	3	0	0	9	0
20260829	4291318	cmp-a001-02-000000010764328	grp-a001-02-000000069047580	다이어트쉐이크	nad-a001-02-000000553654562	bsn-a001-00-000000013604308	08	09	529514	M	3	0	0	3	0
20260829	4291318	cmp-a001-02-000000010764328	grp-a001-02-000000069047580	견과류	nad-a001-02-000000541753999	bsn-a001-00-000000013604308	08	03	684927	P	1	0	0	1	0
20260829	4291318	cmp-a001-02-000000010764328	grp-a001-02-000000069047580	단백질파우더	nad-a001-02-000000553654562	bsn-a001-00-000000013604308	08	09	768323	M	1	0	0	2	0
20260829	4291318	cmp-a001-02-000000010764328	grp-a001-02-000000069047580	단백질쉐이크	nad-a001-02-000000553654562	bsn-a001-00-000000013604308	08	09	529514	M	5	0	0	5	0
20260829	4291318	cmp-a001-02-000000010764328	grp-a001-02-000000069047580	단백질보충제	nad-a001-02-000000553654562	bsn-a001-00-000000013604308	08	02	529514	M	2	0	0	2	0
20260829	4291318	cmp-a001-02-000000010764328	grp-a001-02-000000069047580	견과류	nad-a001-02-000000541753959	bsn-a001-00-000000013604308	08	09	684926	M	2	0	0	6	0
20260829	4291318	cmp-a001-02-000000010764328	grp-a001-02-000000069047580	에너지바	nad-a001-02-000000553654554	bsn-a001-00-000000013604308	08	02	8753	M	1	0	0	2	0
20260829	4291318	cmp-a001-02-000000010764328	grp-a001-02-000000069047580	견과류	nad-a001-02-000000541753999	bsn-a001-00-000000013604308	08	11	529514	M	1	0	0	2	0
20260829	4291318	cmp-a001-02-000000010764328	grp-a001-02-000000069047580	보충제	nad-a001-02-000000553654562	bsn-a001-00-000000013604308	08	09	529514	M	6	0	0	6	0
20260829	4291318	cmp-a001-02-000000010764328	grp-a001-02-000000069047580	견과류	nad-a001-02-000000541753960	bsn-a001-00-000000013604308	08	07	8753	M	1	0	0	1	0
20260829	4291318	cmp-a001-02-000000010764328	grp-a001-02-000000069047580	프로틴쉐이크	nad-a001-02-000000553654562	bsn-a001-00-000000013604308	08	18	529514	M	2	0	0	2	0
20260829	4291318	cmp-a001-02-000000010764328	grp-a001-02-000000069047580	프로틴쉐이크	nad-a001-02-000000553654562	bsn-a001-00-000000013604308	08	09	529514	M	1	0	0	1	0
20260829	4291318	cmp-a001-02-000000010764328	grp-a001-02-000000069047580	하루견과	nad-a001-02-000000541753999	bsn-a001-00-000000013604308	08	16	529514	M	2	0	0	2	0
20260829	4291318	cmp-a001-02-000000010764328	grp-a001-02-000000069047580	프로틴	nad-a001-02-000000553654562	bsn-a001-00-000000013604308	08	13	768323	M	5	0	0	10	0
20260829	4291318	cmp-a001-02-000000010764328	grp-a001-02-000000069047580	하루견과	nad-a001-02-000000541753960	bsn-a001-00-000000013604308	08	03	8753	M	1	0	0	1	0
20260829	4291318	cmp-a001-02-000000010764328	grp-a001-02-000000069047580	견과류	nad-a001-02-000000541753959	bsn-a001-00-000000013604308	08	04	8753	M	1	0	0	4	0
20260829	4291318	cmp-a001-02-000000010764328	grp-a001-02-000000069047580	견과류	nad-a001-02-000000541753959	bsn-a001-00-000000013604308	08	18	529514	M	2	0	0	6	0
20260829	4291318	cmp-a001-02-000000010764328	grp-a001-02-000000069047580	하루견과	nad-a001-02-000000541753959	bsn-a001-00-000000013604308	08	01	8753	M	1	0	0	2	0
20260829	4291318	cmp-a001-02-000000010764328	grp-a001-02-000000069047580	견과	nad-a001-02-000000541753959	bsn-a001-00-000000013604308	08	09	684924	M	1	0	0	1	0
20260829	4291318	cmp-a001-02-000000010764328	grp-a001-02-000000069047580	견과류	nad-a001-02-000000541753959	bsn-a001-00-000000013604308	08	01	529514	M	2	0	0	6	0
20260829	4291318	cmp-a001-02-000000010764328	grp-a001-02-000000069047580	프로틴	nad-a001-02-000000553654562	bsn-a001-00-000000013604308	08	15	768323	M	2	0	0	5	0
20260829	4291318	cmp-a001-02-000000010764328	grp-a001-02-000000069047580	견과	nad-a001-02-000000541753960	bsn-a001-00-000000013604308	08	09	8753	M	1	0	0	2	0
20260829	4291318	cmp-a001-02-000000010764328	grp-a001-02-000000069047580	견과류	nad-a001-02-000000541753959	bsn-a001-00-000000013604308	08	10	529514	M	1	0	0	3	0
20260829	4291318	cmp-a001-02-000000010764328	grp-a001-02-000000069047580	쉐이크	nad-a001-02-000000553654562	bsn-a001-00-000000013604308	08	00	612593	P	1	0	0	3	0
20260829	4291318	cmp-a001-02-000000010764328	grp-a001-02-000000069047580	열매마을풂원하루견과	nad-a001-02-000000541753959	bsn-a001-00-000000013604308	08	09	8753	M	1	0	0	1	0
20260829	4291318	cmp-a001-02-000000010764328	grp-a001-02-000000069047580	유기농생식	nad-a001-02-000000541753997	bsn-a001-00-000000013604308	08	09	341893	M	1	0	0	1	0
20260829	4291318	cmp-a001-02-000000010764328	grp-a001-02-000000069047580	견과류	nad-a001-02-000000541753999	bsn-a001-00-000000013604308	08	01	529514	M	2	0	0	4	0
20260829	4291318	cmp-a001-02-000000010764328	grp-a001-02-000000069047580	하루견과	nad-a001-02-000000541753959	bsn-a001-00-000000013604308	08	15	529514	M	2	0	0	4	0
20260829	4291318	cmp-a001-02-000000010764328	grp-a001-02-000000069047580	프로틴바	nad-a001-02-000000553654559	bsn-a001-00-000000013604308	08	09	529514	M	2	0	0	6	0
20260829	4291318	cmp-a001-02-000000010764328	grp-a001-02-000000069047580	프로틴	nad-a001-02-000000553654562	bsn-a001-00-000000013604308	08	03	768323	M	4	0	0	10	0
20260829	4291318	cmp-a001-02-000000010764328	grp-a001-02-000000069047580	견과	nad-a001-02-000000541753959	bsn-a001-00-000000013604308	08	09	8753	M	1	0	0	3	0
20260829	4291318	cmp-a001-02-000000010764328	grp-a001-02-000000069047580	견과류	nad-a001-02-000000541753959	bsn-a001-00-000000013604308	08	16	529514	M	1	0	0	3	0
20260829	4291318	cmp-a001-02-000000010764328	grp-a001-02-000000069047580	단백질바	nad-a001-02-000000553654558	bsn-a001-00-000000013604308	08	09	529514	M	2	0	0	4	0
20260829	4291318	cmp-a001-02-000000010764328	grp-a001-02-000000069047580	견과류	nad-a001-02-000000541753999	bsn-a001-00-000000013604308	08	09	529514	M	5	0	0	10	0
20260829	4291318	cmp-a001-02-000000010764328	grp-a001-02-000000069047580	하루견과	nad-a001-02-000000541753999	bsn-a001-00-000000013604308	08	01	8753	M	1	0	0	5	0
20260829	4291318	cmp-a001-02-000000010764328	grp-a001-02-000000069047580	견과류	nad-a001-02-000000541753959	bsn-a001-00-000000013604308	08	11	529514	M	1	0	0	3	0
20260829	4291318	cmp-a001-02-000000010764328	grp-a001-02-000000069047580	견과류	nad-a001-02-000000541753999	bsn-a001-00-000000013604308	08	09	684926	M	2	0	0	4	0
20260829	4291318	cmp-a001-02-000000010764328	grp-a001-02-000000069047580	프로틴	nad-a001-02-000000553654562	bsn-a001-00-000000013604308	08	09	529514	M	1	0	0	1	0
20260829	4291318	cmp-a001-02-000000010764328	grp-a001-02-000000069047580	단백질보충제	nad-a001-02-000000553654562	bsn-a001-00-000000013604308	08	00	87620	M	2	0	0	2	0
20260829	4291318	cmp-a001-02-000000010764328	grp-a001-02-000000069047580	견과류	nad-a001-02-000000541753960	bsn-a001-00-000000013604308	08	10	529514	M	1	0	0	4	0
20260829	4291318	cmp-a001-02-000000010764328	grp-a001-02-000000069047580	견과류	nad-a001-02-000000541753999	bsn-a001-00-000000013604308	08	16	529514	M	1	0	0	2	0
20260829	4291318	cmp-a001-02-000000010764328	grp-a001-02-000000069047580	황성주생식	nad-a001-02-000000541754004	bsn-a001-00-000000013604308	08	09	633013	M	1	0	0	2	0
20260829	4291318	cmp-a001-02-000000010764328	grp-a001-02-000000069047580	프로틴바	nad-a001-02-000000553654558	bsn-a001-00-000000013604308	08	09	529514	M	2	0	0	4	0
20260829	4291318	cmp-a001-02-000000010764328	grp-a001-02-000000069047580	프로틴	nad-a001-02-000000553654562	bsn-a001-00-000000013604308	08	99	768323	M	11	0	0	29	0
20260829	4291318	cmp-a001-02-000000010764328	grp-a001-02-000000069047580	생식가루	nad-a001-02-000000541753997	bsn-a001-00-000000013604308	08	09	8753	M	0	1	5256	0	0
20260829	4291318	cmp-a001-02-000000010764328	grp-a001-02-000000069047580	프로틴바	nad-a001-02-000000553654554	bsn-a001-00-000000013604308	08	09	529514	M	2	0	0	2	0
20260829	4291318	cmp-a001-02-000000010764328	grp-a001-02-000000069047580	견과류	nad-a001-02-000000541753960	bsn-a001-00-000000013604308	08	01	529514	M	2	0	0	8	0
20260829	4291318	cmp-a001-02-000000010764328	grp-a001-02-000000069047580	식물성단백질	nad-a001-02-000000553654562	bsn-a001-00-000000013604308	08	06	529514	M	2	0	0	2	0
20260829	4291318	cmp-a001-02-000000010764328	grp-a001-02-000000069047580	견과류	nad-a001-02-000000541753960	bsn-a001-00-000000013604308	08	04	8753	M	1	0	0	2	0
20260829	4291318	cmp-a001-02-000000010764328	grp-a001-02-000000069047580	하루견과	nad-a001-02-000000541753999	bsn-a001-00-000000013604308	08	03	8753	M	1	0	0	4	0
20260829	4291318	cmp-a001-02-000000010764328	grp-a001-02-000000069047580	단백질바	nad-a001-02-000000553654554	bsn-a001-00-000000013604308	08	09	529514	M	2	0	0	2	0
20260829	4291318	cmp-a001-02-000000010764328	grp-a001-02-000000069047580	일본가루분말	nad-a001-02-000000541753997	bsn-a001-00-000000013604308	08	09	8753	M	1	0	0	3	0
20260829	4291318	cmp-a001-02-000000010764328	grp-a001-02-000000069047580	프로티원대용량단백질쉐이크	nad-a001-02-000000553654562	bsn-a001-00-000000013604308	08	09	87620	M	1	0	0	3	0
20260829	4291318	cmp-a001-02-000000010764328	grp-a001-02-000000069047580	갓	nad-a001-02-000000541753960	bsn-a001-00-000000013604308	08	09	8753	M	1	0	0	2	0
20260829	4291318	cmp-a001-02-000000010764328	grp-a001-02-000000069047580	단백질쉐이크	nad-a001-02-000000553654562	bsn-a001-00-000000013604308	08	11	291244	M	1	0	0	1	0
20260829	4291318	cmp-a001-02-000000010764328	grp-a001-02-000000069047580	견과류	nad-a001-02-000000541753999	bsn-a001-00-000000013604308	08	07	529514	M	2	0	0	4	0
20260829	4291318	cmp-a001-02-000000010764328	grp-a001-02-000000069047580	프로틴바	nad-a001-02-000000553654554	bsn-a001-00-000000013604308	08	13	768323	M	3	0	0	3	0
20260829	4291318	cmp-a001-02-000000010764328	grp-a001-02-000000069047580	프로틴	nad-a001-02-000000553654562	bsn-a001-00-000000013604308	08	18	768323	M	11	0	0	27	0
20260829	4291318	cmp-a001-02-000000010764328	grp-a001-02-000000069047580	견과세트	nad-a001-02-000000541753999	bsn-a001-00-000000013604308	08	02	768323	M	1	0	0	1	0
20260829	4291318	cmp-a001-02-000000010764328	grp-a001-02-000000069047580	생식가루	nad-a001-02-000000541753996	bsn-a001-00-000000013604308	08	09	8753	M	0	1	4685	0	0
20260829	4291318	cmp-a001-02-000000010764328	grp-a001-02-000000069047580	하루견과	nad-a001-02-000000541753959	bsn-a001-00-000000013604308	08	16	529514	M	2	0	0	4	0
20260829	4291318	cmp-a001-02-000000010764328	grp-a001-02-000000069047580	단백질보충제추천	nad-a001-02-000000553654562	bsn-a001-00-000000013604308	08	02	612594	M	1	0	0	2	0
20260829	4291318	cmp-a001-02-000000010764328	grp-a001-02-000000069047580	단백질쉐이크	nad-a001-02-000000553654562	bsn-a001-00-000000013604308	08	02	529514	M	2	0	0	2	0
20260829	4291318	cmp-a001-02-000000010764328	grp-a001-02-000000069047580	프로틴바	nad-a001-02-000000553654554	bsn-a001-00-000000013604308	08	09	768323	M	6	0	0	6	0
20260829	4291318	cmp-a001-02-000000010764328	grp-a001-02-000000069047580	견과류	nad-a001-02-000000541753959	bsn-a001-00-000000013604308	08	07	529514	M	2	0	0	6	0
20260829	4291318	cmp-a001-02-000000010764328	grp-a001-02-000000069047580	황성주생식	nad-a001-02-000000541754005	bsn-a001-00-000000013604308	08	09	633013	M	1	0	0	4	0
20260829	4291318	cmp-a001-02-000000010764328	grp-a001-02-000000069047580	견과류	nad-a001-02-000000541753960	bsn-a001-00-000000013604308	08	09	529514	M	5	0	0	20	0
20260829	4291318	cmp-a001-02-000000010764328	grp-a001-02-000000069047580	프로틴	nad-a001-02-000000553654562	bsn-a001-00-000000013604308	08	11	137281	M	4	0	0	4	0
20260829	4291318	cmp-a001-02-000000010764328	grp-a001-02-000000069047580	젤리	nad-a001-02-000000541753985	bsn-a001-00-000000013604308	08	11	768323	M	1	0	0	4	0
20260829	4291318	cmp-a001-02-000000010764328	grp-a001-02-000000069047580	견과류	nad-a001-02-000000541753959	bsn-a001-00-000000013604308	08	02	11068	P	2	0	0	6	0
20260829	4291318	cmp-a001-02-000000010764328	grp-a001-02-000000069047580	하루견과	nad-a001-02-000000541753960	bsn-a001-00-000000013604308	08	01	8753	M	1	0	0	1	0
20260829	4291318	cmp-a001-02-000000010764328	grp-a001-02-000000069047580	갓	nad-a001-02-000000541753999	bsn-a001-00-000000013604308	08	09	8753	M	1	0	0	5	0
20260829	4291318	cmp-a001-02-000000010764328	grp-a001-02-000000069047580	프로틴바	nad-a001-02-000000553654554	bsn-a001-00-000000013604308	08	07	768323	M	2	0	0	2	0
20260829	4291318	cmp-a001-02-000000010764328	grp-a001-02-000000069047580	견과	nad-a001-02-000000541753999	bsn-a001-00-000000013604308	08	09	8753	M	1	0	0	4	0
20260829	4291318	cmp-a001-02-000000010764328	grp-a001-02-000000069047580	견과류	nad-a001-02-000000541753999	bsn-a001-00-000000013604308	08	99	529514	M	3	0	0	6	0
20260829	4291318	cmp-a001-02-000000010764328	grp-a001-02-000000069047580	갓	nad-a001-02-000000541753959	bsn-a001-00-000000013604308	08	09	8753	M	1	0	0	4	0
20260829	4291318	cmp-a001-02-000000010764328	grp-a001-02-000000069047580	프로틴바	nad-a001-02-000000553654559	bsn-a001-00-000000013604308	08	13	768323	M	3	0	0	20	0
20260829	4291318	cmp-a001-02-000000010764328	grp-a001-02-000000069047580	견과류	nad-a001-02-000000541753960	bsn-a001-00-000000013604308	08	07	529514	M	2	0	0	8	0
20260829	4291318	cmp-a001-02-000000010764328	grp-a001-02-000000069047580	단백질간식	nad-a001-02-000000553654554	bsn-a001-00-000000013604308	08	99	8753	M	1	0	0	3	0
20260829	4291318	cmp-a001-02-000000010764328	grp-a001-02-000000069047580	PX견과류	nad-a001-02-000000541753959	bsn-a001-00-000000013604308	08	18	8753	M	1	0	0	2	0
20260829	4291318	cmp-a001-02-000000010764328	grp-a001-02-000000069047580	견과류	nad-a001-02-000000541753959	bsn-a001-00-000000013604308	08	09	529514	M	5	0	0	15	0
20260829	4291318	cmp-a001-02-000000010764328	grp-a001-02-000000069047580	유기농생식	nad-a001-02-000000541753988	bsn-a001-00-000000013604308	08	09	341893	M	1	0	0	4	0
20260829	4291318	cmp-a001-02-000000010764328	grp-a001-02-000000069047580	프로틴	nad-a001-02-000000553654562	bsn-a001-00-000000013604308	08	02	529514	M	1	0	0	1	0
20260829	4291318	cmp-a001-02-000000010764328	grp-a001-02-000000069047580	견과류	nad-a001-02-000000541753959	bsn-a001-00-000000013604308	08	03	684927	P	1	0	0	2	0
20260829	4291318	cmp-a001-02-000000010764328	grp-a001-02-000000069047580	견과류	nad-a001-02-000000541753959	bsn-a001-00-000000013604308	08	06	529514	M	2	0	0	6	0
20260829	4291318	cmp-a001-02-000000010764328	grp-a001-02-000000069047580	견과류	nad-a001-02-000000541753999	bsn-a001-00-000000013604308	08	03	529514	M	1	0	0	2	0
20260829	4291318	cmp-a001-02-000000010764328	grp-a001-02-000000069047580	타잔에너지바	nad-a001-02-000000553654554	bsn-a001-00-000000013604308	08	08	27758	P	1	0	0	3	0
20260829	4291318	cmp-a001-02-000000010764328	grp-a001-02-000000069047580	견과류	nad-a001-02-000000541753959	bsn-a001-00-000000013604308	08	99	529514	M	3	0	0	9	0
20260829	4291318	cmp-a001-02-000000010764328	grp-a001-02-000000069047580	프로틴바	nad-a001-02-000000553654558	bsn-a001-00-000000013604308	08	09	768323	M	6	0	0	12	0
20260829	4291318	cmp-a001-02-000000010764328	grp-a001-02-000000069047580	견과류	nad-a001-02-000000541753960	bsn-a001-00-000000013604308	08	11	529514	M	1	0	0	4	0
20260829	4291318	cmp-a001-02-000000010764328	grp-a001-02-000000069047580	단백질쉐이크	nad-a001-02-000000553654562	bsn-a001-00-000000013604308	08	18	529514	M	2	0	0	2	0
20260829	4291318	cmp-a001-02-000000010764328	grp-a001-02-000000069047580	하루견과	nad-a001-02-000000541753999	bsn-a001-00-000000013604308	08	02	612594	M	1	0	0	3	0
20260829	4291318	cmp-a001-02-000000010764328	grp-a001-02-000000069047580	프로틴	nad-a001-02-000000553654562	bsn-a001-00-000000013604308	08	10	768323	M	5	0	0	15	0
20260829	4291318	cmp-a001-02-000000010764328	grp-a001-02-000000069047580	견과류	nad-a001-02-000000541753959	bsn-a001-00-000000013604308	08	07	8753	M	1	0	0	2	0
20260829	4291318	cmp-a001-02-000000010764328	grp-a001-02-000000069047580	프로틴바	nad-a001-02-000000553654559	bsn-a001-00-000000013604308	08	07	768323	M	2	0	0	11	0
20260829	4291318	cmp-a001-02-000000010764328	grp-a001-02-000000069047580	프로틴	nad-a001-02-000000553654562	bsn-a001-00-000000013604308	08	04	768323	M	2	0	0	6	0
20260829	4291318	cmp-a001-02-000000010764328	grp-a001-02-000000069047580	프로틴바	nad-a001-02-000000553654559	bsn-a001-00-000000013604308	08	09	768323	M	6	0	0	30	0
20260829	4291318	cmp-a001-02-000000010764328	grp-a001-02-000000069047580	프로틴	nad-a001-02-000000553654562	bsn-a001-00-000000013604308	08	07	768323	M	2	0	0	6	0
20260829	4291318	cmp-a001-02-000000010764328	grp-a001-02-000000069047580	하루견과	nad-a001-02-000000541753960	bsn-a001-00-000000013604308	08	09	529514	M	2	0	0	6	0
20260829	4291318	cmp-a001-02-000000010764328	grp-a001-02-000000069047580	젤리	nad-a001-02-000000541753985	bsn-a001-00-000000013604308	08	04	768323	M	1	0	0	4	0
20260829	4291318	cmp-a001-02-000000010764328	grp-a001-02-000000069047580	프로틴바	nad-a001-02-000000553654558	bsn-a001-00-000000013604308	08	07	768323	M	2	0	0	4	0
20260829	4291318	cmp-a001-02-000000010764328	grp-a001-02-000000069047580	프로틴	nad-a001-02-000000553654562	bsn-a001-00-000000013604308	08	09	768323	M	53	0	0	134	0
20260829	4291318	cmp-a001-02-000000010764328	grp-a001-02-000000069047580	일본가루분말	nad-a001-02-000000541754004	bsn-a001-00-000000013604308	08	09	8753	M	1	0	0	2	0
20260829	4291318	cmp-a001-02-000000010764328	grp-a001-02-000000069047580	황성주생식	nad-a001-02-000000541753996	bsn-a001-00-000000013604308	08	09	633013	M	1	0	0	3	0
20260829	4291318	cmp-a001-02-000000010764328	grp-a001-02-000000069047580	견과류	nad-a001-02-000000541753999	bsn-a001-00-000000013604308	08	02	11068	P	2	0	0	4	0
20260829	4291318	cmp-a001-02-000000010764328	grp-a001-02-000000069047580	견과류	nad-a001-02-000000541753999	bsn-a001-00-000000013604308	08	07	8753	M	1	0	0	5	0
20260829	4291318	cmp-a001-02-000000010764328	grp-a001-02-000000069047580	프로틴바	nad-a001-02-000000553654558	bsn-a001-00-000000013604308	08	13	768323	M	3	0	0	7	0
20260829	4291318	cmp-a001-02-000000010764328	grp-a001-02-000000069047580	프로틴쉐이크	nad-a001-02-000000553654562	bsn-a001-00-000000013604308	08	11	529514	M	2	0	0	2	0
20260829	4291318	cmp-a001-02-000000010764328	grp-a001-02-000000069047580	다이어트쉐이크	nad-a001-02-000000553654562	bsn-a001-00-000000013604308	08	07	529514	M	2	0	0	2	0
20260829	4291318	cmp-a001-02-000000010764328	grp-a001-02-000000069047580	견과세트	nad-a001-02-000000541753960	bsn-a001-00-000000013604308	08	02	768323	M	1	0	0	3	0
20260829	4291318	cmp-a001-02-000000010764328	grp-a001-02-000000069047580	하루견과	nad-a001-02-000000541753960	bsn-a001-00-000000013604308	08	15	529514	M	2	0	0	6	0
20260829	4291318	cmp-a001-02-000000010764328	grp-a001-02-000000069047580	견과류	nad-a001-02-000000541753999	bsn-a001-00-000000013604308	08	06	529514	M	2	0	0	4	0
20260829	4291318	cmp-a001-02-000000010764328	grp-a001-02-000000069047580	하루견과	nad-a001-02-000000541753959	bsn-a001-00-000000013604308	08	03	8753	M	1	0	0	2	0
20260829	4291318	cmp-a001-02-000000010764328	grp-a001-02-000000069047580	에너지바	nad-a001-02-000000553654558	bsn-a001-00-000000013604308	08	02	8753	M	1	0	0	4	0
20260829	4291318	cmp-a001-02-000000010764328	grp-a001-02-000000069047580	견과류	nad-a001-02-000000541753959	bsn-a001-00-000000013604308	00	02	8753	M	1	0	0	2	0
20260829	4291318	cmp-a001-02-000000010764328	grp-a001-02-000000069047580	하루	nad-a001-02-000000541753959	bsn-a001-00-000000013604308	00	16	137281	M	4	0	0	4	0
20260829	4291318	cmp-a001-02-000000010764328	grp-a001-02-000000069047580	죽으면가루만드는곳	nad-a001-02-000000541754004	bsn-a001-00-000000013604308	00	09	8753	M	1	0	0	1	0
20260829	4291318	cmp-a001-02-000000010764328	grp-a001-02-000000069047580	프로틴	nad-a001-02-000000553654562	bsn-a001-00-000000013604308	00	03	529514	M	4	0	0	4	0
20260829	4291318	cmp-a001-02-000000010764328	grp-a001-02-000000069047580	견과류추천	nad-a001-02-000000541753959	bsn-a001-00-000000013604308	00	03	684924	M	1	0	0	1	0
20260829	4291318	cmp-a001-02-000000010764328	grp-a001-02-000000069047580	견과류	nad-a001-02-000000541753960	bsn-a001-00-000000013604308	00	07	529514	M	3	0	0	9	0
20260829	4291318	cmp-a001-02-000000010764328	grp-a001-02-000000069047580	견과류	nad-a001-02-000000541753960	bsn-a001-00-000000013604308	00	09	529514	M	25	0	0	73	0
20260829	4291318	cmp-a001-02-000000010764328	grp-a001-02-000000069047580	견과류	nad-a001-02-000000541753959	bsn-a001-00-000000013604308	00	09	529514	M	39	0	0	79	0
20260829	4291318	cmp-a001-02-000000010764328	grp-a001-02-000000069047580	하루견과	nad-a001-02-000000541753960	bsn-a001-00-000000013604308	00	17	529514	M	10	0	0	25	0
20260829	4291318	cmp-a001-02-000000010764328	grp-a001-02-000000069047580	황성주생식	nad-a001-02-000000541754005	bsn-a001-00-000000013604308	00	02	633013	M	2	0	0	8	0
20260829	4291318	cmp-a001-02-000000010764328	grp-a001-02-000000069047580	황성주생식	nad-a001-02-000000541754005	bsn-a001-00-000000013604308	00	02	8753	M	3	0	0	11	0
20260829	4291318	cmp-a001-02-000000010764328	grp-a001-02-000000069047580	견과류	nad-a001-02-000000541753959	bsn-a001-00-000000013604308	00	02	684924	M	1	0	0	1	0
20260829	4291318	cmp-a001-02-000000010764328	grp-a001-02-000000069047580	단백질바	nad-a001-02-000000553654558	bsn-a001-00-000000013604308	00	02	8753	M	3	0	0	16	0
20260829	4291318	cmp-a001-02-000000010764328	grp-a001-02-000000069047580	쉐이크	nad-a001-02-000000553654562	bsn-a001-00-000000013604308	00	01	98128	M	1	0	0	1	0
20260829	4291318	cmp-a001-02-000000010764328	grp-a001-02-000000069047580	젤리	nad-a001-02-000000541753985	bsn-a001-00-000000013604308	00	09	137281	M	23	0	0	23	0
20260829	4291318	cmp-a001-02-000000010764328	grp-a001-02-000000069047580	사탕젤리	nad-a001-02-000000541753985	bsn-a001-00-000000013604308	00	09	87620	M	3	0	0	6	0
20260829	4291318	cmp-a001-02-000000010764328	grp-a001-02-000000069047580	젤리	nad-a001-02-000000541753985	bsn-a001-00-000000013604308	00	06	137281	M	7	0	0	7	0
20260829	4291318	cmp-a001-02-000000010764328	grp-a001-02-000000069047580	식사대용	nad-a001-02-000000553654562	bsn-a001-00-000000013604308	00	09	684926	M	1	0	0	4	0
20260829	4291318	cmp-a001-02-000000010764328	grp-a001-02-000000069047580	프로틴다이어트	nad-a001-02-000000553654562	bsn-a001-00-000000013604308	00	15	98128	M	1	0	0	2	0
20260829	4291318	cmp-a001-02-000000010764328	grp-a001-02-000000069047580	견과류	nad-a001-02-000000541753960	bsn-a001-00-000000013604308	00	10	8753	M	1	0	0	1	0
20260829	4291318	cmp-a001-02-000000010764328	grp-a001-02-000000069047580	단백질프로틴다이어트	nad-a001-02-000000553654562	bsn-a001-00-000000013604308	00	18	98128	M	1	0	0	2	0
20260829	4291318	cmp-a001-02-000000010764328	grp-a001-02-000000069047580	황성주생식	nad-a001-02-000000541754005	bsn-a001-00-000000013604308	00	09	8753	M	2	0	0	6	0
20260829	4291318	cmp-a001-02-000000010764328	grp-a001-02-000000069047580	하루	nad-a001-02-000000541753999	bsn-a001-00-000000013604308	00	18	137281	M	4	0	0	8	0
20260829	4291318	cmp-a001-02-000000010764328	grp-a001-02-000000069047580	단백질쉐이크	nad-a001-02-000000553654562	bsn-a001-00-000000013604308	00	07	529514	M	6	0	0	6	0
20260829	4291318	cmp-a001-02-000000010764328	grp-a001-02-000000069047580	견과세트	nad-a001-02-000000541753960	bsn-a001-00-000000013604308	00	06	768323	M	1	0	0	3	0
20260829	4291318	cmp-a001-02-000000010764328	grp-a001-02-000000069047580	견과류세트	nad-a001-02-000000541753960	bsn-a001-00-000000013604308	00	11	529514	M	2	0	0	8	0
20260829	4291318	cmp-a001-02-000000010764328	grp-a001-02-000000069047580	죽으면가루만드는곳	nad-a001-02-000000541753997	bsn-a001-00-000000013604308	00	09	8753	M	1	0	0	2	0
20260829	4291318	cmp-a001-02-000000010764328	grp-a001-02-000000069047580	견과류	nad-a001-02-000000541753960	bsn-a001-00-000000013604308	00	01	529514	M	3	0	0	9	0
20260829	4291318	cmp-a001-02-000000010764328	grp-a001-02-000000069047580	황성주생식	nad-a001-02-000000541754005	bsn-a001-00-000000013604308	00	06	8753	M	2	0	0	8	0
20260829	4291318	cmp-a001-02-000000010764328	grp-a001-02-000000069047580	단백질바	nad-a001-02-000000553654558	bsn-a001-00-000000013604308	00	18	8753	M	1	0	0	5	0
20260829	4291318	cmp-a001-02-000000010764328	grp-a001-02-000000069047580	젤리	nad-a001-02-000000541753985	bsn-a001-00-000000013604308	00	03	137281	M	4	0	0	4	0
20260829	4291318	cmp-a001-02-000000010764328	grp-a001-02-000000069047580	젤리	nad-a001-02-000000541753985	bsn-a001-00-000000013604308	00	08	8753	M	1	0	0	3	0
20260829	4291318	cmp-a001-02-000000010764328	grp-a001-02-000000069047580	프로틴	nad-a001-02-000000553654562	bsn-a001-00-000000013604308	00	09	529514	M	29	0	0	29	0
20260829	4291318	cmp-a001-02-000000010764328	grp-a001-02-000000069047580	단백질바	nad-a001-02-000000553654554	bsn-a001-00-000000013604308	00	02	8753	M	3	0	0	7	0
20260829	4291318	cmp-a001-02-000000010764328	grp-a001-02-000000069047580	쉐이크	nad-a001-02-000000553654562	bsn-a001-00-000000013604308	00	08	529514	M	1	0	0	1	0
20260829	4291318	cmp-a001-02-000000010764328	grp-a001-02-000000069047580	황성주생식	nad-a001-02-000000541754004	bsn-a001-00-000000013604308	00	09	684926	M	1	0	0	2	0
20260829	4291318	cmp-a001-02-000000010764328	grp-a001-02-000000069047580	하루견과	nad-a001-02-000000541753999	bsn-a001-00-000000013604308	00	11	529514	M	2	0	0	2	0
20260829	4291318	cmp-a001-02-000000010764328	grp-a001-02-000000069047580	견과류	nad-a001-02-000000541753999	bsn-a001-00-000000013604308	00	02	529514	M	22	0	0	22	0
20260829	4291318	cmp-a001-02-000000010764328	grp-a001-02-000000069047580	프로틴바	nad-a001-02-000000553654559	bsn-a001-00-000000013604308	00	09	529514	M	2	0	0	6	0
20260829	4291318	cmp-a001-02-000000010764328	grp-a001-02-000000069047580	견과류	nad-a001-02-000000541753999	bsn-a001-00-000000013604308	00	04	529514	M	5	0	0	5	0
20260829	4291318	cmp-a001-02-000000010764328	grp-a001-02-000000069047580	견과류	nad-a001-02-000000541753959	bsn-a001-00-000000013604308	00	08	529514	M	2	0	0	4	0
20260829	4291318	cmp-a001-02-000000010764328	grp-a001-02-000000069047580	프로틴식물성식사대용	nad-a001-02-000000553654562	bsn-a001-00-000000013604308	00	06	11068	P	1	0	0	6	0
20260829	4291318	cmp-a001-02-000000010764328	grp-a001-02-000000069047580	젤리	nad-a001-02-000000541753985	bsn-a001-00-000000013604308	00	11	768323	M	1	0	0	1	0
20260829	4291318	cmp-a001-02-000000010764328	grp-a001-02-000000069047580	젤리	nad-a001-02-000000541753985	bsn-a001-00-000000013604308	00	07	98128	M	4	0	0	4	0
20260829	4291318	cmp-a001-02-000000010764328	grp-a001-02-000000069047580	견과류	nad-a001-02-000000541753999	bsn-a001-00-000000013604308	00	14	529514	M	4	0	0	4	0
20260829	4291318	cmp-a001-02-000000010764328	grp-a001-02-000000069047580	프로틴바	nad-a001-02-000000553654558	bsn-a001-00-000000013604308	00	04	529514	M	2	0	0	2	0
20260829	4291318	cmp-a001-02-000000010764328	grp-a001-02-000000069047580	갓	nad-a001-02-000000541753960	bsn-a001-00-000000013604308	00	99	529514	M	13	0	0	27	0
20260829	4291318	cmp-a001-02-000000010764328	grp-a001-02-000000069047580	젤리	nad-a001-02-000000541753985	bsn-a001-00-000000013604308	00	08	529514	M	2	0	0	2	0
20260829	4291318	cmp-a001-02-000000010764328	grp-a001-02-000000069047580	황성주생식	nad-a001-02-000000541753997	bsn-a001-00-000000013604308	00	09	684926	M	1	0	0	3	0
20260829	4291318	cmp-a001-02-000000010764328	grp-a001-02-000000069047580	황성주생식라이프밀	nad-a001-02-000000541753996	bsn-a001-00-000000013604308	00	03	8753	M	1	0	0	3	0
20260829	4291318	cmp-a001-02-000000010764328	grp-a001-02-000000069047580	풍무역간식세트	nad-a001-02-000000541753959	bsn-a001-00-000000013604308	00	02	8753	M	1	0	0	1	0
20260829	4291318	cmp-a001-02-000000010764328	grp-a001-02-000000069047580	하루	nad-a001-02-000000541753960	bsn-a001-00-000000013604308	00	18	137281	M	2	0	0	4	0
20260829	4291318	cmp-a001-02-000000010764328	grp-a001-02-000000069047580	황성주생식라이프밀	nad-a001-02-000000541753997	bsn-a001-00-000000013604308	00	03	341893	M	1	0	0	1	0
20260829	4291318	cmp-a001-02-000000010764328	grp-a001-02-000000069047580	하루견과	nad-a001-02-000000541753999	bsn-a001-00-000000013604308	00	09	529514	M	2	0	0	2	0
20260829	4291318	cmp-a001-02-000000010764328	grp-a001-02-000000069047580	견과류	nad-a001-02-000000541753960	bsn-a001-00-000000013604308	00	02	8753	M	1	0	0	1	0
20260829	4291318	cmp-a001-02-000000010764328	grp-a001-02-000000069047580	프로틴	nad-a001-02-000000553654562	bsn-a001-00-000000013604308	00	04	768323	M	7	0	0	17	0
20260829	4291318	cmp-a001-02-000000010764328	grp-a001-02-000000069047580	하루	nad-a001-02-000000541753960	bsn-a001-00-000000013604308	00	09	137281	M	25	0	0	40	0
20260829	4291318	cmp-a001-02-000000010764328	grp-a001-02-000000069047580	견과류	nad-a001-02-000000541753959	bsn-a001-00-000000013604308	00	13	529514	M	1	0	0	2	0
20260829	4291318	cmp-a001-02-000000010764328	grp-a001-02-000000069047580	황성주생식	nad-a001-02-000000541753997	bsn-a001-00-000000013604308	00	02	8753	M	3	0	0	6	0
20260829	4291318	cmp-a001-02-000000010764328	grp-a001-02-000000069047580	견과류	nad-a001-02-000000541753959	bsn-a001-00-000000013604308	00	02	529514	M	22	0	0	44	0
20260829	4291318	cmp-a001-02-000000010764328	grp-a001-02-000000069047580	단백질바	nad-a001-02-000000553654558	bsn-a001-00-000000013604308	00	16	529514	M	2	0	0	4	0
20260829	4291318	cmp-a001-02-000000010764328	grp-a001-02-000000069047580	황성주생식	nad-a001-02-000000541754004	bsn-a001-00-000000013604308	00	02	8753	M	3	0	0	3	0
20260829	4291318	cmp-a001-02-000000010764328	grp-a001-02-000000069047580	하루견과	nad-a001-02-000000541753959	bsn-a001-00-000000013604308	00	02	633013	M	4	0	0	12	0
20260829	4291318	cmp-a001-02-000000010764328	grp-a001-02-000000069047580	견과류	nad-a001-02-000000541753960	bsn-a001-00-000000013604308	00	03	529514	M	4	0	0	12	0
20260829	4291318	cmp-a001-02-000000010764328	grp-a001-02-000000069047580	하루견과	nad-a001-02-000000541753999	bsn-a001-00-000000013604308	00	07	684927	P	1	0	0	1	0
20260829	4291318	cmp-a001-02-000000010764328	grp-a001-02-000000069047580	하루	nad-a001-02-000000553654562	bsn-a001-00-000000013604308	00	11	98128	M	1	0	0	3	0
20260829	4291318	cmp-a001-02-000000010764328	grp-a001-02-000000069047580	견과류	nad-a001-02-000000541753999	bsn-a001-00-000000013604308	00	02	684927	P	1	0	0	1	0
20260829	4291318	cmp-a001-02-000000010764328	grp-a001-02-000000069047580	하루	nad-a001-02-000000541753959	bsn-a001-00-000000013604308	00	09	137281	M	25	0	0	35	0
20260829	4291318	cmp-a001-02-000000010764328	grp-a001-02-000000069047580	단백질	nad-a001-02-000000553654562	bsn-a001-00-000000013604308	00	09	529514	M	1	0	0	1	0
20260829	4291318	cmp-a001-02-000000010764328	grp-a001-02-000000069047580	하루	nad-a001-02-000000541753960	bsn-a001-00-000000013604308	00	16	137281	M	4	0	0	8	0
20260829	4291318	cmp-a001-02-000000010764328	grp-a001-02-000000069047580	젤리	nad-a001-02-000000541753985	bsn-a001-00-000000013604308	00	16	137281	M	10	0	0	10	0
20260829	4291318	cmp-a001-02-000000010764328	grp-a001-02-000000069047580	김포간식포장	nad-a001-02-000000541753960	bsn-a001-00-000000013604308	00	02	8753	M	1	0	0	2	0
20260829	4291318	cmp-a001-02-000000010764328	grp-a001-02-000000069047580	견과류	nad-a001-02-000000541753960	bsn-a001-00-000000013604308	00	11	529514	M	4	0	0	12	0
20260829	4291318	cmp-a001-02-000000010764328	grp-a001-02-000000069047580	단백질쉐이크	nad-a001-02-000000553654562	bsn-a001-00-000000013604308	00	08	529514	M	3	0	0	3	0
20260829	4291318	cmp-a001-02-000000010764328	grp-a001-02-000000069047580	하루	nad-a001-02-000000541753959	bsn-a001-00-000000013604308	00	02	137281	M	16	0	0	16	0
20260829	4291318	cmp-a001-02-000000010764328	grp-a001-02-000000069047580	황성주생식	nad-a001-02-000000541754004	bsn-a001-00-000000013604308	00	02	633013	M	2	0	0	6	0
20260829	4291318	cmp-a001-02-000000010764328	grp-a001-02-000000069047580	프로틴	nad-a001-02-000000553654562	bsn-a001-00-000000013604308	00	08	529514	M	1	0	0	1	0
20260829	4291318	cmp-a001-02-000000010764328	grp-a001-02-000000069047580	가루	nad-a001-02-000000541754004	bsn-a001-00-000000013604308	00	09	98128	M	1	0	0	7	0
20260829	4291318	cmp-a001-02-000000010764328	grp-a001-02-000000069047580	칼로리바	nad-a001-02-000000553654554	bsn-a001-00-000000013604308	00	13	8753	M	1	0	0	1	0
20260829	4291318	cmp-a001-02-000000010764328	grp-a001-02-000000069047580	견과류	nad-a001-02-000000541753960	bsn-a001-00-000000013604308	00	18	8753	M	1	0	0	1	0
20260829	4291318	cmp-a001-02-000000010764328	grp-a001-02-000000069047580	견과류	nad-a001-02-000000541753959	bsn-a001-00-000000013604308	00	10	8753	M	1	0	0	4	0
20260829	4291318	cmp-a001-02-000000010764328	grp-a001-02-000000069047580	견과류	nad-a001-02-000000541753999	bsn-a001-00-000000013604308	00	08	529514	M	2	0	0	2	0
20260829	4291318	cmp-a001-02-000000010764328	grp-a001-02-000000069047580	고양시일산서구시니어전용단백질바	nad-a001-02-000000553654554	bsn-a001-00-000000013604308	00	02	8753	M	1	0	0	1	0
20260829	4291318	cmp-a001-02-000000010764328	grp-a001-02-000000069047580	견과류	nad-a001-02-000000541753960	bsn-a001-00-000000013604308	00	11	23123	P	2	0	0	4	0
20260829	4291318	cmp-a001-02-000000010764328	grp-a001-02-000000069047580	프로틴바	nad-a001-02-000000553654558	bsn-a001-00-000000013604308	00	09	98128	M	4	0	0	4	0
20260829	4291318	cmp-a001-02-000000010764328	grp-a001-02-000000069047580	프로틴바	nad-a001-02-000000553654554	bsn-a001-00-000000013604308	00	99	529514	M	4	0	0	4	0
20260829	4291318	cmp-a001-02-000000010764328	grp-a001-02-000000069047580	단백질바단백질비교	nad-a001-02-000000553654554	bsn-a001-00-000000013604308	00	02	684924	M	1	0	0	1	0
20260829	4291318	cmp-a001-02-000000010764328	grp-a001-02-000000069047580	단백질바	nad-a001-02-000000553654559	bsn-a001-00-000000013604308	00	09	612594	M	1	0	0	3	0
20260829	4291318	cmp-a001-02-000000010764328	grp-a001-02-000000069047580	황성주생식라이프밀	nad-a001-02-000000541753996	bsn-a001-00-000000013604308	00	03	684924	M	1	0	0	1	0
20260829	4291318	cmp-a001-02-000000010764328	grp-a001-02-000000069047580	견과류	nad-a001-02-000000541753999	bsn-a001-00-000000013604308	00	02	8753	M	1	0	0	4	0
20260829	4291318	cmp-a001-02-000000010764328	grp-a001-02-000000069047580	견과류추천	nad-a001-02-000000541753960	bsn-a001-00-000000013604308	00	03	8753	M	1	0	0	2	0
20260829	4291318	cmp-a001-02-000000010764328	grp-a001-02-000000069047580	프로틴쉐이크	nad-a001-02-000000553654562	bsn-a001-00-000000013604308	00	08	529514	M	2	0	0	2	0
20260829	4291318	cmp-a001-02-000000010764328	grp-a001-02-000000069047580	가루	nad-a001-02-000000541753996	bsn-a001-00-000000013604308	00	09	98128	M	1	0	0	6	0
20260829	4291318	cmp-a001-02-000000010764328	grp-a001-02-000000069047580	견과류	nad-a001-02-000000541753959	bsn-a001-00-000000013604308	00	04	529514	M	5	0	0	10	0
20260829	4291318	cmp-a001-02-000000010764328	grp-a001-02-000000069047580	프로틴바	nad-a001-02-000000553654554	bsn-a001-00-000000013604308	00	09	529514	M	2	0	0	2	0
20260829	4291318	cmp-a001-02-000000010764328	grp-a001-02-000000069047580	견과류	nad-a001-02-000000541753959	bsn-a001-00-000000013604308	00	06	529514	M	4	0	0	8	0
20260829	4291318	cmp-a001-02-000000010764328	grp-a001-02-000000069047580	에너지바	nad-a001-02-000000553654554	bsn-a001-00-000000013604308	00	08	8753	M	1	0	0	2	0
20260829	4291318	cmp-a001-02-000000010764328	grp-a001-02-000000069047580	계피가루	nad-a001-02-000000541753997	bsn-a001-00-000000013604308	00	04	341893	M	1	0	0	1	0
20260829	4291318	cmp-a001-02-000000010764328	grp-a001-02-000000069047580	견과세트	nad-a001-02-000000541753999	bsn-a001-00-000000013604308	00	02	768323	M	1	0	0	1	0
20260829	4291318	cmp-a001-02-000000010764328	grp-a001-02-000000069047580	프로틴	nad-a001-02-000000553654562	bsn-a001-00-000000013604308	00	03	768323	M	1	0	0	3	0
20260829	4291318	cmp-a001-02-000000010764328	grp-a001-02-000000069047580	하루	nad-a001-02-000000541753960	bsn-a001-00-000000013604308	00	99	137281	M	9	0	0	18	0
20260829	4291318	cmp-a001-02-000000010764328	grp-a001-02-000000069047580	쉐이크	nad-a001-02-000000553654562	bsn-a001-00-000000013604308	00	02	529514	M	7	0	0	7	0
20260829	4291318	cmp-a001-02-000000010764328	grp-a001-02-000000069047580	견과류추천	nad-a001-02-000000541753959	bsn-a001-00-000000013604308	00	18	684924	M	1	0	0	1	0
20260829	4291318	cmp-a001-02-000000010764328	grp-a001-02-000000069047580	에너지바	nad-a001-02-000000553654554	bsn-a001-00-000000013604308	00	02	8753	M	1	0	0	1	0
20260829	4291318	cmp-a001-02-000000010764328	grp-a001-02-000000069047580	단백질바	nad-a001-02-000000553654554	bsn-a001-00-000000013604308	00	02	529514	M	2	0	0	2	0
20260829	4291318	cmp-a001-02-000000010764328	grp-a001-02-000000069047580	견과류	nad-a001-02-000000541753999	bsn-a001-00-000000013604308	00	11	529514	M	6	0	0	6	0
20260829	4291318	cmp-a001-02-000000010764328	grp-a001-02-000000069047580	프로틴	nad-a001-02-000000553654562	bsn-a001-00-000000013604308	00	08	768323	M	2	0	0	4	0
20260829	4291318	cmp-a001-02-000000010764328	grp-a001-02-000000069047580	견과류	nad-a001-02-000000541753960	bsn-a001-00-000000013604308	00	99	8753	M	1	0	0	1	0
20260829	4291318	cmp-a001-02-000000010764328	grp-a001-02-000000069047580	단백질보충제	nad-a001-02-000000553654562	bsn-a001-00-000000013604308	00	09	341898	M	1	0	0	1	0
20260829	4291318	cmp-a001-02-000000010764328	grp-a001-02-000000069047580	에너지바	nad-a001-02-000000553654558	bsn-a001-00-000000013604308	00	02	33421	M	1	0	0	4	0
20260829	4291318	cmp-a001-02-000000010764328	grp-a001-02-000000069047580	황성주생식라이프밀	nad-a001-02-000000541754005	bsn-a001-00-000000013604308	00	03	8753	M	1	1	795	4	0
20260829	4291318	cmp-a001-02-000000010764328	grp-a001-02-000000069047580	견과류	nad-a001-02-000000541753999	bsn-a001-00-000000013604308	00	09	529514	M	39	0	0	40	0
20260829	4291318	cmp-a001-02-000000010764328	grp-a001-02-000000069047580	견과세트	nad-a001-02-000000541753959	bsn-a001-00-000000013604308	00	06	768323	M	1	0	0	2	0
20260829	4291318	cmp-a001-02-000000010764328	grp-a001-02-000000069047580	하루견과	nad-a001-02-000000541753959	bsn-a001-00-000000013604308	00	08	87620	M	1	0	0	2	0
20260829	4291318	cmp-a001-02-000000010764328	grp-a001-02-000000069047580	황성주생식	nad-a001-02-000000541753996	bsn-a001-00-000000013604308	00	09	8753	M	2	1	2211	8	0
20260829	4291318	cmp-a001-02-000000010764328	grp-a001-02-000000069047580	견과세트	nad-a001-02-000000541753999	bsn-a001-00-000000013604308	00	18	768323	M	2	0	0	2	0
20260829	4291318	cmp-a001-02-000000010764328	grp-a001-02-000000069047580	견과류추천	nad-a001-02-000000541753999	bsn-a001-00-000000013604308	00	18	8753	M	1	0	0	4	0
20260829	4291318	cmp-a001-02-000000010764328	grp-a001-02-000000069047580	단백질쉐이크	nad-a001-02-000000553654562	bsn-a001-00-000000013604308	00	09	612594	M	1	0	0	2	0
20260829	4291318	cmp-a001-02-000000010764328	grp-a001-02-000000069047580	황성주생식	nad-a001-02-000000541753997	bsn-a001-00-000000013604308	00	09	8753	M	2	0	0	4	0
20260829	4291318	cmp-a001-02-000000010764328	grp-a001-02-000000069047580	견과류	nad-a001-02-000000541753959	bsn-a001-00-000000013604308	00	16	529514	M	1	0	0	2	0
20260829	4291318	cmp-a001-02-000000010764328	grp-a001-02-000000069047580	황성주생식라이프밀	nad-a001-02-000000541754004	bsn-a001-00-000000013604308	00	03	8753	M	1	0	0	2	0
20260829	4291318	cmp-a001-02-000000010764328	grp-a001-02-000000069047580	하루견과	nad-a001-02-000000541753959	bsn-a001-00-000000013604308	00	11	529514	M	2	0	0	4	0
20260829	4291318	cmp-a001-02-000000010764328	grp-a001-02-000000069047580	단백질바단백질비교	nad-a001-02-000000553654554	bsn-a001-00-000000013604308	00	02	8753	M	1	0	0	1	0
20260829	4291318	cmp-a001-02-000000010764328	grp-a001-02-000000069047580	하루견과	nad-a001-02-000000541753999	bsn-a001-00-000000013604308	00	02	633013	M	4	0	0	4	0
20260829	4291318	cmp-a001-02-000000010764328	grp-a001-02-000000069047580	견과류	nad-a001-02-000000541753999	bsn-a001-00-000000013604308	00	06	529514	M	4	0	0	4	0
20260829	4291318	cmp-a001-02-000000010764328	grp-a001-02-000000069047580	견과류	nad-a001-02-000000541753959	bsn-a001-00-000000013604308	00	18	529514	M	10	0	0	20	0
20260829	4291318	cmp-a001-02-000000010764328	grp-a001-02-000000069047580	젤리	nad-a001-02-000000541753985	bsn-a001-00-000000013604308	00	03	768323	M	2	1	1221	2	0
20260829	4291318	cmp-a001-02-000000010764328	grp-a001-02-000000069047580	프로틴바	nad-a001-02-000000553654558	bsn-a001-00-000000013604308	00	02	529514	M	4	0	0	4	0
20260829	4291318	cmp-a001-02-000000010764328	grp-a001-02-000000069047580	하루견과	nad-a001-02-000000541753959	bsn-a001-00-000000013604308	00	07	684927	P	1	0	0	4	0
20260829	4291318	cmp-a001-02-000000010764328	grp-a001-02-000000069047580	하루견과	nad-a001-02-000000541753959	bsn-a001-00-000000013604308	00	17	529514	M	12	0	0	29	0
20260829	4291318	cmp-a001-02-000000010764328	grp-a001-02-000000069047580	견과류보관방법	nad-a001-02-000000541753960	bsn-a001-00-000000013604308	00	09	8753	M	1	0	0	2	0
20260829	4291318	cmp-a001-02-000000010764328	grp-a001-02-000000069047580	견과류	nad-a001-02-000000541753999	bsn-a001-00-000000013604308	00	13	529514	M	1	0	0	1	0
20260829	4291318	cmp-a001-02-000000010764328	grp-a001-02-000000069047580	젤리	nad-a001-02-000000541753985	bsn-a001-00-000000013604308	00	18	768323	M	1	0	0	1	0
20260829	4291318	cmp-a001-02-000000010764328	grp-a001-02-000000069047580	하루	nad-a001-02-000000541753999	bsn-a001-00-000000013604308	00	06	137281	M	5	0	0	10	0
20260829	4291318	cmp-a001-02-000000010764328	grp-a001-02-000000069047580	견과세트	nad-a001-02-000000541753959	bsn-a001-00-000000013604308	00	09	768323	M	2	0	0	4	0
20260829	4291318	cmp-a001-02-000000010764328	grp-a001-02-000000069047580	로우슈가랩프로틴	nad-a001-02-000000553654562	bsn-a001-00-000000013604308	00	11	341893	M	1	0	0	2	0
20260829	4291318	cmp-a001-02-000000010764328	grp-a001-02-000000069047580	견과류	nad-a001-02-000000541753959	bsn-a001-00-000000013604308	00	15	684926	M	1	0	0	5	0
20260829	4291318	cmp-a001-02-000000010764328	grp-a001-02-000000069047580	갓	nad-a001-02-000000541753960	bsn-a001-00-000000013604308	00	09	529514	M	11	0	0	22	0
20260829	4291318	cmp-a001-02-000000010764328	grp-a001-02-000000069047580	하루	nad-a001-02-000000541753999	bsn-a001-00-000000013604308	00	99	137281	M	8	0	0	16	0
20260829	4291318	cmp-a001-02-000000010764328	grp-a001-02-000000069047580	젤리	nad-a001-02-000000541753985	bsn-a001-00-000000013604308	00	11	8753	M	1	0	0	4	0
20260829	4291318	cmp-a001-02-000000010764328	grp-a001-02-000000069047580	견과류	nad-a001-02-000000541753999	bsn-a001-00-000000013604308	00	11	23123	P	2	0	0	2	0
20260829	4291318	cmp-a001-02-000000010764328	grp-a001-02-000000069047580	단백질바	nad-a001-02-000000553654558	bsn-a001-00-000000013604308	00	02	529514	M	2	0	0	4	0
20260829	4291318	cmp-a001-02-000000010764328	grp-a001-02-000000069047580	단백질바	nad-a001-02-000000553654558	bsn-a001-00-000000013604308	00	18	33421	M	3	0	0	14	0
20260829	4291318	cmp-a001-02-000000010764328	grp-a001-02-000000069047580	하루견과	nad-a001-02-000000541753999	bsn-a001-00-000000013604308	00	02	529514	M	4	0	0	4	0
20260829	4291318	cmp-a001-02-000000010764328	grp-a001-02-000000069047580	단백질보충제	nad-a001-02-000000553654562	bsn-a001-00-000000013604308	00	99	529514	M	3	0	0	3	0
20260829	4291318	cmp-a001-02-000000010764328	grp-a001-02-000000069047580	단백질쉐이크	nad-a001-02-000000553654562	bsn-a001-00-000000013604308	00	00	23123	P	1	0	0	2	0
20260829	4291318	cmp-a001-02-000000010764328	grp-a001-02-000000069047580	황성주생식	nad-a001-02-000000541753988	bsn-a001-00-000000013604308	00	09	684926	M	1	0	0	5	0
20260829	4291318	cmp-a001-02-000000010764328	grp-a001-02-000000069047580	견과세트	nad-a001-02-000000541753999	bsn-a001-00-000000013604308	00	06	768323	M	1	0	0	1	0
20260829	4291318	cmp-a001-02-000000010764328	grp-a001-02-000000069047580	단백질간식	nad-a001-02-000000553654558	bsn-a001-00-000000013604308	00	13	684926	M	2	0	0	4	0
20260829	4291318	cmp-a001-02-000000010764328	grp-a001-02-000000069047580	견과류	nad-a001-02-000000541753999	bsn-a001-00-000000013604308	00	99	8753	M	1	0	0	3	0
20260829	4291318	cmp-a001-02-000000010764328	grp-a001-02-000000069047580	단백질보충제	nad-a001-02-000000553654562	bsn-a001-00-000000013604308	00	02	529514	M	2	0	0	2	0
20260829	4291318	cmp-a001-02-000000010764328	grp-a001-02-000000069047580	하루견과	nad-a001-02-000000541753959	bsn-a001-00-000000013604308	00	09	529514	M	2	0	0	4	0
20260829	4291318	cmp-a001-02-000000010764328	grp-a001-02-000000069047580	단백질바	nad-a001-02-000000553654554	bsn-a001-00-000000013604308	00	09	798056	M	1	0	0	1	0
20260829	4291318	cmp-a001-02-000000010764328	grp-a001-02-000000069047580	단백질보충제	nad-a001-02-000000553654562	bsn-a001-00-000000013604308	00	02	341898	M	1	0	0	3	0
20260829	4291318	cmp-a001-02-000000010764328	grp-a001-02-000000069047580	통풍단백질바	nad-a001-02-000000553654558	bsn-a001-00-000000013604308	00	06	8753	M	1	0	0	2	0
20260829	4291318	cmp-a001-02-000000010764328	grp-a001-02-000000069047580	견과류	nad-a001-02-000000541753999	bsn-a001-00-000000013604308	00	18	8753	M	1	0	0	3	0
20260829	4291318	cmp-a001-02-000000010764328	grp-a001-02-000000069047580	견과류추천	nad-a001-02-000000541753960	bsn-a001-00-000000013604308	00	18	8753	M	1	0	0	2	0
20260829	4291318	cmp-a001-02-000000010764328	grp-a001-02-000000069047580	견과류	nad-a001-02-000000541753999	bsn-a001-00-000000013604308	00	15	529514	M	6	0	0	6	0
20260829	4291318	cmp-a001-02-000000010764328	grp-a001-02-000000069047580	견과류세트	nad-a001-02-000000541753999	bsn-a001-00-000000013604308	00	11	529514	M	2	0	0	4	0
20260829	4291318	cmp-a001-02-000000010764328	grp-a001-02-000000069047580	견과류	nad-a001-02-000000541753960	bsn-a001-00-000000013604308	00	15	529514	M	5	0	0	15	0
20260829	4291318	cmp-a001-02-000000010764328	grp-a001-02-000000069047580	견과류보관방법	nad-a001-02-000000541753959	bsn-a001-00-000000013604308	00	09	8753	M	1	0	0	1	0
20260829	4291318	cmp-a001-02-000000010764328	grp-a001-02-000000069047580	젤리	nad-a001-02-000000541753985	bsn-a001-00-000000013604308	00	02	87620	M	1	0	0	1	0
20260829	4291318	cmp-a001-02-000000010764328	grp-a001-02-000000069047580	젤리	nad-a001-02-000000541753985	bsn-a001-00-000000013604308	00	02	529514	M	5	0	0	5	0
20260829	4291318	cmp-a001-02-000000010764328	grp-a001-02-000000069047580	단백질바	nad-a001-02-000000553654554	bsn-a001-00-000000013604308	00	18	33421	M	3	0	0	8	0
20260829	4291318	cmp-a001-02-000000010764328	grp-a001-02-000000069047580	단백질간식	nad-a001-02-000000553654559	bsn-a001-00-000000013604308	00	13	684926	M	2	0	0	12	0
20260829	4291318	cmp-a001-02-000000010764328	grp-a001-02-000000069047580	견과류	nad-a001-02-000000541753959	bsn-a001-00-000000013604308	00	14	529514	M	4	0	0	8	0
20260829	4291318	cmp-a001-02-000000010764328	grp-a001-02-000000069047580	젤리	nad-a001-02-000000541753985	bsn-a001-00-000000013604308	00	08	33421	M	2	0	0	9	0
20260829	4291318	cmp-a001-02-000000010764328	grp-a001-02-000000069047580	황성주생식	nad-a001-02-000000541753996	bsn-a001-00-000000013604308	00	09	684926	M	1	0	0	1	0
20260829	4291318	cmp-a001-02-000000010764328	grp-a001-02-000000069047580	아침대용단백질	nad-a001-02-000000553654562	bsn-a001-00-000000013604308	00	09	341898	M	1	1	3536	4	0
20260829	4291318	cmp-a001-02-000000010764328	grp-a001-02-000000069047580	단백질간식	nad-a001-02-000000553654554	bsn-a001-00-000000013604308	00	09	8753	M	1	0	0	1	0
20260829	4291318	cmp-a001-02-000000010764328	grp-a001-02-000000069047580	다이어트쉐이크	nad-a001-02-000000553654562	bsn-a001-00-000000013604308	00	15	529514	M	2	0	0	2	0
20260829	4291318	cmp-a001-02-000000010764328	grp-a001-02-000000069047580	프로틴	nad-a001-02-000000553654562	bsn-a001-00-000000013604308	00	16	529514	M	5	0	0	5	0
20260829	4291318	cmp-a001-02-000000010764328	grp-a001-02-000000069047580	단백질쉐이크	nad-a001-02-000000553654562	bsn-a001-00-000000013604308	00	17	8753	M	1	0	0	15	0
20260829	4291318	cmp-a001-02-000000010764328	grp-a001-02-000000069047580	견과류	nad-a001-02-000000541753959	bsn-a001-00-000000013604308	00	99	8753	M	1	0	0	2	0
20260829	4291318	cmp-a001-02-000000010764328	grp-a001-02-000000069047580	프로틴	nad-a001-02-000000553654562	bsn-a001-00-000000013604308	00	09	768323	M	9	0	0	22	0
20260829	4291318	cmp-a001-02-000000010764328	grp-a001-02-000000069047580	프로틴	nad-a001-02-000000553654562	bsn-a001-00-000000013604308	00	15	529514	M	5	0	0	5	0
20260829	4291318	cmp-a001-02-000000010764328	grp-a001-02-000000069047580	견과류	nad-a001-02-000000541753999	bsn-a001-00-000000013604308	00	10	529514	M	3	0	0	3	0
20260829	4291318	cmp-a001-02-000000010764328	grp-a001-02-000000069047580	젤리	nad-a001-02-000000541753985	bsn-a001-00-000000013604308	00	15	768323	M	1	0	0	1	0
20260829	4291318	cmp-a001-02-000000010764328	grp-a001-02-000000069047580	단백질바	nad-a001-02-000000553654554	bsn-a001-00-000000013604308	00	09	612594	M	1	0	0	1	0
20260829	4291318	cmp-a001-02-000000010764328	grp-a001-02-000000069047580	하루견과	nad-a001-02-000000541753999	bsn-a001-00-000000013604308	00	09	684926	M	1	0	0	4	0
20260829	4291318	cmp-a001-02-000000010764328	grp-a001-02-000000069047580	칼로리바	nad-a001-02-000000553654554	bsn-a001-00-000000013604308	00	13	684924	M	1	0	0	1	0
20260829	4291318	cmp-a001-02-000000010764328	grp-a001-02-000000069047580	황성주생식	nad-a001-02-000000541754004	bsn-a001-00-000000013604308	00	09	684924	M	1	0	0	1	0
20260829	4291318	cmp-a001-02-000000010764328	grp-a001-02-000000069047580	견과류	nad-a001-02-000000541753959	bsn-a001-00-000000013604308	00	18	8753	M	1	0	0	4	0
20260829	4291318	cmp-a001-02-000000010764328	grp-a001-02-000000069047580	갓	nad-a001-02-000000541753959	bsn-a001-00-000000013604308	00	99	529514	M	13	0	0	35	0
20260829	4291318	cmp-a001-02-000000010764328	grp-a001-02-000000069047580	에너지바	nad-a001-02-000000553654554	bsn-a001-00-000000013604308	00	02	33421	M	1	0	0	1	0
20260829	4291318	cmp-a001-02-000000010764328	grp-a001-02-000000069047580	견과류	nad-a001-02-000000541753999	bsn-a001-00-000000013604308	00	16	8753	M	1	0	0	3	0
20260829	4291318	cmp-a001-02-000000010764328	grp-a001-02-000000069047580	견과류	nad-a001-02-000000541753960	bsn-a001-00-000000013604308	00	00	529514	M	1	0	0	3	0
20260829	4291318	cmp-a001-02-000000010764328	grp-a001-02-000000069047580	하루	nad-a001-02-000000541753999	bsn-a001-00-000000013604308	00	11	98128	M	2	0	0	2	0
20260829	4291318	cmp-a001-02-000000010764328	grp-a001-02-000000069047580	젤리	nad-a001-02-000000541753985	bsn-a001-00-000000013604308	00	08	768323	M	1	0	0	1	0
20260829	4291318	cmp-a001-02-000000010764328	grp-a001-02-000000069047580	젤리	nad-a001-02-000000541753985	bsn-a001-00-000000013604308	00	06	98128	M	2	0	0	2	0
20260829	4291318	cmp-a001-02-000000010764328	grp-a001-02-000000069047580	하루견과	nad-a001-02-000000541753960	bsn-a001-00-000000013604308	00	02	633013	M	4	0	0	8	0
20260829	4291318	cmp-a001-02-000000010764328	grp-a001-02-000000069047580	김포간식포장	nad-a001-02-000000541753999	bsn-a001-00-000000013604308	00	02	8753	M	1	0	0	3	0
20260829	4291318	cmp-a001-02-000000010764328	grp-a001-02-000000069047580	다이어트단백질	nad-a001-02-000000553654562	bsn-a001-00-000000013604308	00	18	98128	M	1	0	0	2	0
20260829	4291318	cmp-a001-02-000000010764328	grp-a001-02-000000069047580	단백질쉐이크	nad-a001-02-000000553654562	bsn-a001-00-000000013604308	00	02	684926	M	1	0	0	9	0
20260829	4291318	cmp-a001-02-000000010764328	grp-a001-02-000000069047580	에너지바	nad-a001-02-000000553654558	bsn-a001-00-000000013604308	00	02	8753	M	1	0	0	3	0
20260829	4291318	cmp-a001-02-000000010764328	grp-a001-02-000000069047580	단백질쉐이크	nad-a001-02-000000553654562	bsn-a001-00-000000013604308	00	13	529514	M	2	0	0	2	0
20260829	4291318	cmp-a001-02-000000010764328	grp-a001-02-000000069047580	올넛츠메이플	nad-a001-02-000000541753960	bsn-a001-00-000000013604308	00	14	341898	M	1	0	0	1	0
20260829	4291318	cmp-a001-02-000000010764328	grp-a001-02-000000069047580	단백질바	nad-a001-02-000000553654554	bsn-a001-00-000000013604308	00	16	529514	M	2	0	0	2	0
20260829	4291318	cmp-a001-02-000000010764328	grp-a001-02-000000069047580	하루	nad-a001-02-000000541753959	bsn-a001-00-000000013604308	00	99	137281	M	17	0	0	17	0
20260829	4291318	cmp-a001-02-000000010764328	grp-a001-02-000000069047580	단백질바	nad-a001-02-000000553654559	bsn-a001-00-000000013604308	00	02	529514	M	2	0	0	6	0
20260829	4291318	cmp-a001-02-000000010764328	grp-a001-02-000000069047580	하루	nad-a001-02-000000541753959	bsn-a001-00-000000013604308	00	06	137281	M	5	0	0	5	0
20260829	4291318	cmp-a001-02-000000010764328	grp-a001-02-000000069047580	단백질쉐이크	nad-a001-02-000000553654562	bsn-a001-00-000000013604308	00	04	529514	M	2	0	0	2	0
20260829	4291318	cmp-a001-02-000000010764328	grp-a001-02-000000069047580	균형영양식	nad-a001-02-000000541753965	bsn-a001-00-000000013604308	00	09	529514	M	4	0	0	14	0
20260829	4291318	cmp-a001-02-000000010764328	grp-a001-02-000000069047580	견과류	nad-a001-02-000000541753999	bsn-a001-00-000000013604308	00	00	529514	M	2	0	0	2	0
20260829	4291318	cmp-a001-02-000000010764328	grp-a001-02-000000069047580	견과류세트	nad-a001-02-000000541753959	bsn-a001-00-000000013604308	00	11	529514	M	2	0	0	3	0
20260829	4291318	cmp-a001-02-000000010764328	grp-a001-02-000000069047580	프로틴	nad-a001-02-000000553654562	bsn-a001-00-000000013604308	00	11	768323	M	3	0	0	7	0
20260829	4291318	cmp-a001-02-000000010764328	grp-a001-02-000000069047580	하루견과	nad-a001-02-000000541753959	bsn-a001-00-000000013604308	00	02	529514	M	4	0	0	8	0
20260829	4291318	cmp-a001-02-000000010764328	grp-a001-02-000000069047580	쉐이크	nad-a001-02-000000553654562	bsn-a001-00-000000013604308	00	03	529514	M	2	0	0	4	0
20260829	4291318	cmp-a001-02-000000010764328	grp-a001-02-000000069047580	견과류	nad-a001-02-000000541753960	bsn-a001-00-000000013604308	00	18	529514	M	6	0	0	18	0
20260829	4291318	cmp-a001-02-000000010764328	grp-a001-02-000000069047580	황성주생식	nad-a001-02-000000541753996	bsn-a001-00-000000013604308	00	02	633013	M	2	0	0	4	0
20260829	4291318	cmp-a001-02-000000010764328	grp-a001-02-000000069047580	단백질스낵혈당	nad-a001-02-000000553654558	bsn-a001-00-000000013604308	00	08	8753	M	1	0	0	3	0
20260829	4291318	cmp-a001-02-000000010764328	grp-a001-02-000000069047580	단백질바	nad-a001-02-000000553654558	bsn-a001-00-000000013604308	00	09	612594	M	1	0	0	2	0
20260829	4291318	cmp-a001-02-000000010764328	grp-a001-02-000000069047580	갓	nad-a001-02-000000541753959	bsn-a001-00-000000013604308	00	09	529514	M	20	0	0	49	0
20260829	4291318	cmp-a001-02-000000010764328	grp-a001-02-000000069047580	황성주생식	nad-a001-02-000000541754004	bsn-a001-00-000000013604308	00	06	8753	M	2	0	0	4	0
20260829	4291318	cmp-a001-02-000000010764328	grp-a001-02-000000069047580	젤리	nad-a001-02-000000541753985	bsn-a001-00-000000013604308	00	09	768323	M	2	0	0	2	0
20260829	4291318	cmp-a001-02-000000010764328	grp-a001-02-000000069047580	견과류	nad-a001-02-000000541753999	bsn-a001-00-000000013604308	00	16	529514	M	1	0	0	1	0
20260829	4291318	cmp-a001-02-000000010764328	grp-a001-02-000000069047580	견과류	nad-a001-02-000000541753959	bsn-a001-00-000000013604308	00	99	529514	M	16	0	0	32	0
20260829	4291318	cmp-a001-02-000000010764328	grp-a001-02-000000069047580	프로틴	nad-a001-02-000000553654562	bsn-a001-00-000000013604308	00	06	768323	M	2	0	0	4	0
20260829	4291318	cmp-a001-02-000000010764328	grp-a001-02-000000069047580	단백질바	nad-a001-02-000000553654559	bsn-a001-00-000000013604308	00	18	33421	M	1	0	0	20	0
20260829	4291318	cmp-a001-02-000000010764328	grp-a001-02-000000069047580	황성주생식	nad-a001-02-000000541753997	bsn-a001-00-000000013604308	00	06	8753	M	2	0	0	2	0
20260829	4291318	cmp-a001-02-000000010764328	grp-a001-02-000000069047580	칼로바이밸런스	nad-a001-02-000000553654562	bsn-a001-00-000000013604308	00	03	370822	P	1	0	0	1	0
20260829	4291318	cmp-a001-02-000000010764328	grp-a001-02-000000069047580	이너프룻	nad-a001-02-000000541753985	bsn-a001-00-000000013604308	00	02	684924	M	1	0	0	1	0
20260829	4291318	cmp-a001-02-000000010764328	grp-a001-02-000000069047580	황성주생식	nad-a001-02-000000541754005	bsn-a001-00-000000013604308	00	09	684926	M	1	0	0	4	0
20260829	4291318	cmp-a001-02-000000010764328	grp-a001-02-000000069047580	단백질바	nad-a001-02-000000553654558	bsn-a001-00-000000013604308	00	06	8753	M	1	0	0	5	0
20260829	4291318	cmp-a001-02-000000010764328	grp-a001-02-000000069047580	견과류	nad-a001-02-000000541753999	bsn-a001-00-000000013604308	00	15	684926	M	1	0	0	2	0
20260829	4291318	cmp-a001-02-000000010764328	grp-a001-02-000000069047580	프로틴	nad-a001-02-000000553654562	bsn-a001-00-000000013604308	00	06	529514	M	4	0	0	4	0
20260829	4291318	cmp-a001-02-000000010764328	grp-a001-02-000000069047580	프로틴바	nad-a001-02-000000553654559	bsn-a001-00-000000013604308	00	99	529514	M	4	0	0	12	0
20260829	4291318	cmp-a001-02-000000010764328	grp-a001-02-000000069047580	이너프룻	nad-a001-02-000000541753985	bsn-a001-00-000000013604308	00	02	8753	M	1	0	0	1	0
20260829	4291318	cmp-a001-02-000000010764328	grp-a001-02-000000069047580	하루견과	nad-a001-02-000000541753999	bsn-a001-00-000000013604308	00	07	11068	P	2	0	0	2	0
20260829	4291318	cmp-a001-02-000000010764328	grp-a001-02-000000069047580	황성주생식	nad-a001-02-000000541753996	bsn-a001-00-000000013604308	00	02	8753	M	3	0	0	10	0
20260829	4291318	cmp-a001-02-000000010764328	grp-a001-02-000000069047580	견과류	nad-a001-02-000000541753959	bsn-a001-00-000000013604308	00	11	529514	M	6	0	0	12	0
20260829	4291318	cmp-a001-02-000000010764328	grp-a001-02-000000069047580	견과류	nad-a001-02-000000541753999	bsn-a001-00-000000013604308	00	07	529514	M	3	0	0	3	0
20260829	4291318	cmp-a001-02-000000010764328	grp-a001-02-000000069047580	프로틴	nad-a001-02-000000553654562	bsn-a001-00-000000013604308	00	18	529514	M	18	0	0	18	0
20260829	4291318	cmp-a001-02-000000010764328	grp-a001-02-000000069047580	견과	nad-a001-02-000000541753999	bsn-a001-00-000000013604308	00	02	529514	M	8	0	0	11	0
20260829	4291318	cmp-a001-02-000000010764328	grp-a001-02-000000069047580	견과류	nad-a001-02-000000541753999	bsn-a001-00-000000013604308	00	10	8753	M	1	0	0	3	0
20260829	4291318	cmp-a001-02-000000010764328	grp-a001-02-000000069047580	견과류	nad-a001-02-000000541753959	bsn-a001-00-000000013604308	00	10	529514	M	3	0	0	6	0
20260829	4291318	cmp-a001-02-000000010764328	grp-a001-02-000000069047580	단백질쉐이크	nad-a001-02-000000553654562	bsn-a001-00-000000013604308	00	18	8753	M	1	0	0	15	0
20260829	4291318	cmp-a001-02-000000010764328	grp-a001-02-000000069047580	견과류	nad-a001-02-000000541753960	bsn-a001-00-000000013604308	00	16	529514	M	1	0	0	3	0
20260829	4291318	cmp-a001-02-000000010764328	grp-a001-02-000000069047580	김포간식포장	nad-a001-02-000000541753959	bsn-a001-00-000000013604308	00	02	8753	M	1	0	0	1	0
20260829	4291318	cmp-a001-02-000000010764328	grp-a001-02-000000069047580	견과류	nad-a001-02-000000541753959	bsn-a001-00-000000013604308	00	02	684927	P	1	0	0	3	0
20260829	4291318	cmp-a001-02-000000010764328	grp-a001-02-000000069047580	황성주생식	nad-a001-02-000000541753996	bsn-a001-00-000000013604308	00	06	8753	M	2	0	0	6	0
20260829	4291318	cmp-a001-02-000000010764328	grp-a001-02-000000069047580	하루	nad-a001-02-000000541753959	bsn-a001-00-000000013604308	00	11	98128	M	1	0	0	2	0
20260829	4291318	cmp-a001-02-000000010764328	grp-a001-02-000000069047580	칼로리바	nad-a001-02-000000553654558	bsn-a001-00-000000013604308	00	13	8753	M	1	0	0	2	0
20260829	4291318	cmp-a001-02-000000010764328	grp-a001-02-000000069047580	하루	nad-a001-02-000000541753959	bsn-a001-00-000000013604308	00	18	137281	M	6	0	0	6	0
20260829	4291318	cmp-a001-02-000000010764328	grp-a001-02-000000069047580	죽으면가루만드는곳	nad-a001-02-000000541753996	bsn-a001-00-000000013604308	00	09	8753	M	1	0	0	3	0
20260829	4291318	cmp-a001-02-000000010764328	grp-a001-02-000000069047580	단백질간식	nad-a001-02-000000553654558	bsn-a001-00-000000013604308	00	09	8753	M	1	0	0	3	0
20260829	4291318	cmp-a001-02-000000010764328	grp-a001-02-000000069047580	단백질바	nad-a001-02-000000553654554	bsn-a001-00-000000013604308	00	18	8753	M	1	0	0	3	0
20260829	4291318	cmp-a001-02-000000010764328	grp-a001-02-000000069047580	견과류	nad-a001-02-000000541753960	bsn-a001-00-000000013604308	00	04	529514	M	3	0	0	9	0
20260829	4291318	cmp-a001-02-000000010764328	grp-a001-02-000000069047580	단백질바	nad-a001-02-000000553654554	bsn-a001-00-000000013604308	00	04	8753	M	1	0	0	4	0
20260829	4291318	cmp-a001-02-000000010764328	grp-a001-02-000000069047580	단백질보충제	nad-a001-02-000000553654562	bsn-a001-00-000000013604308	00	18	529514	M	2	0	0	2	0
20260829	4291318	cmp-a001-02-000000010764328	grp-a001-02-000000069047580	단백질바	nad-a001-02-000000553654559	bsn-a001-00-000000013604308	00	02	684926	M	2	0	0	20	0
20260829	4291318	cmp-a001-02-000000010764328	grp-a001-02-000000069047580	하루견과	nad-a001-02-000000541753999	bsn-a001-00-000000013604308	00	17	529514	M	12	0	0	12	0
20260829	4291318	cmp-a001-02-000000010764328	grp-a001-02-000000069047580	견과류	nad-a001-02-000000541753959	bsn-a001-00-000000013604308	00	07	529514	M	3	0	0	6	0
20260829	4291318	cmp-a001-02-000000010764328	grp-a001-02-000000069047580	갓	nad-a001-02-000000541753999	bsn-a001-00-000000013604308	00	99	529514	M	13	0	0	16	0
20260829	4291318	cmp-a001-02-000000010764328	grp-a001-02-000000069047580	칼슘보충제	nad-a001-02-000000553654562	bsn-a001-00-000000013604308	00	02	8753	M	1	0	0	5	0
20260829	4291318	cmp-a001-02-000000010764328	grp-a001-02-000000069047580	황성주생식라이프밀	nad-a001-02-000000541753997	bsn-a001-00-000000013604308	00	03	8753	M	1	0	0	1	0
20260829	4291318	cmp-a001-02-000000010764328	grp-a001-02-000000069047580	황성주생식	nad-a001-02-000000541753997	bsn-a001-00-000000013604308	00	02	633013	M	2	0	0	2	0
20260829	4291318	cmp-a001-02-000000010764328	grp-a001-02-000000069047580	젤리	nad-a001-02-000000541753985	bsn-a001-00-000000013604308	00	02	98128	M	2	0	0	2	0
20260829	4291318	cmp-a001-02-000000010764328	grp-a001-02-000000069047580	하루견과	nad-a001-02-000000541753999	bsn-a001-00-000000013604308	00	08	87620	M	1	0	0	1	0
20260829	4291318	cmp-a001-02-000000010764328	grp-a001-02-000000069047580	젤리	nad-a001-02-000000541753985	bsn-a001-00-000000013604308	00	09	98128	M	4	0	0	4	0
20260829	4291318	cmp-a001-02-000000010764328	grp-a001-02-000000069047580	견과	nad-a001-02-000000541753959	bsn-a001-00-000000013604308	00	02	529514	M	8	0	0	13	0
20260829	4291318	cmp-a001-02-000000010764328	grp-a001-02-000000069047580	견과류	nad-a001-02-000000541753999	bsn-a001-00-000000013604308	00	18	529514	M	10	0	0	10	0
20260829	4291318	cmp-a001-02-000000010764328	grp-a001-02-000000069047580	프로틴바	nad-a001-02-000000553654558	bsn-a001-00-000000013604308	00	99	529514	M	4	0	0	8	0
20260829	4291318	cmp-a001-02-000000010764328	grp-a001-02-000000069047580	에너지바	nad-a001-02-000000553654558	bsn-a001-00-000000013604308	00	08	8753	M	1	0	0	5	0
20260829	4291318	cmp-a001-02-000000010764328	grp-a001-02-000000069047580	견과류추천	nad-a001-02-000000541753959	bsn-a001-00-000000013604308	00	03	8753	M	1	0	0	3	0
20260829	4291318	cmp-a001-02-000000010764328	grp-a001-02-000000069047580	식사대용선식	nad-a001-02-000000541753997	bsn-a001-00-000000013604308	00	99	341893	M	1	0	0	2	0
20260829	4291318	cmp-a001-02-000000010764328	grp-a001-02-000000069047580	견과류보관방법	nad-a001-02-000000541753960	bsn-a001-00-000000013604308	00	09	684924	M	1	0	0	1	0
20260829	4291318	cmp-a001-02-000000010764328	grp-a001-02-000000069047580	황성주생식	nad-a001-02-000000541754004	bsn-a001-00-000000013604308	00	09	8753	M	2	1	4517	2	0
20260829	4291318	cmp-a001-02-000000010764328	grp-a001-02-000000069047580	가루	nad-a001-02-000000541753997	bsn-a001-00-000000013604308	00	09	98128	M	1	0	0	2	0
20260829	4291318	cmp-a001-02-000000010764328	grp-a001-02-000000069047580	견과류	nad-a001-02-000000541753959	bsn-a001-00-000000013604308	00	11	23123	P	2	0	0	6	0
20260829	4291318	cmp-a001-02-000000010764328	grp-a001-02-000000069047580	견과세트	nad-a001-02-000000541753959	bsn-a001-00-000000013604308	00	18	768323	M	2	0	0	4	0
20260829	4291318	cmp-a001-02-000000010764328	grp-a001-02-000000069047580	단백질바	nad-a001-02-000000553654554	bsn-a001-00-000000013604308	00	06	8753	M	1	0	0	2	0
20260829	4291318	cmp-a001-02-000000010764328	grp-a001-02-000000069047580	하루견과	nad-a001-02-000000541753959	bsn-a001-00-000000013604308	00	07	11068	P	2	0	0	6	0
20260829	4291318	cmp-a001-02-000000010764328	grp-a001-02-000000069047580	견과류	nad-a001-02-000000541753959	bsn-a001-00-000000013604308	00	15	529514	M	6	0	0	12	0
20260829	4291318	cmp-a001-02-000000010764328	grp-a001-02-000000069047580	젤리	nad-a001-02-000000541753985	bsn-a001-00-000000013604308	00	02	768323	M	2	0	0	2	0
20260829	4291318	cmp-a001-02-000000010764328	grp-a001-02-000000069047580	견과류추천	nad-a001-02-000000541753959	bsn-a001-00-000000013604308	00	18	8753	M	1	0	0	3	0
20260829	4291318	cmp-a001-02-000000010764328	grp-a001-02-000000069047580	단백질쉐이크	nad-a001-02-000000553654562	bsn-a001-00-000000013604308	00	02	529514	M	27	0	0	27	0
20260829	4291318	cmp-a001-02-000000010764328	grp-a001-02-000000069047580	단백질간식	nad-a001-02-000000553654558	bsn-a001-00-000000013604308	00	09	684924	M	1	0	0	1	0
20260829	4291318	cmp-a001-02-000000010764328	grp-a001-02-000000069047580	젤리	nad-a001-02-000000541753985	bsn-a001-00-000000013604308	00	99	768323	M	1	0	0	1	0
20260829	4291318	cmp-a001-02-000000010764328	grp-a001-02-000000069047580	견과류	nad-a001-02-000000541753960	bsn-a001-00-000000013604308	00	16	8753	M	1	0	0	1	0
20260829	4291318	cmp-a001-02-000000010764328	grp-a001-02-000000069047580	갓	nad-a001-02-000000541753999	bsn-a001-00-000000013604308	00	09	529514	M	20	0	0	22	0
20260829	4291318	cmp-a001-02-000000010764328	grp-a001-02-000000069047580	견과세트	nad-a001-02-000000541753959	bsn-a001-00-000000013604308	00	02	768323	M	1	0	0	2	0
20260829	4291318	cmp-a001-02-000000010764328	grp-a001-02-000000069047580	견과류	nad-a001-02-000000541753959	bsn-a001-00-000000013604308	00	01	529514	M	3	0	0	6	0
20260829	4291318	cmp-a001-02-000000010764328	grp-a001-02-000000069047580	견과류	nad-a001-02-000000541753999	bsn-a001-00-000000013604308	00	03	529514	M	5	0	0	5	0
20260829	4291318	cmp-a001-02-000000010764328	grp-a001-02-000000069047580	칼로리바	nad-a001-02-000000553654559	bsn-a001-00-000000013604308	00	13	8753	M	1	0	0	3	0
20260829	4291318	cmp-a001-02-000000010764328	grp-a001-02-000000069047580	풍무역간식세트	nad-a001-02-000000541753999	bsn-a001-00-000000013604308	00	02	8753	M	1	0	0	3	0
20260829	4291318	cmp-a001-02-000000010764328	grp-a001-02-000000069047580	프로틴	nad-a001-02-000000553654562	bsn-a001-00-000000013604308	00	01	768323	M	2	0	0	5	0
20260829	4291318	cmp-a001-02-000000010764328	grp-a001-02-000000069047580	하루	nad-a001-02-000000541753960	bsn-a001-00-000000013604308	00	02	137281	M	16	0	0	32	0
20260829	4291318	cmp-a001-02-000000010764328	grp-a001-02-000000069047580	단백질바	nad-a001-02-000000553654559	bsn-a001-00-000000013604308	00	09	798056	M	1	0	0	6	0
20260829	4291318	cmp-a001-02-000000010764328	grp-a001-02-000000069047580	견과세트	nad-a001-02-000000541753999	bsn-a001-00-000000013604308	00	09	768323	M	2	0	0	2	0
20260829	4291318	cmp-a001-02-000000010764328	grp-a001-02-000000069047580	견과류	nad-a001-02-000000541753999	bsn-a001-00-000000013604308	00	01	529514	M	3	0	0	3	0
20260829	4291318	cmp-a001-02-000000010764328	grp-a001-02-000000069047580	단백질바단백질비교	nad-a001-02-000000553654558	bsn-a001-00-000000013604308	00	02	8753	M	1	0	0	2	0
20260829	4291318	cmp-a001-02-000000010764328	grp-a001-02-000000069047580	견과류	nad-a001-02-000000541753959	bsn-a001-00-000000013604308	00	16	8753	M	1	0	0	2	0
20260829	4291318	cmp-a001-02-000000010764328	grp-a001-02-000000069047580	견과류	nad-a001-02-000000541753960	bsn-a001-00-000000013604308	00	99	529514	M	15	0	0	45	0
20260829	4291318	cmp-a001-02-000000010764328	grp-a001-02-000000069047580	프로틴	nad-a001-02-000000553654562	bsn-a001-00-000000013604308	00	18	768323	M	1	0	0	2	0
20260829	4291318	cmp-a001-02-000000010764328	grp-a001-02-000000069047580	프로틴바	nad-a001-02-000000553654558	bsn-a001-00-000000013604308	00	09	529514	M	2	0	0	4	0
20260829	4291318	cmp-a001-02-000000010764328	grp-a001-02-000000069047580	단백질스낵혈당	nad-a001-02-000000553654554	bsn-a001-00-000000013604308	00	08	8753	M	1	0	0	1	0
20260829	4291318	cmp-a001-02-000000010764328	grp-a001-02-000000069047580	프로틴	nad-a001-02-000000553654562	bsn-a001-00-000000013604308	00	13	529514	M	14	0	0	14	0
20260829	4291318	cmp-a001-02-000000010764328	grp-a001-02-000000069047580	프로틴다이어트	nad-a001-02-000000553654562	bsn-a001-00-000000013604308	00	18	98128	M	1	0	0	2	0
20260829	4291318	cmp-a001-02-000000010764328	grp-a001-02-000000069047580	견과류	nad-a001-02-000000541753960	bsn-a001-00-000000013604308	00	02	529514	M	16	0	0	48	0
20260829	4291318	cmp-a001-02-000000010764328	grp-a001-02-000000069047580	견과류	nad-a001-02-000000541753999	bsn-a001-00-000000013604308	00	09	8753	M	1	0	0	2	0
20260829	4291318	cmp-a001-02-000000010764328	grp-a001-02-000000069047580	견과류	nad-a001-02-000000541753999	bsn-a001-00-000000013604308	00	99	529514	M	16	0	0	16	0
20260829	4291318	cmp-a001-02-000000010764328	grp-a001-02-000000069047580	견과류	nad-a001-02-000000541753960	bsn-a001-00-000000013604308	00	14	529514	M	3	0	0	9	0
20260829	4291318	cmp-a001-02-000000010764328	grp-a001-02-000000069047580	프로틴	nad-a001-02-000000553654562	bsn-a001-00-000000013604308	00	02	768323	M	13	0	0	32	0
20260829	4291318	cmp-a001-02-000000010764328	grp-a001-02-000000069047580	황성주생식	nad-a001-02-000000541753996	bsn-a001-00-000000013604308	00	02	684924	M	1	0	0	1	0
20260829	4291318	cmp-a001-02-000000010764328	grp-a001-02-000000069047580	단백질쉐이크	nad-a001-02-000000553654562	bsn-a001-00-000000013604308	00	18	529514	M	5	0	0	5	0
20260829	4291318	cmp-a001-02-000000010764328	grp-a001-02-000000069047580	견과류	nad-a001-02-000000541753959	bsn-a001-00-000000013604308	00	09	8753	M	1	0	0	3	0
20260829	4291318	cmp-a001-02-000000010764328	grp-a001-02-000000069047580	견과류	nad-a001-02-000000541753959	bsn-a001-00-000000013604308	00	03	529514	M	5	0	0	10	0
20260829	4291318	cmp-a001-02-000000010764328	grp-a001-02-000000069047580	견과류	nad-a001-02-000000541753959	bsn-a001-00-000000013604308	00	00	529514	M	2	0	0	4	0
20260829	4291318	cmp-a001-02-000000010764328	grp-a001-02-000000069047580	하루견과	nad-a001-02-000000541753959	bsn-a001-00-000000013604308	00	09	684926	M	1	0	0	2	0
20260829	4291318	cmp-a001-02-000000010764328	grp-a001-02-000000069047580	견과류	nad-a001-02-000000541753960	bsn-a001-00-000000013604308	00	06	529514	M	2	0	0	6	0
20260829	4291318	cmp-a001-02-000000010764328	grp-a001-02-000000069047580	프로틴	nad-a001-02-000000553654562	bsn-a001-00-000000013604308	00	02	529514	M	24	0	0	24	0
20260829	4291318	cmp-a001-02-000000010764328	grp-a001-02-000000069047580	단백질바	nad-a001-02-000000553654558	bsn-a001-00-000000013604308	00	18	98128	M	2	0	0	2	0
20260829	4291318	cmp-a001-02-000000010764328	grp-a001-02-000000069047580	과자8개	nad-a001-02-000000553654554	bsn-a001-00-000000013604308	00	02	684926	M	2	0	0	2	0
20260829	4291318	cmp-a001-02-000000010764328	grp-a001-02-000000069047580	견과류추천	nad-a001-02-000000541753999	bsn-a001-00-000000013604308	00	03	8753	M	1	0	0	4	0
20260829	4291318	cmp-a001-02-000000010764328	grp-a001-02-000000069047580	단백질바	nad-a001-02-000000553654558	bsn-a001-00-000000013604308	00	09	798056	M	1	0	0	2	0
20260829	4291318	cmp-a001-02-000000010764328	grp-a001-02-000000069047580	프로틴식물성	nad-a001-02-000000553654562	bsn-a001-00-000000013604308	00	00	8753	M	1	0	0	8	0
20260829	4291318	cmp-a001-02-000000010764328	grp-a001-02-000000069047580	프로틴바	nad-a001-02-000000553654559	bsn-a001-00-000000013604308	00	04	529514	M	2	0	0	5	0
20260829	4291318	cmp-a001-02-000000010764328	grp-a001-02-000000069047580	단백질바	nad-a001-02-000000553654559	bsn-a001-00-000000013604308	00	16	529514	M	2	0	0	6	0
20260829	4291318	cmp-a001-02-000000010764328	grp-a001-02-000000069047580	가루	nad-a001-02-000000541754005	bsn-a001-00-000000013604308	00	09	98128	M	1	0	0	3	0
20260829	4291318	cmp-a001-02-000000010764328	grp-a001-02-000000069047580	보충제	nad-a001-02-000000553654562	bsn-a001-00-000000013604308	00	08	529514	M	20	0	0	38	0
20260829	4291318	cmp-a001-02-000000010764328	grp-a001-02-000000069047580	단백질쉐이크	nad-a001-02-000000553654562	bsn-a001-00-000000013604308	00	03	529514	M	6	0	0	6	0
20260829	4291318	cmp-a001-02-000000010764328	grp-a001-02-000000069047580	단백질프로틴다이어트	nad-a001-02-000000553654562	bsn-a001-00-000000013604308	00	15	98128	M	1	0	0	2	0
20260829	4291318	cmp-a001-02-000000010764328	grp-a001-02-000000069047580	단백질쉐이크	nad-a001-02-000000553654562	bsn-a001-00-000000013604308	00	13	8753	M	1	0	0	13	0
20260829	4291318	cmp-a001-02-000000010764328	grp-a001-02-000000069047580	단백질쉐이크	nad-a001-02-000000553654562	bsn-a001-00-000000013604308	00	18	98128	M	22	0	0	29	0
20260829	4291318	cmp-a001-02-000000010764328	grp-a001-02-000000069047580	살찌는보충제	nad-a001-02-000000553654562	bsn-a001-00-000000013604308	00	02	341893	M	1	0	0	1	0
20260829	4291318	cmp-a001-02-000000010764328	grp-a001-02-000000069047580	단백질쉐이크	nad-a001-02-000000553654562	bsn-a001-00-000000013604308	00	09	529514	M	45	0	0	57	0
20260829	4291318	cmp-a001-02-000000010764328	grp-a001-02-000000069047580	프로틴쉐이크	nad-a001-02-000000553654562	bsn-a001-00-000000013604308	00	02	529514	M	2	0	0	2	0
20260829	4291318	cmp-a001-02-000000010764328	grp-a001-02-000000069047580	견과류	nad-a001-02-000000541753960	bsn-a001-00-000000013604308	00	10	529514	M	2	0	0	6	0
20260829	4291318	cmp-a001-02-000000010764328	grp-a001-02-000000069047580	제주칼로리바	nad-a001-02-000000553654559	bsn-a001-00-000000013604308	18	14	8753	M	2	0	0	6	0
20260829	4291318	cmp-a001-02-000000010764328	grp-a001-02-000000069047580	갓	nad-a001-02-000000541753960	bsn-a001-00-000000013604308	18	02	529514	M	8	0	0	18	0
20260829	4291318	cmp-a001-02-000000010764328	grp-a001-02-000000069047580	단백질	nad-a001-02-000000553654562	bsn-a001-00-000000013604308	18	03	33421	M	1	0	0	10	0
20260829	4291318	cmp-a001-02-000000010764328	grp-a001-02-000000069047580	젤리	nad-a001-02-000000541753985	bsn-a001-00-000000013604308	18	11	98128	M	1	0	0	2	0
20260829	4291318	cmp-a001-02-000000010764328	grp-a001-02-000000069047580	에너지바	nad-a001-02-000000553654554	bsn-a001-00-000000013604308	18	11	33421	M	2	0	0	4	0
20260829	4291318	cmp-a001-02-000000010764328	grp-a001-02-000000069047580	하루견과	nad-a001-02-000000541753960	bsn-a001-00-000000013604308	18	03	8753	M	2	0	0	5	0
20260829	4291318	cmp-a001-02-000000010764328	grp-a001-02-000000069047580	하루견과	nad-a001-02-000000541753960	bsn-a001-00-000000013604308	18	01	8753	M	2	0	0	4	0
20260829	4291318	cmp-a001-02-000000010764328	grp-a001-02-000000069047580	견과류	nad-a001-02-000000541753959	bsn-a001-00-000000013604308	18	13	8753	M	1	0	0	3	0
20260829	4291318	cmp-a001-02-000000010764328	grp-a001-02-000000069047580	단백질바	nad-a001-02-000000553654554	bsn-a001-00-000000013604308	18	06	11068	P	1	0	0	1	0
20260829	4291318	cmp-a001-02-000000010764328	grp-a001-02-000000069047580	바8	nad-a001-02-000000553654554	bsn-a001-00-000000013604308	18	06	684924	M	1	0	0	1	0
20260829	4291318	cmp-a001-02-000000010764328	grp-a001-02-000000069047580	황성주생식	nad-a001-02-000000541753997	bsn-a001-00-000000013604308	18	03	612594	M	1	0	0	1	0
20260829	4291318	cmp-a001-02-000000010764328	grp-a001-02-000000069047580	견과세트	nad-a001-02-000000541753960	bsn-a001-00-000000013604308	18	06	768323	M	3	0	0	11	0
20260829	4291318	cmp-a001-02-000000010764328	grp-a001-02-000000069047580	단백질바	nad-a001-02-000000553654554	bsn-a001-00-000000013604308	18	07	11068	P	1	0	0	1	0
20260829	4291318	cmp-a001-02-000000010764328	grp-a001-02-000000069047580	제리	nad-a001-02-000000541753985	bsn-a001-00-000000013604308	18	18	98128	M	2	0	0	4	0
20260829	4291318	cmp-a001-02-000000010764328	grp-a001-02-000000069047580	프로틴쉐이크	nad-a001-02-000000553654562	bsn-a001-00-000000013604308	18	09	529514	M	4	0	0	4	0
20260829	4291318	cmp-a001-02-000000010764328	grp-a001-02-000000069047580	하루	nad-a001-02-000000541753960	bsn-a001-00-000000013604308	18	07	137281	M	13	0	0	13	0
20260829	4291318	cmp-a001-02-000000010764328	grp-a001-02-000000069047580	견과류	nad-a001-02-000000541753959	bsn-a001-00-000000013604308	18	15	529514	M	23	0	0	46	0
20260829	4291318	cmp-a001-02-000000010764328	grp-a001-02-000000069047580	제리	nad-a001-02-000000541753985	bsn-a001-00-000000013604308	18	15	137281	M	4	0	0	4	0
20260829	4291318	cmp-a001-02-000000010764328	grp-a001-02-000000069047580	에너지바	nad-a001-02-000000553654554	bsn-a001-00-000000013604308	18	13	11068	P	1	0	0	2	0
20260829	4291318	cmp-a001-02-000000010764328	grp-a001-02-000000069047580	견과류	nad-a001-02-000000541753999	bsn-a001-00-000000013604308	18	02	684926	M	2	0	0	3	0
20260829	4291318	cmp-a001-02-000000010764328	grp-a001-02-000000069047580	갓	nad-a001-02-000000541753999	bsn-a001-00-000000013604308	18	08	684924	M	1	0	0	1	0
20260829	4291318	cmp-a001-02-000000010764328	grp-a001-02-000000069047580	봉지견과류	nad-a001-02-000000541753960	bsn-a001-00-000000013604308	18	18	33421	M	2	0	0	6	0
20260829	4291318	cmp-a001-02-000000010764328	grp-a001-02-000000069047580	스토어	nad-a001-02-000000541753997	bsn-a001-00-000000013604308	18	00	98128	M	2	0	0	2	0
20260829	4291318	cmp-a001-02-000000010764328	grp-a001-02-000000069047580	견과류	nad-a001-02-000000541753960	bsn-a001-00-000000013604308	18	03	529514	M	36	0	0	108	0
20260829	4291318	cmp-a001-02-000000010764328	grp-a001-02-000000069047580	견과류세트	nad-a001-02-000000541753960	bsn-a001-00-000000013604308	18	09	684924	M	1	0	0	1	0
20260829	4291318	cmp-a001-02-000000010764328	grp-a001-02-000000069047580	가루	nad-a001-02-000000541753997	bsn-a001-00-000000013604308	18	09	8753	M	2	0	0	3	0
20260829	4291318	cmp-a001-02-000000010764328	grp-a001-02-000000069047580	에너지바	nad-a001-02-000000553654558	bsn-a001-00-000000013604308	18	11	11068	P	1	0	0	4	0
20260829	4291318	cmp-a001-02-000000010764328	grp-a001-02-000000069047580	견과류	nad-a001-02-000000541753960	bsn-a001-00-000000013604308	18	01	529514	M	13	0	0	39	0
20260829	4291318	cmp-a001-02-000000010764328	grp-a001-02-000000069047580	다이어트쉐이크	nad-a001-02-000000553654562	bsn-a001-00-000000013604308	18	08	529514	M	6	0	0	13	0
20260829	4291318	cmp-a001-02-000000010764328	grp-a001-02-000000069047580	하루견과	nad-a001-02-000000541753959	bsn-a001-00-000000013604308	18	13	684926	M	2	0	0	8	0
20260829	4291318	cmp-a001-02-000000010764328	grp-a001-02-000000069047580	황중성생식가격	nad-a001-02-000000541753997	bsn-a001-00-000000013604308	18	02	8753	M	1	0	0	2	0
20260829	4291318	cmp-a001-02-000000010764328	grp-a001-02-000000069047580	견과류	nad-a001-02-000000541753960	bsn-a001-00-000000013604308	18	03	33421	M	1	0	0	2	0
20260829	4291318	cmp-a001-02-000000010764328	grp-a001-02-000000069047580	견과류	nad-a001-02-000000541753959	bsn-a001-00-000000013604308	18	17	529514	M	4	0	0	8	0
20260829	4291318	cmp-a001-02-000000010764328	grp-a001-02-000000069047580	프로틴바	nad-a001-02-000000553654558	bsn-a001-00-000000013604308	18	15	8753	M	1	0	0	5	0
20260829	4291318	cmp-a001-02-000000010764328	grp-a001-02-000000069047580	하루견과	nad-a001-02-000000541753959	bsn-a001-00-000000013604308	18	11	529514	M	4	0	0	8	0
20260829	4291318	cmp-a001-02-000000010764328	grp-a001-02-000000069047580	견과류	nad-a001-02-000000541753959	bsn-a001-00-000000013604308	18	06	529514	M	28	0	0	56	0
20260829	4291318	cmp-a001-02-000000010764328	grp-a001-02-000000069047580	견과류	nad-a001-02-000000541753999	bsn-a001-00-000000013604308	18	03	529514	M	36	0	0	36	0
20260829	4291318	cmp-a001-02-000000010764328	grp-a001-02-000000069047580	칼로리바	nad-a001-02-000000553654554	bsn-a001-00-000000013604308	18	11	8753	M	1	0	0	2	0
20260829	4291318	cmp-a001-02-000000010764328	grp-a001-02-000000069047580	견과류	nad-a001-02-000000541753999	bsn-a001-00-000000013604308	18	09	684924	M	1	0	0	1	0
20260829	4291318	cmp-a001-02-000000010764328	grp-a001-02-000000069047580	하루견과	nad-a001-02-000000541753960	bsn-a001-00-000000013604308	18	06	8753	M	1	0	0	2	0
20260829	4291318	cmp-a001-02-000000010764328	grp-a001-02-000000069047580	하루견과	nad-a001-02-000000541753959	bsn-a001-00-000000013604308	18	02	8753	M	1	0	0	4	0
20260829	4291318	cmp-a001-02-000000010764328	grp-a001-02-000000069047580	하루	nad-a001-02-000000541753960	bsn-a001-00-000000013604308	18	10	137281	M	8	0	0	8	0
20260829	4291318	cmp-a001-02-000000010764328	grp-a001-02-000000069047580	견과류	nad-a001-02-000000541753960	bsn-a001-00-000000013604308	18	18	529514	M	24	0	0	72	0
20260829	4291318	cmp-a001-02-000000010764328	grp-a001-02-000000069047580	황중성생식	nad-a001-02-000000541753997	bsn-a001-00-000000013604308	18	02	8753	M	3	0	0	6	0
20260829	4291318	cmp-a001-02-000000010764328	grp-a001-02-000000069047580	단백질보충제	nad-a001-02-000000553654562	bsn-a001-00-000000013604308	18	10	87620	M	1	0	0	1	0
20260829	4291318	cmp-a001-02-000000010764328	grp-a001-02-000000069047580	단백질쉐이크	nad-a001-02-000000553654562	bsn-a001-00-000000013604308	18	09	98128	M	17	0	0	23	0
20260829	4291318	cmp-a001-02-000000010764328	grp-a001-02-000000069047580	견과류	nad-a001-02-000000541753999	bsn-a001-00-000000013604308	18	06	529514	M	28	0	0	28	0
20260829	4291318	cmp-a001-02-000000010764328	grp-a001-02-000000069047580	프로틴바	nad-a001-02-000000553654554	bsn-a001-00-000000013604308	18	06	768323	M	1	0	0	1	0
20260829	4291318	cmp-a001-02-000000010764328	grp-a001-02-000000069047580	견과류	nad-a001-02-000000541753999	bsn-a001-00-000000013604308	18	08	529514	M	22	0	0	22	0
20260829	4291318	cmp-a001-02-000000010764328	grp-a001-02-000000069047580	갓	nad-a001-02-000000541753999	bsn-a001-00-000000013604308	18	08	8753	M	2	0	0	5	0
20260829	4291318	cmp-a001-02-000000010764328	grp-a001-02-000000069047580	견과류	nad-a001-02-000000541753999	bsn-a001-00-000000013604308	18	99	8753	M	1	0	0	1	0
20260829	4291318	cmp-a001-02-000000010764328	grp-a001-02-000000069047580	견과류세트	nad-a001-02-000000541753959	bsn-a001-00-000000013604308	18	03	8753	M	2	0	0	8	0
20260829	4291318	cmp-a001-02-000000010764328	grp-a001-02-000000069047580	프로틴	nad-a001-02-000000553654562	bsn-a001-00-000000013604308	18	16	768323	M	3	0	0	8	0
20260829	4291318	cmp-a001-02-000000010764328	grp-a001-02-000000069047580	젤리	nad-a001-02-000000541753985	bsn-a001-00-000000013604308	18	02	684926	M	1	0	0	3	0
20260829	4291318	cmp-a001-02-000000010764328	grp-a001-02-000000069047580	견과류	nad-a001-02-000000541753959	bsn-a001-00-000000013604308	18	99	529514	M	74	0	0	148	0
20260829	4291318	cmp-a001-02-000000010764328	grp-a001-02-000000069047580	견과류세트	nad-a001-02-000000541753960	bsn-a001-00-000000013604308	18	09	8753	M	1	0	0	2	0
20260829	4291318	cmp-a001-02-000000010764328	grp-a001-02-000000069047580	단백질바	nad-a001-02-000000553654554	bsn-a001-00-000000013604308	18	08	8753	M	1	0	0	4	0
20260829	4291318	cmp-a001-02-000000010764328	grp-a001-02-000000069047580	견과류	nad-a001-02-000000541753959	bsn-a001-00-000000013604308	18	13	529514	M	13	0	0	25	0
20260829	4291318	cmp-a001-02-000000010764328	grp-a001-02-000000069047580	단백질간식	nad-a001-02-000000553654558	bsn-a001-00-000000013604308	18	09	8753	M	1	0	0	3	0
20260829	4291318	cmp-a001-02-000000010764328	grp-a001-02-000000069047580	프로틴	nad-a001-02-000000553654562	bsn-a001-00-000000013604308	18	01	768323	M	5	0	0	13	0
20260829	4291318	cmp-a001-02-000000010764328	grp-a001-02-000000069047580	단백질쉐이크	nad-a001-02-000000553654562	bsn-a001-00-000000013604308	18	11	529514	M	14	0	0	14	0
20260829	4291318	cmp-a001-02-000000010764328	grp-a001-02-000000069047580	젤리	nad-a001-02-000000541753985	bsn-a001-00-000000013604308	18	02	529514	M	6	0	0	10	0
20260829	4291318	cmp-a001-02-000000010764328	grp-a001-02-000000069047580	단백질바	nad-a001-02-000000553654558	bsn-a001-00-000000013604308	18	00	27758	P	1	0	0	3	0
20260829	4291318	cmp-a001-02-000000010764328	grp-a001-02-000000069047580	견과류	nad-a001-02-000000541753960	bsn-a001-00-000000013604308	18	14	529514	M	6	0	0	18	0
20260829	4291318	cmp-a001-02-000000010764328	grp-a001-02-000000069047580	단백질쉐이크	nad-a001-02-000000553654562	bsn-a001-00-000000013604308	18	14	529514	M	23	0	0	23	0
20260829	4291318	cmp-a001-02-000000010764328	grp-a001-02-000000069047580	단백질보충제	nad-a001-02-000000553654562	bsn-a001-00-000000013604308	18	02	791889	P	2	0	0	2	0
20260829	4291318	cmp-a001-02-000000010764328	grp-a001-02-000000069047580	갓	nad-a001-02-000000541753999	bsn-a001-00-000000013604308	18	07	137281	M	1	0	0	2	0
20260829	4291318	cmp-a001-02-000000010764328	grp-a001-02-000000069047580	하루도	nad-a001-02-000000541753959	bsn-a001-00-000000013604308	18	09	529514	M	1	0	0	4	0
20260829	4291318	cmp-a001-02-000000010764328	grp-a001-02-000000069047580	하루	nad-a001-02-000000541753960	bsn-a001-00-000000013604308	18	09	137281	M	112	0	0	112	0
20260829	4291318	cmp-a001-02-000000010764328	grp-a001-02-000000069047580	프로틴	nad-a001-02-000000553654562	bsn-a001-00-000000013604308	18	03	768323	M	9	0	0	25	0
20260829	4291318	cmp-a001-02-000000010764328	grp-a001-02-000000069047580	견과	nad-a001-02-000000541753999	bsn-a001-00-000000013604308	18	04	8753	M	1	0	0	2	0
20260829	4291318	cmp-a001-02-000000010764328	grp-a001-02-000000069047580	견과류세트	nad-a001-02-000000541753959	bsn-a001-00-000000013604308	18	09	529514	M	2	0	0	8	0
20260829	4291318	cmp-a001-02-000000010764328	grp-a001-02-000000069047580	보충제	nad-a001-02-000000553654562	bsn-a001-00-000000013604308	18	11	529514	M	4	0	0	4	0
20260829	4291318	cmp-a001-02-000000010764328	grp-a001-02-000000069047580	프로틴	nad-a001-02-000000553654562	bsn-a001-00-000000013604308	18	10	768323	M	5	0	0	14	0
20260829	4291318	cmp-a001-02-000000010764328	grp-a001-02-000000069047580	유기농생식	nad-a001-02-000000541753988	bsn-a001-00-000000013604308	18	02	341893	M	1	0	0	2	0
20260829	4291318	cmp-a001-02-000000010764328	grp-a001-02-000000069047580	말기암횐자에게젛은식사	nad-a001-02-000000541753965	bsn-a001-00-000000013604308	18	02	8753	M	1	0	0	3	0
20260829	4291318	cmp-a001-02-000000010764328	grp-a001-02-000000069047580	하루견과	nad-a001-02-000000541753999	bsn-a001-00-000000013604308	18	18	633013	M	2	0	0	4	0
20260829	4291318	cmp-a001-02-000000010764328	grp-a001-02-000000069047580	프로틴	nad-a001-02-000000553654562	bsn-a001-00-000000013604308	18	07	529514	M	1	0	0	1	0
20260829	4291318	cmp-a001-02-000000010764328	grp-a001-02-000000069047580	단백질쉐이크	nad-a001-02-000000553654562	bsn-a001-00-000000013604308	18	17	529514	M	1	0	0	1	0
20260829	4291318	cmp-a001-02-000000010764328	grp-a001-02-000000069047580	견과세트	nad-a001-02-000000541753959	bsn-a001-00-000000013604308	18	09	768323	M	2	0	0	4	0
20260829	4291318	cmp-a001-02-000000010764328	grp-a001-02-000000069047580	하루견과	nad-a001-02-000000541753959	bsn-a001-00-000000013604308	18	15	768323	M	1	0	0	3	0
20260829	4291318	cmp-a001-02-000000010764328	grp-a001-02-000000069047580	젤리	nad-a001-02-000000541753985	bsn-a001-00-000000013604308	18	16	684924	M	1	0	0	1	0
20260829	4291318	cmp-a001-02-000000010764328	grp-a001-02-000000069047580	프로틴쉐이크	nad-a001-02-000000553654562	bsn-a001-00-000000013604308	18	99	98128	M	2	0	0	2	0
20260829	4291318	cmp-a001-02-000000010764328	grp-a001-02-000000069047580	젤리	nad-a001-02-000000541753985	bsn-a001-00-000000013604308	18	18	529514	M	9	0	0	9	0
20260829	4291318	cmp-a001-02-000000010764328	grp-a001-02-000000069047580	하루	nad-a001-02-000000541753999	bsn-a001-00-000000013604308	18	09	137281	M	10	0	0	20	0
20260829	4291318	cmp-a001-02-000000010764328	grp-a001-02-000000069047580	제리	nad-a001-02-000000541753985	bsn-a001-00-000000013604308	18	10	137281	M	11	0	0	11	0
20260829	4291318	cmp-a001-02-000000010764328	grp-a001-02-000000069047580	단백질바	nad-a001-02-000000553654558	bsn-a001-00-000000013604308	18	03	33421	M	1	0	0	5	0
20260829	4291318	cmp-a001-02-000000010764328	grp-a001-02-000000069047580	다이어트쉐이크	nad-a001-02-000000553654562	bsn-a001-00-000000013604308	18	07	768323	M	1	0	0	1	0
20260829	4291318	cmp-a001-02-000000010764328	grp-a001-02-000000069047580	견과류	nad-a001-02-000000541753999	bsn-a001-00-000000013604308	18	17	529514	M	4	0	0	4	0
20260829	4291318	cmp-a001-02-000000010764328	grp-a001-02-000000069047580	스토어	nad-a001-02-000000541753997	bsn-a001-00-000000013604308	18	07	98128	M	6	0	0	6	0
20260829	4291318	cmp-a001-02-000000010764328	grp-a001-02-000000069047580	하루견과	nad-a001-02-000000541753999	bsn-a001-00-000000013604308	18	02	8753	M	2	0	0	3	0
20260829	4291318	cmp-a001-02-000000010764328	grp-a001-02-000000069047580	갓	nad-a001-02-000000541753960	bsn-a001-00-000000013604308	18	09	8753	M	1	0	0	3	0
20260829	4291318	cmp-a001-02-000000010764328	grp-a001-02-000000069047580	하루	nad-a001-02-000000541753999	bsn-a001-00-000000013604308	18	09	98128	M	3	0	0	6	0
20260829	4291318	cmp-a001-02-000000010764328	grp-a001-02-000000069047580	제리	nad-a001-02-000000541753985	bsn-a001-00-000000013604308	18	09	684924	M	1	0	0	1	0
20260829	4291318	cmp-a001-02-000000010764328	grp-a001-02-000000069047580	단백질바	nad-a001-02-000000553654554	bsn-a001-00-000000013604308	18	09	27758	P	1	0	0	2	0
20260829	4291318	cmp-a001-02-000000010764328	grp-a001-02-000000069047580	견과류	nad-a001-02-000000541753959	bsn-a001-00-000000013604308	18	15	8753	M	2	0	0	9	0
20260829	4291318	cmp-a001-02-000000010764328	grp-a001-02-000000069047580	에너지바	nad-a001-02-000000553654559	bsn-a001-00-000000013604308	18	03	11068	P	1	0	0	8	0
20260829	4291318	cmp-a001-02-000000010764328	grp-a001-02-000000069047580	단백질쉐이크	nad-a001-02-000000553654562	bsn-a001-00-000000013604308	18	99	529514	M	21	0	0	21	0
20260829	4291318	cmp-a001-02-000000010764328	grp-a001-02-000000069047580	공복견과류	nad-a001-02-000000541753999	bsn-a001-00-000000013604308	18	04	8753	M	2	0	0	4	0
20260829	4291318	cmp-a001-02-000000010764328	grp-a001-02-000000069047580	단백질바	nad-a001-02-000000553654558	bsn-a001-00-000000013604308	18	00	529514	M	2	0	0	4	0
20260829	4291318	cmp-a001-02-000000010764328	grp-a001-02-000000069047580	군마트선식	nad-a001-02-000000541753997	bsn-a001-00-000000013604308	18	09	341893	M	1	0	0	1	0
20260829	4291318	cmp-a001-02-000000010764328	grp-a001-02-000000069047580	다이어트쉐이크	nad-a001-02-000000553654562	bsn-a001-00-000000013604308	18	02	529514	M	2	0	0	2	0
20260829	4291318	cmp-a001-02-000000010764328	grp-a001-02-000000069047580	견과류	nad-a001-02-000000541753999	bsn-a001-00-000000013604308	18	14	529514	M	6	0	0	6	0
20260829	4291318	cmp-a001-02-000000010764328	grp-a001-02-000000069047580	단백질파우더	nad-a001-02-000000553654562	bsn-a001-00-000000013604308	18	09	684926	M	1	0	0	27	0
20260829	4291318	cmp-a001-02-000000010764328	grp-a001-02-000000069047580	갓	nad-a001-02-000000541753959	bsn-a001-00-000000013604308	18	13	8753	M	1	0	0	3	0
20260829	4291318	cmp-a001-02-000000010764328	grp-a001-02-000000069047580	견과류	nad-a001-02-000000541753999	bsn-a001-00-000000013604308	18	09	529514	M	167	0	0	169	0
20260829	4291318	cmp-a001-02-000000010764328	grp-a001-02-000000069047580	하루견과	nad-a001-02-000000541753999	bsn-a001-00-000000013604308	18	10	8753	M	1	0	0	1	0
20260829	4291318	cmp-a001-02-000000010764328	grp-a001-02-000000069047580	프로틴	nad-a001-02-000000553654562	bsn-a001-00-000000013604308	18	18	33421	M	1	0	0	12	0
20260829	4291318	cmp-a001-02-000000010764328	grp-a001-02-000000069047580	견과세트	nad-a001-02-000000541753960	bsn-a001-00-000000013604308	18	07	768323	M	2	0	0	5	0
20260829	4291318	cmp-a001-02-000000010764328	grp-a001-02-000000069047580	하루견과	nad-a001-02-000000541753959	bsn-a001-00-000000013604308	18	07	684926	M	1	0	0	4	0
20260829	4291318	cmp-a001-02-000000010764328	grp-a001-02-000000069047580	견과류	nad-a001-02-000000541753999	bsn-a001-00-000000013604308	18	04	529514	M	21	0	0	21	0
20260829	4291318	cmp-a001-02-000000010764328	grp-a001-02-000000069047580	프로틴	nad-a001-02-000000553654562	bsn-a001-00-000000013604308	18	17	684926	M	2	0	0	16	0
20260829	4291318	cmp-a001-02-000000010764328	grp-a001-02-000000069047580	단백질쉐이크	nad-a001-02-000000553654562	bsn-a001-00-000000013604308	18	16	529514	M	1	0	0	1	0
20260829	4291318	cmp-a001-02-000000010764328	grp-a001-02-000000069047580	프로틴	nad-a001-02-000000553654562	bsn-a001-00-000000013604308	18	17	529514	M	1	0	0	1	0
20260829	4291318	cmp-a001-02-000000010764328	grp-a001-02-000000069047580	갓	nad-a001-02-000000541753959	bsn-a001-00-000000013604308	18	09	8753	M	1	0	0	4	0
20260829	4291318	cmp-a001-02-000000010764328	grp-a001-02-000000069047580	견과류	nad-a001-02-000000541753999	bsn-a001-00-000000013604308	18	18	684926	M	1	0	0	1	0
20260829	4291318	cmp-a001-02-000000010764328	grp-a001-02-000000069047580	에너지바	nad-a001-02-000000553654558	bsn-a001-00-000000013604308	18	04	8753	M	1	0	0	4	0
20260829	4291318	cmp-a001-02-000000010764328	grp-a001-02-000000069047580	견과류	nad-a001-02-000000541753960	bsn-a001-00-000000013604308	18	18	8753	M	1	0	0	2	0
20260829	4291318	cmp-a001-02-000000010764328	grp-a001-02-000000069047580	공복견과류	nad-a001-02-000000541753960	bsn-a001-00-000000013604308	18	04	8753	M	2	0	0	2	0
20260829	4291318	cmp-a001-02-000000010764328	grp-a001-02-000000069047580	견과류보관방법	nad-a001-02-000000541753999	bsn-a001-00-000000013604308	18	10	8753	M	1	0	0	2	0
20260829	4291318	cmp-a001-02-000000010764328	grp-a001-02-000000069047580	프로틴	nad-a001-02-000000553654562	bsn-a001-00-000000013604308	18	99	98128	M	1	0	0	1	0
20260829	4291318	cmp-a001-02-000000010764328	grp-a001-02-000000069047580	견과류추천	nad-a001-02-000000541753960	bsn-a001-00-000000013604308	18	16	8753	M	1	0	0	3	0
20260829	4291318	cmp-a001-02-000000010764328	grp-a001-02-000000069047580	다이어트쉐이크	nad-a001-02-000000553654562	bsn-a001-00-000000013604308	18	02	768323	M	1	0	0	2	0
20260829	4291318	cmp-a001-02-000000010764328	grp-a001-02-000000069047580	단백질바	nad-a001-02-000000553654554	bsn-a001-00-000000013604308	18	02	8753	M	2	0	0	7	0
20260829	4291318	cmp-a001-02-000000010764328	grp-a001-02-000000069047580	쉐이크	nad-a001-02-000000553654562	bsn-a001-00-000000013604308	18	09	98128	M	6	0	0	6	0
20260829	4291318	cmp-a001-02-000000010764328	grp-a001-02-000000069047580	견과류	nad-a001-02-000000541753959	bsn-a001-00-000000013604308	18	01	529514	M	13	0	0	26	0
20260829	4291318	cmp-a001-02-000000010764328	grp-a001-02-000000069047580	단백질바	nad-a001-02-000000553654558	bsn-a001-00-000000013604308	18	00	8753	M	1	0	0	3	0
20260829	4291318	cmp-a001-02-000000010764328	grp-a001-02-000000069047580	프로틴	nad-a001-02-000000553654562	bsn-a001-00-000000013604308	18	13	768323	M	5	0	0	14	0
20260829	4291318	cmp-a001-02-000000010764328	grp-a001-02-000000069047580	균형영양식	nad-a001-02-000000541753965	bsn-a001-00-000000013604308	18	13	529514	M	2	0	0	7	0
20260829	4291318	cmp-a001-02-000000010764328	grp-a001-02-000000069047580	견과세트	nad-a001-02-000000541753960	bsn-a001-00-000000013604308	18	08	768323	M	1	0	0	3	0
20260829	4291318	cmp-a001-02-000000010764328	grp-a001-02-000000069047580	견과류	nad-a001-02-000000541753960	bsn-a001-00-000000013604308	18	13	8753	M	1	0	0	2	0
20260829	4291318	cmp-a001-02-000000010764328	grp-a001-02-000000069047580	하루견과	nad-a001-02-000000541753959	bsn-a001-00-000000013604308	18	16	529514	M	9	0	0	17	0
20260829	4291318	cmp-a001-02-000000010764328	grp-a001-02-000000069047580	하루견과	nad-a001-02-000000541753999	bsn-a001-00-000000013604308	18	06	8753	M	1	0	0	1	0
20260829	4291318	cmp-a001-02-000000010764328	grp-a001-02-000000069047580	프로틴바	nad-a001-02-000000553654554	bsn-a001-00-000000013604308	18	15	8753	M	1	0	0	3	0
20260829	4291318	cmp-a001-02-000000010764328	grp-a001-02-000000069047580	스토어	nad-a001-02-000000541753997	bsn-a001-00-000000013604308	18	16	98128	M	6	0	0	6	0
20260829	4291318	cmp-a001-02-000000010764328	grp-a001-02-000000069047580	프로틴	nad-a001-02-000000553654562	bsn-a001-00-000000013604308	18	09	137281	M	7	0	0	7	0
20260829	4291318	cmp-a001-02-000000010764328	grp-a001-02-000000069047580	하루견과	nad-a001-02-000000541753960	bsn-a001-00-000000013604308	18	08	529514	M	2	0	0	6	0
20260829	4291318	cmp-a001-02-000000010764328	grp-a001-02-000000069047580	생식가루	nad-a001-02-000000541753996	bsn-a001-00-000000013604308	18	09	684924	M	1	0	0	1	0
20260829	4291318	cmp-a001-02-000000010764328	grp-a001-02-000000069047580	제리	nad-a001-02-000000541753985	bsn-a001-00-000000013604308	18	11	137281	M	3	0	0	3	0
20260829	4291318	cmp-a001-02-000000010764328	grp-a001-02-000000069047580	견과류가격	nad-a001-02-000000541753959	bsn-a001-00-000000013604308	18	09	8753	M	1	0	0	4	0
20260829	4291318	cmp-a001-02-000000010764328	grp-a001-02-000000069047580	하루견과에들어간것	nad-a001-02-000000541753959	bsn-a001-00-000000013604308	18	03	8753	M	2	0	0	6	0
20260829	4291318	cmp-a001-02-000000010764328	grp-a001-02-000000069047580	견과류보관방법	nad-a001-02-000000541753960	bsn-a001-00-000000013604308	18	10	8753	M	1	0	0	3	0
20260829	4291318	cmp-a001-02-000000010764328	grp-a001-02-000000069047580	하루	nad-a001-02-000000541753999	bsn-a001-00-000000013604308	18	09	529514	M	1	0	0	3	0
20260829	4291318	cmp-a001-02-000000010764328	grp-a001-02-000000069047580	단백질	nad-a001-02-000000553654562	bsn-a001-00-000000013604308	18	18	529514	M	6	0	0	6	0
20260829	4291318	cmp-a001-02-000000010764328	grp-a001-02-000000069047580	젤리	nad-a001-02-000000541753985	bsn-a001-00-000000013604308	18	11	137281	M	1	0	0	1	0
20260829	4291318	cmp-a001-02-000000010764328	grp-a001-02-000000069047580	프로틴	nad-a001-02-000000553654562	bsn-a001-00-000000013604308	18	17	768323	M	1	0	0	2	0
20260829	4291318	cmp-a001-02-000000010764328	grp-a001-02-000000069047580	견과류추천	nad-a001-02-000000541753999	bsn-a001-00-000000013604308	18	16	8753	M	1	0	0	2	0
20260829	4291318	cmp-a001-02-000000010764328	grp-a001-02-000000069047580	하루견과	nad-a001-02-000000541753959	bsn-a001-00-000000013604308	18	13	8753	M	2	0	0	10	0
20260829	4291318	cmp-a001-02-000000010764328	grp-a001-02-000000069047580	단백질바	nad-a001-02-000000553654558	bsn-a001-00-000000013604308	18	02	11068	P	1	0	0	4	0
20260829	4291318	cmp-a001-02-000000010764328	grp-a001-02-000000069047580	하루견과	nad-a001-02-000000541753999	bsn-a001-00-000000013604308	18	01	8753	M	2	0	0	2	0
20260829	4291318	cmp-a001-02-000000010764328	grp-a001-02-000000069047580	하루견과	nad-a001-02-000000541753999	bsn-a001-00-000000013604308	18	13	8753	M	2	0	0	2	0
20260829	4291318	cmp-a001-02-000000010764328	grp-a001-02-000000069047580	에너지바	nad-a001-02-000000553654558	bsn-a001-00-000000013604308	18	07	8753	M	1	0	0	5	0
20260829	4291318	cmp-a001-02-000000010764328	grp-a001-02-000000069047580	견과류	nad-a001-02-000000541753959	bsn-a001-00-000000013604308	18	11	8753	M	1	0	0	3	0
20260829	4291318	cmp-a001-02-000000010764328	grp-a001-02-000000069047580	하루	nad-a001-02-000000541753960	bsn-a001-00-000000013604308	18	18	137281	M	23	0	0	23	0
20260829	4291318	cmp-a001-02-000000010764328	grp-a001-02-000000069047580	하루견과	nad-a001-02-000000541753960	bsn-a001-00-000000013604308	18	02	529514	M	6	0	0	18	0
20260829	4291318	cmp-a001-02-000000010764328	grp-a001-02-000000069047580	하루	nad-a001-02-000000541753960	bsn-a001-00-000000013604308	18	09	529514	M	1	0	0	2	0
20260829	4291318	cmp-a001-02-000000010764328	grp-a001-02-000000069047580	단백질쉐이크	nad-a001-02-000000553654562	bsn-a001-00-000000013604308	18	02	529514	M	59	0	0	59	0
20260829	4291318	cmp-a001-02-000000010764328	grp-a001-02-000000069047580	하루견과	nad-a001-02-000000541753959	bsn-a001-00-000000013604308	18	18	633013	M	2	1	1278	6	0
20260829	4291318	cmp-a001-02-000000010764328	grp-a001-02-000000069047580	하루	nad-a001-02-000000541753960	bsn-a001-00-000000013604308	18	02	137281	M	40	0	0	40	0
20260829	4291318	cmp-a001-02-000000010764328	grp-a001-02-000000069047580	단백질간식	nad-a001-02-000000553654554	bsn-a001-00-000000013604308	18	08	8753	M	1	0	0	1	0
20260829	4291318	cmp-a001-02-000000010764328	grp-a001-02-000000069047580	봉지견과류	nad-a001-02-000000541753999	bsn-a001-00-000000013604308	18	18	33421	M	2	0	0	2	0
20260829	4291318	cmp-a001-02-000000010764328	grp-a001-02-000000069047580	갓	nad-a001-02-000000541753999	bsn-a001-00-000000013604308	18	11	27758	P	1	0	0	1	0
20260829	4291318	cmp-a001-02-000000010764328	grp-a001-02-000000069047580	견과류추천	nad-a001-02-000000541753959	bsn-a001-00-000000013604308	18	13	684924	M	1	0	0	1	0
20260829	4291318	cmp-a001-02-000000010764328	grp-a001-02-000000069047580	황성주식품	nad-a001-02-000000541753997	bsn-a001-00-000000013604308	18	99	612594	M	1	0	0	1	0
20260829	4291318	cmp-a001-02-000000010764328	grp-a001-02-000000069047580	갓	nad-a001-02-000000541753960	bsn-a001-00-000000013604308	18	13	8753	M	1	0	0	1	0
20260829	4291318	cmp-a001-02-000000010764328	grp-a001-02-000000069047580	에너지바	nad-a001-02-000000553654554	bsn-a001-00-000000013604308	18	03	8753	M	1	0	0	1	0
20260829	4291318	cmp-a001-02-000000010764328	grp-a001-02-000000069047580	젤리	nad-a001-02-000000541753985	bsn-a001-00-000000013604308	18	13	529514	M	2	0	0	6	0
20260829	4291318	cmp-a001-02-000000010764328	grp-a001-02-000000069047580	하루견과	nad-a001-02-000000541753960	bsn-a001-00-000000013604308	18	99	529514	M	6	0	0	18	0
20260829	4291318	cmp-a001-02-000000010764328	grp-a001-02-000000069047580	프로틴바	nad-a001-02-000000553654559	bsn-a001-00-000000013604308	18	99	768323	M	1	0	0	4	0
20260829	4291318	cmp-a001-02-000000010764328	grp-a001-02-000000069047580	하루	nad-a001-02-000000541753960	bsn-a001-00-000000013604308	18	03	137281	M	3	0	0	3	0
20260829	4291318	cmp-a001-02-000000010764328	grp-a001-02-000000069047580	견과류	nad-a001-02-000000541753959	bsn-a001-00-000000013604308	18	03	529514	M	36	0	0	72	0
20260829	4291318	cmp-a001-02-000000010764328	grp-a001-02-000000069047580	젤리	nad-a001-02-000000541753985	bsn-a001-00-000000013604308	18	10	529514	M	1	0	0	4	0
20260829	4291318	cmp-a001-02-000000010764328	grp-a001-02-000000069047580	균형영양식	nad-a001-02-000000541753965	bsn-a001-00-000000013604308	18	18	87620	M	1	0	0	2	0
20260829	4291318	cmp-a001-02-000000010764328	grp-a001-02-000000069047580	갓	nad-a001-02-000000541753999	bsn-a001-00-000000013604308	18	13	8753	M	1	0	0	2	0
20260829	4291318	cmp-a001-02-000000010764328	grp-a001-02-000000069047580	스토어	nad-a001-02-000000541753997	bsn-a001-00-000000013604308	18	13	98128	M	3	0	0	3	0
20260829	4291318	cmp-a001-02-000000010764328	grp-a001-02-000000069047580	식물성단백질	nad-a001-02-000000553654562	bsn-a001-00-000000013604308	18	09	529514	M	2	0	0	2	0
20260829	4291318	cmp-a001-02-000000010764328	grp-a001-02-000000069047580	제리	nad-a001-02-000000541753985	bsn-a001-00-000000013604308	18	02	27758	P	1	0	0	3	0
20260829	4291318	cmp-a001-02-000000010764328	grp-a001-02-000000069047580	프로틴바	nad-a001-02-000000553654558	bsn-a001-00-000000013604308	18	09	529514	M	2	0	0	4	0
20260829	4291318	cmp-a001-02-000000010764328	grp-a001-02-000000069047580	쉐이크	nad-a001-02-000000553654562	bsn-a001-00-000000013604308	18	15	98128	M	1	0	0	1	0
20260829	4291318	cmp-a001-02-000000010764328	grp-a001-02-000000069047580	단백질바	nad-a001-02-000000553654558	bsn-a001-00-000000013604308	18	09	529514	M	8	0	0	16	0
20260829	4291318	cmp-a001-02-000000010764328	grp-a001-02-000000069047580	식물성식사대용쉐이크	nad-a001-02-000000553654562	bsn-a001-00-000000013604308	18	06	684925	P	1	0	0	1	0
20260829	4291318	cmp-a001-02-000000010764328	grp-a001-02-000000069047580	단백질바	nad-a001-02-000000553654554	bsn-a001-00-000000013604308	18	11	33421	M	5	0	0	15	0
20260829	4291318	cmp-a001-02-000000010764328	grp-a001-02-000000069047580	하루견과	nad-a001-02-000000541753999	bsn-a001-00-000000013604308	18	09	8753	M	2	1	2587	3	0
20260829	4291318	cmp-a001-02-000000010764328	grp-a001-02-000000069047580	단백질쉐이크	nad-a001-02-000000553654562	bsn-a001-00-000000013604308	18	08	8753	M	1	0	0	13	0
20260829	4291318	cmp-a001-02-000000010764328	grp-a001-02-000000069047580	단백질쉐이크	nad-a001-02-000000553654562	bsn-a001-00-000000013604308	18	03	529514	M	8	0	0	8	0
20260829	4291318	cmp-a001-02-000000010764328	grp-a001-02-000000069047580	단백질	nad-a001-02-000000553654562	bsn-a001-00-000000013604308	18	09	612593	P	1	0	0	1	0
20260829	4291318	cmp-a001-02-000000010764328	grp-a001-02-000000069047580	바8	nad-a001-02-000000553654554	bsn-a001-00-000000013604308	18	06	8753	M	1	0	0	1	0
20260829	4291318	cmp-a001-02-000000010764328	grp-a001-02-000000069047580	견과류	nad-a001-02-000000541753960	bsn-a001-00-000000013604308	18	09	23123	P	2	0	0	4	0
20260829	4291318	cmp-a001-02-000000010764328	grp-a001-02-000000069047580	젤리	nad-a001-02-000000541753985	bsn-a001-00-000000013604308	18	08	87620	M	4	0	0	8	0
20260829	4291318	cmp-a001-02-000000010764328	grp-a001-02-000000069047580	하루	nad-a001-02-000000541753960	bsn-a001-00-000000013604308	18	18	612594	M	1	0	0	8	0
20260829	4291318	cmp-a001-02-000000010764328	grp-a001-02-000000069047580	견과류하루섭취량	nad-a001-02-000000541753999	bsn-a001-00-000000013604308	18	09	8753	M	1	0	0	2	0
20260829	4291318	cmp-a001-02-000000010764328	grp-a001-02-000000069047580	젤리	nad-a001-02-000000541753985	bsn-a001-00-000000013604308	18	09	137281	M	2	0	0	2	0
20260829	4291318	cmp-a001-02-000000010764328	grp-a001-02-000000069047580	프로틴	nad-a001-02-000000553654562	bsn-a001-00-000000013604308	18	02	137281	M	3	0	0	3	0
20260829	4291318	cmp-a001-02-000000010764328	grp-a001-02-000000069047580	젤리	nad-a001-02-000000541753985	bsn-a001-00-000000013604308	18	02	8753	M	4	0	0	9	0
20260829	4291318	cmp-a001-02-000000010764328	grp-a001-02-000000069047580	젤리	nad-a001-02-000000541753985	bsn-a001-00-000000013604308	18	02	684924	M	1	0	0	1	0
20260829	4291318	cmp-a001-02-000000010764328	grp-a001-02-000000069047580	프로틴	nad-a001-02-000000553654562	bsn-a001-00-000000013604308	18	18	341893	M	1	0	0	1	0
20260829	4291318	cmp-a001-02-000000010764328	grp-a001-02-000000069047580	견과세트	nad-a001-02-000000541753959	bsn-a001-00-000000013604308	18	08	768323	M	1	0	0	1	0
20260829	4291318	cmp-a001-02-000000010764328	grp-a001-02-000000069047580	견과류추천	nad-a001-02-000000541753999	bsn-a001-00-000000013604308	18	13	8753	M	1	0	0	2	0
20260829	4291318	cmp-a001-02-000000010764328	grp-a001-02-000000069047580	견과류	nad-a001-02-000000541753999	bsn-a001-00-000000013604308	18	18	529514	M	24	0	0	24	0
20260829	4291318	cmp-a001-02-000000010764328	grp-a001-02-000000069047580	갓	nad-a001-02-000000541753960	bsn-a001-00-000000013604308	18	11	27758	P	1	0	0	3	0
20260829	4291318	cmp-a001-02-000000010764328	grp-a001-02-000000069047580	고창복분자분말	nad-a001-02-000000541753997	bsn-a001-00-000000013604308	18	16	341893	M	2	0	0	2	0
20260829	4291318	cmp-a001-02-000000010764328	grp-a001-02-000000069047580	쉐이크	nad-a001-02-000000553654562	bsn-a001-00-000000013604308	18	09	529514	M	12	0	0	16	0
20260829	4291318	cmp-a001-02-000000010764328	grp-a001-02-000000069047580	젤리	nad-a001-02-000000541753985	bsn-a001-00-000000013604308	18	16	768323	M	1	0	0	2	0
20260829	4291318	cmp-a001-02-000000010764328	grp-a001-02-000000069047580	단백질보충제	nad-a001-02-000000553654562	bsn-a001-00-000000013604308	18	09	23123	P	2	0	0	2	0
20260829	4291318	cmp-a001-02-000000010764328	grp-a001-02-000000069047580	견과류	nad-a001-02-000000541753959	bsn-a001-00-000000013604308	18	03	8753	M	4	0	0	13	0
20260829	4291318	cmp-a001-02-000000010764328	grp-a001-02-000000069047580	단백질바	nad-a001-02-000000553654554	bsn-a001-00-000000013604308	18	03	33421	M	2	0	0	6	0
20260829	4291318	cmp-a001-02-000000010764328	grp-a001-02-000000069047580	단백질	nad-a001-02-000000553654562	bsn-a001-00-000000013604308	18	14	137281	M	1	0	0	1	0
20260829	4291318	cmp-a001-02-000000010764328	grp-a001-02-000000069047580	견과류	nad-a001-02-000000541753959	bsn-a001-00-000000013604308	18	08	684926	M	1	0	0	3	0
20260829	4291318	cmp-a001-02-000000010764328	grp-a001-02-000000069047580	젤리	nad-a001-02-000000541753985	bsn-a001-00-000000013604308	18	99	137281	M	3	0	0	3	0
20260829	4291318	cmp-a001-02-000000010764328	grp-a001-02-000000069047580	갓	nad-a001-02-000000541753959	bsn-a001-00-000000013604308	18	02	33421	M	1	0	0	4	0
20260829	4291318	cmp-a001-02-000000010764328	grp-a001-02-000000069047580	젤리	nad-a001-02-000000541753985	bsn-a001-00-000000013604308	18	09	529514	M	39	0	0	87	0
20260829	4291318	cmp-a001-02-000000010764328	grp-a001-02-000000069047580	황성주생식	nad-a001-02-000000541753997	bsn-a001-00-000000013604308	18	09	8753	M	2	0	0	7	0
20260829	4291318	cmp-a001-02-000000010764328	grp-a001-02-000000069047580	단백질	nad-a001-02-000000553654562	bsn-a001-00-000000013604308	18	06	98128	M	1	0	0	1	0
20260829	4291318	cmp-a001-02-000000010764328	grp-a001-02-000000069047580	프로틴바	nad-a001-02-000000553654554	bsn-a001-00-000000013604308	18	09	33421	M	1	0	0	3	0
20260829	4291318	cmp-a001-02-000000010764328	grp-a001-02-000000069047580	견과세트	nad-a001-02-000000541753960	bsn-a001-00-000000013604308	18	09	768323	M	2	0	0	8	0
20260829	4291318	cmp-a001-02-000000010764328	grp-a001-02-000000069047580	견과류	nad-a001-02-000000541753960	bsn-a001-00-000000013604308	18	15	33421	M	1	0	0	4	0
20260829	4291318	cmp-a001-02-000000010764328	grp-a001-02-000000069047580	견과류	nad-a001-02-000000541753999	bsn-a001-00-000000013604308	18	16	529514	M	11	0	0	11	0
20260829	4291318	cmp-a001-02-000000010764328	grp-a001-02-000000069047580	하루	nad-a001-02-000000541753999	bsn-a001-00-000000013604308	18	02	137281	M	3	0	0	6	0
20260829	4291318	cmp-a001-02-000000010764328	grp-a001-02-000000069047580	단백질	nad-a001-02-000000553654562	bsn-a001-00-000000013604308	18	02	98128	M	1	0	0	1	0
20260829	4291318	cmp-a001-02-000000010764328	grp-a001-02-000000069047580	견과류세트	nad-a001-02-000000541753959	bsn-a001-00-000000013604308	18	09	8753	M	1	0	0	3	0
20260829	4291318	cmp-a001-02-000000010764328	grp-a001-02-000000069047580	단백질간식	nad-a001-02-000000553654554	bsn-a001-00-000000013604308	18	09	8753	M	1	0	0	1	0
20260829	4291318	cmp-a001-02-000000010764328	grp-a001-02-000000069047580	단백질쉐이크	nad-a001-02-000000553654562	bsn-a001-00-000000013604308	18	02	98128	M	2	0	0	2	0
20260829	4291318	cmp-a001-02-000000010764328	grp-a001-02-000000069047580	단백질바	nad-a001-02-000000553654559	bsn-a001-00-000000013604308	18	00	529514	M	2	0	0	8	0
20260829	4291318	cmp-a001-02-000000010764328	grp-a001-02-000000069047580	갓	nad-a001-02-000000541753999	bsn-a001-00-000000013604308	18	01	8753	M	1	0	0	3	0
20260829	4291318	cmp-a001-02-000000010764328	grp-a001-02-000000069047580	견과	nad-a001-02-000000541753999	bsn-a001-00-000000013604308	18	09	8753	M	1	0	0	3	0
20260829	4291318	cmp-a001-02-000000010764328	grp-a001-02-000000069047580	갓	nad-a001-02-000000541753960	bsn-a001-00-000000013604308	18	02	33421	M	1	0	0	3	0
20260829	4291318	cmp-a001-02-000000010764328	grp-a001-02-000000069047580	단백질	nad-a001-02-000000553654562	bsn-a001-00-000000013604308	18	99	98128	M	3	0	0	3	0
20260829	4291318	cmp-a001-02-000000010764328	grp-a001-02-000000069047580	견과류	nad-a001-02-000000541753960	bsn-a001-00-000000013604308	18	00	529514	M	1	0	0	3	0
20260829	4291318	cmp-a001-02-000000010764328	grp-a001-02-000000069047580	유기농양배추가루	nad-a001-02-000000541753996	bsn-a001-00-000000013604308	18	02	341898	M	2	0	0	2	0
20260829	4291318	cmp-a001-02-000000010764328	grp-a001-02-000000069047580	단백질바	nad-a001-02-000000553654554	bsn-a001-00-000000013604308	18	10	11068	P	1	0	0	1	0
20260829	4291318	cmp-a001-02-000000010764328	grp-a001-02-000000069047580	견과류	nad-a001-02-000000541753999	bsn-a001-00-000000013604308	18	99	529514	M	74	0	0	74	0
20260829	4291318	cmp-a001-02-000000010764328	grp-a001-02-000000069047580	프로틴바	nad-a001-02-000000553654554	bsn-a001-00-000000013604308	18	02	529514	M	6	0	0	6	0
20260829	4291318	cmp-a001-02-000000010764328	grp-a001-02-000000069047580	견과류세트	nad-a001-02-000000541753999	bsn-a001-00-000000013604308	18	09	529514	M	2	0	0	4	0
20260829	4291318	cmp-a001-02-000000010764328	grp-a001-02-000000069047580	프로틴	nad-a001-02-000000553654562	bsn-a001-00-000000013604308	18	15	684926	M	2	0	0	20	0
20260829	4291318	cmp-a001-02-000000010764328	grp-a001-02-000000069047580	쉐이크	nad-a001-02-000000553654562	bsn-a001-00-000000013604308	18	18	98128	M	1	0	0	1	0
20260829	4291318	cmp-a001-02-000000010764328	grp-a001-02-000000069047580	공복견과류	nad-a001-02-000000541753959	bsn-a001-00-000000013604308	18	04	8753	M	2	0	0	6	0
20260829	4291318	cmp-a001-02-000000010764328	grp-a001-02-000000069047580	하루	nad-a001-02-000000541753999	bsn-a001-00-000000013604308	18	18	137281	M	7	0	0	14	0
20260829	4291318	cmp-a001-02-000000010764328	grp-a001-02-000000069047580	하루견과	nad-a001-02-000000541753959	bsn-a001-00-000000013604308	18	02	684926	M	3	1	2158	12	0
20260829	4291318	cmp-a001-02-000000010764328	grp-a001-02-000000069047580	단백질쉐이크	nad-a001-02-000000553654562	bsn-a001-00-000000013604308	18	18	529514	M	17	0	0	17	0
20260829	4291318	cmp-a001-02-000000010764328	grp-a001-02-000000069047580	견과류	nad-a001-02-000000541753959	bsn-a001-00-000000013604308	18	09	684926	M	3	0	0	9	0
20260829	4291318	cmp-a001-02-000000010764328	grp-a001-02-000000069047580	젤리	nad-a001-02-000000541753985	bsn-a001-00-000000013604308	18	09	768323	M	8	0	0	33	0
20260829	4291318	cmp-a001-02-000000010764328	grp-a001-02-000000069047580	하루견과	nad-a001-02-000000541753959	bsn-a001-00-000000013604308	18	02	341893	M	1	0	0	1	0
20260829	4291318	cmp-a001-02-000000010764328	grp-a001-02-000000069047580	단백질보충제	nad-a001-02-000000553654562	bsn-a001-00-000000013604308	18	03	23123	P	2	0	0	2	0
20260829	4291318	cmp-a001-02-000000010764328	grp-a001-02-000000069047580	단백질바	nad-a001-02-000000553654554	bsn-a001-00-000000013604308	18	02	11068	P	1	0	0	1	0
20260829	4291318	cmp-a001-02-000000010764328	grp-a001-02-000000069047580	견과세트	nad-a001-02-000000541753960	bsn-a001-00-000000013604308	18	99	768323	M	3	0	0	9	0
20260829	4291318	cmp-a001-02-000000010764328	grp-a001-02-000000069047580	프로틴	nad-a001-02-000000553654562	bsn-a001-00-000000013604308	18	02	768323	M	25	0	0	63	0
20260829	4291318	cmp-a001-02-000000010764328	grp-a001-02-000000069047580	견과류	nad-a001-02-000000541753959	bsn-a001-00-000000013604308	18	04	529514	M	23	0	0	44	0
20260829	4291318	cmp-a001-02-000000010764328	grp-a001-02-000000069047580	옛날에너지바	nad-a001-02-000000553654554	bsn-a001-00-000000013604308	18	11	8753	M	1	0	0	1	0
20260829	4291318	cmp-a001-02-000000010764328	grp-a001-02-000000069047580	봉지견과류	nad-a001-02-000000541753999	bsn-a001-00-000000013604308	18	18	8753	M	4	0	0	4	0
20260829	4291318	cmp-a001-02-000000010764328	grp-a001-02-000000069047580	단백질바	nad-a001-02-000000553654558	bsn-a001-00-000000013604308	18	10	11068	P	1	0	0	4	0
20260829	4291318	cmp-a001-02-000000010764328	grp-a001-02-000000069047580	갓	nad-a001-02-000000541753959	bsn-a001-00-000000013604308	18	01	8753	M	2	0	0	2	0
20260829	4291318	cmp-a001-02-000000010764328	grp-a001-02-000000069047580	견과류	nad-a001-02-000000541753959	bsn-a001-00-000000013604308	18	02	684924	M	1	0	0	1	0
20260829	4291318	cmp-a001-02-000000010764328	grp-a001-02-000000069047580	단백질쉐이크곡물맛	nad-a001-02-000000553654562	bsn-a001-00-000000013604308	18	09	8753	M	1	0	0	10	0
20260829	4291318	cmp-a001-02-000000010764328	grp-a001-02-000000069047580	견과류	nad-a001-02-000000541753999	bsn-a001-00-000000013604308	18	03	684924	M	1	0	0	1	0
20260829	4291318	cmp-a001-02-000000010764328	grp-a001-02-000000069047580	단백질쉐이크	nad-a001-02-000000553654562	bsn-a001-00-000000013604308	18	10	529514	M	3	0	0	3	0
20260829	4291318	cmp-a001-02-000000010764328	grp-a001-02-000000069047580	하루도	nad-a001-02-000000541753960	bsn-a001-00-000000013604308	18	09	529514	M	1	0	0	2	0
20260829	4291318	cmp-a001-02-000000010764328	grp-a001-02-000000069047580	프로틴단백질	nad-a001-02-000000553654562	bsn-a001-00-000000013604308	18	17	529514	M	2	0	0	2	0
20260829	4291318	cmp-a001-02-000000010764328	grp-a001-02-000000069047580	견과류	nad-a001-02-000000541753959	bsn-a001-00-000000013604308	18	09	529514	M	168	0	0	335	0
20260829	4291318	cmp-a001-02-000000010764328	grp-a001-02-000000069047580	견과류	nad-a001-02-000000541753959	bsn-a001-00-000000013604308	18	09	27758	P	1	0	0	4	0
20260829	4291318	cmp-a001-02-000000010764328	grp-a001-02-000000069047580	치플레크런치플레	nad-a001-02-000000553654554	bsn-a001-00-000000013604308	18	02	8753	M	1	0	0	3	0
20260829	4291318	cmp-a001-02-000000010764328	grp-a001-02-000000069047580	견과류	nad-a001-02-000000541753999	bsn-a001-00-000000013604308	18	13	529514	M	12	0	0	12	0
20260829	4291318	cmp-a001-02-000000010764328	grp-a001-02-000000069047580	하루	nad-a001-02-000000541753960	bsn-a001-00-000000013604308	18	17	137281	M	2	0	0	2	0
20260829	4291318	cmp-a001-02-000000010764328	grp-a001-02-000000069047580	프로틴	nad-a001-02-000000553654562	bsn-a001-00-000000013604308	18	03	529514	M	11	0	0	11	0
20260829	4291318	cmp-a001-02-000000010764328	grp-a001-02-000000069047580	하루	nad-a001-02-000000553654562	bsn-a001-00-000000013604308	18	99	612594	M	1	0	0	3	0
20260829	4291318	cmp-a001-02-000000010764328	grp-a001-02-000000069047580	하루	nad-a001-02-000000553654562	bsn-a001-00-000000013604308	18	18	612594	M	1	0	0	3	0
20260829	4291318	cmp-a001-02-000000010764328	grp-a001-02-000000069047580	단백질쉐이크	nad-a001-02-000000553654562	bsn-a001-00-000000013604308	18	06	98128	M	2	0	0	2	0
20260829	4291318	cmp-a001-02-000000010764328	grp-a001-02-000000069047580	사탕젤리	nad-a001-02-000000541753985	bsn-a001-00-000000013604308	18	00	87620	M	1	0	0	2	0
20260829	4291318	cmp-a001-02-000000010764328	grp-a001-02-000000069047580	에너지바	nad-a001-02-000000553654558	bsn-a001-00-000000013604308	18	09	8753	M	1	0	0	5	0
20260829	4291318	cmp-a001-02-000000010764328	grp-a001-02-000000069047580	황성주식품	nad-a001-02-000000541754004	bsn-a001-00-000000013604308	18	99	612594	M	1	0	0	2	0
20260829	4291318	cmp-a001-02-000000010764328	grp-a001-02-000000069047580	견과류	nad-a001-02-000000541753999	bsn-a001-00-000000013604308	18	02	8753	M	7	1	2559	11	0
20260829	4291318	cmp-a001-02-000000010764328	grp-a001-02-000000069047580	하루	nad-a001-02-000000541753960	bsn-a001-00-000000013604308	18	09	98128	M	3	0	0	12	0
20260829	4291318	cmp-a001-02-000000010764328	grp-a001-02-000000069047580	하루견과	nad-a001-02-000000541753959	bsn-a001-00-000000013604308	18	02	529514	M	6	0	0	12	0
20260829	4291318	cmp-a001-02-000000010764328	grp-a001-02-000000069047580	나인플레이트견과	nad-a001-02-000000541753999	bsn-a001-00-000000013604308	18	11	341893	M	1	0	0	1	0
20260829	4291318	cmp-a001-02-000000010764328	grp-a001-02-000000069047580	젤리	nad-a001-02-000000541753985	bsn-a001-00-000000013604308	18	09	33421	M	1	0	0	7	0
20260829	4291318	cmp-a001-02-000000010764328	grp-a001-02-000000069047580	견과류	nad-a001-02-000000541753959	bsn-a001-00-000000013604308	18	02	684926	M	2	0	0	7	0
20260829	4291318	cmp-a001-02-000000010764328	grp-a001-02-000000069047580	다이어트쉐이크	nad-a001-02-000000553654562	bsn-a001-00-000000013604308	18	16	529514	M	2	0	0	2	0
20260829	4291318	cmp-a001-02-000000010764328	grp-a001-02-000000069047580	하루견과	nad-a001-02-000000541753960	bsn-a001-00-000000013604308	18	13	8753	M	2	0	0	6	0
20260829	4291318	cmp-a001-02-000000010764328	grp-a001-02-000000069047580	효소마을500G	nad-a001-02-000000541753996	bsn-a001-00-000000013604308	18	09	341898	M	1	0	0	1	0
20260829	4291318	cmp-a001-02-000000010764328	grp-a001-02-000000069047580	프로틴	nad-a001-02-000000553654562	bsn-a001-00-000000013604308	18	10	529514	M	8	0	0	8	0
20260829	4291318	cmp-a001-02-000000010764328	grp-a001-02-000000069047580	칼로리바	nad-a001-02-000000553654559	bsn-a001-00-000000013604308	18	11	8753	M	1	0	0	3	0
20260829	4291318	cmp-a001-02-000000010764328	grp-a001-02-000000069047580	단백질보충제	nad-a001-02-000000553654562	bsn-a001-00-000000013604308	18	02	529514	M	8	0	0	8	0
20260829	4291318	cmp-a001-02-000000010764328	grp-a001-02-000000069047580	에너지바	nad-a001-02-000000553654558	bsn-a001-00-000000013604308	18	03	8753	M	1	0	0	4	0
20260829	4291318	cmp-a001-02-000000010764328	grp-a001-02-000000069047580	견과류	nad-a001-02-000000541753960	bsn-a001-00-000000013604308	18	02	8753	M	7	0	0	16	0
20260829	4291318	cmp-a001-02-000000010764328	grp-a001-02-000000069047580	단백질바	nad-a001-02-000000553654554	bsn-a001-00-000000013604308	18	11	98128	M	2	0	0	3	0
20260829	4291318	cmp-a001-02-000000010764328	grp-a001-02-000000069047580	프로틴바	nad-a001-02-000000553654554	bsn-a001-00-000000013604308	18	99	768323	M	1	0	0	1	0
20260829	4291318	cmp-a001-02-000000010764328	grp-a001-02-000000069047580	단백질식품	nad-a001-02-000000553654562	bsn-a001-00-000000013604308	18	09	612594	M	1	0	0	2	0
20260829	4291318	cmp-a001-02-000000010764328	grp-a001-02-000000069047580	제리	nad-a001-02-000000541753985	bsn-a001-00-000000013604308	18	07	137281	M	15	0	0	15	0
20260829	4291318	cmp-a001-02-000000010764328	grp-a001-02-000000069047580	가루	nad-a001-02-000000541753997	bsn-a001-00-000000013604308	18	09	684924	M	1	0	0	1	0
20260829	4291318	cmp-a001-02-000000010764328	grp-a001-02-000000069047580	젤리	nad-a001-02-000000541753985	bsn-a001-00-000000013604308	18	09	684924	M	1	0	0	1	0
20260829	4291318	cmp-a001-02-000000010764328	grp-a001-02-000000069047580	단백질바	nad-a001-02-000000553654554	bsn-a001-00-000000013604308	18	09	8753	M	2	0	0	7	0
20260829	4291318	cmp-a001-02-000000010764328	grp-a001-02-000000069047580	하루견과	nad-a001-02-000000541753999	bsn-a001-00-000000013604308	18	10	87620	M	2	0	0	2	0
20260829	4291318	cmp-a001-02-000000010764328	grp-a001-02-000000069047580	골든오차드트레일	nad-a001-02-000000541753959	bsn-a001-00-000000013604308	18	18	341893	M	1	0	0	1	0
20260829	4291318	cmp-a001-02-000000010764328	grp-a001-02-000000069047580	하루견과	nad-a001-02-000000541753999	bsn-a001-00-000000013604308	18	01	684926	M	1	0	0	1	0
20260829	4291318	cmp-a001-02-000000010764328	grp-a001-02-000000069047580	스토어	nad-a001-02-000000541753997	bsn-a001-00-000000013604308	18	09	98128	M	25	0	0	25	0
20260829	4291318	cmp-a001-02-000000010764328	grp-a001-02-000000069047580	견과류	nad-a001-02-000000541753959	bsn-a001-00-000000013604308	18	04	8753	M	1	0	0	4	0
20260829	4291318	cmp-a001-02-000000010764328	grp-a001-02-000000069047580	제리	nad-a001-02-000000541753985	bsn-a001-00-000000013604308	18	02	98128	M	1	0	0	2	0
20260829	4291318	cmp-a001-02-000000010764328	grp-a001-02-000000069047580	스토어	nad-a001-02-000000541753997	bsn-a001-00-000000013604308	18	11	98128	M	3	0	0	3	0
20260829	4291318	cmp-a001-02-000000010764328	grp-a001-02-000000069047580	칼로리바	nad-a001-02-000000553654559	bsn-a001-00-000000013604308	18	09	8753	M	2	0	0	8	0
20260829	4291318	cmp-a001-02-000000010764328	grp-a001-02-000000069047580	단백질보충제	nad-a001-02-000000553654562	bsn-a001-00-000000013604308	18	03	529514	M	9	0	0	9	0
20260829	4291318	cmp-a001-02-000000010764328	grp-a001-02-000000069047580	프로틴바	nad-a001-02-000000553654559	bsn-a001-00-000000013604308	18	18	98128	M	2	0	0	8	0
20260829	4291318	cmp-a001-02-000000010764328	grp-a001-02-000000069047580	뉴투리션단백질씨리얼	nad-a001-02-000000553654554	bsn-a001-00-000000013604308	18	04	8753	M	1	0	0	2	0
20260829	4291318	cmp-a001-02-000000010764328	grp-a001-02-000000069047580	견과세트	nad-a001-02-000000541753959	bsn-a001-00-000000013604308	18	99	768323	M	3	0	0	3	0
20260829	4291318	cmp-a001-02-000000010764328	grp-a001-02-000000069047580	프로틴바	nad-a001-02-000000553654559	bsn-a001-00-000000013604308	18	02	529514	M	6	0	0	19	0
20260829	4291318	cmp-a001-02-000000010764328	grp-a001-02-000000069047580	견과류세트	nad-a001-02-000000541753999	bsn-a001-00-000000013604308	18	03	8753	M	2	0	0	2	0
20260829	4291318	cmp-a001-02-000000010764328	grp-a001-02-000000069047580	하루견과	nad-a001-02-000000541753959	bsn-a001-00-000000013604308	18	09	684926	M	1	0	0	4	0
20260829	4291318	cmp-a001-02-000000010764328	grp-a001-02-000000069047580	고창복분자가루	nad-a001-02-000000541753997	bsn-a001-00-000000013604308	18	08	341893	M	1	0	0	1	0
20260829	4291318	cmp-a001-02-000000010764328	grp-a001-02-000000069047580	쉐이크	nad-a001-02-000000553654562	bsn-a001-00-000000013604308	18	99	417067	M	1	0	0	1	0
20260829	4291318	cmp-a001-02-000000010764328	grp-a001-02-000000069047580	견과류	nad-a001-02-000000541753959	bsn-a001-00-000000013604308	18	16	529514	M	11	0	0	22	0
20260829	4291318	cmp-a001-02-000000010764328	grp-a001-02-000000069047580	프로틴	nad-a001-02-000000553654562	bsn-a001-00-000000013604308	18	09	529514	M	87	0	0	87	0
20260829	4291318	cmp-a001-02-000000010764328	grp-a001-02-000000069047580	하루	nad-a001-02-000000553654562	bsn-a001-00-000000013604308	18	09	98128	M	3	0	0	15	0
20260829	4291318	cmp-a001-02-000000010764328	grp-a001-02-000000069047580	프로틴	nad-a001-02-000000553654562	bsn-a001-00-000000013604308	18	18	8753	M	1	0	0	14	0
20260829	4291318	cmp-a001-02-000000010764328	grp-a001-02-000000069047580	견과류	nad-a001-02-000000541753999	bsn-a001-00-000000013604308	18	03	33421	M	1	0	0	1	0
20260829	4291318	cmp-a001-02-000000010764328	grp-a001-02-000000069047580	가루	nad-a001-02-000000541753996	bsn-a001-00-000000013604308	18	09	8753	M	1	0	0	3	0
20260829	4291318	cmp-a001-02-000000010764328	grp-a001-02-000000069047580	견과세트	nad-a001-02-000000541753959	bsn-a001-00-000000013604308	18	02	768323	M	1	0	0	2	0
20260829	4291318	cmp-a001-02-000000010764328	grp-a001-02-000000069047580	프로틴	nad-a001-02-000000553654562	bsn-a001-00-000000013604308	18	06	529514	M	5	0	0	5	0
20260829	4291318	cmp-a001-02-000000010764328	grp-a001-02-000000069047580	보충제	nad-a001-02-000000553654562	bsn-a001-00-000000013604308	18	18	529514	M	9	0	0	9	0
20260829	4291318	cmp-a001-02-000000010764328	grp-a001-02-000000069047580	견과류	nad-a001-02-000000541753959	bsn-a001-00-000000013604308	18	08	529514	M	22	0	0	44	0
20260829	4291318	cmp-a001-02-000000010764328	grp-a001-02-000000069047580	프로틴바	nad-a001-02-000000553654559	bsn-a001-00-000000013604308	18	99	529514	M	4	0	0	12	0
20260829	4291318	cmp-a001-02-000000010764328	grp-a001-02-000000069047580	하루	nad-a001-02-000000541753960	bsn-a001-00-000000013604308	18	99	137281	M	15	0	0	15	0
20260829	4291318	cmp-a001-02-000000010764328	grp-a001-02-000000069047580	쉐이크	nad-a001-02-000000553654562	bsn-a001-00-000000013604308	18	11	98128	M	2	0	0	2	0
20260829	4291318	cmp-a001-02-000000010764328	grp-a001-02-000000069047580	프로틴	nad-a001-02-000000553654562	bsn-a001-00-000000013604308	18	04	529514	M	1	0	0	1	0
20260829	4291318	cmp-a001-02-000000010764328	grp-a001-02-000000069047580	연세우유생식	nad-a001-02-000000541754004	bsn-a001-00-000000013604308	18	18	341893	M	1	0	0	1	0
20260829	4291318	cmp-a001-02-000000010764328	grp-a001-02-000000069047580	균형영양식	nad-a001-02-000000541753965	bsn-a001-00-000000013604308	18	09	23123	P	1	0	0	2	0
20260829	4291318	cmp-a001-02-000000010764328	grp-a001-02-000000069047580	견과류	nad-a001-02-000000541753960	bsn-a001-00-000000013604308	18	11	529514	M	20	0	0	60	0
20260829	4291318	cmp-a001-02-000000010764328	grp-a001-02-000000069047580	에너지바	nad-a001-02-000000553654554	bsn-a001-00-000000013604308	18	03	11068	P	1	0	0	2	0
20260829	4291318	cmp-a001-02-000000010764328	grp-a001-02-000000069047580	프로틴바	nad-a001-02-000000553654558	bsn-a001-00-000000013604308	18	99	529514	M	2	0	0	4	0
20260829	4291318	cmp-a001-02-000000010764328	grp-a001-02-000000069047580	단백질쉐이크	nad-a001-02-000000553654562	bsn-a001-00-000000013604308	18	06	529514	M	12	0	0	12	0
20260829	4291318	cmp-a001-02-000000010764328	grp-a001-02-000000069047580	살찌는보충제	nad-a001-02-000000553654562	bsn-a001-00-000000013604308	18	01	341893	M	1	0	0	4	0
20260829	4291318	cmp-a001-02-000000010764328	grp-a001-02-000000069047580	프룻젤리	nad-a001-02-000000541753985	bsn-a001-00-000000013604308	18	13	612594	M	1	0	0	1	0
20260829	4291318	cmp-a001-02-000000010764328	grp-a001-02-000000069047580	하루	nad-a001-02-000000541753960	bsn-a001-00-000000013604308	18	14	137281	M	7	0	0	7	0
20260829	4291318	cmp-a001-02-000000010764328	grp-a001-02-000000069047580	갓	nad-a001-02-000000541753999	bsn-a001-00-000000013604308	18	03	8753	M	1	0	0	2	0
20260829	4291318	cmp-a001-02-000000010764328	grp-a001-02-000000069047580	하루	nad-a001-02-000000553654562	bsn-a001-00-000000013604308	18	09	529514	M	1	0	0	5	0
20260829	4291318	cmp-a001-02-000000010764328	grp-a001-02-000000069047580	생식가루	nad-a001-02-000000541753997	bsn-a001-00-000000013604308	18	09	8753	M	2	1	5532	3	0
20260829	4291318	cmp-a001-02-000000010764328	grp-a001-02-000000069047580	황성주생식	nad-a001-02-000000541753997	bsn-a001-00-000000013604308	18	02	8753	M	2	0	0	8	0
20260829	4291318	cmp-a001-02-000000010764328	grp-a001-02-000000069047580	황성주생식	nad-a001-02-000000541753996	bsn-a001-00-000000013604308	18	03	612594	M	1	0	0	3	0
20260829	4291318	cmp-a001-02-000000010764328	grp-a001-02-000000069047580	칼로리바	nad-a001-02-000000553654559	bsn-a001-00-000000013604308	18	02	8753	M	1	0	0	4	0
20260829	4291318	cmp-a001-02-000000010764328	grp-a001-02-000000069047580	견과류추천	nad-a001-02-000000541753999	bsn-a001-00-000000013604308	18	02	8753	M	1	0	0	1	0
20260829	4291318	cmp-a001-02-000000010764328	grp-a001-02-000000069047580	견과류	nad-a001-02-000000541753960	bsn-a001-00-000000013604308	18	08	529514	M	22	0	0	66	0
20260829	4291318	cmp-a001-02-000000010764328	grp-a001-02-000000069047580	프로틴바	nad-a001-02-000000553654559	bsn-a001-00-000000013604308	18	09	529514	M	2	0	0	7	0
20260829	4291318	cmp-a001-02-000000010764328	grp-a001-02-000000069047580	단백질바두개	nad-a001-02-000000553654554	bsn-a001-00-000000013604308	18	02	8753	M	1	0	0	3	0
20260829	4291318	cmp-a001-02-000000010764328	grp-a001-02-000000069047580	견과류	nad-a001-02-000000541753959	bsn-a001-00-000000013604308	18	15	684924	M	1	0	0	1	0
20260829	4291318	cmp-a001-02-000000010764328	grp-a001-02-000000069047580	하루	nad-a001-02-000000541753959	bsn-a001-00-000000013604308	18	99	612594	M	1	0	0	2	0
20260829	4291318	cmp-a001-02-000000010764328	grp-a001-02-000000069047580	하루견과	nad-a001-02-000000541753960	bsn-a001-00-000000013604308	18	10	87620	M	2	0	0	6	0
20260829	4291318	cmp-a001-02-000000010764328	grp-a001-02-000000069047580	젤리	nad-a001-02-000000541753985	bsn-a001-00-000000013604308	18	11	8753	M	1	0	0	2	0
20260829	4291318	cmp-a001-02-000000010764328	grp-a001-02-000000069047580	프로틴바	nad-a001-02-000000553654554	bsn-a001-00-000000013604308	18	18	98128	M	4	0	0	4	0
20260829	4291318	cmp-a001-02-000000010764328	grp-a001-02-000000069047580	프로틴	nad-a001-02-000000553654562	bsn-a001-00-000000013604308	18	08	98128	M	2	0	0	2	0
20260829	4291318	cmp-a001-02-000000010764328	grp-a001-02-000000069047580	단백질바	nad-a001-02-000000553654559	bsn-a001-00-000000013604308	18	09	529514	M	8	0	0	28	0
20260829	4291318	cmp-a001-02-000000010764328	grp-a001-02-000000069047580	프로틴바	nad-a001-02-000000553654558	bsn-a001-00-000000013604308	18	09	8753	M	1	0	0	4	0
20260829	4291318	cmp-a001-02-000000010764328	grp-a001-02-000000069047580	견과류	nad-a001-02-000000541753960	bsn-a001-00-000000013604308	18	02	529514	M	97	0	0	291	0
20260829	4291318	cmp-a001-02-000000010764328	grp-a001-02-000000069047580	프로틴바	nad-a001-02-000000553654554	bsn-a001-00-000000013604308	18	99	529514	M	4	0	0	4	0
20260829	4291318	cmp-a001-02-000000010764328	grp-a001-02-000000069047580	젤리	nad-a001-02-000000541753985	bsn-a001-00-000000013604308	18	08	137281	M	1	0	0	1	0
20260829	4291318	cmp-a001-02-000000010764328	grp-a001-02-000000069047580	하루	nad-a001-02-000000541753960	bsn-a001-00-000000013604308	18	04	137281	M	3	0	0	3	0
20260829	4291318	cmp-a001-02-000000010764328	grp-a001-02-000000069047580	젤리	nad-a001-02-000000541753985	bsn-a001-00-000000013604308	18	18	8753	M	2	0	0	4	0
20260829	4291318	cmp-a001-02-000000010764328	grp-a001-02-000000069047580	황성주식품	nad-a001-02-000000541753996	bsn-a001-00-000000013604308	18	99	612594	M	1	0	0	3	0
20260829	4291318	cmp-a001-02-000000010764328	grp-a001-02-000000069047580	단백질쉐이크	nad-a001-02-000000553654562	bsn-a001-00-000000013604308	18	09	529514	M	56	0	0	56	0
20260829	4291318	cmp-a001-02-000000010764328	grp-a001-02-000000069047580	에너지바	nad-a001-02-000000553654559	bsn-a001-00-000000013604308	18	07	529514	M	2	0	0	4	0
20260829	4291318	cmp-a001-02-000000010764328	grp-a001-02-000000069047580	단백질바	nad-a001-02-000000553654554	bsn-a001-00-000000013604308	18	00	27758	P	1	0	0	2	0
20260829	4291318	cmp-a001-02-000000010764328	grp-a001-02-000000069047580	생식가루	nad-a001-02-000000541753997	bsn-a001-00-000000013604308	18	03	8753	M	1	0	0	2	0
20260829	4291318	cmp-a001-02-000000010764328	grp-a001-02-000000069047580	황성주생식	nad-a001-02-000000541754005	bsn-a001-00-000000013604308	18	09	341893	M	1	0	0	2	0
20260829	4291318	cmp-a001-02-000000010764328	grp-a001-02-000000069047580	단백질바	nad-a001-02-000000553654554	bsn-a001-00-000000013604308	18	03	8753	M	1	0	0	3	0
20260829	4291318	cmp-a001-02-000000010764328	grp-a001-02-000000069047580	견과세트	nad-a001-02-000000541753999	bsn-a001-00-000000013604308	18	07	768323	M	2	0	0	5	0
20260829	4291318	cmp-a001-02-000000010764328	grp-a001-02-000000069047580	견과류	nad-a001-02-000000541753999	bsn-a001-00-000000013604308	18	15	684924	M	1	0	0	1	0
20260829	4291318	cmp-a001-02-000000010764328	grp-a001-02-000000069047580	견과류세트	nad-a001-02-000000541753959	bsn-a001-00-000000013604308	18	18	8753	M	1	0	0	5	0
20260829	4291318	cmp-a001-02-000000010764328	grp-a001-02-000000069047580	단백질파우더	nad-a001-02-000000553654562	bsn-a001-00-000000013604308	18	02	768323	M	2	0	0	12	0
20260829	4291318	cmp-a001-02-000000010764328	grp-a001-02-000000069047580	단백질바	nad-a001-02-000000553654554	bsn-a001-00-000000013604308	18	11	8753	M	1	0	0	4	0
20260829	4291318	cmp-a001-02-000000010764328	grp-a001-02-000000069047580	견과세트	nad-a001-02-000000541753999	bsn-a001-00-000000013604308	18	06	768323	M	3	0	0	8	0
20260829	4291318	cmp-a001-02-000000010764328	grp-a001-02-000000069047580	단백질바	nad-a001-02-000000553654554	bsn-a001-00-000000013604308	18	02	529514	M	11	0	0	11	0
20260829	4291318	cmp-a001-02-000000010764328	grp-a001-02-000000069047580	견과류	nad-a001-02-000000541753999	bsn-a001-00-000000013604308	18	10	529514	M	15	0	0	15	0
20260829	4291318	cmp-a001-02-000000010764328	grp-a001-02-000000069047580	단백질바	nad-a001-02-000000553654559	bsn-a001-00-000000013604308	18	99	529514	M	6	0	0	21	0
20260829	4291318	cmp-a001-02-000000010764328	grp-a001-02-000000069047580	프로틴	nad-a001-02-000000553654562	bsn-a001-00-000000013604308	18	09	684927	P	1	0	0	9	0
20260829	4291318	cmp-a001-02-000000010764328	grp-a001-02-000000069047580	하루견과	nad-a001-02-000000541753960	bsn-a001-00-000000013604308	18	02	8753	M	2	0	0	6	0
20260829	4291318	cmp-a001-02-000000010764328	grp-a001-02-000000069047580	프로틴쉐이크	nad-a001-02-000000553654562	bsn-a001-00-000000013604308	18	11	529514	M	6	0	0	6	0
20260829	4291318	cmp-a001-02-000000010764328	grp-a001-02-000000069047580	견과류	nad-a001-02-000000541753959	bsn-a001-00-000000013604308	18	99	8753	M	1	0	0	3	0
20260829	4291318	cmp-a001-02-000000010764328	grp-a001-02-000000069047580	하루견과	nad-a001-02-000000541753960	bsn-a001-00-000000013604308	18	11	529514	M	4	0	0	12	0
20260829	4291318	cmp-a001-02-000000010764328	grp-a001-02-000000069047580	제리	nad-a001-02-000000541753985	bsn-a001-00-000000013604308	18	99	137281	M	30	0	0	36	0
20260829	4291318	cmp-a001-02-000000010764328	grp-a001-02-000000069047580	단백질	nad-a001-02-000000553654562	bsn-a001-00-000000013604308	18	09	98128	M	6	0	0	6	0
20260829	4291318	cmp-a001-02-000000010764328	grp-a001-02-000000069047580	젤리	nad-a001-02-000000541753985	bsn-a001-00-000000013604308	18	16	98128	M	1	0	0	2	0
20260829	4291318	cmp-a001-02-000000010764328	grp-a001-02-000000069047580	프로틴바	nad-a001-02-000000553654554	bsn-a001-00-000000013604308	18	09	8753	M	1	0	0	2	0
20260829	4291318	cmp-a001-02-000000010764328	grp-a001-02-000000069047580	갓	nad-a001-02-000000541753999	bsn-a001-00-000000013604308	18	02	529514	M	8	0	0	10	0
20260829	4291318	cmp-a001-02-000000010764328	grp-a001-02-000000069047580	가루	nad-a001-02-000000541754004	bsn-a001-00-000000013604308	18	09	8753	M	1	0	0	2	0
20260829	4291318	cmp-a001-02-000000010764328	grp-a001-02-000000069047580	하루견과	nad-a001-02-000000541753999	bsn-a001-00-000000013604308	18	09	529514	M	2	0	0	2	0
20260829	4291318	cmp-a001-02-000000010764328	grp-a001-02-000000069047580	푸룬젤리	nad-a001-02-000000541753985	bsn-a001-00-000000013604308	18	03	8753	M	1	0	0	2	0
20260829	4291318	cmp-a001-02-000000010764328	grp-a001-02-000000069047580	견과류	nad-a001-02-000000541753959	bsn-a001-00-000000013604308	18	06	8753	M	4	0	0	15	0
20260829	4291318	cmp-a001-02-000000010764328	grp-a001-02-000000069047580	다이어트쉐이크	nad-a001-02-000000553654562	bsn-a001-00-000000013604308	18	01	529514	M	2	0	0	2	0
20260829	4291318	cmp-a001-02-000000010764328	grp-a001-02-000000069047580	에너지바	nad-a001-02-000000553654559	bsn-a001-00-000000013604308	18	03	684926	M	2	0	0	18	0
20260829	4291318	cmp-a001-02-000000010764328	grp-a001-02-000000069047580	제주칼로리바	nad-a001-02-000000553654554	bsn-a001-00-000000013604308	18	14	8753	M	2	0	0	2	0
20260829	4291318	cmp-a001-02-000000010764328	grp-a001-02-000000069047580	떠먹는초코크런치	nad-a001-02-000000553654554	bsn-a001-00-000000013604308	18	07	8753	M	1	0	0	1	0
20260829	4291318	cmp-a001-02-000000010764328	grp-a001-02-000000069047580	견과류	nad-a001-02-000000541753999	bsn-a001-00-000000013604308	18	15	33421	M	1	0	0	3	0
20260829	4291318	cmp-a001-02-000000010764328	grp-a001-02-000000069047580	사탕젤리	nad-a001-02-000000541753985	bsn-a001-00-000000013604308	18	08	87620	M	2	0	0	4	0
20260829	4291318	cmp-a001-02-000000010764328	grp-a001-02-000000069047580	영양식	nad-a001-02-000000541753965	bsn-a001-00-000000013604308	18	99	529514	M	2	0	0	6	0
20260829	4291318	cmp-a001-02-000000010764328	grp-a001-02-000000069047580	단백질바	nad-a001-02-000000553654554	bsn-a001-00-000000013604308	18	00	529514	M	2	0	0	2	0
20260829	4291318	cmp-a001-02-000000010764328	grp-a001-02-000000069047580	하루견과	nad-a001-02-000000541753959	bsn-a001-00-000000013604308	18	99	529514	M	6	0	0	12	0
20260829	4291318	cmp-a001-02-000000010764328	grp-a001-02-000000069047580	단백질	nad-a001-02-000000553654562	bsn-a001-00-000000013604308	18	08	612593	P	1	0	0	1	0
20260829	4291318	cmp-a001-02-000000010764328	grp-a001-02-000000069047580	갓	nad-a001-02-000000541753959	bsn-a001-00-000000013604308	18	02	8753	M	1	0	0	1	0
20260829	4291318	cmp-a001-02-000000010764328	grp-a001-02-000000069047580	프로틴	nad-a001-02-000000553654562	bsn-a001-00-000000013604308	18	18	11068	P	1	0	0	8	0
20260829	4291318	cmp-a001-02-000000010764328	grp-a001-02-000000069047580	단백질바	nad-a001-02-000000553654554	bsn-a001-00-000000013604308	18	06	8753	M	1	0	0	1	0
20260829	4291318	cmp-a001-02-000000010764328	grp-a001-02-000000069047580	견과류추천	nad-a001-02-000000541753959	bsn-a001-00-000000013604308	18	16	8753	M	1	0	0	4	0
20260829	4291318	cmp-a001-02-000000010764328	grp-a001-02-000000069047580	하루견과	nad-a001-02-000000541753999	bsn-a001-00-000000013604308	18	02	87620	M	1	0	0	1	0
20260829	4291318	cmp-a001-02-000000010764328	grp-a001-02-000000069047580	하루견과에들어간것	nad-a001-02-000000541753999	bsn-a001-00-000000013604308	18	03	8753	M	2	0	0	2	0
20260829	4291318	cmp-a001-02-000000010764328	grp-a001-02-000000069047580	에너지바	nad-a001-02-000000553654554	bsn-a001-00-000000013604308	18	11	8753	M	2	0	0	5	0
20260829	4291318	cmp-a001-02-000000010764328	grp-a001-02-000000069047580	쉐이크	nad-a001-02-000000553654562	bsn-a001-00-000000013604308	18	06	98128	M	1	0	0	1	0
20260829	4291318	cmp-a001-02-000000010764328	grp-a001-02-000000069047580	하루견과	nad-a001-02-000000541753999	bsn-a001-00-000000013604308	18	13	684926	M	1	0	0	1	0
20260829	4291318	cmp-a001-02-000000010764328	grp-a001-02-000000069047580	갓	nad-a001-02-000000541753960	bsn-a001-00-000000013604308	18	01	8753	M	2	0	0	5	0
20260829	4291318	cmp-a001-02-000000010764328	grp-a001-02-000000069047580	견과류	nad-a001-02-000000541753960	bsn-a001-00-000000013604308	18	99	33421	M	2	0	0	5	0
20260829	4291318	cmp-a001-02-000000010764328	grp-a001-02-000000069047580	하루견과	nad-a001-02-000000541753960	bsn-a001-00-000000013604308	18	18	633013	M	2	0	0	2	0
20260829	4291318	cmp-a001-02-000000010764328	grp-a001-02-000000069047580	견과류	nad-a001-02-000000541753999	bsn-a001-00-000000013604308	18	09	27758	P	1	0	0	1	0
20260829	4291318	cmp-a001-02-000000010764328	grp-a001-02-000000069047580	고마워요하루견과	nad-a001-02-000000541753959	bsn-a001-00-000000013604308	18	02	341893	M	1	0	0	1	0
20260829	4291318	cmp-a001-02-000000010764328	grp-a001-02-000000069047580	갓	nad-a001-02-000000541753959	bsn-a001-00-000000013604308	18	11	27758	P	1	0	0	2	0
20260829	4291318	cmp-a001-02-000000010764328	grp-a001-02-000000069047580	견과류	nad-a001-02-000000541753999	bsn-a001-00-000000013604308	18	15	8753	M	2	0	0	3	0
20260829	4291318	cmp-a001-02-000000010764328	grp-a001-02-000000069047580	견과류	nad-a001-02-000000541753999	bsn-a001-00-000000013604308	18	11	8753	M	1	0	0	4	0
20260829	4291318	cmp-a001-02-000000010764328	grp-a001-02-000000069047580	에너지바	nad-a001-02-000000553654554	bsn-a001-00-000000013604308	18	08	8753	M	1	0	0	2	0
20260829	4291318	cmp-a001-02-000000010764328	grp-a001-02-000000069047580	견과류	nad-a001-02-000000541753960	bsn-a001-00-000000013604308	18	03	8753	M	4	0	0	6	0
20260829	4291318	cmp-a001-02-000000010764328	grp-a001-02-000000069047580	견과류	nad-a001-02-000000541753959	bsn-a001-00-000000013604308	18	11	529514	M	20	0	0	40	0
20260829	4291318	cmp-a001-02-000000010764328	grp-a001-02-000000069047580	하루견과	nad-a001-02-000000541753959	bsn-a001-00-000000013604308	18	01	684926	M	1	0	0	4	0
20260829	4291318	cmp-a001-02-000000010764328	grp-a001-02-000000069047580	견과류세트	nad-a001-02-000000541753960	bsn-a001-00-000000013604308	18	09	529514	M	2	0	0	10	0
20260829	4291318	cmp-a001-02-000000010764328	grp-a001-02-000000069047580	견과류	nad-a001-02-000000541753999	bsn-a001-00-000000013604308	18	07	529514	M	13	0	0	13	0
20260829	4291318	cmp-a001-02-000000010764328	grp-a001-02-000000069047580	단백질쉐이크	nad-a001-02-000000553654562	bsn-a001-00-000000013604308	18	04	529514	M	11	0	0	11	0
20260829	4291318	cmp-a001-02-000000010764328	grp-a001-02-000000069047580	제리	nad-a001-02-000000541753985	bsn-a001-00-000000013604308	18	14	137281	M	12	0	0	12	0
20260829	4291318	cmp-a001-02-000000010764328	grp-a001-02-000000069047580	프로틴	nad-a001-02-000000553654562	bsn-a001-00-000000013604308	18	18	529514	M	10	0	0	10	0
20260829	4291318	cmp-a001-02-000000010764328	grp-a001-02-000000069047580	프로틴	nad-a001-02-000000553654562	bsn-a001-00-000000013604308	18	15	768323	M	1	0	0	3	0
20260829	4291318	cmp-a001-02-000000010764328	grp-a001-02-000000069047580	견과류	nad-a001-02-000000541753999	bsn-a001-00-000000013604308	18	03	8753	M	4	0	0	7	0
20260829	4291318	cmp-a001-02-000000010764328	grp-a001-02-000000069047580	견과류추천	nad-a001-02-000000541753959	bsn-a001-00-000000013604308	18	02	684924	M	1	0	0	1	0
20260829	4291318	cmp-a001-02-000000010764328	grp-a001-02-000000069047580	식물성단백질	nad-a001-02-000000553654562	bsn-a001-00-000000013604308	18	17	529514	M	4	0	0	4	0
20260829	4291318	cmp-a001-02-000000010764328	grp-a001-02-000000069047580	견과류	nad-a001-02-000000541753959	bsn-a001-00-000000013604308	18	14	529514	M	6	0	0	12	0
20260829	4291318	cmp-a001-02-000000010764328	grp-a001-02-000000069047580	단백질쉐이크	nad-a001-02-000000553654562	bsn-a001-00-000000013604308	18	02	8753	M	1	0	0	12	0
20260829	4291318	cmp-a001-02-000000010764328	grp-a001-02-000000069047580	견과세트	nad-a001-02-000000541753960	bsn-a001-00-000000013604308	18	02	768323	M	1	0	0	4	0
20260829	4291318	cmp-a001-02-000000010764328	grp-a001-02-000000069047580	칼로리바	nad-a001-02-000000553654558	bsn-a001-00-000000013604308	18	09	8753	M	2	0	0	6	0
20260829	4291318	cmp-a001-02-000000010764328	grp-a001-02-000000069047580	하루견과	nad-a001-02-000000541753999	bsn-a001-00-000000013604308	18	01	529514	M	6	0	0	6	0
20260829	4291318	cmp-a001-02-000000010764328	grp-a001-02-000000069047580	트레이더스요거볼	nad-a001-02-000000541753985	bsn-a001-00-000000013604308	18	09	341893	M	1	0	0	2	0
20260829	4291318	cmp-a001-02-000000010764328	grp-a001-02-000000069047580	오하루메이플견과	nad-a001-02-000000541753960	bsn-a001-00-000000013604308	18	07	341893	M	1	0	0	1	0
20260829	4291318	cmp-a001-02-000000010764328	grp-a001-02-000000069047580	하루도	nad-a001-02-000000553654562	bsn-a001-00-000000013604308	18	09	529514	M	1	0	0	5	0
20260829	4291318	cmp-a001-02-000000010764328	grp-a001-02-000000069047580	견과류	nad-a001-02-000000541753960	bsn-a001-00-000000013604308	18	15	529514	M	23	0	0	69	0
20260829	4291318	cmp-a001-02-000000010764328	grp-a001-02-000000069047580	단백질바	nad-a001-02-000000553654559	bsn-a001-00-000000013604308	18	11	98128	M	2	0	0	8	0
20260829	4291318	cmp-a001-02-000000010764328	grp-a001-02-000000069047580	젤리	nad-a001-02-000000541753985	bsn-a001-00-000000013604308	18	13	768323	M	1	0	0	6	0
20260829	4291318	cmp-a001-02-000000010764328	grp-a001-02-000000069047580	갓	nad-a001-02-000000541753960	bsn-a001-00-000000013604308	18	02	8753	M	1	0	0	2	0
20260829	4291318	cmp-a001-02-000000010764328	grp-a001-02-000000069047580	스토어	nad-a001-02-000000541753997	bsn-a001-00-000000013604308	18	08	98128	M	3	0	0	3	0
20260829	4291318	cmp-a001-02-000000010764328	grp-a001-02-000000069047580	단백질	nad-a001-02-000000553654562	bsn-a001-00-000000013604308	18	99	529514	M	29	0	0	29	0
20260829	4291318	cmp-a001-02-000000010764328	grp-a001-02-000000069047580	칼로리바	nad-a001-02-000000553654554	bsn-a001-00-000000013604308	18	02	8753	M	1	0	0	2	0
20260829	4291318	cmp-a001-02-000000010764328	grp-a001-02-000000069047580	견과	nad-a001-02-000000541753999	bsn-a001-00-000000013604308	18	02	684926	M	4	0	0	8	0
20260829	4291318	cmp-a001-02-000000010764328	grp-a001-02-000000069047580	칼로리바	nad-a001-02-000000553654554	bsn-a001-00-000000013604308	18	09	684924	M	2	0	0	2	0
20260829	4291318	cmp-a001-02-000000010764328	grp-a001-02-000000069047580	단백질파우더	nad-a001-02-000000553654562	bsn-a001-00-000000013604308	18	09	529514	M	1	0	0	1	0
20260829	4291318	cmp-a001-02-000000010764328	grp-a001-02-000000069047580	사탕젤리	nad-a001-02-000000541753985	bsn-a001-00-000000013604308	18	09	87620	M	2	0	0	4	0
20260829	4291318	cmp-a001-02-000000010764328	grp-a001-02-000000069047580	견과류	nad-a001-02-000000541753960	bsn-a001-00-000000013604308	18	16	529514	M	11	0	0	33	0
20260829	4291318	cmp-a001-02-000000010764328	grp-a001-02-000000069047580	젤리	nad-a001-02-000000541753985	bsn-a001-00-000000013604308	18	09	98128	M	1	0	0	2	0
20260829	4291318	cmp-a001-02-000000010764328	grp-a001-02-000000069047580	견과세트	nad-a001-02-000000541753999	bsn-a001-00-000000013604308	18	09	768323	M	2	0	0	6	0
20260829	4291318	cmp-a001-02-000000010764328	grp-a001-02-000000069047580	견과	nad-a001-02-000000541753959	bsn-a001-00-000000013604308	18	09	684926	M	1	0	0	4	0
20260829	4291318	cmp-a001-02-000000010764328	grp-a001-02-000000069047580	견과류	nad-a001-02-000000541753959	bsn-a001-00-000000013604308	18	16	684927	P	2	0	0	8	0
20260829	4291318	cmp-a001-02-000000010764328	grp-a001-02-000000069047580	하루단백질섭취량	nad-a001-02-000000553654562	bsn-a001-00-000000013604308	18	02	8753	M	1	0	0	3	0
20260829	4291318	cmp-a001-02-000000010764328	grp-a001-02-000000069047580	견과류세트	nad-a001-02-000000541753960	bsn-a001-00-000000013604308	18	18	8753	M	1	0	0	4	0
20260829	4291318	cmp-a001-02-000000010764328	grp-a001-02-000000069047580	견과류	nad-a001-02-000000541753999	bsn-a001-00-000000013604308	18	02	529514	M	97	0	0	97	0
20260829	4291318	cmp-a001-02-000000010764328	grp-a001-02-000000069047580	견과류	nad-a001-02-000000541753960	bsn-a001-00-000000013604308	18	09	8753	M	6	0	0	16	0
20260829	4291318	cmp-a001-02-000000010764328	grp-a001-02-000000069047580	제리	nad-a001-02-000000541753985	bsn-a001-00-000000013604308	18	02	137281	M	97	0	0	97	0
20260829	4291318	cmp-a001-02-000000010764328	grp-a001-02-000000069047580	견과류추천	nad-a001-02-000000541753960	bsn-a001-00-000000013604308	18	02	8753	M	1	0	0	3	0
20260829	4291318	cmp-a001-02-000000010764328	grp-a001-02-000000069047580	봉지견과류	nad-a001-02-000000541753960	bsn-a001-00-000000013604308	18	18	8753	M	4	0	0	8	0
20260829	4291318	cmp-a001-02-000000010764328	grp-a001-02-000000069047580	프로틴	nad-a001-02-000000553654562	bsn-a001-00-000000013604308	18	09	684926	M	2	0	0	24	0
20260829	4291318	cmp-a001-02-000000010764328	grp-a001-02-000000069047580	하루견과	nad-a001-02-000000541753960	bsn-a001-00-000000013604308	18	11	8753	M	3	0	0	9	0
20260829	4291318	cmp-a001-02-000000010764328	grp-a001-02-000000069047580	하루	nad-a001-02-000000541753960	bsn-a001-00-000000013604308	18	99	612594	M	1	0	0	8	0
20260829	4291318	cmp-a001-02-000000010764328	grp-a001-02-000000069047580	견과류가격	nad-a001-02-000000541753999	bsn-a001-00-000000013604308	18	09	8753	M	1	0	0	1	0
20260829	4291318	cmp-a001-02-000000010764328	grp-a001-02-000000069047580	프로틴	nad-a001-02-000000553654562	bsn-a001-00-000000013604308	18	02	529514	M	50	0	0	50	0
20260829	4291318	cmp-a001-02-000000010764328	grp-a001-02-000000069047580	균형영양식	nad-a001-02-000000541753965	bsn-a001-00-000000013604308	18	03	529514	M	2	0	0	7	0
20260829	4291318	cmp-a001-02-000000010764328	grp-a001-02-000000069047580	하루견과	nad-a001-02-000000541753960	bsn-a001-00-000000013604308	18	02	87620	M	1	0	0	2	0
20260829	4291318	cmp-a001-02-000000010764328	grp-a001-02-000000069047580	견과세트	nad-a001-02-000000541753999	bsn-a001-00-000000013604308	18	99	768323	M	3	0	0	6	0
20260829	4291318	cmp-a001-02-000000010764328	grp-a001-02-000000069047580	프로틴	nad-a001-02-000000553654562	bsn-a001-00-000000013604308	18	09	98128	M	6	0	0	6	0
20260829	4291318	cmp-a001-02-000000010764328	grp-a001-02-000000069047580	갓	nad-a001-02-000000541753960	bsn-a001-00-000000013604308	18	03	8753	M	1	0	0	3	0
20260829	4291318	cmp-a001-02-000000010764328	grp-a001-02-000000069047580	단백질보충제	nad-a001-02-000000553654562	bsn-a001-00-000000013604308	18	06	684927	P	1	0	0	1	0
20260829	4291318	cmp-a001-02-000000010764328	grp-a001-02-000000069047580	단백질바	nad-a001-02-000000553654554	bsn-a001-00-000000013604308	18	18	8753	M	1	0	0	5	0
20260829	4291318	cmp-a001-02-000000010764328	grp-a001-02-000000069047580	젤리	nad-a001-02-000000541753985	bsn-a001-00-000000013604308	18	11	529514	M	2	0	0	6	0
20260829	4291318	cmp-a001-02-000000010764328	grp-a001-02-000000069047580	프로티원초코	nad-a001-02-000000553654562	bsn-a001-00-000000013604308	18	14	341893	M	1	0	0	1	0
20260829	4291318	cmp-a001-02-000000010764328	grp-a001-02-000000069047580	견과류	nad-a001-02-000000541753999	bsn-a001-00-000000013604308	18	15	529514	M	23	0	0	23	0
20260829	4291318	cmp-a001-02-000000010764328	grp-a001-02-000000069047580	한손한끼쉐이크	nad-a001-02-000000553654562	bsn-a001-00-000000013604308	18	04	341898	M	1	0	0	2	0
20260829	4291318	cmp-a001-02-000000010764328	grp-a001-02-000000069047580	견과류추천	nad-a001-02-000000541753959	bsn-a001-00-000000013604308	18	13	8753	M	1	0	0	4	0
20260829	4291318	cmp-a001-02-000000010764328	grp-a001-02-000000069047580	프로틴	nad-a001-02-000000553654562	bsn-a001-00-000000013604308	18	02	98128	M	4	0	0	4	0
20260829	4291318	cmp-a001-02-000000010764328	grp-a001-02-000000069047580	젤리	nad-a001-02-000000541753985	bsn-a001-00-000000013604308	18	06	8753	M	1	0	0	2	0
20260829	4291318	cmp-a001-02-000000010764328	grp-a001-02-000000069047580	단백질바	nad-a001-02-000000553654558	bsn-a001-00-000000013604308	18	06	8753	M	1	0	0	3	0
20260829	4291318	cmp-a001-02-000000010764328	grp-a001-02-000000069047580	견과류	nad-a001-02-000000541753959	bsn-a001-00-000000013604308	18	09	684924	M	2	0	0	2	0
20260829	4291318	cmp-a001-02-000000010764328	grp-a001-02-000000069047580	견과류	nad-a001-02-000000541753959	bsn-a001-00-000000013604308	18	18	8753	M	1	0	0	3	0
20260829	4291318	cmp-a001-02-000000010764328	grp-a001-02-000000069047580	하루견과	nad-a001-02-000000541753999	bsn-a001-00-000000013604308	18	11	8753	M	3	0	0	6	0
20260829	4291318	cmp-a001-02-000000010764328	grp-a001-02-000000069047580	견과류	nad-a001-02-000000541753999	bsn-a001-00-000000013604308	18	06	8753	M	4	0	0	7	0
20260829	4291318	cmp-a001-02-000000010764328	grp-a001-02-000000069047580	하루견과	nad-a001-02-000000541753960	bsn-a001-00-000000013604308	18	15	768323	M	1	0	0	2	0
20260829	4291318	cmp-a001-02-000000010764328	grp-a001-02-000000069047580	젤리	nad-a001-02-000000541753985	bsn-a001-00-000000013604308	18	99	87620	M	1	0	0	1	0
20260829	4291318	cmp-a001-02-000000010764328	grp-a001-02-000000069047580	견과류	nad-a001-02-000000541753959	bsn-a001-00-000000013604308	18	02	8753	M	7	0	0	25	0
20260829	4291318	cmp-a001-02-000000010764328	grp-a001-02-000000069047580	갓	nad-a001-02-000000541753960	bsn-a001-00-000000013604308	18	07	137281	M	1	0	0	1	0
20260829	4291318	cmp-a001-02-000000010764328	grp-a001-02-000000069047580	견과류	nad-a001-02-000000541753960	bsn-a001-00-000000013604308	18	09	27758	P	1	0	0	3	0
20260829	4291318	cmp-a001-02-000000010764328	grp-a001-02-000000069047580	단백질바	nad-a001-02-000000553654554	bsn-a001-00-000000013604308	18	07	8753	M	1	0	0	2	0
20260829	4291318	cmp-a001-02-000000010764328	grp-a001-02-000000069047580	어린이초코과자	nad-a001-02-000000553654554	bsn-a001-00-000000013604308	18	06	8753	M	1	0	0	1	0
20260829	4291318	cmp-a001-02-000000010764328	grp-a001-02-000000069047580	몬테스낵초코	nad-a001-02-000000553654554	bsn-a001-00-000000013604308	18	02	8753	M	1	0	0	1	0
20260829	4291318	cmp-a001-02-000000010764328	grp-a001-02-000000069047580	견과류가격	nad-a001-02-000000541753960	bsn-a001-00-000000013604308	18	09	8753	M	1	0	0	2	0
20260829	4291318	cmp-a001-02-000000010764328	grp-a001-02-000000069047580	하루	nad-a001-02-000000541753960	bsn-a001-00-000000013604308	18	08	137281	M	50	0	0	50	0
20260829	4291318	cmp-a001-02-000000010764328	grp-a001-02-000000069047580	견과류세트	nad-a001-02-000000541753959	bsn-a001-00-000000013604308	18	02	8753	M	1	0	0	1	0
20260829	4291318	cmp-a001-02-000000010764328	grp-a001-02-000000069047580	단백질	nad-a001-02-000000553654562	bsn-a001-00-000000013604308	18	09	529514	M	3	0	0	5	0
20260829	4291318	cmp-a001-02-000000010764328	grp-a001-02-000000069047580	견과류	nad-a001-02-000000541753959	bsn-a001-00-000000013604308	18	18	684926	M	1	0	0	3	0
20260829	4291318	cmp-a001-02-000000010764328	grp-a001-02-000000069047580	단백질간식	nad-a001-02-000000553654554	bsn-a001-00-000000013604308	18	13	8753	M	2	0	0	2	0
20260829	4291318	cmp-a001-02-000000010764328	grp-a001-02-000000069047580	견과류	nad-a001-02-000000541753999	bsn-a001-00-000000013604308	18	04	8753	M	1	0	0	1	0
20260829	4291318	cmp-a001-02-000000010764328	grp-a001-02-000000069047580	견과류	nad-a001-02-000000541753959	bsn-a001-00-000000013604308	18	18	529514	M	24	0	0	48	0
20260829	4291318	cmp-a001-02-000000010764328	grp-a001-02-000000069047580	하루	nad-a001-02-000000541753959	bsn-a001-00-000000013604308	18	09	529514	M	1	0	0	4	0
20260829	4291318	cmp-a001-02-000000010764328	grp-a001-02-000000069047580	프로틴바	nad-a001-02-000000553654554	bsn-a001-00-000000013604308	18	09	529514	M	2	0	0	2	0
20260829	4291318	cmp-a001-02-000000010764328	grp-a001-02-000000069047580	프로틴	nad-a001-02-000000553654562	bsn-a001-00-000000013604308	18	08	768323	M	8	0	0	23	0
20260829	4291318	cmp-a001-02-000000010764328	grp-a001-02-000000069047580	하루견과	nad-a001-02-000000541753959	bsn-a001-00-000000013604308	18	11	8753	M	2	0	0	10	0
20260829	4291318	cmp-a001-02-000000010764328	grp-a001-02-000000069047580	하루	nad-a001-02-000000541753960	bsn-a001-00-000000013604308	18	06	137281	M	15	0	0	15	0
20260829	4291318	cmp-a001-02-000000010764328	grp-a001-02-000000069047580	제리	nad-a001-02-000000541753985	bsn-a001-00-000000013604308	18	03	137281	M	18	0	0	18	0
20260829	4291318	cmp-a001-02-000000010764328	grp-a001-02-000000069047580	프로틴	nad-a001-02-000000553654562	bsn-a001-00-000000013604308	18	18	768323	M	10	0	0	26	0
20260829	4291318	cmp-a001-02-000000010764328	grp-a001-02-000000069047580	하루견과	nad-a001-02-000000541753999	bsn-a001-00-000000013604308	18	11	529514	M	4	0	0	4	0
20260829	4291318	cmp-a001-02-000000010764328	grp-a001-02-000000069047580	하루견과	nad-a001-02-000000541753999	bsn-a001-00-000000013604308	18	02	529514	M	6	0	0	6	0
20260829	4291318	cmp-a001-02-000000010764328	grp-a001-02-000000069047580	제리	nad-a001-02-000000541753985	bsn-a001-00-000000013604308	18	13	137281	M	1	0	0	1	0
20260829	4291318	cmp-a001-02-000000010764328	grp-a001-02-000000069047580	견과류	nad-a001-02-000000541753959	bsn-a001-00-000000013604308	18	99	33421	M	2	0	0	8	0
20260829	4291318	cmp-a001-02-000000010764328	grp-a001-02-000000069047580	단백질바	nad-a001-02-000000553654559	bsn-a001-00-000000013604308	18	00	684926	M	1	0	0	10	0
20260829	4291318	cmp-a001-02-000000010764328	grp-a001-02-000000069047580	치플레크런치플레	nad-a001-02-000000553654554	bsn-a001-00-000000013604308	18	09	8753	M	1	0	0	2	0
20260829	4291318	cmp-a001-02-000000010764328	grp-a001-02-000000069047580	젤리	nad-a001-02-000000541753985	bsn-a001-00-000000013604308	18	02	768323	M	9	0	0	36	0
20260829	4291318	cmp-a001-02-000000010764328	grp-a001-02-000000069047580	프로틴	nad-a001-02-000000553654562	bsn-a001-00-000000013604308	18	08	684927	P	3	0	0	17	0
20260829	4291318	cmp-a001-02-000000010764328	grp-a001-02-000000069047580	단백질	nad-a001-02-000000553654562	bsn-a001-00-000000013604308	18	02	684926	M	2	0	0	22	0
20260829	4291318	cmp-a001-02-000000010764328	grp-a001-02-000000069047580	견과류	nad-a001-02-000000541753959	bsn-a001-00-000000013604308	18	03	33421	M	1	0	0	4	0
20260829	4291318	cmp-a001-02-000000010764328	grp-a001-02-000000069047580	갓	nad-a001-02-000000541753999	bsn-a001-00-000000013604308	18	09	8753	M	1	0	0	2	0
20260829	4291318	cmp-a001-02-000000010764328	grp-a001-02-000000069047580	갓	nad-a001-02-000000541753959	bsn-a001-00-000000013604308	18	02	529514	M	8	0	0	20	0
20260829	4291318	cmp-a001-02-000000010764328	grp-a001-02-000000069047580	단백질쉐이크	nad-a001-02-000000553654562	bsn-a001-00-000000013604308	18	02	23123	P	1	0	0	2	0
20260829	4291318	cmp-a001-02-000000010764328	grp-a001-02-000000069047580	단백질보충제	nad-a001-02-000000553654562	bsn-a001-00-000000013604308	18	09	529514	M	31	0	0	31	0
20260829	4291318	cmp-a001-02-000000010764328	grp-a001-02-000000069047580	갓	nad-a001-02-000000541753999	bsn-a001-00-000000013604308	18	02	8753	M	1	0	0	3	0
20260829	4291318	cmp-a001-02-000000010764328	grp-a001-02-000000069047580	견과류	nad-a001-02-000000541753999	bsn-a001-00-000000013604308	18	08	684926	M	1	0	0	2	0
20260829	4291318	cmp-a001-02-000000010764328	grp-a001-02-000000069047580	프로틴바	nad-a001-02-000000553654558	bsn-a001-00-000000013604308	18	99	768323	M	1	0	0	2	0
20260829	4291318	cmp-a001-02-000000010764328	grp-a001-02-000000069047580	하루견과	nad-a001-02-000000541753960	bsn-a001-00-000000013604308	18	09	8753	M	2	0	0	5	0
20260829	4291318	cmp-a001-02-000000010764328	grp-a001-02-000000069047580	스토어	nad-a001-02-000000541753997	bsn-a001-00-000000013604308	18	99	98128	M	7	0	0	7	0
20260829	4291318	cmp-a001-02-000000010764328	grp-a001-02-000000069047580	젤리	nad-a001-02-000000541753985	bsn-a001-00-000000013604308	18	09	8753	M	4	0	0	10	0
20260829	4291318	cmp-a001-02-000000010764328	grp-a001-02-000000069047580	견과류추천	nad-a001-02-000000541753960	bsn-a001-00-000000013604308	18	13	8753	M	1	0	0	3	0
20260829	4291318	cmp-a001-02-000000010764328	grp-a001-02-000000069047580	ISP단백질성풍	nad-a001-02-000000553654562	bsn-a001-00-000000013604308	18	02	8753	M	1	0	0	3	0
20260829	4291318	cmp-a001-02-000000010764328	grp-a001-02-000000069047580	스토어	nad-a001-02-000000541753997	bsn-a001-00-000000013604308	18	10	98128	M	2	0	0	2	0
20260829	4291318	cmp-a001-02-000000010764328	grp-a001-02-000000069047580	프로틴	nad-a001-02-000000553654562	bsn-a001-00-000000013604308	18	02	684927	P	2	0	0	6	0
20260829	4291318	cmp-a001-02-000000010764328	grp-a001-02-000000069047580	노브랜드견과류	nad-a001-02-000000541753959	bsn-a001-00-000000013604308	18	18	341893	M	1	0	0	1	0
20260829	4291318	cmp-a001-02-000000010764328	grp-a001-02-000000069047580	프로틴바	nad-a001-02-000000553654558	bsn-a001-00-000000013604308	18	06	768323	M	1	0	0	2	0
20260829	4291318	cmp-a001-02-000000010764328	grp-a001-02-000000069047580	제리	nad-a001-02-000000541753985	bsn-a001-00-000000013604308	18	07	98128	M	1	0	0	2	0
20260829	4291318	cmp-a001-02-000000010764328	grp-a001-02-000000069047580	생식가루	nad-a001-02-000000541753997	bsn-a001-00-000000013604308	18	15	8753	M	1	0	0	2	0
20260829	4291318	cmp-a001-02-000000010764328	grp-a001-02-000000069047580	단백질바	nad-a001-02-000000553654554	bsn-a001-00-000000013604308	18	00	8753	M	1	0	0	2	0
20260829	4291318	cmp-a001-02-000000010764328	grp-a001-02-000000069047580	단백질바	nad-a001-02-000000553654554	bsn-a001-00-000000013604308	18	09	529514	M	8	0	0	8	0
20260829	4291318	cmp-a001-02-000000010764328	grp-a001-02-000000069047580	프로틴	nad-a001-02-000000553654562	bsn-a001-00-000000013604308	18	07	768323	M	9	0	0	22	0
20260829	4291318	cmp-a001-02-000000010764328	grp-a001-02-000000069047580	하루도	nad-a001-02-000000541753999	bsn-a001-00-000000013604308	18	09	529514	M	1	0	0	3	0
20260829	4291318	cmp-a001-02-000000010764328	grp-a001-02-000000069047580	단백질보충제	nad-a001-02-000000553654562	bsn-a001-00-000000013604308	18	08	23123	P	1	0	0	2	0
20260829	4291318	cmp-a001-02-000000010764328	grp-a001-02-000000069047580	단백질보충제	nad-a001-02-000000553654562	bsn-a001-00-000000013604308	18	06	27758	P	3	0	0	6	0
20260829	4291318	cmp-a001-02-000000010764328	grp-a001-02-000000069047580	컵젤리코코넛	nad-a001-02-000000541753985	bsn-a001-00-000000013604308	18	09	341898	M	1	0	0	2	0
20260829	4291318	cmp-a001-02-000000010764328	grp-a001-02-000000069047580	단백질	nad-a001-02-000000553654562	bsn-a001-00-000000013604308	18	18	98128	M	1	0	0	1	0
20260829	4291318	cmp-a001-02-000000010764328	grp-a001-02-000000069047580	프로틴	nad-a001-02-000000553654562	bsn-a001-00-000000013604308	18	99	768323	M	38	0	0	95	0
20260829	4291318	cmp-a001-02-000000010764328	grp-a001-02-000000069047580	단백질바	nad-a001-02-000000553654554	bsn-a001-00-000000013604308	18	04	8753	M	2	0	0	8	0
20260829	4291318	cmp-a001-02-000000010764328	grp-a001-02-000000069047580	다이어트쉐이크	nad-a001-02-000000553654562	bsn-a001-00-000000013604308	18	04	529514	M	6	0	0	11	0
20260829	4291318	cmp-a001-02-000000010764328	grp-a001-02-000000069047580	단백질보충제	nad-a001-02-000000553654562	bsn-a001-00-000000013604308	18	09	612593	P	1	0	0	2	0
20260829	4291318	cmp-a001-02-000000010764328	grp-a001-02-000000069047580	유진초코간식	nad-a001-02-000000553654554	bsn-a001-00-000000013604308	18	15	8753	M	1	0	0	1	0
20260829	4291318	cmp-a001-02-000000010764328	grp-a001-02-000000069047580	하루	nad-a001-02-000000541753999	bsn-a001-00-000000013604308	18	99	612594	M	1	0	0	4	0
20260829	4291318	cmp-a001-02-000000010764328	grp-a001-02-000000069047580	단백질바	nad-a001-02-000000553654558	bsn-a001-00-000000013604308	18	99	529514	M	6	0	0	12	0
20260829	4291318	cmp-a001-02-000000010764328	grp-a001-02-000000069047580	견과류	nad-a001-02-000000541753959	bsn-a001-00-000000013604308	18	00	529514	M	1	0	0	2	0
20260829	4291318	cmp-a001-02-000000010764328	grp-a001-02-000000069047580	하루견과	nad-a001-02-000000541753959	bsn-a001-00-000000013604308	18	13	341893	M	1	0	0	1	0
20260829	4291318	cmp-a001-02-000000010764328	grp-a001-02-000000069047580	단백질쉐이크	nad-a001-02-000000553654562	bsn-a001-00-000000013604308	18	15	529514	M	4	0	0	4	0
20260829	4291318	cmp-a001-02-000000010764328	grp-a001-02-000000069047580	프로틴	nad-a001-02-000000553654562	bsn-a001-00-000000013604308	18	14	768323	M	1	0	0	2	0
20260829	4291318	cmp-a001-02-000000010764328	grp-a001-02-000000069047580	쉐이크	nad-a001-02-000000553654562	bsn-a001-00-000000013604308	18	99	529514	M	8	0	0	10	0
20260829	4291318	cmp-a001-02-000000010764328	grp-a001-02-000000069047580	황성주생식	nad-a001-02-000000541753997	bsn-a001-00-000000013604308	18	16	8753	M	1	0	0	4	0
20260829	4291318	cmp-a001-02-000000010764328	grp-a001-02-000000069047580	스토어	nad-a001-02-000000541753997	bsn-a001-00-000000013604308	18	06	98128	M	2	0	0	2	0
20260829	4291318	cmp-a001-02-000000010764328	grp-a001-02-000000069047580	견과류	nad-a001-02-000000541753959	bsn-a001-00-000000013604308	18	04	27758	P	1	0	0	4	0
20260829	4291318	cmp-a001-02-000000010764328	grp-a001-02-000000069047580	갓	nad-a001-02-000000541753999	bsn-a001-00-000000013604308	18	01	684924	M	1	0	0	1	0
20260829	4291318	cmp-a001-02-000000010764328	grp-a001-02-000000069047580	견과류세트	nad-a001-02-000000541753959	bsn-a001-00-000000013604308	18	02	33421	M	1	0	0	1	0
20260829	4291318	cmp-a001-02-000000010764328	grp-a001-02-000000069047580	다이어트쉐이크	nad-a001-02-000000553654562	bsn-a001-00-000000013604308	18	06	529514	M	2	0	0	2	0
20260829	4291318	cmp-a001-02-000000010764328	grp-a001-02-000000069047580	견과세트	nad-a001-02-000000541753999	bsn-a001-00-000000013604308	18	02	768323	M	1	0	0	3	0
20260829	4291318	cmp-a001-02-000000010764328	grp-a001-02-000000069047580	에너지바	nad-a001-02-000000553654554	bsn-a001-00-000000013604308	18	04	8753	M	1	0	0	1	0
20260829	4291318	cmp-a001-02-000000010764328	grp-a001-02-000000069047580	견과류	nad-a001-02-000000541753959	bsn-a001-00-000000013604308	18	02	529514	M	98	0	0	195	0
20260829	4291318	cmp-a001-02-000000010764328	grp-a001-02-000000069047580	하루견과	nad-a001-02-000000541753959	bsn-a001-00-000000013604308	18	08	529514	M	2	0	0	4	0
20260829	4291318	cmp-a001-02-000000010764328	grp-a001-02-000000069047580	너즈젤리대용량가격(524G)	nad-a001-02-000000541753985	bsn-a001-00-000000013604308	18	99	341893	M	1	0	0	1	0
20260829	4291318	cmp-a001-02-000000010764328	grp-a001-02-000000069047580	프로틴바	nad-a001-02-000000553654559	bsn-a001-00-000000013604308	18	06	768323	M	1	0	0	3	0
20260829	4291318	cmp-a001-02-000000010764328	grp-a001-02-000000069047580	하루견과	nad-a001-02-000000541753959	bsn-a001-00-000000013604308	18	01	529514	M	6	0	0	12	0
20260829	4291318	cmp-a001-02-000000010764328	grp-a001-02-000000069047580	황성주생식	nad-a001-02-000000541753996	bsn-a001-00-000000013604308	18	07	529514	M	2	0	0	4	0
20260829	4291318	cmp-a001-02-000000010764328	grp-a001-02-000000069047580	견과류	nad-a001-02-000000541753999	bsn-a001-00-000000013604308	18	09	23123	P	2	0	0	2	0
20260829	4291318	cmp-a001-02-000000010764328	grp-a001-02-000000069047580	프로틴	nad-a001-02-000000553654562	bsn-a001-00-000000013604308	18	16	529514	M	5	0	0	5	0
20260829	4291318	cmp-a001-02-000000010764328	grp-a001-02-000000069047580	황성주생식	nad-a001-02-000000541753997	bsn-a001-00-000000013604308	18	07	529514	M	2	0	0	2	0
20260829	4291318	cmp-a001-02-000000010764328	grp-a001-02-000000069047580	에너지바	nad-a001-02-000000553654558	bsn-a001-00-000000013604308	18	08	8753	M	1	0	0	4	0
20260829	4291318	cmp-a001-02-000000010764328	grp-a001-02-000000069047580	단백질	nad-a001-02-000000553654562	bsn-a001-00-000000013604308	18	08	529514	M	2	0	0	4	0
20260829	4291318	cmp-a001-02-000000010764328	grp-a001-02-000000069047580	견과류	nad-a001-02-000000541753999	bsn-a001-00-000000013604308	18	09	8753	M	6	1	2616	13	0
20260829	4291318	cmp-a001-02-000000010764328	grp-a001-02-000000069047580	견과	nad-a001-02-000000541753959	bsn-a001-00-000000013604308	18	09	8753	M	1	0	0	5	0
20260829	4291318	cmp-a001-02-000000010764328	grp-a001-02-000000069047580	갓	nad-a001-02-000000541753959	bsn-a001-00-000000013604308	18	03	8753	M	2	0	0	5	0
20260829	4291318	cmp-a001-02-000000010764328	grp-a001-02-000000069047580	견과류	nad-a001-02-000000541753960	bsn-a001-00-000000013604308	18	10	529514	M	15	0	0	45	0
20260829	4291318	cmp-a001-02-000000010764328	grp-a001-02-000000069047580	단백질쉐이크	nad-a001-02-000000553654562	bsn-a001-00-000000013604308	18	18	98128	M	2	0	0	2	0
20260829	4291318	cmp-a001-02-000000010764328	grp-a001-02-000000069047580	스토어	nad-a001-02-000000541753997	bsn-a001-00-000000013604308	18	02	98128	M	14	0	0	14	0
20260829	4291318	cmp-a001-02-000000010764328	grp-a001-02-000000069047580	프로틴	nad-a001-02-000000553654562	bsn-a001-00-000000013604308	18	08	529514	M	5	0	0	5	0
20260829	4291318	cmp-a001-02-000000010764328	grp-a001-02-000000069047580	황성주식품	nad-a001-02-000000541754005	bsn-a001-00-000000013604308	18	99	612594	M	1	0	0	4	0
20260829	4291318	cmp-a001-02-000000010764328	grp-a001-02-000000069047580	단백질바	nad-a001-02-000000553654559	bsn-a001-00-000000013604308	18	02	529514	M	11	0	0	42	0
20260829	4291318	cmp-a001-02-000000010764328	grp-a001-02-000000069047580	제리	nad-a001-02-000000541753985	bsn-a001-00-000000013604308	18	04	137281	M	6	0	0	6	0
20260829	4291318	cmp-a001-02-000000010764328	grp-a001-02-000000069047580	프로틴	nad-a001-02-000000553654562	bsn-a001-00-000000013604308	18	11	768323	M	10	0	0	24	0
20260829	4291318	cmp-a001-02-000000010764328	grp-a001-02-000000069047580	하루견과	nad-a001-02-000000541753959	bsn-a001-00-000000013604308	18	03	8753	M	1	0	0	5	0
20260829	4291318	cmp-a001-02-000000010764328	grp-a001-02-000000069047580	견과류	nad-a001-02-000000541753960	bsn-a001-00-000000013604308	18	99	8753	M	1	0	0	2	0
20260829	4291318	cmp-a001-02-000000010764328	grp-a001-02-000000069047580	다이어트쉐이크	nad-a001-02-000000553654562	bsn-a001-00-000000013604308	18	09	768323	M	2	0	0	2	0
20260829	4291318	cmp-a001-02-000000010764328	grp-a001-02-000000069047580	젤리	nad-a001-02-000000541753985	bsn-a001-00-000000013604308	18	16	8753	M	1	0	0	2	0
20260829	4291318	cmp-a001-02-000000010764328	grp-a001-02-000000069047580	하루견과	nad-a001-02-000000541753959	bsn-a001-00-000000013604308	18	10	87620	M	2	0	0	8	0
20260829	4291318	cmp-a001-02-000000010764328	grp-a001-02-000000069047580	견과류	nad-a001-02-000000541753960	bsn-a001-00-000000013604308	18	13	529514	M	12	0	0	36	0
20260829	4291318	cmp-a001-02-000000010764328	grp-a001-02-000000069047580	단백질쉐이크	nad-a001-02-000000553654562	bsn-a001-00-000000013604308	18	07	529514	M	10	0	0	10	0
20260829	4291318	cmp-a001-02-000000010764328	grp-a001-02-000000069047580	프로틴	nad-a001-02-000000553654562	bsn-a001-00-000000013604308	18	08	137281	M	2	0	0	2	0
20260829	4291318	cmp-a001-02-000000010764328	grp-a001-02-000000069047580	하루견과	nad-a001-02-000000541753959	bsn-a001-00-000000013604308	18	01	8753	M	1	0	0	5	0
20260829	4291318	cmp-a001-02-000000010764328	grp-a001-02-000000069047580	견과류	nad-a001-02-000000541753960	bsn-a001-00-000000013604308	18	17	529514	M	4	0	0	12	0
20260829	4291318	cmp-a001-02-000000010764328	grp-a001-02-000000069047580	견과류	nad-a001-02-000000541753960	bsn-a001-00-000000013604308	18	04	8753	M	1	0	0	2	0
20260829	4291318	cmp-a001-02-000000010764328	grp-a001-02-000000069047580	젤리	nad-a001-02-000000541753985	bsn-a001-00-000000013604308	18	99	98128	M	1	0	0	2	0
20260829	4291318	cmp-a001-02-000000010764328	grp-a001-02-000000069047580	쉐이크	nad-a001-02-000000553654562	bsn-a001-00-000000013604308	18	02	98128	M	1	0	0	1	0
20260829	4291318	cmp-a001-02-000000010764328	grp-a001-02-000000069047580	프로틴	nad-a001-02-000000553654562	bsn-a001-00-000000013604308	18	13	529514	M	23	0	0	23	0
20260829	4291318	cmp-a001-02-000000010764328	grp-a001-02-000000069047580	하루견과	nad-a001-02-000000541753960	bsn-a001-00-000000013604308	18	16	529514	M	9	0	0	25	0
20260829	4291318	cmp-a001-02-000000010764328	grp-a001-02-000000069047580	견과류	nad-a001-02-000000541753959	bsn-a001-00-000000013604308	18	09	23123	P	2	0	0	6	0
20260829	4291318	cmp-a001-02-000000010764328	grp-a001-02-000000069047580	견과	nad-a001-02-000000541753960	bsn-a001-00-000000013604308	18	04	8753	M	1	0	0	3	0
20260829	4291318	cmp-a001-02-000000010764328	grp-a001-02-000000069047580	견과류	nad-a001-02-000000541753960	bsn-a001-00-000000013604308	18	09	529514	M	167	0	0	499	0
20260829	4291318	cmp-a001-02-000000010764328	grp-a001-02-000000069047580	견과류세트	nad-a001-02-000000541753999	bsn-a001-00-000000013604308	18	09	8753	M	1	0	0	1	0
20260829	4291318	cmp-a001-02-000000010764328	grp-a001-02-000000069047580	견과류하루견과	nad-a001-02-000000541753999	bsn-a001-00-000000013604308	18	04	27758	P	1	0	0	2	0
20260829	4291318	cmp-a001-02-000000010764328	grp-a001-02-000000069047580	단백질	nad-a001-02-000000553654562	bsn-a001-00-000000013604308	18	15	98128	M	1	0	0	1	0
20260829	4291318	cmp-a001-02-000000010764328	grp-a001-02-000000069047580	견과류	nad-a001-02-000000541753960	bsn-a001-00-000000013604308	18	07	529514	M	13	0	0	39	0
20260829	4291318	cmp-a001-02-000000010764328	grp-a001-02-000000069047580	견과류	nad-a001-02-000000541753959	bsn-a001-00-000000013604308	18	07	529514	M	14	0	0	27	0
20260829	4291318	cmp-a001-02-000000010764328	grp-a001-02-000000069047580	견과류	nad-a001-02-000000541753999	bsn-a001-00-000000013604308	18	09	684926	M	3	0	0	6	0
20260829	4291318	cmp-a001-02-000000010764328	grp-a001-02-000000069047580	견과세트	nad-a001-02-000000541753999	bsn-a001-00-000000013604308	18	08	768323	M	1	0	0	2	0
20260829	4291318	cmp-a001-02-000000010764328	grp-a001-02-000000069047580	프로틴	nad-a001-02-000000553654562	bsn-a001-00-000000013604308	18	04	768323	M	13	0	0	30	0
20260829	4291318	cmp-a001-02-000000010764328	grp-a001-02-000000069047580	갓	nad-a001-02-000000541753959	bsn-a001-00-000000013604308	18	08	8753	M	2	0	0	2	0
20260829	4291318	cmp-a001-02-000000010764328	grp-a001-02-000000069047580	견과류	nad-a001-02-000000541753959	bsn-a001-00-000000013604308	18	15	33421	M	1	0	0	5	0
20260829	4291318	cmp-a001-02-000000010764328	grp-a001-02-000000069047580	하루견과	nad-a001-02-000000541753999	bsn-a001-00-000000013604308	18	08	529514	M	2	0	0	2	0
20260829	4291318	cmp-a001-02-000000010764328	grp-a001-02-000000069047580	단백질바	nad-a001-02-000000553654554	bsn-a001-00-000000013604308	18	99	529514	M	6	0	0	6	0
20260829	4291318	cmp-a001-02-000000010764328	grp-a001-02-000000069047580	견과류	nad-a001-02-000000541753960	bsn-a001-00-000000013604308	18	04	529514	M	23	0	0	67	0
20260829	4291318	cmp-a001-02-000000010764328	grp-a001-02-000000069047580	레모나젤리	nad-a001-02-000000541753985	bsn-a001-00-000000013604308	18	02	341893	M	1	0	0	2	0
20260829	4291318	cmp-a001-02-000000010764328	grp-a001-02-000000069047580	견과류	nad-a001-02-000000541753999	bsn-a001-00-000000013604308	18	01	529514	M	13	0	0	13	0
20260829	4291318	cmp-a001-02-000000010764328	grp-a001-02-000000069047580	견과류	nad-a001-02-000000541753999	bsn-a001-00-000000013604308	18	16	684927	P	2	0	0	2	0
20260829	4291318	cmp-a001-02-000000010764328	grp-a001-02-000000069047580	에너지바	nad-a001-02-000000553654558	bsn-a001-00-000000013604308	18	11	8753	M	1	1	2321	5	0
20260829	4291318	cmp-a001-02-000000010764328	grp-a001-02-000000069047580	제리	nad-a001-02-000000541753985	bsn-a001-00-000000013604308	18	09	137281	M	138	0	0	142	0
20260829	4291318	cmp-a001-02-000000010764328	grp-a001-02-000000069047580	견과류	nad-a001-02-000000541753999	bsn-a001-00-000000013604308	18	11	529514	M	20	0	0	20	0
20260829	4291318	cmp-a001-02-000000010764328	grp-a001-02-000000069047580	견과류	nad-a001-02-000000541753999	bsn-a001-00-000000013604308	18	13	8753	M	1	0	0	1	0
20260829	4291318	cmp-a001-02-000000010764328	grp-a001-02-000000069047580	프로틴바	nad-a001-02-000000553654558	bsn-a001-00-000000013604308	18	18	98128	M	2	0	0	4	0
20260829	4291318	cmp-a001-02-000000010764328	grp-a001-02-000000069047580	하루견과	nad-a001-02-000000541753960	bsn-a001-00-000000013604308	18	09	529514	M	2	0	0	6	0
20260829	4291318	cmp-a001-02-000000010764328	grp-a001-02-000000069047580	에너지바	nad-a001-02-000000553654554	bsn-a001-00-000000013604308	18	07	8753	M	1	0	0	2	0
20260829	4291318	cmp-a001-02-000000010764328	grp-a001-02-000000069047580	견과	nad-a001-02-000000541753999	bsn-a001-00-000000013604308	18	09	684926	M	1	0	0	3	0
20260829	4291318	cmp-a001-02-000000010764328	grp-a001-02-000000069047580	하루견과	nad-a001-02-000000541753959	bsn-a001-00-000000013604308	18	09	8753	M	2	0	0	9	0
20260829	4291318	cmp-a001-02-000000010764328	grp-a001-02-000000069047580	프로틴바	nad-a001-02-000000553654558	bsn-a001-00-000000013604308	18	02	529514	M	4	0	0	8	0
20260829	4291318	cmp-a001-02-000000010764328	grp-a001-02-000000069047580	프로틴	nad-a001-02-000000553654562	bsn-a001-00-000000013604308	18	09	768323	M	74	0	0	193	0
20260829	4291318	cmp-a001-02-000000010764328	grp-a001-02-000000069047580	사탕젤리	nad-a001-02-000000541753985	bsn-a001-00-000000013604308	18	09	23123	P	1	0	0	3	0
20260829	4291318	cmp-a001-02-000000010764328	grp-a001-02-000000069047580	단백질간식	nad-a001-02-000000553654558	bsn-a001-00-000000013604308	18	09	684924	M	1	0	0	1	0
20260829	4291318	cmp-a001-02-000000010764328	grp-a001-02-000000069047580	갓	nad-a001-02-000000541753960	bsn-a001-00-000000013604308	18	08	8753	M	2	0	0	5	0
20260829	4291318	cmp-a001-02-000000010764328	grp-a001-02-000000069047580	ISP단백질	nad-a001-02-000000553654562	bsn-a001-00-000000013604308	18	02	8753	M	2	0	0	26	0
20260829	4291318	cmp-a001-02-000000010764328	grp-a001-02-000000069047580	젤리	nad-a001-02-000000541753985	bsn-a001-00-000000013604308	18	02	137281	M	14	0	0	14	0
20260829	4291318	cmp-a001-02-000000010764328	grp-a001-02-000000069047580	하루	nad-a001-02-000000541753960	bsn-a001-00-000000013604308	18	11	137281	M	15	0	0	15	0
20260829	4291318	cmp-a001-02-000000010764328	grp-a001-02-000000069047580	하루견과	nad-a001-02-000000541753960	bsn-a001-00-000000013604308	18	10	8753	M	1	0	0	2	0
20260829	4291318	cmp-a001-02-000000010764328	grp-a001-02-000000069047580	단백질바	nad-a001-02-000000553654558	bsn-a001-00-000000013604308	18	04	11068	P	1	0	0	4	0
20260829	4291318	cmp-a001-02-000000010764328	grp-a001-02-000000069047580	초코브라우니보관방법	nad-a001-02-000000553654554	bsn-a001-00-000000013604308	18	18	8753	M	1	0	0	1	0
20260829	4291318	cmp-a001-02-000000010764328	grp-a001-02-000000069047580	프로틴	nad-a001-02-000000553654562	bsn-a001-00-000000013604308	18	09	11068	P	1	0	0	18	0
20260829	4291318	cmp-a001-02-000000010764328	grp-a001-02-000000069047580	견과	nad-a001-02-000000541753960	bsn-a001-00-000000013604308	18	09	8753	M	1	0	0	4	0
20260829	4291318	cmp-a001-02-000000010764328	grp-a001-02-000000069047580	단백질쉐이크	nad-a001-02-000000553654562	bsn-a001-00-000000013604308	18	15	98128	M	2	0	0	2	0
20260829	4291318	cmp-a001-02-000000010764328	grp-a001-02-000000069047580	에너지바	nad-a001-02-000000553654559	bsn-a001-00-000000013604308	18	11	33421	M	2	0	0	21	0
20260829	4291318	cmp-a001-02-000000010764328	grp-a001-02-000000069047580	제리	nad-a001-02-000000541753985	bsn-a001-00-000000013604308	18	16	137281	M	18	0	0	18	0
20260829	4291318	cmp-a001-02-000000010764328	grp-a001-02-000000069047580	다이어트쉐이크	nad-a001-02-000000553654562	bsn-a001-00-000000013604308	18	09	529514	M	8	0	0	8	0
20260829	4291318	cmp-a001-02-000000010764328	grp-a001-02-000000069047580	칼로리바	nad-a001-02-000000553654554	bsn-a001-00-000000013604308	18	09	8753	M	2	0	0	4	0
20260829	4291318	cmp-a001-02-000000010764328	grp-a001-02-000000069047580	하루	nad-a001-02-000000541753959	bsn-a001-00-000000013604308	18	99	137281	M	16	0	0	16	0
20260829	4291318	cmp-a001-02-000000010764328	grp-a001-02-000000069047580	하루	nad-a001-02-000000541753959	bsn-a001-00-000000013604308	18	18	612594	M	1	0	0	2	0
20260829	4291318	cmp-a001-02-000000010764328	grp-a001-02-000000069047580	복분자분말	nad-a001-02-000000541753997	bsn-a001-00-000000013604308	18	13	341893	M	1	0	0	1	0
20260829	4291318	cmp-a001-02-000000010764328	grp-a001-02-000000069047580	제리	nad-a001-02-000000541753985	bsn-a001-00-000000013604308	18	08	137281	M	10	0	0	12	0
20260829	4291318	cmp-a001-02-000000010764328	grp-a001-02-000000069047580	제리	nad-a001-02-000000541753985	bsn-a001-00-000000013604308	18	06	137281	M	7	0	0	7	0
20260829	4291318	cmp-a001-02-000000010764328	grp-a001-02-000000069047580	단백질간식	nad-a001-02-000000553654558	bsn-a001-00-000000013604308	18	13	8753	M	2	0	0	7	0
20260829	4291318	cmp-a001-02-000000010764328	grp-a001-02-000000069047580	견과류	nad-a001-02-000000541753999	bsn-a001-00-000000013604308	18	04	27758	P	1	0	0	2	0
20260829	4291318	cmp-a001-02-000000010764328	grp-a001-02-000000069047580	식사대용단백질쉐이크	nad-a001-02-000000553654562	bsn-a001-00-000000013604308	18	06	612594	M	1	0	0	2	0
20260829	4291318	cmp-a001-02-000000010764328	grp-a001-02-000000069047580	프로틴쉐이크	nad-a001-02-000000553654562	bsn-a001-00-000000013604308	18	06	529514	M	1	0	0	1	0
20260829	4291318	cmp-a001-02-000000010764328	grp-a001-02-000000069047580	견과류	nad-a001-02-000000541753959	bsn-a001-00-000000013604308	18	03	684924	M	2	0	0	2	0
20260829	4291318	cmp-a001-02-000000010764328	grp-a001-02-000000069047580	견과류	nad-a001-02-000000541753959	bsn-a001-00-000000013604308	18	09	8753	M	5	0	0	19	0
20260829	4291318	cmp-a001-02-000000010764328	grp-a001-02-000000069047580	단백질바	nad-a001-02-000000553654554	bsn-a001-00-000000013604308	18	13	8753	M	2	0	0	4	0
20260829	4291318	cmp-a001-02-000000010764328	grp-a001-02-000000069047580	프로틴	nad-a001-02-000000553654562	bsn-a001-00-000000013604308	18	00	768323	M	2	0	0	5	0
20260829	4291318	cmp-a001-02-000000010764328	grp-a001-02-000000069047580	견과류	nad-a001-02-000000541753999	bsn-a001-00-000000013604308	18	02	684924	M	2	0	0	2	0
20260829	4291318	cmp-a001-02-000000010764328	grp-a001-02-000000069047580	견과류	nad-a001-02-000000541753960	bsn-a001-00-000000013604308	18	06	8753	M	4	0	0	9	0
20260829	4291318	cmp-a001-02-000000010764328	grp-a001-02-000000069047580	에너지바	nad-a001-02-000000553654554	bsn-a001-00-000000013604308	18	07	529514	M	2	0	0	2	0
20260829	4291318	cmp-a001-02-000000010764328	grp-a001-02-000000069047580	견과류	nad-a001-02-000000541753960	bsn-a001-00-000000013604308	18	06	529514	M	28	0	0	84	0
20260829	4291318	cmp-a001-02-000000010764328	grp-a001-02-000000069047580	하루견과	nad-a001-02-000000541753999	bsn-a001-00-000000013604308	18	02	684926	M	3	0	0	3	0
20260829	4291318	cmp-a001-02-000000010764328	grp-a001-02-000000069047580	하루	nad-a001-02-000000541753959	bsn-a001-00-000000013604308	18	09	98128	M	3	0	0	9	0
20260829	4291318	cmp-a001-02-000000010764328	grp-a001-02-000000069047580	프로틴	nad-a001-02-000000553654562	bsn-a001-00-000000013604308	18	99	529514	M	45	0	0	45	0
20260829	4291318	cmp-a001-02-000000010764328	grp-a001-02-000000069047580	견과류	nad-a001-02-000000541753960	bsn-a001-00-000000013604308	18	11	8753	M	1	0	0	2	0
20260829	4291318	cmp-a001-02-000000010764328	grp-a001-02-000000069047580	코스트코단백질파우더	nad-a001-02-000000553654562	bsn-a001-00-000000013604308	18	09	341893	M	1	0	0	2	0
20260829	4291318	cmp-a001-02-000000010764328	grp-a001-02-000000069047580	견과	nad-a001-02-000000541753999	bsn-a001-00-000000013604308	18	04	684924	M	1	0	0	1	0
20260829	4291318	cmp-a001-02-000000010764328	grp-a001-02-000000069047580	하루견과	nad-a001-02-000000541753999	bsn-a001-00-000000013604308	18	03	8753	M	2	0	0	3	0
20260829	4291318	cmp-a001-02-000000010764328	grp-a001-02-000000069047580	하루견과	nad-a001-02-000000541753959	bsn-a001-00-000000013604308	18	06	8753	M	1	0	0	4	0
20260829	4291318	cmp-a001-02-000000010764328	grp-a001-02-000000069047580	하루견과	nad-a001-02-000000541753960	bsn-a001-00-000000013604308	18	01	529514	M	6	0	0	18	0
20260829	4291318	cmp-a001-02-000000010764328	grp-a001-02-000000069047580	견과류	nad-a001-02-000000541753960	bsn-a001-00-000000013604308	18	15	8753	M	2	0	0	6	0
20260829	4291318	cmp-a001-02-000000010764328	grp-a001-02-000000069047580	칼로리바	nad-a001-02-000000553654558	bsn-a001-00-000000013604308	18	02	8753	M	1	0	0	3	0
20260829	4291318	cmp-a001-02-000000010764328	grp-a001-02-000000069047580	갓	nad-a001-02-000000541753999	bsn-a001-00-000000013604308	18	02	33421	M	1	0	0	2	0
20260829	4291318	cmp-a001-02-000000010764328	grp-a001-02-000000069047580	견과류	nad-a001-02-000000541753999	bsn-a001-00-000000013604308	18	99	33421	M	2	0	0	3	0
20260829	4291318	cmp-a001-02-000000010764328	grp-a001-02-000000069047580	프로틴쉐이크	nad-a001-02-000000553654562	bsn-a001-00-000000013604308	18	02	529514	M	2	0	0	2	0
20260829	4291318	cmp-a001-02-000000010764328	grp-a001-02-000000069047580	프로틴	nad-a001-02-000000553654562	bsn-a001-00-000000013604308	18	06	768323	M	6	0	0	18	0
20260829	4291318	cmp-a001-02-000000010764328	grp-a001-02-000000069047580	견과	nad-a001-02-000000541753959	bsn-a001-00-000000013604308	18	02	684926	M	4	0	0	12	0
20260829	4291318	cmp-a001-02-000000010764328	grp-a001-02-000000069047580	쉐이크	nad-a001-02-000000553654562	bsn-a001-00-000000013604308	18	99	98128	M	3	0	0	3	0
20260829	4291318	cmp-a001-02-000000010764328	grp-a001-02-000000069047580	하루견과	nad-a001-02-000000541753959	bsn-a001-00-000000013604308	18	02	87620	M	1	0	0	4	0
20260829	4291318	cmp-a001-02-000000010764328	grp-a001-02-000000069047580	프로틴쉐이크	nad-a001-02-000000553654562	bsn-a001-00-000000013604308	18	99	529514	M	2	0	0	2	0
20260829	4291318	cmp-a001-02-000000010764328	grp-a001-02-000000069047580	단백질쉐이크	nad-a001-02-000000553654562	bsn-a001-00-000000013604308	18	99	98128	M	6	0	0	6	0
20260829	4291318	cmp-a001-02-000000010764328	grp-a001-02-000000069047580	에너지바	nad-a001-02-000000553654554	bsn-a001-00-000000013604308	18	09	8753	M	1	0	0	2	0
20260829	4291318	cmp-a001-02-000000010764328	grp-a001-02-000000069047580	봉지견과류	nad-a001-02-000000541753959	bsn-a001-00-000000013604308	18	18	8753	M	4	0	0	16	0
20260829	4291318	cmp-a001-02-000000010764328	grp-a001-02-000000069047580	견과류	nad-a001-02-000000541753960	bsn-a001-00-000000013604308	18	99	529514	M	74	0	0	222	0
20260829	4291318	cmp-a001-02-000000010764328	grp-a001-02-000000069047580	견과류세트	nad-a001-02-000000541753999	bsn-a001-00-000000013604308	18	18	8753	M	1	0	0	3	0
20260829	4291318	cmp-a001-02-000000010764328	grp-a001-02-000000069047580	견과류	nad-a001-02-000000541753999	bsn-a001-00-000000013604308	18	00	529514	M	1	0	0	1	0
20260829	4291318	cmp-a001-02-000000010764328	grp-a001-02-000000069047580	견과세트	nad-a001-02-000000541753959	bsn-a001-00-000000013604308	18	07	768323	M	2	0	0	2	0
20260829	4291318	cmp-a001-02-000000010764328	grp-a001-02-000000069047580	견과류	nad-a001-02-000000541753959	bsn-a001-00-000000013604308	18	10	529514	M	15	0	0	30	0
20260829	4291318	cmp-a001-02-000000010764328	grp-a001-02-000000069047580	견과세트	nad-a001-02-000000541753959	bsn-a001-00-000000013604308	18	06	768323	M	3	0	0	4	0
20260829	4291318	cmp-a001-02-000000010764328	grp-a001-02-000000069047580	견과류세트	nad-a001-02-000000541753960	bsn-a001-00-000000013604308	18	03	8753	M	2	0	0	4	0
20260829	4291318	cmp-a001-02-000000010764328	grp-a001-02-000000069047580	균형영양식	nad-a001-02-000000541753965	bsn-a001-00-000000013604308	18	09	87620	M	1	0	0	2	0
20260829	4291318	cmp-a001-02-000000010764328	grp-a001-02-000000069047580	칼로리바	nad-a001-02-000000553654554	bsn-a001-00-000000013604308	18	02	684924	M	1	0	0	1	0
20260829	4291318	cmp-a001-02-000000010764328	grp-a001-02-000000069047580	에너지바	nad-a001-02-000000553654554	bsn-a001-00-000000013604308	18	11	11068	P	3	0	0	9	0
20260829	4291318	cmp-a001-02-000000010764328	grp-a001-02-000000069047580	하루견과	nad-a001-02-000000541753999	bsn-a001-00-000000013604308	18	15	768323	M	1	0	0	1	0
20260829	4291318	cmp-a001-02-000000010764328	grp-a001-02-000000069047580	쉐이크	nad-a001-02-000000553654562	bsn-a001-00-000000013604308	18	03	529514	M	2	0	0	4	0
20260829	4291318	cmp-a001-02-000000010764328	grp-a001-02-000000069047580	견과	nad-a001-02-000000541753959	bsn-a001-00-000000013604308	18	04	8753	M	1	0	0	4	0
20260829	4291318	cmp-a001-02-000000010764328	grp-a001-02-000000069047580	생식가루	nad-a001-02-000000541753996	bsn-a001-00-000000013604308	18	09	8753	M	1	0	0	2	0
20260829	4291318	cmp-a001-02-000000010764328	grp-a001-02-000000069047580	하루견과	nad-a001-02-000000541753959	bsn-a001-00-000000013604308	18	09	529514	M	2	0	0	4	0
20260829	4291318	cmp-a001-02-000000010764328	grp-a001-02-000000069047580	보충제	nad-a001-02-000000553654562	bsn-a001-00-000000013604308	18	08	529514	M	4	0	0	4	0
20260829	4291318	cmp-a001-02-000000010764328	grp-a001-02-000000069047580	하루견과	nad-a001-02-000000541753999	bsn-a001-00-000000013604308	18	16	529514	M	9	0	0	12	0
20260829	4291318	cmp-a001-02-000000010764328	grp-a001-02-000000069047580	하루	nad-a001-02-000000541753999	bsn-a001-00-000000013604308	18	18	612594	M	1	0	0	4	0
20260829	4291318	cmp-a001-02-000000010764328	grp-a001-02-000000069047580	견과류	nad-a001-02-000000541753999	bsn-a001-00-000000013604308	18	18	8753	M	1	0	0	1	0
20260829	4291318	cmp-a001-02-000000010764328	grp-a001-02-000000069047580	견과류하루섭취량	nad-a001-02-000000541753960	bsn-a001-00-000000013604308	18	09	8753	M	1	0	0	3	0
20260829	4291318	cmp-a001-02-000000010764328	grp-a001-02-000000069047580	단백질바	nad-a001-02-000000553654554	bsn-a001-00-000000013604308	18	04	11068	P	1	0	0	1	0
20260829	4291318	cmp-a001-02-000000010764328	grp-a001-02-000000069047580	봉지견과류	nad-a001-02-000000541753959	bsn-a001-00-000000013604308	18	18	33421	M	2	0	0	8	0
20260829	4291318	cmp-a001-02-000000010764328	grp-a001-02-000000069047580	견과류	nad-a001-02-000000541753960	bsn-a001-00-000000013604308	18	04	27758	P	1	0	0	3	0
20260829	4291318	cmp-a001-02-000000010764328	grp-a001-02-000000069047580	하루견과	nad-a001-02-000000541753999	bsn-a001-00-000000013604308	18	99	529514	M	6	0	0	6	0
20260829	4291318	cmp-a001-02-000000010764328	grp-a001-02-000000069047580	제리	nad-a001-02-000000541753985	bsn-a001-00-000000013604308	18	00	137281	M	14	0	0	14	0
20260829	4291318	cmp-a001-02-000000010764328	grp-a001-02-000000069047580	견과류추천	nad-a001-02-000000541753959	bsn-a001-00-000000013604308	18	02	8753	M	1	0	0	4	0
